x-axis,1,2,3
second,Volt,Volt,Volt
+805.000E-06,-14.544362E-03,-107.019471E-03,+121.644157E-03
+806.250E-06,+28.179255E-03,-107.019471E-03,+121.644157E-03
+807.500E-06,-25.014997E-03,-107.333542E-03,+121.659861E-03
+808.750E-06,+38.937735E-03,-106.862436E-03,+121.644157E-03
+810.000E-06,-34.250549E-03,-107.333542E-03,+121.659861E-03
+811.250E-06,+45.841944E-03,-106.705401E-03,+121.644157E-03
+812.500E-06,-41.740656E-03,-107.333542E-03,+121.644157E-03
+813.750E-06,+48.001805E-03,-107.019471E-03,+121.659861E-03
+815.000E-06,-48.069173E-03,-107.490577E-03,+121.659861E-03
+816.250E-06,+46.035882E-03,-107.019471E-03,+121.659861E-03
+817.500E-06,-50.312735E-03,-107.333542E-03,+121.644157E-03
+818.750E-06,+41.048602E-03,-106.862436E-03,+121.644157E-03
+820.000E-06,-48.406014E-03,-107.176506E-03,+121.659861E-03
+821.250E-06,+33.382930E-03,-107.019471E-03,+121.675564E-03
+822.500E-06,-42.914494E-03,-107.176506E-03,+121.675564E-03
+823.750E-06,+24.300487E-03,-107.176506E-03,+121.644157E-03
+825.000E-06,-31.823257E-03,-107.176506E-03,+121.659861E-03
+826.250E-06,+14.368797E-03,-107.176506E-03,+121.644157E-03
+827.500E-06,-18.361887E-03,-107.176506E-03,+121.644157E-03
+828.750E-06,+3.432710E-03,-107.176506E-03,+121.659861E-03
+830.000E-06,-2.432396E-03,-106.862436E-03,+121.659861E-03
+831.250E-06,-6.723540E-03,-107.019471E-03,+121.644157E-03
+832.500E-06,+13.774733E-03,-106.862436E-03,+121.644157E-03
+833.750E-06,-16.883872E-03,-107.647612E-03,+121.644157E-03
+835.000E-06,+27.962861E-03,-107.019471E-03,+121.659861E-03
+836.250E-06,-26.811479E-03,-107.176506E-03,+121.659861E-03
+837.500E-06,+38.972440E-03,-107.019471E-03,+121.659861E-03
+838.750E-06,-36.232804E-03,-107.019471E-03,+121.644157E-03
+840.000E-06,+45.586761E-03,-107.019471E-03,+121.644157E-03
+841.250E-06,-43.990342E-03,-107.176506E-03,+121.644157E-03
+842.500E-06,+47.952810E-03,-107.019471E-03,+121.659861E-03
+843.750E-06,-48.291692E-03,-107.019471E-03,+121.659861E-03
+845.000E-06,+45.831736E-03,-106.705401E-03,+121.644157E-03
+846.250E-06,-48.969456E-03,-107.333542E-03,+121.659861E-03
+847.500E-06,+40.123822E-03,-107.019471E-03,+121.659861E-03
+848.750E-06,-45.988929E-03,-107.176506E-03,+121.644157E-03
+850.000E-06,+32.829695E-03,-106.862436E-03,+121.659861E-03
+851.250E-06,-39.874764E-03,-107.176506E-03,+121.659861E-03
+852.500E-06,+23.716630E-03,-106.862436E-03,+121.659861E-03
+853.750E-06,-28.952968E-03,-107.019471E-03,+121.644157E-03
+855.000E-06,+12.682553E-03,-106.548366E-03,+121.644157E-03
+856.250E-06,-14.117698E-03,-107.176506E-03,+121.644157E-03
+857.500E-06,+2.797817E-03,-107.176506E-03,+121.644157E-03
+858.750E-06,+2.222126E-03,-107.019471E-03,+121.644157E-03
+860.000E-06,-7.591159E-03,-107.176506E-03,+121.644157E-03
+861.250E-06,+17.320744E-03,-107.176506E-03,+121.659861E-03
+862.500E-06,-17.892352E-03,-107.333542E-03,+121.644157E-03
+863.750E-06,+30.761699E-03,-106.548366E-03,+121.659861E-03
+865.000E-06,-27.436165E-03,-106.862436E-03,+121.659861E-03
+866.250E-06,+39.976837E-03,-106.862436E-03,+121.644157E-03
+867.500E-06,-36.191975E-03,-107.019471E-03,+121.659861E-03
+868.750E-06,+45.709249E-03,-106.862436E-03,+121.644157E-03
+870.000E-06,-42.918577E-03,-107.333542E-03,+121.659861E-03
+871.250E-06,+46.760599E-03,-106.862436E-03,+121.644157E-03
+872.500E-06,-47.128062E-03,-107.019471E-03,+121.659861E-03
+873.750E-06,+44.480292E-03,-106.862436E-03,+121.644157E-03
+875.000E-06,-48.861259E-03,-107.647612E-03,+121.644157E-03
+876.250E-06,+38.296718E-03,-106.862436E-03,+121.644157E-03
+877.500E-06,-46.113457E-03,-107.176506E-03,+121.659861E-03
+878.750E-06,+29.877748E-03,-106.705401E-03,+121.675564E-03
+880.000E-06,-38.719299E-03,-107.176506E-03,+121.644157E-03
+881.250E-06,+19.993012E-03,-106.862436E-03,+121.659861E-03
+882.500E-06,-27.789337E-03,-107.176506E-03,+121.659861E-03
+883.750E-06,+10.006203E-03,-107.333542E-03,+121.659861E-03
+885.000E-06,-13.452183E-03,-107.333542E-03,+121.644157E-03
+886.250E-06,-231.705E-06,-106.862436E-03,+121.644157E-03
+887.500E-06,+2.512013E-03,-107.019471E-03,+121.644157E-03
+888.750E-06,-9.199827E-03,-107.333542E-03,+121.644157E-03
+890.000E-06,+17.032899E-03,-107.019471E-03,+121.659861E-03
+891.250E-06,-19.705166E-03,-107.176506E-03,+121.659861E-03
+892.500E-06,+30.351366E-03,-106.862436E-03,+121.644157E-03
+893.750E-06,-28.791693E-03,-107.333542E-03,+121.659861E-03
+895.000E-06,+40.434123E-03,-106.548366E-03,+121.659861E-03
+896.250E-06,-37.290279E-03,-107.490577E-03,+121.659861E-03
+897.500E-06,+45.441818E-03,-106.548366E-03,+121.644157E-03
+898.750E-06,-43.294205E-03,-107.333542E-03,+121.659861E-03
+900.000E-06,+45.988929E-03,-106.705401E-03,+121.659861E-03
+901.250E-06,-47.338332E-03,-107.176506E-03,+121.659861E-03
+902.500E-06,+43.859689E-03,-107.176506E-03,+121.644157E-03
+903.750E-06,-47.583307E-03,-107.176506E-03,+121.659861E-03
+905.000E-06,+37.031014E-03,-106.705401E-03,+121.644157E-03
+906.250E-06,-43.773947E-03,-107.176506E-03,+121.659861E-03
+907.500E-06,+28.440562E-03,-107.019471E-03,+121.644157E-03
+908.750E-06,-36.063363E-03,-107.176506E-03,+121.644157E-03
+910.000E-06,+19.305041E-03,-106.705401E-03,+121.644157E-03
+911.250E-06,-23.720713E-03,-107.019471E-03,+121.644157E-03
+912.500E-06,+8.944645E-03,-107.176506E-03,+121.659861E-03
+913.750E-06,-9.244739E-03,-107.176506E-03,+121.644157E-03
+915.000E-06,-815.562E-06,-107.176506E-03,+121.644157E-03
+916.250E-06,+6.160097E-03,-107.019471E-03,+121.659861E-03
+917.500E-06,-11.016724E-03,-107.019471E-03,+121.659861E-03
+918.750E-06,+20.505417E-03,-106.862436E-03,+121.644157E-03
+920.000E-06,-20.042007E-03,-107.333542E-03,+121.644157E-03
+921.250E-06,+33.282899E-03,-106.705401E-03,+121.644157E-03
+922.500E-06,-29.065248E-03,-107.333542E-03,+121.644157E-03
+923.750E-06,+41.436479E-03,-106.862436E-03,+121.659861E-03
+925.000E-06,-36.881988E-03,-107.176506E-03,+121.659861E-03
+926.250E-06,+45.976680E-03,-106.862436E-03,+121.644157E-03
+927.500E-06,-43.267666E-03,-107.333542E-03,+121.644157E-03
+928.750E-06,+44.900832E-03,-106.705401E-03,+121.644157E-03
+930.000E-06,-47.389368E-03,-107.333542E-03,+121.644157E-03
+931.250E-06,+41.505888E-03,-107.176506E-03,+121.659861E-03
+932.500E-06,-47.324042E-03,-107.333542E-03,+121.659861E-03
+933.750E-06,+35.040593E-03,-106.705401E-03,+121.644157E-03
+935.000E-06,-42.961447E-03,-107.176506E-03,+121.659861E-03
+936.250E-06,+26.656328E-03,-107.019471E-03,+121.659861E-03
+937.500E-06,-35.171246E-03,-107.333542E-03,+121.659861E-03
+938.750E-06,+16.577654E-03,-106.862436E-03,+121.659861E-03
+940.000E-06,-23.455323E-03,-106.862436E-03,+121.644157E-03
+941.250E-06,+6.733747E-03,-107.019471E-03,+121.644157E-03
+942.500E-06,-8.144394E-03,-107.333542E-03,+121.659861E-03
+943.750E-06,-3.016253E-03,-106.705401E-03,+121.644157E-03
+945.000E-06,+7.199199E-03,-107.176506E-03,+121.644157E-03
+946.250E-06,-12.296718E-03,-107.176506E-03,+121.644157E-03
+947.500E-06,+21.375078E-03,-106.705401E-03,+121.644157E-03
+948.750E-06,-21.030072E-03,-107.176506E-03,+121.644157E-03
+950.000E-06,+33.531956E-03,-107.019471E-03,+121.644157E-03
+951.250E-06,-30.394236E-03,-107.333542E-03,+121.644157E-03
+952.500E-06,+40.628062E-03,-106.548366E-03,+121.659861E-03
+953.750E-06,-38.547817E-03,-107.176506E-03,+121.644157E-03
+955.000E-06,+44.349638E-03,-107.019471E-03,+121.644157E-03
+956.250E-06,-43.784155E-03,-107.333542E-03,+121.644157E-03
+957.500E-06,+44.688520E-03,-106.862436E-03,+121.644157E-03
+958.750E-06,-47.191347E-03,-107.333542E-03,+121.644157E-03
+960.000E-06,+40.234060E-03,-106.862436E-03,+121.644157E-03
+961.250E-06,-45.727622E-03,-107.176506E-03,+121.644157E-03
+962.500E-06,+34.044362E-03,-107.019471E-03,+121.644157E-03
+963.750E-06,-40.660725E-03,-107.019471E-03,+121.644157E-03
+965.000E-06,+25.108904E-03,-106.862436E-03,+121.659861E-03
+966.250E-06,-32.100895E-03,-107.176506E-03,+121.644157E-03
+967.500E-06,+15.754946E-03,-106.548366E-03,+121.644157E-03
+968.750E-06,-18.882459E-03,-106.705401E-03,+121.644157E-03
+970.000E-06,+6.237673E-03,-107.019471E-03,+121.628454E-03
+971.250E-06,-4.102308E-03,-107.019471E-03,+121.644157E-03
+972.500E-06,-2.599796E-03,-107.019471E-03,+121.644157E-03
+973.750E-06,+11.676115E-03,-106.862436E-03,+121.644157E-03
+975.000E-06,-13.280700E-03,-106.862436E-03,+121.644157E-03
+976.250E-06,+25.341630E-03,-106.548366E-03,+121.644157E-03
+977.500E-06,-22.773477E-03,-107.019471E-03,+121.644157E-03
+978.750E-06,+36.114400E-03,-107.019471E-03,+121.659861E-03
+980.000E-06,-31.545618E-03,-107.333542E-03,+121.659861E-03
+981.250E-06,+41.789651E-03,-106.862436E-03,+121.644157E-03
+982.500E-06,-38.257930E-03,-107.176506E-03,+121.644157E-03
+983.750E-06,+44.057710E-03,-107.176506E-03,+121.644157E-03
+985.000E-06,-44.061793E-03,-107.019471E-03,+121.644157E-03
+986.250E-06,+43.041064E-03,-106.862436E-03,+121.644157E-03
+987.500E-06,-47.013740E-03,-107.333542E-03,+121.628454E-03
+988.750E-06,+38.743797E-03,-106.705401E-03,+121.659861E-03
+990.000E-06,-45.292792E-03,-107.333542E-03,+121.628454E-03
+991.250E-06,+31.006674E-03,-106.862436E-03,+121.659861E-03
+992.500E-06,-40.113615E-03,-107.333542E-03,+121.644157E-03
+993.750E-06,+22.912296E-03,-106.705401E-03,+121.644157E-03
+995.000E-06,-30.894394E-03,-107.333542E-03,+121.659861E-03
+996.250E-06,+13.846184E-03,-107.019471E-03,+121.628454E-03
+997.500E-06,-18.084249E-03,-106.862436E-03,+121.644157E-03
+998.750E-06,+4.298288E-03,-107.019471E-03,+121.644157E-03
+1.000000E-03,-2.638584E-03,-106.862436E-03,+121.644157E-03
+1.001250E-03,-5.314934E-03,-107.176506E-03,+121.659861E-03
+1.002500E-03,+11.245367E-03,-106.862436E-03,+121.644157E-03
+1.003750E-03,-14.740342E-03,-107.333542E-03,+121.644157E-03
+1.005000E-03,+25.068074E-03,-106.862436E-03,+121.644157E-03
+1.006250E-03,-24.643451E-03,-107.176506E-03,+121.644157E-03
+1.007500E-03,+35.685694E-03,-106.862436E-03,+121.644157E-03
+1.008750E-03,-32.960348E-03,-107.176506E-03,+121.628454E-03
+1.010000E-03,+42.444959E-03,-106.548366E-03,+121.644157E-03
+1.011250E-03,-39.899262E-03,-107.176506E-03,+121.628454E-03
+1.012500E-03,+43.224795E-03,-106.862436E-03,+121.644157E-03
+1.013750E-03,-44.310851E-03,-107.176506E-03,+121.644157E-03
+1.015000E-03,+42.540907E-03,-106.548366E-03,+121.644157E-03
+1.016250E-03,-46.660568E-03,-107.176506E-03,+121.644157E-03
+1.017500E-03,+38.827496E-03,-106.862436E-03,+121.644157E-03
+1.018750E-03,-43.071686E-03,-107.333542E-03,+121.644157E-03
+1.020000E-03,+30.445273E-03,-107.019471E-03,+121.628454E-03
+1.021250E-03,-37.082050E-03,-107.490577E-03,+121.644157E-03
+1.022500E-03,+21.722126E-03,-107.176506E-03,+121.659861E-03
+1.023750E-03,-27.319802E-03,-107.019471E-03,+121.644157E-03
+1.025000E-03,+13.305198E-03,-106.862436E-03,+121.628454E-03
+1.026250E-03,-13.919676E-03,-106.705401E-03,+121.628454E-03
+1.027500E-03,+4.206423E-03,-106.862436E-03,+121.628454E-03
+1.028750E-03,+813.521E-06,-106.862436E-03,+121.644157E-03
+1.030000E-03,-6.466316E-03,-107.176506E-03,+121.628454E-03
+1.031250E-03,+14.958778E-03,-106.705401E-03,+121.644157E-03
+1.032500E-03,-15.801900E-03,-106.862436E-03,+121.644157E-03
+1.033750E-03,+26.991127E-03,-107.019471E-03,+121.659861E-03
+1.035000E-03,-25.019080E-03,-107.176506E-03,+121.628454E-03
+1.036250E-03,+36.212390E-03,-106.862436E-03,+121.644157E-03
+1.037500E-03,-33.705480E-03,-107.176506E-03,+121.644157E-03
+1.038750E-03,+42.269393E-03,-107.019471E-03,+121.628454E-03
+1.040000E-03,-40.209563E-03,-107.019471E-03,+121.644157E-03
+1.041250E-03,+43.484060E-03,-106.548366E-03,+121.628454E-03
+1.042500E-03,-43.861730E-03,-107.490577E-03,+121.628454E-03
+1.043750E-03,+40.638269E-03,-106.705401E-03,+121.628454E-03
+1.045000E-03,-45.564305E-03,-107.333542E-03,+121.644157E-03
+1.046250E-03,+36.763583E-03,-106.548366E-03,+121.644157E-03
+1.047500E-03,-42.918577E-03,-107.019471E-03,+121.659861E-03
+1.048750E-03,+29.044833E-03,-107.333542E-03,+121.644157E-03
+1.050000E-03,-36.712547E-03,-107.333542E-03,+121.644157E-03
+1.051250E-03,+19.496938E-03,-106.862436E-03,+121.628454E-03
+1.052500E-03,-25.637641E-03,-107.019471E-03,+121.644157E-03
+1.053750E-03,+9.973539E-03,-106.705401E-03,+121.628454E-03
+1.055000E-03,-12.774419E-03,-106.862436E-03,+121.628454E-03
+1.056250E-03,+1.309595E-03,-106.705401E-03,+121.644157E-03
+1.057500E-03,+1.052371E-03,-106.862436E-03,+121.644157E-03
+1.058750E-03,-8.452654E-03,-106.705401E-03,+121.628454E-03
+1.060000E-03,+14.595399E-03,-107.019471E-03,+121.644157E-03
+1.061250E-03,-17.718828E-03,-107.019471E-03,+121.644157E-03
+1.062500E-03,+26.684909E-03,-106.862436E-03,+121.628454E-03
+1.063750E-03,-25.960191E-03,-107.019471E-03,+121.644157E-03
+1.065000E-03,+36.218514E-03,-106.862436E-03,+121.628454E-03
+1.066250E-03,-34.734375E-03,-106.862436E-03,+121.628454E-03
+1.067500E-03,+40.401460E-03,-106.548366E-03,+121.628454E-03
+1.068750E-03,-41.262955E-03,-107.019471E-03,+121.659861E-03
+1.070000E-03,+42.475581E-03,-106.548366E-03,+121.628454E-03
+1.071250E-03,-43.882145E-03,-107.176506E-03,+121.644157E-03
+1.072500E-03,+39.970713E-03,-106.862436E-03,+121.644157E-03
+1.073750E-03,-44.086290E-03,-107.019471E-03,+121.628454E-03
+1.075000E-03,+35.312107E-03,-106.862436E-03,+121.644157E-03
+1.076250E-03,-40.646435E-03,-107.176506E-03,+121.628454E-03
+1.077500E-03,+27.903659E-03,-106.548366E-03,+121.644157E-03
+1.078750E-03,-32.766410E-03,-107.019471E-03,+121.644157E-03
+1.080000E-03,+19.229507E-03,-106.862436E-03,+121.628454E-03
+1.081250E-03,-22.710191E-03,-107.019471E-03,+121.628454E-03
+1.082500E-03,+9.951083E-03,-107.019471E-03,+121.628454E-03
+1.083750E-03,-9.418263E-03,-107.490577E-03,+121.628454E-03
+1.085000E-03,-37.767E-06,-106.862436E-03,+121.628454E-03
+1.086250E-03,+4.982176E-03,-107.019471E-03,+121.628454E-03
+1.087500E-03,-9.506046E-03,-107.176506E-03,+121.644157E-03
+1.088750E-03,+18.159783E-03,-107.176506E-03,+121.628454E-03
+1.090000E-03,-18.823257E-03,-106.862436E-03,+121.628454E-03
+1.091250E-03,+29.106077E-03,-106.705401E-03,+121.628454E-03
+1.092500E-03,-26.987044E-03,-106.862436E-03,+121.628454E-03
+1.093750E-03,+37.261699E-03,-106.705401E-03,+121.628454E-03
+1.095000E-03,-34.305669E-03,-107.176506E-03,+121.628454E-03
+1.096250E-03,+41.465059E-03,-106.705401E-03,+121.628454E-03
+1.097500E-03,-40.981234E-03,-107.333542E-03,+121.628454E-03
+1.098750E-03,+42.506202E-03,-106.705401E-03,+121.628454E-03
+1.100000E-03,-43.669833E-03,-107.176506E-03,+121.644157E-03
+1.101250E-03,+39.166378E-03,-106.705401E-03,+121.644157E-03
+1.102500E-03,-43.077810E-03,-107.019471E-03,+121.644157E-03
+1.103750E-03,+33.119582E-03,-106.548366E-03,+121.644157E-03
+1.105000E-03,-40.213646E-03,-107.176506E-03,+121.628454E-03
+1.106250E-03,+25.351837E-03,-106.862436E-03,+121.628454E-03
+1.107500E-03,-32.843985E-03,-106.862436E-03,+121.659861E-03
+1.108750E-03,+16.063206E-03,-107.176506E-03,+121.628454E-03
+1.110000E-03,-21.417949E-03,-106.862436E-03,+121.644157E-03
+1.111250E-03,+6.811322E-03,-106.862436E-03,+121.644157E-03
+1.112500E-03,-8.544519E-03,-107.019471E-03,+121.644157E-03
+1.113750E-03,-2.687578E-03,-106.705401E-03,+121.628454E-03
+1.115000E-03,+5.408841E-03,-106.705401E-03,+121.628454E-03
+1.116250E-03,-11.047346E-03,-106.862436E-03,+121.628454E-03
+1.117500E-03,+18.625235E-03,-106.862436E-03,+121.644157E-03
+1.118750E-03,-19.970556E-03,-107.019471E-03,+121.644157E-03
+1.120000E-03,+30.567760E-03,-106.705401E-03,+121.644157E-03
+1.121250E-03,-28.763112E-03,-107.019471E-03,+121.628454E-03
+1.122500E-03,+37.337233E-03,-106.548366E-03,+121.628454E-03
+1.123750E-03,-35.493797E-03,-107.333542E-03,+121.644157E-03
+1.125000E-03,+41.248665E-03,-106.548366E-03,+121.628454E-03
+1.126250E-03,-40.942446E-03,-107.176506E-03,+121.644157E-03
+1.127500E-03,+41.938677E-03,-106.705401E-03,+121.628454E-03
+1.128750E-03,-43.700455E-03,-107.019471E-03,+121.628454E-03
+1.130000E-03,+38.259971E-03,-106.705401E-03,+121.644157E-03
+1.131250E-03,-43.045147E-03,-107.490577E-03,+121.628454E-03
+1.132500E-03,+32.286667E-03,-107.176506E-03,+121.644157E-03
+1.133750E-03,-38.417164E-03,-106.862436E-03,+121.628454E-03
+1.135000E-03,+24.535254E-03,-106.862436E-03,+121.644157E-03
+1.136250E-03,-30.696372E-03,-106.862436E-03,+121.628454E-03
+1.137500E-03,+15.381360E-03,-106.862436E-03,+121.644157E-03
+1.138750E-03,-18.645650E-03,-107.019471E-03,+121.628454E-03
+1.140000E-03,+6.758244E-03,-106.705401E-03,+121.644157E-03
+1.141250E-03,-4.259501E-03,-106.862436E-03,+121.628454E-03
+1.142500E-03,-3.230606E-03,-106.862436E-03,+121.628454E-03
+1.143750E-03,+8.673131E-03,-106.705401E-03,+121.628454E-03
+1.145000E-03,-12.108904E-03,-106.705401E-03,+121.644157E-03
+1.146250E-03,+21.489400E-03,-106.234295E-03,+121.644157E-03
+1.147500E-03,-20.732019E-03,-106.548366E-03,+121.644157E-03
+1.148750E-03,+33.146121E-03,-106.548366E-03,+121.628454E-03
+1.150000E-03,-29.214274E-03,-107.176506E-03,+121.644157E-03
+1.151250E-03,+39.137798E-03,-106.391331E-03,+121.644157E-03
+1.152500E-03,-35.863300E-03,-107.019471E-03,+121.628454E-03
+1.153750E-03,+41.242540E-03,-106.548366E-03,+121.644157E-03
+1.155000E-03,-40.109532E-03,-107.019471E-03,+121.644157E-03
+1.156250E-03,+39.448099E-03,-106.862436E-03,+121.628454E-03
+1.157500E-03,-42.745053E-03,-107.176506E-03,+121.612750E-03
+1.158750E-03,+36.385914E-03,-106.862436E-03,+121.644157E-03
+1.160000E-03,-42.410254E-03,-107.176506E-03,+121.644157E-03
+1.161250E-03,+29.714431E-03,-106.862436E-03,+121.644157E-03
+1.162500E-03,-38.300800E-03,-107.176506E-03,+121.644157E-03
+1.163750E-03,+22.432553E-03,-106.862436E-03,+121.644157E-03
+1.165000E-03,-29.606234E-03,-107.333542E-03,+121.628454E-03
+1.166250E-03,+13.601209E-03,-107.019471E-03,+121.628454E-03
+1.167500E-03,-18.370053E-03,-106.862436E-03,+121.644157E-03
+1.168750E-03,+4.698414E-03,-106.862436E-03,+121.644157E-03
+1.170000E-03,-3.957365E-03,-106.862436E-03,+121.644157E-03
+1.171250E-03,-4.986259E-03,-106.705401E-03,+121.644157E-03
+1.172500E-03,+10.163395E-03,-106.862436E-03,+121.628454E-03
+1.173750E-03,-13.631831E-03,-107.176506E-03,+121.628454E-03
+1.175000E-03,+22.173288E-03,-106.862436E-03,+121.644157E-03
+1.176250E-03,-22.477465E-03,-106.862436E-03,+121.628454E-03
+1.177500E-03,+32.523476E-03,-107.019471E-03,+121.644157E-03
+1.178750E-03,-29.557239E-03,-107.176506E-03,+121.644157E-03
+1.180000E-03,+38.041535E-03,-106.705401E-03,+121.644157E-03
+1.181250E-03,-36.645179E-03,-107.019471E-03,+121.628454E-03
+1.182500E-03,+40.695430E-03,-106.548366E-03,+121.612750E-03
+1.183750E-03,-40.987358E-03,-107.490577E-03,+121.628454E-03
+1.185000E-03,+39.958464E-03,-106.548366E-03,+121.628454E-03
+1.186250E-03,-42.969613E-03,-107.019471E-03,+121.628454E-03
+1.187500E-03,+34.291378E-03,-106.705401E-03,+121.644157E-03
+1.188750E-03,-40.354506E-03,-107.176506E-03,+121.628454E-03
+1.190000E-03,+28.369111E-03,-106.705401E-03,+121.644157E-03
+1.191250E-03,-34.965059E-03,-107.333542E-03,+121.628454E-03
+1.192500E-03,+20.819802E-03,-107.019471E-03,+121.644157E-03
+1.193750E-03,-25.580480E-03,-107.019471E-03,+121.644157E-03
+1.195000E-03,+12.570273E-03,-106.705401E-03,+121.628454E-03
+1.196250E-03,-13.650204E-03,-106.862436E-03,+121.628454E-03
+1.197500E-03,+3.816504E-03,-107.019471E-03,+121.612750E-03
+1.198750E-03,-154.130E-06,-106.862436E-03,+121.644157E-03
+1.200000E-03,-4.933181E-03,-106.862436E-03,+121.628454E-03
+1.201250E-03,+12.947943E-03,-106.862436E-03,+121.644157E-03
+1.202500E-03,-13.127591E-03,-107.019471E-03,+121.628454E-03
+1.203750E-03,+24.868012E-03,-106.862436E-03,+121.628454E-03
+1.205000E-03,-22.944959E-03,-107.176506E-03,+121.628454E-03
+1.206250E-03,+34.111730E-03,-106.705401E-03,+121.644157E-03
+1.207500E-03,-30.479978E-03,-107.019471E-03,+121.644157E-03
+1.208750E-03,+38.447785E-03,-106.705401E-03,+121.628454E-03
+1.210000E-03,-36.908527E-03,-107.176506E-03,+121.644157E-03
+1.211250E-03,+39.772691E-03,-106.862436E-03,+121.628454E-03
+1.212500E-03,-40.744425E-03,-107.019471E-03,+121.628454E-03
+1.213750E-03,+37.774104E-03,-106.862436E-03,+121.644157E-03
+1.215000E-03,-42.289808E-03,-107.019471E-03,+121.644157E-03
+1.216250E-03,+32.892980E-03,-106.705401E-03,+121.628454E-03
+1.217500E-03,-40.509657E-03,-107.019471E-03,+121.628454E-03
+1.218750E-03,+26.415436E-03,-106.862436E-03,+121.628454E-03
+1.220000E-03,-33.719770E-03,-107.019471E-03,+121.644157E-03
+1.221250E-03,+18.353722E-03,-106.705401E-03,+121.644157E-03
+1.222500E-03,-24.994582E-03,-106.705401E-03,+121.628454E-03
+1.223750E-03,+10.520650E-03,-106.705401E-03,+121.644157E-03
+1.225000E-03,-11.906799E-03,-106.862436E-03,+121.612750E-03
+1.226250E-03,+1.156486E-03,-107.019471E-03,+121.628454E-03
+1.227500E-03,+974.796E-06,-106.862436E-03,+121.628454E-03
+1.228750E-03,-8.081109E-03,-107.176506E-03,+121.628454E-03
+1.230000E-03,+14.395336E-03,-107.019471E-03,+121.644157E-03
+1.231250E-03,-15.773320E-03,-107.019471E-03,+121.628454E-03
+1.232500E-03,+25.357961E-03,-107.019471E-03,+121.612750E-03
+1.233750E-03,-24.492384E-03,-107.019471E-03,+121.628454E-03
+1.235000E-03,+34.138269E-03,-107.019471E-03,+121.628454E-03
+1.236250E-03,-32.321372E-03,-107.019471E-03,+121.628454E-03
+1.237500E-03,+38.676429E-03,-106.705401E-03,+121.644157E-03
+1.238750E-03,-38.568231E-03,-107.176506E-03,+121.628454E-03
+1.240000E-03,+39.605292E-03,-106.548366E-03,+121.628454E-03
+1.241250E-03,-41.081265E-03,-107.019471E-03,+121.628454E-03
+1.242500E-03,+37.337233E-03,-106.862436E-03,+121.628454E-03
+1.243750E-03,-41.720241E-03,-107.176506E-03,+121.628454E-03
+1.245000E-03,+32.582679E-03,-106.548366E-03,+121.628454E-03
+1.246250E-03,-37.943545E-03,-107.176506E-03,+121.644157E-03
+1.247500E-03,+25.482490E-03,-106.862436E-03,+121.628454E-03
+1.248750E-03,-31.298602E-03,-107.019471E-03,+121.628454E-03
+1.250000E-03,+18.568075E-03,-107.176506E-03,+121.628454E-03
+1.251250E-03,-21.899733E-03,-106.862436E-03,+121.628454E-03
+1.252500E-03,+9.624450E-03,-107.176506E-03,+121.644157E-03
+1.253750E-03,-9.650989E-03,-106.862436E-03,+121.628454E-03
+1.255000E-03,+1.281014E-03,-107.176506E-03,+121.628454E-03
+1.256250E-03,+3.471498E-03,-106.862436E-03,+121.628454E-03
+1.257500E-03,-8.089274E-03,-106.862436E-03,+121.628454E-03
+1.258750E-03,+16.734846E-03,-106.862436E-03,+121.644157E-03
+1.260000E-03,-16.728722E-03,-106.862436E-03,+121.628454E-03
+1.261250E-03,+26.670618E-03,-107.019471E-03,+121.644157E-03
+1.262500E-03,-24.361730E-03,-106.862436E-03,+121.644157E-03
+1.263750E-03,+33.744268E-03,-106.705401E-03,+121.628454E-03
+1.265000E-03,-32.282584E-03,-107.333542E-03,+121.628454E-03
+1.266250E-03,+38.039494E-03,-106.548366E-03,+121.628454E-03
+1.267500E-03,-38.615185E-03,-107.176506E-03,+121.628454E-03
+1.268750E-03,+38.547817E-03,-106.862436E-03,+121.628454E-03
+1.270000E-03,-40.781171E-03,-107.176506E-03,+121.628454E-03
+1.271250E-03,+36.757459E-03,-106.391331E-03,+121.628454E-03
+1.272500E-03,-40.811793E-03,-107.176506E-03,+121.628454E-03
+1.273750E-03,+31.316975E-03,-106.548366E-03,+121.628454E-03
+1.275000E-03,-37.471969E-03,-107.176506E-03,+121.628454E-03
+1.276250E-03,+24.692446E-03,-106.862436E-03,+121.628454E-03
+1.277500E-03,-30.263583E-03,-106.548366E-03,+121.628454E-03
+1.278750E-03,+16.210191E-03,-106.705401E-03,+121.628454E-03
+1.280000E-03,-20.158370E-03,-107.019471E-03,+121.644157E-03
+1.281250E-03,+6.576555E-03,-107.176506E-03,+121.628454E-03
+1.282500E-03,-7.976994E-03,-107.019471E-03,+121.628454E-03
+1.283750E-03,-1.983276E-03,-107.019471E-03,+121.612750E-03
+1.285000E-03,+4.659626E-03,-106.862436E-03,+121.628454E-03
+1.286250E-03,-10.514526E-03,-106.391331E-03,+121.644157E-03
+1.287500E-03,+16.551115E-03,-106.862436E-03,+121.644157E-03
+1.288750E-03,-18.396592E-03,-107.176506E-03,+121.644157E-03
+1.290000E-03,+26.115342E-03,-106.705401E-03,+121.612750E-03
+1.291250E-03,-26.356234E-03,-106.705401E-03,+121.628454E-03
+1.292500E-03,+33.930040E-03,-106.705401E-03,+121.628454E-03
+1.293750E-03,-33.395179E-03,-107.176506E-03,+121.628454E-03
+1.295000E-03,+38.092572E-03,-106.705401E-03,+121.628454E-03
+1.296250E-03,-38.398790E-03,-107.019471E-03,+121.628454E-03
+1.297500E-03,+38.366127E-03,-106.705401E-03,+121.628454E-03
+1.298750E-03,-40.646435E-03,-107.176506E-03,+121.628454E-03
+1.300000E-03,+35.993954E-03,-107.019471E-03,+121.628454E-03
+1.301250E-03,-39.423602E-03,-107.333542E-03,+121.628454E-03
+1.302500E-03,+30.802528E-03,-106.705401E-03,+121.628454E-03
+1.303750E-03,-35.542792E-03,-106.862436E-03,+121.628454E-03
+1.305000E-03,+23.651303E-03,-107.019471E-03,+121.628454E-03
+1.306250E-03,-28.291536E-03,-106.862436E-03,+121.628454E-03
+1.307500E-03,+15.424230E-03,-106.548366E-03,+121.628454E-03
+1.308750E-03,-17.657585E-03,-106.862436E-03,+121.628454E-03
+1.310000E-03,+5.876335E-03,-107.019471E-03,+121.628454E-03
+1.311250E-03,-5.582365E-03,-106.862436E-03,+121.628454E-03
+1.312500E-03,-2.269080E-03,-106.862436E-03,+121.628454E-03
+1.313750E-03,+7.021592E-03,-106.705401E-03,+121.628454E-03
+1.315000E-03,-11.398477E-03,-107.176506E-03,+121.612750E-03
+1.316250E-03,+19.006988E-03,-106.705401E-03,+121.644157E-03
+1.317500E-03,-19.515311E-03,-107.176506E-03,+121.628454E-03
+1.318750E-03,+28.805983E-03,-106.548366E-03,+121.628454E-03
+1.320000E-03,-27.642352E-03,-107.019471E-03,+121.644157E-03
+1.321250E-03,+34.809909E-03,-106.705401E-03,+121.628454E-03
+1.322500E-03,-33.538081E-03,-107.019471E-03,+121.644157E-03
+1.323750E-03,+38.647848E-03,-106.862436E-03,+121.628454E-03
+1.325000E-03,-38.423288E-03,-107.019471E-03,+121.628454E-03
+1.326250E-03,+38.813206E-03,-106.862436E-03,+121.644157E-03
+1.327500E-03,-40.062578E-03,-107.019471E-03,+121.644157E-03
+1.328750E-03,+34.618012E-03,-106.862436E-03,+121.628454E-03
+1.330000E-03,-38.931611E-03,-107.019471E-03,+121.628454E-03
+1.331250E-03,+28.544676E-03,-106.862436E-03,+121.628454E-03
+1.332500E-03,-34.142352E-03,-107.176506E-03,+121.644157E-03
+1.333750E-03,+22.081423E-03,-106.705401E-03,+121.628454E-03
+1.335000E-03,-27.570901E-03,-107.019471E-03,+121.644157E-03
+1.336250E-03,+12.884658E-03,-106.862436E-03,+121.628454E-03
+1.337500E-03,-17.218671E-03,-106.705401E-03,+121.628454E-03
+1.338750E-03,+3.818546E-03,-106.391331E-03,+121.628454E-03
+1.340000E-03,-5.065876E-03,-107.019471E-03,+121.612750E-03
+1.341250E-03,-4.112516E-03,-106.705401E-03,+121.628454E-03
+1.342500E-03,+7.913709E-03,-106.862436E-03,+121.628454E-03
+1.343750E-03,-13.080637E-03,-106.862436E-03,+121.628454E-03
+1.345000E-03,+19.419362E-03,-106.548366E-03,+121.644157E-03
+1.346250E-03,-20.815719E-03,-106.862436E-03,+121.644157E-03
+1.347500E-03,+28.565091E-03,-106.548366E-03,+121.628454E-03
+1.348750E-03,-27.458621E-03,-106.862436E-03,+121.628454E-03
+1.350000E-03,+34.395493E-03,-106.548366E-03,+121.628454E-03
+1.351250E-03,-33.972911E-03,-107.019471E-03,+121.628454E-03
+1.352500E-03,+36.806454E-03,-106.705401E-03,+121.644157E-03
+1.353750E-03,-37.545461E-03,-107.176506E-03,+121.628454E-03
+1.355000E-03,+37.312735E-03,-106.548366E-03,+121.628454E-03
+1.356250E-03,-38.833621E-03,-107.019471E-03,+121.628454E-03
+1.357500E-03,+33.215530E-03,-106.548366E-03,+121.644157E-03
+1.358750E-03,-38.053784E-03,-107.176506E-03,+121.644157E-03
+1.360000E-03,+28.005731E-03,-106.705401E-03,+121.628454E-03
+1.361250E-03,-32.435694E-03,-107.019471E-03,+121.644157E-03
+1.362500E-03,+20.207365E-03,-106.862436E-03,+121.628454E-03
+1.363750E-03,-23.992227E-03,-106.862436E-03,+121.628454E-03
+1.365000E-03,+11.947629E-03,-106.548366E-03,+121.612750E-03
+1.366250E-03,-13.350110E-03,-106.862436E-03,+121.628454E-03
+1.367500E-03,+3.059124E-03,-106.862436E-03,+121.628454E-03
+1.368750E-03,-1.011542E-03,-106.862436E-03,+121.628454E-03
+1.370000E-03,-5.067918E-03,-106.548366E-03,+121.628454E-03
+1.371250E-03,+10.879946E-03,-106.548366E-03,+121.612750E-03
+1.372500E-03,-13.113301E-03,-107.176506E-03,+121.612750E-03
+1.373750E-03,+21.846655E-03,-106.705401E-03,+121.628454E-03
+1.375000E-03,-21.224010E-03,-106.862436E-03,+121.628454E-03
+1.376250E-03,+30.279915E-03,-106.391331E-03,+121.644157E-03
+1.377500E-03,-27.997566E-03,-107.176506E-03,+121.628454E-03
+1.378750E-03,+35.928627E-03,-106.548366E-03,+121.628454E-03
+1.380000E-03,-34.101523E-03,-106.862436E-03,+121.628454E-03
+1.381250E-03,+36.722754E-03,-106.862436E-03,+121.628454E-03
+1.382500E-03,-37.888426E-03,-106.862436E-03,+121.612750E-03
+1.383750E-03,+35.267195E-03,-106.705401E-03,+121.628454E-03
+1.385000E-03,-38.549858E-03,-106.862436E-03,+121.628454E-03
+1.386250E-03,+31.461919E-03,-106.705401E-03,+121.628454E-03
+1.387500E-03,-37.071843E-03,-106.862436E-03,+121.644157E-03
+1.388750E-03,+25.717258E-03,-106.548366E-03,+121.628454E-03
+1.390000E-03,-32.270336E-03,-107.019471E-03,+121.628454E-03
+1.391250E-03,+17.929098E-03,-106.548366E-03,+121.612750E-03
+1.392500E-03,-23.363458E-03,-107.019471E-03,+121.644157E-03
+1.393750E-03,+9.399890E-03,-106.862436E-03,+121.644157E-03
+1.395000E-03,-12.702968E-03,-106.548366E-03,+121.628454E-03
+1.396250E-03,+1.209563E-03,-106.862436E-03,+121.628454E-03
+1.397500E-03,+376.649E-06,-106.705401E-03,+121.628454E-03
+1.398750E-03,-6.909312E-03,-106.548366E-03,+121.628454E-03
+1.400000E-03,+11.837390E-03,-106.862436E-03,+121.628454E-03
+1.401250E-03,-14.564777E-03,-106.548366E-03,+121.628454E-03
+1.402500E-03,+22.785725E-03,-106.391331E-03,+121.644157E-03
+1.403750E-03,-22.514211E-03,-107.176506E-03,+121.628454E-03
+1.405000E-03,+30.177842E-03,-106.548366E-03,+121.628454E-03
+1.406250E-03,-29.941033E-03,-107.019471E-03,+121.612750E-03
+1.407500E-03,+35.114086E-03,-106.705401E-03,+121.644157E-03
+1.408750E-03,-34.358746E-03,-107.019471E-03,+121.628454E-03
+1.410000E-03,+36.618640E-03,-106.548366E-03,+121.628454E-03
+1.411250E-03,-37.900675E-03,-106.862436E-03,+121.644157E-03
+1.412500E-03,+34.411824E-03,-106.862436E-03,+121.628454E-03
+1.413750E-03,-38.276303E-03,-106.862436E-03,+121.628454E-03
+1.415000E-03,+30.500392E-03,-106.548366E-03,+121.628454E-03
+1.416250E-03,-35.879632E-03,-107.176506E-03,+121.628454E-03
+1.417500E-03,+24.190248E-03,-106.705401E-03,+121.612750E-03
+1.418750E-03,-29.455166E-03,-106.862436E-03,+121.628454E-03
+1.420000E-03,+17.677999E-03,-107.019471E-03,+121.628454E-03
+1.421250E-03,-20.213489E-03,-107.019471E-03,+121.612750E-03
+1.422500E-03,+9.452968E-03,-107.019471E-03,+121.628454E-03
+1.423750E-03,-8.775204E-03,-106.548366E-03,+121.628454E-03
+1.425000E-03,+1.062579E-03,-106.705401E-03,+121.612750E-03
+1.426250E-03,+3.016253E-03,-106.705401E-03,+121.612750E-03
+1.427500E-03,-7.513583E-03,-106.705401E-03,+121.644157E-03
+1.428750E-03,+14.219771E-03,-106.862436E-03,+121.644157E-03
+1.430000E-03,-15.422189E-03,-106.862436E-03,+121.644157E-03
+1.431250E-03,+24.518922E-03,-106.862436E-03,+121.628454E-03
+1.432500E-03,-23.028659E-03,-106.862436E-03,+121.628454E-03
+1.433750E-03,+32.074356E-03,-106.862436E-03,+121.612750E-03
+1.435000E-03,-29.867541E-03,-107.176506E-03,+121.628454E-03
+1.436250E-03,+35.504004E-03,-106.548366E-03,+121.628454E-03
+1.437500E-03,-35.536667E-03,-107.019471E-03,+121.628454E-03
+1.438750E-03,+35.973539E-03,-106.862436E-03,+121.628454E-03
+1.440000E-03,-38.012955E-03,-107.176506E-03,+121.628454E-03
+1.441250E-03,+33.591159E-03,-106.705401E-03,+121.628454E-03
+1.442500E-03,-38.613143E-03,-106.705401E-03,+121.644157E-03
+1.443750E-03,+29.289808E-03,-106.705401E-03,+121.628454E-03
+1.445000E-03,-35.849010E-03,-107.019471E-03,+121.628454E-03
+1.446250E-03,+22.757145E-03,-106.705401E-03,+121.628454E-03
+1.447500E-03,-27.744425E-03,-106.705401E-03,+121.612750E-03
+1.448750E-03,+15.201712E-03,-106.548366E-03,+121.628454E-03
+1.450000E-03,-19.372409E-03,-106.862436E-03,+121.628454E-03
+1.451250E-03,+7.450298E-03,-106.548366E-03,+121.628454E-03
+1.452500E-03,-8.303627E-03,-106.862436E-03,+121.628454E-03
+1.453750E-03,-784.940E-06,-107.019471E-03,+121.644157E-03
+1.455000E-03,+3.645022E-03,-106.391331E-03,+121.628454E-03
+1.456250E-03,-9.283527E-03,-106.862436E-03,+121.628454E-03
+1.457500E-03,+14.664808E-03,-106.391331E-03,+121.628454E-03
+1.458750E-03,-16.932867E-03,-106.548366E-03,+121.628454E-03
+1.460000E-03,+24.492384E-03,-106.391331E-03,+121.628454E-03
+1.461250E-03,-24.712861E-03,-107.019471E-03,+121.612750E-03
+1.462500E-03,+30.884186E-03,-106.548366E-03,+121.612750E-03
+1.463750E-03,-30.927057E-03,-106.862436E-03,+121.628454E-03
+1.465000E-03,+34.119896E-03,-106.705401E-03,+121.628454E-03
+1.466250E-03,-35.452968E-03,-106.862436E-03,+121.612750E-03
+1.467500E-03,+34.826240E-03,-106.705401E-03,+121.644157E-03
+1.468750E-03,-37.343357E-03,-106.862436E-03,+121.628454E-03
+1.470000E-03,+32.429569E-03,-106.705401E-03,+121.644157E-03
+1.471250E-03,-37.020807E-03,-106.862436E-03,+121.612750E-03
+1.472500E-03,+27.956737E-03,-106.705401E-03,+121.628454E-03
+1.473750E-03,-33.631988E-03,-106.705401E-03,+121.612750E-03
+1.475000E-03,+22.154915E-03,-106.705401E-03,+121.628454E-03
+1.476250E-03,-26.292949E-03,-106.862436E-03,+121.628454E-03
+1.477500E-03,+14.481077E-03,-106.548366E-03,+121.628454E-03
+1.478750E-03,-16.493954E-03,-106.548366E-03,+121.612750E-03
+1.480000E-03,+6.135600E-03,-106.862436E-03,+121.628454E-03
+1.481250E-03,-4.967886E-03,-106.705401E-03,+121.628454E-03
+1.482500E-03,-1.340217E-03,-106.705401E-03,+121.628454E-03
+1.483750E-03,+6.866442E-03,-106.391331E-03,+121.628454E-03
+1.485000E-03,-9.967415E-03,-107.019471E-03,+121.628454E-03
+1.486250E-03,+16.922660E-03,-106.705401E-03,+121.644157E-03
+1.487500E-03,-17.741284E-03,-106.548366E-03,+121.628454E-03
+1.488750E-03,+26.258244E-03,-106.391331E-03,+121.628454E-03
+1.490000E-03,-25.729507E-03,-107.019471E-03,+121.628454E-03
+1.491250E-03,+32.245838E-03,-106.862436E-03,+121.628454E-03
+1.492500E-03,-30.988301E-03,-106.548366E-03,+121.628454E-03
+1.493750E-03,+35.024262E-03,-106.705401E-03,+121.628454E-03
+1.495000E-03,-35.328439E-03,-107.019471E-03,+121.644157E-03
+1.496250E-03,+34.963018E-03,-106.705401E-03,+121.644157E-03
+1.497500E-03,-36.618640E-03,-107.019471E-03,+121.612750E-03
+1.498750E-03,+31.723225E-03,-106.862436E-03,+121.628454E-03
+1.500000E-03,-35.926586E-03,-106.862436E-03,+121.644157E-03
+1.501250E-03,+26.462390E-03,-106.391331E-03,+121.628454E-03
+1.502500E-03,-32.211133E-03,-107.019471E-03,+121.612750E-03
+1.503750E-03,+20.360474E-03,-106.548366E-03,+121.644157E-03
+1.505000E-03,-25.366127E-03,-106.548366E-03,+121.628454E-03
+1.506250E-03,+12.368169E-03,-106.705401E-03,+121.628454E-03
+1.507500E-03,-16.099953E-03,-106.705401E-03,+121.628454E-03
+1.508750E-03,+5.008715E-03,-106.705401E-03,+121.628454E-03
+1.510000E-03,-5.274105E-03,-107.019471E-03,+121.644157E-03
+1.511250E-03,-3.710349E-03,-106.548366E-03,+121.628454E-03
+1.512500E-03,+6.674545E-03,-106.548366E-03,+121.628454E-03
+1.513750E-03,-11.847597E-03,-106.862436E-03,+121.628454E-03
+1.515000E-03,+17.079852E-03,-106.705401E-03,+121.628454E-03
+1.516250E-03,-20.009343E-03,-106.862436E-03,+121.628454E-03
+1.517500E-03,+25.558024E-03,-106.548366E-03,+121.628454E-03
+1.518750E-03,-26.221498E-03,-106.862436E-03,+121.628454E-03
+1.520000E-03,+31.500706E-03,-106.234295E-03,+121.628454E-03
+1.521250E-03,-31.559909E-03,-107.019471E-03,+121.644157E-03
+1.522500E-03,+34.221969E-03,-106.548366E-03,+121.644157E-03
+1.523750E-03,-35.183495E-03,-106.705401E-03,+121.628454E-03
+1.525000E-03,+33.429883E-03,-106.548366E-03,+121.612750E-03
+1.526250E-03,-36.038866E-03,-106.862436E-03,+121.628454E-03
+1.527500E-03,+30.898476E-03,-106.705401E-03,+121.628454E-03
+1.528750E-03,-34.622094E-03,-107.019471E-03,+121.612750E-03
+1.530000E-03,+26.248037E-03,-106.548366E-03,+121.628454E-03
+1.531250E-03,-30.322785E-03,-106.862436E-03,+121.612750E-03
+1.532500E-03,+19.458150E-03,-106.862436E-03,+121.628454E-03
+1.533750E-03,-22.391724E-03,-106.862436E-03,+121.628454E-03
+1.535000E-03,+11.712861E-03,-106.548366E-03,+121.612750E-03
+1.536250E-03,-12.717258E-03,-107.176506E-03,+121.628454E-03
+1.537500E-03,+3.734846E-03,-106.862436E-03,+121.612750E-03
+1.538750E-03,-1.258558E-03,-106.391331E-03,+121.628454E-03
+1.540000E-03,-4.059438E-03,-106.548366E-03,+121.628454E-03
+1.541250E-03,+9.316190E-03,-106.548366E-03,+121.612750E-03
+1.542500E-03,-12.825455E-03,-106.705401E-03,+121.628454E-03
+1.543750E-03,+19.552057E-03,-106.548366E-03,+121.628454E-03
+1.545000E-03,-20.856548E-03,-106.391331E-03,+121.612750E-03
+1.546250E-03,+27.495367E-03,-106.705401E-03,+121.628454E-03
+1.547500E-03,-26.178627E-03,-107.019471E-03,+121.612750E-03
+1.548750E-03,+31.510914E-03,-106.705401E-03,+121.628454E-03
+1.550000E-03,-31.343514E-03,-106.862436E-03,+121.612750E-03
+1.551250E-03,+34.487358E-03,-106.548366E-03,+121.628454E-03
+1.552500E-03,-34.775204E-03,-106.705401E-03,+121.628454E-03
+1.553750E-03,+32.993012E-03,-106.705401E-03,+121.628454E-03
+1.555000E-03,-35.757145E-03,-107.019471E-03,+121.628454E-03
+1.556250E-03,+29.740970E-03,-106.548366E-03,+121.628454E-03
+1.557500E-03,-34.397534E-03,-107.176506E-03,+121.628454E-03
+1.558750E-03,+23.726837E-03,-106.548366E-03,+121.628454E-03
+1.560000E-03,-29.189777E-03,-106.862436E-03,+121.628454E-03
+1.561250E-03,+17.090059E-03,-106.705401E-03,+121.628454E-03
+1.562500E-03,-21.783370E-03,-107.019471E-03,+121.628454E-03
+1.563750E-03,+9.691818E-03,-107.019471E-03,+121.612750E-03
+1.565000E-03,-12.431454E-03,-106.705401E-03,+121.628454E-03
+1.566250E-03,+1.093200E-03,-106.862436E-03,+121.628454E-03
+1.567500E-03,-1.444331E-03,-106.391331E-03,+121.628454E-03
+1.568750E-03,-5.982491E-03,-107.019471E-03,+121.628454E-03
+1.570000E-03,+10.036825E-03,-106.548366E-03,+121.628454E-03
+1.571250E-03,-14.042164E-03,-106.862436E-03,+121.612750E-03
+1.572500E-03,+19.843985E-03,-106.705401E-03,+121.628454E-03
+1.573750E-03,-21.546561E-03,-107.019471E-03,+121.612750E-03
+1.575000E-03,+27.779130E-03,-106.862436E-03,+121.628454E-03
+1.576250E-03,-27.166693E-03,-106.862436E-03,+121.628454E-03
+1.577500E-03,+33.111416E-03,-107.019471E-03,+121.628454E-03
+1.578750E-03,-33.070587E-03,-106.548366E-03,+121.612750E-03
+1.580000E-03,+34.264839E-03,-106.548366E-03,+121.628454E-03
+1.581250E-03,-35.032427E-03,-106.862436E-03,+121.612750E-03
+1.582500E-03,+33.384971E-03,-106.705401E-03,+121.628454E-03
+1.583750E-03,-35.614243E-03,-107.019471E-03,+121.628454E-03
+1.585000E-03,+28.985631E-03,-106.391331E-03,+121.628454E-03
+1.586250E-03,-33.078753E-03,-106.862436E-03,+121.628454E-03
+1.587500E-03,+23.349167E-03,-106.705401E-03,+121.628454E-03
+1.588750E-03,-28.313992E-03,-106.862436E-03,+121.628454E-03
+1.590000E-03,+15.765154E-03,-106.705401E-03,+121.612750E-03
+1.591250E-03,-19.713332E-03,-106.862436E-03,+121.612750E-03
+1.592500E-03,+8.577183E-03,-106.391331E-03,+121.628454E-03
+1.593750E-03,-10.404287E-03,-106.548366E-03,+121.628454E-03
+1.595000E-03,+1.123822E-03,-106.548366E-03,+121.628454E-03
+1.596250E-03,+813.521E-06,-106.862436E-03,+121.628454E-03
+1.597500E-03,-6.043734E-03,-106.705401E-03,+121.612750E-03
+1.598750E-03,+12.078282E-03,-106.705401E-03,+121.628454E-03
+1.600000E-03,-13.911511E-03,-106.705401E-03,+121.628454E-03
+1.601250E-03,+21.891567E-03,-106.548366E-03,+121.628454E-03
+1.602500E-03,-21.199513E-03,-106.548366E-03,+121.628454E-03
+1.603750E-03,+29.502120E-03,-106.705401E-03,+121.628454E-03
+1.605000E-03,-27.677057E-03,-106.862436E-03,+121.628454E-03
+1.606250E-03,+33.401303E-03,-106.548366E-03,+121.644157E-03
+1.607500E-03,-32.213175E-03,-106.862436E-03,+121.612750E-03
+1.608750E-03,+33.705480E-03,-106.548366E-03,+121.628454E-03
+1.610000E-03,-34.662924E-03,-107.019471E-03,+121.612750E-03
+1.611250E-03,+31.396592E-03,-106.548366E-03,+121.628454E-03
+1.612500E-03,-34.589431E-03,-106.705401E-03,+121.628454E-03
+1.613750E-03,+27.703596E-03,-106.391331E-03,+121.628454E-03
+1.615000E-03,-32.307082E-03,-106.862436E-03,+121.628454E-03
+1.616250E-03,+21.074984E-03,-106.391331E-03,+121.628454E-03
+1.617500E-03,-26.860474E-03,-106.705401E-03,+121.628454E-03
+1.618750E-03,+14.340217E-03,-106.705401E-03,+121.628454E-03
+1.620000E-03,-18.600738E-03,-106.862436E-03,+121.628454E-03
+1.621250E-03,+7.017509E-03,-106.391331E-03,+121.612750E-03
+1.622500E-03,-8.340374E-03,-106.705401E-03,+121.628454E-03
+1.623750E-03,-731.862E-06,-107.019471E-03,+121.628454E-03
+1.625000E-03,+2.444645E-03,-106.391331E-03,+121.628454E-03
+1.626250E-03,-8.671090E-03,-106.862436E-03,+121.628454E-03
+1.627500E-03,+12.576397E-03,-106.705401E-03,+121.612750E-03
+1.628750E-03,-15.091473E-03,-106.705401E-03,+121.628454E-03
+1.630000E-03,+20.944331E-03,-106.705401E-03,+121.628454E-03
+1.631250E-03,-21.981391E-03,-107.019471E-03,+121.612750E-03
+1.632500E-03,+28.283370E-03,-106.391331E-03,+121.628454E-03
+1.633750E-03,-28.307867E-03,-107.019471E-03,+121.612750E-03
+1.635000E-03,+32.027402E-03,-106.234295E-03,+121.628454E-03
+1.636250E-03,-32.360160E-03,-106.862436E-03,+121.628454E-03
+1.637500E-03,+32.421404E-03,-106.234295E-03,+121.644157E-03
+1.638750E-03,-34.822157E-03,-107.019471E-03,+121.628454E-03
+1.640000E-03,+30.518765E-03,-106.548366E-03,+121.628454E-03
+1.641250E-03,-34.038238E-03,-106.862436E-03,+121.628454E-03
+1.642500E-03,+26.292949E-03,-106.548366E-03,+121.628454E-03
+1.643750E-03,-30.441190E-03,-106.705401E-03,+121.612750E-03
+1.645000E-03,+19.480606E-03,-106.548366E-03,+121.612750E-03
+1.646250E-03,-24.055512E-03,-107.176506E-03,+121.628454E-03
+1.647500E-03,+13.678784E-03,-106.705401E-03,+121.628454E-03
+1.648750E-03,-14.903659E-03,-106.705401E-03,+121.628454E-03
+1.650000E-03,+5.955952E-03,-106.705401E-03,+121.628454E-03
+1.651250E-03,-4.778031E-03,-106.862436E-03,+121.628454E-03
+1.652500E-03,-1.225895E-03,-106.862436E-03,+121.628454E-03
+1.653750E-03,+5.829381E-03,-106.391331E-03,+121.644157E-03
+1.655000E-03,-8.505732E-03,-106.705401E-03,+121.628454E-03
+1.656250E-03,+15.973382E-03,-106.548366E-03,+121.628454E-03
+1.657500E-03,-15.840688E-03,-106.705401E-03,+121.628454E-03
+1.658750E-03,+23.957522E-03,-106.548366E-03,+121.612750E-03
+1.660000E-03,-22.810223E-03,-106.862436E-03,+121.612750E-03
+1.661250E-03,+29.647063E-03,-106.391331E-03,+121.612750E-03
+1.662500E-03,-28.952968E-03,-106.862436E-03,+121.628454E-03
+1.663750E-03,+32.009029E-03,-106.234295E-03,+121.612750E-03
+1.665000E-03,-32.723539E-03,-106.548366E-03,+121.612750E-03
+1.666250E-03,+32.027402E-03,-106.705401E-03,+121.628454E-03
+1.667500E-03,-35.326397E-03,-106.862436E-03,+121.612750E-03
+1.668750E-03,+28.965216E-03,-106.548366E-03,+121.628454E-03
+1.670000E-03,-34.232176E-03,-106.548366E-03,+121.628454E-03
+1.671250E-03,+24.131046E-03,-106.548366E-03,+121.628454E-03
+1.672500E-03,-29.922660E-03,-106.862436E-03,+121.628454E-03
+1.673750E-03,+18.741598E-03,-106.548366E-03,+121.628454E-03
+1.675000E-03,-22.983747E-03,-107.019471E-03,+121.628454E-03
+1.676250E-03,+11.449513E-03,-106.862436E-03,+121.628454E-03
+1.677500E-03,-14.474953E-03,-106.548366E-03,+121.612750E-03
+1.678750E-03,+4.161511E-03,-106.548366E-03,+121.628454E-03
+1.680000E-03,-4.541222E-03,-106.705401E-03,+121.628454E-03
+1.681250E-03,-3.265311E-03,-106.548366E-03,+121.628454E-03
+1.682500E-03,+5.706894E-03,-106.705401E-03,+121.628454E-03
+1.683750E-03,-10.196058E-03,-106.548366E-03,+121.612750E-03
+1.685000E-03,+15.695744E-03,-106.391331E-03,+121.628454E-03
+1.686250E-03,-18.069959E-03,-106.705401E-03,+121.628454E-03
+1.687500E-03,+23.896278E-03,-106.391331E-03,+121.628454E-03
+1.688750E-03,-25.002748E-03,-106.862436E-03,+121.628454E-03
+1.690000E-03,+29.536824E-03,-106.862436E-03,+121.628454E-03
+1.691250E-03,-29.824670E-03,-106.862436E-03,+121.628454E-03
+1.692500E-03,+31.445587E-03,-106.077260E-03,+121.628454E-03
+1.693750E-03,-32.615342E-03,-107.019471E-03,+121.628454E-03
+1.695000E-03,+30.978093E-03,-106.548366E-03,+121.628454E-03
+1.696250E-03,-33.756517E-03,-107.019471E-03,+121.628454E-03
+1.697500E-03,+28.526303E-03,-106.548366E-03,+121.628454E-03
+1.698750E-03,-32.603093E-03,-106.862436E-03,+121.628454E-03
+1.700000E-03,+24.559752E-03,-106.548366E-03,+121.644157E-03
+1.701250E-03,-27.824042E-03,-106.862436E-03,+121.612750E-03
+1.702500E-03,+18.553784E-03,-106.705401E-03,+121.612750E-03
+1.703750E-03,-21.566975E-03,-106.862436E-03,+121.628454E-03
+1.705000E-03,+11.312735E-03,-106.705401E-03,+121.628454E-03
+1.706250E-03,-12.037453E-03,-106.862436E-03,+121.644157E-03
+1.707500E-03,+4.143138E-03,-106.548366E-03,+121.628454E-03
+1.708750E-03,-1.687264E-03,-106.705401E-03,+121.628454E-03
+1.710000E-03,-4.228879E-03,-106.548366E-03,+121.628454E-03
+1.711250E-03,+8.991599E-03,-106.862436E-03,+121.628454E-03
+1.712500E-03,-12.068075E-03,-106.705401E-03,+121.612750E-03
+1.713750E-03,+17.867855E-03,-106.548366E-03,+121.628454E-03
+1.715000E-03,-19.058024E-03,-106.705401E-03,+121.628454E-03
+1.716250E-03,+25.133401E-03,-106.548366E-03,+121.628454E-03
+1.717500E-03,-25.249764E-03,-106.705401E-03,+121.628454E-03
+1.718750E-03,+29.514368E-03,-106.548366E-03,+121.628454E-03
+1.720000E-03,-30.224796E-03,-107.019471E-03,+121.628454E-03
+1.721250E-03,+31.764054E-03,-106.391331E-03,+121.628454E-03
+1.722500E-03,-33.293106E-03,-106.862436E-03,+121.628454E-03
+1.723750E-03,+31.235317E-03,-106.234295E-03,+121.628454E-03
+1.725000E-03,-34.007616E-03,-107.019471E-03,+121.612750E-03
+1.726250E-03,+27.652559E-03,-106.391331E-03,+121.628454E-03
+1.727500E-03,-31.512955E-03,-106.862436E-03,+121.628454E-03
+1.728750E-03,+22.783684E-03,-106.391331E-03,+121.612750E-03
+1.730000E-03,-27.905700E-03,-106.705401E-03,+121.628454E-03
+1.731250E-03,+17.071686E-03,-106.548366E-03,+121.628454E-03
+1.732500E-03,-20.866755E-03,-106.705401E-03,+121.628454E-03
+1.733750E-03,+9.681611E-03,-106.234295E-03,+121.628454E-03
+1.735000E-03,-11.592415E-03,-106.705401E-03,+121.612750E-03
+1.736250E-03,+2.679413E-03,-106.548366E-03,+121.612750E-03
+1.737500E-03,-1.283056E-03,-106.548366E-03,+121.612750E-03
+1.738750E-03,-5.664023E-03,-106.705401E-03,+121.612750E-03
+1.740000E-03,+8.317918E-03,-106.862436E-03,+121.628454E-03
+1.741250E-03,-12.823414E-03,-106.862436E-03,+121.628454E-03
+1.742500E-03,+17.067603E-03,-106.548366E-03,+121.628454E-03
+1.743750E-03,-19.652088E-03,-106.391331E-03,+121.628454E-03
+1.745000E-03,+25.170147E-03,-106.234295E-03,+121.612750E-03
+1.746250E-03,-26.264368E-03,-106.862436E-03,+121.628454E-03
+1.747500E-03,+29.351052E-03,-106.548366E-03,+121.628454E-03
+1.748750E-03,-30.761699E-03,-106.705401E-03,+121.628454E-03
+1.750000E-03,+31.345556E-03,-106.391331E-03,+121.612750E-03
+1.751250E-03,-32.437735E-03,-106.862436E-03,+121.628454E-03
+1.752500E-03,+30.371780E-03,-106.862436E-03,+121.612750E-03
+1.753750E-03,-32.792949E-03,-106.862436E-03,+121.628454E-03
+1.755000E-03,+26.217415E-03,-106.548366E-03,+121.628454E-03
+1.756250E-03,-31.000549E-03,-106.705401E-03,+121.628454E-03
+1.757500E-03,+21.787453E-03,-106.391331E-03,+121.628454E-03
+1.758750E-03,-25.204852E-03,-106.862436E-03,+121.612750E-03
+1.760000E-03,+16.220399E-03,-106.548366E-03,+121.628454E-03
+1.761250E-03,-17.712704E-03,-106.548366E-03,+121.612750E-03
+1.762500E-03,+8.462861E-03,-106.705401E-03,+121.612750E-03
+1.763750E-03,-9.089588E-03,-106.862436E-03,+121.628454E-03
+1.765000E-03,+1.511699E-03,-106.548366E-03,+121.612750E-03
+1.766250E-03,+1.144237E-03,-106.705401E-03,+121.628454E-03
+1.767500E-03,-5.884501E-03,-106.548366E-03,+121.628454E-03
+1.768750E-03,+11.196372E-03,-106.705401E-03,+121.612750E-03
+1.770000E-03,-14.052371E-03,-106.548366E-03,+121.612750E-03
+1.771250E-03,+19.707208E-03,-106.548366E-03,+121.628454E-03
+1.772500E-03,-21.319959E-03,-106.705401E-03,+121.628454E-03
+1.773750E-03,+26.448100E-03,-106.234295E-03,+121.612750E-03
+1.775000E-03,-26.552214E-03,-106.862436E-03,+121.628454E-03
+1.776250E-03,+29.855292E-03,-106.391331E-03,+121.612750E-03
+1.777500E-03,-30.153345E-03,-106.705401E-03,+121.612750E-03
+1.778750E-03,+30.647377E-03,-106.862436E-03,+121.628454E-03
+1.780000E-03,-32.417321E-03,-107.176506E-03,+121.628454E-03
+1.781250E-03,+29.810380E-03,-106.391331E-03,+121.628454E-03
+1.782500E-03,-32.319331E-03,-106.862436E-03,+121.628454E-03
+1.783750E-03,+25.941818E-03,-106.548366E-03,+121.612750E-03
+1.785000E-03,-30.722911E-03,-107.019471E-03,+121.612750E-03
+1.786250E-03,+20.378847E-03,-106.548366E-03,+121.628454E-03
+1.787500E-03,-24.171875E-03,-106.391331E-03,+121.628454E-03
+1.788750E-03,+14.626021E-03,-106.548366E-03,+121.628454E-03
+1.790000E-03,-17.083935E-03,-106.705401E-03,+121.612750E-03
+1.791250E-03,+6.290751E-03,-106.705401E-03,+121.612750E-03
+1.792500E-03,-8.242384E-03,-106.548366E-03,+121.628454E-03
+1.793750E-03,-143.923E-06,-107.019471E-03,+121.612750E-03
+1.795000E-03,+1.589274E-03,-106.862436E-03,+121.628454E-03
+1.796250E-03,-7.260443E-03,-106.705401E-03,+121.612750E-03
+1.797500E-03,+10.761542E-03,-106.862436E-03,+121.612750E-03
+1.798750E-03,-14.509658E-03,-106.548366E-03,+121.628454E-03
+1.800000E-03,+19.776617E-03,-106.391331E-03,+121.628454E-03
+1.801250E-03,-20.854507E-03,-106.548366E-03,+121.612750E-03
+1.802500E-03,+25.890782E-03,-106.548366E-03,+121.612750E-03
+1.803750E-03,-26.360317E-03,-106.862436E-03,+121.612750E-03
+1.805000E-03,+29.457208E-03,-106.548366E-03,+121.628454E-03
+1.806250E-03,-30.363615E-03,-107.019471E-03,+121.612750E-03
+1.807500E-03,+30.186008E-03,-106.234295E-03,+121.628454E-03
+1.808750E-03,-32.460191E-03,-106.862436E-03,+121.612750E-03
+1.810000E-03,+28.342572E-03,-106.548366E-03,+121.612750E-03
+1.811250E-03,-32.290750E-03,-106.705401E-03,+121.612750E-03
+1.812500E-03,+24.927214E-03,-106.548366E-03,+121.612750E-03
+1.813750E-03,-28.191504E-03,-106.705401E-03,+121.612750E-03
+1.815000E-03,+18.833464E-03,-106.234295E-03,+121.628454E-03
+1.816250E-03,-22.630575E-03,-106.548366E-03,+121.612750E-03
+1.817500E-03,+11.910882E-03,-106.705401E-03,+121.628454E-03
+1.818750E-03,-14.134029E-03,-106.862436E-03,+121.612750E-03
+1.820000E-03,+6.027403E-03,-106.234295E-03,+121.612750E-03
+1.821250E-03,-5.561950E-03,-106.391331E-03,+121.628454E-03
+1.822500E-03,-980.920E-06,-106.391331E-03,+121.612750E-03
+1.823750E-03,+4.306454E-03,-106.548366E-03,+121.612750E-03
+1.825000E-03,-8.019865E-03,-106.705401E-03,+121.628454E-03
+1.826250E-03,+14.160568E-03,-106.705401E-03,+121.612750E-03
+1.827500E-03,-14.834249E-03,-106.862436E-03,+121.628454E-03
+1.828750E-03,+21.391410E-03,-106.391331E-03,+121.612750E-03
+1.830000E-03,-21.466944E-03,-107.019471E-03,+121.612750E-03
+1.831250E-03,+27.274890E-03,-106.234295E-03,+121.628454E-03
+1.832500E-03,-26.186793E-03,-106.391331E-03,+121.597046E-03
+1.833750E-03,+29.559280E-03,-106.548366E-03,+121.612750E-03
+1.835000E-03,-30.498351E-03,-106.705401E-03,+121.612750E-03
+1.836250E-03,+30.371780E-03,-106.391331E-03,+121.628454E-03
+1.837500E-03,-32.068231E-03,-106.391331E-03,+121.612750E-03
+1.838750E-03,+28.193546E-03,-106.391331E-03,+121.628454E-03
+1.840000E-03,-31.972283E-03,-106.705401E-03,+121.628454E-03
+1.841250E-03,+23.406328E-03,-106.548366E-03,+121.612750E-03
+1.842500E-03,-28.718200E-03,-106.705401E-03,+121.612750E-03
+1.843750E-03,+17.569802E-03,-106.705401E-03,+121.612750E-03
+1.845000E-03,-21.954852E-03,-106.548366E-03,+121.628454E-03
+1.846250E-03,+10.947315E-03,-106.862436E-03,+121.628454E-03
+1.847500E-03,-14.248351E-03,-106.548366E-03,+121.612750E-03
+1.848750E-03,+4.075769E-03,-106.548366E-03,+121.612750E-03
+1.850000E-03,-5.125078E-03,-106.391331E-03,+121.612750E-03
+1.851250E-03,-2.981548E-03,-106.548366E-03,+121.612750E-03
+1.852500E-03,+4.916850E-03,-106.705401E-03,+121.628454E-03
+1.853750E-03,-9.561165E-03,-106.705401E-03,+121.612750E-03
+1.855000E-03,+13.519551E-03,-106.548366E-03,+121.628454E-03
+1.856250E-03,-16.745053E-03,-106.862436E-03,+121.628454E-03
+1.857500E-03,+21.650675E-03,-106.391331E-03,+121.612750E-03
+1.858750E-03,-22.326397E-03,-106.548366E-03,+121.612750E-03
+1.860000E-03,+26.776774E-03,-106.548366E-03,+121.612750E-03
+1.861250E-03,-26.613458E-03,-106.862436E-03,+121.628454E-03
+1.862500E-03,+28.940719E-03,-106.391331E-03,+121.612750E-03
+1.863750E-03,-30.277873E-03,-106.705401E-03,+121.628454E-03
+1.865000E-03,+29.230606E-03,-106.234295E-03,+121.612750E-03
+1.866250E-03,-31.459877E-03,-106.862436E-03,+121.628454E-03
+1.867500E-03,+26.952340E-03,-106.705401E-03,+121.612750E-03
+1.868750E-03,-30.192132E-03,-106.548366E-03,+121.612750E-03
+1.870000E-03,+22.373351E-03,-106.548366E-03,+121.628454E-03
+1.871250E-03,-26.348068E-03,-106.862436E-03,+121.612750E-03
+1.872500E-03,+17.022691E-03,-106.548366E-03,+121.612750E-03
+1.873750E-03,-19.190719E-03,-107.019471E-03,+121.628454E-03
+1.875000E-03,+10.600267E-03,-106.548366E-03,+121.628454E-03
+1.876250E-03,-11.949670E-03,-106.705401E-03,+121.628454E-03
+1.877500E-03,+2.875393E-03,-106.391331E-03,+121.612750E-03
+1.878750E-03,-1.719928E-03,-106.391331E-03,+121.628454E-03
+1.880000E-03,-3.279601E-03,-106.548366E-03,+121.628454E-03
+1.881250E-03,+7.088960E-03,-106.862436E-03,+121.612750E-03
+1.882500E-03,-10.122566E-03,-106.705401E-03,+121.628454E-03
+1.883750E-03,+15.734532E-03,-106.548366E-03,+121.612750E-03
+1.885000E-03,-17.914808E-03,-106.391331E-03,+121.628454E-03
+1.886250E-03,+22.538709E-03,-106.548366E-03,+121.612750E-03
+1.887500E-03,-22.871466E-03,-106.548366E-03,+121.628454E-03
+1.888750E-03,+26.499136E-03,-106.391331E-03,+121.612750E-03
+1.890000E-03,-27.368797E-03,-106.705401E-03,+121.628454E-03
+1.891250E-03,+28.540593E-03,-106.391331E-03,+121.612750E-03
+1.892500E-03,-30.912767E-03,-106.862436E-03,+121.612750E-03
+1.893750E-03,+28.297660E-03,-106.705401E-03,+121.628454E-03
+1.895000E-03,-31.786510E-03,-106.705401E-03,+121.612750E-03
+1.896250E-03,+26.174544E-03,-106.548366E-03,+121.612750E-03
+1.897500E-03,-30.198257E-03,-106.548366E-03,+121.612750E-03
+1.898750E-03,+22.110003E-03,-106.548366E-03,+121.628454E-03
+1.900000E-03,-25.841787E-03,-106.862436E-03,+121.628454E-03
+1.901250E-03,+16.357176E-03,-106.705401E-03,+121.612750E-03
+1.902500E-03,-18.919205E-03,-106.705401E-03,+121.612750E-03
+1.903750E-03,+8.901774E-03,-106.705401E-03,+121.628454E-03
+1.905000E-03,-10.428784E-03,-106.862436E-03,+121.628454E-03
+1.906250E-03,+1.997566E-03,-106.705401E-03,+121.612750E-03
+1.907500E-03,-793.106E-06,-106.234295E-03,+121.628454E-03
+1.908750E-03,-4.890311E-03,-106.548366E-03,+121.628454E-03
+1.910000E-03,+8.250550E-03,-106.234295E-03,+121.612750E-03
+1.911250E-03,-10.994268E-03,-106.548366E-03,+121.628454E-03
+1.912500E-03,+16.369425E-03,-106.391331E-03,+121.628454E-03
+1.913750E-03,-18.702811E-03,-106.705401E-03,+121.597046E-03
+1.915000E-03,+22.559123E-03,-106.862436E-03,+121.628454E-03
+1.916250E-03,-24.292321E-03,-106.548366E-03,+121.612750E-03
+1.917500E-03,+26.968671E-03,-106.548366E-03,+121.628454E-03
+1.918750E-03,-28.220084E-03,-106.705401E-03,+121.612750E-03
+1.920000E-03,+28.436479E-03,-106.548366E-03,+121.628454E-03
+1.921250E-03,-31.120995E-03,-106.705401E-03,+121.612750E-03
+1.922500E-03,+28.309909E-03,-106.234295E-03,+121.612750E-03
+1.923750E-03,-31.563991E-03,-106.705401E-03,+121.628454E-03
+1.925000E-03,+24.506674E-03,-106.234295E-03,+121.612750E-03
+1.926250E-03,-28.701868E-03,-106.548366E-03,+121.612750E-03
+1.927500E-03,+20.652402E-03,-106.391331E-03,+121.612750E-03
+1.928750E-03,-23.565562E-03,-106.548366E-03,+121.628454E-03
+1.930000E-03,+14.593357E-03,-106.705401E-03,+121.628454E-03
+1.931250E-03,-17.053313E-03,-106.391331E-03,+121.628454E-03
+1.932500E-03,+8.042321E-03,-106.705401E-03,+121.612750E-03
+1.933750E-03,-7.793263E-03,-106.705401E-03,+121.628454E-03
+1.935000E-03,+1.499450E-03,-106.548366E-03,+121.612750E-03
+1.936250E-03,+1.819959E-03,-106.862436E-03,+121.612750E-03
+1.937500E-03,-6.104978E-03,-106.391331E-03,+121.612750E-03
+1.938750E-03,+9.791850E-03,-106.391331E-03,+121.612750E-03
+1.940000E-03,-12.860160E-03,-106.705401E-03,+121.612750E-03
+1.941250E-03,+17.839274E-03,-106.548366E-03,+121.612750E-03
+1.942500E-03,-17.492227E-03,-106.548366E-03,+121.628454E-03
+1.943750E-03,+23.614557E-03,-106.234295E-03,+121.612750E-03
+1.945000E-03,-23.943232E-03,-106.705401E-03,+121.628454E-03
+1.946250E-03,+27.009500E-03,-106.548366E-03,+121.612750E-03
+1.947500E-03,-27.626020E-03,-106.705401E-03,+121.612750E-03
+1.948750E-03,+28.787610E-03,-106.548366E-03,+121.628454E-03
+1.950000E-03,-30.041064E-03,-106.548366E-03,+121.628454E-03
+1.951250E-03,+27.832208E-03,-106.391331E-03,+121.628454E-03
+1.952500E-03,-30.320744E-03,-106.548366E-03,+121.612750E-03
+1.953750E-03,+23.814620E-03,-106.705401E-03,+121.628454E-03
+1.955000E-03,-28.052685E-03,-106.705401E-03,+121.612750E-03
+1.956250E-03,+18.982490E-03,-106.548366E-03,+121.612750E-03
+1.957500E-03,-22.712233E-03,-106.705401E-03,+121.612750E-03
+1.958750E-03,+13.003062E-03,-106.548366E-03,+121.612750E-03
+1.960000E-03,-15.936636E-03,-106.234295E-03,+121.628454E-03
+1.961250E-03,+6.190719E-03,-106.705401E-03,+121.612750E-03
+1.962500E-03,-8.177057E-03,-106.548366E-03,+121.628454E-03
+1.963750E-03,-1.125864E-03,-106.705401E-03,+121.612750E-03
+1.965000E-03,+1.595399E-03,-106.705401E-03,+121.612750E-03
+1.966250E-03,-6.878690E-03,-106.705401E-03,+121.612750E-03
+1.967500E-03,+10.275675E-03,-106.548366E-03,+121.612750E-03
+1.968750E-03,-13.807396E-03,-107.019471E-03,+121.612750E-03
+1.970000E-03,+17.914808E-03,-106.548366E-03,+121.628454E-03
+1.971250E-03,-20.144080E-03,-106.705401E-03,+121.612750E-03
+1.972500E-03,+24.306611E-03,-106.234295E-03,+121.612750E-03
+1.973750E-03,-24.894551E-03,-106.862436E-03,+121.612750E-03
+1.975000E-03,+27.499450E-03,-106.234295E-03,+121.612750E-03
+1.976250E-03,-28.622252E-03,-106.862436E-03,+121.612750E-03
+1.977500E-03,+28.079224E-03,-106.234295E-03,+121.612750E-03
+1.978750E-03,-30.661667E-03,-106.705401E-03,+121.612750E-03
+1.980000E-03,+27.264682E-03,-106.548366E-03,+121.612750E-03
+1.981250E-03,-29.593985E-03,-106.548366E-03,+121.612750E-03
+1.982500E-03,+24.300487E-03,-106.391331E-03,+121.628454E-03
+1.983750E-03,-26.292949E-03,-106.705401E-03,+121.628454E-03
+1.985000E-03,+18.502748E-03,-106.705401E-03,+121.612750E-03
+1.986250E-03,-20.911667E-03,-106.705401E-03,+121.612750E-03
+1.987500E-03,+12.347754E-03,-106.548366E-03,+121.628454E-03
+1.988750E-03,-14.215688E-03,-106.705401E-03,+121.628454E-03
+1.990000E-03,+6.615342E-03,-106.548366E-03,+121.628454E-03
+1.991250E-03,-6.176429E-03,-106.548366E-03,+121.628454E-03
+1.992500E-03,-613.458E-06,-106.548366E-03,+121.612750E-03
+1.993750E-03,+3.136699E-03,-106.548366E-03,+121.597046E-03
+1.995000E-03,-7.656485E-03,-106.548366E-03,+121.612750E-03
+1.996250E-03,+11.827183E-03,-106.705401E-03,+121.612750E-03
+1.997500E-03,-14.203439E-03,-106.548366E-03,+121.612750E-03
+1.998750E-03,+18.739557E-03,-106.391331E-03,+121.612750E-03
+2.000000E-03,-20.342101E-03,-106.862436E-03,+121.628454E-03
+2.001250E-03,+24.057553E-03,-106.391331E-03,+121.612750E-03
+2.002500E-03,-24.945587E-03,-106.548366E-03,+121.612750E-03
+2.003750E-03,+28.367069E-03,-106.391331E-03,+121.628454E-03
+2.005000E-03,-28.285411E-03,-106.548366E-03,+121.612750E-03
+2.006250E-03,+27.521906E-03,-106.391331E-03,+121.612750E-03
+2.007500E-03,-29.524576E-03,-106.862436E-03,+121.612750E-03
+2.008750E-03,+25.102779E-03,-106.548366E-03,+121.612750E-03
+2.010000E-03,-28.969299E-03,-106.705401E-03,+121.612750E-03
+2.011250E-03,+22.552999E-03,-106.234295E-03,+121.612750E-03
+2.012500E-03,-25.737672E-03,-106.548366E-03,+121.612750E-03
+2.013750E-03,+17.451397E-03,-106.391331E-03,+121.628454E-03
+2.015000E-03,-20.489086E-03,-106.548366E-03,+121.628454E-03
+2.016250E-03,+10.492070E-03,-106.548366E-03,+121.597046E-03
+2.017500E-03,-13.478722E-03,-106.548366E-03,+121.612750E-03
+2.018750E-03,+4.435066E-03,-106.391331E-03,+121.628454E-03
+2.020000E-03,-4.633087E-03,-106.705401E-03,+121.628454E-03
+2.021250E-03,-2.362987E-03,-106.391331E-03,+121.612750E-03
+2.022500E-03,+3.571529E-03,-106.548366E-03,+121.628454E-03
+2.023750E-03,-9.175330E-03,-106.548366E-03,+121.612750E-03
+2.025000E-03,+12.439620E-03,-106.548366E-03,+121.597046E-03
+2.026250E-03,-15.285411E-03,-106.705401E-03,+121.612750E-03
+2.027500E-03,+19.643923E-03,-106.391331E-03,+121.612750E-03
+2.028750E-03,-20.956580E-03,-106.705401E-03,+121.612750E-03
+2.030000E-03,+24.492384E-03,-106.548366E-03,+121.612750E-03
+2.031250E-03,-25.633558E-03,-106.862436E-03,+121.597046E-03
+2.032500E-03,+26.699199E-03,-106.391331E-03,+121.612750E-03
+2.033750E-03,-28.175172E-03,-106.862436E-03,+121.628454E-03
+2.035000E-03,+26.876806E-03,-106.391331E-03,+121.628454E-03
+2.036250E-03,-29.830794E-03,-106.862436E-03,+121.597046E-03
+2.037500E-03,+25.019080E-03,-106.548366E-03,+121.612750E-03
+2.038750E-03,-28.542635E-03,-106.234295E-03,+121.612750E-03
+2.040000E-03,+21.244425E-03,-106.234295E-03,+121.612750E-03
+2.041250E-03,-25.053784E-03,-106.705401E-03,+121.612750E-03
+2.042500E-03,+15.740656E-03,-106.548366E-03,+121.628454E-03
+2.043750E-03,-18.870210E-03,-106.391331E-03,+121.628454E-03
+2.045000E-03,+9.857176E-03,-106.862436E-03,+121.628454E-03
+2.046250E-03,-11.459720E-03,-106.862436E-03,+121.612750E-03
+2.047500E-03,+3.561322E-03,-106.391331E-03,+121.628454E-03
+2.048750E-03,-2.816190E-03,-106.548366E-03,+121.628454E-03
+2.050000E-03,-2.746781E-03,-106.391331E-03,+121.612750E-03
+2.051250E-03,+7.237987E-03,-106.391331E-03,+121.612750E-03
+2.052500E-03,-9.510129E-03,-106.548366E-03,+121.612750E-03
+2.053750E-03,+14.103408E-03,-106.705401E-03,+121.612750E-03
+2.055000E-03,-15.232333E-03,-106.391331E-03,+121.628454E-03
+2.056250E-03,+20.766724E-03,-106.705401E-03,+121.628454E-03
+2.057500E-03,-20.615656E-03,-106.548366E-03,+121.612750E-03
+2.058750E-03,+25.117069E-03,-106.548366E-03,+121.628454E-03
+2.060000E-03,-25.431454E-03,-106.548366E-03,+121.612750E-03
+2.061250E-03,+26.688992E-03,-106.548366E-03,+121.628454E-03
+2.062500E-03,-28.775361E-03,-106.862436E-03,+121.628454E-03
+2.063750E-03,+26.548131E-03,-106.548366E-03,+121.612750E-03
+2.065000E-03,-29.077497E-03,-107.019471E-03,+121.612750E-03
+2.066250E-03,+24.131046E-03,-106.391331E-03,+121.612750E-03
+2.067500E-03,-27.519865E-03,-106.705401E-03,+121.612750E-03
+2.068750E-03,+18.759972E-03,-106.391331E-03,+121.612750E-03
+2.070000E-03,-24.208621E-03,-106.705401E-03,+121.612750E-03
+2.071250E-03,+13.639997E-03,-106.391331E-03,+121.612750E-03
+2.072500E-03,-17.735160E-03,-106.391331E-03,+121.612750E-03
+2.073750E-03,+7.995367E-03,-106.548366E-03,+121.612750E-03
+2.075000E-03,-10.755418E-03,-106.705401E-03,+121.612750E-03
+2.076250E-03,+1.705638E-03,-106.548366E-03,+121.612750E-03
+2.077500E-03,-2.309909E-03,-106.548366E-03,+121.612750E-03
+2.078750E-03,-4.949513E-03,-106.862436E-03,+121.612750E-03
+2.080000E-03,+7.044048E-03,-106.391331E-03,+121.628454E-03
+2.081250E-03,-10.822786E-03,-106.548366E-03,+121.612750E-03
+2.082500E-03,+14.530072E-03,-106.391331E-03,+121.612750E-03
+2.083750E-03,-17.041065E-03,-106.391331E-03,+121.612750E-03
+2.085000E-03,+20.752434E-03,-106.077260E-03,+121.628454E-03
+2.086250E-03,-22.136542E-03,-106.548366E-03,+121.612750E-03
+2.087500E-03,+24.804726E-03,-106.548366E-03,+121.628454E-03
+2.088750E-03,-25.882616E-03,-106.705401E-03,+121.628454E-03
+2.090000E-03,+26.339902E-03,-106.234295E-03,+121.628454E-03
+2.091250E-03,-28.120053E-03,-106.548366E-03,+121.612750E-03
+2.092500E-03,+26.309280E-03,-106.548366E-03,+121.612750E-03
+2.093750E-03,-28.575298E-03,-106.862436E-03,+121.628454E-03
+2.095000E-03,+23.040907E-03,-106.391331E-03,+121.612750E-03
+2.096250E-03,-26.356234E-03,-106.548366E-03,+121.612750E-03
+2.097500E-03,+19.176429E-03,-106.234295E-03,+121.628454E-03
+2.098750E-03,-22.893922E-03,-106.705401E-03,+121.612750E-03
+2.100000E-03,+14.125864E-03,-106.391331E-03,+121.628454E-03
+2.101250E-03,-15.875392E-03,-106.705401E-03,+121.628454E-03
+2.102500E-03,+8.613929E-03,-106.548366E-03,+121.628454E-03
+2.103750E-03,-7.778973E-03,-106.705401E-03,+121.612750E-03
+2.105000E-03,+621.624E-06,-106.705401E-03,+121.628454E-03
+2.106250E-03,+309.281E-06,-106.234295E-03,+121.597046E-03
+2.107500E-03,-4.927057E-03,-106.705401E-03,+121.612750E-03
+2.108750E-03,+8.950769E-03,-106.077260E-03,+121.597046E-03
+2.110000E-03,-11.576083E-03,-106.548366E-03,+121.628454E-03
+2.111250E-03,+16.028502E-03,-106.391331E-03,+121.628454E-03
+2.112500E-03,-17.065562E-03,-106.862436E-03,+121.612750E-03
+2.113750E-03,+21.511856E-03,-106.548366E-03,+121.628454E-03
+2.115000E-03,-22.224325E-03,-106.705401E-03,+121.612750E-03
+2.116250E-03,+24.233118E-03,-106.548366E-03,+121.628454E-03
+2.117500E-03,-26.223539E-03,-106.548366E-03,+121.612750E-03
+2.118750E-03,+25.490656E-03,-106.705401E-03,+121.612750E-03
+2.120000E-03,-28.248665E-03,-106.862436E-03,+121.597046E-03
+2.121250E-03,+25.566190E-03,-106.705401E-03,+121.612750E-03
+2.122500E-03,-29.226523E-03,-106.705401E-03,+121.612750E-03
+2.123750E-03,+23.026617E-03,-106.234295E-03,+121.612750E-03
+2.125000E-03,-26.025518E-03,-106.391331E-03,+121.612750E-03
+2.126250E-03,+18.294519E-03,-106.548366E-03,+121.612750E-03
+2.127500E-03,-21.826240E-03,-106.862436E-03,+121.612750E-03
+2.128750E-03,+12.702968E-03,-106.705401E-03,+121.612750E-03
+2.130000E-03,-15.267038E-03,-106.391331E-03,+121.612750E-03
+2.131250E-03,+7.137955E-03,-106.548366E-03,+121.597046E-03
+2.132500E-03,-6.801115E-03,-106.391331E-03,+121.597046E-03
+2.133750E-03,-315.405E-06,-106.548366E-03,+121.612750E-03
+2.135000E-03,+1.425958E-03,-106.548366E-03,+121.612750E-03
+2.136250E-03,-6.545933E-03,-106.548366E-03,+121.612750E-03
+2.137500E-03,+9.334563E-03,-106.234295E-03,+121.612750E-03
+2.138750E-03,-12.921404E-03,-106.548366E-03,+121.597046E-03
+2.140000E-03,+16.126492E-03,-106.548366E-03,+121.612750E-03
+2.141250E-03,-18.129161E-03,-106.705401E-03,+121.612750E-03
+2.142500E-03,+21.636385E-03,-106.234295E-03,+121.612750E-03
+2.143750E-03,-22.506046E-03,-106.548366E-03,+121.612750E-03
+2.145000E-03,+23.594142E-03,-106.705401E-03,+121.612750E-03
+2.146250E-03,-26.519551E-03,-106.705401E-03,+121.612750E-03
+2.147500E-03,+24.951711E-03,-106.548366E-03,+121.612750E-03
+2.148750E-03,-27.956737E-03,-106.548366E-03,+121.612750E-03
+2.150000E-03,+24.796561E-03,-106.234295E-03,+121.612750E-03
+2.151250E-03,-27.595399E-03,-106.548366E-03,+121.612750E-03
+2.152500E-03,+21.975267E-03,-106.548366E-03,+121.628454E-03
+2.153750E-03,-24.406642E-03,-106.705401E-03,+121.612750E-03
+2.155000E-03,+17.586134E-03,-106.391331E-03,+121.628454E-03
+2.156250E-03,-19.984846E-03,-106.705401E-03,+121.612750E-03
+2.157500E-03,+12.629475E-03,-106.548366E-03,+121.612750E-03
+2.158750E-03,-13.374607E-03,-106.391331E-03,+121.612750E-03
+2.160000E-03,+5.929413E-03,-106.705401E-03,+121.612750E-03
+2.161250E-03,-4.855606E-03,-106.391331E-03,+121.612750E-03
+2.162500E-03,-464.432E-06,-106.548366E-03,+121.612750E-03
+2.163750E-03,+3.406171E-03,-106.548366E-03,+121.597046E-03
+2.165000E-03,-6.627591E-03,-106.548366E-03,+121.612750E-03
+2.166250E-03,+10.496153E-03,-106.862436E-03,+121.597046E-03
+2.167500E-03,-13.337861E-03,-106.548366E-03,+121.612750E-03
+2.168750E-03,+17.316661E-03,-106.391331E-03,+121.612750E-03
+2.170000E-03,-18.743640E-03,-106.548366E-03,+121.612750E-03
+2.171250E-03,+22.316190E-03,-106.234295E-03,+121.628454E-03
+2.172500E-03,-23.077654E-03,-106.705401E-03,+121.612750E-03
+2.173750E-03,+24.563835E-03,-106.548366E-03,+121.612750E-03
+2.175000E-03,-25.658056E-03,-106.548366E-03,+121.612750E-03
+2.176250E-03,+24.643451E-03,-106.548366E-03,+121.612750E-03
+2.177500E-03,-27.052371E-03,-106.705401E-03,+121.612750E-03
+2.178750E-03,+24.018765E-03,-106.391331E-03,+121.612750E-03
+2.180000E-03,-26.737987E-03,-106.705401E-03,+121.612750E-03
+2.181250E-03,+20.636071E-03,-106.548366E-03,+121.612750E-03
+2.182500E-03,-24.080009E-03,-106.705401E-03,+121.612750E-03
+2.183750E-03,+15.426272E-03,-106.705401E-03,+121.628454E-03
+2.185000E-03,-18.872252E-03,-106.548366E-03,+121.597046E-03
+2.186250E-03,+9.991913E-03,-106.548366E-03,+121.612750E-03
+2.187500E-03,-11.763897E-03,-106.548366E-03,+121.612750E-03
+2.188750E-03,+4.271749E-03,-106.548366E-03,+121.612750E-03
+2.190000E-03,-4.194174E-03,-106.548366E-03,+121.612750E-03
+2.191250E-03,-2.338489E-03,-106.705401E-03,+121.628454E-03
+2.192500E-03,+3.500078E-03,-106.548366E-03,+121.612750E-03
+2.193750E-03,-8.791536E-03,-106.548366E-03,+121.628454E-03
+2.195000E-03,+10.679884E-03,-106.548366E-03,+121.612750E-03
+2.196250E-03,-13.952340E-03,-106.705401E-03,+121.612750E-03
+2.197500E-03,+16.979821E-03,-106.548366E-03,+121.612750E-03
+2.198750E-03,-19.186636E-03,-106.391331E-03,+121.612750E-03
+2.200000E-03,+22.183495E-03,-106.391331E-03,+121.612750E-03
+2.201250E-03,-24.541379E-03,-106.548366E-03,+121.612750E-03
+2.202500E-03,+24.704695E-03,-106.391331E-03,+121.612750E-03
+2.203750E-03,-26.627748E-03,-106.705401E-03,+121.612750E-03
+2.205000E-03,+25.249764E-03,-106.548366E-03,+121.612750E-03
+2.206250E-03,-26.574670E-03,-106.548366E-03,+121.612750E-03
+2.207500E-03,+23.118483E-03,-106.548366E-03,+121.612750E-03
+2.208750E-03,-25.535568E-03,-106.391331E-03,+121.612750E-03
+2.210000E-03,+20.158370E-03,-106.234295E-03,+121.597046E-03
+2.211250E-03,-22.277402E-03,-106.705401E-03,+121.612750E-03
+2.212500E-03,+15.342572E-03,-106.548366E-03,+121.628454E-03
+2.213750E-03,-17.610631E-03,-106.862436E-03,+121.597046E-03
+2.215000E-03,+9.256988E-03,-106.391331E-03,+121.612750E-03
+2.216250E-03,-10.238929E-03,-106.391331E-03,+121.612750E-03
+2.217500E-03,+3.636856E-03,-106.391331E-03,+121.612750E-03
+2.218750E-03,-2.591630E-03,-106.391331E-03,+121.612750E-03
+2.220000E-03,-2.850895E-03,-106.862436E-03,+121.612750E-03
+2.221250E-03,+5.214903E-03,-106.548366E-03,+121.597046E-03
+2.222500E-03,-9.336605E-03,-106.391331E-03,+121.597046E-03
+2.223750E-03,+12.945901E-03,-106.077260E-03,+121.597046E-03
+2.225000E-03,-15.209877E-03,-106.705401E-03,+121.612750E-03
+2.226250E-03,+18.770179E-03,-106.391331E-03,+121.628454E-03
+2.227500E-03,-19.713332E-03,-106.705401E-03,+121.612750E-03
+2.228750E-03,+22.830637E-03,-106.548366E-03,+121.612750E-03
+2.230000E-03,-23.920775E-03,-106.705401E-03,+121.612750E-03
+2.231250E-03,+25.498822E-03,-106.077260E-03,+121.597046E-03
+2.232500E-03,-26.578753E-03,-106.548366E-03,+121.612750E-03
+2.233750E-03,+24.496466E-03,-106.391331E-03,+121.612750E-03
+2.235000E-03,-27.156485E-03,-106.548366E-03,+121.612750E-03
+2.236250E-03,+22.046718E-03,-106.077260E-03,+121.628454E-03
+2.237500E-03,-25.582522E-03,-106.391331E-03,+121.628454E-03
+2.238750E-03,+18.966159E-03,-106.548366E-03,+121.612750E-03
+2.240000E-03,-21.577183E-03,-106.705401E-03,+121.612750E-03
+2.241250E-03,+13.803313E-03,-106.548366E-03,+121.597046E-03
+2.242500E-03,-16.720556E-03,-106.705401E-03,+121.612750E-03
+2.243750E-03,+7.860631E-03,-106.391331E-03,+121.612750E-03
+2.245000E-03,-10.234846E-03,-106.548366E-03,+121.612750E-03
+2.246250E-03,+1.542321E-03,-106.391331E-03,+121.612750E-03
+2.247500E-03,-1.742384E-03,-106.391331E-03,+121.597046E-03
+2.248750E-03,-4.177842E-03,-106.077260E-03,+121.612750E-03
+2.250000E-03,+5.815091E-03,-106.391331E-03,+121.612750E-03
+2.251250E-03,-10.292007E-03,-106.548366E-03,+121.612750E-03
+2.252500E-03,+13.409312E-03,-106.548366E-03,+121.612750E-03
+2.253750E-03,-15.514054E-03,-106.548366E-03,+121.612750E-03
+2.255000E-03,+18.747723E-03,-106.548366E-03,+121.612750E-03
+2.256250E-03,-20.560537E-03,-106.548366E-03,+121.612750E-03
+2.257500E-03,+22.844928E-03,-106.548366E-03,+121.628454E-03
+2.258750E-03,-25.102779E-03,-107.019471E-03,+121.612750E-03
+2.260000E-03,+24.365813E-03,-106.391331E-03,+121.612750E-03
+2.261250E-03,-26.727779E-03,-106.548366E-03,+121.612750E-03
+2.262500E-03,+23.653345E-03,-106.391331E-03,+121.612750E-03
+2.263750E-03,-26.323571E-03,-106.705401E-03,+121.612750E-03
+2.265000E-03,+21.838489E-03,-106.548366E-03,+121.612750E-03
+2.266250E-03,-24.290279E-03,-106.391331E-03,+121.612750E-03
+2.267500E-03,+18.194488E-03,-106.391331E-03,+121.612750E-03
+2.268750E-03,-21.138269E-03,-106.548366E-03,+121.612750E-03
+2.270000E-03,+13.047974E-03,-106.391331E-03,+121.612750E-03
+2.271250E-03,-15.322158E-03,-106.391331E-03,+121.612750E-03
+2.272500E-03,+7.127748E-03,-106.234295E-03,+121.612750E-03
+2.273750E-03,-7.401303E-03,-106.705401E-03,+121.612750E-03
+2.275000E-03,+1.474953E-03,-106.548366E-03,+121.597046E-03
+2.276250E-03,-1.095242E-03,-106.391331E-03,+121.612750E-03
+2.277500E-03,-4.612673E-03,-106.548366E-03,+121.612750E-03
+2.278750E-03,+7.903502E-03,-106.548366E-03,+121.628454E-03
+2.280000E-03,-10.008244E-03,-106.548366E-03,+121.612750E-03
+2.281250E-03,+15.101680E-03,-106.391331E-03,+121.612750E-03
+2.282500E-03,-15.681454E-03,-106.705401E-03,+121.628454E-03
+2.283750E-03,+20.325769E-03,-106.234295E-03,+121.597046E-03
+2.285000E-03,-20.442132E-03,-106.548366E-03,+121.612750E-03
+2.286250E-03,+23.498194E-03,-106.077260E-03,+121.628454E-03
+2.287500E-03,-24.392352E-03,-106.548366E-03,+121.612750E-03
+2.288750E-03,+23.683966E-03,-106.391331E-03,+121.612750E-03
+2.290000E-03,-25.786667E-03,-106.705401E-03,+121.612750E-03
+2.291250E-03,+23.549230E-03,-106.391331E-03,+121.612750E-03
+2.292500E-03,-26.090845E-03,-106.705401E-03,+121.628454E-03
+2.293750E-03,+20.707522E-03,-106.548366E-03,+121.612750E-03
+2.295000E-03,-24.275989E-03,-106.705401E-03,+121.597046E-03
+2.296250E-03,+16.387798E-03,-106.391331E-03,+121.612750E-03
+2.297500E-03,-20.378847E-03,-106.548366E-03,+121.612750E-03
+2.298750E-03,+11.796561E-03,-106.548366E-03,+121.597046E-03
+2.300000E-03,-15.079224E-03,-106.705401E-03,+121.612750E-03
+2.301250E-03,+5.267980E-03,-106.391331E-03,+121.612750E-03
+2.302500E-03,-6.741913E-03,-106.391331E-03,+121.612750E-03
+2.303750E-03,-811.479E-06,-106.862436E-03,+121.612750E-03
+2.305000E-03,+999.293E-06,-106.705401E-03,+121.612750E-03
+2.306250E-03,-7.405386E-03,-106.391331E-03,+121.628454E-03
+2.307500E-03,+8.434281E-03,-106.548366E-03,+121.612750E-03
+2.308750E-03,-12.164023E-03,-106.705401E-03,+121.612750E-03
+2.310000E-03,+15.622252E-03,-106.234295E-03,+121.628454E-03
+2.311250E-03,-16.626649E-03,-107.019471E-03,+121.628454E-03
+2.312500E-03,+20.105292E-03,-106.548366E-03,+121.612750E-03
+2.313750E-03,-21.054569E-03,-106.705401E-03,+121.612750E-03
+2.315000E-03,+22.712233E-03,-106.391331E-03,+121.628454E-03
+2.316250E-03,-24.318860E-03,-107.019471E-03,+121.612750E-03
+2.317500E-03,+23.406328E-03,-106.391331E-03,+121.612750E-03
+2.318750E-03,-25.868326E-03,-106.862436E-03,+121.612750E-03
+2.320000E-03,+22.781642E-03,-106.234295E-03,+121.612750E-03
+2.321250E-03,-25.905072E-03,-106.548366E-03,+121.612750E-03
+2.322500E-03,+20.286982E-03,-106.391331E-03,+121.612750E-03
+2.323750E-03,-23.632930E-03,-106.862436E-03,+121.612750E-03
+2.325000E-03,+15.871310E-03,-106.234295E-03,+121.612750E-03
+2.326250E-03,-18.911039E-03,-106.234295E-03,+121.597046E-03
+2.327500E-03,+11.800644E-03,-106.234295E-03,+121.612750E-03
+2.328750E-03,-13.264369E-03,-106.234295E-03,+121.628454E-03
+2.330000E-03,+5.586448E-03,-106.234295E-03,+121.597046E-03
+2.331250E-03,-5.074042E-03,-106.705401E-03,+121.612750E-03
+2.332500E-03,-625.707E-06,-106.705401E-03,+121.612750E-03
+2.333750E-03,+3.451084E-03,-106.548366E-03,+121.612750E-03
+2.335000E-03,-5.923288E-03,-106.548366E-03,+121.612750E-03
+2.336250E-03,+9.650989E-03,-106.391331E-03,+121.597046E-03
+2.337500E-03,-11.974168E-03,-106.548366E-03,+121.612750E-03
+2.338750E-03,+15.793734E-03,-106.391331E-03,+121.612750E-03
+2.340000E-03,-15.950926E-03,-106.548366E-03,+121.612750E-03
+2.341250E-03,+20.278816E-03,-106.234295E-03,+121.612750E-03
+2.342500E-03,-21.432239E-03,-106.705401E-03,+121.612750E-03
+2.343750E-03,+22.710191E-03,-106.391331E-03,+121.612750E-03
+2.345000E-03,-24.126963E-03,-106.548366E-03,+121.612750E-03
+2.346250E-03,+23.706422E-03,-106.548366E-03,+121.612750E-03
+2.347500E-03,-25.962233E-03,-106.548366E-03,+121.612750E-03
+2.348750E-03,+22.120210E-03,-106.077260E-03,+121.612750E-03
+2.350000E-03,-25.825455E-03,-106.548366E-03,+121.612750E-03
+2.351250E-03,+18.892666E-03,-106.077260E-03,+121.612750E-03
+2.352500E-03,-22.953125E-03,-106.705401E-03,+121.628454E-03
+2.353750E-03,+13.954381E-03,-106.391331E-03,+121.612750E-03
+2.355000E-03,-17.908684E-03,-106.705401E-03,+121.597046E-03
+2.356250E-03,+9.132459E-03,-106.391331E-03,+121.612750E-03
+2.357500E-03,-11.833307E-03,-106.548366E-03,+121.597046E-03
+2.358750E-03,+3.677685E-03,-106.705401E-03,+121.612750E-03
+2.360000E-03,-4.490185E-03,-106.234295E-03,+121.612750E-03
+2.361250E-03,-2.432396E-03,-106.234295E-03,+121.612750E-03
+2.362500E-03,+2.744739E-03,-106.391331E-03,+121.597046E-03
+2.363750E-03,-7.458464E-03,-106.548366E-03,+121.597046E-03
+2.365000E-03,+9.922503E-03,-106.391331E-03,+121.597046E-03
+2.366250E-03,-13.382773E-03,-106.862436E-03,+121.612750E-03
+2.367500E-03,+15.673288E-03,-106.391331E-03,+121.612750E-03
+2.368750E-03,-17.845399E-03,-106.705401E-03,+121.612750E-03
+2.370000E-03,+20.438049E-03,-106.391331E-03,+121.597046E-03
+2.371250E-03,-21.726209E-03,-106.391331E-03,+121.612750E-03
+2.372500E-03,+22.585662E-03,-106.234295E-03,+121.612750E-03
+2.373750E-03,-24.357647E-03,-106.548366E-03,+121.597046E-03
+2.375000E-03,+22.512170E-03,-106.234295E-03,+121.628454E-03
+2.376250E-03,-24.804726E-03,-106.548366E-03,+121.612750E-03
+2.377500E-03,+21.689463E-03,-106.548366E-03,+121.612750E-03
+2.378750E-03,-23.884029E-03,-106.548366E-03,+121.597046E-03
+2.380000E-03,+18.306768E-03,-106.391331E-03,+121.612750E-03
+2.381250E-03,-21.589431E-03,-106.705401E-03,+121.612750E-03
+2.382500E-03,+14.660725E-03,-106.391331E-03,+121.612750E-03
+2.383750E-03,-16.222440E-03,-106.705401E-03,+121.612750E-03
+2.385000E-03,+9.173288E-03,-106.234295E-03,+121.612750E-03
+2.386250E-03,-9.179413E-03,-106.705401E-03,+121.612750E-03
+2.387500E-03,+3.896121E-03,-106.077260E-03,+121.612750E-03
+2.388750E-03,-1.809752E-03,-106.705401E-03,+121.628454E-03
+2.390000E-03,-2.546718E-03,-106.391331E-03,+121.612750E-03
+2.391250E-03,+4.933181E-03,-106.234295E-03,+121.628454E-03
+2.392500E-03,-8.771121E-03,-106.548366E-03,+121.597046E-03
+2.393750E-03,+11.782271E-03,-106.234295E-03,+121.628454E-03
+2.395000E-03,-13.697158E-03,-106.548366E-03,+121.597046E-03
+2.396250E-03,+17.155386E-03,-106.077260E-03,+121.612750E-03
+2.397500E-03,-17.980135E-03,-106.548366E-03,+121.628454E-03
+2.398750E-03,+20.039965E-03,-106.234295E-03,+121.612750E-03
+2.400000E-03,-22.036510E-03,-106.705401E-03,+121.612750E-03
+2.401250E-03,+22.744896E-03,-106.077260E-03,+121.597046E-03
+2.402500E-03,-24.033056E-03,-106.862436E-03,+121.612750E-03
+2.403750E-03,+22.183495E-03,-106.234295E-03,+121.612750E-03
+2.405000E-03,-25.396749E-03,-106.548366E-03,+121.612750E-03
+2.406250E-03,+21.089274E-03,-106.234295E-03,+121.612750E-03
+2.407500E-03,-23.690091E-03,-106.548366E-03,+121.612750E-03
+2.408750E-03,+17.618797E-03,-106.548366E-03,+121.597046E-03
+2.410000E-03,-20.781014E-03,-106.391331E-03,+121.597046E-03
+2.411250E-03,+12.592729E-03,-106.391331E-03,+121.612750E-03
+2.412500E-03,-15.442603E-03,-106.548366E-03,+121.612750E-03
+2.413750E-03,+7.634029E-03,-106.548366E-03,+121.628454E-03
+2.415000E-03,-9.348854E-03,-106.391331E-03,+121.612750E-03
+2.416250E-03,+1.801586E-03,-106.234295E-03,+121.597046E-03
+2.417500E-03,-2.195587E-03,-106.391331E-03,+121.612750E-03
+2.418750E-03,-3.926743E-03,-106.705401E-03,+121.612750E-03
+2.420000E-03,+4.988301E-03,-106.234295E-03,+121.612750E-03
+2.421250E-03,-9.885757E-03,-106.234295E-03,+121.612750E-03
+2.422500E-03,+12.333464E-03,-106.234295E-03,+121.597046E-03
+2.423750E-03,-15.189463E-03,-106.548366E-03,+121.628454E-03
+2.425000E-03,+16.820587E-03,-106.077260E-03,+121.612750E-03
+2.426250E-03,-19.641881E-03,-106.705401E-03,+121.612750E-03
+2.427500E-03,+20.244111E-03,-106.234295E-03,+121.612750E-03
+2.428750E-03,-23.020493E-03,-106.391331E-03,+121.597046E-03
+2.430000E-03,+23.112358E-03,-106.234295E-03,+121.612750E-03
+2.431250E-03,-24.471969E-03,-106.391331E-03,+121.612750E-03
+2.432500E-03,+22.865342E-03,-106.077260E-03,+121.612750E-03
+2.433750E-03,-24.363772E-03,-106.391331E-03,+121.612750E-03
+2.435000E-03,+20.307396E-03,-106.234295E-03,+121.612750E-03
+2.436250E-03,-23.016410E-03,-106.234295E-03,+121.597046E-03
+2.437500E-03,+17.757616E-03,-106.548366E-03,+121.597046E-03
+2.438750E-03,-19.296875E-03,-106.234295E-03,+121.612750E-03
+2.440000E-03,+12.825455E-03,-106.391331E-03,+121.612750E-03
+2.441250E-03,-14.301429E-03,-106.548366E-03,+121.612750E-03
+2.442500E-03,+7.088960E-03,-106.548366E-03,+121.612750E-03
+2.443750E-03,-7.699356E-03,-106.548366E-03,+121.597046E-03
+2.445000E-03,+1.603565E-03,-106.705401E-03,+121.612750E-03
+2.446250E-03,-392.981E-06,-106.234295E-03,+121.597046E-03
+2.447500E-03,-4.633087E-03,-106.705401E-03,+121.612750E-03
+2.448750E-03,+6.566347E-03,-106.077260E-03,+121.612750E-03
+2.450000E-03,-10.104193E-03,-106.548366E-03,+121.612750E-03
+2.451250E-03,+12.823414E-03,-106.077260E-03,+121.612750E-03
+2.452500E-03,-15.397691E-03,-106.548366E-03,+121.628454E-03
+2.453750E-03,+17.863772E-03,-106.077260E-03,+121.612750E-03
+2.455000E-03,-19.380575E-03,-106.077260E-03,+121.612750E-03
+2.456250E-03,+21.566975E-03,-106.077260E-03,+121.612750E-03
+2.457500E-03,-22.657113E-03,-106.705401E-03,+121.612750E-03
+2.458750E-03,+22.120210E-03,-106.234295E-03,+121.628454E-03
+2.460000E-03,-24.035097E-03,-106.548366E-03,+121.612750E-03
+2.461250E-03,+21.297503E-03,-106.234295E-03,+121.628454E-03
+2.462500E-03,-24.337233E-03,-106.391331E-03,+121.628454E-03
+2.463750E-03,+19.562264E-03,-106.391331E-03,+121.612750E-03
+2.465000E-03,-22.312107E-03,-106.705401E-03,+121.612750E-03
+2.466250E-03,+15.501806E-03,-106.077260E-03,+121.612750E-03
+2.467500E-03,-18.341473E-03,-106.234295E-03,+121.612750E-03
+2.468750E-03,+10.541065E-03,-106.548366E-03,+121.597046E-03
+2.470000E-03,-13.019394E-03,-106.391331E-03,+121.612750E-03
+2.471250E-03,+5.733433E-03,-106.391331E-03,+121.612750E-03
+2.472500E-03,-7.044048E-03,-106.391331E-03,+121.612750E-03
+2.473750E-03,-78.596E-06,-106.077260E-03,+121.612750E-03
+2.475000E-03,-603.251E-06,-106.234295E-03,+121.628454E-03
+2.476250E-03,-5.006674E-03,-106.548366E-03,+121.628454E-03
+2.477500E-03,+7.497252E-03,-106.234295E-03,+121.612750E-03
+2.478750E-03,-11.335191E-03,-106.391331E-03,+121.612750E-03
+2.480000E-03,+13.139840E-03,-106.391331E-03,+121.628454E-03
+2.481250E-03,-16.516410E-03,-106.391331E-03,+121.612750E-03
+2.482500E-03,+18.141410E-03,-106.234295E-03,+121.612750E-03
+2.483750E-03,-20.580951E-03,-106.391331E-03,+121.612750E-03
+2.485000E-03,+21.070901E-03,-106.548366E-03,+121.612750E-03
+2.486250E-03,-22.277402E-03,-106.548366E-03,+121.612750E-03
+2.487500E-03,+21.963018E-03,-106.391331E-03,+121.597046E-03
+2.488750E-03,-23.871781E-03,-106.548366E-03,+121.628454E-03
+2.490000E-03,+20.548288E-03,-106.391331E-03,+121.612750E-03
+2.491250E-03,-23.430826E-03,-106.548366E-03,+121.612750E-03
+2.492500E-03,+19.019237E-03,-106.234295E-03,+121.612750E-03
+2.493750E-03,-20.993326E-03,-106.548366E-03,+121.612750E-03
+2.495000E-03,+15.448728E-03,-106.234295E-03,+121.612750E-03
+2.496250E-03,-17.786196E-03,-106.548366E-03,+121.612750E-03
+2.497500E-03,+10.777874E-03,-106.234295E-03,+121.612750E-03
+2.498750E-03,-11.398477E-03,-106.548366E-03,+121.612750E-03
+2.500000E-03,+5.202654E-03,-106.234295E-03,+121.612750E-03
+2.501250E-03,-5.388426E-03,-106.391331E-03,+121.612750E-03
+2.502500E-03,-1.095242E-03,-106.391331E-03,+121.612750E-03
+2.503750E-03,+1.511699E-03,-106.391331E-03,+121.597046E-03
+2.505000E-03,-6.574513E-03,-106.548366E-03,+121.612750E-03
+2.506250E-03,+8.975267E-03,-106.548366E-03,+121.612750E-03
+2.507500E-03,-11.237202E-03,-106.234295E-03,+121.612750E-03
+2.508750E-03,+14.413709E-03,-106.548366E-03,+121.612750E-03
+2.510000E-03,-15.785568E-03,-106.548366E-03,+121.628454E-03
+2.511250E-03,+18.600738E-03,-106.234295E-03,+121.612750E-03
+2.512500E-03,-20.221655E-03,-106.234295E-03,+121.612750E-03
+2.513750E-03,+21.123979E-03,-106.391331E-03,+121.612750E-03
+2.515000E-03,-22.606077E-03,-106.234295E-03,+121.612750E-03
+2.516250E-03,+21.732333E-03,-106.391331E-03,+121.597046E-03
+2.517500E-03,-24.108590E-03,-106.548366E-03,+121.644157E-03
+2.518750E-03,+20.454381E-03,-106.391331E-03,+121.597046E-03
+2.520000E-03,-24.135129E-03,-106.705401E-03,+121.612750E-03
+2.521250E-03,+18.178156E-03,-106.548366E-03,+121.597046E-03
+2.522500E-03,-21.021906E-03,-106.391331E-03,+121.597046E-03
+2.523750E-03,+14.374921E-03,-106.234295E-03,+121.612750E-03
+2.525000E-03,-16.779758E-03,-106.705401E-03,+121.612750E-03
+2.526250E-03,+9.297817E-03,-106.234295E-03,+121.612750E-03
+2.527500E-03,-11.492384E-03,-106.548366E-03,+121.597046E-03
+2.528750E-03,+3.926743E-03,-106.705401E-03,+121.612750E-03
+2.530000E-03,-4.263584E-03,-105.920225E-03,+121.612750E-03
+2.531250E-03,-1.609689E-03,-106.548366E-03,+121.628454E-03
+2.532500E-03,+2.722283E-03,-106.391331E-03,+121.612750E-03
+2.533750E-03,-7.397220E-03,-106.548366E-03,+121.628454E-03
+2.535000E-03,+9.085506E-03,-106.391331E-03,+121.612750E-03
+2.536250E-03,-12.019080E-03,-106.705401E-03,+121.612750E-03
+2.537500E-03,+14.499450E-03,-106.234295E-03,+121.612750E-03
+2.538750E-03,-17.375864E-03,-106.548366E-03,+121.597046E-03
+2.540000E-03,+18.817132E-03,-106.234295E-03,+121.612750E-03
+2.541250E-03,-21.013740E-03,-106.234295E-03,+121.612750E-03
+2.542500E-03,+21.232176E-03,-106.391331E-03,+121.612750E-03
+2.543750E-03,-23.059281E-03,-106.548366E-03,+121.612750E-03
+2.545000E-03,+21.368954E-03,-106.391331E-03,+121.597046E-03
+2.546250E-03,-23.373665E-03,-106.548366E-03,+121.612750E-03
+2.547500E-03,+20.093043E-03,-106.077260E-03,+121.597046E-03
+2.548750E-03,-22.093671E-03,-106.705401E-03,+121.612750E-03
+2.550000E-03,+16.046875E-03,-106.077260E-03,+121.612750E-03
+2.551250E-03,-18.406799E-03,-106.548366E-03,+121.612750E-03
+2.552500E-03,+12.400832E-03,-106.548366E-03,+121.612750E-03
+2.553750E-03,-14.472911E-03,-106.548366E-03,+121.612750E-03
+2.555000E-03,+8.399576E-03,-106.391331E-03,+121.597046E-03
+2.556250E-03,-8.777246E-03,-106.234295E-03,+121.612750E-03
+2.557500E-03,+3.344928E-03,-106.077260E-03,+121.612750E-03
+2.558750E-03,-2.879475E-03,-106.391331E-03,+121.597046E-03
+2.560000E-03,-778.816E-06,-106.234295E-03,+121.612750E-03
+2.561250E-03,+4.379947E-03,-106.391331E-03,+121.612750E-03
+2.562500E-03,-6.950141E-03,-106.548366E-03,+121.612750E-03
+2.563750E-03,+10.345085E-03,-106.077260E-03,+121.612750E-03
+2.565000E-03,-12.453910E-03,-106.391331E-03,+121.612750E-03
+2.566250E-03,+15.173131E-03,-106.548366E-03,+121.597046E-03
+2.567500E-03,-17.667792E-03,-106.548366E-03,+121.612750E-03
+2.568750E-03,+18.970242E-03,-106.234295E-03,+121.612750E-03
+2.570000E-03,-20.668734E-03,-106.548366E-03,+121.612750E-03
+2.571250E-03,+20.168577E-03,-106.234295E-03,+121.597046E-03
+2.572500E-03,-23.026617E-03,-106.548366E-03,+121.612750E-03
+2.573750E-03,+20.299230E-03,-106.391331E-03,+121.612750E-03
+2.575000E-03,-23.541064E-03,-106.548366E-03,+121.612750E-03
+2.576250E-03,+19.523477E-03,-106.234295E-03,+121.597046E-03
+2.577500E-03,-22.193703E-03,-106.234295E-03,+121.597046E-03
+2.578750E-03,+15.614086E-03,-106.234295E-03,+121.612750E-03
+2.580000E-03,-19.280543E-03,-106.548366E-03,+121.612750E-03
+2.581250E-03,+12.019080E-03,-106.391331E-03,+121.612750E-03
+2.582500E-03,-14.095242E-03,-106.391331E-03,+121.612750E-03
+2.583750E-03,+7.309438E-03,-106.391331E-03,+121.612750E-03
+2.585000E-03,-7.519708E-03,-106.077260E-03,+121.612750E-03
+2.586250E-03,+1.983276E-03,-106.548366E-03,+121.612750E-03
+2.587500E-03,-2.120053E-03,-106.077260E-03,+121.612750E-03
+2.588750E-03,-3.761385E-03,-106.548366E-03,+121.612750E-03
+2.590000E-03,+5.398634E-03,-105.920225E-03,+121.612750E-03
+2.591250E-03,-8.736416E-03,-106.234295E-03,+121.597046E-03
+2.592500E-03,+10.645179E-03,-106.077260E-03,+121.612750E-03
+2.593750E-03,-13.605292E-03,-106.391331E-03,+121.612750E-03
+2.595000E-03,+15.518137E-03,-106.234295E-03,+121.612750E-03
+2.596250E-03,-18.386385E-03,-106.234295E-03,+121.612750E-03
+2.597500E-03,+19.835820E-03,-106.077260E-03,+121.612750E-03
+2.598750E-03,-21.683338E-03,-106.391331E-03,+121.612750E-03
+2.600000E-03,+20.064463E-03,-106.077260E-03,+121.612750E-03
+2.601250E-03,-23.093985E-03,-106.548366E-03,+121.597046E-03
+2.602500E-03,+20.627905E-03,-105.920225E-03,+121.612750E-03
+2.603750E-03,-22.922503E-03,-106.548366E-03,+121.612750E-03
+2.605000E-03,+18.594613E-03,-105.920225E-03,+121.612750E-03
+2.606250E-03,-21.256674E-03,-106.705401E-03,+121.612750E-03
+2.607500E-03,+15.797817E-03,-106.391331E-03,+121.612750E-03
+2.608750E-03,-17.763740E-03,-106.391331E-03,+121.612750E-03
+2.610000E-03,+11.463803E-03,-106.234295E-03,+121.597046E-03
+2.611250E-03,-13.172503E-03,-106.391331E-03,+121.612750E-03
+2.612500E-03,+6.629632E-03,-106.234295E-03,+121.612750E-03
+2.613750E-03,-6.321372E-03,-106.077260E-03,+121.612750E-03
+2.615000E-03,+1.562736E-03,-106.391331E-03,+121.612750E-03
+2.616250E-03,-35.726E-06,-106.234295E-03,+121.597046E-03
+2.617500E-03,-3.736888E-03,-106.077260E-03,+121.612750E-03
+2.618750E-03,+6.394865E-03,-105.920225E-03,+121.597046E-03
+2.620000E-03,-9.052842E-03,-106.234295E-03,+121.597046E-03
+2.621250E-03,+11.684281E-03,-106.234295E-03,+121.612750E-03
+2.622500E-03,-13.644080E-03,-106.548366E-03,+121.612750E-03
+2.623750E-03,+15.932553E-03,-106.548366E-03,+121.628454E-03
+2.625000E-03,-17.047189E-03,-106.391331E-03,+121.612750E-03
+2.626250E-03,+18.596655E-03,-106.391331E-03,+121.612750E-03
+2.627500E-03,-21.368954E-03,-106.234295E-03,+121.597046E-03
+2.628750E-03,+21.005575E-03,-106.234295E-03,+121.612750E-03
+2.630000E-03,-22.634657E-03,-106.391331E-03,+121.612750E-03
+2.631250E-03,+20.193075E-03,-106.234295E-03,+121.612750E-03
+2.632500E-03,-23.216473E-03,-106.234295E-03,+121.597046E-03
+2.633750E-03,+18.388426E-03,-106.391331E-03,+121.597046E-03
+2.635000E-03,-21.315876E-03,-106.548366E-03,+121.612750E-03
+2.636250E-03,+15.001649E-03,-106.391331E-03,+121.612750E-03
+2.637500E-03,-17.827026E-03,-106.548366E-03,+121.612750E-03
+2.638750E-03,+10.939149E-03,-106.391331E-03,+121.597046E-03
+2.640000E-03,-12.590688E-03,-106.391331E-03,+121.597046E-03
+2.641250E-03,+5.131203E-03,-106.234295E-03,+121.612750E-03
+2.642500E-03,-7.178784E-03,-106.234295E-03,+121.597046E-03
+2.643750E-03,-864.557E-06,-106.548366E-03,+121.597046E-03
+2.645000E-03,-129.633E-06,-106.391331E-03,+121.612750E-03
+2.646250E-03,-6.223382E-03,-106.234295E-03,+121.597046E-03
+2.647500E-03,+5.800801E-03,-106.234295E-03,+121.612750E-03
+2.648750E-03,-10.398163E-03,-106.391331E-03,+121.612750E-03
+2.650000E-03,+11.549544E-03,-106.077260E-03,+121.612750E-03
+2.651250E-03,-14.268766E-03,-106.391331E-03,+121.597046E-03
+2.652500E-03,+16.208150E-03,-106.705401E-03,+121.597046E-03
+2.653750E-03,-18.396592E-03,-106.391331E-03,+121.612750E-03
+2.655000E-03,+19.202968E-03,-106.234295E-03,+121.612750E-03
+2.656250E-03,-21.268923E-03,-106.234295E-03,+121.612750E-03
+2.657500E-03,+19.470399E-03,-106.391331E-03,+121.612750E-03
+2.658750E-03,-21.517980E-03,-106.548366E-03,+121.612750E-03
+2.660000E-03,+19.976680E-03,-106.077260E-03,+121.597046E-03
+2.661250E-03,-21.385286E-03,-106.705401E-03,+121.597046E-03
+2.662500E-03,+17.208464E-03,-106.077260E-03,+121.612750E-03
+2.663750E-03,-19.974639E-03,-106.548366E-03,+121.612750E-03
+2.665000E-03,+14.217729E-03,-106.391331E-03,+121.597046E-03
+2.666250E-03,-16.030543E-03,-106.234295E-03,+121.597046E-03
+2.667500E-03,+9.916379E-03,-106.077260E-03,+121.612750E-03
+2.668750E-03,-11.028973E-03,-106.391331E-03,+121.612750E-03
+2.670000E-03,+4.731077E-03,-106.234295E-03,+121.612750E-03
+2.671250E-03,-4.880104E-03,-106.391331E-03,+121.628454E-03
+2.672500E-03,-292.949E-06,-106.391331E-03,+121.612750E-03
+2.673750E-03,+1.593357E-03,-106.391331E-03,+121.612750E-03
+2.675000E-03,-5.688521E-03,-106.391331E-03,+121.612750E-03
+2.676250E-03,+8.428156E-03,-106.391331E-03,+121.597046E-03
+2.677500E-03,-10.686008E-03,-106.391331E-03,+121.612750E-03
+2.678750E-03,+13.152088E-03,-106.234295E-03,+121.612750E-03
+2.680000E-03,-15.309909E-03,-106.234295E-03,+121.612750E-03
+2.681250E-03,+16.532742E-03,-106.234295E-03,+121.612750E-03
+2.682500E-03,-19.235631E-03,-106.391331E-03,+121.597046E-03
+2.683750E-03,+19.496938E-03,-106.077260E-03,+121.597046E-03
+2.685000E-03,-20.864714E-03,-106.077260E-03,+121.612750E-03
+2.686250E-03,+19.903188E-03,-106.077260E-03,+121.597046E-03
+2.687500E-03,-21.748665E-03,-106.391331E-03,+121.612750E-03
+2.688750E-03,+18.461919E-03,-106.234295E-03,+121.612750E-03
+2.690000E-03,-21.032113E-03,-106.391331E-03,+121.597046E-03
+2.691250E-03,+16.406171E-03,-105.920225E-03,+121.597046E-03
+2.692500E-03,-19.715374E-03,-106.705401E-03,+121.612750E-03
+2.693750E-03,+12.110945E-03,-106.391331E-03,+121.597046E-03
+2.695000E-03,-15.891724E-03,-106.391331E-03,+121.612750E-03
+2.696250E-03,+8.040279E-03,-106.234295E-03,+121.597046E-03
+2.697500E-03,-10.794205E-03,-106.391331E-03,+121.612750E-03
+2.698750E-03,+3.342886E-03,-106.391331E-03,+121.612750E-03
+2.700000E-03,-3.963489E-03,-106.234295E-03,+121.612750E-03
+2.701250E-03,-1.672974E-03,-106.077260E-03,+121.597046E-03
+2.702500E-03,+2.360945E-03,-106.391331E-03,+121.597046E-03
+2.703750E-03,-7.591159E-03,-106.391331E-03,+121.597046E-03
+2.705000E-03,+8.609846E-03,-106.391331E-03,+121.612750E-03
+2.706250E-03,-12.088489E-03,-106.077260E-03,+121.612750E-03
+2.707500E-03,+14.134029E-03,-105.920225E-03,+121.597046E-03
+2.708750E-03,-16.161196E-03,-106.548366E-03,+121.612750E-03
+2.710000E-03,+17.400361E-03,-106.234295E-03,+121.597046E-03
+2.711250E-03,-19.086605E-03,-105.920225E-03,+121.597046E-03
+2.712500E-03,+19.523477E-03,-106.077260E-03,+121.612750E-03
+2.713750E-03,-20.768765E-03,-106.391331E-03,+121.612750E-03
+2.715000E-03,+20.284940E-03,-106.077260E-03,+121.597046E-03
+2.716250E-03,-21.985474E-03,-106.234295E-03,+121.612750E-03
+2.717500E-03,+18.084249E-03,-106.077260E-03,+121.612750E-03
+2.718750E-03,-20.952497E-03,-106.391331E-03,+121.612750E-03
+2.720000E-03,+16.395964E-03,-106.234295E-03,+121.597046E-03
+2.721250E-03,-19.041693E-03,-106.391331E-03,+121.597046E-03
+2.722500E-03,+13.235788E-03,-105.763190E-03,+121.612750E-03
+2.723750E-03,-14.672974E-03,-106.705401E-03,+121.612750E-03
+2.725000E-03,+8.322001E-03,-106.234295E-03,+121.597046E-03
+2.726250E-03,-8.805826E-03,-106.391331E-03,+121.612750E-03
+2.727500E-03,+3.148948E-03,-106.077260E-03,+121.597046E-03
+2.728750E-03,-2.612045E-03,-106.234295E-03,+121.612750E-03
+2.730000E-03,-2.173131E-03,-106.548366E-03,+121.612750E-03
+2.731250E-03,+4.239086E-03,-105.920225E-03,+121.612750E-03
+2.732500E-03,-7.750393E-03,-106.234295E-03,+121.597046E-03
+2.733750E-03,+9.883715E-03,-106.077260E-03,+121.612750E-03
+2.735000E-03,-12.729507E-03,-106.391331E-03,+121.612750E-03
+2.736250E-03,+15.044519E-03,-106.234295E-03,+121.612750E-03
+2.737500E-03,-15.720242E-03,-106.077260E-03,+121.628454E-03
+2.738750E-03,+17.796404E-03,-106.234295E-03,+121.612750E-03
+2.740000E-03,-18.727308E-03,-106.548366E-03,+121.612750E-03
+2.741250E-03,+19.605135E-03,-106.234295E-03,+121.597046E-03
+2.742500E-03,-21.338332E-03,-106.548366E-03,+121.612750E-03
+2.743750E-03,+19.254004E-03,-106.391331E-03,+121.597046E-03
+2.745000E-03,-21.468985E-03,-106.234295E-03,+121.597046E-03
+2.746250E-03,+17.510600E-03,-106.391331E-03,+121.612750E-03
+2.747500E-03,-21.224010E-03,-106.391331E-03,+121.612750E-03
+2.748750E-03,+15.218043E-03,-106.077260E-03,+121.597046E-03
+2.750000E-03,-18.555826E-03,-106.548366E-03,+121.612750E-03
+2.751250E-03,+11.686322E-03,-106.234295E-03,+121.597046E-03
+2.752500E-03,-14.262641E-03,-106.705401E-03,+121.612750E-03
+2.753750E-03,+6.823571E-03,-106.234295E-03,+121.597046E-03
+2.755000E-03,-8.393452E-03,-106.077260E-03,+121.597046E-03
+2.756250E-03,+1.952654E-03,-106.234295E-03,+121.612750E-03
+2.757500E-03,-3.016253E-03,-106.391331E-03,+121.597046E-03
+2.758750E-03,-3.424545E-03,-106.234295E-03,+121.612750E-03
+2.760000E-03,+4.049230E-03,-106.234295E-03,+121.597046E-03
+2.761250E-03,-7.301272E-03,-106.391331E-03,+121.597046E-03
+2.762500E-03,+10.138898E-03,-106.234295E-03,+121.612750E-03
+2.763750E-03,-13.358276E-03,-106.548366E-03,+121.612750E-03
+2.765000E-03,+14.819959E-03,-106.077260E-03,+121.612750E-03
+2.766250E-03,-17.412610E-03,-106.705401E-03,+121.597046E-03
+2.767500E-03,+17.498351E-03,-106.077260E-03,+121.612750E-03
+2.768750E-03,-18.931454E-03,-106.234295E-03,+121.597046E-03
+2.770000E-03,+18.551743E-03,-105.920225E-03,+121.612750E-03
+2.771250E-03,-20.944331E-03,-106.234295E-03,+121.612750E-03
+2.772500E-03,+18.804884E-03,-106.077260E-03,+121.612750E-03
+2.773750E-03,-20.827968E-03,-106.391331E-03,+121.597046E-03
+2.775000E-03,+17.249293E-03,-106.077260E-03,+121.612750E-03
+2.776250E-03,-19.274419E-03,-106.391331E-03,+121.612750E-03
+2.777500E-03,+14.289180E-03,-106.234295E-03,+121.628454E-03
+2.778750E-03,-15.912139E-03,-106.391331E-03,+121.597046E-03
+2.780000E-03,+10.514526E-03,-106.234295E-03,+121.612750E-03
+2.781250E-03,-12.168106E-03,-106.391331E-03,+121.597046E-03
+2.782500E-03,+5.751806E-03,-106.077260E-03,+121.597046E-03
+2.783750E-03,-6.492855E-03,-106.077260E-03,+121.597046E-03
+2.785000E-03,+1.403502E-03,-106.234295E-03,+121.597046E-03
+2.786250E-03,-740.028E-06,-106.391331E-03,+121.597046E-03
+2.787500E-03,-3.728722E-03,-106.391331E-03,+121.597046E-03
+2.788750E-03,+5.435380E-03,-106.391331E-03,+121.612750E-03
+2.790000E-03,-8.891567E-03,-106.234295E-03,+121.597046E-03
+2.791250E-03,+10.530857E-03,-106.234295E-03,+121.597046E-03
+2.792500E-03,-13.290908E-03,-106.234295E-03,+121.612750E-03
+2.793750E-03,+14.456580E-03,-106.077260E-03,+121.612750E-03
+2.795000E-03,-16.765468E-03,-106.391331E-03,+121.597046E-03
+2.796250E-03,+17.696372E-03,-106.548366E-03,+121.612750E-03
+2.797500E-03,-19.570430E-03,-106.077260E-03,+121.612750E-03
+2.798750E-03,+19.002905E-03,-106.077260E-03,+121.612750E-03
+2.800000E-03,-20.966787E-03,-106.391331E-03,+121.612750E-03
+2.801250E-03,+18.896749E-03,-106.391331E-03,+121.612750E-03
+2.802500E-03,-21.685380E-03,-106.548366E-03,+121.597046E-03
+2.803750E-03,+17.055355E-03,-106.234295E-03,+121.612750E-03
+2.805000E-03,-18.764054E-03,-106.548366E-03,+121.597046E-03
+2.806250E-03,+13.644080E-03,-106.077260E-03,+121.612750E-03
+2.807500E-03,-15.626335E-03,-106.391331E-03,+121.597046E-03
+2.808750E-03,+9.859218E-03,-106.548366E-03,+121.597046E-03
+2.810000E-03,-11.549544E-03,-106.234295E-03,+121.597046E-03
+2.811250E-03,+5.137327E-03,-106.234295E-03,+121.597046E-03
+2.812500E-03,-5.276146E-03,-105.920225E-03,+121.612750E-03
+2.813750E-03,-29.601E-06,-106.234295E-03,+121.612750E-03
+2.815000E-03,+354.193E-06,-106.234295E-03,+121.612750E-03
+2.816250E-03,-4.680041E-03,-106.391331E-03,+121.628454E-03
+2.817500E-03,+5.372095E-03,-106.548366E-03,+121.612750E-03
+2.818750E-03,-9.452968E-03,-106.391331E-03,+121.597046E-03
+2.820000E-03,+11.118797E-03,-106.234295E-03,+121.612750E-03
+2.821250E-03,-14.374921E-03,-106.391331E-03,+121.612750E-03
+2.822500E-03,+14.756674E-03,-106.234295E-03,+121.612750E-03
+2.823750E-03,-17.447315E-03,-106.391331E-03,+121.597046E-03
+2.825000E-03,+16.998194E-03,-105.920225E-03,+121.612750E-03
+2.826250E-03,-20.219613E-03,-106.234295E-03,+121.597046E-03
+2.827500E-03,+18.265939E-03,-106.391331E-03,+121.612750E-03
+2.828750E-03,-20.897377E-03,-106.391331E-03,+121.612750E-03
+2.830000E-03,+18.300644E-03,-105.920225E-03,+121.597046E-03
+2.831250E-03,-21.056611E-03,-106.548366E-03,+121.597046E-03
+2.832500E-03,+15.932553E-03,-105.920225E-03,+121.597046E-03
+2.833750E-03,-18.319017E-03,-106.391331E-03,+121.612750E-03
+2.835000E-03,+12.686636E-03,-106.077260E-03,+121.597046E-03
+2.836250E-03,-13.801272E-03,-106.234295E-03,+121.612750E-03
+2.837500E-03,+9.081423E-03,-105.763190E-03,+121.612750E-03
+2.838750E-03,-10.467572E-03,-106.234295E-03,+121.612750E-03
+2.840000E-03,+4.673916E-03,-106.234295E-03,+121.612750E-03
+2.841250E-03,-4.292164E-03,-106.234295E-03,+121.612750E-03
+2.842500E-03,-360.317E-06,-106.391331E-03,+121.597046E-03
+2.843750E-03,+1.180983E-03,-106.391331E-03,+121.612750E-03
+2.845000E-03,-5.182239E-03,-106.234295E-03,+121.597046E-03
+2.846250E-03,+7.074670E-03,-106.391331E-03,+121.612750E-03
+2.847500E-03,-9.438678E-03,-106.234295E-03,+121.597046E-03
+2.848750E-03,+12.082365E-03,-106.548366E-03,+121.612750E-03
+2.850000E-03,-14.376963E-03,-106.391331E-03,+121.597046E-03
+2.851250E-03,+15.732490E-03,-106.077260E-03,+121.597046E-03
+2.852500E-03,-17.645336E-03,-106.234295E-03,+121.612750E-03
+2.853750E-03,+18.221027E-03,-106.391331E-03,+121.597046E-03
+2.855000E-03,-20.144080E-03,-105.920225E-03,+121.597046E-03
+2.856250E-03,+18.443546E-03,-106.234295E-03,+121.612750E-03
+2.857500E-03,-20.874921E-03,-106.391331E-03,+121.612750E-03
+2.858750E-03,+17.680041E-03,-106.234295E-03,+121.597046E-03
+2.860000E-03,-19.917478E-03,-106.234295E-03,+121.612750E-03
+2.861250E-03,+15.812107E-03,-106.548366E-03,+121.612750E-03
+2.862500E-03,-18.425173E-03,-106.391331E-03,+121.612750E-03
+2.863750E-03,+12.184438E-03,-106.391331E-03,+121.612750E-03
+2.865000E-03,-14.166693E-03,-106.391331E-03,+121.612750E-03
+2.866250E-03,+8.025989E-03,-106.234295E-03,+121.612750E-03
+2.867500E-03,-9.677528E-03,-106.234295E-03,+121.612750E-03
+2.868750E-03,+3.618483E-03,-106.234295E-03,+121.612750E-03
+2.870000E-03,-4.502434E-03,-106.234295E-03,+121.597046E-03
+2.871250E-03,-1.348383E-03,-106.077260E-03,+121.612750E-03
+2.872500E-03,+1.570901E-03,-106.077260E-03,+121.612750E-03
+2.873750E-03,-6.317290E-03,-106.391331E-03,+121.597046E-03
+2.875000E-03,+6.950141E-03,-106.234295E-03,+121.612750E-03
+2.876250E-03,-10.577811E-03,-106.391331E-03,+121.597046E-03
+2.877500E-03,+11.594457E-03,-106.234295E-03,+121.597046E-03
+2.878750E-03,-14.968985E-03,-106.234295E-03,+121.612750E-03
+2.880000E-03,+15.765154E-03,-105.920225E-03,+121.612750E-03
+2.881250E-03,-17.865813E-03,-106.077260E-03,+121.612750E-03
+2.882500E-03,+17.112516E-03,-105.920225E-03,+121.597046E-03
+2.883750E-03,-19.635757E-03,-106.234295E-03,+121.597046E-03
+2.885000E-03,+17.982176E-03,-106.077260E-03,+121.612750E-03
+2.886250E-03,-19.878690E-03,-106.391331E-03,+121.597046E-03
+2.887500E-03,+16.914494E-03,-105.920225E-03,+121.612750E-03
+2.888750E-03,-19.578596E-03,-106.391331E-03,+121.597046E-03
+2.890000E-03,+14.354507E-03,-106.234295E-03,+121.597046E-03
+2.891250E-03,-16.871624E-03,-106.234295E-03,+121.597046E-03
+2.892500E-03,+11.792478E-03,-106.077260E-03,+121.612750E-03
+2.893750E-03,-12.790750E-03,-106.548366E-03,+121.612750E-03
+2.895000E-03,+7.009344E-03,-106.077260E-03,+121.612750E-03
+2.896250E-03,-8.130104E-03,-106.234295E-03,+121.612750E-03
+2.897500E-03,+3.040751E-03,-106.391331E-03,+121.597046E-03
+2.898750E-03,-3.114243E-03,-106.391331E-03,+121.597046E-03
+2.900000E-03,-1.648477E-03,-106.234295E-03,+121.612750E-03
+2.901250E-03,+2.971341E-03,-106.077260E-03,+121.597046E-03
+2.902500E-03,-6.421404E-03,-106.234295E-03,+121.612750E-03
+2.903750E-03,+8.505732E-03,-106.391331E-03,+121.597046E-03
+2.905000E-03,-11.006517E-03,-106.234295E-03,+121.612750E-03
+2.906250E-03,+12.988772E-03,-106.234295E-03,+121.597046E-03
+2.907500E-03,-14.750549E-03,-106.391331E-03,+121.612750E-03
+2.908750E-03,+15.912139E-03,-106.234295E-03,+121.597046E-03
+2.910000E-03,-17.261542E-03,-105.920225E-03,+121.597046E-03
+2.911250E-03,+17.953596E-03,-106.234295E-03,+121.597046E-03
+2.912500E-03,-19.596969E-03,-106.705401E-03,+121.612750E-03
+2.913750E-03,+17.584092E-03,-106.391331E-03,+121.597046E-03
+2.915000E-03,-20.086919E-03,-106.077260E-03,+121.612750E-03
+2.916250E-03,+15.959092E-03,-106.234295E-03,+121.612750E-03
+2.917500E-03,-19.202968E-03,-106.705401E-03,+121.612750E-03
+2.918750E-03,+13.597126E-03,-106.234295E-03,+121.597046E-03
+2.920000E-03,-16.042792E-03,-106.391331E-03,+121.612750E-03
+2.921250E-03,+10.596184E-03,-105.920225E-03,+121.597046E-03
+2.922500E-03,-12.541693E-03,-106.234295E-03,+121.612750E-03
+2.923750E-03,+5.747723E-03,-105.920225E-03,+121.612750E-03
+2.925000E-03,-7.380889E-03,-106.391331E-03,+121.612750E-03
+2.926250E-03,+1.389212E-03,-106.234295E-03,+121.612750E-03
+2.927500E-03,-2.158841E-03,-106.077260E-03,+121.612750E-03
+2.928750E-03,-2.801900E-03,-106.234295E-03,+121.612750E-03
+2.930000E-03,+3.524576E-03,-106.234295E-03,+121.612750E-03
+2.931250E-03,-8.093357E-03,-106.391331E-03,+121.612750E-03
+2.932500E-03,+8.850738E-03,-106.077260E-03,+121.597046E-03
+2.933750E-03,-12.090531E-03,-106.234295E-03,+121.597046E-03
+2.935000E-03,+13.043891E-03,-106.391331E-03,+121.612750E-03
+2.936250E-03,-15.722283E-03,-106.548366E-03,+121.612750E-03
+2.937500E-03,+15.785568E-03,-106.234295E-03,+121.612750E-03
+2.938750E-03,-18.386385E-03,-106.391331E-03,+121.612750E-03
+2.940000E-03,+17.984218E-03,-105.920225E-03,+121.612750E-03
+2.941250E-03,-20.227779E-03,-106.391331E-03,+121.612750E-03
+2.942500E-03,+17.479978E-03,-106.234295E-03,+121.628454E-03
+2.943750E-03,-20.670776E-03,-106.234295E-03,+121.612750E-03
+2.945000E-03,+16.612358E-03,-106.234295E-03,+121.597046E-03
+2.946250E-03,-18.580323E-03,-106.391331E-03,+121.597046E-03
+2.947500E-03,+13.678784E-03,-106.234295E-03,+121.612750E-03
+2.948750E-03,-15.601837E-03,-106.391331E-03,+121.597046E-03
+2.950000E-03,+9.618326E-03,-106.234295E-03,+121.597046E-03
+2.951250E-03,-11.133087E-03,-106.548366E-03,+121.597046E-03
+2.952500E-03,+5.455795E-03,-106.548366E-03,+121.597046E-03
+2.953750E-03,-6.294833E-03,-106.234295E-03,+121.612750E-03
+2.955000E-03,+754.318E-06,-106.077260E-03,+121.597046E-03
+2.956250E-03,-578.753E-06,-106.391331E-03,+121.597046E-03
+2.957500E-03,-2.199670E-03,-106.391331E-03,+121.597046E-03
+2.958750E-03,+5.076083E-03,-106.077260E-03,+121.597046E-03
+2.960000E-03,-7.607490E-03,-106.234295E-03,+121.612750E-03
+2.961250E-03,+9.383558E-03,-106.548366E-03,+121.597046E-03
+2.962500E-03,-11.935380E-03,-106.077260E-03,+121.597046E-03
+2.963750E-03,+13.925801E-03,-106.548366E-03,+121.612750E-03
+2.965000E-03,-15.220085E-03,-106.391331E-03,+121.612750E-03
+2.966250E-03,+16.340845E-03,-106.234295E-03,+121.612750E-03
+2.967500E-03,-18.308809E-03,-106.548366E-03,+121.597046E-03
+2.968750E-03,+18.069959E-03,-106.548366E-03,+121.597046E-03
+2.970000E-03,-20.327811E-03,-106.391331E-03,+121.597046E-03
+2.971250E-03,+16.863458E-03,-106.391331E-03,+121.612750E-03
+2.972500E-03,-20.017509E-03,-106.391331E-03,+121.597046E-03
+2.973750E-03,+15.465060E-03,-106.234295E-03,+121.612750E-03
+2.975000E-03,-18.016881E-03,-106.705401E-03,+121.597046E-03
+2.976250E-03,+13.252120E-03,-106.391331E-03,+121.597046E-03
+2.977500E-03,-15.387484E-03,-106.234295E-03,+121.597046E-03
+2.978750E-03,+8.683338E-03,-106.077260E-03,+121.597046E-03
+2.980000E-03,-10.777874E-03,-106.077260E-03,+121.612750E-03
+2.981250E-03,+4.788238E-03,-106.077260E-03,+121.612750E-03
+2.982500E-03,-6.080480E-03,-106.391331E-03,+121.597046E-03
+2.983750E-03,-580.795E-06,-106.234295E-03,+121.597046E-03
+2.985000E-03,-921.718E-06,-106.234295E-03,+121.612750E-03
+2.986250E-03,-4.839274E-03,-106.234295E-03,+121.597046E-03
+2.987500E-03,+5.559909E-03,-106.234295E-03,+121.612750E-03
+2.988750E-03,-8.160725E-03,-106.391331E-03,+121.612750E-03
+2.990000E-03,+9.828596E-03,-106.234295E-03,+121.612750E-03
+2.991250E-03,-12.370210E-03,-106.391331E-03,+121.597046E-03
+2.992500E-03,+13.205166E-03,-105.920225E-03,+121.597046E-03
+2.993750E-03,-15.750864E-03,-106.705401E-03,+121.597046E-03
+2.995000E-03,+16.112201E-03,-105.920225E-03,+121.612750E-03
+2.996250E-03,-19.088646E-03,-106.077260E-03,+121.612750E-03
+2.997500E-03,+17.004318E-03,-106.077260E-03,+121.597046E-03
+2.998750E-03,-20.129789E-03,-106.234295E-03,+121.597046E-03
+3.000000E-03,+17.036982E-03,-106.234295E-03,+121.597046E-03
+3.001250E-03,-19.025361E-03,-106.234295E-03,+121.612750E-03
+3.002500E-03,+14.922032E-03,-106.077260E-03,+121.597046E-03
+3.003750E-03,-16.873665E-03,-106.234295E-03,+121.612750E-03
+3.005000E-03,+12.055826E-03,-106.077260E-03,+121.612750E-03
+3.006250E-03,-14.193232E-03,-106.391331E-03,+121.597046E-03
+3.007500E-03,+8.348539E-03,-106.077260E-03,+121.612750E-03
+3.008750E-03,-9.699984E-03,-106.234295E-03,+121.597046E-03
+3.010000E-03,+4.147220E-03,-106.391331E-03,+121.597046E-03
+3.011250E-03,-3.812421E-03,-106.234295E-03,+121.597046E-03
+3.012500E-03,-317.447E-06,-106.077260E-03,+121.612750E-03
+3.013750E-03,+1.773006E-03,-106.077260E-03,+121.597046E-03
+3.015000E-03,-4.808653E-03,-106.077260E-03,+121.597046E-03
+3.016250E-03,+6.439777E-03,-106.234295E-03,+121.612750E-03
+3.017500E-03,-9.095713E-03,-106.234295E-03,+121.597046E-03
+3.018750E-03,+11.049387E-03,-106.077260E-03,+121.612750E-03
+3.020000E-03,-13.511385E-03,-106.391331E-03,+121.612750E-03
+3.021250E-03,+14.474953E-03,-106.234295E-03,+121.597046E-03
+3.022500E-03,-16.181611E-03,-106.391331E-03,+121.612750E-03
+3.023750E-03,+15.883558E-03,-106.234295E-03,+121.597046E-03
+3.025000E-03,-17.590217E-03,-106.391331E-03,+121.612750E-03
+3.026250E-03,+16.787924E-03,-106.391331E-03,+121.597046E-03
+3.027500E-03,-19.166222E-03,-105.763190E-03,+121.612750E-03
+3.028750E-03,+15.795776E-03,-105.920225E-03,+121.628454E-03
+3.030000E-03,-18.417007E-03,-106.391331E-03,+121.597046E-03
+3.031250E-03,+13.972754E-03,-105.920225E-03,+121.597046E-03
+3.032500E-03,-16.459249E-03,-106.548366E-03,+121.597046E-03
+3.033750E-03,+10.357333E-03,-106.548366E-03,+121.612750E-03
+3.035000E-03,-13.164337E-03,-106.234295E-03,+121.612750E-03
+3.036250E-03,+7.495210E-03,-106.234295E-03,+121.597046E-03
+3.037500E-03,-8.456737E-03,-106.234295E-03,+121.612750E-03
+3.038750E-03,+3.328596E-03,-106.234295E-03,+121.597046E-03
+3.040000E-03,-3.869582E-03,-105.920225E-03,+121.597046E-03
+3.041250E-03,-1.056454E-03,-105.920225E-03,+121.597046E-03
+3.042500E-03,+825.769E-06,-106.234295E-03,+121.612750E-03
+3.043750E-03,-5.968200E-03,-106.391331E-03,+121.597046E-03
+3.045000E-03,+6.890939E-03,-106.234295E-03,+121.597046E-03
+3.046250E-03,-10.267509E-03,-105.920225E-03,+121.597046E-03
+3.047500E-03,+10.743169E-03,-105.920225E-03,+121.597046E-03
+3.048750E-03,-14.246310E-03,-106.391331E-03,+121.597046E-03
+3.050000E-03,+14.352465E-03,-106.077260E-03,+121.597046E-03
+3.051250E-03,-16.561322E-03,-106.234295E-03,+121.597046E-03
+3.052500E-03,+16.593985E-03,-106.077260E-03,+121.597046E-03
+3.053750E-03,-18.615028E-03,-106.077260E-03,+121.612750E-03
+3.055000E-03,+16.248979E-03,-106.234295E-03,+121.612750E-03
+3.056250E-03,-19.143765E-03,-106.548366E-03,+121.612750E-03
+3.057500E-03,+14.850581E-03,-106.077260E-03,+121.612750E-03
+3.058750E-03,-18.392509E-03,-106.548366E-03,+121.612750E-03
+3.060000E-03,+13.821686E-03,-106.077260E-03,+121.612750E-03
+3.061250E-03,-15.340531E-03,-106.234295E-03,+121.597046E-03
+3.062500E-03,+10.506360E-03,-106.234295E-03,+121.612750E-03
+3.063750E-03,-11.572001E-03,-106.548366E-03,+121.597046E-03
+3.065000E-03,+6.705166E-03,-106.234295E-03,+121.612750E-03
+3.066250E-03,-7.362516E-03,-106.234295E-03,+121.597046E-03
+3.067500E-03,+2.595713E-03,-106.548366E-03,+121.612750E-03
+3.068750E-03,-2.109846E-03,-106.077260E-03,+121.612750E-03
+3.070000E-03,-1.946529E-03,-106.234295E-03,+121.597046E-03
+3.071250E-03,+2.589589E-03,-106.705401E-03,+121.612750E-03
+3.072500E-03,-6.405072E-03,-106.077260E-03,+121.612750E-03
+3.073750E-03,+8.138269E-03,-106.234295E-03,+121.597046E-03
+3.075000E-03,-10.214431E-03,-106.391331E-03,+121.597046E-03
+3.076250E-03,+11.898634E-03,-106.234295E-03,+121.597046E-03
+3.077500E-03,-14.266724E-03,-106.548366E-03,+121.597046E-03
+3.078750E-03,+14.330009E-03,-106.391331E-03,+121.597046E-03
+3.080000E-03,-16.581737E-03,-106.705401E-03,+121.597046E-03
+3.081250E-03,+15.973382E-03,-105.920225E-03,+121.597046E-03
+3.082500E-03,-17.886228E-03,-106.391331E-03,+121.597046E-03
+3.083750E-03,+16.404130E-03,-106.077260E-03,+121.597046E-03
+3.085000E-03,-18.906956E-03,-106.234295E-03,+121.597046E-03
+3.086250E-03,+15.740656E-03,-106.234295E-03,+121.597046E-03
+3.087500E-03,-17.659626E-03,-106.548366E-03,+121.597046E-03
+3.088750E-03,+12.539651E-03,-106.234295E-03,+121.612750E-03
+3.090000E-03,-15.814149E-03,-106.234295E-03,+121.597046E-03
+3.091250E-03,+9.207993E-03,-106.234295E-03,+121.597046E-03
+3.092500E-03,-11.604664E-03,-106.077260E-03,+121.612750E-03
+3.093750E-03,+5.874293E-03,-106.077260E-03,+121.597046E-03
+3.095000E-03,-7.511542E-03,-106.077260E-03,+121.612750E-03
+3.096250E-03,+954.381E-06,-106.234295E-03,+121.597046E-03
+3.097500E-03,-2.095556E-03,-106.234295E-03,+121.597046E-03
+3.098750E-03,-3.326555E-03,-106.548366E-03,+121.597046E-03
+3.100000E-03,+3.400047E-03,-106.077260E-03,+121.612750E-03
+3.101250E-03,-8.030072E-03,-106.077260E-03,+121.597046E-03
+3.102500E-03,+7.701398E-03,-106.234295E-03,+121.612750E-03
+3.103750E-03,-11.267823E-03,-106.234295E-03,+121.612750E-03
+3.105000E-03,+12.257930E-03,-106.234295E-03,+121.612750E-03
+3.106250E-03,-14.711762E-03,-106.077260E-03,+121.597046E-03
+3.107500E-03,+15.475267E-03,-105.920225E-03,+121.597046E-03
+3.108750E-03,-16.922660E-03,-106.391331E-03,+121.597046E-03
+3.110000E-03,+16.765468E-03,-105.920225E-03,+121.612750E-03
+3.111250E-03,-18.610945E-03,-106.391331E-03,+121.597046E-03
+3.112500E-03,+16.183652E-03,-106.077260E-03,+121.597046E-03
+3.113750E-03,-18.545619E-03,-106.077260E-03,+121.612750E-03
+3.115000E-03,+15.387484E-03,-106.234295E-03,+121.597046E-03
+3.116250E-03,-16.792007E-03,-106.391331E-03,+121.612750E-03
+3.117500E-03,+13.021435E-03,-106.234295E-03,+121.597046E-03
+3.118750E-03,-14.664808E-03,-106.234295E-03,+121.612750E-03
+3.120000E-03,+9.030386E-03,-106.077260E-03,+121.612750E-03
+3.121250E-03,-10.828910E-03,-106.234295E-03,+121.597046E-03
+3.122500E-03,+4.931140E-03,-106.234295E-03,+121.597046E-03
+3.123750E-03,-6.262170E-03,-106.077260E-03,+121.612750E-03
+3.125000E-03,+860.474E-06,-106.077260E-03,+121.597046E-03
+3.126250E-03,-1.427999E-03,-106.077260E-03,+121.612750E-03
+3.127500E-03,-2.942761E-03,-106.234295E-03,+121.612750E-03
+3.128750E-03,+4.169676E-03,-106.077260E-03,+121.612750E-03
+3.130000E-03,-6.892980E-03,-106.077260E-03,+121.612750E-03
+3.131250E-03,+8.705795E-03,-106.077260E-03,+121.612750E-03
+3.132500E-03,-11.086134E-03,-105.920225E-03,+121.597046E-03
+3.133750E-03,+11.806768E-03,-106.234295E-03,+121.597046E-03
+3.135000E-03,-13.866598E-03,-106.234295E-03,+121.581343E-03
+3.136250E-03,+14.711762E-03,-106.234295E-03,+121.612750E-03
+3.137500E-03,-16.734846E-03,-106.548366E-03,+121.612750E-03
+3.138750E-03,+16.489871E-03,-106.234295E-03,+121.597046E-03
+3.140000E-03,-17.455480E-03,-106.077260E-03,+121.612750E-03
+3.141250E-03,+15.783527E-03,-105.920225E-03,+121.597046E-03
+3.142500E-03,-18.253690E-03,-106.391331E-03,+121.612750E-03
+3.143750E-03,+14.415750E-03,-106.234295E-03,+121.597046E-03
+3.145000E-03,-16.979821E-03,-106.077260E-03,+121.612750E-03
+3.146250E-03,+11.631203E-03,-105.920225E-03,+121.612750E-03
+3.147500E-03,-14.080951E-03,-106.234295E-03,+121.612750E-03
+3.148750E-03,+8.150518E-03,-106.077260E-03,+121.597046E-03
+3.150000E-03,-10.324670E-03,-106.234295E-03,+121.597046E-03
+3.151250E-03,+4.179884E-03,-106.391331E-03,+121.597046E-03
+3.152500E-03,-5.598697E-03,-106.077260E-03,+121.612750E-03
+3.153750E-03,+5.104E-06,-106.077260E-03,+121.597046E-03
+3.155000E-03,-544.048E-06,-106.077260E-03,+121.597046E-03
+3.156250E-03,-4.426900E-03,-105.920225E-03,+121.597046E-03
+3.157500E-03,+3.865499E-03,-105.920225E-03,+121.612750E-03
+3.158750E-03,-8.060694E-03,-106.077260E-03,+121.612750E-03
+3.160000E-03,+8.973225E-03,-106.077260E-03,+121.612750E-03
+3.161250E-03,-11.410725E-03,-105.920225E-03,+121.597046E-03
+3.162500E-03,+12.502905E-03,-105.920225E-03,+121.612750E-03
+3.163750E-03,-14.489243E-03,-106.391331E-03,+121.597046E-03
+3.165000E-03,+14.738301E-03,-106.391331E-03,+121.612750E-03
+3.166250E-03,-16.818546E-03,-106.862436E-03,+121.612750E-03
+3.167500E-03,+16.018294E-03,-106.234295E-03,+121.597046E-03
+3.168750E-03,-18.210820E-03,-106.234295E-03,+121.597046E-03
+3.170000E-03,+15.857019E-03,-106.077260E-03,+121.597046E-03
+3.171250E-03,-17.759657E-03,-106.234295E-03,+121.581343E-03
+3.172500E-03,+14.666850E-03,-106.234295E-03,+121.597046E-03
+3.173750E-03,-16.069331E-03,-105.920225E-03,+121.597046E-03
+3.175000E-03,+11.077968E-03,-105.920225E-03,+121.597046E-03
+3.176250E-03,-13.529758E-03,-105.920225E-03,+121.628454E-03
+3.177500E-03,+7.662610E-03,-106.077260E-03,+121.612750E-03
+3.178750E-03,-9.385600E-03,-106.077260E-03,+121.597046E-03
+3.180000E-03,+3.332679E-03,-106.077260E-03,+121.597046E-03
+3.181250E-03,-4.520807E-03,-106.391331E-03,+121.597046E-03
+3.182500E-03,-262.327E-06,-106.548366E-03,+121.612750E-03
+3.183750E-03,+390.939E-06,-106.234295E-03,+121.597046E-03
+3.185000E-03,-4.326869E-03,-106.391331E-03,+121.597046E-03
+3.186250E-03,+5.580323E-03,-106.077260E-03,+121.597046E-03
+3.187500E-03,-8.548602E-03,-106.234295E-03,+121.581343E-03
+3.188750E-03,+9.401931E-03,-105.920225E-03,+121.597046E-03
+3.190000E-03,-11.108590E-03,-106.234295E-03,+121.597046E-03
+3.191250E-03,+12.376335E-03,-105.920225E-03,+121.581343E-03
+3.192500E-03,-14.628062E-03,-106.391331E-03,+121.597046E-03
+3.193750E-03,+14.119739E-03,-106.077260E-03,+121.612750E-03
+3.195000E-03,-16.865499E-03,-106.077260E-03,+121.612750E-03
+3.196250E-03,+15.209877E-03,-106.234295E-03,+121.597046E-03
+3.197500E-03,-17.310537E-03,-106.234295E-03,+121.597046E-03
+3.198750E-03,+14.873037E-03,-106.234295E-03,+121.612750E-03
+3.200000E-03,-17.735160E-03,-106.234295E-03,+121.597046E-03
+3.201250E-03,+12.870367E-03,-106.391331E-03,+121.597046E-03
+3.202500E-03,-15.369111E-03,-105.920225E-03,+121.597046E-03
+3.203750E-03,+10.539023E-03,-106.234295E-03,+121.597046E-03
+3.205000E-03,-12.464117E-03,-106.234295E-03,+121.597046E-03
+3.206250E-03,+6.841944E-03,-106.077260E-03,+121.597046E-03
+3.207500E-03,-8.177057E-03,-106.077260E-03,+121.612750E-03
+3.208750E-03,+2.346655E-03,-105.920225E-03,+121.597046E-03
+3.210000E-03,-3.551115E-03,-106.077260E-03,+121.597046E-03
+3.211250E-03,-1.783213E-03,-106.234295E-03,+121.597046E-03
+3.212500E-03,+1.440248E-03,-106.234295E-03,+121.597046E-03
+3.213750E-03,-4.408527E-03,-106.234295E-03,+121.612750E-03
+3.215000E-03,+5.588489E-03,-106.077260E-03,+121.597046E-03
+3.216250E-03,-9.789808E-03,-106.234295E-03,+121.597046E-03
+3.217500E-03,+9.789808E-03,-106.234295E-03,+121.597046E-03
+3.218750E-03,-12.862201E-03,-106.234295E-03,+121.612750E-03
+3.220000E-03,+13.297032E-03,-106.234295E-03,+121.612750E-03
+3.221250E-03,-15.885600E-03,-106.077260E-03,+121.597046E-03
+3.222500E-03,+15.346655E-03,-105.920225E-03,+121.581343E-03
+3.223750E-03,-17.232961E-03,-106.548366E-03,+121.597046E-03
+3.225000E-03,+15.113929E-03,-105.920225E-03,+121.597046E-03
+3.226250E-03,-17.406485E-03,-106.077260E-03,+121.597046E-03
+3.227500E-03,+14.483119E-03,-105.920225E-03,+121.597046E-03
+3.228750E-03,-16.885914E-03,-106.391331E-03,+121.597046E-03
+3.230000E-03,+12.976523E-03,-106.077260E-03,+121.612750E-03
+3.231250E-03,-15.571215E-03,-106.077260E-03,+121.597046E-03
+3.232500E-03,+9.828596E-03,-106.077260E-03,+121.597046E-03
+3.233750E-03,-11.586291E-03,-106.234295E-03,+121.612750E-03
+3.235000E-03,+6.944017E-03,-106.077260E-03,+121.612750E-03
+3.236250E-03,-7.109375E-03,-106.548366E-03,+121.612750E-03
+3.237500E-03,+2.791693E-03,-105.920225E-03,+121.597046E-03
+3.238750E-03,-2.773320E-03,-106.077260E-03,+121.612750E-03
+3.240000E-03,-1.703596E-03,-106.234295E-03,+121.597046E-03
+3.241250E-03,+1.521906E-03,-106.391331E-03,+121.612750E-03
+3.242500E-03,-6.472440E-03,-106.391331E-03,+121.597046E-03
+3.243750E-03,+7.154287E-03,-106.077260E-03,+121.612750E-03
+3.245000E-03,-9.193703E-03,-106.077260E-03,+121.612750E-03
+3.246250E-03,+10.379789E-03,-106.077260E-03,+121.597046E-03
+3.247500E-03,-13.117384E-03,-106.077260E-03,+121.612750E-03
+3.248750E-03,+13.637955E-03,-105.920225E-03,+121.597046E-03
+3.250000E-03,-15.216002E-03,-106.391331E-03,+121.612750E-03
+3.251250E-03,+15.460977E-03,-106.077260E-03,+121.612750E-03
+3.252500E-03,-17.147220E-03,-106.234295E-03,+121.597046E-03
+3.253750E-03,+14.901617E-03,-106.077260E-03,+121.597046E-03
+3.255000E-03,-17.914808E-03,-106.391331E-03,+121.597046E-03
+3.256250E-03,+13.615499E-03,-106.234295E-03,+121.597046E-03
+3.257500E-03,-15.775361E-03,-106.234295E-03,+121.612750E-03
+3.258750E-03,+12.562107E-03,-105.920225E-03,+121.597046E-03
+3.260000E-03,-13.278659E-03,-105.920225E-03,+121.612750E-03
+3.261250E-03,+8.930355E-03,-105.920225E-03,+121.612750E-03
+3.262500E-03,-10.845242E-03,-106.077260E-03,+121.597046E-03
+3.263750E-03,+5.096498E-03,-106.234295E-03,+121.597046E-03
+3.265000E-03,-6.143766E-03,-106.077260E-03,+121.612750E-03
+3.266250E-03,+1.834249E-03,-106.234295E-03,+121.612750E-03
+3.267500E-03,-1.566818E-03,-105.920225E-03,+121.597046E-03
+3.268750E-03,-3.042792E-03,-106.077260E-03,+121.612750E-03
+3.270000E-03,+2.777403E-03,-105.920225E-03,+121.581343E-03
+3.271250E-03,-7.619739E-03,-105.920225E-03,+121.612750E-03
+3.272500E-03,+6.876649E-03,-106.077260E-03,+121.612750E-03
+3.273750E-03,-11.280072E-03,-106.234295E-03,+121.597046E-03
+3.275000E-03,+10.367541E-03,-105.920225E-03,+121.597046E-03
+3.276250E-03,-14.138112E-03,-106.234295E-03,+121.597046E-03
+3.277500E-03,+12.786668E-03,-106.077260E-03,+121.612750E-03
+3.278750E-03,-16.365342E-03,-106.234295E-03,+121.597046E-03
+3.280000E-03,+14.783213E-03,-105.920225E-03,+121.581343E-03
+3.281250E-03,-17.130889E-03,-105.920225E-03,+121.612750E-03
+3.282500E-03,+14.985317E-03,-106.077260E-03,+121.597046E-03
+3.283750E-03,-16.289808E-03,-106.391331E-03,+121.612750E-03
+3.285000E-03,+13.323571E-03,-105.763190E-03,+121.612750E-03
+3.286250E-03,-15.887641E-03,-106.077260E-03,+121.612750E-03
+3.287500E-03,+11.914965E-03,-105.920225E-03,+121.612750E-03
+3.288750E-03,-13.107176E-03,-106.391331E-03,+121.597046E-03
+3.290000E-03,+8.742541E-03,-105.606155E-03,+121.612750E-03
+3.291250E-03,-9.105920E-03,-105.920225E-03,+121.612750E-03
+3.292500E-03,+5.286354E-03,-106.077260E-03,+121.612750E-03
+3.293750E-03,-5.615028E-03,-106.391331E-03,+121.612750E-03
+3.295000E-03,+1.336134E-03,-106.077260E-03,+121.597046E-03
+3.296250E-03,-1.252434E-03,-106.234295E-03,+121.612750E-03
+3.297500E-03,-3.138741E-03,-106.077260E-03,+121.612750E-03
+3.298750E-03,+3.691975E-03,-106.077260E-03,+121.597046E-03
+3.300000E-03,-7.411511E-03,-106.077260E-03,+121.597046E-03
+3.301250E-03,+8.577183E-03,-105.920225E-03,+121.597046E-03
+3.302500E-03,-10.306297E-03,-106.077260E-03,+121.597046E-03
+3.303750E-03,+11.498508E-03,-106.077260E-03,+121.612750E-03
