x-axis,1,2,3
second,Volt,Volt,Volt
+3.105000000E-03,+723.756116577E-03,+2.552724532961E+00,+91.701318113E-03
+3.105005000E-03,+711.940790071E-03,+2.552724532961E+00,+92.347674890E-03
+3.105010000E-03,+700.643679639E-03,+2.552724532961E+00,+92.409232679E-03
+3.105015000E-03,+688.258315450E-03,+2.552724532961E+00,+92.897298000E-03
+3.105020000E-03,+676.442988944E-03,+2.552724532961E+00,+92.976443728E-03
+3.105025000E-03,+662.813906176E-03,+2.552724532961E+00,+93.609609550E-03
+3.105030000E-03,+651.464974136E-03,+2.552724532961E+00,+93.468906034E-03
+3.105035000E-03,+638.250464228E-03,+2.552724532961E+00,+94.062498993E-03
+3.105040000E-03,+626.538780936E-03,+2.552724532961E+00,+93.926192461E-03
+3.105045000E-03,+613.531557457E-03,+2.552724532961E+00,+94.572549238E-03
+3.105050000E-03,+600.627977193E-03,+2.552724532961E+00,+94.361493964E-03
+3.105055000E-03,+588.294434612E-03,+2.552724532961E+00,+94.968277877E-03
+3.105060000E-03,+574.095314161E-03,+2.552724532961E+00,+94.744031648E-03
+3.105065000E-03,+561.554485150E-03,+2.552724532961E+00,+95.240890940E-03
+3.105070000E-03,+548.702726494E-03,+2.552724532961E+00,+95.012247726E-03
+3.105075000E-03,+535.229108547E-03,+2.552724532961E+00,+95.328830637E-03
+3.105080000E-03,+521.237274527E-03,+2.552724532961E+00,+95.236493955E-03
+3.105085000E-03,+507.245440506E-03,+2.552724532961E+00,+95.531091942E-03
+3.105090000E-03,+494.238217028E-03,+2.552724532961E+00,+95.377197471E-03
+3.105095000E-03,+481.749209623E-03,+2.552724532961E+00,+95.553076866E-03
+3.105100000E-03,+468.016483640E-03,+2.552724532961E+00,+95.570664806E-03
+3.105105000E-03,+453.299147115E-03,+2.552724532961E+00,+95.539885911E-03
+3.105110000E-03,+440.861961317E-03,+2.552724532961E+00,+95.539885911E-03
+3.105115000E-03,+425.781873540E-03,+2.552724532961E+00,+95.482725108E-03
+3.105120000E-03,+411.530931481E-03,+2.552724532961E+00,+95.491519078E-03
+3.105125000E-03,+398.368243180E-03,+2.552724532961E+00,+95.416770335E-03
+3.105130000E-03,+382.873582542E-03,+2.552724532961E+00,+95.368403501E-03
+3.105135000E-03,+368.415354055E-03,+2.552724532961E+00,+95.262875864E-03
+3.105140000E-03,+353.749839137E-03,+2.552724532961E+00,+95.271669834E-03
+3.105145000E-03,+339.498897078E-03,+2.552724532961E+00,+94.946292953E-03
+3.105150000E-03,+324.677917337E-03,+2.552724532961E+00,+95.034232651E-03
+3.105155000E-03,+310.167867241E-03,+2.552724532961E+00,+94.449433662E-03
+3.105160000E-03,+295.968746789E-03,+2.552724532961E+00,+94.761619588E-03
+3.105165000E-03,+280.059513292E-03,+2.552724532961E+00,+94.106468841E-03
+3.105170000E-03,+266.948646598E-03,+2.552724532961E+00,+94.401066828E-03
+3.105175000E-03,+251.920380429E-03,+2.552724532961E+00,+93.600815580E-03
+3.105180000E-03,+237.462151940E-03,+2.552724532961E+00,+93.926192462E-03
+3.105185000E-03,+222.019312911E-03,+2.552724532961E+00,+93.051192471E-03
+3.105190000E-03,+207.198333170E-03,+2.552724532961E+00,+93.468906034E-03
+3.105195000E-03,+192.895569502E-03,+2.552724532961E+00,+92.457599512E-03
+3.105200000E-03,+177.711838510E-03,+2.552724532961E+00,+92.813755288E-03
+3.105205000E-03,+163.253610021E-03,+2.552724532961E+00,+91.925564342E-03
+3.105210000E-03,+147.292554919E-03,+2.552724532961E+00,+92.066267858E-03
+3.105215000E-03,+132.367931960E-03,+2.552724532961E+00,+91.248428671E-03
+3.105220000E-03,+116.562341679E-03,+2.552724532961E+00,+91.217649777E-03
+3.105225000E-03,+101.430432291E-03,+2.552724532961E+00,+90.663629682E-03
+3.105230000E-03,+87.127668627E-03,+2.552724532961E+00,+90.281091998E-03
+3.105235000E-03,+72.151224065E-03,+2.552724532961E+00,+89.836996525E-03
+3.105240000E-03,+56.915671460E-03,+2.552724532961E+00,+89.282976431E-03
+3.105245000E-03,+40.902794751E-03,+2.552724532961E+00,+88.997172414E-03
+3.105250000E-03,+26.755495907E-03,+2.552724532961E+00,+88.324433728E-03
+3.105255000E-03,+10.017116690E-03,+2.552724532961E+00,+88.060614635E-03
+3.105260000E-03,-3.508322864E-03,+2.552724532961E+00,+87.365891025E-03
+3.105265000E-03,-18.329302605E-03,+2.552724532961E+00,+87.088880977E-03
+3.105270000E-03,-32.994817524E-03,+2.552724532961E+00,+86.249056866E-03
+3.105275000E-03,-47.867618872E-03,+2.552724532961E+00,+86.024810636E-03
+3.105280000E-03,-63.154993079E-03,+2.552724532961E+00,+85.088252858E-03
+3.105285000E-03,-78.286902464E-03,+2.552724532961E+00,+84.837624719E-03
+3.105290000E-03,-92.796952562E-03,+2.552724532961E+00,+83.980212669E-03
+3.105295000E-03,-108.913472488E-03,+2.552724532961E+00,+83.492147347E-03
+3.105300000E-03,-124.770884376E-03,+2.552724532961E+00,+82.722674994E-03
+3.105305000E-03,-140.161901797E-03,+2.552724532961E+00,+82.186242839E-03
+3.105310000E-03,-154.620130290E-03,+2.552724532961E+00,+81.451946364E-03
+3.105315000E-03,-169.389288423E-03,+2.552724532961E+00,+80.871544360E-03
+3.105320000E-03,-185.350343529E-03,+2.552724532961E+00,+80.124056931E-03
+3.105325000E-03,-199.704928801E-03,+2.552724532961E+00,+79.407348396E-03
+3.105330000E-03,-214.007692469E-03,+2.552724532961E+00,+78.730212725E-03
+3.105335000E-03,-229.502353106E-03,+2.552724532961E+00,+77.907976553E-03
+3.105340000E-03,-245.618873035E-03,+2.552724532961E+00,+77.292398670E-03
+3.105345000E-03,-260.750782419E-03,+2.552724532961E+00,+76.333855967E-03
+3.105350000E-03,-275.312654120E-03,+2.552724532961E+00,+75.841393660E-03
+3.105355000E-03,-290.237277079E-03,+2.552724532961E+00,+74.764132365E-03
+3.105360000E-03,-305.731937715E-03,+2.552724532961E+00,+74.223303225E-03
+3.105365000E-03,-320.190166205E-03,+2.552724532961E+00,+73.146041931E-03
+3.105370000E-03,-335.529362018E-03,+2.552724532961E+00,+72.495288168E-03
+3.105375000E-03,-349.262088001E-03,+2.552724532961E+00,+71.470790693E-03
+3.105380000E-03,-363.202100417E-03,+2.552724532961E+00,+70.754082157E-03
+3.105385000E-03,-378.748582663E-03,+2.552724532961E+00,+69.821921364E-03
+3.105390000E-03,-392.222200609E-03,+2.552724532961E+00,+68.911745493E-03
+3.105395000E-03,-407.354109993E-03,+2.552724532961E+00,+68.085112337E-03
+3.105400000E-03,-421.967803307E-03,+2.552724532961E+00,+66.994660087E-03
+3.105405000E-03,-436.996069475E-03,+2.552724532961E+00,+66.247172658E-03
+3.105410000E-03,-451.609762788E-03,+2.552724532961E+00,+65.081971665E-03
+3.105415000E-03,-464.927915911E-03,+2.552724532961E+00,+64.303705342E-03
+3.105420000E-03,-479.437966005E-03,+2.552724532961E+00,+63.090137516E-03
+3.105425000E-03,-493.118870383E-03,+2.552724532961E+00,+62.443780739E-03
+3.105430000E-03,-508.147136550E-03,+2.552724532961E+00,+61.133479245E-03
+3.105435000E-03,-521.517111283E-03,+2.552724532961E+00,+60.399182771E-03
+3.105440000E-03,-534.731621193E-03,+2.552724532961E+00,+59.181217960E-03
+3.105445000E-03,-547.997952710E-03,+2.552724532961E+00,+58.411745606E-03
+3.105450000E-03,-562.197073161E-03,+2.552724532961E+00,+57.211368735E-03
+3.105455000E-03,-575.722512711E-03,+2.552724532961E+00,+56.393529547E-03
+3.105460000E-03,-588.315163331E-03,+2.552724532961E+00,+55.118403934E-03
+3.105465000E-03,-602.825213427E-03,+2.552724532961E+00,+54.260991882E-03
+3.105470000E-03,-615.521507261E-03,+2.552724532961E+00,+52.946293404E-03
+3.105475000E-03,-629.046946813E-03,+2.552724532961E+00,+52.097675322E-03
+3.105480000E-03,-641.380489398E-03,+2.552724532961E+00,+50.844534632E-03
+3.105485000E-03,-654.854107342E-03,+2.552724532961E+00,+50.000313536E-03
+3.105490000E-03,-667.446757962E-03,+2.552724532961E+00,+48.646042193E-03
+3.105495000E-03,-680.039408583E-03,+2.552724532961E+00,+47.749057279E-03
+3.105500000E-03,-692.476594375E-03,+2.552724532961E+00,+46.399182921E-03
+3.105505000E-03,-705.483817851E-03,+2.552724532961E+00,+45.528579915E-03
+3.105510000E-03,-718.180111688E-03,+2.552724532961E+00,+44.090765860E-03
+3.105515000E-03,-730.150903017E-03,+2.552724532961E+00,+43.092650293E-03
+3.105520000E-03,-742.225337566E-03,+2.552724532961E+00,+41.742775936E-03
+3.105525000E-03,-753.833377641E-03,+2.552724532961E+00,+40.705087505E-03
+3.105530000E-03,-766.529671470E-03,+2.552724532961E+00,+39.531092542E-03
+3.105535000E-03,-777.049457792E-03,+2.552724532961E+00,+38.190012156E-03
+3.105540000E-03,-790.523075734E-03,+2.552724532961E+00,+37.266645330E-03
+3.105545000E-03,-801.561078131E-03,+2.552724532961E+00,+35.776067458E-03
+3.105550000E-03,-811.148075517E-03,+2.552724532961E+00,+34.896670481E-03
+3.105555000E-03,-822.548829165E-03,+2.552724532961E+00,+33.230213214E-03
+3.105560000E-03,-833.379545129E-03,+2.552724532961E+00,+32.429961964E-03
+3.105565000E-03,-844.313904306E-03,+2.552724532961E+00,+30.763504698E-03
+3.105570000E-03,-855.144620272E-03,+2.552724532961E+00,+30.007223296E-03
+3.105575000E-03,-865.042547299E-03,+2.552724532961E+00,+28.257223318E-03
+3.105580000E-03,-875.458690404E-03,+2.552724532961E+00,+27.439384128E-03
+3.105585000E-03,-886.341227980E-03,+2.552724532961E+00,+25.847675605E-03
+3.105590000E-03,-895.772760543E-03,+2.552724532961E+00,+24.871544959E-03
+3.105595000E-03,-907.173514191E-03,+2.552724532961E+00,+23.257851512E-03
+3.105600000E-03,-916.449581927E-03,+2.552724532961E+00,+22.180590215E-03
+3.105605000E-03,-924.792860735E-03,+2.552724532961E+00,+20.874685708E-03
+3.105610000E-03,-934.483501336E-03,+2.552724532961E+00,+19.595163107E-03
+3.105615000E-03,-944.174141932E-03,+2.552724532961E+00,+18.311243525E-03
+3.105620000E-03,-953.916604142E-03,+2.552724532961E+00,+17.097675696E-03
+3.105625000E-03,-962.778099021E-03,+2.552724532961E+00,+15.791771190E-03
+3.105630000E-03,-970.810448182E-03,+2.552724532961E+00,+14.543027483E-03
+3.105635000E-03,-979.827407879E-03,+2.552724532961E+00,+13.175565187E-03
+3.105640000E-03,-988.067043474E-03,+2.552724532961E+00,+11.750942086E-03
+3.105645000E-03,-996.773073530E-03,+2.552724532961E+00,+10.700062701E-03
+3.105650000E-03,-1.004649957871E+00,+2.552724532961E+00,+9.191896887E-03
+3.105655000E-03,-1.012941415063E+00,+2.552724532961E+00,+8.000313986E-03
+3.105660000E-03,-1.020455548153E+00,+2.552724532961E+00,+6.610866764E-03
+3.105665000E-03,-1.029161578208E+00,+2.552724532961E+00,+5.507223561E-03
+3.105670000E-03,-1.035172884680E+00,+2.552724532961E+00,+3.946293929E-03
+3.105675000E-03,-1.042842482587E+00,+2.552724532961E+00,+2.952575347E-03
+3.105680000E-03,-1.050045686024E+00,+2.552724532961E+00,+1.286118078E-03
+3.105685000E-03,-1.056678851786E+00,+2.552724532961E+00,+375.942208E-06
+3.105690000E-03,-1.062897444681E+00,+2.552724532961E+00,-1.277324105E-03
+3.105695000E-03,-1.070515220983E+00,+2.552724532961E+00,-2.266645703E-03
+3.105700000E-03,-1.076630170670E+00,+2.552724532961E+00,-3.840766289E-03
+3.105705000E-03,-1.083056049999E+00,+2.552724532961E+00,-4.860866780E-03
+3.105710000E-03,-1.089274642893E+00,+2.552724532961E+00,-6.413002442E-03
+3.105715000E-03,-1.094715911673E+00,+2.552724532961E+00,-7.477072783E-03
+3.105720000E-03,-1.100364466895E+00,+2.552724532961E+00,-9.038002415E-03
+3.105725000E-03,-1.106375773363E+00,+2.552724532961E+00,-10.211997376E-03
+3.105730000E-03,-1.111817042148E+00,+2.552724532961E+00,-11.658605401E-03
+3.105735000E-03,-1.117983813435E+00,+2.552724532961E+00,-12.902952121E-03
+3.105740000E-03,-1.122181363650E+00,+2.120249665205E+00,-14.252826479E-03
+3.105745000E-03,-1.126067984207E+00,-41.653578978E-03,-15.589509881E-03
+3.105750000E-03,-1.130006426372E+00,-175.997171464E-03,-16.715138010E-03
+3.105755000E-03,-1.135188587123E+00,-100.620288150E-03,-18.465137991E-03
+3.105760000E-03,-1.139489780548E+00,+210.309357046E-03,-19.142273663E-03
+3.105765000E-03,-1.144309190041E+00,-65.915514160E-03,-21.050565099E-03
+3.105770000E-03,-1.146537519169E+00,-70.548052019E-03,-21.714509817E-03
+3.105775000E-03,-1.150631426160E+00,-103.760991350E-03,-23.701946980E-03
+3.105780000E-03,-1.153481614570E+00,-23.673052582E-03,-24.440640441E-03
+3.105785000E-03,-1.158197380850E+00,-50.369032059E-03,-26.322549967E-03
+3.105790000E-03,-1.160788461227E+00,-48.955715571E-03,-26.999685640E-03
+3.105795000E-03,-1.163120433568E+00,-61.518529469E-03,-28.837625317E-03
+3.105800000E-03,-1.165089654651E+00,-52.017901480E-03,-29.673052445E-03
+3.105805000E-03,-1.168561702347E+00,-52.960112477E-03,-31.251570014E-03
+3.105810000E-03,-1.170219993789E+00,-51.075690419E-03,-32.262876539E-03
+3.105815000E-03,-1.171878285237E+00,-51.625313519E-03,-33.713881547E-03
+3.105820000E-03,-1.173743863100E+00,-51.389760756E-03,-34.773554904E-03
+3.105825000E-03,-1.175557619362E+00,-50.761620057E-03,-36.202574987E-03
+3.105830000E-03,-1.176801337941E+00,-47.934986928E-03,-37.363378996E-03
+3.105835000E-03,-1.177319554016E+00,-48.955715562E-03,-38.647298579E-03
+3.105840000E-03,-1.178304164563E+00,-48.249057275E-03,-39.913630225E-03
+3.105845000E-03,-1.178718737422E+00,-49.269785907E-03,-41.105213126E-03
+3.105850000E-03,-1.180480672073E+00,-49.191268317E-03,-42.468278438E-03
+3.105855000E-03,-1.180221564036E+00,-49.662373846E-03,-43.501569884E-03
+3.105860000E-03,-1.180273385646E+00,-49.505338669E-03,-44.847047257E-03
+3.105865000E-03,-1.180221564034E+00,-50.369032120E-03,-45.827574884E-03
+3.105870000E-03,-1.178770559027E+00,-48.798680387E-03,-47.230213061E-03
+3.105875000E-03,-1.178770559029E+00,-47.620916582E-03,-48.171167824E-03
+3.105880000E-03,-1.178718737419E+00,-46.914258296E-03,-49.762876349E-03
+3.105885000E-03,-1.176542229906E+00,-47.071293460E-03,-50.576318552E-03
+3.105890000E-03,-1.177060445977E+00,-47.856469344E-03,-52.005338637E-03
+3.105895000E-03,-1.176645873117E+00,-47.856469328E-03,-52.849559734E-03
+3.105900000E-03,-1.173692041497E+00,-48.484610036E-03,-54.309358713E-03
+3.105905000E-03,-1.172500144525E+00,-47.934986919E-03,-55.215137598E-03
+3.105910000E-03,-1.170893674694E+00,-47.071293473E-03,-56.573805925E-03
+3.105915000E-03,-1.169183561647E+00,-46.914258284E-03,-57.343278280E-03
+3.105920000E-03,-1.167680735028E+00,-48.092022103E-03,-58.759107409E-03
+3.105925000E-03,-1.165245119475E+00,-46.364635179E-03,-59.647298354E-03
+3.105930000E-03,-1.161876714988E+00,-46.129082426E-03,-60.992775727E-03
+3.105935000E-03,-1.160322066763E+00,-47.306846218E-03,-61.806217928E-03
+3.105940000E-03,-1.157575521563E+00,-47.934986922E-03,-63.178077212E-03
+3.105945000E-03,-1.154725333159E+00,-47.699434160E-03,-63.907976700E-03
+3.105950000E-03,-1.150890534202E+00,-46.129082421E-03,-65.262248044E-03
+3.105955000E-03,-1.147625772936E+00,-46.521670360E-03,-65.974559592E-03
+3.105960000E-03,-1.144050082018E+00,-44.244660335E-03,-67.443152544E-03
+3.105965000E-03,-1.140578034323E+00,-47.306846234E-03,-67.887248014E-03
+3.105970000E-03,-1.135654981611E+00,-44.715765855E-03,-69.527323375E-03
+3.105975000E-03,-1.130369177644E+00,-47.228328642E-03,-69.773554526E-03
+3.105980000E-03,-1.126845308331E+00,-45.422424135E-03,-71.466393707E-03
+3.105985000E-03,-1.122077720448E+00,-46.286117595E-03,-71.769785661E-03
+3.105990000E-03,-1.116273700409E+00,-45.186871378E-03,-73.449433886E-03
+3.105995000E-03,-1.112698009489E+00,-45.579459303E-03,-73.634107250E-03
+3.106000000E-03,-1.106375773379E+00,-43.616519636E-03,-75.304961505E-03
+3.106005000E-03,-1.100675396552E+00,-46.992775872E-03,-75.573177580E-03
+3.106010000E-03,-1.095285949374E+00,-44.715765859E-03,-77.090137364E-03
+3.106015000E-03,-1.089792858979E+00,-46.286117584E-03,-77.507850927E-03
+3.106020000E-03,-1.084403411803E+00,-44.637248259E-03,-78.813755437E-03
+3.106025000E-03,-1.078184818903E+00,-45.422424147E-03,-79.240262968E-03
+3.106030000E-03,-1.071914404403E+00,-46.129082417E-03,-80.449433812E-03
+3.106035000E-03,-1.065695811500E+00,-44.872801025E-03,-81.091393602E-03
+3.106040000E-03,-1.059373575389E+00,-45.265388963E-03,-82.195036808E-03
+3.106045000E-03,-1.052688588026E+00,-45.108353778E-03,-82.788629764E-03
+3.106050000E-03,-1.045174454930E+00,-45.108353788E-03,-83.711996592E-03
+3.106055000E-03,-1.036882997742E+00,-44.087625161E-03,-84.411117183E-03
+3.106060000E-03,-1.029731615909E+00,-43.538002044E-03,-85.286117178E-03
+3.106065000E-03,-1.021647445143E+00,-44.009107567E-03,-86.002825709E-03
+3.106070000E-03,-1.013874204017E+00,-44.009107561E-03,-86.842649824E-03
+3.106075000E-03,-1.005479103610E+00,-43.773554803E-03,-87.475815644E-03
+3.106080000E-03,-996.513965519E-03,-44.009107572E-03,-88.236494031E-03
+3.106085000E-03,-988.844367604E-03,-44.637248268E-03,-89.019157336E-03
+3.106090000E-03,-979.568299866E-03,-43.538002056E-03,-89.661117131E-03
+3.106095000E-03,-971.950523567E-03,-44.480213095E-03,-90.364634708E-03
+3.106100000E-03,-962.829920656E-03,-42.752826176E-03,-90.857097018E-03
+3.106105000E-03,-954.020247372E-03,-42.988378932E-03,-91.714509065E-03
+3.106110000E-03,-944.174141957E-03,-43.145414109E-03,-92.088252783E-03
+3.106115000E-03,-933.861642072E-03,-42.517273417E-03,-92.980840710E-03
+3.106120000E-03,-924.326466290E-03,-43.223931694E-03,-93.336996488E-03
+3.106125000E-03,-915.205863371E-03,-42.674308592E-03,-94.185614566E-03
+3.106130000E-03,-904.323325805E-03,-42.281720649E-03,-94.401066829E-03
+3.106135000E-03,-893.751717887E-03,-43.066896527E-03,-95.350815559E-03
+3.106140000E-03,-883.594682806E-03,-40.554333744E-03,-95.421167321E-03
+3.106145000E-03,-873.696755781E-03,-43.380966859E-03,-96.423679869E-03
+3.106150000E-03,-863.695185540E-03,-43.380966869E-03,-96.555589418E-03
+3.106155000E-03,-853.797258510E-03,-42.360238251E-03,-97.391016542E-03
+3.106160000E-03,-844.469369158E-03,-41.575062375E-03,-97.478956243E-03
+3.106165000E-03,-833.275901943E-03,-43.773554800E-03,-98.283604473E-03
+3.106170000E-03,-821.667861863E-03,-41.967650316E-03,-98.393529097E-03
+3.106175000E-03,-810.267108221E-03,-41.732097543E-03,-99.224559236E-03
+3.106180000E-03,-799.332749041E-03,-41.967650296E-03,-99.325689892E-03
+3.106185000E-03,-786.895563249E-03,-41.339509607E-03,-100.077574303E-03
+3.106190000E-03,-774.665663879E-03,-41.496544787E-03,-100.042398426E-03
+3.106195000E-03,-763.213088632E-03,-42.124685467E-03,-100.877825551E-03
+3.106200000E-03,-750.464973183E-03,-42.517273421E-03,-100.785488871E-03
+3.106205000E-03,-739.012397931E-03,-42.203203056E-03,-101.541770268E-03
+3.106210000E-03,-727.404357863E-03,-41.967650318E-03,-101.515388359E-03
+3.106215000E-03,-714.397134384E-03,-41.496544785E-03,-102.104584332E-03
+3.106220000E-03,-703.151845551E-03,-41.653579948E-03,-102.012247652E-03
+3.106225000E-03,-690.196443680E-03,-41.182474434E-03,-102.623428548E-03
+3.106230000E-03,-678.692046819E-03,-41.732097558E-03,-102.610237594E-03
+3.106235000E-03,-665.114785656E-03,-42.909861345E-03,-103.023554172E-03
+3.106240000E-03,-653.143994327E-03,-42.203203066E-03,-103.045539097E-03
+3.106245000E-03,-639.825841214E-03,-42.517273405E-03,-103.379709948E-03
+3.106250000E-03,-626.507688076E-03,-40.946921684E-03,-103.379709948E-03
+3.106255000E-03,-613.966859066E-03,-41.889132709E-03,-103.727071754E-03
+3.106260000E-03,-600.752349165E-03,-41.025439251E-03,-103.735865721E-03
+3.106265000E-03,-587.486017647E-03,-41.418027188E-03,-104.026066726E-03
+3.106270000E-03,-574.997010242E-03,-42.595791005E-03,-103.964508935E-03
+3.106275000E-03,-560.538781758E-03,-41.418027197E-03,-104.210740091E-03
+3.106280000E-03,-547.376093459E-03,-40.475816157E-03,-104.052448633E-03
+3.106285000E-03,-534.317048377E-03,-43.066896516E-03,-104.456971244E-03
+3.106290000E-03,-521.102538461E-03,-40.475816154E-03,-104.100815467E-03
+3.106295000E-03,-506.696131576E-03,-40.004710637E-03,-104.575689835E-03
+3.106300000E-03,-492.030616659E-03,-41.025439258E-03,-104.223931045E-03
+3.106305000E-03,-478.816106743E-03,-42.203203065E-03,-104.544910940E-03
+3.106310000E-03,-463.995127014E-03,-42.517273409E-03,-104.114006423E-03
+3.106315000E-03,-450.210579415E-03,-42.517273415E-03,-104.452574257E-03
+3.106320000E-03,-435.441421289E-03,-39.847675461E-03,-104.188755167E-03
+3.106325000E-03,-420.516798330E-03,-42.046167887E-03,-104.254709937E-03
+3.106330000E-03,-406.265856274E-03,-39.612122713E-03,-103.999684818E-03
+3.106335000E-03,-392.688595110E-03,-42.517273415E-03,-104.052448633E-03
+3.106340000E-03,-377.712150553E-03,-41.025439255E-03,-103.924936074E-03
+3.106345000E-03,-362.683884388E-03,-42.438755818E-03,-103.731468738E-03
+3.106350000E-03,-347.759261422E-03,-40.083228224E-03,-103.590765223E-03
+3.106355000E-03,-332.730995249E-03,-41.103956842E-03,-103.436870751E-03
+3.106360000E-03,-317.650907479E-03,-41.496544783E-03,-103.243403417E-03
+3.106365000E-03,-303.037214176E-03,-40.397298561E-03,-103.054333066E-03
+3.106370000E-03,-287.749839957E-03,-40.554333737E-03,-102.728956188E-03
+3.106375000E-03,-273.343433079E-03,-41.496544783E-03,-102.610237594E-03
+3.106380000E-03,-259.092491009E-03,-40.554333741E-03,-102.179333079E-03
+3.106385000E-03,-243.286900733E-03,-42.438755818E-03,-102.091393378E-03
+3.106390000E-03,-228.310456164E-03,-41.575062369E-03,-101.722046650E-03
+3.106395000E-03,-212.349401059E-03,-41.260992014E-03,-101.427448662E-03
+3.106400000E-03,-197.528421332E-03,-40.868404087E-03,-101.198805449E-03
+3.106405000E-03,-183.070192836E-03,-41.496544767E-03,-100.679961234E-03
+3.106410000E-03,-168.249213096E-03,-40.632851327E-03,-100.464508975E-03
+3.106415000E-03,-152.495444430E-03,-40.475816149E-03,-99.914885866E-03
+3.106420000E-03,-137.622643074E-03,-40.397298562E-03,-99.760991393E-03
+3.106425000E-03,-121.765231190E-03,-41.418027197E-03,-99.083855726E-03
+3.106430000E-03,-106.581500189E-03,-41.103956851E-03,-98.938755221E-03
+3.106435000E-03,-92.019628485E-03,-41.653579961E-03,-98.195664780E-03
+3.106440000E-03,-77.043183925E-03,-41.182474433E-03,-98.085740155E-03
+3.106445000E-03,-62.118560962E-03,-40.318780987E-03,-97.364634639E-03
+3.106450000E-03,-46.934829975E-03,-40.161745803E-03,-97.074433632E-03
+3.106455000E-03,-33.616676847E-03,-40.083228225E-03,-96.392900981E-03
+3.106460000E-03,-17.759264969E-03,-41.260992014E-03,-96.010363292E-03
+3.106465000E-03,-3.508322888E-03,-41.732097544E-03,-95.429961293E-03
+3.106470000E-03,+12.452732208E-03,-41.653579956E-03,-94.946292952E-03
+3.106475000E-03,+27.947392837E-03,-41.967650296E-03,-94.269157286E-03
+3.106480000E-03,+43.442053492E-03,-40.632851324E-03,-93.811870855E-03
+3.106485000E-03,+58.366676447E-03,-41.182474434E-03,-93.064383429E-03
+3.106490000E-03,+73.861337069E-03,-41.418027205E-03,-92.549936195E-03
+3.106495000E-03,+88.112279140E-03,-41.496544773E-03,-91.859609571E-03
+3.106500000E-03,+103.658761382E-03,-41.025439263E-03,-91.323177415E-03
+3.106505000E-03,+117.080557704E-03,-42.595790985E-03,-90.536117124E-03
+3.106510000E-03,+134.440796212E-03,-41.103956840E-03,-90.034860845E-03
+3.106515000E-03,+148.536273459E-03,-41.889132710E-03,-89.300564372E-03
+3.106520000E-03,+163.460896414E-03,-41.260992019E-03,-88.698177443E-03
+3.106525000E-03,+179.059200261E-03,-42.517273419E-03,-87.858353332E-03
+3.106530000E-03,+194.605682505E-03,-40.789886508E-03,-87.233981479E-03
+3.106535000E-03,+208.338408500E-03,-41.889132716E-03,-86.477700082E-03
+3.106540000E-03,+224.299463596E-03,-41.418027203E-03,-85.659860893E-03
+3.106545000E-03,+238.187654412E-03,-42.046167876E-03,-85.026695070E-03
+3.106550000E-03,+253.578671824E-03,-40.632851344E-03,-84.076946337E-03
+3.106555000E-03,+268.710581212E-03,-40.946921677E-03,-83.426192574E-03
+3.106560000E-03,+284.257063460E-03,-40.318780974E-03,-82.524810676E-03
+3.106565000E-03,+299.181686419E-03,-43.145414102E-03,-81.698177517E-03
+3.106570000E-03,+314.779990272E-03,-40.711368924E-03,-80.893529288E-03
+3.106575000E-03,+328.771824294E-03,-42.203203064E-03,-79.965765475E-03
+3.106580000E-03,+342.763658308E-03,-40.475816145E-03,-79.156720261E-03
+3.106585000E-03,+356.496384298E-03,-41.418027198E-03,-78.184986601E-03
+3.106590000E-03,+370.850969568E-03,-41.260992014E-03,-77.459484097E-03
+3.106595000E-03,+384.946446813E-03,-41.889132715E-03,-76.347046923E-03
+3.106600000E-03,+399.093745649E-03,-42.046167902E-03,-75.669911252E-03
+3.106605000E-03,+414.381119859E-03,-40.868404107E-03,-74.425564532E-03
+3.106610000E-03,+428.735705128E-03,-42.046167898E-03,-73.809986648E-03
+3.106615000E-03,+442.002036657E-03,-42.674308583E-03,-72.666770581E-03
+3.106620000E-03,+455.786584240E-03,-42.438755834E-03,-71.756594711E-03
+3.106625000E-03,+469.985704688E-03,-40.004710632E-03,-70.771670100E-03
+3.106630000E-03,+483.770252282E-03,-42.124685476E-03,-69.773554530E-03
+3.106635000E-03,+497.606621474E-03,-41.496544773E-03,-68.964509315E-03
+3.106640000E-03,+510.976596211E-03,-42.517273406E-03,-67.733353548E-03
+3.106645000E-03,+524.139284522E-03,-42.595791010E-03,-67.060614863E-03
+3.106650000E-03,+537.405616020E-03,-41.339509616E-03,-65.578830958E-03
+3.106655000E-03,+551.449271660E-03,-42.909861325E-03,-64.976444031E-03
+3.106660000E-03,+563.679171026E-03,-40.711368908E-03,-63.525439021E-03
+3.106665000E-03,+576.686394508E-03,-41.967650293E-03,-62.896670183E-03
+3.106670000E-03,+589.797261196E-03,-41.810615138E-03,-61.318152612E-03
+3.106675000E-03,+603.478165573E-03,-42.595791000E-03,-60.737750608E-03
+3.106680000E-03,+616.485389051E-03,-41.182474446E-03,-59.220790826E-03
+3.106685000E-03,+629.285326101E-03,-43.066896517E-03,-58.504082290E-03
+3.106690000E-03,+640.841544563E-03,-41.418027202E-03,-56.995916478E-03
+3.106695000E-03,+653.175087163E-03,-42.281720657E-03,-56.358353670E-03
+3.106700000E-03,+664.990413671E-03,-40.946921660E-03,-54.810614993E-03
+3.106705000E-03,+676.857561769E-03,-42.752826173E-03,-54.005966761E-03
+3.106710000E-03,+688.361958636E-03,-41.418027200E-03,-52.537373811E-03
+3.106715000E-03,+700.488214786E-03,-41.339509609E-03,-51.561243170E-03
+3.106720000E-03,+712.096254853E-03,-42.046167906E-03,-50.136620068E-03
+3.106725000E-03,+723.807938158E-03,-43.223931693E-03,-49.239635154E-03
+3.106730000E-03,+734.690475732E-03,-40.789886518E-03,-47.766645219E-03
+3.106735000E-03,+746.143050986E-03,-42.360238229E-03,-46.838881412E-03
+3.106740000E-03,+758.735701597E-03,-40.632851333E-03,-45.396670370E-03
+3.106745000E-03,+769.566417568E-03,-42.124685470E-03,-44.534861337E-03
+3.106750000E-03,+780.448955157E-03,-41.967650310E-03,-42.982725672E-03
+3.106755000E-03,+791.072384675E-03,-42.517273409E-03,-42.028579956E-03
+3.106760000E-03,+801.903100644E-03,-41.889132723E-03,-40.538002080E-03
+3.106765000E-03,+812.474708555E-03,-40.868404069E-03,-39.619032244E-03
+3.106770000E-03,+821.906241135E-03,-40.711368924E-03,-38.009735775E-03
+3.106775000E-03,+832.477849051E-03,-39.376569948E-03,-37.227072470E-03
+3.106780000E-03,+841.753916793E-03,-43.538002025E-03,-35.424308668E-03
+3.106785000E-03,+851.962773453E-03,-41.260992005E-03,-34.857097620E-03
+3.106790000E-03,+861.860700500E-03,-42.281720676E-03,-32.847675529E-03
+3.106795000E-03,+871.706805915E-03,-43.302449281E-03,-32.298052422E-03
+3.106800000E-03,+881.449268128E-03,-41.810615136E-03,-30.231469527E-03
+3.106805000E-03,+891.088087114E-03,-43.459484470E-03,-29.853328830E-03
+3.106810000E-03,+900.415976461E-03,-41.732097536E-03,-27.597675587E-03
+3.106815000E-03,+909.277471353E-03,-43.616519606E-03,-27.338253481E-03
+3.106820000E-03,+918.760825509E-03,-40.868404074E-03,-24.937499735E-03
+3.106825000E-03,+926.326780209E-03,-43.538002043E-03,-24.656092706E-03
+3.106830000E-03,+934.929167056E-03,-41.339509637E-03,-22.325690719E-03
+3.106835000E-03,+942.598764966E-03,-41.418027197E-03,-22.026695747E-03
+3.106840000E-03,+950.579292522E-03,-42.281720662E-03,-19.819409339E-03
+3.106845000E-03,+958.818928112E-03,-42.674308604E-03,-19.344534972E-03
+3.106850000E-03,+966.125774763E-03,-42.752826167E-03,-17.264761124E-03
+3.106855000E-03,+974.728161602E-03,-43.616519645E-03,-16.675565152E-03
+3.106860000E-03,+981.464970579E-03,-41.732097550E-03,-14.749685774E-03
+3.106865000E-03,+990.274643843E-03,-42.438755827E-03,-14.015389302E-03
+3.106870000E-03,+996.700523185E-03,-41.653579974E-03,-12.071921984E-03
+3.106875000E-03,+1.004162834667E+00,-43.145414116E-03,-11.381595360E-03
+3.106880000E-03,+1.010174141135E+00,-41.339509606E-03,-9.552449648E-03
+3.106885000E-03,+1.017118236537E+00,-42.909861357E-03,-8.769786343E-03
+3.106890000E-03,+1.023336829430E+00,-41.575062383E-03,-6.909861737E-03
+3.106895000E-03,+1.029244492694E+00,-42.360238243E-03,-6.096419538E-03
+3.106900000E-03,+1.036603160939E+00,-42.752826162E-03,-4.232097948E-03
+3.106905000E-03,+1.042148072952E+00,-42.203203057E-03,-3.489007505E-03
+3.106910000E-03,+1.048366665841E+00,-41.653579969E-03,-1.673052748E-03
+3.106915000E-03,+1.053911577843E+00,-42.674308584E-03,-894.786427E-06
+3.106920000E-03,+1.059508311444E+00,-42.752826180E-03,+833.228632E-06
+3.106925000E-03,+1.065105045060E+00,-41.653579954E-03,+1.796168318E-03
+3.106930000E-03,+1.071582746012E+00,+273.280458026E-03,+3.409861771E-03
+3.106935000E-03,+1.075210258531E+00,+2.517077546472E+00,+4.522298944E-03
+3.106940000E-03,+1.079770559984E+00,+2.552724532961E+00,+5.885364256E-03
+3.106945000E-03,+1.084227218221E+00,+2.552724532961E+00,+7.270414489E-03
+3.106950000E-03,+1.090290346292E+00,+2.552724532961E+00,+8.325690865E-03
+3.106955000E-03,+1.094228788478E+00,+2.552724532961E+00,+9.873429537E-03
+3.106960000E-03,+1.097493549748E+00,+2.552724532961E+00,+10.919911942E-03
+3.106965000E-03,+1.101380170303E+00,+2.552724532961E+00,+12.445665690E-03
+3.106970000E-03,+1.105059504431E+00,+2.552724532961E+00,+13.632851611E-03
+3.106975000E-03,+1.108997946614E+00,+2.552724532961E+00,+14.925565161E-03
+3.106980000E-03,+1.111485383769E+00,+2.552724532961E+00,+16.323806357E-03
+3.106985000E-03,+1.113972820940E+00,+2.552724532961E+00,+17.370288753E-03
+3.106990000E-03,+1.116978474155E+00,+2.552724532961E+00,+19.010364116E-03
+3.106995000E-03,+1.119465911315E+00,+2.552724532961E+00,+19.819409331E-03
+3.107000000E-03,+1.121538775620E+00,+2.552724532961E+00,+21.701318860E-03
+3.107005000E-03,+1.123974391173E+00,+2.552724532961E+00,+22.374057545E-03
+3.107010000E-03,+1.124907180121E+00,+2.552724532961E+00,+24.264761043E-03
+3.107015000E-03,+1.126254541911E+00,+2.552724532961E+00,+24.906720834E-03
+3.107020000E-03,+1.128586514252E+00,+2.552724532961E+00,+26.801821318E-03
+3.107025000E-03,+1.130089340852E+00,+2.552724532961E+00,+27.430590155E-03
+3.107030000E-03,+1.131799453913E+00,+2.552724532961E+00,+29.255338879E-03
+3.107035000E-03,+1.132006740340E+00,+2.552724532961E+00,+30.064384096E-03
+3.107040000E-03,+1.133665031781E+00,+2.552724532961E+00,+31.678077547E-03
+3.107045000E-03,+1.134131426244E+00,+2.552724532961E+00,+32.645414219E-03
+3.107050000E-03,+1.134597820720E+00,+2.552724532961E+00,+34.017273502E-03
+3.107055000E-03,+1.135375144842E+00,+2.552724532961E+00,+35.015389070E-03
+3.107060000E-03,+1.135116036790E+00,+2.552724532961E+00,+36.563127744E-03
+3.107065000E-03,+1.135375144829E+00,+2.552724532961E+00,+37.517273466E-03
+3.107070000E-03,+1.135893360895E+00,+2.552724532961E+00,+38.853956866E-03
+3.107075000E-03,+1.135271501614E+00,+2.552724532961E+00,+39.992775951E-03
+3.107080000E-03,+1.135116036790E+00,+2.552724532961E+00,+41.237122669E-03
+3.107085000E-03,+1.133820496606E+00,+2.552724532961E+00,+42.257223164E-03
+3.107090000E-03,+1.133509566958E+00,+2.552724532961E+00,+43.602700532E-03
+3.107095000E-03,+1.131540345860E+00,+2.552724532961E+00,+44.605213089E-03
+3.107100000E-03,+1.130555735334E+00,+2.552724532961E+00,+45.867147744E-03
+3.107105000E-03,+1.128534692649E+00,+2.552724532961E+00,+46.869660302E-03
+3.107110000E-03,+1.125684504234E+00,+2.552724532961E+00,+48.109610032E-03
+3.107115000E-03,+1.123559818329E+00,+2.552724532961E+00,+49.147298467E-03
+3.107120000E-03,+1.122264278147E+00,+2.552724532961E+00,+50.391645183E-03
+3.107125000E-03,+1.120295057048E+00,+2.552724532961E+00,+51.205087390E-03
+3.107130000E-03,+1.117755798292E+00,+2.552724532961E+00,+52.594534607E-03
+3.107135000E-03,+1.114594680244E+00,+2.552724532961E+00,+53.306846164E-03
+3.107140000E-03,+1.110967167721E+00,+2.552724532961E+00,+54.876569757E-03
+3.107145000E-03,+1.108583373777E+00,+2.552724532961E+00,+55.325062222E-03
+3.107150000E-03,+1.105318612499E+00,+2.552724532961E+00,+57.079459182E-03
+3.107155000E-03,+1.101587456756E+00,+2.552724532961E+00,+57.360866221E-03
+3.107160000E-03,+1.098374517104E+00,+2.552724532961E+00,+59.080087299E-03
+3.107165000E-03,+1.094332431706E+00,+2.552724532961E+00,+59.348303386E-03
+3.107170000E-03,+1.089616665448E+00,+2.552724532961E+00,+61.115891300E-03
+3.107175000E-03,+1.084589969518E+00,+2.552724532961E+00,+61.282976730E-03
+3.107180000E-03,+1.080547884121E+00,+2.552724532961E+00,+63.046167661E-03
+3.107185000E-03,+1.076091225873E+00,+2.552724532961E+00,+63.252825956E-03
+3.107190000E-03,+1.070857243521E+00,+2.552724532961E+00,+64.950062112E-03
+3.107195000E-03,+1.064690472251E+00,+2.552724532961E+00,+65.293026936E-03
+3.107200000E-03,+1.061218424539E+00,+2.552724532961E+00,+66.704459081E-03
+3.107205000E-03,+1.054999831648E+00,+2.552724532961E+00,+67.258479175E-03
+3.107210000E-03,+1.049714027666E+00,+2.552724532961E+00,+68.568780670E-03
+3.107215000E-03,+1.043184505153E+00,+2.552724532961E+00,+69.118403779E-03
+3.107220000E-03,+1.037950522776E+00,+2.552724532961E+00,+70.252825881E-03
+3.107225000E-03,+1.031161892204E+00,+2.552724532961E+00,+70.921167577E-03
+3.107230000E-03,+1.024476904841E+00,+2.552724532961E+00,+72.029207772E-03
+3.107235000E-03,+1.016548198901E+00,+2.552724532961E+00,+72.565639920E-03
+3.107240000E-03,+1.010951465289E+00,+2.552724532961E+00,+73.682474086E-03
+3.107245000E-03,+1.003644618625E+00,+2.552724532961E+00,+74.188127340E-03
+3.107250000E-03,+996.389593582E-03,+2.552724532961E+00,+75.401695172E-03
+3.107255000E-03,+989.341854960E-03,+2.552724532961E+00,+75.735866019E-03
+3.107260000E-03,+980.584003298E-03,+2.552724532961E+00,+77.002197668E-03
+3.107265000E-03,+973.432621479E-03,+2.552724532961E+00,+77.200061983E-03
+3.107270000E-03,+965.711201962E-03,+2.552724532961E+00,+78.483981571E-03
+3.107275000E-03,+960.218111558E-03,+2.552724532961E+00,+78.725815735E-03
+3.107280000E-03,+950.682935785E-03,+2.552724532961E+00,+79.965765473E-03
+3.107285000E-03,+942.391478578E-03,+2.552724532961E+00,+80.066896126E-03
+3.107290000E-03,+934.307307812E-03,+2.552724532961E+00,+81.381594601E-03
+3.107295000E-03,+925.756742583E-03,+2.552724532961E+00,+81.531092092E-03
+3.107300000E-03,+917.672571813E-03,+2.552724532961E+00,+82.612750365E-03
+3.107305000E-03,+908.292860872E-03,+2.552724532961E+00,+82.806217706E-03
+3.107310000E-03,+899.068614728E-03,+2.552724532961E+00,+83.861494071E-03
+3.107315000E-03,+888.600650022E-03,+2.552724532961E+00,+84.142901110E-03
+3.107320000E-03,+879.842798361E-03,+2.552724532961E+00,+84.973931246E-03
+3.107325000E-03,+870.255800964E-03,+2.552724532961E+00,+85.475187527E-03
+3.107330000E-03,+860.616981979E-03,+2.552724532961E+00,+86.112750328E-03
+3.107335000E-03,+851.496379072E-03,+2.552724532961E+00,+86.543654853E-03
+3.107340000E-03,+841.546630428E-03,+2.552724532961E+00,+87.168026701E-03
+3.107345000E-03,+831.596881785E-03,+2.552724532961E+00,+87.625313132E-03
+3.107350000E-03,+820.403414571E-03,+2.552724532961E+00,+88.170539253E-03
+3.107355000E-03,+809.158125749E-03,+2.552724532961E+00,+88.566267895E-03
+3.107360000E-03,+799.208377122E-03,+2.552724532961E+00,+89.115891002E-03
+3.107365000E-03,+789.103163640E-03,+2.552724532961E+00,+89.489634721E-03
+3.107370000E-03,+776.510513039E-03,+2.552724532961E+00,+90.100815613E-03
+3.107375000E-03,+766.353477969E-03,+2.552724532961E+00,+90.351443756E-03
+3.107380000E-03,+755.263653951E-03,+2.552724532961E+00,+90.905463846E-03
+3.107385000E-03,+743.137397811E-03,+2.552724532961E+00,+91.182473897E-03
+3.107390000E-03,+731.529357745E-03,+2.552724532961E+00,+91.714509065E-03
+3.107395000E-03,+721.061393019E-03,+2.552724532961E+00,+91.793654797E-03
+3.107400000E-03,+708.883315264E-03,+2.552724532961E+00,+92.360865844E-03
+3.107405000E-03,+697.016167150E-03,+2.552724532961E+00,+92.598303029E-03
+3.107410000E-03,+685.356305480E-03,+2.552724532961E+00,+92.945664832E-03
+3.107415000E-03,+673.800086998E-03,+2.552724532961E+00,+93.183102017E-03
+3.107420000E-03,+661.051971568E-03,+2.552724532961E+00,+93.504081911E-03
+3.107425000E-03,+647.371067213E-03,+2.552724532961E+00,+93.715137187E-03
+3.107430000E-03,+636.643994437E-03,+2.552724532961E+00,+94.027323114E-03
+3.107435000E-03,+623.481306143E-03,+2.552724532961E+00,+94.207599491E-03
+3.107440000E-03,+611.821444455E-03,+2.552724532961E+00,+94.409860798E-03
+3.107445000E-03,+599.021507414E-03,+2.552724532961E+00,+94.620916070E-03
+3.107450000E-03,+586.273391976E-03,+2.552724532961E+00,+94.805589438E-03
+3.107455000E-03,+573.317990085E-03,+2.552724532961E+00,+95.060614555E-03
+3.107460000E-03,+560.155301794E-03,+2.552724532961E+00,+95.016644713E-03
+3.107465000E-03,+547.251721519E-03,+2.552724532961E+00,+95.223302996E-03
+3.107470000E-03,+534.037211622E-03,+2.552724532961E+00,+95.254081898E-03
+3.107475000E-03,+520.149020830E-03,+2.552724532961E+00,+95.495916057E-03
+3.107480000E-03,+506.830867685E-03,+2.552724532961E+00,+95.465137172E-03
+3.107485000E-03,+492.787212065E-03,+2.552724532961E+00,+95.601443695E-03
+3.107490000E-03,+478.847199656E-03,+2.552724532961E+00,+95.535488930E-03
+3.107495000E-03,+465.529046532E-03,+2.552724532961E+00,+95.645413546E-03
+3.107500000E-03,+451.899963751E-03,+2.552724532961E+00,+95.557473853E-03
+3.107505000E-03,+437.545378475E-03,+2.552724532961E+00,+95.597046713E-03
+3.107510000E-03,+424.227225368E-03,+2.552724532961E+00,+95.429961291E-03
+3.107515000E-03,+409.665353664E-03,+2.552724532961E+00,+95.456343198E-03
+3.107520000E-03,+394.740730711E-03,+2.552724532961E+00,+95.342021594E-03
+3.107525000E-03,+380.489788653E-03,+2.552724532961E+00,+95.394785409E-03
+3.107530000E-03,+365.824273752E-03,+2.552724532961E+00,+95.192524109E-03
+3.107535000E-03,+351.158758814E-03,+2.552724532961E+00,+95.254081893E-03
+3.107540000E-03,+337.529676049E-03,+2.552724532961E+00,+94.924308030E-03
+3.107545000E-03,+322.397766660E-03,+2.552724532961E+00,+94.933101998E-03
+3.107550000E-03,+309.183256751E-03,+2.552724532961E+00,+94.620916071E-03
+3.107555000E-03,+294.258633789E-03,+2.552724532961E+00,+94.629710045E-03
+3.107560000E-03,+279.696762082E-03,+2.552724532961E+00,+94.176820597E-03
+3.107565000E-03,+264.616674310E-03,+2.552724532961E+00,+94.216393466E-03
+3.107570000E-03,+249.432943337E-03,+2.552724532961E+00,+93.781091958E-03
+3.107575000E-03,+235.078358044E-03,+2.552724532961E+00,+93.728328145E-03
+3.107580000E-03,+219.739162242E-03,+2.552724532961E+00,+93.147926137E-03
+3.107585000E-03,+206.213722669E-03,+2.552724532961E+00,+93.235865838E-03
+3.107590000E-03,+190.874526862E-03,+2.552724532961E+00,+92.673051770E-03
+3.107595000E-03,+174.706185335E-03,+2.552724532961E+00,+92.602700015E-03
+3.107600000E-03,+159.522454340E-03,+2.552724532961E+00,+91.960740220E-03
+3.107605000E-03,+144.390544955E-03,+2.552724532961E+00,+91.824433692E-03
+3.107610000E-03,+128.999527516E-03,+2.552724532961E+00,+91.292398520E-03
+3.107615000E-03,+112.934829210E-03,+2.552724532961E+00,+91.054961340E-03
+3.107620000E-03,+98.165671074E-03,+2.552724532961E+00,+90.619659834E-03
+3.107625000E-03,+82.981940089E-03,+2.552724532961E+00,+90.052448787E-03
+3.107630000E-03,+68.212781935E-03,+2.552724532961E+00,+89.828202557E-03
+3.107635000E-03,+53.080872557E-03,+2.552724532961E+00,+89.225815629E-03
+3.107640000E-03,+37.638033526E-03,+2.552724532961E+00,+88.922423671E-03
+3.107645000E-03,+23.076161829E-03,+2.552724532961E+00,+88.223303078E-03
+3.107650000E-03,+8.099717272E-03,+2.552724532961E+00,+87.933102074E-03
+3.107655000E-03,-7.239478550E-03,+2.552724532961E+00,+87.168026710E-03
+3.107660000E-03,-22.060458316E-03,+2.552724532961E+00,+86.855840779E-03
+3.107665000E-03,-36.259578749E-03,+2.552724532961E+00,+86.077574460E-03
+3.107670000E-03,-52.790671539E-03,+2.552724532961E+00,+85.739006620E-03
+3.107675000E-03,-67.041613602E-03,+2.552724532961E+00,+85.039886027E-03
+3.107680000E-03,-82.484452626E-03,+2.552724532961E+00,+84.472674975E-03
+3.107685000E-03,-97.823648461E-03,+2.552724532961E+00,+83.980212672E-03
+3.107690000E-03,-114.665670868E-03,+2.552724532961E+00,+83.263504134E-03
+3.107695000E-03,-129.486650616E-03,+2.552724532961E+00,+82.678705148E-03
+3.107700000E-03,-144.825846426E-03,+2.552724532961E+00,+81.856468975E-03
+3.107705000E-03,-160.320507068E-03,+2.552724532961E+00,+81.438755411E-03
+3.107710000E-03,-175.763346085E-03,+2.552724532961E+00,+80.620916225E-03
+3.107715000E-03,-190.117931374E-03,+2.552724532961E+00,+79.961368494E-03
+3.107720000E-03,-204.679803063E-03,+2.552724532961E+00,+79.200690112E-03
+3.107725000E-03,-219.811712466E-03,+2.552724532961E+00,+78.492775545E-03
+3.107730000E-03,-235.876410741E-03,+2.552724532961E+00,+77.899182585E-03
+3.107735000E-03,-249.920066404E-03,+2.552724532961E+00,+76.945036869E-03
+3.107740000E-03,-265.000154186E-03,+2.552724532961E+00,+76.408604710E-03
+3.107745000E-03,-280.339350004E-03,+2.552724532961E+00,+75.322549448E-03
+3.107750000E-03,-295.937653850E-03,+2.552724532961E+00,+74.869660003E-03
+3.107755000E-03,-310.344060734E-03,+2.552724532961E+00,+73.717649967E-03
+3.107760000E-03,-326.460580644E-03,+2.552724532961E+00,+73.203202735E-03
+3.107765000E-03,-341.126095595E-03,+2.552724532961E+00,+72.038001748E-03
+3.107770000E-03,-355.428859236E-03,+2.552724532961E+00,+71.519157527E-03
+3.107775000E-03,-369.938909345E-03,+2.552724532961E+00,+70.336368597E-03
+3.107780000E-03,-385.433569964E-03,+2.552724532961E+00,+69.685614833E-03
+3.107785000E-03,-399.010831143E-03,+2.552724532961E+00,+68.511619873E-03
+3.107790000E-03,-413.779989267E-03,+2.552724532961E+00,+67.874057065E-03
+3.107795000E-03,-428.186396160E-03,+2.552724532961E+00,+66.664886228E-03
+3.107800000E-03,-444.043808056E-03,+2.552724532961E+00,+65.934986733E-03
+3.107805000E-03,-457.983820458E-03,+2.552724532961E+00,+64.769785742E-03
+3.107810000E-03,-471.872011277E-03,+2.552724532961E+00,+64.132222934E-03
+3.107815000E-03,-485.967488507E-03,+2.552724532961E+00,+62.804333500E-03
+3.107820000E-03,-500.322073776E-03,+2.552724532961E+00,+62.153579742E-03
+3.107825000E-03,-513.899334943E-03,+2.552724532961E+00,+60.755338549E-03
+3.107830000E-03,-528.202098608E-03,+2.552724532961E+00,+60.249685291E-03
+3.107835000E-03,-539.810138689E-03,+2.552724532961E+00,+58.671167717E-03
+3.107840000E-03,-554.372010405E-03,+2.552724532961E+00,+58.310614960E-03
+3.107845000E-03,-567.690163513E-03,+2.552724532961E+00,+56.705715476E-03
+3.107850000E-03,-580.852851816E-03,+2.552724532961E+00,+56.261620004E-03
+3.107855000E-03,-595.000150646E-03,+2.552724532961E+00,+54.630338617E-03
+3.107860000E-03,-606.919120379E-03,+2.552724532961E+00,+54.186243141E-03
+3.107865000E-03,-621.688278490E-03,+2.552724532961E+00,+52.506594920E-03
+3.107870000E-03,-633.866356276E-03,+2.552724532961E+00,+51.956971809E-03
+3.107875000E-03,-646.148077254E-03,+2.552724532961E+00,+50.422424090E-03
+3.107880000E-03,-659.258943929E-03,+2.552724532961E+00,+49.670539673E-03
+3.107885000E-03,-672.162524194E-03,+2.552724532961E+00,+48.281092453E-03
+3.107890000E-03,-684.444245182E-03,+2.552724532961E+00,+47.428077385E-03
+3.107895000E-03,-696.000463623E-03,+2.552724532961E+00,+46.065012074E-03
+3.107900000E-03,-708.334006211E-03,+2.552724532961E+00,+45.075690476E-03
+3.107905000E-03,-720.823013637E-03,+2.552724532961E+00,+43.853328681E-03
+3.107910000E-03,-733.571129077E-03,+2.552724532961E+00,+42.771670403E-03
+3.107915000E-03,-744.816417904E-03,+2.552724532961E+00,+41.496544785E-03
+3.107920000E-03,-756.476279573E-03,+2.552724532961E+00,+40.366519673E-03
+3.107925000E-03,-768.602535744E-03,+2.552724532961E+00,+39.117775966E-03
+3.107930000E-03,-780.262397434E-03,+2.552724532961E+00,+37.956971963E-03
+3.107935000E-03,-791.041291751E-03,+2.552724532961E+00,+36.686243328E-03
+3.107940000E-03,-803.063904718E-03,+2.552724532961E+00,+35.582600130E-03
+3.107945000E-03,-813.842799060E-03,+2.552724532961E+00,+34.281092599E-03
+3.107950000E-03,-824.880801484E-03,+2.552724532961E+00,+33.133479554E-03
+3.107955000E-03,-836.592484754E-03,+2.552724532961E+00,+31.875941870E-03
+3.107960000E-03,-846.697698216E-03,+2.552724532961E+00,+30.701946916E-03
+3.107965000E-03,-857.321127734E-03,+2.552724532961E+00,+29.413630338E-03
+3.107970000E-03,-866.856303541E-03,+2.552724532961E+00,+28.204459506E-03
+3.107975000E-03,-877.376089847E-03,+2.552724532961E+00,+26.872173081E-03
+3.107980000E-03,-887.636768136E-03,+2.552724532961E+00,+25.632223354E-03
+3.107985000E-03,-898.985700159E-03,+2.552724532961E+00,+24.440640441E-03
+3.107990000E-03,-909.142735229E-03,+2.552724532961E+00,+23.121544989E-03
+3.107995000E-03,-918.315159758E-03,+2.552724532961E+00,+21.842022381E-03
+3.108000000E-03,-927.073011441E-03,+2.552724532961E+00,+20.487751049E-03
+3.108005000E-03,-936.504544005E-03,+2.552724532961E+00,+19.291771150E-03
+3.108010000E-03,-947.283438345E-03,+2.552724532961E+00,+17.999057607E-03
+3.108015000E-03,-955.471252346E-03,+2.552724532961E+00,+16.789886757E-03
+3.108020000E-03,-964.332747222E-03,+2.552724532961E+00,+15.413630499E-03
+3.108025000E-03,-973.712458173E-03,+2.552724532961E+00,+14.230841559E-03
+3.108030000E-03,-981.589342523E-03,+2.552724532961E+00,+12.705087815E-03
+3.108035000E-03,-990.450837389E-03,+2.552724532961E+00,+11.663002390E-03
+3.108040000E-03,-998.845937796E-03,+2.552724532961E+00,+10.093278796E-03
+3.108045000E-03,-1.007033751804E+00,+2.552724532961E+00,+9.152324027E-03
+3.108050000E-03,-1.014599706474E+00,+2.552724532961E+00,+7.419911991E-03
+3.108055000E-03,-1.021854731528E+00,+2.552724532961E+00,+6.558102948E-03
+3.108060000E-03,-1.029679794278E+00,+2.552724532961E+00,+4.786118047E-03
+3.108065000E-03,-1.037608500193E+00,+2.552724532961E+00,+3.968278856E-03
+3.108070000E-03,-1.044500774001E+00,+2.552724532961E+00,+2.196293956E-03
+3.108075000E-03,-1.051185761380E+00,+2.552724532961E+00,+1.387248733E-03
+3.108080000E-03,-1.059529040144E+00,+2.552724532961E+00,-455.087926E-06
+3.108085000E-03,-1.065177595405E+00,+2.552724532961E+00,-1.211369330E-03
+3.108090000E-03,-1.072484442056E+00,+2.552724532961E+00,-3.080087899E-03
+3.108095000E-03,-1.078495748529E+00,+2.552724532961E+00,-3.871545177E-03
+3.108100000E-03,-1.085543487118E+00,+2.552724532961E+00,-5.546796417E-03
+3.108105000E-03,-1.091140220754E+00,+2.552724532961E+00,-6.492148164E-03
+3.108110000E-03,-1.096996062389E+00,+2.552724532961E+00,-8.211369252E-03
+3.108115000E-03,-1.101970936712E+00,+2.552724532961E+00,-9.073178287E-03
+3.108120000E-03,-1.107723135140E+00,+2.552724532961E+00,-10.933102892E-03
+3.108125000E-03,-1.112905295876E+00,+2.552724532961E+00,-11.706972229E-03
+3.108130000E-03,-1.117983813411E+00,+2.552724532961E+00,-13.544911911E-03
+3.108135000E-03,-1.122388650069E+00,+1.387916141509E+00,-14.314384260E-03
+3.108140000E-03,-1.127311702772E+00,-149.850813778E-03,-16.152323941E-03
+3.108145000E-03,-1.130991036913E+00,-182.435613534E-03,-16.825062625E-03
+3.108150000E-03,-1.135499516741E+00,+2.944407620E-03,-18.878454570E-03
+3.108155000E-03,-1.138816099629E+00,+150.164886615E-03,-19.392901791E-03
+3.108160000E-03,-1.143428222692E+00,-84.210112013E-03,-21.424308811E-03
+3.108165000E-03,-1.147470308098E+00,-78.556845732E-03,-22.004710810E-03
+3.108170000E-03,-1.149957745262E+00,-90.884107366E-03,-23.996544966E-03
+3.108175000E-03,-1.154362581874E+00,-19.354585210E-03,-24.616519830E-03
+3.108180000E-03,-1.157368235115E+00,-56.336368700E-03,-26.647926843E-03
+3.108185000E-03,-1.160425709939E+00,-48.877197943E-03,-27.395414276E-03
+3.108190000E-03,-1.163638649627E+00,-62.146670169E-03,-29.097047417E-03
+3.108195000E-03,-1.166126086773E+00,-49.191268390E-03,-29.972047414E-03
+3.108200000E-03,-1.167473448566E+00,-54.059358679E-03,-31.603328796E-03
+3.108205000E-03,-1.169805420919E+00,-49.976444220E-03,-32.588253420E-03
+3.108210000E-03,-1.172655609332E+00,-53.352700424E-03,-34.074434298E-03
+3.108215000E-03,-1.172914717367E+00,-50.054961790E-03,-35.125313695E-03
+3.108220000E-03,-1.175453976137E+00,-49.505338654E-03,-36.563127740E-03
+3.108225000E-03,-1.176283121842E+00,-47.856469342E-03,-37.816268439E-03
+3.108230000E-03,-1.177423197237E+00,-48.720162836E-03,-39.021042283E-03
+3.108235000E-03,-1.178615094212E+00,-49.583856221E-03,-40.186243288E-03
+3.108240000E-03,-1.179858812786E+00,-48.092022108E-03,-41.562499541E-03
+3.108245000E-03,-1.178511450991E+00,-50.369032129E-03,-42.639760850E-03
+3.108250000E-03,-1.179288775107E+00,-47.934986934E-03,-43.994032180E-03
+3.108255000E-03,-1.179755169550E+00,-49.348303472E-03,-45.036117608E-03
+3.108260000E-03,-1.179288775123E+00,-48.013504484E-03,-46.342022103E-03
+3.108265000E-03,-1.179496061536E+00,-48.327574877E-03,-47.445665323E-03
+3.108270000E-03,-1.177630483659E+00,-47.149811077E-03,-48.738378862E-03
+3.108275000E-03,-1.177475018836E+00,-45.500941726E-03,-49.938755744E-03
+3.108280000E-03,-1.176801337933E+00,-47.306846217E-03,-51.051192911E-03
+3.108285000E-03,-1.174935760076E+00,-47.856469339E-03,-52.229584865E-03
+3.108290000E-03,-1.174417543998E+00,-47.934986921E-03,-53.328831079E-03
+3.108295000E-03,-1.171826463632E+00,-47.620916570E-03,-54.476444137E-03
+3.108300000E-03,-1.170997317914E+00,-48.406092439E-03,-55.619660200E-03
+3.108305000E-03,-1.169442669698E+00,-47.149811020E-03,-56.762876271E-03
+3.108310000E-03,-1.167058875747E+00,-45.579459306E-03,-57.857725505E-03
+3.108315000E-03,-1.164934189846E+00,-45.815012080E-03,-58.864635043E-03
+3.108320000E-03,-1.161928536617E+00,-45.736494457E-03,-60.227700355E-03
+3.108325000E-03,-1.159803850696E+00,-45.972047231E-03,-60.970790800E-03
+3.108330000E-03,-1.157575521585E+00,-46.050564846E-03,-62.413001839E-03
+3.108335000E-03,-1.153948009056E+00,-47.385363844E-03,-63.164886249E-03
+3.108340000E-03,-1.151305107098E+00,-45.815012075E-03,-64.646670158E-03
+3.108345000E-03,-1.147936702573E+00,-46.600187961E-03,-65.231469143E-03
+3.108350000E-03,-1.143739152387E+00,-44.951318632E-03,-66.656092247E-03
+3.108355000E-03,-1.140526212706E+00,-45.265388937E-03,-67.311242992E-03
+3.108360000E-03,-1.136484127342E+00,-45.500941759E-03,-68.639132427E-03
+3.108365000E-03,-1.132131112304E+00,-45.422424152E-03,-69.289886188E-03
+3.108370000E-03,-1.127829918901E+00,-45.265389046E-03,-70.613378640E-03
+3.108375000E-03,-1.122958687785E+00,-44.951318622E-03,-71.246544458E-03
+3.108380000E-03,-1.119693926519E+00,-45.265388947E-03,-72.578830878E-03
+3.108385000E-03,-1.114667230595E+00,-45.893529657E-03,-73.238378606E-03
+3.108390000E-03,-1.108707745741E+00,-44.637248232E-03,-74.517901207E-03
+3.108395000E-03,-1.103318298544E+00,-44.244660343E-03,-75.067524316E-03
+3.108400000E-03,-1.098654353882E+00,-44.401695507E-03,-76.369031841E-03
+3.108405000E-03,-1.092643047414E+00,-44.715765868E-03,-76.914257964E-03
+3.108410000E-03,-1.086165346485E+00,-44.794283432E-03,-78.158604685E-03
+3.108415000E-03,-1.080827720907E+00,-44.087625171E-03,-78.677448907E-03
+3.108420000E-03,-1.074971879278E+00,-43.302449308E-03,-79.864634815E-03
+3.108425000E-03,-1.069323324045E+00,-44.087625177E-03,-80.510991599E-03
+3.108430000E-03,-1.063519304011E+00,-43.538002057E-03,-81.583855899E-03
+3.108435000E-03,-1.055227846828E+00,-44.244660325E-03,-82.168654900E-03
+3.108440000E-03,-1.048231929802E+00,-44.480213068E-03,-83.127197594E-03
+3.108445000E-03,-1.042376088150E+00,-45.343906524E-03,-83.945036789E-03
+3.108450000E-03,-1.034654668653E+00,-43.302449298E-03,-84.674936270E-03
+3.108455000E-03,-1.026311389847E+00,-43.852072363E-03,-85.479584516E-03
+3.108460000E-03,-1.018693613583E+00,-43.302449275E-03,-86.196293037E-03
+3.108465000E-03,-1.011853161348E+00,-44.009107556E-03,-87.053705101E-03
+3.108470000E-03,-1.002784380043E+00,-42.988378952E-03,-87.713252821E-03
+3.108475000E-03,-994.130171583E-03,-43.616519631E-03,-88.465137245E-03
+3.108480000E-03,-986.201465674E-03,-42.438755835E-03,-89.159860844E-03
+3.108485000E-03,-978.169116471E-03,-44.166142748E-03,-89.788629695E-03
+3.108490000E-03,-969.255800002E-03,-43.930589982E-03,-90.593277916E-03
+3.108495000E-03,-959.513337794E-03,-44.009107566E-03,-91.019785458E-03
+3.108500000E-03,-950.703664540E-03,-42.909861344E-03,-91.903579410E-03
+3.108505000E-03,-941.686704841E-03,-43.145414127E-03,-92.202574392E-03
+3.108510000E-03,-930.804167282E-03,-43.538002067E-03,-93.191895979E-03
+3.108515000E-03,-922.149958813E-03,-42.752826189E-03,-93.275438703E-03
+3.108520000E-03,-911.733815698E-03,-42.438755843E-03,-94.392272850E-03
+3.108525000E-03,-901.369494206E-03,-43.380966880E-03,-94.414257785E-03
+3.108530000E-03,-891.367923965E-03,-41.732097530E-03,-95.614634646E-03
+3.108535000E-03,-881.159067259E-03,-42.752826159E-03,-95.491519082E-03
+3.108540000E-03,-870.639280996E-03,-42.360238248E-03,-96.599559258E-03
+3.108545000E-03,-860.482245911E-03,-44.009107574E-03,-96.555589424E-03
+3.108550000E-03,-849.910637988E-03,-41.889132720E-03,-97.619659749E-03
+3.108555000E-03,-839.546316482E-03,-43.930589995E-03,-97.549308004E-03
+3.108560000E-03,-827.938276421E-03,-44.715765855E-03,-98.485865772E-03
+3.108565000E-03,-817.833062976E-03,-42.517273438E-03,-98.516644676E-03
+3.108570000E-03,-805.810450006E-03,-41.339509613E-03,-99.308101945E-03
+3.108575000E-03,-793.476907456E-03,-41.889132717E-03,-99.404835618E-03
+3.108580000E-03,-782.438905032E-03,-41.418027203E-03,-100.090765255E-03
+3.108585000E-03,-772.074583519E-03,-42.046167908E-03,-100.240262748E-03
+3.108590000E-03,-759.481932930E-03,-43.302449266E-03,-100.781091884E-03
+3.108595000E-03,-747.770249637E-03,-42.124685470E-03,-100.996544143E-03
+3.108600000E-03,-736.006744733E-03,-42.281720634E-03,-101.497800419E-03
+3.108605000E-03,-723.776845386E-03,-43.459484454E-03,-101.616519009E-03
+3.108610000E-03,-712.583378151E-03,-41.418027186E-03,-102.073805439E-03
+3.108615000E-03,-699.887084343E-03,-43.695037207E-03,-102.104584330E-03
+3.108620000E-03,-688.279044237E-03,-42.595790979E-03,-102.601443626E-03
+3.108625000E-03,-675.271820762E-03,-41.653579978E-03,-102.667398395E-03
+3.108630000E-03,-662.834634966E-03,-42.281720655E-03,-103.071921008E-03
+3.108635000E-03,-649.257373828E-03,-41.653579942E-03,-103.049936081E-03
+3.108640000E-03,-636.198328731E-03,-41.025439300E-03,-103.542398389E-03
+3.108645000E-03,-622.828354006E-03,-41.653579972E-03,-103.467649642E-03
+3.108650000E-03,-610.132060157E-03,-41.103956896E-03,-103.854584316E-03
+3.108655000E-03,-596.140226135E-03,-40.632851326E-03,-103.678704917E-03
+3.108660000E-03,-583.443932314E-03,-41.575062372E-03,-104.122800393E-03
+3.108665000E-03,-570.695816872E-03,-40.868404057E-03,-103.964508935E-03
+3.108670000E-03,-557.274020534E-03,-40.397298587E-03,-104.333855665E-03
+3.108675000E-03,-544.370440261E-03,-41.732097513E-03,-104.083227528E-03
+3.108680000E-03,-530.482249457E-03,-41.103956835E-03,-104.461368229E-03
+3.108685000E-03,-516.075842571E-03,-42.124685442E-03,-104.100815466E-03
+3.108690000E-03,-502.084008559E-03,-40.554333748E-03,-104.500941094E-03
+3.108695000E-03,-488.299460984E-03,-41.575062352E-03,-104.193152148E-03
+3.108700000E-03,-474.152162123E-03,-41.575062383E-03,-104.593277774E-03
+3.108705000E-03,-459.590290443E-03,-41.732097540E-03,-104.166770239E-03
+3.108710000E-03,-445.028418736E-03,-41.418027228E-03,-104.461368229E-03
+3.108715000E-03,-429.948330932E-03,-40.868404091E-03,-104.034860698E-03
+3.108720000E-03,-415.697388880E-03,-40.946921650E-03,-104.329458682E-03
+3.108725000E-03,-400.824587533E-03,-41.260992018E-03,-103.924936073E-03
+3.108730000E-03,-387.247326378E-03,-41.339509664E-03,-104.127197376E-03
+3.108735000E-03,-372.789097914E-03,-41.732097554E-03,-103.749056679E-03
+3.108740000E-03,-358.693620643E-03,-41.810615150E-03,-103.757850646E-03
+3.108745000E-03,-343.250781625E-03,-41.653579950E-03,-103.485237589E-03
+3.108750000E-03,-327.341548126E-03,-41.260992018E-03,-103.370915978E-03
+3.108755000E-03,-312.831498034E-03,-41.182474462E-03,-103.164257692E-03
+3.108760000E-03,-298.787842381E-03,-41.575062360E-03,-102.909232567E-03
+3.108765000E-03,-282.982252132E-03,-41.418027206E-03,-102.816895889E-03
+3.108770000E-03,-268.472202042E-03,-41.418027212E-03,-102.381594382E-03
+3.108775000E-03,-254.065795125E-03,-40.789886475E-03,-102.368403428E-03
+3.108780000E-03,-238.674777713E-03,-42.203203074E-03,-101.796795395E-03
+3.108785000E-03,-222.869187434E-03,-41.103956849E-03,-101.911117001E-03
+3.108790000E-03,-207.529991615E-03,-41.103956878E-03,-101.093277815E-03
+3.108795000E-03,-193.019941514E-03,-41.103956809E-03,-101.321921027E-03
+3.108800000E-03,-178.147140169E-03,-41.025439268E-03,-100.460111991E-03
+3.108805000E-03,-163.585268496E-03,-41.025439265E-03,-100.622800430E-03
+3.108810000E-03,-148.038786219E-03,-40.632851329E-03,-99.695036623E-03
+3.108815000E-03,-132.544125607E-03,-41.496544796E-03,-99.853328077E-03
+3.108820000E-03,-117.101286565E-03,-40.554333765E-03,-98.824433619E-03
+3.108825000E-03,-101.762090767E-03,-41.653579939E-03,-99.017900950E-03
+3.108830000E-03,-87.200219033E-03,-39.690640307E-03,-98.085740159E-03
+3.108835000E-03,-72.171952889E-03,-41.496544753E-03,-98.098931109E-03
+3.108840000E-03,-57.713724372E-03,-39.769157857E-03,-97.122800471E-03
+3.108845000E-03,-43.462782318E-03,-41.496544785E-03,-97.056845692E-03
+3.108850000E-03,-28.745445783E-03,-40.318780955E-03,-96.177448724E-03
+3.108855000E-03,-12.525282671E-03,-42.752826178E-03,-95.860865809E-03
+3.108860000E-03,+2.347518693E-03,-41.339509625E-03,-95.139760296E-03
+3.108865000E-03,+17.427606473E-03,-42.595790995E-03,-94.783604513E-03
+3.108870000E-03,+33.233196742E-03,-39.533605148E-03,-94.124056788E-03
+3.108875000E-03,+48.209641294E-03,-41.339509599E-03,-93.622800505E-03
+3.108880000E-03,+63.134264253E-03,-40.161745816E-03,-93.042398506E-03
+3.108885000E-03,+78.369816862E-03,-41.967650296E-03,-92.369659816E-03
+3.108890000E-03,+92.776223769E-03,-42.203203057E-03,-91.850815603E-03
+3.108895000E-03,+108.685457250E-03,-41.260992032E-03,-91.024182444E-03
+3.108900000E-03,+122.780934499E-03,-40.475816173E-03,-90.500941248E-03
+3.108905000E-03,+138.275595124E-03,-41.810615104E-03,-89.687499042E-03
+3.108910000E-03,+153.977542195E-03,-41.260992044E-03,-89.146669903E-03
+3.108915000E-03,+168.902165161E-03,-40.397298548E-03,-88.342021670E-03
+3.108920000E-03,+183.308572059E-03,-41.182474457E-03,-87.774810621E-03
+3.108925000E-03,+199.062340713E-03,-40.946921728E-03,-86.917398570E-03
+3.108930000E-03,+213.261461150E-03,-40.161745816E-03,-86.315011643E-03
+3.108935000E-03,+228.652478583E-03,-40.161745831E-03,-85.470790545E-03
+3.108940000E-03,+243.784387965E-03,-40.397298571E-03,-84.705715179E-03
+3.108945000E-03,+257.828043617E-03,-40.789886495E-03,-84.015388550E-03
+3.108950000E-03,+273.063596184E-03,-41.575062381E-03,-83.149182528E-03
+3.108955000E-03,+287.936397569E-03,-41.103956804E-03,-82.344534301E-03
+3.108960000E-03,+303.327414917E-03,-40.240263412E-03,-81.429961445E-03
+3.108965000E-03,+317.889286670E-03,-41.339509590E-03,-80.770413714E-03
+3.108970000E-03,+332.451158385E-03,-40.554333754E-03,-79.723931314E-03
+3.108975000E-03,+346.805743656E-03,-41.418027174E-03,-78.998428809E-03
+3.108980000E-03,+360.279361583E-03,-40.711368917E-03,-77.965137361E-03
+3.108985000E-03,+375.618557416E-03,-41.496544770E-03,-77.156092147E-03
+3.108990000E-03,+388.988532135E-03,-40.946921675E-03,-76.175564513E-03
+3.108995000E-03,+403.446760629E-03,-41.575062411E-03,-75.375313270E-03
+3.109000000E-03,+417.438594612E-03,-40.868404061E-03,-74.324433881E-03
+3.109005000E-03,+431.689536726E-03,-43.066896515E-03,-73.475815805E-03
+3.109010000E-03,+445.111333047E-03,-40.240263382E-03,-72.455715307E-03
+3.109015000E-03,+458.895880668E-03,-42.595790962E-03,-71.620288187E-03
+3.109020000E-03,+472.732249826E-03,-41.418027189E-03,-70.534232917E-03
+3.109025000E-03,+485.843116542E-03,-41.967650329E-03,-69.654835945E-03
+3.109030000E-03,+500.249523421E-03,-41.025439283E-03,-68.617147509E-03
+3.109035000E-03,+513.930427797E-03,-41.496544791E-03,-67.504710344E-03
+3.109040000E-03,+526.367613611E-03,-42.752826172E-03,-66.700062100E-03
+3.109045000E-03,+540.307626017E-03,-42.281720683E-03,-65.451318404E-03
+3.109050000E-03,+554.247638416E-03,-40.318780984E-03,-64.545539514E-03
+3.109055000E-03,+567.047575463E-03,-42.203203001E-03,-63.279207872E-03
+3.109060000E-03,+579.692047683E-03,-41.103956855E-03,-62.465765665E-03
+3.109065000E-03,+593.062022430E-03,-42.281720653E-03,-61.186243069E-03
+3.109070000E-03,+606.691105187E-03,-41.260992002E-03,-60.394785790E-03
+3.109075000E-03,+619.750150283E-03,-40.711368920E-03,-58.921795860E-03
+3.109080000E-03,+631.410011941E-03,-42.438755839E-03,-58.169911444E-03
+3.109085000E-03,+643.432624934E-03,-42.046167891E-03,-56.745288344E-03
+3.109090000E-03,+656.077097126E-03,-40.946921718E-03,-55.896670265E-03
+3.109095000E-03,+667.633315603E-03,-40.554333706E-03,-54.520413997E-03
+3.109100000E-03,+680.536895848E-03,-41.418027185E-03,-53.658604963E-03
+3.109105000E-03,+691.626719887E-03,-41.260991980E-03,-52.194408992E-03
+3.109110000E-03,+704.167548888E-03,-42.360238240E-03,-51.288630115E-03
+3.109115000E-03,+715.257372898E-03,-42.203203038E-03,-49.802449219E-03
+3.109120000E-03,+726.450840104E-03,-40.318781006E-03,-48.997800993E-03
+3.109125000E-03,+737.437020875E-03,-42.595790982E-03,-47.494032156E-03
+3.109130000E-03,+749.615098650E-03,-41.732097562E-03,-46.610238201E-03
+3.109135000E-03,+759.979420155E-03,-41.889132714E-03,-45.075690474E-03
+3.109140000E-03,+772.105676270E-03,-42.203203053E-03,-44.187499536E-03
+3.109145000E-03,+781.899960128E-03,-42.909861328E-03,-42.705715627E-03
+3.109150000E-03,+792.834319309E-03,-42.674308579E-03,-41.694409111E-03
+3.109155000E-03,+804.131429716E-03,-41.810615096E-03,-40.243404097E-03
+3.109160000E-03,+813.873891911E-03,-41.418027191E-03,-39.240891548E-03
+3.109165000E-03,+823.564532512E-03,-41.025439306E-03,-37.847047341E-03
+3.109170000E-03,+834.187962061E-03,-38.591394090E-03,-36.708228256E-03
+3.109175000E-03,+843.464029782E-03,-41.810615121E-03,-35.393529776E-03
+3.109180000E-03,+853.154670396E-03,-41.732097540E-03,-34.078831300E-03
+3.109185000E-03,+863.311705478E-03,-44.637248253E-03,-32.931218247E-03
+3.109190000E-03,+872.846881249E-03,-43.459484440E-03,-31.480213237E-03
+3.109195000E-03,+883.159381126E-03,-42.517273427E-03,-30.380967019E-03
+3.109200000E-03,+892.539092095E-03,-42.517273452E-03,-28.916771053E-03
+3.109205000E-03,+901.037835733E-03,-42.595790944E-03,-27.791142925E-03
+3.109210000E-03,+910.210260252E-03,-42.752826172E-03,-26.309359024E-03
+3.109215000E-03,+918.501717479E-03,-43.459484424E-03,-25.183730894E-03
+3.109220000E-03,+928.244179663E-03,-42.595791017E-03,-23.820665581E-03
+3.109225000E-03,+936.431993633E-03,-43.459484446E-03,-22.422424390E-03
+3.109230000E-03,+944.878915672E-03,-40.397298581E-03,-21.226444503E-03
+3.109235000E-03,+952.185762314E-03,-42.281720672E-03,-19.727072664E-03
+3.109240000E-03,+960.062646652E-03,-42.124685523E-03,-18.645414383E-03
+3.109245000E-03,+968.043174234E-03,-43.066896508E-03,-17.080087765E-03
+3.109250000E-03,+975.246377645E-03,-43.930589985E-03,-16.108354104E-03
+3.109255000E-03,+983.175083599E-03,-40.789886498E-03,-14.507851615E-03
+3.109260000E-03,+990.896503123E-03,-42.909861340E-03,-13.509736041E-03
+3.109265000E-03,+998.514279421E-03,-42.752826175E-03,-11.918027522E-03
+3.109270000E-03,+1.006028412512E+00,-41.810615130E-03,-10.880339084E-03
+3.109275000E-03,+1.012868864692E+00,-42.752826188E-03,-9.262248655E-03
+3.109280000E-03,+1.018517419910E+00,-42.909861337E-03,-8.167399420E-03
+3.109285000E-03,+1.026031553012E+00,-42.360238256E-03,-6.676821546E-03
+3.109290000E-03,+1.031317356971E+00,-42.046167904E-03,-5.533605477E-03
+3.109295000E-03,+1.038779668421E+00,-42.752826204E-03,-4.139761269E-03
+3.109300000E-03,+1.044583688470E+00,-42.909861340E-03,-2.939384398E-03
+3.109305000E-03,+1.050698638166E+00,-42.595791004E-03,-1.479585419E-03
+3.109310000E-03,+1.057901841564E+00,-43.145414108E-03,-331.972367E-06
+3.109315000E-03,+1.063084002340E+00,-42.909861356E-03,+1.083856766E-03
+3.109320000E-03,+1.068007055041E+00,-37.256595143E-03,+2.266645691E-03
+3.109325000E-03,+1.074122004735E+00,+959.131567399E-03,+3.695665786E-03
+3.109330000E-03,+1.077542230835E+00,+2.552724532880E+00,+4.904836621E-03
+3.109335000E-03,+1.082931678050E+00,+2.552724532961E+00,+6.333856710E-03
+3.109340000E-03,+1.087025585030E+00,+2.552724532961E+00,+7.688128049E-03
+3.109345000E-03,+1.091119492017E+00,+2.552724532961E+00,+8.734610452E-03
+3.109350000E-03,+1.095524328647E+00,+2.552724532961E+00,+10.269158171E-03
+3.109355000E-03,+1.099877343626E+00,+2.552724532961E+00,+11.320037559E-03
+3.109360000E-03,+1.103401212994E+00,+2.552724532961E+00,+12.801821461E-03
+3.109365000E-03,+1.107391476753E+00,+2.552724532961E+00,+13.923052613E-03
+3.109370000E-03,+1.110293486778E+00,+2.552724532961E+00,+15.505967158E-03
+3.109375000E-03,+1.113195496784E+00,+2.552724532961E+00,+16.490891781E-03
+3.109380000E-03,+1.115475647577E+00,+2.552724532961E+00,+18.051821400E-03
+3.109385000E-03,+1.117496690232E+00,+2.552724532961E+00,+19.001570145E-03
+3.109390000E-03,+1.120554165054E+00,+2.552724532961E+00,+20.654836448E-03
+3.109395000E-03,+1.123559818277E+00,+2.552724532961E+00,+21.622173133E-03
+3.109400000E-03,+1.125010823310E+00,+2.552724532961E+00,+23.073178131E-03
+3.109405000E-03,+1.126617293169E+00,+2.552724532961E+00,+24.295539936E-03
+3.109410000E-03,+1.127498260498E+00,+2.552724532961E+00,+25.698178100E-03
+3.109415000E-03,+1.128379227825E+00,+2.552724532961E+00,+26.828203228E-03
+3.109420000E-03,+1.131229416193E+00,+2.552724532961E+00,+28.173680591E-03
+3.109425000E-03,+1.132991350887E+00,+2.552724532961E+00,+29.255338879E-03
+3.109430000E-03,+1.133198637321E+00,+2.552724532961E+00,+30.697549912E-03
+3.109435000E-03,+1.133975961436E+00,+2.552724532961E+00,+31.700062473E-03
+3.109440000E-03,+1.135582431259E+00,+2.552724532961E+00,+33.155464459E-03
+3.109445000E-03,+1.135737896060E+00,+2.552724532961E+00,+34.114007168E-03
+3.109450000E-03,+1.135997004141E+00,+2.552724532961E+00,+35.551821217E-03
+3.109455000E-03,+1.136100647354E+00,+2.552724532961E+00,+36.523554883E-03
+3.109460000E-03,+1.136774328225E+00,+2.552724532961E+00,+38.036117674E-03
+3.109465000E-03,+1.137137079481E+00,+2.552724532961E+00,+38.941896561E-03
+3.109470000E-03,+1.135893360889E+00,+2.552724532961E+00,+40.401695538E-03
+3.109475000E-03,+1.134856928774E+00,+2.552724532961E+00,+41.408605077E-03
+3.109480000E-03,+1.134805107171E+00,+2.552724532961E+00,+42.670539737E-03
+3.109485000E-03,+1.133665031796E+00,+2.552724532961E+00,+43.875313590E-03
+3.109490000E-03,+1.133457745337E+00,+2.552724532961E+00,+44.899811071E-03
+3.109495000E-03,+1.131851275558E+00,+2.552724532961E+00,+46.170539699E-03
+3.109500000E-03,+1.129622946434E+00,+2.552724532961E+00,+47.142273360E-03
+3.109505000E-03,+1.127809190172E+00,+2.552724532961E+00,+48.461368818E-03
+3.109510000E-03,+1.126150898704E+00,+2.552724532961E+00,+49.358353742E-03
+3.109515000E-03,+1.123507996726E+00,+2.552724532961E+00,+50.721419042E-03
+3.109520000E-03,+1.121435132425E+00,+2.552724532961E+00,+51.534861255E-03
+3.109525000E-03,+1.119310446507E+00,+2.552724532961E+00,+52.862750679E-03
+3.109530000E-03,+1.115890220455E+00,+2.552724532961E+00,+53.698177817E-03
+3.109535000E-03,+1.112832745598E+00,+2.552724532961E+00,+54.911745630E-03
+3.109540000E-03,+1.110138021993E+00,+2.552724532961E+00,+55.848303420E-03
+3.109545000E-03,+1.106147758289E+00,+2.552724532961E+00,+56.956343596E-03
+3.109550000E-03,+1.102727532154E+00,+2.552724532961E+00,+57.928077269E-03
+3.109555000E-03,+1.097545371397E+00,+2.552724532961E+00,+58.974559658E-03
+3.109560000E-03,+1.094021502104E+00,+2.552724532961E+00,+59.955087297E-03
+3.109565000E-03,+1.090238524748E+00,+2.552724532961E+00,+60.926820945E-03
+3.109570000E-03,+1.085989152884E+00,+2.552724532961E+00,+62.021670185E-03
+3.109575000E-03,+1.080081489672E+00,+2.552724532961E+00,+62.826318420E-03
+3.109580000E-03,+1.075728474648E+00,+2.552724532961E+00,+63.951946543E-03
+3.109585000E-03,+1.071427281222E+00,+2.552724532961E+00,+64.769785733E-03
+3.109590000E-03,+1.064897758699E+00,+2.552724532961E+00,+65.869031950E-03
+3.109595000E-03,+1.059404668295E+00,+2.552724532961E+00,+66.766016868E-03
+3.109600000E-03,+1.053756113099E+00,+2.552724532961E+00,+67.649810825E-03
+3.109605000E-03,+1.047589341784E+00,+2.552724532961E+00,+68.656720369E-03
+3.109610000E-03,+1.041940786556E+00,+2.552724532961E+00,+69.483353517E-03
+3.109615000E-03,+1.035463085669E+00,+2.552724532961E+00,+70.437499242E-03
+3.109620000E-03,+1.028829919899E+00,+2.552724532961E+00,+71.119031896E-03
+3.109625000E-03,+1.022766791814E+00,+2.552724532961E+00,+72.130338422E-03
+3.109630000E-03,+1.015926339596E+00,+2.552724532961E+00,+72.842649966E-03
+3.109635000E-03,+1.008930422588E+00,+2.552724532961E+00,+73.884735388E-03
+3.109640000E-03,+1.001623575974E+00,+2.552724532961E+00,+74.495916279E-03
+3.109645000E-03,+993.798513240E-03,+2.552724532961E+00,+75.581971548E-03
+3.109650000E-03,+986.647131411E-03,+2.552724532961E+00,+76.056845912E-03
+3.109655000E-03,+979.651214375E-03,+2.552724532961E+00,+77.107725302E-03
+3.109660000E-03,+970.686076338E-03,+2.552724532961E+00,+77.595790620E-03
+3.109665000E-03,+963.275586450E-03,+2.552724532961E+00,+78.637876040E-03
+3.109670000E-03,+956.227847799E-03,+2.552724532961E+00,+79.002825782E-03
+3.109675000E-03,+947.469996162E-03,+2.552724532961E+00,+80.150438835E-03
+3.109680000E-03,+939.385825369E-03,+2.552724532961E+00,+80.321921247E-03
+3.109685000E-03,+930.006114447E-03,+2.552724532961E+00,+81.566267964E-03
+3.109690000E-03,+922.958375787E-03,+2.552724532961E+00,+81.579458923E-03
+3.109695000E-03,+913.526843227E-03,+2.552724532961E+00,+82.907348353E-03
+3.109700000E-03,+904.665348368E-03,+2.552724532961E+00,+82.810614689E-03
+3.109705000E-03,+894.819242969E-03,+2.552724532961E+00,+84.244031756E-03
+3.109710000E-03,+885.180423940E-03,+2.552724532961E+00,+84.041770455E-03
+3.109715000E-03,+876.370750670E-03,+2.552724532961E+00,+85.365262902E-03
+3.109720000E-03,+867.250147755E-03,+2.552724532961E+00,+85.281720191E-03
+3.109725000E-03,+857.144934314E-03,+2.552724532961E+00,+86.473303087E-03
+3.109730000E-03,+848.594369058E-03,+2.552724532961E+00,+86.380966408E-03
+3.109735000E-03,+838.281869168E-03,+2.552724532961E+00,+87.484609613E-03
+3.109740000E-03,+827.347510010E-03,+2.552724532961E+00,+87.484609616E-03
+3.109745000E-03,+815.894934751E-03,+2.552724532961E+00,+88.429961360E-03
+3.109750000E-03,+805.634256488E-03,+2.552724532961E+00,+88.566267896E-03
+3.109755000E-03,+794.440789248E-03,+2.552724532961E+00,+89.265388491E-03
+3.109760000E-03,+783.610073300E-03,+2.552724532961E+00,+89.590765369E-03
+3.109765000E-03,+773.349395016E-03,+2.552724532961E+00,+90.153579436E-03
+3.109770000E-03,+762.518679058E-03,+2.552724532961E+00,+90.514132192E-03
+3.109775000E-03,+751.221568613E-03,+2.552724532961E+00,+90.940639730E-03
+3.109780000E-03,+739.976279810E-03,+2.552724532961E+00,+91.384735197E-03
+3.109785000E-03,+728.782812607E-03,+2.552724532961E+00,+91.591393490E-03
+3.109790000E-03,+717.433880542E-03,+2.552724532961E+00,+92.119031671E-03
+3.109795000E-03,+706.084948486E-03,+2.552724532961E+00,+92.325689966E-03
+3.109800000E-03,+693.906870777E-03,+2.552724532961E+00,+92.659860813E-03
+3.109805000E-03,+681.676971404E-03,+2.552724532961E+00,+92.897298001E-03
+3.109810000E-03,+669.965288076E-03,+2.552724532961E+00,+93.345790451E-03
+3.109815000E-03,+656.750778158E-03,+2.552724532961E+00,+93.464509047E-03
+3.109820000E-03,+645.868240601E-03,+2.552724532961E+00,+93.785488941E-03
+3.109825000E-03,+632.601909120E-03,+2.552724532961E+00,+93.952574372E-03
+3.109830000E-03,+620.061080078E-03,+2.552724532961E+00,+94.247172355E-03
+3.109835000E-03,+606.794748579E-03,+2.552724532961E+00,+94.480212558E-03
+3.109840000E-03,+594.927600424E-03,+2.552724532961E+00,+94.581343205E-03
+3.109845000E-03,+582.024020222E-03,+2.552724532961E+00,+94.889132150E-03
+3.109850000E-03,+567.876721317E-03,+2.552724532961E+00,+94.818780388E-03
+3.109855000E-03,+556.009573227E-03,+2.552724532961E+00,+95.249684914E-03
+3.109860000E-03,+542.380490456E-03,+2.552724532961E+00,+94.968277873E-03
+3.109865000E-03,+528.388656447E-03,+2.552724532961E+00,+95.601443704E-03
+3.109870000E-03,+514.915038520E-03,+2.552724532961E+00,+95.108981391E-03
+3.109875000E-03,+502.011458225E-03,+2.552724532961E+00,+95.812498976E-03
+3.109880000E-03,+488.900591543E-03,+2.552724532961E+00,+95.148554253E-03
+3.109885000E-03,+474.338719860E-03,+2.552724532961E+00,+95.913629627E-03
+3.109890000E-03,+460.243242636E-03,+2.552724532961E+00,+95.091393451E-03
+3.109895000E-03,+447.287840757E-03,+2.552724532961E+00,+95.983981385E-03
+3.109900000E-03,+433.555114752E-03,+2.552724532961E+00,+95.267272848E-03
+3.109905000E-03,+419.304172696E-03,+2.552724532961E+00,+95.755338172E-03
+3.109910000E-03,+405.571446688E-03,+2.552724532961E+00,+95.232096971E-03
+3.109915000E-03,+389.714034822E-03,+2.552724532961E+00,+95.588252749E-03
+3.109920000E-03,+375.307627934E-03,+2.552724532961E+00,+95.161745215E-03
+3.109925000E-03,+360.953042668E-03,+2.552724532961E+00,+95.368403504E-03
+3.109930000E-03,+346.028419727E-03,+2.552724532961E+00,+95.029835664E-03
+3.109935000E-03,+331.414726407E-03,+2.552724532961E+00,+94.924308034E-03
+3.109940000E-03,+317.578357201E-03,+2.552724532961E+00,+94.818780389E-03
+3.109945000E-03,+302.861020678E-03,+2.552724532961E+00,+94.607725122E-03
+3.109950000E-03,+288.402792180E-03,+2.552724532961E+00,+94.519785414E-03
+3.109955000E-03,+273.115417937E-03,+2.552724532961E+00,+94.273554275E-03
+3.109960000E-03,+258.294438236E-03,+2.552724532961E+00,+94.018529140E-03
+3.109965000E-03,+243.991674572E-03,+2.552724532961E+00,+93.816267849E-03
+3.109970000E-03,+229.015230017E-03,+2.552724532961E+00,+93.464509042E-03
+3.109975000E-03,+213.365104561E-03,+2.552724532961E+00,+93.315011570E-03
+3.109980000E-03,+199.839664993E-03,+2.552724532961E+00,+92.765388452E-03
+3.109985000E-03,+183.774966692E-03,+2.552724532961E+00,+92.747800520E-03
+3.109990000E-03,+168.798522117E-03,+2.552724532961E+00,+92.136619616E-03
+3.109995000E-03,+153.303861516E-03,+2.552724532961E+00,+92.114634696E-03
+3.110000000E-03,+137.446449593E-03,+2.552724532961E+00,+91.446292994E-03
+3.110005000E-03,+121.589037711E-03,+2.552724532961E+00,+91.419911081E-03
+3.110010000E-03,+107.027165992E-03,+2.552724532961E+00,+90.659232701E-03
+3.110015000E-03,+91.117932507E-03,+2.552724532961E+00,+90.602071897E-03
+3.110020000E-03,+76.866990431E-03,+2.552724532961E+00,+89.933730196E-03
+3.110025000E-03,+60.024968016E-03,+2.552724532961E+00,+89.687499040E-03
+3.110030000E-03,+45.670382725E-03,+2.552724532961E+00,+89.023554330E-03
+3.110035000E-03,+30.123900490E-03,+2.552724532961E+00,+88.680589504E-03
+3.110040000E-03,+15.562028799E-03,+2.552724532961E+00,+88.091393533E-03
+3.110045000E-03,-399.026289E-06,+2.552724532961E+00,+87.801192529E-03
+3.110050000E-03,-15.220006022E-03,+2.552724532961E+00,+86.956971436E-03
+3.110055000E-03,-29.367304860E-03,+2.552724532961E+00,+86.803076962E-03
+3.110060000E-03,-43.462782166E-03,+2.552724532961E+00,+85.892901095E-03
+3.110065000E-03,-59.112907584E-03,+2.552724532961E+00,+85.695036774E-03
+3.110070000E-03,-74.711211414E-03,+2.552724532961E+00,+84.666142314E-03
+3.110075000E-03,-89.894942410E-03,+2.552724532961E+00,+84.591393566E-03
+3.110080000E-03,-105.026851803E-03,+2.552724532961E+00,+83.382222736E-03
+3.110085000E-03,-121.247014951E-03,+2.552724532961E+00,+83.382222726E-03
+3.110090000E-03,-136.482567604E-03,+2.552724532961E+00,+82.252197619E-03
+3.110095000E-03,-150.422580002E-03,+2.552724532961E+00,+82.001569471E-03
+3.110100000E-03,-165.761775803E-03,+2.552724532961E+00,+80.955087082E-03
+3.110105000E-03,-181.515544471E-03,+2.552724532961E+00,+80.647298129E-03
+3.110110000E-03,-196.647453854E-03,+2.552724532961E+00,+79.609609712E-03
+3.110115000E-03,-210.639287877E-03,+2.552724532961E+00,+79.152323274E-03
+3.110120000E-03,-226.082126910E-03,+2.552724532961E+00,+78.220162489E-03
+3.110125000E-03,-241.421322738E-03,+2.552724532961E+00,+77.600187616E-03
+3.110130000E-03,-256.345945671E-03,+2.552724532961E+00,+76.742775564E-03
+3.110135000E-03,-271.944249544E-03,+2.552724532961E+00,+76.034860999E-03
+3.110140000E-03,-286.557942814E-03,+2.552724532961E+00,+75.129082119E-03
+3.110145000E-03,-301.327101004E-03,+2.552724532961E+00,+74.447549464E-03
+3.110150000E-03,-316.096259147E-03,+2.552724532961E+00,+73.475815803E-03
+3.110155000E-03,-330.969060454E-03,+2.552724532961E+00,+72.873428875E-03
+3.110160000E-03,-345.945505002E-03,+2.552724532961E+00,+71.721418837E-03
+3.110165000E-03,-359.937339061E-03,+2.552724532961E+00,+71.277323366E-03
+3.110170000E-03,-374.291924332E-03,+2.552724532961E+00,+69.997800761E-03
+3.110175000E-03,-388.853796061E-03,+2.552724532961E+00,+69.514132428E-03
+3.110180000E-03,-403.674775755E-03,+2.552724532961E+00,+68.155464104E-03
+3.110185000E-03,-418.495755491E-03,+2.552724532961E+00,+67.671795763E-03
+3.110190000E-03,-433.990416124E-03,+2.552724532961E+00,+66.401067134E-03
+3.110195000E-03,-447.982250152E-03,+2.552724532961E+00,+65.781092266E-03
+3.110200000E-03,-461.404046488E-03,+2.552724532961E+00,+64.580715392E-03
+3.110205000E-03,-475.862275000E-03,+2.552724532961E+00,+63.802449072E-03
+3.110210000E-03,-489.335892917E-03,+2.552724532961E+00,+62.531720442E-03
+3.110215000E-03,-504.208694278E-03,+2.552724532961E+00,+61.749057134E-03
+3.110220000E-03,-518.615101154E-03,+2.552724532961E+00,+60.641016949E-03
+3.110225000E-03,-531.674146235E-03,+2.552724532961E+00,+59.783604897E-03
+3.110230000E-03,-545.251407375E-03,+2.552724532961E+00,+58.649182800E-03
+3.110235000E-03,-558.673203763E-03,+2.552724532961E+00,+57.800564717E-03
+3.110240000E-03,-570.954924708E-03,+2.552724532961E+00,+56.538630059E-03
+3.110245000E-03,-584.584007513E-03,+2.552724532961E+00,+55.751569760E-03
+3.110250000E-03,-596.969371713E-03,+2.552724532961E+00,+54.498429073E-03
+3.110255000E-03,-611.427600146E-03,+2.552724532961E+00,+53.597047171E-03
+3.110260000E-03,-623.812964353E-03,+2.552724532961E+00,+52.304333623E-03
+3.110265000E-03,-636.301971767E-03,+2.552724532961E+00,+51.512876341E-03
+3.110270000E-03,-649.931054583E-03,+2.552724532961E+00,+50.180589927E-03
+3.110275000E-03,-662.679170024E-03,+2.552724532961E+00,+49.248429128E-03
+3.110280000E-03,-675.219999017E-03,+2.552724532961E+00,+47.982097487E-03
+3.110285000E-03,-686.776217471E-03,+2.552724532961E+00,+46.975187948E-03
+3.110290000E-03,-700.560765020E-03,+2.552724532961E+00,+45.836368863E-03
+3.110295000E-03,-711.961518703E-03,+2.552724532961E+00,+44.693152796E-03
+3.110300000E-03,-724.761455752E-03,+2.552724532961E+00,+43.523554822E-03
+3.110305000E-03,-736.628603858E-03,+2.552724532961E+00,+42.375941769E-03
+3.110310000E-03,-749.428540917E-03,+2.552724532961E+00,+41.171167909E-03
+3.110315000E-03,-760.829294596E-03,+2.552724532961E+00,+40.063127724E-03
+3.110320000E-03,-772.437334656E-03,+2.552724532961E+00,+38.770414165E-03
+3.110325000E-03,-784.408125977E-03,+2.552724532961E+00,+37.781092575E-03
+3.110330000E-03,-796.638025270E-03,+2.552724532961E+00,+36.316896599E-03
+3.110335000E-03,-807.054168448E-03,+2.552724532961E+00,+35.257223257E-03
+3.110340000E-03,-817.366668335E-03,+2.552724532961E+00,+33.876569994E-03
+3.110345000E-03,-828.715600353E-03,+2.552724532961E+00,+32.803705692E-03
+3.110350000E-03,-840.530926878E-03,+2.552724532961E+00,+31.401067507E-03
+3.110355000E-03,-850.843426802E-03,+2.552724532961E+00,+30.341394157E-03
+3.110360000E-03,-861.466856275E-03,+2.552724532961E+00,+28.969534871E-03
+3.110365000E-03,-870.380172800E-03,+2.552724532961E+00,+27.769158008E-03
+3.110370000E-03,-881.469996804E-03,+2.552724532961E+00,+26.661117809E-03
+3.110375000E-03,-892.041604718E-03,+2.552724532961E+00,+25.122173117E-03
+3.110380000E-03,-903.027785510E-03,+2.552724532961E+00,+24.198806278E-03
+3.110385000E-03,-912.511139666E-03,+2.552724532961E+00,+22.541142992E-03
+3.110390000E-03,-921.579921008E-03,+2.552724532961E+00,+21.820037458E-03
+3.110395000E-03,-931.115096778E-03,+2.552724532961E+00,+19.916143020E-03
+3.110400000E-03,-941.686704675E-03,+2.552724532961E+00,+19.234610348E-03
+3.110405000E-03,-950.962772412E-03,+2.552724532961E+00,+17.374685759E-03
+3.110410000E-03,-959.979732133E-03,+2.552724532961E+00,+16.723931984E-03
+3.110415000E-03,-969.152156682E-03,+2.552724532961E+00,+14.828831514E-03
+3.110420000E-03,-977.754543541E-03,+2.552724532961E+00,+14.041771209E-03
+3.110425000E-03,-986.097822324E-03,+2.552724532961E+00,+12.208228533E-03
+3.110430000E-03,-994.492922737E-03,+2.552724532961E+00,+11.469535053E-03
+3.110435000E-03,-1.003250774418E+00,+2.552724532961E+00,+9.609610466E-03
+3.110440000E-03,-1.011904982857E+00,+2.552724532961E+00,+8.870916996E-03
+3.110445000E-03,-1.018797256661E+00,+2.552724532961E+00,+7.054962251E-03
+3.110450000E-03,-1.026985070632E+00,+2.552724532961E+00,+6.223932103E-03
+3.110455000E-03,-1.033566414815E+00,+2.552724532961E+00,+4.443153229E-03
+3.110460000E-03,-1.041132369511E+00,+2.552724532961E+00,+3.739635646E-03
+3.110465000E-03,-1.048750145760E+00,+2.552724532961E+00,+1.756595474E-03
+3.110470000E-03,-1.055797884435E+00,+2.552724532961E+00,+1.097047738E-03
+3.110475000E-03,-1.063208374262E+00,+2.552724532961E+00,-828.831636E-06
+3.110480000E-03,-1.069064215945E+00,+2.552724532961E+00,-1.453203493E-03
+3.110485000E-03,-1.076215597757E+00,+2.552724532961E+00,-3.401067796E-03
+3.110490000E-03,-1.082537833859E+00,+2.552724532961E+00,-4.051821557E-03
+3.110495000E-03,-1.088030924290E+00,+2.552724532961E+00,-6.105213487E-03
+3.110500000E-03,-1.094353160384E+00,+2.552724532961E+00,-6.725188359E-03
+3.110505000E-03,-1.099068926682E+00,+2.552724532961E+00,-8.655464719E-03
+3.110510000E-03,-1.105235697945E+00,+2.552724532961E+00,-9.257851654E-03
+3.110515000E-03,-1.110936074793E+00,+2.552724532961E+00,-11.302449618E-03
+3.110520000E-03,-1.115496376271E+00,+2.552724532961E+00,-11.948806394E-03
+3.110525000E-03,-1.122077720370E+00,+2.551625286800E+00,-14.002198329E-03
+3.110530000E-03,-1.126016162582E+00,+622.369675248E-03,-14.652952093E-03
+3.110535000E-03,-1.128762707760E+00,-170.579457693E-03,-16.600816393E-03
+3.110540000E-03,-1.132493863526E+00,-177.724558664E-03,-17.229585230E-03
+3.110545000E-03,-1.136535948882E+00,+125.117771509E-03,-19.124685719E-03
+3.110550000E-03,-1.140785320718E+00,+53.902326424E-03,-19.850188217E-03
+3.110555000E-03,-1.144101903592E+00,-82.639760588E-03,-21.749685690E-03
+3.110560000E-03,-1.148247632213E+00,-90.020413183E-03,-22.501570096E-03
+3.110565000E-03,-1.151667858265E+00,-65.679962448E-03,-24.436243444E-03
+3.110570000E-03,-1.154828976352E+00,-27.049308437E-03,-24.959484653E-03
+3.110575000E-03,-1.157886451180E+00,-55.865263313E-03,-27.065640399E-03
+3.110580000E-03,-1.161099390858E+00,-51.468278192E-03,-27.584484623E-03
+3.110585000E-03,-1.162964968733E+00,-59.948177821E-03,-29.615891631E-03
+3.110590000E-03,-1.165556049071E+00,-46.992775933E-03,-30.156720777E-03
+3.110595000E-03,-1.167991664642E+00,-53.902323552E-03,-32.135363960E-03
+3.110600000E-03,-1.169183561645E+00,-50.211996924E-03,-32.830087584E-03
+3.110605000E-03,-1.171670998762E+00,-53.666770820E-03,-34.536117705E-03
+3.110610000E-03,-1.172241036481E+00,-49.269785951E-03,-35.371544844E-03
+3.110615000E-03,-1.175246689721E+00,-50.054961813E-03,-36.958856376E-03
+3.110620000E-03,-1.175039403282E+00,-48.013504532E-03,-37.987750843E-03
+3.110625000E-03,-1.177630483612E+00,-49.191268258E-03,-39.451946801E-03
+3.110630000E-03,-1.177423197249E+00,-47.856469383E-03,-40.559986991E-03
+3.110635000E-03,-1.177060445963E+00,-48.720162757E-03,-41.861494517E-03
+3.110640000E-03,-1.177941413304E+00,-49.583856261E-03,-42.912373904E-03
+3.110645000E-03,-1.178718737400E+00,-49.583856181E-03,-44.196293488E-03
+3.110650000E-03,-1.177267732443E+00,-49.740891423E-03,-45.365891465E-03
+3.110655000E-03,-1.177319554017E+00,-48.641645191E-03,-46.676192957E-03
+3.110660000E-03,-1.177371375628E+00,-46.757223117E-03,-47.718278374E-03
+3.110665000E-03,-1.177423197221E+00,-45.893529672E-03,-49.037373839E-03
+3.110670000E-03,-1.176283121856E+00,-46.992775891E-03,-50.119032115E-03
+3.110675000E-03,-1.175039403279E+00,-47.228328572E-03,-51.486494414E-03
+3.110680000E-03,-1.174728473646E+00,-49.034233147E-03,-52.484609980E-03
+3.110685000E-03,-1.173277468670E+00,-49.426821066E-03,-53.715765746E-03
+3.110690000E-03,-1.172759252570E+00,-48.641645191E-03,-54.718278301E-03
+3.110695000E-03,-1.170841853084E+00,-48.720162735E-03,-55.958228035E-03
+3.110700000E-03,-1.168458059174E+00,-45.893529689E-03,-56.978328530E-03
+3.110705000E-03,-1.166903410935E+00,-47.542398894E-03,-58.249057149E-03
+3.110710000E-03,-1.164364152157E+00,-46.992775883E-03,-59.159233027E-03
+3.110715000E-03,-1.161462142169E+00,-46.757223117E-03,-60.443152607E-03
+3.110720000E-03,-1.159026526640E+00,-45.815012038E-03,-61.326946574E-03
+3.110725000E-03,-1.155865408569E+00,-45.579459337E-03,-62.782348557E-03
+3.110730000E-03,-1.153326149740E+00,-45.186871393E-03,-63.433102330E-03
+3.110735000E-03,-1.151149642257E+00,-47.306846218E-03,-64.919283212E-03
+3.110740000E-03,-1.146744805612E+00,-45.579459345E-03,-65.499685223E-03
+3.110745000E-03,-1.143583687584E+00,-45.500941763E-03,-67.034232939E-03
+3.110750000E-03,-1.140370747920E+00,-46.286117612E-03,-67.465137464E-03
+3.110755000E-03,-1.136846878611E+00,-44.794283448E-03,-69.052448999E-03
+3.110760000E-03,-1.131768361106E+00,-45.972047229E-03,-69.522926391E-03
+3.110765000E-03,-1.127933562130E+00,-45.579459328E-03,-70.982725355E-03
+3.110770000E-03,-1.124098763153E+00,-44.872801070E-03,-71.409232904E-03
+3.110775000E-03,-1.117931991859E+00,-45.972047259E-03,-72.948177594E-03
+3.110780000E-03,-1.114149014536E+00,-45.108353806E-03,-73.357097206E-03
+3.110785000E-03,-1.108034064838E+00,-46.600187908E-03,-74.874056972E-03
+3.110790000E-03,-1.103888336219E+00,-45.029836245E-03,-75.318152459E-03
+3.110795000E-03,-1.097151527295E+00,-46.129082386E-03,-76.610865995E-03
+3.110800000E-03,-1.092073009750E+00,-44.009107556E-03,-77.156092138E-03
+3.110805000E-03,-1.086735384188E+00,-44.558730709E-03,-78.330087087E-03
+3.110810000E-03,-1.080516791304E+00,-45.029836245E-03,-78.884107196E-03
+3.110815000E-03,-1.074609128033E+00,-43.616519620E-03,-80.084484053E-03
+3.110820000E-03,-1.068286891967E+00,-43.538002077E-03,-80.726443858E-03
+3.110825000E-03,-1.061861012601E+00,-44.637248292E-03,-81.742147356E-03
+3.110830000E-03,-1.054295057891E+00,-44.323177930E-03,-82.410489058E-03
+3.110835000E-03,-1.047506427313E+00,-46.050564803E-03,-83.391016684E-03
+3.110840000E-03,-1.040044115879E+00,-43.695037203E-03,-84.120916183E-03
+3.110845000E-03,-1.031804480277E+00,-44.951318618E-03,-84.934358376E-03
+3.110850000E-03,-1.025223136121E+00,-43.616519625E-03,-85.611494052E-03
+3.110855000E-03,-1.016361641250E+00,-44.558730670E-03,-86.420539270E-03
+3.110860000E-03,-1.009158437806E+00,-42.674308575E-03,-87.150438759E-03
+3.110865000E-03,-1.000089656537E+00,-44.637248235E-03,-87.955086991E-03
+3.110870000E-03,-991.798199258E-03,-42.124685531E-03,-88.566267891E-03
+3.110875000E-03,-983.662206898E-03,-43.695037212E-03,-89.392901046E-03
+3.110880000E-03,-974.697068814E-03,-42.124685527E-03,-90.012875918E-03
+3.110885000E-03,-966.146503617E-03,-42.752826166E-03,-90.703202538E-03
+3.110890000E-03,-957.492295094E-03,-42.046167936E-03,-91.305589477E-03
+3.110895000E-03,-947.594368114E-03,-45.029836188E-03,-92.044282925E-03
+3.110900000E-03,-938.421943581E-03,-43.380966868E-03,-92.514760315E-03
+3.110905000E-03,-928.524016545E-03,-45.500941662E-03,-93.301820598E-03
+3.110910000E-03,-918.366981513E-03,-43.773554808E-03,-93.754710050E-03
+3.110915000E-03,-908.469054487E-03,-42.988378968E-03,-94.484609531E-03
+3.110920000E-03,-898.985700291E-03,-42.203203110E-03,-94.849559287E-03
+3.110925000E-03,-887.844054684E-03,-42.281720697E-03,-95.447549219E-03
+3.110930000E-03,-879.189846220E-03,-41.575062413E-03,-95.852071841E-03
+3.110935000E-03,-868.359130258E-03,-42.046167820E-03,-96.564383373E-03
+3.110940000E-03,-858.823954493E-03,-43.223931667E-03,-96.894157258E-03
+3.110945000E-03,-847.423200867E-03,-43.223931702E-03,-97.575689898E-03
+3.110950000E-03,-836.229733629E-03,-43.380966859E-03,-97.813127102E-03
+3.110955000E-03,-825.606304163E-03,-41.967650300E-03,-98.534232602E-03
+3.110960000E-03,-814.101907292E-03,-41.339509648E-03,-98.754081861E-03
+3.110965000E-03,-803.063904883E-03,-42.674308642E-03,-99.391644655E-03
+3.110970000E-03,-791.922259242E-03,-41.575062360E-03,-99.479584369E-03
+3.110975000E-03,-780.210575941E-03,-42.674308557E-03,-100.350187355E-03
+3.110980000E-03,-768.654357469E-03,-41.653580014E-03,-100.231468783E-03
+3.110985000E-03,-755.854420432E-03,-43.852072372E-03,-101.031720008E-03
+3.110990000E-03,-743.676342691E-03,-40.240263406E-03,-100.825061742E-03
+3.110995000E-03,-731.809194550E-03,-41.889132645E-03,-101.612122021E-03
+3.111000000E-03,-720.408440921E-03,-41.653579956E-03,-101.568152181E-03
+3.111005000E-03,-707.919433559E-03,-41.418027204E-03,-102.179333070E-03
+3.111010000E-03,-696.155928628E-03,-41.182474433E-03,-102.183730068E-03
+3.111015000E-03,-683.511456398E-03,-42.360238231E-03,-102.645413466E-03
+3.111020000E-03,-671.126092227E-03,-40.946921618E-03,-102.737750160E-03
+3.111025000E-03,-658.844371218E-03,-42.046167932E-03,-103.164257681E-03
+3.111030000E-03,-645.733504527E-03,-41.025439241E-03,-103.212624524E-03
+3.111035000E-03,-631.171632860E-03,-41.182474429E-03,-103.450061706E-03
+3.111040000E-03,-618.682625429E-03,-40.868404139E-03,-103.603956176E-03
+3.111045000E-03,-604.587148235E-03,-41.025439277E-03,-103.788629543E-03
+3.111050000E-03,-592.564535262E-03,-40.946921640E-03,-103.907348135E-03
+3.111055000E-03,-579.557311823E-03,-41.103956837E-03,-104.004081799E-03
+3.111060000E-03,-566.757374750E-03,-42.281720616E-03,-104.083227529E-03
+3.111065000E-03,-552.661897496E-03,-41.967650259E-03,-104.215137073E-03
+3.111070000E-03,-539.240101157E-03,-42.281720680E-03,-104.193152144E-03
+3.111075000E-03,-525.766483229E-03,-40.868404121E-03,-104.289885822E-03
+3.111080000E-03,-512.189222050E-03,-43.066896551E-03,-104.391016468E-03
+3.111085000E-03,-498.352852849E-03,-41.575062337E-03,-104.347046626E-03
+3.111090000E-03,-484.050089159E-03,-41.810615139E-03,-104.382222498E-03
+3.111095000E-03,-470.110076809E-03,-41.339509566E-03,-104.382222495E-03
+3.111100000E-03,-455.703669943E-03,-41.810615158E-03,-104.386619487E-03
+3.111105000E-03,-441.089976636E-03,-41.260992011E-03,-104.223931043E-03
+3.111110000E-03,-426.061710480E-03,-41.967650304E-03,-104.267900896E-03
+3.111115000E-03,-412.121698021E-03,-41.575062341E-03,-104.078830542E-03
+3.111120000E-03,-397.663469497E-03,-40.868404103E-03,-104.122800394E-03
+3.111125000E-03,-383.412527493E-03,-42.595790960E-03,-103.858981297E-03
+3.111130000E-03,-368.850655753E-03,-42.595791024E-03,-103.920539084E-03
+3.111135000E-03,-353.666924797E-03,-41.418027236E-03,-103.647926024E-03
+3.111140000E-03,-339.208696275E-03,-41.182474466E-03,-103.577574267E-03
+3.111145000E-03,-324.439538142E-03,-42.438755762E-03,-103.260991362E-03
+3.111150000E-03,-308.271196652E-03,-40.475816214E-03,-103.212624521E-03
+3.111155000E-03,-294.538470647E-03,-41.967650267E-03,-102.781720016E-03
+3.111160000E-03,-279.458382839E-03,-40.554333755E-03,-102.781720003E-03
+3.111165000E-03,-264.119187042E-03,-41.418027208E-03,-102.469534079E-03
+3.111170000E-03,-249.868244956E-03,-40.632851324E-03,-102.245287849E-03
+3.111175000E-03,-234.425405974E-03,-41.496544777E-03,-101.818780323E-03
+3.111180000E-03,-219.034388533E-03,-41.339509589E-03,-101.647297908E-03
+3.111185000E-03,-204.057943967E-03,-41.496544772E-03,-101.207599427E-03
+3.111190000E-03,-189.444250641E-03,-41.418027120E-03,-101.027323037E-03
+3.111195000E-03,-173.897768389E-03,-41.810615121E-03,-100.508478832E-03
+3.111200000E-03,-159.076788682E-03,-42.360238198E-03,-100.306217513E-03
+3.111205000E-03,-143.530306428E-03,-41.967650300E-03,-99.708227585E-03
+3.111210000E-03,-128.087467357E-03,-40.318781031E-03,-99.479584362E-03
+3.111215000E-03,-113.681060495E-03,-42.281720653E-03,-98.995916031E-03
+3.111220000E-03,-98.445507879E-03,-41.732097548E-03,-98.652951206E-03
+3.111225000E-03,-83.676349780E-03,-41.339509584E-03,-98.169282878E-03
+3.111230000E-03,-68.337153989E-03,-41.103956832E-03,-97.654835635E-03
+3.111235000E-03,-53.982568669E-03,-40.240263355E-03,-97.263503995E-03
+3.111240000E-03,-39.109767336E-03,-40.868404132E-03,-96.652323082E-03
+3.111245000E-03,-24.392430826E-03,-41.967650271E-03,-96.225815561E-03
+3.111250000E-03,-8.016802886E-03,-40.946921667E-03,-95.544282896E-03
+3.111255000E-03,+7.426036117E-03,-41.889132712E-03,-95.240890949E-03
+3.111260000E-03,+21.573335059E-03,-39.926193063E-03,-94.383478892E-03
+3.111265000E-03,+37.897141371E-03,-41.496544777E-03,-94.194408546E-03
+3.111270000E-03,+52.355369877E-03,-39.612122734E-03,-93.244659810E-03
+3.111275000E-03,+67.176349587E-03,-41.182474424E-03,-92.985237704E-03
+3.111280000E-03,+83.396512758E-03,-41.103956794E-03,-92.092649774E-03
+3.111285000E-03,+98.839351766E-03,-43.930589953E-03,-91.705715102E-03
+3.111290000E-03,+113.815796364E-03,-40.161745829E-03,-90.813127172E-03
+3.111295000E-03,+128.636776073E-03,-40.946921719E-03,-90.338252808E-03
+3.111300000E-03,+143.043182957E-03,-41.575062331E-03,-89.559986486E-03
+3.111305000E-03,+158.693308433E-03,-41.339509593E-03,-88.935614631E-03
+3.111310000E-03,+174.447077115E-03,-40.318781008E-03,-88.183730219E-03
+3.111315000E-03,+189.734451292E-03,-40.789886503E-03,-87.541770424E-03
+3.111320000E-03,+204.140858176E-03,-40.004710641E-03,-86.829458878E-03
+3.111325000E-03,+219.324589197E-03,-40.868404109E-03,-86.046795564E-03
+3.111330000E-03,+233.990104131E-03,-40.946921682E-03,-85.330087038E-03
+3.111335000E-03,+249.381121500E-03,-39.926193059E-03,-84.468277992E-03
+3.111340000E-03,+263.424777148E-03,-39.533605080E-03,-83.786745347E-03
+3.111345000E-03,+278.660329795E-03,-41.103956884E-03,-82.832599619E-03
+3.111350000E-03,+294.673206451E-03,-40.868404099E-03,-82.221418730E-03
+3.111355000E-03,+309.131434940E-03,-41.732097529E-03,-81.095790592E-03
+3.111360000E-03,+323.278733802E-03,-42.124685431E-03,-80.554961461E-03
+3.111365000E-03,+337.115102994E-03,-43.538002041E-03,-79.429333325E-03
+3.111370000E-03,+352.091547522E-03,-41.103956870E-03,-78.906092135E-03
+3.111375000E-03,+365.824273512E-03,-41.418027171E-03,-77.648554448E-03
+3.111380000E-03,+380.127037216E-03,-40.868404085E-03,-77.090137378E-03
+3.111385000E-03,+393.963406418E-03,-41.496544763E-03,-75.863378585E-03
+3.111390000E-03,+409.147137398E-03,-39.612122754E-03,-75.195036891E-03
+3.111395000E-03,+423.398079431E-03,-40.475816154E-03,-73.937499218E-03
+3.111400000E-03,+435.835265265E-03,-41.496544753E-03,-73.277951488E-03
+3.111405000E-03,+450.604423360E-03,-40.161745849E-03,-72.108353506E-03
+3.111410000E-03,+464.337149366E-03,-40.161745873E-03,-71.338881153E-03
+3.111415000E-03,+477.810767331E-03,-41.732097480E-03,-70.222046992E-03
+3.111420000E-03,+491.491671691E-03,-43.145414096E-03,-69.333856049E-03
+3.111425000E-03,+505.172576067E-03,-41.418027170E-03,-68.291770638E-03
+3.111430000E-03,+518.957123652E-03,-41.339509603E-03,-67.368403802E-03
+3.111435000E-03,+531.808882327E-03,-42.203203012E-03,-66.242775687E-03
+3.111440000E-03,+544.919749034E-03,-40.946921696E-03,-65.227072172E-03
+3.111445000E-03,+557.926972471E-03,-41.967650280E-03,-64.167398825E-03
+3.111450000E-03,+570.675087947E-03,-41.653579985E-03,-63.098931492E-03
+3.111455000E-03,+584.977851597E-03,-41.103956870E-03,-62.048052115E-03
+3.111460000E-03,+597.570502245E-03,-41.103956837E-03,-60.909233024E-03
+3.111465000E-03,+609.593115187E-03,-41.653579951E-03,-59.937499375E-03
+3.111470000E-03,+622.496695451E-03,-41.653579990E-03,-58.697549628E-03
+3.111475000E-03,+635.607562116E-03,-42.203203056E-03,-57.747800907E-03
+3.111480000E-03,+647.526531844E-03,-42.046167838E-03,-56.652951659E-03
+3.111485000E-03,+659.600966417E-03,-41.260992030E-03,-55.619660227E-03
+3.111490000E-03,+671.934508992E-03,-41.182474477E-03,-54.278579825E-03
+3.111495000E-03,+683.749835473E-03,-41.182474394E-03,-53.289258243E-03
+3.111500000E-03,+695.616983580E-03,-41.575062369E-03,-51.838253221E-03
+3.111505000E-03,+707.173202085E-03,-41.653579936E-03,-50.989635148E-03
+3.111510000E-03,+718.781242158E-03,-42.909861389E-03,-49.477072338E-03
+3.111515000E-03,+730.492925414E-03,-41.025439215E-03,-48.566896483E-03
+3.111520000E-03,+742.308251943E-03,-41.103956856E-03,-47.107097495E-03
+3.111525000E-03,+754.900902533E-03,-41.653579936E-03,-46.280464336E-03
+3.111530000E-03,+765.006116031E-03,-39.926193064E-03,-44.754710584E-03
+3.111535000E-03,+776.199583316E-03,-40.554333687E-03,-43.835740751E-03
+3.111540000E-03,+787.444872069E-03,-40.711368930E-03,-42.393529704E-03
+3.111545000E-03,+798.068301633E-03,-42.281720638E-03,-41.351444294E-03
+3.111550000E-03,+809.728163287E-03,-40.318780975E-03,-39.931218169E-03
+3.111555000E-03,+819.574268732E-03,-40.946921618E-03,-38.880338794E-03
+3.111560000E-03,+829.834946969E-03,-41.418027204E-03,-37.442524730E-03
+3.111565000E-03,+839.525587552E-03,-42.831343679E-03,-36.365263442E-03
+3.111570000E-03,+849.216228230E-03,-41.260992158E-03,-34.936243354E-03
+3.111575000E-03,+859.165976893E-03,-44.323177883E-03,-33.863379050E-03
+3.111580000E-03,+869.426655126E-03,-42.831343762E-03,-32.346419263E-03
+3.111585000E-03,+879.946441423E-03,-43.852072325E-03,-31.396670531E-03
+3.111590000E-03,+889.637082032E-03,-43.145414076E-03,-29.760992157E-03
+3.111595000E-03,+898.654041751E-03,-41.889132707E-03,-28.784861515E-03
+3.111600000E-03,+908.292860720E-03,-41.418027170E-03,-27.254710775E-03
+3.111605000E-03,+917.050712405E-03,-42.438755901E-03,-26.186243450E-03
+3.111610000E-03,+924.823953557E-03,-42.281720702E-03,-24.695665574E-03
+3.111615000E-03,+934.100021241E-03,-41.653579946E-03,-23.442524885E-03
+3.111620000E-03,+941.614154339E-03,-40.632851358E-03,-22.141017365E-03
+3.111625000E-03,+950.320184400E-03,-41.575062359E-03,-20.676821399E-03
+3.111630000E-03,+957.730674336E-03,-42.046167886E-03,-19.652323921E-03
+3.111635000E-03,+965.400272254E-03,-41.182474478E-03,-17.946293797E-03
+3.111640000E-03,+972.862583679E-03,-42.909861359E-03,-17.119660632E-03
+3.111645000E-03,+980.532181580E-03,-42.752826205E-03,-15.294911910E-03
+3.111650000E-03,+988.460887581E-03,-43.380966877E-03,-14.591394321E-03
+3.111655000E-03,+995.975020637E-03,-42.988378932E-03,-12.661117972E-03
+3.111660000E-03,+1.003592796871E+00,-43.145414066E-03,-12.001570225E-03
+3.111665000E-03,+1.009966854658E+00,-42.046167826E-03,-10.110866747E-03
+3.111670000E-03,+1.016859128440E+00,-42.046167921E-03,-9.306218499E-03
+3.111675000E-03,+1.023077721348E+00,-40.475816084E-03,-7.437499946E-03
+3.111680000E-03,+1.029866351906E+00,-41.025439249E-03,-6.703203453E-03
+3.111685000E-03,+1.036033123219E+00,-43.538002001E-03,-4.922424589E-03
+3.111690000E-03,+1.041837143205E+00,-40.240263438E-03,-4.029836646E-03
+3.111695000E-03,+1.047796628118E+00,-41.025439329E-03,-2.429334161E-03
+3.111700000E-03,+1.053807934613E+00,-41.339509552E-03,-1.409233663E-03
+3.111705000E-03,+1.059249203346E+00,-42.438755777E-03,+134.108023E-06
+3.111710000E-03,+1.065053223418E+00,-41.967650289E-03,+1.286118067E-03
+3.111715000E-03,+1.071219994682E+00,-33.644786228E-03,+2.820665781E-03
+3.111720000E-03,+1.075313901723E+00,+1.816465088718E+00,+3.897927081E-03
+3.111725000E-03,+1.079666916752E+00,+2.552724532961E+00,+5.362123041E-03
+3.111730000E-03,+1.083916288545E+00,+2.552724532961E+00,+6.514133088E-03
+3.111735000E-03,+1.088942984475E+00,+2.552724532961E+00,+7.885992372E-03
+3.111740000E-03,+1.093710572367E+00,+2.552724532961E+00,+9.240263706E-03
+3.111745000E-03,+1.097700836180E+00,+2.552724532961E+00,+10.449434556E-03
+3.111750000E-03,+1.101172883881E+00,+2.552724532961E+00,+11.896042564E-03
+3.111755000E-03,+1.104748574774E+00,+2.552724532961E+00,+13.012876735E-03
+3.111760000E-03,+1.108324265667E+00,+2.552724532961E+00,+14.499057619E-03
+3.111765000E-03,+1.111485383717E+00,+2.552724532961E+00,+15.651067665E-03
+3.111770000E-03,+1.114439215357E+00,+2.552724532961E+00,+17.110866635E-03
+3.111775000E-03,+1.116615722928E+00,+2.552724532961E+00,+18.179333965E-03
+3.111780000E-03,+1.120191413788E+00,+2.552724532961E+00,+19.669911838E-03
+3.111785000E-03,+1.122419742923E+00,+2.552724532961E+00,+20.760364093E-03
+3.111790000E-03,+1.124803536851E+00,+2.552724532961E+00,+22.215766084E-03
+3.111795000E-03,+1.125943612242E+00,+2.552724532961E+00,+23.257851501E-03
+3.111800000E-03,+1.127964654971E+00,+2.552724532961E+00,+24.669283650E-03
+3.111805000E-03,+1.129830232834E+00,+2.552724532961E+00,+25.865263524E-03
+3.111810000E-03,+1.130970308212E+00,+2.552724532961E+00,+27.254710755E-03
+3.111815000E-03,+1.132784064461E+00,+2.552724532961E+00,+28.349559979E-03
+3.111820000E-03,+1.134131426225E+00,+2.552724532961E+00,+29.796168019E-03
+3.111825000E-03,+1.134701463937E+00,+2.552724532961E+00,+30.847047387E-03
+3.111830000E-03,+1.135945182500E+00,+2.552724532961E+00,+32.293655429E-03
+3.111835000E-03,+1.136204290521E+00,+2.552724532961E+00,+33.164258420E-03
+3.111840000E-03,+1.137188901087E+00,+2.552724532961E+00,+34.791142841E-03
+3.111845000E-03,+1.137914403578E+00,+2.552724532961E+00,+35.696921711E-03
+3.111850000E-03,+1.136515220193E+00,+2.552724532961E+00,+37.284233265E-03
+3.111855000E-03,+1.136359755387E+00,+2.552724532961E+00,+38.132851329E-03
+3.111860000E-03,+1.136567041827E+00,+2.552724532961E+00,+39.671796049E-03
+3.111865000E-03,+1.136670685019E+00,+2.552724532961E+00,+40.551193016E-03
+3.111870000E-03,+1.135841539268E+00,+2.552724532961E+00,+42.019785971E-03
+3.111875000E-03,+1.134131426252E+00,+2.552724532961E+00,+42.951946763E-03
+3.111880000E-03,+1.133561388590E+00,+2.552724532961E+00,+44.174308563E-03
+3.111885000E-03,+1.132317669986E+00,+2.552724532961E+00,+45.321921615E-03
+3.111890000E-03,+1.130918486598E+00,+2.552724532961E+00,+46.377197987E-03
+3.111895000E-03,+1.128949265565E+00,+2.552724532961E+00,+47.643529629E-03
+3.111900000E-03,+1.127239152494E+00,+2.552724532961E+00,+48.602072336E-03
+3.111905000E-03,+1.125684504215E+00,+2.552724532961E+00,+49.846419049E-03
+3.111910000E-03,+1.123922569584E+00,+2.552724532961E+00,+50.818152717E-03
+3.111915000E-03,+1.120709629934E+00,+2.552724532961E+00,+51.952574812E-03
+3.111920000E-03,+1.117133939041E+00,+2.552724532961E+00,+53.021042136E-03
+3.111925000E-03,+1.115475647595E+00,+2.552724532961E+00,+54.164258207E-03
+3.111930000E-03,+1.111070810965E+00,+2.552724532961E+00,+55.140388850E-03
+3.111935000E-03,+1.107287833667E+00,+2.552724532961E+00,+56.230841094E-03
+3.111940000E-03,+1.104593109999E+00,+2.552724532961E+00,+57.259735556E-03
+3.111945000E-03,+1.100861954291E+00,+2.552724532961E+00,+58.266645092E-03
+3.111950000E-03,+1.097700836238E+00,+2.552724532961E+00,+59.295539554E-03
+3.111955000E-03,+1.093036891544E+00,+2.552724532961E+00,+60.271670203E-03
+3.111960000E-03,+1.087077406759E+00,+2.552724532961E+00,+61.243403855E-03
+3.111965000E-03,+1.083812645418E+00,+2.552724532961E+00,+62.232725455E-03
+3.111970000E-03,+1.077594052579E+00,+2.552724532961E+00,+63.213253082E-03
+3.111975000E-03,+1.073137394283E+00,+2.552724532961E+00,+64.127825933E-03
+3.111980000E-03,+1.069250773718E+00,+2.552724532961E+00,+65.090765630E-03
+3.111985000E-03,+1.062980359227E+00,+2.552724532961E+00,+66.044911344E-03
+3.111990000E-03,+1.058316414574E+00,+2.552724532961E+00,+67.078202793E-03
+3.111995000E-03,+1.052460572942E+00,+2.552724532961E+00,+67.790514344E-03
+3.112000000E-03,+1.046397444852E+00,+2.552724532961E+00,+68.946921366E-03
+3.112005000E-03,+1.039660635841E+00,+2.552724532961E+00,+69.531720349E-03
+3.112010000E-03,+1.033027470128E+00,+2.552724532961E+00,+70.833227875E-03
+3.112015000E-03,+1.026757055602E+00,+2.552724532961E+00,+71.233353500E-03
+3.112020000E-03,+1.019812960226E+00,+2.552724532961E+00,+72.622800722E-03
+3.112025000E-03,+1.012609756821E+00,+2.552724532961E+00,+72.781092178E-03
+3.112030000E-03,+1.006598450279E+00,+2.552724532961E+00,+74.364006737E-03
+3.112035000E-03,+999.447068460E-03,+2.552724532961E+00,+74.469534376E-03
+3.112040000E-03,+991.777470563E-03,+2.552724532961E+00,+75.942524298E-03
+3.112045000E-03,+984.574267098E-03,+2.552724532961E+00,+76.105212746E-03
+3.112050000E-03,+976.282809901E-03,+2.552724532961E+00,+77.529835841E-03
+3.112055000E-03,+969.286892929E-03,+2.552724532961E+00,+77.692524288E-03
+3.112060000E-03,+960.891792516E-03,+2.552724532961E+00,+78.972046882E-03
+3.112065000E-03,+952.859443349E-03,+2.552724532961E+00,+79.117147389E-03
+3.112070000E-03,+945.086202230E-03,+2.552724532961E+00,+80.282348383E-03
+3.112075000E-03,+937.002031501E-03,+2.552724532961E+00,+80.581343350E-03
+3.112080000E-03,+928.347823019E-03,+2.552724532961E+00,+81.605840827E-03
+3.112085000E-03,+919.434506567E-03,+2.552724532961E+00,+81.891644843E-03
+3.112090000E-03,+911.298514129E-03,+2.552724532961E+00,+83.012875985E-03
+3.112095000E-03,+901.193300771E-03,+2.552724532961E+00,+83.223931258E-03
+3.112100000E-03,+892.642735487E-03,+2.552724532961E+00,+84.279207635E-03
+3.112105000E-03,+882.537522017E-03,+2.552724532961E+00,+84.375941306E-03
+3.112110000E-03,+873.986956782E-03,+2.552724532961E+00,+85.444408626E-03
+3.112115000E-03,+863.985386541E-03,+2.552724532961E+00,+85.571921185E-03
+3.112120000E-03,+854.761140370E-03,+2.552724532961E+00,+86.438127210E-03
+3.112125000E-03,+844.759570189E-03,+2.552724532961E+00,+86.754710119E-03
+3.112130000E-03,+834.447070253E-03,+2.552724532961E+00,+87.515388503E-03
+3.112135000E-03,+824.186392010E-03,+2.552724532961E+00,+87.818780459E-03
+3.112140000E-03,+812.422887111E-03,+2.552724532961E+00,+88.482725178E-03
+3.112145000E-03,+802.421316828E-03,+2.552724532961E+00,+88.799308088E-03
+3.112150000E-03,+791.331492861E-03,+2.552724532961E+00,+89.348931201E-03
+3.112155000E-03,+781.122636144E-03,+2.552724532961E+00,+89.815011588E-03
+3.112160000E-03,+769.980990595E-03,+2.552724532961E+00,+90.201946272E-03
+3.112165000E-03,+759.979420319E-03,+2.552724532961E+00,+90.544911083E-03
+3.112170000E-03,+746.764910428E-03,+2.552724532961E+00,+91.085740237E-03
+3.112175000E-03,+735.882372856E-03,+2.552724532961E+00,+91.318780420E-03
+3.112180000E-03,+725.103478478E-03,+2.552724532961E+00,+91.943152286E-03
+3.112185000E-03,+714.013654490E-03,+2.552724532961E+00,+91.951946243E-03
+3.112190000E-03,+701.991041632E-03,+2.552724532961E+00,+92.747800524E-03
+3.112195000E-03,+689.502034164E-03,+2.552724532961E+00,+92.461996485E-03
+3.112200000E-03,+677.686707647E-03,+2.552724532961E+00,+93.394157297E-03
+3.112205000E-03,+666.337775572E-03,+2.552724532961E+00,+93.029207536E-03
+3.112210000E-03,+653.278730450E-03,+2.552724532961E+00,+94.018529143E-03
+3.112215000E-03,+640.582436706E-03,+2.552724532961E+00,+93.464509046E-03
+3.112220000E-03,+628.456180572E-03,+2.552724532961E+00,+94.528579393E-03
+3.112225000E-03,+615.500778651E-03,+2.552724532961E+00,+93.948177383E-03
+3.112230000E-03,+603.892738582E-03,+2.552724532961E+00,+94.809986429E-03
+3.112235000E-03,+591.040979911E-03,+2.552724532961E+00,+94.392272858E-03
+3.112240000E-03,+578.344686070E-03,+2.552724532961E+00,+95.174936166E-03
+3.112245000E-03,+565.130176172E-03,+2.552724532961E+00,+94.713252748E-03
+3.112250000E-03,+550.982877400E-03,+2.552724532961E+00,+95.359609536E-03
+3.112255000E-03,+538.442048364E-03,+2.552724532961E+00,+94.999056769E-03
+3.112260000E-03,+525.901219320E-03,+2.552724532961E+00,+95.526694960E-03
+3.112265000E-03,+511.028418033E-03,+2.552724532961E+00,+95.073805512E-03
+3.112270000E-03,+498.694875355E-03,+2.552724532961E+00,+95.693780389E-03
+3.112275000E-03,+484.599398144E-03,+2.552724532961E+00,+95.324433643E-03
+3.112280000E-03,+469.674775253E-03,+2.552724532961E+00,+95.720162295E-03
+3.112285000E-03,+456.563908524E-03,+2.552724532961E+00,+95.333227622E-03
+3.112290000E-03,+442.883004180E-03,+2.552724532961E+00,+95.830086912E-03
+3.112295000E-03,+429.046634967E-03,+2.552724532961E+00,+95.262875866E-03
+3.112300000E-03,+415.624838571E-03,+2.552724532961E+00,+95.698177367E-03
+3.112305000E-03,+400.803858874E-03,+2.552724532961E+00,+95.245287919E-03
+3.112310000E-03,+386.138343941E-03,+2.552724532961E+00,+95.588252745E-03
+3.112315000E-03,+371.680115416E-03,+2.552724532961E+00,+95.166142196E-03
+3.112320000E-03,+357.377351776E-03,+2.552724532961E+00,+95.364006517E-03
+3.112325000E-03,+342.089977648E-03,+2.552724532961E+00,+94.941895970E-03
+3.112330000E-03,+328.305430031E-03,+2.552724532961E+00,+95.016644709E-03
+3.112335000E-03,+314.106309581E-03,+2.552724532961E+00,+94.625313065E-03
+3.112340000E-03,+298.974400195E-03,+2.552724532961E+00,+94.695664812E-03
+3.112345000E-03,+284.982566145E-03,+2.552724532961E+00,+94.313127137E-03
+3.112350000E-03,+270.109764844E-03,+2.552724532961E+00,+94.207599494E-03
+3.112355000E-03,+255.081498677E-03,+2.552724532961E+00,+93.917398495E-03
+3.112360000E-03,+240.519626905E-03,+2.552724532961E+00,+93.767901004E-03
+3.112365000E-03,+226.061398449E-03,+2.552724532961E+00,+93.442524128E-03
+3.112370000E-03,+211.654991499E-03,+2.552724532961E+00,+93.156720109E-03
+3.112375000E-03,+195.797579682E-03,+2.552724532961E+00,+92.884107053E-03
+3.112380000E-03,+180.717491886E-03,+2.552724532961E+00,+92.497172381E-03
+3.112385000E-03,+165.119188044E-03,+2.552724532961E+00,+92.264132188E-03
+3.112390000E-03,+149.469062649E-03,+2.552724532961E+00,+91.877197511E-03
+3.112395000E-03,+135.166298928E-03,+2.552724532961E+00,+91.617775407E-03
+3.112400000E-03,+119.982567888E-03,+2.552724532961E+00,+91.142901033E-03
+3.112405000E-03,+104.228799205E-03,+2.552724532961E+00,+90.852700039E-03
+3.112410000E-03,+88.008636150E-03,+2.552724532961E+00,+90.254710093E-03
+3.112415000E-03,+73.809515630E-03,+2.552724532961E+00,+89.977700050E-03
+3.112420000E-03,+58.729427870E-03,+2.552724532961E+00,+89.441267893E-03
+3.112425000E-03,+42.457443120E-03,+2.552724532961E+00,+89.076318144E-03
+3.112430000E-03,+28.051036250E-03,+2.552724532961E+00,+88.566267902E-03
+3.112435000E-03,+14.318310215E-03,+2.552724532961E+00,+88.073805595E-03
+3.112440000E-03,-1.487280002E-03,+2.552724532961E+00,+87.572549319E-03
+3.112445000E-03,-17.137405481E-03,+2.552724532961E+00,+87.040514144E-03
+3.112450000E-03,-31.491990713E-03,+2.552724532961E+00,+86.600815659E-03
+3.112455000E-03,-46.727543354E-03,+2.552724532961E+00,+85.888504112E-03
+3.112460000E-03,-61.600344688E-03,+2.552724532961E+00,+85.457599594E-03
+3.112465000E-03,-76.680432481E-03,+2.552724532961E+00,+84.727700102E-03
+3.112470000E-03,-92.641487571E-03,+2.552724532961E+00,+84.235237799E-03
+3.112475000E-03,-108.136148239E-03,+2.552724532961E+00,+83.615262926E-03
+3.112480000E-03,-123.371700791E-03,+2.552724532961E+00,+82.929333290E-03
+3.112485000E-03,-139.280934359E-03,+2.552724532961E+00,+82.348931287E-03
+3.112490000E-03,-153.220946710E-03,+2.552724532961E+00,+81.610237823E-03
+3.112495000E-03,-168.093748091E-03,+2.552724532961E+00,+81.021041850E-03
+3.112500000E-03,-184.054803204E-03,+2.552724532961E+00,+80.190011713E-03
+3.112505000E-03,-198.616674904E-03,+2.552724532961E+00,+79.609609702E-03
+3.112510000E-03,-213.385833037E-03,+2.552724532961E+00,+78.774182585E-03
+3.112515000E-03,-228.621385678E-03,+2.552724532961E+00,+78.184986605E-03
+3.112520000E-03,-243.183257340E-03,+2.552724532961E+00,+77.270413756E-03
+3.112525000E-03,-258.574274756E-03,+2.552724532961E+00,+76.632850945E-03
+3.112530000E-03,-273.498897689E-03,+2.552724532961E+00,+75.784232867E-03
+3.112535000E-03,-288.527163834E-03,+2.552724532961E+00,+75.041142415E-03
+3.112540000E-03,-302.985392337E-03,+2.552724532961E+00,+74.201318314E-03
+3.112545000E-03,-318.428231416E-03,+2.552724532961E+00,+73.299936406E-03
+3.112550000E-03,-333.352854330E-03,+2.552724532961E+00,+72.578830893E-03
+3.112555000E-03,-347.344688370E-03,+2.552724532961E+00,+71.673052004E-03
+3.112560000E-03,-362.528419371E-03,+2.552724532961E+00,+70.811242968E-03
+3.112565000E-03,-377.556685541E-03,+2.552724532961E+00,+69.918655043E-03
+3.112570000E-03,-392.014914029E-03,+2.552724532961E+00,+69.083227912E-03
+3.112575000E-03,-406.110391262E-03,+2.552724532961E+00,+68.080715367E-03
+3.112580000E-03,-421.397765455E-03,+2.552724532961E+00,+67.210112354E-03
+3.112585000E-03,-436.633318051E-03,+2.552724532961E+00,+66.286745534E-03
+3.112590000E-03,-449.796006394E-03,+2.552724532961E+00,+65.271042023E-03
+3.112595000E-03,-465.238845383E-03,+2.552724532961E+00,+64.418026961E-03
+3.112600000E-03,-479.334322600E-03,+2.552724532961E+00,+63.301192798E-03
+3.112605000E-03,-493.067048602E-03,+2.552724532961E+00,+62.584484270E-03
+3.112610000E-03,-506.799774616E-03,+2.552724532961E+00,+61.357725480E-03
+3.112615000E-03,-520.480679018E-03,+2.552724532961E+00,+60.693780770E-03
+3.112620000E-03,-532.762400003E-03,+2.552724532961E+00,+59.233981783E-03
+3.112625000E-03,-547.272450073E-03,+2.552724532961E+00,+58.592021995E-03
+3.112630000E-03,-560.435138415E-03,+2.552724532961E+00,+57.268529543E-03
+3.112635000E-03,-574.271507569E-03,+2.552724532961E+00,+56.670539606E-03
+3.112640000E-03,-587.175087825E-03,+2.552724532961E+00,+55.056846159E-03
+3.112645000E-03,-601.115100257E-03,+2.552724532961E+00,+54.463253197E-03
+3.112650000E-03,-614.122323717E-03,+2.552724532961E+00,+52.959484373E-03
+3.112655000E-03,-627.906871346E-03,+2.552724532961E+00,+52.365891413E-03
+3.112660000E-03,-639.981305871E-03,+2.552724532961E+00,+50.875313539E-03
+3.112665000E-03,-652.781242938E-03,+2.552724532961E+00,+50.171795957E-03
+3.112670000E-03,-665.788466330E-03,+2.552724532961E+00,+48.808730650E-03
+3.112675000E-03,-678.122008964E-03,+2.552724532961E+00,+48.061243210E-03
+3.112680000E-03,-689.730049068E-03,+2.552724532961E+00,+46.583856301E-03
+3.112685000E-03,-701.856305230E-03,+2.552724532961E+00,+45.717650270E-03
+3.112690000E-03,-715.122636682E-03,+2.552724532961E+00,+44.231469387E-03
+3.112695000E-03,-727.145249679E-03,+2.552724532961E+00,+43.404836230E-03
+3.112700000E-03,-740.307937965E-03,+2.552724532961E+00,+41.879082485E-03
+3.112705000E-03,-752.330550905E-03,+2.552724532961E+00,+41.092022179E-03
+3.112710000E-03,-762.746693979E-03,+2.552724532961E+00,+39.548680495E-03
+3.112715000E-03,-775.080236591E-03,+2.552724532961E+00,+38.744032264E-03
+3.112720000E-03,-786.636455045E-03,+2.552724532961E+00,+37.055590073E-03
+3.112725000E-03,-798.814532808E-03,+2.552724532961E+00,+36.343278518E-03
+3.112730000E-03,-809.645248791E-03,+2.552724532961E+00,+34.685615217E-03
+3.112735000E-03,-820.268678318E-03,+2.552724532961E+00,+33.832600153E-03
+3.112740000E-03,-831.358502350E-03,+2.552724532961E+00,+32.298052434E-03
+3.112745000E-03,-841.204607730E-03,+2.552724532961E+00,+31.396670530E-03
+3.112750000E-03,-852.035323725E-03,+2.552724532961E+00,+29.756595177E-03
+3.112755000E-03,-862.088715554E-03,+2.552724532961E+00,+28.903580105E-03
+3.112760000E-03,-872.712145119E-03,+2.552724532961E+00,+27.219534903E-03
+3.112765000E-03,-883.542861057E-03,+2.552724532961E+00,+26.406092694E-03
+3.112770000E-03,-893.285323291E-03,+2.552724532961E+00,+24.796796233E-03
+3.112775000E-03,-905.100649801E-03,+2.552724532961E+00,+23.877826386E-03
+3.112780000E-03,-914.739468774E-03,+2.552724532961E+00,+22.206972136E-03
+3.112785000E-03,-924.274644552E-03,+2.552724532961E+00,+21.358354053E-03
+3.112790000E-03,-933.239782662E-03,+2.552724532961E+00,+19.718278705E-03
+3.112795000E-03,-943.034066461E-03,+2.552724532961E+00,+18.786117894E-03
+3.112800000E-03,-951.999204556E-03,+2.552724532961E+00,+17.181218427E-03
+3.112805000E-03,-961.793488374E-03,+2.552724532961E+00,+16.156720940E-03
+3.112810000E-03,-970.136767179E-03,+2.552724532961E+00,+14.591394337E-03
+3.112815000E-03,-979.775586141E-03,+2.552724532961E+00,+13.492148102E-03
+3.112820000E-03,-988.067043338E-03,+2.552724532961E+00,+12.041143111E-03
+3.112825000E-03,-995.840284519E-03,+2.552724532961E+00,+10.792399391E-03
+3.112830000E-03,-1.004494492946E+00,+2.552724532961E+00,+9.473303942E-03
+3.112835000E-03,-1.013045058200E+00,+2.552724532961E+00,+8.215766248E-03
+3.112840000E-03,-1.019730045593E+00,+2.552724532961E+00,+6.909861753E-03
+3.112845000E-03,-1.028332432385E+00,+2.552724532961E+00,+5.599560251E-03
+3.112850000E-03,-1.034913776578E+00,+2.552724532961E+00,+4.258479874E-03
+3.112855000E-03,-1.043257055344E+00,+2.552724532961E+00,+3.080087913E-03
+3.112860000E-03,-1.050719366822E+00,+2.552724532961E+00,+1.620288951E-03
+3.112865000E-03,-1.057559819084E+00,+2.552724532961E+00,+507.851758E-06
+3.112870000E-03,-1.063778411955E+00,+2.552724532961E+00,-1.000314041E-03
+3.112875000E-03,-1.070567042504E+00,+2.552724532961E+00,-2.020414542E-03
+3.112880000E-03,-1.077718424357E+00,+2.552724532961E+00,-3.752826573E-03
+3.112885000E-03,-1.083315158016E+00,+2.552724532961E+00,-4.632223555E-03
+3.112890000E-03,-1.089637394082E+00,+2.552724532961E+00,-6.342650667E-03
+3.112895000E-03,-1.095700522146E+00,+2.552724532961E+00,-7.195665743E-03
+3.112900000E-03,-1.101038147760E+00,+2.552724532961E+00,-8.989635560E-03
+3.112905000E-03,-1.106893989347E+00,+2.552724532961E+00,-9.750313961E-03
+3.112910000E-03,-1.111920685289E+00,+2.552724532961E+00,-11.689384271E-03
+3.112915000E-03,-1.116221878690E+00,+2.552724532961E+00,-12.357725985E-03
+3.112920000E-03,-1.122336828417E+00,+2.416889116448E+00,-14.327575208E-03
+3.112925000E-03,-1.125238838444E+00,+128.337012939E-03,-14.991519929E-03
+3.112930000E-03,-1.130783750441E+00,-172.699432735E-03,-16.732725930E-03
+3.112935000E-03,-1.134152154947E+00,-144.197550420E-03,-17.748429439E-03
+3.112940000E-03,-1.138712456421E+00,+206.776063118E-03,-19.256595255E-03
+3.112945000E-03,-1.142288147326E+00,-31.681843243E-03,-20.325062586E-03
+3.112950000E-03,-1.146071124664E+00,-72.432474426E-03,-21.903580151E-03
+3.112955000E-03,-1.150475961245E+00,-102.740262230E-03,-23.073178134E-03
+3.112960000E-03,-1.153896187379E+00,-35.450691751E-03,-24.620916808E-03
+3.112965000E-03,-1.156228159787E+00,-43.930589283E-03,-25.619032368E-03
+3.112970000E-03,-1.159078348111E+00,-50.840137927E-03,-27.162374070E-03
+3.112975000E-03,-1.162757682267E+00,-58.848931160E-03,-28.112122791E-03
+3.112980000E-03,-1.165763335509E+00,-55.394157884E-03,-29.884107702E-03
+3.112985000E-03,-1.167991664654E+00,-50.604584795E-03,-30.662374025E-03
+3.112990000E-03,-1.170323636971E+00,-51.860866393E-03,-32.460740847E-03
+3.112995000E-03,-1.171774642000E+00,-51.939383836E-03,-33.093906670E-03
+3.113000000E-03,-1.173225647002E+00,-51.860866357E-03,-35.028580006E-03
+3.113005000E-03,-1.174728473623E+00,-50.447549693E-03,-35.630966947E-03
+3.113010000E-03,-1.175764905801E+00,-49.819409140E-03,-37.446921692E-03
+3.113015000E-03,-1.177734126845E+00,-48.798680316E-03,-38.141645316E-03
+3.113020000E-03,-1.178666915812E+00,-48.484610112E-03,-39.931218141E-03
+3.113025000E-03,-1.179133310251E+00,-50.683102418E-03,-40.740263378E-03
+3.113030000E-03,-1.179496061548E+00,-48.406092458E-03,-42.362750777E-03
+3.113035000E-03,-1.179858812800E+00,-50.526067310E-03,-43.167399026E-03
+3.113040000E-03,-1.180636136872E+00,-49.269785917E-03,-44.649182912E-03
+3.113045000E-03,-1.180791601743E+00,-49.897926571E-03,-45.620916596E-03
+3.113050000E-03,-1.180221564112E+00,-48.563127639E-03,-46.983981891E-03
+3.113055000E-03,-1.179599704747E+00,-48.484610088E-03,-48.061243195E-03
+3.113060000E-03,-1.179133310311E+00,-47.699434096E-03,-49.358353724E-03
+3.113065000E-03,-1.178459629398E+00,-48.406092362E-03,-50.457599955E-03
+3.113070000E-03,-1.176334943483E+00,-48.484610015E-03,-51.710740635E-03
+3.113075000E-03,-1.176075835410E+00,-48.092022080E-03,-52.748429075E-03
+3.113080000E-03,-1.174106614381E+00,-47.934986972E-03,-54.093906436E-03
+3.113085000E-03,-1.173329290261E+00,-49.112750742E-03,-54.960112468E-03
+3.113090000E-03,-1.171619177202E+00,-47.777951822E-03,-56.371544608E-03
+3.113095000E-03,-1.169649956137E+00,-46.364635200E-03,-57.180589825E-03
+3.113100000E-03,-1.167214340578E+00,-46.914258304E-03,-58.657976751E-03
+3.113105000E-03,-1.164778725054E+00,-46.129082408E-03,-59.343906385E-03
+3.113110000E-03,-1.162239466263E+00,-46.286117522E-03,-60.904836021E-03
+3.113115000E-03,-1.159026526615E+00,-46.600187937E-03,-61.472047067E-03
+3.113120000E-03,-1.157471878391E+00,-46.835740704E-03,-63.156092267E-03
+3.113125000E-03,-1.153948009070E+00,-46.992775891E-03,-63.569408853E-03
+3.113130000E-03,-1.150216853399E+00,-45.422424167E-03,-65.249057079E-03
+3.113135000E-03,-1.146900270476E+00,-46.364635157E-03,-65.662373661E-03
+3.113140000E-03,-1.142650898670E+00,-43.616519682E-03,-67.364006800E-03
+3.113145000E-03,-1.139541602185E+00,-47.620916508E-03,-67.684986708E-03
+3.113150000E-03,-1.134566727866E+00,-44.323178027E-03,-69.223931404E-03
+3.113155000E-03,-1.130783750544E+00,-45.893529690E-03,-69.786745480E-03
+3.113160000E-03,-1.124824265683E+00,-44.637248278E-03,-71.163001732E-03
+3.113165000E-03,-1.122233185337E+00,-45.893529696E-03,-71.778579628E-03
+3.113170000E-03,-1.116740094928E+00,-44.087625242E-03,-73.102072060E-03
+3.113175000E-03,-1.111195182943E+00,-44.323177966E-03,-73.779207749E-03
+3.113180000E-03,-1.106272130139E+00,-43.695037239E-03,-74.882850934E-03
+3.113185000E-03,-1.101141791059E+00,-45.108353788E-03,-75.630338391E-03
+3.113190000E-03,-1.094923198233E+00,-44.401695504E-03,-76.685614731E-03
+3.113195000E-03,-1.089430107799E+00,-43.616519640E-03,-77.485866007E-03
+3.113200000E-03,-1.083366979744E+00,-43.538002071E-03,-78.501569486E-03
+3.113205000E-03,-1.077252030036E+00,-44.323177899E-03,-79.297423779E-03
+3.113210000E-03,-1.071240723576E+00,-44.323177899E-03,-80.229584545E-03
+3.113215000E-03,-1.065488525170E+00,-45.029836226E-03,-80.941896124E-03
+3.113220000E-03,-1.059425397041E+00,-44.087625174E-03,-81.896041815E-03
+3.113225000E-03,-1.051859442401E+00,-44.480213122E-03,-82.617147364E-03
+3.113230000E-03,-1.045018990185E+00,-44.951318676E-03,-83.571293051E-03
+3.113235000E-03,-1.036831176186E+00,-44.480213159E-03,-84.217649851E-03
+3.113240000E-03,-1.029835259237E+00,-43.459484472E-03,-85.220162380E-03
+3.113245000E-03,-1.022010196453E+00,-44.323177930E-03,-85.848931244E-03
+3.113250000E-03,-1.013718739293E+00,-45.500941748E-03,-86.710740256E-03
+3.113255000E-03,-1.006152784588E+00,-43.459484447E-03,-87.295539265E-03
+3.113260000E-03,-998.224078622E-03,-44.323177942E-03,-88.298051799E-03
+3.113265000E-03,-989.673513367E-03,-45.265388888E-03,-88.742147290E-03
+3.113270000E-03,-981.382056267E-03,-43.695037196E-03,-89.617147269E-03
+3.113275000E-03,-973.038777429E-03,-45.736494392E-03,-90.092021650E-03
+3.113280000E-03,-963.451780045E-03,-42.517273408E-03,-91.046167351E-03
+3.113285000E-03,-954.331177181E-03,-44.323177805E-03,-91.397926152E-03
+3.113290000E-03,-944.951466132E-03,-42.988379011E-03,-92.308102015E-03
+3.113295000E-03,-935.675398425E-03,-44.480213123E-03,-92.545539204E-03
+3.113300000E-03,-926.036579465E-03,-43.223931623E-03,-93.596418586E-03
+3.113305000E-03,-915.931365944E-03,-42.752826213E-03,-93.701946229E-03
+3.113310000E-03,-905.929795695E-03,-41.418027170E-03,-94.704458775E-03
+3.113315000E-03,-896.083690257E-03,-42.674308538E-03,-94.788001496E-03
+3.113320000E-03,-884.890223073E-03,-41.103956940E-03,-95.882850721E-03
+3.113325000E-03,-875.355047316E-03,-41.889132723E-03,-95.878453750E-03
+3.113330000E-03,-866.389909197E-03,-41.182474527E-03,-96.946921063E-03
+3.113335000E-03,-855.714658137E-03,-42.988378893E-03,-96.858981368E-03
+3.113340000E-03,-845.298514983E-03,-42.595791014E-03,-97.887875827E-03
+3.113345000E-03,-834.415977428E-03,-44.401695523E-03,-97.852699951E-03
+3.113350000E-03,-824.310763977E-03,-41.967650342E-03,-98.740890898E-03
+3.113355000E-03,-813.169118330E-03,-42.203203041E-03,-98.762875825E-03
+3.113360000E-03,-801.975651077E-03,-40.475816131E-03,-99.655463746E-03
+3.113365000E-03,-790.885827120E-03,-41.182474477E-03,-99.554333101E-03
+3.113370000E-03,-777.308565955E-03,-41.732097631E-03,-100.389760223E-03
+3.113375000E-03,-766.529671586E-03,-41.418027088E-03,-100.288629574E-03
+3.113380000E-03,-755.128917935E-03,-44.323177930E-03,-101.075689861E-03
+3.113385000E-03,-743.313591474E-03,-41.810615067E-03,-101.000941127E-03
+3.113390000E-03,-730.617297653E-03,-42.438755890E-03,-101.664885838E-03
+3.113395000E-03,-718.750149505E-03,-41.496544845E-03,-101.700061723E-03
+3.113400000E-03,-706.986644598E-03,-41.496544819E-03,-102.258478793E-03
+3.113405000E-03,-694.186707553E-03,-42.124685541E-03,-102.249684837E-03
+3.113410000E-03,-682.267737857E-03,-41.653579981E-03,-102.794910953E-03
+3.113415000E-03,-669.156871209E-03,-42.360238246E-03,-102.667398402E-03
+3.113420000E-03,-656.201469342E-03,-42.595790988E-03,-103.212624513E-03
+3.113425000E-03,-643.142424273E-03,-41.025439316E-03,-103.173051659E-03
+3.113430000E-03,-630.238843975E-03,-42.438755871E-03,-103.568780288E-03
+3.113435000E-03,-616.091545145E-03,-41.418027106E-03,-103.524810455E-03
+3.113440000E-03,-603.809824117E-03,-41.182474535E-03,-103.876569232E-03
+3.113445000E-03,-590.854422275E-03,-41.653579886E-03,-103.801820503E-03
+3.113450000E-03,-578.261771606E-03,-41.575062369E-03,-104.065639583E-03
+3.113455000E-03,-564.943618515E-03,-42.517273427E-03,-104.048051650E-03
+3.113460000E-03,-551.366357354E-03,-41.575062400E-03,-104.250312951E-03
+3.113465000E-03,-537.789096223E-03,-41.810615168E-03,-104.206343106E-03
+3.113470000E-03,-524.263656690E-03,-40.789886453E-03,-104.355840583E-03
+3.113475000E-03,-510.168179450E-03,-41.810615155E-03,-104.241518990E-03
+3.113480000E-03,-496.020880582E-03,-40.946921634E-03,-104.478956159E-03
+3.113485000E-03,-481.510830477E-03,-42.438755808E-03,-104.307473759E-03
+3.113490000E-03,-467.985390957E-03,-39.769157942E-03,-104.369031547E-03
+3.113495000E-03,-453.112589542E-03,-42.517273414E-03,-104.206343100E-03
+3.113500000E-03,-438.758004311E-03,-40.475816149E-03,-104.426192344E-03
+3.113505000E-03,-423.729738149E-03,-40.475816213E-03,-104.061242607E-03
+3.113510000E-03,-409.012401610E-03,-40.397298530E-03,-104.206343104E-03
+3.113515000E-03,-394.502351531E-03,-41.575062362E-03,-103.894157187E-03
+3.113520000E-03,-380.147766300E-03,-40.711368943E-03,-104.078830537E-03
+3.113525000E-03,-364.808570476E-03,-41.260992008E-03,-103.590765233E-03
+3.113530000E-03,-350.091233904E-03,-40.868404136E-03,-103.740262706E-03
+3.113535000E-03,-335.218432531E-03,-41.575062324E-03,-103.282976290E-03
+3.113540000E-03,-320.656560857E-03,-41.103956840E-03,-103.370915978E-03
+3.113545000E-03,-305.835581133E-03,-41.182474401E-03,-102.852071769E-03
+3.113550000E-03,-291.221887857E-03,-42.203203136E-03,-102.882850656E-03
+3.113555000E-03,-276.297264833E-03,-41.103956840E-03,-102.500312980E-03
+3.113560000E-03,-261.735393151E-03,-41.025439291E-03,-102.425564229E-03
+3.113565000E-03,-245.463408439E-03,-43.695037182E-03,-101.981468758E-03
+3.113570000E-03,-230.331499058E-03,-41.732097614E-03,-101.893529063E-03
+3.113575000E-03,-214.992303204E-03,-42.831343762E-03,-101.440639614E-03
+3.113580000E-03,-199.912215405E-03,-42.595790956E-03,-101.172423545E-03
+3.113585000E-03,-185.764916604E-03,-40.632851311E-03,-100.644785359E-03
+3.113590000E-03,-171.410331288E-03,-41.653579988E-03,-100.534860739E-03
+3.113595000E-03,-155.863849051E-03,-40.161745801E-03,-100.002825563E-03
+3.113600000E-03,-139.229113108E-03,-40.789886485E-03,-99.910488891E-03
+3.113605000E-03,-123.682630799E-03,-40.946921730E-03,-99.286117025E-03
+3.113610000E-03,-108.395256612E-03,-41.418027246E-03,-98.995916040E-03
+3.113615000E-03,-93.366990399E-03,-41.889132653E-03,-98.397926081E-03
+3.113620000E-03,-78.286902578E-03,-40.632851304E-03,-98.085740167E-03
+3.113625000E-03,-64.139603748E-03,-41.260992027E-03,-97.439383380E-03
+3.113630000E-03,-49.525910514E-03,-41.260991949E-03,-97.087624605E-03
+3.113635000E-03,-35.430433286E-03,-41.103956891E-03,-96.599559270E-03
+3.113640000E-03,-20.091237458E-03,-41.339509659E-03,-96.001569330E-03
+3.113645000E-03,-4.078360754E-03,-41.967650259E-03,-95.561870836E-03
+3.113650000E-03,+11.830872757E-03,-41.103956885E-03,-94.880338192E-03
+3.113655000E-03,+26.444566003E-03,-41.418027259E-03,-94.489006529E-03
+3.113660000E-03,+42.405621156E-03,-41.025439266E-03,-93.653579408E-03
+3.113665000E-03,+57.330244111E-03,-41.182474368E-03,-93.372172373E-03
+3.113670000E-03,+72.099402258E-03,-40.946921704E-03,-92.422423647E-03
+3.113675000E-03,+87.386776466E-03,-40.711368833E-03,-92.097046759E-03
+3.113680000E-03,+102.881437099E-03,-42.360238253E-03,-91.375941233E-03
+3.113685000E-03,+117.546952026E-03,-42.360238188E-03,-90.773554311E-03
+3.113690000E-03,+132.730683066E-03,-40.397298640E-03,-90.070036733E-03
+3.113695000E-03,+148.847202955E-03,-42.046167904E-03,-89.397298048E-03
+3.113700000E-03,+163.460896240E-03,-40.475816189E-03,-88.799308101E-03
+3.113705000E-03,+178.955556926E-03,-42.124685439E-03,-87.994659875E-03
+3.113710000E-03,+194.242931086E-03,-41.339509640E-03,-87.392272936E-03
+3.113715000E-03,+209.219375641E-03,-41.339509568E-03,-86.543654866E-03
+3.113720000E-03,+223.314852924E-03,-41.182474433E-03,-85.919283006E-03
+3.113725000E-03,+237.824903011E-03,-41.575062362E-03,-84.969534283E-03
+3.113730000E-03,+252.697704377E-03,-40.083228338E-03,-84.345162416E-03
+3.113735000E-03,+267.415040876E-03,-41.260991948E-03,-83.448177521E-03
+3.113740000E-03,+283.168809539E-03,-41.025439325E-03,-82.762247862E-03
+3.113745000E-03,+298.145254106E-03,-41.967650173E-03,-81.790514220E-03
+3.113750000E-03,+312.707125835E-03,-39.847675420E-03,-80.977072007E-03
+3.113755000E-03,+326.802603089E-03,-41.575062310E-03,-80.141644886E-03
+3.113760000E-03,+342.297263662E-03,-41.653579936E-03,-79.345790607E-03
+3.113765000E-03,+355.926346447E-03,-41.575062434E-03,-78.453202689E-03
+3.113770000E-03,+369.659072453E-03,-40.397298595E-03,-77.490262998E-03
+3.113775000E-03,+383.858192916E-03,-41.339509667E-03,-76.711996679E-03
+3.113780000E-03,+398.160956500E-03,-40.554333737E-03,-75.608353470E-03
+3.113785000E-03,+412.463720291E-03,-40.868404124E-03,-74.891644943E-03
+3.113790000E-03,+426.662840708E-03,-42.674308568E-03,-73.788001730E-03
+3.113795000E-03,+440.136458619E-03,-41.103956859E-03,-73.058102248E-03
+3.113800000E-03,+453.195503770E-03,-42.046167944E-03,-71.782976627E-03
+3.113805000E-03,+468.275591561E-03,-42.517273394E-03,-71.163001767E-03
+3.113810000E-03,+482.163782285E-03,-40.632851370E-03,-69.813127406E-03
+3.113815000E-03,+494.911897743E-03,-41.182474473E-03,-69.241519373E-03
+3.113820000E-03,+509.266483004E-03,-40.789886471E-03,-67.803705317E-03
+3.113825000E-03,+522.325528125E-03,-42.281720626E-03,-67.302449042E-03
+3.113830000E-03,+536.161897297E-03,-41.025439233E-03,-65.723931467E-03
+3.113835000E-03,+549.946444897E-03,-41.418027168E-03,-65.178705348E-03
+3.113840000E-03,+562.228165857E-03,-41.653579883E-03,-63.586996821E-03
+3.113845000E-03,+575.028102906E-03,-43.066896464E-03,-62.962624967E-03
+3.113850000E-03,+588.346256073E-03,-41.418027161E-03,-61.542398856E-03
+3.113855000E-03,+601.457122728E-03,-42.046167858E-03,-60.812499358E-03
+3.113860000E-03,+615.448956762E-03,-41.653579976E-03,-59.471418982E-03
+3.113865000E-03,+627.160640062E-03,-43.380966879E-03,-58.578831039E-03
+3.113870000E-03,+639.494182600E-03,-41.889132697E-03,-57.461996887E-03
+3.113875000E-03,+651.620438790E-03,-43.380966792E-03,-56.248429064E-03
+3.113880000E-03,+663.073014053E-03,-41.339509588E-03,-55.281092392E-03
+3.113885000E-03,+675.095627047E-03,-43.616519580E-03,-53.830087376E-03
+3.113890000E-03,+685.667234961E-03,-41.575062402E-03,-53.073805976E-03
+3.113895000E-03,+697.534383088E-03,-42.517273487E-03,-51.482097453E-03
+3.113900000E-03,+710.230676878E-03,-42.124685465E-03,-50.743403996E-03
+3.113905000E-03,+721.113214458E-03,-42.438755780E-03,-49.156092451E-03
+3.113910000E-03,+733.291292147E-03,-41.732097576E-03,-48.382223116E-03
+3.113915000E-03,+744.536581019E-03,-42.831343729E-03,-46.799308555E-03
+3.113920000E-03,+756.559193987E-03,-41.967650344E-03,-46.047424144E-03
+3.113925000E-03,+767.493553131E-03,-42.360238240E-03,-44.416142759E-03
+3.113930000E-03,+778.635198780E-03,-41.967650365E-03,-43.505966887E-03
+3.113935000E-03,+789.725022804E-03,-42.360238233E-03,-42.024182977E-03
+3.113940000E-03,+799.726593022E-03,-41.889132744E-03,-41.056846310E-03
+3.113945000E-03,+810.660952214E-03,-42.517273421E-03,-39.557474470E-03
+3.113950000E-03,+821.025273716E-03,-42.281720659E-03,-38.603328748E-03
+3.113955000E-03,+830.249519817E-03,-40.946921585E-03,-37.051193090E-03
+3.113960000E-03,+841.028414156E-03,-43.380966731E-03,-35.978328774E-03
+3.113965000E-03,+850.304481984E-03,-41.889132657E-03,-34.571293618E-03
+3.113970000E-03,+860.202408925E-03,-42.988379017E-03,-33.441268499E-03
+3.113975000E-03,+870.618552048E-03,-43.459484385E-03,-32.073806211E-03
+3.113980000E-03,+880.516479122E-03,-41.732097671E-03,-30.851444401E-03
+3.113985000E-03,+890.103476440E-03,-42.438755753E-03,-29.681846439E-03
+3.113990000E-03,+899.172257843E-03,-40.946921679E-03,-28.204459512E-03
+3.113995000E-03,+908.292860676E-03,-43.145414084E-03,-27.153580133E-03
+3.114000000E-03,+917.828036493E-03,-41.418027174E-03,-25.535489695E-03
+3.114005000E-03,+927.052282616E-03,-42.438755793E-03,-24.559359052E-03
+3.114010000E-03,+934.877345387E-03,-41.575062416E-03,-22.862122888E-03
+3.114015000E-03,+943.065159334E-03,-41.103956873E-03,-21.991519877E-03
+3.114020000E-03,+951.149330110E-03,-41.496544822E-03,-20.263504826E-03
+3.114025000E-03,+958.197068674E-03,-42.909861322E-03,-19.406092766E-03
+3.114030000E-03,+967.473136463E-03,-42.046167912E-03,-17.660489780E-03
+3.114035000E-03,+975.246377591E-03,-43.223931522E-03,-16.710741039E-03
+3.114040000E-03,+982.086829823E-03,-41.889132805E-03,-15.088253635E-03
+3.114045000E-03,+990.274643788E-03,-42.909861336E-03,-13.984610414E-03
+3.114050000E-03,+997.270560789E-03,-41.575062369E-03,-12.643530042E-03
+3.114055000E-03,+1.003903726561E+00,-42.438755854E-03,-11.218906928E-03
+3.114060000E-03,+1.010381427523E+00,-42.674308575E-03,-10.119660720E-03
+3.114065000E-03,+1.017325522832E+00,-42.517273448E-03,-8.580716004E-03
+3.114070000E-03,+1.023699580607E+00,-42.909861288E-03,-7.556218535E-03
+3.114075000E-03,+1.030177281502E+00,-42.281720666E-03,-5.946922058E-03
+3.114080000E-03,+1.035981301607E+00,-42.046167946E-03,-4.940012527E-03
+3.114085000E-03,+1.042459002494E+00,-41.732097550E-03,-3.343907016E-03
+3.114090000E-03,+1.048107557741E+00,-42.203203188E-03,-2.350188428E-03
+3.114095000E-03,+1.053082432051E+00,-43.302449196E-03,-859.610557E-06
+3.114100000E-03,+1.059560133045E+00,-42.360238185E-03,+349.560276E-06
+3.114105000E-03,+1.064949580183E+00,-42.438755895E-03,+1.686243687E-03
+3.114110000E-03,+1.071686389147E+00,+46.521664315E-03,+3.168027586E-03
+3.114115000E-03,+1.075521188118E+00,+2.372840720074E+00,+4.372801447E-03
+3.114120000E-03,+1.080185132810E+00,+2.552724532961E+00,+5.634736100E-03
+3.114125000E-03,+1.083760823745E+00,+2.552724532961E+00,+6.901067747E-03
+3.114130000E-03,+1.088942984489E+00,+2.552724532961E+00,+8.224560197E-03
+3.114135000E-03,+1.093192356284E+00,+2.552724532961E+00,+9.592022492E-03
+3.114140000E-03,+1.097597192875E+00,+2.552724532961E+00,+10.801193341E-03
+3.114145000E-03,+1.100965597380E+00,+2.552724532961E+00,+12.195037542E-03
+3.114150000E-03,+1.104644931498E+00,+2.552724532961E+00,+13.443781251E-03
+3.114155000E-03,+1.108168800875E+00,+2.552724532961E+00,+14.745288764E-03
+3.114160000E-03,+1.110811702897E+00,+2.552724532961E+00,+16.125942024E-03
+3.114165000E-03,+1.114180107375E+00,+2.552724532961E+00,+17.339509846E-03
+3.114170000E-03,+1.116615722881E+00,+2.552724532961E+00,+18.684987225E-03
+3.114175000E-03,+1.119621376151E+00,+2.552724532961E+00,+19.771042481E-03
+3.114180000E-03,+1.122005170078E+00,+2.552724532961E+00,+21.402323881E-03
+3.114185000E-03,+1.123093423844E+00,+2.552724532961E+00,+22.294911800E-03
+3.114190000E-03,+1.125839969031E+00,+2.552724532961E+00,+24.027323844E-03
+3.114195000E-03,+1.127446438859E+00,+2.552724532961E+00,+24.748429365E-03
+3.114200000E-03,+1.129778411187E+00,+2.552724532961E+00,+26.630338889E-03
+3.114205000E-03,+1.130607556934E+00,+2.552724532961E+00,+27.245916786E-03
+3.114210000E-03,+1.131903097107E+00,+2.552724532961E+00,+29.119032331E-03
+3.114215000E-03,+1.132991350846E+00,+2.552724532961E+00,+29.822549918E-03
+3.114220000E-03,+1.134131426229E+00,+2.552724532961E+00,+31.620916719E-03
+3.114225000E-03,+1.135893360906E+00,+2.552724532961E+00,+32.302449392E-03
+3.114230000E-03,+1.135893360865E+00,+2.552724532961E+00,+33.911745846E-03
+3.114235000E-03,+1.135841539335E+00,+2.552724532961E+00,+34.852700626E-03
+3.114240000E-03,+1.136463398589E+00,+2.552724532961E+00,+36.250941797E-03
+3.114245000E-03,+1.137085257810E+00,+2.552724532961E+00,+37.380966927E-03
+3.114250000E-03,+1.136722506672E+00,+2.552724532961E+00,+38.519786001E-03
+3.114255000E-03,+1.135686074531E+00,+2.552724532961E+00,+39.847675445E-03
+3.114260000E-03,+1.135841539294E+00,+2.552724532961E+00,+40.885363864E-03
+3.114265000E-03,+1.135271501649E+00,+2.552724532961E+00,+42.200062350E-03
+3.114270000E-03,+1.133613210131E+00,+2.552724532961E+00,+43.184986954E-03
+3.114275000E-03,+1.132214026793E+00,+2.552724532961E+00,+44.596419111E-03
+3.114280000E-03,+1.132006740372E+00,+2.552724532961E+00,+45.510991959E-03
+3.114285000E-03,+1.129985697644E+00,+2.552724532961E+00,+46.799308528E-03
+3.114290000E-03,+1.128793800718E+00,+2.552724532961E+00,+47.836996957E-03
+3.114295000E-03,+1.126150898750E+00,+2.552724532961E+00,+49.010991928E-03
+3.114300000E-03,+1.123715283221E+00,+2.552724532961E+00,+50.075062262E-03
+3.114305000E-03,+1.122627029390E+00,+2.552724532961E+00,+51.161117528E-03
+3.114310000E-03,+1.119569554604E+00,+2.552724532961E+00,+52.286745654E-03
+3.114315000E-03,+1.116512079739E+00,+2.552724532961E+00,+53.372800925E-03
+3.114320000E-03,+1.114024642538E+00,+2.552724532961E+00,+54.353328543E-03
+3.114325000E-03,+1.110552594906E+00,+2.552724532961E+00,+55.492147641E-03
+3.114330000E-03,+1.106873260802E+00,+2.552724532961E+00,+56.525439061E-03
+3.114335000E-03,+1.103556677891E+00,+2.552724532961E+00,+57.510363707E-03
+3.114340000E-03,+1.099410949297E+00,+2.552724532961E+00,+58.543655124E-03
+3.114345000E-03,+1.095627971973E+00,+2.552724532961E+00,+59.519785794E-03
+3.114350000E-03,+1.091326778515E+00,+2.552724532961E+00,+60.460740539E-03
+3.114355000E-03,+1.087491979603E+00,+2.552724532961E+00,+61.590765675E-03
+3.114360000E-03,+1.082931678163E+00,+2.552724532961E+00,+62.443780710E-03
+3.114365000E-03,+1.077075836494E+00,+2.552724532961E+00,+63.450690273E-03
+3.114370000E-03,+1.071893675695E+00,+2.552724532961E+00,+64.505966620E-03
+3.114375000E-03,+1.067229731025E+00,+2.552724532961E+00,+65.271042021E-03
+3.114380000E-03,+1.062617607955E+00,+2.552724532961E+00,+66.528579662E-03
+3.114385000E-03,+1.056813588009E+00,+2.552724532961E+00,+67.117775666E-03
+3.114390000E-03,+1.051527783971E+00,+2.552724532961E+00,+68.414886174E-03
+3.114395000E-03,+1.045412834330E+00,+2.552724532961E+00,+68.951318368E-03
+3.114400000E-03,+1.039712457507E+00,+2.552724532961E+00,+70.164886150E-03
+3.114405000E-03,+1.033234756627E+00,+2.552724532961E+00,+70.626569602E-03
+3.114410000E-03,+1.026446126005E+00,+2.552724532961E+00,+71.879710252E-03
+3.114415000E-03,+1.020227533069E+00,+2.552724532961E+00,+72.402951498E-03
+3.114420000E-03,+1.012765221666E+00,+2.552724532961E+00,+73.559358477E-03
+3.114425000E-03,+1.005769304618E+00,+2.552724532961E+00,+74.095790670E-03
+3.114430000E-03,+997.892420332E-03,+2.552724532961E+00,+75.089509209E-03
+3.114435000E-03,+990.741038466E-03,+2.552724532961E+00,+75.863378591E-03
+3.114440000E-03,+983.278726988E-03,+2.552724532961E+00,+76.628453931E-03
+3.114445000E-03,+975.868237113E-03,+2.552724532961E+00,+77.450690129E-03
+3.114450000E-03,+968.094995986E-03,+2.552724532961E+00,+78.154207678E-03
+3.114455000E-03,+960.218111606E-03,+2.552724532961E+00,+78.919283075E-03
+3.114460000E-03,+952.082119259E-03,+2.552724532961E+00,+79.592021744E-03
+3.114465000E-03,+944.049770127E-03,+2.552724532961E+00,+80.260363463E-03
+3.114470000E-03,+935.861956098E-03,+2.552724532961E+00,+80.959484041E-03
+3.114475000E-03,+927.674142148E-03,+2.552724532961E+00,+81.544283047E-03
+3.114480000E-03,+918.087144801E-03,+2.552724532961E+00,+82.287373481E-03
+3.114485000E-03,+909.588401154E-03,+2.552724532961E+00,+82.858981519E-03
+3.114490000E-03,+901.037835877E-03,+2.552724532961E+00,+83.628453865E-03
+3.114495000E-03,+890.621692763E-03,+2.552724532961E+00,+84.090137283E-03
+3.114500000E-03,+881.293803491E-03,+2.552724532961E+00,+84.881594550E-03
+3.114505000E-03,+872.017735728E-03,+2.552724532961E+00,+85.281720195E-03
+3.114510000E-03,+862.586203105E-03,+2.552724532961E+00,+85.901695040E-03
+3.114515000E-03,+851.651844015E-03,+2.552724532961E+00,+86.477700081E-03
+3.114520000E-03,+843.153100335E-03,+2.552724532961E+00,+86.956971410E-03
+3.114525000E-03,+831.855989951E-03,+2.552724532961E+00,+87.629710121E-03
+3.114530000E-03,+821.802598038E-03,+2.552724532961E+00,+88.034232705E-03
+3.114535000E-03,+810.246379649E-03,+2.552724532961E+00,+88.619031723E-03
+3.114540000E-03,+799.467485263E-03,+2.552724532961E+00,+88.935614610E-03
+3.114545000E-03,+789.310450154E-03,+2.552724532961E+00,+89.485237736E-03
+3.114550000E-03,+778.790663806E-03,+2.552724532961E+00,+89.863378423E-03
+3.114555000E-03,+767.752661483E-03,+2.552724532961E+00,+90.320664868E-03
+3.114560000E-03,+756.507372706E-03,+2.552724532961E+00,+90.826318107E-03
+3.114565000E-03,+745.210262132E-03,+2.552724532961E+00,+91.050564358E-03
+3.114570000E-03,+733.446757332E-03,+2.552724532961E+00,+91.639760303E-03
+3.114575000E-03,+723.393365490E-03,+2.552724532961E+00,+91.740890990E-03
+3.114580000E-03,+712.303541526E-03,+2.552724532961E+00,+92.404835667E-03
+3.114585000E-03,+700.540036575E-03,+2.552724532961E+00,+92.422423653E-03
+3.114590000E-03,+687.014597026E-03,+2.552724532961E+00,+92.923679879E-03
+3.114595000E-03,+674.940162534E-03,+2.552724532961E+00,+93.051192489E-03
+3.114600000E-03,+662.399333485E-03,+2.552724532961E+00,+93.424936165E-03
+3.114605000E-03,+651.154044689E-03,+2.552724532961E+00,+93.719534193E-03
+3.114610000E-03,+637.939534857E-03,+2.552724532961E+00,+93.930589424E-03
+3.114615000E-03,+625.916921854E-03,+2.552724532961E+00,+94.269157302E-03
+3.114620000E-03,+613.531557627E-03,+2.552724532961E+00,+94.348302986E-03
+3.114625000E-03,+601.508944719E-03,+2.552724532961E+00,+94.726443724E-03
+3.114630000E-03,+589.227223707E-03,+2.552724532961E+00,+94.612122081E-03
+3.114635000E-03,+576.582751409E-03,+2.552724532961E+00,+95.060614578E-03
+3.114640000E-03,+563.057311965E-03,+2.552724532961E+00,+94.849559267E-03
+3.114645000E-03,+548.599083434E-03,+2.552724532961E+00,+95.364006526E-03
+3.114650000E-03,+536.317362484E-03,+2.552724532961E+00,+95.130966302E-03
+3.114655000E-03,+522.843744552E-03,+2.552724532961E+00,+95.553076876E-03
+3.114660000E-03,+508.489159236E-03,+2.552724532961E+00,+95.298051731E-03
+3.114665000E-03,+495.067362940E-03,+2.552724532961E+00,+95.632222603E-03
+3.114670000E-03,+481.541923454E-03,+2.552724532961E+00,+95.473931126E-03
+3.114675000E-03,+468.482878215E-03,+2.552724532961E+00,+95.654207530E-03
+3.114680000E-03,+454.076471415E-03,+2.552724532961E+00,+95.381594448E-03
+3.114685000E-03,+439.670064534E-03,+2.552724532961E+00,+95.746544203E-03
+3.114690000E-03,+425.989160082E-03,+2.552724532961E+00,+95.390388410E-03
+3.114695000E-03,+412.360077376E-03,+2.552724532961E+00,+95.684986423E-03
+3.114700000E-03,+397.539097659E-03,+2.552724532961E+00,+95.337624597E-03
+3.114705000E-03,+382.821761215E-03,+2.552724532961E+00,+95.482725115E-03
+3.114710000E-03,+368.415354272E-03,+2.552724532961E+00,+95.170539180E-03
+3.114715000E-03,+354.423520179E-03,+2.552724532961E+00,+95.346418582E-03
+3.114720000E-03,+338.566108298E-03,+2.552724532961E+00,+94.963880888E-03
+3.114725000E-03,+325.714349670E-03,+2.552724532961E+00,+94.959483913E-03
+3.114730000E-03,+310.375153845E-03,+2.552724532961E+00,+94.634107022E-03
+3.114735000E-03,+295.916925386E-03,+2.552724532961E+00,+94.484609554E-03
+3.114740000E-03,+281.665983323E-03,+2.552724532961E+00,+94.299936173E-03
+3.114745000E-03,+266.741360362E-03,+2.552724532961E+00,+94.137247746E-03
+3.114750000E-03,+252.283131811E-03,+2.552724532961E+00,+93.921795470E-03
+3.114755000E-03,+237.254865670E-03,+2.552724532961E+00,+93.657976393E-03
+3.114760000E-03,+221.967491558E-03,+2.552724532961E+00,+93.407348238E-03
+3.114765000E-03,+206.991046894E-03,+2.552724532961E+00,+93.156720121E-03
+3.114770000E-03,+192.273710426E-03,+2.552724532961E+00,+92.844534173E-03
+3.114775000E-03,+176.830871362E-03,+2.552724532961E+00,+92.563127165E-03
+3.114780000E-03,+161.128924318E-03,+2.552724532961E+00,+92.110237696E-03
+3.114785000E-03,+145.789728512E-03,+2.552724532961E+00,+91.934358327E-03
+3.114790000E-03,+130.243246276E-03,+2.552724532961E+00,+91.345162337E-03
+3.114795000E-03,+115.111336799E-03,+2.552724532961E+00,+91.116519139E-03
+3.114800000E-03,+99.875784348E-03,+2.552724532961E+00,+90.522926160E-03
+3.114805000E-03,+84.173837242E-03,+2.552724532961E+00,+90.325061859E-03
+3.114810000E-03,+69.974716742E-03,+2.552724532961E+00,+89.722674916E-03
+3.114815000E-03,+54.169126479E-03,+2.552724532961E+00,+89.494031708E-03
+3.114820000E-03,+38.519001014E-03,+2.552724532961E+00,+88.781720159E-03
+3.114825000E-03,+24.060772496E-03,+2.552724532961E+00,+88.447549315E-03
+3.114830000E-03,+9.343435946E-03,+2.552724532961E+00,+87.858353337E-03
+3.114835000E-03,-5.892116606E-03,+2.552724532961E+00,+87.418654845E-03
+3.114840000E-03,-20.557631573E-03,+2.552724532961E+00,+86.833855855E-03
+3.114845000E-03,-35.637719273E-03,+2.552724532961E+00,+86.345790550E-03
+3.114850000E-03,-50.769628653E-03,+2.552724532961E+00,+85.668654865E-03
+3.114855000E-03,-66.471575726E-03,+2.552724532961E+00,+85.193780512E-03
+3.114860000E-03,-80.463409815E-03,+2.552724532961E+00,+84.565011655E-03
+3.114865000E-03,-95.802605611E-03,+2.552724532961E+00,+84.072549371E-03
+3.114870000E-03,-110.830871811E-03,+2.552724532961E+00,+83.223931280E-03
+3.114875000E-03,-127.983823791E-03,+2.552724532961E+00,+82.898554403E-03
+3.114880000E-03,-142.908446771E-03,+2.552724532961E+00,+81.878453896E-03
+3.114885000E-03,-158.143999450E-03,+2.552724532961E+00,+81.649810706E-03
+3.114890000E-03,-172.654049467E-03,+2.552724532961E+00,+80.563755416E-03
+3.114895000E-03,-187.164099573E-03,+2.552724532961E+00,+80.295539358E-03
+3.114900000E-03,-202.088722509E-03,+2.552724532961E+00,+79.196293122E-03
+3.114905000E-03,-217.427918290E-03,+2.552724532961E+00,+78.862122295E-03
+3.114910000E-03,-232.767114169E-03,+2.552724532961E+00,+77.701318273E-03
+3.114915000E-03,-248.831812431E-03,+2.552724532961E+00,+77.283604719E-03
+3.114920000E-03,-263.652792255E-03,+2.552724532961E+00,+76.245916271E-03
+3.114925000E-03,-278.681058396E-03,+2.552724532961E+00,+75.722675090E-03
+3.114930000E-03,-293.450216470E-03,+2.552724532961E+00,+74.684986650E-03
+3.114935000E-03,-307.856623454E-03,+2.552724532961E+00,+74.126569577E-03
+3.114940000E-03,-323.454927327E-03,+2.552724532961E+00,+73.088881133E-03
+3.114945000E-03,-338.120442107E-03,+2.552724532961E+00,+72.350187689E-03
+3.114950000E-03,-352.785957143E-03,+2.552724532961E+00,+71.369660049E-03
+3.114955000E-03,-366.622326337E-03,+2.552724532961E+00,+70.661745491E-03
+3.114960000E-03,-382.220630210E-03,+2.552724532961E+00,+69.553705291E-03
+3.114965000E-03,-396.108820961E-03,+2.552724532961E+00,+68.832599787E-03
+3.114970000E-03,-410.463406289E-03,+2.552724532961E+00,+67.777323403E-03
+3.114975000E-03,-426.217174861E-03,+2.552724532961E+00,+67.051820910E-03
+3.114980000E-03,-440.416295425E-03,+2.552724532961E+00,+65.904207850E-03
+3.114985000E-03,-454.149021384E-03,+2.552724532961E+00,+65.196293290E-03
+3.114990000E-03,-467.985390627E-03,+2.552724532961E+00,+64.009107368E-03
+3.114995000E-03,-482.184510984E-03,+2.552724532961E+00,+63.318780740E-03
