x-axis,1,2,3
second,Volt,Volt,Volt
+3.105000000E-03,+16.287531188E-03,-41.418027194E-03,-96.212624598E-03
+3.105005000E-03,+32.248586293E-03,-40.475816150E-03,-95.557473851E-03
+3.105010000E-03,+46.654993174E-03,-41.496544782E-03,-95.201318076E-03
+3.105015000E-03,+62.771513102E-03,-40.789886498E-03,-94.515388435E-03
+3.105020000E-03,+77.851600880E-03,-39.298052343E-03,-94.022926129E-03
+3.105025000E-03,+93.242618303E-03,-40.946921672E-03,-93.402951261E-03
+3.105030000E-03,+109.670067876E-03,-42.046167891E-03,-92.862122121E-03
+3.105035000E-03,+124.335582794E-03,-40.554333736E-03,-92.061870873E-03
+3.105040000E-03,+139.726600217E-03,-42.909861350E-03,-91.626569370E-03
+3.105045000E-03,+155.687655322E-03,-42.988378936E-03,-90.795539229E-03
+3.105050000E-03,+170.612278278E-03,-41.025439259E-03,-90.391016620E-03
+3.105055000E-03,+185.433258018E-03,-41.967650304E-03,-89.502825675E-03
+3.105060000E-03,+200.824275442E-03,-41.025439259E-03,-88.922423671E-03
+3.105065000E-03,+214.557001425E-03,-40.789886498E-03,-88.157348302E-03
+3.105070000E-03,+231.709953503E-03,-41.418027194E-03,-87.524182480E-03
+3.105075000E-03,+246.427290028E-03,-39.926193040E-03,-86.750313141E-03
+3.105080000E-03,+261.611021022E-03,-41.653579956E-03,-86.121544304E-03
+3.105085000E-03,+276.639287192E-03,-42.360238239E-03,-85.264132253E-03
+3.105090000E-03,+293.429488016E-03,-41.339509608E-03,-84.604584521E-03
+3.105095000E-03,+308.302289366E-03,-41.653579954E-03,-83.707599606E-03
+3.105100000E-03,+323.952414825E-03,-40.789886499E-03,-82.924936298E-03
+3.105105000E-03,+338.099713668E-03,-40.397298564E-03,-82.181845854E-03
+3.105110000E-03,+353.335266270E-03,-42.203203066E-03,-81.192524256E-03
+3.105115000E-03,+368.000781188E-03,-41.889132717E-03,-80.480212706E-03
+3.105120000E-03,+382.614474498E-03,-41.496544782E-03,-79.539257942E-03
+3.105125000E-03,+397.383632632E-03,-39.847675453E-03,-78.681845891E-03
+3.105130000E-03,+412.463720408E-03,-40.397298562E-03,-77.740891127E-03
+3.105135000E-03,+428.010202655E-03,-41.260992019E-03,-76.909860985E-03
+3.105140000E-03,+441.380177385E-03,-41.418027193E-03,-75.779835872E-03
+3.105145000E-03,+455.216546585E-03,-41.103956847E-03,-75.133479095E-03
+3.105150000E-03,+469.726596681E-03,-41.810615130E-03,-73.889132375E-03
+3.105155000E-03,+483.614787486E-03,-41.103956847E-03,-73.348303235E-03
+3.105160000E-03,+496.932940610E-03,-40.004710628E-03,-71.998428877E-03
+3.105165000E-03,+511.287525883E-03,-40.868404085E-03,-71.435614813E-03
+3.105170000E-03,+524.398392576E-03,-41.182474432E-03,-70.072549501E-03
+3.105175000E-03,+538.960264280E-03,-41.732097544E-03,-69.588881164E-03
+3.105180000E-03,+552.382060618E-03,-41.103956845E-03,-68.058730427E-03
+3.105185000E-03,+566.114786602E-03,-41.182474433E-03,-67.526695257E-03
+3.105190000E-03,+579.432939728E-03,-41.967650303E-03,-65.992147535E-03
+3.105195000E-03,+592.958379278E-03,-40.318780975E-03,-65.490891259E-03
+3.105200000E-03,+607.053856516E-03,-42.281720653E-03,-63.947549567E-03
+3.105205000E-03,+619.905615172E-03,-41.025439259E-03,-63.191268168E-03
+3.105210000E-03,+632.550087397E-03,-42.595791001E-03,-61.876569690E-03
+3.105215000E-03,+645.712775699E-03,-42.203203063E-03,-61.005966683E-03
+3.105220000E-03,+658.046318280E-03,-41.810615131E-03,-59.814383782E-03
+3.105225000E-03,+670.172574432E-03,-42.517273413E-03,-58.851444093E-03
+3.105230000E-03,+682.506117015E-03,-41.889132717E-03,-57.739006920E-03
+3.105235000E-03,+694.476908342E-03,-42.988378934E-03,-56.692524519E-03
+3.105240000E-03,+707.846883073E-03,-41.025439261E-03,-55.663630058E-03
+3.105245000E-03,+719.092171900E-03,-40.868404083E-03,-54.278579821E-03
+3.105250000E-03,+730.648390369E-03,-41.339509607E-03,-53.284861239E-03
+3.105255000E-03,+743.603792239E-03,-42.438755824E-03,-51.961368790E-03
+3.105260000E-03,+755.833691605E-03,-40.868404086E-03,-50.848931617E-03
+3.105265000E-03,+768.478163833E-03,-41.025439257E-03,-49.683730624E-03
+3.105270000E-03,+779.619809438E-03,-41.732097542E-03,-48.364635161E-03
+3.105275000E-03,+790.139595759E-03,-41.182474433E-03,-47.406092458E-03
+3.105280000E-03,+801.281241371E-03,-42.046167891E-03,-46.117775888E-03
+3.105285000E-03,+812.215600550E-03,-41.339509609E-03,-45.062499518E-03
+3.105290000E-03,+822.631743653E-03,-41.732097542E-03,-43.620288478E-03
+3.105295000E-03,+834.084318908E-03,-42.281720656E-03,-42.723303563E-03
+3.105300000E-03,+844.655926834E-03,-42.046167893E-03,-41.162373932E-03
+3.105305000E-03,+854.864783509E-03,-41.496544783E-03,-40.379710623E-03
+3.105310000E-03,+866.006429118E-03,-41.339509608E-03,-38.594534764E-03
+3.105315000E-03,+875.852534539E-03,-41.732097544E-03,-37.772298591E-03
+3.105320000E-03,+886.372320861E-03,-41.339509606E-03,-36.237750869E-03
+3.105325000E-03,+896.788463966E-03,-43.066896524E-03,-35.226444346E-03
+3.105330000E-03,+905.598137236E-03,-43.538002047E-03,-33.815012202E-03
+3.105335000E-03,+916.273388380E-03,-42.360238238E-03,-32.689384072E-03
+3.105340000E-03,+925.083061652E-03,-43.616519634E-03,-31.247173033E-03
+3.105345000E-03,+934.980988682E-03,-41.260992020E-03,-30.099559979E-03
+3.105350000E-03,+943.376089097E-03,-40.868404085E-03,-28.701318789E-03
+3.105355000E-03,+952.237583974E-03,-40.868404085E-03,-27.527323826E-03
+3.105360000E-03,+960.632684387E-03,-41.496544785E-03,-26.137876606E-03
+3.105365000E-03,+969.390536051E-03,-41.967650304E-03,-24.840766066E-03
+3.105370000E-03,+978.459317360E-03,-41.732097542E-03,-23.543655528E-03
+3.105375000E-03,+986.336201700E-03,-41.418027193E-03,-22.299308807E-03
+3.105380000E-03,+994.886766934E-03,-40.554333734E-03,-20.874685707E-03
+3.105385000E-03,+1.001882683945E+00,-42.438755820E-03,-19.696293760E-03
+3.105390000E-03,+1.010640535609E+00,-41.653579955E-03,-18.236494781E-03
+3.105395000E-03,+1.017999203869E+00,-40.554333736E-03,-17.093278712E-03
+3.105400000E-03,+1.024736012845E+00,-43.616519635E-03,-15.730213400E-03
+3.105405000E-03,+1.033442042905E+00,-41.889132714E-03,-14.424308891E-03
+3.105410000E-03,+1.040334316698E+00,-41.967650304E-03,-13.153580263E-03
+3.105415000E-03,+1.046604731208E+00,-43.302449287E-03,-11.786117965E-03
+3.105420000E-03,+1.052926967318E+00,-40.475816156E-03,-10.550565215E-03
+3.105425000E-03,+1.060078349150E+00,-41.810615132E-03,-9.200690857E-03
+3.105430000E-03,+1.067022444552E+00,-43.302449280E-03,-7.934359213E-03
+3.105435000E-03,+1.072360070124E+00,-41.653579953E-03,-6.500942142E-03
+3.105440000E-03,+1.078526841419E+00,-42.281720653E-03,-5.287374316E-03
+3.105445000E-03,+1.084486326277E+00,-42.124685481E-03,-3.836369306E-03
+3.105450000E-03,+1.089979416672E+00,-42.595791001E-03,-2.759108012E-03
+3.105455000E-03,+1.095472507064E+00,-41.732097546E-03,-1.431218578E-03
+3.105460000E-03,+1.100913775850E+00,-41.025439263E-03,-72.550251E-06
+3.105465000E-03,+1.105422255702E+00,-42.674308586E-03,+1.105841696E-03
+3.105470000E-03,+1.111433562170E+00,-36.628454390E-03,+2.627198463E-03
+3.105475000E-03,+1.114076464154E+00,+1.473264743120E+00,+3.774811517E-03
+3.105480000E-03,+1.118584944001E+00,+2.552724532961E+00,+5.045540146E-03
+3.105485000E-03,+1.121849705276E+00,+2.552724532961E+00,+6.342650685E-03
+3.105490000E-03,+1.125684504233E+00,+2.552724532961E+00,+7.828831573E-03
+3.105495000E-03,+1.130244805689E+00,+2.552724532961E+00,+8.936871763E-03
+3.105500000E-03,+1.133250458922E+00,+2.552724532961E+00,+10.361494863E-03
+3.105505000E-03,+1.136463398585E+00,+2.552724532961E+00,+11.636620478E-03
+3.105510000E-03,+1.139883624682E+00,+2.552724532961E+00,+12.854585288E-03
+3.105515000E-03,+1.142163775413E+00,+2.552724532961E+00,+14.279208389E-03
+3.105520000E-03,+1.145739466325E+00,+2.552724532961E+00,+15.418027472E-03
+3.105525000E-03,+1.149004227597E+00,+2.552724532961E+00,+16.961369164E-03
+3.105530000E-03,+1.151698951188E+00,+2.552724532961E+00,+17.875942018E-03
+3.105535000E-03,+1.153875458702E+00,+2.552724532961E+00,+19.441268635E-03
+3.105540000E-03,+1.156518360680E+00,+2.552724532961E+00,+20.496545005E-03
+3.105545000E-03,+1.157865722478E+00,+2.552724532961E+00,+22.039886698E-03
+3.105550000E-03,+1.159938586782E+00,+2.552724532961E+00,+23.033605279E-03
+3.105555000E-03,+1.161234126964E+00,+2.552724532961E+00,+24.541771093E-03
+3.105560000E-03,+1.162477845545E+00,+2.552724532961E+00,+25.636620327E-03
+3.105565000E-03,+1.163669742516E+00,+2.552724532961E+00,+27.087625337E-03
+3.105570000E-03,+1.163773385731E+00,+2.552724532961E+00,+28.222047434E-03
+3.105575000E-03,+1.165172569137E+00,+2.552724532961E+00,+29.541142900E-03
+3.105580000E-03,+1.165120747527E+00,+2.552724532961E+00,+30.679961981E-03
+3.105585000E-03,+1.165328033960E+00,+2.552724532961E+00,+31.959484582E-03
+3.105590000E-03,+1.166416287717E+00,+2.552724532961E+00,+33.129082558E-03
+3.105595000E-03,+1.164550709846E+00,+2.552724532961E+00,+34.549308674E-03
+3.105600000E-03,+1.165172569136E+00,+2.552724532961E+00,+35.428705649E-03
+3.105605000E-03,+1.164447066635E+00,+2.552724532961E+00,+37.042399101E-03
+3.105610000E-03,+1.163151526444E+00,+2.552724532961E+00,+37.785489543E-03
+3.105615000E-03,+1.162581488765E+00,+2.552724532961E+00,+39.465137768E-03
+3.105620000E-03,+1.161545056611E+00,+2.552724532961E+00,+40.247801074E-03
+3.105625000E-03,+1.159472192312E+00,+2.552724532961E+00,+41.764760859E-03
+3.105630000E-03,+1.157762079267E+00,+2.552724532961E+00,+42.622172909E-03
+3.105635000E-03,+1.156622003900E+00,+2.552724532961E+00,+44.059986964E-03
+3.105640000E-03,+1.153927280315E+00,+2.552724532961E+00,+44.961368864E-03
+3.105645000E-03,+1.151491664764E+00,+2.552724532961E+00,+46.324434176E-03
+3.105650000E-03,+1.149107870815E+00,+2.552724532961E+00,+47.388504516E-03
+3.105655000E-03,+1.145946752762E+00,+2.552724532961E+00,+48.461368827E-03
+3.105660000E-03,+1.144495747749E+00,+2.552724532961E+00,+49.591393939E-03
+3.105665000E-03,+1.141179164873E+00,+2.552724532961E+00,+50.615891418E-03
+3.105670000E-03,+1.138121690036E+00,+2.552724532961E+00,+51.789886378E-03
+3.105675000E-03,+1.134856928760E+00,+2.552724532961E+00,+52.840765766E-03
+3.105680000E-03,+1.131022129805E+00,+2.552724532961E+00,+53.834484346E-03
+3.105685000E-03,+1.127135509249E+00,+2.552724532961E+00,+55.114006947E-03
+3.105690000E-03,+1.122730672610E+00,+2.552724532961E+00,+55.795539601E-03
+3.105695000E-03,+1.119414089729E+00,+2.552724532961E+00,+57.127826021E-03
+3.105700000E-03,+1.114387393806E+00,+2.552724532961E+00,+57.813755660E-03
+3.105705000E-03,+1.109878913954E+00,+2.552724532961E+00,+59.229584793E-03
+3.105710000E-03,+1.105888650180E+00,+2.552724532961E+00,+59.744032022E-03
+3.105715000E-03,+1.099721878889E+00,+2.552724532961E+00,+61.217021957E-03
+3.105720000E-03,+1.095887079928E+00,+2.552724532961E+00,+61.727072202E-03
+3.105725000E-03,+1.089979416681E+00,+2.552724532961E+00,+63.305589774E-03
+3.105730000E-03,+1.084279039857E+00,+2.552724532961E+00,+63.718906351E-03
+3.105735000E-03,+1.078008625354E+00,+2.552724532961E+00,+65.156720407E-03
+3.105740000E-03,+1.073241037465E+00,+2.552724532961E+00,+65.732725426E-03
+3.105745000E-03,+1.066763336527E+00,+2.552724532961E+00,+66.981469132E-03
+3.105750000E-03,+1.061477532568E+00,+2.552724532961E+00,+67.575062089E-03
+3.105755000E-03,+1.053497005012E+00,+2.552724532961E+00,+68.894157553E-03
+3.105760000E-03,+1.048107557832E+00,+2.552724532961E+00,+69.294283176E-03
+3.105765000E-03,+1.041837143330E+00,+2.552724532961E+00,+70.736494217E-03
+3.105770000E-03,+1.034271188637E+00,+2.552724532961E+00,+71.017901248E-03
+3.105775000E-03,+1.027793487700E+00,+2.552724532961E+00,+72.416142440E-03
+3.105780000E-03,+1.020227533006E+00,+2.552724532961E+00,+72.710740426E-03
+3.105785000E-03,+1.011780610992E+00,+2.552724532961E+00,+74.078202723E-03
+3.105790000E-03,+1.004111013079E+00,+2.552724532961E+00,+74.368403725E-03
+3.105795000E-03,+995.664091062E-03,+2.552724532961E+00,+75.656720294E-03
+3.105800000E-03,+987.735385112E-03,+2.552724532961E+00,+75.955715266E-03
+3.105805000E-03,+979.029355062E-03,+2.552724532961E+00,+77.230840880E-03
+3.105810000E-03,+970.167860179E-03,+2.552724532961E+00,+77.538629823E-03
+3.105815000E-03,+961.928224586E-03,+2.552724532961E+00,+78.637876041E-03
+3.105820000E-03,+952.444870415E-03,+2.552724532961E+00,+79.117147393E-03
+3.105825000E-03,+942.702408213E-03,+2.552724532961E+00,+80.018529293E-03
+3.105830000E-03,+933.944556552E-03,+2.552724532961E+00,+80.471418735E-03
+3.105835000E-03,+924.098451123E-03,+2.552724532961E+00,+81.359609680E-03
+3.105840000E-03,+914.252345704E-03,+2.552724532961E+00,+81.799308168E-03
+3.105845000E-03,+904.302597070E-03,+2.552724532961E+00,+82.713881023E-03
+3.105850000E-03,+894.560134860E-03,+2.552724532961E+00,+83.008479009E-03
+3.105855000E-03,+883.936705329E-03,+2.552724532961E+00,+83.971418698E-03
+3.105860000E-03,+873.831491868E-03,+2.552724532961E+00,+84.195664926E-03
+3.105865000E-03,+863.311705551E-03,+2.552724532961E+00,+85.184986524E-03
+3.105870000E-03,+854.294745841E-03,+2.552724532961E+00,+85.396041798E-03
+3.105875000E-03,+843.360386666E-03,+2.552724532961E+00,+86.323805607E-03
+3.105880000E-03,+833.203351598E-03,+2.552724532961E+00,+86.482097064E-03
+3.105885000E-03,+822.424457245E-03,+2.552724532961E+00,+87.445036751E-03
+3.105890000E-03,+810.609130734E-03,+2.552724532961E+00,+87.563755343E-03
+3.105895000E-03,+799.363841916E-03,+2.552724532961E+00,+88.276066893E-03
+3.105900000E-03,+787.859445050E-03,+2.552724532961E+00,+88.636619653E-03
+3.105905000E-03,+776.562334623E-03,+2.552724532961E+00,+89.177448793E-03
+3.105910000E-03,+766.819872404E-03,+2.552724532961E+00,+89.705086978E-03
+3.105915000E-03,+754.952724300E-03,+2.552724532961E+00,+90.056845768E-03
+3.105920000E-03,+743.603792260E-03,+2.552724532961E+00,+90.505338227E-03
+3.105925000E-03,+731.218428068E-03,+2.552724532961E+00,+90.883478926E-03
+3.105930000E-03,+719.454923173E-03,+2.552724532961E+00,+91.380338217E-03
+3.105935000E-03,+708.313277563E-03,+2.552724532961E+00,+91.644157310E-03
+3.105940000E-03,+696.601594265E-03,+2.552724532961E+00,+92.075061828E-03
+3.105945000E-03,+684.060765255E-03,+2.552724532961E+00,+92.242147253E-03
+3.105950000E-03,+671.364471426E-03,+2.552724532961E+00,+92.739006544E-03
+3.105955000E-03,+658.719999195E-03,+2.552724532961E+00,+93.002825637E-03
+3.105960000E-03,+645.868240540E-03,+2.552724532961E+00,+93.183102017E-03
+3.105965000E-03,+633.016481892E-03,+2.552724532961E+00,+93.754710050E-03
+3.105970000E-03,+620.009258414E-03,+2.552724532961E+00,+93.723931157E-03
+3.105975000E-03,+607.831180646E-03,+2.552724532961E+00,+94.168026629E-03
+3.105980000E-03,+594.046633063E-03,+2.552724532961E+00,+94.255966327E-03
+3.105985000E-03,+581.246696020E-03,+2.552724532961E+00,+94.581343207E-03
+3.105990000E-03,+568.913153429E-03,+2.552724532961E+00,+94.612122102E-03
+3.105995000E-03,+554.247638509E-03,+2.552724532961E+00,+94.849559285E-03
+3.106000000E-03,+540.100339671E-03,+2.552724532961E+00,+94.928705014E-03
+3.106005000E-03,+526.523078512E-03,+2.552724532961E+00,+95.157348226E-03
+3.106010000E-03,+511.961206806E-03,+2.552724532961E+00,+95.161745212E-03
+3.106015000E-03,+498.124837605E-03,+2.552724532961E+00,+95.337624607E-03
+3.106020000E-03,+484.184825192E-03,+2.552724532961E+00,+95.320036668E-03
+3.106025000E-03,+469.208380635E-03,+2.552724532961E+00,+95.482725108E-03
+3.106030000E-03,+456.097513933E-03,+2.552724532961E+00,+95.482725108E-03
+3.106035000E-03,+441.017426165E-03,+2.552724532961E+00,+95.680589427E-03
+3.106040000E-03,+427.181056960E-03,+2.552724532961E+00,+95.434358275E-03
+3.106045000E-03,+411.582753120E-03,+2.552724532961E+00,+95.728956261E-03
+3.106050000E-03,+397.798205522E-03,+2.552724532961E+00,+95.368403501E-03
+3.106055000E-03,+382.769939339E-03,+2.552724532961E+00,+95.728956262E-03
+3.106060000E-03,+367.741673172E-03,+2.552724532961E+00,+95.306845712E-03
+3.106065000E-03,+352.143369319E-03,+2.552724532961E+00,+95.601443700E-03
+3.106070000E-03,+337.685140833E-03,+2.552724532961E+00,+95.038629635E-03
+3.106075000E-03,+323.693306812E-03,+2.552724532961E+00,+95.473931138E-03
+3.106080000E-03,+308.665040648E-03,+2.552724532961E+00,+94.788001497E-03
+3.106085000E-03,+293.895882515E-03,+2.552724532961E+00,+95.183730136E-03
+3.106090000E-03,+279.437654024E-03,+2.552724532961E+00,+94.620916071E-03
+3.106095000E-03,+264.875782320E-03,+2.552724532961E+00,+94.827574362E-03
+3.106100000E-03,+249.899337762E-03,+2.552724532961E+00,+94.374684918E-03
+3.106105000E-03,+233.990104254E-03,+2.552724532961E+00,+94.379081904E-03
+3.106110000E-03,+219.894627024E-03,+2.552724532961E+00,+93.952574371E-03
+3.106115000E-03,+204.244501562E-03,+2.552724532961E+00,+93.807473870E-03
+3.106120000E-03,+189.164413779E-03,+2.552724532961E+00,+93.543654777E-03
+3.106125000E-03,+173.203358688E-03,+2.552724532961E+00,+93.310614579E-03
+3.106130000E-03,+158.641486974E-03,+2.552724532961E+00,+93.024810562E-03
+3.106135000E-03,+142.524967052E-03,+2.552724532961E+00,+92.624684938E-03
+3.106140000E-03,+125.838409443E-03,+2.552724532961E+00,+92.611493983E-03
+3.106145000E-03,+110.861964873E-03,+2.552724532961E+00,+91.833227661E-03
+3.106150000E-03,+95.937341922E-03,+2.552724532961E+00,+91.947549267E-03
+3.106155000E-03,+80.339038071E-03,+2.552724532961E+00,+91.107725155E-03
+3.106160000E-03,+64.118874926E-03,+2.552724532961E+00,+91.160488974E-03
+3.106165000E-03,+48.831500709E-03,+2.552724532961E+00,+90.333855817E-03
+3.106170000E-03,+32.766802400E-03,+2.552724532961E+00,+90.421795515E-03
+3.106175000E-03,+17.531249803E-03,+2.552724532961E+00,+89.362122159E-03
+3.106180000E-03,+3.280307732E-03,+2.552724532961E+00,+89.573177433E-03
+3.106185000E-03,-12.421639333E-03,+2.552724532961E+00,+88.333227698E-03
+3.106190000E-03,-28.227229618E-03,+2.552724532961E+00,+88.575061865E-03
+3.106195000E-03,-42.581814890E-03,+2.552724532961E+00,+87.418654843E-03
+3.106200000E-03,-58.128297129E-03,+2.552724532961E+00,+87.550564390E-03
+3.106205000E-03,-74.400281879E-03,+2.552724532961E+00,+86.424936261E-03
+3.106210000E-03,-89.946764119E-03,+2.552724532961E+00,+86.380966412E-03
+3.106215000E-03,-104.767743870E-03,+2.552724532961E+00,+85.233353360E-03
+3.106220000E-03,-121.661587906E-03,+2.552724532961E+00,+85.215765420E-03
+3.106225000E-03,-137.570821406E-03,+2.552724532961E+00,+84.107725231E-03
+3.106230000E-03,-152.910017234E-03,+2.552724532961E+00,+83.993403624E-03
+3.106235000E-03,-167.886461787E-03,+2.552724532961E+00,+83.048051875E-03
+3.106240000E-03,-184.002981705E-03,+2.552724532961E+00,+82.630338313E-03
+3.106245000E-03,-199.704928786E-03,+2.552724532961E+00,+81.874056913E-03
+3.106250000E-03,-214.785016552E-03,+2.552724532961E+00,+81.218906167E-03
+3.106255000E-03,-230.020569155E-03,+2.552724532961E+00,+80.563755420E-03
+3.106260000E-03,-245.929802655E-03,+2.552724532961E+00,+79.803077036E-03
+3.106265000E-03,-261.528106510E-03,+2.552724532961E+00,+79.178705183E-03
+3.106270000E-03,-276.711837503E-03,+2.552724532961E+00,+78.466393634E-03
+3.106275000E-03,-291.377352430E-03,+2.552724532961E+00,+77.639760476E-03
+3.106280000E-03,-307.079299492E-03,+2.552724532961E+00,+76.967021791E-03
+3.106285000E-03,-321.952100841E-03,+2.552724532961E+00,+76.153579587E-03
+3.106290000E-03,-337.135831833E-03,+2.552724532961E+00,+75.357725326E-03
+3.106295000E-03,-350.091233706E-03,+2.552724532961E+00,+74.456343425E-03
+3.106300000E-03,-365.896824001E-03,+2.552724532961E+00,+73.919911271E-03
+3.106305000E-03,-380.873268556E-03,+2.552724532961E+00,+72.737122339E-03
+3.106310000E-03,-396.005177942E-03,+2.552724532961E+00,+72.336996714E-03
+3.106315000E-03,-410.567049640E-03,+2.552724532961E+00,+71.017901251E-03
+3.106320000E-03,-425.077099740E-03,+2.552724532961E+00,+70.657348490E-03
+3.106325000E-03,-440.468117166E-03,+2.552724532961E+00,+69.219534437E-03
+3.106330000E-03,-455.496383315E-03,+2.552724532961E+00,+68.806217857E-03
+3.106335000E-03,-468.659071628E-03,+2.552724532961E+00,+67.350815865E-03
+3.106340000E-03,-483.739159417E-03,+2.552724532961E+00,+66.999057071E-03
+3.106345000E-03,-497.523706993E-03,+2.552724532961E+00,+65.482097291E-03
+3.106350000E-03,-512.862902809E-03,+2.552724532961E+00,+64.989634984E-03
+3.106355000E-03,-526.958380049E-03,+2.552724532961E+00,+63.692524445E-03
+3.106360000E-03,-539.965603532E-03,+2.552724532961E+00,+63.006594804E-03
+3.106365000E-03,-553.076470231E-03,+2.552724532961E+00,+61.823805873E-03
+3.106370000E-03,-567.741985134E-03,+2.552724532961E+00,+60.979584776E-03
+3.106375000E-03,-581.215603085E-03,+2.552724532961E+00,+59.809986799E-03
+3.106380000E-03,-594.741042642E-03,+2.552724532961E+00,+59.053705399E-03
+3.106385000E-03,-607.955552550E-03,+2.552724532961E+00,+57.875313452E-03
+3.106390000E-03,-620.859132813E-03,+2.552724532961E+00,+56.991519492E-03
+3.106395000E-03,-634.280929150E-03,+2.552724532961E+00,+55.729584832E-03
+3.106400000E-03,-647.858190310E-03,+2.552724532961E+00,+54.850187857E-03
+3.106405000E-03,-660.658127364E-03,+2.552724532961E+00,+53.808102440E-03
+3.106410000E-03,-673.095313161E-03,+2.552724532961E+00,+52.788001950E-03
+3.106415000E-03,-685.325212536E-03,+2.552724532961E+00,+51.666770804E-03
+3.106420000E-03,-698.539722435E-03,+2.552724532961E+00,+50.655464283E-03
+3.106425000E-03,-710.355048947E-03,+2.552724532961E+00,+49.481469320E-03
+3.106430000E-03,-723.465915637E-03,+2.552724532961E+00,+48.426192952E-03
+3.106435000E-03,-736.421317508E-03,+2.552724532961E+00,+47.221419094E-03
+3.106440000E-03,-748.081179188E-03,+2.552724532961E+00,+46.144157800E-03
+3.106445000E-03,-760.673829816E-03,+2.552724532961E+00,+44.996544746E-03
+3.106450000E-03,-771.141794523E-03,+2.552724532961E+00,+43.813755815E-03
+3.106455000E-03,-784.149017993E-03,+2.552724532961E+00,+42.688127685E-03
+3.106460000E-03,-796.689847020E-03,+2.552724532961E+00,+41.558102573E-03
+3.106465000E-03,-806.846882081E-03,+2.552724532961E+00,+40.291770927E-03
+3.106470000E-03,-818.040349299E-03,+2.552724532961E+00,+39.174936770E-03
+3.106475000E-03,-829.337459730E-03,+2.552724532961E+00,+37.913002108E-03
+3.106480000E-03,-840.219997309E-03,+2.552724532961E+00,+36.695037299E-03
+3.106485000E-03,-850.687962016E-03,+2.552724532961E+00,+35.521042335E-03
+3.106490000E-03,-861.829607617E-03,+2.552724532961E+00,+34.329459434E-03
+3.106495000E-03,-870.380172864E-03,+2.552724532961E+00,+32.983982061E-03
+3.106500000E-03,-881.936391328E-03,+2.552724532961E+00,+31.924308707E-03
+3.106505000E-03,-893.181680136E-03,+2.552724532961E+00,+30.460112741E-03
+3.106510000E-03,-903.805109690E-03,+2.552724532961E+00,+29.514760994E-03
+3.106515000E-03,-913.962144755E-03,+2.552724532961E+00,+28.015389149E-03
+3.106520000E-03,-923.134569286E-03,+2.552724532961E+00,+27.026067553E-03
+3.106525000E-03,-932.980674691E-03,+2.552724532961E+00,+25.605841437E-03
+3.106530000E-03,-942.723136908E-03,+2.552724532961E+00,+24.462625369E-03
+3.106535000E-03,-951.947383046E-03,+2.552724532961E+00,+23.029208298E-03
+3.106540000E-03,-961.016164352E-03,+2.552724532961E+00,+22.017901777E-03
+3.106545000E-03,-971.225021030E-03,+2.552724532961E+00,+20.373429432E-03
+3.106550000E-03,-980.449267152E-03,+2.552724532961E+00,+19.476444517E-03
+3.106555000E-03,-988.533437923E-03,+2.552724532961E+00,+17.937499810E-03
+3.106560000E-03,-997.343111203E-03,+2.552724532961E+00,+16.847047562E-03
+3.106565000E-03,-1.005686390015E+00,+2.552724532961E+00,+15.387248582E-03
+3.106570000E-03,-1.014962457738E+00,+2.552724532961E+00,+14.288002362E-03
+3.106575000E-03,-1.022994806907E+00,+2.552724532961E+00,+12.779836549E-03
+3.106580000E-03,-1.032374517869E+00,+2.552724532961E+00,+11.680590331E-03
+3.106585000E-03,-1.039836829331E+00,+2.552724532961E+00,+10.075690850E-03
+3.106590000E-03,-1.047143675998E+00,+2.552724532961E+00,+9.068781314E-03
+3.106595000E-03,-1.054916917123E+00,+2.552724532961E+00,+7.538630575E-03
+3.106600000E-03,-1.061809190917E+00,+2.552724532961E+00,+6.465766266E-03
+3.106605000E-03,-1.069375145610E+00,+2.552724532961E+00,+4.979585375E-03
+3.106610000E-03,-1.077511137987E+00,+2.552724532961E+00,+3.845163278E-03
+3.106615000E-03,-1.084196125351E+00,+2.552724532961E+00,+2.288630631E-03
+3.106620000E-03,-1.091140220761E+00,+2.552724532961E+00,+1.277324111E-03
+3.106625000E-03,-1.098084316168E+00,+2.552724532961E+00,-336.369340E-06
+3.106630000E-03,-1.104095622631E+00,+2.552724532961E+00,-1.250942193E-03
+3.106635000E-03,-1.110055107484E+00,+2.552724532961E+00,-2.908605495E-03
+3.106640000E-03,-1.115237268229E+00,+2.552724532961E+00,-3.897927090E-03
+3.106645000E-03,-1.122233185246E+00,+2.552724532961E+00,-5.445665768E-03
+3.106650000E-03,-1.127570810826E+00,+2.552724532961E+00,-6.500942138E-03
+3.106655000E-03,-1.133582117286E+00,+2.552724532961E+00,-8.070665739E-03
+3.106660000E-03,-1.137520559467E+00,+2.552724532961E+00,-9.156721004E-03
+3.106665000E-03,-1.142910006634E+00,+2.552724532961E+00,-10.748429530E-03
+3.106670000E-03,-1.147625772911E+00,+2.552724532961E+00,-11.838881780E-03
+3.106675000E-03,-1.152963398485E+00,+2.552724532961E+00,-13.285489805E-03
+3.106680000E-03,-1.156953662266E+00,+1.418695029527E+00,-14.503454616E-03
+3.106685000E-03,-1.160270245157E+00,-148.830085667E-03,-15.769786259E-03
+3.106690000E-03,-1.164726903396E+00,-181.650437695E-03,-17.049308860E-03
+3.106695000E-03,-1.168872631992E+00,-667.400501E-06,-18.465137990E-03
+3.106700000E-03,-1.172759252547E+00,+152.755966397E-03,-19.731469633E-03
+3.106705000E-03,-1.175039403273E+00,-83.424936175E-03,-20.993404295E-03
+3.106710000E-03,-1.178304164552E+00,-77.850187543E-03,-22.308102770E-03
+3.106715000E-03,-1.182035320298E+00,-91.747800690E-03,-23.570037434E-03
+3.106720000E-03,-1.183797254940E+00,-19.040514896E-03,-24.972675607E-03
+3.106725000E-03,-1.185714654432E+00,-56.493403861E-03,-26.221419315E-03
+3.106730000E-03,-1.187839340338E+00,-48.720162780E-03,-27.540514776E-03
+3.106735000E-03,-1.190689528751E+00,-63.010363624E-03,-28.815640393E-03
+3.106740000E-03,-1.192088712137E+00,-47.463881434E-03,-30.055590126E-03
+3.106745000E-03,-1.194109754842E+00,-52.881594887E-03,-31.423052425E-03
+3.106750000E-03,-1.196389905568E+00,-51.389760773E-03,-32.544283567E-03
+3.106755000E-03,-1.197944553795E+00,-52.567524549E-03,-33.955715715E-03
+3.106760000E-03,-1.197426337727E+00,-48.406092469E-03,-35.059358917E-03
+3.106765000E-03,-1.197789088976E+00,-49.583856266E-03,-36.440012170E-03
+3.106770000E-03,-1.198670056301E+00,-48.720162807E-03,-37.609610147E-03
+3.106775000E-03,-1.198773699518E+00,-48.877197970E-03,-38.955087520E-03
+3.106780000E-03,-1.199758310063E+00,-47.856469334E-03,-40.019157859E-03
+3.106785000E-03,-1.200017418090E+00,-48.641645204E-03,-41.505338749E-03
+3.106790000E-03,-1.199447380413E+00,-50.840137621E-03,-42.437499541E-03
+3.106795000E-03,-1.200069239700E+00,-49.662373840E-03,-43.928077416E-03
+3.106800000E-03,-1.199343737204E+00,-49.505338682E-03,-44.873429164E-03
+3.106805000E-03,-1.198877342737E+00,-48.955715557E-03,-46.302449250E-03
+3.106810000E-03,-1.198618234695E+00,-49.112750734E-03,-47.133479393E-03
+3.106815000E-03,-1.196545370391E+00,-47.620916578E-03,-48.799936660E-03
+3.106820000E-03,-1.195353473425E+00,-47.385363799E-03,-49.503454240E-03
+3.106825000E-03,-1.194265219668E+00,-47.542398999E-03,-51.191896433E-03
+3.106830000E-03,-1.193332430733E+00,-49.034233124E-03,-51.838253212E-03
+3.106835000E-03,-1.192036890540E+00,-48.013504511E-03,-53.583856207E-03
+3.106840000E-03,-1.189445810168E+00,-48.877197998E-03,-54.181846151E-03
+3.106845000E-03,-1.188564842838E+00,-48.484610010E-03,-55.676821009E-03
+3.106850000E-03,-1.186025584079E+00,-47.149811070E-03,-56.477072257E-03
+3.106855000E-03,-1.183382682094E+00,-48.877197958E-03,-57.897298370E-03
+3.106860000E-03,-1.180273385659E+00,-48.327574855E-03,-58.649182787E-03
+3.106865000E-03,-1.177423197242E+00,-45.500941725E-03,-60.139760658E-03
+3.106870000E-03,-1.174780295261E+00,-46.678705523E-03,-60.891645074E-03
+3.106875000E-03,-1.171826463626E+00,-45.265388945E-03,-62.237122446E-03
+3.106880000E-03,-1.168458059134E+00,-46.207600029E-03,-62.993403846E-03
+3.106885000E-03,-1.164312330543E+00,-44.480213114E-03,-64.374057096E-03
+3.106890000E-03,-1.160477531592E+00,-46.600187939E-03,-65.130338497E-03
+3.106895000E-03,-1.156746375865E+00,-46.757223112E-03,-66.467021898E-03
+3.106900000E-03,-1.153118863323E+00,-44.794283447E-03,-67.069408827E-03
+3.106905000E-03,-1.148558561873E+00,-45.736494505E-03,-68.612750518E-03
+3.106910000E-03,-1.143531865956E+00,-45.736494488E-03,-68.942524384E-03
+3.106915000E-03,-1.139075207709E+00,-45.108353785E-03,-70.613378639E-03
+3.106920000E-03,-1.133685760530E+00,-45.108353801E-03,-70.907976624E-03
+3.106925000E-03,-1.128451778171E+00,-44.951318605E-03,-72.653579622E-03
+3.106930000E-03,-1.122336828493E+00,-46.050564830E-03,-72.838252985E-03
+3.106935000E-03,-1.115548197913E+00,-44.480213106E-03,-74.632222815E-03
+3.106940000E-03,-1.111195182898E+00,-44.244660324E-03,-74.583855984E-03
+3.106945000E-03,-1.104302909089E+00,-45.108353790E-03,-76.571293145E-03
+3.106950000E-03,-1.098498889048E+00,-45.893529634E-03,-76.452574555E-03
+3.106955000E-03,-1.091865723293E+00,-44.951318610E-03,-78.325690114E-03
+3.106960000E-03,-1.084921627878E+00,-44.951318630E-03,-78.277323280E-03
+3.106965000E-03,-1.078703034981E+00,-43.380966883E-03,-79.939383565E-03
+3.106970000E-03,-1.072018047624E+00,-43.145414109E-03,-80.102072006E-03
+3.106975000E-03,-1.065073952221E+00,-44.558730689E-03,-81.605840831E-03
+3.106980000E-03,-1.057041603065E+00,-44.401695488E-03,-81.918026758E-03
+3.106985000E-03,-1.050408437298E+00,-42.988378947E-03,-83.127197600E-03
+3.106990000E-03,-1.041391477607E+00,-44.087625154E-03,-83.536117192E-03
+3.106995000E-03,-1.034447382208E+00,-44.401695488E-03,-84.749685021E-03
+3.107000000E-03,-1.026622319472E+00,-42.988378918E-03,-85.211368431E-03
+3.107005000E-03,-1.018175397450E+00,-44.166142746E-03,-86.174308121E-03
+3.107010000E-03,-1.009780297051E+00,-43.223931690E-03,-86.820664896E-03
+3.107015000E-03,-1.000970623771E+00,-42.909861359E-03,-87.590137253E-03
+3.107020000E-03,-991.746377646E-03,-42.595791010E-03,-88.196921164E-03
+3.107025000E-03,-983.143990803E-03,-42.203203079E-03,-89.093906081E-03
+3.107030000E-03,-974.334317524E-03,-43.930589954E-03,-89.590765369E-03
+3.107035000E-03,-966.612898001E-03,-44.009107552E-03,-90.452574407E-03
+3.107040000E-03,-956.300398123E-03,-43.380966883E-03,-90.975815605E-03
+3.107045000E-03,-946.713400729E-03,-43.380966857E-03,-91.648554295E-03
+3.107050000E-03,-936.970938539E-03,-42.674308584E-03,-92.228956297E-03
+3.107055000E-03,-927.073011482E-03,-42.674308580E-03,-92.963252771E-03
+3.107060000E-03,-916.708690012E-03,-41.967650318E-03,-93.332599502E-03
+3.107065000E-03,-906.344368503E-03,-42.281720657E-03,-94.194408536E-03
+3.107070000E-03,-895.565474151E-03,-41.732097537E-03,-94.506594465E-03
+3.107075000E-03,-885.252974255E-03,-42.517273417E-03,-95.276066817E-03
+3.107080000E-03,-874.836831162E-03,-42.595791015E-03,-95.698177367E-03
+3.107085000E-03,-864.783439303E-03,-42.595791011E-03,-96.304961279E-03
+3.107090000E-03,-854.626404238E-03,-42.046167888E-03,-96.674308009E-03
+3.107095000E-03,-843.588401848E-03,-43.459484456E-03,-97.391016542E-03
+3.107100000E-03,-833.379545175E-03,-42.595791014E-03,-97.593277849E-03
+3.107105000E-03,-821.460575449E-03,-41.967650287E-03,-98.419911004E-03
+3.107110000E-03,-809.748892162E-03,-41.339509598E-03,-98.406720051E-03
+3.107115000E-03,-798.503603339E-03,-41.496544788E-03,-99.347674814E-03
+3.107120000E-03,-785.859131117E-03,-40.554333759E-03,-99.255338132E-03
+3.107125000E-03,-773.784696570E-03,-41.418027196E-03,-100.108353196E-03
+3.107130000E-03,-761.762083622E-03,-43.380966859E-03,-100.011619532E-03
+3.107135000E-03,-749.376719442E-03,-41.339509590E-03,-100.873428566E-03
+3.107140000E-03,-737.457749709E-03,-42.909861351E-03,-100.701946158E-03
+3.107145000E-03,-725.383315167E-03,-42.438755815E-03,-101.590137099E-03
+3.107150000E-03,-713.049772580E-03,-42.752826169E-03,-101.299936101E-03
+3.107155000E-03,-699.265225009E-03,-40.711368906E-03,-102.223302923E-03
+3.107160000E-03,-687.190790468E-03,-42.674308600E-03,-101.933101924E-03
+3.107165000E-03,-674.598139839E-03,-41.103956864E-03,-102.632222517E-03
+3.107170000E-03,-662.264597264E-03,-41.496544793E-03,-102.500312974E-03
+3.107175000E-03,-647.806368795E-03,-41.889132706E-03,-103.111493869E-03
+3.107180000E-03,-634.229107610E-03,-41.889132725E-03,-102.887247643E-03
+3.107185000E-03,-620.859132905E-03,-41.575062369E-03,-103.727071752E-03
+3.107190000E-03,-607.955552606E-03,-41.260992019E-03,-103.234609447E-03
+3.107195000E-03,-593.911897015E-03,-40.318780980E-03,-103.968905920E-03
+3.107200000E-03,-580.023706195E-03,-41.653579958E-03,-103.639132054E-03
+3.107205000E-03,-567.327412358E-03,-40.868404093E-03,-104.114006425E-03
+3.107210000E-03,-553.180113509E-03,-43.145414097E-03,-103.836996376E-03
+3.107215000E-03,-538.618241818E-03,-42.517273427E-03,-104.404207424E-03
+3.107220000E-03,-526.440164046E-03,-41.418027196E-03,-103.876569241E-03
+3.107225000E-03,-511.308254659E-03,-41.496544790E-03,-104.505338077E-03
+3.107230000E-03,-497.160955821E-03,-41.182474415E-03,-104.118403407E-03
+3.107235000E-03,-482.858192161E-03,-39.533605109E-03,-104.540513957E-03
+3.107240000E-03,-467.363531504E-03,-40.554333740E-03,-104.215137074E-03
+3.107245000E-03,-453.112589474E-03,-41.339509604E-03,-104.474559182E-03
+3.107250000E-03,-438.447074546E-03,-40.711368900E-03,-104.232725014E-03
+3.107255000E-03,-422.900592300E-03,-40.711368912E-03,-104.338252652E-03
+3.107260000E-03,-408.856936653E-03,-40.004710637E-03,-104.078830542E-03
+3.107265000E-03,-394.191421740E-03,-40.711368911E-03,-104.294282805E-03
+3.107270000E-03,-379.370442006E-03,-41.653579942E-03,-103.876569238E-03
+3.107275000E-03,-363.772138171E-03,-40.083228229E-03,-104.070036576E-03
+3.107280000E-03,-349.313909682E-03,-41.418027217E-03,-103.630338086E-03
+3.107285000E-03,-333.974713846E-03,-41.810615123E-03,-103.832599392E-03
+3.107290000E-03,-317.961837144E-03,-42.752826160E-03,-103.410488841E-03
+3.107295000E-03,-303.192679004E-03,-40.004710622E-03,-103.524810450E-03
+3.107300000E-03,-287.646196768E-03,-40.868404085E-03,-102.975187340E-03
+3.107305000E-03,-272.877038626E-03,-41.810615139E-03,-103.159860705E-03
+3.107310000E-03,-256.656875493E-03,-41.575062376E-03,-102.531091867E-03
+3.107315000E-03,-241.939538964E-03,-41.575062364E-03,-102.706971262E-03
+3.107320000E-03,-225.978483851E-03,-41.103956844E-03,-102.100187349E-03
+3.107325000E-03,-209.965607136E-03,-42.203203055E-03,-102.126569257E-03
+3.107330000E-03,-195.973773116E-03,-40.946921674E-03,-101.510991377E-03
+3.107335000E-03,-180.790042123E-03,-42.360238226E-03,-101.607725042E-03
+3.107340000E-03,-164.777165423E-03,-40.711368886E-03,-100.926192388E-03
+3.107345000E-03,-150.059828883E-03,-41.339509599E-03,-100.956971281E-03
+3.107350000E-03,-132.544125578E-03,-41.339509604E-03,-100.183101944E-03
+3.107355000E-03,-116.997643310E-03,-40.318780986E-03,-100.209483852E-03
+3.107360000E-03,-101.710269097E-03,-41.653579956E-03,-99.426820545E-03
+3.107365000E-03,-86.837467757E-03,-41.496544783E-03,-99.396041651E-03
+3.107370000E-03,-71.964666405E-03,-40.868404090E-03,-98.525438646E-03
+3.107375000E-03,-56.262719341E-03,-42.124685473E-03,-98.591393416E-03
+3.107380000E-03,-41.286274763E-03,-41.182474428E-03,-97.602071825E-03
+3.107385000E-03,-25.687970922E-03,-40.711368936E-03,-97.707599454E-03
+3.107390000E-03,-9.778737432E-03,-41.653579952E-03,-96.661117059E-03
+3.107395000E-03,+4.834955887E-03,-41.103956853E-03,-96.625941176E-03
+3.107400000E-03,+21.003297412E-03,-41.732097554E-03,-95.733353250E-03
+3.107405000E-03,+36.497958061E-03,-40.711368918E-03,-95.500313048E-03
+3.107410000E-03,+51.163472981E-03,-40.711368905E-03,-94.695664819E-03
+3.107415000E-03,+67.850030579E-03,-40.318780975E-03,-94.418654769E-03
+3.107420000E-03,+83.085583173E-03,-41.025439255E-03,-93.635991463E-03
+3.107425000E-03,+98.424778995E-03,-40.004710630E-03,-93.231468853E-03
+3.107430000E-03,+114.385834101E-03,-41.653579939E-03,-92.418026651E-03
+3.107435000E-03,+129.154992242E-03,-40.004710629E-03,-92.048679923E-03
+3.107440000E-03,+144.856939307E-03,-43.066896529E-03,-91.160488975E-03
+3.107445000E-03,+161.284388875E-03,-40.946921653E-03,-90.751569383E-03
+3.107450000E-03,+175.742617390E-03,-40.554333703E-03,-89.845790497E-03
+3.107455000E-03,+191.133634790E-03,-41.967650297E-03,-89.494031707E-03
+3.107460000E-03,+206.317365776E-03,-40.554333750E-03,-88.438755337E-03
+3.107465000E-03,+221.604739981E-03,-40.789886507E-03,-88.139760365E-03
+3.107470000E-03,+237.254865442E-03,-42.360238223E-03,-87.009735250E-03
+3.107475000E-03,+251.609450726E-03,-40.868404077E-03,-86.640388525E-03
+3.107480000E-03,+267.829613854E-03,-40.475816181E-03,-85.598303107E-03
+3.107485000E-03,+282.961523241E-03,-41.025439261E-03,-85.061870951E-03
+3.107490000E-03,+297.627038164E-03,-41.653579937E-03,-84.178076989E-03
+3.107495000E-03,+313.225342034E-03,-41.260992030E-03,-83.430589562E-03
+3.107500000E-03,+327.165354439E-03,-40.318780975E-03,-82.524810678E-03
+3.107505000E-03,+343.074587928E-03,-40.554333769E-03,-81.786117218E-03
+3.107510000E-03,+357.066421958E-03,-41.732097537E-03,-80.840765469E-03
+3.107515000E-03,+371.161899192E-03,-40.789886490E-03,-80.040514223E-03
+3.107520000E-03,+386.293808588E-03,-40.397298579E-03,-79.174308198E-03
+3.107525000E-03,+401.270253129E-03,-41.025439230E-03,-78.352072030E-03
+3.107530000E-03,+415.728481653E-03,-41.260992009E-03,-77.371544400E-03
+3.107535000E-03,+429.875780486E-03,-43.223931669E-03,-76.628453956E-03
+3.107540000E-03,+444.644938622E-03,-41.418027191E-03,-75.353328344E-03
+3.107545000E-03,+458.999523880E-03,-39.847675474E-03,-74.852072068E-03
+3.107550000E-03,+473.146822731E-03,-42.203203066E-03,-73.532976601E-03
+3.107555000E-03,+486.672262271E-03,-41.653579950E-03,-73.075690176E-03
+3.107560000E-03,+501.130490761E-03,-42.203203069E-03,-71.607097226E-03
+3.107565000E-03,+515.174146392E-03,-40.161745791E-03,-71.075062058E-03
+3.107570000E-03,+528.544121118E-03,-40.868404083E-03,-69.707599761E-03
+3.107575000E-03,+542.950528024E-03,-41.339509596E-03,-69.131594739E-03
+3.107580000E-03,+556.216859520E-03,-42.595791007E-03,-67.693780687E-03
+3.107585000E-03,+569.483191057E-03,-41.182474447E-03,-67.113378681E-03
+3.107590000E-03,+583.319560232E-03,-43.459484436E-03,-65.737122418E-03
+3.107595000E-03,+597.311394258E-03,-41.103956872E-03,-64.901695288E-03
+3.107600000E-03,+609.904044872E-03,-41.260992007E-03,-63.723303342E-03
+3.107605000E-03,+623.429484428E-03,-41.653579954E-03,-62.610866168E-03
+3.107610000E-03,+636.125778270E-03,-42.438755831E-03,-61.639132511E-03
+3.107615000E-03,+648.562964053E-03,-41.732097533E-03,-60.531092320E-03
+3.107620000E-03,+661.622009147E-03,-41.732097545E-03,-59.418655148E-03
+3.107625000E-03,+672.919119589E-03,-41.653579954E-03,-58.473303400E-03
+3.107630000E-03,+685.926343073E-03,-40.789886492E-03,-57.264132554E-03
+3.107635000E-03,+699.192674568E-03,-40.946921674E-03,-56.305589856E-03
+3.107640000E-03,+710.386141770E-03,-40.004710649E-03,-54.977700419E-03
+3.107645000E-03,+722.719684383E-03,-42.752826179E-03,-54.067524551E-03
+3.107650000E-03,+734.379546057E-03,-41.575062383E-03,-52.603328588E-03
+3.107655000E-03,+747.542234366E-03,-43.066896500E-03,-51.763504474E-03
+3.107660000E-03,+759.875776923E-03,-39.612122730E-03,-50.259735648E-03
+3.107665000E-03,+771.121065766E-03,-42.674308588E-03,-49.521042187E-03
+3.107670000E-03,+782.832749076E-03,-41.575062357E-03,-47.911745723E-03
+3.107675000E-03,+793.922573071E-03,-41.967650296E-03,-47.032348746E-03
+3.107680000E-03,+804.908753864E-03,-42.046167897E-03,-45.620916603E-03
+3.107685000E-03,+816.516793942E-03,-42.203203047E-03,-44.499685454E-03
+3.107690000E-03,+826.000148113E-03,-42.360238248E-03,-43.316896529E-03
+3.107695000E-03,+837.608188185E-03,-42.438755815E-03,-42.054961865E-03
+3.107700000E-03,+847.817044860E-03,-41.732097553E-03,-40.867775952E-03
+3.107705000E-03,+857.507685455E-03,-41.732097557E-03,-39.649811134E-03
+3.107710000E-03,+869.219368750E-03,-42.046167883E-03,-38.418655373E-03
+3.107715000E-03,+880.309192743E-03,-41.653579966E-03,-37.011620211E-03
+3.107720000E-03,+890.880800678E-03,-40.946921686E-03,-35.921167963E-03
+3.107725000E-03,+900.364154848E-03,-40.946921697E-03,-34.461368980E-03
+3.107730000E-03,+909.795687418E-03,-43.380966856E-03,-33.410489601E-03
+3.107735000E-03,+919.538149621E-03,-41.025439240E-03,-31.963881570E-03
+3.107740000E-03,+929.591541459E-03,-42.595791009E-03,-30.864635355E-03
+3.107745000E-03,+937.105674581E-03,-42.203203061E-03,-29.492776069E-03
+3.107750000E-03,+946.329920687E-03,-42.046167877E-03,-28.384735882E-03
+3.107755000E-03,+954.828664306E-03,-40.161745805E-03,-26.902951980E-03
+3.107760000E-03,+964.208375286E-03,-41.967650311E-03,-25.781720835E-03
+3.107765000E-03,+972.499832471E-03,-42.281720655E-03,-24.238379142E-03
+3.107770000E-03,+980.946754501E-03,-42.360238244E-03,-23.249057547E-03
+3.107775000E-03,+988.564530793E-03,-43.066896511E-03,-21.604585200E-03
+3.107780000E-03,+997.115096021E-03,-40.475816143E-03,-20.531720892E-03
+3.107785000E-03,+1.005769304479E+00,-42.124685493E-03,-19.102700804E-03
+3.107790000E-03,+1.014371691306E+00,-41.967650309E-03,-17.959484737E-03
+3.107795000E-03,+1.020797570657E+00,-41.889132711E-03,-16.455715909E-03
+3.107800000E-03,+1.027586201231E+00,-42.831343773E-03,-15.352072703E-03
+3.107805000E-03,+1.034426653429E+00,-43.930589950E-03,-13.835112921E-03
+3.107810000E-03,+1.042303537749E+00,-41.339509597E-03,-12.705087811E-03
+3.107815000E-03,+1.048781238698E+00,-42.281720670E-03,-11.333228525E-03
+3.107820000E-03,+1.055518047684E+00,-42.046167887E-03,-9.992148140E-03
+3.107825000E-03,+1.062151213445E+00,-42.595791010E-03,-8.681846645E-03
+3.107830000E-03,+1.068732557593E+00,-43.930589971E-03,-7.375942138E-03
+3.107835000E-03,+1.075158436912E+00,-41.967650311E-03,-6.083228582E-03
+3.107840000E-03,+1.080755170528E+00,-43.616519618E-03,-4.808102969E-03
+3.107845000E-03,+1.086766476993E+00,-41.418027197E-03,-3.480213534E-03
+3.107850000E-03,+1.092829605051E+00,-42.909861347E-03,-2.222675863E-03
+3.107855000E-03,+1.097234441704E+00,-42.360238218E-03,-1.013505016E-03
+3.107860000E-03,+1.102934818510E+00,-42.124685483E-03,+450.690943E-06
+3.107865000E-03,+1.107391476759E+00,-41.653579967E-03,+1.629082893E-03
+3.107870000E-03,+1.113247318404E+00,+49.034231184E-03,+3.132851719E-03
+3.107875000E-03,+1.115786577189E+00,+2.374411086082E+00,+4.284861758E-03
+3.107880000E-03,+1.120087770600E+00,+2.552724532961E+00,+5.559987374E-03
+3.107885000E-03,+1.122989780615E+00,+2.552724532961E+00,+7.054962227E-03
+3.107890000E-03,+1.126099077084E+00,+2.552724532961E+00,+8.119032572E-03
+3.107895000E-03,+1.131592167468E+00,+2.552724532961E+00,+9.609610441E-03
+3.107900000E-03,+1.134390534272E+00,+2.552724532961E+00,+10.744032545E-03
+3.107905000E-03,+1.137914403569E+00,+2.552724532961E+00,+12.230213428E-03
+3.107910000E-03,+1.140971878437E+00,+2.552724532961E+00,+13.430590306E-03
+3.107915000E-03,+1.143044742728E+00,+2.552724532961E+00,+14.688127974E-03
+3.107920000E-03,+1.146361325610E+00,+2.552724532961E+00,+15.998429475E-03
+3.107925000E-03,+1.148382368293E+00,+2.552724532961E+00,+17.343906842E-03
+3.107930000E-03,+1.150196124571E+00,+2.552724532961E+00,+18.619032460E-03
+3.107935000E-03,+1.152994491353E+00,+2.552724532961E+00,+19.744660585E-03
+3.107940000E-03,+1.156051966184E+00,+2.552724532961E+00,+21.182474644E-03
+3.107945000E-03,+1.156881111930E+00,+2.552724532961E+00,+22.171796241E-03
+3.107950000E-03,+1.158383938545E+00,+2.552724532961E+00,+23.820665571E-03
+3.107955000E-03,+1.159005797842E+00,+2.552724532961E+00,+24.805590181E-03
+3.107960000E-03,+1.159627657130E+00,+2.552724532961E+00,+26.252198207E-03
+3.107965000E-03,+1.161182305359E+00,+2.552724532961E+00,+27.505338895E-03
+3.107970000E-03,+1.161545056607E+00,+2.552724532961E+00,+28.727700693E-03
+3.107975000E-03,+1.161907807873E+00,+2.552724532961E+00,+30.011620277E-03
+3.107980000E-03,+1.163255169653E+00,+2.552724532961E+00,+31.225188101E-03
+3.107985000E-03,+1.163255169648E+00,+2.552724532961E+00,+32.456343866E-03
+3.107990000E-03,+1.163151526443E+00,+2.552724532961E+00,+33.625941846E-03
+3.107995000E-03,+1.163462456073E+00,+2.552724532961E+00,+35.002198110E-03
+3.108000000E-03,+1.161959629467E+00,+2.552724532961E+00,+35.868404136E-03
+3.108005000E-03,+1.162633310363E+00,+2.552724532961E+00,+37.552449339E-03
+3.108010000E-03,+1.160819554102E+00,+2.552724532961E+00,+38.321921695E-03
+3.108015000E-03,+1.160508624448E+00,+2.552724532961E+00,+39.896042281E-03
+3.108020000E-03,+1.159109441057E+00,+2.552724532961E+00,+40.678705589E-03
+3.108025000E-03,+1.157865722477E+00,+2.552724532961E+00,+42.380338734E-03
+3.108030000E-03,+1.156570182291E+00,+2.552724532961E+00,+42.995916621E-03
+3.108035000E-03,+1.153823637108E+00,+2.552724532961E+00,+44.737122630E-03
+3.108040000E-03,+1.153564529071E+00,+2.552724532961E+00,+45.154836197E-03
+3.108045000E-03,+1.150558875829E+00,+2.552724532961E+00,+47.041142706E-03
+3.108050000E-03,+1.148796941167E+00,+2.552724532961E+00,+47.366519592E-03
+3.108055000E-03,+1.145013963842E+00,+2.552724532961E+00,+49.226444188E-03
+3.108060000E-03,+1.143666602024E+00,+2.552724532961E+00,+49.608981876E-03
+3.108065000E-03,+1.139883624698E+00,+2.552724532961E+00,+51.468906476E-03
+3.108070000E-03,+1.136826149836E+00,+2.552724532961E+00,+51.820665271E-03
+3.108075000E-03,+1.133716853392E+00,+2.552724532961E+00,+53.557474293E-03
+3.108080000E-03,+1.129260195159E+00,+2.552724532961E+00,+53.904836105E-03
+3.108085000E-03,+1.126410006744E+00,+2.552724532961E+00,+55.738378792E-03
+3.108090000E-03,+1.121797883692E+00,+2.552724532961E+00,+56.125313468E-03
+3.108095000E-03,+1.117133939040E+00,+2.552724532961E+00,+57.580715456E-03
+3.108100000E-03,+1.113402783289E+00,+2.552724532961E+00,+58.323805905E-03
+3.108105000E-03,+1.108376087363E+00,+2.552724532961E+00,+59.519785790E-03
+3.108110000E-03,+1.103815785887E+00,+2.552724532961E+00,+60.293655132E-03
+3.108115000E-03,+1.097027155328E+00,+2.552724532961E+00,+61.507222954E-03
+3.108120000E-03,+1.091844994580E+00,+2.552724532961E+00,+62.289886261E-03
+3.108125000E-03,+1.086144617747E+00,+2.552724532961E+00,+63.428705349E-03
+3.108130000E-03,+1.081532494678E+00,+2.552724532961E+00,+64.246544532E-03
+3.108135000E-03,+1.074899328942E+00,+2.552724532961E+00,+65.350187741E-03
+3.108140000E-03,+1.070442670676E+00,+2.552724532961E+00,+66.216393757E-03
+3.108145000E-03,+1.062876715982E+00,+2.552724532961E+00,+67.179333448E-03
+3.108150000E-03,+1.057590912023E+00,+2.552724532961E+00,+68.067524391E-03
+3.108155000E-03,+1.050284065371E+00,+2.552724532961E+00,+69.105212824E-03
+3.108160000E-03,+1.042718110703E+00,+2.552724532961E+00,+69.769157539E-03
+3.108165000E-03,+1.036551339416E+00,+2.552724532961E+00,+70.916770591E-03
+3.108170000E-03,+1.029192671132E+00,+2.552724532961E+00,+71.532348475E-03
+3.108175000E-03,+1.021989467701E+00,+2.552724532961E+00,+72.587624847E-03
+3.108180000E-03,+1.014527156206E+00,+2.552724532961E+00,+73.233981624E-03
+3.108185000E-03,+1.005976590987E+00,+2.552724532961E+00,+74.240891160E-03
+3.108190000E-03,+998.980673977E-03,+2.552724532961E+00,+74.790514271E-03
+3.108195000E-03,+991.362897657E-03,+2.552724532961E+00,+75.920539383E-03
+3.108200000E-03,+982.501402788E-03,+2.552724532961E+00,+76.408604708E-03
+3.108205000E-03,+974.158123995E-03,+2.552724532961E+00,+77.569408711E-03
+3.108210000E-03,+966.695812517E-03,+2.552724532961E+00,+77.815639870E-03
+3.108215000E-03,+958.093425669E-03,+2.552724532961E+00,+79.033604677E-03
+3.108220000E-03,+949.128287557E-03,+2.552724532961E+00,+79.227072014E-03
+3.108225000E-03,+940.370435902E-03,+2.552724532961E+00,+80.453830791E-03
+3.108230000E-03,+931.405297815E-03,+2.552724532961E+00,+80.590137327E-03
+3.108235000E-03,+921.611013991E-03,+2.552724532961E+00,+81.825690073E-03
+3.108240000E-03,+912.438589479E-03,+2.552724532961E+00,+81.852071987E-03
+3.108245000E-03,+902.696127271E-03,+2.552724532961E+00,+83.201946340E-03
+3.108250000E-03,+892.124519351E-03,+2.552724532961E+00,+83.078830770E-03
+3.108255000E-03,+882.848451611E-03,+2.552724532961E+00,+84.367147330E-03
+3.108260000E-03,+872.846881341E-03,+2.552724532961E+00,+84.419911155E-03
+3.108265000E-03,+863.052597534E-03,+2.552724532961E+00,+85.466393553E-03
+3.108270000E-03,+853.206492125E-03,+2.552724532961E+00,+85.760991543E-03
+3.108275000E-03,+842.634884187E-03,+2.552724532961E+00,+86.512875951E-03
+3.108280000E-03,+831.700525035E-03,+2.552724532961E+00,+86.785489022E-03
+3.108285000E-03,+821.077095475E-03,+2.552724532961E+00,+87.612122171E-03
+3.108290000E-03,+808.639909718E-03,+2.552724532961E+00,+87.897926194E-03
+3.108295000E-03,+798.120123361E-03,+2.552724532961E+00,+88.465137240E-03
+3.108300000E-03,+786.356618463E-03,+2.552724532961E+00,+88.882850806E-03
+3.108305000E-03,+774.489470351E-03,+2.552724532961E+00,+89.326946278E-03
+3.108310000E-03,+763.244181530E-03,+2.552724532961E+00,+89.867775415E-03
+3.108315000E-03,+750.755174141E-03,+2.552724532961E+00,+90.281091995E-03
+3.108320000E-03,+739.043490831E-03,+2.552724532961E+00,+90.654835712E-03
+3.108325000E-03,+727.124521123E-03,+2.552724532961E+00,+91.230840729E-03
+3.108330000E-03,+714.998264970E-03,+2.552724532961E+00,+91.433102034E-03
+3.108335000E-03,+702.353792783E-03,+2.552724532961E+00,+91.960740220E-03
+3.108340000E-03,+690.123893384E-03,+2.552724532961E+00,+92.101443738E-03
+3.108345000E-03,+677.738529170E-03,+2.552724532961E+00,+92.708227648E-03
+3.108350000E-03,+663.902160005E-03,+2.552724532961E+00,+92.760991469E-03
+3.108355000E-03,+651.464974195E-03,+2.552724532961E+00,+93.297423621E-03
+3.108360000E-03,+638.302285892E-03,+2.552724532961E+00,+93.222674883E-03
+3.108365000E-03,+625.865100109E-03,+2.552724532961E+00,+93.816267836E-03
+3.108370000E-03,+612.339660564E-03,+2.552724532961E+00,+93.723931157E-03
+3.108375000E-03,+599.539723499E-03,+2.552724532961E+00,+94.247172355E-03
+3.108380000E-03,+587.413467362E-03,+2.552724532961E+00,+94.247172358E-03
+3.108385000E-03,+573.317990121E-03,+2.552724532961E+00,+94.616519084E-03
+3.108390000E-03,+560.777161097E-03,+2.552724532961E+00,+94.717649740E-03
+3.108395000E-03,+546.111646173E-03,+2.552724532961E+00,+94.972674856E-03
+3.108400000E-03,+532.067990558E-03,+2.552724532961E+00,+94.990262803E-03
+3.108405000E-03,+517.143367611E-03,+2.552724532961E+00,+95.254081890E-03
+3.108410000E-03,+504.654360172E-03,+2.552724532961E+00,+95.152951244E-03
+3.108415000E-03,+490.766169400E-03,+2.552724532961E+00,+95.425564303E-03
+3.108420000E-03,+477.292551437E-03,+2.552724532961E+00,+95.438755262E-03
+3.108425000E-03,+462.419750112E-03,+2.552724532961E+00,+95.495916062E-03
+3.108430000E-03,+447.909700017E-03,+2.552724532961E+00,+95.539885911E-03
+3.108435000E-03,+434.125152386E-03,+2.552724532961E+00,+95.553076865E-03
+3.108440000E-03,+419.459637508E-03,+2.552724532961E+00,+95.570664806E-03
+3.108445000E-03,+406.296949206E-03,+2.552724532961E+00,+95.706971336E-03
+3.108450000E-03,+390.905931777E-03,+2.552724532961E+00,+95.487122093E-03
+3.108455000E-03,+375.774022405E-03,+2.552724532961E+00,+95.539885912E-03
+3.108460000E-03,+361.730366763E-03,+2.552724532961E+00,+95.403579381E-03
+3.108465000E-03,+346.961208635E-03,+2.552724532961E+00,+95.443152245E-03
+3.108470000E-03,+332.762088177E-03,+2.552724532961E+00,+95.328830638E-03
+3.108475000E-03,+317.578357187E-03,+2.552724532961E+00,+95.183730137E-03
+3.108480000E-03,+303.741987963E-03,+2.552724532961E+00,+94.985865816E-03
+3.108485000E-03,+287.314538442E-03,+2.552724532961E+00,+95.016644712E-03
+3.108490000E-03,+273.322704390E-03,+2.552724532961E+00,+94.752825617E-03
+3.108495000E-03,+258.553546264E-03,+2.552724532961E+00,+94.691267832E-03
+3.108500000E-03,+243.110707228E-03,+2.552724532961E+00,+94.427448737E-03
+3.108505000E-03,+227.253295324E-03,+2.552724532961E+00,+94.211996479E-03
+3.108510000E-03,+212.328672386E-03,+2.552724532961E+00,+93.895413569E-03
+3.108515000E-03,+197.404049420E-03,+2.552724532961E+00,+93.701946233E-03
+3.108520000E-03,+182.116675206E-03,+2.552724532961E+00,+93.376569356E-03
+3.108525000E-03,+166.103798490E-03,+2.552724532961E+00,+93.284232672E-03
+3.108530000E-03,+150.246386612E-03,+2.552724532961E+00,+92.804961317E-03
+3.108535000E-03,+134.492617937E-03,+2.552724532961E+00,+92.624684937E-03
+3.108540000E-03,+118.531562833E-03,+2.552724532961E+00,+92.211368363E-03
+3.108545000E-03,+103.451475097E-03,+2.552724532961E+00,+92.004710068E-03
+3.108550000E-03,+88.682316902E-03,+2.552724532961E+00,+91.516644755E-03
+3.108555000E-03,+73.239477874E-03,+2.552724532961E+00,+91.292398517E-03
+3.108560000E-03,+56.812028340E-03,+2.552724532961E+00,+90.681217630E-03
+3.108565000E-03,+40.747330021E-03,+2.552724532961E+00,+90.478956314E-03
+3.108570000E-03,+26.392744716E-03,+2.552724532961E+00,+89.898554322E-03
+3.108575000E-03,+10.949905702E-03,+2.552724532961E+00,+89.533604566E-03
+3.108580000E-03,-4.026538870E-03,+2.552724532961E+00,+89.019157344E-03
+3.108585000E-03,-20.039415578E-03,+2.552724532961E+00,+88.478328197E-03
+3.108590000E-03,-34.549465688E-03,+2.552724532961E+00,+88.161745295E-03
+3.108595000E-03,-49.474088642E-03,+2.552724532961E+00,+87.519785491E-03
+3.108600000E-03,-65.072392477E-03,+2.552724532961E+00,+87.141644802E-03
+3.108605000E-03,-80.100658656E-03,+2.552724532961E+00,+86.442524198E-03
+3.108610000E-03,-95.906248943E-03,+2.552724532961E+00,+85.954458887E-03
+3.108615000E-03,-111.919125609E-03,+2.552724532961E+00,+85.224559389E-03
+3.108620000E-03,-127.310143089E-03,+2.552724532961E+00,+84.894785528E-03
+3.108625000E-03,-142.701160511E-03,+2.552724532961E+00,+84.010991563E-03
+3.108630000E-03,-157.522140226E-03,+2.552724532961E+00,+83.584484035E-03
+3.108635000E-03,-172.757692830E-03,+2.552724532961E+00,+82.885363434E-03
+3.108640000E-03,-188.045067027E-03,+2.552724532961E+00,+82.296167468E-03
+3.108645000E-03,-203.747014088E-03,+2.552724532961E+00,+81.619031792E-03
+3.108650000E-03,-217.272453685E-03,+2.552724532961E+00,+80.893529289E-03
+3.108655000E-03,-233.648081652E-03,+2.552724532961E+00,+80.326318238E-03
+3.108660000E-03,-249.712779941E-03,+2.552724532961E+00,+79.495288099E-03
+3.108665000E-03,-264.171008415E-03,+2.552724532961E+00,+78.980840864E-03
+3.108670000E-03,-279.251096250E-03,+2.552724532961E+00,+78.092649922E-03
+3.108675000E-03,-294.227540785E-03,+2.552724532961E+00,+77.477072036E-03
+3.108680000E-03,-309.929487877E-03,+2.552724532961E+00,+76.500941398E-03
+3.108685000E-03,-324.854110837E-03,+2.552724532961E+00,+75.999685118E-03
+3.108690000E-03,-340.141485010E-03,+2.552724532961E+00,+74.966393678E-03
+3.108695000E-03,-354.236962257E-03,+2.552724532961E+00,+74.381594682E-03
+3.108700000E-03,-368.798833978E-03,+2.552724532961E+00,+73.365891182E-03
+3.108705000E-03,-384.241672992E-03,+2.552724532961E+00,+72.653579628E-03
+3.108710000E-03,-399.062652744E-03,+2.552724532961E+00,+71.747800743E-03
+3.108715000E-03,-414.246383711E-03,+2.552724532961E+00,+70.965137432E-03
+3.108720000E-03,-429.585579501E-03,+2.552724532961E+00,+69.962624885E-03
+3.108725000E-03,-444.613845710E-03,+2.552724532961E+00,+69.223931424E-03
+3.108730000E-03,-458.864787767E-03,+2.552724532961E+00,+68.054333448E-03
+3.108735000E-03,-472.338405703E-03,+2.552724532961E+00,+67.403579686E-03
+3.108740000E-03,-486.744812597E-03,+2.552724532961E+00,+66.291142511E-03
+3.108745000E-03,-502.032186796E-03,+2.552724532961E+00,+65.468906338E-03
+3.108750000E-03,-515.505804733E-03,+2.552724532961E+00,+64.365263136E-03
+3.108755000E-03,-529.134887522E-03,+2.552724532961E+00,+63.604584750E-03
+3.108760000E-03,-541.986646165E-03,+2.552724532961E+00,+62.386619944E-03
+3.108765000E-03,-555.512085728E-03,+2.552724532961E+00,+61.709484267E-03
+3.108770000E-03,-569.452098158E-03,+2.552724532961E+00,+60.412373732E-03
+3.108775000E-03,-583.340288928E-03,+2.552724532961E+00,+59.634107406E-03
+3.108780000E-03,-597.487587783E-03,+2.552724532961E+00,+58.508479283E-03
+3.108785000E-03,-610.339346454E-03,+2.552724532961E+00,+57.571921496E-03
+3.108790000E-03,-623.812964383E-03,+2.552724532961E+00,+56.428705436E-03
+3.108795000E-03,-636.405615023E-03,+2.552724532961E+00,+55.456971769E-03
+3.108800000E-03,-650.241984189E-03,+2.552724532961E+00,+54.291770785E-03
+3.108805000E-03,-662.368240361E-03,+2.552724532961E+00,+53.412373799E-03
+3.108810000E-03,-675.427285457E-03,+2.552724532961E+00,+52.216393923E-03
+3.108815000E-03,-687.709006425E-03,+2.552724532961E+00,+51.328202970E-03
+3.108820000E-03,-700.353478659E-03,+2.552724532961E+00,+50.123429120E-03
+3.108825000E-03,-712.583378018E-03,+2.552724532961E+00,+49.054961789E-03
+3.108830000E-03,-725.694244700E-03,+2.552724532961E+00,+47.885363820E-03
+3.108835000E-03,-739.530613893E-03,+2.552724532961E+00,+46.900439197E-03
+3.108840000E-03,-750.775902732E-03,+2.552724532961E+00,+45.484610078E-03
+3.108845000E-03,-763.213088519E-03,+2.552724532961E+00,+44.728328669E-03
+3.108850000E-03,-774.510198966E-03,+2.552724532961E+00,+43.202574925E-03
+3.108855000E-03,-786.532811901E-03,+2.552724532961E+00,+42.371544774E-03
+3.108860000E-03,-798.089030358E-03,+2.552724532961E+00,+40.933730726E-03
+3.108865000E-03,-809.697070467E-03,+2.552724532961E+00,+39.948806107E-03
+3.108870000E-03,-820.683251231E-03,+2.552724532961E+00,+38.559358896E-03
+3.108875000E-03,-831.047572734E-03,+2.552724532961E+00,+37.605213165E-03
+3.108880000E-03,-841.671002287E-03,+2.552724532961E+00,+36.176193092E-03
+3.108885000E-03,-852.501718285E-03,+2.552724532961E+00,+35.169283544E-03
+3.108890000E-03,-863.591542226E-03,+2.552724532961E+00,+33.779836331E-03
+3.108895000E-03,-874.422258222E-03,+2.552724532961E+00,+32.592650408E-03
+3.108900000E-03,-886.393049514E-03,+2.552724532961E+00,+31.401067514E-03
+3.108905000E-03,-895.876403719E-03,+2.552724532961E+00,+30.042399179E-03
+3.108910000E-03,-907.069870937E-03,+2.552724532961E+00,+28.995916788E-03
+3.108915000E-03,-917.226906022E-03,+2.552724532961E+00,+27.540514786E-03
+3.108920000E-03,-927.228476233E-03,+2.552724532961E+00,+26.432474602E-03
+3.108925000E-03,-936.970938450E-03,+2.552724532961E+00,+25.025439437E-03
+3.108930000E-03,-945.987898166E-03,+2.552724532961E+00,+23.873429402E-03
+3.108935000E-03,-956.870435728E-03,+2.552724532961E+00,+22.576318856E-03
+3.108940000E-03,-965.835573815E-03,+2.552724532961E+00,+21.415514851E-03
+3.108945000E-03,-974.956176746E-03,+2.552724532961E+00,+19.929333965E-03
+3.108950000E-03,-983.299455544E-03,+2.552724532961E+00,+18.830087746E-03
+3.108955000E-03,-991.850020790E-03,+2.552724532961E+00,+17.440640522E-03
+3.108960000E-03,-1.001799769408E+00,+2.552724532961E+00,+16.279836515E-03
+3.108965000E-03,-1.009883940179E+00,+2.552724532961E+00,+14.934359141E-03
+3.108970000E-03,-1.018797256679E+00,+2.552724532961E+00,+13.553705893E-03
+3.108975000E-03,-1.027866038010E+00,+2.552724532961E+00,+12.335741078E-03
+3.108980000E-03,-1.035224706267E+00,+2.552724532961E+00,+11.007851650E-03
+3.108985000E-03,-1.042479731273E+00,+2.552724532961E+00,+9.750313972E-03
+3.108990000E-03,-1.050823010120E+00,+2.552724532961E+00,+8.400439620E-03
+3.108995000E-03,-1.057559819073E+00,+2.552724532961E+00,+7.217650679E-03
+3.109000000E-03,-1.063882055202E+00,+2.552724532961E+00,+5.762248694E-03
+3.109005000E-03,-1.072795371670E+00,+2.552724532961E+00,+4.658605478E-03
+3.109010000E-03,-1.078288462083E+00,+2.552724532961E+00,+3.132851738E-03
+3.109015000E-03,-1.084610698200E+00,+2.552724532961E+00,+2.042399480E-03
+3.109020000E-03,-1.091813901621E+00,+2.552724532961E+00,+600.188447E-06
+3.109025000E-03,-1.098447067395E+00,+2.552724532961E+00,-578.203505E-06
+3.109030000E-03,-1.103629228153E+00,+2.552724532961E+00,-1.998429614E-03
+3.109035000E-03,-1.109640534601E+00,+2.552724532961E+00,-3.154836648E-03
+3.109040000E-03,-1.115444554632E+00,+2.552724532961E+00,-4.654208480E-03
+3.109045000E-03,-1.120574893779E+00,+2.552724532961E+00,-5.669911995E-03
+3.109050000E-03,-1.126793486685E+00,+2.552724532961E+00,-7.371545135E-03
+3.109055000E-03,-1.131250144939E+00,+2.552724532961E+00,-8.343278803E-03
+3.109060000E-03,-1.135447695169E+00,+2.552724532961E+00,-9.811871744E-03
+3.109065000E-03,-1.140837142317E+00,+2.552724532961E+00,-11.003454652E-03
+3.109070000E-03,-1.145449265388E+00,+2.552724532961E+00,-12.485238546E-03
+3.109075000E-03,-1.149905923619E+00,+2.537335086488E+00,-13.672424474E-03
+3.109080000E-03,-1.153015220090E+00,+393.098312633E-03,-15.242148067E-03
+3.109085000E-03,-1.157420056717E+00,-172.385362380E-03,-16.064384248E-03
+3.109090000E-03,-1.161358498902E+00,-167.281719791E-03,-17.845163111E-03
+3.109095000E-03,-1.164986011438E+00,+165.083224624E-03,-18.627826433E-03
+3.109100000E-03,-1.167888021451E+00,+18.569411433E-03,-20.461369112E-03
+3.109105000E-03,-1.172862895751E+00,-76.672424012E-03,-21.279208313E-03
+3.109110000E-03,-1.175298511307E+00,-96.301820214E-03,-23.117147976E-03
+3.109115000E-03,-1.179236953459E+00,-53.431218603E-03,-23.952575116E-03
+3.109120000E-03,-1.181517104209E+00,-32.388504387E-03,-25.645414283E-03
+3.109125000E-03,-1.184574579051E+00,-54.766017067E-03,-26.559987148E-03
+3.109130000E-03,-1.186284692116E+00,-54.059358624E-03,-28.195665517E-03
+3.109135000E-03,-1.188875772458E+00,-59.555589920E-03,-29.193781087E-03
+3.109140000E-03,-1.190896815154E+00,-47.620916497E-03,-30.662374035E-03
+3.109145000E-03,-1.192762393005E+00,-53.902323584E-03,-31.730841359E-03
+3.109150000E-03,-1.192969679507E+00,-51.703831089E-03,-33.177449386E-03
+3.109155000E-03,-1.195405295003E+00,-53.038630091E-03,-34.254710682E-03
+3.109160000E-03,-1.195508938251E+00,-49.269785958E-03,-35.793655387E-03
+3.109165000E-03,-1.196130797522E+00,-50.290514540E-03,-36.717022213E-03
+3.109170000E-03,-1.197737267379E+00,-48.720162745E-03,-38.330715662E-03
+3.109175000E-03,-1.197892732170E+00,-49.662373840E-03,-39.245288519E-03
+3.109180000E-03,-1.198359126658E+00,-48.955715559E-03,-40.731469406E-03
+3.109185000E-03,-1.198410948274E+00,-49.034233175E-03,-41.738378944E-03
+3.109190000E-03,-1.197478159321E+00,-50.369032124E-03,-43.171796008E-03
+3.109195000E-03,-1.198462769863E+00,-49.112750762E-03,-44.161117612E-03
+3.109200000E-03,-1.197685445748E+00,-49.426821076E-03,-45.484610056E-03
+3.109205000E-03,-1.197322694525E+00,-49.662373859E-03,-46.592650249E-03
+3.109210000E-03,-1.196338083960E+00,-47.149811043E-03,-47.806218077E-03
+3.109215000E-03,-1.194783435748E+00,-45.972047291E-03,-49.010991931E-03
+3.109220000E-03,-1.193695181985E+00,-47.777951765E-03,-50.048680361E-03
+3.109225000E-03,-1.192606928225E+00,-46.757223114E-03,-51.490891400E-03
+3.109230000E-03,-1.191466852894E+00,-48.170539688E-03,-52.445037120E-03
+3.109235000E-03,-1.189445810177E+00,-47.777951750E-03,-53.764132584E-03
+3.109240000E-03,-1.186854729813E+00,-48.013504556E-03,-54.757851165E-03
+3.109245000E-03,-1.186181048906E+00,-47.385363805E-03,-55.958228037E-03
+3.109250000E-03,-1.182709001221E+00,-47.149811062E-03,-57.048680287E-03
+3.109255000E-03,-1.180687958516E+00,-47.934986876E-03,-58.249057155E-03
+3.109260000E-03,-1.177319554034E+00,-45.736494485E-03,-59.203202878E-03
+3.109265000E-03,-1.173951149543E+00,-46.129082433E-03,-60.306846082E-03
+3.109270000E-03,-1.171463712412E+00,-46.364635175E-03,-61.362122451E-03
+3.109275000E-03,-1.169079918436E+00,-47.385363779E-03,-62.518529477E-03
+3.109280000E-03,-1.164934189856E+00,-46.129082459E-03,-63.595790767E-03
+3.109285000E-03,-1.161565785372E+00,-46.050564837E-03,-64.677449050E-03
+3.109290000E-03,-1.157990094427E+00,-45.500941743E-03,-65.750313361E-03
+3.109295000E-03,-1.153533436224E+00,-47.149810998E-03,-66.704459079E-03
+3.109300000E-03,-1.149284064387E+00,-45.108353753E-03,-67.702574646E-03
+3.109305000E-03,-1.145034692567E+00,-45.186871408E-03,-68.735866094E-03
+3.109310000E-03,-1.140059818259E+00,-45.815012049E-03,-69.672423873E-03
+3.109315000E-03,-1.136017732894E+00,-44.244660330E-03,-70.666142453E-03
+3.109320000E-03,-1.129850961559E+00,-45.108353811E-03,-71.624685153E-03
+3.109325000E-03,-1.124824265661E+00,-45.657976885E-03,-72.609609772E-03
+3.109330000E-03,-1.118709315997E+00,-44.794283407E-03,-73.572549460E-03
+3.109335000E-03,-1.112594366303E+00,-43.930589998E-03,-74.522298190E-03
+3.109340000E-03,-1.107153097515E+00,-43.852072421E-03,-75.533604714E-03
+3.109345000E-03,-1.101349077437E+00,-45.029836204E-03,-76.360237870E-03
+3.109350000E-03,-1.093679479562E+00,-45.736494456E-03,-77.336368513E-03
+3.109355000E-03,-1.087719994701E+00,-45.343906605E-03,-78.097046899E-03
+3.109360000E-03,-1.081035007360E+00,-44.872801073E-03,-79.161117239E-03
+3.109365000E-03,-1.073054479855E+00,-42.046167895E-03,-79.715137333E-03
+3.109370000E-03,-1.067820497425E+00,-44.323177940E-03,-80.933102143E-03
+3.109375000E-03,-1.061290974912E+00,-44.794283420E-03,-81.473931284E-03
+3.109380000E-03,-1.054087771450E+00,-43.773554808E-03,-82.529207652E-03
+3.109385000E-03,-1.045848135867E+00,-44.558730682E-03,-83.162373480E-03
+3.109390000E-03,-1.038074894744E+00,-44.872801034E-03,-84.164886029E-03
+3.109395000E-03,-1.030457118459E+00,-45.500941694E-03,-84.806845819E-03
+3.109400000E-03,-1.020818299482E+00,-44.480213085E-03,-85.769785509E-03
+3.109405000E-03,-1.012734128699E+00,-45.029836208E-03,-86.271041786E-03
+3.109410000E-03,-1.004131741848E+00,-43.066896534E-03,-87.326318154E-03
+3.109415000E-03,-995.684819821E-03,-44.009107562E-03,-87.818780463E-03
+3.109420000E-03,-987.289719411E-03,-43.302449268E-03,-88.619031712E-03
+3.109425000E-03,-978.169116498E-03,-43.066896564E-03,-89.348931198E-03
+3.109430000E-03,-968.271189468E-03,-44.401695504E-03,-89.964509084E-03
+3.109435000E-03,-959.565159442E-03,-43.066896504E-03,-90.672423648E-03
+3.109440000E-03,-950.755486123E-03,-41.967650338E-03,-91.213252788E-03
+3.109445000E-03,-940.546629479E-03,-42.046167905E-03,-91.864006549E-03
+3.109450000E-03,-929.819556741E-03,-42.517273424E-03,-92.501569360E-03
+3.109455000E-03,-920.336202580E-03,-42.988378910E-03,-93.231468844E-03
+3.109460000E-03,-909.090913782E-03,-43.145414097E-03,-93.543654778E-03
+3.109465000E-03,-898.571127432E-03,-42.438755756E-03,-94.365890942E-03
+3.109470000E-03,-888.465913953E-03,-43.145414094E-03,-94.625313055E-03
+3.109475000E-03,-878.464343721E-03,-41.653579979E-03,-95.456343191E-03
+3.109480000E-03,-868.307308614E-03,-42.517273380E-03,-95.781720083E-03
+3.109485000E-03,-857.683879138E-03,-42.281720653E-03,-96.428076850E-03
+3.109490000E-03,-847.215914417E-03,-42.517273485E-03,-96.845790424E-03
+3.109495000E-03,-836.177912014E-03,-41.575062345E-03,-97.413001463E-03
+3.109500000E-03,-825.658125701E-03,-42.752826199E-03,-97.879081869E-03
+3.109505000E-03,-813.998264017E-03,-41.889132704E-03,-98.433101951E-03
+3.109510000E-03,-801.509256658E-03,-42.988378896E-03,-98.776066783E-03
+3.109515000E-03,-790.108502980E-03,-41.418027171E-03,-99.184986369E-03
+3.109520000E-03,-778.085890028E-03,-41.260992010E-03,-99.695036619E-03
+3.109525000E-03,-765.700525846E-03,-41.653579956E-03,-99.954458726E-03
+3.109530000E-03,-753.833377707E-03,-42.595791008E-03,-100.490890884E-03
+3.109535000E-03,-740.618867854E-03,-43.773554790E-03,-100.767900926E-03
+3.109540000E-03,-729.062649316E-03,-41.810615127E-03,-101.106468765E-03
+3.109545000E-03,-716.729106781E-03,-42.674308602E-03,-101.510991373E-03
+3.109550000E-03,-704.188277761E-03,-43.380966872E-03,-101.713252672E-03
+3.109555000E-03,-692.010200007E-03,-42.438755827E-03,-102.135363230E-03
+3.109560000E-03,-678.640225244E-03,-43.066896568E-03,-102.179333072E-03
+3.109565000E-03,-665.788466624E-03,-41.418027188E-03,-102.548679808E-03
+3.109570000E-03,-651.900275829E-03,-41.103956850E-03,-102.728956182E-03
+3.109575000E-03,-639.203981996E-03,-41.653579956E-03,-103.098302915E-03
+3.109580000E-03,-625.574899204E-03,-40.868404102E-03,-103.089508944E-03
+3.109585000E-03,-611.893994837E-03,-40.711368942E-03,-103.480840601E-03
+3.109590000E-03,-597.124836697E-03,-41.575062355E-03,-103.538001399E-03
+3.109595000E-03,-584.532186083E-03,-41.810615137E-03,-103.753453668E-03
+3.109600000E-03,-571.162211341E-03,-41.653579949E-03,-103.793026525E-03
+3.109605000E-03,-557.274020542E-03,-40.946921689E-03,-104.004081802E-03
+3.109610000E-03,-544.525905139E-03,-42.752826158E-03,-104.061242599E-03
+3.109615000E-03,-530.274963024E-03,-42.438755837E-03,-104.109609442E-03
+3.109620000E-03,-515.816734561E-03,-41.967650276E-03,-104.215137074E-03
+3.109625000E-03,-502.135830187E-03,-40.318780996E-03,-104.325061699E-03
+3.109630000E-03,-487.470315250E-03,-41.339509611E-03,-104.206343104E-03
+3.109635000E-03,-472.752978750E-03,-41.496544785E-03,-104.421795368E-03
+3.109640000E-03,-458.035642206E-03,-41.575062390E-03,-104.289885815E-03
+3.109645000E-03,-443.991986566E-03,-40.946921672E-03,-104.413001393E-03
+3.109650000E-03,-428.600969180E-03,-41.103956850E-03,-104.272297880E-03
+3.109655000E-03,-413.261773376E-03,-40.632851285E-03,-104.338252651E-03
+3.109660000E-03,-400.150906655E-03,-41.025439259E-03,-104.153579289E-03
+3.109665000E-03,-386.107251031E-03,-40.161745801E-03,-104.206343102E-03
+3.109670000E-03,-369.576158285E-03,-41.575062372E-03,-103.916142107E-03
+3.109675000E-03,-355.636145811E-03,-41.339509600E-03,-103.845790343E-03
+3.109680000E-03,-338.586836990E-03,-42.438755866E-03,-103.885363212E-03
+3.109685000E-03,-324.180430084E-03,-42.046167856E-03,-103.463252663E-03
+3.109690000E-03,-308.530304619E-03,-41.260992031E-03,-103.656719997E-03
+3.109695000E-03,-293.605681680E-03,-41.103956839E-03,-103.137875778E-03
+3.109700000E-03,-278.162842647E-03,-40.632851317E-03,-103.159860709E-03
+3.109705000E-03,-264.222830203E-03,-41.025439284E-03,-102.777323017E-03
+3.109710000E-03,-247.743559056E-03,-42.124685471E-03,-102.803704932E-03
+3.109715000E-03,-233.596260203E-03,-41.575062348E-03,-102.324433579E-03
+3.109720000E-03,-217.479740270E-03,-40.711368893E-03,-102.258478804E-03
+3.109725000E-03,-201.829614824E-03,-41.496544771E-03,-101.704458713E-03
+3.109730000E-03,-187.112278277E-03,-41.418027163E-03,-101.664885850E-03
+3.109735000E-03,-172.446763361E-03,-40.475816206E-03,-101.238378312E-03
+3.109740000E-03,-156.848459506E-03,-39.533605133E-03,-101.014132086E-03
+3.109745000E-03,-141.250155646E-03,-40.946921686E-03,-100.627197416E-03
+3.109750000E-03,-123.786273954E-03,-40.946921683E-03,-100.191895913E-03
+3.109755000E-03,-110.001726347E-03,-40.475816139E-03,-99.985237624E-03
+3.109760000E-03,-93.729741606E-03,-40.789886509E-03,-99.532348185E-03
+3.109765000E-03,-78.908761861E-03,-40.946921658E-03,-98.987122060E-03
+3.109770000E-03,-63.932317314E-03,-41.418027187E-03,-98.723302967E-03
+3.109775000E-03,-48.748586295E-03,-41.653579945E-03,-98.147297945E-03
+3.109780000E-03,-33.409390527E-03,-40.161745837E-03,-97.777951216E-03
+3.109785000E-03,-17.862908246E-03,-41.103956821E-03,-97.210740170E-03
+3.109790000E-03,-1.850031519E-03,-41.967650257E-03,-96.757850725E-03
+3.109795000E-03,+14.162845134E-03,-40.632851302E-03,-96.217021588E-03
+3.109800000E-03,+28.672895285E-03,-42.124685500E-03,-95.755338174E-03
+3.109805000E-03,+44.633950376E-03,-41.025439255E-03,-95.166142199E-03
+3.109810000E-03,+60.646827106E-03,-41.182474437E-03,-94.722046732E-03
+3.109815000E-03,+75.623271657E-03,-40.397298606E-03,-94.102071862E-03
+3.109820000E-03,+91.532505152E-03,-40.083228185E-03,-93.561242721E-03
+3.109825000E-03,+107.078987378E-03,-40.946921618E-03,-92.972046749E-03
+3.109830000E-03,+121.589037517E-03,-40.161745859E-03,-92.268529169E-03
+3.109835000E-03,+137.964665432E-03,-42.438755780E-03,-91.727700028E-03
+3.109840000E-03,+153.977542162E-03,-42.046167895E-03,-91.094534202E-03
+3.109845000E-03,+169.938597265E-03,-40.240263403E-03,-90.373428685E-03
+3.109850000E-03,+184.293182567E-03,-40.161745830E-03,-89.696293018E-03
+3.109855000E-03,+199.684199961E-03,-41.418027184E-03,-88.979584477E-03
+3.109860000E-03,+214.867930976E-03,-39.847675482E-03,-88.399182481E-03
+3.109865000E-03,+229.637089087E-03,-41.103956832E-03,-87.651695046E-03
+3.109870000E-03,+245.442679394E-03,-40.632851316E-03,-86.948177469E-03
+3.109875000E-03,+260.522767134E-03,-42.203203058E-03,-86.196293049E-03
+3.109880000E-03,+274.825530836E-03,-40.397298562E-03,-85.444408639E-03
+3.109885000E-03,+292.548520547E-03,-40.397298518E-03,-84.652951362E-03
+3.109890000E-03,+307.421321912E-03,-41.653579945E-03,-83.918654884E-03
+3.109895000E-03,+321.983193644E-03,-42.360238207E-03,-83.131594592E-03
+3.109900000E-03,+336.234135700E-03,-40.475816131E-03,-82.190639828E-03
+3.109905000E-03,+350.640542584E-03,-40.161745783E-03,-81.553077021E-03
+3.109910000E-03,+365.254235882E-03,-41.810615137E-03,-80.387876032E-03
+3.109915000E-03,+379.556999575E-03,-40.318780953E-03,-79.926192614E-03
+3.109920000E-03,+394.015228024E-03,-41.260992013E-03,-78.673051928E-03
+3.109925000E-03,+409.820818321E-03,-40.161745790E-03,-78.132222786E-03
+3.109930000E-03,+423.553544312E-03,-41.103956891E-03,-76.808730348E-03
+3.109935000E-03,+438.063594398E-03,-41.182474404E-03,-76.439383606E-03
+3.109940000E-03,+452.470001299E-03,-41.182474433E-03,-74.988378605E-03
+3.109945000E-03,+465.891797649E-03,-40.632851331E-03,-74.531092169E-03
+3.109950000E-03,+480.660955797E-03,-41.889132710E-03,-73.075690184E-03
+3.109955000E-03,+494.393681724E-03,-41.025439199E-03,-72.653579625E-03
+3.109960000E-03,+508.333694128E-03,-40.789886535E-03,-71.277323370E-03
+3.109965000E-03,+521.962776928E-03,-39.926193017E-03,-70.617775630E-03
+3.109970000E-03,+536.369183775E-03,-41.732097547E-03,-69.434986708E-03
+3.109975000E-03,+549.583693710E-03,-42.674308577E-03,-68.595162586E-03
+3.109980000E-03,+562.953668456E-03,-40.554333692E-03,-67.412373663E-03
+3.109985000E-03,+576.427286378E-03,-42.124685497E-03,-66.594534465E-03
+3.109990000E-03,+589.434509898E-03,-41.260992005E-03,-65.424936497E-03
+3.109995000E-03,+603.685451905E-03,-41.182474388E-03,-64.409232987E-03
+3.110000000E-03,+616.278102551E-03,-41.025439282E-03,-63.336368675E-03
+3.110005000E-03,+629.648077309E-03,-40.083228236E-03,-62.193152610E-03
+3.110010000E-03,+642.292549515E-03,-40.946921680E-03,-61.234609907E-03
+3.110015000E-03,+655.299773012E-03,-41.653579948E-03,-60.170539563E-03
+3.110020000E-03,+667.736958800E-03,-41.260992035E-03,-59.058102395E-03
+3.110025000E-03,+680.225966192E-03,-41.025439297E-03,-58.064383807E-03
+3.110030000E-03,+692.559508778E-03,-41.182474414E-03,-56.890388846E-03
+3.110035000E-03,+704.996694582E-03,-41.025439270E-03,-55.830715492E-03
+3.110040000E-03,+716.241983411E-03,-39.612122691E-03,-54.691896404E-03
+3.110045000E-03,+728.109131545E-03,-40.161745809E-03,-53.504710489E-03
+3.110050000E-03,+740.909068579E-03,-41.260992051E-03,-52.348303472E-03
+3.110055000E-03,+753.553540813E-03,-40.868404066E-03,-51.209484383E-03
+3.110060000E-03,+765.213402457E-03,-42.909861311E-03,-49.850816061E-03
+3.110065000E-03,+777.028728971E-03,-41.182474429E-03,-48.826318579E-03
+3.110070000E-03,+788.377661050E-03,-42.517273345E-03,-47.498429150E-03
+3.110075000E-03,+799.208376984E-03,-41.496544763E-03,-46.412373881E-03
+3.110080000E-03,+810.505487401E-03,-42.124685528E-03,-45.233981935E-03
+3.110085000E-03,+821.491668218E-03,-42.281720672E-03,-44.059986972E-03
+3.110090000E-03,+832.633313815E-03,-41.810615126E-03,-42.828831213E-03
+3.110095000E-03,+843.878602659E-03,-42.281720637E-03,-41.615263378E-03
+3.110100000E-03,+854.191102536E-03,-41.339509623E-03,-40.274183000E-03
+3.110105000E-03,+864.037207973E-03,-40.946921695E-03,-39.205715663E-03
+3.110110000E-03,+875.437961610E-03,-43.616519603E-03,-37.798680514E-03
+3.110115000E-03,+885.802283107E-03,-39.769157866E-03,-36.642273481E-03
+3.110120000E-03,+895.855674954E-03,-40.632851347E-03,-35.331971998E-03
+3.110125000E-03,+905.701780373E-03,-43.223931632E-03,-34.083228282E-03
+3.110130000E-03,+914.407810474E-03,-43.616519622E-03,-32.891645393E-03
+3.110135000E-03,+924.772131935E-03,-42.517273426E-03,-31.598931829E-03
+3.110140000E-03,+933.789091627E-03,-41.103956908E-03,-30.244660498E-03
+3.110145000E-03,+942.391478523E-03,-42.595790978E-03,-29.079459494E-03
+3.110150000E-03,+951.563903015E-03,-40.789886459E-03,-27.742776100E-03
+3.110155000E-03,+959.129857769E-03,-43.302449227E-03,-26.529208264E-03
+3.110160000E-03,+967.991352618E-03,-42.517273414E-03,-25.135364061E-03
+3.110165000E-03,+975.868236923E-03,-42.360238193E-03,-23.847047488E-03
+3.110170000E-03,+985.040661445E-03,-42.360238228E-03,-22.400439474E-03
+3.110175000E-03,+992.399329728E-03,-41.575062349E-03,-21.349560074E-03
+3.110180000E-03,+1.001519932592E+00,-41.810615130E-03,-19.753454581E-03
+3.110185000E-03,+1.007479417507E+00,-42.438755815E-03,-18.755339000E-03
+3.110190000E-03,+1.015304480216E+00,-42.909861369E-03,-17.106469684E-03
+3.110195000E-03,+1.022404040436E+00,-42.909861365E-03,-16.081972193E-03
+3.110200000E-03,+1.029710887130E+00,-41.182474406E-03,-14.543027501E-03
+3.110205000E-03,+1.036862268963E+00,-42.360238279E-03,-13.452575237E-03
+3.110210000E-03,+1.043858185953E+00,-42.988378886E-03,-12.045540089E-03
+3.110215000E-03,+1.050854102992E+00,-42.360238232E-03,-10.845163201E-03
+3.110220000E-03,+1.057228160689E+00,-41.967650285E-03,-9.442525039E-03
+3.110225000E-03,+1.063809504845E+00,-41.496544793E-03,-8.211369262E-03
+3.110230000E-03,+1.070287205796E+00,-42.438755831E-03,-6.742776325E-03
+3.110235000E-03,+1.076350333859E+00,-42.360238216E-03,-5.595163262E-03
+3.110240000E-03,+1.082154353913E+00,-41.967650316E-03,-4.236494943E-03
+3.110245000E-03,+1.087854730741E+00,-42.752826108E-03,-2.952575350E-03
+3.110250000E-03,+1.093192356318E+00,-42.281720661E-03,-1.655464822E-03
+3.110255000E-03,+1.098892733120E+00,-42.124685502E-03,-521.042707E-06
+3.110260000E-03,+1.103401212982E+00,-42.517273450E-03,+1.048680876E-03
+3.110265000E-03,+1.108946124946E+00,-38.277323750E-03,+2.020414549E-03
+3.110270000E-03,+1.113040031995E+00,+776.892245979E-03,+3.735238638E-03
+3.110275000E-03,+1.116719366092E+00,+2.552410462066E+00,+4.636620550E-03
+3.110280000E-03,+1.120191413789E+00,+2.552724532961E+00,+6.140389367E-03
+3.110285000E-03,+1.124388964005E+00,+2.552724532961E+00,+7.538630571E-03
+3.110290000E-03,+1.127601903698E+00,+2.552724532961E+00,+8.677449637E-03
+3.110295000E-03,+1.132421313194E+00,+2.552724532961E+00,+10.088881802E-03
+3.110300000E-03,+1.136152468888E+00,+2.552724532961E+00,+11.205715940E-03
+3.110305000E-03,+1.138795370889E+00,+2.552724532961E+00,+12.854585292E-03
+3.110310000E-03,+1.141749202549E+00,+2.552724532961E+00,+13.773555110E-03
+3.110315000E-03,+1.145273071829E+00,+2.552724532961E+00,+15.497173195E-03
+3.110320000E-03,+1.148175081875E+00,+2.552724532961E+00,+16.205087750E-03
+3.110325000E-03,+1.150973448658E+00,+2.552724532961E+00,+18.060615379E-03
+3.110330000E-03,+1.152372632087E+00,+2.552724532961E+00,+18.803705814E-03
+3.110335000E-03,+1.155585571751E+00,+2.552724532961E+00,+20.672424390E-03
+3.110340000E-03,+1.158280295324E+00,+2.552724532961E+00,+21.512248496E-03
+3.110345000E-03,+1.159109441012E+00,+2.552724532961E+00,+23.046796230E-03
+3.110350000E-03,+1.161234126956E+00,+2.552724532961E+00,+24.080087671E-03
+3.110355000E-03,+1.162944239998E+00,+2.552724532961E+00,+25.614635395E-03
+3.110360000E-03,+1.163203348035E+00,+2.552724532961E+00,+26.656720807E-03
+3.110365000E-03,+1.163669742492E+00,+2.552724532961E+00,+28.094534869E-03
+3.110370000E-03,+1.164602531453E+00,+2.552724532961E+00,+29.167399172E-03
+3.110375000E-03,+1.164861639501E+00,+2.552724532961E+00,+30.543655450E-03
+3.110380000E-03,+1.166209001298E+00,+2.552724532961E+00,+31.620916734E-03
+3.110385000E-03,+1.165068925939E+00,+2.552724532961E+00,+32.992776022E-03
+3.110390000E-03,+1.165328033939E+00,+2.552724532961E+00,+34.127198112E-03
+3.110395000E-03,+1.164550709859E+00,+2.552724532961E+00,+35.468278509E-03
+3.110400000E-03,+1.164136136954E+00,+2.552724532961E+00,+36.497172963E-03
+3.110405000E-03,+1.163358812892E+00,+2.552724532961E+00,+37.930590043E-03
+3.110410000E-03,+1.162996061618E+00,+2.552724532961E+00,+38.906720674E-03
+3.110415000E-03,+1.161182305364E+00,+2.552724532961E+00,+40.318152833E-03
+3.110420000E-03,+1.160456802865E+00,+2.552724532961E+00,+41.285489491E-03
+3.110425000E-03,+1.158228473735E+00,+2.552724532961E+00,+42.534233211E-03
+3.110430000E-03,+1.157192041604E+00,+2.552724532961E+00,+43.624685447E-03
+3.110435000E-03,+1.153927280308E+00,+2.552724532961E+00,+44.855841224E-03
+3.110440000E-03,+1.150921627117E+00,+2.552724532961E+00,+45.959484413E-03
+3.110445000E-03,+1.150817983873E+00,+2.552724532961E+00,+47.115891454E-03
+3.110450000E-03,+1.148019617039E+00,+2.552724532961E+00,+48.197549716E-03
+3.110455000E-03,+1.144806677423E+00,+2.552724532961E+00,+49.309986913E-03
+3.110460000E-03,+1.141801024173E+00,+2.552724532961E+00,+50.387248184E-03
+3.110465000E-03,+1.138018046802E+00,+2.552724532961E+00,+51.512876335E-03
+3.110470000E-03,+1.135945182535E+00,+2.552724532961E+00,+52.629710474E-03
+3.110475000E-03,+1.131643989098E+00,+2.552724532961E+00,+53.698177818E-03
+3.110480000E-03,+1.128016476607E+00,+2.552724532961E+00,+54.630338592E-03
+3.110485000E-03,+1.123352531949E+00,+2.552724532961E+00,+55.857097395E-03
+3.110490000E-03,+1.119932305804E+00,+2.552724532961E+00,+56.674936560E-03
+3.110495000E-03,+1.115423825982E+00,+2.552724532961E+00,+57.919283304E-03
+3.110500000E-03,+1.111070810924E+00,+2.552724532961E+00,+58.754710407E-03
+3.110505000E-03,+1.105525898955E+00,+2.552724532961E+00,+59.933102376E-03
+3.110510000E-03,+1.101224705548E+00,+2.552724532961E+00,+60.724559637E-03
+3.110515000E-03,+1.095524328730E+00,+2.552724532961E+00,+61.858981747E-03
+3.110520000E-03,+1.089772130269E+00,+2.552724532961E+00,+62.628454091E-03
+3.110525000E-03,+1.084486326314E+00,+2.552724532961E+00,+63.815640019E-03
+3.110530000E-03,+1.078526841467E+00,+2.552724532961E+00,+64.598303315E-03
+3.110535000E-03,+1.073189215890E+00,+2.552724532961E+00,+65.728328441E-03
+3.110540000E-03,+1.067333374247E+00,+2.552724532961E+00,+66.550564605E-03
+3.110545000E-03,+1.060596565327E+00,+2.552724532961E+00,+67.526695256E-03
+3.110550000E-03,+1.054948010075E+00,+2.552724532961E+00,+68.467650008E-03
+3.110555000E-03,+1.047796628220E+00,+2.552724532961E+00,+69.338253026E-03
+3.110560000E-03,+1.041111640860E+00,+2.552724532961E+00,+70.208856022E-03
+3.110565000E-03,+1.033752972605E+00,+2.552724532961E+00,+71.211368582E-03
+3.110570000E-03,+1.027119806853E+00,+2.552724532961E+00,+71.866519316E-03
+3.110575000E-03,+1.018776528051E+00,+2.552724532961E+00,+72.864634899E-03
+3.110580000E-03,+1.011521502958E+00,+2.552724532961E+00,+73.502197697E-03
+3.110585000E-03,+1.003385510653E+00,+2.552724532961E+00,+74.579458993E-03
+3.110590000E-03,+995.715912712E-03,+2.552724532961E+00,+75.111494164E-03
+3.110595000E-03,+986.647131482E-03,+2.552724532961E+00,+76.184358472E-03
+3.110600000E-03,+978.925711925E-03,+2.552724532961E+00,+76.659232842E-03
+3.110605000E-03,+971.307935597E-03,+2.552724532961E+00,+77.776067000E-03
+3.110610000E-03,+962.964656792E-03,+2.552724532961E+00,+78.145413732E-03
+3.110615000E-03,+954.414091593E-03,+2.552724532961E+00,+79.319408692E-03
+3.110620000E-03,+945.708061489E-03,+2.552724532961E+00,+79.662373511E-03
+3.110625000E-03,+936.276528935E-03,+2.552724532961E+00,+80.625313204E-03
+3.110630000E-03,+928.192358175E-03,+2.552724532961E+00,+80.999056913E-03
+3.110635000E-03,+917.568928669E-03,+2.552724532961E+00,+81.953202634E-03
+3.110640000E-03,+907.930109694E-03,+2.552724532961E+00,+82.203830775E-03
+3.110645000E-03,+897.824896228E-03,+2.552724532961E+00,+83.386619704E-03
+3.110650000E-03,+888.030612397E-03,+2.552724532961E+00,+83.536117190E-03
+3.110655000E-03,+877.873577302E-03,+2.552724532961E+00,+84.538629747E-03
+3.110660000E-03,+868.856617611E-03,+2.552724532961E+00,+84.745288032E-03
+3.110665000E-03,+857.818615248E-03,+2.552724532961E+00,+85.677448830E-03
+3.110670000E-03,+847.402472135E-03,+2.552724532961E+00,+85.853328216E-03
+3.110675000E-03,+837.141793822E-03,+2.552724532961E+00,+86.847046803E-03
+3.110680000E-03,+826.673829138E-03,+2.552724532961E+00,+86.851443787E-03
+3.110685000E-03,+814.962145860E-03,+2.552724532961E+00,+87.950690009E-03
+3.110690000E-03,+803.561392217E-03,+2.552724532961E+00,+87.853956334E-03
+3.110695000E-03,+791.590600899E-03,+2.552724532961E+00,+88.891644777E-03
+3.110700000E-03,+781.018992938E-03,+2.552724532961E+00,+88.860865873E-03
+3.110705000E-03,+770.291920180E-03,+2.552724532961E+00,+89.793026678E-03
+3.110710000E-03,+758.891166545E-03,+2.552724532961E+00,+89.762247773E-03
+3.110715000E-03,+745.883943066E-03,+2.552724532961E+00,+90.703202548E-03
+3.110720000E-03,+734.068616577E-03,+2.552724532961E+00,+90.615262843E-03
+3.110725000E-03,+722.408754847E-03,+2.552724532961E+00,+91.538629676E-03
+3.110730000E-03,+710.178855512E-03,+2.552724532961E+00,+91.309986450E-03
+3.110735000E-03,+698.467172186E-03,+2.552724532961E+00,+92.211368363E-03
+3.110740000E-03,+685.822699997E-03,+2.552724532961E+00,+92.119031671E-03
+3.110745000E-03,+672.297260489E-03,+2.552724532961E+00,+92.760991471E-03
+3.110750000E-03,+659.963717842E-03,+2.552724532961E+00,+92.853328146E-03
+3.110755000E-03,+646.490099913E-03,+2.552724532961E+00,+93.424936183E-03
+3.110760000E-03,+634.778416644E-03,+2.552724532961E+00,+93.363378396E-03
+3.110765000E-03,+621.512085117E-03,+2.552724532961E+00,+93.921795474E-03
+3.110770000E-03,+607.727537560E-03,+2.552724532961E+00,+93.965765321E-03
+3.110775000E-03,+594.720314056E-03,+2.552724532961E+00,+94.233981403E-03
+3.110780000E-03,+581.609447377E-03,+2.552724532961E+00,+94.462624608E-03
+3.110785000E-03,+569.068618305E-03,+2.552724532961E+00,+94.541770347E-03
+3.110790000E-03,+554.973141095E-03,+2.552724532961E+00,+94.814383401E-03
+3.110795000E-03,+540.670377512E-03,+2.552724532961E+00,+94.902323106E-03
+3.110800000E-03,+527.974083590E-03,+2.552724532961E+00,+95.086996465E-03
+3.110805000E-03,+513.567676749E-03,+2.552724532961E+00,+95.240890942E-03
+3.110810000E-03,+499.575842679E-03,+2.552724532961E+00,+95.271669826E-03
+3.110815000E-03,+485.065792609E-03,+2.552724532961E+00,+95.429961295E-03
+3.110820000E-03,+470.970315365E-03,+2.552724532961E+00,+95.337624602E-03
+3.110825000E-03,+457.133946204E-03,+2.552724532961E+00,+95.663001493E-03
+3.110830000E-03,+444.023079481E-03,+2.552724532961E+00,+95.368403503E-03
+3.110835000E-03,+428.165667582E-03,+2.552724532961E+00,+95.768529126E-03
+3.110840000E-03,+414.432941605E-03,+2.552724532961E+00,+95.293654758E-03
+3.110845000E-03,+400.492929165E-03,+2.552724532961E+00,+95.838880882E-03
+3.110850000E-03,+385.050090149E-03,+2.552724532961E+00,+95.271669833E-03
+3.110855000E-03,+370.436396891E-03,+2.552724532961E+00,+95.737750230E-03
+3.110860000E-03,+355.200844273E-03,+2.552724532961E+00,+95.267272847E-03
+3.110865000E-03,+340.379864506E-03,+2.552724532961E+00,+95.575061788E-03
+3.110870000E-03,+325.662527989E-03,+2.552724532961E+00,+95.179333153E-03
+3.110875000E-03,+311.618872366E-03,+2.552724532961E+00,+95.267272848E-03
+3.110880000E-03,+296.486962972E-03,+2.552724532961E+00,+94.928705017E-03
+3.110885000E-03,+281.873269705E-03,+2.552724532961E+00,+95.021041696E-03
+3.110890000E-03,+267.363219566E-03,+2.552724532961E+00,+94.682473862E-03
+3.110895000E-03,+251.453986106E-03,+2.552724532961E+00,+94.541770349E-03
+3.110900000E-03,+236.995757600E-03,+2.552724532961E+00,+94.374684915E-03
+3.110905000E-03,+221.293810497E-03,+2.552724532961E+00,+94.044911059E-03
+3.110910000E-03,+206.680117215E-03,+2.552724532961E+00,+93.943780398E-03
+3.110915000E-03,+190.511775666E-03,+2.552724532961E+00,+93.622800508E-03
+3.110920000E-03,+176.157190398E-03,+2.552724532961E+00,+93.367775384E-03
+3.110925000E-03,+160.299778499E-03,+2.552724532961E+00,+93.134735185E-03
+3.110930000E-03,+144.597831481E-03,+2.552724532961E+00,+92.717021622E-03
+3.110935000E-03,+128.481311586E-03,+2.552724532961E+00,+92.492775398E-03
+3.110940000E-03,+113.608510176E-03,+2.552724532961E+00,+92.110237709E-03
+3.110945000E-03,+98.010206320E-03,+2.552724532961E+00,+91.815639726E-03
+3.110950000E-03,+81.893686421E-03,+2.552724532961E+00,+91.406720127E-03
+3.110955000E-03,+67.124528235E-03,+2.552724532961E+00,+91.164885960E-03
+3.110960000E-03,+51.267116410E-03,+2.552724532961E+00,+90.571293005E-03
+3.110965000E-03,+36.083385343E-03,+2.552724532961E+00,+90.267901046E-03
+3.110970000E-03,+19.500470995E-03,+2.552724532961E+00,+89.735865877E-03
+3.110975000E-03,+5.404993762E-03,+2.552724532961E+00,+89.331343272E-03
+3.110980000E-03,-10.037845292E-03,+2.552724532961E+00,+88.896041767E-03
+3.110985000E-03,-25.428862721E-03,+2.552724532961E+00,+88.337624683E-03
+3.110990000E-03,-40.301664066E-03,+2.552724532961E+00,+87.919911121E-03
+3.110995000E-03,-55.174465405E-03,+2.552724532961E+00,+87.295539272E-03
+3.111000000E-03,-70.306374800E-03,+2.552724532961E+00,+86.838252843E-03
+3.111005000E-03,-86.371073108E-03,+2.552724532961E+00,+86.288629735E-03
+3.111010000E-03,-101.969376955E-03,+2.552724532961E+00,+85.730212654E-03
+3.111015000E-03,-116.738535109E-03,+2.552724532961E+00,+85.013504123E-03
+3.111020000E-03,-132.699590230E-03,+2.552724532961E+00,+84.591393567E-03
+3.111025000E-03,-149.023396569E-03,+2.552724532961E+00,+83.848303130E-03
+3.111030000E-03,-164.673522000E-03,+2.552724532961E+00,+83.333855892E-03
+3.111035000E-03,-179.598144988E-03,+2.552724532961E+00,+82.634735307E-03
+3.111040000E-03,-195.351913676E-03,+2.552724532961E+00,+82.041142337E-03
+3.111045000E-03,-209.965606951E-03,+2.552724532961E+00,+81.478328279E-03
+3.111050000E-03,-225.252981162E-03,+2.552724532961E+00,+80.616519238E-03
+3.111055000E-03,-241.058571381E-03,+2.552724532961E+00,+80.110865983E-03
+3.111060000E-03,-256.708696893E-03,+2.552724532961E+00,+79.315011715E-03
+3.111065000E-03,-272.047892708E-03,+2.552724532961E+00,+78.633479063E-03
+3.111070000E-03,-286.506121206E-03,+2.552724532961E+00,+77.828830829E-03
+3.111075000E-03,-302.570819514E-03,+2.552724532961E+00,+77.112122292E-03
+3.111080000E-03,-317.754550543E-03,+2.552724532961E+00,+76.272298188E-03
+3.111085000E-03,-333.508319179E-03,+2.552724532961E+00,+75.568780602E-03
+3.111090000E-03,-348.225655747E-03,+2.552724532961E+00,+74.821293173E-03
+3.111095000E-03,-362.942992212E-03,+2.552724532961E+00,+73.889132384E-03
+3.111100000E-03,-378.023080027E-03,+2.552724532961E+00,+73.102072089E-03
+3.111105000E-03,-392.066735673E-03,+2.552724532961E+00,+72.183102248E-03
+3.111110000E-03,-406.939536988E-03,+2.552724532961E+00,+71.514760545E-03
+3.111115000E-03,-422.693305688E-03,+2.552724532961E+00,+70.411117344E-03
+3.111120000E-03,-436.685139712E-03,+2.552724532961E+00,+69.593278161E-03
+3.111125000E-03,-451.557941072E-03,+2.552724532961E+00,+68.713881189E-03
+3.111130000E-03,-466.275277555E-03,+2.552724532961E+00,+67.808102292E-03
+3.111135000E-03,-479.645252314E-03,+2.552724532961E+00,+66.928705324E-03
+3.111140000E-03,-494.725340052E-03,+2.552724532961E+00,+65.908604828E-03
+3.111145000E-03,-508.717174106E-03,+2.552724532961E+00,+65.064383734E-03
+3.111150000E-03,-523.175402631E-03,+2.552724532961E+00,+64.004710379E-03
+3.111155000E-03,-535.508945197E-03,+2.552724532961E+00,+63.204459131E-03
+3.111160000E-03,-549.448957626E-03,+2.552724532961E+00,+61.946921458E-03
+3.111165000E-03,-563.959007679E-03,+2.552724532961E+00,+61.230212922E-03
+3.111170000E-03,-577.432625625E-03,+2.552724532961E+00,+60.073805900E-03
+3.111175000E-03,-590.336205904E-03,+2.552724532961E+00,+59.159233040E-03
+3.111180000E-03,-604.276218311E-03,+2.552724532961E+00,+58.152323507E-03
+3.111185000E-03,-617.231620235E-03,+2.552724532961E+00,+56.991519496E-03
+3.111190000E-03,-631.171632648E-03,+2.552724532961E+00,+56.164886346E-03
+3.111195000E-03,-643.505175223E-03,+2.552724532961E+00,+54.916142634E-03
+3.111200000E-03,-657.134257973E-03,+2.552724532961E+00,+54.124685360E-03
+3.111205000E-03,-669.415978947E-03,+2.552724532961E+00,+52.823177829E-03
+3.111210000E-03,-682.526845626E-03,+2.552724532961E+00,+52.062499454E-03
+3.111215000E-03,-694.964031425E-03,+2.552724532961E+00,+50.659861276E-03
+3.111220000E-03,-708.023076524E-03,+2.552724532961E+00,+49.965137668E-03
+3.111225000E-03,-720.045689448E-03,+2.552724532961E+00,+48.426192956E-03
+3.111230000E-03,-732.379232057E-03,+2.552724532961E+00,+47.656720608E-03
+3.111235000E-03,-745.697385159E-03,+2.552724532961E+00,+46.161745744E-03
+3.111240000E-03,-758.238214127E-03,+2.552724532961E+00,+45.343906565E-03
+3.111245000E-03,-769.120751816E-03,+2.552724532961E+00,+43.985238228E-03
+3.111250000E-03,-781.920688800E-03,+2.552724532961E+00,+43.070665381E-03
+3.111255000E-03,-792.544118334E-03,+2.552724532961E+00,+41.624057351E-03
+3.111260000E-03,-805.136768984E-03,+2.552724532961E+00,+40.718278475E-03
+3.111265000E-03,-815.293803998E-03,+2.552724532961E+00,+39.227700588E-03
+3.111270000E-03,-826.331806427E-03,+2.552724532961E+00,+38.357097598E-03
+3.111275000E-03,-837.732560046E-03,+2.552724532961E+00,+36.778580014E-03
+3.111280000E-03,-848.407811194E-03,+2.552724532961E+00,+35.903580036E-03
+3.111285000E-03,-859.393991980E-03,+2.552724532961E+00,+34.478956924E-03
+3.111290000E-03,-869.032811019E-03,+2.552724532961E+00,+33.379710717E-03
+3.111295000E-03,-880.329921417E-03,+2.552724532961E+00,+31.955087608E-03
+3.111300000E-03,-891.937961471E-03,+2.552724532961E+00,+30.956972045E-03
+3.111305000E-03,-902.561391015E-03,+2.552724532961E+00,+29.563127832E-03
+3.111310000E-03,-911.785637207E-03,+2.552724532961E+00,+28.472675590E-03
+3.111315000E-03,-922.927282813E-03,+2.552724532961E+00,+27.131595196E-03
+3.111320000E-03,-931.633312858E-03,+2.552724532961E+00,+25.816896724E-03
+3.111325000E-03,-942.826780047E-03,+2.552724532961E+00,+24.761620343E-03
+3.111330000E-03,-951.273702110E-03,+2.552724532961E+00,+23.227072630E-03
+3.111335000E-03,-961.171629112E-03,+2.552724532961E+00,+22.286117857E-03
+3.111340000E-03,-969.981302409E-03,+2.552724532961E+00,+20.681218391E-03
+3.111345000E-03,-978.998262074E-03,+2.552724532961E+00,+19.793027426E-03
+3.111350000E-03,-988.170686671E-03,+2.552724532961E+00,+18.148555104E-03
+3.111355000E-03,-996.773073413E-03,+2.552724532961E+00,+17.141645549E-03
+3.111360000E-03,-1.005271817091E+00,+2.552724532961E+00,+15.589509908E-03
+3.111365000E-03,-1.014547884834E+00,+2.552724532961E+00,+14.485866680E-03
+3.111370000E-03,-1.022942985240E+00,+2.552724532961E+00,+13.052449632E-03
+3.111375000E-03,-1.029627972643E+00,+2.552724532961E+00,+11.750942092E-03
+3.111380000E-03,-1.038541289096E+00,+2.552724532961E+00,+10.581344127E-03
+3.111385000E-03,-1.046521816642E+00,+2.552724532961E+00,+9.121545133E-03
+3.111390000E-03,-1.053258625650E+00,+2.552724532961E+00,+8.048680837E-03
+3.111395000E-03,-1.061550082800E+00,+2.552724532961E+00,+6.478957223E-03
+3.111400000E-03,-1.068805107924E+00,+2.552724532961E+00,+5.467650712E-03
+3.111405000E-03,-1.075438273638E+00,+2.552724532961E+00,+3.950690922E-03
+3.111410000E-03,-1.082071439434E+00,+2.552724532961E+00,+2.855841688E-03
+3.111415000E-03,-1.088186389101E+00,+2.552724532961E+00,+1.347675878E-03
+3.111420000E-03,-1.094301338785E+00,+2.552724532961E+00,+252.826645E-06
+3.111425000E-03,-1.101452720576E+00,+2.552724532961E+00,-1.264133133E-03
+3.111430000E-03,-1.107774956750E+00,+2.552724532961E+00,-2.385364282E-03
+3.111435000E-03,-1.112957117473E+00,+2.552724532961E+00,-3.722047686E-03
+3.111440000E-03,-1.118605672701E+00,+2.552724532961E+00,-5.111494908E-03
+3.111445000E-03,-1.124254227889E+00,+2.552724532961E+00,-6.289886857E-03
+3.111450000E-03,-1.129540031881E+00,+2.552724532961E+00,-7.723303924E-03
+3.111455000E-03,-1.133633938885E+00,+2.552724532961E+00,-8.928077784E-03
+3.111460000E-03,-1.139282494114E+00,+2.552724532961E+00,-10.396670732E-03
+3.111465000E-03,-1.144671941218E+00,+2.552724532961E+00,-11.632223481E-03
+3.111470000E-03,-1.149076777899E+00,+2.552724532961E+00,-13.065640551E-03
+3.111475000E-03,-1.153533436143E+00,+2.031760360940E+00,-14.195665670E-03
+3.111480000E-03,-1.157160948673E+00,-67.564376656E-03,-15.615891774E-03
+3.111485000E-03,-1.161099390862E+00,-177.017899915E-03,-16.706344033E-03
+3.111490000E-03,-1.164675081717E+00,-87.272300681E-03,-18.473931948E-03
+3.111495000E-03,-1.168302594286E+00,+204.970161667E-03,-19.256595258E-03
+3.111500000E-03,-1.172396501248E+00,-69.762874752E-03,-20.931846494E-03
+3.111505000E-03,-1.176490408259E+00,-71.176192681E-03,-21.877198248E-03
+3.111510000E-03,-1.178511450970E+00,-102.112122041E-03,-23.350188184E-03
+3.111515000E-03,-1.182087141880E+00,-20.375314458E-03,-24.708856511E-03
+3.111520000E-03,-1.184522757419E+00,-51.782348285E-03,-26.005967039E-03
+3.111525000E-03,-1.186802908161E+00,-47.699434349E-03,-27.369032358E-03
+3.111530000E-03,-1.189549453361E+00,-60.419283228E-03,-28.490263497E-03
+3.111535000E-03,-1.190689528758E+00,-51.389760884E-03,-29.976444394E-03
+3.111540000E-03,-1.193539717163E+00,-50.761619986E-03,-30.869032320E-03
+3.111545000E-03,-1.194368862867E+00,-50.918655307E-03,-32.667399143E-03
+3.111550000E-03,-1.196389905559E+00,-52.803077280E-03,-33.265389075E-03
+3.111555000E-03,-1.197322694487E+00,-50.369032144E-03,-35.204459418E-03
+3.111560000E-03,-1.197374516130E+00,-48.249057331E-03,-35.903579999E-03
+3.111565000E-03,-1.198670056288E+00,-48.092022137E-03,-37.719534764E-03
+3.111570000E-03,-1.200069239697E+00,-48.720162800E-03,-38.286745804E-03
+3.111575000E-03,-1.201157493447E+00,-48.170539734E-03,-40.120288511E-03
+3.111580000E-03,-1.201157493425E+00,-47.228328684E-03,-40.771042264E-03
+3.111585000E-03,-1.200898385430E+00,-48.720162800E-03,-42.644157830E-03
+3.111590000E-03,-1.200121061307E+00,-49.348303546E-03,-43.246544741E-03
+3.111595000E-03,-1.200431990949E+00,-49.819408994E-03,-44.943780922E-03
+3.111600000E-03,-1.199084629184E+00,-48.563127645E-03,-45.708856273E-03
+3.111605000E-03,-1.198980985995E+00,-48.641645178E-03,-47.274182909E-03
+3.111610000E-03,-1.198151840239E+00,-47.777951730E-03,-48.096419067E-03
+3.111615000E-03,-1.197322694516E+00,-45.815012037E-03,-49.613378861E-03
+3.111620000E-03,-1.195871689517E+00,-47.071293520E-03,-50.510363763E-03
+3.111625000E-03,-1.193539717167E+00,-47.385363799E-03,-52.044911497E-03
+3.111630000E-03,-1.191881425744E+00,-48.484609999E-03,-52.862750674E-03
+3.111635000E-03,-1.189756739791E+00,-48.249057222E-03,-54.230212984E-03
+3.111640000E-03,-1.187683875508E+00,-48.641645218E-03,-55.197549644E-03
+3.111645000E-03,-1.185300081593E+00,-46.678705595E-03,-56.375941597E-03
+3.111650000E-03,-1.183745433355E+00,-47.071293391E-03,-57.431217969E-03
+3.111655000E-03,-1.179547883208E+00,-45.657976898E-03,-58.653579767E-03
+3.111660000E-03,-1.176853159586E+00,-45.108353818E-03,-59.616519449E-03
+3.111665000E-03,-1.173951149560E+00,-45.893529709E-03,-60.860866171E-03
+3.111670000E-03,-1.170479101885E+00,-44.637248266E-03,-61.696293298E-03
+3.111675000E-03,-1.167266162198E+00,-46.757223122E-03,-62.949433996E-03
+3.111680000E-03,-1.163897757708E+00,-45.736494580E-03,-63.947549556E-03
+3.111685000E-03,-1.159337456263E+00,-45.657976878E-03,-65.042398794E-03
+3.111690000E-03,-1.155658122078E+00,-45.579459291E-03,-66.093278173E-03
+3.111695000E-03,-1.151460571925E+00,-44.794283440E-03,-67.148554552E-03
+3.111700000E-03,-1.146692984033E+00,-47.620916616E-03,-67.970790717E-03
+3.111705000E-03,-1.142339969031E+00,-46.678705490E-03,-69.197549506E-03
+3.111710000E-03,-1.137727845948E+00,-47.542398993E-03,-69.936242951E-03
+3.111715000E-03,-1.131768361144E+00,-44.558730699E-03,-71.250941444E-03
+3.111720000E-03,-1.127726275701E+00,-45.893529639E-03,-71.804961526E-03
+3.111725000E-03,-1.122855044560E+00,-44.166142788E-03,-73.194408756E-03
+3.111730000E-03,-1.116947381354E+00,-45.500941820E-03,-73.590137391E-03
+3.111735000E-03,-1.109744177940E+00,-43.930589951E-03,-75.146670045E-03
+3.111740000E-03,-1.104976589991E+00,-44.401695514E-03,-75.494031848E-03
+3.111745000E-03,-1.098757997147E+00,-45.108353793E-03,-77.037373543E-03
+3.111750000E-03,-1.091969366593E+00,-46.443152723E-03,-77.230840869E-03
+3.111755000E-03,-1.086009881675E+00,-44.951318594E-03,-78.822549401E-03
+3.111760000E-03,-1.080361326493E+00,-44.872801047E-03,-79.121544368E-03
+3.111765000E-03,-1.073469052711E+00,-43.695037165E-03,-80.480212702E-03
+3.111770000E-03,-1.066887708493E+00,-44.637248250E-03,-80.889132295E-03
+3.111775000E-03,-1.059062645817E+00,-42.988378947E-03,-82.111494089E-03
+3.111780000E-03,-1.052377658454E+00,-44.087625141E-03,-82.581971467E-03
+3.111785000E-03,-1.043671628404E+00,-45.343906494E-03,-83.773554371E-03
+3.111790000E-03,-1.036157495342E+00,-45.736494485E-03,-84.178076977E-03
+3.111795000E-03,-1.028280610940E+00,-44.009107554E-03,-85.330087020E-03
+3.111800000E-03,-1.019678224148E+00,-43.695037302E-03,-85.739006605E-03
+3.111805000E-03,-1.011386766988E+00,-42.909861365E-03,-86.816267908E-03
+3.111810000E-03,-1.002991666552E+00,-43.852072384E-03,-87.247172427E-03
+3.111815000E-03,-994.441101263E-03,-43.066896544E-03,-88.315639757E-03
+3.111820000E-03,-985.942357669E-03,-43.145414039E-03,-88.601443769E-03
+3.111825000E-03,-976.821754725E-03,-42.595791001E-03,-89.801820641E-03
+3.111830000E-03,-966.872006118E-03,-43.459484444E-03,-89.951318125E-03
+3.111835000E-03,-958.528727316E-03,-42.831343793E-03,-91.164885953E-03
+3.111840000E-03,-948.423513830E-03,-41.967650350E-03,-91.270413585E-03
+3.111845000E-03,-938.162835632E-03,-43.145414106E-03,-92.338880915E-03
+3.111850000E-03,-928.264908511E-03,-43.930589992E-03,-92.492775388E-03
+3.111855000E-03,-917.278727772E-03,-43.695037190E-03,-93.534860802E-03
+3.111860000E-03,-907.328979138E-03,-43.066896555E-03,-93.635991455E-03
+3.111865000E-03,-896.342798280E-03,-42.203203066E-03,-94.783604506E-03
+3.111870000E-03,-885.149331094E-03,-42.988378880E-03,-94.748428627E-03
+3.111875000E-03,-874.940474409E-03,-41.339509628E-03,-95.830086912E-03
+3.111880000E-03,-864.938904202E-03,-42.046167891E-03,-95.909232639E-03
+3.111885000E-03,-855.559193217E-03,-41.182474469E-03,-96.836996448E-03
+3.111890000E-03,-844.365726017E-03,-42.203203076E-03,-96.951318048E-03
+3.111895000E-03,-833.379545288E-03,-43.380966815E-03,-97.945036636E-03
+3.111900000E-03,-821.201467553E-03,-41.967650320E-03,-97.711996436E-03
+3.111905000E-03,-810.940789203E-03,-42.674308573E-03,-98.947549188E-03
+3.111910000E-03,-798.244495397E-03,-41.810615109E-03,-98.503453713E-03
+3.111915000E-03,-785.910952822E-03,-40.711368942E-03,-99.765388373E-03
+3.111920000E-03,-773.784696657E-03,-40.632851318E-03,-99.453202447E-03
+3.111925000E-03,-762.228478222E-03,-41.339509550E-03,-100.517272788E-03
+3.111930000E-03,-750.257686842E-03,-40.632851277E-03,-100.257850685E-03
+3.111935000E-03,-737.820501056E-03,-42.909861365E-03,-101.299936085E-03
+3.111940000E-03,-725.797888116E-03,-41.260992026E-03,-100.886619527E-03
+3.111945000E-03,-713.205237531E-03,-41.025439348E-03,-101.862750156E-03
+3.111950000E-03,-701.959948652E-03,-41.182474433E-03,-101.598931074E-03
+3.111955000E-03,-688.019936280E-03,-41.575062390E-03,-102.267272769E-03
+3.111960000E-03,-676.619182561E-03,-42.124685478E-03,-102.192524032E-03
+3.111965000E-03,-664.233818389E-03,-42.517273372E-03,-102.702574276E-03
+3.111970000E-03,-650.449270812E-03,-41.732097548E-03,-102.803704930E-03
+3.111975000E-03,-636.301971972E-03,-42.281720653E-03,-103.221418483E-03
+3.111980000E-03,-622.828354071E-03,-42.595790996E-03,-103.120287841E-03
+3.111985000E-03,-609.302914448E-03,-41.418027205E-03,-103.612750146E-03
+3.111990000E-03,-595.000150872E-03,-41.260992062E-03,-103.428076779E-03
+3.111995000E-03,-581.422889694E-03,-40.318780996E-03,-103.999684809E-03
+3.112000000E-03,-568.052914932E-03,-41.418027179E-03,-103.599559184E-03
+3.112005000E-03,-553.542864864E-03,-40.946921672E-03,-104.237121998E-03
+3.112010000E-03,-540.017425310E-03,-41.418027174E-03,-103.836996374E-03
+3.112015000E-03,-525.921948099E-03,-41.889132722E-03,-104.448177267E-03
+3.112020000E-03,-512.396508521E-03,-40.554333768E-03,-103.946920999E-03
+3.112025000E-03,-497.057312744E-03,-39.926193061E-03,-104.602071743E-03
+3.112030000E-03,-482.702727422E-03,-40.397298615E-03,-103.973302912E-03
+3.112035000E-03,-468.037212483E-03,-40.397298557E-03,-104.619659680E-03
+3.112040000E-03,-454.200843319E-03,-41.575062400E-03,-104.056845622E-03
+3.112045000E-03,-438.447074654E-03,-41.182474486E-03,-104.496544101E-03
+3.112050000E-03,-424.092489332E-03,-40.946921635E-03,-104.105212461E-03
+3.112055000E-03,-408.753293548E-03,-42.124685389E-03,-104.382222494E-03
+3.112060000E-03,-394.865102745E-03,-41.025439233E-03,-103.973302915E-03
+3.112065000E-03,-380.510517483E-03,-40.475816155E-03,-104.193152148E-03
+3.112070000E-03,-364.342175954E-03,-42.046167860E-03,-103.788629546E-03
+3.112075000E-03,-349.780304258E-03,-41.810615098E-03,-103.982096877E-03
+3.112080000E-03,-333.715605931E-03,-41.653580014E-03,-103.617147133E-03
+3.112085000E-03,-319.050091013E-03,-42.360238320E-03,-103.705086830E-03
+3.112090000E-03,-304.332754508E-03,-41.182474412E-03,-103.282976284E-03
+3.112095000E-03,-288.889915449E-03,-40.632851382E-03,-103.498428534E-03
+3.112100000E-03,-274.172578955E-03,-40.397298594E-03,-102.768529060E-03
+3.112105000E-03,-258.211523839E-03,-41.260992052E-03,-103.080714970E-03
+3.112110000E-03,-242.613219958E-03,-42.674308610E-03,-102.328830568E-03
+3.112115000E-03,-227.118559317E-03,-40.318781018E-03,-102.610237593E-03
+3.112120000E-03,-211.779363491E-03,-42.203203103E-03,-101.766016511E-03
+3.112125000E-03,-195.921951615E-03,-41.339509672E-03,-102.065011465E-03
+3.112130000E-03,-181.671009546E-03,-41.260991972E-03,-101.308730081E-03
+3.112135000E-03,-167.368245926E-03,-40.475816198E-03,-101.418654688E-03
+3.112140000E-03,-151.407190796E-03,-41.496544739E-03,-100.622800441E-03
+3.112145000E-03,-135.497957340E-03,-40.946921699E-03,-100.759106956E-03
+3.112150000E-03,-119.640545386E-03,-41.103956825E-03,-99.791770301E-03
+3.112155000E-03,-102.798523025E-03,-40.240263351E-03,-99.936870785E-03
+3.112160000E-03,-89.221261740E-03,-40.868404085E-03,-99.119031606E-03
+3.112165000E-03,-73.208385069E-03,-40.632851302E-03,-99.110237631E-03
+3.112170000E-03,-57.506438065E-03,-40.318780959E-03,-98.230840664E-03
+3.112175000E-03,-42.944566312E-03,-41.182474412E-03,-98.288001461E-03
+3.112180000E-03,-27.605370472E-03,-40.318780986E-03,-97.197549220E-03
+3.112185000E-03,-12.525282726E-03,-39.612122718E-03,-97.430589412E-03
+3.112190000E-03,+3.280307614E-03,-40.868404193E-03,-96.203830641E-03
+3.112195000E-03,+19.396827464E-03,-42.124685446E-03,-96.388503997E-03
+3.112200000E-03,+34.943309688E-03,-40.475816117E-03,-95.342021599E-03
+3.112205000E-03,+50.852543260E-03,-41.653579961E-03,-95.276066823E-03
+3.112210000E-03,+64.896198842E-03,-40.240263448E-03,-94.255966337E-03
+3.112215000E-03,+81.427291662E-03,-40.004710643E-03,-94.110865825E-03
+3.112220000E-03,+96.818309103E-03,-39.298052386E-03,-93.090765348E-03
+3.112225000E-03,+111.380180781E-03,-41.732097581E-03,-92.857725136E-03
+3.112230000E-03,+126.874841430E-03,-41.103956787E-03,-91.855212597E-03
+3.112235000E-03,+142.939539707E-03,-40.554333807E-03,-91.499056815E-03
+3.112240000E-03,+159.159702800E-03,-41.339509618E-03,-90.619659843E-03
+3.112245000E-03,+173.877039372E-03,-41.418027167E-03,-90.210740247E-03
+3.112250000E-03,+189.423521617E-03,-40.475816215E-03,-89.340137245E-03
+3.112255000E-03,+204.399966220E-03,-41.260992031E-03,-88.970790507E-03
+3.112260000E-03,+220.153734863E-03,-40.554333715E-03,-87.994659869E-03
+3.112265000E-03,+234.974714600E-03,-41.182474444E-03,-87.572549321E-03
+3.112270000E-03,+249.795694352E-03,-41.653579907E-03,-86.442524218E-03
+3.112275000E-03,+264.979425366E-03,-41.889132663E-03,-86.156720188E-03
+3.112280000E-03,+280.266799524E-03,-41.967650381E-03,-85.004710157E-03
+3.112285000E-03,+295.657816943E-03,-40.632851329E-03,-84.481468950E-03
+3.112290000E-03,+311.256120785E-03,-41.418027167E-03,-83.434986565E-03
+3.112295000E-03,+325.558884541E-03,-40.240263405E-03,-82.836996601E-03
+3.112300000E-03,+341.053545114E-03,-41.339509602E-03,-81.812499140E-03
+3.112305000E-03,+354.527163093E-03,-41.575062336E-03,-81.223303155E-03
+3.112310000E-03,+370.073645338E-03,-41.967650299E-03,-80.146041866E-03
+3.112315000E-03,+384.583695449E-03,-41.260992020E-03,-79.486494128E-03
+3.112320000E-03,+399.301031934E-03,-40.868404085E-03,-78.435614749E-03
+3.112325000E-03,+414.277476501E-03,-41.418027195E-03,-77.622172545E-03
+3.112330000E-03,+428.942991430E-03,-41.967650266E-03,-76.553705221E-03
+3.112335000E-03,+442.986647080E-03,-41.182474461E-03,-75.942524315E-03
+3.112340000E-03,+456.408443419E-03,-40.946921650E-03,-74.548680122E-03
+3.112345000E-03,+471.022136701E-03,-41.732097510E-03,-74.205715296E-03
+3.112350000E-03,+485.584008400E-03,-41.260991982E-03,-72.631594708E-03
+3.112355000E-03,+499.472199242E-03,-40.475816122E-03,-72.420539438E-03
+3.112360000E-03,+512.893995566E-03,-40.946921655E-03,-70.705715333E-03
+3.112365000E-03,+528.025904926E-03,-41.339509602E-03,-70.499057039E-03
+3.112370000E-03,+541.810452565E-03,-40.554333830E-03,-68.793026917E-03
+3.112375000E-03,+555.698643323E-03,-41.418027211E-03,-68.494031940E-03
+3.112380000E-03,+567.876721148E-03,-40.554333759E-03,-66.796795783E-03
+3.112385000E-03,+582.542235971E-03,-40.946921672E-03,-66.445036981E-03
+3.112390000E-03,+595.704924349E-03,-41.418027178E-03,-64.840137512E-03
+3.112395000E-03,+609.593115118E-03,-41.967650326E-03,-64.237750570E-03
+3.112400000E-03,+621.978479370E-03,-41.496544826E-03,-62.786745580E-03
+3.112405000E-03,+635.607562116E-03,-40.789886520E-03,-61.867775726E-03
+3.112410000E-03,+647.785639860E-03,-40.789886470E-03,-60.794911424E-03
+3.112415000E-03,+660.948328183E-03,-42.281720675E-03,-59.735238056E-03
+3.112420000E-03,+673.489157154E-03,-41.182474439E-03,-58.614006928E-03
+3.112425000E-03,+684.838089227E-03,-41.418027161E-03,-57.607097381E-03
+3.112430000E-03,+697.327096649E-03,-42.517273403E-03,-56.419911474E-03
+3.112435000E-03,+709.608817612E-03,-39.847675520E-03,-55.430589869E-03
+3.112440000E-03,+721.786895338E-03,-41.260992043E-03,-54.203831089E-03
+3.112445000E-03,+734.535010830E-03,-42.360238279E-03,-53.047424068E-03
+3.112450000E-03,+746.402158849E-03,-42.203203032E-03,-51.759107500E-03
+3.112455000E-03,+758.580236685E-03,-42.438755760E-03,-50.835740665E-03
+3.112460000E-03,+770.188276717E-03,-42.281720725E-03,-49.375941701E-03
+3.112465000E-03,+782.003603287E-03,-41.260992004E-03,-48.527323610E-03
+3.112470000E-03,+792.730675984E-03,-42.595790945E-03,-46.957600018E-03
+3.112475000E-03,+804.856932161E-03,-41.575062324E-03,-46.113378913E-03
+3.112480000E-03,+814.495751176E-03,-41.260992048E-03,-44.671167881E-03
+3.112485000E-03,+826.000148056E-03,-41.418027189E-03,-43.593906578E-03
+3.112490000E-03,+835.949896641E-03,-41.103956852E-03,-42.367147804E-03
+3.112495000E-03,+847.143363888E-03,-41.575062380E-03,-41.210740773E-03
+3.112500000E-03,+857.300398936E-03,-41.025439304E-03,-39.887248340E-03
+3.112505000E-03,+867.923828433E-03,-41.889132728E-03,-38.770414167E-03
+3.112510000E-03,+879.065474098E-03,-42.124685507E-03,-37.385363936E-03
+3.112515000E-03,+888.911579502E-03,-40.868404051E-03,-36.228956915E-03
+3.112520000E-03,+900.208689993E-03,-41.418027161E-03,-34.764760948E-03
+3.112525000E-03,+908.655612020E-03,-41.810615113E-03,-33.819409204E-03
+3.112530000E-03,+918.605360635E-03,-42.124685422E-03,-32.183730825E-03
+3.112535000E-03,+927.415033923E-03,-42.203203088E-03,-31.445037357E-03
+3.112540000E-03,+936.794744877E-03,-42.203203100E-03,-29.598303719E-03
+3.112545000E-03,+945.656239712E-03,-41.575062414E-03,-28.912374074E-03
+3.112550000E-03,+953.325837669E-03,-42.360238234E-03,-26.880967070E-03
+3.112555000E-03,+961.772759689E-03,-40.397298613E-03,-26.344534902E-03
+3.112560000E-03,+970.686076199E-03,-42.046167937E-03,-24.295539960E-03
+3.112565000E-03,+979.392106234E-03,-41.967650316E-03,-23.662374122E-03
+3.112570000E-03,+987.839028261E-03,-42.046167903E-03,-21.754082704E-03
+3.112575000E-03,+996.182307002E-03,-41.889132677E-03,-21.006595251E-03
+3.112580000E-03,+1.002711829647E+00,-41.339509659E-03,-19.080715899E-03
+3.112585000E-03,+1.012091540538E+00,-43.145414111E-03,-18.385992269E-03
+3.112590000E-03,+1.018310133459E+00,-43.930589982E-03,-16.512876734E-03
+3.112595000E-03,+1.025565158503E+00,-41.889132831E-03,-15.633479745E-03
+3.112600000E-03,+1.033234756395E+00,-42.360238217E-03,-14.046168205E-03
+3.112605000E-03,+1.040437959851E+00,-42.203203123E-03,-13.030464691E-03
+3.112610000E-03,+1.047744806495E+00,-43.773554802E-03,-11.460741096E-03
+3.112615000E-03,+1.053082432070E+00,-41.810615187E-03,-10.449434570E-03
+3.112620000E-03,+1.061114781267E+00,-42.438755815E-03,-8.721419521E-03
+3.112625000E-03,+1.066193298729E+00,-41.260992083E-03,-7.907977319E-03
+3.112630000E-03,+1.073603788668E+00,-42.124685496E-03,-6.149183366E-03
+3.112635000E-03,+1.080029668018E+00,-41.810615136E-03,-5.287374332E-03
+3.112640000E-03,+1.085730044815E+00,-40.946921752E-03,-3.572550224E-03
+3.112645000E-03,+1.090964027141E+00,-42.438755815E-03,-2.653580386E-03
+3.112650000E-03,+1.096560760723E+00,-41.810615119E-03,-1.013505026E-03
+3.112655000E-03,+1.102468424022E+00,-42.124685501E-03,-54.962325E-06
+3.112660000E-03,+1.106147758210E+00,-43.538002000E-03,+1.593907005E-03
+3.112665000E-03,+1.112210886221E+00,-29.090766451E-03,+2.763504979E-03
+3.112670000E-03,+1.115527469127E+00,+1.971066216562E+00,+4.267273807E-03
+3.112675000E-03,+1.119828662567E+00,+2.552724532961E+00,+5.318153194E-03
+3.112680000E-03,+1.122264278077E+00,+2.552724532961E+00,+6.624057703E-03
+3.112685000E-03,+1.126513649913E+00,+2.552724532961E+00,+8.004710965E-03
+3.112690000E-03,+1.130814843331E+00,+2.552724532961E+00,+9.288630535E-03
+3.112695000E-03,+1.133924139742E+00,+2.552724532961E+00,+10.642901886E-03
+3.112700000E-03,+1.136981614614E+00,+2.552724532961E+00,+11.830087794E-03
+3.112705000E-03,+1.138950835733E+00,+2.552724532961E+00,+13.188756129E-03
+3.112710000E-03,+1.142681991498E+00,+2.552724532961E+00,+14.433102848E-03
+3.112715000E-03,+1.145428536661E+00,+2.552724532961E+00,+15.760992282E-03
+3.112720000E-03,+1.148900584389E+00,+2.552724532961E+00,+17.014132970E-03
+3.112725000E-03,+1.150662519009E+00,+2.552724532961E+00,+18.346419385E-03
+3.112730000E-03,+1.152994491365E+00,+2.552724532961E+00,+19.595163094E-03
+3.112735000E-03,+1.153927280303E+00,+2.552724532961E+00,+20.857097759E-03
+3.112740000E-03,+1.156103787795E+00,+2.552724532961E+00,+22.193781155E-03
+3.112745000E-03,+1.157606614435E+00,+2.552724532961E+00,+23.319409288E-03
+3.112750000E-03,+1.160042229956E+00,+2.552724532961E+00,+24.748429364E-03
+3.112755000E-03,+1.161441413396E+00,+2.552724532961E+00,+25.909233380E-03
+3.112760000E-03,+1.161545056627E+00,+2.552724532961E+00,+27.272298684E-03
+3.112765000E-03,+1.162840596791E+00,+2.552724532961E+00,+28.450690642E-03
+3.112770000E-03,+1.163721564110E+00,+2.552724532961E+00,+29.725816242E-03
+3.112775000E-03,+1.164084315367E+00,+2.552724532961E+00,+30.978956949E-03
+3.112780000E-03,+1.163514277680E+00,+2.552724532961E+00,+32.174936815E-03
+3.112785000E-03,+1.163514277738E+00,+2.552724532961E+00,+33.463253397E-03
+3.112790000E-03,+1.163462456065E+00,+2.552724532961E+00,+34.571293581E-03
+3.112795000E-03,+1.162944240029E+00,+2.552724532961E+00,+35.929961917E-03
+3.112800000E-03,+1.162736953568E+00,+2.552724532961E+00,+36.936871453E-03
+3.112805000E-03,+1.161596878269E+00,+2.552724532961E+00,+38.418655353E-03
+3.112810000E-03,+1.160249516478E+00,+2.552724532961E+00,+39.381595041E-03
+3.112815000E-03,+1.160249516401E+00,+2.552724532961E+00,+40.661117643E-03
+3.112820000E-03,+1.158694868223E+00,+2.552724532961E+00,+41.804333710E-03
+3.112825000E-03,+1.156725647115E+00,+2.552724532961E+00,+43.066268363E-03
+3.112830000E-03,+1.155119177341E+00,+2.552724532961E+00,+44.161117607E-03
+3.112835000E-03,+1.153149956269E+00,+2.552724532961E+00,+45.299936687E-03
+3.112840000E-03,+1.150662519086E+00,+2.552724532961E+00,+46.451946725E-03
+3.112845000E-03,+1.148848762750E+00,+2.552724532961E+00,+47.538001987E-03
+3.112850000E-03,+1.146154039235E+00,+2.552724532961E+00,+48.725187907E-03
+3.112855000E-03,+1.144236639758E+00,+2.552724532961E+00,+49.674936641E-03
+3.112860000E-03,+1.140246375986E+00,+2.552724532961E+00,+51.007223058E-03
+3.112865000E-03,+1.137707117207E+00,+2.552724532961E+00,+51.767901449E-03
+3.112870000E-03,+1.134338712678E+00,+2.552724532961E+00,+53.192524542E-03
+3.112875000E-03,+1.130503913751E+00,+2.552724532961E+00,+53.997172773E-03
+3.112880000E-03,+1.126980044477E+00,+2.552724532961E+00,+55.215137596E-03
+3.112885000E-03,+1.122627029429E+00,+2.552724532961E+00,+56.076946625E-03
+3.112890000E-03,+1.118740408907E+00,+2.552724532961E+00,+57.299308416E-03
+3.112895000E-03,+1.114335572267E+00,+2.552724532961E+00,+58.121544590E-03
+3.112900000E-03,+1.109775270781E+00,+2.552724532961E+00,+59.379082266E-03
+3.112905000E-03,+1.104904039658E+00,+2.552724532961E+00,+60.126569696E-03
+3.112910000E-03,+1.099514592491E+00,+2.552724532961E+00,+61.252197830E-03
+3.112915000E-03,+1.093347821255E+00,+2.552724532961E+00,+62.131594801E-03
+3.112920000E-03,+1.087751087627E+00,+2.552724532961E+00,+63.182474186E-03
+3.112925000E-03,+1.082206175587E+00,+2.552724532961E+00,+64.158604833E-03
+3.112930000E-03,+1.076143047550E+00,+2.552724532961E+00,+65.038001806E-03
+3.112935000E-03,+1.070857243591E+00,+2.552724532961E+00,+66.088881188E-03
+3.112940000E-03,+1.064638650685E+00,+2.552724532961E+00,+66.955087215E-03
+3.112945000E-03,+1.057850020116E+00,+2.552724532961E+00,+68.019157550E-03
+3.112950000E-03,+1.052875145774E+00,+2.552724532961E+00,+68.797423883E-03
+3.112955000E-03,+1.045309191101E+00,+2.552724532961E+00,+69.843906270E-03
+3.112960000E-03,+1.038054166136E+00,+2.552724532961E+00,+70.397926379E-03
+3.112965000E-03,+1.031369178684E+00,+2.552724532961E+00,+71.730212784E-03
+3.112970000E-03,+1.022922256620E+00,+2.552724532961E+00,+72.033604753E-03
+3.112975000E-03,+1.016600020527E+00,+2.552724532961E+00,+73.361494178E-03
+3.112980000E-03,+1.007479417621E+00,+2.552724532961E+00,+73.673680110E-03
+3.112985000E-03,+1.000431679094E+00,+2.552724532961E+00,+75.036745410E-03
+3.112990000E-03,+992.088400190E-03,+2.552724532961E+00,+75.318152457E-03
+3.112995000E-03,+983.434191724E-03,+2.552724532961E+00,+76.628453934E-03
+3.113000000E-03,+975.142734594E-03,+2.552724532961E+00,+76.848303195E-03
+3.113005000E-03,+967.628601497E-03,+2.552724532961E+00,+78.308102157E-03
+3.113010000E-03,+957.782496087E-03,+2.552724532961E+00,+78.343278053E-03
+3.113015000E-03,+950.112898171E-03,+2.552724532961E+00,+79.622800641E-03
+3.113020000E-03,+942.339657028E-03,+2.552724532961E+00,+79.737122259E-03
+3.113025000E-03,+932.597194853E-03,+2.552724532961E+00,+81.029835793E-03
+3.113030000E-03,+923.424770316E-03,+2.552724532961E+00,+81.069408681E-03
+3.113035000E-03,+913.578664910E-03,+2.552724532961E+00,+82.278579508E-03
+3.113040000E-03,+903.421629895E-03,+2.552724532961E+00,+82.344534298E-03
+3.113045000E-03,+894.093740484E-03,+2.552724532961E+00,+83.628453863E-03
+3.113050000E-03,+882.641165270E-03,+2.552724532961E+00,+83.632850862E-03
+3.113055000E-03,+873.986956776E-03,+2.552724532961E+00,+84.837624705E-03
+3.113060000E-03,+863.363527261E-03,+2.552724532961E+00,+84.965137276E-03
+3.113065000E-03,+852.636454584E-03,+2.552724532961E+00,+85.866519166E-03
+3.113070000E-03,+843.204921958E-03,+2.552724532961E+00,+86.095162398E-03
+3.113075000E-03,+832.840600393E-03,+2.552724532961E+00,+86.970162367E-03
+3.113080000E-03,+820.507057883E-03,+2.552724532961E+00,+87.106468918E-03
+3.113085000E-03,+809.572698644E-03,+2.552724532961E+00,+87.977071916E-03
+3.113090000E-03,+797.757372170E-03,+2.552724532961E+00,+88.126569405E-03
+3.113095000E-03,+787.496693892E-03,+2.552724532961E+00,+88.874056832E-03
+3.113100000E-03,+775.681367357E-03,+2.552724532961E+00,+89.146669896E-03
+3.113105000E-03,+764.384257001E-03,+2.552724532961E+00,+89.845790485E-03
+3.113110000E-03,+752.568930487E-03,+2.552724532961E+00,+90.052448783E-03
+3.113115000E-03,+739.976279864E-03,+2.552724532961E+00,+90.751569368E-03
+3.113120000E-03,+729.352850318E-03,+2.552724532961E+00,+90.760363349E-03
+3.113125000E-03,+717.641167014E-03,+2.552724532961E+00,+91.644157299E-03
+3.113130000E-03,+705.255802809E-03,+2.552724532961E+00,+91.525438725E-03
+3.113135000E-03,+693.595941141E-03,+2.552724532961E+00,+92.347674876E-03
+3.113140000E-03,+680.018680020E-03,+2.552724532961E+00,+92.250941221E-03
+3.113145000E-03,+667.633315835E-03,+2.552724532961E+00,+92.994031653E-03
+3.113150000E-03,+655.040665168E-03,+2.552724532961E+00,+92.888504042E-03
+3.113155000E-03,+642.655301024E-03,+2.552724532961E+00,+93.605212555E-03
+3.113160000E-03,+629.078039838E-03,+2.552724532961E+00,+93.367775386E-03
+3.113165000E-03,+617.055426967E-03,+2.552724532961E+00,+94.124056767E-03
+3.113170000E-03,+602.389912028E-03,+2.552724532961E+00,+93.851443728E-03
+3.113175000E-03,+590.730050324E-03,+2.552724532961E+00,+94.462624609E-03
+3.113180000E-03,+577.722826817E-03,+2.552724532961E+00,+94.365890959E-03
+3.113185000E-03,+564.301030507E-03,+2.552724532961E+00,+94.814383395E-03
+3.113190000E-03,+550.982877310E-03,+2.552724532961E+00,+94.726443710E-03
+3.113195000E-03,+536.576470462E-03,+2.552724532961E+00,+95.108981389E-03
+3.113200000E-03,+521.703669179E-03,+2.552724532961E+00,+94.946292962E-03
+3.113205000E-03,+508.178229617E-03,+2.552724532961E+00,+95.465137163E-03
+3.113210000E-03,+493.357249836E-03,+2.552724532961E+00,+95.174936167E-03
+3.113215000E-03,+479.313594260E-03,+2.552724532961E+00,+95.667398466E-03
+3.113220000E-03,+465.684511431E-03,+2.552724532961E+00,+95.214509037E-03
+3.113225000E-03,+451.692677467E-03,+2.552724532961E+00,+95.711368317E-03
+3.113230000E-03,+437.649021822E-03,+2.552724532961E+00,+95.245287931E-03
+3.113235000E-03,+423.916295802E-03,+2.552724532961E+00,+95.904835649E-03
+3.113240000E-03,+408.784386392E-03,+2.552724532961E+00,+95.179333155E-03
+3.113245000E-03,+393.963406749E-03,+2.552724532961E+00,+95.931217555E-03
+3.113250000E-03,+379.505178232E-03,+2.552724532961E+00,+95.161745222E-03
+3.113255000E-03,+363.803231168E-03,+2.552724532961E+00,+95.816895954E-03
+3.113260000E-03,+349.448645895E-03,+2.552724532961E+00,+95.205715066E-03
+3.113265000E-03,+333.176661128E-03,+2.552724532961E+00,+95.601443690E-03
+3.113270000E-03,+319.754864831E-03,+2.552724532961E+00,+94.999056782E-03
+3.113275000E-03,+304.674777049E-03,+2.552724532961E+00,+95.306845708E-03
+3.113280000E-03,+290.164726932E-03,+2.552724532961E+00,+94.730840704E-03
+3.113285000E-03,+275.551033659E-03,+2.552724532961E+00,+94.999056766E-03
+3.113290000E-03,+259.952729720E-03,+2.552724532961E+00,+94.409860794E-03
+3.113295000E-03,+244.198961122E-03,+2.552724532961E+00,+94.616519085E-03
+3.113300000E-03,+230.155305408E-03,+2.552724532961E+00,+94.084483920E-03
+3.113305000E-03,+215.334325749E-03,+2.552724532961E+00,+94.181217587E-03
+3.113310000E-03,+199.839665078E-03,+2.552724532961E+00,+93.635991465E-03
+3.113315000E-03,+184.707755668E-03,+2.552724532961E+00,+93.715137186E-03
+3.113320000E-03,+168.850343827E-03,+2.552724532961E+00,+93.099559308E-03
+3.113325000E-03,+153.096575110E-03,+2.552724532961E+00,+93.178705034E-03
+3.113330000E-03,+137.601914456E-03,+2.552724532961E+00,+92.347674901E-03
+3.113335000E-03,+122.677291542E-03,+2.552724532961E+00,+92.558730162E-03
+3.113340000E-03,+106.146198762E-03,+2.552724532961E+00,+91.846418623E-03
+3.113345000E-03,+90.496073289E-03,+2.552724532961E+00,+91.842021627E-03
+3.113350000E-03,+75.312342358E-03,+2.552724532961E+00,+91.112122156E-03
+3.113355000E-03,+60.024968109E-03,+2.552724532961E+00,+90.993403545E-03
+3.113360000E-03,+45.048523517E-03,+2.552724532961E+00,+90.413001558E-03
+3.113365000E-03,+29.242933230E-03,+2.552724532961E+00,+90.114006569E-03
+3.113370000E-03,+13.696450964E-03,+2.552724532961E+00,+89.621544275E-03
+3.113375000E-03,-1.020885463E-03,+2.552724532961E+00,+89.102700051E-03
+3.113380000E-03,-15.582757257E-03,+2.552724532961E+00,+88.724559363E-03
+3.113385000E-03,-30.092807324E-03,+2.552724532961E+00,+88.135363379E-03
+3.113390000E-03,-45.328359966E-03,+2.552724532961E+00,+87.779207608E-03
+3.113395000E-03,-61.289415063E-03,+2.552724532961E+00,+87.137247809E-03
+3.113400000E-03,-76.991362043E-03,+2.552724532961E+00,+86.565639787E-03
+3.113405000E-03,-92.693309165E-03,+2.552724532961E+00,+86.222674952E-03
+3.113410000E-03,-107.928861791E-03,+2.552724532961E+00,+85.347674977E-03
+3.113415000E-03,-124.511776173E-03,+2.552724532961E+00,+85.088252865E-03
+3.113420000E-03,-139.850971964E-03,+2.552724532961E+00,+84.173680011E-03
+3.113425000E-03,-154.931059796E-03,+2.552724532961E+00,+83.980212673E-03
+3.113430000E-03,-171.099401269E-03,+2.552724532961E+00,+82.801820736E-03
+3.113435000E-03,-186.904991585E-03,+2.552724532961E+00,+82.713881027E-03
+3.113440000E-03,-202.296009017E-03,+2.552724532961E+00,+81.522298137E-03
+3.113445000E-03,-215.925091768E-03,+2.552724532961E+00,+81.500313203E-03
+3.113450000E-03,-231.989790047E-03,+2.552724532961E+00,+80.150438855E-03
+3.113455000E-03,-247.225342760E-03,+2.552724532961E+00,+80.062499144E-03
+3.113460000E-03,-263.290041022E-03,+2.552724532961E+00,+78.769785602E-03
+3.113465000E-03,-278.836523280E-03,+2.552724532961E+00,+78.519157459E-03
+3.113470000E-03,-293.191108541E-03,+2.552724532961E+00,+77.433102202E-03
+3.113475000E-03,-309.981309345E-03,+2.552724532961E+00,+77.002197672E-03
+3.113480000E-03,-323.765856927E-03,+2.552724532961E+00,+75.916142415E-03
+3.113485000E-03,-339.519625607E-03,+2.552724532961E+00,+75.401695187E-03
+3.113490000E-03,-353.926032475E-03,+2.552724532961E+00,+74.311242936E-03
+3.113495000E-03,-368.436082626E-03,+2.552724532961E+00,+73.748428866E-03
+3.113500000E-03,-385.226283409E-03,+2.552724532961E+00,+72.732725358E-03
+3.113505000E-03,-399.373582290E-03,+2.552724532961E+00,+72.095162555E-03
+3.113510000E-03,-413.002665100E-03,+2.552724532961E+00,+71.017901253E-03
+3.113515000E-03,-427.771823192E-03,+2.552724532961E+00,+70.345162579E-03
+3.113520000E-03,-443.214662222E-03,+2.552724532961E+00,+69.135991732E-03
+3.113525000E-03,-457.931998706E-03,+2.552724532961E+00,+68.507222895E-03
+3.113530000E-03,-471.612903107E-03,+2.552724532961E+00,+67.302449040E-03
+3.113535000E-03,-486.589347666E-03,+2.552724532961E+00,+66.634107342E-03
+3.113540000E-03,-501.721257039E-03,+2.552724532961E+00,+65.574433985E-03
+3.113545000E-03,-514.883945374E-03,+2.552724532961E+00,+64.633479219E-03
+3.113550000E-03,-528.772136137E-03,+2.552724532961E+00,+63.705715411E-03
+3.113555000E-03,-542.297575746E-03,+2.552724532961E+00,+62.676820943E-03
+3.113560000E-03,-554.993869563E-03,+2.552724532961E+00,+61.709484278E-03
+3.113565000E-03,-568.674773934E-03,+2.552724532961E+00,+60.772926499E-03
+3.113570000E-03,-582.096570286E-03,+2.552724532961E+00,+59.867147608E-03
+3.113575000E-03,-595.881117894E-03,+2.552724532961E+00,+58.728328533E-03
+3.113580000E-03,-609.717487088E-03,+2.552724532961E+00,+57.875313454E-03
+3.113585000E-03,-622.776532195E-03,+2.552724532961E+00,+56.688127547E-03
+3.113590000E-03,-635.680112467E-03,+2.552724532961E+00,+55.764760715E-03
+3.113595000E-03,-649.361016784E-03,+2.552724532961E+00,+54.727072292E-03
+3.113600000E-03,-662.057310613E-03,+2.552724532961E+00,+53.456343659E-03
+3.113605000E-03,-674.442674841E-03,+2.552724532961E+00,+52.651695428E-03
+3.113610000E-03,-686.828039029E-03,+2.552724532961E+00,+51.315012027E-03
+3.113615000E-03,-699.368868037E-03,+2.552724532961E+00,+50.523554749E-03
+3.113620000E-03,-712.583377907E-03,+2.552724532961E+00,+49.147298490E-03
+3.113625000E-03,-724.709634105E-03,+2.552724532961E+00,+48.259107532E-03
+3.113630000E-03,-737.820500812E-03,+2.552724532961E+00,+46.913630169E-03
+3.113635000E-03,-749.635827352E-03,+2.552724532961E+00,+46.056218104E-03
+3.113640000E-03,-761.969369878E-03,+2.552724532961E+00,+44.657976927E-03
+3.113645000E-03,-774.199269266E-03,+2.552724532961E+00,+43.703831199E-03
+3.113650000E-03,-785.703666081E-03,+2.552724532961E+00,+42.345162887E-03
+3.113655000E-03,-797.156241446E-03,+2.552724532961E+00,+41.347047304E-03
+3.113660000E-03,-807.831492489E-03,+2.552724532961E+00,+40.093906628E-03
+3.113665000E-03,-819.905927033E-03,+2.552724532961E+00,+38.906720702E-03
+3.113670000E-03,-830.684821369E-03,+2.552724532961E+00,+37.772298613E-03
+3.113675000E-03,-842.500147944E-03,+2.552724532961E+00,+36.563127753E-03
+3.113680000E-03,-852.812647846E-03,+2.552724532961E+00,+35.279208181E-03
+3.113685000E-03,-862.503288429E-03,+2.552724532961E+00,+34.232725771E-03
+3.113690000E-03,-873.230361191E-03,+2.552724532961E+00,+32.777323785E-03
+3.113695000E-03,-884.268363555E-03,+2.552724532961E+00,+31.660489625E-03
+3.113700000E-03,-895.306365980E-03,+2.552724532961E+00,+30.424936879E-03
+3.113705000E-03,-905.826152260E-03,+2.552724532961E+00,+29.259735874E-03
+3.113710000E-03,-916.086830572E-03,+2.552724532961E+00,+27.874685653E-03
+3.113715000E-03,-926.606616875E-03,+2.552724532961E+00,+26.691896710E-03
+3.113720000E-03,-935.986327816E-03,+2.552724532961E+00,+25.324434419E-03
+3.113725000E-03,-944.277785044E-03,+2.552724532961E+00,+24.251570103E-03
+3.113730000E-03,-954.486641745E-03,+2.552724532961E+00,+22.717022387E-03
+3.113735000E-03,-964.591855131E-03,+2.552724532961E+00,+21.661746015E-03
+3.113740000E-03,-973.867922905E-03,+2.552724532961E+00,+20.254710854E-03
+3.113745000E-03,-982.314844955E-03,+2.552724532961E+00,+19.155464635E-03
+3.113750000E-03,-990.865410151E-03,+2.552724532961E+00,+17.744032484E-03
+3.113755000E-03,-999.778726665E-03,+2.552724532961E+00,+16.631595318E-03
+3.113760000E-03,-1.009002972810E+00,+2.552724532961E+00,+15.017901866E-03
+3.113765000E-03,-1.017138965177E+00,+2.552724532961E+00,+14.094535038E-03
+3.113770000E-03,-1.025482243990E+00,+2.552724532961E+00,+12.401695863E-03
+3.113775000E-03,-1.033255485165E+00,+2.552724532961E+00,+11.557474765E-03
+3.113780000E-03,-1.041391477471E+00,+2.552724532961E+00,+9.838253675E-03
+3.113785000E-03,-1.049786577879E+00,+2.552724532961E+00,+8.866520021E-03
+3.113790000E-03,-1.057041602935E+00,+2.552724532961E+00,+7.244032606E-03
+3.113795000E-03,-1.064348449595E+00,+2.552724532961E+00,+6.263504967E-03
+3.113800000E-03,-1.071188901805E+00,+2.552724532961E+00,+4.649811536E-03
+3.113805000E-03,-1.078599391662E+00,+2.552724532961E+00,+3.673680871E-03
+3.113810000E-03,-1.085388022243E+00,+2.552724532961E+00,+2.165515071E-03
+3.113815000E-03,-1.091295685553E+00,+2.552724532961E+00,+995.917089E-06
+3.113820000E-03,-1.097825208091E+00,+2.552724532961E+00,-283.605506E-06
+3.113825000E-03,-1.104251087323E+00,+2.552724532961E+00,-1.717022582E-03
+3.113830000E-03,-1.110314215517E+00,+2.552724532961E+00,-2.842650702E-03
+3.113835000E-03,-1.116118235472E+00,+2.552724532961E+00,-4.385992400E-03
+3.113840000E-03,-1.121196753093E+00,+2.552724532961E+00,-5.480841630E-03
+3.113845000E-03,-1.126327092164E+00,+2.552724532961E+00,-6.879082832E-03
+3.113850000E-03,-1.131664717735E+00,+2.552724532961E+00,-8.079459695E-03
+3.113855000E-03,-1.135758624757E+00,+2.552724532961E+00,-9.583228528E-03
+3.113860000E-03,-1.141044428756E+00,+2.552724532961E+00,-10.713253641E-03
+3.113865000E-03,-1.145915659798E+00,+2.552724532961E+00,-12.146670716E-03
+3.113870000E-03,-1.151719679841E+00,+2.552724532961E+00,-13.399811395E-03
+3.113875000E-03,-1.155347192365E+00,+916.732126903E-03,-14.872801333E-03
+3.113880000E-03,-1.159389277805E+00,-164.926190656E-03,-15.963253569E-03
+3.113885000E-03,-1.163120433509E+00,-181.022297183E-03,-17.387876687E-03
+3.113890000E-03,-1.167266162033E+00,+75.259101405E-03,-18.469534969E-03
+3.113895000E-03,-1.170893674671E+00,+94.967026095E-03,-20.175565095E-03
+3.113900000E-03,-1.174469365579E+00,-83.032348464E-03,-20.962625387E-03
+3.113905000E-03,-1.177112267495E+00,-83.739006080E-03,-22.888504759E-03
+3.113910000E-03,-1.180325207243E+00,-76.907977678E-03,-23.464509780E-03
+3.113915000E-03,-1.183849076521E+00,-20.689383873E-03,-25.438756001E-03
+3.113920000E-03,-1.186543800075E+00,-54.766017075E-03,-26.269786133E-03
+3.113925000E-03,-1.188461199609E+00,-49.662373746E-03,-27.883479583E-03
+3.113930000E-03,-1.190119491031E+00,-61.047424036E-03,-28.951946913E-03
+3.113935000E-03,-1.192866036219E+00,-47.228328606E-03,-30.301821273E-03
+3.113940000E-03,-1.194835257325E+00,-53.117147585E-03,-31.612122757E-03
+3.113945000E-03,-1.195612581424E+00,-49.112750744E-03,-32.786117727E-03
+3.113950000E-03,-1.196908121585E+00,-51.939383893E-03,-34.162373982E-03
+3.113955000E-03,-1.197478159325E+00,-48.406092346E-03,-35.288002117E-03
+3.113960000E-03,-1.197944553752E+00,-49.034233130E-03,-36.848931733E-03
+3.113965000E-03,-1.198048197025E+00,-46.992775952E-03,-37.693152859E-03
+3.113970000E-03,-1.199395558824E+00,-49.034233197E-03,-39.280464374E-03
+3.113975000E-03,-1.200017418149E+00,-48.955715516E-03,-40.260992031E-03
+3.113980000E-03,-1.199706488442E+00,-47.777951743E-03,-41.650439216E-03
+3.113985000E-03,-1.200483812621E+00,-48.563127580E-03,-42.736494511E-03
+3.113990000E-03,-1.200017418087E+00,-49.348303505E-03,-43.950062321E-03
+3.113995000E-03,-1.199188272407E+00,-50.054961722E-03,-45.264760821E-03
+3.114000000E-03,-1.199188272376E+00,-48.877197969E-03,-46.342022081E-03
+3.114005000E-03,-1.197322694542E+00,-46.992775966E-03,-47.568780898E-03
+3.114010000E-03,-1.196804478472E+00,-46.835740745E-03,-48.615263276E-03
+3.114015000E-03,-1.194731614177E+00,-47.542399002E-03,-50.013504482E-03
+3.114020000E-03,-1.194057933297E+00,-47.071293499E-03,-51.068780836E-03
+3.114025000E-03,-1.192555106654E+00,-48.249057286E-03,-52.365891385E-03
+3.114030000E-03,-1.190430420693E+00,-49.740891393E-03,-53.394785841E-03
+3.114035000E-03,-1.188461199649E+00,-46.757223077E-03,-54.524810964E-03
+3.114040000E-03,-1.186181048920E+00,-47.856469398E-03,-55.826318483E-03
+3.114045000E-03,-1.184419114278E+00,-46.600187902E-03,-56.644157672E-03
+3.114050000E-03,-1.180791601768E+00,-46.835740671E-03,-58.187499360E-03
+3.114055000E-03,-1.177993234977E+00,-46.364635236E-03,-58.789886293E-03
+3.114060000E-03,-1.174987581761E+00,-44.401695504E-03,-60.350815915E-03
+3.114065000E-03,-1.172655609339E+00,-45.265388949E-03,-61.054333514E-03
+3.114070000E-03,-1.169028096847E+00,-47.385363719E-03,-62.351444032E-03
+3.114075000E-03,-1.166799767725E+00,-46.757223131E-03,-63.331971680E-03
+3.114080000E-03,-1.162446752741E+00,-44.715765839E-03,-64.387248034E-03
+3.114085000E-03,-1.159130169817E+00,-47.149811032E-03,-65.499685222E-03
+3.114090000E-03,-1.155347192533E+00,-46.835740677E-03,-66.431846002E-03
+3.114095000E-03,-1.150579604627E+00,-46.443152721E-03,-67.671795751E-03
+3.114100000E-03,-1.146226589576E+00,-46.364635236E-03,-68.252197753E-03
+3.114105000E-03,-1.141873574493E+00,-46.050564806E-03,-69.760363563E-03
+3.114110000E-03,-1.137416916317E+00,-46.286117588E-03,-70.142901245E-03
+3.114115000E-03,-1.131872004352E+00,-45.972047212E-03,-71.703830877E-03
+3.114120000E-03,-1.126741665166E+00,-44.794283508E-03,-72.209484142E-03
+3.114125000E-03,-1.120574893871E+00,-45.029836133E-03,-73.546167536E-03
+3.114130000E-03,-1.115962770791E+00,-44.323177979E-03,-74.161745428E-03
+3.114135000E-03,-1.109847821162E+00,-43.930589975E-03,-75.388504205E-03
+3.114140000E-03,-1.103525585004E+00,-45.500941751E-03,-76.030463999E-03
+3.114145000E-03,-1.097099705693E+00,-44.715765860E-03,-77.147298162E-03
+3.114150000E-03,-1.090311075181E+00,-45.108353802E-03,-77.903579550E-03
+3.114155000E-03,-1.084766163112E+00,-44.637248273E-03,-78.932474027E-03
+3.114160000E-03,-1.077252030013E+00,-42.595791022E-03,-79.614006671E-03
+3.114165000E-03,-1.071188901983E+00,-44.401695422E-03,-80.647298132E-03
+3.114170000E-03,-1.064866665851E+00,-45.186871320E-03,-81.293654890E-03
+3.114175000E-03,-1.056730673549E+00,-44.794283433E-03,-82.445664944E-03
+3.114180000E-03,-1.049734756484E+00,-43.380966893E-03,-82.885363410E-03
+3.114185000E-03,-1.040976904819E+00,-43.695037220E-03,-84.076946336E-03
+3.114190000E-03,-1.033410950140E+00,-43.930590023E-03,-84.415514157E-03
+3.114195000E-03,-1.024912206526E+00,-42.517273435E-03,-85.642272953E-03
+3.114200000E-03,-1.015480673941E+00,-43.930589975E-03,-86.095162375E-03
+3.114205000E-03,-1.008225648884E+00,-43.695037227E-03,-87.071293035E-03
+3.114210000E-03,-999.675083640E-03,-44.480212974E-03,-87.669282967E-03
+3.114215000E-03,-990.917232007E-03,-42.281720632E-03,-88.473931207E-03
+3.114220000E-03,-981.537521130E-03,-42.988378964E-03,-89.168654813E-03
+3.114225000E-03,-971.950523608E-03,-42.831343825E-03,-89.788629694E-03
+3.114230000E-03,-962.363526411E-03,-44.009107527E-03,-90.584483941E-03
+3.114235000E-03,-953.398388188E-03,-41.496544879E-03,-91.028579432E-03
+3.114240000E-03,-944.174142051E-03,-42.595791070E-03,-91.824433671E-03
+3.114245000E-03,-933.913463810E-03,-42.988378985E-03,-92.233353284E-03
+3.114250000E-03,-922.668174977E-03,-44.244660330E-03,-93.130338190E-03
+3.114255000E-03,-912.303853516E-03,-44.558730685E-03,-93.490890962E-03
+3.114260000E-03,-902.094996851E-03,-42.909861384E-03,-94.247172335E-03
+3.114265000E-03,-890.797886369E-03,-42.124685437E-03,-94.730840693E-03
+3.114270000E-03,-881.003602605E-03,-44.480213001E-03,-95.271669816E-03
+3.114275000E-03,-869.913778525E-03,-41.103956853E-03,-95.750941185E-03
+3.114280000E-03,-859.497635471E-03,-41.810615241E-03,-96.252197445E-03
+3.114285000E-03,-850.791605418E-03,-43.145414125E-03,-96.727071827E-03
+3.114290000E-03,-839.805424595E-03,-42.438755848E-03,-97.377825589E-03
+3.114295000E-03,-828.249206172E-03,-44.323177938E-03,-97.799936133E-03
+3.114300000E-03,-815.604733927E-03,-42.831343846E-03,-98.340765267E-03
+3.114305000E-03,-804.307623505E-03,-41.810615186E-03,-98.666142162E-03
+3.114310000E-03,-792.492297021E-03,-39.926193096E-03,-99.180589384E-03
+3.114315000E-03,-780.780613605E-03,-42.674308456E-03,-99.527951198E-03
+3.114320000E-03,-767.980676644E-03,-41.182474433E-03,-100.046795399E-03
+3.114325000E-03,-757.512711918E-03,-42.438755876E-03,-100.200689884E-03
+3.114330000E-03,-744.453666873E-03,-43.538001990E-03,-100.807473782E-03
+3.114335000E-03,-731.809194698E-03,-42.909861398E-03,-101.014132085E-03
+3.114340000E-03,-719.890224958E-03,-43.066896440E-03,-101.339508957E-03
+3.114345000E-03,-708.334006415E-03,-41.496544831E-03,-101.766016499E-03
+3.114350000E-03,-694.964031707E-03,-42.674308476E-03,-101.845162215E-03
+3.114355000E-03,-680.920376134E-03,-41.810615137E-03,-102.240890873E-03
+3.114360000E-03,-668.794119960E-03,-41.339509565E-03,-102.364006437E-03
+3.114365000E-03,-656.771506991E-03,-41.339509629E-03,-102.812498896E-03
+3.114370000E-03,-642.468743348E-03,-41.653579935E-03,-102.935614465E-03
+3.114375000E-03,-628.217801266E-03,-41.496544866E-03,-103.256594375E-03
+3.114380000E-03,-615.003291367E-03,-42.595790994E-03,-103.260991352E-03
+3.114385000E-03,-601.581495103E-03,-41.967650262E-03,-103.643529036E-03
+3.114390000E-03,-589.092487667E-03,-42.595790945E-03,-103.538001401E-03
+3.114395000E-03,-575.100653613E-03,-40.397298569E-03,-103.797423512E-03
+3.114400000E-03,-561.627035635E-03,-42.360238289E-03,-103.951317978E-03
+3.114405000E-03,-548.567990599E-03,-41.575062376E-03,-103.973302898E-03
+3.114410000E-03,-534.990729434E-03,-42.438755834E-03,-104.254709939E-03
+3.114415000E-03,-520.843430577E-03,-40.946921700E-03,-104.078830544E-03
+3.114420000E-03,-507.007061429E-03,-41.339509664E-03,-104.377825510E-03
+3.114425000E-03,-493.222513787E-03,-41.418027251E-03,-104.193152145E-03
+3.114430000E-03,-478.090604416E-03,-40.946921764E-03,-104.373428536E-03
+3.114435000E-03,-464.409700072E-03,-42.517273343E-03,-104.272297884E-03
+3.114440000E-03,-447.774964093E-03,-41.889132703E-03,-104.408604396E-03
+3.114445000E-03,-433.109449142E-03,-41.889132717E-03,-104.210740089E-03
+3.114450000E-03,-419.791296000E-03,-42.281720653E-03,-104.456971239E-03
+3.114455000E-03,-404.089348965E-03,-41.575062355E-03,-104.043654674E-03
+3.114460000E-03,-389.475655607E-03,-39.926193061E-03,-104.223931041E-03
+3.114465000E-03,-374.499211049E-03,-41.732097586E-03,-103.999684813E-03
+3.114470000E-03,-359.211836841E-03,-41.732097536E-03,-104.048051643E-03
+3.114475000E-03,-344.028105866E-03,-41.418027138E-03,-103.700689853E-03
+3.114480000E-03,-328.896196467E-03,-42.988378993E-03,-103.819408429E-03
+3.114485000E-03,-313.867930263E-03,-41.182474440E-03,-103.278579306E-03
+3.114490000E-03,-297.647767163E-03,-40.632851359E-03,-103.568780292E-03
+3.114495000E-03,-282.464036207E-03,-41.339509629E-03,-102.896041626E-03
+3.114500000E-03,-267.539413200E-03,-41.025439216E-03,-103.159860702E-03
+3.114505000E-03,-252.614790226E-03,-41.025439223E-03,-102.627825540E-03
+3.114510000E-03,-236.550091971E-03,-40.554333701E-03,-102.658604425E-03
+3.114515000E-03,-221.262717664E-03,-40.868404021E-03,-102.086996400E-03
+3.114520000E-03,-205.819878733E-03,-41.260992106E-03,-102.104584327E-03
+3.114525000E-03,-191.568936641E-03,-40.083228235E-03,-101.506594397E-03
+3.114530000E-03,-176.747956887E-03,-40.240263395E-03,-101.449433591E-03
+3.114535000E-03,-161.097831530E-03,-40.397298577E-03,-100.970162240E-03
+3.114540000E-03,-145.758635601E-03,-40.397298569E-03,-100.697549180E-03
+3.114545000E-03,-129.383007669E-03,-39.219534806E-03,-100.257850690E-03
+3.114550000E-03,-114.510206330E-03,-41.103956768E-03,-99.994031600E-03
+3.114555000E-03,-99.119188865E-03,-39.376569916E-03,-99.501569284E-03
+3.114560000E-03,-83.935457886E-03,-40.868404149E-03,-99.268529098E-03
+3.114565000E-03,-69.321764556E-03,-40.946921665E-03,-98.569408496E-03
+3.114570000E-03,-54.811714456E-03,-39.769157930E-03,-98.450689914E-03
+3.114575000E-03,-39.057945790E-03,-41.653579956E-03,-97.641644682E-03
+3.114580000E-03,-24.081501312E-03,-40.475816207E-03,-97.518529119E-03
+3.114585000E-03,-8.275910972E-03,-40.240263309E-03,-96.643529118E-03
+3.114590000E-03,+8.307003404E-03,-40.554333672E-03,-96.577574351E-03
+3.114595000E-03,+23.905307224E-03,-41.653579942E-03,-95.641016573E-03
+3.114600000E-03,+38.933573480E-03,-40.397298605E-03,-95.583855763E-03
+3.114605000E-03,+54.583698897E-03,-42.674308523E-03,-94.537373374E-03
+3.114610000E-03,+68.575532980E-03,-39.769157880E-03,-94.383478893E-03
+3.114615000E-03,+86.143057822E-03,-42.517273335E-03,-93.570036694E-03
+3.114620000E-03,+101.067680882E-03,-40.004710641E-03,-93.055589456E-03
+3.114625000E-03,+117.184200729E-03,-41.889132796E-03,-92.514760329E-03
+3.114630000E-03,+132.678861401E-03,-41.732097543E-03,-91.776066858E-03
+3.114635000E-03,+148.743559640E-03,-41.889132789E-03,-91.279207580E-03
+3.114640000E-03,+163.927290728E-03,-41.260992049E-03,-90.413001545E-03
+3.114645000E-03,+179.214664874E-03,-40.475816207E-03,-89.911745284E-03
+3.114650000E-03,+194.761147144E-03,-41.182474469E-03,-89.168654829E-03
+3.114655000E-03,+209.271197311E-03,-41.339509550E-03,-88.671795540E-03
+3.114660000E-03,+225.854111572E-03,-40.946921795E-03,-87.827574448E-03
+3.114665000E-03,+240.105053683E-03,-40.946921650E-03,-87.176820685E-03
+3.114670000E-03,+255.547892752E-03,-41.103956795E-03,-86.354584509E-03
+3.114675000E-03,+272.130807071E-03,-41.732097507E-03,-85.668654874E-03
+3.114680000E-03,+287.159073299E-03,-40.004710721E-03,-84.903579506E-03
+3.114685000E-03,+301.876409915E-03,-39.926193025E-03,-83.945036794E-03
+3.114690000E-03,+317.371070496E-03,-41.810615203E-03,-83.426192588E-03
+3.114695000E-03,+331.622012545E-03,-39.533605097E-03,-82.304961442E-03
+3.114700000E-03,+347.686710817E-03,-39.690640242E-03,-81.764132297E-03
+3.114705000E-03,+361.885831273E-03,-40.868404114E-03,-80.642901158E-03
+3.114710000E-03,+376.447703038E-03,-41.575062376E-03,-79.983353431E-03
+3.114715000E-03,+390.076785835E-03,-40.711368874E-03,-78.932474044E-03
+3.114720000E-03,+406.141484040E-03,-40.318781048E-03,-78.334484094E-03
+3.114725000E-03,+421.687966324E-03,-40.083228258E-03,-77.138504212E-03
+3.114730000E-03,+435.213405892E-03,-40.475816149E-03,-76.456971556E-03
+3.114735000E-03,+449.101596693E-03,-42.281720645E-03,-75.419283123E-03
+3.114740000E-03,+464.233506093E-03,-40.083228229E-03,-74.548680121E-03
+3.114745000E-03,+477.707124044E-03,-41.653580000E-03,-73.484609775E-03
+3.114750000E-03,+492.320817259E-03,-40.789886417E-03,-72.649182662E-03
+3.114755000E-03,+506.260829754E-03,-40.711368889E-03,-71.615891192E-03
+3.114760000E-03,+519.475339672E-03,-39.847675511E-03,-70.921167595E-03
+3.114765000E-03,+533.674460195E-03,-41.025439288E-03,-69.562499265E-03
+3.114770000E-03,+546.837148516E-03,-40.946921635E-03,-68.999685213E-03
+3.114775000E-03,+560.725339235E-03,-41.182474463E-03,-67.539886216E-03
+3.114780000E-03,+574.458065204E-03,-42.281720579E-03,-66.977072169E-03
+3.114785000E-03,+588.449899181E-03,-42.360238218E-03,-65.416142531E-03
+3.114790000E-03,+601.560765977E-03,-43.302449241E-03,-64.879710375E-03
+3.114795000E-03,+615.500778298E-03,-40.868404107E-03,-63.349559642E-03
+3.114800000E-03,+627.834320971E-03,-42.124685420E-03,-62.698805863E-03
+3.114805000E-03,+641.204295659E-03,-41.496544789E-03,-61.208228005E-03
+3.114810000E-03,+653.693303092E-03,-41.810615079E-03,-60.544283282E-03
+3.114815000E-03,+666.182310433E-03,-41.653579949E-03,-59.247172749E-03
+3.114820000E-03,+677.893993782E-03,-41.575062317E-03,-58.297424012E-03
+3.114825000E-03,+690.642109160E-03,-41.103956876E-03,-57.250941607E-03
+3.114830000E-03,+703.234759774E-03,-41.810615160E-03,-55.967022026E-03
+3.114835000E-03,+714.739156758E-03,-40.711368837E-03,-55.061243147E-03
+3.114840000E-03,+726.917234512E-03,-41.182474470E-03,-53.619032104E-03
+3.114845000E-03,+739.250776991E-03,-41.732097499E-03,-52.634107491E-03
+3.114850000E-03,+751.221568412E-03,-41.496544760E-03,-51.266645201E-03
+3.114855000E-03,+762.674143647E-03,-42.438755731E-03,-50.356469315E-03
+3.114860000E-03,+774.334005302E-03,-41.339509644E-03,-48.830715591E-03
+3.114865000E-03,+785.061077998E-03,-41.182474433E-03,-47.999685418E-03
+3.114870000E-03,+797.031869429E-03,-41.810615078E-03,-46.566268365E-03
+3.114875000E-03,+807.914406957E-03,-39.533605097E-03,-45.537373896E-03
+3.114880000E-03,+819.159695752E-03,-40.946921642E-03,-44.249057333E-03
+3.114885000E-03,+829.524017327E-03,-40.868404137E-03,-43.105841266E-03
+3.114890000E-03,+838.540976975E-03,-40.868404107E-03,-41.808730735E-03
+3.114895000E-03,+849.164406573E-03,-41.810615160E-03,-40.762248320E-03
+3.114900000E-03,+860.979732987E-03,-40.868404152E-03,-39.333228248E-03
+3.114905000E-03,+871.551340958E-03,-41.889132688E-03,-38.295539800E-03
+3.114910000E-03,+882.122948944E-03,-41.339509518E-03,-36.668655421E-03
+3.114915000E-03,+891.761767921E-03,-42.909861260E-03,-35.820037322E-03
+3.114920000E-03,+901.866981366E-03,-41.575062384E-03,-34.316268499E-03
+3.114925000E-03,+910.728476251E-03,-42.988378996E-03,-33.234610207E-03
+3.114930000E-03,+919.849079173E-03,-42.674308506E-03,-31.827575064E-03
+3.114935000E-03,+930.006114240E-03,-43.695037198E-03,-30.631595153E-03
+3.114940000E-03,+938.919430688E-03,-42.438755715E-03,-29.352072573E-03
+3.114945000E-03,+946.796315075E-03,-40.946921761E-03,-28.173680602E-03
+3.114950000E-03,+956.590598870E-03,-42.831343770E-03,-26.757851497E-03
+3.114955000E-03,+964.363839983E-03,-40.789886587E-03,-25.399183158E-03
+3.114960000E-03,+972.499832382E-03,-41.418027262E-03,-24.146042480E-03
+3.114965000E-03,+980.843111217E-03,-42.831343785E-03,-22.708228412E-03
+3.114970000E-03,+988.875460367E-03,-42.203203058E-03,-21.613379188E-03
+3.114975000E-03,+997.322382422E-03,-41.967650342E-03,-20.166771153E-03
+3.114980000E-03,+1.004991980320E+00,-41.810615078E-03,-18.970791273E-03
+3.114985000E-03,+1.011728789239E+00,-40.318780960E-03,-17.554962140E-03
+3.114990000E-03,+1.019657495159E+00,-42.281720615E-03,-16.205087793E-03
+3.114995000E-03,+1.026653412194E+00,-40.397298607E-03,-15.079459655E-03
