x-axis,1,2,3
second,Volt,Volt,Volt
+3.105000000E-03,-1.040614153471E+00,+2.552724532961E+00,+4.324434627E-03
+3.105005000E-03,-1.048180108163E+00,+2.552724532961E+00,+3.282349211E-03
+3.105010000E-03,-1.055590598034E+00,+2.552724532961E+00,+1.668655761E-03
+3.105015000E-03,-1.062120120577E+00,+2.552724532961E+00,+705.716073E-06
+3.105020000E-03,-1.068390535083E+00,+2.552724532961E+00,-934.359286E-06
+3.105025000E-03,-1.074868236018E+00,+2.552724532961E+00,-1.809359277E-03
+3.105030000E-03,-1.080827720879E+00,+2.552724532961E+00,-3.581344183E-03
+3.105035000E-03,-1.087616351460E+00,+2.552724532961E+00,-4.311243672E-03
+3.105040000E-03,-1.094145874003E+00,+2.552724532961E+00,-6.245917018E-03
+3.105045000E-03,-1.098239780994E+00,+2.552724532961E+00,-6.936243644E-03
+3.105050000E-03,-1.104717481929E+00,+2.552724532961E+00,-8.914886839E-03
+3.105055000E-03,-1.110158750715E+00,+2.552724532961E+00,-9.534861707E-03
+3.105060000E-03,-1.113889906455E+00,+2.552724532961E+00,-11.539886811E-03
+3.105065000E-03,-1.119072067203E+00,+2.552724532961E+00,-12.304962180E-03
+3.105070000E-03,-1.125705232961E+00,+2.453321267791E+00,-14.028580252E-03
+3.105075000E-03,-1.127674454045E+00,+176.075689331E-03,-15.035489789E-03
+3.105080000E-03,-1.133012079617E+00,-173.641643869E-03,-16.363379221E-03
+3.105085000E-03,-1.136743235355E+00,-148.908603956E-03,-17.946293777E-03
+3.105090000E-03,-1.140681677524E+00,+199.945035499E-03,-18.816896783E-03
+3.105095000E-03,-1.143946438796E+00,-21.788630366E-03,-20.628454553E-03
+3.105100000E-03,-1.148247632218E+00,-73.217649975E-03,-21.301193239E-03
+3.105105000E-03,-1.151149642237E+00,-100.934358208E-03,-23.266645479E-03
+3.105110000E-03,-1.155191727620E+00,-39.612122713E-03,-24.119660545E-03
+3.105115000E-03,-1.158352845677E+00,-39.219534744E-03,-25.755338920E-03
+3.105120000E-03,-1.160788461229E+00,-51.075690411E-03,-26.775439411E-03
+3.105125000E-03,-1.162809503921E+00,-57.200062197E-03,-28.252826330E-03
+3.105130000E-03,-1.164675081790E+00,-55.237122531E-03,-29.514760990E-03
+3.105135000E-03,-1.168198951098E+00,-48.249057272E-03,-30.574434346E-03
+3.105140000E-03,-1.169494491286E+00,-51.703831104E-03,-32.170539856E-03
+3.105145000E-03,-1.170841853082E+00,-50.761620058E-03,-33.089509696E-03
+3.105150000E-03,-1.173432933455E+00,-52.017901454E-03,-34.738379024E-03
+3.105155000E-03,-1.173484755064E+00,-49.740891427E-03,-35.648554894E-03
+3.105160000E-03,-1.175453976148E+00,-49.897926603E-03,-37.169911662E-03
+3.105165000E-03,-1.176904981156E+00,-49.505338665E-03,-38.128454365E-03
+3.105170000E-03,-1.176853159550E+00,-48.406092446E-03,-39.641017163E-03
+3.105175000E-03,-1.177734126875E+00,-50.133479364E-03,-40.727072428E-03
+3.105180000E-03,-1.177319554016E+00,-48.563127618E-03,-42.032976936E-03
+3.105185000E-03,-1.176853159551E+00,-49.662373840E-03,-43.312499536E-03
+3.105190000E-03,-1.177630483662E+00,-49.583856255E-03,-44.367775906E-03
+3.105195000E-03,-1.177475018840E+00,-48.249057274E-03,-45.660489460E-03
+3.105200000E-03,-1.177526840447E+00,-48.641645207E-03,-46.847675377E-03
+3.105205000E-03,-1.176024013830E+00,-46.678705532E-03,-47.955715566E-03
+3.105210000E-03,-1.175764905793E+00,-46.835740703E-03,-49.314383894E-03
+3.105215000E-03,-1.174624830427E+00,-48.170539685E-03,-50.228956748E-03
+3.105220000E-03,-1.172603787737E+00,-45.972047247E-03,-51.816268289E-03
+3.105225000E-03,-1.172241036483E+00,-48.798680382E-03,-52.467022050E-03
+3.105230000E-03,-1.170893674689E+00,-50.447549711E-03,-54.190640123E-03
+3.105235000E-03,-1.168768988784E+00,-47.149811054E-03,-54.722675293E-03
+3.105240000E-03,-1.166437016448E+00,-47.306846224E-03,-56.424308441E-03
+3.105245000E-03,-1.165245119473E+00,-46.207600008E-03,-56.956343611E-03
+3.105250000E-03,-1.161617606951E+00,-47.856469337E-03,-58.631594849E-03
+3.105255000E-03,-1.160270245155E+00,-45.186871378E-03,-59.207599868E-03
+3.105260000E-03,-1.157160948708E+00,-46.129082422E-03,-60.676192817E-03
+3.105265000E-03,-1.155347192445E+00,-46.757223115E-03,-61.617147581E-03
+3.105270000E-03,-1.152237895996E+00,-46.600187943E-03,-62.733981739E-03
+3.105275000E-03,-1.149646815618E+00,-46.600187941E-03,-63.771670171E-03
+3.105280000E-03,-1.146019303098E+00,-46.835740702E-03,-64.835740511E-03
+3.105285000E-03,-1.141148071996E+00,-46.364635181E-03,-65.930589746E-03
+3.105290000E-03,-1.137883310722E+00,-46.835740704E-03,-66.955087222E-03
+3.105295000E-03,-1.133841225340E+00,-48.013504510E-03,-67.988378669E-03
+3.105300000E-03,-1.128710886200E+00,-45.343906550E-03,-68.880966598E-03
+3.105305000E-03,-1.125394303320E+00,-47.463881400E-03,-69.835112317E-03
+3.105310000E-03,-1.121041288294E+00,-46.914258292E-03,-70.960740445E-03
+3.105315000E-03,-1.115392733074E+00,-46.286117595E-03,-71.725815814E-03
+3.105320000E-03,-1.110366037150E+00,-44.009107570E-03,-73.000941428E-03
+3.105325000E-03,-1.104821125146E+00,-45.343906552E-03,-73.616519312E-03
+3.105330000E-03,-1.099949894046E+00,-45.265388960E-03,-74.878453971E-03
+3.105335000E-03,-1.094249517221E+00,-45.500941724E-03,-75.485237885E-03
+3.105340000E-03,-1.088445497184E+00,-45.343906550E-03,-76.711996665E-03
+3.105345000E-03,-1.082537833931E+00,-44.794283443E-03,-77.358353443E-03
+3.105350000E-03,-1.076733813893E+00,-44.558730680E-03,-78.448805691E-03
+3.105355000E-03,-1.070567042602E+00,-43.773554810E-03,-79.187499152E-03
+3.105360000E-03,-1.064452092917E+00,-43.459484461E-03,-80.137247884E-03
+3.105365000E-03,-1.058129856805E+00,-44.401695504E-03,-80.915514209E-03
+3.105370000E-03,-1.051393047832E+00,-44.244660332E-03,-81.671795607E-03
+3.105375000E-03,-1.044189844392E+00,-45.893529657E-03,-82.718278009E-03
+3.105380000E-03,-1.036623889698E+00,-44.009107568E-03,-83.355840815E-03
+3.105385000E-03,-1.029161578223E+00,-44.323177918E-03,-84.270413670E-03
+3.105390000E-03,-1.021336515492E+00,-44.087625157E-03,-84.991519189E-03
+3.105395000E-03,-1.013666917583E+00,-44.009107570E-03,-85.853328226E-03
+3.105400000E-03,-1.005271817177E+00,-43.459484462E-03,-86.530463897E-03
+3.105405000E-03,-996.617608722E-03,-43.223931704E-03,-87.277951326E-03
+3.105410000E-03,-988.896189210E-03,-44.323177919E-03,-88.047423679E-03
+3.105415000E-03,-980.967483259E-03,-42.360238238E-03,-88.641016638E-03
+3.105420000E-03,-972.779669278E-03,-41.810615128E-03,-89.454458840E-03
+3.105425000E-03,-962.881742251E-03,-42.752826173E-03,-90.043654814E-03
+3.105430000E-03,-953.346566475E-03,-42.909861353E-03,-90.887875911E-03
+3.105435000E-03,-943.604104267E-03,-42.281720654E-03,-91.362750277E-03
+3.105440000E-03,-934.949895816E-03,-42.360238241E-03,-92.141016601E-03
+3.105445000E-03,-925.000147179E-03,-43.695037217E-03,-92.611493983E-03
+3.105450000E-03,-915.516793009E-03,-42.674308594E-03,-93.293026638E-03
+3.105455000E-03,-904.478790614E-03,-43.145414108E-03,-93.882222612E-03
+3.105460000E-03,-894.529041977E-03,-41.889132714E-03,-94.370287934E-03
+3.105465000E-03,-884.112898873E-03,-42.674308586E-03,-95.069408529E-03
+3.105470000E-03,-873.696755768E-03,-41.732097538E-03,-95.355212546E-03
+3.105475000E-03,-864.887082493E-03,-43.223931701E-03,-96.190639673E-03
+3.105480000E-03,-854.574582607E-03,-42.360238239E-03,-96.256594446E-03
+3.105485000E-03,-844.262082715E-03,-43.616519639E-03,-97.263503983E-03
+3.105490000E-03,-833.068615502E-03,-43.380966869E-03,-97.281091923E-03
+3.105495000E-03,-822.911580435E-03,-44.009107569E-03,-98.270413520E-03
+3.105500000E-03,-810.526216250E-03,-42.438755823E-03,-98.182473822E-03
+3.105505000E-03,-798.866354564E-03,-41.418027193E-03,-99.158604466E-03
+3.105510000E-03,-788.657497888E-03,-42.360238241E-03,-98.991519040E-03
+3.105515000E-03,-776.634884952E-03,-40.475816152E-03,-99.950061744E-03
+3.105520000E-03,-765.182309698E-03,-42.752826169E-03,-99.879709985E-03
+3.105525000E-03,-752.745123897E-03,-43.066896526E-03,-100.728328067E-03
+3.105530000E-03,-741.707121506E-03,-43.773554805E-03,-100.592021535E-03
+3.105535000E-03,-729.218114103E-03,-42.752826180E-03,-101.370287859E-03
+3.105540000E-03,-717.350965989E-03,-42.674308588E-03,-101.216393388E-03
+3.105545000E-03,-706.002033948E-03,-42.517273414E-03,-102.025438606E-03
+3.105550000E-03,-693.720312976E-03,-42.360238242E-03,-101.853956194E-03
+3.105555000E-03,-681.127662359E-03,-42.281720654E-03,-102.610237594E-03
+3.105560000E-03,-668.224082092E-03,-41.889132723E-03,-102.342021516E-03
+3.105565000E-03,-655.165037005E-03,-41.810615130E-03,-102.992775279E-03
+3.105570000E-03,-642.157813532E-03,-42.046167895E-03,-102.874056686E-03
+3.105575000E-03,-628.684195585E-03,-42.674308590E-03,-103.384106933E-03
+3.105580000E-03,-615.936080142E-03,-41.260992019E-03,-103.260991356E-03
+3.105585000E-03,-602.877035056E-03,-41.339509607E-03,-103.634735071E-03
+3.105590000E-03,-589.558881932E-03,-40.397298563E-03,-103.674307934E-03
+3.105595000E-03,-576.344372026E-03,-41.339509605E-03,-103.823805421E-03
+3.105600000E-03,-562.456181221E-03,-39.298052349E-03,-103.982096876E-03
+3.105605000E-03,-549.708065778E-03,-41.889132720E-03,-103.951317982E-03
+3.105610000E-03,-536.700842293E-03,-40.868404084E-03,-104.241518984E-03
+3.105615000E-03,-523.175402745E-03,-41.967650311E-03,-104.030463710E-03
+3.105620000E-03,-508.872639076E-03,-39.690640278E-03,-104.399810440E-03
+3.105625000E-03,-495.450842738E-03,-41.339509609E-03,-104.114006422E-03
+3.105630000E-03,-481.044435860E-03,-39.612122691E-03,-104.461368228E-03
+3.105635000E-03,-466.327099333E-03,-41.810615138E-03,-104.171167226E-03
+3.105640000E-03,-452.542551739E-03,-41.889132712E-03,-104.509735061E-03
+3.105645000E-03,-436.996069501E-03,-41.889132718E-03,-104.131594362E-03
+3.105650000E-03,-423.159700299E-03,-42.046167890E-03,-104.351443606E-03
+3.105655000E-03,-408.701471814E-03,-40.161745805E-03,-104.004081800E-03
+3.105660000E-03,-394.087778505E-03,-39.769157863E-03,-104.237122000E-03
+3.105665000E-03,-379.525906799E-03,-40.868404086E-03,-103.876569239E-03
+3.105670000E-03,-364.549462232E-03,-42.674308583E-03,-103.933730043E-03
+3.105675000E-03,-350.091233742E-03,-42.831343765E-03,-103.581971252E-03
+3.105680000E-03,-333.819249003E-03,-42.595790995E-03,-103.573177284E-03
+3.105685000E-03,-319.671950157E-03,-41.967650304E-03,-103.353328038E-03
+3.105690000E-03,-304.229111118E-03,-41.260992025E-03,-103.177448645E-03
+3.105695000E-03,-289.667239418E-03,-42.046167893E-03,-103.027951157E-03
+3.105700000E-03,-274.172578783E-03,-41.103956851E-03,-102.671795384E-03
+3.105705000E-03,-259.403420649E-03,-41.653579956E-03,-102.693780307E-03
+3.105710000E-03,-244.375154476E-03,-41.418027190E-03,-102.126569259E-03
+3.105715000E-03,-228.932315452E-03,-42.595790999E-03,-102.236493880E-03
+3.105720000E-03,-213.644941240E-03,-41.732097547E-03,-101.431845648E-03
+3.105725000E-03,-199.342177572E-03,-42.517273411E-03,-101.704458710E-03
+3.105730000E-03,-184.521197830E-03,-42.203203063E-03,-100.684358219E-03
+3.105735000E-03,-169.233823623E-03,-41.653579954E-03,-101.128453691E-03
+3.105740000E-03,-154.361022273E-03,-40.554333735E-03,-99.928076820E-03
+3.105745000E-03,-137.985394308E-03,-40.789886502E-03,-100.433730081E-03
+3.105750000E-03,-122.646198494E-03,-41.967650302E-03,-99.202574315E-03
+3.105755000E-03,-107.047894639E-03,-42.438755820E-03,-99.664257727E-03
+3.105760000E-03,-91.864163653E-03,-41.025439254E-03,-98.415514023E-03
+3.105765000E-03,-76.680432661E-03,-42.831343762E-03,-98.771669796E-03
+3.105770000E-03,-62.999528276E-03,-42.203203058E-03,-97.588880865E-03
+3.105775000E-03,-47.349402818E-03,-41.339509611E-03,-97.808730108E-03
+3.105780000E-03,-33.772141653E-03,-40.397298559E-03,-96.779835648E-03
+3.105785000E-03,-18.329302633E-03,-41.260992031E-03,-96.718277859E-03
+3.105790000E-03,-1.746388248E-03,-42.909861345E-03,-95.816895960E-03
+3.105795000E-03,+13.178234724E-03,-40.868404082E-03,-95.702574352E-03
+3.105800000E-03,+28.310144107E-03,-41.103956846E-03,-94.809986422E-03
+3.105805000E-03,+43.545696709E-03,-41.889132718E-03,-94.519785420E-03
+3.105810000E-03,+58.366676455E-03,-41.339509609E-03,-93.719534173E-03
+3.105815000E-03,+74.275909948E-03,-41.103956845E-03,-93.358981412E-03
+3.105820000E-03,+89.563284148E-03,-42.438755823E-03,-92.448805544E-03
+3.105825000E-03,+105.679804078E-03,-44.009107566E-03,-92.075061829E-03
+3.105830000E-03,+120.034389357E-03,-43.066896531E-03,-91.217649778E-03
+3.105835000E-03,+134.596261061E-03,-40.475816162E-03,-90.764760335E-03
+3.105840000E-03,+150.971889021E-03,-41.810615126E-03,-89.960112103E-03
+3.105845000E-03,+165.896511977E-03,-41.418027197E-03,-89.441267886E-03
+3.105850000E-03,+180.976599762E-03,-41.103956844E-03,-88.636619655E-03
+3.105855000E-03,+195.590293073E-03,-40.789886493E-03,-88.016644786E-03
+3.105860000E-03,+210.566737632E-03,-41.025439258E-03,-87.304333237E-03
+3.105865000E-03,+225.543182196E-03,-41.889132715E-03,-86.530463898E-03
+3.105870000E-03,+240.467805151E-03,-41.889132717E-03,-85.818152349E-03
+3.105875000E-03,+255.807000970E-03,-41.653579959E-03,-85.026695070E-03
+3.105880000E-03,+270.368872669E-03,-39.612122693E-03,-84.200061914E-03
+3.105885000E-03,+286.174462947E-03,-42.360238237E-03,-83.536117196E-03
+3.105890000E-03,+300.529048227E-03,-40.475816151E-03,-82.529207660E-03
+3.105895000E-03,+316.127352073E-03,-41.967650299E-03,-81.966393596E-03
+3.105900000E-03,+330.274650921E-03,-40.397298557E-03,-80.783604665E-03
+3.105905000E-03,+345.562025128E-03,-42.281720651E-03,-80.379082055E-03
+3.105910000E-03,+359.657502367E-03,-40.397298562E-03,-78.866519258E-03
+3.105915000E-03,+374.478482109E-03,-41.260992023E-03,-78.717021770E-03
+3.105920000E-03,+388.366672910E-03,-40.475816148E-03,-77.107725308E-03
+3.105925000E-03,+403.913155161E-03,-42.674308590E-03,-76.865891136E-03
+3.105930000E-03,+418.682313287E-03,-41.496544784E-03,-75.260991660E-03
+3.105935000E-03,+431.741358373E-03,-40.475816155E-03,-75.010363517E-03
+3.105940000E-03,+446.355051684E-03,-42.674308583E-03,-73.510991679E-03
+3.105945000E-03,+460.191420886E-03,-40.946921681E-03,-73.031720321E-03
+3.105950000E-03,+474.183254909E-03,-40.475816154E-03,-71.717021849E-03
+3.105955000E-03,+487.242299997E-03,-39.847675459E-03,-71.031092202E-03
+3.105960000E-03,+501.182312408E-03,-41.653579954E-03,-69.879082171E-03
+3.105965000E-03,+515.744184108E-03,-42.752826169E-03,-69.043655039E-03
+3.105970000E-03,+528.388656337E-03,-41.732097539E-03,-67.922423899E-03
+3.105975000E-03,+542.535955181E-03,-42.752826178E-03,-67.047423904E-03
+3.105980000E-03,+556.165037956E-03,-40.711368907E-03,-65.829459098E-03
+3.105985000E-03,+569.016796616E-03,-41.653579957E-03,-64.985237997E-03
+3.105990000E-03,+581.298517583E-03,-42.046167897E-03,-63.701318416E-03
+3.105995000E-03,+594.927600350E-03,-41.967650301E-03,-63.006594802E-03
+3.106000000E-03,+608.349396680E-03,-41.339509611E-03,-61.494032007E-03
+3.106005000E-03,+621.667549809E-03,-42.046167887E-03,-60.961996834E-03
+3.106010000E-03,+633.534697929E-03,-43.145414104E-03,-59.216393841E-03
+3.106015000E-03,+646.438278190E-03,-42.674308583E-03,-58.833856153E-03
+3.106020000E-03,+658.305426302E-03,-41.260992020E-03,-57.075062206E-03
+3.106025000E-03,+669.965287989E-03,-42.752826176E-03,-56.604584820E-03
+3.106030000E-03,+681.625149666E-03,-39.690640278E-03,-54.845790873E-03
+3.106035000E-03,+694.373265109E-03,-41.103956856E-03,-54.199434093E-03
+3.106040000E-03,+705.566732336E-03,-41.496544774E-03,-52.603328586E-03
+3.106045000E-03,+717.122950806E-03,-42.674308592E-03,-51.811871305E-03
+3.106050000E-03,+729.663779809E-03,-42.124685481E-03,-50.325690419E-03
+3.106055000E-03,+741.375463105E-03,-41.810615129E-03,-49.371544699E-03
+3.106060000E-03,+753.190789611E-03,-41.575062379E-03,-47.995288434E-03
+3.106065000E-03,+763.762397531E-03,-41.732097548E-03,-46.935615076E-03
+3.106070000E-03,+775.836832081E-03,-42.517273407E-03,-45.664886448E-03
+3.106075000E-03,+786.408440010E-03,-42.988378923E-03,-44.592022137E-03
+3.106080000E-03,+797.083691148E-03,-42.203203061E-03,-43.206971901E-03
+3.106085000E-03,+808.225336759E-03,-42.674308584E-03,-42.235238244E-03
+3.106090000E-03,+818.123263785E-03,-42.203203078E-03,-40.625941778E-03
+3.106095000E-03,+828.332120464E-03,-43.066896509E-03,-39.816896560E-03
+3.106100000E-03,+838.489155535E-03,-40.789886501E-03,-38.040514671E-03
+3.106105000E-03,+847.091542380E-03,-40.004710631E-03,-37.429333771E-03
+3.106110000E-03,+858.855047272E-03,-42.517273402E-03,-35.591394094E-03
+3.106115000E-03,+869.374833593E-03,-42.438755827E-03,-34.923052391E-03
+3.106120000E-03,+879.428225445E-03,-41.967650299E-03,-33.001570002E-03
+3.106125000E-03,+888.341541935E-03,-43.773554798E-03,-32.271670509E-03
+3.106130000E-03,+897.462144850E-03,-42.909861353E-03,-30.495288623E-03
+3.106135000E-03,+906.945499029E-03,-42.831343769E-03,-29.673052446E-03
+3.106140000E-03,+916.998890871E-03,-40.946921673E-03,-28.068152970E-03
+3.106145000E-03,+925.601277716E-03,-42.909861347E-03,-27.048052474E-03
+3.106150000E-03,+933.944556517E-03,-41.810615131E-03,-25.531092696E-03
+3.106155000E-03,+942.495121756E-03,-42.360238234E-03,-24.392273608E-03
+3.106160000E-03,+950.682935747E-03,-41.025439256E-03,-22.879710815E-03
+3.106165000E-03,+958.041604009E-03,-42.124685482E-03,-21.679333940E-03
+3.106170000E-03,+966.747634060E-03,-42.360238246E-03,-20.289886722E-03
+3.106175000E-03,+973.691729470E-03,-42.360238240E-03,-19.159861604E-03
+3.106180000E-03,+982.553224345E-03,-41.575062377E-03,-17.607725946E-03
+3.106185000E-03,+990.222822256E-03,-43.302449279E-03,-16.578831481E-03
+3.106190000E-03,+997.166917650E-03,-41.496544788E-03,-15.009107884E-03
+3.106195000E-03,+1.004111013059E+00,-42.281720645E-03,-14.050565177E-03
+3.106200000E-03,+1.011417859714E+00,-42.203203071E-03,-12.296168215E-03
+3.106205000E-03,+1.017118236542E+00,-42.438755825E-03,-11.443153143E-03
+3.106210000E-03,+1.024528726400E+00,-42.752826170E-03,-9.675565228E-03
+3.106215000E-03,+1.031317356990E+00,-41.182474439E-03,-8.778580308E-03
+3.106220000E-03,+1.037535949887E+00,-41.418027198E-03,-7.054962240E-03
+3.106225000E-03,+1.044272758861E+00,-43.066896531E-03,-6.201947170E-03
+3.106230000E-03,+1.049817670868E+00,-43.459484455E-03,-4.465138148E-03
+3.106235000E-03,+1.054688901976E+00,-41.967650320E-03,-3.590138153E-03
+3.106240000E-03,+1.061218424506E+00,-43.223931701E-03,-1.914886919E-03
+3.106245000E-03,+1.066400585259E+00,-43.852072395E-03,-1.009108030E-03
+3.106250000E-03,+1.072722821375E+00,-43.616519641E-03,+652.952251E-06
+3.106255000E-03,+1.077749517298E+00,-42.909861352E-03,+1.541143200E-03
+3.106260000E-03,+1.084123575013E+00,+65.758478189E-03,+3.484610511E-03
+3.106265000E-03,+1.088269303618E+00,+2.392862722856E+00,+4.276067793E-03
+3.106270000E-03,+1.092259567396E+00,+2.552488980200E+00,+5.929334103E-03
+3.106275000E-03,+1.096768047247E+00,+2.552488980200E+00,+6.817525052E-03
+3.106280000E-03,+1.100136451727E+00,+2.552488980200E+00,+8.453203424E-03
+3.106285000E-03,+1.103763964257E+00,+2.552488980200E+00,+9.504082812E-03
+3.106290000E-03,+1.107236011965E+00,+2.552488980200E+00,+11.065012441E-03
+3.106295000E-03,+1.111278097345E+00,+2.552488980200E+00,+12.155464693E-03
+3.106300000E-03,+1.114335572187E+00,+2.552488980200E+00,+13.690012412E-03
+3.106305000E-03,+1.116304793278E+00,+2.552488980200E+00,+14.745288785E-03
+3.106310000E-03,+1.119776840973E+00,+2.552488980200E+00,+16.227072688E-03
+3.106315000E-03,+1.122471564559E+00,+2.552488980200E+00,+17.313127954E-03
+3.106320000E-03,+1.125010823330E+00,+2.552488980200E+00,+18.750942007E-03
+3.106325000E-03,+1.126254541920E+00,+2.552488980200E+00,+19.907349032E-03
+3.106330000E-03,+1.129312016753E+00,+2.552488980200E+00,+21.415514842E-03
+3.106335000E-03,+1.130452092123E+00,+2.552567497787E+00,+22.466394231E-03
+3.106340000E-03,+1.131592167484E+00,+2.552724532961E+00,+23.921796222E-03
+3.106345000E-03,+1.133665031782E+00,+2.552724532961E+00,+24.994660534E-03
+3.106350000E-03,+1.135426966432E+00,+2.552724532961E+00,+26.538002224E-03
+3.106355000E-03,+1.136515220195E+00,+2.552724532961E+00,+27.549308748E-03
+3.106360000E-03,+1.137085257885E+00,+2.552724532961E+00,+28.965137877E-03
+3.106365000E-03,+1.137655295562E+00,+2.552724532961E+00,+29.989635356E-03
+3.106370000E-03,+1.139520873423E+00,+2.552724532961E+00,+31.453831318E-03
+3.106375000E-03,+1.138588084499E+00,+2.552724532961E+00,+32.399183069E-03
+3.106380000E-03,+1.139313586996E+00,+2.552724532961E+00,+33.885363955E-03
+3.106385000E-03,+1.139676338251E+00,+2.552724532961E+00,+35.006595101E-03
+3.106390000E-03,+1.139676338252E+00,+2.552724532961E+00,+36.290514683E-03
+3.106395000E-03,+1.138899014139E+00,+2.552724532961E+00,+37.442524724E-03
+3.106400000E-03,+1.139572695039E+00,+2.552724532961E+00,+38.730841289E-03
+3.106405000E-03,+1.138380798062E+00,+2.552724532961E+00,+39.922424195E-03
+3.106410000E-03,+1.137396187515E+00,+2.552724532961E+00,+40.986494531E-03
+3.106415000E-03,+1.136411576982E+00,+2.552724532961E+00,+42.279208089E-03
+3.106420000E-03,+1.135478788045E+00,+2.552724532961E+00,+43.277323653E-03
+3.106425000E-03,+1.132732242853E+00,+2.552724532961E+00,+44.649182938E-03
+3.106430000E-03,+1.132214026776E+00,+2.552724532961E+00,+45.576946745E-03
+3.106435000E-03,+1.130141162483E+00,+2.552724532961E+00,+46.856469346E-03
+3.106440000E-03,+1.126928222811E+00,+2.552724532961E+00,+47.942524608E-03
+3.106445000E-03,+1.124129856014E+00,+2.552724532961E+00,+49.090137665E-03
+3.106450000E-03,+1.123559818334E+00,+2.552724532961E+00,+50.180589910E-03
+3.106455000E-03,+1.119932305809E+00,+2.552724532961E+00,+51.121544678E-03
+3.106460000E-03,+1.117185760607E+00,+2.552724532961E+00,+52.462625062E-03
+3.106465000E-03,+1.114335572195E+00,+2.552724532961E+00,+53.249685359E-03
+3.106470000E-03,+1.111329918962E+00,+2.552724532961E+00,+54.568780819E-03
+3.106475000E-03,+1.107857871266E+00,+2.552724532961E+00,+55.342650160E-03
+3.106480000E-03,+1.103608499448E+00,+2.552724532961E+00,+56.771670242E-03
+3.106485000E-03,+1.099877343708E+00,+2.552724532961E+00,+57.418027024E-03
+3.106490000E-03,+1.095317042251E+00,+2.552724532961E+00,+58.763504391E-03
+3.106495000E-03,+1.091274956865E+00,+2.552724532961E+00,+59.449434035E-03
+3.106500000E-03,+1.086870120237E+00,+2.552724532961E+00,+60.777323465E-03
+3.106505000E-03,+1.081532494672E+00,+2.552724532961E+00,+61.502825973E-03
+3.106510000E-03,+1.076868549998E+00,+2.552724532961E+00,+62.690011888E-03
+3.106515000E-03,+1.072308248541E+00,+2.552724532961E+00,+63.371544546E-03
+3.106520000E-03,+1.066245120461E+00,+2.552724532961E+00,+64.615891266E-03
+3.106525000E-03,+1.060959316499E+00,+2.552724532961E+00,+65.315011862E-03
+3.106530000E-03,+1.055466226098E+00,+2.552724532961E+00,+66.581343505E-03
+3.106535000E-03,+1.049817670880E+00,+2.552724532961E+00,+67.214509328E-03
+3.106540000E-03,+1.043132683518E+00,+2.552724532961E+00,+68.410489214E-03
+3.106545000E-03,+1.037639593125E+00,+2.552724532961E+00,+69.070036946E-03
+3.106550000E-03,+1.031472821841E+00,+2.552724532961E+00,+70.226443969E-03
+3.106555000E-03,+1.024062331968E+00,+2.552724532961E+00,+70.868403762E-03
+3.106560000E-03,+1.017947382286E+00,+2.552724532961E+00,+71.879710282E-03
+3.106565000E-03,+1.010433249189E+00,+2.552724532961E+00,+72.723931380E-03
+3.106570000E-03,+1.003281867366E+00,+2.552724532961E+00,+73.387876095E-03
+3.106575000E-03,+995.664091059E-03,+2.552724532961E+00,+74.434358499E-03
+3.106580000E-03,+988.201779585E-03,+2.552724532961E+00,+74.909232863E-03
+3.106585000E-03,+979.703035963E-03,+2.552724532961E+00,+76.175564511E-03
+3.106590000E-03,+972.448010922E-03,+2.552724532961E+00,+76.377825813E-03
+3.106595000E-03,+964.467483369E-03,+2.552724532961E+00,+77.872800673E-03
+3.106600000E-03,+957.575209562E-03,+2.552724532961E+00,+77.868403685E-03
+3.106605000E-03,+948.817357898E-03,+2.552724532961E+00,+79.293026788E-03
+3.106610000E-03,+940.163149446E-03,+2.552724532961E+00,+79.257850908E-03
+3.106615000E-03,+931.042546536E-03,+2.552724532961E+00,+80.594534313E-03
+3.106620000E-03,+923.839343099E-03,+2.552724532961E+00,+80.673680038E-03
+3.106625000E-03,+913.941416078E-03,+2.552724532961E+00,+81.887247866E-03
+3.106630000E-03,+905.390850825E-03,+2.552724532961E+00,+82.159860927E-03
+3.106635000E-03,+895.907496650E-03,+2.552724532961E+00,+83.166770467E-03
+3.106640000E-03,+885.698640008E-03,+2.552724532961E+00,+83.518529253E-03
+3.106645000E-03,+876.992609939E-03,+2.552724532961E+00,+84.301192566E-03
+3.106650000E-03,+866.783753257E-03,+2.552724532961E+00,+84.692524215E-03
+3.106655000E-03,+857.870436770E-03,+2.552724532961E+00,+85.418026725E-03
+3.106660000E-03,+847.557936871E-03,+2.552724532961E+00,+85.813755358E-03
+3.106665000E-03,+837.608188248E-03,+2.552724532961E+00,+86.627197566E-03
+3.106670000E-03,+827.036580325E-03,+2.552724532961E+00,+86.930589517E-03
+3.106675000E-03,+815.843113108E-03,+2.552724532961E+00,+87.788001575E-03
+3.106680000E-03,+804.805110705E-03,+2.552724532961E+00,+87.893529205E-03
+3.106685000E-03,+793.974394749E-03,+2.552724532961E+00,+88.825690004E-03
+3.106690000E-03,+784.128289326E-03,+2.552724532961E+00,+88.869659850E-03
+3.106695000E-03,+773.712146214E-03,+2.552724532961E+00,+89.727071904E-03
+3.106700000E-03,+761.637711669E-03,+2.552724532961E+00,+89.793026674E-03
+3.106705000E-03,+750.340601246E-03,+2.552724532961E+00,+90.571293001E-03
+3.106710000E-03,+738.473453133E-03,+2.552724532961E+00,+90.769157316E-03
+3.106715000E-03,+727.694558778E-03,+2.552724532961E+00,+91.261619626E-03
+3.106720000E-03,+715.879232270E-03,+2.552724532961E+00,+91.573805550E-03
+3.106725000E-03,+703.908440949E-03,+2.552724532961E+00,+91.925564341E-03
+3.106730000E-03,+692.870438547E-03,+2.552724532961E+00,+92.453202526E-03
+3.106735000E-03,+679.448642223E-03,+2.552724532961E+00,+92.475187451E-03
+3.106740000E-03,+667.581494090E-03,+2.552724532961E+00,+93.134735180E-03
+3.106745000E-03,+655.040665083E-03,+2.552724532961E+00,+93.068780411E-03
+3.106750000E-03,+643.484446627E-03,+2.552724532961E+00,+93.662373366E-03
+3.106755000E-03,+630.632687953E-03,+2.552724532961E+00,+93.583227643E-03
+3.106760000E-03,+617.210891619E-03,+2.552724532961E+00,+94.062498991E-03
+3.106765000E-03,+604.773705830E-03,+2.552724532961E+00,+94.154835677E-03
+3.106770000E-03,+592.025590388E-03,+2.552724532961E+00,+94.431845720E-03
+3.106775000E-03,+579.173831744E-03,+2.552724532961E+00,+94.607725120E-03
+3.106780000E-03,+566.011143426E-03,+2.552724532961E+00,+94.779207527E-03
+3.106785000E-03,+553.263027989E-03,+2.552724532961E+00,+95.091393455E-03
+3.106790000E-03,+540.203982903E-03,+2.552724532961E+00,+95.047423605E-03
+3.106795000E-03,+526.730364954E-03,+2.552724532961E+00,+95.337624607E-03
+3.106800000E-03,+512.064850043E-03,+2.552724532961E+00,+95.223303001E-03
+3.106805000E-03,+499.368556208E-03,+2.552724532961E+00,+95.645413547E-03
+3.106810000E-03,+485.739473423E-03,+2.552724532961E+00,+95.407976366E-03
+3.106815000E-03,+472.110390650E-03,+2.552724532961E+00,+95.605840682E-03
+3.106820000E-03,+458.792237541E-03,+2.552724532961E+00,+95.557473851E-03
+3.106825000E-03,+445.059511553E-03,+2.552724532961E+00,+95.667398472E-03
+3.106830000E-03,+430.083066996E-03,+2.552724532961E+00,+95.579458777E-03
+3.106835000E-03,+417.127665114E-03,+2.552724532961E+00,+95.636619577E-03
+3.106840000E-03,+401.840290921E-03,+2.552724532961E+00,+95.619031640E-03
+3.106845000E-03,+389.040353865E-03,+2.552724532961E+00,+95.544282895E-03
+3.106850000E-03,+373.856622870E-03,+2.552724532961E+00,+95.465137171E-03
+3.106855000E-03,+359.087464736E-03,+2.552724532961E+00,+95.469534154E-03
+3.106860000E-03,+344.577414643E-03,+2.552724532961E+00,+95.218906017E-03
+3.106865000E-03,+329.963721329E-03,+2.552724532961E+00,+95.284860787E-03
+3.106870000E-03,+315.350028038E-03,+2.552724532961E+00,+95.034232654E-03
+3.106875000E-03,+302.550090989E-03,+2.552724532961E+00,+94.977071846E-03
+3.106880000E-03,+287.418181593E-03,+2.552724532961E+00,+94.744031651E-03
+3.106885000E-03,+273.322704355E-03,+2.552724532961E+00,+94.713252753E-03
+3.106890000E-03,+257.206184423E-03,+2.552724532961E+00,+94.348303013E-03
+3.106895000E-03,+241.296950942E-03,+2.552724532961E+00,+94.207599493E-03
+3.106900000E-03,+227.719689763E-03,+2.552724532961E+00,+94.031720101E-03
+3.106905000E-03,+213.105996452E-03,+2.552724532961E+00,+93.649182415E-03
+3.106910000E-03,+198.699589585E-03,+2.552724532961E+00,+93.482096991E-03
+3.106915000E-03,+182.634891248E-03,+2.552724532961E+00,+93.112750259E-03
+3.106920000E-03,+167.606625101E-03,+2.552724532961E+00,+92.884107048E-03
+3.106925000E-03,+151.749213196E-03,+2.552724532961E+00,+92.492775392E-03
+3.106930000E-03,+135.839979719E-03,+2.552724532961E+00,+92.167398512E-03
+3.106935000E-03,+120.241675843E-03,+2.552724532961E+00,+91.881594495E-03
+3.106940000E-03,+105.627982531E-03,+2.552724532961E+00,+91.433102036E-03
+3.106945000E-03,+90.081500289E-03,+2.552724532961E+00,+91.213252794E-03
+3.106950000E-03,+73.757693932E-03,+2.552724532961E+00,+90.531720137E-03
+3.106955000E-03,+59.817681527E-03,+2.552724532961E+00,+90.421795515E-03
+3.106960000E-03,+43.804804810E-03,+2.552724532961E+00,+89.639132206E-03
+3.106965000E-03,+29.916613995E-03,+2.552724532961E+00,+89.678705073E-03
+3.106970000E-03,+14.784704611E-03,+2.552724532961E+00,+88.663001565E-03
+3.106975000E-03,+15.546485E-06,+2.552724532961E+00,+88.632222672E-03
+3.106980000E-03,-14.494503628E-03,+2.552724532961E+00,+87.726443786E-03
+3.106985000E-03,-29.522769797E-03,+2.552724532961E+00,+87.581343285E-03
+3.106990000E-03,-44.188284712E-03,+2.552724532961E+00,+86.776695052E-03
+3.106995000E-03,-59.112907655E-03,+2.552724532961E+00,+86.473303095E-03
+3.107000000E-03,-74.659389900E-03,+2.552724532961E+00,+85.703830742E-03
+3.107005000E-03,-90.205872146E-03,+2.552724532961E+00,+85.224559390E-03
+3.107010000E-03,-104.767743857E-03,+2.552724532961E+00,+84.569408645E-03
+3.107015000E-03,-121.350658240E-03,+2.552724532961E+00,+83.971418700E-03
+3.107020000E-03,-136.793497279E-03,+2.552724532961E+00,+83.439383531E-03
+3.107025000E-03,-151.821763452E-03,+2.552724532961E+00,+82.603956404E-03
+3.107030000E-03,-166.850029625E-03,+2.552724532961E+00,+82.221418719E-03
+3.107035000E-03,-182.085582225E-03,+2.552724532961E+00,+81.342021745E-03
+3.107040000E-03,-196.958383565E-03,+2.552724532961E+00,+80.862750392E-03
+3.107045000E-03,-210.794752767E-03,+2.552724532961E+00,+80.027323266E-03
+3.107050000E-03,-226.496699845E-03,+2.552724532961E+00,+79.473303171E-03
+3.107055000E-03,-241.887717268E-03,+2.552724532961E+00,+78.505966498E-03
+3.107060000E-03,-257.537842737E-03,+2.552724532961E+00,+78.031092132E-03
+3.107065000E-03,-271.529676738E-03,+2.552724532961E+00,+77.046167518E-03
+3.107070000E-03,-286.920694152E-03,+2.552724532961E+00,+76.580087123E-03
+3.107075000E-03,-302.208068372E-03,+2.552724532961E+00,+75.410489142E-03
+3.107080000E-03,-317.132691332E-03,+2.552724532961E+00,+75.023554477E-03
+3.107085000E-03,-332.368243937E-03,+2.552724532961E+00,+73.748428859E-03
+3.107090000E-03,-346.256434735E-03,+2.552724532961E+00,+73.431845952E-03
+3.107095000E-03,-360.766484839E-03,+2.552724532961E+00,+72.064383651E-03
+3.107100000E-03,-375.950215839E-03,+2.552724532961E+00,+71.796167577E-03
+3.107105000E-03,-389.786585022E-03,+2.552724532961E+00,+70.428705277E-03
+3.107110000E-03,-404.192991893E-03,+2.552724532961E+00,+70.032976641E-03
+3.107115000E-03,-419.739474151E-03,+2.552724532961E+00,+68.555589719E-03
+3.107120000E-03,-433.834951392E-03,+2.552724532961E+00,+68.071921385E-03
+3.107125000E-03,-447.774963793E-03,+2.552724532961E+00,+66.809986723E-03
+3.107130000E-03,-462.699586761E-03,+2.552724532961E+00,+66.168026933E-03
+3.107135000E-03,-476.432312737E-03,+2.552724532961E+00,+64.976444030E-03
+3.107140000E-03,-490.372325152E-03,+2.552724532961E+00,+64.110238012E-03
+3.107145000E-03,-504.986018465E-03,+2.552724532961E+00,+63.156092291E-03
+3.107150000E-03,-519.236960523E-03,+2.552724532961E+00,+62.140388786E-03
+3.107155000E-03,-532.606935244E-03,+2.552724532961E+00,+61.287373715E-03
+3.107160000E-03,-545.303229080E-03,+2.552724532961E+00,+60.095790819E-03
+3.107165000E-03,-559.035955075E-03,+2.552724532961E+00,+59.321921475E-03
+3.107170000E-03,-572.095000150E-03,+2.552724532961E+00,+58.064383806E-03
+3.107175000E-03,-585.050402028E-03,+2.552724532961E+00,+57.277323508E-03
+3.107180000E-03,-598.679484779E-03,+2.552724532961E+00,+56.024182823E-03
+3.107185000E-03,-611.220313811E-03,+2.552724532961E+00,+55.193152676E-03
+3.107190000E-03,-624.383002115E-03,+2.552724532961E+00,+53.940011991E-03
+3.107195000E-03,-637.856620049E-03,+2.552724532961E+00,+52.999057223E-03
+3.107200000E-03,-650.656557122E-03,+2.552724532961E+00,+51.851444174E-03
+3.107205000E-03,-662.938278092E-03,+2.552724532961E+00,+50.866519559E-03
+3.107210000E-03,-675.168177436E-03,+2.552724532961E+00,+49.692524597E-03
+3.107215000E-03,-686.931682354E-03,+2.552724532961E+00,+48.659233150E-03
+3.107220000E-03,-699.835262612E-03,+2.552724532961E+00,+47.441268340E-03
+3.107225000E-03,-711.754232320E-03,+2.552724532961E+00,+46.385991968E-03
+3.107230000E-03,-724.087774904E-03,+2.552724532961E+00,+45.203203037E-03
+3.107235000E-03,-737.146819993E-03,+2.552724532961E+00,+44.139132696E-03
+3.107240000E-03,-748.392108824E-03,+2.552724532961E+00,+42.907976931E-03
+3.107245000E-03,-760.518364979E-03,+2.552724532961E+00,+41.733981969E-03
+3.107250000E-03,-772.126405047E-03,+2.552724532961E+00,+40.643529719E-03
+3.107255000E-03,-783.216229051E-03,+2.552724532961E+00,+39.342022195E-03
+3.107260000E-03,-794.409696267E-03,+2.552724532961E+00,+38.326318688E-03
+3.107265000E-03,-806.173201165E-03,+2.552724532961E+00,+36.796167951E-03
+3.107270000E-03,-816.382057849E-03,+2.552724532961E+00,+36.013504642E-03
+3.107275000E-03,-827.523703448E-03,+2.552724532961E+00,+34.377826267E-03
+3.107280000E-03,-838.147132999E-03,+2.552724532961E+00,+33.555590097E-03
+3.107285000E-03,-848.304168068E-03,+2.552724532961E+00,+31.827575039E-03
+3.107290000E-03,-858.720311166E-03,+2.552724532961E+00,+31.062499673E-03
+3.107295000E-03,-868.825524609E-03,+2.552724532961E+00,+29.330087630E-03
+3.107300000E-03,-879.708062181E-03,+2.552724532961E+00,+28.560615276E-03
+3.107305000E-03,-888.880486740E-03,+2.552724532961E+00,+26.894158008E-03
+3.107310000E-03,-899.763024284E-03,+2.552724532961E+00,+26.080715805E-03
+3.107315000E-03,-910.179167386E-03,+2.552724532961E+00,+24.497801248E-03
+3.107320000E-03,-917.952408525E-03,+2.552724532961E+00,+23.490891714E-03
+3.107325000E-03,-928.834946080E-03,+2.552724532961E+00,+21.943153032E-03
+3.107330000E-03,-937.385511329E-03,+2.552724532961E+00,+20.821921897E-03
+3.107335000E-03,-946.609757456E-03,+2.552724532961E+00,+19.485238484E-03
+3.107340000E-03,-955.419430742E-03,+2.552724532961E+00,+18.293655592E-03
+3.107345000E-03,-964.850963295E-03,+2.552724532961E+00,+16.842650573E-03
+3.107350000E-03,-973.090598884E-03,+2.552724532961E+00,+15.747801350E-03
+3.107355000E-03,-981.537520918E-03,+2.552724532961E+00,+14.178077737E-03
+3.107360000E-03,-989.621691673E-03,+2.552724532961E+00,+13.245916953E-03
+3.107365000E-03,-997.654040832E-03,+2.552724532961E+00,+11.579459675E-03
+3.107370000E-03,-1.005945498050E+00,+2.552724532961E+00,+10.634107935E-03
+3.107375000E-03,-1.014340598443E+00,+2.552724532961E+00,+8.932474781E-03
+3.107380000E-03,-1.022217482788E+00,+2.552724532961E+00,+8.009107961E-03
+3.107385000E-03,-1.029161578177E+00,+2.552724532961E+00,+6.434987369E-03
+3.107390000E-03,-1.036934819311E+00,+2.552724532961E+00,+5.247801459E-03
+3.107395000E-03,-1.043153412221E+00,+2.552724532961E+00,+3.977072824E-03
+3.107400000E-03,-1.050512080467E+00,+2.552724532961E+00,+2.605213546E-03
+3.107405000E-03,-1.057507997487E+00,+2.552724532961E+00,+1.576319081E-03
+3.107410000E-03,-1.065177595392E+00,+2.552724532961E+00,-116.520093E-06
+3.107415000E-03,-1.071344366690E+00,+2.552724532961E+00,-969.535162E-06
+3.107420000E-03,-1.077822067628E+00,+2.552724532961E+00,-2.772298959E-03
+3.107425000E-03,-1.083315158021E+00,+2.552724532961E+00,-3.541771316E-03
+3.107430000E-03,-1.089741037339E+00,+2.552724532961E+00,-5.362123052E-03
+3.107435000E-03,-1.095182306126E+00,+2.552724532961E+00,-6.197550183E-03
+3.107440000E-03,-1.101349077422E+00,+2.552724532961E+00,-7.925565236E-03
+3.107445000E-03,-1.106634881387E+00,+2.552724532961E+00,-8.967650653E-03
+3.107450000E-03,-1.110780609988E+00,+2.552724532961E+00,-10.462625510E-03
+3.107455000E-03,-1.116636451639E+00,+2.552724532961E+00,-11.711369218E-03
+3.107460000E-03,-1.122751401308E+00,+2.552724532961E+00,-13.078831511E-03
+3.107465000E-03,-1.126327092247E+00,+1.714549299652E+00,-14.437499842E-03
+3.107470000E-03,-1.130006426386E+00,-122.212622695E-03,-15.514761136E-03
+3.107475000E-03,-1.133737582114E+00,-179.844533163E-03,-17.062499812E-03
+3.107480000E-03,-1.138401526785E+00,-42.831345044E-03,-18.205715883E-03
+3.107485000E-03,-1.141873574487E+00,+180.865262577E-03,-19.744660585E-03
+3.107490000E-03,-1.145138335759E+00,-79.734609389E-03,-20.703203294E-03
+3.107495000E-03,-1.149543172393E+00,-74.081343367E-03,-22.352072617E-03
+3.107500000E-03,-1.153481614564E+00,-97.086996556E-03,-23.306218342E-03
+3.107505000E-03,-1.156124516552E+00,-19.119032523E-03,-25.029836409E-03
+3.107510000E-03,-1.159492921018E+00,-55.943780720E-03,-26.001570069E-03
+3.107515000E-03,-1.161824893363E+00,-48.013504511E-03,-27.685615276E-03
+3.107520000E-03,-1.164105044101E+00,-62.225187749E-03,-28.499057479E-03
+3.107525000E-03,-1.166126086785E+00,-49.976444242E-03,-30.275439370E-03
+3.107530000E-03,-1.167939843055E+00,-52.724559714E-03,-30.983353934E-03
+3.107535000E-03,-1.170530923433E+00,-51.232725593E-03,-32.909233311E-03
+3.107540000E-03,-1.172292858085E+00,-52.724559720E-03,-33.397298631E-03
+3.107545000E-03,-1.173070182189E+00,-51.311243183E-03,-35.384735800E-03
+3.107550000E-03,-1.174832116850E+00,-50.133479372E-03,-35.925564935E-03
+3.107555000E-03,-1.175972192211E+00,-48.013504524E-03,-38.049308634E-03
+3.107560000E-03,-1.176127657054E+00,-49.191268312E-03,-38.330715662E-03
+3.107565000E-03,-1.177112267594E+00,-49.505338677E-03,-40.498429212E-03
+3.107570000E-03,-1.177112267592E+00,-49.976444194E-03,-40.872172923E-03
+3.107575000E-03,-1.177630483654E+00,-48.877197983E-03,-42.820037228E-03
+3.107580000E-03,-1.178770559026E+00,-49.112750719E-03,-43.431218122E-03
+3.107585000E-03,-1.178304164556E+00,-51.468278322E-03,-45.084484440E-03
+3.107590000E-03,-1.177734126880E+00,-48.170539689E-03,-45.977072365E-03
+3.107595000E-03,-1.177526840438E+00,-48.249057290E-03,-47.348931651E-03
+3.107600000E-03,-1.176179478671E+00,-46.757223131E-03,-48.426192942E-03
+3.107605000E-03,-1.175713084179E+00,-46.992775873E-03,-49.696921576E-03
+3.107610000E-03,-1.174676652055E+00,-48.013504501E-03,-50.875313517E-03
+3.107615000E-03,-1.172707430962E+00,-46.521670356E-03,-51.904207986E-03
+3.107620000E-03,-1.172914717390E+00,-47.542398978E-03,-53.135363746E-03
+3.107625000E-03,-1.170375458633E+00,-49.034233165E-03,-54.221419017E-03
+3.107630000E-03,-1.169079918421E+00,-48.720162773E-03,-55.404207943E-03
+3.107635000E-03,-1.166799767711E+00,-49.426821087E-03,-56.485866228E-03
+3.107640000E-03,-1.164726903410E+00,-47.228328638E-03,-57.633479276E-03
+3.107645000E-03,-1.162032179809E+00,-47.071293488E-03,-58.697549621E-03
+3.107650000E-03,-1.160270245156E+00,-48.484610021E-03,-59.792398850E-03
+3.107655000E-03,-1.157523699951E+00,-47.228328650E-03,-61.010363665E-03
+3.107660000E-03,-1.154984441216E+00,-46.443152759E-03,-61.990891290E-03
+3.107665000E-03,-1.151875144746E+00,-48.641645226E-03,-63.235238013E-03
+3.107670000E-03,-1.148247632233E+00,-46.050564817E-03,-64.123428957E-03
+3.107675000E-03,-1.145034692559E+00,-46.207600016E-03,-65.350187737E-03
+3.107680000E-03,-1.140992607186E+00,-46.207600004E-03,-66.146042001E-03
+3.107685000E-03,-1.136795056960E+00,-46.207600026E-03,-67.399182692E-03
+3.107690000E-03,-1.133063901229E+00,-48.013504525E-03,-68.124685197E-03
+3.107695000E-03,-1.128710886222E+00,-45.029836203E-03,-69.430589705E-03
+3.107700000E-03,-1.124098763160E+00,-45.186871388E-03,-70.151695225E-03
+3.107705000E-03,-1.119123888837E+00,-45.186871361E-03,-71.378454006E-03
+3.107710000E-03,-1.114926338625E+00,-45.265388940E-03,-72.055589675E-03
+3.107715000E-03,-1.109485069823E+00,-45.186871390E-03,-73.343906247E-03
+3.107720000E-03,-1.105287519639E+00,-43.930589986E-03,-73.911117295E-03
+3.107725000E-03,-1.099431677987E+00,-45.108353805E-03,-75.186242912E-03
+3.107730000E-03,-1.093990409192E+00,-45.579459334E-03,-75.753453957E-03
+3.107735000E-03,-1.087201778616E+00,-46.129082410E-03,-77.046167514E-03
+3.107740000E-03,-1.082071439491E+00,-44.323177913E-03,-77.600187606E-03
+3.107745000E-03,-1.076578349076E+00,-46.443152769E-03,-78.831343375E-03
+3.107750000E-03,-1.069634253674E+00,-44.087625160E-03,-79.358981556E-03
+3.107755000E-03,-1.061964655798E+00,-45.422424132E-03,-80.598931294E-03
+3.107760000E-03,-1.056523387009E+00,-44.087625158E-03,-81.056217721E-03
+3.107765000E-03,-1.048283751421E+00,-45.343906550E-03,-82.256594595E-03
+3.107770000E-03,-1.041443299219E+00,-44.872801023E-03,-82.806217700E-03
+3.107775000E-03,-1.033462771680E+00,-45.972047240E-03,-83.857097091E-03
+3.107780000E-03,-1.026311389828E+00,-43.302449277E-03,-84.402323212E-03
+3.107785000E-03,-1.018693613529E+00,-45.422424145E-03,-85.497172449E-03
+3.107790000E-03,-1.009987583470E+00,-45.265388952E-03,-85.936870934E-03
+3.107795000E-03,-1.001540661461E+00,-44.166142760E-03,-87.058102082E-03
+3.107800000E-03,-993.611955531E-03,-45.343906516E-03,-87.418654838E-03
+3.107805000E-03,-985.579606356E-03,-44.872801018E-03,-88.495916136E-03
+3.107810000E-03,-977.184505943E-03,-44.794283455E-03,-88.825689997E-03
+3.107815000E-03,-967.649330176E-03,-44.244660330E-03,-89.889760343E-03
+3.107820000E-03,-959.254229751E-03,-42.909861337E-03,-90.140388476E-03
+3.107825000E-03,-950.755486122E-03,-43.145414119E-03,-91.169282942E-03
+3.107830000E-03,-940.546629447E-03,-44.480213091E-03,-91.433102029E-03
+3.107835000E-03,-931.685134562E-03,-44.401695530E-03,-92.413629664E-03
+3.107840000E-03,-920.077094526E-03,-42.281720657E-03,-92.690639702E-03
+3.107845000E-03,-910.801026762E-03,-44.794283453E-03,-93.644785432E-03
+3.107850000E-03,-900.436705261E-03,-42.831343758E-03,-93.913001499E-03
+3.107855000E-03,-890.072383757E-03,-42.909861341E-03,-94.809986425E-03
+3.107860000E-03,-880.278099966E-03,-41.496544788E-03,-95.007850734E-03
+3.107865000E-03,-870.483816145E-03,-43.773554818E-03,-95.812498979E-03
+3.107870000E-03,-860.585889114E-03,-44.401695517E-03,-96.164257755E-03
+3.107875000E-03,-851.568929397E-03,-43.852072377E-03,-96.894157257E-03
+3.107880000E-03,-840.168175783E-03,-42.674308571E-03,-97.105212523E-03
+3.107885000E-03,-829.181994978E-03,-44.872801025E-03,-97.808730112E-03
+3.107890000E-03,-818.143992592E-03,-43.695037247E-03,-98.050564270E-03
+3.107895000E-03,-807.365098235E-03,-42.203203057E-03,-98.657348192E-03
+3.107900000E-03,-796.327095832E-03,-42.438755814E-03,-98.991519034E-03
+3.107905000E-03,-784.252661287E-03,-44.401695474E-03,-99.453202454E-03
+3.107910000E-03,-773.162837274E-03,-42.595791012E-03,-99.866519026E-03
+3.107915000E-03,-760.673829881E-03,-43.302449276E-03,-100.205086865E-03
+3.107920000E-03,-749.117611409E-03,-43.380966841E-03,-100.627197413E-03
+3.107925000E-03,-737.405928124E-03,-43.773554810E-03,-100.877825553E-03
+3.107930000E-03,-725.746066419E-03,-42.203203083E-03,-101.361493886E-03
+3.107935000E-03,-714.552599216E-03,-42.752826186E-03,-101.519785344E-03
+3.107940000E-03,-702.374521473E-03,-40.946921659E-03,-101.933101921E-03
+3.107945000E-03,-689.678227629E-03,-41.496544797E-03,-102.016644636E-03
+3.107950000E-03,-677.344685036E-03,-41.967650318E-03,-102.526694881E-03
+3.107955000E-03,-664.752034409E-03,-41.025439295E-03,-102.531091867E-03
+3.107960000E-03,-651.692989342E-03,-41.260992009E-03,-103.023554172E-03
+3.107965000E-03,-638.219371414E-03,-41.182474418E-03,-102.975187339E-03
+3.107970000E-03,-624.383002220E-03,-41.653579965E-03,-103.419282812E-03
+3.107975000E-03,-612.256746040E-03,-40.868404069E-03,-103.353328040E-03
+3.107980000E-03,-598.264912037E-03,-41.182474427E-03,-103.643529042E-03
+3.107985000E-03,-586.760515156E-03,-40.789886529E-03,-103.735865724E-03
+3.107990000E-03,-572.716859510E-03,-42.988378912E-03,-103.911745114E-03
+3.107995000E-03,-559.035955177E-03,-42.909861340E-03,-104.026066727E-03
+3.108000000E-03,-545.458694000E-03,-41.889132724E-03,-104.065639587E-03
+3.108005000E-03,-532.399648929E-03,-42.674308597E-03,-104.307473757E-03
+3.108010000E-03,-517.785955610E-03,-41.025439275E-03,-104.092021496E-03
+3.108015000E-03,-503.431370355E-03,-41.810615135E-03,-104.391016472E-03
+3.108020000E-03,-490.372325255E-03,-40.868404076E-03,-104.105212451E-03
+3.108025000E-03,-475.914096773E-03,-41.182474440E-03,-104.443780290E-03
+3.108030000E-03,-461.196760241E-03,-42.909861379E-03,-104.118403406E-03
+3.108035000E-03,-446.323958875E-03,-42.360238270E-03,-104.369031546E-03
+3.108040000E-03,-432.021195228E-03,-41.732097527E-03,-104.056845618E-03
+3.108045000E-03,-416.992929075E-03,-41.575062399E-03,-104.382222502E-03
+3.108050000E-03,-403.208381474E-03,-41.575062362E-03,-103.872172255E-03
+3.108055000E-03,-389.061082626E-03,-42.674308565E-03,-104.122800395E-03
+3.108060000E-03,-373.825530043E-03,-41.260992007E-03,-103.727071752E-03
+3.108065000E-03,-359.160015099E-03,-41.810615144E-03,-103.924936076E-03
+3.108070000E-03,-344.390856957E-03,-43.616519615E-03,-103.546795370E-03
+3.108075000E-03,-328.585266720E-03,-40.789886535E-03,-103.643529044E-03
+3.108080000E-03,-314.230681421E-03,-40.632851303E-03,-103.159860702E-03
+3.108085000E-03,-299.150593644E-03,-41.182474468E-03,-103.225815482E-03
+3.108090000E-03,-284.744186760E-03,-40.789886523E-03,-102.689383320E-03
+3.108095000E-03,-270.182315060E-03,-41.967650281E-03,-102.755338100E-03
+3.108100000E-03,-254.791297639E-03,-40.083228219E-03,-102.350815484E-03
+3.108105000E-03,-238.830242530E-03,-40.711368906E-03,-102.258478810E-03
+3.108110000E-03,-224.682943692E-03,-42.517273393E-03,-101.840765239E-03
+3.108115000E-03,-208.877353396E-03,-40.789886510E-03,-101.726443636E-03
+3.108120000E-03,-194.315481702E-03,-40.632851328E-03,-101.299936101E-03
+3.108125000E-03,-178.924464284E-03,-40.004710624E-03,-101.000941134E-03
+3.108130000E-03,-164.207127740E-03,-42.203203042E-03,-100.732725049E-03
+3.108135000E-03,-148.297894259E-03,-40.711368920E-03,-100.205086871E-03
+3.108140000E-03,-132.647768797E-03,-40.711368873E-03,-100.007222545E-03
+3.108145000E-03,-116.894000125E-03,-42.281720684E-03,-99.360865777E-03
+3.108150000E-03,-101.399339465E-03,-41.182474448E-03,-99.316895919E-03
+3.108155000E-03,-87.200219011E-03,-42.046167901E-03,-98.472674832E-03
+3.108160000E-03,-72.638347308E-03,-41.339509607E-03,-98.397926081E-03
+3.108165000E-03,-56.314540983E-03,-42.909861340E-03,-97.584483887E-03
+3.108170000E-03,-42.685458169E-03,-40.240263395E-03,-97.531720057E-03
+3.108175000E-03,-26.568938269E-03,-43.302449280E-03,-96.643529124E-03
+3.108180000E-03,-12.007066576E-03,-40.789886474E-03,-96.538001475E-03
+3.108185000E-03,+4.316739801E-03,-42.831343758E-03,-95.623428633E-03
+3.108190000E-03,+20.640546122E-03,-40.946921670E-03,-95.377197469E-03
+3.108195000E-03,+35.513347485E-03,-41.653579951E-03,-94.581343216E-03
+3.108200000E-03,+50.178862428E-03,-39.298052353E-03,-94.260363312E-03
+3.108205000E-03,+65.466236624E-03,-41.732097521E-03,-93.416142223E-03
+3.108210000E-03,+80.701789221E-03,-41.339509578E-03,-93.143529150E-03
+3.108215000E-03,+96.611022720E-03,-41.260992033E-03,-92.198177409E-03
+3.108220000E-03,+111.121072831E-03,-40.397298594E-03,-91.929961329E-03
+3.108225000E-03,+126.252982211E-03,-41.496544801E-03,-90.980212596E-03
+3.108230000E-03,+141.747642846E-03,-41.967650302E-03,-90.650438729E-03
+3.108235000E-03,+157.294125109E-03,-41.260992055E-03,-89.625941254E-03
+3.108240000E-03,+171.752353561E-03,-40.868404082E-03,-89.318152312E-03
+3.108245000E-03,+186.728798130E-03,-42.124685474E-03,-88.108981473E-03
+3.108250000E-03,+202.534388403E-03,-42.046167899E-03,-87.880338259E-03
+3.108255000E-03,+217.303546567E-03,-42.281720658E-03,-86.882222691E-03
+3.108260000E-03,+232.072704673E-03,-42.046167850E-03,-86.477700081E-03
+3.108265000E-03,+247.463722091E-03,-42.988378942E-03,-85.352071956E-03
+3.108270000E-03,+261.611020959E-03,-40.711368916E-03,-84.846418692E-03
+3.108275000E-03,+276.639287126E-03,-40.318780990E-03,-83.971418702E-03
+3.108280000E-03,+292.341234192E-03,-41.810615128E-03,-83.118403635E-03
+3.108285000E-03,+307.369500360E-03,-41.103956839E-03,-82.392901132E-03
+3.108290000E-03,+320.894939933E-03,-41.182474443E-03,-81.403579532E-03
+3.108295000E-03,+334.886773949E-03,-41.732097511E-03,-80.757222758E-03
+3.108300000E-03,+349.500467263E-03,-42.046167884E-03,-79.684358448E-03
+3.108305000E-03,+363.595944487E-03,-41.103956871E-03,-79.011619761E-03
+3.108310000E-03,+378.261459390E-03,-41.103956851E-03,-77.916770526E-03
+3.108315000E-03,+392.512401449E-03,-42.360238297E-03,-77.134107219E-03
+3.108320000E-03,+407.022451566E-03,-41.653579956E-03,-76.188755472E-03
+3.108325000E-03,+421.791609704E-03,-41.967650279E-03,-75.247800707E-03
+3.108330000E-03,+435.524335661E-03,-41.810615092E-03,-74.346418806E-03
+3.108335000E-03,+449.412526500E-03,-42.124685481E-03,-73.387876105E-03
+3.108340000E-03,+462.937966035E-03,-40.946921652E-03,-72.495288172E-03
+3.108345000E-03,+476.929800061E-03,-41.260992023E-03,-71.475187684E-03
+3.108350000E-03,+491.025277301E-03,-40.632851293E-03,-70.648554520E-03
+3.108355000E-03,+505.690792190E-03,-42.046167889E-03,-69.544911326E-03
+3.108360000E-03,+517.402475520E-03,-40.789886465E-03,-68.647926399E-03
+3.108365000E-03,+532.223455256E-03,-42.988378937E-03,-67.597047026E-03
+3.108370000E-03,+545.386143549E-03,-44.558730645E-03,-66.572549536E-03
+3.108375000E-03,+557.771507748E-03,-41.810615138E-03,-65.631594786E-03
+3.108380000E-03,+570.623266369E-03,-43.459484434E-03,-64.400439008E-03
+3.108385000E-03,+583.630489884E-03,-42.046167902E-03,-63.481469182E-03
+3.108390000E-03,+597.104107832E-03,-41.810615133E-03,-62.241519435E-03
+3.108395000E-03,+610.785012179E-03,-41.339509620E-03,-61.357725482E-03
+3.108400000E-03,+623.533127633E-03,-41.653579940E-03,-60.117775741E-03
+3.108405000E-03,+636.333064690E-03,-41.025439275E-03,-59.159233043E-03
+3.108410000E-03,+648.355677630E-03,-43.145414103E-03,-58.002826016E-03
+3.108415000E-03,+661.311079503E-03,-42.360238211E-03,-56.965137586E-03
+3.108420000E-03,+671.830865832E-03,-41.889132717E-03,-55.909861215E-03
+3.108425000E-03,+684.216230028E-03,-42.281720658E-03,-54.538001937E-03
+3.108430000E-03,+696.912523838E-03,-41.339509592E-03,-53.605841138E-03
+3.108435000E-03,+709.297888051E-03,-42.046167889E-03,-52.181218044E-03
+3.108440000E-03,+720.335890416E-03,-41.967650291E-03,-51.266645186E-03
+3.108445000E-03,+731.892108890E-03,-44.009107538E-03,-49.833228118E-03
+3.108450000E-03,+744.329294690E-03,-41.575062377E-03,-48.887876366E-03
+3.108455000E-03,+755.263653890E-03,-42.752826207E-03,-47.559986935E-03
+3.108460000E-03,+767.286266828E-03,-41.260992002E-03,-46.522298500E-03
+3.108465000E-03,+779.101593309E-03,-42.360238240E-03,-45.225187962E-03
+3.108470000E-03,+789.725022838E-03,-42.595790978E-03,-44.016017123E-03
+3.108475000E-03,+800.452095611E-03,-42.517273438E-03,-42.842022163E-03
+3.108480000E-03,+810.712773873E-03,-42.674308580E-03,-41.522926696E-03
+3.108485000E-03,+821.232560206E-03,-43.538002038E-03,-40.529208117E-03
+3.108490000E-03,+831.026844021E-03,-42.517273425E-03,-39.043027225E-03
+3.108495000E-03,+841.494808759E-03,-41.575062374E-03,-38.075690552E-03
+3.108500000E-03,+851.962773436E-03,-39.219534756E-03,-36.549936800E-03
+3.108505000E-03,+862.430738141E-03,-42.752826202E-03,-35.512248369E-03
+3.108510000E-03,+871.914092323E-03,-41.339509605E-03,-34.048052403E-03
+3.108515000E-03,+881.863840984E-03,-42.203203089E-03,-32.970791112E-03
+3.108520000E-03,+891.347195149E-03,-43.223931708E-03,-31.519786100E-03
+3.108525000E-03,+900.623262881E-03,-41.889132749E-03,-30.376570036E-03
+3.108530000E-03,+910.002973838E-03,-41.732097559E-03,-28.925565023E-03
+3.108535000E-03,+918.916290343E-03,-41.732097570E-03,-27.808730868E-03
+3.108540000E-03,+928.244179664E-03,-42.046167889E-03,-26.348931882E-03
+3.108545000E-03,+936.276528838E-03,-42.831343746E-03,-25.320037424E-03
+3.108550000E-03,+944.982558862E-03,-43.145414121E-03,-23.706343971E-03
+3.108555000E-03,+952.963086448E-03,-41.653579961E-03,-22.681846500E-03
+3.108560000E-03,+960.114468285E-03,-39.690640313E-03,-21.054962090E-03
+3.108565000E-03,+969.338714389E-03,-42.988378920E-03,-20.127198286E-03
+3.108570000E-03,+976.230988200E-03,-43.773554783E-03,-18.390389255E-03
+3.108575000E-03,+984.159694167E-03,-41.103956827E-03,-17.528580222E-03
+3.108580000E-03,+992.399329735E-03,-42.281720655E-03,-15.747801343E-03
+3.108585000E-03,+999.861641209E-03,-42.360238264E-03,-14.921168192E-03
+3.108590000E-03,+1.007116666266E+00,-42.517273417E-03,-13.206344084E-03
+3.108595000E-03,+1.013490724001E+00,-43.223931679E-03,-12.309359172E-03
+3.108600000E-03,+1.020331176164E+00,-42.831343757E-03,-10.502198387E-03
+3.108605000E-03,+1.026601590688E+00,-42.831343751E-03,-9.684359199E-03
+3.108610000E-03,+1.032612897161E+00,-43.223931706E-03,-7.916771276E-03
+3.108615000E-03,+1.039246062912E+00,-41.967650323E-03,-6.980213502E-03
+3.108620000E-03,+1.044998261336E+00,-41.182474425E-03,-5.348932107E-03
+3.108625000E-03,+1.051009567831E+00,-42.595791023E-03,-4.412374335E-03
+3.108630000E-03,+1.057694555180E+00,-41.339509613E-03,-2.649183393E-03
+3.108635000E-03,+1.063550396812E+00,-41.889132720E-03,-1.862123105E-03
+3.108640000E-03,+1.068473449548E+00,-42.595790971E-03,-103.329150E-06
+3.108645000E-03,+1.074173826371E+00,-42.124685456E-03,+793.655761E-06
+3.108650000E-03,+1.079459630313E+00,-37.884735827E-03,+2.517273835E-03
+3.108655000E-03,+1.084641791093E+00,+776.892252001E-03,+3.467022571E-03
+3.108660000E-03,+1.087284693061E+00,+2.552017874266E+00,+5.098303961E-03
+3.108665000E-03,+1.092155924181E+00,+2.552488980200E+00,+6.109610479E-03
+3.108670000E-03,+1.096405295999E+00,+2.552488980200E+00,+7.745288858E-03
+3.108675000E-03,+1.100913775839E+00,+2.552488980200E+00,+8.752198389E-03
+3.108680000E-03,+1.104852218013E+00,+2.552488980200E+00,+10.203203404E-03
+3.108685000E-03,+1.108065157659E+00,+2.552488980200E+00,+11.385992327E-03
+3.108690000E-03,+1.111226275753E+00,+2.552488980200E+00,+12.727072723E-03
+3.108695000E-03,+1.115061074673E+00,+2.552488980200E+00,+14.046168181E-03
+3.108700000E-03,+1.117237582191E+00,+2.552488980200E+00,+15.224560137E-03
+3.108705000E-03,+1.120657808272E+00,+2.552488980200E+00,+16.662374183E-03
+3.108710000E-03,+1.122937959024E+00,+2.552488980200E+00,+17.792399306E-03
+3.108715000E-03,+1.124803536886E+00,+2.552488980200E+00,+19.159861596E-03
+3.108720000E-03,+1.127705546896E+00,+2.552488980200E+00,+20.391017364E-03
+3.108725000E-03,+1.130089340886E+00,+2.552488980200E+00,+21.798052520E-03
+3.108730000E-03,+1.132524956416E+00,+2.552646015371E+00,+22.932474625E-03
+3.108735000E-03,+1.133561388562E+00,+2.552724532961E+00,+24.339509783E-03
+3.108740000E-03,+1.134753285527E+00,+2.552724532961E+00,+25.539886654E-03
+3.108745000E-03,+1.136256112144E+00,+2.552724532961E+00,+26.898554981E-03
+3.108750000E-03,+1.137707117140E+00,+2.552724532961E+00,+28.041771050E-03
+3.108755000E-03,+1.137499830736E+00,+2.552724532961E+00,+29.483982088E-03
+3.108760000E-03,+1.139158122161E+00,+2.552724532961E+00,+30.530464491E-03
+3.108765000E-03,+1.139676338264E+00,+2.552724532961E+00,+31.928705682E-03
+3.108770000E-03,+1.139779981481E+00,+2.552724532961E+00,+32.997173006E-03
+3.108775000E-03,+1.138795370935E+00,+2.552724532961E+00,+34.505338821E-03
+3.108780000E-03,+1.139883624677E+00,+2.552724532961E+00,+35.397926749E-03
+3.108785000E-03,+1.139831803077E+00,+2.552724532961E+00,+36.840137791E-03
+3.108790000E-03,+1.139831803058E+00,+2.552724532961E+00,+37.825062402E-03
+3.108795000E-03,+1.138743549316E+00,+2.552724532961E+00,+39.166142789E-03
+3.108800000E-03,+1.137862581998E+00,+2.552724532961E+00,+40.291770922E-03
+3.108805000E-03,+1.137396187540E+00,+2.552724532961E+00,+41.470162865E-03
+3.108810000E-03,+1.135737896080E+00,+2.552724532961E+00,+42.754082450E-03
+3.108815000E-03,+1.132835886120E+00,+2.552724532961E+00,+43.633479423E-03
+3.108820000E-03,+1.133043172479E+00,+2.552724532961E+00,+45.233981923E-03
+3.108825000E-03,+1.131177594638E+00,+2.552724532961E+00,+45.853956786E-03
+3.108830000E-03,+1.128327406227E+00,+2.552724532961E+00,+47.581971845E-03
+3.108835000E-03,+1.126772757991E+00,+2.552724532961E+00,+48.056846213E-03
+3.108840000E-03,+1.124596250492E+00,+2.552724532961E+00,+49.850816042E-03
+3.108845000E-03,+1.120916916381E+00,+2.552724532961E+00,+50.268529609E-03
+3.108850000E-03,+1.118533122412E+00,+2.552724532961E+00,+51.970162751E-03
+3.108855000E-03,+1.115268361146E+00,+2.552724532961E+00,+52.524182849E-03
+3.108860000E-03,+1.112832745570E+00,+2.552724532961E+00,+54.054333583E-03
+3.108865000E-03,+1.108842481826E+00,+2.552724532961E+00,+54.753454183E-03
+3.108870000E-03,+1.105422255740E+00,+2.552724532961E+00,+55.971418995E-03
+3.108875000E-03,+1.101794743208E+00,+2.552724532961E+00,+56.938755665E-03
+3.108880000E-03,+1.097804479403E+00,+2.552724532961E+00,+57.923680279E-03
+3.108885000E-03,+1.093451464393E+00,+2.552724532961E+00,+59.084484281E-03
+3.108890000E-03,+1.087906552367E+00,+2.552724532961E+00,+59.845162676E-03
+3.108895000E-03,+1.083398072539E+00,+2.552724532961E+00,+61.058730494E-03
+3.108900000E-03,+1.079407808775E+00,+2.552724532961E+00,+61.801820943E-03
+3.108905000E-03,+1.074640220876E+00,+2.552724532961E+00,+63.046167657E-03
+3.108910000E-03,+1.068991665664E+00,+2.552724532961E+00,+63.740891275E-03
+3.108915000E-03,+1.063291288880E+00,+2.552724532961E+00,+65.020413869E-03
+3.108920000E-03,+1.058212771335E+00,+2.552724532961E+00,+65.596418895E-03
+3.108925000E-03,+1.052356929683E+00,+2.552724532961E+00,+66.981469123E-03
+3.108930000E-03,+1.047226590513E+00,+2.552724532961E+00,+67.487122390E-03
+3.108935000E-03,+1.040178851901E+00,+2.552724532961E+00,+68.841393728E-03
+3.108940000E-03,+1.034115723839E+00,+2.552724532961E+00,+69.153579661E-03
+3.108945000E-03,+1.027067985215E+00,+2.552724532961E+00,+70.745288179E-03
+3.108950000E-03,+1.021419429991E+00,+2.552724532961E+00,+70.864006776E-03
+3.108955000E-03,+1.014112583350E+00,+2.552724532961E+00,+72.578830873E-03
+3.108960000E-03,+1.006909379917E+00,+2.552724532961E+00,+72.548051986E-03
+3.108965000E-03,+999.550711652E-03,+2.552724532961E+00,+74.284861005E-03
+3.108970000E-03,+991.207432837E-03,+2.552724532961E+00,+74.174936389E-03
+3.108975000E-03,+983.900586202E-03,+2.552724532961E+00,+75.872172545E-03
+3.108980000E-03,+976.801025966E-03,+2.552724532961E+00,+75.757850947E-03
+3.108985000E-03,+968.354103950E-03,+2.552724532961E+00,+77.397926296E-03
+3.108990000E-03,+960.788149275E-03,+2.552724532961E+00,+77.406720276E-03
+3.108995000E-03,+953.377659395E-03,+2.552724532961E+00,+78.813755429E-03
+3.109000000E-03,+944.464342934E-03,+2.552724532961E+00,+78.985237848E-03
+3.109005000E-03,+936.691101791E-03,+2.552724532961E+00,+80.124056925E-03
+3.109010000E-03,+927.985071728E-03,+2.552724532961E+00,+80.471418731E-03
+3.109015000E-03,+918.760825621E-03,+2.552724532961E+00,+81.447549374E-03
+3.109020000E-03,+909.899330699E-03,+2.552724532961E+00,+81.896041831E-03
+3.109025000E-03,+900.571441372E-03,+2.552724532961E+00,+82.713881021E-03
+3.109030000E-03,+891.399016843E-03,+2.552724532961E+00,+83.175564429E-03
+3.109035000E-03,+881.656554624E-03,+2.552724532961E+00,+83.914257894E-03
+3.109040000E-03,+872.121378851E-03,+2.552724532961E+00,+84.428705118E-03
+3.109045000E-03,+862.430738255E-03,+2.552724532961E+00,+85.180589539E-03
+3.109050000E-03,+852.791919259E-03,+2.552724532961E+00,+85.558730232E-03
+3.109055000E-03,+843.826781142E-03,+2.552724532961E+00,+86.297423699E-03
+3.109060000E-03,+832.892422005E-03,+2.552724532961E+00,+86.653579469E-03
+3.109065000E-03,+821.802598015E-03,+2.552724532961E+00,+87.401066902E-03
+3.109070000E-03,+810.609130772E-03,+2.552724532961E+00,+87.766016642E-03
+3.109075000E-03,+800.348452488E-03,+2.552724532961E+00,+88.342021664E-03
+3.109080000E-03,+789.621379735E-03,+2.552724532961E+00,+88.772926180E-03
+3.109085000E-03,+778.583377355E-03,+2.552724532961E+00,+89.225815627E-03
+3.109090000E-03,+767.908126223E-03,+2.552724532961E+00,+89.713880946E-03
+3.109095000E-03,+756.714658986E-03,+2.552724532961E+00,+90.193152298E-03
+3.109100000E-03,+744.484759648E-03,+2.552724532961E+00,+90.483353304E-03
+3.109105000E-03,+732.824897950E-03,+2.552724532961E+00,+90.936242740E-03
+3.109110000E-03,+722.978792538E-03,+2.552724532961E+00,+91.367147263E-03
+3.109115000E-03,+711.267109224E-03,+2.552724532961E+00,+91.718906047E-03
+3.109120000E-03,+699.710890779E-03,+2.552724532961E+00,+92.026694998E-03
+3.109125000E-03,+686.703667296E-03,+2.552724532961E+00,+92.510363324E-03
+3.109130000E-03,+674.111016686E-03,+2.552724532961E+00,+92.589509062E-03
+3.109135000E-03,+661.259258063E-03,+2.552724532961E+00,+93.152323115E-03
+3.109140000E-03,+649.754861160E-03,+2.552724532961E+00,+93.165514082E-03
+3.109145000E-03,+637.473140163E-03,+2.552724532961E+00,+93.789885922E-03
+3.109150000E-03,+625.295062452E-03,+2.552724532961E+00,+93.635991469E-03
+3.109155000E-03,+612.650590211E-03,+2.552724532961E+00,+94.387875864E-03
+3.109160000E-03,+599.747009912E-03,+2.552724532961E+00,+94.084483923E-03
+3.109165000E-03,+587.154359326E-03,+2.552724532961E+00,+94.774810537E-03
+3.109170000E-03,+574.561708695E-03,+2.552724532961E+00,+94.423051761E-03
+3.109175000E-03,+561.399020429E-03,+2.552724532961E+00,+95.188127113E-03
+3.109180000E-03,+547.977224066E-03,+2.552724532961E+00,+94.695664822E-03
+3.109185000E-03,+534.607249368E-03,+2.552724532961E+00,+95.443152241E-03
+3.109190000E-03,+520.874523360E-03,+2.552724532961E+00,+94.928705018E-03
+3.109195000E-03,+507.038154155E-03,+2.552724532961E+00,+95.808101986E-03
+3.109200000E-03,+493.927287430E-03,+2.552724532961E+00,+95.051820595E-03
+3.109205000E-03,+479.209950942E-03,+2.552724532961E+00,+95.966393443E-03
+3.109210000E-03,+466.306370676E-03,+2.552724532961E+00,+95.091393457E-03
+3.109215000E-03,+453.040039135E-03,+2.552724532961E+00,+96.089509019E-03
+3.109220000E-03,+438.996383517E-03,+2.552724532961E+00,+95.139760287E-03
+3.109225000E-03,+424.849084682E-03,+2.552724532961E+00,+96.107096964E-03
+3.109230000E-03,+411.790039575E-03,+2.552724532961E+00,+95.205715060E-03
+3.109235000E-03,+395.984449311E-03,+2.552724532961E+00,+96.102699978E-03
+3.109240000E-03,+383.080869026E-03,+2.552724532961E+00,+95.130966312E-03
+3.109245000E-03,+367.845316474E-03,+2.552724532961E+00,+95.904835659E-03
+3.109250000E-03,+353.179801556E-03,+2.552724532961E+00,+95.025438678E-03
+3.109255000E-03,+338.358821773E-03,+2.552724532961E+00,+95.689383404E-03
+3.109260000E-03,+324.159701341E-03,+2.552724532961E+00,+94.770413555E-03
+3.109265000E-03,+310.064224126E-03,+2.552724532961E+00,+95.381594459E-03
+3.109270000E-03,+295.554174022E-03,+2.552724532961E+00,+94.519785417E-03
+3.109275000E-03,+280.525907866E-03,+2.552724532961E+00,+94.990262807E-03
+3.109280000E-03,+265.601284879E-03,+2.552724532961E+00,+94.194408536E-03
+3.109285000E-03,+251.194878021E-03,+2.552724532961E+00,+94.550564320E-03
+3.109290000E-03,+236.529363076E-03,+2.552724532961E+00,+93.732725127E-03
+3.109295000E-03,+221.086524090E-03,+2.552724532961E+00,+94.027323118E-03
+3.109300000E-03,+206.991046822E-03,+2.552724532961E+00,+93.328202518E-03
+3.109305000E-03,+192.895569580E-03,+2.552724532961E+00,+93.504081914E-03
+3.109310000E-03,+177.608195387E-03,+2.552724532961E+00,+92.796167352E-03
+3.109315000E-03,+161.180745812E-03,+2.552724532961E+00,+92.910488954E-03
+3.109320000E-03,+146.515230904E-03,+2.552724532961E+00,+92.316896001E-03
+3.109325000E-03,+130.709640611E-03,+2.552724532961E+00,+92.154207555E-03
+3.109330000E-03,+115.681374449E-03,+2.552724532961E+00,+91.701318116E-03
+3.109335000E-03,+99.616676113E-03,+2.552724532961E+00,+91.305589477E-03
+3.109340000E-03,+84.122015506E-03,+2.552724532961E+00,+90.940639733E-03
+3.109345000E-03,+69.974716617E-03,+2.552724532961E+00,+90.522926167E-03
+3.109350000E-03,+53.858196693E-03,+2.552724532961E+00,+90.188755324E-03
+3.109355000E-03,+39.348146619E-03,+2.552724532961E+00,+89.643529190E-03
+3.109360000E-03,+23.801664380E-03,+2.552724532961E+00,+89.291770406E-03
+3.109365000E-03,+8.877041423E-03,+2.552724532961E+00,+88.711368397E-03
+3.109370000E-03,-5.892116715E-03,+2.552724532961E+00,+88.298051825E-03
+3.109375000E-03,-20.661274842E-03,+2.552724532961E+00,+87.713252830E-03
+3.109380000E-03,-35.223146584E-03,+2.552724532961E+00,+87.273554347E-03
+3.109385000E-03,-50.406877531E-03,+2.552724532961E+00,+86.706343290E-03
+3.109390000E-03,-64.916927671E-03,+2.552724532961E+00,+86.125941294E-03
+3.109395000E-03,-81.137090800E-03,+2.552724532961E+00,+85.598303106E-03
+3.109400000E-03,-95.388032876E-03,+2.552724532961E+00,+84.987122210E-03
+3.109405000E-03,-111.711839199E-03,+2.552724532961E+00,+84.560614675E-03
+3.109410000E-03,-127.517429493E-03,+2.552724532961E+00,+83.773554384E-03
+3.109415000E-03,-142.338409222E-03,+2.552724532961E+00,+83.237122228E-03
+3.109420000E-03,-157.263032189E-03,+2.552724532961E+00,+82.432473996E-03
+3.109425000E-03,-172.239476734E-03,+2.552724532961E+00,+81.926820734E-03
+3.109430000E-03,-187.785958997E-03,+2.552724532961E+00,+81.065011696E-03
+3.109435000E-03,-202.503295523E-03,+2.552724532961E+00,+80.713252911E-03
+3.109440000E-03,-216.495129509E-03,+2.552724532961E+00,+79.605212717E-03
+3.109445000E-03,-232.041611790E-03,+2.552724532961E+00,+79.358981566E-03
+3.109450000E-03,-247.018056364E-03,+2.552724532961E+00,+78.158604692E-03
+3.109455000E-03,-262.512716999E-03,+2.552724532961E+00,+77.877197669E-03
+3.109460000E-03,-276.556372610E-03,+2.552724532961E+00,+76.540514256E-03
+3.109465000E-03,-292.517427715E-03,+2.552724532961E+00,+76.408604718E-03
+3.109470000E-03,-306.975656193E-03,+2.552724532961E+00,+74.970790655E-03
+3.109475000E-03,-320.812025413E-03,+2.552724532961E+00,+74.843278100E-03
+3.109480000E-03,-336.203042814E-03,+2.552724532961E+00,+73.453830874E-03
+3.109485000E-03,-350.402163287E-03,+2.552724532961E+00,+73.172423847E-03
+3.109490000E-03,-365.482251054E-03,+2.552724532961E+00,+71.734609787E-03
+3.109495000E-03,-379.111333827E-03,+2.552724532961E+00,+71.409232914E-03
+3.109500000E-03,-393.258632650E-03,+2.552724532961E+00,+70.002197743E-03
+3.109505000E-03,-408.079612384E-03,+2.552724532961E+00,+69.610866096E-03
+3.109510000E-03,-423.159700194E-03,+2.552724532961E+00,+68.318152536E-03
+3.109515000E-03,-438.498896025E-03,+2.552724532961E+00,+67.724559587E-03
+3.109520000E-03,-452.076157130E-03,+2.552724532961E+00,+66.392273160E-03
+3.109525000E-03,-464.927915842E-03,+2.552724532961E+00,+65.829459103E-03
+3.109530000E-03,-479.904360389E-03,+2.552724532961E+00,+64.497172681E-03
+3.109535000E-03,-494.103480825E-03,+2.552724532961E+00,+63.877197817E-03
+3.109540000E-03,-507.525277199E-03,+2.552724532961E+00,+62.641645061E-03
+3.109545000E-03,-521.828040863E-03,+2.552724532961E+00,+61.924936530E-03
+3.109550000E-03,-533.228794534E-03,+2.552724532961E+00,+60.768529505E-03
+3.109555000E-03,-547.531558186E-03,+2.552724532961E+00,+59.893529518E-03
+3.109560000E-03,-560.642424869E-03,+2.552724532961E+00,+58.825062192E-03
+3.109565000E-03,-574.219686016E-03,+2.552724532961E+00,+57.835740597E-03
+3.109570000E-03,-586.812336646E-03,+2.552724532961E+00,+56.815640101E-03
+3.109575000E-03,-600.959635476E-03,+2.552724532961E+00,+55.681218004E-03
+3.109580000E-03,-614.588718236E-03,+2.552724532961E+00,+54.815011980E-03
+3.109585000E-03,-627.077725667E-03,+2.552724532961E+00,+53.539886370E-03
+3.109590000E-03,-639.981305892E-03,+2.552724532961E+00,+52.537373817E-03
+3.109595000E-03,-653.351280632E-03,+2.552724532961E+00,+51.376569811E-03
+3.109600000E-03,-664.855677557E-03,+2.552724532961E+00,+50.505966797E-03
+3.109605000E-03,-677.707436202E-03,+2.552724532961E+00,+49.252826117E-03
+3.109610000E-03,-689.056368212E-03,+2.552724532961E+00,+48.272298481E-03
+3.109615000E-03,-701.441732401E-03,+2.552724532961E+00,+47.102700510E-03
+3.109620000E-03,-713.982561451E-03,+2.552724532961E+00,+45.946293483E-03
+3.109625000E-03,-726.886141662E-03,+2.552724532961E+00,+44.829459326E-03
+3.109630000E-03,-739.219684229E-03,+2.552724532961E+00,+43.576318634E-03
+3.109635000E-03,-751.190475581E-03,+2.552724532961E+00,+42.543027196E-03
+3.109640000E-03,-762.487586059E-03,+2.552724532961E+00,+41.197549814E-03
+3.109645000E-03,-774.406555739E-03,+2.552724532961E+00,+40.221419178E-03
+3.109650000E-03,-785.807309356E-03,+2.552724532961E+00,+38.783605120E-03
+3.109655000E-03,-797.933565556E-03,+2.552724532961E+00,+37.803077495E-03
+3.109660000E-03,-808.246065411E-03,+2.552724532961E+00,+36.418027253E-03
+3.109665000E-03,-819.180424629E-03,+2.552724532961E+00,+35.472675510E-03
+3.109670000E-03,-830.322070222E-03,+2.552724532961E+00,+33.973303660E-03
+3.109675000E-03,-840.945499775E-03,+2.552724532961E+00,+32.970791119E-03
+3.109680000E-03,-851.206178050E-03,+2.552724532961E+00,+31.537374037E-03
+3.109685000E-03,-862.192358821E-03,+2.552724532961E+00,+30.548052452E-03
+3.109690000E-03,-872.763966713E-03,+2.552724532961E+00,+28.890389143E-03
+3.109695000E-03,-881.884569693E-03,+2.552724532961E+00,+28.169283629E-03
+3.109700000E-03,-893.026215277E-03,+2.552724532961E+00,+26.282977108E-03
+3.109705000E-03,-903.701466425E-03,+2.552724532961E+00,+25.750941946E-03
+3.109710000E-03,-913.599393455E-03,+2.552724532961E+00,+23.710740956E-03
+3.109715000E-03,-922.771817973E-03,+2.552724532961E+00,+23.209484686E-03
+3.109720000E-03,-932.514280192E-03,+2.552724532961E+00,+21.116519881E-03
+3.109725000E-03,-941.479418270E-03,+2.552724532961E+00,+20.777952050E-03
+3.109730000E-03,-950.755486033E-03,+2.552724532961E+00,+18.588253576E-03
+3.109735000E-03,-960.342483387E-03,+2.552724532961E+00,+18.152952076E-03
+3.109740000E-03,-968.426654181E-03,+2.552724532961E+00,+16.147926970E-03
+3.109745000E-03,-976.510824974E-03,+2.552724532961E+00,+15.440012409E-03
+3.109750000E-03,-985.061390202E-03,+2.552724532961E+00,+13.646042576E-03
+3.109755000E-03,-993.871063451E-03,+2.552724532961E+00,+12.740263694E-03
+3.109760000E-03,-1.001229731724E+00,+2.552724532961E+00,+11.179334056E-03
+3.109765000E-03,-1.010350334627E+00,+2.552724532961E+00,+10.172424525E-03
+3.109770000E-03,-1.018175397321E+00,+2.552724532961E+00,+8.593906948E-03
+3.109775000E-03,-1.026155924921E+00,+2.552724532961E+00,+7.459484861E-03
+3.109780000E-03,-1.032789090717E+00,+2.552724532961E+00,+6.021670793E-03
+3.109785000E-03,-1.040044115737E+00,+2.552724532961E+00,+4.838881874E-03
+3.109790000E-03,-1.047765535235E+00,+2.552724532961E+00,+3.330716047E-03
+3.109795000E-03,-1.054450522629E+00,+2.552724532961E+00,+2.433731146E-03
+3.109800000E-03,-1.061498261226E+00,+2.552724532961E+00,+718.907031E-06
+3.109805000E-03,-1.068390535045E+00,+2.552724532961E+00,-116.520084E-06
+3.109810000E-03,-1.074712771158E+00,+2.552724532961E+00,-1.967650731E-03
+3.109815000E-03,-1.081242293718E+00,+2.552724532961E+00,-2.675565284E-03
+3.109820000E-03,-1.086528097641E+00,+2.552724532961E+00,-4.575062762E-03
+3.109825000E-03,-1.093057620225E+00,+2.552724532961E+00,-5.335741136E-03
+3.109830000E-03,-1.097566100076E+00,+2.552724532961E+00,-7.252826550E-03
+3.109835000E-03,-1.103836514548E+00,+2.552724532961E+00,-8.079459701E-03
+3.109840000E-03,-1.108500459236E+00,+2.552724532961E+00,-9.767901900E-03
+3.109845000E-03,-1.113682619982E+00,+2.552724532961E+00,-10.796796354E-03
+3.109850000E-03,-1.119020245543E+00,+2.552724532961E+00,-12.370916945E-03
+3.109855000E-03,-1.125238838418E+00,+2.552410462628E+00,-13.522926977E-03
+3.109860000E-03,-1.127467167609E+00,+626.217034568E-03,-14.995916924E-03
+3.109865000E-03,-1.131923825848E+00,-171.914256631E-03,-16.011620421E-03
+3.109870000E-03,-1.136069554461E+00,-175.918654151E-03,-17.616519905E-03
+3.109875000E-03,-1.140526212650E+00,+124.646666374E-03,-18.456344019E-03
+3.109880000E-03,-1.143946438782E+00,+53.823808536E-03,-20.364635453E-03
+3.109885000E-03,-1.147159378441E+00,-81.697549520E-03,-21.015389212E-03
+3.109890000E-03,-1.150631426124E+00,-88.999684697E-03,-23.231469587E-03
+3.109895000E-03,-1.153792544212E+00,-65.365891970E-03,-23.578831398E-03
+3.109900000E-03,-1.156435446198E+00,-25.793027019E-03,-25.702575090E-03
+3.109905000E-03,-1.159285634588E+00,-55.394157713E-03,-26.164258508E-03
+3.109910000E-03,-1.162187644610E+00,-53.823805775E-03,-28.309987124E-03
+3.109915000E-03,-1.165348762666E+00,-59.555589966E-03,-28.705715764E-03
+3.109920000E-03,-1.167525270190E+00,-46.521670356E-03,-30.833856443E-03
+3.109925000E-03,-1.169028096802E+00,-55.786745600E-03,-31.251570012E-03
+3.109930000E-03,-1.171463712357E+00,-51.311243121E-03,-33.370916716E-03
+3.109935000E-03,-1.173640219861E+00,-53.117147687E-03,-33.841394105E-03
+3.109940000E-03,-1.174313900776E+00,-49.505338606E-03,-35.864007145E-03
+3.109945000E-03,-1.175661262556E+00,-49.034233192E-03,-36.387248350E-03
+3.109950000E-03,-1.176283121872E+00,-50.290514522E-03,-38.401067417E-03
+3.109955000E-03,-1.177164089185E+00,-49.819409074E-03,-38.924308618E-03
+3.109960000E-03,-1.177630483662E+00,-49.819408981E-03,-40.806218148E-03
+3.109965000E-03,-1.178874202237E+00,-50.526067283E-03,-41.360238241E-03
+3.109970000E-03,-1.178148699739E+00,-50.369032157E-03,-43.316896512E-03
+3.109975000E-03,-1.178615094192E+00,-50.604584866E-03,-43.668655299E-03
+3.109980000E-03,-1.178355986155E+00,-50.133479385E-03,-45.739635182E-03
+3.109985000E-03,-1.177941413290E+00,-48.327574837E-03,-46.047424116E-03
+3.109990000E-03,-1.177319554025E+00,-48.092022098E-03,-48.193152745E-03
+3.109995000E-03,-1.175557619353E+00,-45.815012098E-03,-48.500941680E-03
+3.110000000E-03,-1.175402154538E+00,-46.835740656E-03,-50.563127593E-03
+3.110005000E-03,-1.174210257586E+00,-47.699434125E-03,-50.870916528E-03
+3.110010000E-03,-1.172344679741E+00,-49.034233143E-03,-52.805589885E-03
+3.110015000E-03,-1.171308247561E+00,-49.897926579E-03,-53.249685350E-03
+3.110020000E-03,-1.168458059160E+00,-47.856469314E-03,-55.087625035E-03
+3.110025000E-03,-1.167214340585E+00,-49.191268295E-03,-55.610866224E-03
+3.110030000E-03,-1.165348762686E+00,-47.699434181E-03,-57.206971750E-03
+3.110035000E-03,-1.162239466267E+00,-47.306846212E-03,-57.822549619E-03
+3.110040000E-03,-1.159233813040E+00,-46.364635144E-03,-59.449434037E-03
+3.110045000E-03,-1.158249202468E+00,-46.757223163E-03,-60.038629994E-03
+3.110050000E-03,-1.154880797976E+00,-46.364635205E-03,-61.647926474E-03
+3.110055000E-03,-1.151926966397E+00,-47.620916541E-03,-62.201946555E-03
+3.110060000E-03,-1.148662205113E+00,-45.736494436E-03,-63.815640018E-03
+3.110065000E-03,-1.144464654917E+00,-45.893529655E-03,-64.338881203E-03
+3.110070000E-03,-1.142288147390E+00,-46.286117572E-03,-65.860237990E-03
+3.110075000E-03,-1.139437958953E+00,-45.108353857E-03,-66.418655052E-03
+3.110080000E-03,-1.135344051954E+00,-45.422424144E-03,-67.966393743E-03
+3.110085000E-03,-1.129332745529E+00,-46.129082455E-03,-68.414886191E-03
+3.110090000E-03,-1.126171627437E+00,-47.699434140E-03,-69.843906288E-03
+3.110095000E-03,-1.121248574708E+00,-46.443152788E-03,-70.441896218E-03
+3.110100000E-03,-1.116480986873E+00,-46.129082378E-03,-71.769785660E-03
+3.110105000E-03,-1.112438901474E+00,-44.166142766E-03,-72.477700219E-03
+3.110110000E-03,-1.106790346238E+00,-45.736494427E-03,-73.634107246E-03
+3.110115000E-03,-1.101504542307E+00,-45.265388982E-03,-74.447549446E-03
+3.110120000E-03,-1.095855987096E+00,-45.657976890E-03,-75.419283107E-03
+3.110125000E-03,-1.090466539897E+00,-46.286117572E-03,-76.377825806E-03
+3.110130000E-03,-1.085491665589E+00,-45.500941674E-03,-77.204458967E-03
+3.110135000E-03,-1.079428537516E+00,-44.323177952E-03,-78.176192624E-03
+3.110140000E-03,-1.073520874245E+00,-43.930589974E-03,-78.980840858E-03
+3.110145000E-03,-1.067975962246E+00,-44.480213072E-03,-80.000941347E-03
+3.110150000E-03,-1.060772758804E+00,-45.029836244E-03,-80.752825761E-03
+3.110155000E-03,-1.055486954868E+00,-45.108353796E-03,-81.654207661E-03
+3.110160000E-03,-1.047040032830E+00,-42.752826179E-03,-82.476443833E-03
+3.110165000E-03,-1.040147759048E+00,-45.815012088E-03,-83.316267946E-03
+3.110170000E-03,-1.032219053100E+00,-44.715765794E-03,-84.125313161E-03
+3.110175000E-03,-1.023823952726E+00,-42.831343801E-03,-84.842021700E-03
+3.110180000E-03,-1.016361641217E+00,-44.009107592E-03,-85.651066917E-03
+3.110185000E-03,-1.008277470431E+00,-44.009107549E-03,-86.385363390E-03
+3.110190000E-03,-1.000504229334E+00,-42.360238330E-03,-87.172423684E-03
+3.110195000E-03,-991.901842484E-03,-44.715765923E-03,-87.814383474E-03
+3.110200000E-03,-983.351277265E-03,-42.438755854E-03,-88.658604575E-03
+3.110205000E-03,-974.697068794E-03,-42.988378964E-03,-89.177448787E-03
+3.110210000E-03,-965.887395563E-03,-43.066896473E-03,-90.061242749E-03
+3.110215000E-03,-956.507684611E-03,-42.517273426E-03,-90.461368373E-03
+3.110220000E-03,-948.475335453E-03,-41.810615103E-03,-91.543026656E-03
+3.110225000E-03,-939.043802855E-03,-43.695037248E-03,-91.591393484E-03
+3.110230000E-03,-929.819556738E-03,-42.752826144E-03,-92.848931164E-03
+3.110235000E-03,-919.869808078E-03,-44.558730675E-03,-92.699433673E-03
+3.110240000E-03,-909.401843420E-03,-43.459484408E-03,-94.080086931E-03
+3.110245000E-03,-898.985700290E-03,-42.595791025E-03,-93.675564320E-03
+3.110250000E-03,-888.932308446E-03,-43.145414067E-03,-95.280463800E-03
+3.110255000E-03,-878.619808530E-03,-42.752826187E-03,-94.774810537E-03
+3.110260000E-03,-867.219054938E-03,-42.203203077E-03,-96.463252730E-03
+3.110265000E-03,-859.031240914E-03,-43.066896468E-03,-95.887247713E-03
+3.110270000E-03,-848.045060135E-03,-44.637248278E-03,-97.399810512E-03
+3.110275000E-03,-837.888025049E-03,-42.595791001E-03,-96.977699960E-03
+3.110280000E-03,-826.124520192E-03,-43.616519677E-03,-98.261619544E-03
+3.110285000E-03,-815.449269027E-03,-41.889132761E-03,-97.980212519E-03
+3.110290000E-03,-804.152158582E-03,-42.674308592E-03,-99.154207474E-03
+3.110295000E-03,-792.544118555E-03,-41.182474413E-03,-98.947549187E-03
+3.110300000E-03,-780.262397545E-03,-40.161745769E-03,-99.730212498E-03
+3.110305000E-03,-768.395249467E-03,-42.124685506E-03,-99.739006468E-03
+3.110310000E-03,-757.149960601E-03,-41.575062365E-03,-100.521669775E-03
+3.110315000E-03,-745.697385355E-03,-43.223931710E-03,-100.543654702E-03
+3.110320000E-03,-732.482875452E-03,-41.575062357E-03,-101.132850670E-03
+3.110325000E-03,-721.341229853E-03,-42.438755803E-03,-101.299936099E-03
+3.110330000E-03,-709.370438537E-03,-41.653579936E-03,-101.629709965E-03
+3.110335000E-03,-696.933252704E-03,-41.732097491E-03,-101.955086847E-03
+3.110340000E-03,-683.718742832E-03,-42.124685470E-03,-102.152951168E-03
+3.110345000E-03,-672.214345920E-03,-42.124685507E-03,-102.592649656E-03
+3.110350000E-03,-658.533441597E-03,-41.182474490E-03,-102.623428544E-03
+3.110355000E-03,-645.267110110E-03,-42.517273394E-03,-103.076317993E-03
+3.110360000E-03,-632.311708175E-03,-40.240263388E-03,-102.970790355E-03
+3.110365000E-03,-619.045376715E-03,-41.810615126E-03,-103.529207434E-03
+3.110370000E-03,-605.571758772E-03,-40.161745813E-03,-103.318152162E-03
+3.110375000E-03,-593.082751336E-03,-42.203203066E-03,-103.885363207E-03
+3.110380000E-03,-579.246382151E-03,-40.946921623E-03,-103.608353162E-03
+3.110385000E-03,-566.446445075E-03,-42.124685470E-03,-104.131594355E-03
+3.110390000E-03,-552.143681431E-03,-41.810615154E-03,-103.815011454E-03
+3.110395000E-03,-539.395565995E-03,-43.852072391E-03,-104.285488824E-03
+3.110400000E-03,-525.921948060E-03,-42.360238240E-03,-104.052448640E-03
+3.110405000E-03,-511.049146725E-03,-40.868404052E-03,-104.276694860E-03
+3.110410000E-03,-497.990101583E-03,-41.810615142E-03,-104.263503912E-03
+3.110415000E-03,-483.531873094E-03,-40.711368919E-03,-104.289885812E-03
+3.110420000E-03,-467.778104470E-03,-42.046167855E-03,-104.316267732E-03
+3.110425000E-03,-454.356308086E-03,-41.732097559E-03,-104.162373256E-03
+3.110430000E-03,-440.157187670E-03,-42.281720596E-03,-104.303076774E-03
+3.110435000E-03,-425.802602364E-03,-41.260992082E-03,-104.100815470E-03
+3.110440000E-03,-410.877979427E-03,-42.517273389E-03,-104.285488831E-03
+3.110445000E-03,-396.471572533E-03,-42.203203045E-03,-103.894157183E-03
+3.110450000E-03,-382.687024969E-03,-41.889132742E-03,-104.065639583E-03
+3.110455000E-03,-366.622326611E-03,-41.260992045E-03,-103.740262712E-03
+3.110460000E-03,-351.956811761E-03,-42.203203033E-03,-103.828202404E-03
+3.110465000E-03,-336.669437506E-03,-42.674308642E-03,-103.494031565E-03
+3.110470000E-03,-321.900279406E-03,-42.281720607E-03,-103.397297888E-03
+3.110475000E-03,-307.182942845E-03,-41.889132746E-03,-103.155463727E-03
+3.110480000E-03,-291.429174202E-03,-40.083228218E-03,-103.093905928E-03
+3.110485000E-03,-277.437340170E-03,-41.810615142E-03,-102.812498908E-03
+3.110490000E-03,-262.201787583E-03,-41.418027232E-03,-102.636619498E-03
+3.110495000E-03,-247.225343018E-03,-40.946921668E-03,-102.293654690E-03
+3.110500000E-03,-231.264287915E-03,-41.653579927E-03,-102.086996395E-03
+3.110505000E-03,-216.339664910E-03,-42.203203082E-03,-101.691267763E-03
+3.110510000E-03,-201.518685200E-03,-42.752826109E-03,-101.546167256E-03
+3.110515000E-03,-187.112278327E-03,-40.711368915E-03,-101.027323046E-03
+3.110520000E-03,-172.654049806E-03,-40.475816178E-03,-100.917398419E-03
+3.110525000E-03,-157.366675614E-03,-41.496544807E-03,-100.376569279E-03
+3.110530000E-03,-141.353798891E-03,-40.554333712E-03,-100.213880838E-03
+3.110535000E-03,-126.118246285E-03,-40.318780929E-03,-99.655463762E-03
+3.110540000E-03,-111.089980139E-03,-41.575062335E-03,-99.461996423E-03
+3.110545000E-03,-95.077103404E-03,-40.868404081E-03,-98.868403469E-03
+3.110550000E-03,-80.411588480E-03,-42.124685537E-03,-98.591393419E-03
+3.110555000E-03,-66.057003207E-03,-40.632851328E-03,-98.076946191E-03
+3.110560000E-03,-50.406877782E-03,-41.732097522E-03,-97.637247701E-03
+3.110565000E-03,-35.585898014E-03,-41.339509624E-03,-97.210740163E-03
+3.110570000E-03,-20.972204731E-03,-40.554333753E-03,-96.630338164E-03
+3.110575000E-03,-5.425722466E-03,-40.711368923E-03,-96.221418572E-03
+3.110580000E-03,+10.483510965E-03,-40.161745839E-03,-95.491519084E-03
+3.110585000E-03,+25.926350079E-03,-40.711368923E-03,-95.069408535E-03
+3.110590000E-03,+41.524653887E-03,-41.653579914E-03,-94.414257790E-03
+3.110595000E-03,+56.086525629E-03,-40.161745734E-03,-94.014132158E-03
+3.110600000E-03,+71.373899826E-03,-39.533605151E-03,-93.235865840E-03
+3.110605000E-03,+87.386776545E-03,-41.653579960E-03,-92.747800519E-03
+3.110610000E-03,+101.637718586E-03,-40.161745826E-03,-92.083855796E-03
+3.110615000E-03,+116.458698341E-03,-42.203203091E-03,-91.661745257E-03
+3.110620000E-03,+131.590607732E-03,-39.612122712E-03,-90.729584462E-03
+3.110625000E-03,+147.499841233E-03,-41.496544799E-03,-90.303076933E-03
+3.110630000E-03,+162.476285810E-03,-40.789886510E-03,-89.366519149E-03
+3.110635000E-03,+178.644627328E-03,-41.182474454E-03,-89.010363377E-03
+3.110640000E-03,+193.102855814E-03,-41.103956842E-03,-88.065011623E-03
+3.110645000E-03,+208.338408403E-03,-41.339509654E-03,-87.616519175E-03
+3.110650000E-03,+224.092177067E-03,-42.046167925E-03,-86.622800580E-03
+3.110655000E-03,+237.462151846E-03,-41.260991991E-03,-86.196293056E-03
+3.110660000E-03,+253.164098877E-03,-41.575062382E-03,-85.039886026E-03
+3.110665000E-03,+268.503294682E-03,-42.360238265E-03,-84.569408653E-03
+3.110670000E-03,+282.598771929E-03,-42.124685440E-03,-83.456971464E-03
+3.110675000E-03,+298.611648647E-03,-40.946921710E-03,-82.968906156E-03
+3.110680000E-03,+313.225341941E-03,-41.418027186E-03,-81.887247867E-03
+3.110685000E-03,+327.320819205E-03,-42.046167913E-03,-81.315639847E-03
+3.110690000E-03,+341.105366821E-03,-42.517273435E-03,-80.181217738E-03
+3.110695000E-03,+356.237276199E-03,-41.496544803E-03,-79.521670015E-03
+3.110700000E-03,+370.332753412E-03,-41.496544743E-03,-78.492775546E-03
+3.110705000E-03,+384.998268305E-03,-41.810615134E-03,-77.758479080E-03
+3.110710000E-03,+399.974712887E-03,-41.339509663E-03,-76.729584604E-03
+3.110715000E-03,+413.551974083E-03,-40.240263440E-03,-75.863378598E-03
+3.110720000E-03,+427.232878407E-03,-41.810615147E-03,-74.922423822E-03
+3.110725000E-03,+440.758318001E-03,-42.438755835E-03,-73.981469070E-03
+3.110730000E-03,+455.993870559E-03,-41.967650352E-03,-73.066896203E-03
+3.110735000E-03,+469.830239766E-03,-41.810615177E-03,-72.103956525E-03
+3.110740000E-03,+482.267425565E-03,-41.653579960E-03,-71.158604770E-03
+3.110745000E-03,+497.554799793E-03,-43.930589969E-03,-70.160489213E-03
+3.110750000E-03,+510.302915234E-03,-41.103956863E-03,-69.307474136E-03
+3.110755000E-03,+524.139284464E-03,-42.203203083E-03,-68.234609834E-03
+3.110760000E-03,+538.804799299E-03,-42.517273379E-03,-67.236494257E-03
+3.110765000E-03,+551.293806769E-03,-43.459484425E-03,-66.137248050E-03
+3.110770000E-03,+564.197386984E-03,-42.595790997E-03,-65.125941519E-03
+3.110775000E-03,+577.515540127E-03,-41.732097504E-03,-64.039886262E-03
+3.110780000E-03,+590.626406827E-03,-40.946921650E-03,-63.006594812E-03
+3.110785000E-03,+603.426343881E-03,-41.810615121E-03,-61.911745573E-03
+3.110790000E-03,+616.122637750E-03,-41.967650296E-03,-60.900439055E-03
+3.110795000E-03,+628.456180317E-03,-41.025439263E-03,-59.796795851E-03
+3.110800000E-03,+641.359760575E-03,-42.674308579E-03,-58.745916466E-03
+3.110805000E-03,+653.330551909E-03,-42.124685492E-03,-57.629082305E-03
+3.110810000E-03,+665.197700009E-03,-42.674308566E-03,-56.525439101E-03
+3.110815000E-03,+677.893993843E-03,-40.711368928E-03,-55.382223031E-03
+3.110820000E-03,+689.087461106E-03,-41.653579943E-03,-54.265388879E-03
+3.110825000E-03,+701.887398125E-03,-42.595791005E-03,-53.130966779E-03
+3.110830000E-03,+714.220940687E-03,-41.732097596E-03,-51.820665288E-03
+3.110835000E-03,+725.414407944E-03,-43.145414054E-03,-50.752197960E-03
+3.110840000E-03,+737.488842444E-03,-41.575062364E-03,-49.472675362E-03
+3.110845000E-03,+748.578666458E-03,-41.732097582E-03,-48.452574868E-03
+3.110850000E-03,+760.031241741E-03,-41.418027208E-03,-47.032348751E-03
+3.110855000E-03,+772.053854654E-03,-42.595790944E-03,-46.174936703E-03
+3.110860000E-03,+782.521819418E-03,-40.554333741E-03,-44.649182950E-03
+3.110865000E-03,+794.440789085E-03,-41.418027247E-03,-43.862122654E-03
+3.110870000E-03,+803.975964908E-03,-41.339509603E-03,-42.063755839E-03
+3.110875000E-03,+815.324896904E-03,-42.360238284E-03,-41.421796050E-03
+3.110880000E-03,+825.171002344E-03,-42.909861349E-03,-39.561871444E-03
+3.110885000E-03,+835.690788686E-03,-41.575062373E-03,-38.990263413E-03
+3.110890000E-03,+845.433250876E-03,-41.967650309E-03,-37.077574987E-03
+3.110895000E-03,+855.486642710E-03,-40.632851315E-03,-36.497172984E-03
+3.110900000E-03,+865.177283313E-03,-40.554333732E-03,-34.619660442E-03
+3.110905000E-03,+877.199896209E-03,-44.166142694E-03,-33.898554927E-03
+3.110910000E-03,+886.268677553E-03,-42.831343736E-03,-32.047424286E-03
+3.110915000E-03,+896.322069432E-03,-43.459484504E-03,-31.352700685E-03
+3.110920000E-03,+905.183564268E-03,-42.438755778E-03,-29.580715771E-03
+3.110925000E-03,+913.267735077E-03,-41.653579960E-03,-28.762876591E-03
+3.110930000E-03,+923.217483681E-03,-42.595790992E-03,-27.083228354E-03
+3.110935000E-03,+931.094368072E-03,-43.223931644E-03,-26.177449483E-03
+3.110940000E-03,+939.437646833E-03,-40.946921681E-03,-24.418655524E-03
+3.110945000E-03,+948.454606547E-03,-41.418027244E-03,-23.517273635E-03
+3.110950000E-03,+956.538777317E-03,-42.438755872E-03,-21.894786202E-03
+3.110955000E-03,+964.260196856E-03,-41.810615157E-03,-20.835112858E-03
+3.110960000E-03,+971.929794743E-03,-42.831343785E-03,-19.313756083E-03
+3.110965000E-03,+979.703035860E-03,-42.988378914E-03,-18.214509868E-03
+3.110970000E-03,+987.268990580E-03,-40.946921690E-03,-16.750313898E-03
+3.110975000E-03,+994.627658854E-03,-43.538002042E-03,-15.549937029E-03
+3.110980000E-03,+1.003074580857E+00,-42.281720599E-03,-14.182474734E-03
+3.110985000E-03,+1.010225962681E+00,-42.360238253E-03,-12.907349118E-03
+3.110990000E-03,+1.016910950049E+00,-43.223931738E-03,-11.561871749E-03
+3.110995000E-03,+1.022870434934E+00,-42.752826166E-03,-10.225188343E-03
+3.111000000E-03,+1.029969995126E+00,-42.517273364E-03,-8.888504948E-03
+3.111005000E-03,+1.036033123235E+00,-41.182474447E-03,-7.657349171E-03
+3.111010000E-03,+1.041629856822E+00,-42.203203147E-03,-6.281092915E-03
+3.111015000E-03,+1.048418487421E+00,-42.438755777E-03,-5.045540150E-03
+3.111020000E-03,+1.054015221032E+00,-42.360238262E-03,-3.603329131E-03
+3.111025000E-03,+1.059560132991E+00,-43.773554812E-03,-2.504082891E-03
+3.111030000E-03,+1.065571439507E+00,-43.616519629E-03,-951.947245E-06
+3.111035000E-03,+1.071116351478E+00,-44.009107564E-03,+19.786431E-06
+3.111040000E-03,+1.075521188171E+00,-43.145414097E-03,+1.686243675E-03
+3.111045000E-03,+1.081584316238E+00,-32.152952262E-03,+2.662374341E-03
+3.111050000E-03,+1.085678223205E+00,+1.934948132361E+00,+4.434359225E-03
+3.111055000E-03,+1.089150270940E+00,+2.552488980200E+00,+5.080716029E-03
+3.111060000E-03,+1.093036891486E+00,+2.552488980200E+00,+7.015389348E-03
+3.111065000E-03,+1.098478160236E+00,+2.552488980200E+00,+7.630967263E-03
+3.111070000E-03,+1.102934818495E+00,+2.552488980200E+00,+9.741519967E-03
+3.111075000E-03,+1.105888650142E+00,+2.552488980200E+00,+10.216394365E-03
+3.111080000E-03,+1.109360697850E+00,+2.552488980200E+00,+12.357725971E-03
+3.111085000E-03,+1.112780923923E+00,+2.552488980200E+00,+12.810615447E-03
+3.111090000E-03,+1.114957431473E+00,+2.552488980200E+00,+14.907977205E-03
+3.111095000E-03,+1.118118549560E+00,+2.552488980200E+00,+15.334484761E-03
+3.111100000E-03,+1.121020559558E+00,+2.552488980200E+00,+17.554962102E-03
+3.111105000E-03,+1.124440785640E+00,+2.552488980200E+00,+17.963881712E-03
+3.111110000E-03,+1.126047255478E+00,+2.552488980200E+00,+20.162374138E-03
+3.111115000E-03,+1.127394617239E+00,+2.552488980200E+00,+20.470163092E-03
+3.111120000E-03,+1.129571124781E+00,+2.552488980200E+00,+22.659861549E-03
+3.111125000E-03,+1.131799453915E+00,+2.552724532961E+00,+22.945665578E-03
+3.111130000E-03,+1.133146815719E+00,+2.552724532961E+00,+25.324434386E-03
+3.111135000E-03,+1.135012393582E+00,+2.552724532961E+00,+25.513504747E-03
+3.111140000E-03,+1.135841539296E+00,+2.552724532961E+00,+27.874685616E-03
+3.111145000E-03,+1.136981614636E+00,+2.552724532961E+00,+28.094534866E-03
+3.111150000E-03,+1.137344365891E+00,+2.552724532961E+00,+30.306218253E-03
+3.111155000E-03,+1.137862581979E+00,+2.552724532961E+00,+30.662374035E-03
+3.111160000E-03,+1.138536262891E+00,+2.552724532961E+00,+32.750941841E-03
+3.111165000E-03,+1.138277154860E+00,+2.552724532961E+00,+33.177449389E-03
+3.111170000E-03,+1.138225333246E+00,+2.552724532961E+00,+35.085740817E-03
+3.111175000E-03,+1.138484441241E+00,+2.552724532961E+00,+35.648554889E-03
+3.111180000E-03,+1.138069868460E+00,+2.552724532961E+00,+37.460112646E-03
+3.111185000E-03,+1.137499830741E+00,+2.552724532961E+00,+38.093278480E-03
+3.111190000E-03,+1.136515220218E+00,+2.552724532961E+00,+39.790514635E-03
+3.111195000E-03,+1.135893360925E+00,+2.552724532961E+00,+40.432474437E-03
+3.111200000E-03,+1.134286891114E+00,+2.552724532961E+00,+42.186871395E-03
+3.111205000E-03,+1.134131426255E+00,+2.552724532961E+00,+42.842022148E-03
+3.111210000E-03,+1.132473134797E+00,+2.552724532961E+00,+44.499685439E-03
+3.111215000E-03,+1.130659378569E+00,+2.552724532961E+00,+45.119660313E-03
+3.111220000E-03,+1.128016476602E+00,+2.552724532961E+00,+46.808102498E-03
+3.111225000E-03,+1.127809190132E+00,+2.552724532961E+00,+47.344534663E-03
+3.111230000E-03,+1.125166288172E+00,+2.552724532961E+00,+49.068152728E-03
+3.111235000E-03,+1.122678851069E+00,+2.552724532961E+00,+49.622172829E-03
+3.111240000E-03,+1.119776840972E+00,+2.552724532961E+00,+51.227072301E-03
+3.111245000E-03,+1.116719366165E+00,+2.552724532961E+00,+51.882223062E-03
+3.111250000E-03,+1.113972820949E+00,+2.552724532961E+00,+53.350815996E-03
+3.111255000E-03,+1.110138021995E+00,+2.552724532961E+00,+54.120288359E-03
+3.111260000E-03,+1.107909692889E+00,+2.552724532961E+00,+55.448177781E-03
+3.111265000E-03,+1.103763964281E+00,+2.552724532961E+00,+56.134107438E-03
+3.111270000E-03,+1.099877343748E+00,+2.552724532961E+00,+57.545539568E-03
+3.111275000E-03,+1.095938901569E+00,+2.552724532961E+00,+58.222675255E-03
+3.111280000E-03,+1.092155924220E+00,+2.552724532961E+00,+59.502197837E-03
+3.111285000E-03,+1.087336514742E+00,+2.552724532961E+00,+60.157348602E-03
+3.111290000E-03,+1.081998889150E+00,+2.552724532961E+00,+61.564383742E-03
+3.111295000E-03,+1.077490409336E+00,+2.552724532961E+00,+62.118403855E-03
+3.111300000E-03,+1.072360070164E+00,+2.552724532961E+00,+63.551820910E-03
+3.111305000E-03,+1.066970622976E+00,+2.552724532961E+00,+63.947549571E-03
+3.111310000E-03,+1.062254856692E+00,+2.552724532961E+00,+65.587624906E-03
+3.111315000E-03,+1.056450836669E+00,+2.552724532961E+00,+65.851444023E-03
+3.111320000E-03,+1.049869492550E+00,+2.552724532961E+00,+67.539886190E-03
+3.111325000E-03,+1.044272758894E+00,+2.552724532961E+00,+67.711368630E-03
+3.111330000E-03,+1.038209630856E+00,+2.552724532961E+00,+69.369031901E-03
+3.111335000E-03,+1.031680108298E+00,+2.552724532961E+00,+69.487750521E-03
+3.111340000E-03,+1.025824266661E+00,+2.552724532961E+00,+71.171795694E-03
+3.111345000E-03,+1.018310133604E+00,+2.552724532961E+00,+71.277323364E-03
+3.111350000E-03,+1.010847822111E+00,+2.552724532961E+00,+72.785489150E-03
+3.111355000E-03,+1.003644618651E+00,+2.552724532961E+00,+72.983353501E-03
+3.111360000E-03,+996.389593597E-03,+2.552724532961E+00,+74.478328326E-03
+3.111365000E-03,+988.564530895E-03,+2.552724532961E+00,+74.597046948E-03
+3.111370000E-03,+980.998576215E-03,+2.552724532961E+00,+76.026067006E-03
+3.111375000E-03,+974.106302413E-03,+2.552724532961E+00,+76.105212764E-03
+3.111380000E-03,+966.747634125E-03,+2.552724532961E+00,+77.582599649E-03
+3.111385000E-03,+958.145247314E-03,+2.552724532961E+00,+77.679333342E-03
+3.111390000E-03,+950.320184559E-03,+2.552724532961E+00,+79.161117221E-03
+3.111395000E-03,+942.236013788E-03,+2.552724532961E+00,+79.117147397E-03
+3.111400000E-03,+933.270875706E-03,+2.552724532961E+00,+80.576946352E-03
+3.111405000E-03,+924.409380842E-03,+2.552724532961E+00,+80.497800652E-03
+3.111410000E-03,+916.066102037E-03,+2.552724532961E+00,+81.878453876E-03
+3.111415000E-03,+906.427283076E-03,+2.552724532961E+00,+81.843278029E-03
+3.111420000E-03,+896.581177641E-03,+2.552724532961E+00,+83.144785525E-03
+3.111425000E-03,+886.372320945E-03,+2.552724532961E+00,+83.210740318E-03
+3.111430000E-03,+876.992610031E-03,+2.552724532961E+00,+84.257222701E-03
+3.111435000E-03,+868.390223160E-03,+2.552724532961E+00,+84.521041810E-03
+3.111440000E-03,+858.233188135E-03,+2.552724532961E+00,+85.444408620E-03
+3.111445000E-03,+848.490725886E-03,+2.552724532961E+00,+85.734609640E-03
+3.111450000E-03,+838.230047598E-03,+2.552724532961E+00,+86.517272927E-03
+3.111455000E-03,+827.969369284E-03,+2.552724532961E+00,+86.851443795E-03
+3.111460000E-03,+816.879545301E-03,+2.552724532961E+00,+87.546167392E-03
+3.111465000E-03,+806.618867045E-03,+2.552724532961E+00,+87.906720158E-03
+3.111470000E-03,+796.254545529E-03,+2.552724532961E+00,+88.575061857E-03
+3.111475000E-03,+784.335575884E-03,+2.552724532961E+00,+88.777323168E-03
+3.111480000E-03,+774.023075959E-03,+2.552724532961E+00,+89.608353301E-03
+3.111485000E-03,+762.829608691E-03,+2.552724532961E+00,+89.590765372E-03
+3.111490000E-03,+751.480676658E-03,+2.552724532961E+00,+90.553705051E-03
+3.111495000E-03,+739.095312495E-03,+2.552724532961E+00,+90.338252805E-03
+3.111500000E-03,+727.953666902E-03,+2.552724532961E+00,+91.406720123E-03
+3.111505000E-03,+716.863842865E-03,+2.552724532961E+00,+91.138504052E-03
+3.111510000E-03,+706.499521368E-03,+2.552724532961E+00,+92.180589457E-03
+3.111515000E-03,+693.803227544E-03,+2.552724532961E+00,+91.784860829E-03
+3.111520000E-03,+680.847825676E-03,+2.552724532961E+00,+92.901694971E-03
+3.111525000E-03,+667.996067020E-03,+2.552724532961E+00,+92.475187462E-03
+3.111530000E-03,+655.558881230E-03,+2.552724532961E+00,+93.464509036E-03
+3.111535000E-03,+643.588089901E-03,+2.552724532961E+00,+93.169911070E-03
+3.111540000E-03,+631.150904091E-03,+2.552724532961E+00,+93.913001495E-03
+3.111545000E-03,+618.765539958E-03,+2.552724532961E+00,+93.789885936E-03
+3.111550000E-03,+605.861959704E-03,+2.552724532961E+00,+94.313127118E-03
+3.111555000E-03,+593.683881889E-03,+2.552724532961E+00,+94.304333165E-03
+3.111560000E-03,+580.728480051E-03,+2.552724532961E+00,+94.660488928E-03
+3.111565000E-03,+568.032186175E-03,+2.552724532961E+00,+94.700061807E-03
+3.111570000E-03,+554.662211479E-03,+2.552724532961E+00,+95.051820582E-03
+3.111575000E-03,+541.395879940E-03,+2.552724532961E+00,+95.007850744E-03
+3.111580000E-03,+527.455867527E-03,+2.552724532961E+00,+95.214509021E-03
+3.111585000E-03,+515.070503338E-03,+2.552724532961E+00,+95.161745216E-03
+3.111590000E-03,+500.819561280E-03,+2.552724532961E+00,+95.500313041E-03
+3.111595000E-03,+485.843116736E-03,+2.552724532961E+00,+95.407976371E-03
+3.111600000E-03,+473.872325456E-03,+2.552724532961E+00,+95.588252743E-03
+3.111605000E-03,+459.932313023E-03,+2.552724532961E+00,+95.531091942E-03
+3.111610000E-03,+445.785014167E-03,+2.552724532961E+00,+95.768529117E-03
+3.111615000E-03,+432.415039419E-03,+2.552724532961E+00,+95.548679885E-03
+3.111620000E-03,+418.837778219E-03,+2.552724532961E+00,+95.764132132E-03
+3.111625000E-03,+403.550404070E-03,+2.552724532961E+00,+95.443152253E-03
+3.111630000E-03,+389.403105273E-03,+2.552724532961E+00,+95.737750224E-03
+3.111635000E-03,+374.789411919E-03,+2.552724532961E+00,+95.385991451E-03
+3.111640000E-03,+360.745756265E-03,+2.552724532961E+00,+95.575061785E-03
+3.111645000E-03,+346.339349420E-03,+2.552724532961E+00,+95.201318084E-03
+3.111650000E-03,+331.932942579E-03,+2.552724532961E+00,+95.469534144E-03
+3.111655000E-03,+317.992930103E-03,+2.552724532961E+00,+94.836368342E-03
+3.111660000E-03,+303.638344833E-03,+2.552724532961E+00,+95.179333143E-03
+3.111665000E-03,+289.387402807E-03,+2.552724532961E+00,+94.506594478E-03
+3.111670000E-03,+273.478169310E-03,+2.552724532961E+00,+94.928705003E-03
+3.111675000E-03,+258.864475956E-03,+2.552724532961E+00,+94.088880908E-03
+3.111680000E-03,+243.784388211E-03,+2.552724532961E+00,+94.563755262E-03
+3.111685000E-03,+229.792554147E-03,+2.552724532961E+00,+93.671167348E-03
+3.111690000E-03,+214.919752792E-03,+2.552724532961E+00,+94.066895974E-03
+3.111695000E-03,+199.476913795E-03,+2.552724532961E+00,+93.161117106E-03
+3.111700000E-03,+184.241361238E-03,+2.552724532961E+00,+93.499684923E-03
+3.111705000E-03,+169.161273476E-03,+2.552724532961E+00,+92.721418619E-03
+3.111710000E-03,+154.340293692E-03,+2.552724532961E+00,+92.826946243E-03
+3.111715000E-03,+139.052919474E-03,+2.552724532961E+00,+92.127825656E-03
+3.111720000E-03,+124.024653287E-03,+2.552724532961E+00,+92.136619613E-03
+3.111725000E-03,+108.011776608E-03,+2.552724532961E+00,+91.503453798E-03
+3.111730000E-03,+93.087153642E-03,+2.552724532961E+00,+91.248428677E-03
+3.111735000E-03,+78.577103510E-03,+2.552724532961E+00,+90.729584460E-03
+3.111740000E-03,+62.616048508E-03,+2.552724532961E+00,+90.391016626E-03
+3.111745000E-03,+47.898711885E-03,+2.552724532961E+00,+89.986494010E-03
+3.111750000E-03,+33.181375370E-03,+2.552724532961E+00,+89.489634724E-03
+3.111755000E-03,+18.101287605E-03,+2.552724532961E+00,+89.032348295E-03
+3.111760000E-03,+3.332129488E-03,+2.552724532961E+00,+88.553076950E-03
+3.111765000E-03,-11.592493507E-03,+2.552724532961E+00,+88.113378454E-03
+3.111770000E-03,-26.465294825E-03,+2.552724532961E+00,+87.471418674E-03
+3.111775000E-03,-41.234452999E-03,+2.552724532961E+00,+87.014132239E-03
+3.111780000E-03,-56.055432729E-03,+2.552724532961E+00,+86.468906114E-03
+3.111785000E-03,-70.824590863E-03,+2.552724532961E+00,+85.972046820E-03
+3.111790000E-03,-85.438284190E-03,+2.552724532961E+00,+85.308102110E-03
+3.111795000E-03,-101.295696067E-03,+2.552724532961E+00,+84.824433772E-03
+3.111800000E-03,-117.515859163E-03,+2.552724532961E+00,+84.151695083E-03
+3.111805000E-03,-133.114163039E-03,+2.552724532961E+00,+83.668026752E-03
+3.111810000E-03,-147.313283493E-03,+2.552724532961E+00,+82.876569472E-03
+3.111815000E-03,-162.859765752E-03,+2.552724532961E+00,+82.318152396E-03
+3.111820000E-03,-178.095318339E-03,+2.552724532961E+00,+81.649810683E-03
+3.111825000E-03,-192.242617210E-03,+2.552724532961E+00,+80.955087080E-03
+3.111830000E-03,-207.115418575E-03,+2.552724532961E+00,+80.317524270E-03
+3.111835000E-03,-222.869187179E-03,+2.552724532961E+00,+79.548051922E-03
+3.111840000E-03,-239.400279923E-03,+2.552724532961E+00,+78.910489107E-03
+3.111845000E-03,-253.962151667E-03,+2.552724532961E+00,+77.991519276E-03
+3.111850000E-03,-269.197704281E-03,+2.552724532961E+00,+77.525438874E-03
+3.111855000E-03,-283.655932755E-03,+2.552724532961E+00,+76.386619793E-03
+3.111860000E-03,-298.062339667E-03,+2.552724532961E+00,+76.100815769E-03
+3.111865000E-03,-313.090605868E-03,+2.552724532961E+00,+74.838881121E-03
+3.111870000E-03,-328.377980083E-03,+2.552724532961E+00,+74.487122321E-03
+3.111875000E-03,-343.250781376E-03,+2.552724532961E+00,+73.176820837E-03
+3.111880000E-03,-357.035329039E-03,+2.552724532961E+00,+72.798680128E-03
+3.111885000E-03,-372.011773558E-03,+2.552724532961E+00,+71.418026889E-03
+3.111890000E-03,-386.936396517E-03,+2.552724532961E+00,+71.114634919E-03
+3.111895000E-03,-401.653733073E-03,+2.552724532961E+00,+69.786745496E-03
+3.111900000E-03,-416.371069578E-03,+2.552724532961E+00,+69.241519366E-03
+3.111905000E-03,-429.792865944E-03,+2.552724532961E+00,+67.992775664E-03
+3.111910000E-03,-445.546634558E-03,+2.552724532961E+00,+67.421167623E-03
+3.111915000E-03,-458.709322883E-03,+2.552724532961E+00,+66.159232970E-03
+3.111920000E-03,-472.856621720E-03,+2.552724532961E+00,+65.455715385E-03
+3.111925000E-03,-486.433882853E-03,+2.552724532961E+00,+64.299308364E-03
+3.111930000E-03,-500.892111359E-03,+2.552724532961E+00,+63.481469186E-03
+3.111935000E-03,-514.573015738E-03,+2.552724532961E+00,+62.289886271E-03
+3.111940000E-03,-528.461206578E-03,+2.552724532961E+00,+61.599559653E-03
+3.111945000E-03,-541.002035569E-03,+2.552724532961E+00,+60.346418954E-03
+3.111950000E-03,-554.682939980E-03,+2.552724532961E+00,+59.563755660E-03
+3.111955000E-03,-568.467487540E-03,+2.552724532961E+00,+58.306217976E-03
+3.111960000E-03,-581.474711029E-03,+2.552724532961E+00,+57.580715476E-03
+3.111965000E-03,-594.585577664E-03,+2.552724532961E+00,+56.279207948E-03
+3.111970000E-03,-607.955552422E-03,+2.552724532961E+00,+55.514132584E-03
+3.111975000E-03,-620.859132689E-03,+2.552724532961E+00,+54.168655206E-03
+3.111980000E-03,-633.814534585E-03,+2.552724532961E+00,+53.342022052E-03
+3.111985000E-03,-646.562650061E-03,+2.552724532961E+00,+52.093278349E-03
+3.111990000E-03,-659.828981539E-03,+2.552724532961E+00,+51.117147708E-03
+3.111995000E-03,-671.177913592E-03,+2.552724532961E+00,+49.890388924E-03
+3.112000000E-03,-683.718742603E-03,+2.552724532961E+00,+48.839509545E-03
+3.112005000E-03,-697.088717293E-03,+2.552724532961E+00,+47.771042213E-03
+3.112010000E-03,-707.867611691E-03,+2.552724532961E+00,+46.557474393E-03
+3.112015000E-03,-720.045689429E-03,+2.552724532961E+00,+45.528579918E-03
+3.112020000E-03,-732.793804881E-03,+2.552724532961E+00,+44.363378934E-03
+3.112025000E-03,-745.593741947E-03,+2.552724532961E+00,+43.220162860E-03
+3.112030000E-03,-756.994495590E-03,+2.552724532961E+00,+41.993404091E-03
+3.112035000E-03,-768.706178805E-03,+2.552724532961E+00,+40.727072436E-03
+3.112040000E-03,-779.951467695E-03,+2.552724532961E+00,+39.742147831E-03
+3.112045000E-03,-790.626718865E-03,+2.552724532961E+00,+38.392273462E-03
+3.112050000E-03,-802.390223743E-03,+2.552724532961E+00,+37.363379008E-03
+3.112055000E-03,-812.443615620E-03,+2.552724532961E+00,+35.960740832E-03
+3.112060000E-03,-823.740725975E-03,+2.552724532961E+00,+34.861494617E-03
+3.112065000E-03,-835.193301260E-03,+2.552724532961E+00,+33.533605178E-03
+3.112070000E-03,-845.246693123E-03,+2.552724532961E+00,+32.368404188E-03
+3.112075000E-03,-855.403728242E-03,+2.552724532961E+00,+31.071293655E-03
+3.112080000E-03,-865.457120049E-03,+2.552724532961E+00,+29.870916775E-03
+3.112085000E-03,-875.303225499E-03,+2.552724532961E+00,+28.718906740E-03
+3.112090000E-03,-885.719368631E-03,+2.552724532961E+00,+27.386620319E-03
+3.112095000E-03,-895.306366027E-03,+2.552724532961E+00,+26.173052498E-03
+3.112100000E-03,-906.655297953E-03,+2.552724532961E+00,+24.919911801E-03
+3.112105000E-03,-915.568614472E-03,+2.552724532961E+00,+23.561243484E-03
+3.112110000E-03,-924.948325448E-03,+2.552724532961E+00,+22.400439476E-03
+3.112115000E-03,-934.949895693E-03,+2.552724532961E+00,+20.962625418E-03
+3.112120000E-03,-943.863212201E-03,+2.552724532961E+00,+20.039258587E-03
+3.112125000E-03,-953.864782464E-03,+2.552724532961E+00,+18.333228461E-03
+3.112130000E-03,-963.089028546E-03,+2.552724532961E+00,+17.603328968E-03
+3.112135000E-03,-971.743237056E-03,+2.552724532961E+00,+15.558731006E-03
+3.112140000E-03,-979.050083726E-03,+2.552724532961E+00,+15.176193309E-03
+3.112145000E-03,-988.015221803E-03,+2.552724532961E+00,+12.920540085E-03
+3.112150000E-03,-997.239467918E-03,+2.552724532961E+00,+12.520414447E-03
+3.112155000E-03,-1.005790033170E+00,+2.552724532961E+00,+10.304334085E-03
+3.112160000E-03,-1.012734128584E+00,+2.552724532961E+00,+9.904208442E-03
+3.112165000E-03,-1.020921942584E+00,+2.552724532961E+00,+7.710113005E-03
+3.112170000E-03,-1.028747005286E+00,+2.552724532961E+00,+7.244032595E-03
+3.112175000E-03,-1.036364781576E+00,+2.552724532961E+00,+5.177449716E-03
+3.112180000E-03,-1.044138022723E+00,+2.552724532961E+00,+4.535489907E-03
+3.112185000E-03,-1.051341226093E+00,+2.552724532961E+00,+2.737123103E-03
+3.112190000E-03,-1.058337143174E+00,+2.552724532961E+00,+1.844535173E-03
+3.112195000E-03,-1.064503914440E+00,+2.552724532961E+00,+226.444731E-06
+3.112200000E-03,-1.071137080234E+00,+2.552724532961E+00,-877.198466E-06
+3.112205000E-03,-1.077407494675E+00,+2.552724532961E+00,-2.323806500E-03
+3.112210000E-03,-1.083677909224E+00,+2.552724532961E+00,-3.462625566E-03
+3.112215000E-03,-1.089274642886E+00,+2.552724532961E+00,-4.896042659E-03
+3.112220000E-03,-1.094923198080E+00,+2.552724532961E+00,-6.074434586E-03
+3.112225000E-03,-1.099846250730E+00,+2.552724532961E+00,-7.507851679E-03
+3.112230000E-03,-1.106064843679E+00,+2.552724532961E+00,-8.642273747E-03
+3.112235000E-03,-1.111247004377E+00,+2.552724532961E+00,-10.132851654E-03
+3.112240000E-03,-1.116014592344E+00,+2.552724532961E+00,-11.320037543E-03
+3.112245000E-03,-1.121404039433E+00,+2.552724532961E+00,-12.740263682E-03
+3.112250000E-03,-1.126689843443E+00,+2.276892263350E+00,-14.050565147E-03
+3.112255000E-03,-1.129073637449E+00,+28.227084626E-03,-15.356469682E-03
+3.112260000E-03,-1.133685760479E+00,-175.447548214E-03,-16.600816380E-03
+3.112265000E-03,-1.137416916203E+00,-122.997802315E-03,-18.161746034E-03
+3.112270000E-03,-1.142132682474E+00,+213.214506725E-03,-19.098303790E-03
+3.112275000E-03,-1.144723762887E+00,-50.683100213E-03,-20.549308825E-03
+3.112280000E-03,-1.149750458781E+00,-71.411745668E-03,-21.727700746E-03
+3.112285000E-03,-1.152497003981E+00,-103.211367985E-03,-23.284233410E-03
+3.112290000E-03,-1.154932619609E+00,-28.776696547E-03,-24.484610266E-03
+3.112295000E-03,-1.158456488838E+00,-45.657976384E-03,-25.847675600E-03
+3.112300000E-03,-1.161824893401E+00,-49.191268514E-03,-27.052449438E-03
+3.112305000E-03,-1.164571438514E+00,-61.125941348E-03,-28.375941901E-03
+3.112310000E-03,-1.165193297844E+00,-53.745288676E-03,-29.580715747E-03
+3.112315000E-03,-1.168198951074E+00,-51.154207902E-03,-30.983353927E-03
+3.112320000E-03,-1.170375458600E+00,-51.546796002E-03,-32.157348887E-03
+3.112325000E-03,-1.172189214894E+00,-52.410489388E-03,-33.516017218E-03
+3.112330000E-03,-1.173536576667E+00,-51.860866279E-03,-34.672424243E-03
+3.112335000E-03,-1.174883938447E+00,-50.369032069E-03,-36.035489547E-03
+3.112340000E-03,-1.175816727386E+00,-49.897926546E-03,-37.200690547E-03
+3.112345000E-03,-1.176386765097E+00,-49.976444166E-03,-38.510992036E-03
+3.112350000E-03,-1.176645873131E+00,-47.306846266E-03,-39.715765897E-03
+3.112355000E-03,-1.177526840473E+00,-50.369032129E-03,-41.004082457E-03
+3.112360000E-03,-1.177734126906E+00,-49.191268312E-03,-42.261620139E-03
+3.112365000E-03,-1.177423197207E+00,-49.740891427E-03,-43.396042235E-03
+3.112370000E-03,-1.177785948488E+00,-49.191268334E-03,-44.649182928E-03
+3.112375000E-03,-1.177215910810E+00,-50.054961770E-03,-45.805589948E-03
+3.112380000E-03,-1.177164089198E+00,-48.170539635E-03,-46.988378884E-03
+3.112385000E-03,-1.176904981172E+00,-49.348303475E-03,-48.201946707E-03
+3.112390000E-03,-1.175609440999E+00,-46.757223123E-03,-49.327574833E-03
+3.112395000E-03,-1.176231300209E+00,-47.463881423E-03,-50.536745680E-03
+3.112400000E-03,-1.173122003833E+00,-47.385363759E-03,-51.697549685E-03
+3.112405000E-03,-1.173432933471E+00,-50.369032024E-03,-52.897926559E-03
+3.112410000E-03,-1.171308247549E+00,-47.542399005E-03,-53.979584828E-03
+3.112415000E-03,-1.169339026450E+00,-48.484610045E-03,-55.250313471E-03
+3.112420000E-03,-1.166437016486E+00,-46.600187954E-03,-56.222047119E-03
+3.112425000E-03,-1.164312330542E+00,-47.777951688E-03,-57.413630027E-03
+3.112430000E-03,-1.163068611944E+00,-48.563127643E-03,-58.416142581E-03
+3.112435000E-03,-1.160581174770E+00,-47.149811014E-03,-59.691268195E-03
+3.112440000E-03,-1.158352845703E+00,-46.050564861E-03,-60.632222953E-03
+3.112445000E-03,-1.154518046720E+00,-46.992775834E-03,-61.775439030E-03
+3.112450000E-03,-1.151719679971E+00,-48.013504500E-03,-62.786745540E-03
+3.112455000E-03,-1.147936702603E+00,-47.385363820E-03,-63.903579713E-03
+3.112460000E-03,-1.145086514213E+00,-45.815012022E-03,-64.840137479E-03
+3.112465000E-03,-1.142702720221E+00,-46.050564828E-03,-66.049308336E-03
+3.112470000E-03,-1.137727845947E+00,-45.265388974E-03,-66.937499264E-03
+3.112475000E-03,-1.134255798230E+00,-47.620916659E-03,-68.146670121E-03
+3.112480000E-03,-1.129850961646E+00,-45.579459255E-03,-68.938127385E-03
+3.112485000E-03,-1.123580547129E+00,-47.620916559E-03,-70.164886182E-03
+3.112490000E-03,-1.119538461771E+00,-45.815012083E-03,-70.815639930E-03
+3.112495000E-03,-1.114667230646E+00,-46.600187926E-03,-72.112750481E-03
+3.112500000E-03,-1.110676966892E+00,-44.166142749E-03,-72.869031866E-03
+3.112505000E-03,-1.104562017216E+00,-45.579459384E-03,-74.016644936E-03
+3.112510000E-03,-1.099276213197E+00,-44.637248215E-03,-74.737750439E-03
+3.112515000E-03,-1.093731301211E+00,-46.207600013E-03,-75.810614762E-03
+3.112520000E-03,-1.088445497251E+00,-45.108353721E-03,-76.650438865E-03
+3.112525000E-03,-1.081708688337E+00,-45.893529637E-03,-77.529835847E-03
+3.112530000E-03,-1.076060133032E+00,-44.637248249E-03,-78.646669996E-03
+3.112535000E-03,-1.070463399495E+00,-45.579459322E-03,-79.222675026E-03
+3.112540000E-03,-1.064659379408E+00,-43.302449302E-03,-80.427448870E-03
+3.112545000E-03,-1.057041603096E+00,-45.500941729E-03,-80.823177527E-03
+3.112550000E-03,-1.050304794179E+00,-45.186871336E-03,-82.230212674E-03
+3.112555000E-03,-1.043827093229E+00,-45.579459396E-03,-82.524810670E-03
+3.112560000E-03,-1.035431992854E+00,-44.794283446E-03,-83.852700087E-03
+3.112565000E-03,-1.027399643682E+00,-45.422424176E-03,-84.085740305E-03
+3.112570000E-03,-1.020455548246E+00,-44.166142743E-03,-85.400438765E-03
+3.112575000E-03,-1.012164091093E+00,-44.401695493E-03,-85.769785510E-03
+3.112580000E-03,-1.004390849967E+00,-43.459484408E-03,-86.873428701E-03
+3.112585000E-03,-995.529355076E-03,-43.852072383E-03,-87.260363390E-03
+3.112590000E-03,-987.807935508E-03,-44.166142772E-03,-88.205715122E-03
+3.112595000E-03,-980.086516023E-03,-43.145414122E-03,-88.777323166E-03
+3.112600000E-03,-970.654983438E-03,-42.595791024E-03,-89.603956314E-03
+3.112605000E-03,-960.549770035E-03,-43.145414128E-03,-90.193152296E-03
+3.112610000E-03,-952.517420822E-03,-43.773554802E-03,-90.901066856E-03
+3.112615000E-03,-943.344996312E-03,-43.459484442E-03,-91.490262833E-03
+3.112620000E-03,-933.343426098E-03,-42.438755815E-03,-92.114634686E-03
+3.112625000E-03,-923.652785528E-03,-43.773554808E-03,-92.769785433E-03
+3.112630000E-03,-914.739469003E-03,-43.616519628E-03,-93.275438691E-03
+3.112635000E-03,-902.872320893E-03,-43.223931749E-03,-93.961368339E-03
+3.112640000E-03,-893.544431493E-03,-41.418027177E-03,-94.343906015E-03
+3.112645000E-03,-883.439218094E-03,-42.988378982E-03,-95.218906008E-03
+3.112650000E-03,-872.867610140E-03,-42.517273466E-03,-95.447549220E-03
+3.112655000E-03,-864.109758475E-03,-44.401695470E-03,-96.335740166E-03
+3.112660000E-03,-853.797258586E-03,-42.517273385E-03,-96.344534137E-03
+3.112665000E-03,-843.692045138E-03,-44.009107540E-03,-97.316267805E-03
+3.112670000E-03,-832.343113110E-03,-43.773554767E-03,-97.347046686E-03
+3.112675000E-03,-821.926970009E-03,-43.459484586E-03,-98.292398438E-03
+3.112680000E-03,-810.163465106E-03,-42.909861384E-03,-98.186870799E-03
+3.112685000E-03,-798.140852170E-03,-43.066896593E-03,-99.145413510E-03
+3.112690000E-03,-787.206492983E-03,-40.711368916E-03,-99.149810488E-03
+3.112695000E-03,-775.494809737E-03,-40.632851370E-03,-99.870916017E-03
+3.112700000E-03,-763.524018378E-03,-42.517273397E-03,-100.042398418E-03
+3.112705000E-03,-751.294119015E-03,-42.595791047E-03,-100.517272793E-03
+3.112710000E-03,-740.670689496E-03,-42.281720745E-03,-100.895413480E-03
+3.112715000E-03,-728.803541309E-03,-42.203203077E-03,-101.141644651E-03
+3.112720000E-03,-717.506430920E-03,-41.418027177E-03,-101.590137090E-03
+3.112725000E-03,-704.654672340E-03,-42.046167972E-03,-101.735237607E-03
+3.112730000E-03,-691.854735253E-03,-42.360238234E-03,-102.196921002E-03
+3.112735000E-03,-679.313906238E-03,-41.810615107E-03,-102.223302933E-03
+3.112740000E-03,-668.172260583E-03,-41.418027206E-03,-102.790513960E-03
+3.112745000E-03,-654.543177898E-03,-42.595791036E-03,-102.671795394E-03
+3.112750000E-03,-640.706808642E-03,-41.496544834E-03,-103.129081793E-03
+3.112755000E-03,-627.906871598E-03,-41.732097520E-03,-103.146669755E-03
+3.112760000E-03,-615.314220998E-03,-40.397298551E-03,-103.546795356E-03
+3.112765000E-03,-600.752349295E-03,-40.397298574E-03,-103.476443624E-03
+3.112770000E-03,-588.729736304E-03,-41.339509607E-03,-103.880966210E-03
+3.112775000E-03,-574.634259095E-03,-41.339509596E-03,-103.793026538E-03
+3.112780000E-03,-561.419749160E-03,-40.554333661E-03,-104.092021490E-03
+3.112785000E-03,-549.138028213E-03,-42.595791036E-03,-103.933730050E-03
+3.112790000E-03,-534.938907793E-03,-41.182474439E-03,-104.347046613E-03
+3.112795000E-03,-521.206181767E-03,-42.831343768E-03,-104.008478791E-03
+3.112800000E-03,-506.488845295E-03,-41.103956846E-03,-104.443780279E-03
+3.112805000E-03,-493.688908173E-03,-41.889132735E-03,-104.100815480E-03
+3.112810000E-03,-478.660642103E-03,-41.967650257E-03,-104.456971236E-03
+3.112815000E-03,-464.202413584E-03,-42.909861303E-03,-104.114006434E-03
+3.112820000E-03,-449.640541892E-03,-41.339509643E-03,-104.421795354E-03
+3.112825000E-03,-435.545064602E-03,-41.339509578E-03,-104.149182304E-03
+3.112830000E-03,-420.050404057E-03,-40.946921701E-03,-104.197549124E-03
+3.112835000E-03,-405.903105144E-03,-40.789886539E-03,-104.070036587E-03
+3.112840000E-03,-391.030303835E-03,-41.967650257E-03,-103.977699882E-03
+3.112845000E-03,-377.090291417E-03,-41.025439306E-03,-103.968905933E-03
+3.112850000E-03,-362.165668404E-03,-42.595791007E-03,-103.696292852E-03
+3.112855000E-03,-347.189223879E-03,-43.930589958E-03,-103.727071765E-03
+3.112860000E-03,-331.487276807E-03,-40.789886545E-03,-103.370915969E-03
+3.112865000E-03,-316.666297106E-03,-41.889132723E-03,-103.480840609E-03
+3.112870000E-03,-302.570819854E-03,-41.653579926E-03,-102.983981301E-03
+3.112875000E-03,-287.024337558E-03,-41.260992038E-03,-103.120287845E-03
+3.112880000E-03,-272.566109105E-03,-40.868404132E-03,-102.614634575E-03
+3.112885000E-03,-256.864162064E-03,-42.203203066E-03,-102.610237601E-03
+3.112890000E-03,-241.835895929E-03,-41.732097537E-03,-102.091393377E-03
+3.112895000E-03,-226.807629637E-03,-42.438755821E-03,-102.021041628E-03
+3.112900000E-03,-210.794753007E-03,-42.046167874E-03,-101.682473787E-03
+3.112905000E-03,-196.025594795E-03,-41.967650281E-03,-101.475815500E-03
+3.112910000E-03,-182.396512078E-03,-40.711368946E-03,-101.080086848E-03
+3.112915000E-03,-167.160959450E-03,-40.632851318E-03,-100.706343152E-03
+3.112920000E-03,-151.459012456E-03,-40.397298533E-03,-100.473302941E-03
+3.112925000E-03,-136.378924580E-03,-41.418027195E-03,-99.870916027E-03
+3.112930000E-03,-120.210583092E-03,-41.810615100E-03,-99.730212497E-03
+3.112935000E-03,-104.197706434E-03,-42.203203089E-03,-99.097046691E-03
+3.112940000E-03,-90.205872315E-03,-41.575062315E-03,-98.890388381E-03
+3.112945000E-03,-76.006751880E-03,-39.847675572E-03,-98.235237654E-03
+3.112950000E-03,-60.926664169E-03,-41.260991955E-03,-98.041770303E-03
+3.112955000E-03,-45.432003535E-03,-41.025439271E-03,-97.311870834E-03
+3.112960000E-03,-30.403737321E-03,-41.889132729E-03,-97.078830610E-03
+3.112965000E-03,-16.152795290E-03,-41.810615112E-03,-96.322549236E-03
+3.112970000E-03,+896.513588E-06,-42.988378913E-03,-96.080715047E-03
+3.112975000E-03,+16.028422958E-03,-41.260992008E-03,-95.262875886E-03
+3.112980000E-03,+31.834013225E-03,-41.575062387E-03,-95.034232643E-03
+3.112985000E-03,+46.551349798E-03,-41.967650316E-03,-94.106468859E-03
+3.112990000E-03,+62.097832032E-03,-40.789886528E-03,-93.803076878E-03
+3.112995000E-03,+76.763347002E-03,-41.260992032E-03,-92.989634692E-03
+3.113000000E-03,+92.828045247E-03,-40.946921636E-03,-92.611493983E-03
+3.113005000E-03,+108.063597847E-03,-41.339509541E-03,-91.666142254E-03
+3.113010000E-03,+122.366361545E-03,-43.380966824E-03,-91.433102032E-03
+3.113015000E-03,+137.912843814E-03,-41.889132693E-03,-90.439383473E-03
+3.113020000E-03,+154.184828532E-03,-40.240263418E-03,-90.061242755E-03
+3.113025000E-03,+169.575845995E-03,-40.868404085E-03,-89.168654840E-03
+3.113030000E-03,+184.500468907E-03,-40.475816180E-03,-88.728956332E-03
+3.113035000E-03,+199.684199884E-03,-40.711368917E-03,-87.774810640E-03
+3.113040000E-03,+214.919752429E-03,-41.103956870E-03,-87.330715139E-03
+3.113045000E-03,+229.326159306E-03,-41.339509674E-03,-86.363378492E-03
+3.113050000E-03,+244.147139118E-03,-43.145414062E-03,-85.782976467E-03
+3.113055000E-03,+259.330870067E-03,-41.103956882E-03,-84.881594584E-03
+3.113060000E-03,+274.670065939E-03,-40.083228141E-03,-84.191267940E-03
+3.113065000E-03,+289.698332065E-03,-43.380966745E-03,-83.254710182E-03
+3.113070000E-03,+304.726598268E-03,-40.475816107E-03,-82.498428768E-03
+3.113075000E-03,+319.547578084E-03,-41.732097573E-03,-81.658604672E-03
+3.113080000E-03,+333.850341678E-03,-40.868404091E-03,-80.858353410E-03
+3.113085000E-03,+349.189537462E-03,-43.773554747E-03,-79.908604691E-03
+3.113090000E-03,+362.352225799E-03,-40.554333797E-03,-79.187499160E-03
+3.113095000E-03,+376.706811092E-03,-42.203203011E-03,-78.242147411E-03
+3.113100000E-03,+391.009574706E-03,-41.967650231E-03,-77.353956466E-03
+3.113105000E-03,+405.986019317E-03,-42.360238215E-03,-76.426192658E-03
+3.113110000E-03,+420.962463852E-03,-41.418027109E-03,-75.485237895E-03
+3.113115000E-03,+434.436081818E-03,-42.438755833E-03,-74.583855995E-03
+3.113120000E-03,+447.909699740E-03,-41.889132729E-03,-73.642901232E-03
+3.113125000E-03,+461.642425772E-03,-42.203203102E-03,-72.684358530E-03
+3.113130000E-03,+475.375151699E-03,-43.066896451E-03,-71.708227883E-03
+3.113135000E-03,+489.470629007E-03,-41.575062466E-03,-70.784861063E-03
+3.113140000E-03,+502.633317288E-03,-42.046167849E-03,-69.813127405E-03
+3.113145000E-03,+517.195189000E-03,-42.674308539E-03,-68.902951536E-03
+3.113150000E-03,+530.979736562E-03,-41.810615185E-03,-67.794911342E-03
+3.113155000E-03,+544.194246451E-03,-42.438755876E-03,-66.906720400E-03
+3.113160000E-03,+556.579610648E-03,-41.810615173E-03,-65.767901313E-03
+3.113165000E-03,+570.364158251E-03,-40.868404085E-03,-64.787373692E-03
+3.113170000E-03,+583.060452113E-03,-41.653579962E-03,-63.569408877E-03
+3.113175000E-03,+597.259572548E-03,-42.203203066E-03,-62.540514423E-03
+3.113180000E-03,+609.644936728E-03,-41.810615118E-03,-61.489635029E-03
+3.113185000E-03,+621.978479358E-03,-42.046167910E-03,-60.473931528E-03
+3.113190000E-03,+634.985702788E-03,-41.260992039E-03,-59.387876255E-03
+3.113195000E-03,+647.371066957E-03,-43.223931698E-03,-58.315011959E-03
+3.113200000E-03,+658.771820648E-03,-41.339509583E-03,-57.176192858E-03
+3.113205000E-03,+671.312649676E-03,-42.909861386E-03,-56.098931585E-03
+3.113210000E-03,+683.335262620E-03,-41.653579968E-03,-54.942524535E-03
+3.113215000E-03,+695.720626773E-03,-42.281720665E-03,-53.772926589E-03
+3.113220000E-03,+707.328666874E-03,-42.674308520E-03,-52.651695412E-03
+3.113225000E-03,+719.765852642E-03,-42.203203066E-03,-51.548052246E-03
+3.113230000E-03,+730.337460613E-03,-42.203203103E-03,-50.184986901E-03
+3.113235000E-03,+741.686392681E-03,-43.066896474E-03,-49.129710565E-03
+3.113240000E-03,+754.175400044E-03,-40.554333755E-03,-47.863378878E-03
+3.113245000E-03,+766.457120993E-03,-42.124685528E-03,-46.821293497E-03
+3.113250000E-03,+776.147761605E-03,-42.203203103E-03,-45.493404035E-03
+3.113255000E-03,+787.237585644E-03,-40.240263425E-03,-44.354584983E-03
+3.113260000E-03,+797.912836778E-03,-40.554333743E-03,-43.176193006E-03
+3.113265000E-03,+809.002660738E-03,-42.281720616E-03,-41.905464408E-03
+3.113270000E-03,+818.693301379E-03,-41.889132624E-03,-40.784233230E-03
+3.113275000E-03,+829.472195748E-03,-42.124685454E-03,-39.390389056E-03
+3.113280000E-03,+839.577409208E-03,-40.240263481E-03,-38.383479486E-03
+3.113285000E-03,+849.423514618E-03,-40.632851367E-03,-36.708228288E-03
+3.113290000E-03,+859.580549660E-03,-41.732097562E-03,-35.877198105E-03
+3.113295000E-03,+869.219368689E-03,-40.868404172E-03,-34.241519769E-03
+3.113300000E-03,+879.894619806E-03,-41.418027195E-03,-33.313755924E-03
+3.113305000E-03,+890.155298064E-03,-43.695037177E-03,-31.783605225E-03
+3.113310000E-03,+899.224079341E-03,-41.732097587E-03,-30.781092629E-03
+3.113315000E-03,+908.448325477E-03,-42.438755765E-03,-29.237750972E-03
+3.113320000E-03,+916.221566661E-03,-41.182474396E-03,-28.195665524E-03
+3.113325000E-03,+925.393991211E-03,-42.360238277E-03,-26.683102754E-03
+3.113330000E-03,+934.773702157E-03,-42.046167860E-03,-25.671796207E-03
+3.113335000E-03,+942.754229714E-03,-41.810615136E-03,-24.124057556E-03
+3.113340000E-03,+950.320184411E-03,-41.653579906E-03,-22.958856550E-03
+3.113345000E-03,+958.041603951E-03,-41.653580006E-03,-21.345163117E-03
+3.113350000E-03,+966.747633938E-03,-42.831343775E-03,-20.391017380E-03
+3.113355000E-03,+974.054480639E-03,-43.066896568E-03,-18.636620423E-03
+3.113360000E-03,+982.605045816E-03,-41.575062294E-03,-17.827575197E-03
+3.113365000E-03,+990.378287026E-03,-45.972047253E-03,-15.994032513E-03
+3.113370000E-03,+997.374204007E-03,-41.339509651E-03,-15.316896831E-03
+3.113375000E-03,+1.005199266775E+00,-43.302449210E-03,-13.360238576E-03
+3.113380000E-03,+1.011832432442E+00,-41.103956878E-03,-12.740263695E-03
+3.113385000E-03,+1.017895560571E+00,-43.459484478E-03,-10.748429558E-03
+3.113390000E-03,+1.025824266533E+00,-42.595790907E-03,-10.080087837E-03
+3.113395000E-03,+1.032301967456E+00,-41.418027264E-03,-8.176193406E-03
+3.113400000E-03,+1.038572381987E+00,-42.595790932E-03,-7.419911990E-03
+3.113405000E-03,+1.043702721153E+00,-43.380966872E-03,-5.586369314E-03
+3.113410000E-03,+1.050698638097E+00,-42.674308557E-03,-4.667399457E-03
+3.113415000E-03,+1.056243550139E+00,-41.575062299E-03,-3.036118081E-03
+3.113420000E-03,+1.061529354140E+00,-42.438755884E-03,-1.950062804E-03
+3.113425000E-03,+1.067540660571E+00,-43.538002090E-03,-569.409560E-06
+3.113430000E-03,+1.073914718262E+00,-42.046167879E-03,+727.700985E-06
+3.113435000E-03,+1.079096879044E+00,-40.318781121E-03,+1.897298957E-03
+3.113440000E-03,+1.085626401545E+00,+217.689996011E-03,+3.427449698E-03
+3.113445000E-03,+1.088994806028E+00,+2.498704422885E+00,+4.575062753E-03
+3.113450000E-03,+1.093762393950E+00,+2.552488980200E+00,+5.929334093E-03
+3.113455000E-03,+1.097338084875E+00,+2.552488980200E+00,+7.309987341E-03
+3.113460000E-03,+1.102572067256E+00,+2.552488980200E+00,+8.387248641E-03
+3.113465000E-03,+1.105733185325E+00,+2.552488980200E+00,+9.987751132E-03
+3.113470000E-03,+1.109257054596E+00,+2.552488980200E+00,+10.963881778E-03
+3.113475000E-03,+1.112210886218E+00,+2.552488980200E+00,+12.559987283E-03
+3.113480000E-03,+1.116460258062E+00,+2.552488980200E+00,+13.593278735E-03
+3.113485000E-03,+1.118895873605E+00,+2.552488980200E+00,+15.202575191E-03
+3.113490000E-03,+1.120968737942E+00,+2.552488980200E+00,+16.165514896E-03
+3.113495000E-03,+1.123559818308E+00,+2.552488980200E+00,+17.642901801E-03
+3.113500000E-03,+1.126254541868E+00,+2.552488980200E+00,+18.843278680E-03
+3.113505000E-03,+1.129312016697E+00,+2.552488980200E+00,+20.298680664E-03
+3.113510000E-03,+1.130607556934E+00,+2.552488980200E+00,+21.437499762E-03
+3.113515000E-03,+1.132317669977E+00,+2.552567497787E+00,+22.826946970E-03
+3.113520000E-03,+1.134442355918E+00,+2.552724532961E+00,+23.877826366E-03
+3.113525000E-03,+1.135219680026E+00,+2.552724532961E+00,+25.425565030E-03
+3.113530000E-03,+1.136826149790E+00,+2.552724532961E+00,+26.366519811E-03
+3.113535000E-03,+1.138950835714E+00,+2.552724532961E+00,+28.072549927E-03
+3.113540000E-03,+1.140039089526E+00,+2.552724532961E+00,+28.771670546E-03
+3.113545000E-03,+1.140660948782E+00,+2.552724532961E+00,+30.662374016E-03
+3.113550000E-03,+1.140920056815E+00,+2.552724532961E+00,+31.115263486E-03
+3.113555000E-03,+1.140764591951E+00,+2.552724532961E+00,+33.085112689E-03
+3.113560000E-03,+1.142008310577E+00,+2.552724532961E+00,+33.551193110E-03
+3.113565000E-03,+1.141179164887E+00,+2.552724532961E+00,+35.696921693E-03
+3.113570000E-03,+1.140868235216E+00,+2.552724532961E+00,+36.017901628E-03
+3.113575000E-03,+1.140194554374E+00,+2.552724532961E+00,+37.970162876E-03
+3.113580000E-03,+1.139883624683E+00,+2.552724532961E+00,+38.462625222E-03
+3.113585000E-03,+1.139935446328E+00,+2.552724532961E+00,+40.296167877E-03
+3.113590000E-03,+1.138743549365E+00,+2.552724532961E+00,+40.946921678E-03
+3.113595000E-03,+1.136618863466E+00,+2.552724532961E+00,+42.529836198E-03
+3.113600000E-03,+1.135789717708E+00,+2.552724532961E+00,+43.365263354E-03
+3.113605000E-03,+1.134960571963E+00,+2.552724532961E+00,+44.825062309E-03
+3.113610000E-03,+1.132524956424E+00,+2.552724532961E+00,+45.792398999E-03
+3.113615000E-03,+1.130348448952E+00,+2.552724532961E+00,+47.049936669E-03
+3.113620000E-03,+1.128120119835E+00,+2.552724532961E+00,+48.012876358E-03
+3.113625000E-03,+1.126358185103E+00,+2.552724532961E+00,+49.244032119E-03
+3.113630000E-03,+1.122627029450E+00,+2.552724532961E+00,+50.312499444E-03
+3.113635000E-03,+1.120605986762E+00,+2.552724532961E+00,+51.416142648E-03
+3.113640000E-03,+1.117755798312E+00,+2.552724532961E+00,+52.453831078E-03
+3.113645000E-03,+1.115164717921E+00,+2.552724532961E+00,+53.641017001E-03
+3.113650000E-03,+1.111433562190E+00,+2.552724532961E+00,+54.608353668E-03
+3.113655000E-03,+1.107546941672E+00,+2.552724532961E+00,+55.729584820E-03
+3.113660000E-03,+1.103919429148E+00,+2.552724532961E+00,+56.718906411E-03
+3.113665000E-03,+1.099514592499E+00,+2.552724532961E+00,+57.681846109E-03
+3.113670000E-03,+1.095213399078E+00,+2.552724532961E+00,+58.776695332E-03
+3.113675000E-03,+1.091223135348E+00,+2.552724532961E+00,+59.673680255E-03
+3.113680000E-03,+1.085315472044E+00,+2.552724532961E+00,+60.706971703E-03
+3.113685000E-03,+1.081169743466E+00,+2.552724532961E+00,+61.643529478E-03
+3.113690000E-03,+1.075832117904E+00,+2.552724532961E+00,+62.777951575E-03
+3.113695000E-03,+1.071582746112E+00,+2.552724532961E+00,+63.538629965E-03
+3.113700000E-03,+1.065726904423E+00,+2.552724532961E+00,+64.756594767E-03
+3.113705000E-03,+1.059819241204E+00,+2.552724532961E+00,+65.552449035E-03
+3.113710000E-03,+1.054481615638E+00,+2.552724532961E+00,+66.598931434E-03
+3.113715000E-03,+1.048884881982E+00,+2.552724532961E+00,+67.517901273E-03
+3.113720000E-03,+1.041888965032E+00,+2.552724532961E+00,+68.423680162E-03
+3.113725000E-03,+1.036654982676E+00,+2.552724532961E+00,+69.391016830E-03
+3.113730000E-03,+1.030332746532E+00,+2.552724532961E+00,+70.164886175E-03
+3.113735000E-03,+1.023129543105E+00,+2.552724532961E+00,+71.154207773E-03
+3.113740000E-03,+1.015563588460E+00,+2.552724532961E+00,+71.831343450E-03
+3.113745000E-03,+1.008515849833E+00,+2.552724532961E+00,+72.877825831E-03
+3.113750000E-03,+1.001675397602E+00,+2.552724532961E+00,+73.493403736E-03
+3.113755000E-03,+994.005799711E-03,+2.552724532961E+00,+74.539886109E-03
+3.113760000E-03,+987.424455544E-03,+2.552724532961E+00,+75.177448946E-03
+3.113765000E-03,+979.392106383E-03,+2.552724532961E+00,+75.982097153E-03
+3.113770000E-03,+971.152470854E-03,+2.552724532961E+00,+76.782348432E-03
+3.113775000E-03,+963.586516157E-03,+2.552724532961E+00,+77.477072018E-03
+3.113780000E-03,+956.642420698E-03,+2.552724532961E+00,+78.356469014E-03
+3.113785000E-03,+947.521817811E-03,+2.552724532961E+00,+78.989634811E-03
+3.113790000E-03,+938.401214889E-03,+2.552724532961E+00,+79.877825782E-03
+3.113795000E-03,+929.954292886E-03,+2.552724532961E+00,+80.374685054E-03
+3.113800000E-03,+921.870122119E-03,+2.552724532961E+00,+81.293654904E-03
+3.113805000E-03,+912.179481541E-03,+2.552724532961E+00,+81.728956398E-03
+3.113810000E-03,+902.696127332E-03,+2.552724532961E+00,+82.406092083E-03
+3.113815000E-03,+892.694557087E-03,+2.552724532961E+00,+83.096418694E-03
+3.113820000E-03,+884.454921502E-03,+2.552724532961E+00,+83.690011663E-03
+3.113825000E-03,+874.505172825E-03,+2.552724532961E+00,+84.406720187E-03
+3.113830000E-03,+865.177283526E-03,+2.552724532961E+00,+84.771669939E-03
+3.113835000E-03,+854.864783693E-03,+2.552724532961E+00,+85.620288020E-03
+3.113840000E-03,+845.433251092E-03,+2.552724532961E+00,+85.800564404E-03
+3.113845000E-03,+834.965286375E-03,+2.552724532961E+00,+86.807473928E-03
+3.113850000E-03,+825.067359359E-03,+2.552724532961E+00,+86.939383492E-03
+3.113855000E-03,+813.148389633E-03,+2.552724532961E+00,+87.766016633E-03
+3.113860000E-03,+802.265852114E-03,+2.552724532961E+00,+87.933102075E-03
+3.113865000E-03,+792.160638562E-03,+2.552724532961E+00,+88.812499033E-03
+3.113870000E-03,+781.226279396E-03,+2.552724532961E+00,+88.948805581E-03
+3.113875000E-03,+771.017422805E-03,+2.552724532961E+00,+89.687499030E-03
+3.113880000E-03,+759.875777178E-03,+2.552724532961E+00,+89.841393512E-03
+3.113885000E-03,+749.045061201E-03,+2.552724532961E+00,+90.553705053E-03
+3.113890000E-03,+736.296945702E-03,+2.552724532961E+00,+90.698805559E-03
+3.113895000E-03,+725.777159449E-03,+2.552724532961E+00,+91.371544242E-03
+3.113900000E-03,+714.531870576E-03,+2.552724532961E+00,+91.437499022E-03
+3.113905000E-03,+702.301971276E-03,+2.552724532961E+00,+92.176192464E-03
+3.113910000E-03,+690.434823144E-03,+2.552724532961E+00,+92.198177402E-03
+3.113915000E-03,+677.842172583E-03,+2.552724532961E+00,+92.831343216E-03
+3.113920000E-03,+665.301343558E-03,+2.552724532961E+00,+92.840137200E-03
+3.113925000E-03,+654.056054672E-03,+2.552724532961E+00,+93.354584419E-03
+3.113930000E-03,+642.033441687E-03,+2.552724532961E+00,+93.504081911E-03
+3.113935000E-03,+628.663466987E-03,+2.552724532961E+00,+93.847046726E-03
+3.113940000E-03,+615.915351581E-03,+2.552724532961E+00,+94.000941208E-03
+3.113945000E-03,+604.203668254E-03,+2.552724532961E+00,+94.198805516E-03
+3.113950000E-03,+591.040979940E-03,+2.552724532961E+00,+94.510991456E-03
+3.113955000E-03,+578.085578086E-03,+2.552724532961E+00,+94.603328121E-03
+3.113960000E-03,+564.767425029E-03,+2.552724532961E+00,+94.893529137E-03
+3.113965000E-03,+552.278417546E-03,+2.552724532961E+00,+94.862750239E-03
+3.113970000E-03,+538.131118773E-03,+2.552724532961E+00,+95.170539182E-03
+3.113975000E-03,+524.242927967E-03,+2.552724532961E+00,+95.174936166E-03
+3.113980000E-03,+510.251093875E-03,+2.552724532961E+00,+95.320036672E-03
+3.113985000E-03,+497.088405672E-03,+2.552724532961E+00,+95.456343198E-03
+3.113990000E-03,+482.889285128E-03,+2.552724532961E+00,+95.487122093E-03
+3.113995000E-03,+469.830240086E-03,+2.552724532961E+00,+95.706971337E-03
+3.114000000E-03,+455.268368396E-03,+2.552724532961E+00,+95.473931144E-03
+3.114005000E-03,+442.261144886E-03,+2.552724532961E+00,+95.786117057E-03
+3.114010000E-03,+427.543808361E-03,+2.552724532961E+00,+95.456343207E-03
+3.114015000E-03,+414.381120060E-03,+2.552724532961E+00,+95.904835648E-03
+3.114020000E-03,+399.508318747E-03,+2.552724532961E+00,+95.487122103E-03
+3.114025000E-03,+384.480052563E-03,+2.552724532961E+00,+95.689383395E-03
+3.114030000E-03,+370.902791375E-03,+2.552724532961E+00,+95.390388431E-03
+3.114035000E-03,+355.926346843E-03,+2.552724532961E+00,+95.500313040E-03
+3.114040000E-03,+341.934512818E-03,+2.552724532961E+00,+95.166142211E-03
+3.114045000E-03,+326.180744138E-03,+2.552724532961E+00,+95.284860787E-03
+3.114050000E-03,+312.240731680E-03,+2.552724532961E+00,+94.977071858E-03
+3.114055000E-03,+297.886146483E-03,+2.552724532961E+00,+94.928705018E-03
+3.114060000E-03,+283.842490832E-03,+2.552724532961E+00,+94.647297980E-03
+3.114065000E-03,+268.088722139E-03,+2.552724532961E+00,+94.708855773E-03
+3.114070000E-03,+253.578672034E-03,+2.552724532961E+00,+94.238378385E-03
+3.114075000E-03,+238.446762644E-03,+2.552724532961E+00,+94.277951260E-03
+3.114080000E-03,+223.677604520E-03,+2.552724532961E+00,+93.684358293E-03
+3.114085000E-03,+208.960268039E-03,+2.552724532961E+00,+93.930589450E-03
+3.114090000E-03,+194.761147579E-03,+2.552724532961E+00,+93.130338204E-03
+3.114095000E-03,+178.540984445E-03,+2.552724532961E+00,+93.367775387E-03
+3.114100000E-03,+163.149967004E-03,+2.552724532961E+00,+92.545539211E-03
+3.114105000E-03,+148.069879199E-03,+2.552724532961E+00,+92.734609565E-03
+3.114110000E-03,+133.300721129E-03,+2.552724532961E+00,+91.912373392E-03
+3.114115000E-03,+116.665985127E-03,+2.552724532961E+00,+91.934358324E-03
+3.114120000E-03,+101.948648556E-03,+2.552724532961E+00,+91.314383448E-03
+3.114125000E-03,+87.127668820E-03,+2.552724532961E+00,+91.085740241E-03
+3.114130000E-03,+72.721261907E-03,+2.552724532961E+00,+90.650438731E-03
+3.114135000E-03,+56.967493209E-03,+2.552724532961E+00,+90.153579448E-03
+3.114140000E-03,+42.094691938E-03,+2.552724532961E+00,+89.797423666E-03
+3.114145000E-03,+28.051036224E-03,+2.552724532961E+00,+89.221418657E-03
+3.114150000E-03,+12.349089224E-03,+2.552724532961E+00,+88.935614624E-03
+3.114155000E-03,-3.145571423E-03,+2.552724532961E+00,+88.227700074E-03
+3.114160000E-03,-18.432945591E-03,+2.552724532961E+00,+87.950690015E-03
+3.114165000E-03,-32.010206838E-03,+2.552724532961E+00,+87.326318179E-03
+3.114170000E-03,-46.831186510E-03,+2.552724532961E+00,+86.904207615E-03
+3.114175000E-03,-61.807631092E-03,+2.552724532961E+00,+86.266644815E-03
+3.114180000E-03,-76.576789243E-03,+2.552724532961E+00,+85.756594558E-03
+3.114185000E-03,-91.915985004E-03,+2.552724532961E+00,+85.141016686E-03
+3.114190000E-03,-107.825218484E-03,+2.552724532961E+00,+84.604584530E-03
+3.114195000E-03,-123.527165579E-03,+2.552724532961E+00,+83.905463938E-03
+3.114200000E-03,-138.555431813E-03,+2.552724532961E+00,+83.386619714E-03
+3.114205000E-03,-154.050092378E-03,+2.552724532961E+00,+82.599559427E-03
+3.114210000E-03,-169.130180243E-03,+2.552724532961E+00,+82.129082042E-03
+3.114215000E-03,-183.743873544E-03,+2.552724532961E+00,+81.205715228E-03
+3.114220000E-03,-197.839350780E-03,+2.552724532961E+00,+80.827574518E-03
+3.114225000E-03,-213.593119351E-03,+2.552724532961E+00,+79.785489105E-03
+3.114230000E-03,-228.569563969E-03,+2.552724532961E+00,+79.504082066E-03
+3.114235000E-03,-244.426975882E-03,+2.552724532961E+00,+78.316896158E-03
+3.114240000E-03,-258.781561178E-03,+2.552724532961E+00,+77.995916258E-03
+3.114245000E-03,-273.291611251E-03,+2.552724532961E+00,+76.936242908E-03
+3.114250000E-03,-288.319877408E-03,+2.552724532961E+00,+76.307474065E-03
+3.114255000E-03,-303.659073196E-03,+2.552724532961E+00,+75.480840914E-03
+3.114260000E-03,-319.153733893E-03,+2.552724532961E+00,+74.759735386E-03
+3.114265000E-03,-333.041924667E-03,+2.552724532961E+00,+73.814383648E-03
+3.114270000E-03,-347.396509968E-03,+2.552724532961E+00,+73.110866053E-03
+3.114275000E-03,-361.440165601E-03,+2.552724532961E+00,+72.231469085E-03
+3.114280000E-03,-376.572074991E-03,+2.552724532961E+00,+71.299308290E-03
+3.114285000E-03,-390.667552167E-03,+2.552724532961E+00,+70.499057047E-03
+3.114290000E-03,-404.400278183E-03,+2.552724532961E+00,+69.571293241E-03
+3.114295000E-03,-419.894938789E-03,+2.552724532961E+00,+68.749057061E-03
+3.114300000E-03,-434.508632173E-03,+2.552724532961E+00,+67.816896271E-03
+3.114305000E-03,-449.433255106E-03,+2.552724532961E+00,+66.792398792E-03
+3.114310000E-03,-462.233192177E-03,+2.552724532961E+00,+65.996544530E-03
+3.114315000E-03,-477.313279863E-03,+2.552724532961E+00,+64.870916405E-03
+3.114320000E-03,-490.683254663E-03,+2.552724532961E+00,+63.969534508E-03
+3.114325000E-03,-504.830553442E-03,+2.552724532961E+00,+63.006594815E-03
+3.114330000E-03,-518.252349892E-03,+2.552724532961E+00,+62.092021955E-03
+3.114335000E-03,-532.503291867E-03,+2.552724532961E+00,+61.115891322E-03
+3.114340000E-03,-544.733191266E-03,+2.552724532961E+00,+60.025439064E-03
+3.114345000E-03,-558.258630851E-03,+2.552724532961E+00,+59.080087327E-03
+3.114350000E-03,-572.250464794E-03,+2.552724532961E+00,+57.848931551E-03
+3.114355000E-03,-585.620439543E-03,+2.552724532961E+00,+57.145413981E-03
+3.114360000E-03,-598.627663013E-03,+2.552724532961E+00,+55.848303429E-03
+3.114365000E-03,-611.479421762E-03,+2.552724532961E+00,+55.127197927E-03
+3.114370000E-03,-624.538466825E-03,+2.552724532961E+00,+53.720162752E-03
+3.114375000E-03,-637.649333504E-03,+2.552724532961E+00,+52.990263267E-03
+3.114380000E-03,-650.812021792E-03,+2.552724532961E+00,+51.693152718E-03
+3.114385000E-03,-663.145564438E-03,+2.552724532961E+00,+50.765388923E-03
+3.114390000E-03,-675.375463744E-03,+2.552724532961E+00,+49.547424090E-03
+3.114395000E-03,-688.330865532E-03,+2.552724532961E+00,+48.505338702E-03
+3.114400000E-03,-700.405300164E-03,+2.552724532961E+00,+47.366519594E-03
+3.114405000E-03,-712.427913058E-03,+2.552724532961E+00,+46.262876415E-03
+3.114410000E-03,-723.362272303E-03,+2.552724532961E+00,+45.159233184E-03
+3.114415000E-03,-737.405927955E-03,+2.552724532961E+00,+43.791770925E-03
+3.114420000E-03,-749.169432784E-03,+2.552724532961E+00,+42.885991999E-03
+3.114425000E-03,-760.259256785E-03,+2.552724532961E+00,+41.522926730E-03
+3.114430000E-03,-772.800085778E-03,+2.552724532961E+00,+40.450062380E-03
+3.114435000E-03,-783.734445023E-03,+2.552724532961E+00,+39.135363943E-03
+3.114440000E-03,-795.394306739E-03,+2.552724532961E+00,+38.058102604E-03
+3.114445000E-03,-806.587773923E-03,+2.552724532961E+00,+36.857725762E-03
+3.114450000E-03,-816.692987416E-03,+2.552724532961E+00,+35.573806147E-03
+3.114455000E-03,-828.249205824E-03,+2.552724532961E+00,+34.355841376E-03
+3.114460000E-03,-839.339029840E-03,+2.552724532961E+00,+33.146670502E-03
+3.114465000E-03,-849.496064902E-03,+2.552724532961E+00,+31.990263507E-03
+3.114470000E-03,-859.497635203E-03,+2.552724532961E+00,+30.662374049E-03
+3.114475000E-03,-869.965599868E-03,+2.552724532961E+00,+29.422424341E-03
+3.114480000E-03,-880.899959015E-03,+2.552724532961E+00,+28.147298703E-03
+3.114485000E-03,-891.108815708E-03,+2.552724532961E+00,+26.977700738E-03
+3.114490000E-03,-900.384883509E-03,+2.552724532961E+00,+25.654208282E-03
+3.114495000E-03,-911.060134641E-03,+2.552724532961E+00,+24.387876645E-03
+3.114500000E-03,-920.543488806E-03,+2.552724532961E+00,+23.134735944E-03
+3.114505000E-03,-930.078664630E-03,+2.552724532961E+00,+21.842022408E-03
+3.114510000E-03,-939.717483580E-03,+2.552724532961E+00,+20.637248530E-03
+3.114515000E-03,-948.786264852E-03,+2.552724532961E+00,+19.362122929E-03
+3.114520000E-03,-958.425083812E-03,+2.552724532961E+00,+18.029836501E-03
+3.114525000E-03,-966.353789837E-03,+2.552724532961E+00,+16.886620441E-03
+3.114530000E-03,-974.748890221E-03,+2.552724532961E+00,+15.431218438E-03
+3.114535000E-03,-983.662206699E-03,+2.552724532961E+00,+14.248429519E-03
+3.114540000E-03,-992.057307130E-03,+2.552724532961E+00,+12.850188311E-03
+3.114545000E-03,-1.000815158762E+00,+2.552724532961E+00,+11.715766225E-03
+3.114550000E-03,-1.008277470245E+00,+2.552724532961E+00,+10.207600405E-03
+3.114555000E-03,-1.015947068256E+00,+2.552724532961E+00,+9.095163243E-03
+3.114560000E-03,-1.023979417384E+00,+2.552724532961E+00,+7.604585358E-03
+3.114565000E-03,-1.030975334323E+00,+2.552724532961E+00,+6.443781362E-03
+3.114570000E-03,-1.038074894662E+00,+2.552724532961E+00,+5.085113022E-03
+3.114575000E-03,-1.046936389476E+00,+2.552724532961E+00,+3.827575364E-03
+3.114580000E-03,-1.053154982402E+00,+2.552724532961E+00,+2.446922093E-03
+3.114585000E-03,-1.060410007412E+00,+2.552724532961E+00,+1.272927147E-03
+3.114590000E-03,-1.067146816380E+00,+2.552724532961E+00,-142.901995E-06
+3.114595000E-03,-1.073054479662E+00,+2.552724532961E+00,-1.347675839E-03
+3.114600000E-03,-1.079480359009E+00,+2.552724532961E+00,-2.741520066E-03
+3.114605000E-03,-1.085388022277E+00,+2.552724532961E+00,-4.034233590E-03
+3.114610000E-03,-1.090932934268E+00,+2.552724532961E+00,-5.331344158E-03
+3.114615000E-03,-1.096633311139E+00,+2.552724532961E+00,-6.681218490E-03
+3.114620000E-03,-1.102126401475E+00,+2.552724532961E+00,-7.969535086E-03
+3.114625000E-03,-1.106686702915E+00,+2.552724532961E+00,-9.231469720E-03
+3.114630000E-03,-1.110987896412E+00,+2.552724532961E+00,-10.572550135E-03
+3.114635000E-03,-1.116273700300E+00,+2.552724532961E+00,-11.904836520E-03
+3.114640000E-03,-1.123062330885E+00,+2.552724532961E+00,-13.325062667E-03
+3.114645000E-03,-1.126016162645E+00,+1.322825089481E+00,-14.560615379E-03
+3.114650000E-03,-1.130472820784E+00,-152.441892222E-03,-15.853328978E-03
+3.114655000E-03,-1.134670370947E+00,-181.885990254E-03,-17.040514857E-03
+3.114660000E-03,-1.138453348313E+00,+13.779830754E-03,-18.539886743E-03
+3.114665000E-03,-1.142547255371E+00,+142.391648185E-03,-19.656720852E-03
+3.114670000E-03,-1.145345622156E+00,-86.173051435E-03,-21.076947016E-03
+3.114675000E-03,-1.148454918619E+00,-77.771669666E-03,-22.330087648E-03
+3.114680000E-03,-1.152497003950E+00,-89.627826616E-03,-23.745916841E-03
+3.114685000E-03,-1.155606300438E+00,-18.569409298E-03,-24.897926824E-03
+3.114690000E-03,-1.158197380803E+00,-56.257850960E-03,-26.485238419E-03
+3.114695000E-03,-1.161203034037E+00,-48.249057221E-03,-27.430590119E-03
+3.114700000E-03,-1.163172255198E+00,-63.952574590E-03,-28.978328844E-03
+3.114705000E-03,-1.166799767568E+00,-48.641645360E-03,-29.875313713E-03
+3.114710000E-03,-1.168043486234E+00,-54.530464087E-03,-31.629710719E-03
+3.114715000E-03,-1.170634566565E+00,-51.389760880E-03,-32.504710668E-03
+3.114720000E-03,-1.172189214814E+00,-52.960112454E-03,-34.188755903E-03
+3.114725000E-03,-1.173536576680E+00,-51.860866286E-03,-34.971419194E-03
+3.114730000E-03,-1.175453976104E+00,-50.761620008E-03,-36.624685532E-03
+3.114735000E-03,-1.177267732395E+00,-49.269785941E-03,-37.543655347E-03
+3.114740000E-03,-1.177941413322E+00,-49.348303513E-03,-39.060615149E-03
+3.114745000E-03,-1.178822380610E+00,-49.583856333E-03,-40.005966878E-03
+3.114750000E-03,-1.179340596680E+00,-50.918655197E-03,-41.527323661E-03
+3.114755000E-03,-1.179496061570E+00,-49.819409102E-03,-42.608981934E-03
+3.114760000E-03,-1.178977845500E+00,-49.897926572E-03,-43.892901528E-03
+3.114765000E-03,-1.179340596704E+00,-50.211997037E-03,-45.159233157E-03
+3.114770000E-03,-1.178977845437E+00,-50.054961754E-03,-46.201318588E-03
+3.114775000E-03,-1.178666915841E+00,-48.877198064E-03,-47.467650227E-03
+3.114780000E-03,-1.177837770145E+00,-46.443152732E-03,-48.566896452E-03
+3.114785000E-03,-1.177526840438E+00,-48.563127621E-03,-49.921167786E-03
+3.114790000E-03,-1.175505797838E+00,-46.678705560E-03,-50.954459241E-03
+3.114795000E-03,-1.174832116848E+00,-48.641645230E-03,-52.198805949E-03
+3.114800000E-03,-1.173277468716E+00,-48.249057404E-03,-53.311243141E-03
+3.114805000E-03,-1.172033750112E+00,-49.505338732E-03,-54.450062207E-03
+3.114810000E-03,-1.169753599349E+00,-49.897926594E-03,-55.571293367E-03
+3.114815000E-03,-1.167421627041E+00,-46.521670422E-03,-56.639760680E-03
+3.114820000E-03,-1.165400584310E+00,-46.992775805E-03,-57.888504395E-03
+3.114825000E-03,-1.163120433469E+00,-47.385363814E-03,-58.745916432E-03
+3.114830000E-03,-1.160529353265E+00,-47.620916487E-03,-60.095790804E-03
+3.114835000E-03,-1.157316413572E+00,-47.542398951E-03,-60.887248072E-03
+3.114840000E-03,-1.154207117137E+00,-46.129082347E-03,-62.417398813E-03
+3.114845000E-03,-1.151149642320E+00,-46.443152791E-03,-63.050564636E-03
+3.114850000E-03,-1.147781237790E+00,-47.620916546E-03,-64.541142510E-03
+3.114855000E-03,-1.144361011671E+00,-47.149811104E-03,-65.174308330E-03
+3.114860000E-03,-1.140007996735E+00,-45.265389022E-03,-66.669283189E-03
+3.114865000E-03,-1.136795057017E+00,-45.657976927E-03,-67.245288207E-03
+3.114870000E-03,-1.132856614849E+00,-46.757223213E-03,-68.590765588E-03
+3.114875000E-03,-1.128037205387E+00,-46.521670334E-03,-69.259107286E-03
+3.114880000E-03,-1.123684190373E+00,-45.657976898E-03,-70.604584657E-03
+3.114885000E-03,-1.119175710478E+00,-45.815012109E-03,-71.061871083E-03
+3.114890000E-03,-1.113164404019E+00,-45.972047276E-03,-72.622800718E-03
+3.114895000E-03,-1.107515848842E+00,-45.422424100E-03,-72.983353467E-03
+3.114900000E-03,-1.102955547403E+00,-44.637248251E-03,-74.583855978E-03
+3.114905000E-03,-1.097617921759E+00,-45.815012035E-03,-74.777323303E-03
+3.114910000E-03,-1.091451150473E+00,-45.500941716E-03,-76.505338358E-03
+3.114915000E-03,-1.086890849034E+00,-46.286117662E-03,-76.659232834E-03
+3.114920000E-03,-1.079687645652E+00,-44.401695497E-03,-78.294911205E-03
+3.114925000E-03,-1.074453663252E+00,-45.579459400E-03,-78.343278045E-03
+3.114930000E-03,-1.068856929649E+00,-43.852072410E-03,-80.119659931E-03
+3.114935000E-03,-1.062068299039E+00,-43.695037406E-03,-80.159232807E-03
+3.114940000E-03,-1.055124203700E+00,-43.459484437E-03,-81.680589557E-03
+3.114945000E-03,-1.047972821823E+00,-44.087625201E-03,-81.909232776E-03
+3.114950000E-03,-1.040821440014E+00,-44.637248266E-03,-83.347046839E-03
+3.114955000E-03,-1.033980987733E+00,-45.029836246E-03,-83.518529249E-03
+3.114960000E-03,-1.025689530634E+00,-44.794283447E-03,-84.995916162E-03
+3.114965000E-03,-1.017605359920E+00,-43.773554800E-03,-85.176192538E-03
+3.114970000E-03,-1.009728475494E+00,-43.930590012E-03,-86.460112143E-03
+3.114975000E-03,-1.002421628809E+00,-43.852072268E-03,-86.653579453E-03
+3.114980000E-03,-993.611955630E-03,-43.773554778E-03,-87.990262878E-03
+3.114985000E-03,-984.594995869E-03,-43.852072327E-03,-88.007850793E-03
+3.114990000E-03,-976.199895515E-03,-44.558730701E-03,-89.450061858E-03
+3.114995000E-03,-967.649330305E-03,-42.203203215E-03,-89.331343245E-03
