x-axis,1,2,3
second,Volt,Volt,Volt
+3.105000000E-03,+321.724085707E-03,+2.552724532961E+00,+95.276066819E-03
+3.105005000E-03,+307.473143649E-03,+2.552724532961E+00,+94.449433662E-03
+3.105010000E-03,+293.533131236E-03,+2.552724532961E+00,+94.955086923E-03
+3.105015000E-03,+278.142113813E-03,+2.552724532961E+00,+94.132850751E-03
+3.105020000E-03,+264.875782296E-03,+2.552724532961E+00,+94.541770344E-03
+3.105025000E-03,+249.640229696E-03,+2.552724532961E+00,+93.719534172E-03
+3.105030000E-03,+233.886461021E-03,+2.552724532961E+00,+94.040514068E-03
+3.105035000E-03,+220.153735037E-03,+2.552724532961E+00,+93.174308047E-03
+3.105040000E-03,+205.125468866E-03,+2.552724532961E+00,+93.398554276E-03
+3.105045000E-03,+189.630808229E-03,+2.552724532961E+00,+92.664257801E-03
+3.105050000E-03,+174.758006881E-03,+2.552724532961E+00,+92.862122121E-03
+3.105055000E-03,+158.641486952E-03,+2.552724532961E+00,+92.136619616E-03
+3.105060000E-03,+144.701474539E-03,+2.552724532961E+00,+92.031091979E-03
+3.105065000E-03,+129.776851584E-03,+2.552724532961E+00,+91.494659824E-03
+3.105070000E-03,+114.023082908E-03,+2.552724532961E+00,+91.208855807E-03
+3.105075000E-03,+98.683887093E-03,+2.552724532961E+00,+90.883478926E-03
+3.105080000E-03,+83.966550567E-03,+2.552724532961E+00,+90.298679938E-03
+3.105085000E-03,+69.352857256E-03,+2.552724532961E+00,+90.070036724E-03
+3.105090000E-03,+53.806375011E-03,+2.552724532961E+00,+89.370916129E-03
+3.105095000E-03,+38.622644018E-03,+2.552724532961E+00,+89.282976430E-03
+3.105100000E-03,+22.920696950E-03,+2.552724532961E+00,+88.416770410E-03
+3.105105000E-03,+9.136149360E-03,+2.552724532961E+00,+88.342021667E-03
+3.105110000E-03,-6.669440924E-03,+2.552724532961E+00,+87.365891025E-03
+3.105115000E-03,-20.920382982E-03,+2.552724532961E+00,+87.295539266E-03
+3.105120000E-03,-35.223146649E-03,+2.552724532961E+00,+86.315011639E-03
+3.105125000E-03,-50.303234426E-03,+2.552724532961E+00,+86.262247820E-03
+3.105130000E-03,-64.761462915E-03,+2.552724532961E+00,+85.308102102E-03
+3.105135000E-03,-80.100658729E-03,+2.552724532961E+00,+85.026695069E-03
+3.105140000E-03,-95.025281685E-03,+2.552724532961E+00,+84.129710155E-03
+3.105145000E-03,-110.727228754E-03,+2.552724532961E+00,+83.760363424E-03
+3.105150000E-03,-127.102856718E-03,+2.552724532961E+00,+82.894157404E-03
+3.105155000E-03,-141.716550029E-03,+2.552724532961E+00,+82.432473992E-03
+3.105160000E-03,-156.744816201E-03,+2.552724532961E+00,+81.610237820E-03
+3.105165000E-03,-171.203044688E-03,+2.552724532961E+00,+80.977071997E-03
+3.105170000E-03,-186.853170149E-03,+2.552724532961E+00,+80.387876024E-03
+3.105175000E-03,-200.793182562E-03,+2.552724532961E+00,+79.556845882E-03
+3.105180000E-03,-216.132378377E-03,+2.552724532961E+00,+79.042398651E-03
+3.105185000E-03,-231.212466157E-03,+2.552724532961E+00,+77.978328311E-03
+3.105190000E-03,-247.328986084E-03,+2.552724532961E+00,+77.683730324E-03
+3.105195000E-03,-262.409073861E-03,+2.552724532961E+00,+76.386619785E-03
+3.105200000E-03,-277.022767171E-03,+2.552724532961E+00,+76.254710239E-03
+3.105205000E-03,-292.102854950E-03,+2.552724532961E+00,+74.821293169E-03
+3.105210000E-03,-306.923834692E-03,+2.552724532961E+00,+74.737750456E-03
+3.105215000E-03,-321.796636041E-03,+2.552724532961E+00,+73.132850976E-03
+3.105220000E-03,-335.840291667E-03,+2.552724532961E+00,+73.093278112E-03
+3.105225000E-03,-351.179487481E-03,+2.552724532961E+00,+71.374057025E-03
+3.105230000E-03,-366.311396869E-03,+2.552724532961E+00,+71.391644964E-03
+3.105235000E-03,-380.769625356E-03,+2.552724532961E+00,+69.703202772E-03
+3.105240000E-03,-396.212464385E-03,+2.552724532961E+00,+69.544911316E-03
+3.105245000E-03,-408.908758223E-03,+2.552724532961E+00,+67.926820881E-03
+3.105250000E-03,-424.455240468E-03,+2.552724532961E+00,+67.689383698E-03
+3.105255000E-03,-439.846257891E-03,+2.552724532961E+00,+66.080087232E-03
+3.105260000E-03,-453.423519051E-03,+2.552724532961E+00,+65.666770654E-03
+3.105265000E-03,-467.881747537E-03,+2.552724532961E+00,+64.321293281E-03
+3.105270000E-03,-481.821759953E-03,+2.552724532961E+00,+63.758479217E-03
+3.105275000E-03,-496.072702008E-03,+2.552724532961E+00,+62.294283253E-03
+3.105280000E-03,-509.753606389E-03,+2.552724532961E+00,+61.696293310E-03
+3.105285000E-03,-523.227224334E-03,+2.552724532961E+00,+60.434358649E-03
+3.105290000E-03,-536.752663887E-03,+2.552724532961E+00,+59.735238054E-03
+3.105295000E-03,-549.863530581E-03,+2.552724532961E+00,+58.424936560E-03
+3.105300000E-03,-562.922575668E-03,+2.552724532961E+00,+57.721418981E-03
+3.105305000E-03,-576.344372006E-03,+2.552724532961E+00,+56.437499396E-03
+3.105310000E-03,-590.336206025E-03,+2.552724532961E+00,+55.593278300E-03
+3.105315000E-03,-603.032499859E-03,+2.552724532961E+00,+54.406092382E-03
+3.105320000E-03,-615.884258516E-03,+2.552724532961E+00,+53.465137619E-03
+3.105325000E-03,-628.165979491E-03,+2.552724532961E+00,+52.304333611E-03
+3.105330000E-03,-641.535954223E-03,+2.552724532961E+00,+51.227072317E-03
+3.105335000E-03,-654.284069663E-03,+2.552724532961E+00,+50.149811021E-03
+3.105340000E-03,-666.824898673E-03,+2.552724532961E+00,+48.989007014E-03
+3.105345000E-03,-678.484760357E-03,+2.552724532961E+00,+48.087625113E-03
+3.105350000E-03,-691.336519014E-03,+2.552724532961E+00,+46.689383923E-03
+3.105355000E-03,-703.929169635E-03,+2.552724532961E+00,+45.902323629E-03
+3.105360000E-03,-715.640852925E-03,+2.552724532961E+00,+44.363378923E-03
+3.105365000E-03,-727.300714611E-03,+2.552724532961E+00,+43.563127675E-03
+3.105370000E-03,-740.204294871E-03,+2.552724532961E+00,+41.980213119E-03
+3.105375000E-03,-752.330551027E-03,+2.552724532961E+00,+41.245916644E-03
+3.105380000E-03,-764.353163961E-03,+2.552724532961E+00,+39.561871436E-03
+3.105385000E-03,-775.702095999E-03,+2.552724532961E+00,+38.849559886E-03
+3.105390000E-03,-787.154671254E-03,+2.552724532961E+00,+37.249057390E-03
+3.105395000E-03,-797.881744004E-03,+2.552724532961E+00,+36.418027249E-03
+3.105400000E-03,-809.437962475E-03,+2.552724532961E+00,+34.852700632E-03
+3.105405000E-03,-820.683251297E-03,+2.552724532961E+00,+33.898554915E-03
+3.105410000E-03,-830.840286366E-03,+2.552724532961E+00,+32.412374025E-03
+3.105415000E-03,-842.603791261E-03,+2.552724532961E+00,+31.409861474E-03
+3.105420000E-03,-852.657183116E-03,+2.552724532961E+00,+30.038002191E-03
+3.105425000E-03,-862.606931753E-03,+2.552724532961E+00,+28.973931852E-03
+3.105430000E-03,-873.230361285E-03,+2.552724532961E+00,+27.558102720E-03
+3.105435000E-03,-883.283753140E-03,+2.552724532961E+00,+26.423680623E-03
+3.105440000E-03,-893.596253028E-03,+2.552724532961E+00,+24.999057522E-03
+3.105445000E-03,-904.582433815E-03,+2.552724532961E+00,+23.908605273E-03
+3.105450000E-03,-913.443928699E-03,+2.552724532961E+00,+22.545539960E-03
+3.105455000E-03,-923.393677337E-03,+2.552724532961E+00,+21.327575150E-03
+3.105460000E-03,-933.032496324E-03,+2.552724532961E+00,+20.048052549E-03
+3.105465000E-03,-943.241352997E-03,+2.552724532961E+00,+18.693781208E-03
+3.105470000E-03,-952.102847883E-03,+2.552724532961E+00,+17.607725943E-03
+3.105475000E-03,-961.638023657E-03,+2.552724532961E+00,+15.945665660E-03
+3.105480000E-03,-969.463086389E-03,+2.552724532961E+00,+15.149811396E-03
+3.105485000E-03,-978.376402875E-03,+2.552724532961E+00,+13.325062673E-03
+3.105490000E-03,-987.082432935E-03,+2.552724532961E+00,+12.639133031E-03
+3.105495000E-03,-995.322068523E-03,+2.552724532961E+00,+10.642901898E-03
+3.105500000E-03,-1.003561704112E+00,+2.552724532961E+00,+10.058102908E-03
+3.105505000E-03,-1.012008626135E+00,+2.552724532961E+00,+8.022298910E-03
+3.105510000E-03,-1.019522759219E+00,+2.552724532961E+00,+7.446293891E-03
+3.105515000E-03,-1.027036892307E+00,+2.552724532961E+00,+5.419283863E-03
+3.105520000E-03,-1.034032809315E+00,+2.552724532961E+00,+4.803705979E-03
+3.105525000E-03,-1.042116980083E+00,+2.552724532961E+00,+2.754711028E-03
+3.105530000E-03,-1.048853789056E+00,+2.552724532961E+00,+2.183102992E-03
+3.105535000E-03,-1.056730673393E+00,+2.552724532961E+00,+305.590450E-06
+3.105540000E-03,-1.062275585394E+00,+2.552724532961E+00,-512.248737E-06
+3.105545000E-03,-1.069064215976E+00,+2.552724532961E+00,-2.209484900E-03
+3.105550000E-03,-1.075801024948E+00,+2.552724532961E+00,-3.203203482E-03
+3.105555000E-03,-1.081345936949E+00,+2.552724532961E+00,-4.772927083E-03
+3.105560000E-03,-1.087719994674E+00,+2.552724532961E+00,-5.819409484E-03
+3.105565000E-03,-1.093264906669E+00,+2.552724532961E+00,-7.349560222E-03
+3.105570000E-03,-1.098447067418E+00,+2.552724532961E+00,-8.479585335E-03
+3.105575000E-03,-1.104095622633E+00,+2.552724532961E+00,-9.908605421E-03
+3.105580000E-03,-1.109744177850E+00,+2.552724532961E+00,-11.144158171E-03
+3.105585000E-03,-1.113941728058E+00,+2.552724532961E+00,-12.507223483E-03
+3.105590000E-03,-1.120160320957E+00,+2.498861468526E+00,-13.887876734E-03
+3.105595000E-03,-1.123736011873E+00,+258.283604434E-03,-15.127826470E-03
+3.105600000E-03,-1.128503599762E+00,-172.228327293E-03,-16.385364145E-03
+3.105605000E-03,-1.131975647462E+00,-156.210739633E-03,-17.875942017E-03
+3.105610000E-03,-1.136380484101E+00,+189.973301690E-03,-18.922424420E-03
+3.105615000E-03,-1.140837142344E+00,-5.535489591E-03,-20.377826414E-03
+3.105620000E-03,-1.144827406123E+00,-74.081343459E-03,-21.569409316E-03
+3.105625000E-03,-1.147729416138E+00,-98.814383312E-03,-23.077575128E-03
+3.105630000E-03,-1.151564215096E+00,-43.616519731E-03,-24.291142955E-03
+3.105635000E-03,-1.153481614573E+00,-36.942524675E-03,-25.566268569E-03
+3.105640000E-03,-1.157109127094E+00,-50.447549730E-03,-26.968906746E-03
+3.105645000E-03,-1.159544742646E+00,-55.786745613E-03,-28.085740904E-03
+3.105650000E-03,-1.162705860703E+00,-55.786745649E-03,-29.629082596E-03
+3.105655000E-03,-1.164623260182E+00,-48.092022089E-03,-30.675564997E-03
+3.105660000E-03,-1.167058875732E+00,-52.410489386E-03,-32.056218249E-03
+3.105665000E-03,-1.167939843061E+00,-49.897926598E-03,-33.247801150E-03
+3.105670000E-03,-1.169442669677E+00,-50.683102487E-03,-34.505338826E-03
+3.105675000E-03,-1.170841853083E+00,-48.563127625E-03,-35.881595091E-03
+3.105680000E-03,-1.173381111846E+00,-47.306846227E-03,-36.950062417E-03
+3.105685000E-03,-1.174210257564E+00,-48.955715550E-03,-38.484610139E-03
+3.105690000E-03,-1.173692041495E+00,-47.463881405E-03,-39.359610130E-03
+3.105695000E-03,-1.176179478649E+00,-49.505338659E-03,-41.021670413E-03
+3.105700000E-03,-1.176386765084E+00,-48.092022099E-03,-41.742775934E-03
+3.105705000E-03,-1.176386765086E+00,-49.740891434E-03,-43.461997020E-03
+3.105710000E-03,-1.176127657045E+00,-48.720162794E-03,-44.130338724E-03
+3.105715000E-03,-1.176749516337E+00,-48.798680386E-03,-45.827574884E-03
+3.105720000E-03,-1.177423197227E+00,-46.992775877E-03,-46.597047240E-03
+3.105725000E-03,-1.176645873121E+00,-49.269785900E-03,-48.184358778E-03
+3.105730000E-03,-1.175453976145E+00,-44.872801032E-03,-48.949434149E-03
+3.105735000E-03,-1.174573008824E+00,-47.856469336E-03,-50.629082370E-03
+3.105740000E-03,-1.173951149528E+00,-46.207600009E-03,-51.354584877E-03
+3.105745000E-03,-1.173122003814E+00,-48.013504515E-03,-52.897926567E-03
+3.105750000E-03,-1.171100961117E+00,-47.306846232E-03,-53.641017014E-03
+3.105755000E-03,-1.170116350578E+00,-47.856469344E-03,-55.188755688E-03
+3.105760000E-03,-1.168613523961E+00,-45.893529662E-03,-55.945037089E-03
+3.105765000E-03,-1.166074265193E+00,-46.835740707E-03,-57.404836066E-03
+3.105770000E-03,-1.164571438577E+00,-47.228328636E-03,-58.139132543E-03
+3.105775000E-03,-1.161773071774E+00,-46.050564839E-03,-59.638504384E-03
+3.105780000E-03,-1.159855672297E+00,-45.186871380E-03,-60.306846087E-03
+3.105785000E-03,-1.156539089422E+00,-45.186871380E-03,-61.810614914E-03
+3.105790000E-03,-1.153740722613E+00,-44.087625152E-03,-62.522926466E-03
+3.105795000E-03,-1.150631426166E+00,-46.757223115E-03,-63.903579715E-03
+3.105800000E-03,-1.147366664894E+00,-45.108353785E-03,-64.576318404E-03
+3.105805000E-03,-1.144101903627E+00,-45.579459310E-03,-66.031720396E-03
+3.105810000E-03,-1.140111639846E+00,-44.087625155E-03,-66.722047024E-03
+3.105815000E-03,-1.136484127318E+00,-45.972047241E-03,-68.005966606E-03
+3.105820000E-03,-1.131975647467E+00,-43.380966873E-03,-68.797423885E-03
+3.105825000E-03,-1.128089026912E+00,-46.521670351E-03,-69.918655028E-03
+3.105830000E-03,-1.123321439022E+00,-43.930589986E-03,-70.811242960E-03
+3.105835000E-03,-1.119279353639E+00,-44.794283435E-03,-71.804961541E-03
+3.105840000E-03,-1.113527155207E+00,-43.066896514E-03,-72.781092185E-03
+3.105845000E-03,-1.108811388929E+00,-45.265388952E-03,-73.700062023E-03
+3.105850000E-03,-1.102696439244E+00,-44.323177916E-03,-74.680589652E-03
+3.105855000E-03,-1.098447067428E+00,-44.480213090E-03,-75.590765521E-03
+3.105860000E-03,-1.093057620249E+00,-43.066896526E-03,-76.584484103E-03
+3.105865000E-03,-1.087409065041E+00,-43.695037222E-03,-77.362750426E-03
+3.105870000E-03,-1.080361326421E+00,-42.988378943E-03,-78.378453934E-03
+3.105875000E-03,-1.075438273711E+00,-43.616519630E-03,-79.068780558E-03
+3.105880000E-03,-1.069375145634E+00,-43.223931696E-03,-80.093278036E-03
+3.105885000E-03,-1.062586515056E+00,-43.773554812E-03,-80.884735313E-03
+3.105890000E-03,-1.055435133221E+00,-44.087625161E-03,-81.825690078E-03
+3.105895000E-03,-1.049786578002E+00,-42.752826175E-03,-82.524810672E-03
+3.105900000E-03,-1.042220623306E+00,-42.909861349E-03,-83.580087044E-03
+3.105905000E-03,-1.034291917370E+00,-45.029836195E-03,-84.134107138E-03
+3.105910000E-03,-1.026155924996E+00,-42.752826184E-03,-85.066267933E-03
+3.105915000E-03,-1.019160007986E+00,-44.558730670E-03,-85.725815663E-03
+3.105920000E-03,-1.010816729183E+00,-42.988378940E-03,-86.627197564E-03
+3.105925000E-03,-1.002007055905E+00,-43.145414110E-03,-87.203202581E-03
+3.105930000E-03,-994.285636393E-03,-42.595791010E-03,-88.073805589E-03
+3.105935000E-03,-986.305108836E-03,-42.988378939E-03,-88.715765380E-03
+3.105940000E-03,-977.029041099E-03,-40.946921675E-03,-89.472046780E-03
+3.105945000E-03,-968.478475868E-03,-42.674308593E-03,-90.052448782E-03
+3.105950000E-03,-959.876089022E-03,-41.810615137E-03,-90.729584456E-03
+3.105955000E-03,-950.859129318E-03,-42.831343765E-03,-91.490262837E-03
+3.105960000E-03,-942.204920867E-03,-42.124685483E-03,-92.039885949E-03
+3.105965000E-03,-932.358815446E-03,-43.538002038E-03,-92.721418603E-03
+3.105970000E-03,-921.942672344E-03,-41.889132723E-03,-93.205086942E-03
+3.105975000E-03,-911.733815678E-03,-44.794283444E-03,-93.842649748E-03
+3.105980000E-03,-900.851278096E-03,-41.182474433E-03,-94.326318085E-03
+3.105985000E-03,-892.093426430E-03,-43.380966873E-03,-95.003453754E-03
+3.105990000E-03,-881.262710463E-03,-41.339509607E-03,-95.478328123E-03
+3.105995000E-03,-870.121064860E-03,-42.909861356E-03,-96.085112033E-03
+3.106000000E-03,-861.311391584E-03,-41.732097546E-03,-96.516016555E-03
+3.106005000E-03,-851.517107774E-03,-42.831343757E-03,-97.034860767E-03
+3.106010000E-03,-840.582748601E-03,-42.046167891E-03,-97.540514031E-03
+3.106015000E-03,-829.752032641E-03,-43.380966870E-03,-98.024182366E-03
+3.106020000E-03,-818.714030241E-03,-42.752826178E-03,-98.512247688E-03
+3.106025000E-03,-807.727849448E-03,-43.538002045E-03,-98.837624569E-03
+3.106030000E-03,-796.586203841E-03,-41.418027190E-03,-99.444408482E-03
+3.106035000E-03,-785.133628589E-03,-40.946921679E-03,-99.725815514E-03
+3.106040000E-03,-774.043804583E-03,-43.145414104E-03,-100.218277820E-03
+3.106045000E-03,-761.502975577E-03,-41.967650300E-03,-100.468905958E-03
+3.106050000E-03,-750.464973183E-03,-42.674308587E-03,-100.877825552E-03
+3.106055000E-03,-737.768679351E-03,-41.810615118E-03,-101.141644644E-03
+3.106060000E-03,-725.953352842E-03,-40.554333741E-03,-101.475815496E-03
+3.106065000E-03,-714.811707230E-03,-42.046167896E-03,-101.761619513E-03
+3.106070000E-03,-702.167234999E-03,-39.141017174E-03,-102.196921016E-03
+3.106075000E-03,-690.870124568E-03,-40.868404092E-03,-102.196921016E-03
+3.106080000E-03,-677.241041806E-03,-39.455087529E-03,-102.684986336E-03
+3.106085000E-03,-664.959320833E-03,-42.595790987E-03,-102.715765231E-03
+3.106090000E-03,-652.107562173E-03,-40.554333735E-03,-103.129081810E-03
+3.106095000E-03,-638.685765844E-03,-41.103956845E-03,-102.988378293E-03
+3.106100000E-03,-625.471255927E-03,-38.434358897E-03,-103.586368237E-03
+3.106105000E-03,-612.153102804E-03,-40.554333738E-03,-103.344534068E-03
+3.106110000E-03,-599.404987363E-03,-40.946921670E-03,-103.964508936E-03
+3.106115000E-03,-585.931369414E-03,-41.025439254E-03,-103.564383313E-03
+3.106120000E-03,-572.665037900E-03,-40.868404076E-03,-104.237121999E-03
+3.106125000E-03,-559.191419956E-03,-42.438755820E-03,-103.828202406E-03
+3.106130000E-03,-546.028731650E-03,-40.554333741E-03,-104.395413455E-03
+3.106135000E-03,-532.399648891E-03,-41.810615128E-03,-103.946920997E-03
+3.106140000E-03,-518.459636472E-03,-39.612122690E-03,-104.549307925E-03
+3.106145000E-03,-504.415980844E-03,-41.260992032E-03,-103.902951149E-03
+3.106150000E-03,-490.424146819E-03,-40.083228212E-03,-104.619659684E-03
+3.106155000E-03,-475.603167082E-03,-41.653579950E-03,-103.885363208E-03
+3.106160000E-03,-462.077727527E-03,-40.161745797E-03,-104.659232548E-03
+3.106165000E-03,-447.049461367E-03,-41.339509605E-03,-103.832599390E-03
+3.106170000E-03,-432.176660024E-03,-40.946921656E-03,-104.711996366E-03
+3.106175000E-03,-418.547577254E-03,-39.847675463E-03,-103.643529041E-03
+3.106180000E-03,-403.156559821E-03,-40.161745797E-03,-104.628453654E-03
+3.106185000E-03,-389.579298659E-03,-40.632851329E-03,-103.472046630E-03
+3.106190000E-03,-375.121070174E-03,-39.769157867E-03,-104.417398379E-03
+3.106195000E-03,-360.248268820E-03,-41.418027190E-03,-103.159860705E-03
+3.106200000E-03,-344.857251406E-03,-41.575062374E-03,-104.030463709E-03
+3.106205000E-03,-331.124525413E-03,-41.103956834E-03,-102.944408447E-03
+3.106210000E-03,-315.370756746E-03,-39.455087507E-03,-103.647926025E-03
+3.106215000E-03,-300.964349859E-03,-40.475816141E-03,-102.676192369E-03
+3.106220000E-03,-286.868872624E-03,-40.711368917E-03,-103.142272764E-03
+3.106225000E-03,-270.959639127E-03,-40.083228209E-03,-102.267272775E-03
+3.106230000E-03,-256.138659389E-03,-39.376569930E-03,-102.548679807E-03
+3.106235000E-03,-241.628609292E-03,-41.653579946E-03,-101.836368256E-03
+3.106240000E-03,-226.237591868E-03,-39.612122695E-03,-102.078202425E-03
+3.106245000E-03,-209.913785512E-03,-41.575062363E-03,-101.198805449E-03
+3.106250000E-03,-194.989162564E-03,-38.434358895E-03,-101.440639618E-03
+3.106255000E-03,-180.790042110E-03,-40.554333732E-03,-100.438127065E-03
+3.106260000E-03,-165.191738259E-03,-38.748429243E-03,-100.921795402E-03
+3.106265000E-03,-150.059828865E-03,-41.025439255E-03,-99.655463758E-03
+3.106270000E-03,-134.409703401E-03,-39.926193047E-03,-100.196292897E-03
+3.106275000E-03,-118.811399553E-03,-40.789886493E-03,-98.820036631E-03
+3.106280000E-03,-103.783133377E-03,-40.632851314E-03,-99.475187375E-03
+3.106285000E-03,-88.340294354E-03,-40.083228212E-03,-97.940639658E-03
+3.106290000E-03,-73.933887478E-03,-40.083228216E-03,-98.424307990E-03
+3.106295000E-03,-59.786588620E-03,-41.653579949E-03,-97.096418561E-03
+3.106300000E-03,-44.240106380E-03,-39.376569920E-03,-97.434986393E-03
+3.106305000E-03,-30.196450752E-03,-39.847675453E-03,-96.239006510E-03
+3.106310000E-03,-14.339038868E-03,-39.769157868E-03,-96.309358264E-03
+3.106315000E-03,+222.832848E-06,-41.496544772E-03,-95.276066822E-03
+3.106320000E-03,+16.183887939E-03,-39.533605098E-03,-95.249684908E-03
+3.106325000E-03,+31.471262148E-03,-40.475816150E-03,-94.233981405E-03
+3.106330000E-03,+46.551349918E-03,-40.004710635E-03,-94.088880902E-03
+3.106335000E-03,+61.216864850E-03,-39.847675450E-03,-93.029207548E-03
+3.106340000E-03,+76.711525493E-03,-40.161745790E-03,-93.007222623E-03
+3.106345000E-03,+91.169753972E-03,-40.711368910E-03,-91.622172387E-03
+3.106350000E-03,+106.560771408E-03,-40.711368922E-03,-91.885991479E-03
+3.106355000E-03,+121.278107921E-03,-40.240263389E-03,-90.087624665E-03
+3.106360000E-03,+136.617303745E-03,-40.083228202E-03,-90.777951290E-03
+3.106365000E-03,+152.422894020E-03,-40.318780973E-03,-88.742147291E-03
+3.106370000E-03,+167.036587332E-03,-40.711368911E-03,-89.595162357E-03
+3.106375000E-03,+181.494815823E-03,-39.847675453E-03,-87.176820677E-03
+3.106380000E-03,+197.041298062E-03,-40.789886500E-03,-88.271669909E-03
+3.106385000E-03,+211.344061730E-03,-41.025439257E-03,-85.747800592E-03
+3.106390000E-03,+226.838722367E-03,-40.554333743E-03,-86.781092035E-03
+3.106395000E-03,+240.571448354E-03,-40.554333749E-03,-84.274810658E-03
+3.106400000E-03,+255.599714521E-03,-39.533605112E-03,-85.092649843E-03
+3.106405000E-03,+270.576159094E-03,-41.732097540E-03,-82.771041830E-03
+3.106410000E-03,+287.210895083E-03,-39.141017164E-03,-83.461368453E-03
+3.106415000E-03,+300.477226613E-03,-41.339509596E-03,-81.183730289E-03
+3.106420000E-03,+315.246384751E-03,-39.690640280E-03,-81.693780534E-03
+3.106425000E-03,+329.756434836E-03,-41.260992012E-03,-79.526066989E-03
+3.106430000E-03,+343.748268862E-03,-39.926193056E-03,-80.080087083E-03
+3.106435000E-03,+358.258318964E-03,-40.789886493E-03,-77.736494145E-03
+3.106440000E-03,+371.939223338E-03,-39.298052351E-03,-78.321293131E-03
+3.106445000E-03,+385.205554846E-03,-40.946921671E-03,-75.986494163E-03
+3.106450000E-03,+400.441107448E-03,-38.591394058E-03,-76.426192650E-03
+3.106455000E-03,+415.054800757E-03,-40.789886493E-03,-74.113378606E-03
+3.106460000E-03,+428.891169952E-03,-39.926193031E-03,-74.566268047E-03
+3.106465000E-03,+442.157501484E-03,-40.554333744E-03,-72.235866063E-03
+3.106470000E-03,+456.563908359E-03,-40.004710632E-03,-72.649182640E-03
+3.106475000E-03,+470.555742376E-03,-40.632851325E-03,-70.477072113E-03
+3.106480000E-03,+483.666609071E-03,-40.475816136E-03,-70.586996732E-03
+3.106485000E-03,+497.347513434E-03,-41.260992008E-03,-68.634735449E-03
+3.106490000E-03,+510.717488178E-03,-41.653579957E-03,-68.472047006E-03
+3.106495000E-03,+524.761143794E-03,-41.103956831E-03,-66.770413862E-03
+3.106500000E-03,+538.752977823E-03,-41.810615135E-03,-66.335112356E-03
+3.106505000E-03,+551.241985229E-03,-41.260992019E-03,-64.725815893E-03
+3.106510000E-03,+564.041922275E-03,-40.397298577E-03,-64.145413889E-03
+3.106515000E-03,+576.375464861E-03,-41.967650296E-03,-62.646042046E-03
+3.106520000E-03,+590.626406916E-03,-41.025439253E-03,-61.964509390E-03
+3.106525000E-03,+604.151846474E-03,-41.418027181E-03,-60.548680259E-03
+3.106530000E-03,+617.055426734E-03,-40.240263383E-03,-59.937499360E-03
+3.106535000E-03,+628.870753243E-03,-41.418027190E-03,-58.301820988E-03
+3.106540000E-03,+641.307939044E-03,-40.083228227E-03,-57.681846117E-03
+3.106545000E-03,+654.159697693E-03,-41.732097539E-03,-56.252826035E-03
+3.106550000E-03,+665.094056872E-03,-38.748429232E-03,-55.377826042E-03
+3.106555000E-03,+677.634885890E-03,-40.789886505E-03,-53.944408974E-03
+3.106560000E-03,+689.294747565E-03,-40.083228204E-03,-52.963881343E-03
+3.106565000E-03,+702.250149446E-03,-42.438755830E-03,-51.737122565E-03
+3.106570000E-03,+713.599081488E-03,-40.868404080E-03,-50.620288403E-03
+3.106575000E-03,+725.103478338E-03,-40.946921668E-03,-49.393529627E-03
+3.106580000E-03,+735.260513419E-03,-40.554333738E-03,-48.153579888E-03
+3.106585000E-03,+747.283126339E-03,-41.103956858E-03,-47.124685429E-03
+3.106590000E-03,+759.202096071E-03,-40.240263397E-03,-45.792399009E-03
+3.106595000E-03,+770.395563295E-03,-40.868404079E-03,-44.671167868E-03
+3.106600000E-03,+781.640852118E-03,-41.025439254E-03,-43.457600039E-03
+3.106605000E-03,+792.264281647E-03,-42.046167884E-03,-42.173680457E-03
+3.106610000E-03,+802.939532787E-03,-40.475816153E-03,-41.074434235E-03
+3.106615000E-03,+813.303854285E-03,-41.732097529E-03,-39.649811138E-03
+3.106620000E-03,+822.942673286E-03,-41.418027208E-03,-38.783605112E-03
+3.106625000E-03,+832.581492287E-03,-41.103956849E-03,-36.980841317E-03
+3.106630000E-03,+842.634884125E-03,-41.103956845E-03,-36.391645339E-03
+3.106635000E-03,+853.828351345E-03,-42.281720638E-03,-34.355841346E-03
+3.106640000E-03,+863.259883900E-03,-41.967650308E-03,-33.832600141E-03
+3.106645000E-03,+873.935135041E-03,-43.380966862E-03,-31.858353936E-03
+3.106650000E-03,+883.470310826E-03,-42.909861348E-03,-31.291142881E-03
+3.106655000E-03,+893.368237848E-03,-41.339509620E-03,-29.338881601E-03
+3.106660000E-03,+902.126089511E-03,-39.533605116E-03,-28.723303714E-03
+3.106665000E-03,+911.764908512E-03,-41.260992022E-03,-26.713881629E-03
+3.106670000E-03,+920.419116962E-03,-40.240263382E-03,-26.115891681E-03
+3.106675000E-03,+928.451466131E-03,-41.260992037E-03,-24.194409294E-03
+3.106680000E-03,+936.846566523E-03,-41.182474431E-03,-23.460112816E-03
+3.106685000E-03,+944.567986060E-03,-41.103956838E-03,-21.521042487E-03
+3.106690000E-03,+952.807621650E-03,-40.946921664E-03,-20.821921890E-03
+3.106695000E-03,+961.980046154E-03,-41.339509611E-03,-18.887248544E-03
+3.106700000E-03,+969.753287285E-03,-39.612122706E-03,-18.201318906E-03
+3.106705000E-03,+977.008312333E-03,-41.653579931E-03,-16.271042542E-03
+3.106710000E-03,+984.626088639E-03,-40.397298578E-03,-15.620288782E-03
+3.106715000E-03,+993.643048338E-03,-41.260992022E-03,-13.575690811E-03
+3.106720000E-03,+999.032495531E-03,-40.240263388E-03,-13.109610417E-03
+3.106725000E-03,+1.006753915040E+00,-42.988378913E-03,-10.911117976E-03
+3.106730000E-03,+1.013957118481E+00,-40.632851318E-03,-10.387876778E-03
+3.106735000E-03,+1.019968424938E+00,-42.046167893E-03,-8.418027550E-03
+3.106740000E-03,+1.026031553033E+00,-40.868404086E-03,-7.758479820E-03
+3.106745000E-03,+1.033079291637E+00,-41.653579960E-03,-5.938128079E-03
+3.106750000E-03,+1.038935133294E+00,-41.575062379E-03,-5.019158242E-03
+3.106755000E-03,+1.044739153332E+00,-40.318780991E-03,-3.379082880E-03
+3.106760000E-03,+1.050594994974E+00,-42.281720645E-03,-2.328203497E-03
+3.106765000E-03,+1.056917231085E+00,-41.653579961E-03,-973.932153E-06
+3.106770000E-03,+1.062513964677E+00,-41.182474435E-03,+362.751248E-06
+3.106775000E-03,+1.067177909373E+00,-41.653579975E-03,+1.668655760E-03
+3.106780000E-03,+1.073707431918E+00,+4.043655155E-03,+3.000942174E-03
+3.106785000E-03,+1.077438587657E+00,+2.258833199101E+00,+4.412374322E-03
+3.106790000E-03,+1.082361640355E+00,+2.552646015374E+00,+5.546796418E-03
+3.106795000E-03,+1.085989152894E+00,+2.552646015374E+00,+6.967022535E-03
+3.106800000E-03,+1.091430421662E+00,+2.552646015374E+00,+8.066268755E-03
+3.106805000E-03,+1.095161577413E+00,+2.552646015374E+00,+9.609610447E-03
+3.106810000E-03,+1.099307306015E+00,+2.552646015374E+00,+10.634107923E-03
+3.106815000E-03,+1.102312959249E+00,+2.552646015374E+00,+12.239007402E-03
+3.106820000E-03,+1.105629542121E+00,+2.552646015374E+00,+13.294283775E-03
+3.106825000E-03,+1.109671627504E+00,+2.552646015374E+00,+14.736494811E-03
+3.106830000E-03,+1.111744491806E+00,+2.552646015374E+00,+16.051193293E-03
+3.106835000E-03,+1.114594680222E+00,+2.552646015374E+00,+17.211997298E-03
+3.106840000E-03,+1.117341225429E+00,+2.552646015374E+00,+18.676193265E-03
+3.106845000E-03,+1.120657808289E+00,+2.552646015374E+00,+19.643529936E-03
+3.106850000E-03,+1.122367921353E+00,+2.552646015374E+00,+21.340766101E-03
+3.106855000E-03,+1.123456175098E+00,+2.552646015374E+00,+22.211369104E-03
+3.106860000E-03,+1.125839969051E+00,+2.552724532961E+00,+23.864635419E-03
+3.106865000E-03,+1.127550082097E+00,+2.552724532961E+00,+24.845163047E-03
+3.106870000E-03,+1.128638335851E+00,+2.552724532961E+00,+26.278580119E-03
+3.106875000E-03,+1.130503913723E+00,+2.552724532961E+00,+27.452575081E-03
+3.106880000E-03,+1.131229416232E+00,+2.552724532961E+00,+28.749685617E-03
+3.106885000E-03,+1.132317669985E+00,+2.552724532961E+00,+30.095162991E-03
+3.106890000E-03,+1.133820496614E+00,+2.552724532961E+00,+31.159233331E-03
+3.106895000E-03,+1.134701463919E+00,+2.552724532961E+00,+32.676193113E-03
+3.106900000E-03,+1.134649642328E+00,+2.552724532961E+00,+33.494032302E-03
+3.106905000E-03,+1.134183247860E+00,+2.552724532961E+00,+35.235238312E-03
+3.106910000E-03,+1.134856928755E+00,+2.552724532961E+00,+35.872801121E-03
+3.106915000E-03,+1.134753285538E+00,+2.552724532961E+00,+37.565640298E-03
+3.106920000E-03,+1.134079604639E+00,+2.552724532961E+00,+38.291142803E-03
+3.106925000E-03,+1.134079604645E+00,+2.552724532961E+00,+39.970791026E-03
+3.106930000E-03,+1.133509566962E+00,+2.552724532961E+00,+40.683102576E-03
+3.106935000E-03,+1.132058561951E+00,+2.552724532961E+00,+42.235238238E-03
+3.106940000E-03,+1.131851275524E+00,+2.552724532961E+00,+43.149811092E-03
+3.106945000E-03,+1.130296627316E+00,+2.552724532961E+00,+44.504082436E-03
+3.106950000E-03,+1.129104730334E+00,+2.552724532961E+00,+45.458228152E-03
+3.106955000E-03,+1.126358185140E+00,+2.552724532961E+00,+46.786117588E-03
+3.106960000E-03,+1.125425396208E+00,+2.552724532961E+00,+47.832599984E-03
+3.106965000E-03,+1.124026212807E+00,+2.552724532961E+00,+49.081343696E-03
+3.106970000E-03,+1.122160634918E+00,+2.552724532961E+00,+49.969534634E-03
+3.106975000E-03,+1.119414089740E+00,+2.552724532961E+00,+51.218278346E-03
+3.106980000E-03,+1.117289403832E+00,+2.552724532961E+00,+52.190011997E-03
+3.106985000E-03,+1.114646501831E+00,+2.552724532961E+00,+53.495916512E-03
+3.106990000E-03,+1.111796313443E+00,+2.552724532961E+00,+54.217022026E-03
+3.106995000E-03,+1.106976903953E+00,+2.552724532961E+00,+55.571293375E-03
+3.107000000E-03,+1.104748574814E+00,+2.552724532961E+00,+56.331971754E-03
+3.107005000E-03,+1.101017419066E+00,+2.552724532961E+00,+57.593906416E-03
+3.107010000E-03,+1.095420685470E+00,+2.552724532961E+00,+58.372172738E-03
+3.107015000E-03,+1.092000459380E+00,+2.552724532961E+00,+59.585740565E-03
+3.107020000E-03,+1.088217482029E+00,+2.552724532961E+00,+60.509107389E-03
+3.107025000E-03,+1.083864467007E+00,+2.552724532961E+00,+61.397298335E-03
+3.107030000E-03,+1.079200522312E+00,+2.552724532961E+00,+62.558102342E-03
+3.107035000E-03,+1.073344680696E+00,+2.552724532961E+00,+63.349559619E-03
+3.107040000E-03,+1.069872632969E+00,+2.552724532961E+00,+64.708227947E-03
+3.107045000E-03,+1.064690472231E+00,+2.552724532961E+00,+65.095162618E-03
+3.107050000E-03,+1.058782808984E+00,+2.552724532961E+00,+66.651695263E-03
+3.107055000E-03,+1.053341540201E+00,+2.552724532961E+00,+67.047423901E-03
+3.107060000E-03,+1.047226590524E+00,+2.552724532961E+00,+68.397298259E-03
+3.107065000E-03,+1.040852532798E+00,+2.552724532961E+00,+68.916142474E-03
+3.107070000E-03,+1.034893047932E+00,+2.552724532961E+00,+70.147298241E-03
+3.107075000E-03,+1.027948952529E+00,+2.552724532961E+00,+70.718906274E-03
+3.107080000E-03,+1.021730359636E+00,+2.552724532961E+00,+71.879710283E-03
+3.107085000E-03,+1.015459945120E+00,+2.552724532961E+00,+72.504082136E-03
+3.107090000E-03,+1.008464028115E+00,+2.552724532961E+00,+73.396670067E-03
+3.107095000E-03,+999.757998055E-03,+2.552724532961E+00,+74.245288145E-03
+3.107100000E-03,+993.228475513E-03,+2.552724532961E+00,+75.032348441E-03
+3.107105000E-03,+985.455234392E-03,+2.552724532961E+00,+75.797423806E-03
+3.107110000E-03,+978.303852568E-03,+2.552724532961E+00,+76.562499181E-03
+3.107115000E-03,+970.789719491E-03,+2.552724532961E+00,+77.367147408E-03
+3.107120000E-03,+962.653727108E-03,+2.552724532961E+00,+78.184986598E-03
+3.107125000E-03,+955.139594017E-03,+2.552724532961E+00,+78.862122267E-03
+3.107130000E-03,+947.366352899E-03,+2.552724532961E+00,+79.596418746E-03
+3.107135000E-03,+937.934820340E-03,+2.552724532961E+00,+80.172423762E-03
+3.107140000E-03,+929.954292799E-03,+2.552724532961E+00,+81.100187572E-03
+3.107145000E-03,+922.284694877E-03,+2.552724532961E+00,+81.526695103E-03
+3.107150000E-03,+912.956805528E-03,+2.552724532961E+00,+82.291770474E-03
+3.107155000E-03,+904.198953872E-03,+2.552724532961E+00,+82.863378506E-03
+3.107160000E-03,+893.420059532E-03,+2.552724532961E+00,+83.571293073E-03
+3.107165000E-03,+885.232245518E-03,+2.552724532961E+00,+84.173680001E-03
+3.107170000E-03,+875.386140122E-03,+2.552724532961E+00,+84.718906125E-03
+3.107175000E-03,+865.540034689E-03,+2.552724532961E+00,+85.382850843E-03
+3.107180000E-03,+856.315788546E-03,+2.552724532961E+00,+85.866519179E-03
+3.107185000E-03,+847.247007225E-03,+2.552724532961E+00,+86.596418669E-03
+3.107190000E-03,+836.986328978E-03,+2.552724532961E+00,+86.851443794E-03
+3.107195000E-03,+825.844683372E-03,+2.552724532961E+00,+87.673679963E-03
+3.107200000E-03,+815.791291514E-03,+2.552724532961E+00,+87.946293027E-03
+3.107205000E-03,+804.494181073E-03,+2.552724532961E+00,+88.632222666E-03
+3.107210000E-03,+793.041605801E-03,+2.552724532961E+00,+88.882850806E-03
+3.107215000E-03,+784.335575748E-03,+2.552724532961E+00,+89.524810595E-03
+3.107220000E-03,+773.193930139E-03,+2.552724532961E+00,+89.880966374E-03
+3.107225000E-03,+761.741354901E-03,+2.552724532961E+00,+90.360237724E-03
+3.107230000E-03,+750.288779640E-03,+2.552724532961E+00,+90.786745259E-03
+3.107235000E-03,+738.317988336E-03,+2.552724532961E+00,+91.090137213E-03
+3.107240000E-03,+726.865413062E-03,+2.552724532961E+00,+91.657348264E-03
+3.107245000E-03,+714.946443345E-03,+2.552724532961E+00,+91.784860823E-03
+3.107250000E-03,+705.463089155E-03,+2.552724532961E+00,+92.396041723E-03
+3.107255000E-03,+692.611330518E-03,+2.552724532961E+00,+92.475187449E-03
+3.107260000E-03,+680.225966338E-03,+2.552724532961E+00,+93.033604530E-03
+3.107265000E-03,+667.944245351E-03,+2.552724532961E+00,+93.073177394E-03
+3.107270000E-03,+655.610702784E-03,+2.552724532961E+00,+93.570036687E-03
+3.107275000E-03,+643.899019488E-03,+2.552724532961E+00,+93.644785427E-03
+3.107280000E-03,+630.529044754E-03,+2.552724532961E+00,+94.102071856E-03
+3.107285000E-03,+618.713718241E-03,+2.552724532961E+00,+94.084483915E-03
+3.107290000E-03,+606.535640480E-03,+2.552724532961E+00,+94.532976376E-03
+3.107295000E-03,+593.269308960E-03,+2.552724532961E+00,+94.445036675E-03
+3.107300000E-03,+579.951155847E-03,+2.552724532961E+00,+94.994659787E-03
+3.107305000E-03,+567.513970054E-03,+2.552724532961E+00,+94.858353253E-03
+3.107310000E-03,+554.817676217E-03,+2.552724532961E+00,+95.271669836E-03
+3.107315000E-03,+542.225025592E-03,+2.552724532961E+00,+94.977071846E-03
+3.107320000E-03,+527.974083524E-03,+2.552724532961E+00,+95.548679883E-03
+3.107325000E-03,+513.619498261E-03,+2.552724532961E+00,+95.201318074E-03
+3.107330000E-03,+501.130490859E-03,+2.552724532961E+00,+95.698177367E-03
+3.107335000E-03,+487.915980952E-03,+2.552724532961E+00,+95.359609529E-03
+3.107340000E-03,+474.649649436E-03,+2.552724532961E+00,+95.733353248E-03
+3.107345000E-03,+460.035956128E-03,+2.552724532961E+00,+95.517900984E-03
+3.107350000E-03,+446.147765330E-03,+2.552724532961E+00,+95.742147218E-03
+3.107355000E-03,+432.466860964E-03,+2.552724532961E+00,+95.456343197E-03
+3.107360000E-03,+418.423205311E-03,+2.552724532961E+00,+95.689383399E-03
+3.107365000E-03,+404.379549680E-03,+2.552724532961E+00,+95.425564303E-03
+3.107370000E-03,+389.921321188E-03,+2.552724532961E+00,+95.504710034E-03
+3.107375000E-03,+375.307627900E-03,+2.552724532961E+00,+95.320036665E-03
+3.107380000E-03,+360.693934595E-03,+2.552724532961E+00,+95.394785412E-03
+3.107385000E-03,+345.924776450E-03,+2.552724532961E+00,+95.082599483E-03
+3.107390000E-03,+331.518369579E-03,+2.552724532961E+00,+95.179333153E-03
+3.107395000E-03,+316.075530552E-03,+2.552724532961E+00,+94.788001496E-03
+3.107400000E-03,+303.275593473E-03,+2.552724532961E+00,+94.911117077E-03
+3.107405000E-03,+288.454613742E-03,+2.552724532961E+00,+94.423051752E-03
+3.107410000E-03,+273.840920446E-03,+2.552724532961E+00,+94.563755270E-03
+3.107415000E-03,+259.330870338E-03,+2.552724532961E+00,+93.992147235E-03
+3.107420000E-03,+244.354425783E-03,+2.552724532961E+00,+94.062498993E-03
+3.107425000E-03,+229.585267644E-03,+2.552724532961E+00,+93.552448749E-03
+3.107430000E-03,+214.194250214E-03,+2.552724532961E+00,+93.495287944E-03
+3.107435000E-03,+200.254237810E-03,+2.552724532961E+00,+93.038001518E-03
+3.107440000E-03,+185.225971632E-03,+2.552724532961E+00,+92.972046742E-03
+3.107445000E-03,+169.834954236E-03,+2.552724532961E+00,+92.470790470E-03
+3.107450000E-03,+153.718434295E-03,+2.552724532961E+00,+92.325689965E-03
+3.107455000E-03,+138.897454549E-03,+2.552724532961E+00,+91.723303042E-03
+3.107460000E-03,+121.848145706E-03,+2.552724532961E+00,+91.582599522E-03
+3.107465000E-03,+108.167241307E-03,+2.552724532961E+00,+90.949433701E-03
+3.107470000E-03,+93.242618348E-03,+2.552724532961E+00,+90.901066865E-03
+3.107475000E-03,+78.784389857E-03,+2.552724532961E+00,+90.026066879E-03
+3.107480000E-03,+62.564226723E-03,+2.552724532961E+00,+90.197549286E-03
+3.107485000E-03,+47.432317348E-03,+2.552724532961E+00,+89.093906083E-03
+3.107490000E-03,+32.559515985E-03,+2.552724532961E+00,+89.322549295E-03
+3.107495000E-03,+17.531249820E-03,+2.552724532961E+00,+88.056217652E-03
+3.107500000E-03,+3.332129368E-03,+2.552724532961E+00,+88.412373426E-03
+3.107505000E-03,-10.970634309E-03,+2.552724532961E+00,+87.062499070E-03
+3.107510000E-03,-26.154365280E-03,+2.552724532961E+00,+87.286745297E-03
+3.107515000E-03,-39.524340020E-03,+2.552724532961E+00,+85.989634761E-03
+3.107520000E-03,-55.381751919E-03,+2.552724532961E+00,+86.222674955E-03
+3.107525000E-03,-69.269942734E-03,+2.552724532961E+00,+84.916770452E-03
+3.107530000E-03,-84.764603362E-03,+2.552724532961E+00,+84.885991555E-03
+3.107535000E-03,-100.725658463E-03,+2.552724532961E+00,+83.795539307E-03
+3.107540000E-03,-115.909389446E-03,+2.552724532961E+00,+83.615262924E-03
+3.107545000E-03,-131.870444554E-03,+2.552724532961E+00,+82.590765449E-03
+3.107550000E-03,-146.846889108E-03,+2.552724532961E+00,+82.313755402E-03
+3.107555000E-03,-162.341549746E-03,+2.552724532961E+00,+81.359609683E-03
+3.107560000E-03,-177.317994325E-03,+2.552724532961E+00,+81.007850895E-03
+3.107565000E-03,-192.035330862E-03,+2.552724532961E+00,+79.987750399E-03
+3.107570000E-03,-206.441737717E-03,+2.552724532961E+00,+79.640388599E-03
+3.107575000E-03,-221.159074268E-03,+2.552724532961E+00,+78.488378556E-03
+3.107580000E-03,-237.275594186E-03,+2.552724532961E+00,+78.184986605E-03
+3.107585000E-03,-253.029362853E-03,+2.552724532961E+00,+77.046167517E-03
+3.107590000E-03,-267.228483312E-03,+2.552724532961E+00,+76.755966520E-03
+3.107595000E-03,-282.153106268E-03,+2.552724532961E+00,+75.410489142E-03
+3.107600000E-03,-297.906874946E-03,+2.552724532961E+00,+75.190639903E-03
+3.107605000E-03,-312.986962709E-03,+2.552724532961E+00,+73.717649967E-03
+3.107610000E-03,-327.963407265E-03,+2.552724532961E+00,+73.594534391E-03
+3.107615000E-03,-343.406246315E-03,+2.552724532961E+00,+72.055589682E-03
+3.107620000E-03,-356.879864262E-03,+2.552724532961E+00,+71.853328381E-03
+3.107625000E-03,-372.219060065E-03,+2.552724532961E+00,+70.323177642E-03
+3.107630000E-03,-386.107250906E-03,+2.552724532961E+00,+70.094534429E-03
+3.107635000E-03,-400.410014544E-03,+2.552724532961E+00,+68.502825901E-03
+3.107640000E-03,-415.749210341E-03,+2.552724532961E+00,+68.260991736E-03
+3.107645000E-03,-430.259260447E-03,+2.552724532961E+00,+66.717650043E-03
+3.107650000E-03,-444.872953748E-03,+2.552724532961E+00,+66.563755571E-03
+3.107655000E-03,-459.383003859E-03,+2.552724532961E+00,+64.822549558E-03
+3.107660000E-03,-472.286584144E-03,+2.552724532961E+00,+64.615891272E-03
+3.107665000E-03,-487.418493520E-03,+2.552724532961E+00,+62.936243049E-03
+3.107670000E-03,-502.446759680E-03,+2.552724532961E+00,+62.628454108E-03
+3.107675000E-03,-515.609447980E-03,+2.552724532961E+00,+60.953202867E-03
+3.107680000E-03,-528.461206639E-03,+2.552724532961E+00,+60.649810913E-03
+3.107685000E-03,-541.623894970E-03,+2.552724532961E+00,+59.005338567E-03
+3.107690000E-03,-555.978480216E-03,+2.552724532961E+00,+58.548052141E-03
+3.107695000E-03,-568.571130839E-03,+2.552724532961E+00,+57.048680297E-03
+3.107700000E-03,-582.148391996E-03,+2.552724532961E+00,+56.397926534E-03
+3.107705000E-03,-595.932939590E-03,+2.552724532961E+00,+55.017273285E-03
+3.107710000E-03,-608.888341435E-03,+2.552724532961E+00,+54.287373792E-03
+3.107715000E-03,-622.206494567E-03,+2.552724532961E+00,+52.994660242E-03
+3.107720000E-03,-634.177285928E-03,+2.552724532961E+00,+52.053705476E-03
+3.107725000E-03,-647.184509393E-03,+2.552724532961E+00,+50.914886397E-03
+3.107730000E-03,-659.777160010E-03,+2.552724532961E+00,+49.754082384E-03
+3.107735000E-03,-672.214345813E-03,+2.552724532961E+00,+48.747172849E-03
+3.107740000E-03,-683.615099453E-03,+2.552724532961E+00,+47.524811052E-03
+3.107745000E-03,-696.415036489E-03,+2.552724532961E+00,+46.469534686E-03
+3.107750000E-03,-708.904043897E-03,+2.552724532961E+00,+45.247172885E-03
+3.107755000E-03,-720.823013629E-03,+2.552724532961E+00,+44.209484457E-03
+3.107760000E-03,-733.571129083E-03,+2.552724532961E+00,+42.956343764E-03
+3.107765000E-03,-744.764596297E-03,+2.552724532961E+00,+41.852700565E-03
+3.107770000E-03,-756.061706737E-03,+2.552724532961E+00,+40.652323687E-03
+3.107775000E-03,-767.462460382E-03,+2.552724532961E+00,+39.399183003E-03
+3.107780000E-03,-778.189533105E-03,+2.552724532961E+00,+38.343906627E-03
+3.107785000E-03,-791.248578205E-03,+2.552724532961E+00,+37.002826245E-03
+3.107790000E-03,-802.027472539E-03,+2.552724532961E+00,+35.987122732E-03
+3.107795000E-03,-814.101907115E-03,+2.552724532961E+00,+34.522926774E-03
+3.107800000E-03,-823.948012527E-03,+2.552724532961E+00,+33.599559942E-03
+3.107805000E-03,-835.245122959E-03,+2.552724532961E+00,+32.065012229E-03
+3.107810000E-03,-845.505801252E-03,+2.552724532961E+00,+31.146042380E-03
+3.107815000E-03,-855.870122750E-03,+2.552724532961E+00,+29.558730848E-03
+3.107820000E-03,-865.353476934E-03,+2.552724532961E+00,+28.586997184E-03
+3.107825000E-03,-875.147760737E-03,+2.552724532961E+00,+27.070037407E-03
+3.107830000E-03,-886.496692762E-03,+2.552724532961E+00,+26.181846455E-03
+3.107835000E-03,-896.601906225E-03,+2.552724532961E+00,+24.475816330E-03
+3.107840000E-03,-907.795373434E-03,+2.552724532961E+00,+23.644786180E-03
+3.107845000E-03,-917.226906001E-03,+2.552724532961E+00,+21.965137963E-03
+3.107850000E-03,-926.554795369E-03,+2.552724532961E+00,+21.169283695E-03
+3.107855000E-03,-935.882684710E-03,+2.552724532961E+00,+19.304962116E-03
+3.107860000E-03,-944.847822812E-03,+2.552724532961E+00,+18.680590256E-03
+3.107865000E-03,-955.108501075E-03,+2.552724532961E+00,+16.772298823E-03
+3.107870000E-03,-964.125460780E-03,+2.552724532961E+00,+16.090766162E-03
+3.107875000E-03,-972.054166744E-03,+2.552724532961E+00,+14.138504884E-03
+3.107880000E-03,-980.812018386E-03,+2.552724532961E+00,+13.487751115E-03
+3.107885000E-03,-988.481616305E-03,+2.552724532961E+00,+11.548680790E-03
+3.107890000E-03,-997.446754402E-03,+2.552724532961E+00,+10.862751143E-03
+3.107895000E-03,-1.004909065882E+00,+2.552724532961E+00,+9.007223532E-03
+3.107900000E-03,-1.012475020581E+00,+2.552724532961E+00,+8.101444639E-03
+3.107905000E-03,-1.020559191340E+00,+2.552724532961E+00,+6.571293909E-03
+3.107910000E-03,-1.028176967646E+00,+2.552724532961E+00,+5.450062756E-03
+3.107915000E-03,-1.035328349480E+00,+2.552724532961E+00,+4.012248710E-03
+3.107920000E-03,-1.042790660973E+00,+2.552724532961E+00,+2.719535151E-03
+3.107925000E-03,-1.050926653320E+00,+2.552724532961E+00,+1.646670842E-03
+3.107930000E-03,-1.056160635702E+00,+2.552724532961E+00,+32.977392E-06
+3.107935000E-03,-1.064141163239E+00,+2.552724532961E+00,-881.595463E-06
+3.107940000E-03,-1.070256112919E+00,+2.552724532961E+00,-2.631595444E-03
+3.107945000E-03,-1.076681992253E+00,+2.552724532961E+00,-3.449434631E-03
+3.107950000E-03,-1.083418801217E+00,+2.552724532961E+00,-5.309359234E-03
+3.107955000E-03,-1.089015534812E+00,+2.552724532961E+00,-6.149183344E-03
+3.107960000E-03,-1.094767733264E+00,+2.552724532961E+00,-7.837625538E-03
+3.107965000E-03,-1.099690785970E+00,+2.552724532961E+00,-8.800565226E-03
+3.107970000E-03,-1.105598449238E+00,+2.552724532961E+00,-10.493404404E-03
+3.107975000E-03,-1.110262393900E+00,+2.552724532961E+00,-11.513504896E-03
+3.107980000E-03,-1.117051024488E+00,+2.552724532961E+00,-13.105213423E-03
+3.107985000E-03,-1.121507682747E+00,+2.060026682148E+00,-14.085741050E-03
+3.107990000E-03,-1.126223449004E+00,-56.728953249E-03,-15.695037519E-03
+3.107995000E-03,-1.129954604755E+00,-176.311241747E-03,-16.649183230E-03
+3.108000000E-03,-1.133944868527E+00,-89.784862010E-03,-18.517901809E-03
+3.108005000E-03,-1.137468737855E+00,+206.697548235E-03,-19.195037471E-03
+3.108010000E-03,-1.142080860921E+00,-66.936242276E-03,-21.037374145E-03
+3.108015000E-03,-1.145449265391E+00,-70.940639941E-03,-21.802449504E-03
+3.108020000E-03,-1.149439529172E+00,-101.248428587E-03,-23.662374118E-03
+3.108025000E-03,-1.152030609558E+00,-21.396042754E-03,-24.489007263E-03
+3.108030000E-03,-1.155969051715E+00,-49.269785735E-03,-26.221419316E-03
+3.108035000E-03,-1.157316413528E+00,-47.699434206E-03,-27.179962009E-03
+3.108040000E-03,-1.160943926026E+00,-60.183730438E-03,-28.586997180E-03
+3.108045000E-03,-1.164053222495E+00,-51.546796013E-03,-29.879710724E-03
+3.108050000E-03,-1.165918800355E+00,-49.740891383E-03,-31.044911728E-03
+3.108055000E-03,-1.167991664673E+00,-51.703831135E-03,-32.517901652E-03
+3.108060000E-03,-1.169909064129E+00,-50.526067296E-03,-33.476444365E-03
+3.108065000E-03,-1.171049139508E+00,-49.740891446E-03,-35.112122730E-03
+3.108070000E-03,-1.173277468621E+00,-47.777951754E-03,-35.907977003E-03
+3.108075000E-03,-1.174780295252E+00,-48.327574864E-03,-37.701946819E-03
+3.108080000E-03,-1.175713084179E+00,-48.170539692E-03,-38.418655368E-03
+3.108085000E-03,-1.175816727399E+00,-47.620916557E-03,-40.129082473E-03
+3.108090000E-03,-1.177267732408E+00,-46.992775895E-03,-40.854584991E-03
+3.108095000E-03,-1.178148699728E+00,-47.306846220E-03,-42.630966868E-03
+3.108100000E-03,-1.176749516340E+00,-48.170539709E-03,-43.330087477E-03
+3.108105000E-03,-1.177578662059E+00,-48.013504523E-03,-45.031720611E-03
+3.108110000E-03,-1.178615094187E+00,-48.013504520E-03,-45.695665341E-03
+3.108115000E-03,-1.177060445978E+00,-48.406092444E-03,-47.318152750E-03
+3.108120000E-03,-1.176179478648E+00,-45.029836206E-03,-48.078831142E-03
+3.108125000E-03,-1.175816727395E+00,-46.521670370E-03,-49.749685387E-03
+3.108130000E-03,-1.174521187219E+00,-44.872801029E-03,-50.453202978E-03
+3.108135000E-03,-1.173743863107E+00,-47.463881378E-03,-52.163630083E-03
+3.108140000E-03,-1.171981928451E+00,-47.463881373E-03,-52.902323550E-03
+3.108145000E-03,-1.172241036493E+00,-48.249057296E-03,-54.436871264E-03
+3.108150000E-03,-1.169701777714E+00,-46.992775881E-03,-55.127197903E-03
+3.108155000E-03,-1.167110697377E+00,-47.463881387E-03,-56.635363705E-03
+3.108160000E-03,-1.165815157157E+00,-46.050564831E-03,-57.453202903E-03
+3.108165000E-03,-1.163586828034E+00,-46.443152764E-03,-58.803077249E-03
+3.108170000E-03,-1.161358498926E+00,-46.129082413E-03,-59.700062174E-03
+3.108175000E-03,-1.158249202482E+00,-46.600187922E-03,-60.904836023E-03
+3.108180000E-03,-1.156176338176E+00,-45.893529650E-03,-61.955715414E-03
+3.108185000E-03,-1.153377971365E+00,-47.620916578E-03,-62.980212884E-03
+3.108190000E-03,-1.149284064379E+00,-45.815012089E-03,-64.132222929E-03
+3.108195000E-03,-1.146692984000E+00,-46.286117602E-03,-65.108353567E-03
+3.108200000E-03,-1.143013649881E+00,-44.244660335E-03,-66.229584713E-03
+3.108205000E-03,-1.140318926302E+00,-45.500941707E-03,-67.192524402E-03
+3.108210000E-03,-1.136743235390E+00,-45.736494473E-03,-68.098303289E-03
+3.108215000E-03,-1.132493863554E+00,-45.815012060E-03,-69.272298247E-03
+3.108220000E-03,-1.127726275692E+00,-44.323177934E-03,-70.090137438E-03
+3.108225000E-03,-1.122906866182E+00,-44.715765828E-03,-71.242147474E-03
+3.108230000E-03,-1.118242921505E+00,-43.773554825E-03,-71.928077119E-03
+3.108235000E-03,-1.113319868789E+00,-43.930589989E-03,-73.229584636E-03
+3.108240000E-03,-1.108241351249E+00,-43.380966884E-03,-73.884735391E-03
+3.108245000E-03,-1.103318298540E+00,-44.715765850E-03,-75.168654965E-03
+3.108250000E-03,-1.098498889031E+00,-44.480213077E-03,-75.775438888E-03
+3.108255000E-03,-1.092383939368E+00,-45.500941714E-03,-76.909860977E-03
+3.108260000E-03,-1.086424454503E+00,-44.794283435E-03,-77.644157461E-03
+3.108265000E-03,-1.080205861624E+00,-45.422424127E-03,-78.712624774E-03
+3.108270000E-03,-1.074868236039E+00,-42.988378971E-03,-79.446921260E-03
+3.108275000E-03,-1.067820497416E+00,-44.715765816E-03,-80.370288075E-03
+3.108280000E-03,-1.062275585416E+00,-42.360238274E-03,-81.148554409E-03
+3.108285000E-03,-1.055435133243E+00,-43.616519628E-03,-82.071921224E-03
+3.108290000E-03,-1.048283751425E+00,-42.909861332E-03,-82.753453890E-03
+3.108295000E-03,-1.041080547960E+00,-43.852072375E-03,-83.751569446E-03
+3.108300000E-03,-1.033773701300E+00,-43.380966877E-03,-84.323177489E-03
+3.108305000E-03,-1.026207746618E+00,-43.538002049E-03,-85.426820683E-03
+3.108310000E-03,-1.017709003001E+00,-42.595791001E-03,-85.752197578E-03
+3.108315000E-03,-1.009676653842E+00,-43.459484432E-03,-86.956971420E-03
+3.108320000E-03,-1.001281553435E+00,-42.360238207E-03,-87.317524193E-03
+3.108325000E-03,-993.352847485E-03,-44.401695492E-03,-88.487122157E-03
+3.108330000E-03,-985.165033509E-03,-42.281720683E-03,-88.746544279E-03
+3.108335000E-03,-975.578036106E-03,-42.595791006E-03,-89.797423651E-03
+3.108340000E-03,-967.442043734E-03,-42.517273424E-03,-90.092021652E-03
+3.108345000E-03,-959.461516186E-03,-42.595791014E-03,-91.120916097E-03
+3.108350000E-03,-948.889908256E-03,-42.752826158E-03,-91.494659827E-03
+3.108355000E-03,-939.458375700E-03,-42.595791009E-03,-92.250941215E-03
+3.108360000E-03,-930.700524034E-03,-41.732097566E-03,-92.747800519E-03
+3.108365000E-03,-920.543488983E-03,-42.360238250E-03,-93.429333161E-03
+3.108370000E-03,-909.557308212E-03,-41.732097538E-03,-93.956971357E-03
+3.108375000E-03,-899.400273115E-03,-42.360238240E-03,-94.568152246E-03
+3.108380000E-03,-888.414092340E-03,-41.339509592E-03,-95.130966318E-03
+3.108385000E-03,-878.257057298E-03,-41.575062359E-03,-95.750941179E-03
+3.108390000E-03,-869.291919174E-03,-40.868404123E-03,-96.098302992E-03
+3.108395000E-03,-859.134884104E-03,-42.046167891E-03,-96.836996446E-03
+3.108400000E-03,-849.444243504E-03,-40.554333775E-03,-97.061242678E-03
+3.108405000E-03,-837.991668269E-03,-41.889132707E-03,-97.874684877E-03
+3.108410000E-03,-826.746379431E-03,-41.418027213E-03,-97.857096944E-03
+3.108415000E-03,-816.278414733E-03,-42.124685448E-03,-98.811242654E-03
+3.108420000E-03,-805.810450007E-03,-39.926193071E-03,-98.850815526E-03
+3.108425000E-03,-793.425085823E-03,-41.653579943E-03,-99.558730082E-03
+3.108430000E-03,-781.920688972E-03,-41.496544792E-03,-99.752197425E-03
+3.108435000E-03,-770.105362467E-03,-41.889132704E-03,-100.240262738E-03
+3.108440000E-03,-758.808252047E-03,-41.810615091E-03,-100.622800432E-03
+3.108445000E-03,-746.681995862E-03,-42.046167920E-03,-100.838252683E-03
+3.108450000E-03,-734.037523641E-03,-41.967650330E-03,-101.405463741E-03
+3.108455000E-03,-723.465915714E-03,-41.339509607E-03,-101.440639612E-03
+3.108460000E-03,-710.925086706E-03,-40.554333750E-03,-102.078202425E-03
+3.108465000E-03,-698.176971254E-03,-40.789886487E-03,-101.999056691E-03
+3.108470000E-03,-685.480677412E-03,-40.632851316E-03,-102.619031565E-03
+3.108475000E-03,-673.406242906E-03,-41.575062340E-03,-102.623428542E-03
+3.108480000E-03,-660.502662651E-03,-39.926193055E-03,-103.049936082E-03
+3.108485000E-03,-648.376406489E-03,-39.769157863E-03,-103.071921000E-03
+3.108490000E-03,-634.591858875E-03,-40.083228180E-03,-103.287373271E-03
+3.108495000E-03,-621.066419336E-03,-40.868404072E-03,-103.494031550E-03
+3.108500000E-03,-607.126406914E-03,-40.554333742E-03,-103.617147139E-03
+3.108505000E-03,-595.103793979E-03,-40.868404093E-03,-103.797423504E-03
+3.108510000E-03,-580.904673537E-03,-40.161745782E-03,-103.916142108E-03
+3.108515000E-03,-568.674774158E-03,-40.318780943E-03,-104.012875763E-03
+3.108520000E-03,-554.164724087E-03,-41.339509618E-03,-104.109609446E-03
+3.108525000E-03,-541.779359887E-03,-41.418027155E-03,-104.140388321E-03
+3.108530000E-03,-528.461206753E-03,-40.240263377E-03,-104.228328037E-03
+3.108535000E-03,-514.365729528E-03,-39.769157868E-03,-104.162373248E-03
+3.108540000E-03,-499.648393009E-03,-40.083228227E-03,-104.391016477E-03
+3.108545000E-03,-485.760202202E-03,-39.690640278E-03,-104.140388325E-03
+3.108550000E-03,-471.146508907E-03,-40.946921677E-03,-104.360237581E-03
+3.108555000E-03,-457.102853264E-03,-40.711368940E-03,-104.201946114E-03
+3.108560000E-03,-443.007376027E-03,-40.554333728E-03,-104.254709941E-03
+3.108565000E-03,-427.875466648E-03,-40.789886517E-03,-104.228328026E-03
+3.108570000E-03,-412.743557273E-03,-38.983981986E-03,-103.960111956E-03
+3.108575000E-03,-398.596258434E-03,-40.946921664E-03,-104.228328028E-03
+3.108580000E-03,-384.448959594E-03,-40.632851313E-03,-103.669910951E-03
+3.108585000E-03,-369.835266256E-03,-41.418027205E-03,-104.065639590E-03
+3.108590000E-03,-354.962464899E-03,-40.004710659E-03,-103.265388344E-03
+3.108595000E-03,-339.675090711E-03,-41.810615127E-03,-103.902951149E-03
+3.108600000E-03,-324.854110967E-03,-38.748429239E-03,-102.856468754E-03
+3.108605000E-03,-310.395882480E-03,-40.789886479E-03,-103.551192357E-03
+3.108610000E-03,-295.004865061E-03,-38.591394040E-03,-102.509106947E-03
+3.108615000E-03,-281.013031022E-03,-40.161745804E-03,-103.137875778E-03
+3.108620000E-03,-264.896511125E-03,-40.711368916E-03,-102.152951172E-03
+3.108625000E-03,-251.163785111E-03,-40.397298579E-03,-102.500312971E-03
+3.108630000E-03,-236.342805348E-03,-41.810615122E-03,-101.744031577E-03
+3.108635000E-03,-219.863534211E-03,-40.554333720E-03,-101.871544136E-03
+3.108640000E-03,-205.249840877E-03,-39.533605115E-03,-101.282348165E-03
+3.108645000E-03,-189.910645103E-03,-40.083228203E-03,-101.150438615E-03
+3.108650000E-03,-175.556059814E-03,-39.455087487E-03,-100.609609478E-03
+3.108655000E-03,-161.408760943E-03,-40.789886498E-03,-100.367775310E-03
+3.108660000E-03,-145.758635481E-03,-39.926193051E-03,-99.923679833E-03
+3.108665000E-03,-130.315796481E-03,-40.632851277E-03,-99.629081849E-03
+3.108670000E-03,-115.080243863E-03,-41.260992020E-03,-99.176192406E-03
+3.108675000E-03,-98.497329479E-03,-41.182474439E-03,-98.776066783E-03
+3.108680000E-03,-85.023711531E-03,-41.103956841E-03,-98.288001462E-03
+3.108685000E-03,-70.150910162E-03,-41.967650249E-03,-97.896669809E-03
+3.108690000E-03,-55.381752040E-03,-40.161745790E-03,-97.421795441E-03
+3.108695000E-03,-40.871701941E-03,-40.632851293E-03,-96.955715044E-03
+3.108700000E-03,-25.532506140E-03,-39.769157866E-03,-96.529207512E-03
+3.108705000E-03,-10.659704803E-03,-40.240263427E-03,-95.772926112E-03
+3.108710000E-03,+4.834955881E-03,-39.690640315E-03,-95.443152251E-03
+3.108715000E-03,+19.707757194E-03,-41.025439262E-03,-94.695664816E-03
+3.108720000E-03,+34.943309808E-03,-39.455087537E-03,-94.436242712E-03
+3.108725000E-03,+50.800721663E-03,-41.496544762E-03,-93.495287944E-03
+3.108730000E-03,+65.777166232E-03,-38.826946848E-03,-93.218277902E-03
+3.108735000E-03,+80.649967620E-03,-40.946921624E-03,-92.259735196E-03
+3.108740000E-03,+95.678233791E-03,-41.967650276E-03,-92.048679923E-03
+3.108745000E-03,+110.965608001E-03,-41.653579967E-03,-91.041770383E-03
+3.108750000E-03,+126.201160568E-03,-40.161745807E-03,-90.716393508E-03
+3.108755000E-03,+141.125783561E-03,-41.418027172E-03,-89.735865875E-03
+3.108760000E-03,+156.620444186E-03,-40.711368922E-03,-89.397298041E-03
+3.108765000E-03,+172.477856086E-03,-41.103956838E-03,-88.381594534E-03
+3.108770000E-03,+187.039727770E-03,-40.946921641E-03,-87.928705094E-03
+3.108775000E-03,+202.327101967E-03,-40.318781018E-03,-87.115262890E-03
+3.108780000E-03,+217.614476188E-03,-39.533605121E-03,-86.442524206E-03
+3.108785000E-03,+232.746385559E-03,-40.397298548E-03,-85.717021695E-03
+3.108790000E-03,+246.220003523E-03,-40.711368905E-03,-84.894785530E-03
+3.108795000E-03,+261.662842573E-03,-40.318781001E-03,-84.182473974E-03
+3.108800000E-03,+276.535643900E-03,-40.632851298E-03,-83.298680020E-03
+3.108805000E-03,+291.874839725E-03,-39.062499579E-03,-82.529207658E-03
+3.108810000E-03,+306.540354643E-03,-40.711368882E-03,-81.566267980E-03
+3.108815000E-03,+320.998583133E-03,-40.161745735E-03,-80.845162453E-03
+3.108820000E-03,+335.145881965E-03,-40.554333768E-03,-79.895413726E-03
+3.108825000E-03,+348.930429581E-03,-40.083228205E-03,-79.095162472E-03
+3.108830000E-03,+364.062338936E-03,-40.083228211E-03,-78.119031833E-03
+3.108835000E-03,+377.328670471E-03,-41.025439253E-03,-77.349559480E-03
+3.108840000E-03,+391.424147711E-03,-40.711368893E-03,-76.307474060E-03
+3.108845000E-03,+407.229737992E-03,-41.575062366E-03,-75.524810756E-03
+3.108850000E-03,+421.066107166E-03,-40.083228205E-03,-74.399182624E-03
+3.108855000E-03,+435.161584409E-03,-42.046167868E-03,-73.682474090E-03
+3.108860000E-03,+448.842488799E-03,-39.769157883E-03,-72.455715311E-03
+3.108865000E-03,+463.456182092E-03,-41.967650301E-03,-71.796167577E-03
+3.108870000E-03,+476.256119152E-03,-40.004710615E-03,-70.551820860E-03
+3.108875000E-03,+490.351596411E-03,-41.810615139E-03,-69.918655035E-03
+3.108880000E-03,+503.514284691E-03,-40.083228220E-03,-68.665514346E-03
+3.108885000E-03,+517.920691564E-03,-41.575062360E-03,-67.874057067E-03
+3.108890000E-03,+531.964347197E-03,-41.260992000E-03,-66.739634966E-03
+3.108895000E-03,+544.816105853E-03,-41.575062398E-03,-65.710740509E-03
+3.108900000E-03,+557.408756485E-03,-40.475816176E-03,-64.673052077E-03
+3.108905000E-03,+571.037839261E-03,-40.475816167E-03,-63.494660133E-03
+3.108910000E-03,+584.045062721E-03,-40.632851335E-03,-62.641645062E-03
+3.108915000E-03,+596.326783683E-03,-40.397298571E-03,-61.344534528E-03
+3.108920000E-03,+610.007688078E-03,-40.004710647E-03,-60.491519455E-03
+3.108925000E-03,+622.859446719E-03,-41.103956870E-03,-59.194408927E-03
+3.108930000E-03,+634.882059654E-03,-42.046167880E-03,-58.354584803E-03
+3.108935000E-03,+647.060137444E-03,-42.281720647E-03,-56.960740606E-03
+3.108940000E-03,+658.875463935E-03,-40.711368911E-03,-56.094534577E-03
+3.108945000E-03,+671.157184920E-03,-41.732097507E-03,-54.815011985E-03
+3.108950000E-03,+682.972511423E-03,-40.946921696E-03,-53.786117518E-03
+3.108955000E-03,+694.736016332E-03,-41.418027180E-03,-52.480213017E-03
+3.108960000E-03,+706.447699616E-03,-39.926193052E-03,-51.424936637E-03
+3.108965000E-03,+717.952096454E-03,-42.046167906E-03,-50.132223090E-03
+3.108970000E-03,+729.922887798E-03,-40.789886516E-03,-49.147298473E-03
+3.108975000E-03,+740.131744508E-03,-40.475816158E-03,-47.740263317E-03
+3.108980000E-03,+751.221568494E-03,-40.083228220E-03,-46.825690459E-03
+3.108985000E-03,+763.866040709E-03,-40.946921690E-03,-45.317524650E-03
+3.108990000E-03,+775.214972732E-03,-41.732097552E-03,-44.429333702E-03
+3.108995000E-03,+784.646505322E-03,-41.575062366E-03,-42.815640256E-03
+3.109000000E-03,+795.632686089E-03,-39.926193058E-03,-42.112122670E-03
+3.109005000E-03,+806.048829203E-03,-40.946921684E-03,-40.274182996E-03
+3.109010000E-03,+816.931366759E-03,-40.946921666E-03,-39.649811136E-03
+3.109015000E-03,+826.466542568E-03,-41.575062326E-03,-37.842650357E-03
+3.109020000E-03,+836.312647984E-03,-38.041770998E-03,-37.099559909E-03
+3.109025000E-03,+846.625147868E-03,-41.339509607E-03,-35.323178026E-03
+3.109030000E-03,+856.626718101E-03,-39.769157881E-03,-34.562499634E-03
+3.109035000E-03,+866.783753174E-03,-41.418027222E-03,-32.918027300E-03
+3.109040000E-03,+877.044431464E-03,-40.711368886E-03,-31.972675543E-03
+3.109045000E-03,+886.631428854E-03,-41.967650280E-03,-30.446921796E-03
+3.109050000E-03,+895.596566941E-03,-42.674308539E-03,-29.343278586E-03
+3.109055000E-03,+905.339029132E-03,-41.732097567E-03,-27.931846443E-03
+3.109060000E-03,+914.148702394E-03,-42.517273429E-03,-26.779836405E-03
+3.109065000E-03,+922.181051597E-03,-41.575062372E-03,-25.276067574E-03
+3.109070000E-03,+930.990724892E-03,-41.182474412E-03,-24.194409293E-03
+3.109075000E-03,+939.437646902E-03,-41.025439296E-03,-22.629082681E-03
+3.109080000E-03,+947.780925709E-03,-41.496544729E-03,-21.534233443E-03
+3.109085000E-03,+955.346880347E-03,-43.459484459E-03,-20.012876680E-03
+3.109090000E-03,+961.876402947E-03,-40.946921687E-03,-18.983982210E-03
+3.109095000E-03,+970.634254608E-03,-40.475816100E-03,-17.317524952E-03
+3.109100000E-03,+978.822068553E-03,-41.653579965E-03,-16.341394300E-03
+3.109105000E-03,+986.647131302E-03,-41.418027238E-03,-14.815640558E-03
+3.109110000E-03,+992.865724217E-03,-41.653579981E-03,-13.672424480E-03
+3.109115000E-03,+1.000846251757E+00,-41.182474439E-03,-12.256595362E-03
+3.109120000E-03,+1.007168487880E+00,-40.868404097E-03,-10.928705914E-03
+3.109125000E-03,+1.013801653636E+00,-42.831343741E-03,-9.763504932E-03
+3.109130000E-03,+1.020693927420E+00,-41.810615139E-03,-8.233354186E-03
+3.109135000E-03,+1.027016163559E+00,-42.595790992E-03,-7.191268779E-03
+3.109140000E-03,+1.033131113232E+00,-40.632851324E-03,-5.617148185E-03
+3.109145000E-03,+1.038883311680E+00,-42.360238227E-03,-4.570665789E-03
+3.109150000E-03,+1.044790974906E+00,-40.318780969E-03,-3.000942185E-03
+3.109155000E-03,+1.050232243713E+00,-42.752826207E-03,-2.002826621E-03
+3.109160000E-03,+1.055880798914E+00,-41.732097509E-03,-490.263818E-06
+3.109165000E-03,+1.061373889297E+00,-42.909861328E-03,+683.731138E-06
+3.109170000E-03,+1.067903411836E+00,-39.533605129E-03,+2.077575348E-03
+3.109175000E-03,+1.073137394221E+00,+353.132838243E-03,+3.335113023E-03
+3.109180000E-03,+1.076609441929E+00,+2.531446263656E+00,+4.698178335E-03
+3.109185000E-03,+1.081791602652E+00,+2.552646015374E+00,+5.955716006E-03
+3.109190000E-03,+1.086507368937E+00,+2.552646015374E+00,+7.477072777E-03
+3.109195000E-03,+1.091482243287E+00,+2.552646015374E+00,+8.418027535E-03
+3.109200000E-03,+1.095213399035E+00,+2.552646015374E+00,+10.058102905E-03
+3.109205000E-03,+1.098426338674E+00,+2.552646015374E+00,+10.915514947E-03
+3.109210000E-03,+1.103193926573E+00,+2.552646015374E+00,+12.740263682E-03
+3.109215000E-03,+1.106095936586E+00,+2.552646015374E+00,+13.588881748E-03
+3.109220000E-03,+1.108894303371E+00,+2.552646015374E+00,+15.343278728E-03
+3.109225000E-03,+1.112936388744E+00,+2.552646015374E+00,+16.134735994E-03
+3.109230000E-03,+1.115423825918E+00,+2.552646015374E+00,+17.818781213E-03
+3.109235000E-03,+1.118636765563E+00,+2.552646015374E+00,+18.843278678E-03
+3.109240000E-03,+1.119725019379E+00,+2.552646015374E+00,+20.311871638E-03
+3.109245000E-03,+1.121020559537E+00,+2.552646015374E+00,+21.477072624E-03
+3.109250000E-03,+1.123870747957E+00,+2.552646015374E+00,+22.686243472E-03
+3.109255000E-03,+1.124751715312E+00,+2.552724532961E+00,+24.172424352E-03
+3.109260000E-03,+1.126669114778E+00,+2.552724532961E+00,+25.051821337E-03
+3.109265000E-03,+1.128690157453E+00,+2.552724532961E+00,+26.858982113E-03
+3.109270000E-03,+1.129363838367E+00,+2.552724532961E+00,+27.531720808E-03
+3.109275000E-03,+1.130296627304E+00,+2.552724532961E+00,+29.378454445E-03
+3.109280000E-03,+1.131177594610E+00,+2.552724532961E+00,+30.029208223E-03
+3.109285000E-03,+1.132524956437E+00,+2.552724532961E+00,+31.871544869E-03
+3.109290000E-03,+1.132628599630E+00,+2.552724532961E+00,+32.460740861E-03
+3.109295000E-03,+1.134183247859E+00,+2.552724532961E+00,+34.342650367E-03
+3.109300000E-03,+1.133146815718E+00,+2.552724532961E+00,+34.962625254E-03
+3.109305000E-03,+1.133613210183E+00,+2.552724532961E+00,+36.739007130E-03
+3.109310000E-03,+1.133768675012E+00,+2.552724532961E+00,+37.490891560E-03
+3.109315000E-03,+1.134235069501E+00,+2.552724532961E+00,+38.994660369E-03
+3.109320000E-03,+1.133665031780E+00,+2.552724532961E+00,+39.997172940E-03
+3.109325000E-03,+1.133302280538E+00,+2.552724532961E+00,+41.307474417E-03
+3.109330000E-03,+1.131851275527E+00,+2.552724532961E+00,+42.345162861E-03
+3.109335000E-03,+1.130452092118E+00,+2.552724532961E+00,+43.642273393E-03
+3.109340000E-03,+1.129156551961E+00,+2.552724532961E+00,+44.715137709E-03
+3.109345000E-03,+1.128275584604E+00,+2.552724532961E+00,+45.933102513E-03
+3.109350000E-03,+1.126513649949E+00,+2.552724532961E+00,+46.940012055E-03
+3.109355000E-03,+1.124648072104E+00,+2.552724532961E+00,+48.223931633E-03
+3.109360000E-03,+1.123248888680E+00,+2.552724532961E+00,+49.125313542E-03
+3.109365000E-03,+1.121176024389E+00,+2.552724532961E+00,+50.510363771E-03
+3.109370000E-03,+1.118740408831E+00,+2.552724532961E+00,+51.350187888E-03
+3.109375000E-03,+1.116563901332E+00,+2.552724532961E+00,+52.686871282E-03
+3.109380000E-03,+1.113195496836E+00,+2.552724532961E+00,+53.482725556E-03
+3.109385000E-03,+1.110345308429E+00,+2.552724532961E+00,+54.810614978E-03
+3.109390000E-03,+1.106510509473E+00,+2.552724532961E+00,+55.668027038E-03
+3.109395000E-03,+1.102727532140E+00,+2.552724532961E+00,+56.762876267E-03
+3.109400000E-03,+1.100343738220E+00,+2.552724532961E+00,+57.787373752E-03
+3.109405000E-03,+1.096146188005E+00,+2.552724532961E+00,+58.745916445E-03
+3.109410000E-03,+1.091378600120E+00,+2.552724532961E+00,+59.779207900E-03
+3.109415000E-03,+1.087854730787E+00,+2.552724532961E+00,+60.799308385E-03
+3.109420000E-03,+1.083605358991E+00,+2.552724532961E+00,+61.784233004E-03
+3.109425000E-03,+1.078526841455E+00,+2.552724532961E+00,+62.747172688E-03
+3.109430000E-03,+1.073759253560E+00,+2.552724532961E+00,+63.767273182E-03
+3.109435000E-03,+1.067696125524E+00,+2.552724532961E+00,+64.659861109E-03
+3.109440000E-03,+1.063498575287E+00,+2.552724532961E+00,+65.614006828E-03
+3.109445000E-03,+1.058109128095E+00,+2.552724532961E+00,+66.642901288E-03
+3.109450000E-03,+1.052616037733E+00,+2.552724532961E+00,+67.517901283E-03
+3.109455000E-03,+1.046345623232E+00,+2.552724532961E+00,+68.502825892E-03
+3.109460000E-03,+1.040489781581E+00,+2.552724532961E+00,+69.237122373E-03
+3.109465000E-03,+1.033286578121E+00,+2.552724532961E+00,+70.318780646E-03
+3.109470000E-03,+1.027793487737E+00,+2.552724532961E+00,+71.026695215E-03
+3.109475000E-03,+1.021315786785E+00,+2.552724532961E+00,+72.046795704E-03
+3.109480000E-03,+1.013594367286E+00,+2.552724532961E+00,+72.679961530E-03
+3.109485000E-03,+1.007531239190E+00,+2.552724532961E+00,+73.730840910E-03
+3.109490000E-03,+1.000276214167E+00,+2.552724532961E+00,+74.320036890E-03
+3.109495000E-03,+992.813902682E-03,+2.552724532961E+00,+75.379710239E-03
+3.109500000E-03,+984.315159070E-03,+2.552724532961E+00,+75.867775569E-03
+3.109505000E-03,+976.852847581E-03,+2.552724532961E+00,+76.993403685E-03
+3.109510000E-03,+969.753287376E-03,+2.552724532961E+00,+77.494659975E-03
+3.109515000E-03,+962.083689441E-03,+2.552724532961E+00,+78.440011713E-03
+3.109520000E-03,+954.362269931E-03,+2.552724532961E+00,+78.941268000E-03
+3.109525000E-03,+946.070812746E-03,+2.552724532961E+00,+79.825061952E-03
+3.109530000E-03,+937.572069121E-03,+2.552724532961E+00,+80.365891100E-03
+3.109535000E-03,+927.933250129E-03,+2.552724532961E+00,+81.227700125E-03
+3.109540000E-03,+919.693614562E-03,+2.552724532961E+00,+81.645413702E-03
+3.109545000E-03,+910.987584486E-03,+2.552724532961E+00,+82.524810663E-03
+3.109550000E-03,+901.452408693E-03,+2.552724532961E+00,+83.140388555E-03
+3.109555000E-03,+892.798200254E-03,+2.552724532961E+00,+83.777951356E-03
+3.109560000E-03,+883.055738027E-03,+2.552724532961E+00,+84.367147335E-03
+3.109565000E-03,+873.572383884E-03,+2.552724532961E+00,+84.872800591E-03
+3.109570000E-03,+864.348137763E-03,+2.552724532961E+00,+85.545539284E-03
+3.109575000E-03,+854.657497157E-03,+2.552724532961E+00,+86.051192539E-03
+3.109580000E-03,+844.137710842E-03,+2.552724532961E+00,+86.644785506E-03
+3.109585000E-03,+833.773389354E-03,+2.552724532961E+00,+87.071293031E-03
+3.109590000E-03,+823.771819101E-03,+2.552724532961E+00,+87.739634735E-03
+3.109595000E-03,+812.060135836E-03,+2.552724532961E+00,+88.021041769E-03
+3.109600000E-03,+802.317673563E-03,+2.552724532961E+00,+88.702574424E-03
+3.109605000E-03,+791.227849600E-03,+2.552724532961E+00,+89.041142260E-03
+3.109610000E-03,+780.500776832E-03,+2.552724532961E+00,+89.696293002E-03
+3.109615000E-03,+771.483817135E-03,+2.552724532961E+00,+89.898554312E-03
+3.109620000E-03,+759.409382595E-03,+2.552724532961E+00,+90.540514103E-03
+3.109625000E-03,+747.231304855E-03,+2.552724532961E+00,+90.760363346E-03
+3.109630000E-03,+736.193302426E-03,+2.552724532961E+00,+91.428705046E-03
+3.109635000E-03,+725.621694531E-03,+2.552724532961E+00,+91.569408566E-03
+3.109640000E-03,+714.687335368E-03,+2.552724532961E+00,+92.167398504E-03
+3.109645000E-03,+702.872008806E-03,+2.552724532961E+00,+92.237750269E-03
+3.109650000E-03,+688.776531640E-03,+2.552724532961E+00,+92.818152273E-03
+3.109655000E-03,+677.790350814E-03,+2.552724532961E+00,+92.835740210E-03
+3.109660000E-03,+665.094057001E-03,+2.552724532961E+00,+93.358981410E-03
+3.109665000E-03,+652.086833496E-03,+2.552724532961E+00,+93.420539198E-03
+3.109670000E-03,+640.426971819E-03,+2.552724532961E+00,+93.895413564E-03
+3.109675000E-03,+627.523391567E-03,+2.552724532961E+00,+93.895413564E-03
+3.109680000E-03,+615.759886633E-03,+2.552724532961E+00,+94.365890947E-03
+3.109685000E-03,+602.752663180E-03,+2.552724532961E+00,+94.374684916E-03
+3.109690000E-03,+590.730050225E-03,+2.552724532961E+00,+94.792398482E-03
+3.109695000E-03,+577.619183538E-03,+2.552724532961E+00,+94.669282903E-03
+3.109700000E-03,+563.679171141E-03,+2.552724532961E+00,+95.100187423E-03
+3.109705000E-03,+551.863844663E-03,+2.552724532961E+00,+95.012247723E-03
+3.109710000E-03,+538.338405109E-03,+2.552724532961E+00,+95.377197469E-03
+3.109715000E-03,+524.812965493E-03,+2.552724532961E+00,+95.262875863E-03
+3.109720000E-03,+510.769309890E-03,+2.552724532961E+00,+95.522297973E-03
+3.109725000E-03,+496.881119114E-03,+2.552724532961E+00,+95.368403498E-03
+3.109730000E-03,+483.044749897E-03,+2.552724532961E+00,+95.583855760E-03
+3.109735000E-03,+469.933883182E-03,+2.552724532961E+00,+95.531091940E-03
+3.109740000E-03,+457.237589379E-03,+2.552724532961E+00,+95.619031640E-03
+3.109745000E-03,+442.364788026E-03,+2.552724532961E+00,+95.557473846E-03
+3.109750000E-03,+428.372954017E-03,+2.552724532961E+00,+95.605840688E-03
+3.109755000E-03,+415.158444102E-03,+2.552724532961E+00,+95.544282892E-03
+3.109760000E-03,+400.855680440E-03,+2.552724532961E+00,+95.632222593E-03
+3.109765000E-03,+386.190165541E-03,+2.552724532961E+00,+95.315639682E-03
+3.109770000E-03,+372.405617901E-03,+2.552724532961E+00,+95.438755262E-03
+3.109775000E-03,+357.688281384E-03,+2.552724532961E+00,+95.117775366E-03
+3.109780000E-03,+342.919123280E-03,+2.552724532961E+00,+95.284860792E-03
+3.109785000E-03,+327.994500317E-03,+2.552724532961E+00,+94.880338182E-03
+3.109790000E-03,+314.624525605E-03,+2.552724532961E+00,+95.029835667E-03
+3.109795000E-03,+299.751724252E-03,+2.552724532961E+00,+94.515388438E-03
+3.109800000E-03,+286.278106289E-03,+2.552724532961E+00,+94.748428631E-03
+3.109805000E-03,+271.094375315E-03,+2.552724532961E+00,+94.075689954E-03
+3.109810000E-03,+256.377038785E-03,+2.552724532961E+00,+94.295539192E-03
+3.109815000E-03,+241.400594219E-03,+2.552724532961E+00,+93.745916087E-03
+3.109820000E-03,+227.667868207E-03,+2.552724532961E+00,+93.697549250E-03
+3.109825000E-03,+211.914099565E-03,+2.552724532961E+00,+93.297423627E-03
+3.109830000E-03,+197.870443944E-03,+2.552724532961E+00,+93.183102016E-03
+3.109835000E-03,+183.204929026E-03,+2.552724532961E+00,+92.703830669E-03
+3.109840000E-03,+167.347517114E-03,+2.552724532961E+00,+92.545539211E-03
+3.109845000E-03,+152.630180595E-03,+2.552724532961E+00,+91.921167361E-03
+3.109850000E-03,+137.757379230E-03,+2.552724532961E+00,+91.877197510E-03
+3.109855000E-03,+122.521826623E-03,+2.552724532961E+00,+91.186870884E-03
+3.109860000E-03,+106.871701189E-03,+2.552724532961E+00,+91.125313101E-03
+3.109865000E-03,+92.413472674E-03,+2.552724532961E+00,+90.417398531E-03
+3.109870000E-03,+76.607882420E-03,+2.552724532961E+00,+90.439383460E-03
+3.109875000E-03,+61.372329798E-03,+2.552724532961E+00,+89.472046781E-03
+3.109880000E-03,+45.411274724E-03,+2.552724532961E+00,+89.590765376E-03
+3.109885000E-03,+31.678548714E-03,+2.552724532961E+00,+88.531092019E-03
+3.109890000E-03,+16.235709679E-03,+2.552724532961E+00,+88.553076946E-03
+3.109895000E-03,+1.777481161E-03,+2.552724532961E+00,+87.651695039E-03
+3.109900000E-03,-13.717179440E-03,+2.552724532961E+00,+87.554961379E-03
+3.109905000E-03,-28.434515966E-03,+2.552724532961E+00,+86.587624701E-03
+3.109910000E-03,-42.996387645E-03,+2.552724532961E+00,+86.372172448E-03
+3.109915000E-03,-58.076475467E-03,+2.552724532961E+00,+85.536745316E-03
+3.109920000E-03,-73.674779259E-03,+2.552724532961E+00,+85.308102109E-03
+3.109925000E-03,-88.184829369E-03,+2.552724532961E+00,+84.371544322E-03
+3.109930000E-03,-103.109452344E-03,+2.552724532961E+00,+84.112122226E-03
+3.109935000E-03,-119.174150694E-03,+2.552724532961E+00,+83.078830766E-03
+3.109940000E-03,-133.632379185E-03,+2.552724532961E+00,+82.810614703E-03
+3.109945000E-03,-149.697077490E-03,+2.552724532961E+00,+81.724559423E-03
+3.109950000E-03,-165.243559753E-03,+2.552724532961E+00,+81.561871000E-03
+3.109955000E-03,-180.168182704E-03,+2.552724532961E+00,+80.352700144E-03
+3.109960000E-03,-194.833697588E-03,+2.552724532961E+00,+80.185614731E-03
+3.109965000E-03,-209.291926083E-03,+2.552724532961E+00,+78.958855935E-03
+3.109970000E-03,-225.252981191E-03,+2.552724532961E+00,+78.778579569E-03
+3.109975000E-03,-240.540355404E-03,+2.552724532961E+00,+77.503453942E-03
+3.109980000E-03,-256.656875302E-03,+2.552724532961E+00,+77.230840893E-03
+3.109985000E-03,-270.959639002E-03,+2.552724532961E+00,+76.070036873E-03
+3.109990000E-03,-285.728797126E-03,+2.552724532961E+00,+75.608353471E-03
+3.109995000E-03,-300.757063299E-03,+2.552724532961E+00,+74.561871066E-03
+3.110000000E-03,-315.992615902E-03,+2.552724532961E+00,+73.871544446E-03
+3.110005000E-03,-331.850027782E-03,+2.552724532961E+00,+73.080087156E-03
+3.110010000E-03,-346.100969853E-03,+2.552724532961E+00,+72.086368590E-03
+3.110015000E-03,-360.196447096E-03,+2.552724532961E+00,+71.431217825E-03
+3.110020000E-03,-375.017426862E-03,+2.552724532961E+00,+70.248428914E-03
+3.110025000E-03,-389.838406555E-03,+2.552724532961E+00,+69.720790707E-03
+3.110030000E-03,-403.467489364E-03,+2.552724532961E+00,+68.538001793E-03
+3.110035000E-03,-418.288469067E-03,+2.552724532961E+00,+67.742147511E-03
+3.110040000E-03,-432.643054370E-03,+2.552724532961E+00,+66.656092270E-03
+3.110045000E-03,-448.085893343E-03,+2.552724532961E+00,+65.798680198E-03
+3.110050000E-03,-461.663154537E-03,+2.552724532961E+00,+64.809358621E-03
+3.110055000E-03,-475.447702125E-03,+2.552724532961E+00,+63.938755592E-03
+3.110060000E-03,-489.543179404E-03,+2.552724532961E+00,+62.949434014E-03
+3.110065000E-03,-505.037839984E-03,+2.552724532961E+00,+61.964509389E-03
+3.110070000E-03,-517.371382610E-03,+2.552724532961E+00,+60.957599861E-03
+3.110075000E-03,-531.674146251E-03,+2.552724532961E+00,+60.043027000E-03
+3.110080000E-03,-544.888656198E-03,+2.552724532961E+00,+58.992147620E-03
+3.110085000E-03,-557.688593208E-03,+2.552724532961E+00,+58.020413960E-03
+3.110090000E-03,-571.473140835E-03,+2.552724532961E+00,+56.811243122E-03
+3.110095000E-03,-584.117613056E-03,+2.552724532961E+00,+56.059358700E-03
+3.110100000E-03,-597.798517417E-03,+2.552724532961E+00,+54.766645151E-03
+3.110105000E-03,-610.494811273E-03,+2.552724532961E+00,+53.816896416E-03
+3.110110000E-03,-623.450213127E-03,+2.552724532961E+00,+52.660489399E-03
+3.110115000E-03,-637.649333552E-03,+2.552724532961E+00,+51.657976836E-03
+3.110120000E-03,-650.656557054E-03,+2.552724532961E+00,+50.673052236E-03
+3.110125000E-03,-662.938278084E-03,+2.552724532961E+00,+49.419911535E-03
+3.110130000E-03,-675.271820622E-03,+2.552724532961E+00,+48.566896478E-03
+3.110135000E-03,-687.398076743E-03,+2.552724532961E+00,+47.049936685E-03
+3.110140000E-03,-699.524332925E-03,+2.552724532961E+00,+46.491519614E-03
+3.110145000E-03,-711.702410674E-03,+2.552724532961E+00,+44.679961838E-03
+3.110150000E-03,-724.191418065E-03,+2.552724532961E+00,+44.213881448E-03
+3.110155000E-03,-736.162209409E-03,+2.552724532961E+00,+42.279208097E-03
+3.110160000E-03,-748.858503238E-03,+2.552724532961E+00,+41.865891524E-03
+3.110165000E-03,-760.932937774E-03,+2.552724532961E+00,+40.049936758E-03
+3.110170000E-03,-772.178226608E-03,+2.552724532961E+00,+39.557474462E-03
+3.110175000E-03,-783.371693828E-03,+2.552724532961E+00,+37.631595082E-03
+3.110180000E-03,-795.083377147E-03,+2.552724532961E+00,+37.033605145E-03
+3.110185000E-03,-805.292233796E-03,+2.552724532961E+00,+35.288002137E-03
+3.110190000E-03,-816.744809043E-03,+2.552724532961E+00,+34.575690597E-03
+3.110195000E-03,-827.627346656E-03,+2.552724532961E+00,+32.812499650E-03
+3.110200000E-03,-839.857246009E-03,+2.552724532961E+00,+32.113379067E-03
+3.110205000E-03,-849.962459453E-03,+2.552724532961E+00,+30.350188117E-03
+3.110210000E-03,-858.979419158E-03,+2.552724532961E+00,+29.681846433E-03
+3.110215000E-03,-869.654670298E-03,+2.552724532961E+00,+27.879082614E-03
+3.110220000E-03,-880.018991763E-03,+2.552724532961E+00,+27.201946961E-03
+3.110225000E-03,-890.279670118E-03,+2.552724532961E+00,+25.311243451E-03
+3.110230000E-03,-900.799456388E-03,+2.552724532961E+00,+24.730841460E-03
+3.110235000E-03,-909.764594514E-03,+2.552724532961E+00,+22.765389208E-03
+3.110240000E-03,-919.714343130E-03,+2.552724532961E+00,+22.088253550E-03
+3.110245000E-03,-929.715913367E-03,+2.552724532961E+00,+20.263504811E-03
+3.110250000E-03,-938.836516287E-03,+2.552724532961E+00,+19.485238501E-03
+3.110255000E-03,-948.630800115E-03,+2.552724532961E+00,+17.788002323E-03
+3.110260000E-03,-957.699581438E-03,+2.552724532961E+00,+16.869032501E-03
+3.110265000E-03,-967.027470780E-03,+2.552724532961E+00,+15.286117929E-03
+3.110270000E-03,-974.230674207E-03,+2.552724532961E+00,+14.248429514E-03
+3.110275000E-03,-982.107558553E-03,+2.552724532961E+00,+12.630339062E-03
+3.110280000E-03,-990.658123816E-03,+2.552724532961E+00,+11.689384319E-03
+3.110285000E-03,-998.794116176E-03,+2.552724532961E+00,+10.044911956E-03
+3.110290000E-03,-1.008277470298E+00,+2.552724532961E+00,+9.152324040E-03
+3.110295000E-03,-1.015428852178E+00,+2.552724532961E+00,+7.446293893E-03
+3.110300000E-03,-1.022424769181E+00,+2.552724532961E+00,+6.540515023E-03
+3.110305000E-03,-1.029368864613E+00,+2.552724532961E+00,+4.799309000E-03
+3.110310000E-03,-1.036986640924E+00,+2.552724532961E+00,+3.999057764E-03
+3.110315000E-03,-1.045485384475E+00,+2.552724532961E+00,+2.231469833E-03
+3.110320000E-03,-1.051444869438E+00,+2.552724532961E+00,+1.352072865E-03
+3.110325000E-03,-1.058129856772E+00,+2.552724532961E+00,-397.927124E-06
+3.110330000E-03,-1.066835886840E+00,+2.552724532961E+00,-1.321293943E-03
+3.110335000E-03,-1.072639906842E+00,+2.552724532961E+00,-2.921796444E-03
+3.110340000E-03,-1.079169429390E+00,+2.552724532961E+00,-3.955087889E-03
+3.110345000E-03,-1.084558876621E+00,+2.552724532961E+00,-5.502826565E-03
+3.110350000E-03,-1.090414718246E+00,+2.552724532961E+00,-6.654836602E-03
+3.110355000E-03,-1.096011451823E+00,+2.552724532961E+00,-7.982726038E-03
+3.110360000E-03,-1.101297255794E+00,+2.552724532961E+00,-9.372173252E-03
+3.110365000E-03,-1.106686702964E+00,+2.552724532961E+00,-10.660489827E-03
+3.110370000E-03,-1.111765220485E+00,+2.552724532961E+00,-12.111494831E-03
+3.110375000E-03,-1.117258310923E+00,+2.552724532961E+00,-13.452575226E-03
+3.110380000E-03,-1.121248574694E+00,+1.253572560124E+00,-14.591394299E-03
+3.110385000E-03,-1.124513335995E+00,-154.797421448E-03,-16.020414395E-03
+3.110390000E-03,-1.129902783147E+00,-181.100814554E-03,-17.058102821E-03
+3.110395000E-03,-1.135033122229E+00,+23.908601907E-03,-18.698178190E-03
+3.110400000E-03,-1.137831489060E+00,+135.168028641E-03,-19.678705803E-03
+3.110405000E-03,-1.141459001632E+00,-84.759735111E-03,-21.340766099E-03
+3.110410000E-03,-1.146122946257E+00,-77.536117012E-03,-22.242147986E-03
+3.110415000E-03,-1.148403097014E+00,-87.115263480E-03,-23.987750990E-03
+3.110420000E-03,-1.152859755284E+00,-17.391645530E-03,-24.831972085E-03
+3.110425000E-03,-1.155658122086E+00,-57.592649962E-03,-26.454459509E-03
+3.110430000E-03,-1.158508310476E+00,-46.286117578E-03,-27.518529849E-03
+3.110435000E-03,-1.160684817982E+00,-63.088881209E-03,-29.000313751E-03
+3.110440000E-03,-1.162861325521E+00,-46.129082453E-03,-30.121544891E-03
+3.110445000E-03,-1.165918800389E+00,-53.274182740E-03,-31.598931810E-03
+3.110450000E-03,-1.167784378262E+00,-49.426821066E-03,-32.750941852E-03
+3.110455000E-03,-1.169805420913E+00,-51.782348651E-03,-34.043655402E-03
+3.110460000E-03,-1.171878285215E+00,-48.877198035E-03,-35.296796094E-03
+3.110465000E-03,-1.173122003784E+00,-50.918655217E-03,-36.589509651E-03
+3.110470000E-03,-1.174313900772E+00,-46.600187890E-03,-37.697549843E-03
+3.110475000E-03,-1.175453976107E+00,-49.426821066E-03,-39.108981984E-03
+3.110480000E-03,-1.176801337937E+00,-48.249057215E-03,-40.159861364E-03
+3.110485000E-03,-1.177112267563E+00,-51.389760723E-03,-41.619660352E-03
+3.110490000E-03,-1.178045056522E+00,-48.484609984E-03,-42.525439233E-03
+3.110495000E-03,-1.177164089195E+00,-49.740891423E-03,-44.055589974E-03
+3.110500000E-03,-1.178096878124E+00,-49.897926605E-03,-44.952574888E-03
+3.110505000E-03,-1.178304164559E+00,-48.641645204E-03,-46.513504518E-03
+3.110510000E-03,-1.177112267582E+00,-47.620916584E-03,-47.353328630E-03
+3.110515000E-03,-1.177112267568E+00,-46.992775974E-03,-48.874685396E-03
+3.110520000E-03,-1.175557619382E+00,-46.835740738E-03,-49.714509511E-03
+3.110525000E-03,-1.174780295256E+00,-46.757223151E-03,-51.205087380E-03
+3.110530000E-03,-1.174262079173E+00,-46.129082425E-03,-52.181218021E-03
+3.110535000E-03,-1.172862895768E+00,-48.170539718E-03,-53.434358713E-03
+3.110540000E-03,-1.171567355617E+00,-46.129082404E-03,-54.476444136E-03
+3.110545000E-03,-1.170530923434E+00,-48.720162824E-03,-55.606469242E-03
+3.110550000E-03,-1.168250772718E+00,-45.736494448E-03,-56.833228027E-03
+3.110555000E-03,-1.166126086792E+00,-48.013504469E-03,-57.853328516E-03
+3.110560000E-03,-1.163794114469E+00,-45.265388967E-03,-59.022926495E-03
+3.110565000E-03,-1.161254855708E+00,-47.934986903E-03,-60.016645075E-03
+3.110570000E-03,-1.158871061744E+00,-45.815012043E-03,-61.159861143E-03
+3.110575000E-03,-1.156850019105E+00,-46.050564842E-03,-62.276695304E-03
+3.110580000E-03,-1.152911576936E+00,-45.343906587E-03,-63.279207857E-03
+3.110585000E-03,-1.150372318133E+00,-46.207599974E-03,-64.488378694E-03
+3.110590000E-03,-1.147418486520E+00,-45.029836184E-03,-65.332599802E-03
+3.110595000E-03,-1.143531865979E+00,-45.815012076E-03,-66.528579675E-03
+3.110600000E-03,-1.139075207760E+00,-44.401695513E-03,-67.403579679E-03
+3.110605000E-03,-1.135033122348E+00,-46.678705593E-03,-68.533604777E-03
+3.110610000E-03,-1.131094680179E+00,-45.343906474E-03,-69.443780669E-03
+3.110615000E-03,-1.126793486772E+00,-45.972047221E-03,-70.459484155E-03
+3.110620000E-03,-1.121300396365E+00,-42.988379017E-03,-71.483981646E-03
+3.110625000E-03,-1.117621062239E+00,-43.302449315E-03,-72.293026848E-03
+3.110630000E-03,-1.112646187901E+00,-42.360238299E-03,-73.532976600E-03
+3.110635000E-03,-1.106893989501E+00,-43.695037225E-03,-74.126569545E-03
+3.110640000E-03,-1.100882683027E+00,-43.302449281E-03,-75.326946432E-03
+3.110645000E-03,-1.094975019793E+00,-43.852072441E-03,-75.964509226E-03
+3.110650000E-03,-1.090207431874E+00,-44.401695453E-03,-77.147298168E-03
+3.110655000E-03,-1.084299768590E+00,-44.715765861E-03,-77.916770511E-03
+3.110660000E-03,-1.078236640562E+00,-44.009107552E-03,-78.866519253E-03
+3.110665000E-03,-1.071758939604E+00,-42.595791035E-03,-79.723931294E-03
+3.110670000E-03,-1.065592168333E+00,-44.009107590E-03,-80.524182550E-03
+3.110675000E-03,-1.059788148289E+00,-43.616519638E-03,-81.539886050E-03
+3.110680000E-03,-1.052429480043E+00,-43.773554816E-03,-82.177448868E-03
+3.110685000E-03,-1.046107243944E+00,-44.401695517E-03,-83.382222711E-03
+3.110690000E-03,-1.038126716377E+00,-43.773554803E-03,-83.628453878E-03
+3.110695000E-03,-1.031182620940E+00,-43.852072330E-03,-84.916770434E-03
+3.110700000E-03,-1.022372947702E+00,-43.459484438E-03,-85.259735272E-03
+3.110705000E-03,-1.014444241782E+00,-44.087625130E-03,-86.460112124E-03
+3.110710000E-03,-1.006930108643E+00,-43.145414102E-03,-86.781092040E-03
+3.110715000E-03,-998.379543422E-03,-44.872800967E-03,-87.840765375E-03
+3.110720000E-03,-990.191729459E-03,-41.260992059E-03,-88.429961365E-03
+3.110725000E-03,-981.019304946E-03,-44.244660339E-03,-89.230212597E-03
+3.110730000E-03,-972.624204522E-03,-41.653579995E-03,-89.815011602E-03
+3.110735000E-03,-963.348136796E-03,-42.988378962E-03,-90.509735201E-03
+3.110740000E-03,-954.175712249E-03,-40.868404102E-03,-91.195664852E-03
+3.110745000E-03,-945.366039008E-03,-43.459484451E-03,-91.758478907E-03
+3.110750000E-03,-935.779041609E-03,-41.025439268E-03,-92.382850769E-03
+3.110755000E-03,-926.502973866E-03,-42.988378928E-03,-92.963252764E-03
+3.110760000E-03,-916.553225223E-03,-42.360238214E-03,-93.539257787E-03
+3.110765000E-03,-906.344368554E-03,-42.203203083E-03,-94.220790444E-03
+3.110770000E-03,-895.824582244E-03,-41.418027190E-03,-94.678076875E-03
+3.110775000E-03,-885.408439156E-03,-41.496544795E-03,-95.399182391E-03
+3.110780000E-03,-875.303225708E-03,-41.889132674E-03,-95.715765306E-03
+3.110785000E-03,-865.975336344E-03,-42.203203083E-03,-96.392900969E-03
+3.110790000E-03,-855.818301274E-03,-41.653579973E-03,-96.779835646E-03
+3.110795000E-03,-845.453979791E-03,-41.575062347E-03,-97.413001462E-03
+3.110800000E-03,-834.415977360E-03,-42.046167900E-03,-97.804333123E-03
+3.110805000E-03,-823.585261407E-03,-43.302449246E-03,-98.195664772E-03
+3.110810000E-03,-812.339972574E-03,-40.711368911E-03,-98.877197429E-03
+3.110815000E-03,-801.198326953E-03,-40.554333758E-03,-98.934358231E-03
+3.110820000E-03,-789.020249232E-03,-40.711368976E-03,-99.778579331E-03
+3.110825000E-03,-777.930425195E-03,-41.732097539E-03,-99.681845661E-03
+3.110830000E-03,-766.374206715E-03,-42.124685492E-03,-100.653579324E-03
+3.110835000E-03,-754.196129011E-03,-42.988378937E-03,-100.398554199E-03
+3.110840000E-03,-742.484445710E-03,-42.203203022E-03,-101.291142129E-03
+3.110845000E-03,-731.342800066E-03,-42.124685496E-03,-101.066895905E-03
+3.110850000E-03,-719.631116781E-03,-40.868404072E-03,-101.823177298E-03
+3.110855000E-03,-706.416606915E-03,-40.554333723E-03,-101.704458709E-03
+3.110860000E-03,-694.601280389E-03,-40.318781006E-03,-102.337624533E-03
+3.110865000E-03,-681.904986596E-03,-41.653579929E-03,-102.350815481E-03
+3.110870000E-03,-669.519622360E-03,-40.318780984E-03,-102.711368246E-03
+3.110875000E-03,-656.978793346E-03,-42.203203030E-03,-102.865262709E-03
+3.110880000E-03,-643.919748301E-03,-40.711368920E-03,-103.186242616E-03
+3.110885000E-03,-630.757059976E-03,-40.946921703E-03,-103.304961202E-03
+3.110890000E-03,-618.164409328E-03,-38.277323746E-03,-103.564383318E-03
+3.110895000E-03,-604.276218659E-03,-42.674308575E-03,-103.573177278E-03
+3.110900000E-03,-591.424459875E-03,-40.083228227E-03,-103.942524013E-03
+3.110905000E-03,-578.209950007E-03,-42.360238169E-03,-103.797423507E-03
+3.110910000E-03,-564.995440087E-03,-41.182474411E-03,-104.250312957E-03
+3.110915000E-03,-552.143681427E-03,-40.161745783E-03,-103.942524008E-03
+3.110920000E-03,-538.773706702E-03,-40.475816114E-03,-104.386619491E-03
+3.110925000E-03,-525.040980689E-03,-39.926193040E-03,-104.096418480E-03
+3.110930000E-03,-511.515541150E-03,-40.083228214E-03,-104.386619488E-03
+3.110935000E-03,-497.471885554E-03,-40.240263344E-03,-104.215137070E-03
+3.110940000E-03,-482.184511376E-03,-40.240263361E-03,-104.439383306E-03
+3.110945000E-03,-468.192677273E-03,-41.339509625E-03,-104.232725009E-03
+3.110950000E-03,-454.719059377E-03,-39.533605122E-03,-104.311870749E-03
+3.110955000E-03,-440.105366033E-03,-41.025439259E-03,-104.162373257E-03
+3.110960000E-03,-424.662527047E-03,-39.533605077E-03,-104.272297884E-03
+3.110965000E-03,-409.841547315E-03,-40.004710578E-03,-104.008478778E-03
+3.110970000E-03,-395.953356504E-03,-41.182474429E-03,-104.166770246E-03
+3.110975000E-03,-382.583381740E-03,-41.967650282E-03,-103.643529037E-03
+3.110980000E-03,-367.451472381E-03,-41.260992025E-03,-104.026066730E-03
+3.110985000E-03,-352.423206213E-03,-42.124685474E-03,-103.326946131E-03
+3.110990000E-03,-337.809512855E-03,-38.905464448E-03,-103.806217490E-03
+3.110995000E-03,-322.055744201E-03,-41.418027249E-03,-102.860865731E-03
+3.111000000E-03,-307.390229268E-03,-38.983982035E-03,-103.555589344E-03
+3.111005000E-03,-292.776535969E-03,-41.260992007E-03,-102.451946140E-03
+3.111010000E-03,-278.525593896E-03,-41.025439268E-03,-103.168654669E-03
+3.111015000E-03,-262.979111683E-03,-41.339509621E-03,-102.038629566E-03
+3.111020000E-03,-248.469061554E-03,-40.711368897E-03,-102.658604423E-03
+3.111025000E-03,-231.886147225E-03,-41.653579965E-03,-101.467021539E-03
+3.111030000E-03,-217.946134758E-03,-40.397298558E-03,-101.972674781E-03
+3.111035000E-03,-202.140544502E-03,-40.868404094E-03,-100.873428579E-03
+3.111040000E-03,-187.475029598E-03,-39.690640269E-03,-101.207599414E-03
+3.111045000E-03,-172.964979467E-03,-41.653579960E-03,-100.358981348E-03
+3.111050000E-03,-156.900281197E-03,-39.298052334E-03,-100.517272790E-03
+3.111055000E-03,-142.027479804E-03,-40.632851292E-03,-99.703830596E-03
+3.111060000E-03,-126.843748847E-03,-38.434358958E-03,-99.673051695E-03
+3.111065000E-03,-112.022769071E-03,-40.789886580E-03,-98.749684880E-03
+3.111070000E-03,-96.269000386E-03,-40.711368902E-03,-98.855212512E-03
+3.111075000E-03,-82.069879944E-03,-40.475816172E-03,-97.971418552E-03
+3.111080000E-03,-67.352543446E-03,-39.455087586E-03,-98.032976341E-03
+3.111085000E-03,-51.650596324E-03,-40.475816127E-03,-96.960112036E-03
+3.111090000E-03,-37.503297547E-03,-40.161745833E-03,-96.973302988E-03
+3.111095000E-03,-22.734139398E-03,-40.789886512E-03,-96.023554255E-03
+3.111100000E-03,-8.224089275E-03,-40.004710659E-03,-95.988378374E-03
+3.111105000E-03,+7.529679421E-03,-41.182474392E-03,-94.950689940E-03
+3.111110000E-03,+23.749842546E-03,-39.690640246E-03,-94.823177386E-03
+3.111115000E-03,+38.415357449E-03,-39.455087540E-03,-93.992147231E-03
+3.111120000E-03,+54.013661290E-03,-40.083228209E-03,-93.512875896E-03
+3.111125000E-03,+68.212781786E-03,-41.339509520E-03,-92.879710054E-03
+3.111130000E-03,+83.655620801E-03,-39.062499600E-03,-92.281720130E-03
+3.111135000E-03,+99.098459826E-03,-42.360238212E-03,-91.696921127E-03
+3.111140000E-03,+114.644942071E-03,-40.161745824E-03,-90.971418641E-03
+3.111145000E-03,+129.051348943E-03,-40.946921626E-03,-90.439383447E-03
+3.111150000E-03,+144.597831200E-03,-38.277323761E-03,-89.625941274E-03
+3.111155000E-03,+159.988848562E-03,-41.575062373E-03,-89.005966374E-03
+3.111160000E-03,+174.965293186E-03,-40.397298516E-03,-88.333227718E-03
+3.111165000E-03,+189.838094529E-03,-40.475816108E-03,-87.642901056E-03
+3.111170000E-03,+205.436398406E-03,-38.983982022E-03,-86.996544314E-03
+3.111175000E-03,+220.205556487E-03,-40.004710604E-03,-86.121544295E-03
+3.111180000E-03,+234.560141800E-03,-40.868404108E-03,-85.475187549E-03
+3.111185000E-03,+249.277478344E-03,-41.575062336E-03,-84.481468939E-03
+3.111190000E-03,+264.098458088E-03,-39.533605137E-03,-83.993403647E-03
+3.111195000E-03,+279.074902617E-03,-39.690640320E-03,-82.924936297E-03
+3.111200000E-03,+294.465920013E-03,-39.769157856E-03,-82.344534308E-03
+3.111205000E-03,+310.323331906E-03,-41.967650276E-03,-81.284860941E-03
+3.111210000E-03,+324.263344363E-03,-41.810615135E-03,-80.647298143E-03
+3.111215000E-03,+338.462464817E-03,-41.103956823E-03,-79.592021762E-03
+3.111220000E-03,+352.661585286E-03,-40.868404118E-03,-78.923680070E-03
+3.111225000E-03,+367.016170541E-03,-40.004710664E-03,-77.837624799E-03
+3.111230000E-03,+381.785328634E-03,-41.182474433E-03,-77.076946422E-03
+3.111235000E-03,+395.984449131E-03,-40.868404080E-03,-76.008479091E-03
+3.111240000E-03,+410.494499211E-03,-40.946921620E-03,-75.269785636E-03
+3.111245000E-03,+424.175403596E-03,-40.789886540E-03,-74.130966552E-03
+3.111250000E-03,+437.441735094E-03,-38.826946848E-03,-73.427448971E-03
+3.111255000E-03,+450.759888280E-03,-40.789886470E-03,-72.196293206E-03
+3.111260000E-03,+465.632689584E-03,-40.318780956E-03,-71.620288181E-03
+3.111265000E-03,+478.536269842E-03,-41.025439226E-03,-70.200062075E-03
+3.111270000E-03,+492.268995807E-03,-40.004710674E-03,-69.650438959E-03
+3.111275000E-03,+506.519937909E-03,-41.496544735E-03,-68.265388733E-03
+3.111280000E-03,+519.268053334E-03,-41.653579984E-03,-67.663001790E-03
+3.111285000E-03,+532.638028031E-03,-42.438755836E-03,-66.295539509E-03
+3.111290000E-03,+546.370754049E-03,-40.318780994E-03,-65.543655077E-03
+3.111295000E-03,+559.222512658E-03,-40.946921629E-03,-64.255338522E-03
+3.111300000E-03,+572.903417053E-03,-39.533605114E-03,-63.349559625E-03
+3.111305000E-03,+585.962462114E-03,-41.418027133E-03,-62.184358644E-03
+3.111310000E-03,+599.125150468E-03,-39.612122701E-03,-61.199434023E-03
+3.111315000E-03,+611.458693040E-03,-42.046167887E-03,-60.021042082E-03
+3.111320000E-03,+623.533127600E-03,-40.240263374E-03,-59.075690327E-03
+3.111325000E-03,+636.436707854E-03,-41.103956837E-03,-57.862122504E-03
+3.111330000E-03,+648.614785591E-03,-40.554333722E-03,-56.960740605E-03
+3.111335000E-03,+659.704609643E-03,-39.376569949E-03,-55.558102433E-03
+3.111340000E-03,+671.882687434E-03,-39.769157837E-03,-54.709484349E-03
+3.111345000E-03,+683.698013890E-03,-39.690640259E-03,-53.196921548E-03
+3.111350000E-03,+695.306053945E-03,-40.475816235E-03,-52.497800960E-03
+3.111355000E-03,+706.654986018E-03,-41.810615121E-03,-50.831343685E-03
+3.111360000E-03,+718.833063803E-03,-40.946921624E-03,-50.176192942E-03
+3.111365000E-03,+730.492925361E-03,-40.868404071E-03,-48.478956773E-03
+3.111370000E-03,+740.390852523E-03,-40.475816140E-03,-47.801821107E-03
+3.111375000E-03,+753.398075976E-03,-40.711368959E-03,-46.060615093E-03
+3.111380000E-03,+764.591543186E-03,-40.868404114E-03,-45.357097521E-03
+3.111385000E-03,+775.940475210E-03,-41.889132660E-03,-43.686243257E-03
+3.111390000E-03,+785.838402255E-03,-40.083228224E-03,-42.925564884E-03
+3.111395000E-03,+797.290977500E-03,-42.203203046E-03,-41.373429206E-03
+3.111400000E-03,+807.292547776E-03,-40.711368930E-03,-40.379710642E-03
+3.111405000E-03,+817.760512466E-03,-42.517273380E-03,-38.924308629E-03
+3.111410000E-03,+828.850336471E-03,-39.926193025E-03,-37.759107656E-03
+3.111415000E-03,+838.126404201E-03,-39.455087469E-03,-36.396042325E-03
+3.111420000E-03,+848.646190511E-03,-40.318781043E-03,-35.389132811E-03
+3.111425000E-03,+858.181366317E-03,-41.653579884E-03,-33.916142851E-03
+3.111430000E-03,+868.079293330E-03,-40.946921730E-03,-32.794911737E-03
+3.111435000E-03,+878.391793207E-03,-43.930589929E-03,-31.352700665E-03
+3.111440000E-03,+888.082433867E-03,-39.376569949E-03,-30.402951957E-03
+3.111445000E-03,+897.721252856E-03,-42.988378937E-03,-28.718906729E-03
+3.111450000E-03,+906.530926075E-03,-40.318780970E-03,-27.773555003E-03
+3.111455000E-03,+915.392420967E-03,-41.889132698E-03,-26.093906757E-03
+3.111460000E-03,+924.461202293E-03,-40.161745811E-03,-25.227700757E-03
+3.111465000E-03,+932.908124300E-03,-42.046167867E-03,-23.451318850E-03
+3.111470000E-03,+941.095938264E-03,-40.789886546E-03,-22.558730929E-03
+3.111475000E-03,+950.268362827E-03,-41.103956817E-03,-20.852700797E-03
+3.111480000E-03,+957.316101455E-03,-41.339509671E-03,-19.850188245E-03
+3.111485000E-03,+964.726591318E-03,-42.752826141E-03,-18.298052580E-03
+3.111490000E-03,+973.328978164E-03,-42.203203085E-03,-17.277952086E-03
+3.111495000E-03,+979.184819807E-03,-42.046167877E-03,-15.730213415E-03
+3.111500000E-03,+987.528098638E-03,-41.025439293E-03,-14.569409403E-03
+3.111505000E-03,+994.316729192E-03,-40.868404134E-03,-13.162374246E-03
+3.111510000E-03,+1.002141791932E+00,-41.260992016E-03,-11.988379283E-03
+3.111515000E-03,+1.008671314495E+00,-41.260992035E-03,-10.528580305E-03
+3.111520000E-03,+1.015667231457E+00,-39.926193005E-03,-9.323806439E-03
+3.111525000E-03,+1.020486640962E+00,-41.339509573E-03,-7.877198420E-03
+3.111530000E-03,+1.027793487618E+00,-41.418027209E-03,-6.826319030E-03
+3.111535000E-03,+1.033804794092E+00,-41.496544806E-03,-5.203831620E-03
+3.111540000E-03,+1.041318927165E+00,-40.318781019E-03,-4.284861771E-03
+3.111545000E-03,+1.047019303972E+00,-43.616519604E-03,-2.552449736E-03
+3.111550000E-03,+1.052356929621E+00,-41.339509657E-03,-1.721419588E-03
+3.111555000E-03,+1.057850020004E+00,-43.223931718E-03,+116.520084E-06
+3.111560000E-03,+1.062462143022E+00,-40.711368945E-03,+833.228629E-06
+3.111565000E-03,+1.068991665597E+00,-37.649183112E-03,+2.789886887E-03
+3.111570000E-03,+1.074070183157E+00,+1.150792986232E+00,+3.475816542E-03
+3.111575000E-03,+1.078008625303E+00,+2.552646015374E+00,+5.344535100E-03
+3.111580000E-03,+1.082879856397E+00,+2.552646015374E+00,+6.065640632E-03
+3.111585000E-03,+1.087336514657E+00,+2.552646015374E+00,+8.167399391E-03
+3.111590000E-03,+1.091741351300E+00,+2.552646015374E+00,+8.651067735E-03
+3.111595000E-03,+1.095679793481E+00,+2.552646015374E+00,+10.568153137E-03
+3.111600000E-03,+1.099514592442E+00,+2.552646015374E+00,+11.254082784E-03
+3.111605000E-03,+1.102779353658E+00,+2.552646015374E+00,+13.153580246E-03
+3.111610000E-03,+1.106976903874E+00,+2.552646015374E+00,+13.936243560E-03
+3.111615000E-03,+1.109412519475E+00,+2.552646015374E+00,+15.787374186E-03
+3.111620000E-03,+1.111744491812E+00,+2.552646015374E+00,+16.477700816E-03
+3.111625000E-03,+1.113817356131E+00,+2.552646015374E+00,+18.328831446E-03
+3.111630000E-03,+1.117703976663E+00,+2.552646015374E+00,+19.032349026E-03
+3.111635000E-03,+1.120087770620E+00,+2.552646015374E+00,+20.949434437E-03
+3.111640000E-03,+1.122367921323E+00,+2.552646015374E+00,+21.701318849E-03
+3.111645000E-03,+1.124233499245E+00,+2.552724532961E+00,+23.310615315E-03
+3.111650000E-03,+1.126150898673E+00,+2.552724532961E+00,+24.203203248E-03
+3.111655000E-03,+1.127705546871E+00,+2.552724532961E+00,+25.878454480E-03
+3.111660000E-03,+1.129519303159E+00,+2.552724532961E+00,+26.854585132E-03
+3.111665000E-03,+1.131333059451E+00,+2.552724532961E+00,+28.349559981E-03
+3.111670000E-03,+1.131643989073E+00,+2.552724532961E+00,+29.365263500E-03
+3.111675000E-03,+1.132524956390E+00,+2.552724532961E+00,+30.719534830E-03
+3.111680000E-03,+1.133146815686E+00,+2.552724532961E+00,+31.871544883E-03
+3.111685000E-03,+1.133354102176E+00,+2.552724532961E+00,+33.137876506E-03
+3.111690000E-03,+1.134286891064E+00,+2.552724532961E+00,+34.500941834E-03
+3.111695000E-03,+1.134753285595E+00,+2.552724532961E+00,+35.639760903E-03
+3.111700000E-03,+1.134545999108E+00,+2.552724532961E+00,+36.928077486E-03
+3.111705000E-03,+1.134286891078E+00,+2.552724532961E+00,+37.992147818E-03
+3.111710000E-03,+1.133924139825E+00,+2.552724532961E+00,+39.346419167E-03
+3.111715000E-03,+1.132628599668E+00,+2.552724532961E+00,+40.357725688E-03
+3.111720000E-03,+1.132058561969E+00,+2.552724532961E+00,+41.632851303E-03
+3.111725000E-03,+1.131540345861E+00,+2.552724532961E+00,+42.789258325E-03
+3.111730000E-03,+1.131436702616E+00,+2.552724532961E+00,+43.989635196E-03
+3.111735000E-03,+1.128845622285E+00,+2.552724532961E+00,+45.154836185E-03
+3.111740000E-03,+1.126980044442E+00,+2.552724532961E+00,+46.108981913E-03
+3.111745000E-03,+1.126150898719E+00,+2.552724532961E+00,+47.485238166E-03
+3.111750000E-03,+1.123715283167E+00,+2.552724532961E+00,+48.386620081E-03
+3.111755000E-03,+1.121642418875E+00,+2.552724532961E+00,+49.666142669E-03
+3.111760000E-03,+1.118533122439E+00,+2.552724532961E+00,+50.620288395E-03
+3.111765000E-03,+1.117393047061E+00,+2.552724532961E+00,+51.842650179E-03
+3.111770000E-03,+1.114491037035E+00,+2.552724532961E+00,+52.708856219E-03
+3.111775000E-03,+1.110397130077E+00,+2.552724532961E+00,+54.023554676E-03
+3.111780000E-03,+1.108065157683E+00,+2.552724532961E+00,+54.894157701E-03
+3.111785000E-03,+1.103815785913E+00,+2.552724532961E+00,+56.094534555E-03
+3.111790000E-03,+1.100965597512E+00,+2.552724532961E+00,+56.907976772E-03
+3.111795000E-03,+1.097338084988E+00,+2.552724532961E+00,+58.271042072E-03
+3.111800000E-03,+1.092725961922E+00,+2.552724532961E+00,+58.899810929E-03
+3.111805000E-03,+1.088942984595E+00,+2.552724532961E+00,+60.196921447E-03
+3.111810000E-03,+1.085211828772E+00,+2.552724532961E+00,+60.843278238E-03
+3.111815000E-03,+1.080392419347E+00,+2.552724532961E+00,+62.311871170E-03
+3.111820000E-03,+1.075573009827E+00,+2.552724532961E+00,+62.773554599E-03
+3.111825000E-03,+1.071271816399E+00,+2.552724532961E+00,+64.299308333E-03
+3.111830000E-03,+1.065312331539E+00,+2.552724532961E+00,+64.646670169E-03
+3.111835000E-03,+1.059508311592E+00,+2.552724532961E+00,+66.194408817E-03
+3.111840000E-03,+1.054170685950E+00,+2.552724532961E+00,+66.629710345E-03
+3.111845000E-03,+1.048884881996E+00,+2.552724532961E+00,+68.089509299E-03
+3.111850000E-03,+1.042977218719E+00,+2.552724532961E+00,+68.498428917E-03
+3.111855000E-03,+1.036654982637E+00,+2.552724532961E+00,+69.813127368E-03
+3.111860000E-03,+1.031058249022E+00,+2.552724532961E+00,+70.349559548E-03
+3.111865000E-03,+1.023440472728E+00,+2.552724532961E+00,+71.510363538E-03
+3.111870000E-03,+1.017791917471E+00,+2.552724532961E+00,+72.112750482E-03
+3.111875000E-03,+1.010692357314E+00,+2.552724532961E+00,+73.163629857E-03
+3.111880000E-03,+1.003696440293E+00,+2.552724532961E+00,+73.770413784E-03
+3.111885000E-03,+994.731302216E-03,+2.552724532961E+00,+74.825690144E-03
+3.111890000E-03,+988.201779635E-03,+2.552724532961E+00,+75.362122301E-03
+3.111895000E-03,+981.516792307E-03,+2.552724532961E+00,+76.430589620E-03
+3.111900000E-03,+974.520875279E-03,+2.552724532961E+00,+76.914257965E-03
+3.111905000E-03,+965.970310003E-03,+2.552724532961E+00,+77.956343378E-03
+3.111910000E-03,+958.197068956E-03,+2.552724532961E+00,+78.347675035E-03
+3.111915000E-03,+949.905611745E-03,+2.552724532961E+00,+79.438127280E-03
+3.111920000E-03,+942.287835451E-03,+2.552724532961E+00,+79.732725277E-03
+3.111925000E-03,+934.514594260E-03,+2.552724532961E+00,+80.774810681E-03
+3.111930000E-03,+925.083061725E-03,+2.552724532961E+00,+81.130966469E-03
+3.111935000E-03,+916.014280408E-03,+2.552724532961E+00,+82.010363427E-03
+3.111940000E-03,+906.841855915E-03,+2.552724532961E+00,+82.524810669E-03
+3.111945000E-03,+897.669431393E-03,+2.552724532961E+00,+83.232725228E-03
+3.111950000E-03,+888.082434039E-03,+2.552724532961E+00,+83.874685024E-03
+3.111955000E-03,+879.220939142E-03,+2.552724532961E+00,+84.525438783E-03
+3.111960000E-03,+869.063904075E-03,+2.552724532961E+00,+85.154207624E-03
+3.111965000E-03,+858.751404165E-03,+2.552724532961E+00,+85.721418670E-03
+3.111970000E-03,+849.578979620E-03,+2.552724532961E+00,+86.257850834E-03
+3.111975000E-03,+839.784695833E-03,+2.552724532961E+00,+86.798679970E-03
+3.111980000E-03,+829.368552766E-03,+2.552724532961E+00,+87.247172434E-03
+3.111985000E-03,+818.537836771E-03,+2.552724532961E+00,+87.897926190E-03
+3.111990000E-03,+807.758942383E-03,+2.552724532961E+00,+88.122172421E-03
+3.111995000E-03,+796.772761620E-03,+2.552724532961E+00,+88.966393509E-03
+3.112000000E-03,+786.615726529E-03,+2.552724532961E+00,+89.071921161E-03
+3.112005000E-03,+775.422259347E-03,+2.552724532961E+00,+89.907348269E-03
+3.112010000E-03,+764.695186580E-03,+2.552724532961E+00,+89.964509091E-03
+3.112015000E-03,+753.449897784E-03,+2.552724532961E+00,+90.711996500E-03
+3.112020000E-03,+741.271820025E-03,+2.552724532961E+00,+90.773554311E-03
+3.112025000E-03,+730.233817641E-03,+2.552724532961E+00,+91.565011566E-03
+3.112030000E-03,+720.076782501E-03,+2.552724532961E+00,+91.556217623E-03
+3.112035000E-03,+707.639596799E-03,+2.552724532961E+00,+92.163001511E-03
+3.112040000E-03,+696.653415949E-03,+2.552724532961E+00,+92.466393488E-03
+3.112045000E-03,+683.957122105E-03,+2.552724532961E+00,+92.739006538E-03
+3.112050000E-03,+671.830865995E-03,+2.552724532961E+00,+93.020413582E-03
+3.112055000E-03,+659.963717867E-03,+2.552724532961E+00,+93.380966329E-03
+3.112060000E-03,+648.200212968E-03,+2.552724532961E+00,+93.548051768E-03
+3.112065000E-03,+635.711205589E-03,+2.552724532961E+00,+93.948177378E-03
+3.112070000E-03,+623.533127788E-03,+2.552724532961E+00,+94.031720090E-03
+3.112075000E-03,+611.251406789E-03,+2.552724532961E+00,+94.427448737E-03
+3.112080000E-03,+597.570502480E-03,+2.552724532961E+00,+94.339509038E-03
+3.112085000E-03,+585.185138277E-03,+2.552724532961E+00,+94.911117075E-03
+3.112090000E-03,+573.214346923E-03,+2.552724532961E+00,+94.594534159E-03
+3.112095000E-03,+559.792550602E-03,+2.552724532961E+00,+95.298051739E-03
+3.112100000E-03,+546.370754341E-03,+2.552724532961E+00,+94.880338184E-03
+3.112105000E-03,+533.518995681E-03,+2.552724532961E+00,+95.535488923E-03
+3.112110000E-03,+519.578983236E-03,+2.552724532961E+00,+95.126569333E-03
+3.112115000E-03,+506.157186887E-03,+2.552724532961E+00,+95.755338163E-03
+3.112120000E-03,+492.113531266E-03,+2.552724532961E+00,+95.280463808E-03
+3.112125000E-03,+479.987275093E-03,+2.552724532961E+00,+95.803705000E-03
+3.112130000E-03,+466.461835501E-03,+2.552724532961E+00,+95.438755260E-03
+3.112135000E-03,+452.418179933E-03,+2.552724532961E+00,+95.737750227E-03
+3.112140000E-03,+438.478167509E-03,+2.552724532961E+00,+95.509107017E-03
+3.112145000E-03,+425.211835989E-03,+2.552724532961E+00,+95.676192445E-03
+3.112150000E-03,+410.546321064E-03,+2.552724532961E+00,+95.399182393E-03
+3.112155000E-03,+395.828984619E-03,+2.552724532961E+00,+95.645413555E-03
+3.112160000E-03,+381.940793785E-03,+2.552724532961E+00,+95.399182385E-03
+3.112165000E-03,+366.497954748E-03,+2.552724532961E+00,+95.438755266E-03
+3.112170000E-03,+352.402477483E-03,+2.552724532961E+00,+95.113378370E-03
+3.112175000E-03,+338.980681148E-03,+2.552724532961E+00,+95.271669837E-03
+3.112180000E-03,+325.403419970E-03,+2.552724532961E+00,+94.823177375E-03
+3.112185000E-03,+310.116045797E-03,+2.552724532961E+00,+95.003453766E-03
+3.112190000E-03,+295.709638884E-03,+2.552724532961E+00,+94.497800492E-03
+3.112195000E-03,+280.888659176E-03,+2.552724532961E+00,+94.625313059E-03
+3.112200000E-03,+265.445820145E-03,+2.552724532961E+00,+94.185614568E-03
+3.112205000E-03,+251.816737305E-03,+2.552724532961E+00,+94.080086937E-03
+3.112210000E-03,+236.581184755E-03,+2.552724532961E+00,+93.877825624E-03
+3.112215000E-03,+221.863848218E-03,+2.552724532961E+00,+93.521669858E-03
+3.112220000E-03,+207.457441366E-03,+2.552724532961E+00,+93.297423624E-03
+3.112225000E-03,+192.221888755E-03,+2.552724532961E+00,+92.923679917E-03
+3.112230000E-03,+176.468120137E-03,+2.552724532961E+00,+92.813755288E-03
+3.112235000E-03,+161.958069984E-03,+2.552724532961E+00,+92.193780428E-03
+3.112240000E-03,+147.188911815E-03,+2.552724532961E+00,+92.141016597E-03
+3.112245000E-03,+130.865105500E-03,+2.552724532961E+00,+91.441896021E-03
+3.112250000E-03,+115.577731224E-03,+2.552724532961E+00,+91.323177414E-03
+3.112255000E-03,+99.927605817E-03,+2.552724532961E+00,+90.795539240E-03
+3.112260000E-03,+85.158447666E-03,+2.552724532961E+00,+90.478956318E-03
+3.112265000E-03,+70.803862371E-03,+2.552724532961E+00,+90.048051810E-03
+3.112270000E-03,+55.205558569E-03,+2.552724532961E+00,+89.529207580E-03
+3.112275000E-03,+39.296325103E-03,+2.552724532961E+00,+89.221418650E-03
+3.112280000E-03,+24.060772477E-03,+2.552724532961E+00,+88.535489008E-03
+3.112285000E-03,+9.498900742E-03,+2.552724532961E+00,+88.298051825E-03
+3.112290000E-03,-4.752041338E-03,+2.552724532961E+00,+87.537373444E-03
+3.112295000E-03,-19.987593885E-03,+2.552724532961E+00,+87.299936253E-03
+3.112300000E-03,-34.394000776E-03,+2.552724532961E+00,+86.438127225E-03
+3.112305000E-03,-49.163158927E-03,+2.552724532961E+00,+86.240262894E-03
+3.112310000E-03,-63.621387387E-03,+2.552724532961E+00,+85.360865933E-03
+3.112315000E-03,-79.634264118E-03,+2.552724532961E+00,+84.965137286E-03
+3.112320000E-03,-94.455243833E-03,+2.552724532961E+00,+84.195664939E-03
+3.112325000E-03,-109.276223606E-03,+2.552724532961E+00,+83.786745338E-03
+3.112330000E-03,-125.962781151E-03,+2.552724532961E+00,+83.004082038E-03
+3.112335000E-03,-140.835582528E-03,+2.552724532961E+00,+82.516016710E-03
+3.112340000E-03,-155.656562312E-03,+2.552724532961E+00,+81.676192600E-03
+3.112345000E-03,-171.721260571E-03,+2.552724532961E+00,+81.218906175E-03
+3.112350000E-03,-186.075845884E-03,+2.552724532961E+00,+80.273554420E-03
+3.112355000E-03,-200.326787946E-03,+2.552724532961E+00,+79.820664984E-03
+3.112360000E-03,-215.147767687E-03,+2.552724532961E+00,+78.818152432E-03
+3.112365000E-03,-230.746071536E-03,+2.552724532961E+00,+78.470790622E-03
+3.112370000E-03,-245.877980922E-03,+2.552724532961E+00,+77.274810741E-03
+3.112375000E-03,-261.631749601E-03,+2.552724532961E+00,+76.967021792E-03
+3.112380000E-03,-275.364475599E-03,+2.552724532961E+00,+75.779835883E-03
+3.112385000E-03,-290.237276954E-03,+2.552724532961E+00,+75.340137390E-03
+3.112390000E-03,-305.939223956E-03,+2.552724532961E+00,+74.306845948E-03
+3.112395000E-03,-320.656560522E-03,+2.552724532961E+00,+73.691268061E-03
+3.112400000E-03,-336.151221131E-03,+2.552724532961E+00,+72.684358526E-03
+3.112405000E-03,-350.713092864E-03,+2.552724532961E+00,+71.892901250E-03
+3.112410000E-03,-364.964034896E-03,+2.552724532961E+00,+70.995916333E-03
+3.112415000E-03,-379.940479485E-03,+2.552724532961E+00,+70.076946504E-03
+3.112420000E-03,-393.776848709E-03,+2.552724532961E+00,+69.373428913E-03
+3.112425000E-03,-408.442363594E-03,+2.552724532961E+00,+68.234609838E-03
+3.112430000E-03,-424.351597081E-03,+2.552724532961E+00,+67.597047014E-03
+3.112435000E-03,-438.550717488E-03,+2.552724532961E+00,+66.299936495E-03
+3.112440000E-03,-452.024335563E-03,+2.552724532961E+00,+65.631594775E-03
+3.112445000E-03,-466.845315174E-03,+2.552724532961E+00,+64.440011894E-03
+3.112450000E-03,-480.318933183E-03,+2.552724532961E+00,+63.767273186E-03
+3.112455000E-03,-494.777161679E-03,+2.552724532961E+00,+62.558102368E-03
+3.112460000E-03,-508.198958032E-03,+2.552724532961E+00,+61.744660142E-03
+3.112465000E-03,-523.019937725E-03,+2.552724532961E+00,+60.614635050E-03
+3.112470000E-03,-535.716231555E-03,+2.552724532961E+00,+59.722047101E-03
+3.112475000E-03,-547.790666184E-03,+2.552724532961E+00,+58.622800897E-03
+3.112480000E-03,-561.834321797E-03,+2.552724532961E+00,+57.747800889E-03
+3.112485000E-03,-575.774334181E-03,+2.552724532961E+00,+56.525439112E-03
+3.112490000E-03,-588.004233622E-03,+2.552724532961E+00,+55.729584835E-03
+3.112495000E-03,-601.322386749E-03,+2.552724532961E+00,+54.423680342E-03
+3.112500000E-03,-614.277788535E-03,+2.552724532961E+00,+53.680589884E-03
+3.112505000E-03,-627.285012021E-03,+2.552724532961E+00,+52.317524583E-03
+3.112510000E-03,-640.188592288E-03,+2.552724532961E+00,+51.543655231E-03
+3.112515000E-03,-652.677599748E-03,+2.552724532961E+00,+50.171795956E-03
+3.112520000E-03,-665.995752820E-03,+2.552724532961E+00,+49.301192952E-03
+3.112525000E-03,-677.189220107E-03,+2.552724532961E+00,+47.977700504E-03
+3.112530000E-03,-689.367297825E-03,+2.552724532961E+00,+46.953203029E-03
+3.112535000E-03,-702.011770007E-03,+2.552724532961E+00,+45.788002035E-03
+3.112540000E-03,-714.708063881E-03,+2.552724532961E+00,+44.666770894E-03
+3.112545000E-03,-727.300714526E-03,+2.552724532961E+00,+43.563127681E-03
+3.112550000E-03,-738.442360124E-03,+2.552724532961E+00,+42.345162879E-03
+3.112555000E-03,-750.516794687E-03,+2.552724532961E+00,+41.144785995E-03
+3.112560000E-03,-762.124834741E-03,+2.552724532961E+00,+39.988378993E-03
+3.112565000E-03,-773.629231550E-03,+2.552724532961E+00,+38.788002099E-03
+3.112570000E-03,-785.444558098E-03,+2.552724532961E+00,+37.596419221E-03
+3.112575000E-03,-796.223452455E-03,+2.552724532961E+00,+36.360866442E-03
+3.112580000E-03,-807.313276479E-03,+2.552724532961E+00,+35.191268495E-03
+3.112585000E-03,-818.040349214E-03,+2.552724532961E+00,+33.907348888E-03
+3.112590000E-03,-828.611957137E-03,+2.552724532961E+00,+32.671796157E-03
+3.112595000E-03,-839.857245957E-03,+2.552724532961E+00,+31.317524798E-03
+3.112600000E-03,-850.221567465E-03,+2.552724532961E+00,+30.196293669E-03
+3.112605000E-03,-860.326780906E-03,+2.552724532961E+00,+28.951946935E-03
+3.112610000E-03,-870.224707921E-03,+2.552724532961E+00,+27.703203242E-03
+3.112615000E-03,-880.122634988E-03,+2.552724532961E+00,+26.542399224E-03
+3.112620000E-03,-891.005172522E-03,+2.552724532961E+00,+25.056218344E-03
+3.112625000E-03,-900.643991492E-03,+2.552724532961E+00,+24.154836433E-03
+3.112630000E-03,-911.111956256E-03,+2.552724532961E+00,+22.444409326E-03
+3.112635000E-03,-921.683564176E-03,+2.552724532961E+00,+21.732097762E-03
+3.112640000E-03,-930.285951033E-03,+2.552724532961E+00,+19.924936995E-03
+3.112645000E-03,-938.888337914E-03,+2.552724532961E+00,+19.190640506E-03
+3.112650000E-03,-948.423513676E-03,+2.552724532961E+00,+17.387876720E-03
+3.112655000E-03,-958.165975864E-03,+2.552724532961E+00,+16.504082746E-03
+3.112660000E-03,-967.182935536E-03,+2.552724532961E+00,+14.877198354E-03
+3.112665000E-03,-975.526214394E-03,+2.552724532961E+00,+13.755967195E-03
+3.112670000E-03,-983.143990679E-03,+2.552724532961E+00,+12.392901897E-03
+3.112675000E-03,-991.124518281E-03,+2.552724532961E+00,+11.021042609E-03
+3.112680000E-03,-999.778726720E-03,+2.552724532961E+00,+9.917399407E-03
+3.112685000E-03,-1.007707432650E+00,+2.552724532961E+00,+8.277324053E-03
+3.112690000E-03,-1.015687960164E+00,+2.552724532961E+00,+7.494660731E-03
+3.112695000E-03,-1.024290347030E+00,+2.552724532961E+00,+5.647927097E-03
+3.112700000E-03,-1.031234442467E+00,+2.552724532961E+00,+4.830087901E-03
+3.112705000E-03,-1.038696753937E+00,+2.552724532961E+00,+3.124057778E-03
+3.112710000E-03,-1.045692670894E+00,+2.552724532961E+00,+2.165515057E-03
+3.112715000E-03,-1.052325836679E+00,+2.552724532961E+00,+573.806552E-06
+3.112720000E-03,-1.059995434602E+00,+2.552724532961E+00,-441.896977E-06
+3.112725000E-03,-1.066369492326E+00,+2.552724532961E+00,-1.972047691E-03
+3.112730000E-03,-1.072639906809E+00,+2.552724532961E+00,-3.119660767E-03
+3.112735000E-03,-1.079273072621E+00,+2.552724532961E+00,-4.513504957E-03
+3.112740000E-03,-1.085025271002E+00,+2.552724532961E+00,-5.784233598E-03
+3.112745000E-03,-1.089896502148E+00,+2.552724532961E+00,-7.094535084E-03
+3.112750000E-03,-1.096270559822E+00,+2.552724532961E+00,-8.330087841E-03
+3.112755000E-03,-1.101608185382E+00,+2.552724532961E+00,-9.891017464E-03
+3.112760000E-03,-1.107256740659E+00,+2.552724532961E+00,-10.823178258E-03
+3.112765000E-03,-1.112542544603E+00,+2.552724532961E+00,-12.590766185E-03
+3.112770000E-03,-1.118294743019E+00,+2.543223905627E+00,-13.500942053E-03
+3.112775000E-03,-1.121093109865E+00,+452.850209418E-03,-15.277323946E-03
+3.112780000E-03,-1.125912519303E+00,-170.736492895E-03,-15.941268667E-03
+3.112785000E-03,-1.129850961522E+00,-168.459483838E-03,-17.889132955E-03
+3.112790000E-03,-1.135344051839E+00,+156.681840535E-03,-18.311243522E-03
+3.112795000E-03,-1.137883310671E+00,+28.070041380E-03,-20.637248505E-03
+3.112800000E-03,-1.142443612126E+00,-77.614635245E-03,-21.112122884E-03
+3.112805000E-03,-1.145345622176E+00,-93.161116484E-03,-23.266645457E-03
+3.112810000E-03,-1.150009566791E+00,-54.923053417E-03,-23.838253501E-03
+3.112815000E-03,-1.152859755261E+00,-30.347046916E-03,-25.720163015E-03
+3.112820000E-03,-1.156176338125E+00,-52.803077506E-03,-26.502826342E-03
+3.112825000E-03,-1.158715596922E+00,-53.902323314E-03,-28.112122803E-03
+3.112830000E-03,-1.161928536528E+00,-57.749685499E-03,-29.224559976E-03
+3.112835000E-03,-1.163690471280E+00,-46.286117624E-03,-30.719534834E-03
+3.112840000E-03,-1.165245119454E+00,-51.546795966E-03,-31.686871503E-03
+3.112845000E-03,-1.167836199847E+00,-50.761620030E-03,-33.322549884E-03
+3.112850000E-03,-1.169287204861E+00,-50.290514584E-03,-34.206343833E-03
+3.112855000E-03,-1.170530923483E+00,-50.604584850E-03,-35.921167942E-03
+3.112860000E-03,-1.172189214841E+00,-46.207600061E-03,-36.615891551E-03
+3.112865000E-03,-1.173899327884E+00,-48.170539632E-03,-38.405464402E-03
+3.112870000E-03,-1.174521187225E+00,-47.228328646E-03,-39.029836252E-03
+3.112875000E-03,-1.175194868099E+00,-49.348303438E-03,-41.026067381E-03
+3.112880000E-03,-1.175713084181E+00,-47.542399006E-03,-41.536117640E-03
+3.112885000E-03,-1.176127657065E+00,-48.013504517E-03,-43.369660320E-03
+3.112890000E-03,-1.175972192246E+00,-47.856469331E-03,-44.038002037E-03
+3.112895000E-03,-1.176334943479E+00,-49.269785910E-03,-45.669283408E-03
+3.112900000E-03,-1.176024013795E+00,-46.914258286E-03,-46.531092459E-03
+3.112905000E-03,-1.174935760108E+00,-47.385363862E-03,-47.955715544E-03
+3.112910000E-03,-1.174469365625E+00,-45.186871334E-03,-48.927449225E-03
+3.112915000E-03,-1.174054792773E+00,-46.757223135E-03,-50.286117533E-03
+3.112920000E-03,-1.173277468618E+00,-46.600187902E-03,-51.301821054E-03
+3.112925000E-03,-1.172344679730E+00,-48.249057302E-03,-52.656092381E-03
+3.112930000E-03,-1.170790031478E+00,-48.092022122E-03,-53.592650174E-03
+3.112935000E-03,-1.170168172204E+00,-46.600187991E-03,-54.933730553E-03
+3.112940000E-03,-1.167784378260E+00,-46.286117630E-03,-55.848303410E-03
+3.112945000E-03,-1.166074265217E+00,-46.835740681E-03,-57.334484299E-03
+3.112950000E-03,-1.163535006458E+00,-46.914258208E-03,-57.932474249E-03
+3.112955000E-03,-1.161306677332E+00,-45.736494479E-03,-59.568152609E-03
+3.112960000E-03,-1.159492921027E+00,-46.364635188E-03,-60.122172718E-03
+3.112965000E-03,-1.156798197469E+00,-45.893529605E-03,-61.771042033E-03
+3.112970000E-03,-1.153015220162E+00,-46.600187901E-03,-62.325062141E-03
+3.112975000E-03,-1.150631426182E+00,-45.893529623E-03,-63.872800806E-03
+3.112980000E-03,-1.146692984001E+00,-46.364635086E-03,-64.519157598E-03
+3.112985000E-03,-1.144361011676E+00,-44.323178007E-03,-65.873428924E-03
+3.112990000E-03,-1.140163461502E+00,-44.794283518E-03,-66.642901289E-03
+3.112995000E-03,-1.136276840948E+00,-46.521670302E-03,-67.904835938E-03
+3.113000000E-03,-1.131975647507E+00,-44.558730769E-03,-68.784232921E-03
+3.113005000E-03,-1.128192670169E+00,-47.228328580E-03,-69.931845970E-03
+3.113010000E-03,-1.124098763185E+00,-44.323177941E-03,-70.644157520E-03
+3.113015000E-03,-1.118398386402E+00,-45.422424149E-03,-71.831343440E-03
+3.113020000E-03,-1.113941728126E+00,-43.302449201E-03,-72.583227846E-03
+3.113025000E-03,-1.108655924111E+00,-45.343906574E-03,-73.858353474E-03
+3.113030000E-03,-1.103059190602E+00,-43.538002131E-03,-74.271670048E-03
+3.113035000E-03,-1.097514278538E+00,-44.715765877E-03,-75.819408729E-03
+3.113040000E-03,-1.091865723350E+00,-44.558730703E-03,-76.030463998E-03
+3.113045000E-03,-1.086579919347E+00,-45.343906501E-03,-77.674936344E-03
+3.113050000E-03,-1.080827720928E+00,-44.009107563E-03,-77.798051914E-03
+3.113055000E-03,-1.074764592868E+00,-43.773554856E-03,-79.526066981E-03
+3.113060000E-03,-1.068753286376E+00,-41.810615209E-03,-79.614006679E-03
+3.113065000E-03,-1.062482871906E+00,-43.852072352E-03,-81.205715193E-03
+3.113070000E-03,-1.055901527723E+00,-43.302449382E-03,-81.465137317E-03
+3.113075000E-03,-1.048750145922E+00,-44.637248217E-03,-82.766644829E-03
+3.113080000E-03,-1.041080548015E+00,-45.893529550E-03,-83.105212677E-03
+3.113085000E-03,-1.034654668667E+00,-45.029836134E-03,-84.367147316E-03
+3.113090000E-03,-1.026725962733E+00,-44.166142701E-03,-84.846418683E-03
+3.113095000E-03,-1.018693613601E+00,-43.066896548E-03,-85.853328214E-03
+3.113100000E-03,-1.010920372462E+00,-42.438755894E-03,-86.429333235E-03
+3.113105000E-03,-1.003147131336E+00,-42.831343768E-03,-87.251569407E-03
+3.113110000E-03,-994.233814892E-03,-41.810615258E-03,-87.853956339E-03
+3.113115000E-03,-987.134254607E-03,-43.223931631E-03,-88.838880949E-03
+3.113120000E-03,-978.220938107E-03,-42.203203053E-03,-89.186242754E-03
+3.113125000E-03,-969.877659415E-03,-42.831343726E-03,-90.281091986E-03
+3.113130000E-03,-961.327094116E-03,-42.595790928E-03,-90.514132192E-03
+3.113135000E-03,-952.413777652E-03,-42.124685418E-03,-91.613378407E-03
+3.113140000E-03,-943.241353127E-03,-42.046167904E-03,-91.745287957E-03
+3.113145000E-03,-932.721566808E-03,-42.360238215E-03,-92.870916082E-03
+3.113150000E-03,-923.963715151E-03,-42.281720628E-03,-92.892901016E-03
+3.113155000E-03,-912.977534364E-03,-43.380966829E-03,-94.097674857E-03
+3.113160000E-03,-903.442358575E-03,-40.161745825E-03,-94.036117085E-03
+3.113165000E-03,-893.440788302E-03,-41.575062406E-03,-95.135363290E-03
+3.113170000E-03,-883.646504532E-03,-40.711368905E-03,-95.166142199E-03
+3.113175000E-03,-874.007685613E-03,-41.967650323E-03,-96.370916032E-03
+3.113180000E-03,-864.213401661E-03,-40.475816113E-03,-96.212624601E-03
+3.113185000E-03,-853.330864089E-03,-42.674308551E-03,-97.281091906E-03
+3.113190000E-03,-842.551969780E-03,-41.575062369E-03,-97.197549220E-03
+3.113195000E-03,-832.032183445E-03,-43.066896561E-03,-98.301192388E-03
+3.113200000E-03,-819.802284151E-03,-41.653579882E-03,-98.094534136E-03
+3.113205000E-03,-809.956178673E-03,-41.339509626E-03,-99.092649676E-03
+3.113210000E-03,-797.933565793E-03,-39.062499612E-03,-98.973931110E-03
+3.113215000E-03,-786.636455272E-03,-39.455087548E-03,-99.958855701E-03
+3.113220000E-03,-774.043804681E-03,-40.946921715E-03,-99.721418543E-03
+3.113225000E-03,-762.487586249E-03,-41.732097531E-03,-100.706343122E-03
+3.113230000E-03,-750.257686895E-03,-41.653579987E-03,-100.649182346E-03
+3.113235000E-03,-739.116041249E-03,-42.909861362E-03,-101.383478800E-03
+3.113240000E-03,-727.197071568E-03,-41.025439185E-03,-101.128453703E-03
+3.113245000E-03,-714.967172198E-03,-40.711368917E-03,-102.038629544E-03
+3.113250000E-03,-702.840916026E-03,-41.103956877E-03,-101.845162235E-03
+3.113255000E-03,-690.973767875E-03,-41.339509632E-03,-102.557473761E-03
+3.113260000E-03,-678.070187587E-03,-40.632851379E-03,-102.390388359E-03
+3.113265000E-03,-665.995753104E-03,-42.988378893E-03,-103.054333055E-03
+3.113270000E-03,-652.522135146E-03,-40.789886461E-03,-102.825689858E-03
+3.113275000E-03,-639.203982038E-03,-41.967650298E-03,-103.419282802E-03
+3.113280000E-03,-626.144936907E-03,-41.260992039E-03,-103.212624525E-03
+3.113285000E-03,-613.655929557E-03,-41.025439228E-03,-103.850187327E-03
+3.113290000E-03,-600.026846796E-03,-41.103956871E-03,-103.436870754E-03
+3.113295000E-03,-586.449585598E-03,-41.339509570E-03,-104.206343100E-03
+3.113300000E-03,-573.856934971E-03,-41.418027219E-03,-103.639132057E-03
+3.113305000E-03,-559.657814566E-03,-42.752826057E-03,-104.399810431E-03
+3.113310000E-03,-547.894309609E-03,-39.219534843E-03,-103.749056682E-03
+3.113315000E-03,-533.539724377E-03,-40.789886504E-03,-104.624056665E-03
+3.113320000E-03,-520.325214456E-03,-39.062499638E-03,-103.806217490E-03
+3.113325000E-03,-506.644310146E-03,-41.025439234E-03,-104.698805410E-03
+3.113330000E-03,-492.134260038E-03,-40.083228208E-03,-103.889760206E-03
+3.113335000E-03,-477.986961170E-03,-41.025439259E-03,-104.725187320E-03
+3.113340000E-03,-463.425089528E-03,-39.769157916E-03,-103.942524019E-03
+3.113345000E-03,-449.070504267E-03,-40.946921691E-03,-104.553704908E-03
+3.113350000E-03,-434.508632490E-03,-39.769157828E-03,-103.960111956E-03
+3.113355000E-03,-419.480366290E-03,-41.339509626E-03,-104.364634563E-03
+3.113360000E-03,-405.333067464E-03,-40.318780981E-03,-103.854584317E-03
+3.113365000E-03,-391.859449509E-03,-41.025439284E-03,-104.193152150E-03
+3.113370000E-03,-377.193934637E-03,-40.318780950E-03,-103.771041600E-03
+3.113375000E-03,-362.269311706E-03,-40.475816175E-03,-103.894157186E-03
+3.113380000E-03,-347.396510287E-03,-40.868404066E-03,-103.542398386E-03
+3.113385000E-03,-332.575530592E-03,-39.298052393E-03,-103.546795383E-03
+3.113390000E-03,-316.925405157E-03,-41.418027207E-03,-103.133478795E-03
+3.113395000E-03,-302.726284602E-03,-40.083228214E-03,-103.186242618E-03
+3.113400000E-03,-287.957126502E-03,-40.475816118E-03,-102.636619508E-03
+3.113405000E-03,-273.084325245E-03,-41.575062337E-03,-102.746544128E-03
+3.113410000E-03,-258.470631835E-03,-40.397298537E-03,-102.245287850E-03
+3.113415000E-03,-243.286900850E-03,-41.025439177E-03,-102.249684840E-03
+3.113420000E-03,-227.325845811E-03,-40.868404142E-03,-101.761619519E-03
+3.113425000E-03,-212.193936384E-03,-41.025439240E-03,-101.629709964E-03
+3.113430000E-03,-197.839351098E-03,-39.690640342E-03,-101.181217522E-03
+3.113435000E-03,-183.536587412E-03,-40.946921659E-03,-100.869031584E-03
+3.113440000E-03,-167.730997191E-03,-41.103956865E-03,-100.499684865E-03
+3.113445000E-03,-151.718120458E-03,-40.632851311E-03,-100.121544145E-03
+3.113450000E-03,-136.482567962E-03,-39.690640310E-03,-99.914885875E-03
+3.113455000E-03,-121.350658451E-03,-40.946921710E-03,-99.272926072E-03
+3.113460000E-03,-105.855997817E-03,-40.554333686E-03,-99.127825583E-03
+3.113465000E-03,-90.620445220E-03,-42.909861299E-03,-98.481468789E-03
+3.113470000E-03,-75.954930302E-03,-39.062499671E-03,-98.142900976E-03
+3.113475000E-03,-60.978485710E-03,-41.103956903E-03,-97.514132125E-03
+3.113480000E-03,-45.587468358E-03,-40.318780988E-03,-97.131594451E-03
+3.113485000E-03,-31.906563957E-03,-40.318780943E-03,-96.683101976E-03
+3.113490000E-03,-17.137405765E-03,-40.946921608E-03,-96.080715063E-03
+3.113495000E-03,-1.124529107E-03,-40.397298492E-03,-95.706971342E-03
+3.113500000E-03,+14.318309890E-03,-39.455087517E-03,-94.884735177E-03
+3.113505000E-03,+30.331186670E-03,-40.946921666E-03,-94.695664814E-03
+3.113510000E-03,+45.929490418E-03,-38.355841387E-03,-93.701946248E-03
+3.113515000E-03,+60.232254176E-03,-38.512876561E-03,-93.596418598E-03
+3.113520000E-03,+74.897769103E-03,-40.161745795E-03,-92.536745254E-03
+3.113525000E-03,+90.651537766E-03,-39.612122679E-03,-92.418026642E-03
+3.113530000E-03,+106.301663218E-03,-41.025439310E-03,-91.318780444E-03
+3.113535000E-03,+120.345318808E-03,-40.554333813E-03,-91.116519122E-03
+3.113540000E-03,+135.425406654E-03,-37.570665555E-03,-90.008478955E-03
+3.113545000E-03,+151.282818561E-03,-40.946921678E-03,-89.625941254E-03
+3.113550000E-03,+166.518371081E-03,-39.533605098E-03,-88.781720162E-03
+3.113555000E-03,+181.132064447E-03,-40.632851426E-03,-88.170539268E-03
+3.113560000E-03,+196.937654700E-03,-40.554333756E-03,-87.352700089E-03
+3.113565000E-03,+211.862277673E-03,-40.711368975E-03,-86.719534260E-03
+3.113570000E-03,+226.216862895E-03,-40.397298537E-03,-85.945664911E-03
+3.113575000E-03,+241.245129108E-03,-41.103956904E-03,-85.224559401E-03
+3.113580000E-03,+255.392428028E-03,-39.376569988E-03,-84.384735281E-03
+3.113585000E-03,+270.057942866E-03,-40.868404027E-03,-83.593278015E-03
+3.113590000E-03,+286.070819600E-03,-39.847675491E-03,-82.788629769E-03
+3.113595000E-03,+301.772766633E-03,-42.046167891E-03,-81.953202658E-03
+3.113600000E-03,+315.453670958E-03,-40.318780982E-03,-81.166142351E-03
+3.113605000E-03,+329.393683457E-03,-41.418027137E-03,-80.194408703E-03
+3.113610000E-03,+344.318306451E-03,-39.690640349E-03,-79.512876039E-03
+3.113615000E-03,+358.569248437E-03,-40.161745833E-03,-78.418026812E-03
+3.113620000E-03,+372.664725694E-03,-40.554333820E-03,-77.916770526E-03
+3.113625000E-03,+387.589348633E-03,-41.182474440E-03,-76.522926329E-03
+3.113630000E-03,+401.995755569E-03,-40.475816104E-03,-76.131594671E-03
+3.113635000E-03,+416.350340791E-03,-41.732097498E-03,-74.614634890E-03
+3.113640000E-03,+430.393996445E-03,-40.318780962E-03,-74.364006748E-03
+3.113645000E-03,+443.712149594E-03,-41.575062226E-03,-72.649182659E-03
+3.113650000E-03,+458.066734838E-03,-40.318780969E-03,-72.477700237E-03
+3.113655000E-03,+471.903103942E-03,-40.083228305E-03,-70.758479155E-03
+3.113660000E-03,+485.013970725E-03,-40.161745905E-03,-70.573805782E-03
+3.113665000E-03,+498.176659001E-03,-41.103956846E-03,-68.841393752E-03
+3.113670000E-03,+511.909385036E-03,-41.339509627E-03,-68.538001787E-03
+3.113675000E-03,+525.590289382E-03,-42.124685446E-03,-66.928705323E-03
+3.113680000E-03,+539.115728922E-03,-40.946921718E-03,-66.405464131E-03
+3.113685000E-03,+551.708379537E-03,-40.004710659E-03,-64.884107363E-03
+3.113690000E-03,+564.819246230E-03,-40.083228188E-03,-64.286117421E-03
+3.113695000E-03,+577.619183301E-03,-39.612122756E-03,-62.821921444E-03
+3.113700000E-03,+590.781871628E-03,-41.418027188E-03,-62.179961662E-03
+3.113705000E-03,+603.426343755E-03,-41.732097550E-03,-60.588253120E-03
+3.113710000E-03,+616.796318576E-03,-40.083228247E-03,-60.078202901E-03
+3.113715000E-03,+628.041607487E-03,-41.025439298E-03,-58.372172746E-03
+3.113720000E-03,+640.634257989E-03,-39.769157944E-03,-57.919283322E-03
+3.113725000E-03,+653.071443820E-03,-42.046167793E-03,-56.261619998E-03
+3.113730000E-03,+665.094056783E-03,-40.475816182E-03,-55.725187873E-03
+3.113735000E-03,+676.442988800E-03,-40.161745788E-03,-53.825690385E-03
+3.113740000E-03,+689.242925845E-03,-39.769157859E-03,-53.385991918E-03
+3.113745000E-03,+701.265538772E-03,-41.967650298E-03,-51.543655227E-03
+3.113750000E-03,+712.096254767E-03,-40.318780956E-03,-51.011620083E-03
+3.113755000E-03,+723.807938067E-03,-41.575062362E-03,-49.318780882E-03
+3.113760000E-03,+735.623264517E-03,-39.769157911E-03,-48.522926638E-03
+3.113765000E-03,+746.661266985E-03,-40.161745847E-03,-47.045539702E-03
+3.113770000E-03,+759.253917552E-03,-40.397298569E-03,-46.003454311E-03
+3.113775000E-03,+770.706492841E-03,-41.496544762E-03,-44.763504553E-03
+3.113780000E-03,+780.759884702E-03,-41.025439200E-03,-43.545539763E-03
+3.113785000E-03,+792.108816619E-03,-41.496544788E-03,-42.433102568E-03
+3.113790000E-03,+801.903100573E-03,-40.318781054E-03,-41.048052353E-03
+3.113795000E-03,+812.422886853E-03,-41.967650298E-03,-40.019157862E-03
+3.113800000E-03,+823.253602783E-03,-40.946921679E-03,-38.559358913E-03
+3.113805000E-03,+832.322384184E-03,-41.418027247E-03,-37.521670449E-03
+3.113810000E-03,+842.997635243E-03,-41.025439233E-03,-36.097047382E-03
+3.113815000E-03,+853.154670310E-03,-40.711368897E-03,-35.054961941E-03
+3.113820000E-03,+862.534381326E-03,-41.418027208E-03,-33.603956951E-03
+3.113825000E-03,+873.209632433E-03,-41.810615064E-03,-32.473931819E-03
+3.113830000E-03,+882.848451408E-03,-42.124685525E-03,-31.058102704E-03
+3.113835000E-03,+893.160951284E-03,-41.418027201E-03,-29.928077582E-03
+3.113840000E-03,+901.452408517E-03,-40.475816136E-03,-28.415514792E-03
+3.113845000E-03,+910.262081820E-03,-40.789886524E-03,-27.276695701E-03
+3.113850000E-03,+919.227219897E-03,-40.240263481E-03,-25.909233405E-03
+3.113855000E-03,+927.881428334E-03,-42.124685485E-03,-24.691268598E-03
+3.113860000E-03,+936.846566490E-03,-40.711368944E-03,-23.336997250E-03
+3.113865000E-03,+943.997948226E-03,-42.517273348E-03,-22.009107824E-03
+3.113870000E-03,+951.771189384E-03,-40.475816116E-03,-20.659233460E-03
+3.113875000E-03,+959.803538549E-03,-42.281720693E-03,-19.331344032E-03
+3.113880000E-03,+967.939530981E-03,-41.418027168E-03,-18.166143035E-03
+3.113885000E-03,+975.090912757E-03,-42.281720613E-03,-16.618404361E-03
+3.113890000E-03,+983.486013209E-03,-42.438755787E-03,-15.554334017E-03
+3.113895000E-03,+989.756427710E-03,-41.496544728E-03,-13.931846601E-03
+3.113900000E-03,+997.529668859E-03,-40.632851284E-03,-13.043655659E-03
+3.113905000E-03,+1.006132055666E+00,-43.145414124E-03,-11.236494870E-03
+3.113910000E-03,+1.011521502849E+00,-40.397298669E-03,-10.546168242E-03
+3.113915000E-03,+1.018051025388E+00,-41.575062436E-03,-8.492776316E-03
+3.113920000E-03,+1.023440472588E+00,-40.868404038E-03,-7.947550173E-03
+3.113925000E-03,+1.029607243857E+00,-42.674308535E-03,-5.982097944E-03
+3.113930000E-03,+1.036654982493E+00,-40.475816123E-03,-5.318153218E-03
+3.113935000E-03,+1.042769932211E+00,-41.653580003E-03,-3.348304009E-03
+3.113940000E-03,+1.049454919480E+00,-41.810615076E-03,-2.614007525E-03
+3.113945000E-03,+1.055673512413E+00,-41.810615137E-03,-789.258805E-06
+3.113950000E-03,+1.060907494804E+00,-42.360238186E-03,-2.198512E-06
+3.113955000E-03,+1.065934190753E+00,-42.281720713E-03,+1.760992425E-03
+3.113960000E-03,+1.072981929344E+00,-24.929334730E-03,+2.723932112E-03
+3.113965000E-03,+1.077024014741E+00,+2.036549880671E+00,+4.456344158E-03
+3.113970000E-03,+1.082154353860E+00,+2.552646015374E+00,+5.239007461E-03
+3.113975000E-03,+1.086196439235E+00,+2.552646015374E+00,+6.896670766E-03
+3.113980000E-03,+1.091223135227E+00,+2.552646015374E+00,+7.820037593E-03
+3.113985000E-03,+1.093814215553E+00,+2.552646015374E+00,+9.600816458E-03
+3.113990000E-03,+1.098840911510E+00,+2.552646015374E+00,+10.453831532E-03
+3.113995000E-03,+1.102468424021E+00,+2.552646015374E+00,+12.199434521E-03
+3.114000000E-03,+1.105577720478E+00,+2.552646015374E+00,+13.021670706E-03
+3.114005000E-03,+1.109723449059E+00,+2.552646015374E+00,+14.688127963E-03
+3.114010000E-03,+1.112573637480E+00,+2.552646015374E+00,+15.787374194E-03
+3.114015000E-03,+1.114439215354E+00,+2.552646015374E+00,+17.269158084E-03
+3.114020000E-03,+1.116823009347E+00,+2.552646015374E+00,+18.465137977E-03
+3.114025000E-03,+1.119465911302E+00,+2.552646015374E+00,+19.647926906E-03
+3.114030000E-03,+1.121072381197E+00,+2.552646015374E+00,+21.116519855E-03
+3.114035000E-03,+1.123922569564E+00,+2.552646015374E+00,+22.211369092E-03
+3.114040000E-03,+1.125788147411E+00,+2.552724532961E+00,+23.578831389E-03
+3.114045000E-03,+1.127239152438E+00,+2.552724532961E+00,+24.717650473E-03
+3.114050000E-03,+1.128534692679E+00,+2.552724532961E+00,+26.243404221E-03
+3.114055000E-03,+1.130659378532E+00,+2.552724532961E+00,+27.298680598E-03
+3.114060000E-03,+1.132680421206E+00,+2.552724532961E+00,+28.732097662E-03
+3.114065000E-03,+1.133146815669E+00,+2.552724532961E+00,+29.804961980E-03
+3.114070000E-03,+1.134131426220E+00,+2.552724532961E+00,+31.181218238E-03
+3.114075000E-03,+1.134494177563E+00,+2.552724532961E+00,+32.372801147E-03
+3.114080000E-03,+1.135012393597E+00,+2.552724532961E+00,+33.581971983E-03
+3.114085000E-03,+1.135634252828E+00,+2.552724532961E+00,+34.852700613E-03
+3.114090000E-03,+1.135686074472E+00,+2.552724532961E+00,+35.938755882E-03
+3.114095000E-03,+1.135997004135E+00,+2.552724532961E+00,+37.293027220E-03
+3.114100000E-03,+1.136152468921E+00,+2.552724532961E+00,+38.282348827E-03
+3.114105000E-03,+1.135323323161E+00,+2.552724532961E+00,+39.698177945E-03
+3.114110000E-03,+1.134131426279E+00,+2.552724532961E+00,+40.705087501E-03
+3.114115000E-03,+1.133975961443E+00,+2.552724532961E+00,+42.028579923E-03
+3.114120000E-03,+1.132784064462E+00,+2.552724532961E+00,+43.088253300E-03
+3.114125000E-03,+1.131177594670E+00,+2.552724532961E+00,+44.301821105E-03
+3.114130000E-03,+1.129622946392E+00,+2.552724532961E+00,+45.480213068E-03
+3.114135000E-03,+1.128793800694E+00,+2.552724532961E+00,+46.482725609E-03
+3.114140000E-03,+1.126461828326E+00,+2.552724532961E+00,+47.687499480E-03
+3.114145000E-03,+1.124233499254E+00,+2.552724532961E+00,+48.676821067E-03
+3.114150000E-03,+1.122419742974E+00,+2.552724532961E+00,+50.044283371E-03
+3.114155000E-03,+1.119465911374E+00,+2.552724532961E+00,+50.897298428E-03
+3.114160000E-03,+1.116408436619E+00,+2.552724532961E+00,+52.203202942E-03
+3.114165000E-03,+1.113506426545E+00,+2.552724532961E+00,+53.069408967E-03
+3.114170000E-03,+1.111329918976E+00,+2.552724532961E+00,+54.234609960E-03
+3.114175000E-03,+1.107650584850E+00,+2.552724532961E+00,+55.267901405E-03
+3.114180000E-03,+1.103401213022E+00,+2.552724532961E+00,+56.349559681E-03
+3.114185000E-03,+1.100706489415E+00,+2.552724532961E+00,+57.409233042E-03
+3.114190000E-03,+1.095627971999E+00,+2.552724532961E+00,+58.341393827E-03
+3.114195000E-03,+1.092155924271E+00,+2.552724532961E+00,+59.427449099E-03
+3.114200000E-03,+1.087025585121E+00,+2.552724532961E+00,+60.276067175E-03
+3.114205000E-03,+1.083035321335E+00,+2.552724532961E+00,+61.414886266E-03
+3.114210000E-03,+1.077956803811E+00,+2.552724532961E+00,+62.320665144E-03
+3.114215000E-03,+1.073137394278E+00,+2.552724532961E+00,+63.305589764E-03
+3.114220000E-03,+1.067851590379E+00,+2.552724532961E+00,+64.259735473E-03
+3.114225000E-03,+1.062980359252E+00,+2.552724532961E+00,+65.235866132E-03
+3.114230000E-03,+1.057487268891E+00,+2.552724532961E+00,+66.163629923E-03
+3.114235000E-03,+1.052046000096E+00,+2.552724532961E+00,+67.166142492E-03
+3.114240000E-03,+1.046656552904E+00,+2.552724532961E+00,+68.001569603E-03
+3.114245000E-03,+1.039919743921E+00,+2.552724532961E+00,+68.894157553E-03
+3.114250000E-03,+1.033908437407E+00,+2.552724532961E+00,+69.835112298E-03
+3.114255000E-03,+1.027689844537E+00,+2.552724532961E+00,+70.696921355E-03
+3.114260000E-03,+1.021056678806E+00,+2.552724532961E+00,+71.527951469E-03
+3.114265000E-03,+1.013698010562E+00,+2.552724532961E+00,+72.521670075E-03
+3.114270000E-03,+1.007583060924E+00,+2.552724532961E+00,+73.207599698E-03
+3.114275000E-03,+1.000172570994E+00,+2.552724532961E+00,+74.254082110E-03
+3.114280000E-03,+993.124832349E-03,+2.552724532961E+00,+74.869659981E-03
+3.114285000E-03,+985.766164132E-03,+2.552724532961E+00,+75.819408724E-03
+3.114290000E-03,+977.111955700E-03,+2.552724532961E+00,+76.448177570E-03
+3.114295000E-03,+970.323325106E-03,+2.552724532961E+00,+77.257222782E-03
+3.114300000E-03,+961.410008586E-03,+2.552724532961E+00,+77.982725294E-03
+3.114305000E-03,+953.533124217E-03,+2.552724532961E+00,+78.734609692E-03
+3.114310000E-03,+945.759883172E-03,+2.552724532961E+00,+79.508479039E-03
+3.114315000E-03,+937.572069070E-03,+2.552724532961E+00,+80.102071985E-03
+3.114320000E-03,+929.798828090E-03,+2.552724532961E+00,+80.985865965E-03
+3.114325000E-03,+920.885511589E-03,+2.552724532961E+00,+81.416770468E-03
+3.114330000E-03,+912.438589522E-03,+2.552724532961E+00,+82.353328266E-03
+3.114335000E-03,+902.799770590E-03,+2.552724532961E+00,+82.669911156E-03
+3.114340000E-03,+893.938275636E-03,+2.552724532961E+00,+83.641644829E-03
+3.114345000E-03,+884.454921550E-03,+2.552724532961E+00,+84.010991542E-03
+3.114350000E-03,+873.676027179E-03,+2.552724532961E+00,+84.718906136E-03
+3.114355000E-03,+865.591856476E-03,+2.552724532961E+00,+85.180589520E-03
+3.114360000E-03,+855.901215784E-03,+2.552724532961E+00,+85.796167426E-03
+3.114365000E-03,+846.003288778E-03,+2.552724532961E+00,+86.398554338E-03
+3.114370000E-03,+836.519934585E-03,+2.552724532961E+00,+86.899810626E-03
+3.114375000E-03,+824.911894564E-03,+2.552724532961E+00,+87.532976433E-03
+3.114380000E-03,+814.547572979E-03,+2.552724532961E+00,+87.858353332E-03
+3.114385000E-03,+804.494181187E-03,+2.552724532961E+00,+88.597046772E-03
+3.114390000E-03,+793.041605919E-03,+2.552724532961E+00,+88.838880962E-03
+3.114395000E-03,+782.832749333E-03,+2.552724532961E+00,+89.511619629E-03
+3.114400000E-03,+772.572070986E-03,+2.552724532961E+00,+89.828202561E-03
+3.114405000E-03,+762.104106227E-03,+2.552724532961E+00,+90.342649772E-03
+3.114410000E-03,+750.081493356E-03,+2.552724532961E+00,+90.641644757E-03
+3.114415000E-03,+739.406242186E-03,+2.552724532961E+00,+91.098931176E-03
+3.114420000E-03,+728.005488567E-03,+2.552724532961E+00,+91.450689969E-03
+3.114425000E-03,+716.915664524E-03,+2.552724532961E+00,+91.934358311E-03
+3.114430000E-03,+705.618554125E-03,+2.552724532961E+00,+92.083855784E-03
+3.114435000E-03,+693.906870735E-03,+2.552724532961E+00,+92.642272879E-03
+3.114440000E-03,+681.417863401E-03,+2.552724532961E+00,+92.721418593E-03
+3.114445000E-03,+670.172574633E-03,+2.552724532961E+00,+93.323805541E-03
+3.114450000E-03,+656.854421463E-03,+2.552724532961E+00,+93.235865815E-03
+3.114455000E-03,+644.417235648E-03,+2.552724532961E+00,+93.948177398E-03
+3.114460000E-03,+632.083693141E-03,+2.552724532961E+00,+93.662373352E-03
+3.114465000E-03,+619.231934490E-03,+2.552724532961E+00,+94.497800496E-03
+3.114470000E-03,+606.898391875E-03,+2.552724532961E+00,+94.036117078E-03
+3.114475000E-03,+593.735703570E-03,+2.552724532961E+00,+94.862750251E-03
+3.114480000E-03,+582.283128278E-03,+2.552724532961E+00,+94.559358281E-03
+3.114485000E-03,+569.742299290E-03,+2.552724532961E+00,+95.104584414E-03
+3.114490000E-03,+556.320502956E-03,+2.552724532961E+00,+94.884735161E-03
+3.114495000E-03,+543.105993062E-03,+2.552724532961E+00,+95.262875864E-03
+3.114500000E-03,+529.114159060E-03,+2.552724532961E+00,+95.210112041E-03
+3.114505000E-03,+515.070503473E-03,+2.552724532961E+00,+95.359609531E-03
+3.114510000E-03,+501.959636752E-03,+2.552724532961E+00,+95.539885899E-03
+3.114515000E-03,+489.626094071E-03,+2.552724532961E+00,+95.469534158E-03
+3.114520000E-03,+476.515227411E-03,+2.552724532961E+00,+95.641016550E-03
+3.114525000E-03,+462.886144638E-03,+2.552724532961E+00,+95.478328132E-03
+3.114530000E-03,+449.878921192E-03,+2.552724532961E+00,+95.746544199E-03
+3.114535000E-03,+434.332438984E-03,+2.552724532961E+00,+95.570664808E-03
+3.114540000E-03,+420.651534651E-03,+2.552724532961E+00,+95.614634653E-03
+3.114545000E-03,+406.607879013E-03,+2.552724532961E+00,+95.566267823E-03
+3.114550000E-03,+391.942364080E-03,+2.552724532961E+00,+95.561870831E-03
+3.114555000E-03,+377.743243611E-03,+2.552724532961E+00,+95.390388427E-03
+3.114560000E-03,+363.595944758E-03,+2.552724532961E+00,+95.249684919E-03
+3.114565000E-03,+349.915040391E-03,+2.552724532961E+00,+95.170539181E-03
+3.114570000E-03,+335.145882235E-03,+2.552724532961E+00,+95.091393466E-03
+3.114575000E-03,+321.568621064E-03,+2.552724532961E+00,+94.853956261E-03
+3.114580000E-03,+307.214035795E-03,+2.552724532961E+00,+94.761619601E-03
+3.114585000E-03,+292.496699279E-03,+2.552724532961E+00,+94.576946213E-03
+3.114590000E-03,+277.675719515E-03,+2.552724532961E+00,+94.471418602E-03
+3.114595000E-03,+263.062026327E-03,+2.552724532961E+00,+94.053705017E-03
+3.114600000E-03,+248.759262548E-03,+2.552724532961E+00,+94.102071864E-03
+3.114605000E-03,+233.264601943E-03,+2.552724532961E+00,+93.640388446E-03
+3.114610000E-03,+218.495443791E-03,+2.552724532961E+00,+93.490890971E-03
+3.114615000E-03,+203.363534401E-03,+2.552724532961E+00,+93.161117092E-03
+3.114620000E-03,+189.008949104E-03,+2.552724532961E+00,+92.835740224E-03
+3.114625000E-03,+172.581499583E-03,+2.552724532961E+00,+92.756594474E-03
+3.114630000E-03,+157.553233465E-03,+2.552724532961E+00,+92.092649782E-03
+3.114635000E-03,+143.043183298E-03,+2.552724532961E+00,+92.110237696E-03
+3.114640000E-03,+126.719376883E-03,+2.552724532961E+00,+91.248428689E-03
+3.114645000E-03,+110.602856984E-03,+2.552724532961E+00,+91.402323134E-03
+3.114650000E-03,+95.678234028E-03,+2.552724532961E+00,+90.430589510E-03
+3.114655000E-03,+81.479113596E-03,+2.552724532961E+00,+90.602071882E-03
+3.114660000E-03,+66.450847426E-03,+2.552724532961E+00,+89.669911122E-03
+3.114665000E-03,+50.489792354E-03,+2.552724532961E+00,+89.749056813E-03
+3.114670000E-03,+35.150596462E-03,+2.552724532961E+00,+88.808102086E-03
+3.114675000E-03,+20.796011294E-03,+2.552724532961E+00,+88.693780441E-03
+3.114680000E-03,+4.834956164E-03,+2.552724532961E+00,+87.959484003E-03
+3.114685000E-03,-9.415985970E-03,+2.552724532961E+00,+87.664885993E-03
+3.114690000E-03,-25.221576196E-03,+2.552724532961E+00,+87.009735264E-03
+3.114695000E-03,-39.887091119E-03,+2.552724532961E+00,+86.517272943E-03
+3.114700000E-03,-53.775281949E-03,+2.552724532961E+00,+85.857725222E-03
+3.114705000E-03,-69.425407361E-03,+2.552724532961E+00,+85.448805624E-03
+3.114710000E-03,-83.728171013E-03,+2.552724532961E+00,+84.652951363E-03
+3.114715000E-03,-99.896512562E-03,+2.552724532961E+00,+84.327574484E-03
+3.114720000E-03,-114.717492380E-03,+2.552724532961E+00,+83.386619725E-03
+3.114725000E-03,-130.419439385E-03,+2.552724532961E+00,+83.061242840E-03
+3.114730000E-03,-144.514916655E-03,+2.552724532961E+00,+82.093906168E-03
+3.114735000E-03,-160.165042115E-03,+2.552724532961E+00,+81.794911189E-03
+3.114740000E-03,-174.986021793E-03,+2.552724532961E+00,+80.691268001E-03
+3.114745000E-03,-191.724401064E-03,+2.552724532961E+00,+80.405463967E-03
+3.114750000E-03,-205.301662249E-03,+2.552724532961E+00,+79.411745395E-03
+3.114755000E-03,-219.811712272E-03,+2.552724532961E+00,+78.906092116E-03
+3.114760000E-03,-234.891800094E-03,+2.552724532961E+00,+77.995916268E-03
+3.114765000E-03,-250.904676768E-03,+2.552724532961E+00,+77.327574549E-03
+3.114770000E-03,-264.792867589E-03,+2.552724532961E+00,+76.619660008E-03
+3.114775000E-03,-280.442993005E-03,+2.552724532961E+00,+75.669911252E-03
+3.114780000E-03,-294.072075866E-03,+2.552724532961E+00,+75.027951477E-03
+3.114785000E-03,-310.240417362E-03,+2.552724532961E+00,+74.056217811E-03
+3.114790000E-03,-324.387716254E-03,+2.552724532961E+00,+73.414258021E-03
+3.114795000E-03,-339.001409555E-03,+2.552724532961E+00,+72.416142453E-03
+3.114800000E-03,-353.926032457E-03,+2.552724532961E+00,+71.734609801E-03
+3.114805000E-03,-367.814223317E-03,+2.552724532961E+00,+70.639760555E-03
+3.114810000E-03,-383.049775942E-03,+2.552724532961E+00,+69.997800771E-03
+3.114815000E-03,-397.404361123E-03,+2.552724532961E+00,+68.920539470E-03
+3.114820000E-03,-412.380805734E-03,+2.552724532961E+00,+68.080715368E-03
+3.114825000E-03,-426.631747744E-03,+2.552724532961E+00,+67.135363608E-03
+3.114830000E-03,-443.111018919E-03,+2.552724532961E+00,+66.295539513E-03
+3.114835000E-03,-455.910956051E-03,+2.552724532961E+00,+65.156720408E-03
+3.114840000E-03,-469.591860475E-03,+2.552724532961E+00,+64.435614908E-03
+3.114845000E-03,-483.790980814E-03,+2.552724532961E+00,+63.186871187E-03
+3.114850000E-03,-498.197387661E-03,+2.552724532961E+00,+62.540514435E-03
+3.114855000E-03,-512.914724221E-03,+2.552724532961E+00,+61.203831010E-03
+3.114860000E-03,-526.129234149E-03,+2.552724532961E+00,+60.579459175E-03
+3.114865000E-03,-538.773706346E-03,+2.552724532961E+00,+59.190011930E-03
+3.114870000E-03,-553.024648429E-03,+2.552724532961E+00,+58.508479295E-03
+3.114875000E-03,-565.928228775E-03,+2.552724532961E+00,+57.145413972E-03
+3.114880000E-03,-579.401846668E-03,+2.552724532961E+00,+56.459484339E-03
+3.114885000E-03,-593.186394176E-03,+2.552724532961E+00,+55.263504442E-03
+3.114890000E-03,-605.882688078E-03,+2.552724532961E+00,+54.256594912E-03
+3.114895000E-03,-618.578981926E-03,+2.552724532961E+00,+53.192524558E-03
+3.114900000E-03,-631.897135069E-03,+2.552724532961E+00,+52.044911525E-03
+3.114905000E-03,-645.370752971E-03,+2.552724532961E+00,+51.152323578E-03
+3.114910000E-03,-657.859760385E-03,+2.552724532961E+00,+49.798052262E-03
+3.114915000E-03,-670.037838252E-03,+2.552724532961E+00,+48.989007016E-03
+3.114920000E-03,-683.096883304E-03,+2.552724532961E+00,+47.661117617E-03
+3.114925000E-03,-695.482247404E-03,+2.552724532961E+00,+46.715765826E-03
+3.114930000E-03,-707.401217185E-03,+2.552724532961E+00,+45.387876433E-03
+3.114935000E-03,-720.045689435E-03,+2.552724532961E+00,+44.354584950E-03
+3.114940000E-03,-732.482875192E-03,+2.552724532961E+00,+43.119032234E-03
+3.114945000E-03,-744.039093666E-03,+2.552724532961E+00,+41.967022162E-03
+3.114950000E-03,-756.787209083E-03,+2.552724532961E+00,+40.801821203E-03
+3.114955000E-03,-767.669746704E-03,+2.552724532961E+00,+39.526695565E-03
+3.114960000E-03,-779.329608393E-03,+2.552724532961E+00,+38.489007150E-03
+3.114965000E-03,-790.574897242E-03,+2.552724532961E+00,+37.191896583E-03
+3.114970000E-03,-802.079294079E-03,+2.552724532961E+00,+35.929961949E-03
+3.114975000E-03,-812.910010053E-03,+2.552724532961E+00,+34.760363956E-03
+3.114980000E-03,-823.688904336E-03,+2.552724532961E+00,+33.480841372E-03
+3.114985000E-03,-835.245122855E-03,+2.552724532961E+00,+32.364007202E-03
+3.114990000E-03,-845.764909174E-03,+2.552724532961E+00,+30.930590150E-03
+3.114995000E-03,-855.973765893E-03,+2.552724532961E+00,+29.963253456E-03
