x-axis,1,2,3
second,Volt,Volt,Volt
+3.105000000E-03,-437.721571988E-03,+2.552724532961E+00,+69.465765588E-03
+3.105005000E-03,-452.905302981E-03,+2.552724532961E+00,+68.573177658E-03
+3.105010000E-03,-467.933569152E-03,+2.552724532961E+00,+67.575062090E-03
+3.105015000E-03,-482.029046387E-03,+2.552724532961E+00,+66.673680191E-03
+3.105020000E-03,-496.746382913E-03,+2.552724532961E+00,+65.745916381E-03
+3.105025000E-03,-511.256433009E-03,+2.552724532961E+00,+64.800564633E-03
+3.105030000E-03,-524.833694170E-03,+2.552724532961E+00,+63.885991778E-03
+3.105035000E-03,-538.203668902E-03,+2.552724532961E+00,+62.874685256E-03
+3.105040000E-03,-552.506432567E-03,+2.552724532961E+00,+62.008479235E-03
+3.105045000E-03,-566.601909803E-03,+2.552724532961E+00,+60.966393820E-03
+3.105050000E-03,-580.956495076E-03,+2.552724532961E+00,+59.990263177E-03
+3.105055000E-03,-593.911896947E-03,+2.552724532961E+00,+58.895413942E-03
+3.105060000E-03,-607.385514894E-03,+2.552724532961E+00,+58.099559679E-03
+3.105065000E-03,-620.755489624E-03,+2.552724532961E+00,+56.815640095E-03
+3.105070000E-03,-634.021821141E-03,+2.552724532961E+00,+56.028579802E-03
+3.105075000E-03,-648.376406414E-03,+2.552724532961E+00,+54.647926551E-03
+3.105080000E-03,-660.865413819E-03,+2.552724532961E+00,+53.944408970E-03
+3.105085000E-03,-673.717172474E-03,+2.552724532961E+00,+52.563755719E-03
+3.105090000E-03,-686.828039167E-03,+2.552724532961E+00,+51.851444168E-03
+3.105095000E-03,-698.850652105E-03,+2.552724532961E+00,+50.404836144E-03
+3.105100000E-03,-711.754232368E-03,+2.552724532961E+00,+49.701318563E-03
+3.105105000E-03,-724.087774949E-03,+2.552724532961E+00,+48.175564811E-03
+3.105110000E-03,-737.302284858E-03,+2.552724532961E+00,+47.384107533E-03
+3.105115000E-03,-749.687649046E-03,+2.552724532961E+00,+46.060615085E-03
+3.105120000E-03,-762.383942881E-03,+2.552724532961E+00,+45.058102533E-03
+3.105125000E-03,-773.991982958E-03,+2.552724532961E+00,+43.813755813E-03
+3.105130000E-03,-785.600023034E-03,+2.552724532961E+00,+42.718906578E-03
+3.105135000E-03,-797.726279186E-03,+2.552724532961E+00,+41.448177948E-03
+3.105140000E-03,-809.386140870E-03,+2.552724532961E+00,+40.269786001E-03
+3.105145000E-03,-819.802283975E-03,+2.552724532961E+00,+39.139760888E-03
+3.105150000E-03,-831.928540126E-03,+2.552724532961E+00,+37.869032258E-03
+3.105155000E-03,-843.173828950E-03,+2.552724532961E+00,+36.747801114E-03
+3.105160000E-03,-853.019934373E-03,+2.552724532961E+00,+35.441896606E-03
+3.105165000E-03,-864.057936766E-03,+2.552724532961E+00,+34.430590084E-03
+3.105170000E-03,-874.785009515E-03,+2.552724532961E+00,+32.847675528E-03
+3.105175000E-03,-885.201152619E-03,+2.552724532961E+00,+31.946293628E-03
+3.105180000E-03,-896.653727875E-03,+2.552724532961E+00,+30.301821284E-03
+3.105185000E-03,-907.536265446E-03,+2.552724532961E+00,+29.567524809E-03
+3.105190000E-03,-917.330549261E-03,+2.552724532961E+00,+27.760364025E-03
+3.105195000E-03,-927.383941113E-03,+2.552724532961E+00,+27.144786142E-03
+3.105200000E-03,-937.022760104E-03,+2.552724532961E+00,+25.196921841E-03
+3.105205000E-03,-947.542546424E-03,+2.552724532961E+00,+24.748429383E-03
+3.105210000E-03,-957.129543808E-03,+2.552724532961E+00,+22.549936945E-03
+3.105215000E-03,-967.079292446E-03,+2.552724532961E+00,+22.242148003E-03
+3.105220000E-03,-976.251716972E-03,+2.552724532961E+00,+20.188756066E-03
+3.105225000E-03,-984.802282208E-03,+2.552724532961E+00,+19.555590243E-03
+3.105230000E-03,-993.974706730E-03,+2.552724532961E+00,+17.708856595E-03
+3.105235000E-03,-1.002110699107E+00,+2.552724532961E+00,+16.847047559E-03
+3.105240000E-03,-1.010453977912E+00,+2.552724532961E+00,+15.193781245E-03
+3.105245000E-03,-1.020714656191E+00,+2.552724532961E+00,+14.129710904E-03
+3.105250000E-03,-1.027762394812E+00,+2.552724532961E+00,+12.718278759E-03
+3.105255000E-03,-1.036157495225E+00,+2.552724532961E+00,+11.447550129E-03
+3.105260000E-03,-1.044863525281E+00,+2.552724532961E+00,+10.247173257E-03
+3.105265000E-03,-1.051548512649E+00,+2.552724532961E+00,+8.862123021E-03
+3.105270000E-03,-1.060513650740E+00,+2.552724532961E+00,+7.740891877E-03
+3.105275000E-03,-1.068494178295E+00,+2.552724532961E+00,+6.219535110E-03
+3.105280000E-03,-1.074350019941E+00,+2.552724532961E+00,+5.032349193E-03
+3.105285000E-03,-1.082278725887E+00,+2.552724532961E+00,+3.647298957E-03
+3.105290000E-03,-1.089274642897E+00,+2.552724532961E+00,+2.433731130E-03
+3.105295000E-03,-1.095234127758E+00,+2.552724532961E+00,+1.101444713E-03
+3.105300000E-03,-1.102333687984E+00,+2.552724532961E+00,-213.253766E-06
+3.105305000E-03,-1.109122318561E+00,+2.552724532961E+00,-1.431218577E-03
+3.105310000E-03,-1.114978160209E+00,+2.552724532961E+00,-2.807474844E-03
+3.105315000E-03,-1.120989466674E+00,+2.552724532961E+00,-3.990263776E-03
+3.105320000E-03,-1.126327092247E+00,+2.552724532961E+00,-5.472047679E-03
+3.105325000E-03,-1.132182933895E+00,+2.552724532961E+00,-6.725188369E-03
+3.105330000E-03,-1.137209629820E+00,+2.552724532961E+00,-8.039886848E-03
+3.105335000E-03,-1.141459001636E+00,+2.552724532961E+00,-9.420540099E-03
+3.105340000E-03,-1.146796627206E+00,+2.552724532961E+00,-10.625313956E-03
+3.105345000E-03,-1.151616036700E+00,+2.552724532961E+00,-12.107097860E-03
+3.105350000E-03,-1.157160948702E+00,+2.552724532961E+00,-13.289886792E-03
+3.105355000E-03,-1.161047569267E+00,+1.243757840134E+00,-14.683730998E-03
+3.105360000E-03,-1.165141476257E+00,-156.760362532E-03,-15.844535006E-03
+3.105365000E-03,-1.169753599323E+00,-183.377824658E-03,-17.115263635E-03
+3.105370000E-03,-1.172396501306E+00,+24.850816064E-03,-18.500313872E-03
+3.105375000E-03,-1.177630483659E+00,+133.126569111E-03,-19.709484712E-03
+3.105380000E-03,-1.181517104221E+00,-83.896041809E-03,-21.314384193E-03
+3.105385000E-03,-1.183900898166E+00,-78.792398630E-03,-22.259735942E-03
+3.105390000E-03,-1.187113837828E+00,-86.644157413E-03,-23.921796226E-03
+3.105395000E-03,-1.189238523737E+00,-18.804962108E-03,-24.788002246E-03
+3.105400000E-03,-1.192917857869E+00,-56.414886325E-03,-26.718278607E-03
+3.105405000E-03,-1.195301651813E+00,-49.269785898E-03,-27.320665536E-03
+3.105410000E-03,-1.197374516113E+00,-61.989635013E-03,-29.321293654E-03
+3.105415000E-03,-1.199602845233E+00,-48.013504520E-03,-29.985238372E-03
+3.105420000E-03,-1.201520244710E+00,-53.038630081E-03,-31.691268503E-03
+3.105425000E-03,-1.202142104002E+00,-50.290514538E-03,-32.539886586E-03
+3.105430000E-03,-1.203593109014E+00,-52.489006975E-03,-34.157977020E-03
+3.105435000E-03,-1.204422254731E+00,-49.897926601E-03,-35.129710679E-03
+3.105440000E-03,-1.205821438134E+00,-49.976444182E-03,-36.620288551E-03
+3.105445000E-03,-1.206598762248E+00,-46.914258293E-03,-37.596419195E-03
+3.105450000E-03,-1.207168799929E+00,-49.269785902E-03,-39.060615158E-03
+3.105455000E-03,-1.208619804938E+00,-48.013504510E-03,-40.151067409E-03
+3.105460000E-03,-1.208464340116E+00,-49.662373837E-03,-41.637248296E-03
+3.105465000E-03,-1.207946124040E+00,-49.269785906E-03,-42.507851303E-03
+3.105470000E-03,-1.207790659219E+00,-49.583856253E-03,-44.161117616E-03
+3.105475000E-03,-1.208308875294E+00,-49.976444193E-03,-44.807474394E-03
+3.105480000E-03,-1.207324264753E+00,-50.369032125E-03,-46.702574875E-03
+3.105485000E-03,-1.206598762249E+00,-48.170539684E-03,-47.159861303E-03
+3.105490000E-03,-1.206495119032E+00,-47.777951746E-03,-49.098931633E-03
+3.105495000E-03,-1.203904038656E+00,-46.678705527E-03,-49.455087409E-03
+3.105500000E-03,-1.203800395443E+00,-47.699434164E-03,-51.446921558E-03
+3.105505000E-03,-1.201416601500E+00,-48.563127618E-03,-51.833856228E-03
+3.105510000E-03,-1.200535634171E+00,-47.777951752E-03,-53.693780831E-03
+3.105515000E-03,-1.197478159332E+00,-47.306846227E-03,-54.212625047E-03
+3.105520000E-03,-1.195975332714E+00,-48.641645209E-03,-55.901067239E-03
+3.105525000E-03,-1.193539717162E+00,-47.071293463E-03,-56.534233062E-03
+3.105530000E-03,-1.191104101610E+00,-47.149811051E-03,-58.077574754E-03
+3.105535000E-03,-1.187839340341E+00,-46.129082421E-03,-58.776695350E-03
+3.105540000E-03,-1.184989151928E+00,-45.029836206E-03,-60.166142571E-03
+3.105545000E-03,-1.181983498695E+00,-46.678705527E-03,-61.001569697E-03
+3.105550000E-03,-1.178874202244E+00,-46.050564832E-03,-62.382222949E-03
+3.105555000E-03,-1.176075835439E+00,-45.108353796E-03,-63.116519424E-03
+3.105560000E-03,-1.171670998802E+00,-45.893529666E-03,-64.532348554E-03
+3.105565000E-03,-1.168354415925E+00,-45.893529662E-03,-65.253454074E-03
+3.105570000E-03,-1.163794114466E+00,-45.265388962E-03,-66.686871144E-03
+3.105575000E-03,-1.160062958728E+00,-45.579459309E-03,-67.227700284E-03
+3.105580000E-03,-1.156435446203E+00,-46.286117603E-03,-68.722675142E-03
+3.105585000E-03,-1.150424139740E+00,-46.207600011E-03,-69.241519358E-03
+3.105590000E-03,-1.146122946317E+00,-44.794283446E-03,-70.639760549E-03
+3.105595000E-03,-1.141199893603E+00,-44.872801021E-03,-71.167398735E-03
+3.105600000E-03,-1.135758624817E+00,-46.050564834E-03,-72.477700227E-03
+3.105605000E-03,-1.130991036930E+00,-46.757223114E-03,-73.229584643E-03
+3.105610000E-03,-1.124513335994E+00,-44.872801031E-03,-74.407976588E-03
+3.105615000E-03,-1.118139278277E+00,-45.893529650E-03,-75.282976581E-03
+3.105620000E-03,-1.112698009489E+00,-45.186871373E-03,-76.092021797E-03
+3.105625000E-03,-1.104924768370E+00,-45.736494476E-03,-77.182474048E-03
+3.105630000E-03,-1.098706175473E+00,-45.108353790E-03,-77.859609717E-03
+3.105635000E-03,-1.092539404177E+00,-46.286117592E-03,-78.980840863E-03
+3.105640000E-03,-1.086476276103E+00,-43.852072398E-03,-79.574433820E-03
+3.105645000E-03,-1.080516791240E+00,-43.459484460E-03,-80.700061949E-03
+3.105650000E-03,-1.073261766193E+00,-44.166142742E-03,-81.315639831E-03
+3.105655000E-03,-1.066369492399E+00,-44.872801023E-03,-82.291770475E-03
+3.105660000E-03,-1.059529040215E+00,-44.244660338E-03,-83.039257903E-03
+3.105665000E-03,-1.051030296584E+00,-44.244660326E-03,-83.958227743E-03
+3.105670000E-03,-1.043308877067E+00,-42.988378941E-03,-84.701318187E-03
+3.105675000E-03,-1.035224706300E+00,-43.538002043E-03,-85.431217678E-03
+3.105680000E-03,-1.026881427498E+00,-43.695037218E-03,-86.249056864E-03
+3.105685000E-03,-1.018538148689E+00,-44.323177918E-03,-86.939383491E-03
+3.105690000E-03,-1.009832118634E+00,-44.558730671E-03,-87.739634737E-03
+3.105695000E-03,-1.000400586074E+00,-42.438755826E-03,-88.324433727E-03
+3.105700000E-03,-991.487269585E-03,-43.302449284E-03,-89.159860853E-03
+3.105705000E-03,-983.040347566E-03,-42.909861348E-03,-89.709483964E-03
+3.105710000E-03,-973.764279824E-03,-42.517273412E-03,-90.500941241E-03
+3.105715000E-03,-964.332747259E-03,-42.517273417E-03,-91.050564351E-03
+3.105720000E-03,-954.175712199E-03,-43.852072400E-03,-91.921167356E-03
+3.105725000E-03,-945.210574100E-03,-42.517273411E-03,-92.290514087E-03
+3.105730000E-03,-935.157182257E-03,-42.046167895E-03,-93.165514076E-03
+3.105735000E-03,-924.326466286E-03,-43.459484455E-03,-93.490890957E-03
+3.105740000E-03,-914.428539254E-03,-43.223931698E-03,-94.317524115E-03
+3.105745000E-03,-902.924142396E-03,-42.595791000E-03,-94.489006526E-03
+3.105750000E-03,-892.404356077E-03,-41.732097537E-03,-95.447549227E-03
+3.105755000E-03,-881.210888858E-03,-41.732097541E-03,-95.632222594E-03
+3.105760000E-03,-871.572069861E-03,-42.909861351E-03,-96.533604492E-03
+3.105765000E-03,-860.482245870E-03,-41.653579962E-03,-96.718277859E-03
+3.105770000E-03,-850.117924363E-03,-42.281720649E-03,-97.487750211E-03
+3.105775000E-03,-838.147133042E-03,-43.695037210E-03,-97.760363275E-03
+3.105780000E-03,-827.316417076E-03,-42.203203065E-03,-98.349559247E-03
+3.105785000E-03,-815.812020216E-03,-41.575062376E-03,-98.732096932E-03
+3.105790000E-03,-803.841228887E-03,-41.339509611E-03,-99.101443661E-03
+3.105795000E-03,-791.818615951E-03,-41.810615121E-03,-99.734609485E-03
+3.105800000E-03,-779.796003013E-03,-42.124685477E-03,-99.844534106E-03
+3.105805000E-03,-767.203352392E-03,-41.496544779E-03,-100.442524050E-03
+3.105810000E-03,-754.610701773E-03,-43.066896520E-03,-100.631594399E-03
+3.105815000E-03,-741.966229548E-03,-41.967650313E-03,-101.185614494E-03
+3.105820000E-03,-731.705551267E-03,-42.909861352E-03,-101.273554191E-03
+3.105825000E-03,-717.299144382E-03,-40.789886503E-03,-101.792398407E-03
+3.105830000E-03,-705.328353057E-03,-41.967650309E-03,-101.862750164E-03
+3.105835000E-03,-692.528416015E-03,-42.438755820E-03,-102.412373275E-03
+3.105840000E-03,-679.313906104E-03,-40.868404088E-03,-102.381594380E-03
+3.105845000E-03,-666.410325837E-03,-40.475816148E-03,-102.825689854E-03
+3.105850000E-03,-653.506745572E-03,-41.103956848E-03,-102.900438595E-03
+3.105855000E-03,-637.701155298E-03,-40.868404072E-03,-103.326946130E-03
+3.105860000E-03,-625.056683069E-03,-41.182474438E-03,-103.151066733E-03
+3.105865000E-03,-611.272135475E-03,-40.946921676E-03,-103.749056678E-03
+3.105870000E-03,-599.301344142E-03,-41.653579955E-03,-103.406091856E-03
+3.105875000E-03,-584.635829227E-03,-41.103956849E-03,-104.131594362E-03
+3.105880000E-03,-571.369497710E-03,-41.810615125E-03,-103.674307934E-03
+3.105885000E-03,-557.222198861E-03,-41.653579950E-03,-104.342649637E-03
+3.105890000E-03,-543.593116094E-03,-41.418027195E-03,-103.841393360E-03
+3.105895000E-03,-530.119498155E-03,-40.868404081E-03,-104.487750138E-03
+3.105900000E-03,-516.904988241E-03,-40.004710634E-03,-104.109609437E-03
+3.105905000E-03,-501.306684388E-03,-41.182474433E-03,-104.474559183E-03
+3.105910000E-03,-486.641169476E-03,-40.240263395E-03,-104.228328029E-03
+3.105915000E-03,-471.457438485E-03,-41.339509606E-03,-104.404207425E-03
+3.105920000E-03,-457.258318031E-03,-41.889132719E-03,-104.355840591E-03
+3.105925000E-03,-441.970943823E-03,-41.653579949E-03,-104.285488834E-03
+3.105930000E-03,-426.942677653E-03,-40.554333746E-03,-104.391016469E-03
+3.105935000E-03,-411.396195410E-03,-41.810615128E-03,-104.056845620E-03
+3.105940000E-03,-397.093431740E-03,-39.533605112E-03,-104.285488832E-03
+3.105945000E-03,-383.153419327E-03,-40.711368918E-03,-103.907348135E-03
+3.105950000E-03,-367.555115477E-03,-40.946921671E-03,-103.933730042E-03
+3.105955000E-03,-351.853168414E-03,-41.653579954E-03,-103.788629543E-03
+3.105960000E-03,-336.254864561E-03,-43.302449271E-03,-103.652323009E-03
+3.105965000E-03,-321.019311956E-03,-41.260992030E-03,-103.520413467E-03
+3.105970000E-03,-306.612905071E-03,-41.339509604E-03,-103.282976279E-03
+3.105975000E-03,-290.340920325E-03,-40.789886501E-03,-103.384106934E-03
+3.105980000E-03,-275.312654150E-03,-43.066896516E-03,-102.856468747E-03
+3.105985000E-03,-259.921636737E-03,-41.575062370E-03,-102.918026537E-03
+3.105990000E-03,-244.426976093E-03,-41.103956859E-03,-102.166142121E-03
+3.105995000E-03,-228.517742591E-03,-42.674308583E-03,-102.390388351E-03
+3.106000000E-03,-212.453044270E-03,-42.909861351E-03,-101.805589362E-03
+3.106005000E-03,-197.476599712E-03,-41.967650301E-03,-101.678076801E-03
+3.106010000E-03,-182.137403899E-03,-42.124685475E-03,-101.207599419E-03
+3.106015000E-03,-167.316424160E-03,-41.260992023E-03,-101.093277812E-03
+3.106020000E-03,-151.148082623E-03,-43.380966872E-03,-100.662373294E-03
+3.106025000E-03,-134.616989838E-03,-40.004710630E-03,-100.363378323E-03
+3.106030000E-03,-118.707756335E-03,-40.789886495E-03,-99.879709986E-03
+3.106035000E-03,-102.435771581E-03,-41.260992019E-03,-99.598302954E-03
+3.106040000E-03,-87.562970240E-03,-41.810615131E-03,-99.149810496E-03
+3.106045000E-03,-71.239163885E-03,-40.946921666E-03,-98.784860753E-03
+3.106050000E-03,-57.091865036E-03,-40.789886503E-03,-98.217649701E-03
+3.106055000E-03,-41.597204395E-03,-41.260992022E-03,-98.024182368E-03
+3.106060000E-03,-26.879867874E-03,-40.711368923E-03,-97.118403483E-03
+3.106065000E-03,-9.934202222E-03,-40.632851324E-03,-97.074433635E-03
+3.106070000E-03,+5.975031274E-03,-40.789886500E-03,-95.988378370E-03
+3.106075000E-03,+21.314227091E-03,-42.046167891E-03,-96.142272840E-03
+3.106080000E-03,+37.119817374E-03,-41.653579965E-03,-95.025438681E-03
+3.106085000E-03,+52.044440335E-03,-41.496544785E-03,-94.963880893E-03
+3.106090000E-03,+68.109138651E-03,-39.612122689E-03,-93.948177387E-03
+3.106095000E-03,+83.759264108E-03,-41.260992014E-03,-93.719534173E-03
+3.106100000E-03,+99.772140820E-03,-40.632851324E-03,-92.818152274E-03
+3.106105000E-03,+115.836839142E-03,-41.260992029E-03,-92.514760316E-03
+3.106110000E-03,+129.880494780E-03,-42.752826172E-03,-91.696921131E-03
+3.106115000E-03,+147.758949353E-03,-41.967650309E-03,-91.178076914E-03
+3.106120000E-03,+162.268999452E-03,-41.575062369E-03,-90.456971394E-03
+3.106125000E-03,+177.970946528E-03,-41.339509597E-03,-89.775438739E-03
+3.106130000E-03,+193.517428765E-03,-41.025439263E-03,-89.195036733E-03
+3.106135000E-03,+209.271197438E-03,-42.046167886E-03,-88.434358351E-03
+3.106140000E-03,+224.299463612E-03,-40.868404096E-03,-87.766016648E-03
+3.106145000E-03,+240.156875494E-03,-43.066896523E-03,-87.080087010E-03
+3.106150000E-03,+255.185141679E-03,-40.161745806E-03,-86.213880986E-03
+3.106155000E-03,+271.198018380E-03,-41.496544788E-03,-85.708227728E-03
+3.106160000E-03,+286.537214198E-03,-41.496544783E-03,-84.635363415E-03
+3.106165000E-03,+301.617301976E-03,-40.711368908E-03,-84.142901111E-03
+3.106170000E-03,+317.526535475E-03,-42.281720646E-03,-83.083227754E-03
+3.106175000E-03,+333.539412185E-03,-41.103956833E-03,-82.529207660E-03
+3.106180000E-03,+347.220316566E-03,-41.810615133E-03,-81.412373500E-03
+3.106185000E-03,+362.196761134E-03,-41.260992019E-03,-80.766016725E-03
+3.106190000E-03,+377.276848905E-03,-41.025439266E-03,-79.728328292E-03
+3.106195000E-03,+392.046007038E-03,-41.496544772E-03,-79.011619759E-03
+3.106200000E-03,+406.556057137E-03,-41.575062374E-03,-78.088252934E-03
+3.106205000E-03,+421.739788132E-03,-41.496544775E-03,-77.085740383E-03
+3.106210000E-03,+435.731622146E-03,-41.810615124E-03,-76.298680088E-03
+3.106215000E-03,+450.967174740E-03,-41.260992025E-03,-75.234609750E-03
+3.106220000E-03,+464.233506265E-03,-41.496544785E-03,-74.495916287E-03
+3.106225000E-03,+479.158129221E-03,-41.653579963E-03,-73.339509268E-03
+3.106230000E-03,+493.201784834E-03,-40.868404101E-03,-72.495288169E-03
+3.106235000E-03,+506.623581191E-03,-41.732097547E-03,-71.659861044E-03
+3.106240000E-03,+519.838091097E-03,-40.475816156E-03,-70.608981656E-03
+3.106245000E-03,+535.280930127E-03,-40.475816160E-03,-69.698805790E-03
+3.106250000E-03,+548.547261650E-03,-40.946921654E-03,-68.568780673E-03
+3.106255000E-03,+562.072701195E-03,-40.632851316E-03,-67.794911336E-03
+3.106260000E-03,+575.442675933E-03,-41.810615139E-03,-66.357097281E-03
+3.106265000E-03,+588.657185842E-03,-40.632851333E-03,-65.789886232E-03
+3.106270000E-03,+603.322700753E-03,-40.789886503E-03,-64.325690268E-03
+3.106275000E-03,+616.226281025E-03,-40.083228218E-03,-63.705715399E-03
+3.106280000E-03,+629.751720569E-03,-41.418027200E-03,-62.118403860E-03
+3.106285000E-03,+642.240727979E-03,-39.219534768E-03,-61.546795824E-03
+3.106290000E-03,+655.196129846E-03,-41.732097537E-03,-60.060614938E-03
+3.106295000E-03,+667.892423683E-03,-40.632851321E-03,-59.339509415E-03
+3.106300000E-03,+680.070501449E-03,-41.103956858E-03,-57.985238075E-03
+3.106305000E-03,+692.041292771E-03,-41.260992023E-03,-57.132223007E-03
+3.106310000E-03,+705.100337860E-03,-41.260992015E-03,-55.760363729E-03
+3.106315000E-03,+718.055739728E-03,-41.496544768E-03,-54.876569766E-03
+3.106320000E-03,+729.560136595E-03,-41.732097551E-03,-53.495916515E-03
+3.106325000E-03,+741.116355061E-03,-42.124685480E-03,-52.585740645E-03
+3.106330000E-03,+753.916292108E-03,-42.124685480E-03,-51.064383877E-03
+3.106335000E-03,+766.871693967E-03,-41.653579958E-03,-50.299308509E-03
+3.106340000E-03,+777.754231544E-03,-41.653579953E-03,-48.637248224E-03
+3.106345000E-03,+789.828666093E-03,-41.653579940E-03,-47.986494464E-03
+3.106350000E-03,+799.882057953E-03,-41.025439256E-03,-46.214509557E-03
+3.106355000E-03,+811.179168389E-03,-41.182474432E-03,-45.620916600E-03
+3.106360000E-03,+824.238213472E-03,-41.732097543E-03,-43.747801041E-03
+3.106365000E-03,+833.514281212E-03,-41.967650296E-03,-43.246544767E-03
+3.106370000E-03,+844.137710747E-03,-40.868404086E-03,-41.360238251E-03
+3.106375000E-03,+855.434821173E-03,-41.418027200E-03,-40.801821174E-03
+3.106380000E-03,+866.058250702E-03,-41.653579957E-03,-38.893529735E-03
+3.106385000E-03,+876.370750592E-03,-41.339509591E-03,-38.273554871E-03
+3.106390000E-03,+886.165034419E-03,-39.141017158E-03,-36.483982022E-03
+3.106395000E-03,+897.824896096E-03,-42.124685476E-03,-35.622172990E-03
+3.106400000E-03,+908.033752772E-03,-42.046167887E-03,-33.999685566E-03
+3.106405000E-03,+916.843426042E-03,-42.203203069E-03,-32.979585079E-03
+3.106410000E-03,+926.534066643E-03,-43.302449277E-03,-31.616519763E-03
+3.106415000E-03,+936.950209750E-03,-41.889132722E-03,-30.468906713E-03
+3.106420000E-03,+945.759883029E-03,-42.909861353E-03,-29.114635368E-03
+3.106425000E-03,+954.258626654E-03,-41.182474434E-03,-27.857097697E-03
+3.106430000E-03,+962.498262246E-03,-42.674308593E-03,-26.406092683E-03
+3.106435000E-03,+971.670686772E-03,-41.418027184E-03,-25.284861543E-03
+3.106440000E-03,+979.547571108E-03,-41.653579965E-03,-23.829459544E-03
+3.106445000E-03,+988.771817239E-03,-41.967650299E-03,-22.633479662E-03
+3.106450000E-03,+997.736955329E-03,-40.632851316E-03,-21.358354043E-03
+3.106455000E-03,+1.005769304487E+00,-42.203203057E-03,-19.911746022E-03
+3.106460000E-03,+1.013179794365E+00,-41.967650305E-03,-18.720163118E-03
+3.106465000E-03,+1.020590284239E+00,-41.182474445E-03,-17.374685747E-03
+3.106470000E-03,+1.028726276609E+00,-43.616519623E-03,-16.139132995E-03
+3.106475000E-03,+1.036033123268E+00,-41.732097542E-03,-14.705715927E-03
+3.106480000E-03,+1.043702721177E+00,-42.438755825E-03,-13.624057644E-03
+3.106485000E-03,+1.049817670856E+00,-40.789886482E-03,-12.005967212E-03
+3.106490000E-03,+1.056243550181E+00,-42.124685483E-03,-11.038630537E-03
+3.106495000E-03,+1.062513964697E+00,-42.124685474E-03,-9.284233573E-03
+3.106500000E-03,+1.070390849030E+00,-41.967650305E-03,-8.360866747E-03
+3.106505000E-03,+1.077024014785E+00,-41.182474425E-03,-6.690012496E-03
+3.106510000E-03,+1.083138964474E+00,-42.046167887E-03,-5.753454714E-03
+3.106515000E-03,+1.089150270942E+00,-42.438755828E-03,-4.104585387E-03
+3.106520000E-03,+1.094798826153E+00,-41.103956851E-03,-3.062499970E-03
+3.106525000E-03,+1.101172883885E+00,-41.339509612E-03,-1.571922097E-03
+3.106530000E-03,+1.105214969265E+00,-41.575062375E-03,-512.248740E-06
+3.106535000E-03,+1.110708059653E+00,-42.360238243E-03,+951.947223E-06
+3.106540000E-03,+1.115734755578E+00,-39.062499610E-03,+2.200690927E-03
+3.106545000E-03,+1.121072381158E+00,+646.160477726E-03,+3.638504983E-03
+3.106550000E-03,+1.124181677610E+00,+2.551154180860E+00,+4.816896930E-03
+3.106555000E-03,+1.127861011746E+00,+2.552724532961E+00,+6.052449681E-03
+3.106560000E-03,+1.131799453907E+00,+2.552724532961E+00,+7.608982327E-03
+3.106565000E-03,+1.135841539287E+00,+2.552724532961E+00,+8.545540106E-03
+3.106570000E-03,+1.139572695028E+00,+2.552724532961E+00,+10.242776268E-03
+3.106575000E-03,+1.143303850773E+00,+2.552724532961E+00,+11.043027517E-03
+3.106580000E-03,+1.146309503989E+00,+2.552724532961E+00,+12.933731014E-03
+3.106585000E-03,+1.149781551706E+00,+2.552724532961E+00,+13.659233519E-03
+3.106590000E-03,+1.152994491352E+00,+2.552724532961E+00,+15.633479728E-03
+3.106595000E-03,+1.156207431034E+00,+2.552724532961E+00,+16.112751082E-03
+3.106600000E-03,+1.158539403378E+00,+2.552724532961E+00,+18.232097791E-03
+3.106605000E-03,+1.160612267672E+00,+2.552724532961E+00,+18.632223417E-03
+3.106610000E-03,+1.162996061622E+00,+2.552724532961E+00,+20.835112838E-03
+3.106615000E-03,+1.164706174663E+00,+2.552724532961E+00,+21.204459571E-03
+3.106620000E-03,+1.167556363068E+00,+2.552724532961E+00,+23.288630401E-03
+3.106625000E-03,+1.168230043973E+00,+2.552724532961E+00,+23.732725875E-03
+3.106630000E-03,+1.169421940948E+00,+2.552724532961E+00,+25.843278613E-03
+3.106635000E-03,+1.169940157020E+00,+2.552724532961E+00,+26.388504742E-03
+3.106640000E-03,+1.170821124356E+00,+2.552724532961E+00,+28.222047432E-03
+3.106645000E-03,+1.171961199715E+00,+2.552724532961E+00,+29.132223304E-03
+3.106650000E-03,+1.172531237402E+00,+2.552724532961E+00,+30.605213235E-03
+3.106655000E-03,+1.173256739898E+00,+2.552724532961E+00,+31.686871517E-03
+3.106660000E-03,+1.172686702223E+00,+2.552724532961E+00,+32.922424266E-03
+3.106665000E-03,+1.173982242407E+00,+2.552724532961E+00,+34.193152897E-03
+3.106670000E-03,+1.173515847937E+00,+2.552724532961E+00,+35.318781027E-03
+3.106675000E-03,+1.173153096686E+00,+2.552724532961E+00,+36.690640307E-03
+3.106680000E-03,+1.172168486142E+00,+2.552724532961E+00,+37.798680498E-03
+3.106685000E-03,+1.171080232397E+00,+2.552724532961E+00,+39.157348823E-03
+3.106690000E-03,+1.170769302751E+00,+2.552724532961E+00,+40.243404091E-03
+3.106695000E-03,+1.169888335422E+00,+2.552724532961E+00,+41.426193017E-03
+3.106700000E-03,+1.168851903262E+00,+2.552724532961E+00,+42.608981955E-03
+3.106705000E-03,+1.166519930938E+00,+2.552724532961E+00,+43.611494504E-03
+3.106710000E-03,+1.164136136988E+00,+2.552724532961E+00,+45.088881425E-03
+3.106715000E-03,+1.160975018944E+00,+2.552724532961E+00,+45.831971867E-03
+3.106720000E-03,+1.159368549101E+00,+2.552724532961E+00,+47.392901499E-03
+3.106725000E-03,+1.157243863197E+00,+2.552724532961E+00,+48.100816065E-03
+3.106730000E-03,+1.154341853180E+00,+2.552724532961E+00,+49.441896451E-03
+3.106735000E-03,+1.150973448707E+00,+2.552724532961E+00,+50.312499460E-03
+3.106740000E-03,+1.148123260278E+00,+2.552724532961E+00,+51.596419043E-03
+3.106745000E-03,+1.144806677400E+00,+2.552724532961E+00,+52.581343657E-03
+3.106750000E-03,+1.141127343277E+00,+2.552724532961E+00,+53.645413996E-03
+3.106755000E-03,+1.136670685037E+00,+2.552724532961E+00,+54.801821019E-03
+3.106760000E-03,+1.133716853402E+00,+2.552724532961E+00,+55.694408948E-03
+3.106765000E-03,+1.129001087121E+00,+2.552724532961E+00,+57.000313457E-03
+3.106770000E-03,+1.124388964062E+00,+2.552724532961E+00,+57.853328524E-03
+3.106775000E-03,+1.121279667596E+00,+2.552724532961E+00,+58.926192833E-03
+3.106780000E-03,+1.115579290782E+00,+2.552724532961E+00,+59.862750613E-03
+3.106785000E-03,+1.111070810932E+00,+2.552724532961E+00,+60.724559649E-03
+3.106790000E-03,+1.105525898932E+00,+2.552724532961E+00,+61.968906368E-03
+3.106795000E-03,+1.099410949255E+00,+2.552724532961E+00,+62.558102343E-03
+3.106800000E-03,+1.093762394042E+00,+2.552724532961E+00,+63.982725442E-03
+3.106805000E-03,+1.088580233289E+00,+2.552724532961E+00,+64.532348554E-03
+3.106810000E-03,+1.081895245919E+00,+2.552724532961E+00,+65.974559591E-03
+3.106815000E-03,+1.076453977130E+00,+2.552724532961E+00,+66.467021901E-03
+3.106820000E-03,+1.069872632990E+00,+2.552724532961E+00,+67.825690223E-03
+3.106825000E-03,+1.062876715991E+00,+2.552724532961E+00,+68.335740474E-03
+3.106830000E-03,+1.057020874320E+00,+2.552724532961E+00,+69.571293219E-03
+3.106835000E-03,+1.050180422140E+00,+2.552724532961E+00,+70.195665078E-03
+3.106840000E-03,+1.043391791557E+00,+2.552724532961E+00,+71.163001746E-03
+3.106845000E-03,+1.035670372048E+00,+2.552724532961E+00,+72.121544454E-03
+3.106850000E-03,+1.028208060570E+00,+2.552724532961E+00,+72.684358514E-03
+3.106855000E-03,+1.020849392302E+00,+2.552724532961E+00,+73.849559511E-03
+3.106860000E-03,+1.012402470305E+00,+2.552724532961E+00,+74.412373571E-03
+3.106865000E-03,+1.004629229173E+00,+2.552724532961E+00,+75.414886125E-03
+3.106870000E-03,+996.596880003E-03,+2.552724532961E+00,+76.083227825E-03
+3.106875000E-03,+987.890849948E-03,+2.552724532961E+00,+76.927448923E-03
+3.106880000E-03,+979.547571152E-03,+2.552724532961E+00,+77.696921277E-03
+3.106885000E-03,+971.722508408E-03,+2.552724532961E+00,+78.356469008E-03
+3.106890000E-03,+962.653727106E-03,+2.552724532961E+00,+79.288629802E-03
+3.106895000E-03,+953.636767407E-03,+2.552724532961E+00,+79.679961456E-03
+3.106900000E-03,+944.878915745E-03,+2.552724532961E+00,+80.722046873E-03
+3.106905000E-03,+936.276528891E-03,+2.552724532961E+00,+80.968278026E-03
+3.106910000E-03,+926.378601870E-03,+2.552724532961E+00,+81.970790577E-03
+3.106915000E-03,+916.428853246E-03,+2.552724532961E+00,+82.326946354E-03
+3.106920000E-03,+907.722823185E-03,+2.552724532961E+00,+83.166770464E-03
+3.106925000E-03,+896.632999178E-03,+2.552724532961E+00,+83.694408651E-03
+3.106930000E-03,+887.408753045E-03,+2.552724532961E+00,+84.331971455E-03
+3.106935000E-03,+877.873577259E-03,+2.552724532961E+00,+85.013504116E-03
+3.106940000E-03,+867.457434152E-03,+2.552724532961E+00,+85.343277979E-03
+3.106945000E-03,+856.367610169E-03,+2.552724532961E+00,+86.332599576E-03
+3.106950000E-03,+846.314218301E-03,+2.552724532961E+00,+86.420539274E-03
+3.106955000E-03,+835.224394308E-03,+2.552724532961E+00,+87.365891023E-03
+3.106960000E-03,+823.253602981E-03,+2.552724532961E+00,+87.471418661E-03
+3.106965000E-03,+811.179168446E-03,+2.552724532961E+00,+88.421167391E-03
+3.106970000E-03,+799.156555507E-03,+2.552724532961E+00,+88.544282971E-03
+3.106975000E-03,+788.636769183E-03,+2.552724532961E+00,+89.278579443E-03
+3.106980000E-03,+776.873264281E-03,+2.552724532961E+00,+89.568780446E-03
+3.106985000E-03,+764.747008143E-03,+2.552724532961E+00,+90.065639738E-03
+3.106990000E-03,+753.138968067E-03,+2.552724532961E+00,+90.492147271E-03
+3.106995000E-03,+740.442674222E-03,+2.552724532961E+00,+90.848303044E-03
+3.107000000E-03,+729.301028622E-03,+2.552724532961E+00,+91.375941230E-03
+3.107005000E-03,+716.760199587E-03,+2.552724532961E+00,+91.679333190E-03
+3.107010000E-03,+705.929483638E-03,+2.552724532961E+00,+92.061870871E-03
+3.107015000E-03,+691.574898372E-03,+2.552724532961E+00,+92.378453784E-03
+3.107020000E-03,+680.277787926E-03,+2.552724532961E+00,+92.681845738E-03
+3.107025000E-03,+667.270564453E-03,+2.552724532961E+00,+93.051192472E-03
+3.107030000E-03,+654.418805794E-03,+2.552724532961E+00,+93.257850757E-03
+3.107035000E-03,+640.582436612E-03,+2.552724532961E+00,+93.697549248E-03
+3.107040000E-03,+628.456180443E-03,+2.552724532961E+00,+93.684358291E-03
+3.107045000E-03,+615.138027323E-03,+2.552724532961E+00,+94.190011555E-03
+3.107050000E-03,+602.027160625E-03,+2.552724532961E+00,+94.203202508E-03
+3.107055000E-03,+588.294434654E-03,+2.552724532961E+00,+94.559358284E-03
+3.107060000E-03,+575.649962421E-03,+2.552724532961E+00,+94.638504011E-03
+3.107065000E-03,+562.435452507E-03,+2.552724532961E+00,+94.792398481E-03
+3.107070000E-03,+548.236332079E-03,+2.552724532961E+00,+95.086996467E-03
+3.107075000E-03,+534.348141259E-03,+2.552724532961E+00,+95.100187424E-03
+3.107080000E-03,+519.527161523E-03,+2.552724532961E+00,+95.342021591E-03
+3.107085000E-03,+505.017111443E-03,+2.552724532961E+00,+95.364006518E-03
+3.107090000E-03,+491.750779921E-03,+2.552724532961E+00,+95.504710031E-03
+3.107095000E-03,+477.499837869E-03,+2.552724532961E+00,+95.425564306E-03
+3.107100000E-03,+463.974398291E-03,+2.552724532961E+00,+95.645413546E-03
+3.107105000E-03,+448.842488921E-03,+2.552724532961E+00,+95.663001490E-03
+3.107110000E-03,+435.368870965E-03,+2.552724532961E+00,+95.605840683E-03
+3.107115000E-03,+421.014285691E-03,+2.552724532961E+00,+95.706971337E-03
+3.107120000E-03,+406.711522015E-03,+2.552724532961E+00,+95.526694956E-03
+3.107125000E-03,+392.512401570E-03,+2.552724532961E+00,+95.689383400E-03
+3.107130000E-03,+377.173205768E-03,+2.552724532961E+00,+95.368403500E-03
+3.107135000E-03,+361.782188320E-03,+2.552724532961E+00,+95.610237670E-03
+3.107140000E-03,+346.494814109E-03,+2.552724532961E+00,+95.210112045E-03
+3.107145000E-03,+330.222829381E-03,+2.552724532961E+00,+95.372800486E-03
+3.107150000E-03,+316.075530541E-03,+2.552724532961E+00,+95.113378378E-03
+3.107155000E-03,+300.839977947E-03,+2.552724532961E+00,+95.091393455E-03
+3.107160000E-03,+287.521824796E-03,+2.552724532961E+00,+94.788001499E-03
+3.107165000E-03,+271.923520972E-03,+2.552724532961E+00,+94.700061800E-03
+3.107170000E-03,+256.221573905E-03,+2.552724532961E+00,+94.453830648E-03
+3.107175000E-03,+240.208697191E-03,+2.552724532961E+00,+94.343906025E-03
+3.107180000E-03,+225.335895852E-03,+2.552724532961E+00,+94.044911053E-03
+3.107185000E-03,+210.618559300E-03,+2.552724532961E+00,+93.926192461E-03
+3.107190000E-03,+195.227541864E-03,+2.552724532961E+00,+93.561242716E-03
+3.107195000E-03,+178.437341091E-03,+2.552724532961E+00,+93.477700004E-03
+3.107200000E-03,+163.098145250E-03,+2.552724532961E+00,+92.980840715E-03
+3.107205000E-03,+147.914414255E-03,+2.552724532961E+00,+92.989634684E-03
+3.107210000E-03,+132.627040042E-03,+2.552724532961E+00,+92.277323135E-03
+3.107215000E-03,+116.095947271E-03,+2.552724532961E+00,+92.360865845E-03
+3.107220000E-03,+100.704929840E-03,+2.552724532961E+00,+91.521041735E-03
+3.107225000E-03,+85.780306876E-03,+2.552724532961E+00,+91.556217613E-03
+3.107230000E-03,+70.078359808E-03,+2.552724532961E+00,+90.865890989E-03
+3.107235000E-03,+54.739164000E-03,+2.552724532961E+00,+90.755966366E-03
+3.107240000E-03,+39.296324949E-03,+2.552724532961E+00,+89.986494015E-03
+3.107245000E-03,+23.957129147E-03,+2.552724532961E+00,+89.986494011E-03
+3.107250000E-03,+8.099717258E-03,+2.552724532961E+00,+89.133478947E-03
+3.107255000E-03,-7.135835360E-03,+2.552724532961E+00,+88.922423674E-03
+3.107260000E-03,-22.112279909E-03,+2.552724532961E+00,+88.218906091E-03
+3.107265000E-03,-37.658762165E-03,+2.552724532961E+00,+87.981468911E-03
+3.107270000E-03,-52.427920276E-03,+2.552724532961E+00,+87.185614644E-03
+3.107275000E-03,-68.907191468E-03,+2.552724532961E+00,+86.934986509E-03
+3.107280000E-03,-84.401852107E-03,+2.552724532961E+00,+86.064383501E-03
+3.107285000E-03,-100.051977568E-03,+2.552724532961E+00,+85.936870941E-03
+3.107290000E-03,-115.287530160E-03,+2.552724532961E+00,+84.811242812E-03
+3.107295000E-03,-132.647768672E-03,+2.552724532961E+00,+84.705715178E-03
+3.107300000E-03,-147.935142877E-03,+2.552724532961E+00,+83.641644834E-03
+3.107305000E-03,-163.688911557E-03,+2.552724532961E+00,+83.456971471E-03
+3.107310000E-03,-179.339037018E-03,+2.552724532961E+00,+82.467649872E-03
+3.107315000E-03,-194.263659983E-03,+2.552724532961E+00,+82.001569476E-03
+3.107320000E-03,-208.929174884E-03,+2.552724532961E+00,+81.284860941E-03
+3.107325000E-03,-225.460267664E-03,+2.552724532961E+00,+80.616519242E-03
+3.107330000E-03,-241.265857962E-03,+2.552724532961E+00,+79.899810705E-03
+3.107335000E-03,-257.641485934E-03,+2.552724532961E+00,+79.117147398E-03
+3.107340000E-03,-273.032503349E-03,+2.552724532961E+00,+78.563127302E-03
+3.107345000E-03,-287.749839880E-03,+2.552724532961E+00,+77.578202691E-03
+3.107350000E-03,-303.140857309E-03,+2.552724532961E+00,+77.222046912E-03
+3.107355000E-03,-318.842804362E-03,+2.552724532961E+00,+76.026067029E-03
+3.107360000E-03,-333.560140883E-03,+2.552724532961E+00,+75.647926325E-03
+3.107365000E-03,-348.640228681E-03,+2.552724532961E+00,+74.531092172E-03
+3.107370000E-03,-363.098457159E-03,+2.552724532961E+00,+73.902323329E-03
+3.107375000E-03,-379.525906723E-03,+2.552724532961E+00,+72.965765556E-03
+3.107380000E-03,-393.414097548E-03,+2.552724532961E+00,+72.099559530E-03
+3.107385000E-03,-409.219687823E-03,+2.552724532961E+00,+71.330087179E-03
+3.107390000E-03,-423.885202727E-03,+2.552724532961E+00,+70.384735430E-03
+3.107395000E-03,-439.535328204E-03,+2.552724532961E+00,+69.540514335E-03
+3.107400000E-03,-453.838091875E-03,+2.552724532961E+00,+68.489634949E-03
+3.107405000E-03,-466.948958562E-03,+2.552724532961E+00,+67.786117366E-03
+3.107410000E-03,-482.495440804E-03,+2.552724532961E+00,+66.682474165E-03
+3.107415000E-03,-496.798204474E-03,+2.552724532961E+00,+65.776695278E-03
+3.107420000E-03,-511.204611364E-03,+2.552724532961E+00,+64.936871167E-03
+3.107425000E-03,-524.419121281E-03,+2.552724532961E+00,+63.903579718E-03
+3.107430000E-03,-538.825528147E-03,+2.552724532961E+00,+63.050564655E-03
+3.107435000E-03,-552.195502878E-03,+2.552724532961E+00,+61.854584766E-03
+3.107440000E-03,-565.928228862E-03,+2.552724532961E+00,+61.058730507E-03
+3.107445000E-03,-579.557311628E-03,+2.552724532961E+00,+59.937499361E-03
+3.107450000E-03,-593.600967237E-03,+2.552724532961E+00,+59.009735553E-03
+3.107455000E-03,-607.178228416E-03,+2.552724532961E+00,+57.963253153E-03
+3.107460000E-03,-619.770879041E-03,+2.552724532961E+00,+56.793655174E-03
+3.107465000E-03,-633.451783410E-03,+2.552724532961E+00,+56.138504428E-03
+3.107470000E-03,-647.184509387E-03,+2.552724532961E+00,+54.599559721E-03
+3.107475000E-03,-660.450840906E-03,+2.552724532961E+00,+54.168655203E-03
+3.107480000E-03,-672.888026714E-03,+2.552724532961E+00,+52.352700448E-03
+3.107485000E-03,-685.895250184E-03,+2.552724532961E+00,+52.159233113E-03
+3.107490000E-03,-697.658755087E-03,+2.552724532961E+00,+50.154208010E-03
+3.107495000E-03,-710.562335342E-03,+2.552724532961E+00,+50.013504493E-03
+3.107500000E-03,-723.621380452E-03,+2.552724532961E+00,+47.990891451E-03
+3.107505000E-03,-735.903101410E-03,+2.552724532961E+00,+47.744660294E-03
+3.107510000E-03,-748.599395236E-03,+2.552724532961E+00,+45.796795997E-03
+3.107515000E-03,-760.207435339E-03,+2.552724532961E+00,+45.383479415E-03
+3.107520000E-03,-771.556367379E-03,+2.552724532961E+00,+43.659861346E-03
+3.107525000E-03,-784.563590844E-03,+2.552724532961E+00,+42.881595023E-03
+3.107530000E-03,-796.948955010E-03,+2.552724532961E+00,+41.377826195E-03
+3.107535000E-03,-807.883314214E-03,+2.552724532961E+00,+40.551193038E-03
+3.107540000E-03,-818.921316605E-03,+2.552724532961E+00,+39.051821191E-03
+3.107545000E-03,-829.752032594E-03,+2.552724532961E+00,+38.084484523E-03
+3.107550000E-03,-841.100964620E-03,+2.552724532961E+00,+36.708228253E-03
+3.107555000E-03,-853.330863976E-03,+2.552724532961E+00,+35.560615205E-03
+3.107560000E-03,-862.710574941E-03,+2.552724532961E+00,+34.228328780E-03
+3.107565000E-03,-874.422258233E-03,+2.552724532961E+00,+33.335740856E-03
+3.107570000E-03,-885.201152585E-03,+2.552724532961E+00,+31.629710719E-03
+3.107575000E-03,-896.031868561E-03,+2.552724532961E+00,+30.829459478E-03
+3.107580000E-03,-907.121692540E-03,+2.552724532961E+00,+29.149811246E-03
+3.107585000E-03,-917.641478875E-03,+2.552724532961E+00,+28.323178096E-03
+3.107590000E-03,-927.643049106E-03,+2.552724532961E+00,+26.735866550E-03
+3.107595000E-03,-937.644619363E-03,+2.552724532961E+00,+25.684987167E-03
+3.107600000E-03,-947.698011214E-03,+2.552724532961E+00,+24.343906777E-03
+3.107605000E-03,-957.544116643E-03,+2.552724532961E+00,+23.081972121E-03
+3.107610000E-03,-967.597508487E-03,+2.552724532961E+00,+21.842022383E-03
+3.107615000E-03,-976.199895336E-03,+2.552724532961E+00,+20.456972150E-03
+3.107620000E-03,-985.216855040E-03,+2.552724532961E+00,+19.472047532E-03
+3.107625000E-03,-993.974706708E-03,+2.552724532961E+00,+17.796796299E-03
+3.107630000E-03,-1.003976276928E+00,+2.552724532961E+00,+16.904208361E-03
+3.107635000E-03,-1.011853161287E+00,+2.552724532961E+00,+15.211369194E-03
+3.107640000E-03,-1.020662834557E+00,+2.552724532961E+00,+14.274811406E-03
+3.107645000E-03,-1.028332432466E+00,+2.552724532961E+00,+12.749057660E-03
+3.107650000E-03,-1.036105673580E+00,+2.552724532961E+00,+11.601444601E-03
+3.107655000E-03,-1.045278098114E+00,+2.552724532961E+00,+10.247173264E-03
+3.107660000E-03,-1.053154982463E+00,+2.552724532961E+00,+8.936871764E-03
+3.107665000E-03,-1.060461829097E+00,+2.552724532961E+00,+7.688128067E-03
+3.107670000E-03,-1.069478788807E+00,+2.552724532961E+00,+6.228329082E-03
+3.107675000E-03,-1.076008311348E+00,+2.552724532961E+00,+5.168655730E-03
+3.107680000E-03,-1.082537833911E+00,+2.552724532961E+00,+3.576947205E-03
+3.107685000E-03,-1.089274642873E+00,+2.552724532961E+00,+2.609610531E-03
+3.107690000E-03,-1.096218738272E+00,+2.552724532961E+00,+872.801506E-06
+3.107695000E-03,-1.102022758340E+00,+2.552724532961E+00,+10.992466E-06
+3.107700000E-03,-1.109225961760E+00,+2.552724532961E+00,-1.681846707E-03
+3.107705000E-03,-1.114459944119E+00,+2.552724532961E+00,-2.539258764E-03
+3.107710000E-03,-1.120989466656E+00,+2.552724532961E+00,-4.139761255E-03
+3.107715000E-03,-1.125964340987E+00,+2.552724532961E+00,-5.278580341E-03
+3.107720000E-03,-1.131353788151E+00,+2.552724532961E+00,-6.799937106E-03
+3.107725000E-03,-1.137209629790E+00,+2.552724532961E+00,-7.850816496E-03
+3.107730000E-03,-1.141769931259E+00,+2.552724532961E+00,-9.526067728E-03
+3.107735000E-03,-1.147314843279E+00,+2.552724532961E+00,-10.445037572E-03
+3.107740000E-03,-1.152186074371E+00,+2.552724532961E+00,-12.159861672E-03
+3.107745000E-03,-1.157938272775E+00,+2.552724532961E+00,-13.188756134E-03
+3.107750000E-03,-1.161410320510E+00,+1.357922421731E+00,-14.815640539E-03
+3.107755000E-03,-1.165711513927E+00,-151.970788835E-03,-15.629082742E-03
+3.107760000E-03,-1.169753599302E+00,-183.299306994E-03,-17.392273677E-03
+3.107765000E-03,-1.174573008787E+00,+8.205086199E-03,-18.161746036E-03
+3.107770000E-03,-1.177423197220E+00,+146.474559873E-03,-20.144786209E-03
+3.107775000E-03,-1.181206174573E+00,-84.367147189E-03,-20.839509824E-03
+3.107780000E-03,-1.184211827793E+00,-77.850187470E-03,-22.686243467E-03
+3.107785000E-03,-1.187632053897E+00,-90.727072139E-03,-23.460112810E-03
+3.107790000E-03,-1.190844993564E+00,-17.470163161E-03,-25.196921836E-03
+3.107795000E-03,-1.193695181970E+00,-56.257851093E-03,-26.181846449E-03
+3.107800000E-03,-1.194990722152E+00,-48.955715562E-03,-27.764761004E-03
+3.107805000E-03,-1.197892732178E+00,-62.617775690E-03,-28.736494662E-03
+3.107810000E-03,-1.199706488449E+00,-48.327574925E-03,-30.297424293E-03
+3.107815000E-03,-1.202090282406E+00,-53.195665206E-03,-31.273554935E-03
+3.107820000E-03,-1.203282179350E+00,-51.232725582E-03,-32.896042357E-03
+3.107825000E-03,-1.204940470822E+00,-52.881594894E-03,-33.744660433E-03
+3.107830000E-03,-1.205406865277E+00,-48.641645210E-03,-35.450690574E-03
+3.107835000E-03,-1.206598762229E+00,-50.054961771E-03,-36.290514679E-03
+3.107840000E-03,-1.207427907962E+00,-49.269785892E-03,-38.027323710E-03
+3.107845000E-03,-1.208982556181E+00,-48.249057272E-03,-38.713253347E-03
+3.107850000E-03,-1.208049767255E+00,-49.034233100E-03,-40.529208105E-03
+3.107855000E-03,-1.209293485834E+00,-48.641645225E-03,-41.197549804E-03
+3.107860000E-03,-1.209189842615E+00,-49.662373846E-03,-42.912373910E-03
+3.107865000E-03,-1.209086199404E+00,-50.290514537E-03,-43.659861334E-03
+3.107870000E-03,-1.208775269776E+00,-49.112750750E-03,-45.251569861E-03
+3.107875000E-03,-1.207738837612E+00,-49.348303492E-03,-46.122172867E-03
+3.107880000E-03,-1.206443297433E+00,-48.327574851E-03,-47.599559785E-03
+3.107885000E-03,-1.205665973313E+00,-47.542399017E-03,-48.518529625E-03
+3.107890000E-03,-1.203800395441E+00,-47.620916549E-03,-49.921167801E-03
+3.107895000E-03,-1.204059503477E+00,-47.071293464E-03,-50.954459248E-03
+3.107900000E-03,-1.201831174353E+00,-47.699434171E-03,-52.211996924E-03
+3.107905000E-03,-1.199395558807E+00,-48.170539683E-03,-53.328831082E-03
+3.107910000E-03,-1.197737267372E+00,-46.914258294E-03,-54.520413984E-03
+3.107915000E-03,-1.195508938240E+00,-47.306846209E-03,-55.628454174E-03
+3.107920000E-03,-1.192295998602E+00,-48.170539696E-03,-56.815640088E-03
+3.107925000E-03,-1.190844993590E+00,-47.777951750E-03,-57.787373748E-03
+3.107930000E-03,-1.188772129270E+00,-46.600187943E-03,-58.952574739E-03
+3.107935000E-03,-1.184937330320E+00,-46.207599983E-03,-59.950690310E-03
+3.107940000E-03,-1.181413461022E+00,-47.071293481E-03,-61.225815920E-03
+3.107945000E-03,-1.178252342958E+00,-46.129082405E-03,-62.166770686E-03
+3.107950000E-03,-1.175557619391E+00,-46.678705553E-03,-63.406720421E-03
+3.107955000E-03,-1.171774642034E+00,-45.500941701E-03,-64.360866143E-03
+3.107960000E-03,-1.166851589324E+00,-47.149811046E-03,-65.446921404E-03
+3.107965000E-03,-1.163172255200E+00,-46.757223088E-03,-66.423052050E-03
+3.107970000E-03,-1.158767418555E+00,-46.286117552E-03,-67.535489218E-03
+3.107975000E-03,-1.155139906022E+00,-47.228328608E-03,-68.397298258E-03
+3.107980000E-03,-1.150579604573E+00,-44.401695520E-03,-69.487750506E-03
+3.107985000E-03,-1.146278411144E+00,-45.893529682E-03,-70.331971606E-03
+3.107990000E-03,-1.141148072009E+00,-44.087625174E-03,-71.457599733E-03
+3.107995000E-03,-1.136173197701E+00,-44.715765855E-03,-72.249057011E-03
+3.108000000E-03,-1.131664717835E+00,-45.500941758E-03,-73.401067048E-03
+3.108005000E-03,-1.125601589770E+00,-44.558730692E-03,-74.082599705E-03
+3.108010000E-03,-1.120263964205E+00,-44.794283419E-03,-75.463252955E-03
+3.108015000E-03,-1.113630798434E+00,-44.637248263E-03,-75.885363507E-03
+3.108020000E-03,-1.106686703033E+00,-44.794283454E-03,-77.292398664E-03
+3.108025000E-03,-1.100209002135E+00,-44.166142759E-03,-77.657348413E-03
+3.108030000E-03,-1.093938587587E+00,-44.951318616E-03,-79.103956432E-03
+3.108035000E-03,-1.087201778629E+00,-42.831343755E-03,-79.380966487E-03
+3.108040000E-03,-1.080413148041E+00,-44.087625174E-03,-80.779207671E-03
+3.108045000E-03,-1.073365409432E+00,-44.166142727E-03,-81.091393604E-03
+3.108050000E-03,-1.065851276358E+00,-44.401695491E-03,-82.379710168E-03
+3.108055000E-03,-1.058803537721E+00,-44.244660307E-03,-82.885363431E-03
+3.108060000E-03,-1.051963085537E+00,-43.302449303E-03,-84.050564421E-03
+3.108065000E-03,-1.043930736399E+00,-43.538002062E-03,-84.586996579E-03
+3.108070000E-03,-1.034861955096E+00,-43.459484455E-03,-85.563127221E-03
+3.108075000E-03,-1.026363211451E+00,-43.930589965E-03,-86.152323194E-03
+3.108080000E-03,-1.019160008002E+00,-42.752826196E-03,-87.031720169E-03
+3.108085000E-03,-1.009262080978E+00,-43.616519640E-03,-87.638504082E-03
+3.108090000E-03,-1.000659694151E+00,-42.752826196E-03,-88.544282969E-03
+3.108095000E-03,-991.953664095E-03,-43.538002044E-03,-89.001569396E-03
+3.108100000E-03,-982.729417963E-03,-43.380966874E-03,-90.004081949E-03
+3.108105000E-03,-973.556993412E-03,-43.538002039E-03,-90.259107070E-03
+3.108110000E-03,-963.762709606E-03,-41.339509612E-03,-91.358353291E-03
+3.108115000E-03,-954.797571498E-03,-43.302449278E-03,-91.459483944E-03
+3.108120000E-03,-945.106930913E-03,-42.595791018E-03,-92.589509057E-03
+3.108125000E-03,-934.949895848E-03,-43.459484452E-03,-92.708227647E-03
+3.108130000E-03,-924.015536687E-03,-43.459484454E-03,-93.728328138E-03
+3.108135000E-03,-913.081177517E-03,-42.988378906E-03,-93.956971355E-03
+3.108140000E-03,-903.079607262E-03,-42.752826204E-03,-94.836368325E-03
+3.108145000E-03,-891.523388796E-03,-42.124685507E-03,-95.152951243E-03
+3.108150000E-03,-880.899959235E-03,-41.496544791E-03,-95.777323090E-03
+3.108155000E-03,-870.172886498E-03,-41.418027221E-03,-96.296167311E-03
+3.108160000E-03,-861.052283589E-03,-43.302449280E-03,-96.775438658E-03
+3.108165000E-03,-849.703351526E-03,-41.967650309E-03,-97.303076848E-03
+3.108170000E-03,-838.147133084E-03,-43.459484476E-03,-97.769157239E-03
+3.108175000E-03,-826.798201057E-03,-43.459484442E-03,-98.292398445E-03
+3.108180000E-03,-815.293804181E-03,-42.909861352E-03,-98.688127079E-03
+3.108185000E-03,-803.271191250E-03,-42.831343798E-03,-99.136619539E-03
+3.108190000E-03,-791.663151176E-03,-41.653579961E-03,-99.598302951E-03
+3.108195000E-03,-779.174143740E-03,-41.653579922E-03,-99.928076816E-03
+3.108200000E-03,-766.166920290E-03,-42.674308605E-03,-100.556845653E-03
+3.108205000E-03,-753.729734484E-03,-41.889132717E-03,-100.473302945E-03
+3.108210000E-03,-742.277159230E-03,-42.360238245E-03,-101.335111977E-03
+3.108215000E-03,-729.580865401E-03,-42.360238230E-03,-101.044910978E-03
+3.108220000E-03,-717.143679626E-03,-42.281720650E-03,-102.043026541E-03
+3.108225000E-03,-705.017423442E-03,-41.889132707E-03,-101.603328058E-03
+3.108230000E-03,-691.647448729E-03,-41.339509625E-03,-102.531091863E-03
+3.108235000E-03,-679.624835783E-03,-40.711368920E-03,-102.210111973E-03
+3.108240000E-03,-666.306682672E-03,-42.046167923E-03,-102.997172258E-03
+3.108245000E-03,-652.003919003E-03,-41.967650280E-03,-102.671795386E-03
+3.108250000E-03,-638.167549796E-03,-42.124685476E-03,-103.401694867E-03
+3.108255000E-03,-624.849396686E-03,-41.810615130E-03,-103.181845632E-03
+3.108260000E-03,-610.391168193E-03,-41.496544787E-03,-103.771041597E-03
+3.108265000E-03,-597.746695949E-03,-41.339509607E-03,-103.564383312E-03
+3.108270000E-03,-583.651218732E-03,-41.182474446E-03,-103.951317981E-03
+3.108275000E-03,-570.384887214E-03,-41.732097563E-03,-103.841393360E-03
+3.108280000E-03,-556.030301954E-03,-42.124685461E-03,-104.232725013E-03
+3.108285000E-03,-542.971256837E-03,-42.438755819E-03,-104.004081801E-03
+3.108290000E-03,-529.653103738E-03,-40.711368921E-03,-104.404207427E-03
+3.108295000E-03,-514.780302383E-03,-41.103956849E-03,-104.056845617E-03
+3.108300000E-03,-500.425717112E-03,-40.946921667E-03,-104.522926018E-03
+3.108305000E-03,-486.485704685E-03,-41.025439289E-03,-104.131594361E-03
+3.108310000E-03,-471.405616923E-03,-41.339509615E-03,-104.584483805E-03
+3.108315000E-03,-457.102853243E-03,-41.653579956E-03,-104.206343106E-03
+3.108320000E-03,-441.763657429E-03,-41.182474448E-03,-104.487750137E-03
+3.108325000E-03,-426.942677713E-03,-40.789886508E-03,-104.188755168E-03
+3.108330000E-03,-411.707125084E-03,-40.083228204E-03,-104.307473757E-03
+3.108335000E-03,-396.575215717E-03,-40.004710609E-03,-104.197549136E-03
+3.108340000E-03,-382.842489738E-03,-41.967650345E-03,-103.960111953E-03
+3.108345000E-03,-367.658758729E-03,-41.810615128E-03,-104.078830544E-03
+3.108350000E-03,-352.060454886E-03,-42.281720673E-03,-103.573177285E-03
+3.108355000E-03,-336.410329444E-03,-41.967650292E-03,-104.030463709E-03
+3.108360000E-03,-321.330241652E-03,-41.103956869E-03,-103.142272767E-03
+3.108365000E-03,-305.887402652E-03,-40.868404082E-03,-103.577574268E-03
+3.108370000E-03,-290.962779671E-03,-39.847675425E-03,-102.777323022E-03
+3.108375000E-03,-275.053546204E-03,-41.103956846E-03,-103.256594371E-03
+3.108380000E-03,-260.180744834E-03,-40.868404110E-03,-102.399182325E-03
+3.108385000E-03,-244.375154548E-03,-42.281720678E-03,-102.825689852E-03
+3.108390000E-03,-228.517742640E-03,-39.690640278E-03,-101.968277805E-03
+3.108395000E-03,-213.074903618E-03,-42.124685471E-03,-102.214508954E-03
+3.108400000E-03,-197.735707806E-03,-41.103956859E-03,-101.471418514E-03
+3.108405000E-03,-182.292868755E-03,-41.810615140E-03,-101.445036602E-03
+3.108410000E-03,-167.160959375E-03,-40.161745834E-03,-100.983353191E-03
+3.108415000E-03,-150.837153044E-03,-41.418027174E-03,-100.759106965E-03
+3.108420000E-03,-135.394314005E-03,-40.318780983E-03,-100.253453699E-03
+3.108425000E-03,-119.381437291E-03,-41.103956869E-03,-100.055589385E-03
+3.108430000E-03,-103.938598223E-03,-40.161745811E-03,-99.505966267E-03
+3.108435000E-03,-88.392116006E-03,-42.046167878E-03,-99.233353216E-03
+3.108440000E-03,-73.001098583E-03,-41.575062371E-03,-98.582599444E-03
+3.108445000E-03,-57.454616340E-03,-40.632851350E-03,-98.353956240E-03
+3.108450000E-03,-43.048209462E-03,-41.418027163E-03,-97.769157238E-03
+3.108455000E-03,-27.449905592E-03,-40.789886511E-03,-97.474559264E-03
+3.108460000E-03,-12.628925857E-03,-41.575062382E-03,-96.797423584E-03
+3.108465000E-03,+4.264918178E-03,-40.318780978E-03,-96.348931137E-03
+3.108470000E-03,+19.811400403E-03,-41.418027208E-03,-95.812498972E-03
+3.108475000E-03,+36.549779626E-03,-40.632851310E-03,-95.284860799E-03
+3.108480000E-03,+52.044440290E-03,-40.475816144E-03,-94.871544208E-03
+3.108485000E-03,+67.072706450E-03,-41.182474423E-03,-94.058102015E-03
+3.108490000E-03,+82.671010282E-03,-41.418027195E-03,-93.825061806E-03
+3.108495000E-03,+98.891173442E-03,-41.103956812E-03,-92.804961327E-03
+3.108500000E-03,+114.437655679E-03,-42.281720682E-03,-92.668654782E-03
+3.108505000E-03,+130.657818827E-03,-41.732097561E-03,-91.591393501E-03
+3.108510000E-03,+145.167868943E-03,-41.575062390E-03,-91.331971379E-03
+3.108515000E-03,+162.268999380E-03,-42.124685473E-03,-90.360237734E-03
+3.108520000E-03,+178.074589677E-03,-41.182474439E-03,-89.938127173E-03
+3.108525000E-03,+192.480996568E-03,-42.203203044E-03,-89.036745287E-03
+3.108530000E-03,+207.561084334E-03,-41.025439270E-03,-88.557473922E-03
+3.108535000E-03,+224.247641928E-03,-41.260991999E-03,-87.774810625E-03
+3.108540000E-03,+238.291297588E-03,-41.103956865E-03,-87.044911126E-03
+3.108545000E-03,+254.045066264E-03,-41.418027168E-03,-86.380966416E-03
+3.108550000E-03,+269.487905309E-03,-41.418027184E-03,-85.422423713E-03
+3.108555000E-03,+284.878922723E-03,-40.789886482E-03,-84.916770450E-03
+3.108560000E-03,+300.891799414E-03,-41.496544758E-03,-83.892272979E-03
+3.108565000E-03,+316.593746498E-03,-40.711368903E-03,-83.307473985E-03
+3.108570000E-03,+331.518369436E-03,-39.926193026E-03,-82.366519226E-03
+3.108575000E-03,+346.235705971E-03,-40.711368943E-03,-81.623428776E-03
+3.108580000E-03,+361.834009834E-03,-41.339509643E-03,-80.722046881E-03
+3.108585000E-03,+375.618557406E-03,-42.360238224E-03,-79.864634825E-03
+3.108590000E-03,+390.905931624E-03,-41.103956830E-03,-78.980840872E-03
+3.108595000E-03,+405.467803329E-03,-41.496544749E-03,-78.119031828E-03
+3.108600000E-03,+420.547891118E-03,-42.281720598E-03,-77.200061993E-03
+3.108605000E-03,+434.021509071E-03,-41.260992020E-03,-76.434986618E-03
+3.108610000E-03,+449.153418425E-03,-42.203203074E-03,-75.304961514E-03
+3.108615000E-03,+464.078041378E-03,-40.711368897E-03,-74.570665031E-03
+3.108620000E-03,+477.810767360E-03,-41.967650362E-03,-73.317524349E-03
+3.108625000E-03,+492.268995863E-03,-41.496544814E-03,-72.622800732E-03
+3.108630000E-03,+506.364473102E-03,-41.732097554E-03,-71.431217836E-03
+3.108635000E-03,+519.371696604E-03,-40.083228230E-03,-70.833227887E-03
+3.108640000E-03,+533.570817057E-03,-40.711368941E-03,-69.540514339E-03
+3.108645000E-03,+547.666294297E-03,-41.103956841E-03,-68.863378664E-03
+3.108650000E-03,+561.658128307E-03,-40.868404101E-03,-67.632222899E-03
+3.108655000E-03,+576.271821614E-03,-41.810615094E-03,-66.845162605E-03
+3.108660000E-03,+589.693617960E-03,-42.517273417E-03,-65.464509355E-03
+3.108665000E-03,+603.840916772E-03,-42.752826153E-03,-64.686243033E-03
+3.108670000E-03,+616.640853839E-03,-40.318780995E-03,-63.375941537E-03
+3.108675000E-03,+630.943617501E-03,-41.182474419E-03,-62.659233003E-03
+3.108680000E-03,+643.380803299E-03,-41.182474417E-03,-61.181846083E-03
+3.108685000E-03,+656.439848398E-03,-39.612122705E-03,-60.465137553E-03
+3.108690000E-03,+668.306996522E-03,-41.339509577E-03,-59.053705401E-03
+3.108695000E-03,+681.573328005E-03,-41.732097537E-03,-58.442524510E-03
+3.108700000E-03,+694.476908281E-03,-39.769157913E-03,-56.780464218E-03
+3.108705000E-03,+706.447699597E-03,-41.967650268E-03,-56.239635083E-03
+3.108710000E-03,+718.833063829E-03,-40.632851326E-03,-54.498429068E-03
+3.108715000E-03,+731.581179218E-03,-40.240263402E-03,-53.931218025E-03
+3.108720000E-03,+744.122008233E-03,-42.203203099E-03,-52.203202961E-03
+3.108725000E-03,+755.885513164E-03,-40.632851332E-03,-51.548052221E-03
+3.108730000E-03,+768.737271816E-03,-41.260992046E-03,-49.881594947E-03
+3.108735000E-03,+780.759884755E-03,-41.496544768E-03,-49.125313550E-03
+3.108740000E-03,+792.367924820E-03,-40.318780998E-03,-47.599559793E-03
+3.108745000E-03,+802.473138276E-03,-42.517273403E-03,-46.667399006E-03
+3.108750000E-03,+814.392108022E-03,-41.889132728E-03,-45.168027160E-03
+3.108755000E-03,+825.222824005E-03,-41.967650301E-03,-44.262248277E-03
+3.108760000E-03,+835.742610320E-03,-41.967650367E-03,-42.890388995E-03
+3.108765000E-03,+845.433250892E-03,-41.575062360E-03,-41.694409113E-03
+3.108770000E-03,+857.352220613E-03,-42.203203080E-03,-40.507223188E-03
+3.108775000E-03,+868.027471748E-03,-41.496544739E-03,-39.293655367E-03
+3.108780000E-03,+879.428225394E-03,-41.339509599E-03,-38.031720703E-03
+3.108785000E-03,+890.155298161E-03,-39.533605150E-03,-36.809358911E-03
+3.108790000E-03,+901.296943755E-03,-42.203203088E-03,-35.411117719E-03
+3.108795000E-03,+910.054795437E-03,-40.240263391E-03,-34.333856423E-03
+3.108800000E-03,+919.279041596E-03,-42.203203086E-03,-32.852072520E-03
+3.108805000E-03,+929.176968576E-03,-41.103956846E-03,-31.739635345E-03
+3.108810000E-03,+938.556679550E-03,-40.711368962E-03,-30.394157978E-03
+3.108815000E-03,+947.832747293E-03,-42.831343705E-03,-29.264132856E-03
+3.108820000E-03,+956.538777347E-03,-39.847675499E-03,-27.879082627E-03
+3.108825000E-03,+964.467483300E-03,-43.459484436E-03,-26.612750974E-03
+3.108830000E-03,+973.121691763E-03,-41.496544802E-03,-25.205715822E-03
+3.108835000E-03,+981.568613779E-03,-41.732097546E-03,-23.891017335E-03
+3.108840000E-03,+989.756427746E-03,-41.810615130E-03,-22.655464593E-03
+3.108845000E-03,+998.721565849E-03,-41.810615127E-03,-21.226444503E-03
+3.108850000E-03,+1.006546628581E+00,-43.616519630E-03,-20.048052558E-03
+3.108855000E-03,+1.014268048093E+00,-41.732097537E-03,-18.706972166E-03
+3.108860000E-03,+1.023129542963E+00,-42.360238246E-03,-17.401067658E-03
+3.108865000E-03,+1.029607243908E+00,-43.066896524E-03,-16.174308876E-03
+3.108870000E-03,+1.036499517727E+00,-40.868404070E-03,-14.613379249E-03
+3.108875000E-03,+1.045050082925E+00,-43.302449314E-03,-13.751570210E-03
+3.108880000E-03,+1.051320497448E+00,-42.517273399E-03,-11.931218475E-03
+3.108885000E-03,+1.058005484802E+00,-43.223931689E-03,-11.166143103E-03
+3.108890000E-03,+1.064845937017E+00,-41.889132679E-03,-9.200690865E-03
+3.108895000E-03,+1.071634567596E+00,-41.810615133E-03,-8.677449658E-03
+3.108900000E-03,+1.078734127806E+00,-43.145414102E-03,-6.522927075E-03
+3.108905000E-03,+1.084123575005E+00,-41.810615136E-03,-6.065640640E-03
+3.108910000E-03,+1.091067670408E+00,-43.538002037E-03,-3.946293939E-03
+3.108915000E-03,+1.096716225649E+00,-41.889132723E-03,-3.414258759E-03
+3.108920000E-03,+1.101535635134E+00,-42.517273414E-03,-1.360866831E-03
+3.108925000E-03,+1.107391476774E+00,-42.360238243E-03,-776.067835E-06
+3.108930000E-03,+1.112107243049E+00,-42.203203063E-03,+1.079459778E-03
+3.108935000E-03,+1.116512079679E+00,-39.062499570E-03,+1.910489922E-03
+3.108940000E-03,+1.121486954023E+00,+550.369014577E-03,+3.673680860E-03
+3.108945000E-03,+1.124699893674E+00,+2.549583828113E+00,+4.575062759E-03
+3.108950000E-03,+1.129260195134E+00,+2.552724532961E+00,+6.250313996E-03
+3.108955000E-03,+1.132006740317E+00,+2.552724532961E+00,+7.331972275E-03
+3.108960000E-03,+1.137810760350E+00,+2.552724532961E+00,+8.844535073E-03
+3.108965000E-03,+1.139676338207E+00,+2.552724532961E+00,+9.869032549E-03
+3.108970000E-03,+1.144184818072E+00,+2.552724532961E+00,+11.355213442E-03
+3.108975000E-03,+1.147605044176E+00,+2.552724532961E+00,+12.480841569E-03
+3.108980000E-03,+1.150403410984E+00,+2.552724532961E+00,+14.063756123E-03
+3.108985000E-03,+1.153305421013E+00,+2.552724532961E+00,+15.026695810E-03
+3.108990000E-03,+1.157295684786E+00,+2.552724532961E+00,+16.627198307E-03
+3.108995000E-03,+1.159057619448E+00,+2.552724532961E+00,+17.524183222E-03
+3.109000000E-03,+1.161441413389E+00,+2.552724532961E+00,+19.203831447E-03
+3.109005000E-03,+1.162840596795E+00,+2.552724532961E+00,+20.210740982E-03
+3.109010000E-03,+1.165224390743E+00,+2.552724532961E+00,+21.767273630E-03
+3.109015000E-03,+1.167297255054E+00,+2.552724532961E+00,+22.717022366E-03
+3.109020000E-03,+1.167867292707E+00,+2.552724532961E+00,+24.216394205E-03
+3.109025000E-03,+1.170043800233E+00,+2.552724532961E+00,+25.469534894E-03
+3.109030000E-03,+1.170510194702E+00,+2.552724532961E+00,+26.762248450E-03
+3.109035000E-03,+1.172583058978E+00,+2.552724532961E+00,+27.927449442E-03
+3.109040000E-03,+1.172997631860E+00,+2.552724532961E+00,+29.202575057E-03
+3.109045000E-03,+1.172116664542E+00,+2.552724532961E+00,+30.512876548E-03
+3.109050000E-03,+1.172893988643E+00,+2.552724532961E+00,+31.625313728E-03
+3.109055000E-03,+1.174137707226E+00,+2.552724532961E+00,+32.913630290E-03
+3.109060000E-03,+1.174344993670E+00,+2.552724532961E+00,+34.153580031E-03
+3.109065000E-03,+1.173878599185E+00,+2.552724532961E+00,+35.327574989E-03
+3.109070000E-03,+1.173360383118E+00,+2.552724532961E+00,+36.686243319E-03
+3.109075000E-03,+1.172634880638E+00,+2.552724532961E+00,+37.657976976E-03
+3.109080000E-03,+1.172220307759E+00,+2.552724532961E+00,+39.091394050E-03
+3.109085000E-03,+1.171028410810E+00,+2.552724532961E+00,+40.085112629E-03
+3.109090000E-03,+1.169991978648E+00,+2.552724532961E+00,+41.531720653E-03
+3.109095000E-03,+1.168074579183E+00,+2.552724532961E+00,+42.345162859E-03
+3.109100000E-03,+1.166519930952E+00,+2.552724532961E+00,+43.888504545E-03
+3.109105000E-03,+1.164809817883E+00,+2.552724532961E+00,+44.688755798E-03
+3.109110000E-03,+1.162529667145E+00,+2.552724532961E+00,+46.073806028E-03
+3.109115000E-03,+1.160042230013E+00,+2.552724532961E+00,+46.944409042E-03
+3.109120000E-03,+1.157295684839E+00,+2.552724532961E+00,+48.355841180E-03
+3.109125000E-03,+1.154963712479E+00,+2.552724532961E+00,+49.195665303E-03
+3.109130000E-03,+1.152787204959E+00,+2.552724532961E+00,+50.483981860E-03
+3.109135000E-03,+1.149107870860E+00,+2.552724532961E+00,+51.451318541E-03
+3.109140000E-03,+1.145376715080E+00,+2.552724532961E+00,+52.673680328E-03
+3.109145000E-03,+1.141852845786E+00,+2.552724532961E+00,+53.570665256E-03
+3.109150000E-03,+1.137914403633E+00,+2.552724532961E+00,+54.907348644E-03
+3.109155000E-03,+1.134183247890E+00,+2.552724532961E+00,+55.681217996E-03
+3.109160000E-03,+1.129415660006E+00,+2.552724532961E+00,+56.824434056E-03
+3.109165000E-03,+1.126047255519E+00,+2.552724532961E+00,+57.818152645E-03
+3.109170000E-03,+1.120502343539E+00,+2.552724532961E+00,+58.913001870E-03
+3.109175000E-03,+1.116978474197E+00,+2.552724532961E+00,+59.752825991E-03
+3.109180000E-03,+1.112262707903E+00,+2.552724532961E+00,+60.918026975E-03
+3.109185000E-03,+1.105940471811E+00,+2.552724532961E+00,+61.652323459E-03
+3.109190000E-03,+1.100913775868E+00,+2.552724532961E+00,+62.945037005E-03
+3.109195000E-03,+1.094539718156E+00,+2.552724532961E+00,+63.666142532E-03
+3.109200000E-03,+1.088217482083E+00,+2.552724532961E+00,+64.844534473E-03
+3.109205000E-03,+1.083812645398E+00,+2.552724532961E+00,+65.627197784E-03
+3.109210000E-03,+1.077490409300E+00,+2.552724532961E+00,+66.788001791E-03
+3.109215000E-03,+1.072049140505E+00,+2.552724532961E+00,+67.447549525E-03
+3.109220000E-03,+1.065053223524E+00,+2.552724532961E+00,+68.577574636E-03
+3.109225000E-03,+1.059197381887E+00,+2.552724532961E+00,+69.289886187E-03
+3.109230000E-03,+1.051735070382E+00,+2.552724532961E+00,+70.375941450E-03
+3.109235000E-03,+1.044739153411E+00,+2.552724532961E+00,+71.017901243E-03
+3.109240000E-03,+1.037587771534E+00,+2.552724532961E+00,+72.095162540E-03
+3.109245000E-03,+1.029296314394E+00,+2.552724532961E+00,+72.785489163E-03
+3.109250000E-03,+1.022196754118E+00,+2.552724532961E+00,+73.735237899E-03
+3.109255000E-03,+1.014786264241E+00,+2.552724532961E+00,+74.403579600E-03
+3.109260000E-03,+1.006598450296E+00,+2.552724532961E+00,+75.256594670E-03
+3.109265000E-03,+998.825209138E-03,+2.552724532961E+00,+76.026067016E-03
+3.109270000E-03,+989.860071066E-03,+2.552724532961E+00,+76.826318268E-03
+3.109275000E-03,+981.827721897E-03,+2.552724532961E+00,+77.512247910E-03
+3.109280000E-03,+973.536264693E-03,+2.552724532961E+00,+78.470790610E-03
+3.109285000E-03,+963.741980930E-03,+2.552724532961E+00,+79.108353418E-03
+3.109290000E-03,+955.916918191E-03,+2.552724532961E+00,+79.842649894E-03
+3.109295000E-03,+945.967169509E-03,+2.552724532961E+00,+80.401066976E-03
+3.109300000E-03,+937.209317851E-03,+2.552724532961E+00,+81.245288071E-03
+3.109305000E-03,+927.829606911E-03,+2.552724532961E+00,+81.755338318E-03
+3.109310000E-03,+918.346252731E-03,+2.552724532961E+00,+82.608353379E-03
+3.109315000E-03,+909.329293045E-03,+2.552724532961E+00,+82.968906145E-03
+3.109320000E-03,+898.654041908E-03,+2.552724532961E+00,+83.962624720E-03
+3.109325000E-03,+888.859758072E-03,+2.552724532961E+00,+84.204458898E-03
+3.109330000E-03,+878.391793375E-03,+2.552724532961E+00,+85.114634756E-03
+3.109335000E-03,+867.561077419E-03,+2.552724532961E+00,+85.360865924E-03
+3.109340000E-03,+857.870436798E-03,+2.552724532961E+00,+86.319408613E-03
+3.109345000E-03,+847.298828893E-03,+2.552724532961E+00,+86.446921191E-03
+3.109350000E-03,+837.089972216E-03,+2.552724532961E+00,+87.414257843E-03
+3.109355000E-03,+824.082748739E-03,+2.552724532961E+00,+87.467021682E-03
+3.109360000E-03,+813.355675994E-03,+2.552724532961E+00,+88.399182460E-03
+3.109365000E-03,+802.162208756E-03,+2.552724532961E+00,+88.539885991E-03
+3.109370000E-03,+789.569558167E-03,+2.552724532961E+00,+89.366519132E-03
+3.109375000E-03,+778.946128644E-03,+2.552724532961E+00,+89.467649801E-03
+3.109380000E-03,+767.338088537E-03,+2.552724532961E+00,+90.276695002E-03
+3.109385000E-03,+754.797259563E-03,+2.552724532961E+00,+90.307473913E-03
+3.109390000E-03,+742.930111438E-03,+2.552724532961E+00,+91.213252782E-03
+3.109395000E-03,+730.803855251E-03,+2.552724532961E+00,+91.063755310E-03
+3.109400000E-03,+719.817674489E-03,+2.552724532961E+00,+91.987122125E-03
+3.109405000E-03,+706.914094236E-03,+2.552724532961E+00,+91.754081933E-03
+3.109410000E-03,+694.528730029E-03,+2.552724532961E+00,+92.677448751E-03
+3.109415000E-03,+681.780614579E-03,+2.552724532961E+00,+92.413629661E-03
+3.109420000E-03,+668.928855912E-03,+2.552724532961E+00,+93.301820606E-03
+3.109425000E-03,+654.781557126E-03,+2.552724532961E+00,+92.936870863E-03
+3.109430000E-03,+643.277160229E-03,+2.552724532961E+00,+93.952574368E-03
+3.109435000E-03,+630.010828724E-03,+2.552724532961E+00,+93.407348248E-03
+3.109440000E-03,+617.159070088E-03,+2.552724532961E+00,+94.489006523E-03
+3.109445000E-03,+603.478165709E-03,+2.552724532961E+00,+93.939383414E-03
+3.109450000E-03,+590.574585417E-03,+2.552724532961E+00,+94.757222604E-03
+3.109455000E-03,+576.634572993E-03,+2.552724532961E+00,+94.387875874E-03
+3.109460000E-03,+563.212776652E-03,+2.552724532961E+00,+95.091393455E-03
+3.109465000E-03,+549.272764247E-03,+2.552724532961E+00,+94.739634661E-03
+3.109470000E-03,+535.695503099E-03,+2.552724532961E+00,+95.254081895E-03
+3.109475000E-03,+521.392739423E-03,+2.552724532961E+00,+94.999056771E-03
+3.109480000E-03,+507.349083812E-03,+2.552724532961E+00,+95.495916067E-03
+3.109485000E-03,+492.683568896E-03,+2.552724532961E+00,+95.289257769E-03
+3.109490000E-03,+478.950842935E-03,+2.552724532961E+00,+95.619031643E-03
+3.109495000E-03,+465.114473705E-03,+2.552724532961E+00,+95.425564302E-03
+3.109500000E-03,+451.640855761E-03,+2.552724532961E+00,+95.680589432E-03
+3.109505000E-03,+437.078984040E-03,+2.552724532961E+00,+95.487122092E-03
+3.109510000E-03,+421.117928982E-03,+2.552724532961E+00,+95.825689929E-03
+3.109515000E-03,+406.400592479E-03,+2.552724532961E+00,+95.416770333E-03
+3.109520000E-03,+391.942363934E-03,+2.552724532961E+00,+95.689383399E-03
+3.109525000E-03,+376.603168126E-03,+2.552724532961E+00,+95.407976366E-03
+3.109530000E-03,+362.404047670E-03,+2.552724532961E+00,+95.579458774E-03
+3.109535000E-03,+347.479424724E-03,+2.552724532961E+00,+95.306845717E-03
+3.109540000E-03,+332.813909796E-03,+2.552724532961E+00,+95.289257773E-03
+3.109545000E-03,+318.200216490E-03,+2.552724532961E+00,+95.223303005E-03
+3.109550000E-03,+303.171950308E-03,+2.552724532961E+00,+94.955086920E-03
+3.109555000E-03,+287.210895228E-03,+2.552724532961E+00,+94.972674867E-03
+3.109560000E-03,+273.633634103E-03,+2.552724532961E+00,+94.572549234E-03
+3.109565000E-03,+257.620757347E-03,+2.552724532961E+00,+94.686870850E-03
+3.109570000E-03,+242.955242420E-03,+2.552724532961E+00,+94.071292959E-03
+3.109575000E-03,+227.667868214E-03,+2.552724532961E+00,+94.207599500E-03
+3.109580000E-03,+212.743245245E-03,+2.552724532961E+00,+93.719534171E-03
+3.109585000E-03,+196.937654976E-03,+2.552724532961E+00,+93.701946241E-03
+3.109590000E-03,+181.235707917E-03,+2.552724532961E+00,+93.240262821E-03
+3.109595000E-03,+165.119187989E-03,+2.552724532961E+00,+93.016016599E-03
+3.109600000E-03,+149.624527374E-03,+2.552724532961E+00,+92.791770359E-03
+3.109605000E-03,+132.989791364E-03,+2.552724532961E+00,+92.369659822E-03
+3.109610000E-03,+118.065168409E-03,+2.552724532961E+00,+92.277323128E-03
+3.109615000E-03,+102.155934897E-03,+2.552724532961E+00,+91.565011591E-03
+3.109620000E-03,+87.179490309E-03,+2.552724532961E+00,+91.670539212E-03
+3.109625000E-03,+70.752040759E-03,+2.552724532961E+00,+90.747172406E-03
+3.109630000E-03,+56.241990680E-03,+2.552724532961E+00,+90.879081936E-03
+3.109635000E-03,+39.348146649E-03,+2.552724532961E+00,+89.880966389E-03
+3.109640000E-03,+24.268058845E-03,+2.552724532961E+00,+90.012875915E-03
+3.109645000E-03,+9.654365514E-03,+2.552724532961E+00,+89.080715137E-03
+3.109650000E-03,-5.788473470E-03,+2.552724532961E+00,+88.988378439E-03
+3.109655000E-03,-20.920382874E-03,+2.552724532961E+00,+88.183730223E-03
+3.109660000E-03,-36.985081225E-03,+2.552724532961E+00,+87.955086993E-03
+3.109665000E-03,-51.443309720E-03,+2.552724532961E+00,+87.190011635E-03
+3.109670000E-03,-68.026224080E-03,+2.552724532961E+00,+86.952574446E-03
+3.109675000E-03,-83.728171141E-03,+2.552724532961E+00,+86.051192554E-03
+3.109680000E-03,-98.445507672E-03,+2.552724532961E+00,+85.840137274E-03
+3.109685000E-03,-115.650281338E-03,+2.552724532961E+00,+84.877197582E-03
+3.109690000E-03,-131.455871614E-03,+2.552724532961E+00,+84.688127238E-03
+3.109695000E-03,-146.691424235E-03,+2.552724532961E+00,+83.549308159E-03
+3.109700000E-03,-161.926976857E-03,+2.552724532961E+00,+83.544911169E-03
+3.109705000E-03,-177.888031939E-03,+2.552724532961E+00,+82.291770479E-03
+3.109710000E-03,-193.071762941E-03,+2.552724532961E+00,+82.221418720E-03
+3.109715000E-03,-207.789099444E-03,+2.552724532961E+00,+80.933102153E-03
+3.109720000E-03,-223.180116888E-03,+2.552724532961E+00,+80.906720243E-03
+3.109725000E-03,-238.830242381E-03,+2.552724532961E+00,+79.728328295E-03
+3.109730000E-03,-255.361335089E-03,+2.552724532961E+00,+79.464509202E-03
+3.109735000E-03,-269.819563629E-03,+2.552724532961E+00,+78.365262992E-03
+3.109740000E-03,-284.847829799E-03,+2.552724532961E+00,+77.793654949E-03
+3.109745000E-03,-300.757063292E-03,+2.552724532961E+00,+77.107725313E-03
+3.109750000E-03,-316.510831979E-03,+2.552724532961E+00,+76.184358485E-03
+3.109755000E-03,-331.072703711E-03,+2.552724532961E+00,+75.599559499E-03
+3.109760000E-03,-345.530932190E-03,+2.552724532961E+00,+74.575062022E-03
+3.109765000E-03,-360.766484776E-03,+2.552724532961E+00,+74.144157501E-03
+3.109770000E-03,-376.312967024E-03,+2.552724532961E+00,+72.789886164E-03
+3.109775000E-03,-391.807627650E-03,+2.552724532961E+00,+72.451318322E-03
+3.109780000E-03,-405.903104900E-03,+2.552724532961E+00,+71.101443970E-03
+3.109785000E-03,-421.449587122E-03,+2.552724532961E+00,+70.657348495E-03
+3.109790000E-03,-436.218745305E-03,+2.552724532961E+00,+69.342650022E-03
+3.109795000E-03,-452.076157143E-03,+2.552724532961E+00,+68.749057060E-03
+3.109800000E-03,-465.031559060E-03,+2.552724532961E+00,+67.601444008E-03
+3.109805000E-03,-479.386144307E-03,+2.552724532961E+00,+66.941896275E-03
+3.109810000E-03,-495.036269784E-03,+2.552724532961E+00,+65.693152569E-03
+3.109815000E-03,-510.012714318E-03,+2.552724532961E+00,+65.029207858E-03
+3.109820000E-03,-523.123581036E-03,+2.552724532961E+00,+63.767273192E-03
+3.109825000E-03,-537.478166288E-03,+2.552724532961E+00,+63.120916420E-03
+3.109830000E-03,-550.796319461E-03,+2.552724532961E+00,+61.867775720E-03
+3.109835000E-03,-564.839975047E-03,+2.552724532961E+00,+61.142273225E-03
+3.109840000E-03,-578.365414598E-03,+2.552724532961E+00,+59.902323481E-03
+3.109845000E-03,-592.046318957E-03,+2.552724532961E+00,+59.238378772E-03
+3.109850000E-03,-606.245439410E-03,+2.552724532961E+00,+57.848931545E-03
+3.109855000E-03,-619.459949333E-03,+2.552724532961E+00,+57.158604928E-03
+3.109860000E-03,-633.037210470E-03,+2.552724532961E+00,+55.751569759E-03
+3.109865000E-03,-646.666293255E-03,+2.552724532961E+00,+55.021670278E-03
+3.109870000E-03,-659.466230333E-03,+2.552724532961E+00,+53.728956711E-03
+3.109875000E-03,-672.525275402E-03,+2.552724532961E+00,+52.845162764E-03
+3.109880000E-03,-684.340601924E-03,+2.552724532961E+00,+51.679961759E-03
+3.109885000E-03,-697.192360594E-03,+2.552724532961E+00,+50.708228115E-03
+3.109890000E-03,-710.199584054E-03,+2.552724532961E+00,+49.463881378E-03
+3.109895000E-03,-723.932310047E-03,+2.552724532961E+00,+48.580087438E-03
+3.109900000E-03,-735.592171736E-03,+2.552724532961E+00,+47.190640199E-03
+3.109905000E-03,-748.651216807E-03,+2.552724532961E+00,+46.218906558E-03
+3.109910000E-03,-760.881116183E-03,+2.552724532961E+00,+44.948177910E-03
+3.109915000E-03,-772.800085912E-03,+2.552724532961E+00,+43.914886484E-03
+3.109920000E-03,-784.511769201E-03,+2.552724532961E+00,+42.595791002E-03
+3.109925000E-03,-796.689846977E-03,+2.552724532961E+00,+41.641645297E-03
+3.109930000E-03,-807.261454904E-03,+2.552724532961E+00,+40.252198062E-03
+3.109935000E-03,-819.024959816E-03,+2.552724532961E+00,+39.254082511E-03
+3.109940000E-03,-831.151215894E-03,+2.552724532961E+00,+37.899811158E-03
+3.109945000E-03,-842.241039959E-03,+2.552724532961E+00,+36.840137808E-03
+3.109950000E-03,-852.346253416E-03,+2.552724532961E+00,+35.547424247E-03
+3.109955000E-03,-863.798828670E-03,+2.552724532961E+00,+34.355841351E-03
+3.109960000E-03,-873.748577288E-03,+2.552724532961E+00,+33.142273519E-03
+3.109965000E-03,-885.460260550E-03,+2.552724532961E+00,+31.880338867E-03
+3.109970000E-03,-896.653727784E-03,+2.552724532961E+00,+30.609610232E-03
+3.109975000E-03,-907.069870913E-03,+2.552724532961E+00,+29.418027333E-03
+3.109980000E-03,-918.107873310E-03,+2.552724532961E+00,+28.085740915E-03
+3.109985000E-03,-928.316729937E-03,+2.552724532961E+00,+26.854585149E-03
+3.109990000E-03,-937.281868074E-03,+2.552724532961E+00,+25.654208275E-03
+3.109995000E-03,-946.506114196E-03,+2.552724532961E+00,+24.374685675E-03
+3.110000000E-03,-957.544116620E-03,+2.552724532961E+00,+23.081972126E-03
+3.110005000E-03,-966.146503451E-03,+2.552724532961E+00,+21.864007309E-03
+3.110010000E-03,-975.526214423E-03,+2.552724532961E+00,+20.478957081E-03
+3.110015000E-03,-984.905925368E-03,+2.552724532961E+00,+19.366519896E-03
+3.110020000E-03,-993.611955447E-03,+2.552724532961E+00,+18.034233488E-03
+3.110025000E-03,-1.002991666355E+00,+2.552724532961E+00,+16.833856607E-03
+3.110030000E-03,-1.012889593379E+00,+2.552724532961E+00,+15.501570198E-03
+3.110035000E-03,-1.020248261632E+00,+2.552724532961E+00,+14.173680759E-03
+3.110040000E-03,-1.028798826935E+00,+2.552724532961E+00,+12.885364199E-03
+3.110045000E-03,-1.036261138380E+00,+2.552724532961E+00,+11.636620485E-03
+3.110050000E-03,-1.044345309155E+00,+2.552724532961E+00,+10.220791364E-03
+3.110055000E-03,-1.052999517608E+00,+2.552724532961E+00,+9.046796390E-03
+3.110060000E-03,-1.060461829085E+00,+2.552724532961E+00,+7.696922039E-03
+3.110065000E-03,-1.067872318928E+00,+2.552724532961E+00,+6.518530086E-03
+3.110070000E-03,-1.075904668121E+00,+2.552724532961E+00,+5.036746186E-03
+3.110075000E-03,-1.082952406734E+00,+2.552724532961E+00,+3.862751222E-03
+3.110080000E-03,-1.089741037324E+00,+2.552724532961E+00,+2.297424607E-03
+3.110085000E-03,-1.095907808600E+00,+2.552724532961E+00,+1.404836678E-03
+3.110090000E-03,-1.101089969364E+00,+2.552724532961E+00,-292.399488E-06
+3.110095000E-03,-1.108189529617E+00,+2.552724532961E+00,-1.127826609E-03
+3.110100000E-03,-1.115185446599E+00,+2.552724532961E+00,-3.080087900E-03
+3.110105000E-03,-1.120315785713E+00,+2.552724532961E+00,-3.651695929E-03
+3.110110000E-03,-1.126223449029E+00,+2.552724532961E+00,-5.713881838E-03
+3.110115000E-03,-1.131405609760E+00,+2.552724532961E+00,-6.259107962E-03
+3.110120000E-03,-1.136328662474E+00,+2.552724532961E+00,-8.308102918E-03
+3.110125000E-03,-1.141666288011E+00,+2.552724532961E+00,-8.936871752E-03
+3.110130000E-03,-1.147677594528E+00,+2.552724532961E+00,-10.871545101E-03
+3.110135000E-03,-1.151719679879E+00,+2.552724532961E+00,-11.553077757E-03
+3.110140000E-03,-1.157212770262E+00,+2.552724532961E+00,-13.637248588E-03
+3.110145000E-03,-1.162446752656E+00,+1.463528585647E+00,-14.349560131E-03
+3.110150000E-03,-1.165763335494E+00,-144.668652120E-03,-15.976444545E-03
+3.110155000E-03,-1.169442669679E+00,-180.943779318E-03,-16.820665637E-03
+3.110160000E-03,-1.173122003770E+00,-7.498432562E-03,-18.755338989E-03
+3.110165000E-03,-1.176594051505E+00,+157.859610846E-03,-19.529208319E-03
+3.110170000E-03,-1.181154352930E+00,-83.581971121E-03,-21.204459568E-03
+3.110175000E-03,-1.184263649395E+00,-76.672423607E-03,-22.092650498E-03
+3.110180000E-03,-1.187735697142E+00,-93.946293361E-03,-23.816268584E-03
+3.110185000E-03,-1.190534063905E+00,-17.705715996E-03,-24.739635404E-03
+3.110190000E-03,-1.193332430699E+00,-56.885991779E-03,-26.498429359E-03
+3.110195000E-03,-1.195405294996E+00,-47.856469305E-03,-27.325062511E-03
+3.110200000E-03,-1.197322694512E+00,-62.774810866E-03,-29.101444403E-03
+3.110205000E-03,-1.199602845223E+00,-48.249057382E-03,-29.888504694E-03
+3.110210000E-03,-1.201572066300E+00,-52.881594837E-03,-31.581343871E-03
+3.110215000E-03,-1.202038460806E+00,-49.348303527E-03,-32.495916731E-03
+3.110220000E-03,-1.204007681838E+00,-53.195665255E-03,-34.070037309E-03
+3.110225000E-03,-1.205199578831E+00,-49.897926578E-03,-35.024183038E-03
+3.110230000E-03,-1.206754227064E+00,-48.955715643E-03,-36.519157885E-03
+3.110235000E-03,-1.205665973291E+00,-48.170539626E-03,-37.653579995E-03
+3.110240000E-03,-1.208464340134E+00,-50.290514517E-03,-38.972675446E-03
+3.110245000E-03,-1.207738837595E+00,-48.092022094E-03,-40.177449312E-03
+3.110250000E-03,-1.207738837606E+00,-49.348303499E-03,-41.514132704E-03
+3.110255000E-03,-1.209086199400E+00,-49.976444184E-03,-42.595790997E-03
+3.110260000E-03,-1.208464340113E+00,-49.348303527E-03,-43.928077409E-03
+3.110265000E-03,-1.207220621534E+00,-50.211996958E-03,-44.926192983E-03
+3.110270000E-03,-1.207687015998E+00,-48.327574907E-03,-46.350816076E-03
+3.110275000E-03,-1.206857870265E+00,-46.914258327E-03,-47.282976875E-03
+3.110280000E-03,-1.205303222070E+00,-47.463881469E-03,-48.918655243E-03
+3.110285000E-03,-1.205303222072E+00,-47.385363766E-03,-49.485866302E-03
+3.110290000E-03,-1.202919428107E+00,-48.170539606E-03,-51.389760740E-03
+3.110295000E-03,-1.202038460793E+00,-47.385363786E-03,-51.785489391E-03
+3.110300000E-03,-1.200794742211E+00,-48.092022118E-03,-53.693780818E-03
+3.110305000E-03,-1.199084629145E+00,-47.463881409E-03,-54.001569773E-03
+3.110310000E-03,-1.195923511131E+00,-48.406092486E-03,-55.927449137E-03
+3.110315000E-03,-1.194576149320E+00,-46.600187931E-03,-56.450690347E-03
+3.110320000E-03,-1.190896815213E+00,-47.228328632E-03,-58.081971726E-03
+3.110325000E-03,-1.188461199674E+00,-47.620916571E-03,-58.548052134E-03
+3.110330000E-03,-1.185455546411E+00,-45.579459339E-03,-60.201318438E-03
+3.110335000E-03,-1.182657179620E+00,-46.443152777E-03,-60.852072212E-03
+3.110340000E-03,-1.179392418375E+00,-46.129082453E-03,-62.272298314E-03
+3.110345000E-03,-1.174676652107E+00,-46.757223166E-03,-63.147298309E-03
+3.110350000E-03,-1.173070182201E+00,-45.893529651E-03,-64.290514380E-03
+3.110355000E-03,-1.168924453602E+00,-45.972047287E-03,-65.288629945E-03
+3.110360000E-03,-1.165348762699E+00,-46.443152805E-03,-66.383479184E-03
+3.110365000E-03,-1.162084001377E+00,-45.343906562E-03,-67.271670125E-03
+3.110370000E-03,-1.156020873365E+00,-46.914258227E-03,-68.472047004E-03
+3.110375000E-03,-1.151356928696E+00,-44.323177929E-03,-69.333856024E-03
+3.110380000E-03,-1.147677594573E+00,-45.815012113E-03,-70.551820852E-03
+3.110385000E-03,-1.141925396126E+00,-45.422424141E-03,-71.220162543E-03
+3.110390000E-03,-1.136276840937E+00,-45.186871351E-03,-72.468906257E-03
+3.110395000E-03,-1.131146501793E+00,-44.794283452E-03,-73.036117302E-03
+3.110400000E-03,-1.126119805854E+00,-44.401695557E-03,-74.381594675E-03
+3.110405000E-03,-1.119279353682E+00,-43.695037208E-03,-74.961996674E-03
+3.110410000E-03,-1.113112582399E+00,-43.852072431E-03,-76.259107215E-03
+3.110415000E-03,-1.106842167899E+00,-44.480213067E-03,-76.843906209E-03
+3.110420000E-03,-1.100986326240E+00,-43.930590035E-03,-77.978328302E-03
+3.110425000E-03,-1.093990409232E+00,-45.029836262E-03,-78.831343373E-03
+3.110430000E-03,-1.087046313835E+00,-43.852072378E-03,-79.578830796E-03
+3.110435000E-03,-1.081501401834E+00,-43.616519629E-03,-80.708855915E-03
+3.110440000E-03,-1.073572695907E+00,-44.244660310E-03,-81.258479014E-03
+3.110445000E-03,-1.067043173340E+00,-43.773554808E-03,-82.423680021E-03
+3.110450000E-03,-1.059373575484E+00,-44.951318528E-03,-82.964509150E-03
+3.110455000E-03,-1.052584944833E+00,-43.616519633E-03,-84.151695074E-03
+3.110460000E-03,-1.045226276578E+00,-44.087625156E-03,-84.503453858E-03
+3.110465000E-03,-1.036209316887E+00,-43.380966852E-03,-85.664257869E-03
+3.110470000E-03,-1.028798827008E+00,-42.988378924E-03,-86.108353341E-03
+3.110475000E-03,-1.019263651225E+00,-43.538002034E-03,-87.049308111E-03
+3.110480000E-03,-1.010557621214E+00,-43.066896561E-03,-87.629710106E-03
+3.110485000E-03,-1.001696126337E+00,-43.930590019E-03,-88.355212622E-03
+3.110490000E-03,-993.663777196E-03,-43.223931710E-03,-89.199433707E-03
+3.110495000E-03,-982.884882820E-03,-43.066896515E-03,-89.634735220E-03
+3.110500000E-03,-974.800712022E-03,-43.538002030E-03,-90.575689976E-03
+3.110505000E-03,-964.384568975E-03,-41.025439296E-03,-90.905463854E-03
+3.110510000E-03,-955.730360465E-03,-43.538002050E-03,-91.894785432E-03
+3.110515000E-03,-945.521503796E-03,-42.674308601E-03,-92.206971376E-03
+3.110520000E-03,-935.986328046E-03,-44.009107594E-03,-93.125941199E-03
+3.110525000E-03,-925.103790494E-03,-44.480213079E-03,-93.446921112E-03
+3.110530000E-03,-914.894933775E-03,-41.889132746E-03,-94.273554253E-03
+3.110535000E-03,-903.856931417E-03,-42.046167916E-03,-94.436242712E-03
+3.110540000E-03,-892.663464178E-03,-42.674308563E-03,-95.320036657E-03
+3.110545000E-03,-881.262710518E-03,-42.674308601E-03,-95.610237673E-03
+3.110550000E-03,-871.105675475E-03,-41.653580006E-03,-96.450061770E-03
+3.110555000E-03,-860.119494708E-03,-42.909861324E-03,-96.608353236E-03
+3.110560000E-03,-849.133313918E-03,-42.517273364E-03,-97.470162261E-03
+3.110565000E-03,-838.043489903E-03,-42.831343800E-03,-97.549308003E-03
+3.110570000E-03,-826.953665887E-03,-42.674308546E-03,-98.507850695E-03
+3.110575000E-03,-815.604733890E-03,-42.124685478E-03,-98.450689900E-03
+3.110580000E-03,-804.825839522E-03,-41.653579994E-03,-99.418026565E-03
+3.110585000E-03,-792.544118520E-03,-41.732097556E-03,-99.338880844E-03
+3.110590000E-03,-779.796003123E-03,-40.475816166E-03,-100.187498920E-03
+3.110595000E-03,-767.773390167E-03,-43.223931635E-03,-100.134735109E-03
+3.110600000E-03,-755.388025978E-03,-43.930589961E-03,-100.864634589E-03
+3.110605000E-03,-742.691732134E-03,-41.339509624E-03,-100.842649673E-03
+3.110610000E-03,-730.565476029E-03,-41.889132709E-03,-101.537373278E-03
+3.110615000E-03,-718.283755039E-03,-42.438755848E-03,-101.519785346E-03
+3.110620000E-03,-705.328353176E-03,-40.946921735E-03,-102.060614480E-03
+3.110625000E-03,-692.994810611E-03,-42.595790967E-03,-102.073805442E-03
+3.110630000E-03,-679.935765489E-03,-41.418027135E-03,-102.561870758E-03
+3.110635000E-03,-666.876720397E-03,-41.810615109E-03,-102.632222520E-03
+3.110640000E-03,-653.040351196E-03,-42.909861341E-03,-103.045539098E-03
+3.110645000E-03,-639.307625226E-03,-41.025439272E-03,-103.063127041E-03
+3.110650000E-03,-626.663152989E-03,-40.868404072E-03,-103.458855672E-03
+3.110655000E-03,-611.686708440E-03,-40.554333724E-03,-103.445664721E-03
+3.110660000E-03,-599.301344231E-03,-41.260992050E-03,-103.727071751E-03
+3.110665000E-03,-584.584007751E-03,-40.161745818E-03,-103.793026528E-03
+3.110670000E-03,-571.369497805E-03,-41.339509569E-03,-103.946920995E-03
+3.110675000E-03,-557.066734176E-03,-42.203203036E-03,-104.034860701E-03
+3.110680000E-03,-544.059510664E-03,-42.988378958E-03,-104.197549130E-03
+3.110685000E-03,-530.534071130E-03,-41.575062330E-03,-104.193152152E-03
+3.110690000E-03,-516.075842611E-03,-41.339509595E-03,-104.338252645E-03
+3.110695000E-03,-500.788468468E-03,-42.360238193E-03,-104.395413459E-03
+3.110700000E-03,-487.263028832E-03,-40.632851371E-03,-104.347046615E-03
+3.110705000E-03,-470.939222531E-03,-41.732097534E-03,-104.395413458E-03
+3.110710000E-03,-456.480994048E-03,-41.418027203E-03,-104.294282799E-03
+3.110715000E-03,-442.800089624E-03,-40.868404055E-03,-104.342649641E-03
+3.110720000E-03,-426.787212937E-03,-41.653579969E-03,-104.289885811E-03
+3.110725000E-03,-412.743557300E-03,-41.889132678E-03,-104.171167238E-03
+3.110730000E-03,-397.352539866E-03,-39.455087491E-03,-104.166770237E-03
+3.110735000E-03,-382.272452108E-03,-40.083228235E-03,-104.034860703E-03
+3.110740000E-03,-368.073331623E-03,-41.260992003E-03,-103.982096870E-03
+3.110745000E-03,-351.749525319E-03,-41.653579960E-03,-103.749056690E-03
+3.110750000E-03,-336.824902329E-03,-41.025439246E-03,-103.713880793E-03
+3.110755000E-03,-319.361020644E-03,-41.025439285E-03,-103.472046639E-03
+3.110760000E-03,-305.524651400E-03,-41.810615108E-03,-103.379709940E-03
+3.110765000E-03,-290.185455593E-03,-41.025439255E-03,-103.111493880E-03
+3.110770000E-03,-275.260832629E-03,-41.810615126E-03,-103.036745120E-03
+3.110775000E-03,-259.973458475E-03,-41.496544790E-03,-102.706971273E-03
+3.110780000E-03,-244.426976221E-03,-42.674308562E-03,-102.619031555E-03
+3.110785000E-03,-227.274024123E-03,-39.219534834E-03,-102.192524041E-03
+3.110790000E-03,-211.986649930E-03,-41.496544773E-03,-102.056217493E-03
+3.110795000E-03,-197.321134954E-03,-40.240263358E-03,-101.634106961E-03
+3.110800000E-03,-182.292868815E-03,-41.496544803E-03,-101.515388355E-03
+3.110805000E-03,-166.487278515E-03,-41.260992016E-03,-100.917398428E-03
+3.110810000E-03,-151.199904344E-03,-41.103956820E-03,-100.948177306E-03
+3.110815000E-03,-134.409703554E-03,-40.946921668E-03,-100.178704965E-03
+3.110820000E-03,-118.759578041E-03,-41.496544804E-03,-100.222674805E-03
+3.110825000E-03,-102.850344521E-03,-41.418027146E-03,-99.369659747E-03
+3.110830000E-03,-86.785646290E-03,-40.475816123E-03,-99.352071800E-03
+3.110835000E-03,-72.638347354E-03,-41.260992007E-03,-98.591393426E-03
+3.110840000E-03,-56.884578710E-03,-40.946921663E-03,-98.565011504E-03
+3.110845000E-03,-41.908134165E-03,-40.868404063E-03,-97.610865798E-03
+3.110850000E-03,-25.584327784E-03,-40.946921641E-03,-97.672423576E-03
+3.110855000E-03,-10.711526453E-03,-40.789886485E-03,-96.669911031E-03
+3.110860000E-03,+4.834955787E-03,-41.103956886E-03,-96.617147207E-03
+3.110865000E-03,+21.884264667E-03,-41.182474464E-03,-95.684986420E-03
+3.110870000E-03,+37.223460476E-03,-40.789886471E-03,-95.443152253E-03
+3.110875000E-03,+52.821764338E-03,-41.418027199E-03,-94.700061805E-03
+3.110880000E-03,+68.627354600E-03,-40.161745797E-03,-94.357096985E-03
+3.110885000E-03,+83.914728805E-03,-39.769157839E-03,-93.565639706E-03
+3.110890000E-03,+99.202103034E-03,-39.455087522E-03,-93.187499006E-03
+3.110895000E-03,+115.059514898E-03,-40.789886458E-03,-92.396041720E-03
+3.110900000E-03,+130.657818763E-03,-41.496544822E-03,-91.916770379E-03
+3.110905000E-03,+146.204301055E-03,-42.674308579E-03,-91.107725156E-03
+3.110910000E-03,+162.735393799E-03,-41.103956851E-03,-90.544911101E-03
+3.110915000E-03,+177.245443915E-03,-41.575062311E-03,-89.836996528E-03
+3.110920000E-03,+193.258320619E-03,-42.046167918E-03,-89.234609603E-03
+3.110925000E-03,+208.390230048E-03,-41.182474442E-03,-88.421167397E-03
+3.110930000E-03,+224.351285095E-03,-43.066896533E-03,-87.858353333E-03
+3.110935000E-03,+239.224086446E-03,-42.281720671E-03,-87.106468921E-03
+3.110940000E-03,+253.785958167E-03,-40.004710707E-03,-86.284232751E-03
+3.110945000E-03,+270.265229365E-03,-41.103956833E-03,-85.717021701E-03
+3.110950000E-03,+285.863533232E-03,-40.004710645E-03,-84.613378500E-03
+3.110955000E-03,+300.684512958E-03,-40.004710636E-03,-84.261619708E-03
+3.110960000E-03,+317.060140879E-03,-42.281720671E-03,-83.004082030E-03
+3.110965000E-03,+331.622012591E-03,-38.434358889E-03,-82.643529272E-03
+3.110970000E-03,+346.287527495E-03,-41.653579938E-03,-81.271669987E-03
+3.110975000E-03,+361.782188165E-03,-40.240263379E-03,-81.122172506E-03
+3.110980000E-03,+375.825843806E-03,-41.810615135E-03,-79.521670006E-03
+3.110985000E-03,+390.854109952E-03,-40.554333705E-03,-79.424936347E-03
+3.110990000E-03,+405.675089693E-03,-41.025439282E-03,-77.661745408E-03
+3.110995000E-03,+421.377036773E-03,-40.868404058E-03,-77.630966519E-03
+3.111000000E-03,+435.576157227E-03,-40.004710600E-03,-75.916142409E-03
+3.111005000E-03,+449.516169586E-03,-41.575062387E-03,-75.727072065E-03
+3.111010000E-03,+463.663468463E-03,-41.575062342E-03,-74.139760512E-03
+3.111015000E-03,+477.707124115E-03,-41.339509594E-03,-73.902323342E-03
+3.111020000E-03,+491.439850110E-03,-41.496544773E-03,-72.253454003E-03
+3.111025000E-03,+506.416294673E-03,-41.182474438E-03,-71.998428891E-03
+3.111030000E-03,+520.459950281E-03,-40.318781034E-03,-70.331971609E-03
+3.111035000E-03,+534.140854702E-03,-40.318781011E-03,-70.098931425E-03
+3.111040000E-03,+547.925402266E-03,-40.789886511E-03,-68.463253036E-03
+3.111045000E-03,+561.399020236E-03,-40.554333768E-03,-67.940011856E-03
+3.111050000E-03,+575.235389431E-03,-40.946921663E-03,-66.510991747E-03
+3.111055000E-03,+588.709007359E-03,-41.418027176E-03,-65.996544536E-03
+3.111060000E-03,+602.649019746E-03,-40.318780962E-03,-64.294911370E-03
+3.111065000E-03,+615.138027204E-03,-40.397298590E-03,-63.837624965E-03
+3.111070000E-03,+628.559823515E-03,-40.632851264E-03,-62.175564668E-03
+3.111075000E-03,+641.411582150E-03,-41.103956810E-03,-61.656720462E-03
+3.111080000E-03,+654.004232799E-03,-40.554333750E-03,-60.117775739E-03
+3.111085000E-03,+667.011456248E-03,-40.318780984E-03,-59.440640084E-03
+3.111090000E-03,+678.515853127E-03,-41.496544777E-03,-58.033604909E-03
+3.111095000E-03,+691.678541422E-03,-40.554333769E-03,-57.211368749E-03
+3.111100000E-03,+704.063905593E-03,-40.475816149E-03,-55.905464233E-03
+3.111105000E-03,+716.967485845E-03,-40.161745861E-03,-54.858981840E-03
+3.111110000E-03,+728.057309910E-03,-41.810615112E-03,-53.698177823E-03
+3.111115000E-03,+741.064533325E-03,-42.517273414E-03,-52.524182868E-03
+3.111120000E-03,+753.294432716E-03,-43.380966886E-03,-51.446921567E-03
+3.111125000E-03,+766.042548145E-03,-41.889132685E-03,-50.022298475E-03
+3.111130000E-03,+776.976907412E-03,-41.889132703E-03,-49.054961793E-03
+3.111135000E-03,+788.533125824E-03,-41.653579910E-03,-47.713881410E-03
+3.111140000E-03,+799.260198558E-03,-41.653580007E-03,-46.632223130E-03
+3.111145000E-03,+811.593741157E-03,-41.575062406E-03,-45.291142748E-03
+3.111150000E-03,+822.579921975E-03,-41.732097603E-03,-44.086368887E-03
+3.111155000E-03,+833.617924335E-03,-41.889132713E-03,-43.048680454E-03
+3.111160000E-03,+843.515851356E-03,-42.124685437E-03,-41.606469410E-03
+3.111165000E-03,+854.864783380E-03,-42.203203042E-03,-40.612750835E-03
+3.111170000E-03,+864.918175314E-03,-40.789886502E-03,-39.126569943E-03
+3.111175000E-03,+876.059820844E-03,-42.046167831E-03,-38.242775980E-03
+3.111180000E-03,+888.082433848E-03,-40.789886470E-03,-36.554333795E-03
+3.111185000E-03,+898.084004037E-03,-42.909861363E-03,-35.798052388E-03
+3.111190000E-03,+908.033752708E-03,-40.161745792E-03,-34.070037339E-03
+3.111195000E-03,+917.879858115E-03,-42.203203107E-03,-33.278580051E-03
+3.111200000E-03,+927.674141966E-03,-43.930589940E-03,-31.475816262E-03
+3.111205000E-03,+936.639280040E-03,-41.182474489E-03,-30.754710734E-03
+3.111210000E-03,+945.759882932E-03,-42.909861345E-03,-28.978328853E-03
+3.111215000E-03,+955.761453186E-03,-41.025439268E-03,-28.217650459E-03
+3.111220000E-03,+963.845623948E-03,-41.889132703E-03,-26.353328878E-03
+3.111225000E-03,+973.069870145E-03,-41.732097557E-03,-25.557474615E-03
+3.111230000E-03,+980.635824810E-03,-42.360238273E-03,-23.715137950E-03
+3.111235000E-03,+989.393676493E-03,-42.203203103E-03,-22.967650521E-03
+3.111240000E-03,+997.581490494E-03,-41.339509612E-03,-21.098931942E-03
+3.111245000E-03,+1.006235698923E+00,-42.831343772E-03,-20.325062616E-03
+3.111250000E-03,+1.013231615936E+00,-41.967650276E-03,-18.460741016E-03
+3.111255000E-03,+1.021523073115E+00,-41.967650248E-03,-17.722047562E-03
+3.111260000E-03,+1.028208060484E+00,-43.223931693E-03,-15.870916921E-03
+3.111265000E-03,+1.035307620719E+00,-42.124685483E-03,-15.083856640E-03
+3.111270000E-03,+1.042562645760E+00,-41.182474471E-03,-13.329459666E-03
+3.111275000E-03,+1.049973135674E+00,-43.145414092E-03,-12.454459684E-03
+3.111280000E-03,+1.056554479803E+00,-41.810615121E-03,-10.757223505E-03
+3.111285000E-03,+1.062980359109E+00,-43.066896472E-03,-9.754710975E-03
+3.111290000E-03,+1.069924454503E+00,-42.124685464E-03,-8.171796399E-03
+3.111295000E-03,+1.076557620289E+00,-43.066896458E-03,-7.103329086E-03
+3.111300000E-03,+1.083760823714E+00,-40.946921767E-03,-5.516017533E-03
+3.111305000E-03,+1.089357557335E+00,-41.810615087E-03,-4.491520073E-03
+3.111310000E-03,+1.093969680410E+00,-41.260992011E-03,-2.860238676E-03
+3.111315000E-03,+1.101121062237E+00,-42.517273423E-03,-1.967650750E-03
+3.111320000E-03,+1.106147758210E+00,-42.909861402E-03,-406.721110E-06
+3.111325000E-03,+1.111640848556E+00,-42.595791044E-03,+683.731136E-06
+3.111330000E-03,+1.116408436420E+00,-40.240263440E-03,+2.218278857E-03
+3.111335000E-03,+1.121072381125E+00,+464.078180881E-03,+3.321922067E-03
+3.111340000E-03,+1.123559818290E+00,+2.543852042445E+00,+4.887248679E-03
+3.111345000E-03,+1.128327406141E+00,+2.552724532961E+00,+5.793027569E-03
+3.111350000E-03,+1.132214026721E+00,+2.552724532961E+00,+7.674937085E-03
+3.111355000E-03,+1.136411576934E+00,+2.552724532961E+00,+8.264133068E-03
+3.111360000E-03,+1.140246375913E+00,+2.552724532961E+00,+10.255967216E-03
+3.111365000E-03,+1.143252029131E+00,+2.552724532961E+00,+10.924308926E-03
+3.111370000E-03,+1.146516790390E+00,+2.552724532961E+00,+12.832600350E-03
+3.111375000E-03,+1.149729730051E+00,+2.552724532961E+00,+13.637248591E-03
+3.111380000E-03,+1.153253599404E+00,+2.552724532961E+00,+15.448806350E-03
+3.111385000E-03,+1.155274642106E+00,+2.552724532961E+00,+16.191896807E-03
+3.111390000E-03,+1.158332116935E+00,+2.552724532961E+00,+17.941896774E-03
+3.111395000E-03,+1.159990408387E+00,+2.552724532961E+00,+18.715766126E-03
+3.111400000E-03,+1.162529667166E+00,+2.552724532961E+00,+20.487751023E-03
+3.111405000E-03,+1.164550709852E+00,+2.552724532961E+00,+21.353957051E-03
+3.111410000E-03,+1.166053536434E+00,+2.552724532961E+00,+23.020414311E-03
+3.111415000E-03,+1.168489151976E+00,+2.552724532961E+00,+23.829459538E-03
+3.111420000E-03,+1.168230043967E+00,+2.552724532961E+00,+25.579459509E-03
+3.111425000E-03,+1.169836513838E+00,+2.552724532961E+00,+26.472047449E-03
+3.111430000E-03,+1.171391162021E+00,+2.552724532961E+00,+28.138504708E-03
+3.111435000E-03,+1.172272129377E+00,+2.552724532961E+00,+28.894786113E-03
+3.111440000E-03,+1.173256739887E+00,+2.552724532961E+00,+30.596419253E-03
+3.111445000E-03,+1.173101275100E+00,+2.552724532961E+00,+31.383479558E-03
+3.111450000E-03,+1.172997631866E+00,+2.552724532961E+00,+32.961997119E-03
+3.111455000E-03,+1.173723134374E+00,+2.552724532961E+00,+33.876569982E-03
+3.111460000E-03,+1.173464026339E+00,+2.552724532961E+00,+35.428705636E-03
+3.111465000E-03,+1.173464026349E+00,+2.552724532961E+00,+36.338881508E-03
+3.111470000E-03,+1.172945810297E+00,+2.552724532961E+00,+37.899811139E-03
+3.111475000E-03,+1.171183875623E+00,+2.552724532961E+00,+38.761620175E-03
+3.111480000E-03,+1.170510194703E+00,+2.552724532961E+00,+40.309358849E-03
+3.111485000E-03,+1.168955546472E+00,+2.552724532961E+00,+41.201946783E-03
+3.111490000E-03,+1.168074579196E+00,+2.552724532961E+00,+42.573806071E-03
+3.111495000E-03,+1.166675395759E+00,+2.552724532961E+00,+43.523554795E-03
+3.111500000E-03,+1.164550709849E+00,+2.552724532961E+00,+45.000941724E-03
+3.111505000E-03,+1.163306991259E+00,+2.552724532961E+00,+45.739635175E-03
+3.111510000E-03,+1.161130483758E+00,+2.552724532961E+00,+47.256594962E-03
+3.111515000E-03,+1.158487581763E+00,+2.552724532961E+00,+47.977700479E-03
+3.111520000E-03,+1.155222820527E+00,+2.552724532961E+00,+49.490263276E-03
+3.111525000E-03,+1.153201777826E+00,+2.552724532961E+00,+50.303705482E-03
+3.111530000E-03,+1.149729730095E+00,+2.552724532961E+00,+51.521670298E-03
+3.111535000E-03,+1.146724076910E+00,+2.552724532961E+00,+52.581343646E-03
+3.111540000E-03,+1.142992921148E+00,+2.552724532961E+00,+53.641017001E-03
+3.111545000E-03,+1.138847192562E+00,+2.552724532961E+00,+54.718278300E-03
+3.111550000E-03,+1.135323323276E+00,+2.552724532961E+00,+55.641645122E-03
+3.111555000E-03,+1.130296627360E+00,+2.552724532961E+00,+56.868403902E-03
+3.111560000E-03,+1.126254541960E+00,+2.552724532961E+00,+57.624685306E-03
+3.111565000E-03,+1.122575207809E+00,+2.552724532961E+00,+58.970162676E-03
+3.111570000E-03,+1.116978474203E+00,+2.552724532961E+00,+59.620916441E-03
+3.111575000E-03,+1.111848135036E+00,+2.552724532961E+00,+60.847675218E-03
+3.111580000E-03,+1.106095936710E+00,+2.552724532961E+00,+61.731469180E-03
+3.111585000E-03,+1.101276527136E+00,+2.552724532961E+00,+62.777951579E-03
+3.111590000E-03,+1.096560760877E+00,+2.552724532961E+00,+63.745288253E-03
+3.111595000E-03,+1.089875773531E+00,+2.552724532961E+00,+64.589509350E-03
+3.111600000E-03,+1.084227218329E+00,+2.552724532961E+00,+65.785489235E-03
+3.111605000E-03,+1.077594052574E+00,+2.552724532961E+00,+66.546167621E-03
+3.111610000E-03,+1.072152783758E+00,+2.552724532961E+00,+67.663001777E-03
+3.111615000E-03,+1.064690472258E+00,+2.552724532961E+00,+68.366519363E-03
+3.111620000E-03,+1.058679165829E+00,+2.552724532961E+00,+69.536117328E-03
+3.111625000E-03,+1.053082432217E+00,+2.552724532961E+00,+70.164886180E-03
+3.111630000E-03,+1.046138336847E+00,+2.552724532961E+00,+71.246544446E-03
+3.111635000E-03,+1.037691414807E+00,+2.552724532961E+00,+71.945665058E-03
+3.111640000E-03,+1.030902784187E+00,+2.552724532961E+00,+72.829458998E-03
+3.111645000E-03,+1.023595937562E+00,+2.552724532961E+00,+73.686871072E-03
+3.111650000E-03,+1.014475334697E+00,+2.552724532961E+00,+74.364006723E-03
+3.111655000E-03,+1.008256741723E+00,+2.552724532961E+00,+75.331343415E-03
+3.111660000E-03,+999.084317261E-03,+2.552724532961E+00,+75.968906206E-03
+3.111665000E-03,+990.067357539E-03,+2.552724532961E+00,+76.892273043E-03
+3.111670000E-03,+982.138651590E-03,+2.552724532961E+00,+77.551820764E-03
+3.111675000E-03,+973.795372792E-03,+2.552724532961E+00,+78.409232826E-03
+3.111680000E-03,+965.192985989E-03,+2.552724532961E+00,+79.055589599E-03
+3.111685000E-03,+956.331491046E-03,+2.552724532961E+00,+79.772298134E-03
+3.111690000E-03,+947.625460992E-03,+2.552724532961E+00,+80.559358424E-03
+3.111695000E-03,+938.193928450E-03,+2.552724532961E+00,+81.086996617E-03
+3.111700000E-03,+928.555109421E-03,+2.552724532961E+00,+81.913629761E-03
+3.111705000E-03,+918.916290475E-03,+2.552724532961E+00,+82.322549368E-03
+3.111710000E-03,+909.381114698E-03,+2.552724532961E+00,+83.237122214E-03
+3.111715000E-03,+899.690474112E-03,+2.552724532961E+00,+83.580087043E-03
+3.111720000E-03,+888.082433992E-03,+2.552724532961E+00,+84.459484011E-03
+3.111725000E-03,+877.769934116E-03,+2.552724532961E+00,+84.912373465E-03
+3.111730000E-03,+867.561077455E-03,+2.552724532961E+00,+85.527951337E-03
+3.111735000E-03,+857.870436858E-03,+2.552724532961E+00,+86.125941289E-03
+3.111740000E-03,+847.039720924E-03,+2.552724532961E+00,+86.644785496E-03
+3.111745000E-03,+836.209004920E-03,+2.552724532961E+00,+87.304333233E-03
+3.111750000E-03,+824.704608071E-03,+2.552724532961E+00,+87.594534233E-03
+3.111755000E-03,+813.407497653E-03,+2.552724532961E+00,+88.240891010E-03
+3.111760000E-03,+801.022133444E-03,+2.552724532961E+00,+88.592649802E-03
+3.111765000E-03,+789.984131107E-03,+2.552724532961E+00,+89.195036724E-03
+3.111770000E-03,+778.687020645E-03,+2.552724532961E+00,+89.573177433E-03
+3.111775000E-03,+768.840915193E-03,+2.552724532961E+00,+90.096418625E-03
+3.111780000E-03,+755.419118854E-03,+2.552724532961E+00,+90.496544259E-03
+3.111785000E-03,+743.551970791E-03,+2.552724532961E+00,+90.852700027E-03
+3.111790000E-03,+731.322071374E-03,+2.552724532961E+00,+91.261619632E-03
+3.111795000E-03,+719.558566488E-03,+2.552724532961E+00,+91.582599519E-03
+3.111800000E-03,+707.587775173E-03,+2.552724532961E+00,+92.083855797E-03
+3.111805000E-03,+694.995124550E-03,+2.552724532961E+00,+92.294911068E-03
+3.111810000E-03,+682.402473962E-03,+2.552724532961E+00,+92.708227646E-03
+3.111815000E-03,+668.047888702E-03,+2.552724532961E+00,+93.020413574E-03
+3.111820000E-03,+655.714346063E-03,+2.552724532961E+00,+93.213880904E-03
+3.111825000E-03,+642.862587421E-03,+2.552724532961E+00,+93.653579400E-03
+3.111830000E-03,+630.529044887E-03,+2.552724532961E+00,+93.666770344E-03
+3.111835000E-03,+617.573642948E-03,+2.552724532961E+00,+94.229584422E-03
+3.111840000E-03,+603.789095397E-03,+2.552724532961E+00,+93.974559292E-03
+3.111845000E-03,+590.730050298E-03,+2.552724532961E+00,+94.695664814E-03
+3.111850000E-03,+577.411897181E-03,+2.552724532961E+00,+94.379081897E-03
+3.111855000E-03,+564.456495310E-03,+2.552724532961E+00,+95.139760293E-03
+3.111860000E-03,+552.278417517E-03,+2.552724532961E+00,+94.629710037E-03
+3.111865000E-03,+536.939221718E-03,+2.552724532961E+00,+95.372800489E-03
+3.111870000E-03,+522.740101264E-03,+2.552724532961E+00,+95.003453752E-03
+3.111875000E-03,+507.660013551E-03,+2.552724532961E+00,+95.535488932E-03
+3.111880000E-03,+494.290038772E-03,+2.552724532961E+00,+95.152951240E-03
+3.111885000E-03,+479.935453478E-03,+2.552724532961E+00,+95.684986419E-03
+3.111890000E-03,+466.306370730E-03,+2.552724532961E+00,+95.355212540E-03
+3.111895000E-03,+451.899963836E-03,+2.552724532961E+00,+95.790514061E-03
+3.111900000E-03,+437.908129805E-03,+2.552724532961E+00,+95.482725095E-03
+3.111905000E-03,+422.672577194E-03,+2.552724532961E+00,+95.812498984E-03
+3.111910000E-03,+408.317991955E-03,+2.552724532961E+00,+95.372800470E-03
+3.111915000E-03,+392.875152897E-03,+2.552724532961E+00,+95.742147229E-03
+3.111920000E-03,+378.676032497E-03,+2.552724532961E+00,+95.293654745E-03
+3.111925000E-03,+362.922263818E-03,+2.552724532961E+00,+95.654207530E-03
+3.111930000E-03,+348.049462450E-03,+2.552724532961E+00,+95.095790428E-03
+3.111935000E-03,+332.658445013E-03,+2.552724532961E+00,+95.443152263E-03
+3.111940000E-03,+318.925719016E-03,+2.552724532961E+00,+94.963880882E-03
+3.111945000E-03,+304.001096088E-03,+2.552724532961E+00,+95.214509042E-03
+3.111950000E-03,+288.817365136E-03,+2.552724532961E+00,+94.722046716E-03
+3.111955000E-03,+273.063596419E-03,+2.552724532961E+00,+94.801192460E-03
+3.111960000E-03,+258.657189569E-03,+2.552724532961E+00,+94.502197471E-03
+3.111965000E-03,+242.281561573E-03,+2.552724532961E+00,+94.387875885E-03
+3.111970000E-03,+227.719689835E-03,+2.552724532961E+00,+94.137247734E-03
+3.111975000E-03,+211.758634789E-03,+2.552724532961E+00,+93.794282923E-03
+3.111980000E-03,+196.937655021E-03,+2.552724532961E+00,+93.706343213E-03
+3.111985000E-03,+180.924778349E-03,+2.552724532961E+00,+93.205086952E-03
+3.111990000E-03,+165.222831274E-03,+2.552724532961E+00,+93.323805529E-03
+3.111995000E-03,+150.246386652E-03,+2.552724532961E+00,+92.567524143E-03
+3.112000000E-03,+134.233510023E-03,+2.552724532961E+00,+92.717021623E-03
+3.112005000E-03,+118.116990053E-03,+2.552724532961E+00,+91.921167362E-03
+3.112010000E-03,+102.518686152E-03,+2.552724532961E+00,+91.987122129E-03
+3.112015000E-03,+87.801349692E-03,+2.552724532961E+00,+91.217649783E-03
+3.112020000E-03,+72.047581013E-03,+2.552724532961E+00,+91.252825658E-03
+3.112025000E-03,+56.241990734E-03,+2.552724532961E+00,+90.413001552E-03
+3.112030000E-03,+40.799151738E-03,+2.552724532961E+00,+90.505338227E-03
+3.112035000E-03,+24.993561379E-03,+2.552724532961E+00,+89.559986487E-03
+3.112040000E-03,+10.328046523E-03,+2.552724532961E+00,+89.476443767E-03
+3.112045000E-03,-5.011149365E-03,+2.552724532961E+00,+88.733353328E-03
+3.112050000E-03,-20.557631593E-03,+2.552724532961E+00,+88.416770412E-03
+3.112055000E-03,-35.430432928E-03,+2.552724532961E+00,+87.748428719E-03
+3.112060000E-03,-50.355055880E-03,+2.552724532961E+00,+87.357097062E-03
+3.112065000E-03,-66.108824559E-03,+2.552724532961E+00,+86.882222692E-03
+3.112070000E-03,-80.826161095E-03,+2.552724532961E+00,+86.209484007E-03
+3.112075000E-03,-97.201789014E-03,+2.552724532961E+00,+85.765388529E-03
+3.112080000E-03,-112.644628076E-03,+2.552724532961E+00,+85.075061912E-03
+3.112085000E-03,-129.331185673E-03,+2.552724532961E+00,+84.661745326E-03
+3.112090000E-03,-143.996700601E-03,+2.552724532961E+00,+83.733981526E-03
+3.112095000E-03,-160.165042179E-03,+2.552724532961E+00,+83.452574486E-03
+3.112100000E-03,-176.177918856E-03,+2.552724532961E+00,+82.445664954E-03
+3.112105000E-03,-190.791612118E-03,+2.552724532961E+00,+82.190639829E-03
+3.112110000E-03,-205.405305481E-03,+2.552724532961E+00,+81.152951401E-03
+3.112115000E-03,-221.780933408E-03,+2.552724532961E+00,+80.796795627E-03
+3.112120000E-03,-237.534702101E-03,+2.552724532961E+00,+79.860237841E-03
+3.112125000E-03,-253.547578782E-03,+2.552724532961E+00,+79.411745392E-03
+3.112130000E-03,-268.316736961E-03,+2.552724532961E+00,+78.303705199E-03
+3.112135000E-03,-283.396824707E-03,+2.552724532961E+00,+77.956343394E-03
+3.112140000E-03,-298.995128613E-03,+2.552724532961E+00,+76.879082093E-03
+3.112145000E-03,-315.215291735E-03,+2.552724532961E+00,+76.386619797E-03
+3.112150000E-03,-330.658130769E-03,+2.552724532961E+00,+75.278579602E-03
+3.112155000E-03,-345.582753724E-03,+2.552724532961E+00,+74.790514281E-03
+3.112160000E-03,-359.833695775E-03,+2.552724532961E+00,+73.770413785E-03
+3.112165000E-03,-375.431999618E-03,+2.552724532961E+00,+73.304333401E-03
+3.112170000E-03,-390.097514589E-03,+2.552724532961E+00,+72.055589676E-03
+3.112175000E-03,-404.348456644E-03,+2.552724532961E+00,+71.554333421E-03
+3.112180000E-03,-420.050403680E-03,+2.552724532961E+00,+70.270413826E-03
+3.112185000E-03,-435.804172373E-03,+2.552724532961E+00,+69.725187714E-03
+3.112190000E-03,-450.417865698E-03,+2.552724532961E+00,+68.551192733E-03
+3.112195000E-03,-465.601596691E-03,+2.552724532961E+00,+67.852072153E-03
+3.112200000E-03,-480.267111559E-03,+2.552724532961E+00,+66.673680194E-03
+3.112205000E-03,-494.362588834E-03,+2.552724532961E+00,+65.904207850E-03
+3.112210000E-03,-508.768995708E-03,+2.552724532961E+00,+64.870916396E-03
+3.112215000E-03,-523.641797074E-03,+2.552724532961E+00,+64.009107368E-03
+3.112220000E-03,-537.167236596E-03,+2.552724532961E+00,+63.103328469E-03
+3.112225000E-03,-551.418178632E-03,+2.552724532961E+00,+61.990891312E-03
+3.112230000E-03,-565.358191053E-03,+2.552724532961E+00,+61.164258141E-03
+3.112235000E-03,-578.261771363E-03,+2.552724532961E+00,+60.007851130E-03
+3.112240000E-03,-591.424459654E-03,+2.552724532961E+00,+59.084484296E-03
+3.112245000E-03,-605.727223319E-03,+2.552724532961E+00,+57.994032060E-03
+3.112250000E-03,-618.993554875E-03,+2.552724532961E+00,+57.048680299E-03
+3.112255000E-03,-633.089032053E-03,+2.552724532961E+00,+55.975816004E-03
+3.112260000E-03,-646.096255575E-03,+2.552724532961E+00,+54.867775801E-03
+3.112265000E-03,-658.118868487E-03,+2.552724532961E+00,+53.935615017E-03
+3.112270000E-03,-671.437021585E-03,+2.552724532961E+00,+52.788001955E-03
+3.112275000E-03,-685.014282750E-03,+2.552724532961E+00,+51.816268304E-03
+3.112280000E-03,-697.399646902E-03,+2.552724532961E+00,+50.607097460E-03
+3.112285000E-03,-710.665978451E-03,+2.552724532961E+00,+49.705715559E-03
+3.112290000E-03,-723.414093914E-03,+2.552724532961E+00,+48.311871351E-03
+3.112295000E-03,-735.695814942E-03,+2.552724532961E+00,+47.476444226E-03
+3.112300000E-03,-748.703038363E-03,+2.552724532961E+00,+46.047424140E-03
+3.112305000E-03,-760.311078461E-03,+2.552724532961E+00,+45.185615101E-03
+3.112310000E-03,-771.089972814E-03,+2.552724532961E+00,+43.848931705E-03
+3.112315000E-03,-783.838088256E-03,+2.552724532961E+00,+42.846419145E-03
+3.112320000E-03,-795.601593173E-03,+2.552724532961E+00,+41.474559875E-03
+3.112325000E-03,-807.831492477E-03,+2.552724532961E+00,+40.485238265E-03
+3.112330000E-03,-818.247635644E-03,+2.552724532961E+00,+39.113378993E-03
+3.112335000E-03,-829.907497339E-03,+2.552724532961E+00,+38.128454378E-03
+3.112340000E-03,-841.411894135E-03,+2.552724532961E+00,+36.734610175E-03
+3.112345000E-03,-852.242610106E-03,+2.552724532961E+00,+35.652951891E-03
+3.112350000E-03,-862.555110076E-03,+2.552724532961E+00,+34.369032306E-03
+3.112355000E-03,-873.748577263E-03,+2.552724532961E+00,+33.309358951E-03
+3.112360000E-03,-884.890222844E-03,+2.552724532961E+00,+31.814384094E-03
+3.112365000E-03,-896.031868427E-03,+2.552724532961E+00,+30.895414257E-03
+3.112370000E-03,-906.085260352E-03,+2.552724532961E+00,+29.286117789E-03
+3.112375000E-03,-916.190473775E-03,+2.552724532961E+00,+28.314384136E-03
+3.112380000E-03,-926.917546517E-03,+2.552724532961E+00,+26.749057510E-03
+3.112385000E-03,-936.608187139E-03,+2.552724532961E+00,+25.887248485E-03
+3.112390000E-03,-946.557935798E-03,+2.552724532961E+00,+24.159233421E-03
+3.112395000E-03,-956.818614040E-03,+2.552724532961E+00,+23.354585194E-03
+3.112400000E-03,-965.939216986E-03,+2.552724532961E+00,+21.732097763E-03
+3.112405000E-03,-975.318927956E-03,+2.552724532961E+00,+20.865891756E-03
+3.112410000E-03,-984.180422825E-03,+2.552724532961E+00,+19.212625430E-03
+3.112415000E-03,-993.715598613E-03,+2.552724532961E+00,+18.249685753E-03
+3.112420000E-03,-1.001955234207E+00,+2.552724532961E+00,+16.649183247E-03
+3.112425000E-03,-1.011179480343E+00,+2.552724532961E+00,+15.655464675E-03
+3.112430000E-03,-1.019833688778E+00,+2.552724532961E+00,+14.098932015E-03
+3.112435000E-03,-1.027710573119E+00,+2.552724532961E+00,+13.048052644E-03
+3.112440000E-03,-1.035794743879E+00,+2.552724532961E+00,+11.535489836E-03
+3.112445000E-03,-1.043827093065E+00,+2.552724532961E+00,+10.427449657E-03
+3.112450000E-03,-1.052274015041E+00,+2.552724532961E+00,+8.888504937E-03
+3.112455000E-03,-1.059684504952E+00,+2.552724532961E+00,+7.784861748E-03
+3.112460000E-03,-1.067094994819E+00,+2.552724532961E+00,+6.241520044E-03
+3.112465000E-03,-1.074971879167E+00,+2.552724532961E+00,+5.256595439E-03
+3.112470000E-03,-1.081138650488E+00,+2.552724532961E+00,+3.700062781E-03
+3.112475000E-03,-1.088652783584E+00,+2.552724532961E+00,+2.565640691E-03
+3.112480000E-03,-1.095441414113E+00,+2.552724532961E+00,+1.119032662E-03
+3.112485000E-03,-1.102074579915E+00,+2.552724532961E+00,+37.374388E-06
+3.112490000E-03,-1.107826778324E+00,+2.552724532961E+00,-1.523555247E-03
+3.112495000E-03,-1.113682619966E+00,+2.552724532961E+00,-2.622801459E-03
+3.112500000E-03,-1.119849391223E+00,+2.552724532961E+00,-4.029836626E-03
+3.112505000E-03,-1.125964340929E+00,+2.552724532961E+00,-5.203831590E-03
+3.112510000E-03,-1.130369177569E+00,+2.552724532961E+00,-6.562499925E-03
+3.112515000E-03,-1.136380484041E+00,+2.552724532961E+00,-7.903580300E-03
+3.112520000E-03,-1.141718109567E+00,+2.552724532961E+00,-9.191896877E-03
+3.112525000E-03,-1.146744805508E+00,+2.552724532961E+00,-10.603329014E-03
+3.112530000E-03,-1.151719679860E+00,+2.552724532961E+00,-11.887248603E-03
+3.112535000E-03,-1.156590910990E+00,+2.552724532961E+00,-13.320665668E-03
+3.112540000E-03,-1.161203034063E+00,+1.567014773813E+00,-14.371545062E-03
+3.112545000E-03,-1.165348762669E+00,-137.759102780E-03,-15.782977204E-03
+3.112550000E-03,-1.168820810352E+00,-182.043025366E-03,-16.939384234E-03
+3.112555000E-03,-1.172655609295E+00,-20.767906065E-03,-18.487122909E-03
+3.112560000E-03,-1.175920370581E+00,+166.575063581E-03,-19.538002286E-03
+3.112565000E-03,-1.180066099214E+00,-82.561242063E-03,-21.059359053E-03
+3.112570000E-03,-1.182760822788E+00,-73.845790411E-03,-22.228957029E-03
+3.112575000E-03,-1.186543800112E+00,-94.888504486E-03,-23.565640436E-03
+3.112580000E-03,-1.190171312636E+00,-16.684987503E-03,-24.889132887E-03
+3.112585000E-03,-1.192762392976E+00,-55.237122314E-03,-26.203831369E-03
+3.112590000E-03,-1.194109754835E+00,-49.426821056E-03,-27.562499689E-03
+3.112595000E-03,-1.197581802518E+00,-62.931846003E-03,-28.793655458E-03
+3.112600000E-03,-1.198462769815E+00,-49.505338746E-03,-30.112750921E-03
+3.112605000E-03,-1.200742920601E+00,-51.939383797E-03,-31.335112717E-03
+3.112610000E-03,-1.201779352713E+00,-50.604584937E-03,-32.680590088E-03
+3.112615000E-03,-1.203074892949E+00,-52.096418966E-03,-33.810615201E-03
+3.112620000E-03,-1.204111325072E+00,-50.290514594E-03,-35.213253378E-03
+3.112625000E-03,-1.205562330104E+00,-50.604584862E-03,-36.338881507E-03
+3.112630000E-03,-1.206443297397E+00,-48.249057266E-03,-37.640389040E-03
+3.112635000E-03,-1.207220621570E+00,-50.211996950E-03,-38.774811128E-03
+3.112640000E-03,-1.207997945607E+00,-49.191268312E-03,-40.217022171E-03
+3.112645000E-03,-1.208360696886E+00,-49.662373765E-03,-41.245916629E-03
+3.112650000E-03,-1.207790659207E+00,-49.740891444E-03,-42.666142751E-03
+3.112655000E-03,-1.208153410448E+00,-49.897926555E-03,-43.615891478E-03
+3.112660000E-03,-1.208153410490E+00,-49.897926607E-03,-45.093278407E-03
+3.112665000E-03,-1.206961513476E+00,-48.798680439E-03,-46.056218082E-03
+3.112670000E-03,-1.206650583839E+00,-47.699434191E-03,-47.450062299E-03
+3.112675000E-03,-1.205873259738E+00,-47.777951750E-03,-48.456971826E-03
+3.112680000E-03,-1.204266789951E+00,-47.856469383E-03,-49.842022070E-03
+3.112685000E-03,-1.203126714545E+00,-46.207600094E-03,-50.778579845E-03
+3.112690000E-03,-1.201572066351E+00,-49.191268294E-03,-52.150439126E-03
+3.112695000E-03,-1.199810131689E+00,-48.955715446E-03,-53.214509465E-03
+3.112700000E-03,-1.197633624197E+00,-49.191268364E-03,-54.524810959E-03
+3.112705000E-03,-1.195819867893E+00,-48.406092435E-03,-55.496544622E-03
+3.112710000E-03,-1.193436073960E+00,-48.170539783E-03,-56.586996875E-03
+3.112715000E-03,-1.191622317710E+00,-47.463881395E-03,-57.743403894E-03
+3.112720000E-03,-1.188616664464E+00,-46.600188024E-03,-58.803077246E-03
+3.112725000E-03,-1.185818297679E+00,-46.129082351E-03,-59.999057135E-03
+3.112730000E-03,-1.183797254957E+00,-45.500941741E-03,-60.983981744E-03
+3.112735000E-03,-1.179547883200E+00,-46.600187856E-03,-62.201946555E-03
+3.112740000E-03,-1.176127657057E+00,-46.835740739E-03,-63.041770669E-03
+3.112745000E-03,-1.171981928465E+00,-45.265389050E-03,-64.400438996E-03
+3.112750000E-03,-1.168198951161E+00,-46.757223088E-03,-65.257851045E-03
+3.112755000E-03,-1.165089654693E+00,-45.815012026E-03,-66.480212846E-03
+3.112760000E-03,-1.160581174846E+00,-46.129082444E-03,-67.218906298E-03
+3.112765000E-03,-1.157057305529E+00,-45.972047357E-03,-68.472046991E-03
+3.112770000E-03,-1.152704290546E+00,-45.265388951E-03,-69.325062056E-03
+3.112775000E-03,-1.147677594605E+00,-46.286117560E-03,-70.393529388E-03
+3.112780000E-03,-1.143790973970E+00,-45.186871416E-03,-71.237750480E-03
+3.112785000E-03,-1.137313273069E+00,-46.050564851E-03,-72.306217806E-03
+3.112790000E-03,-1.132131112379E+00,-45.108353829E-03,-73.150438903E-03
+3.112795000E-03,-1.126275270729E+00,-44.401695557E-03,-74.179333375E-03
+3.112800000E-03,-1.121093109946E+00,-45.108353741E-03,-75.186242903E-03
+3.112805000E-03,-1.115081803458E+00,-44.166142796E-03,-76.004082097E-03
+3.112810000E-03,-1.107360383990E+00,-44.715765800E-03,-77.050564487E-03
+3.112815000E-03,-1.101867293623E+00,-43.930589929E-03,-77.749685094E-03
+3.112820000E-03,-1.094923198189E+00,-44.872801003E-03,-78.866519236E-03
+3.112825000E-03,-1.088652783645E+00,-43.380966884E-03,-79.482097138E-03
+3.112830000E-03,-1.082382369132E+00,-44.401695528E-03,-80.594534299E-03
+3.112835000E-03,-1.075801025039E+00,-43.773554790E-03,-81.130966472E-03
+3.112840000E-03,-1.067975962309E+00,-44.715765835E-03,-82.340137286E-03
+3.112845000E-03,-1.061861012587E+00,-44.637248289E-03,-82.757850869E-03
+3.112850000E-03,-1.052999517742E+00,-44.166142749E-03,-84.059358379E-03
+3.112855000E-03,-1.045589027910E+00,-44.401695457E-03,-84.340765429E-03
+3.112860000E-03,-1.036727532996E+00,-44.166142725E-03,-85.686242784E-03
+3.112865000E-03,-1.028539719060E+00,-43.616519675E-03,-85.875313150E-03
+3.112870000E-03,-1.021077407539E+00,-43.773554808E-03,-87.229584476E-03
+3.112875000E-03,-1.012060447856E+00,-44.951318549E-03,-87.291142278E-03
+3.112880000E-03,-1.002836201747E+00,-42.909861332E-03,-88.737750291E-03
+3.112885000E-03,-993.715598775E-03,-44.244660295E-03,-88.860865875E-03
+3.112890000E-03,-985.009568749E-03,-43.302449249E-03,-90.127197516E-03
+3.112895000E-03,-975.422571278E-03,-43.538002088E-03,-90.087624653E-03
+3.112900000E-03,-965.783752353E-03,-43.066896506E-03,-91.433102030E-03
+3.112905000E-03,-955.160322810E-03,-42.909861367E-03,-91.397926148E-03
+3.112910000E-03,-946.920687244E-03,-43.459484471E-03,-92.690639704E-03
+3.112915000E-03,-937.385511514E-03,-43.852072359E-03,-92.615890964E-03
+3.112920000E-03,-926.036579423E-03,-44.637248289E-03,-93.829458787E-03
+3.112925000E-03,-915.516793143E-03,-41.889132735E-03,-93.789885922E-03
+3.112930000E-03,-905.048828416E-03,-41.810615083E-03,-94.933101989E-03
+3.112935000E-03,-893.803539623E-03,-42.595790953E-03,-95.025438675E-03
+3.112940000E-03,-883.750147720E-03,-42.831343774E-03,-95.944408514E-03
+3.112945000E-03,-872.867610164E-03,-42.360238270E-03,-96.124684891E-03
+3.112950000E-03,-861.881429381E-03,-42.438755809E-03,-96.841393435E-03
+3.112955000E-03,-852.553539994E-03,-41.182474451E-03,-97.250313018E-03
+3.112960000E-03,-840.686391931E-03,-43.695037214E-03,-97.764760260E-03
+3.112965000E-03,-830.633000060E-03,-43.773554760E-03,-98.274810491E-03
+3.112970000E-03,-817.573954969E-03,-42.124685443E-03,-98.661745179E-03
+3.112975000E-03,-805.914093270E-03,-40.318781017E-03,-99.215765257E-03
+3.112980000E-03,-793.736015586E-03,-41.967650340E-03,-99.461996426E-03
+3.112985000E-03,-781.609759379E-03,-41.103956930E-03,-100.051192382E-03
+3.112990000E-03,-768.861643918E-03,-42.438755851E-03,-100.244659734E-03
+3.112995000E-03,-756.268993323E-03,-42.046167867E-03,-100.833855692E-03
+3.113000000E-03,-744.557310055E-03,-43.223931776E-03,-100.970162239E-03
+3.113005000E-03,-732.534697134E-03,-40.397298544E-03,-101.401066748E-03
+3.113010000E-03,-719.890224833E-03,-42.752826127E-03,-101.585740115E-03
+3.113015000E-03,-708.023076794E-03,-41.732097513E-03,-101.946292871E-03
+3.113020000E-03,-693.616669937E-03,-43.773554729E-03,-102.188127041E-03
+3.113025000E-03,-681.697700188E-03,-41.575062375E-03,-102.553076787E-03
+3.113030000E-03,-669.105049509E-03,-40.711369055E-03,-102.671795377E-03
+3.113035000E-03,-655.372323589E-03,-43.223931734E-03,-102.975187348E-03
+3.113040000E-03,-642.105992077E-03,-41.967650304E-03,-103.036745123E-03
+3.113045000E-03,-628.165979624E-03,-41.496544715E-03,-103.472046635E-03
+3.113050000E-03,-614.640540051E-03,-40.632851306E-03,-103.428076771E-03
+3.113055000E-03,-600.493241275E-03,-41.575062387E-03,-103.749056686E-03
+3.113060000E-03,-586.915980050E-03,-42.281720689E-03,-103.762247622E-03
+3.113065000E-03,-572.613216436E-03,-42.124685472E-03,-103.942524022E-03
+3.113070000E-03,-558.725025606E-03,-42.124685400E-03,-104.008478773E-03
+3.113075000E-03,-544.992299595E-03,-42.203203126E-03,-104.232725024E-03
+3.113080000E-03,-531.311395203E-03,-42.438755766E-03,-104.201946108E-03
+3.113085000E-03,-516.438593923E-03,-41.025439265E-03,-104.272297891E-03
+3.113090000E-03,-501.617614194E-03,-41.810615136E-03,-104.391016455E-03
+3.113095000E-03,-487.366672100E-03,-40.946921630E-03,-104.241518995E-03
+3.113100000E-03,-472.545692435E-03,-41.025439247E-03,-104.434986306E-03
+3.113105000E-03,-457.569247832E-03,-42.203203108E-03,-104.201946132E-03
+3.113110000E-03,-443.059197744E-03,-41.339509595E-03,-104.483353137E-03
+3.113115000E-03,-427.720001913E-03,-40.554333724E-03,-104.140388344E-03
+3.113120000E-03,-412.277162890E-03,-42.360238295E-03,-104.360237571E-03
+3.113125000E-03,-398.440793676E-03,-41.025439271E-03,-103.933730054E-03
+3.113130000E-03,-383.101597904E-03,-41.653580005E-03,-104.298679776E-03
+3.113135000E-03,-367.088721224E-03,-40.475816101E-03,-103.867775276E-03
+3.113140000E-03,-351.956811798E-03,-41.339509693E-03,-104.008478782E-03
+3.113145000E-03,-337.343118451E-03,-41.575062393E-03,-103.520413469E-03
+3.113150000E-03,-321.744814639E-03,-41.182474452E-03,-103.661116977E-03
+3.113155000E-03,-306.975656509E-03,-41.182474409E-03,-103.199433575E-03
+3.113160000E-03,-291.066422983E-03,-41.418027158E-03,-103.326946130E-03
+3.113165000E-03,-275.675405556E-03,-40.711368856E-03,-102.803704937E-03
+3.113170000E-03,-259.766172115E-03,-41.260992045E-03,-102.852071767E-03
+3.113175000E-03,-244.426976283E-03,-41.339509601E-03,-102.385991369E-03
+3.113180000E-03,-228.621386021E-03,-41.182474323E-03,-102.394785339E-03
+3.113185000E-03,-213.593119798E-03,-42.281720665E-03,-101.827574291E-03
+3.113190000E-03,-198.772140016E-03,-41.575062412E-03,-101.805589374E-03
+3.113195000E-03,-183.847517097E-03,-42.438755735E-03,-101.194408469E-03
+3.113200000E-03,-167.471889120E-03,-40.789886553E-03,-101.264760224E-03
+3.113205000E-03,-151.666298788E-03,-40.868404054E-03,-100.521669785E-03
+3.113210000E-03,-135.394314070E-03,-40.475816100E-03,-100.570036613E-03
+3.113215000E-03,-120.573334370E-03,-40.868404110E-03,-99.853328084E-03
+3.113220000E-03,-103.213095871E-03,-40.946921758E-03,-99.800564256E-03
+3.113225000E-03,-88.236651223E-03,-41.496544757E-03,-99.114634621E-03
+3.113230000E-03,-72.897455488E-03,-40.789886467E-03,-98.784860750E-03
+3.113235000E-03,-57.558259640E-03,-41.496544751E-03,-98.336368306E-03
+3.113240000E-03,-42.529993470E-03,-40.711368917E-03,-97.879081865E-03
+3.113245000E-03,-28.123586618E-03,-40.397298501E-03,-97.430589424E-03
+3.113250000E-03,-13.717179672E-03,-39.926193052E-03,-96.938127096E-03
+3.113255000E-03,+4.316739603E-03,-39.926193058E-03,-96.450061791E-03
+3.113260000E-03,+19.966865108E-03,-42.046167916E-03,-95.790514048E-03
+3.113265000E-03,+35.824277039E-03,-41.418027120E-03,-95.394785424E-03
+3.113270000E-03,+51.578045661E-03,-41.889132748E-03,-94.730840693E-03
+3.113275000E-03,+66.243560616E-03,-39.690640322E-03,-94.396669855E-03
+3.113280000E-03,+82.256437341E-03,-41.339509514E-03,-93.587624627E-03
+3.113285000E-03,+98.735708489E-03,-41.496544744E-03,-93.081971377E-03
+3.113290000E-03,+113.660331444E-03,-41.732097524E-03,-92.418026652E-03
+3.113295000E-03,+129.517743351E-03,-41.889132655E-03,-91.811242752E-03
+3.113300000E-03,+144.131436670E-03,-41.575062512E-03,-91.226443749E-03
+3.113305000E-03,+160.766172660E-03,-41.575062369E-03,-90.540514122E-03
+3.113310000E-03,+175.483509190E-03,-41.339509545E-03,-89.876569391E-03
+3.113315000E-03,+191.651850721E-03,-41.025439247E-03,-89.190639764E-03
+3.113320000E-03,+207.923835447E-03,-41.339509583E-03,-88.487122170E-03
+3.113325000E-03,+221.967491100E-03,-41.575062275E-03,-87.814383499E-03
+3.113330000E-03,+237.565794928E-03,-41.025439197E-03,-87.159232732E-03
+3.113335000E-03,+253.423206856E-03,-41.025439228E-03,-86.398554366E-03
+3.113340000E-03,+267.933256993E-03,-41.810615124E-03,-85.655463913E-03
+3.113345000E-03,+283.946133689E-03,-41.260992008E-03,-84.947549352E-03
+3.113350000E-03,+298.870756653E-03,-41.339509539E-03,-84.081343328E-03
+3.113355000E-03,+314.469060506E-03,-42.595790926E-03,-83.303077016E-03
+3.113360000E-03,+329.445505069E-03,-42.203202997E-03,-82.458855907E-03
+3.113365000E-03,+344.940165690E-03,-40.083228208E-03,-81.570664966E-03
+3.113370000E-03,+359.294750939E-03,-41.182474477E-03,-80.840765474E-03
+3.113375000E-03,+374.115730605E-03,-40.946921697E-03,-79.864634836E-03
+3.113380000E-03,+388.055743155E-03,-41.103956852E-03,-79.178705190E-03
+3.113385000E-03,+403.809511760E-03,-40.397298575E-03,-78.031092145E-03
+3.113390000E-03,+418.837777993E-03,-40.554333730E-03,-77.340765510E-03
+3.113395000E-03,+432.985076849E-03,-42.360238246E-03,-76.223931360E-03
+3.113400000E-03,+447.546948473E-03,-39.769157840E-03,-75.542398696E-03
+3.113405000E-03,+461.797890535E-03,-41.418027201E-03,-74.302448971E-03
+3.113410000E-03,+476.722513458E-03,-42.674308601E-03,-73.673680120E-03
+3.113415000E-03,+491.025277169E-03,-41.967650254E-03,-72.464509290E-03
+3.113420000E-03,+503.928857470E-03,-41.418027245E-03,-71.809358532E-03
+3.113425000E-03,+518.749837186E-03,-40.397298562E-03,-70.551820868E-03
+3.113430000E-03,+532.897136063E-03,-41.339509538E-03,-69.835112327E-03
+3.113435000E-03,+546.940791704E-03,-42.281720596E-03,-68.722675162E-03
+3.113440000E-03,+560.414409637E-03,-42.203203066E-03,-67.786117366E-03
+3.113445000E-03,+573.214346669E-03,-41.418027226E-03,-66.629710361E-03
+3.113450000E-03,+587.309823859E-03,-41.967650323E-03,-65.794283217E-03
+3.113455000E-03,+600.887085041E-03,-41.653579931E-03,-64.589509378E-03
+3.113460000E-03,+615.138027099E-03,-41.182474440E-03,-63.507851085E-03
+3.113465000E-03,+628.145250570E-03,-41.103956878E-03,-62.562499349E-03
+3.113470000E-03,+640.945187652E-03,-41.260992046E-03,-61.287373724E-03
+3.113475000E-03,+654.418805623E-03,-41.967650292E-03,-60.487122483E-03
+3.113480000E-03,+667.322385920E-03,-43.380966847E-03,-59.110866206E-03
+3.113485000E-03,+679.448642051E-03,-42.046167974E-03,-58.341393867E-03
+3.113490000E-03,+692.300400686E-03,-41.810615149E-03,-56.907976785E-03
+3.113495000E-03,+705.100337806E-03,-41.967650298E-03,-56.261620013E-03
+3.113500000E-03,+716.241983399E-03,-40.004710652E-03,-54.603956716E-03
+3.113505000E-03,+728.834633976E-03,-40.789886568E-03,-54.010363750E-03
+3.113510000E-03,+741.841857513E-03,-41.025439214E-03,-52.269157750E-03
+3.113515000E-03,+753.605362358E-03,-41.889132698E-03,-51.701946692E-03
+3.113520000E-03,+766.768050638E-03,-43.302449215E-03,-49.828831151E-03
+3.113525000E-03,+777.806053002E-03,-41.418027207E-03,-49.120916566E-03
+3.113530000E-03,+788.740412279E-03,-41.339509646E-03,-47.665514586E-03
+3.113535000E-03,+800.141165896E-03,-42.517273382E-03,-46.698177901E-03
+3.113540000E-03,+811.127346683E-03,-40.554333794E-03,-45.317524657E-03
+3.113545000E-03,+822.683565143E-03,-42.046167936E-03,-44.358981948E-03
+3.113550000E-03,+833.358816311E-03,-41.889132724E-03,-42.890389006E-03
+3.113555000E-03,+844.655926704E-03,-40.554333743E-03,-41.927449319E-03
+3.113560000E-03,+854.035637659E-03,-43.459484504E-03,-40.494032244E-03
+3.113565000E-03,+864.969996881E-03,-41.182474465E-03,-39.412373969E-03
+3.113570000E-03,+876.007999211E-03,-41.889132749E-03,-38.018529753E-03
+3.113575000E-03,+887.667860895E-03,-40.711368936E-03,-36.976444350E-03
+3.113580000E-03,+897.721252769E-03,-42.595791098E-03,-35.384735809E-03
+3.113585000E-03,+908.085574249E-03,-40.711368962E-03,-34.522926790E-03
+3.113590000E-03,+916.739782775E-03,-42.909861343E-03,-32.922424280E-03
+3.113595000E-03,+926.430423358E-03,-44.009107466E-03,-32.016645402E-03
+3.113600000E-03,+935.602847878E-03,-42.831343814E-03,-30.257851448E-03
+3.113605000E-03,+944.412521138E-03,-43.223931724E-03,-29.475188145E-03
+3.113610000E-03,+954.414091378E-03,-40.240263343E-03,-27.773554994E-03
+3.113615000E-03,+962.394618918E-03,-42.438755769E-03,-26.867776108E-03
+3.113620000E-03,+970.426968112E-03,-41.103956879E-03,-25.179333917E-03
+3.113625000E-03,+979.288462996E-03,-41.967650343E-03,-24.106469613E-03
+3.113630000E-03,+987.942671476E-03,-42.517273349E-03,-22.708228412E-03
+3.113635000E-03,+996.545058250E-03,-41.260992046E-03,-21.499057582E-03
+3.113640000E-03,+1.004732872272E+00,-42.831343782E-03,-20.127198284E-03
+3.113645000E-03,+1.011366038042E+00,-42.124685453E-03,-18.834484750E-03
+3.113650000E-03,+1.019242922384E+00,-41.653579969E-03,-17.519786257E-03
+3.113655000E-03,+1.027119806658E+00,-42.517273369E-03,-16.174308894E-03
+3.113660000E-03,+1.034167545361E+00,-42.124685401E-03,-14.828831510E-03
+3.113665000E-03,+1.041578035206E+00,-42.438755879E-03,-13.720791335E-03
+3.113670000E-03,+1.048314844205E+00,-43.616519601E-03,-12.137876760E-03
+3.113675000E-03,+1.055051653161E+00,-42.438755814E-03,-11.205715986E-03
+3.113680000E-03,+1.062876715861E+00,-42.360238181E-03,-9.508479805E-03
+3.113685000E-03,+1.068836200777E+00,-43.145414078E-03,-8.563128064E-03
+3.113690000E-03,+1.076039404171E+00,-42.674308543E-03,-6.830716017E-03
+3.113695000E-03,+1.081998889057E+00,-41.967650285E-03,-6.048052715E-03
+3.113700000E-03,+1.088580233251E+00,-42.046167957E-03,-4.183731128E-03
+3.113705000E-03,+1.094954290928E+00,-42.752826162E-03,-3.423052740E-03
+3.113710000E-03,+1.100343738085E+00,-43.930589995E-03,-1.615891957E-03
+3.113715000E-03,+1.105577720476E+00,-41.496544827E-03,-771.670862E-06
+3.113720000E-03,+1.110345308416E+00,-42.360238272E-03,+868.404497E-06
+3.113725000E-03,+1.115527469108E+00,-38.512876590E-03,+1.985238651E-03
+3.113730000E-03,+1.120398700234E+00,+395.767875888E-03,+3.519786382E-03
+3.113735000E-03,+1.123922569551E+00,+2.538041738538E+00,+4.504710990E-03
+3.113740000E-03,+1.127342795697E+00,+2.552724532961E+00,+6.114007452E-03
+3.113745000E-03,+1.132110383482E+00,+2.552724532961E+00,+7.336369242E-03
+3.113750000E-03,+1.135789717626E+00,+2.552724532961E+00,+8.642273765E-03
+3.113755000E-03,+1.139572695029E+00,+2.552724532961E+00,+9.803077764E-03
+3.113760000E-03,+1.143096564360E+00,+2.552724532961E+00,+11.232097859E-03
+3.113765000E-03,+1.146516790445E+00,+2.552724532961E+00,+12.419283770E-03
+3.113770000E-03,+1.149833373281E+00,+2.552724532961E+00,+13.993404359E-03
+3.113775000E-03,+1.153201777780E+00,+2.552724532961E+00,+14.842022436E-03
+3.113780000E-03,+1.155015533990E+00,+2.552724532961E+00,+16.697550061E-03
+3.113785000E-03,+1.158073008871E+00,+2.552724532961E+00,+17.308730954E-03
+3.113790000E-03,+1.160612267616E+00,+2.552724532961E+00,+19.300565102E-03
+3.113795000E-03,+1.163410634468E+00,+2.552724532961E+00,+19.810615352E-03
+3.113800000E-03,+1.164084315396E+00,+2.552724532961E+00,+21.885992214E-03
+3.113805000E-03,+1.165794428369E+00,+2.552724532961E+00,+22.404836423E-03
+3.113810000E-03,+1.167504541433E+00,+2.552724532961E+00,+24.357097721E-03
+3.113815000E-03,+1.168800081699E+00,+2.552724532961E+00,+25.007851474E-03
+3.113820000E-03,+1.169577405689E+00,+2.552724532961E+00,+26.973303714E-03
+3.113825000E-03,+1.171598448420E+00,+2.552724532961E+00,+27.522926825E-03
+3.113830000E-03,+1.171753913277E+00,+2.552724532961E+00,+29.347675556E-03
+3.113835000E-03,+1.172479415839E+00,+2.552724532961E+00,+30.059987096E-03
+3.113840000E-03,+1.173256739916E+00,+2.552724532961E+00,+31.906720757E-03
+3.113845000E-03,+1.173464026302E+00,+2.552724532961E+00,+32.526695612E-03
+3.113850000E-03,+1.172997631857E+00,+2.552724532961E+00,+34.210740837E-03
+3.113855000E-03,+1.172272129374E+00,+2.552724532961E+00,+35.068152863E-03
+3.113860000E-03,+1.172323950977E+00,+2.552724532961E+00,+36.730213162E-03
+3.113865000E-03,+1.171183875617E+00,+2.552724532961E+00,+37.490891532E-03
+3.113870000E-03,+1.171080232419E+00,+2.552724532961E+00,+39.047424193E-03
+3.113875000E-03,+1.170095621882E+00,+2.552724532961E+00,+39.838881469E-03
+3.113880000E-03,+1.169266476153E+00,+2.552724532961E+00,+41.360238241E-03
+3.113885000E-03,+1.167608184722E+00,+2.552724532961E+00,+42.340765857E-03
+3.113890000E-03,+1.166675395761E+00,+2.552724532961E+00,+43.541142743E-03
+3.113895000E-03,+1.164550709876E+00,+2.552724532961E+00,+44.679961822E-03
+3.113900000E-03,+1.161752343116E+00,+2.552724532961E+00,+45.805589953E-03
+3.113905000E-03,+1.160508624479E+00,+2.552724532961E+00,+46.961996975E-03
+3.113910000E-03,+1.157969365695E+00,+2.552724532961E+00,+48.017273340E-03
+3.113915000E-03,+1.154756426088E+00,+2.552724532961E+00,+49.257223080E-03
+3.113920000E-03,+1.152839026554E+00,+2.552724532961E+00,+50.158604975E-03
+3.113925000E-03,+1.149470622125E+00,+2.552724532961E+00,+51.565640133E-03
+3.113930000E-03,+1.145739466377E+00,+2.552724532961E+00,+52.449434097E-03
+3.113935000E-03,+1.142941099546E+00,+2.552724532961E+00,+53.641017002E-03
+3.113940000E-03,+1.138277154886E+00,+2.552724532961E+00,+54.559986837E-03
+3.113945000E-03,+1.134960572029E+00,+2.552724532961E+00,+55.703202911E-03
+3.113950000E-03,+1.130503913869E+00,+2.552724532961E+00,+56.736494351E-03
+3.113955000E-03,+1.126565471590E+00,+2.552724532961E+00,+57.620288326E-03
+3.113960000E-03,+1.121849705340E+00,+2.552724532961E+00,+58.789886291E-03
+3.113965000E-03,+1.118014906359E+00,+2.552724532961E+00,+59.656092317E-03
+3.113970000E-03,+1.112366351148E+00,+2.552724532961E+00,+60.935614905E-03
+3.113975000E-03,+1.107961514569E+00,+2.552724532961E+00,+61.520413912E-03
+3.113980000E-03,+1.102779353763E+00,+2.552724532961E+00,+62.918655088E-03
+3.113985000E-03,+1.095783436824E+00,+2.552724532961E+00,+63.437499313E-03
+3.113990000E-03,+1.089979416817E+00,+2.552724532961E+00,+65.007222902E-03
+3.113995000E-03,+1.083812645495E+00,+2.552724532961E+00,+65.257851054E-03
+3.114000000E-03,+1.078371376736E+00,+2.552724532961E+00,+67.043026899E-03
+3.114005000E-03,+1.072204605387E+00,+2.552724532961E+00,+67.157348517E-03
+3.114010000E-03,+1.066089655691E+00,+2.552724532961E+00,+68.876569599E-03
+3.114015000E-03,+1.059041917104E+00,+2.552724532961E+00,+68.894157544E-03
+3.114020000E-03,+1.051838713628E+00,+2.552724532961E+00,+70.696921337E-03
+3.114025000E-03,+1.045361012723E+00,+2.552724532961E+00,+70.617775623E-03
+3.114030000E-03,+1.037328663594E+00,+2.552724532961E+00,+72.504082122E-03
+3.114035000E-03,+1.030902784240E+00,+2.552724532961E+00,+72.235866054E-03
+3.114040000E-03,+1.023336829516E+00,+2.552724532961E+00,+74.117775571E-03
+3.114045000E-03,+1.015822696368E+00,+2.552724532961E+00,+73.911117301E-03
+3.114050000E-03,+1.006857558340E+00,+2.552724532961E+00,+75.652323298E-03
+3.114055000E-03,+998.099706724E-03,+2.552724532961E+00,+75.603956472E-03
+3.114060000E-03,+990.948324855E-03,+2.552724532961E+00,+77.270413725E-03
+3.114065000E-03,+982.345938049E-03,+2.552724532961E+00,+77.125313238E-03
+3.114070000E-03,+973.639907964E-03,+2.552724532961E+00,+78.774182560E-03
+3.114075000E-03,+964.726591495E-03,+2.552724532961E+00,+78.615891107E-03
+3.114080000E-03,+955.709631788E-03,+2.552724532961E+00,+80.124056924E-03
+3.114085000E-03,+947.677282659E-03,+2.552724532961E+00,+80.062499141E-03
+3.114090000E-03,+936.898388329E-03,+2.552724532961E+00,+81.469534292E-03
+3.114095000E-03,+929.125147126E-03,+2.552724532961E+00,+81.429961430E-03
+3.114100000E-03,+919.486328143E-03,+2.552724532961E+00,+82.740262924E-03
+3.114105000E-03,+909.899330825E-03,+2.552724532961E+00,+82.652323232E-03
+3.114110000E-03,+899.483187690E-03,+2.552724532961E+00,+84.028579487E-03
+3.114115000E-03,+889.637082263E-03,+2.552724532961E+00,+84.024182513E-03
+3.114120000E-03,+879.324582387E-03,+2.552724532961E+00,+85.215765403E-03
+3.114125000E-03,+868.752974478E-03,+2.552724532961E+00,+85.277323208E-03
+3.114130000E-03,+858.285009762E-03,+2.552724532961E+00,+86.209483993E-03
+3.114135000E-03,+848.490725933E-03,+2.552724532961E+00,+86.482097063E-03
+3.114140000E-03,+837.297258771E-03,+2.552724532961E+00,+87.220790511E-03
+3.114145000E-03,+826.466542716E-03,+2.552724532961E+00,+87.629710115E-03
+3.114150000E-03,+814.703037858E-03,+2.552724532961E+00,+88.166142256E-03
+3.114155000E-03,+802.421316911E-03,+2.552724532961E+00,+88.636619651E-03
+3.114160000E-03,+791.694244162E-03,+2.552724532961E+00,+89.107097023E-03
+3.114165000E-03,+780.241668935E-03,+2.552724532961E+00,+89.665514113E-03
+3.114170000E-03,+769.151844938E-03,+2.552724532961E+00,+89.933730183E-03
+3.114175000E-03,+757.543804793E-03,+2.552724532961E+00,+90.452574412E-03
+3.114180000E-03,+745.262083810E-03,+2.552724532961E+00,+90.874684942E-03
+3.114185000E-03,+733.550400582E-03,+2.552724532961E+00,+91.257222644E-03
+3.114190000E-03,+722.356933343E-03,+2.552724532961E+00,+91.736493981E-03
+3.114195000E-03,+709.194244982E-03,+2.552724532961E+00,+91.960740220E-03
+3.114200000E-03,+696.808880844E-03,+2.552724532961E+00,+92.510363318E-03
+3.114205000E-03,+683.646192552E-03,+2.552724532961E+00,+92.589509065E-03
+3.114210000E-03,+671.157185166E-03,+2.552724532961E+00,+93.073177386E-03
+3.114215000E-03,+657.890853591E-03,+2.552724532961E+00,+93.086368357E-03
+3.114220000E-03,+645.609132653E-03,+2.552724532961E+00,+93.662373361E-03
+3.114225000E-03,+633.171946848E-03,+2.552724532961E+00,+93.534860817E-03
+3.114230000E-03,+618.972826401E-03,+2.552724532961E+00,+94.269157266E-03
+3.114235000E-03,+606.483819057E-03,+2.552724532961E+00,+94.014132167E-03
+3.114240000E-03,+592.543806630E-03,+2.552724532961E+00,+94.634107020E-03
+3.114245000E-03,+579.277475050E-03,+2.552724532961E+00,+94.502197487E-03
+3.114250000E-03,+566.114786762E-03,+2.552724532961E+00,+94.963880882E-03
+3.114255000E-03,+552.278417550E-03,+2.552724532961E+00,+94.796795473E-03
+3.114260000E-03,+538.597513224E-03,+2.552724532961E+00,+95.293654741E-03
+3.114265000E-03,+525.227538461E-03,+2.552724532961E+00,+95.021041707E-03
+3.114270000E-03,+509.940164262E-03,+2.552724532961E+00,+95.553076853E-03
+3.114275000E-03,+495.792865442E-03,+2.552724532961E+00,+95.126569334E-03
+3.114280000E-03,+482.008317865E-03,+2.552724532961E+00,+95.821292935E-03
+3.114285000E-03,+467.653732601E-03,+2.552724532961E+00,+95.232096977E-03
+3.114290000E-03,+453.661898543E-03,+2.552724532961E+00,+95.944408513E-03
+3.114295000E-03,+439.151848443E-03,+2.552724532961E+00,+95.289257778E-03
+3.114300000E-03,+422.931685355E-03,+2.552724532961E+00,+95.953202486E-03
+3.114305000E-03,+408.888029644E-03,+2.552724532961E+00,+95.210112048E-03
+3.114310000E-03,+393.963406808E-03,+2.552724532961E+00,+95.966393434E-03
+3.114315000E-03,+379.971572695E-03,+2.552724532961E+00,+95.086996479E-03
+3.114320000E-03,+364.684198496E-03,+2.552724532961E+00,+95.816895952E-03
+3.114325000E-03,+348.774964989E-03,+2.552724532961E+00,+95.082599493E-03
+3.114330000E-03,+333.539412398E-03,+2.552724532961E+00,+95.539885901E-03
+3.114335000E-03,+320.221259279E-03,+2.552724532961E+00,+94.880338195E-03
+3.114340000E-03,+303.949274598E-03,+2.552724532961E+00,+95.267272845E-03
+3.114345000E-03,+289.439224414E-03,+2.552724532961E+00,+94.682473867E-03
+3.114350000E-03,+274.307315117E-03,+2.552724532961E+00,+94.950689932E-03
+3.114355000E-03,+259.486335302E-03,+2.552724532961E+00,+94.304333175E-03
+3.114360000E-03,+243.317993771E-03,+2.552724532961E+00,+94.418654769E-03
+3.114365000E-03,+228.963408401E-03,+2.552724532961E+00,+94.049308049E-03
+3.114370000E-03,+213.209639832E-03,+2.552724532961E+00,+93.908604523E-03
+3.114375000E-03,+198.647768105E-03,+2.552724532961E+00,+93.534860817E-03
+3.114380000E-03,+183.256750701E-03,+2.552724532961E+00,+93.376569353E-03
+3.114385000E-03,+166.673836320E-03,+2.552724532961E+00,+92.998428664E-03
+3.114390000E-03,+151.023710938E-03,+2.552724532961E+00,+92.796167345E-03
+3.114395000E-03,+135.839979903E-03,+2.552724532961E+00,+92.440011583E-03
+3.114400000E-03,+119.360708677E-03,+2.552724532961E+00,+92.101443749E-03
+3.114405000E-03,+103.503296763E-03,+2.552724532961E+00,+91.784860827E-03
+3.114410000E-03,+88.889603462E-03,+2.552724532961E+00,+91.459483946E-03
+3.114415000E-03,+72.254867450E-03,+2.552724532961E+00,+91.081343250E-03
+3.114420000E-03,+56.449277255E-03,+2.552724532961E+00,+90.610865865E-03
+3.114425000E-03,+41.731940632E-03,+2.552724532961E+00,+90.193152311E-03
+3.114430000E-03,+25.304491092E-03,+2.552724532961E+00,+89.806217633E-03
+3.114435000E-03,+10.483511393E-03,+2.552724532961E+00,+89.322549304E-03
+3.114440000E-03,-5.322078983E-03,+2.552724532961E+00,+88.812499050E-03
+3.114445000E-03,-20.505809943E-03,+2.552724532961E+00,+88.434358354E-03
+3.114450000E-03,-35.637719301E-03,+2.552724532961E+00,+87.814383482E-03
+3.114455000E-03,-51.184201546E-03,+2.552724532961E+00,+87.427448824E-03
+3.114460000E-03,-66.782505427E-03,+2.552724532961E+00,+86.701946314E-03
+3.114465000E-03,-82.225344439E-03,+2.552724532961E+00,+86.394157381E-03
+3.114470000E-03,-96.942680993E-03,+2.552724532961E+00,+85.642272952E-03
+3.114475000E-03,-113.940168178E-03,+2.552724532961E+00,+85.193780510E-03
+3.114480000E-03,-129.020256040E-03,+2.552724532961E+00,+84.446293067E-03
+3.114485000E-03,-145.136775907E-03,+2.552724532961E+00,+83.989006652E-03
+3.114490000E-03,-160.268685311E-03,+2.552724532961E+00,+83.237122226E-03
+3.114495000E-03,-176.074275622E-03,+2.552724532961E+00,+82.691896115E-03
+3.114500000E-03,-192.035330667E-03,+2.552724532961E+00,+81.975187563E-03
+3.114505000E-03,-206.441737533E-03,+2.552724532961E+00,+81.364006682E-03
+3.114510000E-03,-221.832755003E-03,+2.552724532961E+00,+80.686870993E-03
+3.114515000E-03,-237.845631683E-03,+2.552724532961E+00,+79.987750425E-03
+3.114520000E-03,-252.977541017E-03,+2.552724532961E+00,+79.213881063E-03
+3.114525000E-03,-268.005807319E-03,+2.552724532961E+00,+78.615891135E-03
+3.114530000E-03,-283.137716639E-03,+2.552724532961E+00,+77.762876054E-03
+3.114535000E-03,-298.736020473E-03,+2.552724532961E+00,+77.063755483E-03
+3.114540000E-03,-314.334324354E-03,+2.552724532961E+00,+76.188755467E-03
+3.114545000E-03,-329.984449782E-03,+2.552724532961E+00,+75.621544435E-03
+3.114550000E-03,-345.116359210E-03,+2.552724532961E+00,+74.649810763E-03
+3.114555000E-03,-359.470944559E-03,+2.552724532961E+00,+73.968278122E-03
+3.114560000E-03,-374.810140322E-03,+2.552724532961E+00,+73.000941439E-03
+3.114565000E-03,-389.993871315E-03,+2.552724532961E+00,+72.275438942E-03
+3.114570000E-03,-404.400278139E-03,+2.552724532961E+00,+71.369660044E-03
+3.114575000E-03,-419.584009170E-03,+2.552724532961E+00,+70.525438962E-03
+3.114580000E-03,-435.752350644E-03,+2.552724532961E+00,+69.703202775E-03
+3.114585000E-03,-450.158757534E-03,+2.552724532961E+00,+68.762248016E-03
+3.114590000E-03,-464.772450958E-03,+2.552724532961E+00,+67.896041991E-03
+3.114595000E-03,-478.919749792E-03,+2.552724532961E+00,+66.757222924E-03
+3.114600000E-03,-493.274335028E-03,+2.552724532961E+00,+65.987750555E-03
+3.114605000E-03,-507.680741861E-03,+2.552724532961E+00,+64.835740534E-03
+3.114610000E-03,-521.776219140E-03,+2.552724532961E+00,+64.048680230E-03
+3.114615000E-03,-535.198015492E-03,+2.552724532961E+00,+62.975815929E-03
+3.114620000E-03,-548.360703851E-03,+2.552724532961E+00,+62.122800847E-03
+3.114625000E-03,-563.181683501E-03,+2.552724532961E+00,+61.054333545E-03
+3.114630000E-03,-577.484447162E-03,+2.552724532961E+00,+60.113378757E-03
+3.114635000E-03,-591.320816346E-03,+2.552724532961E+00,+59.159233051E-03
+3.114640000E-03,-603.395250962E-03,+2.552724532961E+00,+57.972047131E-03
+3.114645000E-03,-618.319873908E-03,+2.552724532961E+00,+57.119032079E-03
+3.114650000E-03,-631.378918980E-03,+2.552724532961E+00,+55.817524535E-03
+3.114655000E-03,-645.215288140E-03,+2.552724532961E+00,+55.140388885E-03
+3.114660000E-03,-658.429798063E-03,+2.552724532961E+00,+53.720162753E-03
+3.114665000E-03,-672.162524018E-03,+2.552724532961E+00,+53.122172814E-03
+3.114670000E-03,-683.977850553E-03,+2.552724532961E+00,+51.534861266E-03
+3.114675000E-03,-696.933252510E-03,+2.552724532961E+00,+50.958856255E-03
+3.114680000E-03,-709.733189564E-03,+2.552724532961E+00,+49.327574873E-03
+3.114685000E-03,-723.206807423E-03,+2.552724532961E+00,+48.857097478E-03
+3.114690000E-03,-736.110387673E-03,+2.552724532961E+00,+47.049936698E-03
+3.114695000E-03,-748.133000614E-03,+2.552724532961E+00,+46.513504541E-03
+3.114700000E-03,-761.088402490E-03,+2.552724532961E+00,+44.855841240E-03
+3.114705000E-03,-772.126404913E-03,+2.552724532961E+00,+44.187499542E-03
+3.114710000E-03,-783.216228982E-03,+2.552724532961E+00,+42.538630215E-03
+3.114715000E-03,-796.016165968E-03,+2.552724532961E+00,+41.923052328E-03
+3.114720000E-03,-807.572384481E-03,+2.552724532961E+00,+40.243404101E-03
+3.114725000E-03,-818.765851702E-03,+2.552724532961E+00,+39.500313658E-03
+3.114730000E-03,-830.114783664E-03,+2.552724532961E+00,+37.877826246E-03
+3.114735000E-03,-841.722823813E-03,+2.552724532961E+00,+36.954459424E-03
+3.114740000E-03,-852.449896553E-03,+2.552724532961E+00,+35.507851396E-03
+3.114745000E-03,-863.539720458E-03,+2.552724532961E+00,+34.544911715E-03
+3.114750000E-03,-873.852220420E-03,+2.552724532961E+00,+33.164258451E-03
+3.114755000E-03,-884.527471538E-03,+2.552724532961E+00,+32.029836358E-03
+3.114760000E-03,-895.461830736E-03,+2.552724532961E+00,+30.798680592E-03
+3.114765000E-03,-905.877973899E-03,+2.552724532961E+00,+29.483982115E-03
+3.114770000E-03,-917.382370678E-03,+2.552724532961E+00,+28.309987143E-03
+3.114775000E-03,-927.850335453E-03,+2.552724532961E+00,+26.920539936E-03
+3.114780000E-03,-937.178224762E-03,+2.552724532961E+00,+25.768529883E-03
+3.114785000E-03,-947.335259892E-03,+2.552724532961E+00,+24.480213331E-03
+3.114790000E-03,-957.440473322E-03,+2.552724532961E+00,+23.328203279E-03
+3.114795000E-03,-966.872005865E-03,+2.552724532961E+00,+21.907977173E-03
+3.114800000E-03,-975.888965650E-03,+2.552724532961E+00,+20.676821405E-03
+3.114805000E-03,-985.579606206E-03,+2.552724532961E+00,+19.441268645E-03
+3.114810000E-03,-993.560133783E-03,+2.552724532961E+00,+18.065012383E-03
+3.114815000E-03,-1.002525271853E+00,+2.552724532961E+00,+16.899811394E-03
+3.114820000E-03,-1.012319555687E+00,+2.552724532961E+00,+15.466394325E-03
+3.114825000E-03,-1.020818299281E+00,+2.552724532961E+00,+14.371545082E-03
+3.114830000E-03,-1.028902470044E+00,+2.552724532961E+00,+12.823806420E-03
+3.114835000E-03,-1.036623889549E+00,+2.552724532961E+00,+11.759736063E-03
+3.114840000E-03,-1.045018990005E+00,+2.552724532961E+00,+10.242776298E-03
+3.114845000E-03,-1.052895874333E+00,+2.552724532961E+00,+9.218278800E-03
+3.114850000E-03,-1.060254542577E+00,+2.552724532961E+00,+7.595791402E-03
+3.114855000E-03,-1.067975962072E+00,+2.552724532961E+00,+6.646042657E-03
+3.114860000E-03,-1.075490095206E+00,+2.552724532961E+00,+4.909233637E-03
+3.114865000E-03,-1.081086828893E+00,+2.552724532961E+00,+4.078203487E-03
+3.114870000E-03,-1.089119178034E+00,+2.552724532961E+00,+2.336997479E-03
+3.114875000E-03,-1.096166916554E+00,+2.552724532961E+00,+1.593907031E-03
+3.114880000E-03,-1.101245434205E+00,+2.552724532961E+00,-371.545197E-06
+3.114885000E-03,-1.107878599928E+00,+2.552724532961E+00,-943.153239E-06
+3.114890000E-03,-1.114459944030E+00,+2.552724532961E+00,-3.040515023E-03
+3.114895000E-03,-1.120471250518E+00,+2.552724532961E+00,-3.418655734E-03
+3.114900000E-03,-1.125757054540E+00,+2.552724532961E+00,-5.744660718E-03
+3.114905000E-03,-1.130835572010E+00,+2.552724532961E+00,-5.938128062E-03
+3.114910000E-03,-1.136276840815E+00,+2.552724532961E+00,-8.347675770E-03
+3.114915000E-03,-1.141044428680E+00,+2.552724532961E+00,-8.703831555E-03
+3.114920000E-03,-1.145656551756E+00,+2.552724532961E+00,-11.043027501E-03
+3.114925000E-03,-1.150890534111E+00,+2.552724532961E+00,-11.280464690E-03
+3.114930000E-03,-1.155813586832E+00,+2.552724532961E+00,-13.698806367E-03
+3.114935000E-03,-1.159855672354E+00,+1.677017920689E+00,-13.931846569E-03
+3.114940000E-03,-1.163742292822E+00,-128.729577996E-03,-16.130339005E-03
+3.114945000E-03,-1.168561702224E+00,-180.158603166E-03,-16.490891758E-03
+3.114950000E-03,-1.171670998718E+00,-37.256600235E-03,-18.878454559E-03
+3.114955000E-03,-1.176542229816E+00,+178.509737162E-03,-19.129082681E-03
+3.114960000E-03,-1.179496061492E+00,-83.110864631E-03,-21.428705790E-03
+3.114965000E-03,-1.182605357951E+00,-74.945036617E-03,-21.732097730E-03
+3.114970000E-03,-1.186232870470E+00,-97.244032159E-03,-24.053705767E-03
+3.114975000E-03,-1.189186702117E+00,-17.470163466E-03,-24.361494686E-03
+3.114980000E-03,-1.191207744823E+00,-56.257850738E-03,-26.771042414E-03
+3.114985000E-03,-1.193176965888E+00,-48.013504563E-03,-27.008479586E-03
+3.114990000E-03,-1.195664403032E+00,-63.559986614E-03,-29.255338865E-03
+3.114995000E-03,-1.198566413042E+00,-49.976444331E-03,-29.567524789E-03
