x-axis,1,2,3
second,Volt,Volt,Volt
+3.105000000E-03,+437.441735222E-03,+2.552724532961E+00,+95.364006516E-03
+3.105005000E-03,+422.724398696E-03,+2.552724532961E+00,+95.821292944E-03
+3.105010000E-03,+408.369813423E-03,+2.552724532961E+00,+95.416770335E-03
+3.105015000E-03,+394.015228149E-03,+2.552724532961E+00,+95.733353246E-03
+3.105020000E-03,+379.764286091E-03,+2.552724532961E+00,+95.350815562E-03
+3.105025000E-03,+363.647766164E-03,+2.552724532961E+00,+95.570664806E-03
+3.105030000E-03,+348.671321600E-03,+2.552724532961E+00,+95.328830637E-03
+3.105035000E-03,+334.005806682E-03,+2.552724532961E+00,+95.254081894E-03
+3.105040000E-03,+319.184826942E-03,+2.552724532961E+00,+95.157348227E-03
+3.105045000E-03,+304.830241668E-03,+2.552724532961E+00,+94.950689938E-03
+3.105050000E-03,+289.542867460E-03,+2.552724532961E+00,+94.928705013E-03
+3.105055000E-03,+274.618244505E-03,+2.552724532961E+00,+94.603328133E-03
+3.105060000E-03,+260.211837624E-03,+2.552724532961E+00,+94.590137178E-03
+3.105065000E-03,+245.390857883E-03,+2.552724532961E+00,+94.110865826E-03
+3.105070000E-03,+229.326159563E-03,+2.552724532961E+00,+94.255966327E-03
+3.105075000E-03,+213.986963747E-03,+2.552724532961E+00,+93.570036687E-03
+3.105080000E-03,+199.528735259E-03,+2.552724532961E+00,+93.842649749E-03
+3.105085000E-03,+183.360393724E-03,+2.552724532961E+00,+93.064383426E-03
+3.105090000E-03,+168.435770768E-03,+2.552724532961E+00,+93.253453775E-03
+3.105095000E-03,+152.682002092E-03,+2.552724532961E+00,+92.448805543E-03
+3.105100000E-03,+136.617303772E-03,+2.552724532961E+00,+92.651066847E-03
+3.105105000E-03,+121.278107957E-03,+2.552724532961E+00,+91.754081932E-03
+3.105110000E-03,+105.731625711E-03,+2.552724532961E+00,+91.982725146E-03
+3.105115000E-03,+89.563284176E-03,+2.552724532961E+00,+91.050564351E-03
+3.105120000E-03,+74.638661221E-03,+2.552724532961E+00,+91.173679928E-03
+3.105125000E-03,+58.988535761E-03,+2.552724532961E+00,+90.219534210E-03
+3.105130000E-03,+43.804804767E-03,+2.552724532961E+00,+90.294282953E-03
+3.105135000E-03,+28.983825026E-03,+2.552724532961E+00,+89.450061856E-03
+3.105140000E-03,+13.230056351E-03,+2.552724532961E+00,+89.340137234E-03
+3.105145000E-03,-2.109139464E-03,+2.552724532961E+00,+88.548679956E-03
+3.105150000E-03,-17.189227241E-03,+2.552724532961E+00,+88.306845788E-03
+3.105155000E-03,-32.010206983E-03,+2.552724532961E+00,+87.651695041E-03
+3.105160000E-03,-47.401224406E-03,+2.552724532961E+00,+87.194408614E-03
+3.105165000E-03,-62.740420221E-03,+2.552724532961E+00,+86.745916156E-03
+3.105170000E-03,-77.457756747E-03,+2.552724532961E+00,+86.029207622E-03
+3.105175000E-03,-93.263347029E-03,+2.552724532961E+00,+85.673051846E-03
+3.105180000E-03,-109.120758920E-03,+2.552724532961E+00,+84.776066931E-03
+3.105185000E-03,-124.978170810E-03,+2.552724532961E+00,+84.406720202E-03
+3.105190000E-03,-140.991047525E-03,+2.552724532961E+00,+83.434986544E-03
+3.105195000E-03,-155.656562442E-03,+2.552724532961E+00,+83.241519209E-03
+3.105200000E-03,-171.565795941E-03,+2.552724532961E+00,+82.239006657E-03
+3.105205000E-03,-186.386775681E-03,+2.552724532961E+00,+82.041142338E-03
+3.105210000E-03,-201.570506673E-03,+2.552724532961E+00,+80.836368481E-03
+3.105215000E-03,-216.754237666E-03,+2.552724532961E+00,+80.691267980E-03
+3.105220000E-03,-232.456184733E-03,+2.552724532961E+00,+79.363378547E-03
+3.105225000E-03,-248.520883053E-03,+2.552724532961E+00,+79.213881062E-03
+3.105230000E-03,-263.186397974E-03,+2.552724532961E+00,+78.009107205E-03
+3.105235000E-03,-277.800091285E-03,+2.552724532961E+00,+77.701318264E-03
+3.105240000E-03,-293.502038350E-03,+2.552724532961E+00,+76.474559483E-03
+3.105245000E-03,-309.203985420E-03,+2.552724532961E+00,+76.166770542E-03
+3.105250000E-03,-324.854110880E-03,+2.552724532961E+00,+74.975187639E-03
+3.105255000E-03,-339.571447408E-03,+2.552724532961E+00,+74.531092167E-03
+3.105260000E-03,-354.444248754E-03,+2.552724532961E+00,+73.335112280E-03
+3.105265000E-03,-369.835266176E-03,+2.552724532961E+00,+72.803077110E-03
+3.105270000E-03,-384.967175561E-03,+2.552724532961E+00,+71.717021845E-03
+3.105275000E-03,-399.321760836E-03,+2.552724532961E+00,+70.982725371E-03
+3.105280000E-03,-413.728167717E-03,+2.552724532961E+00,+69.936242970E-03
+3.105285000E-03,-429.222828355E-03,+2.552724532961E+00,+69.237122375E-03
+3.105290000E-03,-443.888343273E-03,+2.552724532961E+00,+68.212624898E-03
+3.105295000E-03,-458.502036583E-03,+2.552724532961E+00,+67.315639983E-03
+3.105300000E-03,-473.893054006E-03,+2.552724532961E+00,+66.401067128E-03
+3.105305000E-03,-487.729423205E-03,+2.552724532961E+00,+65.398554577E-03
+3.105310000E-03,-502.550402947E-03,+2.552724532961E+00,+64.611494283E-03
+3.105315000E-03,-516.904988216E-03,+2.552724532961E+00,+63.433102337E-03
+3.105320000E-03,-530.534070988E-03,+2.552724532961E+00,+62.690011892E-03
+3.105325000E-03,-544.266796973E-03,+2.552724532961E+00,+61.529207885E-03
+3.105330000E-03,-556.963090806E-03,+2.552724532961E+00,+60.750941561E-03
+3.105335000E-03,-571.628605724E-03,+2.552724532961E+00,+59.471418962E-03
+3.105340000E-03,-584.428542771E-03,+2.552724532961E+00,+58.710740577E-03
+3.105345000E-03,-598.420376792E-03,+2.552724532961E+00,+57.470790843E-03
+3.105350000E-03,-611.427600272E-03,+2.552724532961E+00,+56.679333564E-03
+3.105355000E-03,-624.331180537E-03,+2.552724532961E+00,+55.347047147E-03
+3.105360000E-03,-637.545690445E-03,+2.552724532961E+00,+54.608353687E-03
+3.105365000E-03,-650.863843570E-03,+2.552724532961E+00,+53.227700436E-03
+3.105370000E-03,-663.819245439E-03,+2.552724532961E+00,+52.405464263E-03
+3.105375000E-03,-676.619182489E-03,+2.552724532961E+00,+51.174308498E-03
+3.105380000E-03,-689.263654713E-03,+2.552724532961E+00,+50.294911522E-03
+3.105385000E-03,-701.856305333E-03,+2.552724532961E+00,+48.971419074E-03
+3.105390000E-03,-714.708063992E-03,+2.552724532961E+00,+48.056846219E-03
+3.105395000E-03,-725.797887991E-03,+2.552724532961E+00,+46.663002014E-03
+3.105400000E-03,-738.546003433E-03,+2.552724532961E+00,+45.779208053E-03
+3.105405000E-03,-751.864156555E-03,+2.552724532961E+00,+44.394157817E-03
+3.105410000E-03,-763.316731811E-03,+2.552724532961E+00,+43.448806068E-03
+3.105415000E-03,-774.872950281E-03,+2.552724532961E+00,+42.129710605E-03
+3.105420000E-03,-786.791920000E-03,+2.552724532961E+00,+41.056846294E-03
+3.105425000E-03,-798.710889724E-03,+2.552724532961E+00,+39.755338771E-03
+3.105430000E-03,-810.837145873E-03,+2.552724532961E+00,+38.713253355E-03
+3.105435000E-03,-820.786894511E-03,+2.552724532961E+00,+37.438127741E-03
+3.105440000E-03,-831.358502439E-03,+2.552724532961E+00,+36.119032277E-03
+3.105445000E-03,-842.500148047E-03,+2.552724532961E+00,+35.098931786E-03
+3.105450000E-03,-852.916291151E-03,+2.552724532961E+00,+33.577575018E-03
+3.105455000E-03,-863.902471938E-03,+2.552724532961E+00,+32.733353922E-03
+3.105460000E-03,-873.541290930E-03,+2.552724532961E+00,+31.075690623E-03
+3.105465000E-03,-885.045687790E-03,+2.552724532961E+00,+30.271042390E-03
+3.105470000E-03,-894.218112320E-03,+2.552724532961E+00,+28.556218288E-03
+3.105475000E-03,-905.618865965E-03,+2.552724532961E+00,+27.755967040E-03
+3.105480000E-03,-915.724079426E-03,+2.552724532961E+00,+26.045539923E-03
+3.105485000E-03,-925.881114491E-03,+2.552724532961E+00,+25.192524857E-03
+3.105490000E-03,-935.312647053E-03,+2.552724532961E+00,+23.561243467E-03
+3.105495000E-03,-945.210574082E-03,+2.552724532961E+00,+22.712625386E-03
+3.105500000E-03,-954.849393075E-03,+2.552724532961E+00,+21.041771133E-03
+3.105505000E-03,-964.229104030E-03,+2.552724532961E+00,+20.078831444E-03
+3.105510000E-03,-972.986955697E-03,+2.552724532961E+00,+18.570665631E-03
+3.105515000E-03,-981.744807359E-03,+2.552724532961E+00,+17.449434487E-03
+3.105520000E-03,-990.917231884E-03,+2.552724532961E+00,+16.059987266E-03
+3.105525000E-03,-998.586829794E-03,+2.552724532961E+00,+14.789258637E-03
+3.105530000E-03,-1.007966540749E+00,+2.552724532961E+00,+13.478957143E-03
+3.105535000E-03,-1.015998889911E+00,+2.552724532961E+00,+12.208228514E-03
+3.105540000E-03,-1.024083060680E+00,+2.552724532961E+00,+10.884736065E-03
+3.105545000E-03,-1.032270874658E+00,+2.552724532961E+00,+9.649183315E-03
+3.105550000E-03,-1.039370434883E+00,+2.552724532961E+00,+8.334484836E-03
+3.105555000E-03,-1.046780924755E+00,+2.552724532961E+00,+6.993404449E-03
+3.105560000E-03,-1.054450522662E+00,+2.552724532961E+00,+5.669912000E-03
+3.105565000E-03,-1.061394618067E+00,+2.552724532961E+00,+4.429962266E-03
+3.105570000E-03,-1.068649643115E+00,+2.552724532961E+00,+3.080087907E-03
+3.105575000E-03,-1.075956489769E+00,+2.552724532961E+00,+1.765389430E-03
+3.105580000E-03,-1.082848763566E+00,+2.552724532961E+00,+455.087935E-06
+3.105585000E-03,-1.089015534857E+00,+2.552724532961E+00,-925.565315E-06
+3.105590000E-03,-1.095234127756E+00,+2.552724532961E+00,-2.117148218E-03
+3.105595000E-03,-1.101763650297E+00,+2.552724532961E+00,-3.546168302E-03
+3.105600000E-03,-1.107774956767E+00,+2.552724532961E+00,-4.632223568E-03
+3.105605000E-03,-1.113216225555E+00,+2.552724532961E+00,-6.149183350E-03
+3.105610000E-03,-1.119227532016E+00,+2.552724532961E+00,-7.279208464E-03
+3.105615000E-03,-1.122647758119E+00,+2.552724532961E+00,-8.804962215E-03
+3.105620000E-03,-1.128762707801E+00,+2.552724532961E+00,-9.899811451E-03
+3.105625000E-03,-1.133893046940E+00,+2.552724532961E+00,-11.513504900E-03
+3.105630000E-03,-1.138505170007E+00,+2.552724532961E+00,-12.546796348E-03
+3.105635000E-03,-1.144257368440E+00,+2.360513480746E+00,-14.147298842E-03
+3.105640000E-03,-1.147573951319E+00,+77.614636126E-03,-15.206972198E-03
+3.105645000E-03,-1.150994177415E+00,-172.149809708E-03,-16.600816403E-03
+3.105650000E-03,-1.156383624589E+00,-132.812498754E-03,-18.038630459E-03
+3.105655000E-03,-1.159700207470E+00,+210.466392061E-03,-19.107097783E-03
+3.105660000E-03,-1.163224076777E+00,-38.041770702E-03,-20.615263598E-03
+3.105665000E-03,-1.166540659658E+00,-70.469534449E-03,-21.705715847E-03
+3.105670000E-03,-1.170790031470E+00,-101.012875781E-03,-23.244660554E-03
+3.105675000E-03,-1.172862895772E+00,-30.739635437E-03,-24.392273606E-03
+3.105680000E-03,-1.175868549008E+00,-42.752826124E-03,-25.838881632E-03
+3.105685000E-03,-1.177734126876E+00,-48.641645225E-03,-26.960112775E-03
+3.105690000E-03,-1.181154352967E+00,-57.435614943E-03,-28.468278588E-03
+3.105695000E-03,-1.183486325301E+00,-53.902323566E-03,-29.541142898E-03
+3.105700000E-03,-1.186336513716E+00,-48.092022090E-03,-31.071293635E-03
+3.105705000E-03,-1.187632053903E+00,-50.840137655E-03,-32.025439354E-03
+3.105710000E-03,-1.188461199626E+00,-49.112750718E-03,-33.568781046E-03
+3.105715000E-03,-1.190067669461E+00,-52.646042150E-03,-34.580087568E-03
+3.105720000E-03,-1.191000458393E+00,-49.426821085E-03,-36.149811169E-03
+3.105725000E-03,-1.191777782505E+00,-48.877197963E-03,-37.134735783E-03
+3.105730000E-03,-1.191570496076E+00,-47.856469340E-03,-38.647298579E-03
+3.105735000E-03,-1.192969679477E+00,-47.306846235E-03,-39.500313647E-03
+3.105740000E-03,-1.193228787519E+00,-48.170539692E-03,-41.184358854E-03
+3.105745000E-03,-1.194213398059E+00,-48.563127617E-03,-42.006595027E-03
+3.105750000E-03,-1.194627970915E+00,-49.269785897E-03,-43.664258323E-03
+3.105755000E-03,-1.193073322695E+00,-49.269785907E-03,-44.473303543E-03
+3.105760000E-03,-1.193643360373E+00,-47.071293473E-03,-45.928705536E-03
+3.105765000E-03,-1.192762393045E+00,-47.934986929E-03,-46.909233166E-03
+3.105770000E-03,-1.192814214650E+00,-46.914258290E-03,-48.294283400E-03
+3.105775000E-03,-1.192088712153E+00,-47.228328634E-03,-49.244032135E-03
+3.105780000E-03,-1.190378599100E+00,-46.364635186E-03,-50.646670310E-03
+3.105785000E-03,-1.188150269979E+00,-47.228328640E-03,-51.640388893E-03
+3.105790000E-03,-1.186751086583E+00,-49.034233134E-03,-53.021042144E-03
+3.105795000E-03,-1.184315471036E+00,-47.934986931E-03,-54.001569772E-03
+3.105800000E-03,-1.183227217276E+00,-47.306846224E-03,-55.281092372E-03
+3.105805000E-03,-1.180584315294E+00,-46.757223129E-03,-56.252826029E-03
+3.105810000E-03,-1.178718737423E+00,-45.265388952E-03,-57.611494357E-03
+3.105815000E-03,-1.176075835437E+00,-47.149811059E-03,-58.354584800E-03
+3.105820000E-03,-1.173070182205E+00,-45.029836201E-03,-59.840765690E-03
+3.105825000E-03,-1.170582745051E+00,-45.815012071E-03,-60.561871209E-03
+3.105830000E-03,-1.167939843066E+00,-46.050564830E-03,-61.929333507E-03
+3.105835000E-03,-1.164105044120E+00,-46.443152775E-03,-62.786745557E-03
+3.105840000E-03,-1.160943926061E+00,-45.265388958E-03,-64.119031976E-03
+3.105845000E-03,-1.157627343179E+00,-45.265388966E-03,-64.998428951E-03
+3.105850000E-03,-1.153274328152E+00,-45.422424131E-03,-66.154835974E-03
+3.105855000E-03,-1.149180421162E+00,-44.872801026E-03,-67.095790737E-03
+3.105860000E-03,-1.145604730242E+00,-45.972047233E-03,-68.107097260E-03
+3.105865000E-03,-1.141148071997E+00,-44.715765863E-03,-69.215137448E-03
+3.105870000E-03,-1.137002343396E+00,-44.794283434E-03,-70.019785681E-03
+3.105875000E-03,-1.131301966580E+00,-46.286117590E-03,-71.202574613E-03
+3.105880000E-03,-1.127518989223E+00,-45.972047251E-03,-71.945665058E-03
+3.105885000E-03,-1.121404039547E+00,-43.145414113E-03,-73.124057004E-03
+3.105890000E-03,-1.115859127542E+00,-44.715765854E-03,-73.845162525E-03
+3.105895000E-03,-1.110417858758E+00,-43.773554806E-03,-74.970790653E-03
+3.105900000E-03,-1.103473763355E+00,-44.637248264E-03,-75.731469038E-03
+3.105905000E-03,-1.096892419210E+00,-44.244660326E-03,-76.738378574E-03
+3.105910000E-03,-1.091295685606E+00,-43.852072400E-03,-77.635363489E-03
+3.105915000E-03,-1.085336200735E+00,-45.029836202E-03,-78.558730313E-03
+3.105920000E-03,-1.079065786235E+00,-43.145414112E-03,-79.499685077E-03
+3.105925000E-03,-1.072121690838E+00,-43.459484463E-03,-80.146041855E-03
+3.105930000E-03,-1.065540346685E+00,-44.009107576E-03,-81.289257921E-03
+3.105935000E-03,-1.058803537702E+00,-43.773554807E-03,-81.825690078E-03
+3.105940000E-03,-1.051548512662E+00,-43.459484458E-03,-82.990891070E-03
+3.105945000E-03,-1.043827093147E+00,-44.951318619E-03,-83.408604634E-03
+3.105950000E-03,-1.036727532918E+00,-43.380966866E-03,-84.657348338E-03
+3.105955000E-03,-1.028384254116E+00,-43.145414109E-03,-85.026695069E-03
+3.105960000E-03,-1.020248261738E+00,-43.380966874E-03,-86.249056863E-03
+3.105965000E-03,-1.011283123646E+00,-43.852072403E-03,-86.473303094E-03
+3.105970000E-03,-1.003820812165E+00,-42.595791000E-03,-87.788001571E-03
+3.105975000E-03,-994.648387642E-03,-44.401695494E-03,-87.858353330E-03
+3.105980000E-03,-986.667860088E-03,-42.674308589E-03,-89.195036731E-03
+3.105985000E-03,-977.547257173E-03,-43.066896523E-03,-89.291770400E-03
+3.105990000E-03,-968.323011046E-03,-44.558730672E-03,-90.575689983E-03
+3.105995000E-03,-958.943300089E-03,-41.339509607E-03,-90.593277924E-03
+3.106000000E-03,-949.770875563E-03,-44.872801020E-03,-91.872800522E-03
+3.106005000E-03,-940.183878178E-03,-42.203203061E-03,-91.921167356E-03
+3.106010000E-03,-929.923199898E-03,-41.182474433E-03,-93.020413576E-03
+3.106015000E-03,-919.817986441E-03,-44.087625150E-03,-93.139132168E-03
+3.106020000E-03,-909.350021722E-03,-41.260992032E-03,-94.141644720E-03
+3.106025000E-03,-899.037521840E-03,-41.967650307E-03,-94.379081903E-03
+3.106030000E-03,-887.792233013E-03,-42.203203062E-03,-95.205715060E-03
+3.106035000E-03,-877.842484375E-03,-42.124685480E-03,-95.575061789E-03
+3.106040000E-03,-867.063590023E-03,-41.653579958E-03,-96.111493945E-03
+3.106045000E-03,-858.823954422E-03,-41.182474432E-03,-96.731468812E-03
+3.106050000E-03,-847.734130433E-03,-40.946921670E-03,-97.070036649E-03
+3.106055000E-03,-836.747949642E-03,-42.674308585E-03,-97.742775334E-03
+3.106060000E-03,-825.295374391E-03,-41.732097545E-03,-98.059358246E-03
+3.106065000E-03,-813.894620739E-03,-42.203203066E-03,-98.683730097E-03
+3.106070000E-03,-802.649331917E-03,-39.533605108E-03,-98.890388388E-03
+3.106075000E-03,-790.574897370E-03,-43.066896518E-03,-99.589508981E-03
+3.106080000E-03,-778.759570870E-03,-41.496544786E-03,-99.677448681E-03
+3.106085000E-03,-767.047887576E-03,-41.653579973E-03,-100.380966261E-03
+3.106090000E-03,-754.869809812E-03,-42.674308592E-03,-100.433730079E-03
+3.106095000E-03,-742.588088846E-03,-42.674308586E-03,-101.058101932E-03
+3.106100000E-03,-731.550086450E-03,-41.103956856E-03,-101.080086856E-03
+3.106105000E-03,-718.024646900E-03,-42.438755819E-03,-101.779207452E-03
+3.106110000E-03,-705.950212355E-03,-40.789886500E-03,-101.554961223E-03
+3.106115000E-03,-692.891167263E-03,-41.732097547E-03,-102.368403427E-03
+3.106120000E-03,-680.246695035E-03,-41.025439254E-03,-102.139760211E-03
+3.106125000E-03,-666.565790665E-03,-40.711368914E-03,-102.957599400E-03
+3.106130000E-03,-654.335891302E-03,-41.025439259E-03,-102.597046639E-03
+3.106135000E-03,-640.292235671E-03,-41.260992016E-03,-103.366518994E-03
+3.106140000E-03,-626.663152906E-03,-41.653579945E-03,-103.058730051E-03
+3.106145000E-03,-613.966859067E-03,-40.711368911E-03,-103.793026526E-03
+3.106150000E-03,-600.493241130E-03,-41.260992006E-03,-103.375312962E-03
+3.106155000E-03,-585.516796572E-03,-40.004710633E-03,-103.863378285E-03
+3.106160000E-03,-573.546005228E-03,-40.083228212E-03,-103.713880798E-03
+3.106165000E-03,-559.450527991E-03,-41.103956846E-03,-104.048051650E-03
+3.106170000E-03,-546.391482906E-03,-41.339509616E-03,-104.048051649E-03
+3.106175000E-03,-532.244184072E-03,-41.967650294E-03,-104.004081802E-03
+3.106180000E-03,-518.770566115E-03,-40.083228226E-03,-104.351443604E-03
+3.106185000E-03,-504.001407987E-03,-40.789886501E-03,-104.034860696E-03
+3.106190000E-03,-490.113217176E-03,-39.690640286E-03,-104.505338075E-03
+3.106195000E-03,-475.292237439E-03,-41.260992013E-03,-104.008478787E-03
+3.106200000E-03,-459.434825563E-03,-40.711368914E-03,-104.571292848E-03
+3.106205000E-03,-445.339348322E-03,-40.868404090E-03,-103.911745121E-03
+3.106210000E-03,-431.243871078E-03,-41.339509590E-03,-104.593277773E-03
+3.106215000E-03,-416.111961683E-03,-41.025439260E-03,-103.876569240E-03
+3.106220000E-03,-401.083695522E-03,-38.512876470E-03,-104.443780286E-03
+3.106225000E-03,-386.573645426E-03,-40.632851315E-03,-103.740262709E-03
+3.106230000E-03,-371.389914431E-03,-40.711368910E-03,-104.215137073E-03
+3.106235000E-03,-356.258005058E-03,-43.145414102E-03,-103.573177283E-03
+3.106240000E-03,-341.540668521E-03,-41.025439264E-03,-103.832599389E-03
+3.106245000E-03,-325.786899859E-03,-41.025439263E-03,-103.282976282E-03
+3.106250000E-03,-310.292239207E-03,-40.083228214E-03,-103.463252661E-03
+3.106255000E-03,-295.730367502E-03,-40.632851331E-03,-102.957599400E-03
+3.106260000E-03,-280.132063658E-03,-40.554333734E-03,-103.067524022E-03
+3.106265000E-03,-265.414727134E-03,-40.789886506E-03,-102.557473776E-03
+3.106270000E-03,-250.282817751E-03,-40.554333736E-03,-102.570664732E-03
+3.106275000E-03,-234.995443542E-03,-40.789886487E-03,-102.043026545E-03
+3.106280000E-03,-219.034388430E-03,-41.653579964E-03,-102.113378304E-03
+3.106285000E-03,-203.487906182E-03,-40.240263389E-03,-101.374684844E-03
+3.106290000E-03,-189.496072159E-03,-40.554333738E-03,-101.489006452E-03
+3.106295000E-03,-174.105054734E-03,-39.690640279E-03,-100.745916007E-03
+3.106300000E-03,-158.714037314E-03,-41.339509611E-03,-100.829458720E-03
+3.106305000E-03,-142.234766141E-03,-40.161745797E-03,-100.068780335E-03
+3.106310000E-03,-126.740105498E-03,-40.161745801E-03,-99.967649685E-03
+3.106315000E-03,-111.815482540E-03,-42.124685474E-03,-99.365262755E-03
+3.106320000E-03,-94.973460114E-03,-41.496544787E-03,-99.158604466E-03
+3.106325000E-03,-80.048837158E-03,-40.868404097E-03,-98.586996432E-03
+3.106330000E-03,-64.191425265E-03,-39.926193037E-03,-98.353956234E-03
+3.106335000E-03,-49.007694279E-03,-42.046167893E-03,-97.698805487E-03
+3.106340000E-03,-33.046639168E-03,-39.141017173E-03,-97.320664788E-03
+3.106345000E-03,-18.277481037E-03,-41.575062370E-03,-96.797423587E-03
+3.106350000E-03,-2.420069150E-03,-41.575062359E-03,-96.256594448E-03
+3.106355000E-03,+12.349088986E-03,-41.339509619E-03,-95.812498975E-03
+3.106360000E-03,+28.828360171E-03,-40.711368905E-03,-95.188127122E-03
+3.106365000E-03,+44.996701712E-03,-40.632851327E-03,-94.783604513E-03
+3.106370000E-03,+59.817681449E-03,-39.847675455E-03,-94.036117085E-03
+3.106375000E-03,+75.882379777E-03,-41.182474445E-03,-93.679961309E-03
+3.106380000E-03,+90.599716290E-03,-40.318780971E-03,-92.848931168E-03
+3.106385000E-03,+106.353484972E-03,-39.298052358E-03,-92.519157301E-03
+3.106390000E-03,+121.537215964E-03,-41.732097561E-03,-91.578202538E-03
+3.106395000E-03,+136.202730869E-03,-41.103956838E-03,-91.239634702E-03
+3.106400000E-03,+153.096574914E-03,-40.946921671E-03,-90.281092000E-03
+3.106405000E-03,+167.969376268E-03,-39.769157874E-03,-89.907348284E-03
+3.106410000E-03,+183.412215294E-03,-40.318780989E-03,-88.979584477E-03
+3.106415000E-03,+197.870443783E-03,-41.103956848E-03,-88.509107093E-03
+3.106420000E-03,+212.691423526E-03,-40.789886489E-03,-87.576946302E-03
+3.106425000E-03,+228.237905772E-03,-40.632851333E-03,-87.031720174E-03
+3.106430000E-03,+243.836209623E-03,-39.847675447E-03,-86.165514155E-03
+3.106435000E-03,+258.968119009E-03,-41.260992027E-03,-85.431217679E-03
+3.106440000E-03,+273.944563573E-03,-39.612122699E-03,-84.626569447E-03
+3.106445000E-03,+289.491045814E-03,-40.789886493E-03,-83.874685033E-03
+3.106450000E-03,+305.503922530E-03,-41.889132716E-03,-83.149182527E-03
+3.106455000E-03,+319.392113340E-03,-41.339509604E-03,-82.177448871E-03
+3.106460000E-03,+334.420379515E-03,-40.711368920E-03,-81.465137320E-03
+3.106465000E-03,+350.018683356E-03,-41.260992011E-03,-80.489006679E-03
+3.106470000E-03,+364.632376673E-03,-41.339509603E-03,-79.715137337E-03
+3.106475000E-03,+378.416924268E-03,-41.575062373E-03,-78.901695138E-03
+3.106480000E-03,+393.600655244E-03,-40.946921667E-03,-77.973931326E-03
+3.106485000E-03,+409.665353580E-03,-40.711368919E-03,-77.041770536E-03
+3.106490000E-03,+423.346257950E-03,-40.632851322E-03,-76.083227829E-03
+3.106495000E-03,+438.322702517E-03,-41.575062370E-03,-75.243403721E-03
+3.106500000E-03,+452.314536533E-03,-41.575062366E-03,-74.262876090E-03
+3.106505000E-03,+465.839976092E-03,-41.103956861E-03,-73.365891177E-03
+3.106510000E-03,+481.023707078E-03,-40.868404085E-03,-72.429333394E-03
+3.106515000E-03,+495.067362711E-03,-41.810615128E-03,-71.435614816E-03
+3.106520000E-03,+508.074586203E-03,-40.554333741E-03,-70.481469094E-03
+3.106525000E-03,+522.895565927E-03,-41.025439256E-03,-69.325062075E-03
+3.106530000E-03,+537.198329601E-03,-39.219534773E-03,-68.630338463E-03
+3.106535000E-03,+551.086520404E-03,-41.967650305E-03,-67.298052047E-03
+3.106540000E-03,+563.730992622E-03,-42.752826169E-03,-66.700062100E-03
+3.106545000E-03,+576.634572902E-03,-40.632851335E-03,-65.187499306E-03
+3.106550000E-03,+590.781871744E-03,-40.475816147E-03,-64.532348558E-03
+3.106555000E-03,+603.737273611E-03,-40.475816155E-03,-63.037373700E-03
+3.106560000E-03,+617.677286023E-03,-40.240263401E-03,-62.426192801E-03
+3.106565000E-03,+630.218115026E-03,-40.397298562E-03,-60.935614928E-03
+3.106570000E-03,+643.432624943E-03,-41.103956841E-03,-60.320037045E-03
+3.106575000E-03,+655.714345922E-03,-40.789886513E-03,-58.825062185E-03
+3.106580000E-03,+667.685137247E-03,-41.418027213E-03,-58.051192850E-03
+3.106585000E-03,+679.655928572E-03,-41.025439270E-03,-56.635363716E-03
+3.106590000E-03,+691.989471163E-03,-39.533605114E-03,-55.813127548E-03
+3.106595000E-03,+703.960262492E-03,-40.946921667E-03,-54.432474292E-03
+3.106600000E-03,+717.278415602E-03,-40.475816160E-03,-53.522298427E-03
+3.106605000E-03,+729.663779791E-03,-40.868404085E-03,-52.005338640E-03
+3.106610000E-03,+740.494495771E-03,-40.475816160E-03,-51.178705487E-03
+3.106615000E-03,+753.398076027E-03,-41.103956850E-03,-49.718906502E-03
+3.106620000E-03,+765.887083429E-03,-40.004710623E-03,-48.786745713E-03
+3.106625000E-03,+777.546945119E-03,-41.967650298E-03,-47.375313564E-03
+3.106630000E-03,+787.496693757E-03,-39.219534767E-03,-46.337625137E-03
+3.106635000E-03,+799.208377053E-03,-41.182474446E-03,-45.031720625E-03
+3.106640000E-03,+810.090914622E-03,-41.182474427E-03,-43.914886469E-03
+3.106645000E-03,+820.662522555E-03,-40.554333726E-03,-42.688127686E-03
+3.106650000E-03,+832.322384235E-03,-41.575062376E-03,-41.470162876E-03
+3.106655000E-03,+841.287522321E-03,-42.124685454E-03,-40.247801079E-03
+3.106660000E-03,+852.688275974E-03,-39.298052361E-03,-38.897926722E-03
+3.106665000E-03,+862.845311043E-03,-40.397298576E-03,-37.767901608E-03
+3.106670000E-03,+872.743238064E-03,-38.198806124E-03,-36.255338812E-03
+3.106675000E-03,+883.418489215E-03,-42.124685489E-03,-35.336368971E-03
+3.106680000E-03,+893.109129817E-03,-41.103956839E-03,-33.691896627E-03
+3.106685000E-03,+903.214343271E-03,-41.496544771E-03,-32.803705683E-03
+3.106690000E-03,+912.904983881E-03,-41.732097555E-03,-31.137248414E-03
+3.106695000E-03,+922.543802863E-03,-41.182474431E-03,-30.262248423E-03
+3.106700000E-03,+931.457119344E-03,-41.182474451E-03,-28.600188140E-03
+3.106705000E-03,+940.111327799E-03,-40.083228214E-03,-27.725188149E-03
+3.106710000E-03,+948.972822691E-03,-41.339509601E-03,-26.045539926E-03
+3.106715000E-03,+958.352533637E-03,-41.182474425E-03,-25.135364056E-03
+3.106720000E-03,+965.555737083E-03,-41.889132699E-03,-23.372173120E-03
+3.106725000E-03,+974.883626422E-03,-40.789886502E-03,-22.418027404E-03
+3.106730000E-03,+982.449581116E-03,-40.240263384E-03,-20.826318874E-03
+3.106735000E-03,+990.533751886E-03,-43.852072367E-03,-19.727072658E-03
+3.106740000E-03,+999.084317121E-03,-41.575062390E-03,-18.249685737E-03
+3.106745000E-03,+1.005976590931E+00,-41.653579960E-03,-17.168027458E-03
+3.106750000E-03,+1.013749832032E+00,-42.124685497E-03,-15.563127978E-03
+3.106755000E-03,+1.020279354588E+00,-41.418027209E-03,-14.538630501E-03
+3.106760000E-03,+1.028363525351E+00,-42.674308598E-03,-13.083228506E-03
+3.106765000E-03,+1.035255799155E+00,-42.203203053E-03,-11.781720983E-03
+3.106770000E-03,+1.042821753832E+00,-40.632851334E-03,-10.546168232E-03
+3.106775000E-03,+1.048781238710E+00,-42.909861348E-03,-9.038002420E-03
+3.106780000E-03,+1.056191728569E+00,-41.889132714E-03,-8.013504943E-03
+3.106785000E-03,+1.062099391821E+00,-42.595790998E-03,-6.430590386E-03
+3.106790000E-03,+1.069043487231E+00,-42.046167876E-03,-5.410489896E-03
+3.106795000E-03,+1.074173826379E+00,-41.653579956E-03,-3.757223580E-03
+3.106800000E-03,+1.080703348910E+00,-43.066896522E-03,-2.860238667E-03
+3.106805000E-03,+1.086196439317E+00,-40.318780990E-03,-1.220163307E-03
+3.106810000E-03,+1.092207745771E+00,-41.810615125E-03,-239.635680E-06
+3.106815000E-03,+1.096819868846E+00,-41.575062372E-03,+1.440012544E-03
+3.106820000E-03,+1.102520245670E+00,-36.549936821E-03,+2.543655747E-03
+3.106825000E-03,+1.106510509458E+00,+1.456226420422E+00,+3.968278851E-03
+3.106830000E-03,+1.111278097326E+00,+2.552096392265E+00,+5.203831597E-03
+3.106835000E-03,+1.114698323432E+00,+2.552096392265E+00,+6.430590381E-03
+3.106840000E-03,+1.117911263098E+00,+2.552096392265E+00,+8.013504935E-03
+3.106845000E-03,+1.122730672587E+00,+2.552096392265E+00,+8.941268747E-03
+3.106850000E-03,+1.126306363524E+00,+2.552096392265E+00,+10.590138072E-03
+3.106855000E-03,+1.130296627290E+00,+2.552096392265E+00,+11.456344096E-03
+3.106860000E-03,+1.133405923735E+00,+2.552096392265E+00,+13.285489803E-03
+3.106865000E-03,+1.137292544291E+00,+2.552096392265E+00,+14.024183266E-03
+3.106870000E-03,+1.140246375925E+00,+2.552096392265E+00,+15.910489773E-03
+3.106875000E-03,+1.143303850768E+00,+2.552096392265E+00,+16.627198314E-03
+3.106880000E-03,+1.146102217568E+00,+2.552096392265E+00,+18.491519895E-03
+3.106885000E-03,+1.148330546695E+00,+2.552096392265E+00,+19.177449543E-03
+3.106890000E-03,+1.149263335630E+00,+2.552096392265E+00,+21.028580171E-03
+3.106895000E-03,+1.152061702439E+00,+2.552096392265E+00,+21.885992227E-03
+3.106900000E-03,+1.152994491378E+00,+2.552646015371E+00,+23.556846475E-03
+3.106905000E-03,+1.154393674773E+00,+2.552724532961E+00,+24.365891698E-03
+3.106910000E-03,+1.156518360679E+00,+2.552724532961E+00,+26.080715797E-03
+3.106915000E-03,+1.157969365684E+00,+2.552724532961E+00,+26.872173078E-03
+3.106920000E-03,+1.158124830509E+00,+2.552724532961E+00,+28.648554965E-03
+3.106925000E-03,+1.159368549098E+00,+2.552724532961E+00,+29.431218275E-03
+3.106930000E-03,+1.159524013920E+00,+2.552724532961E+00,+31.132851421E-03
+3.106935000E-03,+1.160094051594E+00,+2.552724532961E+00,+31.955087595E-03
+3.106940000E-03,+1.160094051594E+00,+2.552724532961E+00,+33.538002150E-03
+3.106945000E-03,+1.160094051601E+00,+2.552724532961E+00,+34.421796111E-03
+3.106950000E-03,+1.160508624467E+00,+2.552724532961E+00,+36.048680515E-03
+3.106955000E-03,+1.159731300354E+00,+2.552724532961E+00,+36.844534777E-03
+3.106960000E-03,+1.159731300342E+00,+2.552724532961E+00,+38.374685516E-03
+3.106965000E-03,+1.158902154626E+00,+2.552724532961E+00,+39.328831233E-03
+3.106970000E-03,+1.157969365700E+00,+2.552724532961E+00,+40.661117652E-03
+3.106975000E-03,+1.156725647119E+00,+2.552724532961E+00,+41.733981961E-03
+3.106980000E-03,+1.155896501403E+00,+2.552724532961E+00,+43.039886471E-03
+3.106985000E-03,+1.154030923540E+00,+2.552724532961E+00,+44.152323643E-03
+3.106990000E-03,+1.152839026556E+00,+2.552724532961E+00,+45.308730668E-03
+3.106995000E-03,+1.149988838137E+00,+2.552724532961E+00,+46.390388945E-03
+3.107000000E-03,+1.148175081887E+00,+2.552724532961E+00,+47.652323608E-03
+3.107005000E-03,+1.145946752756E+00,+2.552724532961E+00,+48.698806006E-03
+3.107010000E-03,+1.143666602034E+00,+2.552724532961E+00,+49.907976849E-03
+3.107015000E-03,+1.141179164878E+00,+2.552724532961E+00,+50.840137643E-03
+3.107020000E-03,+1.137551652361E+00,+2.552724532961E+00,+52.018529591E-03
+3.107025000E-03,+1.134597820724E+00,+2.552724532961E+00,+52.946293400E-03
+3.107030000E-03,+1.131540345888E+00,+2.552724532961E+00,+54.212625044E-03
+3.107035000E-03,+1.128016476569E+00,+2.552724532961E+00,+55.074434083E-03
+3.107040000E-03,+1.123352531907E+00,+2.552724532961E+00,+56.367147633E-03
+3.107045000E-03,+1.119154981696E+00,+2.552724532961E+00,+57.123429034E-03
+3.107050000E-03,+1.114957431507E+00,+2.552724532961E+00,+58.332599873E-03
+3.107055000E-03,+1.110915346124E+00,+2.552724532961E+00,+59.233981776E-03
+3.107060000E-03,+1.106614152689E+00,+2.552724532961E+00,+60.350815932E-03
+3.107065000E-03,+1.101328348727E+00,+2.552724532961E+00,+61.199434018E-03
+3.107070000E-03,+1.096353474416E+00,+2.552724532961E+00,+62.430589779E-03
+3.107075000E-03,+1.090549454377E+00,+2.552724532961E+00,+63.090137514E-03
+3.107080000E-03,+1.085574580056E+00,+2.552724532961E+00,+64.435614883E-03
+3.107085000E-03,+1.079355987164E+00,+2.552724532961E+00,+64.972047041E-03
+3.107090000E-03,+1.073862896773E+00,+2.552724532961E+00,+66.277951547E-03
+3.107095000E-03,+1.067592482259E+00,+2.552724532961E+00,+66.884735463E-03
+3.107100000E-03,+1.061114781325E+00,+2.552724532961E+00,+68.212624895E-03
+3.107105000E-03,+1.055155296464E+00,+2.552724532961E+00,+68.656720369E-03
+3.107110000E-03,+1.048107557845E+00,+2.552724532961E+00,+70.142901252E-03
+3.107115000E-03,+1.041111640838E+00,+2.552724532961E+00,+70.393529395E-03
+3.107120000E-03,+1.034063902216E+00,+2.552724532961E+00,+71.875313297E-03
+3.107125000E-03,+1.028104417363E+00,+2.552724532961E+00,+72.130338423E-03
+3.107130000E-03,+1.020072068203E+00,+2.552724532961E+00,+73.489006747E-03
+3.107135000E-03,+1.011884254218E+00,+2.552724532961E+00,+73.845162524E-03
+3.107140000E-03,+1.004732872380E+00,+2.552724532961E+00,+75.102700198E-03
+3.107145000E-03,+995.923199108E-03,+2.552724532961E+00,+75.502825825E-03
+3.107150000E-03,+987.994493173E-03,+2.552724532961E+00,+76.720790631E-03
+3.107155000E-03,+980.532181684E-03,+2.552724532961E+00,+77.068152439E-03
+3.107160000E-03,+971.826151622E-03,+2.552724532961E+00,+78.176192627E-03
+3.107165000E-03,+963.171943183E-03,+2.552724532961E+00,+78.602700161E-03
+3.107170000E-03,+954.517734736E-03,+2.552724532961E+00,+79.565639850E-03
+3.107175000E-03,+945.604418242E-03,+2.552724532961E+00,+80.141644868E-03
+3.107180000E-03,+936.794744970E-03,+2.552724532961E+00,+80.858353404E-03
+3.107185000E-03,+928.036893319E-03,+2.552724532961E+00,+81.531092089E-03
+3.107190000E-03,+919.175398422E-03,+2.552724532961E+00,+82.217021732E-03
+3.107195000E-03,+908.862898551E-03,+2.552724532961E+00,+82.854584536E-03
+3.107200000E-03,+899.224079558E-03,+2.552724532961E+00,+83.478956392E-03
+3.107205000E-03,+889.533438938E-03,+2.552724532961E+00,+84.103328240E-03
+3.107210000E-03,+878.961831018E-03,+2.552724532961E+00,+84.608981507E-03
+3.107215000E-03,+869.478476853E-03,+2.552724532961E+00,+85.286117174E-03
+3.107220000E-03,+858.855047319E-03,+2.552724532961E+00,+85.813755363E-03
+3.107225000E-03,+849.941730838E-03,+2.552724532961E+00,+86.473303090E-03
+3.107230000E-03,+839.318301307E-03,+2.552724532961E+00,+86.873428718E-03
+3.107235000E-03,+827.554796402E-03,+2.552724532961E+00,+87.489006596E-03
+3.107240000E-03,+816.724080434E-03,+2.552724532961E+00,+87.990262877E-03
+3.107245000E-03,+804.079608211E-03,+2.552724532961E+00,+88.570664876E-03
+3.107250000E-03,+794.078037957E-03,+2.552724532961E+00,+88.966393520E-03
+3.107255000E-03,+782.677284319E-03,+2.552724532961E+00,+89.485237731E-03
+3.107260000E-03,+771.794746739E-03,+2.552724532961E+00,+89.841393510E-03
+3.107265000E-03,+759.616669002E-03,+2.552724532961E+00,+90.351443753E-03
+3.107270000E-03,+747.490412866E-03,+2.552724532961E+00,+90.760363350E-03
+3.107275000E-03,+736.037837594E-03,+2.552724532961E+00,+91.076946260E-03
+3.107280000E-03,+724.326154305E-03,+2.552724532961E+00,+91.573805552E-03
+3.107285000E-03,+711.681682082E-03,+2.552724532961E+00,+91.864006552E-03
+3.107290000E-03,+700.021820379E-03,+2.552724532961E+00,+92.290514086E-03
+3.107295000E-03,+688.154672279E-03,+2.552724532961E+00,+92.541142224E-03
+3.107300000E-03,+674.991983964E-03,+2.552724532961E+00,+92.879710058E-03
+3.107305000E-03,+662.813906227E-03,+2.552724532961E+00,+93.099559305E-03
+3.107310000E-03,+649.495753094E-03,+2.552724532961E+00,+93.495287940E-03
+3.107315000E-03,+636.281243189E-03,+2.552724532961E+00,+93.644785430E-03
+3.107320000E-03,+623.325841320E-03,+2.552724532961E+00,+94.009735172E-03
+3.107325000E-03,+611.147763545E-03,+2.552724532961E+00,+94.110865827E-03
+3.107330000E-03,+598.036896868E-03,+2.552724532961E+00,+94.431845720E-03
+3.107335000E-03,+584.252349266E-03,+2.552724532961E+00,+94.489006527E-03
+3.107340000E-03,+571.607877049E-03,+2.552724532961E+00,+94.831971344E-03
+3.107345000E-03,+557.719686255E-03,+2.552724532961E+00,+94.906720090E-03
+3.107350000E-03,+544.297889905E-03,+2.552724532961E+00,+95.179333148E-03
+3.107355000E-03,+529.165980523E-03,+2.552724532961E+00,+95.144157275E-03
+3.107360000E-03,+515.070503292E-03,+2.552724532961E+00,+95.460740181E-03
+3.107365000E-03,+502.115101409E-03,+2.552724532961E+00,+95.254081897E-03
+3.107370000E-03,+487.242300063E-03,+2.552724532961E+00,+95.553076864E-03
+3.107375000E-03,+473.924146950E-03,+2.552724532961E+00,+95.460740185E-03
+3.107380000E-03,+459.206810398E-03,+2.552724532961E+00,+95.645413548E-03
+3.107385000E-03,+444.748581924E-03,+2.552724532961E+00,+95.513504004E-03
+3.107390000E-03,+431.015855941E-03,+2.552724532961E+00,+95.724559275E-03
+3.107395000E-03,+417.127665137E-03,+2.552724532961E+00,+95.526694958E-03
+3.107400000E-03,+401.684826099E-03,+2.552724532961E+00,+95.764132138E-03
+3.107405000E-03,+387.071132783E-03,+2.552724532961E+00,+95.394785411E-03
+3.107410000E-03,+372.094688235E-03,+2.552724532961E+00,+95.636619578E-03
+3.107415000E-03,+357.377351690E-03,+2.552724532961E+00,+95.315639684E-03
+3.107420000E-03,+342.556371968E-03,+2.552724532961E+00,+95.407976365E-03
+3.107425000E-03,+327.424462587E-03,+2.552724532961E+00,+95.073805517E-03
+3.107430000E-03,+312.862590886E-03,+2.552724532961E+00,+95.276066818E-03
+3.107435000E-03,+298.559827214E-03,+2.552724532961E+00,+94.889132148E-03
+3.107440000E-03,+282.702415341E-03,+2.552724532961E+00,+94.875941196E-03
+3.107445000E-03,+268.399651664E-03,+2.552724532961E+00,+94.493403508E-03
+3.107450000E-03,+252.853169424E-03,+2.552724532961E+00,+94.440639697E-03
+3.107455000E-03,+238.343119318E-03,+2.552724532961E+00,+94.172423613E-03
+3.107460000E-03,+222.226599398E-03,+2.552724532961E+00,+94.022926132E-03
+3.107465000E-03,+207.561084473E-03,+2.552724532961E+00,+93.622800503E-03
+3.107470000E-03,+192.947391162E-03,+2.552724532961E+00,+93.600815584E-03
+3.107475000E-03,+178.178233004E-03,+2.552724532961E+00,+93.095162317E-03
+3.107480000E-03,+161.543497028E-03,+2.552724532961E+00,+93.007222629E-03
+3.107485000E-03,+145.737906745E-03,+2.552724532961E+00,+92.453202523E-03
+3.107490000E-03,+129.258635561E-03,+2.552724532961E+00,+92.413629670E-03
+3.107495000E-03,+114.489477410E-03,+2.552724532961E+00,+91.811242731E-03
+3.107500000E-03,+98.580243932E-03,+2.552724532961E+00,+91.560614604E-03
+3.107505000E-03,+82.878296852E-03,+2.552724532961E+00,+91.041770379E-03
+3.107510000E-03,+67.798209089E-03,+2.552724532961E+00,+90.857097023E-03
+3.107515000E-03,+51.629867554E-03,+2.552724532961E+00,+90.285488979E-03
+3.107520000E-03,+36.808887805E-03,+2.552724532961E+00,+89.902951304E-03
+3.107525000E-03,+21.936086449E-03,+2.552724532961E+00,+89.542398536E-03
+3.107530000E-03,+6.441425806E-03,+2.552724532961E+00,+88.935614630E-03
+3.107535000E-03,-9.571450890E-03,+2.552724532961E+00,+88.597046789E-03
+3.107540000E-03,-25.066111535E-03,+2.552724532961E+00,+87.862750318E-03
+3.107545000E-03,-38.902480722E-03,+2.552724532961E+00,+87.563755345E-03
+3.107550000E-03,-54.034390101E-03,+2.552724532961E+00,+86.803076963E-03
+3.107555000E-03,-69.373585920E-03,+2.552724532961E+00,+86.614006609E-03
+3.107560000E-03,-84.712781748E-03,+2.552724532961E+00,+85.677448834E-03
+3.107565000E-03,-100.311085599E-03,+2.552724532961E+00,+85.523554362E-03
+3.107570000E-03,-116.479427126E-03,+2.552724532961E+00,+84.437499099E-03
+3.107575000E-03,-133.010519923E-03,+2.552724532961E+00,+84.292398596E-03
+3.107580000E-03,-148.194250929E-03,+2.552724532961E+00,+83.210740316E-03
+3.107585000E-03,-163.429803514E-03,+2.552724532961E+00,+83.065639816E-03
+3.107590000E-03,-178.976285754E-03,+2.552724532961E+00,+81.935614700E-03
+3.107595000E-03,-193.382692651E-03,+2.552724532961E+00,+81.733353400E-03
+3.107600000E-03,-207.167240251E-03,+2.552724532961E+00,+80.616519235E-03
+3.107605000E-03,-222.765544082E-03,+2.552724532961E+00,+80.330715227E-03
+3.107610000E-03,-238.001096689E-03,+2.552724532961E+00,+79.161117241E-03
+3.107615000E-03,-253.651222145E-03,+2.552724532961E+00,+78.950061974E-03
+3.107620000E-03,-268.990417967E-03,+2.552724532961E+00,+77.736494141E-03
+3.107625000E-03,-284.744186606E-03,+2.552724532961E+00,+77.463881086E-03
+3.107630000E-03,-299.306058341E-03,+2.552724532961E+00,+76.219534359E-03
+3.107635000E-03,-314.489789335E-03,+2.552724532961E+00,+75.806217787E-03
+3.107640000E-03,-329.725341943E-03,+2.552724532961E+00,+74.759735379E-03
+3.107645000E-03,-344.909072923E-03,+2.552724532961E+00,+74.130966548E-03
+3.107650000E-03,-359.315479819E-03,+2.552724532961E+00,+73.097675097E-03
+3.107655000E-03,-374.447389183E-03,+2.552724532961E+00,+72.358981643E-03
+3.107660000E-03,-388.801974479E-03,+2.552724532961E+00,+71.549936420E-03
+3.107665000E-03,-403.933883851E-03,+2.552724532961E+00,+70.547423873E-03
+3.107670000E-03,-418.962150012E-03,+2.552724532961E+00,+69.975815835E-03
+3.107675000E-03,-434.456810660E-03,+2.552724532961E+00,+68.647926404E-03
+3.107680000E-03,-449.692363235E-03,+2.552724532961E+00,+68.243403794E-03
+3.107685000E-03,-463.736018897E-03,+2.552724532961E+00,+66.708856074E-03
+3.107690000E-03,-477.105993618E-03,+2.552724532961E+00,+66.335112358E-03
+3.107695000E-03,-491.512400495E-03,+2.552724532961E+00,+64.787373684E-03
+3.107700000E-03,-506.177915421E-03,+2.552724532961E+00,+64.501569664E-03
+3.107705000E-03,-520.169749444E-03,+2.552724532961E+00,+62.839509382E-03
+3.107710000E-03,-533.332437734E-03,+2.552724532961E+00,+62.514132500E-03
+3.107715000E-03,-546.806055689E-03,+2.552724532961E+00,+60.904836037E-03
+3.107720000E-03,-559.709635957E-03,+2.552724532961E+00,+60.447549609E-03
+3.107725000E-03,-574.064221226E-03,+2.552724532961E+00,+58.961368719E-03
+3.107730000E-03,-587.486017565E-03,+2.552724532961E+00,+58.354584809E-03
+3.107735000E-03,-600.234133010E-03,+2.552724532961E+00,+57.017901401E-03
+3.107740000E-03,-614.174145411E-03,+2.552724532961E+00,+56.235238098E-03
+3.107745000E-03,-627.440476941E-03,+2.552724532961E+00,+54.968906449E-03
+3.107750000E-03,-641.017738101E-03,+2.552724532961E+00,+54.098303447E-03
+3.107755000E-03,-653.558567116E-03,+2.552724532961E+00,+52.897926569E-03
+3.107760000E-03,-666.928541860E-03,+2.552724532961E+00,+51.930589904E-03
+3.107765000E-03,-680.350338174E-03,+2.552724532961E+00,+50.760991919E-03
+3.107770000E-03,-692.424772723E-03,+2.552724532961E+00,+49.754082388E-03
+3.107775000E-03,-704.706493721E-03,+2.552724532961E+00,+48.628454254E-03
+3.107780000E-03,-718.387398070E-03,+2.552724532961E+00,+47.463253267E-03
+3.107785000E-03,-730.565475836E-03,+2.552724532961E+00,+46.381594984E-03
+3.107790000E-03,-743.002661644E-03,+2.552724532961E+00,+45.106469372E-03
+3.107795000E-03,-755.180739380E-03,+2.552724532961E+00,+44.147926666E-03
+3.107800000E-03,-767.255173935E-03,+2.552724532961E+00,+42.736494523E-03
+3.107805000E-03,-779.329608471E-03,+2.552724532961E+00,+41.848303575E-03
+3.107810000E-03,-790.730362129E-03,+2.552724532961E+00,+40.331343794E-03
+3.107815000E-03,-803.271191153E-03,+2.552724532961E+00,+39.579459380E-03
+3.107820000E-03,-813.946442273E-03,+2.552724532961E+00,+37.921796080E-03
+3.107825000E-03,-825.450839122E-03,+2.552724532961E+00,+37.130338804E-03
+3.107830000E-03,-836.644306379E-03,+2.552724532961E+00,+35.551821229E-03
+3.107835000E-03,-847.941416786E-03,+2.552724532961E+00,+34.575690590E-03
+3.107840000E-03,-858.098451866E-03,+2.552724532961E+00,+33.129082563E-03
+3.107845000E-03,-867.633627657E-03,+2.552724532961E+00,+32.117776045E-03
+3.107850000E-03,-879.138024496E-03,+2.552724532961E+00,+30.794283593E-03
+3.107855000E-03,-889.865097261E-03,+2.552724532961E+00,+29.519157985E-03
+3.107860000E-03,-900.488526793E-03,+2.552724532961E+00,+28.301193167E-03
+3.107865000E-03,-911.060134723E-03,+2.552724532961E+00,+26.955715802E-03
+3.107870000E-03,-920.750775318E-03,+2.552724532961E+00,+25.900439420E-03
+3.107875000E-03,-930.389594309E-03,+2.552724532961E+00,+24.379082663E-03
+3.107880000E-03,-940.753915810E-03,+2.552724532961E+00,+23.376570100E-03
+3.107885000E-03,-950.859129264E-03,+2.552724532961E+00,+21.859610329E-03
+3.107890000E-03,-959.720624158E-03,+2.552724532961E+00,+20.729585204E-03
+3.107895000E-03,-968.737583842E-03,+2.552724532961E+00,+19.335741009E-03
+3.107900000E-03,-978.272759630E-03,+2.552724532961E+00,+18.135364128E-03
+3.107905000E-03,-986.305108808E-03,+2.552724532961E+00,+16.895414402E-03
+3.107910000E-03,-995.270246888E-03,+2.552724532961E+00,+15.620288779E-03
+3.107915000E-03,-1.004287206598E+00,+2.552724532961E+00,+14.261620459E-03
+3.107920000E-03,-1.013304166308E+00,+2.552724532961E+00,+12.977700869E-03
+3.107925000E-03,-1.021958374710E+00,+2.552724532961E+00,+11.658605409E-03
+3.107930000E-03,-1.029990723913E+00,+2.552724532961E+00,+10.335112960E-03
+3.107935000E-03,-1.038023073052E+00,+2.552724532961E+00,+9.121545134E-03
+3.107940000E-03,-1.045433562944E+00,+2.552724532961E+00,+7.833228566E-03
+3.107945000E-03,-1.052325836732E+00,+2.552724532961E+00,+6.421796418E-03
+3.107950000E-03,-1.060565472321E+00,+2.552724532961E+00,+5.203831609E-03
+3.107955000E-03,-1.067354102907E+00,+2.552724532961E+00,+3.805590415E-03
+3.107960000E-03,-1.075127344027E+00,+2.552724532961E+00,+2.609610530E-03
+3.107965000E-03,-1.080672256034E+00,+2.552724532961E+00,+1.277324111E-03
+3.107970000E-03,-1.088341853936E+00,+2.552724532961E+00,-50.565320E-06
+3.107975000E-03,-1.093524014699E+00,+2.552724532961E+00,-1.321293951E-03
+3.107980000E-03,-1.099690785966E+00,+2.552724532961E+00,-2.807474836E-03
+3.107985000E-03,-1.106064843700E+00,+2.552724532961E+00,-3.770414529E-03
+3.107990000E-03,-1.111454290868E+00,+2.552724532961E+00,-5.450062749E-03
+3.107995000E-03,-1.117517418942E+00,+2.552724532961E+00,-6.303077821E-03
+3.108000000E-03,-1.122803222917E+00,+2.552724532961E+00,-8.119032568E-03
+3.108005000E-03,-1.126948951512E+00,+2.552724532961E+00,-8.945665734E-03
+3.108010000E-03,-1.131923825854E+00,+2.552724532961E+00,-10.744032539E-03
+3.108015000E-03,-1.136328662490E+00,+2.552724532961E+00,-11.597047614E-03
+3.108020000E-03,-1.143169114668E+00,+2.552724532961E+00,-13.465766173E-03
+3.108025000E-03,-1.146692983983E+00,+1.431964507194E+00,-14.362751099E-03
+3.108030000E-03,-1.150216853268E+00,-146.867145457E-03,-15.774183240E-03
+3.108035000E-03,-1.153999830623E+00,-181.179332136E-03,-16.996545041E-03
+3.108040000E-03,-1.158508310493E+00,-1.766647490E-03,-18.460741003E-03
+3.108045000E-03,-1.161617606937E+00,+154.718906577E-03,-19.678705813E-03
+3.108050000E-03,-1.165245119472E+00,-84.288629529E-03,-20.993404295E-03
+3.108055000E-03,-1.168976275203E+00,-76.044282997E-03,-22.330087692E-03
+3.108060000E-03,-1.172241036470E+00,-90.020413884E-03,-23.614007284E-03
+3.108065000E-03,-1.174728473631E+00,-16.763504864E-03,-25.021042436E-03
+3.108070000E-03,-1.177682305256E+00,-55.080087264E-03,-26.278580120E-03
+3.108075000E-03,-1.180428850465E+00,-47.934986914E-03,-27.588881605E-03
+3.108080000E-03,-1.183227217254E+00,-62.539258113E-03,-28.868404211E-03
+3.108085000E-03,-1.184522757459E+00,-46.914258336E-03,-30.174308712E-03
+3.108090000E-03,-1.187062016218E+00,-52.803077305E-03,-31.449434336E-03
+3.108095000E-03,-1.187632053927E+00,-50.997172839E-03,-32.654208184E-03
+3.108100000E-03,-1.188564842823E+00,-52.174936625E-03,-33.982097624E-03
+3.108105000E-03,-1.190378599102E+00,-51.468278336E-03,-35.217650368E-03
+3.108110000E-03,-1.191311388034E+00,-49.819408998E-03,-36.382851366E-03
+3.108115000E-03,-1.192192355355E+00,-47.934986954E-03,-37.873429233E-03
+3.108120000E-03,-1.192710571440E+00,-49.348303477E-03,-38.862750836E-03
+3.108125000E-03,-1.193125144306E+00,-47.856469334E-03,-40.357725691E-03
+3.108130000E-03,-1.193436073945E+00,-48.955715551E-03,-41.355841262E-03
+3.108135000E-03,-1.193332430754E+00,-50.683102510E-03,-42.784861343E-03
+3.108140000E-03,-1.194109754842E+00,-49.583856232E-03,-43.910489475E-03
+3.108145000E-03,-1.194627970909E+00,-49.034233146E-03,-45.128454283E-03
+3.108150000E-03,-1.193487895559E+00,-48.092022081E-03,-46.267273371E-03
+3.108155000E-03,-1.192969679471E+00,-49.034233126E-03,-47.502826117E-03
+3.108160000E-03,-1.192244176976E+00,-47.071293473E-03,-48.668027114E-03
+3.108165000E-03,-1.190378599105E+00,-47.385363833E-03,-49.736494435E-03
+3.108170000E-03,-1.188823950893E+00,-46.364635203E-03,-51.191896430E-03
+3.108175000E-03,-1.188927594097E+00,-48.563127618E-03,-51.983353708E-03
+3.108180000E-03,-1.187476589072E+00,-50.526067260E-03,-53.495916508E-03
+3.108185000E-03,-1.184574579086E+00,-45.500941757E-03,-54.335740624E-03
+3.108190000E-03,-1.183175395665E+00,-47.620916559E-03,-55.703202916E-03
+3.108195000E-03,-1.181154352987E+00,-47.542398991E-03,-56.758479288E-03
+3.108200000E-03,-1.178511451012E+00,-46.286117595E-03,-57.906092338E-03
+3.108205000E-03,-1.175713084208E+00,-46.521670390E-03,-58.873429016E-03
+3.108210000E-03,-1.171878285268E+00,-46.364635177E-03,-60.012248095E-03
+3.108215000E-03,-1.170686388275E+00,-46.286117590E-03,-61.111494318E-03
+3.108220000E-03,-1.166851589316E+00,-47.385363800E-03,-62.206343548E-03
+3.108225000E-03,-1.163638649664E+00,-45.343906576E-03,-63.393529464E-03
+3.108230000E-03,-1.160270245171E+00,-45.186871392E-03,-64.299308352E-03
+3.108235000E-03,-1.157368235139E+00,-45.893529659E-03,-65.504082208E-03
+3.108240000E-03,-1.153170684934E+00,-45.265388975E-03,-66.370288230E-03
+3.108245000E-03,-1.148454918669E+00,-45.029836213E-03,-67.522298268E-03
+3.108250000E-03,-1.144982870968E+00,-46.129082438E-03,-68.458856045E-03
+3.108255000E-03,-1.140318926312E+00,-46.992775854E-03,-69.492147495E-03
+3.108260000E-03,-1.135914089666E+00,-44.637248283E-03,-70.481469087E-03
+3.108265000E-03,-1.131146501787E+00,-45.422424146E-03,-71.435614810E-03
+3.108270000E-03,-1.126171627449E+00,-45.108353788E-03,-72.416142433E-03
+3.108275000E-03,-1.119745748142E+00,-46.914258274E-03,-73.431845948E-03
+3.108280000E-03,-1.115340911491E+00,-44.951318614E-03,-74.240891158E-03
+3.108285000E-03,-1.109070496981E+00,-43.773554815E-03,-75.414886124E-03
+3.108290000E-03,-1.102955547299E+00,-44.009107611E-03,-76.052448926E-03
+3.108295000E-03,-1.097358813676E+00,-44.637248261E-03,-77.274810730E-03
+3.108300000E-03,-1.092746690621E+00,-43.616519633E-03,-77.815639862E-03
+3.108305000E-03,-1.084662519873E+00,-44.558730671E-03,-79.090765482E-03
+3.108310000E-03,-1.078703034994E+00,-41.889132685E-03,-79.614006679E-03
+3.108315000E-03,-1.072432620489E+00,-44.087625138E-03,-80.836368477E-03
+3.108320000E-03,-1.065384881876E+00,-43.223931680E-03,-81.350815707E-03
+3.108325000E-03,-1.057818927196E+00,-42.674308613E-03,-82.472046853E-03
+3.108330000E-03,-1.050097507704E+00,-44.480213069E-03,-83.078830766E-03
+3.108335000E-03,-1.042531552993E+00,-43.852072382E-03,-83.989006633E-03
+3.108340000E-03,-1.034499203838E+00,-42.203203124E-03,-84.811242807E-03
+3.108345000E-03,-1.026985070741E+00,-43.616519608E-03,-85.483981492E-03
+3.108350000E-03,-1.018330862304E+00,-42.988378906E-03,-86.420539274E-03
+3.108355000E-03,-1.010816729189E+00,-43.459484472E-03,-86.948177457E-03
+3.108360000E-03,-1.001955234348E+00,-43.538002036E-03,-87.884735238E-03
+3.108365000E-03,-992.523701779E-03,-41.889132768E-03,-88.407976436E-03
+3.108370000E-03,-984.802282242E-03,-42.909861329E-03,-89.247800550E-03
+3.108375000E-03,-976.044430565E-03,-42.595790953E-03,-89.828202550E-03
+3.108380000E-03,-966.457433207E-03,-42.752826185E-03,-90.558102046E-03
+3.108385000E-03,-957.129543872E-03,-40.318780965E-03,-91.230840724E-03
+3.108390000E-03,-947.698011294E-03,-42.909861349E-03,-91.652951281E-03
+3.108395000E-03,-938.784694798E-03,-42.438755837E-03,-92.611493975E-03
+3.108400000E-03,-927.798514051E-03,-43.145414103E-03,-92.844534182E-03
+3.108405000E-03,-918.056051837E-03,-41.967650348E-03,-93.825061800E-03
+3.108410000E-03,-906.810763007E-03,-40.868404090E-03,-94.027323116E-03
+3.108415000E-03,-895.772760615E-03,-42.988378955E-03,-94.950689929E-03
+3.108420000E-03,-885.201152690E-03,-42.674308609E-03,-95.223303001E-03
+3.108425000E-03,-875.614155307E-03,-42.046167907E-03,-96.019157257E-03
+3.108430000E-03,-865.664406665E-03,-41.653579938E-03,-96.177448722E-03
+3.108435000E-03,-855.144620347E-03,-42.831343781E-03,-97.043654734E-03
+3.108440000E-03,-844.365725983E-03,-41.418027174E-03,-97.166770316E-03
+3.108445000E-03,-833.845939645E-03,-41.653579995E-03,-98.028579350E-03
+3.108450000E-03,-821.771505116E-03,-42.124685471E-03,-98.120916034E-03
+3.108455000E-03,-810.215286651E-03,-41.496544753E-03,-98.987122054E-03
+3.108460000E-03,-798.710889793E-03,-39.376569896E-03,-98.982725065E-03
+3.108465000E-03,-786.325525605E-03,-41.025439267E-03,-99.875312999E-03
+3.108470000E-03,-773.629231763E-03,-41.496544766E-03,-99.624684858E-03
+3.108475000E-03,-762.021191707E-03,-41.967650333E-03,-100.715137114E-03
+3.108480000E-03,-750.309508423E-03,-43.852072363E-03,-100.372172286E-03
+3.108485000E-03,-737.924144222E-03,-41.653579948E-03,-101.392272786E-03
+3.108490000E-03,-724.916920741E-03,-42.203203071E-03,-100.987750169E-03
+3.108495000E-03,-713.775275134E-03,-40.868404111E-03,-102.060614487E-03
+3.108500000E-03,-701.908126988E-03,-41.182474439E-03,-101.660488855E-03
+3.108505000E-03,-688.382687436E-03,-41.575062401E-03,-102.623428549E-03
+3.108510000E-03,-675.427285574E-03,-40.946921656E-03,-102.276066736E-03
+3.108515000E-03,-662.420062097E-03,-41.653579940E-03,-102.926820511E-03
+3.108520000E-03,-649.723768282E-03,-42.517273438E-03,-102.772926030E-03
+3.108525000E-03,-635.161896623E-03,-40.475816187E-03,-103.318152162E-03
+3.108530000E-03,-622.310137918E-03,-42.046167873E-03,-103.234609440E-03
+3.108535000E-03,-608.732876771E-03,-41.732097535E-03,-103.581971256E-03
+3.108540000E-03,-594.948329171E-03,-42.831343754E-03,-103.625941096E-03
+3.108545000E-03,-581.371068005E-03,-41.418027203E-03,-103.806217485E-03
+3.108550000E-03,-568.052914881E-03,-41.575062358E-03,-103.907348130E-03
+3.108555000E-03,-554.734761766E-03,-42.674308564E-03,-104.034860695E-03
+3.108560000E-03,-541.416608618E-03,-41.418027203E-03,-104.096418478E-03
+3.108565000E-03,-527.994812310E-03,-41.732097540E-03,-104.175564211E-03
+3.108570000E-03,-513.432940587E-03,-40.711368900E-03,-104.289885815E-03
+3.108575000E-03,-499.492928207E-03,-40.946921675E-03,-104.188755164E-03
+3.108580000E-03,-484.361018802E-03,-39.690640260E-03,-104.377825514E-03
+3.108585000E-03,-470.731936035E-03,-40.632851324E-03,-104.188755166E-03
+3.108590000E-03,-456.377350782E-03,-41.103956835E-03,-104.369031549E-03
+3.108595000E-03,-441.245441368E-03,-42.438755827E-03,-104.096418484E-03
+3.108600000E-03,-425.906245570E-03,-41.653579945E-03,-104.329458685E-03
+3.108605000E-03,-410.981622587E-03,-40.789886506E-03,-103.990890845E-03
+3.108610000E-03,-395.901534858E-03,-39.376569941E-03,-104.166770244E-03
+3.108615000E-03,-382.272452057E-03,-42.124685492E-03,-103.841393356E-03
+3.108620000E-03,-366.622326597E-03,-39.612122713E-03,-104.008478789E-03
+3.108625000E-03,-351.697703614E-03,-41.889132693E-03,-103.621544113E-03
+3.108630000E-03,-336.047578168E-03,-42.046167886E-03,-103.612750151E-03
+3.108635000E-03,-320.863847211E-03,-40.632851340E-03,-103.384106933E-03
+3.108640000E-03,-304.747327252E-03,-41.418027197E-03,-103.217021511E-03
+3.108645000E-03,-290.444563581E-03,-39.926193064E-03,-103.102699898E-03
+3.108650000E-03,-274.535330091E-03,-41.496544757E-03,-102.746544129E-03
+3.108655000E-03,-260.543496064E-03,-41.339509569E-03,-102.781720001E-03
+3.108660000E-03,-243.494187224E-03,-40.397298573E-03,-102.135363235E-03
+3.108665000E-03,-228.310456214E-03,-41.810615136E-03,-102.333227543E-03
+3.108670000E-03,-211.572077009E-03,-40.711368925E-03,-101.585740123E-03
+3.108675000E-03,-197.994815830E-03,-41.339509599E-03,-101.770413481E-03
+3.108680000E-03,-183.381122506E-03,-41.103956855E-03,-100.921795406E-03
+3.108685000E-03,-166.383635308E-03,-38.591394081E-03,-101.132850672E-03
+3.108690000E-03,-152.080871613E-03,-40.554333748E-03,-100.218277827E-03
+3.108695000E-03,-135.757065272E-03,-40.240263360E-03,-100.389760231E-03
+3.108700000E-03,-120.728799050E-03,-40.789886528E-03,-99.664257731E-03
+3.108705000E-03,-105.026851998E-03,-41.339509607E-03,-99.563127076E-03
+3.108710000E-03,-89.635834636E-03,-40.083228197E-03,-98.740890907E-03
+3.108715000E-03,-75.022141276E-03,-41.653579967E-03,-98.802448694E-03
+3.108720000E-03,-59.993875087E-03,-38.198806090E-03,-97.843905987E-03
+3.108725000E-03,-43.203674284E-03,-41.810615147E-03,-97.799936142E-03
+3.108730000E-03,-29.315483472E-03,-39.690640245E-03,-96.863378359E-03
+3.108735000E-03,-14.131752488E-03,-40.789886487E-03,-96.806217559E-03
+3.108740000E-03,+2.036589024E-03,-42.124685476E-03,-95.865262795E-03
+3.108745000E-03,+18.101287380E-03,-40.554333759E-03,-95.759735163E-03
+3.108750000E-03,+33.855056026E-03,-41.496544793E-03,-94.774810542E-03
+3.108755000E-03,+49.349716673E-03,-39.769157866E-03,-94.638504018E-03
+3.108760000E-03,+63.911588412E-03,-39.376569950E-03,-93.662373370E-03
+3.108765000E-03,+80.131751519E-03,-39.926193091E-03,-93.526066844E-03
+3.108770000E-03,+95.626412170E-03,-39.062499596E-03,-92.563127150E-03
+3.108775000E-03,+111.846575309E-03,-40.554333739E-03,-92.079458820E-03
+3.108780000E-03,+125.734766094E-03,-41.418027223E-03,-91.455086960E-03
+3.108785000E-03,+142.369502131E-03,-41.810615156E-03,-90.777951295E-03
+3.108790000E-03,+158.486022040E-03,-40.632851304E-03,-90.197549287E-03
+3.108795000E-03,+173.773396265E-03,-41.260991992E-03,-89.419282968E-03
+3.108800000E-03,+188.231624753E-03,-40.946921658E-03,-88.926820656E-03
+3.108805000E-03,+203.778107000E-03,-40.632851344E-03,-87.946293035E-03
+3.108810000E-03,+219.531875666E-03,-40.397298559E-03,-87.585740270E-03
+3.108815000E-03,+234.663785044E-03,-41.496544770E-03,-86.499685012E-03
+3.108820000E-03,+249.122013544E-03,-39.690640296E-03,-86.108353348E-03
+3.108825000E-03,+264.513030955E-03,-40.789886535E-03,-85.044283014E-03
+3.108830000E-03,+279.282189087E-03,-40.240263374E-03,-84.406720205E-03
+3.108835000E-03,+295.346887422E-03,-41.575062357E-03,-83.540514186E-03
+3.108840000E-03,+310.219688776E-03,-39.376569933E-03,-82.793026756E-03
+3.108845000E-03,+324.418809229E-03,-40.789886530E-03,-81.931217718E-03
+3.108850000E-03,+340.742615564E-03,-39.926193022E-03,-81.144157429E-03
+3.108855000E-03,+354.682627971E-03,-42.988378939E-03,-80.172423768E-03
+3.108860000E-03,+369.140856467E-03,-40.240263420E-03,-79.341393633E-03
+3.108865000E-03,+382.718117646E-03,-39.926193034E-03,-78.488378556E-03
+3.108870000E-03,+397.901848639E-03,-39.455087508E-03,-77.613378576E-03
+3.108875000E-03,+413.914725326E-03,-40.240263403E-03,-76.747172544E-03
+3.108880000E-03,+428.476597049E-03,-39.769157898E-03,-75.696293170E-03
+3.108885000E-03,+443.038468760E-03,-39.926193054E-03,-74.874056985E-03
+3.108890000E-03,+456.719373132E-03,-41.575062348E-03,-73.941896205E-03
+3.108895000E-03,+471.436709662E-03,-40.161745827E-03,-72.943780627E-03
+3.108900000E-03,+485.117614014E-03,-42.674308544E-03,-72.042398737E-03
+3.108905000E-03,+499.316734479E-03,-38.277323758E-03,-71.039886173E-03
+3.108910000E-03,+513.204925277E-03,-41.260992012E-03,-70.085740468E-03
+3.108915000E-03,+526.989472883E-03,-41.025439277E-03,-69.078830923E-03
+3.108920000E-03,+541.447701352E-03,-40.711368949E-03,-68.067524406E-03
+3.108925000E-03,+554.092173621E-03,-40.711368917E-03,-67.157348527E-03
+3.108930000E-03,+568.654045270E-03,-42.124685461E-03,-66.044911361E-03
+3.108935000E-03,+581.972198409E-03,-40.632851327E-03,-64.950062123E-03
+3.108940000E-03,+595.497637961E-03,-41.260992026E-03,-63.899182742E-03
+3.108945000E-03,+609.282185554E-03,-40.554333716E-03,-62.848303353E-03
+3.108950000E-03,+621.563906563E-03,-40.789886486E-03,-61.845790806E-03
+3.108955000E-03,+634.830238095E-03,-41.103956834E-03,-60.658604881E-03
+3.108960000E-03,+648.096569556E-03,-41.575062360E-03,-59.748429016E-03
+3.108965000E-03,+660.015539309E-03,-42.360238186E-03,-58.394157670E-03
+3.108970000E-03,+672.452725089E-03,-40.789886543E-03,-57.681846120E-03
+3.108975000E-03,+684.630802878E-03,-42.281720635E-03,-56.090137601E-03
+3.108980000E-03,+697.171631848E-03,-40.004710666E-03,-55.518529558E-03
+3.108985000E-03,+708.727850378E-03,-42.046167885E-03,-53.777323555E-03
+3.108990000E-03,+721.165036129E-03,-41.339509623E-03,-53.183730587E-03
+3.108995000E-03,+733.187649063E-03,-42.909861319E-03,-51.530464285E-03
+3.109000000E-03,+745.832121270E-03,-43.302449267E-03,-50.756594933E-03
+3.109005000E-03,+758.010199031E-03,-41.418027173E-03,-49.204459288E-03
+3.109010000E-03,+769.255487909E-03,-41.103956816E-03,-48.272298477E-03
+3.109015000E-03,+780.500776711E-03,-41.182474436E-03,-46.860866346E-03
+3.109020000E-03,+792.005173551E-03,-40.632851321E-03,-45.801192978E-03
+3.109025000E-03,+802.784067925E-03,-41.653579944E-03,-44.570037226E-03
+3.109030000E-03,+813.096567817E-03,-40.632851321E-03,-43.325690491E-03
+3.109035000E-03,+824.082748602E-03,-42.517273423E-03,-42.248429209E-03
+3.109040000E-03,+834.447070089E-03,-42.046167858E-03,-40.828203086E-03
+3.109045000E-03,+845.433250896E-03,-41.418027213E-03,-39.777323708E-03
+3.109050000E-03,+854.087459366E-03,-41.496544776E-03,-38.401067436E-03
+3.109055000E-03,+866.110072280E-03,-40.946921687E-03,-37.284233280E-03
+3.109060000E-03,+875.593426448E-03,-41.025439232E-03,-35.965137812E-03
+3.109065000E-03,+886.372320809E-03,-40.397298575E-03,-34.619660444E-03
+3.109070000E-03,+896.943928703E-03,-42.124685485E-03,-33.467650402E-03
+3.109075000E-03,+905.909066836E-03,-43.695037190E-03,-32.029836349E-03
+3.109080000E-03,+915.651529037E-03,-43.852072416E-03,-31.005338868E-03
+3.109085000E-03,+924.461202312E-03,-42.595790976E-03,-29.505967032E-03
+3.109090000E-03,+934.670058976E-03,-41.103956862E-03,-28.393529851E-03
+3.109095000E-03,+943.220624236E-03,-41.182474418E-03,-26.894158014E-03
+3.109100000E-03,+952.030297486E-03,-41.260992030E-03,-25.746544954E-03
+3.109105000E-03,+960.062646656E-03,-42.124685488E-03,-24.321921861E-03
+3.109110000E-03,+968.716855106E-03,-40.711368911E-03,-23.016017348E-03
+3.109115000E-03,+977.111955529E-03,-41.732097552E-03,-21.780464599E-03
+3.109120000E-03,+985.144304683E-03,-41.967650283E-03,-20.430590241E-03
+3.109125000E-03,+994.990410076E-03,-40.554333737E-03,-19.146670657E-03
+3.109130000E-03,+1.001830862295E+00,-40.632851317E-03,-17.823178214E-03
+3.109135000E-03,+1.009396816994E+00,-42.988378958E-03,-16.473303848E-03
+3.109140000E-03,+1.016755485271E+00,-40.711368961E-03,-15.325690801E-03
+3.109145000E-03,+1.023855045486E+00,-41.103956837E-03,-13.733982271E-03
+3.109150000E-03,+1.032301967502E+00,-41.810615114E-03,-12.744660679E-03
+3.109155000E-03,+1.038209630724E+00,-41.025439265E-03,-11.056218480E-03
+3.109160000E-03,+1.044739153278E+00,-40.946921659E-03,-10.185615480E-03
+3.109165000E-03,+1.051942356726E+00,-40.789886510E-03,-8.299308960E-03
+3.109170000E-03,+1.058212771249E+00,-40.632851330E-03,-7.683731082E-03
+3.109175000E-03,+1.064224077727E+00,-42.517273420E-03,-5.661118041E-03
+3.109180000E-03,+1.070494492223E+00,-41.103956878E-03,-5.001570306E-03
+3.109185000E-03,+1.077904982072E+00,-41.575062340E-03,-3.141645706E-03
+3.109190000E-03,+1.082154353911E+00,-41.260992020E-03,-2.328203499E-03
+3.109195000E-03,+1.088269303590E+00,-41.575062334E-03,-551.821615E-06
+3.109200000E-03,+1.094228788455E+00,-41.418027236E-03,+301.193458E-06
+3.109205000E-03,+1.098996376345E+00,-39.298052422E-03,+1.954459766E-03
+3.109210000E-03,+1.105474077283E+00,+45.108351100E-03,+3.110866795E-03
+3.109215000E-03,+1.109671627475E+00,+2.370328168397E+00,+4.632223560E-03
+3.109220000E-03,+1.112418172682E+00,+2.552096392265E+00,+5.581972298E-03
+3.109225000E-03,+1.116460258083E+00,+2.552096392265E+00,+7.169283831E-03
+3.109230000E-03,+1.120865094685E+00,+2.552096392265E+00,+8.114635590E-03
+3.109235000E-03,+1.124492607234E+00,+2.552096392265E+00,+9.825062699E-03
+3.109240000E-03,+1.128845622255E+00,+2.552096392265E+00,+10.647298879E-03
+3.109245000E-03,+1.129778411231E+00,+2.552096392265E+00,+12.542399349E-03
+3.109250000E-03,+1.134960571940E+00,+2.552096392265E+00,+13.263504876E-03
+3.109255000E-03,+1.137240722684E+00,+2.552096392265E+00,+15.123429474E-03
+3.109260000E-03,+1.140505483962E+00,+2.552096392265E+00,+15.870916912E-03
+3.109265000E-03,+1.143873888459E+00,+2.552096392265E+00,+17.708856583E-03
+3.109270000E-03,+1.146361325597E+00,+2.552096392265E+00,+18.570665626E-03
+3.109275000E-03,+1.148641476307E+00,+2.552096392265E+00,+20.109610326E-03
+3.109280000E-03,+1.149937016539E+00,+2.552096392265E+00,+21.261620372E-03
+3.109285000E-03,+1.152476275270E+00,+2.552174909848E+00,+22.703831403E-03
+3.109290000E-03,+1.154497317981E+00,+2.552724532961E+00,+23.820665568E-03
+3.109295000E-03,+1.155689214953E+00,+2.552724532961E+00,+25.130967059E-03
+3.109300000E-03,+1.157658436050E+00,+2.552724532961E+00,+26.335740918E-03
+3.109305000E-03,+1.156881111933E+00,+2.552724532961E+00,+27.707600200E-03
+3.109310000E-03,+1.158850332997E+00,+2.552724532961E+00,+28.925565010E-03
+3.109315000E-03,+1.158694868217E+00,+2.552724532961E+00,+30.227072535E-03
+3.109320000E-03,+1.160612267664E+00,+2.552724532961E+00,+31.348303677E-03
+3.109325000E-03,+1.160145873214E+00,+2.552724532961E+00,+32.737750901E-03
+3.109330000E-03,+1.160508624455E+00,+2.552724532961E+00,+33.705087571E-03
+3.109335000E-03,+1.159783121950E+00,+2.552724532961E+00,+35.305590065E-03
+3.109340000E-03,+1.159575835523E+00,+2.552724532961E+00,+36.092650357E-03
+3.109345000E-03,+1.159264905889E+00,+2.552724532961E+00,+37.798680497E-03
+3.109350000E-03,+1.158798511404E+00,+2.552724532961E+00,+38.484610131E-03
+3.109355000E-03,+1.157451149637E+00,+2.552724532961E+00,+40.190640266E-03
+3.109360000E-03,+1.156932933552E+00,+2.552724532961E+00,+40.889760860E-03
+3.109365000E-03,+1.155326463707E+00,+2.552724532961E+00,+42.525439238E-03
+3.109370000E-03,+1.154134566750E+00,+2.552724532961E+00,+43.233353799E-03
+3.109375000E-03,+1.153201777811E+00,+2.552724532961E+00,+44.860238206E-03
+3.109380000E-03,+1.150766162283E+00,+2.552724532961E+00,+45.493404025E-03
+3.109385000E-03,+1.148952406012E+00,+2.552724532961E+00,+47.115891450E-03
+3.109390000E-03,+1.146464968851E+00,+2.552724532961E+00,+47.823806010E-03
+3.109395000E-03,+1.143718423661E+00,+2.552724532961E+00,+49.331971831E-03
+3.109400000E-03,+1.141904667401E+00,+2.552724532961E+00,+50.110238142E-03
+3.109405000E-03,+1.138743549344E+00,+2.552724532961E+00,+51.482097437E-03
+3.109410000E-03,+1.136048825746E+00,+2.552724532961E+00,+52.269157721E-03
+3.109415000E-03,+1.133043172477E+00,+2.552724532961E+00,+53.605841133E-03
+3.109420000E-03,+1.129467481607E+00,+2.552724532961E+00,+54.428077295E-03
+3.109425000E-03,+1.124751715334E+00,+2.552724532961E+00,+55.804333572E-03
+3.109430000E-03,+1.121176024400E+00,+2.552724532961E+00,+56.565011944E-03
+3.109435000E-03,+1.117133939023E+00,+2.552724532961E+00,+57.813755660E-03
+3.109440000E-03,+1.112780924001E+00,+2.552724532961E+00,+58.548052126E-03
+3.109445000E-03,+1.109153411462E+00,+2.552724532961E+00,+59.818780763E-03
+3.109450000E-03,+1.103556677858E+00,+2.552724532961E+00,+60.592650096E-03
+3.109455000E-03,+1.099514592492E+00,+2.552724532961E+00,+61.762248077E-03
+3.109460000E-03,+1.094747004603E+00,+2.552724532961E+00,+62.672423942E-03
+3.109465000E-03,+1.088217482071E+00,+2.552724532961E+00,+63.648554587E-03
+3.109470000E-03,+1.083449894167E+00,+2.552724532961E+00,+64.677449051E-03
+3.109475000E-03,+1.076816728413E+00,+2.552724532961E+00,+65.420539492E-03
+3.109480000E-03,+1.071479102849E+00,+2.552724532961E+00,+66.673680189E-03
+3.109485000E-03,+1.064794115497E+00,+2.552724532961E+00,+67.284861079E-03
+3.109490000E-03,+1.058990095432E+00,+2.552724532961E+00,+68.617147505E-03
+3.109495000E-03,+1.053134253779E+00,+2.552724532961E+00,+69.039258047E-03
+3.109500000E-03,+1.046501088048E+00,+2.552724532961E+00,+70.380338442E-03
+3.109505000E-03,+1.038676025300E+00,+2.552724532961E+00,+70.837624861E-03
+3.109510000E-03,+1.032664718838E+00,+2.552724532961E+00,+72.064383651E-03
+3.109515000E-03,+1.025098764177E+00,+2.552724532961E+00,+72.627197703E-03
+3.109520000E-03,+1.017118236557E+00,+2.552724532961E+00,+73.651695192E-03
+3.109525000E-03,+1.009085887439E+00,+2.552724532961E+00,+74.368403717E-03
+3.109530000E-03,+1.001105359891E+00,+2.552724532961E+00,+75.164257990E-03
+3.109535000E-03,+991.932935362E-03,+2.552724532961E+00,+76.096418767E-03
+3.109540000E-03,+984.470623868E-03,+2.552724532961E+00,+76.650438881E-03
+3.109545000E-03,+976.023701878E-03,+2.552724532961E+00,+77.732097147E-03
+3.109550000E-03,+967.732244676E-03,+2.552724532961E+00,+78.083855947E-03
+3.109555000E-03,+959.285322635E-03,+2.552724532961E+00,+79.315011700E-03
+3.109560000E-03,+951.356616701E-03,+2.552724532961E+00,+79.517273023E-03
+3.109565000E-03,+942.287835412E-03,+2.552724532961E+00,+80.792398619E-03
+3.109570000E-03,+933.063589264E-03,+2.552724532961E+00,+80.792398638E-03
+3.109575000E-03,+924.046629552E-03,+2.552724532961E+00,+82.181845840E-03
+3.109580000E-03,+914.770561826E-03,+2.552724532961E+00,+82.036745359E-03
+3.109585000E-03,+904.458061939E-03,+2.552724532961E+00,+83.417398596E-03
+3.109590000E-03,+894.715599727E-03,+2.552724532961E+00,+83.342649862E-03
+3.109595000E-03,+884.247635022E-03,+2.552724532961E+00,+84.723303100E-03
+3.109600000E-03,+874.505172833E-03,+2.552724532961E+00,+84.512247838E-03
+3.109605000E-03,+863.985386470E-03,+2.552724532961E+00,+85.888504097E-03
+3.109610000E-03,+854.502032310E-03,+2.552724532961E+00,+85.664257879E-03
+3.109615000E-03,+844.396818878E-03,+2.552724532961E+00,+87.049308108E-03
+3.109620000E-03,+833.617924516E-03,+2.552724532961E+00,+86.675564397E-03
+3.109625000E-03,+821.543489952E-03,+2.552724532961E+00,+88.122172418E-03
+3.109630000E-03,+810.712774001E-03,+2.552724532961E+00,+87.801192524E-03
+3.109635000E-03,+799.882058051E-03,+2.552724532961E+00,+88.992775425E-03
+3.109640000E-03,+788.792234042E-03,+2.552724532961E+00,+88.869659847E-03
+3.109645000E-03,+777.443301987E-03,+2.552724532961E+00,+89.863378432E-03
+3.109650000E-03,+766.405299620E-03,+2.552724532961E+00,+89.779835718E-03
+3.109655000E-03,+754.589973123E-03,+2.552724532961E+00,+90.703202542E-03
+3.109660000E-03,+743.914721944E-03,+2.552724532961E+00,+90.786745253E-03
+3.109665000E-03,+730.959320096E-03,+2.552724532961E+00,+91.305589474E-03
+3.109670000E-03,+719.247636820E-03,+2.552724532961E+00,+91.683730167E-03
+3.109675000E-03,+707.225023879E-03,+2.552724532961E+00,+91.991519116E-03
+3.109680000E-03,+696.031556660E-03,+2.552724532961E+00,+92.440011566E-03
+3.109685000E-03,+683.076154778E-03,+2.552724532961E+00,+92.629081926E-03
+3.109690000E-03,+670.949898619E-03,+2.552724532961E+00,+93.016016586E-03
+3.109695000E-03,+657.839031946E-03,+2.552724532961E+00,+93.231468855E-03
+3.109700000E-03,+645.350024524E-03,+2.552724532961E+00,+93.600815572E-03
+3.109705000E-03,+631.980049793E-03,+2.552724532961E+00,+93.781091967E-03
+3.109710000E-03,+619.180112751E-03,+2.552724532961E+00,+94.027323108E-03
+3.109715000E-03,+605.913781221E-03,+2.552724532961E+00,+94.295539192E-03
+3.109720000E-03,+592.595628153E-03,+2.552724532961E+00,+94.423051752E-03
+3.109725000E-03,+580.054799102E-03,+2.552724532961E+00,+94.717649739E-03
+3.109730000E-03,+566.062965107E-03,+2.552724532961E+00,+94.638504015E-03
+3.109735000E-03,+553.522136072E-03,+2.552724532961E+00,+95.091393448E-03
+3.109740000E-03,+539.323015605E-03,+2.552724532961E+00,+95.073805521E-03
+3.109745000E-03,+525.590289631E-03,+2.552724532961E+00,+95.249684906E-03
+3.109750000E-03,+509.784699367E-03,+2.552724532961E+00,+95.407976369E-03
+3.109755000E-03,+496.829297484E-03,+2.552724532961E+00,+95.372800479E-03
+3.109760000E-03,+483.303857940E-03,+2.552724532961E+00,+95.601443711E-03
+3.109765000E-03,+469.830239970E-03,+2.552724532961E+00,+95.429961281E-03
+3.109770000E-03,+454.439222580E-03,+2.552724532961E+00,+95.680589436E-03
+3.109775000E-03,+440.602853391E-03,+2.552724532961E+00,+95.465137164E-03
+3.109780000E-03,+425.470944013E-03,+2.552724532961E+00,+95.698177375E-03
+3.109785000E-03,+411.634574805E-03,+2.552724532961E+00,+95.579458771E-03
+3.109790000E-03,+396.658130232E-03,+2.552724532961E+00,+95.605840688E-03
+3.109795000E-03,+382.355366576E-03,+2.552724532961E+00,+95.548679875E-03
+3.109800000E-03,+366.757062709E-03,+2.552724532961E+00,+95.465137176E-03
+3.109805000E-03,+351.832439768E-03,+2.552724532961E+00,+95.443152241E-03
+3.109810000E-03,+336.855995197E-03,+2.552724532961E+00,+95.240890945E-03
+3.109815000E-03,+322.190480272E-03,+2.552724532961E+00,+95.227699981E-03
+3.109820000E-03,+307.265857326E-03,+2.552724532961E+00,+94.928705019E-03
+3.109825000E-03,+293.844060966E-03,+2.552724532961E+00,+94.985865810E-03
+3.109830000E-03,+277.416611403E-03,+2.552724532961E+00,+94.660488941E-03
+3.109835000E-03,+263.010204515E-03,+2.552724532961E+00,+94.519785417E-03
+3.109840000E-03,+247.774651917E-03,+2.552724532961E+00,+94.471418590E-03
+3.109845000E-03,+231.243559146E-03,+2.552724532961E+00,+93.987750250E-03
+3.109850000E-03,+216.888973889E-03,+2.552724532961E+00,+93.996544221E-03
+3.109855000E-03,+201.705242920E-03,+2.552724532961E+00,+93.398554280E-03
+3.109860000E-03,+186.780619919E-03,+2.552724532961E+00,+93.473303018E-03
+3.109865000E-03,+170.456813595E-03,+2.552724532961E+00,+92.901694992E-03
+3.109870000E-03,+155.739477026E-03,+2.552724532961E+00,+92.919282920E-03
+3.109875000E-03,+139.933886770E-03,+2.552724532961E+00,+92.250941236E-03
+3.109880000E-03,+124.594690944E-03,+2.552724532961E+00,+92.097046747E-03
+3.109885000E-03,+108.478171019E-03,+2.552724532961E+00,+91.718906065E-03
+3.109890000E-03,+92.154364681E-03,+2.552724532961E+00,+91.323177410E-03
+3.109895000E-03,+77.903422571E-03,+2.552724532961E+00,+91.090137224E-03
+3.109900000E-03,+62.356940348E-03,+2.552724532961E+00,+90.382222647E-03
+3.109905000E-03,+47.121387762E-03,+2.552724532961E+00,+90.333855825E-03
+3.109910000E-03,+30.642116567E-03,+2.552724532961E+00,+89.573177433E-03
+3.109915000E-03,+16.598460912E-03,+2.552724532961E+00,+89.335740253E-03
+3.109920000E-03,+1.051978718E-03,+2.552724532961E+00,+88.663001567E-03
+3.109925000E-03,-14.598146718E-03,+2.552724532961E+00,+88.443152324E-03
+3.109930000E-03,-29.315483249E-03,+2.552724532961E+00,+87.695664895E-03
+3.109935000E-03,-43.566425346E-03,+2.552724532961E+00,+87.264760373E-03
+3.109940000E-03,-58.180118681E-03,+2.552724532961E+00,+86.820664905E-03
+3.109945000E-03,-74.711211452E-03,+2.552724532961E+00,+86.024810643E-03
+3.109950000E-03,-88.910331910E-03,+2.552724532961E+00,+85.791770438E-03
+3.109955000E-03,-105.026851811E-03,+2.552724532961E+00,+84.850815675E-03
+3.109960000E-03,-120.210582833E-03,+2.552724532961E+00,+84.639760403E-03
+3.109965000E-03,-136.948962034E-03,+2.552724532961E+00,+83.566896095E-03
+3.109970000E-03,-151.562655327E-03,+2.552724532961E+00,+83.289886045E-03
+3.109975000E-03,-166.694564757E-03,+2.552724532961E+00,+82.445664952E-03
+3.109980000E-03,-182.137403731E-03,+2.552724532961E+00,+82.005966462E-03
+3.109985000E-03,-197.424778016E-03,+2.552724532961E+00,+81.170539340E-03
+3.109990000E-03,-213.023081831E-03,+2.552724532961E+00,+80.603328288E-03
+3.109995000E-03,-229.035958529E-03,+2.552724532961E+00,+79.737122263E-03
+3.110000000E-03,-243.597830235E-03,+2.552724532961E+00,+79.266644885E-03
+3.110005000E-03,-259.817993373E-03,+2.552724532961E+00,+78.277323281E-03
+3.110010000E-03,-274.638973161E-03,+2.552724532961E+00,+77.899182593E-03
+3.110015000E-03,-289.615417679E-03,+2.552724532961E+00,+76.729584604E-03
+3.110020000E-03,-304.540040655E-03,+2.552724532961E+00,+76.338252963E-03
+3.110025000E-03,-320.708382172E-03,+2.552724532961E+00,+75.005966534E-03
+3.110030000E-03,-335.633005131E-03,+2.552724532961E+00,+74.891644936E-03
+3.110035000E-03,-350.764914531E-03,+2.552724532961E+00,+73.238378618E-03
+3.110040000E-03,-365.585894237E-03,+2.552724532961E+00,+73.273554501E-03
+3.110045000E-03,-380.562338815E-03,+2.552724532961E+00,+71.611494213E-03
+3.110050000E-03,-395.694248226E-03,+2.552724532961E+00,+71.470790699E-03
+3.110055000E-03,-410.515227959E-03,+2.552724532961E+00,+69.993403777E-03
+3.110060000E-03,-425.906245359E-03,+2.552724532961E+00,+69.716393730E-03
+3.110065000E-03,-440.934511535E-03,+2.552724532961E+00,+68.243403796E-03
+3.110070000E-03,-455.600026476E-03,+2.552724532961E+00,+67.768529431E-03
+3.110075000E-03,-468.710893162E-03,+2.552724532961E+00,+66.480212866E-03
+3.110080000E-03,-482.702727225E-03,+2.552724532961E+00,+65.772298301E-03
+3.110085000E-03,-498.301031025E-03,+2.552724532961E+00,+64.681846042E-03
+3.110090000E-03,-513.381118778E-03,+2.552724532961E+00,+63.833227972E-03
+3.110095000E-03,-526.491985517E-03,+2.552724532961E+00,+62.729584757E-03
+3.110100000E-03,-539.240100951E-03,+2.552724532961E+00,+61.929333523E-03
+3.110105000E-03,-553.335578205E-03,+2.552724532961E+00,+60.706971715E-03
+3.110110000E-03,-566.964660988E-03,+2.552724532961E+00,+60.016645097E-03
+3.110115000E-03,-581.060138191E-03,+2.552724532961E+00,+58.574434048E-03
+3.110120000E-03,-594.274648105E-03,+2.552724532961E+00,+58.095162708E-03
+3.110125000E-03,-607.540979603E-03,+2.552724532961E+00,+56.534233070E-03
+3.110130000E-03,-621.532813662E-03,+2.552724532961E+00,+55.958228053E-03
+3.110135000E-03,-633.762713039E-03,+2.552724532961E+00,+54.423680332E-03
+3.110140000E-03,-648.065476684E-03,+2.552724532961E+00,+53.830087371E-03
+3.110145000E-03,-660.088089616E-03,+2.552724532961E+00,+52.414258245E-03
+3.110150000E-03,-673.976280383E-03,+2.552724532961E+00,+51.521670309E-03
+3.110155000E-03,-685.687963747E-03,+2.552724532961E+00,+50.330087413E-03
+3.110160000E-03,-698.021506305E-03,+2.552724532961E+00,+49.222047217E-03
+3.110165000E-03,-710.717800157E-03,+2.552724532961E+00,+48.272298486E-03
+3.110170000E-03,-723.414093949E-03,+2.552724532961E+00,+46.909233170E-03
+3.110175000E-03,-735.643993326E-03,+2.552724532961E+00,+46.108981929E-03
+3.110180000E-03,-747.925714297E-03,+2.552724532961E+00,+44.517273400E-03
+3.110185000E-03,-758.963716722E-03,+2.552724532961E+00,+43.866519639E-03
+3.110190000E-03,-771.193616097E-03,+2.552724532961E+00,+42.292399051E-03
+3.110195000E-03,-783.164407390E-03,+2.552724532961E+00,+41.386620166E-03
+3.110200000E-03,-795.912522821E-03,+2.552724532961E+00,+39.957600084E-03
+3.110205000E-03,-807.261454860E-03,+2.552724532961E+00,+38.968278487E-03
+3.110210000E-03,-817.263025140E-03,+2.552724532961E+00,+37.688755886E-03
+3.110215000E-03,-829.285638085E-03,+2.552724532961E+00,+36.457600120E-03
+3.110220000E-03,-839.442673139E-03,+2.552724532961E+00,+35.235238324E-03
+3.110225000E-03,-851.206177989E-03,+2.552724532961E+00,+33.942524776E-03
+3.110230000E-03,-861.933250766E-03,+2.552724532961E+00,+32.926821261E-03
+3.110235000E-03,-871.831177812E-03,+2.552724532961E+00,+31.484610227E-03
+3.110240000E-03,-882.299142534E-03,+2.552724532961E+00,+30.402951945E-03
+3.110245000E-03,-893.026215281E-03,+2.552724532961E+00,+28.907977093E-03
+3.110250000E-03,-903.856931237E-03,+2.552724532961E+00,+27.852700715E-03
+3.110255000E-03,-913.910323097E-03,+2.552724532961E+00,+26.511620329E-03
+3.110260000E-03,-922.979104407E-03,+2.552724532961E+00,+25.364007276E-03
+3.110265000E-03,-932.877031421E-03,+2.552724532961E+00,+24.066896736E-03
+3.110270000E-03,-943.707747427E-03,+2.552724532961E+00,+22.888504788E-03
+3.110275000E-03,-952.465599076E-03,+2.552724532961E+00,+21.415514856E-03
+3.110280000E-03,-962.104418089E-03,+2.552724532961E+00,+20.382223407E-03
+3.110285000E-03,-971.639593838E-03,+2.552724532961E+00,+18.860866639E-03
+3.110290000E-03,-980.449267118E-03,+2.552724532961E+00,+17.853957106E-03
+3.110295000E-03,-988.481616276E-03,+2.552724532961E+00,+16.213881745E-03
+3.110300000E-03,-998.172256883E-03,+2.552724532961E+00,+15.189384271E-03
+3.110305000E-03,-1.006100962791E+00,+2.552724532961E+00,+13.575690817E-03
+3.110310000E-03,-1.014703349637E+00,+2.552724532961E+00,+12.621545101E-03
+3.110315000E-03,-1.021854731506E+00,+2.552724532961E+00,+10.893530049E-03
+3.110320000E-03,-1.030508939948E+00,+2.552724532961E+00,+9.899811467E-03
+3.110325000E-03,-1.038541289109E+00,+2.552724532961E+00,+8.497173287E-03
+3.110330000E-03,-1.045899957385E+00,+2.552724532961E+00,+7.301193398E-03
+3.110335000E-03,-1.053103160846E+00,+2.552724532961E+00,+5.955716026E-03
+3.110340000E-03,-1.060565472284E+00,+2.552724532961E+00,+4.548680869E-03
+3.110345000E-03,-1.067768675748E+00,+2.552724532961E+00,+3.480213537E-03
+3.110350000E-03,-1.074298198315E+00,+2.552724532961E+00,+1.879711045E-03
+3.110355000E-03,-1.081553223347E+00,+2.552724532961E+00,+784.861808E-06
+3.110360000E-03,-1.087564529802E+00,+2.552724532961E+00,-754.082895E-06
+3.110365000E-03,-1.092953976981E+00,+2.552724532961E+00,-1.712625603E-03
+3.110370000E-03,-1.099742607599E+00,+2.552724532961E+00,-3.343906986E-03
+3.110375000E-03,-1.106323951707E+00,+2.552724532961E+00,-4.372801452E-03
+3.110380000E-03,-1.112179793395E+00,+2.552724532961E+00,-5.850188367E-03
+3.110385000E-03,-1.117672883778E+00,+2.552724532961E+00,-7.046168258E-03
+3.110390000E-03,-1.123528725378E+00,+2.552724532961E+00,-8.365263725E-03
+3.110395000E-03,-1.128037205243E+00,+2.552724532961E+00,-9.847047619E-03
+3.110400000E-03,-1.132286577075E+00,+2.552724532961E+00,-11.038630527E-03
+3.110405000E-03,-1.137209629754E+00,+2.552724532961E+00,-12.392901860E-03
+3.110410000E-03,-1.142443612121E+00,+2.536392875690E+00,-13.769158145E-03
+3.110415000E-03,-1.146485697539E+00,+385.246558006E-03,-15.035489773E-03
+3.110420000E-03,-1.150838712557E+00,-169.794282032E-03,-16.235866662E-03
+3.110425000E-03,-1.154414403477E+00,-164.690639576E-03,-17.612122905E-03
+3.110430000E-03,-1.158767418492E+00,+167.438751530E-03,-18.799308849E-03
+3.110435000E-03,-1.162343109438E+00,+18.019788902E-03,-20.307474637E-03
+3.110440000E-03,-1.167110697291E+00,-76.986494432E-03,-21.468278662E-03
+3.110445000E-03,-1.169079918378E+00,-93.396669400E-03,-22.932474611E-03
+3.110450000E-03,-1.172448322889E+00,-50.369033025E-03,-24.163630391E-03
+3.110455000E-03,-1.175298511306E+00,-32.859609717E-03,-25.526695690E-03
+3.110460000E-03,-1.177837770070E+00,-52.803077492E-03,-26.691896696E-03
+3.110465000E-03,-1.181102531334E+00,-52.724559552E-03,-28.217650439E-03
+3.110470000E-03,-1.183019930832E+00,-58.534861273E-03,-29.215766011E-03
+3.110475000E-03,-1.184574579035E+00,-47.699434084E-03,-30.886620260E-03
+3.110480000E-03,-1.187010194609E+00,-50.683102501E-03,-31.656092616E-03
+3.110485000E-03,-1.188513021242E+00,-47.620916596E-03,-33.450062448E-03
+3.110490000E-03,-1.190015847821E+00,-50.918655279E-03,-34.245916704E-03
+3.110495000E-03,-1.191466852844E+00,-48.641645195E-03,-36.004710659E-03
+3.110500000E-03,-1.191674139307E+00,-47.934986965E-03,-36.743404119E-03
+3.110505000E-03,-1.192814214655E+00,-47.306846194E-03,-38.453831237E-03
+3.110510000E-03,-1.194109754853E+00,-46.364635186E-03,-39.328831228E-03
+3.110515000E-03,-1.194420684471E+00,-51.939383824E-03,-40.863378953E-03
+3.110520000E-03,-1.194420684463E+00,-48.092022077E-03,-41.923052302E-03
+3.110525000E-03,-1.195146186954E+00,-48.563127616E-03,-43.149811094E-03
+3.110530000E-03,-1.194368862905E+00,-49.505338612E-03,-44.490891467E-03
+3.110535000E-03,-1.194161576431E+00,-48.327574897E-03,-45.387876397E-03
+3.110540000E-03,-1.192658749827E+00,-48.877197940E-03,-46.940012041E-03
+3.110545000E-03,-1.193176965902E+00,-46.914258287E-03,-47.713881400E-03
+3.110550000E-03,-1.191725960879E+00,-44.480213083E-03,-49.331971814E-03
+3.110555000E-03,-1.190015847876E+00,-48.798680390E-03,-50.132223086E-03
+3.110560000E-03,-1.188098448366E+00,-47.228328648E-03,-51.614006965E-03
+3.110565000E-03,-1.187528410706E+00,-46.050564825E-03,-52.585740645E-03
+3.110570000E-03,-1.185040973579E+00,-49.897926643E-03,-53.922424025E-03
+3.110575000E-03,-1.183900898179E+00,-48.092022027E-03,-54.832599914E-03
+3.110580000E-03,-1.181206174612E+00,-48.327574880E-03,-56.120916470E-03
+3.110585000E-03,-1.179288775143E+00,-44.794283406E-03,-57.079459184E-03
+3.110590000E-03,-1.176801337967E+00,-48.327574863E-03,-58.306217960E-03
+3.110595000E-03,-1.173795684755E+00,-46.364635190E-03,-59.295539561E-03
+3.110600000E-03,-1.171670998835E+00,-45.500941703E-03,-60.597047082E-03
+3.110605000E-03,-1.168198951122E+00,-44.087625126E-03,-61.432474212E-03
+3.110610000E-03,-1.165296941108E+00,-45.893529680E-03,-62.861494294E-03
+3.110615000E-03,-1.162135823057E+00,-45.500941766E-03,-63.446293280E-03
+3.110620000E-03,-1.158715596980E+00,-44.872800985E-03,-65.055589749E-03
+3.110625000E-03,-1.154984441227E+00,-45.265388920E-03,-65.539258080E-03
+3.110630000E-03,-1.151149642276E+00,-44.244660372E-03,-67.117775657E-03
+3.110635000E-03,-1.147211200113E+00,-45.736494472E-03,-67.654207806E-03
+3.110640000E-03,-1.142858185107E+00,-44.401695572E-03,-69.118403776E-03
+3.110645000E-03,-1.138401526835E+00,-45.029836218E-03,-69.575690200E-03
+3.110650000E-03,-1.134203976623E+00,-43.302449302E-03,-71.097046966E-03
+3.110655000E-03,-1.129073637474E+00,-44.480213070E-03,-71.637876105E-03
+3.110660000E-03,-1.124306049638E+00,-42.909861341E-03,-72.891016803E-03
+3.110665000E-03,-1.118812959192E+00,-45.736494494E-03,-73.678077088E-03
+3.110670000E-03,-1.112438901502E+00,-43.459484468E-03,-74.689383618E-03
+3.110675000E-03,-1.106427595008E+00,-44.087625177E-03,-75.630338374E-03
+3.110680000E-03,-1.100882683041E+00,-44.794283427E-03,-76.549308226E-03
+3.110685000E-03,-1.094715911720E+00,-43.773554829E-03,-77.428705190E-03
+3.110690000E-03,-1.089119178094E+00,-43.852072386E-03,-78.334484086E-03
+3.110695000E-03,-1.082019617894E+00,-43.538002089E-03,-79.161117229E-03
+3.110700000E-03,-1.075127344099E+00,-42.909861320E-03,-80.058102160E-03
+3.110705000E-03,-1.069634253697E+00,-42.595791040E-03,-80.862750376E-03
+3.110710000E-03,-1.062845623125E+00,-43.695037250E-03,-81.874056916E-03
+3.110715000E-03,-1.055435133246E+00,-45.029836167E-03,-82.511619707E-03
+3.110720000E-03,-1.047765535355E+00,-44.401695504E-03,-83.478956388E-03
+3.110725000E-03,-1.040665975155E+00,-42.281720713E-03,-84.204458887E-03
+3.110730000E-03,-1.032789090792E+00,-42.281720635E-03,-85.053076969E-03
+3.110735000E-03,-1.023202093470E+00,-44.009107500E-03,-85.826946310E-03
+3.110740000E-03,-1.016154354807E+00,-43.538002064E-03,-86.556845800E-03
+3.110745000E-03,-1.007241038353E+00,-42.831343724E-03,-87.370288005E-03
+3.110750000E-03,-999.519618790E-03,-42.124685466E-03,-87.902323168E-03
+3.110755000E-03,-990.450837494E-03,-43.616519642E-03,-88.909232716E-03
+3.110760000E-03,-981.019304946E-03,-42.046167930E-03,-89.221418630E-03
+3.110765000E-03,-971.898702017E-03,-42.909861332E-03,-90.360237721E-03
+3.110770000E-03,-963.399958393E-03,-41.103956881E-03,-90.558102035E-03
+3.110775000E-03,-954.020247458E-03,-42.674308514E-03,-91.608981423E-03
+3.110780000E-03,-943.137709869E-03,-42.124685505E-03,-91.859609562E-03
+3.110785000E-03,-934.068928574E-03,-41.732097586E-03,-92.769785435E-03
+3.110790000E-03,-923.808250266E-03,-43.459484477E-03,-93.147926133E-03
+3.110795000E-03,-913.599393623E-03,-43.066896519E-03,-93.913001502E-03
+3.110800000E-03,-902.924142484E-03,-41.496544747E-03,-94.414257777E-03
+3.110805000E-03,-891.056994373E-03,-41.418027256E-03,-94.972674860E-03
+3.110810000E-03,-881.884569816E-03,-40.004710662E-03,-95.658604496E-03
+3.110815000E-03,-871.105675471E-03,-43.616519585E-03,-95.865262796E-03
+3.110820000E-03,-861.259570060E-03,-42.124685492E-03,-96.639132124E-03
+3.110825000E-03,-851.465286275E-03,-42.438755849E-03,-97.039257754E-03
+3.110830000E-03,-839.960889399E-03,-42.124685518E-03,-97.531720054E-03
+3.110835000E-03,-829.181995033E-03,-42.752826175E-03,-97.993403476E-03
+3.110840000E-03,-817.159382085E-03,-42.831343789E-03,-98.358353214E-03
+3.110845000E-03,-806.069558069E-03,-39.847675470E-03,-98.969534115E-03
+3.110850000E-03,-794.098766786E-03,-41.182474429E-03,-99.259735117E-03
+3.110855000E-03,-781.972510617E-03,-41.182474464E-03,-99.800564251E-03
+3.110860000E-03,-769.794432870E-03,-42.360238205E-03,-100.134735108E-03
+3.110865000E-03,-758.290035976E-03,-41.025439281E-03,-100.552448661E-03
+3.110870000E-03,-745.801028599E-03,-42.360238266E-03,-100.816267772E-03
+3.110875000E-03,-733.052913137E-03,-42.595790997E-03,-101.097674789E-03
+3.110880000E-03,-721.133943462E-03,-41.496544760E-03,-101.603328061E-03
+3.110885000E-03,-709.525903354E-03,-41.575062369E-03,-101.612122017E-03
+3.110890000E-03,-695.430426129E-03,-41.653579951E-03,-102.346418504E-03
+3.110895000E-03,-683.666921198E-03,-41.103956886E-03,-102.003453675E-03
+3.110900000E-03,-671.022448972E-03,-41.967650264E-03,-102.860865735E-03
+3.110905000E-03,-657.911582319E-03,-41.732097547E-03,-102.526694876E-03
+3.110910000E-03,-645.422574874E-03,-39.769157830E-03,-103.362122011E-03
+3.110915000E-03,-629.927914283E-03,-41.732097556E-03,-103.023554169E-03
+3.110920000E-03,-617.024333981E-03,-40.475816109E-03,-103.687498888E-03
+3.110925000E-03,-603.084321586E-03,-41.260992034E-03,-103.375312965E-03
+3.110930000E-03,-590.647135780E-03,-41.182474420E-03,-103.889760193E-03
+3.110935000E-03,-576.240728905E-03,-42.203203003E-03,-103.753453664E-03
+3.110940000E-03,-561.834322051E-03,-40.161745801E-03,-103.951317985E-03
+3.110945000E-03,-548.516168957E-03,-40.946921712E-03,-104.004081798E-03
+3.110950000E-03,-535.716231843E-03,-40.554333710E-03,-104.193152151E-03
+3.110955000E-03,-522.709008362E-03,-41.103956904E-03,-104.228328024E-03
+3.110960000E-03,-507.888028624E-03,-40.554333723E-03,-104.166770245E-03
+3.110965000E-03,-492.911584096E-03,-39.926193085E-03,-104.294282800E-03
+3.110970000E-03,-478.505177228E-03,-40.004710636E-03,-104.285488838E-03
+3.110975000E-03,-463.787840726E-03,-43.930589870E-03,-104.201946116E-03
+3.110980000E-03,-449.744185035E-03,-40.711368942E-03,-104.219534066E-03
+3.110985000E-03,-434.456810818E-03,-39.219534814E-03,-104.241518974E-03
+3.110990000E-03,-419.376723058E-03,-40.711368938E-03,-104.149182311E-03
+3.110995000E-03,-404.607564954E-03,-40.318781002E-03,-104.092021495E-03
+3.111000000E-03,-390.874838932E-03,-41.496544764E-03,-103.942524017E-03
+3.111005000E-03,-375.017427077E-03,-41.025439268E-03,-104.026066723E-03
+3.111010000E-03,-359.678231265E-03,-40.083228223E-03,-103.625941106E-03
+3.111015000E-03,-346.204613277E-03,-40.946921735E-03,-103.815011449E-03
+3.111020000E-03,-329.621698951E-03,-41.025439268E-03,-103.344534074E-03
+3.111025000E-03,-314.386146332E-03,-41.025439291E-03,-103.458855675E-03
+3.111030000E-03,-298.580556049E-03,-39.533605100E-03,-102.887247654E-03
+3.111035000E-03,-284.122327531E-03,-41.967650268E-03,-103.137875775E-03
+3.111040000E-03,-268.990418152E-03,-40.868404085E-03,-102.473931073E-03
+3.111045000E-03,-254.584011274E-03,-40.397298535E-03,-102.676192361E-03
+3.111050000E-03,-238.622956160E-03,-39.769157861E-03,-102.166142128E-03
+3.111055000E-03,-221.988220178E-03,-42.831343699E-03,-101.981468754E-03
+3.111060000E-03,-207.581813249E-03,-39.298052366E-03,-101.717649670E-03
+3.111065000E-03,-193.175406365E-03,-41.967650272E-03,-101.326318007E-03
+3.111070000E-03,-177.007064899E-03,-39.533605109E-03,-101.119659725E-03
+3.111075000E-03,-162.393371531E-03,-41.967650318E-03,-100.649182340E-03
+3.111080000E-03,-146.484138067E-03,-39.769157861E-03,-100.363378327E-03
+3.111085000E-03,-129.797580490E-03,-40.397298613E-03,-99.928076828E-03
+3.111090000E-03,-114.354741384E-03,-40.554333718E-03,-99.624684862E-03
+3.111095000E-03,-98.600972711E-03,-40.554333759E-03,-99.132222568E-03
+3.111100000E-03,-83.054490505E-03,-40.632851333E-03,-98.705715023E-03
+3.111105000E-03,-69.373586063E-03,-41.889132740E-03,-98.433101970E-03
+3.111110000E-03,-53.878925473E-03,-39.298052311E-03,-97.716393428E-03
+3.111115000E-03,-38.747016088E-03,-40.868404108E-03,-97.588880875E-03
+3.111120000E-03,-23.252355483E-03,-40.946921631E-03,-96.753453740E-03
+3.111125000E-03,-7.654051636E-03,-39.062499591E-03,-96.577574350E-03
+3.111130000E-03,+7.996073842E-03,-40.711368888E-03,-95.702574356E-03
+3.111135000E-03,+23.905307322E-03,-39.847675448E-03,-95.394785415E-03
+3.111140000E-03,+39.659076007E-03,-40.004710627E-03,-94.783604520E-03
+3.111145000E-03,+53.961839730E-03,-39.455087503E-03,-94.163629648E-03
+3.111150000E-03,+69.456500359E-03,-41.182474364E-03,-93.745916090E-03
+3.111155000E-03,+85.832128312E-03,-39.926193049E-03,-92.888504035E-03
+3.111160000E-03,+101.637718598E-03,-40.004710636E-03,-92.637875898E-03
+3.111165000E-03,+116.406876710E-03,-42.281720597E-03,-91.595790482E-03
+3.111170000E-03,+131.953358943E-03,-39.847675476E-03,-91.556217614E-03
+3.111175000E-03,+147.914414064E-03,-42.281720648E-03,-90.206343259E-03
+3.111180000E-03,+164.549150045E-03,-40.240263370E-03,-90.157976425E-03
+3.111185000E-03,+179.266486610E-03,-40.946921630E-03,-89.010363376E-03
+3.111190000E-03,+194.553860828E-03,-41.496544754E-03,-88.715765385E-03
+3.111195000E-03,+209.841235042E-03,-41.025439254E-03,-87.730840773E-03
+3.111200000E-03,+225.750468484E-03,-40.711368892E-03,-87.291142286E-03
+3.111205000E-03,+239.742302533E-03,-39.219534742E-03,-86.328202601E-03
+3.111210000E-03,+255.599714420E-03,-40.318780910E-03,-85.668654867E-03
+3.111215000E-03,+271.094375052E-03,-41.496544810E-03,-84.855212664E-03
+3.111220000E-03,+287.003608550E-03,-39.062499614E-03,-84.107725243E-03
+3.111225000E-03,+301.461837013E-03,-41.575062411E-03,-83.307473982E-03
+3.111230000E-03,+316.852854501E-03,-40.161745815E-03,-82.375313203E-03
+3.111235000E-03,+331.673834199E-03,-42.752826236E-03,-81.627825759E-03
+3.111240000E-03,+346.805743578E-03,-39.769157856E-03,-80.704458951E-03
+3.111245000E-03,+361.989474571E-03,-39.455087522E-03,-79.838252918E-03
+3.111250000E-03,+374.478482000E-03,-40.475816210E-03,-79.038001681E-03
+3.111255000E-03,+390.128607479E-03,-40.554333722E-03,-78.026695148E-03
+3.111260000E-03,+406.245127366E-03,-40.789886470E-03,-77.270413757E-03
+3.111265000E-03,+420.858820711E-03,-41.103956818E-03,-76.333855969E-03
+3.111270000E-03,+433.969687395E-03,-41.339509603E-03,-75.326946438E-03
+3.111275000E-03,+448.116986245E-03,-42.124685469E-03,-74.597046945E-03
+3.111280000E-03,+463.715290092E-03,-41.025439339E-03,-73.418654999E-03
+3.111285000E-03,+477.344372841E-03,-40.240263379E-03,-72.803077121E-03
+3.111290000E-03,+491.077098856E-03,-40.946921663E-03,-71.413629898E-03
+3.111295000E-03,+505.224397681E-03,-40.318780985E-03,-70.987122361E-03
+3.111300000E-03,+519.060766923E-03,-41.889132722E-03,-69.399810818E-03
+3.111305000E-03,+533.000779305E-03,-39.376569958E-03,-69.026067109E-03
+3.111310000E-03,+545.852537949E-03,-41.260991997E-03,-67.306846024E-03
+3.111315000E-03,+560.258944817E-03,-41.575062331E-03,-66.999057080E-03
+3.111320000E-03,+573.266168333E-03,-40.004710636E-03,-65.350187754E-03
+3.111325000E-03,+587.568931961E-03,-40.711368972E-03,-64.778579720E-03
+3.111330000E-03,+601.249836341E-03,-40.946921672E-03,-63.375941540E-03
+3.111335000E-03,+614.930740754E-03,-41.810615116E-03,-62.492147583E-03
+3.111340000E-03,+626.953353675E-03,-40.946921691E-03,-61.388504375E-03
+3.111345000E-03,+640.323328466E-03,-41.025439254E-03,-60.271670219E-03
+3.111350000E-03,+653.486016669E-03,-41.732097486E-03,-59.387876252E-03
+3.111355000E-03,+664.938591993E-03,-42.281720657E-03,-57.945665222E-03
+3.111360000E-03,+677.220312910E-03,-40.868404075E-03,-57.136620001E-03
+3.111365000E-03,+689.191104315E-03,-40.554333784E-03,-55.690011980E-03
+3.111370000E-03,+701.317360428E-03,-39.533605133E-03,-55.056846146E-03
+3.111375000E-03,+713.029043688E-03,-42.046167925E-03,-53.429961754E-03
+3.111380000E-03,+725.673515902E-03,-41.103956865E-03,-52.682474315E-03
+3.111385000E-03,+736.866983141E-03,-41.889132669E-03,-51.196293433E-03
+3.111390000E-03,+749.252347371E-03,-42.124685464E-03,-50.233353741E-03
+3.111395000E-03,+761.067673842E-03,-41.260992025E-03,-48.927449235E-03
+3.111400000E-03,+774.230362134E-03,-40.789886536E-03,-47.757851259E-03
+3.111405000E-03,+784.387397230E-03,-39.298052381E-03,-46.429961823E-03
+3.111410000E-03,+795.736329262E-03,-41.653579975E-03,-45.427449279E-03
+3.111415000E-03,+806.618866844E-03,-41.496544796E-03,-44.073177925E-03
+3.111420000E-03,+817.864155655E-03,-42.124685440E-03,-42.947549814E-03
+3.111425000E-03,+828.228477209E-03,-41.889132645E-03,-41.694409101E-03
+3.111430000E-03,+838.696441877E-03,-40.946921677E-03,-40.564384010E-03
+3.111435000E-03,+848.801655355E-03,-41.575062398E-03,-39.135363902E-03
+3.111440000E-03,+860.046944157E-03,-42.046167867E-03,-38.071293585E-03
+3.111445000E-03,+870.359444047E-03,-39.062499659E-03,-36.624685539E-03
+3.111450000E-03,+881.138338410E-03,-42.752826195E-03,-35.459484570E-03
+3.111455000E-03,+892.176340744E-03,-42.752826127E-03,-34.157977024E-03
+3.111460000E-03,+901.245122140E-03,-42.281720662E-03,-32.874057456E-03
+3.111465000E-03,+911.039405913E-03,-43.302449304E-03,-31.774811219E-03
+3.111470000E-03,+920.678224889E-03,-40.789886537E-03,-30.231469542E-03
+3.111475000E-03,+929.695184617E-03,-42.988378995E-03,-29.374057480E-03
+3.111480000E-03,+939.126717243E-03,-39.926193001E-03,-27.492147963E-03
+3.111485000E-03,+947.210887966E-03,-41.339509685E-03,-26.850188159E-03
+3.111490000E-03,+956.331490912E-03,-41.496544791E-03,-24.796796234E-03
+3.111495000E-03,+964.985699279E-03,-42.752826180E-03,-24.335112810E-03
+3.111500000E-03,+973.173513326E-03,-41.575062422E-03,-22.110238474E-03
+3.111505000E-03,+981.516792124E-03,-41.418027190E-03,-21.767273642E-03
+3.111510000E-03,+988.823638776E-03,-41.810615125E-03,-19.463253575E-03
+3.111515000E-03,+998.151528127E-03,-41.889132639E-03,-18.997173171E-03
+3.111520000E-03,+1.005199266780E+00,-40.632851304E-03,-16.891017423E-03
+3.111525000E-03,+1.012972507842E+00,-42.203203012E-03,-16.306218428E-03
+3.111530000E-03,+1.020382997731E+00,-40.318780985E-03,-14.362751117E-03
+3.111535000E-03,+1.027275271569E+00,-42.909861359E-03,-13.624057656E-03
+3.111540000E-03,+1.034582118185E+00,-41.575062364E-03,-11.834484812E-03
+3.111545000E-03,+1.040904354318E+00,-42.046167877E-03,-10.950690853E-03
+3.111550000E-03,+1.047071125667E+00,-42.438755797E-03,-9.271042623E-03
+3.111555000E-03,+1.054792545130E+00,-41.339509578E-03,-8.325690882E-03
+3.111560000E-03,+1.060855673196E+00,-42.360238279E-03,-6.681218525E-03
+3.111565000E-03,+1.066970622892E+00,-42.360238176E-03,-5.577575338E-03
+3.111570000E-03,+1.073811075048E+00,-41.967650216E-03,-4.069409509E-03
+3.111575000E-03,+1.079770559912E+00,-42.988378946E-03,-3.005339180E-03
+3.111580000E-03,+1.084693612691E+00,-41.496544787E-03,-1.488379390E-03
+3.111585000E-03,+1.090860383871E+00,-42.988378956E-03,-393.530162E-06
+3.111590000E-03,+1.096508939175E+00,-42.281720672E-03,+1.167399471E-03
+3.111595000E-03,+1.101639278310E+00,-39.376570019E-03,+2.271042675E-03
+3.111600000E-03,+1.107184190333E+00,+776.970758623E-03,+3.678077835E-03
+3.111605000E-03,+1.110293486737E+00,+2.551860838829E+00,+4.926821550E-03
+3.111610000E-03,+1.114491036966E+00,+2.552096392265E+00,+6.166771274E-03
+3.111615000E-03,+1.118325835943E+00,+2.552096392265E+00,+7.881595383E-03
+3.111620000E-03,+1.122782494170E+00,+2.552096392265E+00,+8.598303907E-03
+3.111625000E-03,+1.126099077059E+00,+2.552096392265E+00,+10.462625511E-03
+3.111630000E-03,+1.129571124783E+00,+2.552096392265E+00,+11.179334034E-03
+3.111635000E-03,+1.132524956413E+00,+2.552096392265E+00,+13.074434530E-03
+3.111640000E-03,+1.135893360900E+00,+2.552096392265E+00,+13.852700840E-03
+3.111645000E-03,+1.139261765370E+00,+2.552096392265E+00,+15.642273692E-03
+3.111650000E-03,+1.142371061825E+00,+2.552096392265E+00,+16.385364129E-03
+3.111655000E-03,+1.144962142196E+00,+2.552096392265E+00,+18.078203320E-03
+3.111660000E-03,+1.147345936095E+00,+2.552096392265E+00,+19.115891741E-03
+3.111665000E-03,+1.149781551663E+00,+2.552096392265E+00,+20.580087711E-03
+3.111670000E-03,+1.151595307948E+00,+2.552096392265E+00,+21.864007290E-03
+3.111675000E-03,+1.153771815466E+00,+2.552410462608E+00,+22.914886680E-03
+3.111680000E-03,+1.155481928552E+00,+2.552724532961E+00,+24.489007256E-03
+3.111685000E-03,+1.157813900836E+00,+2.552724532961E+00,+25.495916812E-03
+3.111690000E-03,+1.159161262647E+00,+2.552724532961E+00,+26.999685621E-03
+3.111695000E-03,+1.159057619436E+00,+2.552724532961E+00,+27.967022305E-03
+3.111700000E-03,+1.160975018932E+00,+2.552724532961E+00,+29.514760976E-03
+3.111705000E-03,+1.161545056568E+00,+2.552724532961E+00,+30.530464492E-03
+3.111710000E-03,+1.162426023929E+00,+2.552724532961E+00,+31.972675518E-03
+3.111715000E-03,+1.161907807844E+00,+2.552724532961E+00,+33.080715715E-03
+3.111720000E-03,+1.162166915931E+00,+2.552724532961E+00,+34.316268463E-03
+3.111725000E-03,+1.161648699810E+00,+2.552724532961E+00,+35.617775989E-03
+3.111730000E-03,+1.161959629491E+00,+2.552724532961E+00,+36.756595073E-03
+3.111735000E-03,+1.161285948557E+00,+2.552724532961E+00,+37.952574957E-03
+3.111740000E-03,+1.161545056568E+00,+2.552724532961E+00,+39.205715652E-03
+3.111745000E-03,+1.159731300376E+00,+2.552724532961E+00,+40.274182973E-03
+3.111750000E-03,+1.158798511448E+00,+2.552724532961E+00,+41.733981953E-03
+3.111755000E-03,+1.157243863183E+00,+2.552724532961E+00,+42.538630189E-03
+3.111760000E-03,+1.155792858194E+00,+2.552724532961E+00,+44.103956802E-03
+3.111765000E-03,+1.152787204953E+00,+2.552724532961E+00,+44.926192974E-03
+3.111770000E-03,+1.150869805490E+00,+2.552724532961E+00,+46.342022108E-03
+3.111775000E-03,+1.149211514074E+00,+2.552724532961E+00,+47.190640186E-03
+3.111780000E-03,+1.146102217638E+00,+2.552724532961E+00,+48.522926607E-03
+3.111785000E-03,+1.144392104574E+00,+2.552724532961E+00,+49.424308510E-03
+3.111790000E-03,+1.141749202566E+00,+2.552724532961E+00,+50.690640145E-03
+3.111795000E-03,+1.139002657413E+00,+2.552724532961E+00,+51.715137633E-03
+3.111800000E-03,+1.135323323258E+00,+2.552724532961E+00,+52.853956703E-03
+3.111805000E-03,+1.131384881075E+00,+2.552724532961E+00,+53.988378815E-03
+3.111810000E-03,+1.127757368568E+00,+2.552724532961E+00,+54.841393868E-03
+3.111815000E-03,+1.123818926420E+00,+2.552724532961E+00,+56.235238085E-03
+3.111820000E-03,+1.120916916373E+00,+2.552724532961E+00,+56.859609933E-03
+3.111825000E-03,+1.115993863723E+00,+2.552724532961E+00,+58.227072234E-03
+3.111830000E-03,+1.111899956668E+00,+2.552724532961E+00,+58.877825997E-03
+3.111835000E-03,+1.106717795892E+00,+2.552724532961E+00,+60.174936535E-03
+3.111840000E-03,+1.100602846256E+00,+2.552724532961E+00,+60.856469187E-03
+3.111845000E-03,+1.096768047269E+00,+2.552724532961E+00,+62.272298315E-03
+3.111850000E-03,+1.091430421786E+00,+2.552724532961E+00,+62.918655093E-03
+3.111855000E-03,+1.084589969581E+00,+2.552724532961E+00,+64.264132467E-03
+3.111860000E-03,+1.079200522396E+00,+2.552724532961E+00,+64.782976680E-03
+3.111865000E-03,+1.074329291268E+00,+2.552724532961E+00,+66.225187727E-03
+3.111870000E-03,+1.067799768766E+00,+2.552724532961E+00,+66.581343496E-03
+3.111875000E-03,+1.062203035093E+00,+2.552724532961E+00,+68.129082181E-03
+3.111880000E-03,+1.056243550229E+00,+2.552724532961E+00,+68.370916344E-03
+3.111885000E-03,+1.049040346788E+00,+2.552724532961E+00,+70.098931408E-03
+3.111890000E-03,+1.042510824293E+00,+2.552724532961E+00,+70.046167582E-03
+3.111895000E-03,+1.035463085692E+00,+2.552724532961E+00,+71.901695202E-03
+3.111900000E-03,+1.028467168624E+00,+2.552724532961E+00,+71.717021835E-03
+3.111905000E-03,+1.021471251617E+00,+2.552724532961E+00,+73.629710261E-03
+3.111910000E-03,+1.013853475320E+00,+2.552724532961E+00,+73.440639908E-03
+3.111915000E-03,+1.004214656410E+00,+2.552724532961E+00,+75.195036871E-03
+3.111920000E-03,+997.633312191E-03,+2.552724532961E+00,+75.124685121E-03
+3.111925000E-03,+989.393676645E-03,+2.552724532961E+00,+76.690011727E-03
+3.111930000E-03,+981.775900307E-03,+2.552724532961E+00,+76.892273043E-03
+3.111935000E-03,+972.758940639E-03,+2.552724532961E+00,+78.053077045E-03
+3.111940000E-03,+965.348450755E-03,+2.552724532961E+00,+78.523554429E-03
+3.111945000E-03,+955.657810148E-03,+2.552724532961E+00,+79.385363461E-03
+3.111950000E-03,+947.884569005E-03,+2.552724532961E+00,+79.948177526E-03
+3.111955000E-03,+938.090285252E-03,+2.552724532961E+00,+80.735237822E-03
+3.111960000E-03,+930.109757683E-03,+2.552724532961E+00,+81.324433792E-03
+3.111965000E-03,+920.470938666E-03,+2.552724532961E+00,+82.124685048E-03
+3.111970000E-03,+910.780298091E-03,+2.552724532961E+00,+82.595162417E-03
+3.111975000E-03,+900.519619826E-03,+2.552724532961E+00,+83.496544331E-03
+3.111980000E-03,+891.088087226E-03,+2.552724532961E+00,+83.729584519E-03
+3.111985000E-03,+880.775587399E-03,+2.552724532961E+00,+84.793654868E-03
+3.111990000E-03,+871.447698020E-03,+2.552724532961E+00,+84.868403601E-03
+3.111995000E-03,+861.238841332E-03,+2.552724532961E+00,+86.007222691E-03
+3.112000000E-03,+850.356303757E-03,+2.552724532961E+00,+85.994031736E-03
+3.112005000E-03,+840.302911950E-03,+2.552724532961E+00,+87.080087002E-03
+3.112010000E-03,+830.664092905E-03,+2.552724532961E+00,+87.150438761E-03
+3.112015000E-03,+818.278728748E-03,+2.552724532961E+00,+88.069408592E-03
+3.112020000E-03,+806.670688702E-03,+2.552724532961E+00,+88.245287994E-03
+3.112025000E-03,+796.306367143E-03,+2.552724532961E+00,+88.874056831E-03
+3.112030000E-03,+784.542862265E-03,+2.552724532961E+00,+89.362122154E-03
+3.112035000E-03,+773.453038312E-03,+2.552724532961E+00,+89.740262855E-03
+3.112040000E-03,+762.622322313E-03,+2.552724532961E+00,+90.333855807E-03
+3.112045000E-03,+749.926028468E-03,+2.552724532961E+00,+90.505338225E-03
+3.112050000E-03,+737.540664286E-03,+2.552724532961E+00,+91.156091979E-03
+3.112055000E-03,+726.399018716E-03,+2.552724532961E+00,+91.411117111E-03
+3.112060000E-03,+716.086518756E-03,+2.552724532961E+00,+91.806845736E-03
+3.112065000E-03,+703.493868165E-03,+2.552724532961E+00,+92.220162329E-03
+3.112070000E-03,+690.797574363E-03,+2.552724532961E+00,+92.321292973E-03
+3.112075000E-03,+677.790350839E-03,+2.552724532961E+00,+93.081971357E-03
+3.112080000E-03,+664.938592253E-03,+2.552724532961E+00,+92.906091968E-03
+3.112085000E-03,+651.775903909E-03,+2.552724532961E+00,+93.657976376E-03
+3.112090000E-03,+639.390539664E-03,+2.552724532961E+00,+93.407348255E-03
+3.112095000E-03,+626.072386583E-03,+2.552724532961E+00,+94.128453752E-03
+3.112100000E-03,+614.257060101E-03,+2.552724532961E+00,+93.926192474E-03
+3.112105000E-03,+601.405301441E-03,+2.552724532961E+00,+94.475815556E-03
+3.112110000E-03,+587.258002661E-03,+2.552724532961E+00,+94.528579402E-03
+3.112115000E-03,+574.458065546E-03,+2.552724532961E+00,+94.809986399E-03
+3.112120000E-03,+560.777161166E-03,+2.552724532961E+00,+94.994659803E-03
+3.112125000E-03,+547.510829682E-03,+2.552724532961E+00,+94.963880877E-03
+3.112130000E-03,+533.570817258E-03,+2.552724532961E+00,+95.236493964E-03
+3.112135000E-03,+519.527161658E-03,+2.552724532961E+00,+95.227699970E-03
+3.112140000E-03,+505.172576377E-03,+2.552724532961E+00,+95.407976371E-03
+3.112145000E-03,+491.128920714E-03,+2.552724532961E+00,+95.513503987E-03
+3.112150000E-03,+477.655302771E-03,+2.552724532961E+00,+95.513504008E-03
+3.112155000E-03,+464.648079246E-03,+2.552724532961E+00,+95.671795447E-03
+3.112160000E-03,+449.308883473E-03,+2.552724532961E+00,+95.416770346E-03
+3.112165000E-03,+435.006119825E-03,+2.552724532961E+00,+95.891644693E-03
+3.112170000E-03,+420.547891316E-03,+2.552724532961E+00,+95.254081904E-03
+3.112175000E-03,+406.711522117E-03,+2.552724532961E+00,+95.961996451E-03
+3.112180000E-03,+391.165039893E-03,+2.552724532961E+00,+95.161745220E-03
+3.112185000E-03,+376.344060117E-03,+2.552724532961E+00,+95.904835646E-03
+3.112190000E-03,+361.315793978E-03,+2.552724532961E+00,+95.029835673E-03
+3.112195000E-03,+346.650279071E-03,+2.552724532961E+00,+95.658604494E-03
+3.112200000E-03,+331.466548010E-03,+2.552724532961E+00,+94.990262813E-03
+3.112205000E-03,+316.230995474E-03,+2.552724532961E+00,+95.385991435E-03
+3.112210000E-03,+302.135518191E-03,+2.552724532961E+00,+94.722046733E-03
+3.112215000E-03,+286.951787209E-03,+2.552724532961E+00,+94.889132148E-03
+3.112220000E-03,+271.560769793E-03,+2.552724532961E+00,+94.471418591E-03
+3.112225000E-03,+256.739790056E-03,+2.552724532961E+00,+94.515388433E-03
+3.112230000E-03,+241.815167097E-03,+2.552724532961E+00,+94.146041707E-03
+3.112235000E-03,+226.579614546E-03,+2.552724532961E+00,+94.088880903E-03
+3.112240000E-03,+210.722202670E-03,+2.552724532961E+00,+93.596418596E-03
+3.112245000E-03,+196.315795729E-03,+2.552724532961E+00,+93.640388445E-03
+3.112250000E-03,+180.510205496E-03,+2.552724532961E+00,+93.081971368E-03
+3.112255000E-03,+164.600972013E-03,+2.552724532961E+00,+93.156720107E-03
+3.112260000E-03,+149.779992211E-03,+2.552724532961E+00,+92.378453791E-03
+3.112265000E-03,+134.492617989E-03,+2.552724532961E+00,+92.492775393E-03
+3.112270000E-03,+117.339665951E-03,+2.552724532961E+00,+91.718906066E-03
+3.112275000E-03,+102.155934968E-03,+2.552724532961E+00,+91.745287960E-03
+3.112280000E-03,+86.194879841E-03,+2.552724532961E+00,+91.063755324E-03
+3.112285000E-03,+72.203045813E-03,+2.552724532961E+00,+90.936242738E-03
+3.112290000E-03,+56.915671569E-03,+2.552724532961E+00,+90.355840759E-03
+3.112295000E-03,+41.213724537E-03,+2.552724532961E+00,+89.964509081E-03
+3.112300000E-03,+25.459955884E-03,+2.552724532961E+00,+89.603956346E-03
+3.112305000E-03,+10.794440937E-03,+2.552724532961E+00,+88.948805572E-03
+3.112310000E-03,-4.596576468E-03,+2.552724532961E+00,+88.821293030E-03
+3.112315000E-03,-20.194880339E-03,+2.552724532961E+00,+87.884735238E-03
+3.112320000E-03,-35.119503248E-03,+2.552724532961E+00,+87.875941276E-03
+3.112325000E-03,-49.992304600E-03,+2.552724532961E+00,+86.926192536E-03
+3.112330000E-03,-65.590608474E-03,+2.552724532961E+00,+86.627197570E-03
+3.112335000E-03,-79.737907354E-03,+2.552724532961E+00,+85.892901096E-03
+3.112340000E-03,-95.491676015E-03,+2.552724532961E+00,+85.356468943E-03
+3.112345000E-03,-112.074590374E-03,+2.552724532961E+00,+84.837624725E-03
+3.112350000E-03,-127.258321410E-03,+2.552724532961E+00,+84.103328253E-03
+3.112355000E-03,-143.012090089E-03,+2.552724532961E+00,+83.624056899E-03
+3.112360000E-03,-158.558572313E-03,+2.552724532961E+00,+82.854584542E-03
+3.112365000E-03,-174.986021875E-03,+2.552724532961E+00,+82.458855909E-03
+3.112370000E-03,-189.703358455E-03,+2.552724532961E+00,+81.438755422E-03
+3.112375000E-03,-203.798835691E-03,+2.552724532961E+00,+81.043026780E-03
+3.112380000E-03,-219.293496289E-03,+2.552724532961E+00,+80.066896137E-03
+3.112385000E-03,-234.788156920E-03,+2.552724532961E+00,+79.622800664E-03
+3.112390000E-03,-250.956498429E-03,+2.552724532961E+00,+78.752197654E-03
+3.112395000E-03,-265.414726976E-03,+2.552724532961E+00,+78.180589626E-03
+3.112400000E-03,-280.961209189E-03,+2.552724532961E+00,+77.208855961E-03
+3.112405000E-03,-296.663156267E-03,+2.552724532961E+00,+76.624056987E-03
+3.112410000E-03,-311.743244079E-03,+2.552724532961E+00,+75.713881098E-03
+3.112415000E-03,-327.289726280E-03,+2.552724532961E+00,+75.195036893E-03
+3.112420000E-03,-343.406246211E-03,+2.552724532961E+00,+73.902323328E-03
+3.112425000E-03,-357.760831492E-03,+2.552724532961E+00,+73.647298222E-03
+3.112430000E-03,-372.478167981E-03,+2.552724532961E+00,+72.209484156E-03
+3.112435000E-03,-386.832753306E-03,+2.552724532961E+00,+72.002825873E-03
+3.112440000E-03,-402.534700307E-03,+2.552724532961E+00,+70.433102268E-03
+3.112445000E-03,-416.681999199E-03,+2.552724532961E+00,+70.257222873E-03
+3.112450000E-03,-431.865730173E-03,+2.552724532961E+00,+68.691896253E-03
+3.112455000E-03,-446.220315439E-03,+2.552724532961E+00,+68.401695255E-03
+3.112460000E-03,-460.004863108E-03,+2.552724532961E+00,+66.941896279E-03
+3.112465000E-03,-474.929486023E-03,+2.552724532961E+00,+66.370288238E-03
+3.112470000E-03,-488.869498458E-03,+2.552724532961E+00,+65.315011881E-03
+3.112475000E-03,-503.275905317E-03,+2.552724532961E+00,+64.264132478E-03
+3.112480000E-03,-517.526847353E-03,+2.552724532961E+00,+63.608981747E-03
+3.112485000E-03,-531.363216618E-03,+2.552724532961E+00,+62.175564665E-03
+3.112490000E-03,-544.629548101E-03,+2.552724532961E+00,+61.753454122E-03
+3.112495000E-03,-558.258630847E-03,+2.552724532961E+00,+60.126569721E-03
+3.112500000E-03,-572.043178434E-03,+2.552724532961E+00,+59.809986807E-03
+3.112505000E-03,-585.879547603E-03,+2.552724532961E+00,+58.016016983E-03
+3.112510000E-03,-598.938592741E-03,+2.552724532961E+00,+57.747800894E-03
+3.112515000E-03,-611.790351412E-03,+2.552724532961E+00,+55.967022033E-03
+3.112520000E-03,-625.315790932E-03,+2.552724532961E+00,+55.566896400E-03
+3.112525000E-03,-638.374836019E-03,+2.552724532961E+00,+53.966393910E-03
+3.112530000E-03,-651.641167583E-03,+2.552724532961E+00,+53.337625069E-03
+3.112535000E-03,-664.855677406E-03,+2.552724532961E+00,+51.930589908E-03
+3.112540000E-03,-677.241041636E-03,+2.552724532961E+00,+51.231469314E-03
+3.112545000E-03,-689.730049081E-03,+2.552724532961E+00,+49.723303496E-03
+3.112550000E-03,-703.203666963E-03,+2.552724532961E+00,+49.103328638E-03
+3.112555000E-03,-715.174458307E-03,+2.552724532961E+00,+47.450062317E-03
+3.112560000E-03,-727.870752171E-03,+2.552724532961E+00,+46.843278412E-03
+3.112565000E-03,-739.893365115E-03,+2.552724532961E+00,+45.036117620E-03
+3.112570000E-03,-753.263339820E-03,+2.552724532961E+00,+44.688755820E-03
+3.112575000E-03,-763.783126158E-03,+2.552724532961E+00,+42.736494532E-03
+3.112580000E-03,-776.168490358E-03,+2.552724532961E+00,+42.331971923E-03
+3.112585000E-03,-788.035638476E-03,+2.552724532961E+00,+40.524811140E-03
+3.112590000E-03,-800.265537861E-03,+2.552724532961E+00,+39.944409130E-03
+3.112595000E-03,-811.303540195E-03,+2.552724532961E+00,+38.194409149E-03
+3.112600000E-03,-821.926969812E-03,+2.552724532961E+00,+37.275439312E-03
+3.112605000E-03,-832.964972207E-03,+2.552724532961E+00,+35.872801139E-03
+3.112610000E-03,-843.381115240E-03,+2.552724532961E+00,+34.729585069E-03
+3.112615000E-03,-854.004544789E-03,+2.552724532961E+00,+33.687499653E-03
+3.112620000E-03,-864.835260768E-03,+2.552724532961E+00,+32.051821280E-03
+3.112625000E-03,-874.629544606E-03,+2.552724532961E+00,+31.255967011E-03
+3.112630000E-03,-885.771190207E-03,+2.552724532961E+00,+29.633479601E-03
+3.112635000E-03,-895.980046905E-03,+2.552724532961E+00,+28.811243416E-03
+3.112640000E-03,-906.758941277E-03,+2.552724532961E+00,+27.114007273E-03
+3.112645000E-03,-916.086830586E-03,+2.552724532961E+00,+26.177449478E-03
+3.112650000E-03,-927.332119395E-03,+2.552724532961E+00,+24.612122876E-03
+3.112655000E-03,-935.882684623E-03,+2.552724532961E+00,+23.627198245E-03
+3.112660000E-03,-946.609757353E-03,+2.552724532961E+00,+22.237751039E-03
+3.112665000E-03,-955.471252278E-03,+2.552724532961E+00,+20.914258581E-03
+3.112670000E-03,-965.576465692E-03,+2.552724532961E+00,+19.744660607E-03
+3.112675000E-03,-974.334317407E-03,+2.552724532961E+00,+18.333228465E-03
+3.112680000E-03,-982.625774635E-03,+2.552724532961E+00,+17.163630475E-03
+3.112685000E-03,-991.435447877E-03,+2.552724532961E+00,+15.844535020E-03
+3.112690000E-03,-999.882369916E-03,+2.552724532961E+00,+14.481469708E-03
+3.112695000E-03,-1.008692043116E+00,+2.552724532961E+00,+13.311871734E-03
+3.112700000E-03,-1.016620749126E+00,+2.552724532961E+00,+11.786117976E-03
+3.112705000E-03,-1.024808563070E+00,+2.552724532961E+00,+10.818781308E-03
+3.112710000E-03,-1.032115409767E+00,+2.552724532961E+00,+9.121545147E-03
+3.112715000E-03,-1.040665975002E+00,+2.552724532961E+00,+8.198178314E-03
+3.112720000E-03,-1.048439216156E+00,+2.552724532961E+00,+6.610866785E-03
+3.112725000E-03,-1.056056992422E+00,+2.552724532961E+00,+5.511620547E-03
+3.112730000E-03,-1.063208374285E+00,+2.552724532961E+00,+4.060615560E-03
+3.112735000E-03,-1.070048826443E+00,+2.552724532961E+00,+2.776695959E-03
+3.112740000E-03,-1.076941100234E+00,+2.552724532961E+00,+1.677449758E-03
+3.112745000E-03,-1.084247946901E+00,+2.552724532961E+00,+15.389452E-06
+3.112750000E-03,-1.090103788577E+00,+2.552724532961E+00,-754.082884E-06
+3.112755000E-03,-1.095234127665E+00,+2.552724532961E+00,-2.794283879E-03
+3.112760000E-03,-1.101349077417E+00,+2.552724532961E+00,-3.247173311E-03
+3.112765000E-03,-1.108085886340E+00,+2.552724532961E+00,-5.406092897E-03
+3.112770000E-03,-1.113578976737E+00,+2.552724532961E+00,-5.889761231E-03
+3.112775000E-03,-1.118761137559E+00,+2.552724532961E+00,-7.934359194E-03
+3.112780000E-03,-1.124202406303E+00,+2.552724532961E+00,-8.615891860E-03
+3.112785000E-03,-1.128659064604E+00,+2.552724532961E+00,-10.519786295E-03
+3.112790000E-03,-1.134463084538E+00,+2.552724532961E+00,-11.451947106E-03
+3.112795000E-03,-1.139386137292E+00,+2.552724532961E+00,-13.074434510E-03
+3.112800000E-03,-1.143687330759E+00,+2.012916144302E+00,-14.107725975E-03
+3.112805000E-03,-1.147366664852E+00,-69.527315113E-03,-15.470791279E-03
+3.112810000E-03,-1.151719679858E+00,-174.426819529E-03,-16.829459603E-03
+3.112815000E-03,-1.156279981316E+00,-85.073808674E-03,-18.258479692E-03
+3.112820000E-03,-1.160062958705E+00,+206.619031048E-03,-19.322550028E-03
+3.112825000E-03,-1.163431363184E+00,-68.820663373E-03,-20.777952033E-03
+3.112830000E-03,-1.166851589235E+00,-70.076946433E-03,-21.912374114E-03
+3.112835000E-03,-1.170479101798E+00,-102.269157214E-03,-23.534861556E-03
+3.112840000E-03,-1.172862895742E+00,-19.904208906E-03,-24.480213281E-03
+3.112845000E-03,-1.175868549015E+00,-50.604584356E-03,-26.221419307E-03
+3.112850000E-03,-1.178511450978E+00,-45.893529730E-03,-27.083228330E-03
+3.112855000E-03,-1.181983498656E+00,-62.068152331E-03,-28.802449425E-03
+3.112860000E-03,-1.183849076521E+00,-49.112750931E-03,-29.721419267E-03
+3.112865000E-03,-1.185507367930E+00,-50.369031988E-03,-31.269157943E-03
+3.112870000E-03,-1.188409378003E+00,-50.290514619E-03,-32.342022249E-03
+3.112875000E-03,-1.188927594047E+00,-51.468278255E-03,-33.735866458E-03
+3.112880000E-03,-1.190482242272E+00,-51.939383960E-03,-34.931846345E-03
+3.112885000E-03,-1.191674139252E+00,-48.955715527E-03,-36.193781008E-03
+3.112890000E-03,-1.192710571401E+00,-47.777951696E-03,-37.530464408E-03
+3.112895000E-03,-1.193176965876E+00,-48.798680423E-03,-38.519786015E-03
+3.112900000E-03,-1.193902468393E+00,-46.914258321E-03,-40.155464369E-03
+3.112905000E-03,-1.193954289969E+00,-49.583856211E-03,-41.039258346E-03
+3.112910000E-03,-1.194472506110E+00,-48.955715509E-03,-42.503454302E-03
+3.112915000E-03,-1.194679792513E+00,-50.290514614E-03,-43.532348775E-03
+3.112920000E-03,-1.193643360391E+00,-50.526067310E-03,-44.904208035E-03
+3.112925000E-03,-1.193332430734E+00,-48.563127609E-03,-46.051821114E-03
+3.112930000E-03,-1.192710571405E+00,-46.914258321E-03,-47.230213039E-03
+3.112935000E-03,-1.191570496123E+00,-46.521670380E-03,-48.474559772E-03
+3.112940000E-03,-1.190015847855E+00,-45.579459293E-03,-49.525439151E-03
+3.112945000E-03,-1.190378599088E+00,-46.286117613E-03,-50.919283362E-03
+3.112950000E-03,-1.188875772498E+00,-45.893529713E-03,-51.908604956E-03
+3.112955000E-03,-1.186906551430E+00,-50.526067215E-03,-53.236494386E-03
+3.112960000E-03,-1.185818297696E+00,-46.600187955E-03,-54.181846143E-03
+3.112965000E-03,-1.183434503728E+00,-47.071293478E-03,-55.338253156E-03
+3.112970000E-03,-1.181257996218E+00,-46.286117714E-03,-56.534233052E-03
+3.112975000E-03,-1.179444239971E+00,-48.092021943E-03,-57.549936550E-03
+3.112980000E-03,-1.177060446031E+00,-46.521670458E-03,-58.785489313E-03
+3.112985000E-03,-1.174521187284E+00,-46.129082415E-03,-59.748428992E-03
+3.112990000E-03,-1.171774642044E+00,-45.108353830E-03,-60.922423967E-03
+3.112995000E-03,-1.167939843102E+00,-47.777951816E-03,-62.026067157E-03
+3.113000000E-03,-1.165141476250E+00,-46.521670368E-03,-63.032976706E-03
+3.113005000E-03,-1.161254855732E+00,-46.050564815E-03,-64.202574678E-03
+3.113010000E-03,-1.157264591972E+00,-45.343906556E-03,-65.108353562E-03
+3.113015000E-03,-1.154051652340E+00,-47.463881317E-03,-66.401067116E-03
+3.113020000E-03,-1.148247632289E+00,-43.852072467E-03,-67.038629929E-03
+3.113025000E-03,-1.144257368549E+00,-46.050564755E-03,-68.516016843E-03
+3.113030000E-03,-1.140318926328E+00,-45.736494485E-03,-68.999685179E-03
+3.113035000E-03,-1.136484127363E+00,-44.794283482E-03,-70.644157523E-03
+3.113040000E-03,-1.130680107352E+00,-44.558730666E-03,-70.833227877E-03
+3.113045000E-03,-1.126638021948E+00,-44.087625186E-03,-72.583227850E-03
+3.113050000E-03,-1.119745748141E+00,-43.459484550E-03,-72.781092175E-03
+3.113055000E-03,-1.116066414061E+00,-44.872801130E-03,-74.500313259E-03
+3.113060000E-03,-1.109899642739E+00,-43.773554808E-03,-74.614634868E-03
+3.113065000E-03,-1.103888336271E+00,-44.401695510E-03,-76.377825806E-03
+3.113070000E-03,-1.096996062523E+00,-44.009107490E-03,-76.430589624E-03
+3.113075000E-03,-1.092487582608E+00,-43.930590000E-03,-78.290514229E-03
+3.113080000E-03,-1.085439844034E+00,-44.637248272E-03,-78.259735328E-03
+3.113085000E-03,-1.079791288854E+00,-42.831343774E-03,-80.062499138E-03
+3.113090000E-03,-1.073313587831E+00,-44.087625156E-03,-79.913001638E-03
+3.113095000E-03,-1.067198638115E+00,-43.695037275E-03,-81.887247858E-03
+3.113100000E-03,-1.060047256322E+00,-43.459484477E-03,-81.614634788E-03
+3.113105000E-03,-1.052429480106E+00,-44.794283409E-03,-83.483353373E-03
+3.113110000E-03,-1.045174455018E+00,-43.459484465E-03,-83.228328234E-03
+3.113115000E-03,-1.036934819436E+00,-43.145414105E-03,-85.057473962E-03
+3.113120000E-03,-1.028643362251E+00,-42.909861307E-03,-84.842021690E-03
+3.113125000E-03,-1.021077407550E+00,-43.459484532E-03,-86.504081987E-03
+3.113130000E-03,-1.012993236794E+00,-42.752826224E-03,-86.534860866E-03
+3.113135000E-03,-1.003976277092E+00,-43.538002016E-03,-87.919911118E-03
+3.113140000E-03,-995.218425455E-03,-42.517273451E-03,-88.086996528E-03
+3.113145000E-03,-987.186076243E-03,-44.087625095E-03,-89.199433710E-03
+3.113150000E-03,-978.790975850E-03,-42.438755802E-03,-89.511619639E-03
+3.113155000E-03,-967.649330265E-03,-43.773554869E-03,-90.505338224E-03
+3.113160000E-03,-958.217797687E-03,-41.418027188E-03,-90.989006551E-03
+3.113165000E-03,-949.097194717E-03,-41.889132760E-03,-91.565011584E-03
+3.113170000E-03,-939.924770249E-03,-42.438755858E-03,-92.391644723E-03
+3.113175000E-03,-929.612270339E-03,-43.773554771E-03,-92.734609560E-03
+3.113180000E-03,-919.455235268E-03,-43.695037233E-03,-93.719534160E-03
+3.113185000E-03,-907.899016827E-03,-40.789886559E-03,-93.961368344E-03
+3.113190000E-03,-898.571127472E-03,-40.868404091E-03,-94.801192438E-03
+3.113195000E-03,-886.755800994E-03,-43.459484465E-03,-95.139760287E-03
+3.113200000E-03,-877.065160374E-03,-42.517273371E-03,-95.852071826E-03
+3.113205000E-03,-867.219054907E-03,-41.732097561E-03,-96.239006511E-03
+3.113210000E-03,-856.129230918E-03,-41.496544763E-03,-96.832599450E-03
+3.113215000E-03,-846.024017503E-03,-41.732097580E-03,-97.259106995E-03
+3.113220000E-03,-834.726907104E-03,-43.302449291E-03,-97.826318038E-03
+3.113225000E-03,-823.533439838E-03,-41.182474532E-03,-98.200061762E-03
+3.113230000E-03,-810.681681227E-03,-41.732097512E-03,-98.674936118E-03
+3.113235000E-03,-800.161894826E-03,-41.496544745E-03,-99.132222557E-03
+3.113240000E-03,-787.361957875E-03,-41.496544782E-03,-99.422423546E-03
+3.113245000E-03,-775.339344914E-03,-41.810615124E-03,-99.967649683E-03
+3.113250000E-03,-762.953980741E-03,-42.909861405E-03,-100.165513993E-03
+3.113255000E-03,-751.812335140E-03,-42.595790939E-03,-100.741519021E-03
+3.113260000E-03,-739.997008585E-03,-40.789886560E-03,-100.855840618E-03
+3.113265000E-03,-727.248893164E-03,-41.653579888E-03,-101.462624542E-03
+3.113270000E-03,-715.485388236E-03,-41.182474359E-03,-101.326318001E-03
+3.113275000E-03,-702.478164807E-03,-42.203203090E-03,-102.311242622E-03
+3.113280000E-03,-690.559195077E-03,-42.124685478E-03,-101.774810457E-03
+3.113285000E-03,-677.500149925E-03,-41.967650286E-03,-102.830086840E-03
+3.113290000E-03,-664.907499364E-03,-41.025439259E-03,-102.192524025E-03
+3.113295000E-03,-651.433881434E-03,-41.575062363E-03,-103.436870750E-03
+3.113300000E-03,-638.219371550E-03,-40.711368886E-03,-102.579458695E-03
+3.113305000E-03,-624.849396815E-03,-42.752826125E-03,-103.854584308E-03
+3.113310000E-03,-610.805741141E-03,-39.690640260E-03,-102.922423523E-03
+3.113315000E-03,-598.368555279E-03,-42.046167910E-03,-104.140388329E-03
+3.113320000E-03,-583.910326869E-03,-40.946921672E-03,-103.331343119E-03
+3.113325000E-03,-571.265854647E-03,-40.946921666E-03,-104.272297871E-03
+3.113330000E-03,-557.170377390E-03,-41.967650211E-03,-103.731468742E-03
+3.113335000E-03,-543.800402668E-03,-41.182474433E-03,-104.325061691E-03
+3.113340000E-03,-530.689535982E-03,-41.575062275E-03,-104.074433564E-03
+3.113345000E-03,-515.661269840E-03,-38.983982013E-03,-104.237121996E-03
+3.113350000E-03,-501.876722204E-03,-41.025439234E-03,-104.245915972E-03
+3.113355000E-03,-486.019310330E-03,-40.397298525E-03,-104.232725013E-03
+3.113360000E-03,-472.234762793E-03,-41.418027238E-03,-104.294282800E-03
+3.113365000E-03,-457.983820669E-03,-40.789886567E-03,-104.153579290E-03
+3.113370000E-03,-443.991986701E-03,-39.926193065E-03,-104.347046618E-03
+3.113375000E-03,-427.979109951E-03,-41.339509639E-03,-104.043654669E-03
+3.113380000E-03,-413.417238227E-03,-40.868404091E-03,-104.338252640E-03
+3.113385000E-03,-399.269939417E-03,-40.554333686E-03,-103.973302912E-03
+3.113390000E-03,-384.863532549E-03,-41.025439234E-03,-104.056845620E-03
+3.113395000E-03,-370.405303994E-03,-41.103956834E-03,-103.749056682E-03
+3.113400000E-03,-354.081497711E-03,-41.889132711E-03,-103.815011453E-03
+3.113405000E-03,-339.778734012E-03,-40.475816250E-03,-103.502825524E-03
+3.113410000E-03,-323.299462815E-03,-39.141017232E-03,-103.542398391E-03
+3.113415000E-03,-308.426661484E-03,-42.203203015E-03,-103.111493871E-03
+3.113420000E-03,-292.517428015E-03,-39.455087542E-03,-103.260991364E-03
+3.113425000E-03,-278.888345188E-03,-41.418027163E-03,-102.623428540E-03
+3.113430000E-03,-262.668182066E-03,-41.025439215E-03,-102.825689866E-03
+3.113435000E-03,-247.225343090E-03,-41.575062362E-03,-101.959483834E-03
+3.113440000E-03,-231.160644753E-03,-40.711368917E-03,-102.447549162E-03
+3.113445000E-03,-216.028735359E-03,-39.612122736E-03,-101.467021529E-03
+3.113450000E-03,-200.793182750E-03,-40.475816105E-03,-101.858353183E-03
+3.113455000E-03,-186.075846225E-03,-40.397298581E-03,-100.820664757E-03
+3.113460000E-03,-170.840293603E-03,-40.240263337E-03,-101.163629577E-03
+3.113465000E-03,-155.345633032E-03,-40.946921735E-03,-100.336996415E-03
+3.113470000E-03,-139.591864269E-03,-39.376569949E-03,-100.301820539E-03
+3.113475000E-03,-123.786274045E-03,-40.946921742E-03,-99.809358238E-03
+3.113480000E-03,-108.084326893E-03,-41.103956865E-03,-99.294911000E-03
+3.113485000E-03,-92.900595992E-03,-40.946921653E-03,-99.246544167E-03
+3.113490000E-03,-77.613221725E-03,-41.103956840E-03,-98.362750214E-03
+3.113495000E-03,-62.429490812E-03,-40.789886453E-03,-98.393529100E-03
+3.113500000E-03,-47.453046194E-03,-39.926193072E-03,-97.386619573E-03
+3.113505000E-03,-33.305747334E-03,-40.397298588E-03,-97.575689908E-03
+3.113510000E-03,-17.914729924E-03,-39.690640240E-03,-96.375313051E-03
+3.113515000E-03,-2.212782894E-03,-42.752826118E-03,-96.538001478E-03
+3.113520000E-03,+14.162845105E-03,-39.847675472E-03,-95.438755271E-03
+3.113525000E-03,+29.139289651E-03,-40.946921704E-03,-95.337624610E-03
+3.113530000E-03,+44.996701571E-03,-41.182474414E-03,-94.418654779E-03
+3.113535000E-03,+59.765859721E-03,-40.632851336E-03,-94.058102012E-03
+3.113540000E-03,+75.571449983E-03,-40.789886530E-03,-93.433730167E-03
+3.113545000E-03,+92.102542720E-03,-40.397298607E-03,-92.831343239E-03
+3.113550000E-03,+106.871700900E-03,-39.847675465E-03,-92.167398524E-03
+3.113555000E-03,+121.485394261E-03,-41.810615149E-03,-91.582599531E-03
+3.113560000E-03,+138.482881440E-03,-40.711368879E-03,-90.883478926E-03
+3.113565000E-03,+153.873898825E-03,-39.690640298E-03,-90.391016637E-03
+3.113570000E-03,+169.938597145E-03,-38.983982059E-03,-89.533604575E-03
+3.113575000E-03,+185.329614602E-03,-40.868404078E-03,-89.071921170E-03
+3.113580000E-03,+200.513345633E-03,-39.612122621E-03,-88.073805600E-03
+3.113585000E-03,+215.904363014E-03,-40.789886491E-03,-87.704458866E-03
+3.113590000E-03,+231.554488419E-03,-41.418027150E-03,-86.653579485E-03
+3.113595000E-03,+246.375468211E-03,-41.732097466E-03,-86.218277970E-03
+3.113600000E-03,+261.921950473E-03,-40.789886524E-03,-85.189383529E-03
+3.113605000E-03,+276.432000539E-03,-39.926193091E-03,-84.569408642E-03
+3.113610000E-03,+292.082126046E-03,-40.632851324E-03,-83.821921229E-03
+3.113615000E-03,+306.747640930E-03,-41.496544801E-03,-82.766644843E-03
+3.113620000E-03,+321.879550329E-03,-40.240263433E-03,-82.366519237E-03
+3.113625000E-03,+336.907816533E-03,-40.318780995E-03,-80.985865971E-03
+3.113630000E-03,+351.987904354E-03,-40.161745801E-03,-80.682474023E-03
+3.113635000E-03,+366.031559918E-03,-41.182474420E-03,-79.279835842E-03
+3.113640000E-03,+380.282501934E-03,-40.161745833E-03,-78.862122279E-03
+3.113645000E-03,+395.051660123E-03,-40.554333659E-03,-77.591393654E-03
+3.113650000E-03,+410.805428721E-03,-41.339509595E-03,-76.989006720E-03
+3.113655000E-03,+425.056370818E-03,-41.260992053E-03,-75.872172565E-03
+3.113660000E-03,+439.566420944E-03,-41.025439240E-03,-75.093906241E-03
+3.113665000E-03,+453.299146983E-03,-40.868404104E-03,-74.214509266E-03
+3.113670000E-03,+467.757375467E-03,-41.025439227E-03,-73.000941444E-03
+3.113675000E-03,+480.712777282E-03,-41.496544697E-03,-72.433730392E-03
+3.113680000E-03,+495.637400221E-03,-40.554333658E-03,-70.987122370E-03
+3.113685000E-03,+509.370126230E-03,-39.612122678E-03,-70.538629903E-03
+3.113690000E-03,+523.310138699E-03,-41.025439272E-03,-69.127197774E-03
+3.113695000E-03,+537.975653587E-03,-41.810615045E-03,-68.441268114E-03
+3.113700000E-03,+551.604736300E-03,-40.083228305E-03,-67.179333477E-03
+3.113705000E-03,+564.456494982E-03,-41.496544853E-03,-66.326318392E-03
+3.113710000E-03,+578.344685844E-03,-39.926193020E-03,-65.187499321E-03
+3.113715000E-03,+591.921946949E-03,-42.517273466E-03,-64.171795800E-03
+3.113720000E-03,+605.447386576E-03,-40.397298549E-03,-63.090137528E-03
+3.113725000E-03,+619.128290900E-03,-40.711368950E-03,-62.034861156E-03
+3.113730000E-03,+632.187335986E-03,-42.203202967E-03,-61.001569709E-03
+3.113735000E-03,+644.987273018E-03,-41.260992079E-03,-59.796795863E-03
+3.113740000E-03,+657.735388463E-03,-41.260991968E-03,-58.728328527E-03
+3.113745000E-03,+670.379860733E-03,-42.046167826E-03,-57.796167743E-03
+3.113750000E-03,+682.091544059E-03,-41.260991942E-03,-56.472675288E-03
+3.113755000E-03,+694.632373036E-03,-42.595790955E-03,-55.733981827E-03
+3.113760000E-03,+707.587774903E-03,-42.203203072E-03,-54.102700438E-03
+3.113765000E-03,+719.351279802E-03,-39.926193092E-03,-53.429961752E-03
+3.113770000E-03,+730.959319857E-03,-41.496544775E-03,-51.807474333E-03
+3.113775000E-03,+743.448327273E-03,-41.967650252E-03,-50.923680372E-03
+3.113780000E-03,+755.470940180E-03,-40.632851370E-03,-49.450690445E-03
+3.113785000E-03,+767.649017986E-03,-41.575062362E-03,-48.593278380E-03
+3.113790000E-03,+780.034382145E-03,-40.946921632E-03,-47.146670379E-03
+3.113795000E-03,+790.087774014E-03,-40.868404098E-03,-46.029836198E-03
+3.113800000E-03,+800.918490000E-03,-41.260992060E-03,-44.961368887E-03
+3.113805000E-03,+811.749206025E-03,-40.868404105E-03,-43.563127690E-03
+3.113810000E-03,+824.497321367E-03,-41.339509588E-03,-42.604584989E-03
+3.113815000E-03,+834.498891650E-03,-42.203203085E-03,-41.065640279E-03
+3.113820000E-03,+844.189532246E-03,-41.103956859E-03,-40.146670439E-03
+3.113825000E-03,+854.864783418E-03,-41.025439286E-03,-38.598931772E-03
+3.113830000E-03,+865.902785751E-03,-40.554333730E-03,-37.464509669E-03
+3.113835000E-03,+876.837144900E-03,-42.360238147E-03,-36.237750880E-03
+3.113840000E-03,+887.046001644E-03,-41.810615150E-03,-34.936243361E-03
+3.113845000E-03,+895.492923686E-03,-40.083228274E-03,-33.806218246E-03
+3.113850000E-03,+906.271818056E-03,-41.889132631E-03,-32.333228314E-03
+3.113855000E-03,+915.962458634E-03,-42.831343809E-03,-31.352700679E-03
+3.113860000E-03,+925.238526374E-03,-39.769157965E-03,-29.752198198E-03
+3.113865000E-03,+934.462772497E-03,-41.653579956E-03,-28.745288639E-03
+3.113870000E-03,+943.479732151E-03,-39.690640239E-03,-27.153580147E-03
+3.113875000E-03,+950.579292408E-03,-41.418027208E-03,-26.005967065E-03
+3.113880000E-03,+960.321754637E-03,-41.182474340E-03,-24.695665589E-03
+3.113885000E-03,+968.146817389E-03,-40.789886584E-03,-23.297424376E-03
+3.113890000E-03,+977.422885054E-03,-40.397298629E-03,-22.198178181E-03
+3.113895000E-03,+985.299769436E-03,-41.496544735E-03,-20.536117879E-03
+3.113900000E-03,+993.435761819E-03,-41.732097643E-03,-19.621545038E-03
+3.113905000E-03,+1.000483500468E+00,-41.260992007E-03,-17.831972185E-03
+3.113910000E-03,+1.008412206413E+00,-41.810615037E-03,-17.009736019E-03
+3.113915000E-03,+1.016548198811E+00,-42.752826182E-03,-15.272926988E-03
+3.113920000E-03,+1.024010510271E+00,-39.926193087E-03,-14.345163186E-03
+3.113925000E-03,+1.029814530252E+00,-42.203203012E-03,-12.691896864E-03
+3.113930000E-03,+1.037276841743E+00,-41.967650291E-03,-11.715766227E-03
+3.113935000E-03,+1.044272758806E+00,-41.182474480E-03,-10.106469753E-03
+3.113940000E-03,+1.050957746176E+00,-41.732097650E-03,-8.985238622E-03
+3.113945000E-03,+1.056813587835E+00,-41.339509561E-03,-7.538630580E-03
+3.113950000E-03,+1.064120434464E+00,-41.418027235E-03,-6.386620558E-03
+3.113955000E-03,+1.070442670577E+00,-42.438755787E-03,-4.865263776E-03
+3.113960000E-03,+1.076298512254E+00,-41.182474393E-03,-3.796796465E-03
+3.113965000E-03,+1.082309818705E+00,-42.281720727E-03,-2.125942194E-03
+3.113970000E-03,+1.089409378877E+00,-40.789886511E-03,-1.228957307E-03
+3.113975000E-03,+1.094591539612E+00,-43.459484419E-03,+459.484921E-06
+3.113980000E-03,+1.098996376319E+00,-41.575062349E-03,+1.154208505E-03
+3.113985000E-03,+1.105214969217E+00,-28.462625970E-03,+3.211997447E-03
+3.113990000E-03,+1.108583373744E+00,+1.993679276753E+00,+3.827575303E-03
+3.113995000E-03,+1.112884567129E+00,+2.552096392265E+00,+5.705087870E-03
+3.114000000E-03,+1.116823009276E+00,+2.552096392265E+00,+6.443781312E-03
+3.114005000E-03,+1.121020559505E+00,+2.552096392265E+00,+8.189384338E-03
+3.114010000E-03,+1.123715283107E+00,+2.552096392265E+00,+9.279836553E-03
+3.114015000E-03,+1.127653725258E+00,+2.552096392265E+00,+10.722047625E-03
+3.114020000E-03,+1.131177594549E+00,+2.552096392265E+00,+12.058730985E-03
+3.114025000E-03,+1.133665031775E+00,+2.552096392265E+00,+13.118404384E-03
+3.114030000E-03,+1.137966225170E+00,+2.552096392265E+00,+14.692524927E-03
+3.114035000E-03,+1.141075521592E+00,+2.552096392265E+00,+15.782977222E-03
+3.114040000E-03,+1.143562958756E+00,+2.552096392265E+00,+17.440640473E-03
+3.114045000E-03,+1.146050395920E+00,+2.552096392265E+00,+18.271670665E-03
+3.114050000E-03,+1.149470622032E+00,+2.552096392265E+00,+19.872173115E-03
+3.114055000E-03,+1.150817983898E+00,+2.552096392265E+00,+20.967022393E-03
+3.114060000E-03,+1.152994491287E+00,+2.552096392265E+00,+22.343278617E-03
+3.114065000E-03,+1.155430106870E+00,+2.552724532955E+00,+23.526067591E-03
+3.114070000E-03,+1.156414717439E+00,+2.552724532961E+00,+24.906720804E-03
+3.114075000E-03,+1.157088398368E+00,+2.552724532961E+00,+26.098303735E-03
+3.114080000E-03,+1.157917544087E+00,+2.552724532961E+00,+27.483353941E-03
+3.114085000E-03,+1.158902154621E+00,+2.552724532961E+00,+28.617776071E-03
+3.114090000E-03,+1.159161262712E+00,+2.552724532961E+00,+29.954459456E-03
+3.114095000E-03,+1.160094051579E+00,+2.552724532961E+00,+31.027323781E-03
+3.114100000E-03,+1.160508624435E+00,+2.552724532961E+00,+32.601444352E-03
+3.114105000E-03,+1.160767732481E+00,+2.552724532961E+00,+33.318152898E-03
+3.114110000E-03,+1.160145873205E+00,+2.552724532961E+00,+35.248429247E-03
+3.114115000E-03,+1.159938586734E+00,+2.552724532961E+00,+35.666142829E-03
+3.114120000E-03,+1.159109441091E+00,+2.552724532961E+00,+37.745916653E-03
+3.114125000E-03,+1.158383938550E+00,+2.552724532961E+00,+38.014132748E-03
+3.114130000E-03,+1.158073008964E+00,+2.552724532961E+00,+40.014760846E-03
+3.114135000E-03,+1.157502971219E+00,+2.552724532961E+00,+40.485238260E-03
+3.114140000E-03,+1.156570182284E+00,+2.552724532961E+00,+42.309986946E-03
+3.114145000E-03,+1.154860069268E+00,+2.552724532961E+00,+43.075062358E-03
+3.114150000E-03,+1.153253599427E+00,+2.552724532961E+00,+44.332599997E-03
+3.114155000E-03,+1.151180735187E+00,+2.552724532961E+00,+45.598931670E-03
+3.114160000E-03,+1.149626086903E+00,+2.552724532961E+00,+46.456343691E-03
+3.114165000E-03,+1.146983184917E+00,+2.552724532961E+00,+48.012876369E-03
+3.114170000E-03,+1.144236639720E+00,+2.552724532961E+00,+48.536117550E-03
+3.114175000E-03,+1.142060132161E+00,+2.552724532961E+00,+50.492775825E-03
+3.114180000E-03,+1.138328976503E+00,+2.552724532961E+00,+50.589509498E-03
+3.114185000E-03,+1.136463398589E+00,+2.552724532961E+00,+52.673680324E-03
+3.114190000E-03,+1.132680421242E+00,+2.552724532961E+00,+52.801192893E-03
+3.114195000E-03,+1.129104730367E+00,+2.552724532961E+00,+54.727072254E-03
+3.114200000E-03,+1.126150898758E+00,+2.552724532961E+00,+55.070037098E-03
+3.114205000E-03,+1.122523386143E+00,+2.552724532961E+00,+56.683730525E-03
+3.114210000E-03,+1.118325836037E+00,+2.552724532961E+00,+57.316896365E-03
+3.114215000E-03,+1.113765534560E+00,+2.552724532961E+00,+58.592021964E-03
+3.114220000E-03,+1.109516162705E+00,+2.552724532961E+00,+59.361494332E-03
+3.114225000E-03,+1.105111326101E+00,+2.552724532961E+00,+60.561871193E-03
+3.114230000E-03,+1.099203662898E+00,+2.552724532961E+00,+61.436871187E-03
+3.114235000E-03,+1.094280610160E+00,+2.552724532961E+00,+62.536117407E-03
+3.114240000E-03,+1.089357557439E+00,+2.552724532961E+00,+63.393529460E-03
+3.114245000E-03,+1.083916288695E+00,+2.552724532961E+00,+64.541142516E-03
+3.114250000E-03,+1.077283122973E+00,+2.552724532961E+00,+65.222675168E-03
+3.114255000E-03,+1.072826464629E+00,+2.552724532961E+00,+66.484609831E-03
+3.114260000E-03,+1.066556050178E+00,+2.552724532961E+00,+67.078202783E-03
+3.114265000E-03,+1.060855673309E+00,+2.552724532961E+00,+68.362122371E-03
+3.114270000E-03,+1.055258939710E+00,+2.552724532961E+00,+68.946921364E-03
+3.114275000E-03,+1.048729417176E+00,+2.552724532961E+00,+70.186871089E-03
+3.114280000E-03,+1.041007997766E+00,+2.552724532961E+00,+70.798051995E-03
+3.114285000E-03,+1.034530296780E+00,+2.552724532961E+00,+71.778579615E-03
+3.114290000E-03,+1.027223450106E+00,+2.552724532961E+00,+72.592021827E-03
+3.114295000E-03,+1.019087457699E+00,+2.552724532961E+00,+73.313127345E-03
+3.114300000E-03,+1.012143362310E+00,+2.552724532961E+00,+74.403579597E-03
+3.114305000E-03,+1.004111013168E+00,+2.552724532961E+00,+74.874056971E-03
+3.114310000E-03,+995.042231844E-03,+2.552724532961E+00,+76.087624796E-03
+3.114315000E-03,+987.476277202E-03,+2.552724532961E+00,+76.399810734E-03
+3.114320000E-03,+978.718425482E-03,+2.552724532961E+00,+77.666142369E-03
+3.114325000E-03,+970.634254710E-03,+2.552724532961E+00,+77.991519260E-03
+3.114330000E-03,+962.912835222E-03,+2.552724532961E+00,+78.998428786E-03
+3.114335000E-03,+954.414091622E-03,+2.552724532961E+00,+79.552448896E-03
+3.114340000E-03,+946.174456014E-03,+2.552724532961E+00,+80.238378520E-03
+3.114345000E-03,+936.742923424E-03,+2.552724532961E+00,+81.034232801E-03
+3.114350000E-03,+926.274958744E-03,+2.552724532961E+00,+81.513504134E-03
+3.114355000E-03,+917.361642326E-03,+2.552724532961E+00,+82.529207654E-03
+3.114360000E-03,+908.448325825E-03,+2.552724532961E+00,+82.740262924E-03
+3.114365000E-03,+897.824896254E-03,+2.552724532961E+00,+83.909860897E-03
+3.114370000E-03,+887.875147649E-03,+2.552724532961E+00,+83.870288045E-03
+3.114375000E-03,+877.303539713E-03,+2.552724532961E+00,+85.031092043E-03
+3.114380000E-03,+867.561077469E-03,+2.552724532961E+00,+85.075061906E-03
+3.114385000E-03,+858.129544879E-03,+2.552724532961E+00,+86.147926200E-03
+3.114390000E-03,+846.573326535E-03,+2.552724532961E+00,+86.279835758E-03
+3.114395000E-03,+837.349080319E-03,+2.552724532961E+00,+87.247172421E-03
+3.114400000E-03,+826.414721149E-03,+2.552724532961E+00,+87.343906093E-03
+3.114405000E-03,+814.184821764E-03,+2.552724532961E+00,+88.324433715E-03
+3.114410000E-03,+802.006744084E-03,+2.552724532961E+00,+88.342021663E-03
+3.114415000E-03,+791.124206484E-03,+2.552724532961E+00,+89.326946278E-03
+3.114420000E-03,+780.397133758E-03,+2.552724532961E+00,+89.212624666E-03
+3.114425000E-03,+770.602849916E-03,+2.552724532961E+00,+90.465765356E-03
+3.114430000E-03,+758.528415362E-03,+2.552724532961E+00,+89.924936218E-03
+3.114435000E-03,+746.557623996E-03,+2.552724532961E+00,+91.296795503E-03
+3.114440000E-03,+734.483189480E-03,+2.552724532961E+00,+90.663629679E-03
+3.114445000E-03,+722.460576539E-03,+2.552724532961E+00,+92.184986435E-03
+3.114450000E-03,+711.059822860E-03,+2.552724532961E+00,+91.318780435E-03
+3.114455000E-03,+699.296318017E-03,+2.552724532961E+00,+92.879710051E-03
+3.114460000E-03,+685.926343267E-03,+2.552724532961E+00,+92.057473893E-03
+3.114465000E-03,+672.970941466E-03,+2.552724532961E+00,+93.319408536E-03
+3.114470000E-03,+661.051971655E-03,+2.552724532961E+00,+92.848931170E-03
+3.114475000E-03,+648.614785878E-03,+2.552724532961E+00,+93.759107023E-03
+3.114480000E-03,+635.918492053E-03,+2.552724532961E+00,+93.490890957E-03
+3.114485000E-03,+623.222198234E-03,+2.552724532961E+00,+94.207599486E-03
+3.114490000E-03,+609.437650671E-03,+2.552724532961E+00,+94.062498989E-03
+3.114495000E-03,+596.171319178E-03,+2.552724532961E+00,+94.590137175E-03
+3.114500000E-03,+582.645879573E-03,+2.552724532961E+00,+94.471418585E-03
+3.114505000E-03,+570.053228964E-03,+2.552724532961E+00,+95.007850746E-03
+3.114510000E-03,+556.320502942E-03,+2.552724532961E+00,+94.840765309E-03
+3.114515000E-03,+541.240415268E-03,+2.552724532961E+00,+95.276066820E-03
+3.114520000E-03,+527.714975597E-03,+2.552724532961E+00,+95.012247718E-03
+3.114525000E-03,+512.116671814E-03,+2.552724532961E+00,+95.553076868E-03
+3.114530000E-03,+499.264913158E-03,+2.552724532961E+00,+95.148554263E-03
+3.114535000E-03,+484.443933427E-03,+2.552724532961E+00,+95.742147215E-03
+3.114540000E-03,+471.903104359E-03,+2.552724532961E+00,+95.311242704E-03
+3.114545000E-03,+457.237589446E-03,+2.552724532961E+00,+95.755338166E-03
+3.114550000E-03,+442.986647425E-03,+2.552724532961E+00,+95.539885922E-03
+3.114555000E-03,+429.720315885E-03,+2.552724532961E+00,+95.601443691E-03
+3.114560000E-03,+415.883946677E-03,+2.552724532961E+00,+95.680589434E-03
+3.114565000E-03,+400.181999647E-03,+2.552724532961E+00,+95.407976362E-03
+3.114570000E-03,+385.879236005E-03,+2.552724532961E+00,+95.737750235E-03
+3.114575000E-03,+371.006434652E-03,+2.552724532961E+00,+95.240890943E-03
+3.114580000E-03,+357.221887028E-03,+2.552724532961E+00,+95.610237673E-03
+3.114585000E-03,+341.571761549E-03,+2.552724532961E+00,+95.082599484E-03
+3.114590000E-03,+326.543495364E-03,+2.552724532961E+00,+95.412373344E-03
+3.114595000E-03,+311.877980493E-03,+2.552724532961E+00,+94.818780403E-03
+3.114600000E-03,+297.575216799E-03,+2.552724532961E+00,+95.095790428E-03
+3.114605000E-03,+283.116988320E-03,+2.552724532961E+00,+94.669282917E-03
+3.114610000E-03,+268.192365412E-03,+2.552724532961E+00,+94.510991441E-03
+3.114615000E-03,+252.801347984E-03,+2.552724532961E+00,+94.440639698E-03
+3.114620000E-03,+238.239476233E-03,+2.552724532961E+00,+93.974559296E-03
+3.114625000E-03,+222.330242721E-03,+2.552724532961E+00,+94.053705033E-03
+3.114630000E-03,+208.131122294E-03,+2.552724532961E+00,+93.460112067E-03
+3.114635000E-03,+191.600029488E-03,+2.552724532961E+00,+93.596418596E-03
+3.114640000E-03,+176.312655294E-03,+2.552724532961E+00,+92.950061830E-03
+3.114645000E-03,+160.817994584E-03,+2.552724532961E+00,+92.928076894E-03
+3.114650000E-03,+144.856939627E-03,+2.552724532961E+00,+92.400438720E-03
+3.114655000E-03,+128.999527684E-03,+2.552724532961E+00,+92.114634694E-03
+3.114660000E-03,+112.727542996E-03,+2.552724532961E+00,+91.872800537E-03
+3.114665000E-03,+98.580244004E-03,+2.552724532961E+00,+91.288001542E-03
+3.114670000E-03,+82.878297085E-03,+2.552724532961E+00,+91.226443755E-03
+3.114675000E-03,+66.917241908E-03,+2.552724532961E+00,+90.505338234E-03
+3.114680000E-03,+51.681689288E-03,+2.552724532961E+00,+90.373428682E-03
+3.114685000E-03,+36.031563866E-03,+2.552724532961E+00,+89.722674929E-03
+3.114690000E-03,+20.640546409E-03,+2.552724532961E+00,+89.370916133E-03
+3.114695000E-03,+5.767745071E-03,+2.552724532961E+00,+88.821293036E-03
+3.114700000E-03,-9.726915548E-03,+2.552724532961E+00,+88.306845795E-03
+3.114705000E-03,-24.547895322E-03,+2.552724532961E+00,+88.038629710E-03
+3.114710000E-03,-39.161588614E-03,+2.552724532961E+00,+87.185614657E-03
+3.114715000E-03,-55.070822107E-03,+2.552724532961E+00,+87.005338265E-03
+3.114720000E-03,-70.150909880E-03,+2.552724532961E+00,+86.073177488E-03
+3.114725000E-03,-85.697392102E-03,+2.552724532961E+00,+85.879710127E-03
+3.114730000E-03,-100.725658315E-03,+2.552724532961E+00,+85.031092076E-03
+3.114735000E-03,-116.686713353E-03,+2.552724532961E+00,+84.604584513E-03
+3.114740000E-03,-132.751411727E-03,+2.552724532961E+00,+83.953830786E-03
+3.114745000E-03,-148.505180426E-03,+2.552724532961E+00,+83.294283019E-03
+3.114750000E-03,-163.688911361E-03,+2.552724532961E+00,+82.806217735E-03
+3.114755000E-03,-179.079928842E-03,+2.552724532961E+00,+81.887247865E-03
+3.114760000E-03,-194.367303050E-03,+2.552724532961E+00,+81.535489097E-03
+3.114765000E-03,-208.670066716E-03,+2.552724532961E+00,+80.563755420E-03
+3.114770000E-03,-224.009262474E-03,+2.552724532961E+00,+80.102072032E-03
+3.114775000E-03,-240.125782450E-03,+2.552724532961E+00,+79.209484081E-03
+3.114780000E-03,-256.553231940E-03,+2.552724532961E+00,+78.580715254E-03
+3.114785000E-03,-271.374211729E-03,+2.552724532961E+00,+77.824433844E-03
+3.114790000E-03,-286.402477943E-03,+2.552724532961E+00,+77.010991647E-03
+3.114795000E-03,-300.860706373E-03,+2.552724532961E+00,+76.404207731E-03
+3.114800000E-03,-317.443620812E-03,+2.552724532961E+00,+75.357725340E-03
+3.114805000E-03,-331.435454809E-03,+2.552724532961E+00,+74.834484125E-03
+3.114810000E-03,-346.308256157E-03,+2.552724532961E+00,+73.744031897E-03
+3.114815000E-03,-361.751095217E-03,+2.552724532961E+00,+73.216393686E-03
+3.114820000E-03,-375.846572486E-03,+2.552724532961E+00,+72.086368599E-03
+3.114825000E-03,-391.548519530E-03,+2.552724532961E+00,+71.396041949E-03
+3.114830000E-03,-405.747639908E-03,+2.552724532961E+00,+70.516645003E-03
+3.114835000E-03,-420.154046935E-03,+2.552724532961E+00,+69.404207802E-03
+3.114840000E-03,-436.477853195E-03,+2.552724532961E+00,+68.902951548E-03
+3.114845000E-03,-451.765227432E-03,+2.552724532961E+00,+67.522298274E-03
+3.114850000E-03,-465.342488515E-03,+2.552724532961E+00,+67.157348543E-03
+3.114855000E-03,-479.075214596E-03,+2.552724532961E+00,+65.635991769E-03
+3.114860000E-03,-493.377978213E-03,+2.552724532961E+00,+65.169911378E-03
+3.114865000E-03,-507.991671534E-03,+2.552724532961E+00,+63.674936516E-03
+3.114870000E-03,-522.242613558E-03,+2.552724532961E+00,+63.182474213E-03
+3.114875000E-03,-535.094372336E-03,+2.552724532961E+00,+61.955715429E-03
+3.114880000E-03,-547.738844523E-03,+2.552724532961E+00,+61.032348612E-03
+3.114885000E-03,-561.937964950E-03,+2.552724532961E+00,+60.170539564E-03
+3.114890000E-03,-576.188907047E-03,+2.552724532961E+00,+58.869032056E-03
+3.114895000E-03,-589.558881725E-03,+2.552724532961E+00,+58.222675260E-03
+3.114900000E-03,-603.084321254E-03,+2.552724532961E+00,+56.710112481E-03
+3.114905000E-03,-616.557939268E-03,+2.552724532961E+00,+56.288001909E-03
+3.114910000E-03,-629.668805908E-03,+2.552724532961E+00,+54.533604970E-03
+3.114915000E-03,-643.349710313E-03,+2.552724532961E+00,+54.208228054E-03
+3.114920000E-03,-656.046004093E-03,+2.552724532961E+00,+52.414258268E-03
+3.114925000E-03,-669.053227592E-03,+2.552724532961E+00,+52.049308484E-03
+3.114930000E-03,-681.697699872E-03,+2.552724532961E+00,+50.242147737E-03
+3.114935000E-03,-694.704923277E-03,+2.552724532961E+00,+49.806846198E-03
+3.114940000E-03,-707.038465986E-03,+2.552724532961E+00,+48.179961828E-03
+3.114945000E-03,-719.734759781E-03,+2.552724532961E+00,+47.639132655E-03
+3.114950000E-03,-731.964659162E-03,+2.552724532961E+00,+45.880338731E-03
+3.114955000E-03,-745.127347379E-03,+2.552724532961E+00,+45.291142741E-03
+3.114960000E-03,-756.839030661E-03,+2.552724532961E+00,+43.431218154E-03
+3.114965000E-03,-769.172573237E-03,+2.552724532961E+00,+43.061871408E-03
+3.114970000E-03,-780.884256554E-03,+2.552724532961E+00,+41.017273450E-03
+3.114975000E-03,-792.958691162E-03,+2.552724532961E+00,+40.880966908E-03
+3.114980000E-03,-804.307623186E-03,+2.552724532961E+00,+38.576946846E-03
+3.114985000E-03,-815.967484840E-03,+2.552724532961E+00,+38.519786034E-03
+3.114990000E-03,-826.901844025E-03,+2.552724532961E+00,+36.083856428E-03
+3.114995000E-03,-838.924457006E-03,+2.552724532961E+00,+35.969534805E-03
