x-axis,1,2,3
second,Volt,Volt,Volt
+3.105000000E-03,+1.013905296886E+00,+2.552724532961E+00,+74.539886136E-03
+3.105005000E-03,+1.006805736661E+00,+2.552724532961E+00,+75.102700201E-03
+3.105010000E-03,+999.498890006E-03,+2.552724532961E+00,+76.061242904E-03
+3.105015000E-03,+990.585573519E-03,+2.552724532961E+00,+76.602072044E-03
+3.105020000E-03,+982.864154003E-03,+2.552724532961E+00,+77.595790626E-03
+3.105025000E-03,+975.609128955E-03,+2.552724532961E+00,+78.158604691E-03
+3.105030000E-03,+968.975963197E-03,+2.552724532961E+00,+78.994031817E-03
+3.105035000E-03,+960.010825103E-03,+2.552724532961E+00,+79.653579549E-03
+3.105040000E-03,+953.014908091E-03,+2.552724532961E+00,+80.445036827E-03
+3.105045000E-03,+943.946126782E-03,+2.552724532961E+00,+81.029835815E-03
+3.105050000E-03,+936.639280126E-03,+2.552724532961E+00,+81.834484048E-03
+3.105055000E-03,+927.311390779E-03,+2.552724532961E+00,+82.388504143E-03
+3.105060000E-03,+917.724393395E-03,+2.552724532961E+00,+83.114006647E-03
+3.105065000E-03,+909.432936198E-03,+2.552724532961E+00,+83.522926241E-03
+3.105070000E-03,+899.690473990E-03,+2.552724532961E+00,+84.358353368E-03
+3.105075000E-03,+889.999833391E-03,+2.552724532961E+00,+84.727700098E-03
+3.105080000E-03,+881.086516903E-03,+2.552724532961E+00,+85.567524209E-03
+3.105085000E-03,+871.084946659E-03,+2.552724532961E+00,+85.884107120E-03
+3.105090000E-03,+860.876089984E-03,+2.552724532961E+00,+86.614006610E-03
+3.105095000E-03,+851.444557422E-03,+2.552724532961E+00,+87.088880977E-03
+3.105100000E-03,+840.976592710E-03,+2.552724532961E+00,+87.554961373E-03
+3.105105000E-03,+830.871379251E-03,+2.552724532961E+00,+88.130966393E-03
+3.105110000E-03,+820.040663288E-03,+2.552724532961E+00,+88.482725183E-03
+3.105115000E-03,+808.847196070E-03,+2.552724532961E+00,+89.129081960E-03
+3.105120000E-03,+797.342799209E-03,+2.552724532961E+00,+89.406092007E-03
+3.105125000E-03,+787.185764142E-03,+2.552724532961E+00,+90.166770391E-03
+3.105130000E-03,+777.495123540E-03,+2.552724532961E+00,+90.250313103E-03
+3.105135000E-03,+766.042548288E-03,+2.552724532961E+00,+91.024182442E-03
+3.105140000E-03,+753.398076060E-03,+2.552724532961E+00,+91.072549275E-03
+3.105145000E-03,+742.567360097E-03,+2.552724532961E+00,+91.718906053E-03
+3.105150000E-03,+731.062963234E-03,+2.552724532961E+00,+91.842021629E-03
+3.105155000E-03,+719.869496019E-03,+2.552724532961E+00,+92.382850769E-03
+3.105160000E-03,+708.727850410E-03,+2.552724532961E+00,+92.646669862E-03
+3.105165000E-03,+695.254232463E-03,+2.552724532961E+00,+92.892901015E-03
+3.105170000E-03,+684.164408462E-03,+2.552724532961E+00,+93.266644730E-03
+3.105175000E-03,+670.898076946E-03,+2.552724532961E+00,+93.376569352E-03
+3.105180000E-03,+658.823642400E-03,+2.552724532961E+00,+93.864634673E-03
+3.105185000E-03,+646.490099820E-03,+2.552724532961E+00,+93.869031658E-03
+3.105190000E-03,+634.571130099E-03,+2.552724532961E+00,+94.361493964E-03
+3.105195000E-03,+621.563906620E-03,+2.552724532961E+00,+94.194408539E-03
+3.105200000E-03,+609.074899215E-03,+2.552724532961E+00,+94.796795467E-03
+3.105205000E-03,+595.912210914E-03,+2.552724532961E+00,+94.576946223E-03
+3.105210000E-03,+583.215917081E-03,+2.552724532961E+00,+95.056217575E-03
+3.105215000E-03,+569.845942350E-03,+2.552724532961E+00,+94.924308029E-03
+3.105220000E-03,+556.838718872E-03,+2.552724532961E+00,+95.289257773E-03
+3.105225000E-03,+542.535955206E-03,+2.552724532961E+00,+95.148554257E-03
+3.105230000E-03,+530.513342268E-03,+2.552724532961E+00,+95.487122092E-03
+3.105235000E-03,+515.433254491E-03,+2.552724532961E+00,+95.372800486E-03
+3.105240000E-03,+502.633317441E-03,+2.552724532961E+00,+95.610237669E-03
+3.105245000E-03,+488.745126636E-03,+2.552724532961E+00,+95.509107017E-03
+3.105250000E-03,+475.375151905E-03,+2.552724532961E+00,+95.636619578E-03
+3.105255000E-03,+461.072388241E-03,+2.552724532961E+00,+95.597046715E-03
+3.105260000E-03,+446.406873326E-03,+2.552724532961E+00,+95.539885911E-03
+3.105265000E-03,+432.207752873E-03,+2.552724532961E+00,+95.676192443E-03
+3.105270000E-03,+418.526848496E-03,+2.552724532961E+00,+95.337624607E-03
+3.105275000E-03,+403.394939109E-03,+2.552724532961E+00,+95.641016564E-03
+3.105280000E-03,+390.128607593E-03,+2.552724532961E+00,+95.174936166E-03
+3.105285000E-03,+374.789411780E-03,+2.552724532961E+00,+95.456343199E-03
+3.105290000E-03,+360.434826504E-03,+2.552724532961E+00,+94.823177377E-03
+3.105295000E-03,+345.562025157E-03,+2.552724532961E+00,+95.385991441E-03
+3.105300000E-03,+330.896510238E-03,+2.552724532961E+00,+94.532976374E-03
+3.105305000E-03,+316.334638535E-03,+2.552724532961E+00,+95.060614560E-03
+3.105310000E-03,+303.068307018E-03,+2.552724532961E+00,+94.146041705E-03
+3.105315000E-03,+287.003608698E-03,+2.552724532961E+00,+94.638504012E-03
+3.105320000E-03,+272.234450566E-03,+2.552724532961E+00,+93.772297991E-03
+3.105325000E-03,+256.636146715E-03,+2.552724532961E+00,+94.124056781E-03
+3.105330000E-03,+242.022453401E-03,+2.552724532961E+00,+93.332599503E-03
+3.105335000E-03,+226.786900801E-03,+2.552724532961E+00,+93.556845732E-03
+3.105340000E-03,+212.380493919E-03,+2.552724532961E+00,+92.853328151E-03
+3.105345000E-03,+196.989476497E-03,+2.552724532961E+00,+92.950061819E-03
+3.105350000E-03,+181.961210330E-03,+2.552724532961E+00,+92.378453784E-03
+3.105355000E-03,+166.103798435E-03,+2.552724532961E+00,+92.176192481E-03
+3.105360000E-03,+150.712781014E-03,+2.552724532961E+00,+91.745287962E-03
+3.105365000E-03,+135.839979665E-03,+2.552724532961E+00,+91.327574400E-03
+3.105370000E-03,+119.516173306E-03,+2.552724532961E+00,+91.072549275E-03
+3.105375000E-03,+103.503296594E-03,+2.552724532961E+00,+90.456971394E-03
+3.105380000E-03,+88.734138464E-03,+2.552724532961E+00,+90.206343254E-03
+3.105385000E-03,+73.602229074E-03,+2.552724532961E+00,+89.608353313E-03
+3.105390000E-03,+58.366676475E-03,+2.552724532961E+00,+89.419282961E-03
+3.105395000E-03,+42.768372623E-03,+2.552724532961E+00,+88.742147292E-03
+3.105400000E-03,+27.947392881E-03,+2.552724532961E+00,+88.495916137E-03
+3.105405000E-03,+12.349089029E-03,+2.552724532961E+00,+87.642901073E-03
+3.105410000E-03,-3.093750003E-03,+2.552724532961E+00,+87.532976449E-03
+3.105415000E-03,-18.743875463E-03,+2.552724532961E+00,+86.552448823E-03
+3.105420000E-03,-32.476601444E-03,+2.552724532961E+00,+86.477700078E-03
+3.105425000E-03,-47.660332440E-03,+2.552724532961E+00,+85.431217679E-03
+3.105430000E-03,-62.740420217E-03,+2.552724532961E+00,+85.330087025E-03
+3.105435000E-03,-78.442367284E-03,+2.552724532961E+00,+84.217649853E-03
+3.105440000E-03,-94.092492740E-03,+2.552724532961E+00,+84.129710154E-03
+3.105445000E-03,-109.276223740E-03,+2.552724532961E+00,+82.902951375E-03
+3.105450000E-03,-125.392743664E-03,+2.552724532961E+00,+82.779835797E-03
+3.105455000E-03,-141.509263590E-03,+2.552724532961E+00,+81.746544351E-03
+3.105460000E-03,-155.656562437E-03,+2.552724532961E+00,+81.381594606E-03
+3.105465000E-03,-171.254866290E-03,+2.552724532961E+00,+80.515388586E-03
+3.105470000E-03,-187.319564607E-03,+2.552724532961E+00,+79.930589597E-03
+3.105475000E-03,-201.518685059E-03,+2.552724532961E+00,+79.222675031E-03
+3.105480000E-03,-216.806059268E-03,+2.552724532961E+00,+78.422423784E-03
+3.105485000E-03,-231.367930971E-03,+2.552724532961E+00,+77.806845901E-03
+3.105490000E-03,-246.499840359E-03,+2.552724532961E+00,+76.782348425E-03
+3.105495000E-03,-262.564538678E-03,+2.552724532961E+00,+76.470162497E-03
+3.105500000E-03,-277.281875204E-03,+2.552724532961E+00,+75.177448945E-03
+3.105505000E-03,-292.206498159E-03,+2.552724532961E+00,+74.918026836E-03
+3.105510000E-03,-307.079299509E-03,+2.552724532961E+00,+73.590137404E-03
+3.105515000E-03,-322.159387288E-03,+2.552724532961E+00,+73.308730371E-03
+3.105520000E-03,-337.343118280E-03,+2.552724532961E+00,+71.888504257E-03
+3.105525000E-03,-352.008633198E-03,+2.552724532961E+00,+71.554333405E-03
+3.105530000E-03,-366.829612933E-03,+2.552724532961E+00,+70.248428897E-03
+3.105535000E-03,-380.925090173E-03,+2.552724532961E+00,+69.751569605E-03
+3.105540000E-03,-396.108821168E-03,+2.552724532961E+00,+68.423680173E-03
+3.105545000E-03,-409.893368759E-03,+2.552724532961E+00,+67.913629926E-03
+3.105550000E-03,-426.009888685E-03,+2.552724532961E+00,+66.541770645E-03
+3.105555000E-03,-440.519938780E-03,+2.552724532961E+00,+66.075690248E-03
+3.105560000E-03,-455.081810487E-03,+2.552724532961E+00,+64.708227951E-03
+3.105565000E-03,-468.710893251E-03,+2.552724532961E+00,+64.149810872E-03
+3.105570000E-03,-482.754548883E-03,+2.552724532961E+00,+62.777951589E-03
+3.105575000E-03,-497.420063802E-03,+2.552724532961E+00,+62.153579737E-03
+3.105580000E-03,-511.826470681E-03,+2.552724532961E+00,+60.830087289E-03
+3.105585000E-03,-525.714661488E-03,+2.552724532961E+00,+60.227700361E-03
+3.105590000E-03,-538.721884962E-03,+2.552724532961E+00,+58.851444094E-03
+3.105595000E-03,-551.625465230E-03,+2.552724532961E+00,+58.178705408E-03
+3.105600000E-03,-566.394623364E-03,+2.552724532961E+00,+56.877197884E-03
+3.105605000E-03,-579.039095593E-03,+2.552724532961E+00,+56.002197894E-03
+3.105610000E-03,-592.564535138E-03,+2.552724532961E+00,+54.867775795E-03
+3.105615000E-03,-606.660012377E-03,+2.552724532961E+00,+53.891645153E-03
+3.105620000E-03,-618.578982102E-03,+2.552724532961E+00,+52.752826069E-03
+3.105625000E-03,-632.311708089E-03,+2.552724532961E+00,+51.745916533E-03
+3.105630000E-03,-645.267109951E-03,+2.552724532961E+00,+50.620288404E-03
+3.105635000E-03,-658.067047005E-03,+2.552724532961E+00,+49.573806003E-03
+3.105640000E-03,-671.126092089E-03,+2.552724532961E+00,+48.408605010E-03
+3.105645000E-03,-683.252348239E-03,+2.552724532961E+00,+47.313755776E-03
+3.105650000E-03,-696.000463676E-03,+2.552724532961E+00,+46.130966844E-03
+3.105655000E-03,-708.644935911E-03,+2.552724532961E+00,+45.132851277E-03
+3.105660000E-03,-721.030300094E-03,+2.552724532961E+00,+43.787373904E-03
+3.105665000E-03,-733.260199462E-03,+2.552724532961E+00,+42.894785973E-03
+3.105670000E-03,-745.749206868E-03,+2.552724532961E+00,+41.417399056E-03
+3.105675000E-03,-757.512711766E-03,+2.552724532961E+00,+40.511620170E-03
+3.105680000E-03,-769.587146315E-03,+2.552724532961E+00,+39.029836267E-03
+3.105685000E-03,-781.506116031E-03,+2.552724532961E+00,+38.176821200E-03
+3.105690000E-03,-793.373264150E-03,+2.552724532961E+00,+36.668655388E-03
+3.105695000E-03,-805.344055475E-03,+2.552724532961E+00,+35.648554895E-03
+3.105700000E-03,-816.019306617E-03,+2.552724532961E+00,+34.281092600E-03
+3.105705000E-03,-826.953665797E-03,+2.552724532961E+00,+33.155464470E-03
+3.105710000E-03,-838.198954612E-03,+2.552724532961E+00,+31.801193129E-03
+3.105715000E-03,-849.340600232E-03,+2.552724532961E+00,+30.653580075E-03
+3.105720000E-03,-859.393992083E-03,+2.552724532961E+00,+29.356469537E-03
+3.105725000E-03,-869.758313580E-03,+2.552724532961E+00,+28.178077588E-03
+3.105730000E-03,-880.433564719E-03,+2.552724532961E+00,+26.784233383E-03
+3.105735000E-03,-890.642421398E-03,+2.552724532961E+00,+25.772926861E-03
+3.105740000E-03,-901.628602179E-03,+2.552724532961E+00,+24.203203260E-03
+3.105745000E-03,-911.163777964E-03,+2.552724532961E+00,+23.477700754E-03
+3.105750000E-03,-920.232559271E-03,+2.552724532961E+00,+21.556218364E-03
+3.105755000E-03,-930.441415943E-03,+2.552724532961E+00,+20.949434450E-03
+3.105760000E-03,-940.183878154E-03,+2.552724532961E+00,+18.887248544E-03
+3.105765000E-03,-950.651842866E-03,+2.552724532961E+00,+18.473931964E-03
+3.105770000E-03,-959.772445785E-03,+2.552724532961E+00,+16.284233496E-03
+3.105775000E-03,-969.048513524E-03,+2.552724532961E+00,+15.954459628E-03
+3.105780000E-03,-976.977219476E-03,+2.552724532961E+00,+13.659233524E-03
+3.105785000E-03,-985.424141484E-03,+2.552724532961E+00,+13.338253627E-03
+3.105790000E-03,-994.285636370E-03,+2.552724532961E+00,+11.086997371E-03
+3.105795000E-03,-1.003458060900E+00,+2.552724532961E+00,+10.678077776E-03
+3.105800000E-03,-1.011179480411E+00,+2.552724532961E+00,+8.629082825E-03
+3.105805000E-03,-1.019678224041E+00,+2.552724532961E+00,+7.991520016E-03
+3.105810000E-03,-1.028073324452E+00,+2.552724532961E+00,+6.021670792E-03
+3.105815000E-03,-1.035328349498E+00,+2.552724532961E+00,+5.441268787E-03
+3.105820000E-03,-1.042065158471E+00,+2.552724532961E+00,+3.467022578E-03
+3.105825000E-03,-1.050408437279E+00,+2.552724532961E+00,+2.794283891E-03
+3.105830000E-03,-1.056989781430E+00,+2.552724532961E+00,+824.434667E-06
+3.105835000E-03,-1.064607557725E+00,+2.552724532961E+00,+213.253768E-06
+3.105840000E-03,-1.071344366704E+00,+2.552724532961E+00,-1.848932138E-03
+3.105845000E-03,-1.077562959606E+00,+2.552724532961E+00,-2.354585401E-03
+3.105850000E-03,-1.083988838927E+00,+2.552724532961E+00,-4.425565277E-03
+3.105855000E-03,-1.089896502180E+00,+2.552724532961E+00,-4.953203463E-03
+3.105860000E-03,-1.096426024727E+00,+2.552724532961E+00,-7.037374294E-03
+3.105865000E-03,-1.102178223160E+00,+2.552724532961E+00,-7.622173283E-03
+3.105870000E-03,-1.107723135157E+00,+2.552724532961E+00,-9.750313963E-03
+3.105875000E-03,-1.113423511985E+00,+2.552724532961E+00,-10.304334060E-03
+3.105880000E-03,-1.118709315950E+00,+2.552724532961E+00,-12.282977253E-03
+3.105885000E-03,-1.124254227942E+00,+2.552724532961E+00,-13.065640562E-03
+3.105890000E-03,-1.128296313338E+00,+1.438874046150E+00,-14.864007377E-03
+3.105895000E-03,-1.133167544428E+00,-146.553075944E-03,-15.598303851E-03
+3.105900000E-03,-1.137572381074E+00,-181.100814608E-03,-17.370288757E-03
+3.105905000E-03,-1.142754541814E+00,-902.952803E-06,-18.258479703E-03
+3.105910000E-03,-1.145760195062E+00,+154.326317809E-03,-19.999685714E-03
+3.105915000E-03,-1.149024956327E+00,-84.367147284E-03,-20.821921886E-03
+3.105920000E-03,-1.154051652256E+00,-75.416142383E-03,-22.633479655E-03
+3.105925000E-03,-1.157420056739E+00,-91.355212674E-03,-23.306218342E-03
+3.105930000E-03,-1.159959315507E+00,-17.156092793E-03,-25.368404249E-03
+3.105935000E-03,-1.164415973750E+00,-56.964509421E-03,-25.953203238E-03
+3.105940000E-03,-1.167162518949E+00,-45.893529666E-03,-27.896670553E-03
+3.105945000E-03,-1.169494491285E+00,-62.225187774E-03,-28.617776073E-03
+3.105950000E-03,-1.173070182198E+00,-48.484610048E-03,-30.495288616E-03
+3.105955000E-03,-1.174521187213E+00,-52.567524551E-03,-31.172424288E-03
+3.105960000E-03,-1.175039403289E+00,-48.877197977E-03,-32.953203163E-03
+3.105965000E-03,-1.177371375628E+00,-51.468278352E-03,-33.823806170E-03
+3.105970000E-03,-1.179288775097E+00,-48.955715562E-03,-35.327574996E-03
+3.105975000E-03,-1.180895244932E+00,-50.369032122E-03,-36.431218202E-03
+3.105980000E-03,-1.182605357971E+00,-46.207600008E-03,-37.741519694E-03
+3.105985000E-03,-1.182657179581E+00,-47.463881403E-03,-38.994660386E-03
+3.105990000E-03,-1.183123574058E+00,-48.406092436E-03,-40.111494544E-03
+3.105995000E-03,-1.184367292632E+00,-49.112750728E-03,-41.505338750E-03
+3.106000000E-03,-1.185300081572E+00,-47.306846229E-03,-42.547424165E-03
+3.106005000E-03,-1.186440156937E+00,-48.877197973E-03,-44.020414099E-03
+3.106010000E-03,-1.185248259967E+00,-49.819409011E-03,-44.970162834E-03
+3.106015000E-03,-1.185300081567E+00,-48.092022096E-03,-46.227700508E-03
+3.106020000E-03,-1.185870119255E+00,-47.149811059E-03,-47.568780896E-03
+3.106025000E-03,-1.183900898170E+00,-46.600187942E-03,-48.509735660E-03
+3.106030000E-03,-1.183227217274E+00,-46.364635176E-03,-49.969534639E-03
+3.106035000E-03,-1.182398071551E+00,-48.249057277E-03,-50.840137645E-03
+3.106040000E-03,-1.181983498692E+00,-46.050564824E-03,-52.405464259E-03
+3.106045000E-03,-1.179962456006E+00,-47.463881399E-03,-53.091393903E-03
+3.106050000E-03,-1.178977845457E+00,-47.228328633E-03,-54.705087351E-03
+3.106055000E-03,-1.176645873132E+00,-48.249057267E-03,-55.369032070E-03
+3.106060000E-03,-1.175143046506E+00,-46.600187944E-03,-56.947549638E-03
+3.106065000E-03,-1.173381111851E+00,-46.050564825E-03,-57.585112448E-03
+3.106070000E-03,-1.170168172189E+00,-45.657976891E-03,-59.119660168E-03
+3.106075000E-03,-1.168095307890E+00,-45.265388958E-03,-59.849559660E-03
+3.106080000E-03,-1.165711513948E+00,-45.815012068E-03,-61.344534516E-03
+3.106085000E-03,-1.163068611962E+00,-44.166142742E-03,-61.929333508E-03
+3.106090000E-03,-1.159596564260E+00,-46.600187938E-03,-63.613378713E-03
+3.106095000E-03,-1.156850019064E+00,-45.265388968E-03,-64.057474187E-03
+3.106100000E-03,-1.154725333158E+00,-45.108353794E-03,-65.842650046E-03
+3.106105000E-03,-1.150268674916E+00,-43.616519633E-03,-65.965765624E-03
+3.106110000E-03,-1.146382054351E+00,-45.657976883E-03,-67.948805802E-03
+3.106115000E-03,-1.143169114688E+00,-47.856469342E-03,-67.900438971E-03
+3.106120000E-03,-1.138919742879E+00,-45.186871372E-03,-69.936242967E-03
+3.106125000E-03,-1.135033122312E+00,-45.186871381E-03,-69.914258045E-03
+3.106130000E-03,-1.130161891215E+00,-45.579459299E-03,-71.870916313E-03
+3.106135000E-03,-1.125964341007E+00,-45.736494484E-03,-71.857725361E-03
+3.106140000E-03,-1.121041288296E+00,-44.009107559E-03,-73.792398704E-03
+3.106145000E-03,-1.115807305940E+00,-44.087625162E-03,-73.897926345E-03
+3.106150000E-03,-1.110573323590E+00,-44.166142733E-03,-75.551192654E-03
+3.106155000E-03,-1.105132054797E+00,-44.794283449E-03,-75.894157479E-03
+3.106160000E-03,-1.099224391546E+00,-43.223931702E-03,-77.217649923E-03
+3.106165000E-03,-1.093990409187E+00,-42.517273421E-03,-77.850815749E-03
+3.106170000E-03,-1.088030924328E+00,-45.972047242E-03,-78.892901163E-03
+3.106175000E-03,-1.081035007323E+00,-42.752826180E-03,-79.745916230E-03
+3.106180000E-03,-1.075230987280E+00,-43.930589971E-03,-80.550564461E-03
+3.106185000E-03,-1.069478788861E+00,-44.323177909E-03,-81.495916212E-03
+3.106190000E-03,-1.062068298988E+00,-43.930589987E-03,-82.287373489E-03
+3.106195000E-03,-1.054968738757E+00,-44.087625163E-03,-83.149182526E-03
+3.106200000E-03,-1.047972821748E+00,-43.066896539E-03,-83.887875984E-03
+3.106205000E-03,-1.040199580625E+00,-43.538002049E-03,-84.688127233E-03
+3.106210000E-03,-1.033255485221E+00,-43.616519638E-03,-85.510363404E-03
+3.106215000E-03,-1.024860384810E+00,-44.323177910E-03,-86.174308122E-03
+3.106220000E-03,-1.015791603500E+00,-42.360238236E-03,-87.128453838E-03
+3.106225000E-03,-1.008795686486E+00,-42.909861349E-03,-87.603328207E-03
+3.106230000E-03,-999.882370010E-03,-42.831343760E-03,-88.570664878E-03
+3.106235000E-03,-991.850020849E-03,-44.558730674E-03,-88.961996534E-03
+3.106240000E-03,-983.454920430E-03,-42.281720652E-03,-89.999684962E-03
+3.106245000E-03,-975.267106439E-03,-43.616519630E-03,-90.325061847E-03
+3.106250000E-03,-966.405611565E-03,-40.632851325E-03,-91.314383441E-03
+3.106255000E-03,-957.388651869E-03,-42.752826176E-03,-91.635363340E-03
+3.106260000E-03,-947.594368053E-03,-42.752826167E-03,-92.721418601E-03
+3.106265000E-03,-938.784694774E-03,-42.360238236E-03,-92.681845742E-03
+3.106270000E-03,-928.679481332E-03,-42.909861349E-03,-93.891016580E-03
+3.106275000E-03,-916.812333223E-03,-42.203203056E-03,-93.767901007E-03
+3.106280000E-03,-908.209946363E-03,-41.339509614E-03,-95.192524103E-03
+3.106285000E-03,-898.052911297E-03,-42.674308589E-03,-94.814383408E-03
+3.106290000E-03,-887.222195337E-03,-42.281720644E-03,-96.335740171E-03
+3.106295000E-03,-877.531554734E-03,-41.496544796E-03,-95.856468825E-03
+3.106300000E-03,-865.871693046E-03,-43.145414107E-03,-97.369031617E-03
+3.106305000E-03,-857.942987109E-03,-41.653579949E-03,-96.740262785E-03
+3.106310000E-03,-847.319557570E-03,-42.281720653E-03,-98.305589396E-03
+3.106315000E-03,-836.126090349E-03,-42.203203073E-03,-97.804333126E-03
+3.106320000E-03,-825.658125642E-03,-40.632851331E-03,-99.075061750E-03
+3.106325000E-03,-813.842799136E-03,-39.141017166E-03,-98.802448693E-03
+3.106330000E-03,-801.872007821E-03,-41.260992013E-03,-99.870916013E-03
+3.106335000E-03,-790.937648631E-03,-42.595790989E-03,-99.774182349E-03
+3.106340000E-03,-777.826781942E-03,-40.554333745E-03,-100.530463746E-03
+3.106345000E-03,-766.788779543E-03,-41.967650288E-03,-100.679961233E-03
+3.106350000E-03,-754.299772138E-03,-40.789886505E-03,-101.159232583E-03
+3.106355000E-03,-742.691732064E-03,-41.732097547E-03,-101.357096903E-03
+3.106360000E-03,-731.290978422E-03,-41.182474424E-03,-101.695664740E-03
+3.106365000E-03,-718.801971013E-03,-41.260992030E-03,-101.941895892E-03
+3.106370000E-03,-706.831179690E-03,-42.360238251E-03,-102.280463729E-03
+3.106375000E-03,-694.445815490E-03,-42.438755836E-03,-102.469534076E-03
+3.106380000E-03,-681.386770408E-03,-42.752826171E-03,-102.777323021E-03
+3.106385000E-03,-669.001406222E-03,-41.732097543E-03,-102.970790352E-03
+3.106390000E-03,-656.823328457E-03,-40.475816162E-03,-103.221418493E-03
+3.106395000E-03,-642.831494442E-03,-41.339509614E-03,-103.313755173E-03
+3.106400000E-03,-630.705238285E-03,-41.496544777E-03,-103.516016480E-03
+3.106405000E-03,-616.713404259E-03,-41.496544771E-03,-103.762247630E-03
+3.106410000E-03,-603.654359183E-03,-41.103956849E-03,-103.793026527E-03
+3.106415000E-03,-589.403417123E-03,-40.554333744E-03,-104.012875770E-03
+3.106420000E-03,-577.121696150E-03,-41.260992035E-03,-103.955714968E-03
+3.106425000E-03,-564.218115892E-03,-41.732097542E-03,-104.245915968E-03
+3.106430000E-03,-550.640854724E-03,-42.674308567E-03,-104.122800392E-03
+3.106435000E-03,-536.338091069E-03,-41.182474455E-03,-104.439383304E-03
+3.106440000E-03,-523.434510799E-03,-40.711368913E-03,-104.157976271E-03
+3.106445000E-03,-510.064536067E-03,-40.475816148E-03,-104.496544106E-03
+3.106450000E-03,-494.673518635E-03,-40.554333743E-03,-104.140388332E-03
+3.106455000E-03,-482.236332844E-03,-41.575062370E-03,-104.413001395E-03
+3.106460000E-03,-466.638028991E-03,-40.161745808E-03,-104.259106924E-03
+3.106465000E-03,-452.231622122E-03,-40.397298565E-03,-104.307473756E-03
+3.106470000E-03,-437.255177560E-03,-40.475816137E-03,-104.206343104E-03
+3.106475000E-03,-422.434197810E-03,-41.810615135E-03,-104.157976272E-03
+3.106480000E-03,-408.027790936E-03,-39.847675470E-03,-104.061242604E-03
+3.106485000E-03,-393.880492090E-03,-39.219534768E-03,-103.916142106E-03
+3.106490000E-03,-380.095944502E-03,-41.575062365E-03,-103.845790343E-03
+3.106495000E-03,-364.860391895E-03,-41.418027193E-03,-103.696292862E-03
+3.106500000E-03,-348.951158408E-03,-40.789886497E-03,-103.546795371E-03
+3.106505000E-03,-335.270254025E-03,-40.083228217E-03,-103.348931058E-03
+3.106510000E-03,-319.775593391E-03,-40.161745799E-03,-103.120287839E-03
+3.106515000E-03,-305.110078463E-03,-40.475816162E-03,-102.992775282E-03
+3.106520000E-03,-289.200844978E-03,-39.533605097E-03,-102.588252668E-03
+3.106525000E-03,-274.949902911E-03,-39.455087533E-03,-102.636619506E-03
+3.106530000E-03,-260.595317626E-03,-40.318780968E-03,-102.091393376E-03
+3.106535000E-03,-245.670694673E-03,-41.418027186E-03,-102.078202428E-03
+3.106540000E-03,-229.191423509E-03,-40.240263387E-03,-101.524182329E-03
+3.106545000E-03,-214.577730190E-03,-40.083228213E-03,-101.475815500E-03
+3.106550000E-03,-199.497642415E-03,-40.004710626E-03,-100.891016507E-03
+3.106555000E-03,-185.557629990E-03,-40.711368911E-03,-100.750312993E-03
+3.106560000E-03,-169.907504537E-03,-41.103956826E-03,-100.222674806E-03
+3.106565000E-03,-154.982881577E-03,-40.083228227E-03,-99.989634609E-03
+3.106570000E-03,-140.161901837E-03,-40.868404067E-03,-99.541142149E-03
+3.106575000E-03,-124.304489949E-03,-41.653579952E-03,-99.167398438E-03
+3.106580000E-03,-109.638975026E-03,-42.438755834E-03,-98.688127083E-03
+3.106585000E-03,-93.366990290E-03,-40.318780974E-03,-98.296795432E-03
+3.106590000E-03,-79.167869838E-03,-41.967650312E-03,-97.773554228E-03
+3.106595000E-03,-65.435143846E-03,-39.690640280E-03,-97.430589412E-03
+3.106600000E-03,-50.251412853E-03,-39.926193048E-03,-96.819408510E-03
+3.106605000E-03,-36.104114009E-03,-38.512876476E-03,-96.458855754E-03
+3.106610000E-03,-20.609453368E-03,-40.632851330E-03,-95.658604504E-03
+3.106615000E-03,-5.062971130E-03,-40.554333749E-03,-95.381594459E-03
+3.106620000E-03,+10.120759861E-03,-39.219534745E-03,-94.550564314E-03
+3.106625000E-03,+26.392744613E-03,-38.983982001E-03,-94.317524118E-03
+3.106630000E-03,+41.265545957E-03,-39.690640263E-03,-93.402951262E-03
+3.106635000E-03,+56.086525710E-03,-40.554333722E-03,-93.121544231E-03
+3.106640000E-03,+71.840294388E-03,-38.748429233E-03,-92.206971376E-03
+3.106645000E-03,+85.935771621E-03,-41.418027200E-03,-91.907976404E-03
+3.106650000E-03,+101.430432259E-03,-41.103956851E-03,-90.940639731E-03
+3.106655000E-03,+116.717806459E-03,-40.946921677E-03,-90.646041745E-03
+3.106660000E-03,+131.642429414E-03,-40.161745795E-03,-89.731468889E-03
+3.106665000E-03,+147.551662899E-03,-40.004710624E-03,-89.260991509E-03
+3.106670000E-03,+162.217177844E-03,-40.397298553E-03,-88.350815637E-03
+3.106675000E-03,+178.126411327E-03,-40.240263389E-03,-87.915514138E-03
+3.106680000E-03,+191.962780533E-03,-41.575062382E-03,-86.807473946E-03
+3.106685000E-03,+207.716549196E-03,-40.240263393E-03,-86.548051840E-03
+3.106690000E-03,+222.485707339E-03,-41.025439258E-03,-85.228956374E-03
+3.106695000E-03,+237.462151884E-03,-41.418027191E-03,-85.119031754E-03
+3.106700000E-03,+252.075845199E-03,-40.475816149E-03,-83.650438804E-03
+3.106705000E-03,+267.415041017E-03,-40.946921669E-03,-83.610865941E-03
+3.106710000E-03,+281.199588613E-03,-42.595790979E-03,-81.900438823E-03
+3.106715000E-03,+296.642427647E-03,-42.203203054E-03,-82.041142339E-03
+3.106720000E-03,+311.411585779E-03,-40.554333738E-03,-80.225187585E-03
+3.106725000E-03,+326.336208742E-03,-40.318780970E-03,-80.277951404E-03
+3.106730000E-03,+340.379864373E-03,-40.083228223E-03,-78.505966499E-03
+3.106735000E-03,+354.008947135E-03,-41.418027185E-03,-78.536745391E-03
+3.106740000E-03,+367.638029910E-03,-40.318780979E-03,-76.725187624E-03
+3.106745000E-03,+382.199901603E-03,-40.554333742E-03,-76.597675061E-03
+3.106750000E-03,+396.399022045E-03,-40.789886510E-03,-74.931217794E-03
+3.106755000E-03,+411.530931453E-03,-42.281720646E-03,-74.636619806E-03
+3.106760000E-03,+425.470943855E-03,-41.653579951E-03,-73.137247963E-03
+3.106765000E-03,+438.840918591E-03,-39.376569935E-03,-72.715137414E-03
+3.106770000E-03,+453.040039027E-03,-41.496544768E-03,-71.281720344E-03
+3.106775000E-03,+466.617300199E-03,-41.260992007E-03,-70.780464071E-03
+3.106780000E-03,+480.401847793E-03,-40.946921665E-03,-69.483353528E-03
+3.106785000E-03,+494.238216983E-03,-40.946921664E-03,-68.841393738E-03
+3.106790000E-03,+507.970942969E-03,-41.732097542E-03,-67.385991742E-03
+3.106795000E-03,+522.066420196E-03,-41.339509610E-03,-66.867147528E-03
+3.106800000E-03,+534.710892437E-03,-41.496544771E-03,-65.266645031E-03
+3.106805000E-03,+547.873580734E-03,-40.161745819E-03,-64.760991774E-03
+3.106810000E-03,+561.088090643E-03,-41.339509603E-03,-63.134107366E-03
+3.106815000E-03,+574.458065378E-03,-40.240263399E-03,-62.584484259E-03
+3.106820000E-03,+587.776218495E-03,-39.769157881E-03,-60.997172716E-03
+3.106825000E-03,+601.094371627E-03,-40.397298562E-03,-60.438755638E-03
+3.106830000E-03,+613.479735811E-03,-40.475816158E-03,-58.948177764E-03
+3.106835000E-03,+626.383316082E-03,-42.517273410E-03,-58.249057168E-03
+3.106840000E-03,+638.457750617E-03,-40.789886481E-03,-56.798052159E-03
+3.106845000E-03,+650.791293210E-03,-40.004710655E-03,-55.971419002E-03
+3.106850000E-03,+663.228478996E-03,-39.376569924E-03,-54.568780825E-03
+3.106855000E-03,+674.577411046E-03,-41.339509617E-03,-53.553077321E-03
+3.106860000E-03,+687.273704872E-03,-41.260992002E-03,-52.335112507E-03
+3.106865000E-03,+698.363528883E-03,-40.397298567E-03,-51.218278349E-03
+3.106870000E-03,+709.971568961E-03,-42.360238238E-03,-49.938755750E-03
+3.106875000E-03,+721.268679390E-03,-41.732097547E-03,-48.909861289E-03
+3.106880000E-03,+732.669433038E-03,-42.281720631E-03,-47.555589947E-03
+3.106885000E-03,+744.277473109E-03,-41.653579949E-03,-46.575062318E-03
+3.106890000E-03,+756.766480501E-03,-41.418027209E-03,-45.137248263E-03
+3.106895000E-03,+768.581807020E-03,-41.889132719E-03,-44.227072395E-03
+3.106900000E-03,+779.567987802E-03,-41.496544785E-03,-42.820037234E-03
+3.106905000E-03,+790.035952520E-03,-40.240263381E-03,-41.716394028E-03
+3.106910000E-03,+800.555738832E-03,-42.988378926E-03,-40.287373946E-03
+3.106915000E-03,+810.453665877E-03,-41.732097558E-03,-39.271670435E-03
+3.106920000E-03,+822.579922027E-03,-40.318780985E-03,-37.803077489E-03
+3.106925000E-03,+831.285952074E-03,-39.141017172E-03,-36.831343829E-03
+3.106930000E-03,+841.391165532E-03,-41.967650307E-03,-35.261620231E-03
+3.106935000E-03,+850.459946854E-03,-41.653579951E-03,-34.259107674E-03
+3.106940000E-03,+861.083376394E-03,-40.711368928E-03,-32.663002168E-03
+3.106945000E-03,+871.136768234E-03,-42.988378940E-03,-31.836369008E-03
+3.106950000E-03,+881.760197768E-03,-41.810615139E-03,-30.178705711E-03
+3.106955000E-03,+891.554481578E-03,-42.124685490E-03,-29.338881597E-03
+3.106960000E-03,+900.415976467E-03,-39.141017188E-03,-27.408605239E-03
+3.106965000E-03,+910.002973847E-03,-41.103956831E-03,-26.902951975E-03
+3.106970000E-03,+919.227219966E-03,-42.674308585E-03,-24.664886676E-03
+3.106975000E-03,+928.762395761E-03,-42.124685474E-03,-24.387876625E-03
+3.106980000E-03,+936.121064011E-03,-41.810615126E-03,-21.899183189E-03
+3.106985000E-03,+944.723450873E-03,-40.946921649E-03,-21.859610320E-03
+3.106990000E-03,+953.066729668E-03,-43.538002025E-03,-19.252198293E-03
+3.106995000E-03,+961.928224553E-03,-41.889132717E-03,-19.203831455E-03
+3.107000000E-03,+968.354103893E-03,-40.946921648E-03,-16.561243547E-03
+3.107005000E-03,+976.852847514E-03,-43.066896502E-03,-16.653580225E-03
+3.107010000E-03,+984.004229341E-03,-40.240263393E-03,-14.059359152E-03
+3.107015000E-03,+991.777470473E-03,-41.732097551E-03,-13.967022466E-03
+3.107020000E-03,+998.773387490E-03,-42.517273399E-03,-11.500313953E-03
+3.107025000E-03,+1.006909379864E+00,-41.182474450E-03,-11.267273752E-03
+3.107030000E-03,+1.013801653661E+00,-42.124685469E-03,-8.919283829E-03
+3.107035000E-03,+1.019139279214E+00,-40.946921681E-03,-8.567525038E-03
+3.107040000E-03,+1.026290661059E+00,-41.653579945E-03,-6.351444659E-03
+3.107045000E-03,+1.032716540387E+00,-41.339509609E-03,-5.964509990E-03
+3.107050000E-03,+1.039867922204E+00,-42.674308591E-03,-3.814384384E-03
+3.107055000E-03,+1.046293801554E+00,-43.380966861E-03,-3.251570324E-03
+3.107060000E-03,+1.051579605504E+00,-41.418027204E-03,-1.250942200E-03
+3.107065000E-03,+1.057487268758E+00,-41.653579956E-03,-652.952260E-06
+3.107070000E-03,+1.063187645580E+00,-42.203203056E-03,+1.272927118E-03
+3.107075000E-03,+1.070183562585E+00,-38.434358915E-03,+2.038002485E-03
+3.107080000E-03,+1.075521188181E+00,+871.427432161E-03,+3.862751212E-03
+3.107085000E-03,+1.079874203194E+00,+2.552724532854E+00,+4.720163261E-03
+3.107090000E-03,+1.083709002163E+00,+2.552724532961E+00,+6.294283849E-03
+3.107095000E-03,+1.088683876484E+00,+2.552724532961E+00,+7.661746146E-03
+3.107100000E-03,+1.094332431683E+00,+2.552724532961E+00,+8.659861710E-03
+3.107105000E-03,+1.097908122609E+00,+2.552724532961E+00,+10.260364208E-03
+3.107110000E-03,+1.102623888888E+00,+2.552724532961E+00,+11.065012439E-03
+3.107115000E-03,+1.105681363725E+00,+2.552724532961E+00,+12.920540061E-03
+3.107120000E-03,+1.109723449112E+00,+2.552724532961E+00,+13.742776230E-03
+3.107125000E-03,+1.112469994311E+00,+2.552724532961E+00,+15.589509879E-03
+3.107130000E-03,+1.115579290772E+00,+2.552724532961E+00,+16.306218415E-03
+3.107135000E-03,+1.118999516859E+00,+2.552724532961E+00,+18.130967138E-03
+3.107140000E-03,+1.120813273121E+00,+2.552724532961E+00,+18.983982205E-03
+3.107145000E-03,+1.124233499203E+00,+2.552724532961E+00,+20.615263593E-03
+3.107150000E-03,+1.126565471560E+00,+2.552724532961E+00,+21.820037452E-03
+3.107155000E-03,+1.129104730311E+00,+2.552724532961E+00,+22.813756033E-03
+3.107160000E-03,+1.129622946399E+00,+2.552724532961E+00,+24.510992196E-03
+3.107165000E-03,+1.132524956401E+00,+2.552724532961E+00,+25.183730883E-03
+3.107170000E-03,+1.133043172496E+00,+2.552724532961E+00,+27.210740910E-03
+3.107175000E-03,+1.135737896069E+00,+2.552724532961E+00,+27.641645431E-03
+3.107180000E-03,+1.136670685017E+00,+2.552724532961E+00,+29.774183093E-03
+3.107185000E-03,+1.137966225207E+00,+2.552724532961E+00,+30.073178068E-03
+3.107190000E-03,+1.139728159852E+00,+2.552724532961E+00,+32.280464471E-03
+3.107195000E-03,+1.140298197534E+00,+2.552724532961E+00,+32.570665480E-03
+3.107200000E-03,+1.140971878435E+00,+2.552724532961E+00,+34.703203140E-03
+3.107205000E-03,+1.141230986484E+00,+2.552724532961E+00,+35.019786055E-03
+3.107210000E-03,+1.141386451309E+00,+2.552724532961E+00,+37.046796081E-03
+3.107215000E-03,+1.141334629681E+00,+2.552724532961E+00,+37.490891556E-03
+3.107220000E-03,+1.141438272895E+00,+2.552724532961E+00,+39.416770931E-03
+3.107225000E-03,+1.141904667372E+00,+2.552724532961E+00,+40.005966903E-03
+3.107230000E-03,+1.140660948806E+00,+2.552724532961E+00,+41.795539750E-03
+3.107235000E-03,+1.139779981467E+00,+2.552724532961E+00,+42.340765874E-03
+3.107240000E-03,+1.139261765393E+00,+2.552724532961E+00,+44.024811085E-03
+3.107245000E-03,+1.138588084493E+00,+2.552724532961E+00,+44.644785949E-03
+3.107250000E-03,+1.136463398587E+00,+2.552724532961E+00,+46.311243220E-03
+3.107255000E-03,+1.135530609658E+00,+2.552724532961E+00,+47.005966829E-03
+3.107260000E-03,+1.132732242858E+00,+2.552724532961E+00,+48.434986918E-03
+3.107265000E-03,+1.131022129817E+00,+2.552724532961E+00,+49.279208009E-03
+3.107270000E-03,+1.128897443898E+00,+2.552724532961E+00,+50.677449206E-03
+3.107275000E-03,+1.126824579595E+00,+2.552724532961E+00,+51.556846175E-03
+3.107280000E-03,+1.123404353514E+00,+2.552724532961E+00,+52.783604961E-03
+3.107285000E-03,+1.121020559572E+00,+2.552724532961E+00,+53.865263234E-03
+3.107290000E-03,+1.118844052057E+00,+2.552724532961E+00,+54.788630066E-03
+3.107295000E-03,+1.115631112384E+00,+2.552724532961E+00,+56.046167733E-03
+3.107300000E-03,+1.113454604874E+00,+2.552724532961E+00,+56.837625020E-03
+3.107305000E-03,+1.108479730569E+00,+2.552724532961E+00,+58.068780780E-03
+3.107310000E-03,+1.105007682856E+00,+2.552724532961E+00,+58.825062186E-03
+3.107315000E-03,+1.101017419087E+00,+2.552724532961E+00,+60.161745579E-03
+3.107320000E-03,+1.096198009598E+00,+2.552724532961E+00,+60.865263167E-03
+3.107325000E-03,+1.091793172952E+00,+2.552724532961E+00,+61.986494304E-03
+3.107330000E-03,+1.087699265963E+00,+2.552724532961E+00,+62.896670181E-03
+3.107335000E-03,+1.082517105207E+00,+2.552724532961E+00,+63.929961621E-03
+3.107340000E-03,+1.077334944466E+00,+2.552724532961E+00,+64.875313374E-03
+3.107345000E-03,+1.072722821397E+00,+2.552724532961E+00,+65.750313364E-03
+3.107350000E-03,+1.067747947077E+00,+2.552724532961E+00,+66.796795765E-03
+3.107355000E-03,+1.061529354189E+00,+2.552724532961E+00,+67.645413846E-03
+3.107360000E-03,+1.056139906990E+00,+2.552724532961E+00,+68.700690213E-03
+3.107365000E-03,+1.049817670904E+00,+2.552724532961E+00,+69.470162574E-03
+3.107370000E-03,+1.043910007649E+00,+2.552724532961E+00,+70.441896223E-03
+3.107375000E-03,+1.038416917256E+00,+2.552724532961E+00,+71.387247981E-03
+3.107380000E-03,+1.032612897201E+00,+2.552724532961E+00,+71.985237916E-03
+3.107385000E-03,+1.024062331995E+00,+2.552724532961E+00,+73.128453992E-03
+3.107390000E-03,+1.018517419987E+00,+2.552724532961E+00,+73.598931365E-03
+3.107395000E-03,+1.011158751713E+00,+2.552724532961E+00,+74.794911262E-03
+3.107400000E-03,+1.003230045779E+00,+2.552724532961E+00,+75.111494162E-03
+3.107405000E-03,+996.389593587E-03,+2.552724532961E+00,+76.408604712E-03
+3.107410000E-03,+988.875460493E-03,+2.552724532961E+00,+76.707599675E-03
+3.107415000E-03,+982.605045983E-03,+2.552724532961E+00,+77.960740372E-03
+3.107420000E-03,+973.380799873E-03,+2.552724532961E+00,+78.308102170E-03
+3.107425000E-03,+965.659380338E-03,+2.552724532961E+00,+79.279835835E-03
+3.107430000E-03,+958.352533686E-03,+2.552724532961E+00,+79.807474014E-03
+3.107435000E-03,+950.631114171E-03,+2.552724532961E+00,+80.489006677E-03
+3.107440000E-03,+941.665976088E-03,+2.552724532961E+00,+81.280463950E-03
+3.107445000E-03,+933.633626900E-03,+2.552724532961E+00,+81.834484048E-03
+3.107450000E-03,+925.134883297E-03,+2.552724532961E+00,+82.691896096E-03
+3.107455000E-03,+915.340599490E-03,+2.552724532961E+00,+82.977700117E-03
+3.107460000E-03,+907.049142289E-03,+2.552724532961E+00,+83.997800604E-03
+3.107465000E-03,+896.995750450E-03,+2.552724532961E+00,+84.244031761E-03
+3.107470000E-03,+887.667861087E-03,+2.552724532961E+00,+85.189383504E-03
+3.107475000E-03,+878.547258166E-03,+2.552724532961E+00,+85.448805617E-03
+3.107480000E-03,+868.701152728E-03,+2.552724532961E+00,+86.222674953E-03
+3.107485000E-03,+858.336831267E-03,+2.552724532961E+00,+86.517272941E-03
+3.107490000E-03,+849.838087612E-03,+2.552724532961E+00,+87.365891021E-03
+3.107495000E-03,+838.903728446E-03,+2.552724532961E+00,+87.616519160E-03
+3.107500000E-03,+829.316731058E-03,+2.552724532961E+00,+88.284860862E-03
+3.107505000E-03,+818.175085462E-03,+2.552724532961E+00,+88.680589500E-03
+3.107510000E-03,+807.499834303E-03,+2.552724532961E+00,+89.230212611E-03
+3.107515000E-03,+795.788151024E-03,+2.552724532961E+00,+89.577574414E-03
+3.107520000E-03,+785.942045578E-03,+2.552724532961E+00,+90.193152298E-03
+3.107525000E-03,+775.059508024E-03,+2.552724532961E+00,+90.391016617E-03
+3.107530000E-03,+763.399646338E-03,+2.552724532961E+00,+91.090137214E-03
+3.107535000E-03,+751.895249466E-03,+2.552724532961E+00,+91.239634698E-03
+3.107540000E-03,+740.546317455E-03,+2.552724532961E+00,+91.758478915E-03
+3.107545000E-03,+728.627347722E-03,+2.552724532961E+00,+91.943152281E-03
+3.107550000E-03,+718.314847811E-03,+2.552724532961E+00,+92.453202524E-03
+3.107555000E-03,+706.706807743E-03,+2.552724532961E+00,+92.633478907E-03
+3.107560000E-03,+693.803227495E-03,+2.552724532961E+00,+93.020413573E-03
+3.107565000E-03,+680.951468835E-03,+2.552724532961E+00,+93.345790459E-03
+3.107570000E-03,+668.877034291E-03,+2.552724532961E+00,+93.530463819E-03
+3.107575000E-03,+655.299773159E-03,+2.552724532961E+00,+93.851443718E-03
+3.107580000E-03,+643.536268226E-03,+2.552724532961E+00,+93.996544216E-03
+3.107585000E-03,+630.943617635E-03,+2.552724532961E+00,+94.343906026E-03
+3.107590000E-03,+618.921004686E-03,+2.552724532961E+00,+94.401066826E-03
+3.107595000E-03,+605.913781206E-03,+2.552724532961E+00,+94.761619590E-03
+3.107600000E-03,+593.113844162E-03,+2.552724532961E+00,+94.752825615E-03
+3.107605000E-03,+579.432939777E-03,+2.552724532961E+00,+94.937498984E-03
+3.107610000E-03,+567.203040428E-03,+2.552724532961E+00,+95.157348224E-03
+3.107615000E-03,+553.781244083E-03,+2.552724532961E+00,+95.201318079E-03
+3.107620000E-03,+541.395879870E-03,+2.552724532961E+00,+95.416770332E-03
+3.107625000E-03,+527.611332283E-03,+2.552724532961E+00,+95.372800489E-03
+3.107630000E-03,+512.790352556E-03,+2.552724532961E+00,+95.597046712E-03
+3.107635000E-03,+498.694875311E-03,+2.552724532961E+00,+95.482725113E-03
+3.107640000E-03,+485.894938271E-03,+2.552724532961E+00,+95.684986409E-03
+3.107645000E-03,+472.473141918E-03,+2.552724532961E+00,+95.487122097E-03
+3.107650000E-03,+458.636772729E-03,+2.552724532961E+00,+95.632222591E-03
+3.107655000E-03,+443.349398539E-03,+2.552724532961E+00,+95.531091947E-03
+3.107660000E-03,+430.549461479E-03,+2.552724532961E+00,+95.553076863E-03
+3.107665000E-03,+416.194876200E-03,+2.552724532961E+00,+95.425564308E-03
+3.107670000E-03,+401.943934143E-03,+2.552724532961E+00,+95.535488924E-03
+3.107675000E-03,+386.760203153E-03,+2.552724532961E+00,+95.161745216E-03
+3.107680000E-03,+372.664725921E-03,+2.552724532961E+00,+95.377197468E-03
+3.107685000E-03,+357.429173314E-03,+2.552724532961E+00,+94.946292957E-03
+3.107690000E-03,+342.556371960E-03,+2.552724532961E+00,+95.179333149E-03
+3.107695000E-03,+327.735392225E-03,+2.552724532961E+00,+94.568152257E-03
+3.107700000E-03,+315.194563212E-03,+2.552724532961E+00,+94.915514057E-03
+3.107705000E-03,+299.181686519E-03,+2.552724532961E+00,+94.093277892E-03
+3.107710000E-03,+286.070819808E-03,+2.552724532961E+00,+94.598931143E-03
+3.107715000E-03,+270.731623994E-03,+2.552724532961E+00,+93.723931162E-03
+3.107720000E-03,+255.858822635E-03,+2.552724532961E+00,+94.075689943E-03
+3.107725000E-03,+239.845945947E-03,+2.552724532961E+00,+93.200689963E-03
+3.107730000E-03,+225.595003861E-03,+2.552724532961E+00,+93.556845726E-03
+3.107735000E-03,+210.463094492E-03,+2.552724532961E+00,+92.813755295E-03
+3.107740000E-03,+194.968433848E-03,+2.552724532961E+00,+92.730212572E-03
+3.107745000E-03,+179.577416435E-03,+2.552724532961E+00,+92.272926154E-03
+3.107750000E-03,+163.979112582E-03,+2.552724532961E+00,+92.039885946E-03
+3.107755000E-03,+148.484451950E-03,+2.552724532961E+00,+91.657348269E-03
+3.107760000E-03,+133.559828990E-03,+2.552724532961E+00,+91.288001534E-03
+3.107765000E-03,+117.598773868E-03,+2.552724532961E+00,+90.953830689E-03
+3.107770000E-03,+101.896826822E-03,+2.552724532961E+00,+90.531720135E-03
+3.107775000E-03,+86.868560639E-03,+2.552724532961E+00,+90.026066879E-03
+3.107780000E-03,+71.840294499E-03,+2.552724532961E+00,+89.656720147E-03
+3.107785000E-03,+56.604741881E-03,+2.552724532961E+00,+89.041142266E-03
+3.107790000E-03,+40.280935533E-03,+2.552724532961E+00,+88.838880959E-03
+3.107795000E-03,+26.548209523E-03,+2.552724532961E+00,+88.060614637E-03
+3.107800000E-03,+11.416300148E-03,+2.552724532961E+00,+87.893529210E-03
+3.107805000E-03,-3.352858000E-03,+2.552724532961E+00,+86.983353343E-03
+3.107810000E-03,-18.173837716E-03,+2.552724532961E+00,+86.886619675E-03
+3.107815000E-03,-33.875784789E-03,+2.552724532961E+00,+85.976443804E-03
+3.107820000E-03,-47.919440429E-03,+2.552724532961E+00,+85.677448833E-03
+3.107825000E-03,-63.362279442E-03,+2.552724532961E+00,+84.802448846E-03
+3.107830000E-03,-78.183259204E-03,+2.552724532961E+00,+84.446293068E-03
+3.107835000E-03,-94.610708736E-03,+2.552724532961E+00,+83.755966443E-03
+3.107840000E-03,-110.571763874E-03,+2.552724532961E+00,+83.039257908E-03
+3.107845000E-03,-125.496386824E-03,+2.552724532961E+00,+82.599559421E-03
+3.107850000E-03,-141.664728368E-03,+2.552724532961E+00,+81.645413701E-03
+3.107855000E-03,-157.055745785E-03,+2.552724532961E+00,+81.320036819E-03
+3.107860000E-03,-171.617617495E-03,+2.552724532961E+00,+80.198805677E-03
+3.107865000E-03,-186.853170086E-03,+2.552724532961E+00,+79.961368491E-03
+3.107870000E-03,-201.259576987E-03,+2.552724532961E+00,+78.765388608E-03
+3.107875000E-03,-216.598772779E-03,+2.552724532961E+00,+78.598303180E-03
+3.107880000E-03,-232.197076631E-03,+2.552724532961E+00,+77.362750430E-03
+3.107885000E-03,-248.572704593E-03,+2.552724532961E+00,+77.041770534E-03
+3.107890000E-03,-263.393684342E-03,+2.552724532961E+00,+75.740263011E-03
+3.107895000E-03,-278.940166589E-03,+2.552724532961E+00,+75.498428845E-03
+3.107900000E-03,-293.657503132E-03,+2.552724532961E+00,+74.183730362E-03
+3.107905000E-03,-309.566736623E-03,+2.552724532961E+00,+73.950690168E-03
+3.107910000E-03,-324.076786714E-03,+2.552724532961E+00,+72.561242940E-03
+3.107915000E-03,-339.260517690E-03,+2.552724532961E+00,+72.332599736E-03
+3.107920000E-03,-352.630492438E-03,+2.552724532961E+00,+70.732097231E-03
+3.107925000E-03,-369.057942005E-03,+2.552724532961E+00,+70.534232923E-03
+3.107930000E-03,-382.842489603E-03,+2.552724532961E+00,+68.902951522E-03
+3.107935000E-03,-398.129863798E-03,+2.552724532961E+00,+68.793026911E-03
+3.107940000E-03,-412.380805848E-03,+2.552724532961E+00,+67.095790737E-03
+3.107945000E-03,-428.238217768E-03,+2.552724532961E+00,+66.897926429E-03
+3.107950000E-03,-442.644624635E-03,+2.552724532961E+00,+65.336996786E-03
+3.107955000E-03,-458.191106883E-03,+2.552724532961E+00,+64.923680219E-03
+3.107960000E-03,-471.146508743E-03,+2.552724532961E+00,+63.525439017E-03
+3.107965000E-03,-485.345629219E-03,+2.552724532961E+00,+62.813127476E-03
+3.107970000E-03,-500.529360184E-03,+2.552724532961E+00,+61.705087278E-03
+3.107975000E-03,-514.469372619E-03,+2.552724532961E+00,+60.680589813E-03
+3.107980000E-03,-527.994812179E-03,+2.552724532961E+00,+59.862750614E-03
+3.107985000E-03,-541.623894928E-03,+2.552724532961E+00,+58.710740588E-03
+3.107990000E-03,-554.112902359E-03,+2.552724532961E+00,+57.914886315E-03
+3.107995000E-03,-568.726595640E-03,+2.552724532961E+00,+56.521042121E-03
+3.108000000E-03,-581.371067888E-03,+2.552724532961E+00,+55.773554677E-03
+3.108005000E-03,-595.259258679E-03,+2.552724532961E+00,+54.463253199E-03
+3.108010000E-03,-609.354735917E-03,+2.552724532961E+00,+53.724559723E-03
+3.108015000E-03,-622.258316170E-03,+2.552724532961E+00,+52.467022062E-03
+3.108020000E-03,-634.384572344E-03,+2.552724532961E+00,+51.442524574E-03
+3.108025000E-03,-648.998265642E-03,+2.552724532961E+00,+50.453202987E-03
+3.108030000E-03,-661.124521789E-03,+2.552724532961E+00,+49.230841182E-03
+3.108035000E-03,-673.872637232E-03,+2.552724532961E+00,+48.316268335E-03
+3.108040000E-03,-685.791606957E-03,+2.552724532961E+00,+46.896042214E-03
+3.108045000E-03,-699.161581697E-03,+2.552724532961E+00,+45.963881424E-03
+3.108050000E-03,-711.391481056E-03,+2.552724532961E+00,+44.635991989E-03
+3.108055000E-03,-723.310450794E-03,+2.552724532961E+00,+43.593906575E-03
+3.108060000E-03,-735.384885318E-03,+2.552724532961E+00,+42.331971913E-03
+3.108065000E-03,-748.392108803E-03,+2.552724532961E+00,+41.267901576E-03
+3.108070000E-03,-761.295689054E-03,+2.552724532961E+00,+40.019157867E-03
+3.108075000E-03,-772.074583439E-03,+2.552724532961E+00,+38.823177983E-03
+3.108080000E-03,-783.527158674E-03,+2.552724532961E+00,+37.728328746E-03
+3.108085000E-03,-794.876090737E-03,+2.552724532961E+00,+36.396042330E-03
+3.108090000E-03,-806.069557947E-03,+2.552724532961E+00,+35.266017215E-03
+3.108095000E-03,-817.833062820E-03,+2.552724532961E+00,+34.061243360E-03
+3.108100000E-03,-828.560135577E-03,+2.552724532961E+00,+32.702575030E-03
+3.108105000E-03,-840.219997269E-03,+2.552724532961E+00,+31.629710724E-03
+3.108110000E-03,-849.703351448E-03,+2.552724532961E+00,+30.257851439E-03
+3.108115000E-03,-859.497635264E-03,+2.552724532961E+00,+29.189384120E-03
+3.108120000E-03,-870.224708023E-03,+2.552724532961E+00,+27.668027345E-03
+3.108125000E-03,-881.262710425E-03,+2.552724532961E+00,+26.832600222E-03
+3.108130000E-03,-892.559820822E-03,+2.552724532961E+00,+25.223303753E-03
+3.108135000E-03,-902.302283065E-03,+2.552724532961E+00,+24.286745977E-03
+3.108140000E-03,-913.236642226E-03,+2.552724532961E+00,+22.655464584E-03
+3.108145000E-03,-922.823639615E-03,+2.552724532961E+00,+21.714509824E-03
+3.108150000E-03,-932.825209860E-03,+2.552724532961E+00,+20.245916872E-03
+3.108155000E-03,-942.515850466E-03,+2.552724532961E+00,+19.014761112E-03
+3.108160000E-03,-952.051026244E-03,+2.552724532961E+00,+17.656092781E-03
+3.108165000E-03,-962.052596472E-03,+2.552724532961E+00,+16.350188278E-03
+3.108170000E-03,-969.929480833E-03,+2.552724532961E+00,+15.211369186E-03
+3.108175000E-03,-978.687332477E-03,+2.552724532961E+00,+13.747173229E-03
+3.108180000E-03,-987.963400227E-03,+2.552724532961E+00,+12.599560170E-03
+3.108185000E-03,-996.462143850E-03,+2.552724532961E+00,+11.183731044E-03
+3.108190000E-03,-1.004235384967E+00,+2.552724532961E+00,+9.838253665E-03
+3.108195000E-03,-1.012993236624E+00,+2.552724532961E+00,+8.664258712E-03
+3.108200000E-03,-1.021077407414E+00,+2.552724532961E+00,+7.292399420E-03
+3.108205000E-03,-1.028228789234E+00,+2.552724532961E+00,+6.122801453E-03
+3.108210000E-03,-1.036157495204E+00,+2.552724532961E+00,+4.605841661E-03
+3.108215000E-03,-1.043775271505E+00,+2.552724532961E+00,+3.638504992E-03
+3.108220000E-03,-1.051237582990E+00,+2.552724532961E+00,+1.879711042E-03
+3.108225000E-03,-1.058907180894E+00,+2.552724532961E+00,+1.075062808E-03
+3.108230000E-03,-1.065540346641E+00,+2.552724532961E+00,-710.113050E-06
+3.108235000E-03,-1.071914404367E+00,+2.552724532961E+00,-1.554334149E-03
+3.108240000E-03,-1.078858499761E+00,+2.552724532961E+00,-3.282349204E-03
+3.108245000E-03,-1.085128914272E+00,+2.552724532961E+00,-4.245288896E-03
+3.108250000E-03,-1.091088399123E+00,+2.552724532961E+00,-5.797424553E-03
+3.108255000E-03,-1.097566100052E+00,+2.552724532961E+00,-6.835112988E-03
+3.108260000E-03,-1.102955547247E+00,+2.552724532961E+00,-8.483982310E-03
+3.108265000E-03,-1.106738524609E+00,+2.552724532961E+00,-9.460112960E-03
+3.108270000E-03,-1.114045371257E+00,+2.552724532961E+00,-11.073806402E-03
+3.108275000E-03,-1.118553851098E+00,+2.552724532961E+00,-12.212625495E-03
+3.108280000E-03,-1.124668800786E+00,+2.552488980207E+00,-13.835112905E-03
+3.108285000E-03,-1.128244491701E+00,+690.837003293E-03,-14.850816422E-03
+3.108290000E-03,-1.133219366010E+00,-169.951317034E-03,-16.332600317E-03
+3.108295000E-03,-1.136017732842E+00,-177.489005796E-03,-17.335112877E-03
+3.108300000E-03,-1.141044428755E+00,+112.476441354E-03,-18.821293762E-03
+3.108305000E-03,-1.144361011650E+00,+64.973305085E-03,-19.920539985E-03
+3.108310000E-03,-1.148817669889E+00,-82.247172603E-03,-21.481469608E-03
+3.108315000E-03,-1.152393360810E+00,-88.685614395E-03,-22.664258546E-03
+3.108320000E-03,-1.155658122079E+00,-67.642901769E-03,-24.124057519E-03
+3.108325000E-03,-1.159285634594E+00,-24.850816149E-03,-25.152951991E-03
+3.108330000E-03,-1.162239466227E+00,-54.530464290E-03,-26.797424327E-03
+3.108335000E-03,-1.164726903387E+00,-51.782348609E-03,-27.813127839E-03
+3.108340000E-03,-1.167317983773E+00,-60.340765723E-03,-29.299308725E-03
+3.108345000E-03,-1.169442669678E+00,-47.149811053E-03,-30.328203184E-03
+3.108350000E-03,-1.172189214861E+00,-53.117147637E-03,-31.937499652E-03
+3.108355000E-03,-1.174883938459E+00,-51.232725597E-03,-32.777323764E-03
+3.108360000E-03,-1.176542229893E+00,-52.331971814E-03,-34.580087560E-03
+3.108365000E-03,-1.178045056517E+00,-47.856469352E-03,-35.301193083E-03
+3.108370000E-03,-1.179340596702E+00,-47.777951793E-03,-37.117147838E-03
+3.108375000E-03,-1.180584315287E+00,-48.327574836E-03,-37.578831251E-03
+3.108380000E-03,-1.181724390632E+00,-49.112750720E-03,-39.799308613E-03
+3.108385000E-03,-1.183071752430E+00,-49.662373814E-03,-40.023554839E-03
+3.108390000E-03,-1.182812644407E+00,-48.955715564E-03,-42.257223162E-03
+3.108395000E-03,-1.182709001194E+00,-50.290514529E-03,-42.397926674E-03
+3.108400000E-03,-1.182294428344E+00,-47.934986911E-03,-44.794283433E-03
+3.108405000E-03,-1.183589968520E+00,-48.170539680E-03,-44.794283434E-03
+3.108410000E-03,-1.182916287631E+00,-48.170539670E-03,-47.199434160E-03
+3.108415000E-03,-1.182760822781E+00,-48.406092439E-03,-47.195037179E-03
+3.108420000E-03,-1.182501714744E+00,-45.657976898E-03,-49.402323585E-03
+3.108425000E-03,-1.181672569053E+00,-46.286117587E-03,-49.644157755E-03
+3.108430000E-03,-1.180687958512E+00,-47.385363827E-03,-51.723931600E-03
+3.108435000E-03,-1.179703347974E+00,-48.327574864E-03,-52.124057227E-03
+3.108440000E-03,-1.179599704750E+00,-47.777951737E-03,-53.953202933E-03
+3.108445000E-03,-1.177526840468E+00,-46.835740746E-03,-54.577574788E-03
+3.108450000E-03,-1.175350332953E+00,-46.835740712E-03,-56.041770753E-03
+3.108455000E-03,-1.174469365602E+00,-46.443152785E-03,-56.850815968E-03
+3.108460000E-03,-1.171930106856E+00,-47.228328637E-03,-58.323805905E-03
+3.108465000E-03,-1.171515533963E+00,-45.500941766E-03,-59.014132527E-03
+3.108470000E-03,-1.168198951121E+00,-46.443152779E-03,-60.434358646E-03
+3.108475000E-03,-1.165918800383E+00,-45.108353796E-03,-61.252197828E-03
+3.108480000E-03,-1.162913147148E+00,-45.500941729E-03,-62.632851084E-03
+3.108485000E-03,-1.160011137147E+00,-45.972047252E-03,-63.367147558E-03
+3.108490000E-03,-1.157679164808E+00,-47.306846240E-03,-64.787373673E-03
+3.108495000E-03,-1.153792544229E+00,-46.129082471E-03,-65.464509344E-03
+3.108500000E-03,-1.149491350822E+00,-45.186871396E-03,-66.836368625E-03
+3.108505000E-03,-1.146952092061E+00,-45.500941737E-03,-67.566268116E-03
+3.108510000E-03,-1.142754541847E+00,-46.757223123E-03,-68.828202774E-03
+3.108515000E-03,-1.138660634846E+00,-46.050564841E-03,-69.637247996E-03
+3.108520000E-03,-1.134463084659E+00,-45.500941737E-03,-70.732097225E-03
+3.108525000E-03,-1.129799139981E+00,-45.343906520E-03,-71.651067068E-03
+3.108530000E-03,-1.124927908894E+00,-44.951318614E-03,-72.675564543E-03
+3.108535000E-03,-1.119901212954E+00,-44.637248295E-03,-73.515388656E-03
+3.108540000E-03,-1.114615408973E+00,-44.244660298E-03,-74.619031859E-03
+3.108545000E-03,-1.109018675384E+00,-44.794283384E-03,-75.362122304E-03
+3.108550000E-03,-1.102800082499E+00,-44.558730644E-03,-76.549308223E-03
+3.108555000E-03,-1.097462456925E+00,-43.773554821E-03,-77.037373539E-03
+3.108560000E-03,-1.091606615278E+00,-43.616519612E-03,-78.501569505E-03
+3.108565000E-03,-1.085336200761E+00,-42.595791025E-03,-78.695036843E-03
+3.108570000E-03,-1.080205861629E+00,-43.145414097E-03,-80.317524257E-03
+3.108575000E-03,-1.074246376745E+00,-43.302449320E-03,-80.370288083E-03
+3.108580000E-03,-1.066732243696E+00,-43.773554810E-03,-82.111494087E-03
+3.108585000E-03,-1.060410007570E+00,-43.302449277E-03,-82.054333290E-03
+3.108590000E-03,-1.052533123225E+00,-44.166142735E-03,-83.681217685E-03
+3.108595000E-03,-1.045433563019E+00,-44.244660317E-03,-83.839509152E-03
+3.108600000E-03,-1.039163148485E+00,-42.674308588E-03,-85.224559379E-03
+3.108605000E-03,-1.030405296831E+00,-42.831343779E-03,-85.426820694E-03
+3.108610000E-03,-1.023616666259E+00,-43.695037234E-03,-86.565639766E-03
+3.108615000E-03,-1.014962457782E+00,-42.203203074E-03,-87.062499069E-03
+3.108620000E-03,-1.006463714162E+00,-42.438755821E-03,-88.016644776E-03
+3.108625000E-03,-998.016792167E-03,-40.868404104E-03,-88.588252820E-03
+3.108630000E-03,-989.828978161E-03,-42.360238226E-03,-89.291770391E-03
+3.108635000E-03,-981.122948129E-03,-42.831343776E-03,-89.968906071E-03
+3.108640000E-03,-972.157809992E-03,-41.182474458E-03,-90.698805554E-03
+3.108645000E-03,-962.829920690E-03,-41.103956871E-03,-91.288001533E-03
+3.108650000E-03,-954.175712241E-03,-42.831343718E-03,-91.978328156E-03
+3.108655000E-03,-944.225963614E-03,-42.046167891E-03,-92.422423634E-03
+3.108660000E-03,-934.949895856E-03,-43.066896515E-03,-93.266644724E-03
+3.108665000E-03,-925.259255262E-03,-42.438755827E-03,-93.609609550E-03
+3.108670000E-03,-915.102220186E-03,-42.124685476E-03,-94.532976365E-03
+3.108675000E-03,-904.841541904E-03,-42.281720672E-03,-94.726443710E-03
+3.108680000E-03,-894.010825953E-03,-41.496544801E-03,-95.531091933E-03
+3.108685000E-03,-883.439218024E-03,-40.946921664E-03,-95.856468824E-03
+3.108690000E-03,-874.007685462E-03,-42.046167916E-03,-96.485237657E-03
+3.108695000E-03,-863.954293602E-03,-42.831343757E-03,-96.946921072E-03
+3.108700000E-03,-854.160009800E-03,-42.281720611E-03,-97.483353222E-03
+3.108705000E-03,-843.536580275E-03,-41.967650274E-03,-97.980212518E-03
+3.108710000E-03,-833.742296422E-03,-42.674308591E-03,-98.305589399E-03
+3.108715000E-03,-821.719683535E-03,-41.339509616E-03,-98.943152205E-03
+3.108720000E-03,-810.474394706E-03,-39.690640320E-03,-99.171795419E-03
+3.108725000E-03,-799.747321940E-03,-41.732097523E-03,-99.809358224E-03
+3.108730000E-03,-787.413779360E-03,-41.182474419E-03,-99.976443652E-03
+3.108735000E-03,-775.598452848E-03,-43.538002072E-03,-100.438127062E-03
+3.108740000E-03,-763.938591207E-03,-42.438755835E-03,-100.785488871E-03
+3.108745000E-03,-752.486015934E-03,-41.732097549E-03,-101.080086855E-03
+3.108750000E-03,-741.240727098E-03,-42.046167900E-03,-101.493403434E-03
+3.108755000E-03,-728.129860403E-03,-41.496544768E-03,-101.730840616E-03
+3.108760000E-03,-716.521820321E-03,-40.554333765E-03,-102.139760211E-03
+3.108765000E-03,-704.499207379E-03,-39.847675453E-03,-102.289257699E-03
+3.108770000E-03,-691.699270349E-03,-41.103956855E-03,-102.654207438E-03
+3.108775000E-03,-679.106619734E-03,-41.496544813E-03,-102.838880811E-03
+3.108780000E-03,-666.876720345E-03,-42.124685461E-03,-103.010363211E-03
+3.108785000E-03,-653.973140087E-03,-41.339509582E-03,-103.322549150E-03
+3.108790000E-03,-640.914094980E-03,-41.260992029E-03,-103.265388335E-03
+3.108795000E-03,-627.751406684E-03,-40.789886495E-03,-103.771041609E-03
+3.108800000E-03,-614.070502336E-03,-40.789886506E-03,-103.516016470E-03
+3.108805000E-03,-601.426030110E-03,-40.240263425E-03,-104.188755172E-03
+3.108810000E-03,-588.366985030E-03,-41.182474396E-03,-103.788629533E-03
+3.108815000E-03,-574.686080640E-03,-41.732097534E-03,-104.272297886E-03
+3.108820000E-03,-561.471570755E-03,-40.711368914E-03,-104.052448626E-03
+3.108825000E-03,-547.376093528E-03,-40.946921649E-03,-104.364634569E-03
+3.108830000E-03,-534.627978057E-03,-40.475816158E-03,-104.250312947E-03
+3.108835000E-03,-520.584322461E-03,-41.653579976E-03,-104.325061706E-03
+3.108840000E-03,-507.110704522E-03,-39.769157880E-03,-104.474559173E-03
+3.108845000E-03,-492.186081528E-03,-41.182474430E-03,-104.201946132E-03
+3.108850000E-03,-478.816106813E-03,-41.967650290E-03,-104.571292839E-03
+3.108855000E-03,-464.927915974E-03,-41.653579962E-03,-104.026066736E-03
+3.108860000E-03,-449.847828219E-03,-41.418027183E-03,-104.663629519E-03
+3.108865000E-03,-435.700529376E-03,-39.533605136E-03,-103.779835584E-03
+3.108870000E-03,-420.983192861E-03,-40.004710612E-03,-104.575689822E-03
+3.108875000E-03,-406.006748266E-03,-40.789886466E-03,-103.634735082E-03
+3.108880000E-03,-392.014914279E-03,-40.004710618E-03,-104.294282793E-03
+3.108885000E-03,-377.919437028E-03,-41.025439283E-03,-103.502825532E-03
+3.108890000E-03,-363.409386921E-03,-41.810615124E-03,-104.118403396E-03
+3.108895000E-03,-347.551975052E-03,-41.339509587E-03,-103.098302925E-03
+3.108900000E-03,-332.316422443E-03,-39.769157901E-03,-103.779835563E-03
+3.108905000E-03,-317.339977873E-03,-39.769157827E-03,-102.720162225E-03
+3.108910000E-03,-303.348143863E-03,-41.339509566E-03,-103.326946128E-03
+3.108915000E-03,-287.698018383E-03,-40.946921672E-03,-102.214508961E-03
+3.108920000E-03,-273.187968309E-03,-40.554333775E-03,-102.918026536E-03
+3.108925000E-03,-257.848772492E-03,-41.732097493E-03,-101.590137110E-03
+3.108930000E-03,-243.235079197E-03,-40.475816170E-03,-102.399182316E-03
+3.108935000E-03,-227.429488902E-03,-41.182474439E-03,-101.044910985E-03
+3.108940000E-03,-212.504865940E-03,-41.418027209E-03,-101.836368252E-03
+3.108945000E-03,-197.942994235E-03,-40.318780957E-03,-100.402951191E-03
+3.108950000E-03,-183.847517011E-03,-41.653579953E-03,-101.053704944E-03
+3.108955000E-03,-167.990105133E-03,-40.161745795E-03,-99.853328081E-03
+3.108960000E-03,-153.324590203E-03,-40.083228196E-03,-100.130338120E-03
+3.108965000E-03,-137.518999900E-03,-39.219534765E-03,-99.184986381E-03
+3.108970000E-03,-121.506123203E-03,-40.240263436E-03,-99.136619539E-03
+3.108975000E-03,-105.700532894E-03,-41.810615181E-03,-98.494659757E-03
+3.108980000E-03,-91.086839586E-03,-39.612122700E-03,-98.112122067E-03
+3.108985000E-03,-77.198648788E-03,-41.025439247E-03,-97.782348205E-03
+3.108990000E-03,-61.030307274E-03,-39.062499567E-03,-97.039257757E-03
+3.108995000E-03,-46.986651654E-03,-40.397298559E-03,-96.898554241E-03
+3.109000000E-03,-31.699277450E-03,-40.161745771E-03,-96.085112041E-03
+3.109005000E-03,-17.759265050E-03,-40.554333730E-03,-95.882850736E-03
+3.109010000E-03,-2.471890788E-03,-40.554333755E-03,-94.985865820E-03
+3.109015000E-03,+13.178234660E-03,-39.926193082E-03,-94.779207532E-03
+3.109020000E-03,+27.999214411E-03,-39.847675422E-03,-93.974559299E-03
+3.109025000E-03,+43.234766993E-03,-39.062499612E-03,-93.561242719E-03
+3.109030000E-03,+58.729427631E-03,-40.868404033E-03,-92.739006547E-03
+3.109035000E-03,+73.239477731E-03,-41.025439226E-03,-92.312499017E-03
+3.109040000E-03,+89.096889625E-03,-41.418027198E-03,-91.595790477E-03
+3.109045000E-03,+105.006123129E-03,-40.554333733E-03,-90.997800542E-03
+3.109050000E-03,+119.360708370E-03,-40.161745771E-03,-90.193152301E-03
+3.109055000E-03,+135.218120291E-03,-39.455087523E-03,-89.683102067E-03
+3.109060000E-03,+150.298208029E-03,-40.318780963E-03,-88.830086985E-03
+3.109065000E-03,+165.948333507E-03,-40.004710587E-03,-88.394785495E-03
+3.109070000E-03,+180.147453968E-03,-40.789886486E-03,-87.436242779E-03
+3.109075000E-03,+196.108509086E-03,-40.789886486E-03,-86.961368428E-03
+3.109080000E-03,+210.359451140E-03,-40.868404066E-03,-85.972046813E-03
+3.109085000E-03,+225.387717312E-03,-39.612122728E-03,-85.409232765E-03
+3.109090000E-03,+240.882377936E-03,-39.926193049E-03,-84.494659897E-03
+3.109095000E-03,+254.666925523E-03,-40.632851364E-03,-83.839509163E-03
+3.109100000E-03,+270.627980628E-03,-38.983982032E-03,-82.929333282E-03
+3.109105000E-03,+285.552603578E-03,-41.103956794E-03,-82.173051893E-03
+3.109110000E-03,+300.943621023E-03,-40.946921660E-03,-81.416770484E-03
+3.109115000E-03,+315.039098239E-03,-40.868404103E-03,-80.357097139E-03
+3.109120000E-03,+329.756434764E-03,-40.318780988E-03,-79.741519245E-03
+3.109125000E-03,+344.111020060E-03,-40.240263391E-03,-78.655463991E-03
+3.109130000E-03,+359.398394258E-03,-41.182474440E-03,-77.943152430E-03
+3.109135000E-03,+372.198331327E-03,-41.182474471E-03,-76.786745422E-03
+3.109140000E-03,+385.931057300E-03,-40.789886529E-03,-76.171167522E-03
+3.109145000E-03,+402.047577216E-03,-41.418027210E-03,-74.953202727E-03
+3.109150000E-03,+416.091232828E-03,-41.103956827E-03,-74.245288152E-03
+3.109155000E-03,+430.393996549E-03,-40.789886492E-03,-73.150438926E-03
+3.109160000E-03,+443.712149663E-03,-40.632851330E-03,-72.231469078E-03
+3.109165000E-03,+457.963091692E-03,-40.711368930E-03,-71.316896233E-03
+3.109170000E-03,+471.643996091E-03,-42.046167860E-03,-70.248428900E-03
+3.109175000E-03,+484.081181889E-03,-40.868404138E-03,-69.413001778E-03
+3.109180000E-03,+498.073015908E-03,-40.475816140E-03,-68.375313344E-03
+3.109185000E-03,+511.857563489E-03,-41.103956856E-03,-67.421167626E-03
+3.109190000E-03,+525.279359804E-03,-41.260992083E-03,-66.286745525E-03
+3.109195000E-03,+538.597512957E-03,-41.260992020E-03,-65.341393780E-03
+3.109200000E-03,+551.552914851E-03,-41.339509620E-03,-64.154207863E-03
+3.109205000E-03,+564.508316687E-03,-40.240263391E-03,-63.266016917E-03
+3.109210000E-03,+577.204610512E-03,-39.769157862E-03,-62.065640043E-03
+3.109215000E-03,+589.797261165E-03,-39.690640320E-03,-61.041142570E-03
+3.109220000E-03,+603.840916757E-03,-40.475816130E-03,-59.788001876E-03
+3.109225000E-03,+616.381745802E-03,-41.103956824E-03,-59.009735557E-03
+3.109230000E-03,+628.663466757E-03,-40.318780972E-03,-57.598303408E-03
+3.109235000E-03,+641.774333461E-03,-41.575062350E-03,-56.877197891E-03
+3.109240000E-03,+653.589659957E-03,-40.161745788E-03,-55.232725545E-03
+3.109245000E-03,+666.337775397E-03,-40.868404053E-03,-54.749057215E-03
+3.109250000E-03,+678.204923498E-03,-41.182474424E-03,-52.836368785E-03
+3.109255000E-03,+688.931996294E-03,-41.418027201E-03,-52.423052212E-03
+3.109260000E-03,+701.369182105E-03,-40.789886495E-03,-50.483981876E-03
+3.109265000E-03,+713.339973394E-03,-41.260991979E-03,-50.158605000E-03
+3.109270000E-03,+724.637083830E-03,-40.397298559E-03,-48.131594968E-03
+3.109275000E-03,+735.726907848E-03,-40.946921688E-03,-47.735866330E-03
+3.109280000E-03,+747.801342388E-03,-40.711368904E-03,-45.744032181E-03
+3.109285000E-03,+760.186706558E-03,-40.083228217E-03,-45.357097512E-03
+3.109290000E-03,+770.758314506E-03,-41.653579966E-03,-43.448806075E-03
+3.109295000E-03,+782.107246490E-03,-41.653579982E-03,-42.846419150E-03
+3.109300000E-03,+791.383314298E-03,-41.418027227E-03,-41.070037255E-03
+3.109305000E-03,+802.576781491E-03,-40.318780995E-03,-40.357725710E-03
+3.109310000E-03,+813.977535112E-03,-40.946921708E-03,-38.642901599E-03
+3.109315000E-03,+823.771818942E-03,-41.260992040E-03,-37.904208148E-03
+3.109320000E-03,+833.462459541E-03,-40.632851298E-03,-36.136620219E-03
+3.109325000E-03,+842.790348897E-03,-42.360238188E-03,-35.353956919E-03
+3.109330000E-03,+852.429167906E-03,-43.066896498E-03,-33.559987082E-03
+3.109335000E-03,+863.311705420E-03,-41.889132766E-03,-32.896042375E-03
+3.109340000E-03,+873.416918955E-03,-42.124685478E-03,-30.956972037E-03
+3.109345000E-03,+883.470310814E-03,-40.475816169E-03,-30.319409235E-03
+3.109350000E-03,+892.331805674E-03,-41.889132701E-03,-28.463881614E-03
+3.109355000E-03,+901.763338249E-03,-41.575062418E-03,-27.711997203E-03
+3.109360000E-03,+910.676654726E-03,-39.847675472E-03,-25.887248475E-03
+3.109365000E-03,+920.522760133E-03,-41.418027211E-03,-25.091394209E-03
+3.109370000E-03,+929.280611826E-03,-42.203203082E-03,-23.341394231E-03
+3.109375000E-03,+938.349393131E-03,-42.360238243E-03,-22.378454541E-03
+3.109380000E-03,+946.278099061E-03,-41.732097523E-03,-20.852700791E-03
+3.109385000E-03,+954.517734680E-03,-40.868404059E-03,-19.647926929E-03
+3.109390000E-03,+961.980046138E-03,-41.103956850E-03,-18.245288756E-03
+3.109395000E-03,+970.426968149E-03,-41.496544795E-03,-16.996545052E-03
+3.109400000E-03,+978.044744469E-03,-41.575062352E-03,-15.576318937E-03
+3.109405000E-03,+986.595309706E-03,-41.260992020E-03,-14.384736037E-03
+3.109410000E-03,+993.643048302E-03,-42.595790984E-03,-13.004082779E-03
+3.109415000E-03,+1.001727219079E+00,-42.988378966E-03,-11.865263704E-03
+3.109420000E-03,+1.008101276786E+00,-41.575062389E-03,-10.269158188E-03
+3.109425000E-03,+1.014423512924E+00,-42.046167925E-03,-9.345791369E-03
+3.109430000E-03,+1.021523073160E+00,-40.868404005E-03,-7.543027565E-03
+3.109435000E-03,+1.027586201196E+00,-42.517273424E-03,-6.773555216E-03
+3.109440000E-03,+1.034426653406E+00,-41.496544762E-03,-4.847675835E-03
+3.109445000E-03,+1.040748889539E+00,-41.418027195E-03,-4.289258758E-03
+3.109450000E-03,+1.046863839229E+00,-41.260992010E-03,-2.218278880E-03
+3.109455000E-03,+1.052045999995E+00,-41.339509651E-03,-1.721419586E-03
+3.109460000E-03,+1.058160949665E+00,-41.732097563E-03,+441.896970E-06
+3.109465000E-03,+1.065105045017E+00,-39.847675422E-03,+885.992449E-06
+3.109470000E-03,+1.071064529885E+00,-34.037374091E-03,+3.075690909E-03
+3.109475000E-03,+1.075002972085E+00,+1.685497762647E+00,+3.594535133E-03
+3.109480000E-03,+1.079770559931E+00,+2.552724532961E+00,+5.507223543E-03
+3.109485000E-03,+1.084745434256E+00,+2.552724532961E+00,+6.241520028E-03
+3.109490000E-03,+1.089150270941E+00,+2.552724532961E+00,+8.114635584E-03
+3.109495000E-03,+1.093866037211E+00,+2.552724532961E+00,+8.932474774E-03
+3.109500000E-03,+1.098478160284E+00,+2.552724532961E+00,+10.651695855E-03
+3.109505000E-03,+1.100810132621E+00,+2.552724532961E+00,+11.482726001E-03
+3.109510000E-03,+1.105940471751E+00,+2.552724532961E+00,+13.153580254E-03
+3.109515000E-03,+1.108946125016E+00,+2.552724532961E+00,+14.116519943E-03
+3.109520000E-03,+1.112729102338E+00,+2.552724532961E+00,+15.848931982E-03
+3.109525000E-03,+1.115786577166E+00,+2.552724532961E+00,+16.684359111E-03
+3.109530000E-03,+1.118481300762E+00,+2.552724532961E+00,+18.421168135E-03
+3.109535000E-03,+1.121176024362E+00,+2.552724532961E+00,+19.208228432E-03
+3.109540000E-03,+1.123870747943E+00,+2.552724532961E+00,+20.967022375E-03
+3.109545000E-03,+1.125632682617E+00,+2.552724532961E+00,+21.899183175E-03
+3.109550000E-03,+1.128068298203E+00,+2.552724532961E+00,+23.486494710E-03
+3.109555000E-03,+1.129985697667E+00,+2.552724532961E+00,+24.361494711E-03
+3.109560000E-03,+1.131695810714E+00,+2.552724532961E+00,+25.983982122E-03
+3.109565000E-03,+1.134235069435E+00,+2.552724532961E+00,+27.056846437E-03
+3.109570000E-03,+1.135686074463E+00,+2.552724532961E+00,+28.424308732E-03
+3.109575000E-03,+1.137707117159E+00,+2.552724532961E+00,+29.532348922E-03
+3.109580000E-03,+1.139002657333E+00,+2.552724532961E+00,+30.961369007E-03
+3.109585000E-03,+1.139987267882E+00,+2.552724532961E+00,+31.999057437E-03
+3.109590000E-03,+1.139728159867E+00,+2.552724532961E+00,+33.489635311E-03
+3.109595000E-03,+1.141023700020E+00,+2.552724532961E+00,+34.417399117E-03
+3.109600000E-03,+1.141749202561E+00,+2.552724532961E+00,+35.982725740E-03
+3.109605000E-03,+1.141697380942E+00,+2.552724532961E+00,+36.739007134E-03
+3.109610000E-03,+1.142526526678E+00,+2.552724532961E+00,+38.541770938E-03
+3.109615000E-03,+1.142422883470E+00,+2.552724532961E+00,+39.073806104E-03
+3.109620000E-03,+1.141697380949E+00,+2.552724532961E+00,+40.986494529E-03
+3.109625000E-03,+1.140712770430E+00,+2.552724532961E+00,+41.443780953E-03
+3.109630000E-03,+1.140816413650E+00,+2.552724532961E+00,+43.418027165E-03
+3.109635000E-03,+1.139054478967E+00,+2.552724532961E+00,+43.730213098E-03
+3.109640000E-03,+1.137707117150E+00,+2.552724532961E+00,+45.673680403E-03
+3.109645000E-03,+1.135789717677E+00,+2.552724532961E+00,+45.977072371E-03
+3.109650000E-03,+1.135478788058E+00,+2.552724532961E+00,+47.858981886E-03
+3.109655000E-03,+1.132784064492E+00,+2.552724532961E+00,+48.272298477E-03
+3.109660000E-03,+1.132369491588E+00,+2.552724532961E+00,+49.995916536E-03
+3.109665000E-03,+1.129312016767E+00,+2.552724532961E+00,+50.580715539E-03
+3.109670000E-03,+1.127083687638E+00,+2.552724532961E+00,+52.084484351E-03
+3.109675000E-03,+1.124648072103E+00,+2.552724532961E+00,+52.867147679E-03
+3.109680000E-03,+1.122005170107E+00,+2.552724532961E+00,+54.195037094E-03
+3.109685000E-03,+1.119103160081E+00,+2.552724532961E+00,+55.017273278E-03
+3.109690000E-03,+1.115838398840E+00,+2.552724532961E+00,+56.239635063E-03
+3.109695000E-03,+1.111692670211E+00,+2.552724532961E+00,+57.035489337E-03
+3.109700000E-03,+1.108479730530E+00,+2.552724532961E+00,+58.306217954E-03
+3.109705000E-03,+1.103815785924E+00,+2.552724532961E+00,+59.132851128E-03
+3.109710000E-03,+1.100861954270E+00,+2.552724532961E+00,+60.337624968E-03
+3.109715000E-03,+1.095938901547E+00,+2.552724532961E+00,+61.049936534E-03
+3.109720000E-03,+1.090808562408E+00,+2.552724532961E+00,+62.421795800E-03
+3.109725000E-03,+1.086351904188E+00,+2.552724532961E+00,+62.848303350E-03
+3.109730000E-03,+1.081377029893E+00,+2.552724532961E+00,+64.404835978E-03
+3.109735000E-03,+1.077179479649E+00,+2.552724532961E+00,+64.826946547E-03
+3.109740000E-03,+1.071997318894E+00,+2.552724532961E+00,+66.273554551E-03
+3.109745000E-03,+1.066556050110E+00,+2.552724532961E+00,+66.730840998E-03
+3.109750000E-03,+1.061166602967E+00,+2.552724532961E+00,+68.208227894E-03
+3.109755000E-03,+1.056088085424E+00,+2.552724532961E+00,+68.608353542E-03
+3.109760000E-03,+1.049973135755E+00,+2.552724532961E+00,+69.971418832E-03
+3.109765000E-03,+1.042925397116E+00,+2.552724532961E+00,+70.279207794E-03
+3.109770000E-03,+1.037173198687E+00,+2.552724532961E+00,+71.743403744E-03
+3.109775000E-03,+1.030799141005E+00,+2.552724532961E+00,+71.945665058E-03
+3.109780000E-03,+1.023440472737E+00,+2.552724532961E+00,+73.524182617E-03
+3.109785000E-03,+1.016703663738E+00,+2.552724532961E+00,+73.502197706E-03
+3.109790000E-03,+1.009707746723E+00,+2.552724532961E+00,+75.392901191E-03
+3.109795000E-03,+1.002815472889E+00,+2.552724532961E+00,+75.019157485E-03
+3.109800000E-03,+994.783123765E-03,+2.552724532961E+00,+76.905463992E-03
+3.109805000E-03,+987.942671569E-03,+2.552724532961E+00,+76.456971540E-03
+3.109810000E-03,+979.236641529E-03,+2.552724532961E+00,+78.505966490E-03
+3.109815000E-03,+972.396189324E-03,+2.552724532961E+00,+77.903579563E-03
+3.109820000E-03,+964.519304998E-03,+2.552724532961E+00,+80.014132301E-03
+3.109825000E-03,+956.849707098E-03,+2.552724532961E+00,+79.420539346E-03
+3.109830000E-03,+947.469996174E-03,+2.552724532961E+00,+81.337624752E-03
+3.109835000E-03,+939.023074137E-03,+2.552724532961E+00,+80.849559431E-03
+3.109840000E-03,+931.768049044E-03,+2.552724532961E+00,+82.546795592E-03
+3.109845000E-03,+922.802910973E-03,+2.552724532961E+00,+82.221418711E-03
+3.109850000E-03,+913.578664829E-03,+2.552724532961E+00,+83.782348345E-03
+3.109855000E-03,+903.784381052E-03,+2.552724532961E+00,+83.694408646E-03
+3.109860000E-03,+894.508313305E-03,+2.552724532961E+00,+84.732097084E-03
+3.109865000E-03,+885.594996796E-03,+2.552724532961E+00,+85.031092045E-03
+3.109870000E-03,+875.489783373E-03,+2.552724532961E+00,+85.932473952E-03
+3.109875000E-03,+865.229105108E-03,+2.552724532961E+00,+86.196293038E-03
+3.109880000E-03,+856.471253395E-03,+2.552724532961E+00,+86.921795549E-03
+3.109885000E-03,+846.314218366E-03,+2.552724532961E+00,+87.348303077E-03
+3.109890000E-03,+836.312648100E-03,+2.552724532961E+00,+87.836368404E-03
+3.109895000E-03,+825.430110538E-03,+2.552724532961E+00,+88.443152310E-03
+3.109900000E-03,+814.443929732E-03,+2.552724532961E+00,+88.636619656E-03
+3.109905000E-03,+802.473138427E-03,+2.552724532961E+00,+89.507222651E-03
+3.109910000E-03,+792.367924960E-03,+2.552724532961E+00,+89.524810597E-03
+3.109915000E-03,+782.210889878E-03,+2.552724532961E+00,+90.461368373E-03
+3.109920000E-03,+770.913779452E-03,+2.552724532961E+00,+90.228328179E-03
+3.109925000E-03,+759.616669030E-03,+2.552724532961E+00,+91.358353285E-03
+3.109930000E-03,+748.526845038E-03,+2.552724532961E+00,+90.975815609E-03
+3.109935000E-03,+735.467799959E-03,+2.552724532961E+00,+92.193780414E-03
+3.109940000E-03,+726.036267397E-03,+2.552724532961E+00,+91.723303038E-03
+3.109945000E-03,+713.806368018E-03,+2.552724532961E+00,+92.848931158E-03
+3.109950000E-03,+702.405614401E-03,+2.552724532961E+00,+92.440011575E-03
+3.109955000E-03,+689.864785370E-03,+2.552724532961E+00,+93.433730146E-03
+3.109960000E-03,+678.049458839E-03,+2.552724532961E+00,+93.169911065E-03
+3.109965000E-03,+664.575840910E-03,+2.552724532961E+00,+93.767900998E-03
+3.109970000E-03,+651.983190313E-03,+2.552724532961E+00,+93.820664825E-03
+3.109975000E-03,+640.012398969E-03,+2.552724532961E+00,+94.146041702E-03
+3.109980000E-03,+627.471569948E-03,+2.552724532961E+00,+94.365890949E-03
+3.109985000E-03,+614.827097742E-03,+2.552724532961E+00,+94.409860798E-03
+3.109990000E-03,+602.078982288E-03,+2.552724532961E+00,+94.858353252E-03
+3.109995000E-03,+589.434510067E-03,+2.552724532961E+00,+94.682473868E-03
+3.110000000E-03,+577.049145903E-03,+2.552724532961E+00,+95.214509023E-03
+3.110005000E-03,+563.005490262E-03,+2.552724532961E+00,+94.999056778E-03
+3.110010000E-03,+550.620126058E-03,+2.552724532961E+00,+95.293654752E-03
+3.110015000E-03,+537.146508127E-03,+2.552724532961E+00,+95.262875872E-03
+3.110020000E-03,+521.600025877E-03,+2.552724532961E+00,+95.443152233E-03
+3.110025000E-03,+508.385515978E-03,+2.552724532961E+00,+95.504710040E-03
+3.110030000E-03,+494.704611587E-03,+2.552724532961E+00,+95.495916057E-03
+3.110035000E-03,+480.816420756E-03,+2.552724532961E+00,+95.553076872E-03
+3.110040000E-03,+467.446446065E-03,+2.552724532961E+00,+95.566267815E-03
+3.110045000E-03,+453.350968809E-03,+2.552724532961E+00,+95.610237673E-03
+3.110050000E-03,+439.462778023E-03,+2.552724532961E+00,+95.561870836E-03
+3.110055000E-03,+425.989160057E-03,+2.552724532961E+00,+95.531091941E-03
+3.110060000E-03,+411.064537111E-03,+2.552724532961E+00,+95.575061790E-03
+3.110065000E-03,+396.761773491E-03,+2.552724532961E+00,+95.232096971E-03
+3.110070000E-03,+381.940793705E-03,+2.552724532961E+00,+95.473931138E-03
+3.110075000E-03,+367.482565219E-03,+2.552724532961E+00,+94.884735166E-03
+3.110080000E-03,+352.247012611E-03,+2.552724532961E+00,+95.342021590E-03
+3.110085000E-03,+337.218746461E-03,+2.552724532961E+00,+94.594534167E-03
+3.110090000E-03,+323.226912455E-03,+2.552724532961E+00,+94.959483910E-03
+3.110095000E-03,+308.561397506E-03,+2.552724532961E+00,+94.396669847E-03
+3.110100000E-03,+293.947704186E-03,+2.552724532961E+00,+94.506594463E-03
+3.110105000E-03,+280.163156617E-03,+2.552724532961E+00,+94.071292971E-03
+3.110110000E-03,+265.601284861E-03,+2.552724532961E+00,+93.978956280E-03
+3.110115000E-03,+249.743872996E-03,+2.552724532961E+00,+93.741519100E-03
+3.110120000E-03,+235.182001313E-03,+2.552724532961E+00,+93.336996488E-03
+3.110125000E-03,+220.309199952E-03,+2.552724532961E+00,+93.336996490E-03
+3.110130000E-03,+204.970004149E-03,+2.552724532961E+00,+92.796167351E-03
+3.110135000E-03,+189.941738004E-03,+2.552724532961E+00,+92.743403531E-03
+3.110140000E-03,+174.239790893E-03,+2.552724532961E+00,+92.000313089E-03
+3.110145000E-03,+159.211524745E-03,+2.552724532961E+00,+92.119031676E-03
+3.110150000E-03,+144.235080180E-03,+2.552724532961E+00,+91.459483952E-03
+3.110155000E-03,+128.222203477E-03,+2.552724532961E+00,+91.257222643E-03
+3.110160000E-03,+113.245758883E-03,+2.552724532961E+00,+90.729584456E-03
+3.110165000E-03,+97.129239027E-03,+2.552724532961E+00,+90.434986476E-03
+3.110170000E-03,+82.826475331E-03,+2.552724532961E+00,+89.876569389E-03
+3.110175000E-03,+66.709955382E-03,+2.552724532961E+00,+89.590765378E-03
+3.110180000E-03,+51.681689214E-03,+2.552724532961E+00,+88.961996534E-03
+3.110185000E-03,+36.394314981E-03,+2.552724532961E+00,+88.645413634E-03
+3.110190000E-03,+21.417870428E-03,+2.552724532961E+00,+87.871544286E-03
+3.110195000E-03,+5.819566616E-03,+2.552724532961E+00,+87.761619677E-03
+3.110200000E-03,-8.224089020E-03,+2.552724532961E+00,+86.754710123E-03
+3.110205000E-03,-23.926036127E-03,+2.552724532961E+00,+86.772298077E-03
+3.110210000E-03,-38.436086168E-03,+2.552724532961E+00,+85.629081998E-03
+3.110215000E-03,-52.790671516E-03,+2.552724532961E+00,+85.708227734E-03
+3.110220000E-03,-68.337153687E-03,+2.552724532961E+00,+84.499056882E-03
+3.110225000E-03,-83.935457566E-03,+2.552724532961E+00,+84.494659907E-03
+3.110230000E-03,-98.756437324E-03,+2.552724532961E+00,+83.399810666E-03
+3.110235000E-03,-115.494816519E-03,+2.552724532961E+00,+83.092021730E-03
+3.110240000E-03,-131.144941982E-03,+2.552724532961E+00,+82.234609672E-03
+3.110245000E-03,-145.965921756E-03,+2.552724532961E+00,+81.680589584E-03
+3.110250000E-03,-160.165042210E-03,+2.552724532961E+00,+80.950690091E-03
+3.110255000E-03,-177.680745469E-03,+2.552724532961E+00,+80.229584575E-03
+3.110260000E-03,-191.206185083E-03,+2.552724532961E+00,+79.701946386E-03
+3.110265000E-03,-206.959953734E-03,+2.552724532961E+00,+78.743403687E-03
+3.110270000E-03,-221.625468637E-03,+2.552724532961E+00,+78.255338361E-03
+3.110275000E-03,-237.741988560E-03,+2.552724532961E+00,+77.213252951E-03
+3.110280000E-03,-251.526536224E-03,+2.552724532961E+00,+76.804333347E-03
+3.110285000E-03,-267.124840074E-03,+2.552724532961E+00,+75.713881110E-03
+3.110290000E-03,-282.256749426E-03,+2.552724532961E+00,+75.173051962E-03
+3.110295000E-03,-296.818621145E-03,+2.552724532961E+00,+74.170539416E-03
+3.110300000E-03,-312.416924992E-03,+2.552724532961E+00,+73.528579618E-03
+3.110305000E-03,-327.548834378E-03,+2.552724532961E+00,+72.429333405E-03
+3.110310000E-03,-343.095316623E-03,+2.552724532961E+00,+71.862122351E-03
+3.110315000E-03,-357.449901878E-03,+2.552724532961E+00,+70.740891207E-03
+3.110320000E-03,-371.752665578E-03,+2.552724532961E+00,+70.151695237E-03
+3.110325000E-03,-386.832753309E-03,+2.552724532961E+00,+68.924936454E-03
+3.110330000E-03,-400.513657722E-03,+2.552724532961E+00,+68.423680182E-03
+3.110335000E-03,-415.334637476E-03,+2.552724532961E+00,+66.968278182E-03
+3.110340000E-03,-430.777476467E-03,+2.552724532961E+00,+66.612122409E-03
+3.110345000E-03,-445.909385847E-03,+2.552724532961E+00,+65.108353579E-03
+3.110350000E-03,-460.263971136E-03,+2.552724532961E+00,+64.668655091E-03
+3.110355000E-03,-474.307626754E-03,+2.552724532961E+00,+63.178077222E-03
+3.110360000E-03,-488.921320054E-03,+2.552724532961E+00,+62.654836018E-03
+3.110365000E-03,-502.913154056E-03,+2.552724532961E+00,+61.353328500E-03
+3.110370000E-03,-517.734133805E-03,+2.552724532961E+00,+60.619032019E-03
+3.110375000E-03,-531.207751756E-03,+2.552724532961E+00,+59.401067215E-03
+3.110380000E-03,-544.266796840E-03,+2.552724532961E+00,+58.442524511E-03
+3.110385000E-03,-557.636771573E-03,+2.552724532961E+00,+57.563127534E-03
+3.110390000E-03,-570.954924726E-03,+2.552724532961E+00,+56.235238100E-03
+3.110395000E-03,-584.324899465E-03,+2.552724532961E+00,+55.588881319E-03
+3.110400000E-03,-597.850339048E-03,+2.552724532961E+00,+54.115891389E-03
+3.110405000E-03,-611.168492161E-03,+2.552724532961E+00,+53.487122549E-03
+3.110410000E-03,-625.212147747E-03,+2.552724532961E+00,+52.005338649E-03
+3.110415000E-03,-638.219371247E-03,+2.552724532961E+00,+51.380966793E-03
+3.110420000E-03,-651.019308306E-03,+2.552724532961E+00,+49.885991941E-03
+3.110425000E-03,-663.508315654E-03,+2.552724532961E+00,+49.173680382E-03
+3.110430000E-03,-674.339031701E-03,+2.552724532961E+00,+47.757851258E-03
+3.110435000E-03,-688.071757658E-03,+2.552724532961E+00,+46.794911564E-03
+3.110440000E-03,-700.457121836E-03,+2.552724532961E+00,+45.554961833E-03
+3.110445000E-03,-712.376091582E-03,+2.552724532961E+00,+44.526067370E-03
+3.110450000E-03,-724.916920623E-03,+2.552724532961E+00,+43.198177944E-03
+3.110455000E-03,-737.716857623E-03,+2.552724532961E+00,+42.195665386E-03
+3.110460000E-03,-749.687648990E-03,+2.552724532961E+00,+40.836997055E-03
+3.110465000E-03,-761.606618690E-03,+2.552724532961E+00,+39.966394055E-03
+3.110470000E-03,-773.681053223E-03,+2.552724532961E+00,+38.304333765E-03
+3.110475000E-03,-785.962774143E-03,+2.552724532961E+00,+37.662373985E-03
+3.110480000E-03,-797.518992655E-03,+2.552724532961E+00,+35.881595099E-03
+3.110485000E-03,-807.572384518E-03,+2.552724532961E+00,+35.367147873E-03
+3.110490000E-03,-818.765851732E-03,+2.552724532961E+00,+33.322549902E-03
+3.110495000E-03,-830.218426992E-03,+2.552724532961E+00,+32.926821266E-03
+3.110500000E-03,-841.619180636E-03,+2.552724532961E+00,+30.851444400E-03
+3.110505000E-03,-851.517107671E-03,+2.552724532961E+00,+30.429333859E-03
+3.110510000E-03,-863.021504535E-03,+2.552724532961E+00,+28.292399203E-03
+3.110515000E-03,-872.919431597E-03,+2.552724532961E+00,+27.901067556E-03
+3.110520000E-03,-883.491039500E-03,+2.552724532961E+00,+25.847675611E-03
+3.110525000E-03,-894.062647443E-03,+2.552724532961E+00,+25.412374111E-03
+3.110530000E-03,-903.649644795E-03,+2.552724532961E+00,+23.438127896E-03
+3.110535000E-03,-914.687647219E-03,+2.552724532961E+00,+22.782977153E-03
+3.110540000E-03,-924.481931028E-03,+2.552724532961E+00,+20.905464609E-03
+3.110545000E-03,-934.120749974E-03,+2.552724532961E+00,+20.223931955E-03
+3.110550000E-03,-942.464028823E-03,+2.552724532961E+00,+18.355213378E-03
+3.110555000E-03,-952.413777416E-03,+2.552724532961E+00,+17.713253592E-03
+3.110560000E-03,-961.327093939E-03,+2.552724532961E+00,+15.844535014E-03
+3.110565000E-03,-970.551340071E-03,+2.552724532961E+00,+14.951947086E-03
+3.110570000E-03,-978.739154087E-03,+2.552724532961E+00,+13.316268711E-03
+3.110575000E-03,-987.600648978E-03,+2.552724532961E+00,+12.348932039E-03
+3.110580000E-03,-995.684819724E-03,+2.552724532961E+00,+10.783605422E-03
+3.110585000E-03,-1.004183563321E+00,+2.552724532961E+00,+9.750313971E-03
+3.110590000E-03,-1.012267734124E+00,+2.552724532961E+00,+8.272927062E-03
+3.110595000E-03,-1.020403726472E+00,+2.552724532961E+00,+7.046168276E-03
+3.110600000E-03,-1.028280610837E+00,+2.552724532961E+00,+5.801821556E-03
+3.110605000E-03,-1.036727532846E+00,+2.552724532961E+00,+4.359610514E-03
+3.110610000E-03,-1.042946125791E+00,+2.552724532961E+00,+3.176821583E-03
+3.110615000E-03,-1.051133939735E+00,+2.552724532961E+00,+1.730213561E-03
+3.110620000E-03,-1.057145246203E+00,+2.552724532961E+00,+503.454778E-06
+3.110625000E-03,-1.065592168226E+00,+2.552724532961E+00,-789.258772E-06
+3.110630000E-03,-1.071085258634E+00,+2.552724532961E+00,-2.073178364E-03
+3.110635000E-03,-1.078547570095E+00,+2.552724532961E+00,-3.317525077E-03
+3.110640000E-03,-1.084247946921E+00,+2.552724532961E+00,-4.874057724E-03
+3.110645000E-03,-1.089689215718E+00,+2.552724532961E+00,-5.885364246E-03
+3.110650000E-03,-1.095855987028E+00,+2.552724532961E+00,-7.613379304E-03
+3.110655000E-03,-1.102385509529E+00,+2.552724532961E+00,-8.365263718E-03
+3.110660000E-03,-1.107101275827E+00,+2.552724532961E+00,-10.343906913E-03
+3.110665000E-03,-1.113682619966E+00,+2.552724532961E+00,-10.928705899E-03
+3.110670000E-03,-1.118346564660E+00,+2.552724532961E+00,-12.986494825E-03
+3.110675000E-03,-1.124306049535E+00,+2.476640995078E+00,-13.527323968E-03
+3.110680000E-03,-1.128244491718E+00,+207.796808179E-03,-15.589509875E-03
+3.110685000E-03,-1.132960257970E+00,-171.600186553E-03,-16.112751074E-03
+3.110690000E-03,-1.136691413718E+00,-152.598931548E-03,-18.324434463E-03
+3.110695000E-03,-1.141251715143E+00,+197.510987939E-03,-18.557474664E-03
+3.110700000E-03,-1.144827406113E+00,-15.664256164E-03,-20.865891727E-03
+3.110705000E-03,-1.148765848293E+00,-74.238378820E-03,-21.239635437E-03
+3.110710000E-03,-1.151771501516E+00,-99.992146707E-03,-23.526067581E-03
+3.110715000E-03,-1.155709943642E+00,-40.789887378E-03,-23.978957010E-03
+3.110720000E-03,-1.158715596902E+00,-37.492147307E-03,-26.032348963E-03
+3.110725000E-03,-1.161565785293E+00,-49.348303694E-03,-26.581972056E-03
+3.110730000E-03,-1.165296941027E+00,-55.629710287E-03,-28.617776070E-03
+3.110735000E-03,-1.168406237527E+00,-57.435615122E-03,-29.259735851E-03
+3.110740000E-03,-1.169546312880E+00,-48.170539599E-03,-31.084484590E-03
+3.110745000E-03,-1.172966538957E+00,-53.038630111E-03,-31.845162955E-03
+3.110750000E-03,-1.175039403276E+00,-51.625313444E-03,-33.551193103E-03
+3.110755000E-03,-1.176594051498E+00,-52.096419122E-03,-34.452574990E-03
+3.110760000E-03,-1.178407807757E+00,-49.034233173E-03,-35.956343835E-03
+3.110765000E-03,-1.179444239921E+00,-48.563127647E-03,-37.231469430E-03
+3.110770000E-03,-1.180066099223E+00,-49.191268265E-03,-38.304333758E-03
+3.110775000E-03,-1.181931677078E+00,-47.699434202E-03,-39.808102574E-03
+3.110780000E-03,-1.182553536356E+00,-48.720162708E-03,-40.722675438E-03
+3.110785000E-03,-1.182553536393E+00,-46.678705548E-03,-42.384735710E-03
+3.110790000E-03,-1.183589968514E+00,-49.662373883E-03,-42.907976926E-03
+3.110795000E-03,-1.183175395666E+00,-49.583856257E-03,-44.882223120E-03
+3.110800000E-03,-1.183330860500E+00,-48.720162860E-03,-45.211997000E-03
+3.110805000E-03,-1.183175395672E+00,-47.620916584E-03,-47.340137665E-03
+3.110810000E-03,-1.181879855496E+00,-47.620916497E-03,-47.564383911E-03
+3.110815000E-03,-1.182449893155E+00,-47.071293448E-03,-49.648554726E-03
+3.110820000E-03,-1.180584315312E+00,-45.500941728E-03,-50.057474334E-03
+3.110825000E-03,-1.179806991217E+00,-46.678705403E-03,-51.899810986E-03
+3.110830000E-03,-1.178511450995E+00,-47.699434145E-03,-52.594534605E-03
+3.110835000E-03,-1.177371375636E+00,-47.777951750E-03,-54.063127552E-03
+3.110840000E-03,-1.176231300251E+00,-46.678705539E-03,-54.951318502E-03
+3.110845000E-03,-1.174002971156E+00,-45.893529686E-03,-56.191268235E-03
+3.110850000E-03,-1.172085571713E+00,-45.657976898E-03,-57.294911437E-03
+3.110855000E-03,-1.171049139526E+00,-46.678705530E-03,-58.240263193E-03
+3.110860000E-03,-1.168872632003E+00,-44.637248270E-03,-59.612122462E-03
+3.110865000E-03,-1.165400584345E+00,-47.071293404E-03,-60.438755633E-03
+3.110870000E-03,-1.163897757705E+00,-45.736494441E-03,-61.779836003E-03
+3.110875000E-03,-1.161047569279E+00,-46.129082465E-03,-62.492147576E-03
+3.110880000E-03,-1.158404667317E+00,-45.579459346E-03,-64.031092260E-03
+3.110885000E-03,-1.154880797962E+00,-44.323177948E-03,-64.651067149E-03
+3.110890000E-03,-1.151201463839E+00,-46.129082434E-03,-66.146041981E-03
+3.110895000E-03,-1.148610383503E+00,-45.500941755E-03,-66.739634970E-03
+3.110900000E-03,-1.143428222783E+00,-45.500941688E-03,-68.146670105E-03
+3.110905000E-03,-1.139800710242E+00,-45.029836250E-03,-68.713881177E-03
+3.110910000E-03,-1.135188587161E+00,-46.678705490E-03,-70.239634908E-03
+3.110915000E-03,-1.130110069636E+00,-45.893529624E-03,-70.683730401E-03
+3.110920000E-03,-1.126275270677E+00,-45.579459262E-03,-72.209484131E-03
+3.110925000E-03,-1.121041288306E+00,-44.401695447E-03,-72.548051992E-03
+3.110930000E-03,-1.115340911515E+00,-43.459484526E-03,-74.135363510E-03
+3.110935000E-03,-1.110262393984E+00,-44.872801045E-03,-74.377197698E-03
+3.110940000E-03,-1.105857557357E+00,-44.009107609E-03,-76.012876053E-03
+3.110945000E-03,-1.099483499669E+00,-44.166142703E-03,-76.237122296E-03
+3.110950000E-03,-1.093886766063E+00,-43.930589955E-03,-77.850815738E-03
+3.110955000E-03,-1.088030924347E+00,-43.145414173E-03,-78.039886099E-03
+3.110960000E-03,-1.082330547568E+00,-43.066896510E-03,-79.556845867E-03
+3.110965000E-03,-1.077252029987E+00,-43.302449348E-03,-79.908604666E-03
+3.110970000E-03,-1.070618864270E+00,-43.538002046E-03,-81.258479018E-03
+3.110975000E-03,-1.063622947257E+00,-43.223931657E-03,-81.663001632E-03
+3.110980000E-03,-1.057145246342E+00,-44.009107537E-03,-82.942524231E-03
+3.110985000E-03,-1.050408437363E+00,-43.302449303E-03,-83.311870958E-03
+3.110990000E-03,-1.043257055524E+00,-44.166142734E-03,-84.490262911E-03
+3.110995000E-03,-1.035017419916E+00,-43.380966890E-03,-84.850815665E-03
+3.111000000E-03,-1.027347822021E+00,-43.773554790E-03,-85.958855864E-03
+3.111005000E-03,-1.019263651250E+00,-43.066896528E-03,-86.438127205E-03
+3.111010000E-03,-1.011334945329E+00,-42.203203111E-03,-87.497800570E-03
+3.111015000E-03,-1.003820812234E+00,-43.066896582E-03,-87.884735227E-03
+3.111020000E-03,-995.218425380E-03,-42.595790988E-03,-89.023554322E-03
+3.111025000E-03,-986.046000849E-03,-41.496544827E-03,-89.239006572E-03
+3.111030000E-03,-977.754543658E-03,-42.203203002E-03,-90.413001543E-03
+3.111035000E-03,-968.633940743E-03,-42.674308620E-03,-90.606468865E-03
+3.111040000E-03,-959.306051417E-03,-41.418027199E-03,-91.683730174E-03
+3.111045000E-03,-950.444556519E-03,-40.868404171E-03,-91.815639715E-03
+3.111050000E-03,-940.753915910E-03,-40.318781016E-03,-92.875313071E-03
+3.111055000E-03,-930.752345720E-03,-42.674308606E-03,-93.139132164E-03
+3.111060000E-03,-921.009883489E-03,-42.281720662E-03,-94.058102004E-03
+3.111065000E-03,-911.163778088E-03,-40.789886493E-03,-94.321921098E-03
+3.111070000E-03,-901.421315850E-03,-41.103956851E-03,-95.086996467E-03
+3.111075000E-03,-891.160637583E-03,-41.260992048E-03,-95.517900986E-03
+3.111080000E-03,-881.262710512E-03,-40.240263397E-03,-96.186242680E-03
+3.111085000E-03,-871.468426727E-03,-41.260992066E-03,-96.639132126E-03
+3.111090000E-03,-861.000462009E-03,-43.223931716E-03,-97.043654730E-03
+3.111095000E-03,-850.998891771E-03,-41.967650304E-03,-97.606468804E-03
+3.111100000E-03,-839.753602983E-03,-42.752826184E-03,-98.063755226E-03
+3.111105000E-03,-829.389281428E-03,-40.711368934E-03,-98.397926081E-03
+3.111110000E-03,-817.263025325E-03,-41.732097465E-03,-99.053076822E-03
+3.111115000E-03,-806.225022916E-03,-42.988378932E-03,-99.268529087E-03
+3.111120000E-03,-795.653414992E-03,-40.475816191E-03,-99.826946165E-03
+3.111125000E-03,-783.527158822E-03,-42.046167868E-03,-100.033604457E-03
+3.111130000E-03,-771.919118724E-03,-40.789886512E-03,-100.697549160E-03
+3.111135000E-03,-759.844684256E-03,-43.145414125E-03,-100.737122038E-03
+3.111140000E-03,-748.443930573E-03,-40.789886498E-03,-101.414257699E-03
+3.111145000E-03,-735.851279955E-03,-40.868404154E-03,-101.383478813E-03
+3.111150000E-03,-723.828667012E-03,-41.575062360E-03,-102.016644626E-03
+3.111155000E-03,-711.184194786E-03,-40.632851374E-03,-101.994659711E-03
+3.111160000E-03,-699.006117072E-03,-40.789886498E-03,-102.465137088E-03
+3.111165000E-03,-686.983504102E-03,-40.711368962E-03,-102.522297898E-03
+3.111170000E-03,-674.701783110E-03,-41.260992020E-03,-102.953202410E-03
+3.111175000E-03,-661.590916441E-03,-39.690640353E-03,-103.001569251E-03
+3.111180000E-03,-649.671946707E-03,-40.240263360E-03,-103.384106927E-03
+3.111185000E-03,-635.524647873E-03,-39.847675429E-03,-103.375312959E-03
+3.111190000E-03,-622.931997254E-03,-39.376569907E-03,-103.753453661E-03
+3.111195000E-03,-609.821130536E-03,-40.397298548E-03,-103.590765222E-03
+3.111200000E-03,-595.466545324E-03,-40.475816131E-03,-104.078830543E-03
+3.111205000E-03,-583.133002703E-03,-40.318780975E-03,-103.858981300E-03
+3.111210000E-03,-568.467487809E-03,-41.889132703E-03,-104.311870740E-03
+3.111215000E-03,-556.133945182E-03,-40.554333760E-03,-103.902951152E-03
+3.111220000E-03,-543.644937753E-03,-41.025439268E-03,-104.452574258E-03
+3.111225000E-03,-529.031244504E-03,-41.025439240E-03,-104.056845618E-03
+3.111230000E-03,-515.298518505E-03,-40.554333755E-03,-104.544910938E-03
+3.111235000E-03,-501.254862905E-03,-40.475816154E-03,-104.162373258E-03
+3.111240000E-03,-486.744812812E-03,-40.475816145E-03,-104.527322999E-03
+3.111245000E-03,-473.426659670E-03,-39.455087541E-03,-104.096418489E-03
+3.111250000E-03,-458.502036705E-03,-41.418027232E-03,-104.470162196E-03
+3.111255000E-03,-444.251094690E-03,-42.046167882E-03,-104.083227532E-03
+3.111260000E-03,-429.015542120E-03,-40.711368854E-03,-104.329458683E-03
+3.111265000E-03,-415.075529651E-03,-39.612122682E-03,-103.911745122E-03
+3.111270000E-03,-400.617301178E-03,-41.260992006E-03,-104.074433561E-03
+3.111275000E-03,-386.262715865E-03,-42.203203018E-03,-103.727071755E-03
+3.111280000E-03,-371.338092925E-03,-40.554333746E-03,-103.793026529E-03
+3.111285000E-03,-356.828042866E-03,-40.161745792E-03,-103.511619497E-03
+3.111290000E-03,-342.110706294E-03,-40.161745825E-03,-103.494031558E-03
+3.111295000E-03,-327.652477843E-03,-40.868404085E-03,-103.155463724E-03
+3.111300000E-03,-311.484136314E-03,-40.946921681E-03,-103.203830554E-03
+3.111305000E-03,-297.751410352E-03,-41.025439250E-03,-102.781720009E-03
+3.111310000E-03,-283.293181814E-03,-40.946921639E-03,-102.750941108E-03
+3.111315000E-03,-268.316737285E-03,-40.868404090E-03,-102.333227545E-03
+3.111320000E-03,-252.459325433E-03,-40.475816111E-03,-102.148554181E-03
+3.111325000E-03,-238.674777757E-03,-40.240263407E-03,-101.897926049E-03
+3.111330000E-03,-223.128295543E-03,-40.397298581E-03,-101.414257706E-03
+3.111335000E-03,-207.633634877E-03,-40.318780980E-03,-101.260363249E-03
+3.111340000E-03,-192.968119993E-03,-39.141017169E-03,-100.745916008E-03
+3.111345000E-03,-178.613534733E-03,-40.161745791E-03,-100.679961239E-03
+3.111350000E-03,-163.429803686E-03,-39.612122667E-03,-99.941267778E-03
+3.111355000E-03,-147.520570248E-03,-41.103956813E-03,-100.029207472E-03
+3.111360000E-03,-132.181374388E-03,-41.182474443E-03,-99.066267790E-03
+3.111365000E-03,-116.220319296E-03,-39.533605109E-03,-99.184986379E-03
+3.111370000E-03,-101.606626010E-03,-40.318781004E-03,-98.318780356E-03
+3.111375000E-03,-86.733824662E-03,-40.240263402E-03,-98.309986386E-03
+3.111380000E-03,-72.275596136E-03,-40.946921600E-03,-97.483353229E-03
+3.111385000E-03,-58.283762087E-03,-40.397298510E-03,-97.259107005E-03
+3.111390000E-03,-42.581815060E-03,-39.926193011E-03,-96.511619567E-03
+3.111395000E-03,-28.641802624E-03,-40.161745739E-03,-96.225815563E-03
+3.111400000E-03,-13.458071695E-03,-40.554333727E-03,-95.403579380E-03
+3.111405000E-03,+1.725659359E-03,-39.690640312E-03,-95.183730147E-03
+3.111410000E-03,+17.686714454E-03,-40.475816183E-03,-94.383478884E-03
+3.111415000E-03,+32.714980654E-03,-40.711368882E-03,-94.018529164E-03
+3.111420000E-03,+48.261462864E-03,-39.455087503E-03,-93.117147241E-03
+3.111425000E-03,+62.875156181E-03,-40.632851299E-03,-92.857725155E-03
+3.111430000E-03,+78.369816800E-03,-39.376569930E-03,-91.833227659E-03
+3.111435000E-03,+95.367304068E-03,-43.145414183E-03,-91.679333203E-03
+3.111440000E-03,+109.359138105E-03,-42.203203027E-03,-90.527323154E-03
+3.111445000E-03,+125.268371625E-03,-40.161745869E-03,-90.338252818E-03
+3.111450000E-03,+139.674778477E-03,-41.339509554E-03,-89.243403572E-03
+3.111455000E-03,+155.428547149E-03,-40.083228253E-03,-88.926820665E-03
+3.111460000E-03,+170.353170060E-03,-40.632851299E-03,-88.003453831E-03
+3.111465000E-03,+185.070506621E-03,-40.240263437E-03,-87.401066908E-03
+3.111470000E-03,+199.632378337E-03,-40.632851328E-03,-86.754710132E-03
+3.111475000E-03,+214.557001341E-03,-40.004710632E-03,-85.708227734E-03
+3.111480000E-03,+230.051661918E-03,-39.769157909E-03,-85.396041801E-03
+3.111485000E-03,+245.287214547E-03,-39.455087541E-03,-84.081343330E-03
+3.111490000E-03,+259.123583736E-03,-42.595790933E-03,-83.786745342E-03
+3.111495000E-03,+274.255493134E-03,-40.240263456E-03,-82.414886066E-03
+3.111500000E-03,+290.112904983E-03,-38.826946835E-03,-82.190639829E-03
+3.111505000E-03,+304.363847064E-03,-40.397298538E-03,-80.823177539E-03
+3.111510000E-03,+319.599399590E-03,-41.260991976E-03,-80.453830799E-03
+3.111515000E-03,+333.124839189E-03,-41.339509588E-03,-79.152323290E-03
+3.111520000E-03,+348.360391786E-03,-39.533605065E-03,-78.598303184E-03
+3.111525000E-03,+362.300404248E-03,-39.926193074E-03,-77.428705215E-03
+3.111530000E-03,+376.292238227E-03,-41.103956861E-03,-76.755966517E-03
+3.111535000E-03,+390.646823497E-03,-41.496544747E-03,-75.683102217E-03
+3.111540000E-03,+405.726911298E-03,-40.868404080E-03,-74.852072067E-03
+3.111545000E-03,+419.355994089E-03,-41.418027180E-03,-73.783604750E-03
+3.111550000E-03,+433.606936144E-03,-39.847675423E-03,-72.996544449E-03
+3.111555000E-03,+447.184197295E-03,-40.789886517E-03,-71.897298237E-03
+3.111560000E-03,+460.813280028E-03,-39.533605129E-03,-71.088253014E-03
+3.111565000E-03,+475.686081425E-03,-40.318780956E-03,-70.019785694E-03
+3.111570000E-03,+487.345943109E-03,-41.339509524E-03,-69.267901268E-03
+3.111575000E-03,+501.493241968E-03,-40.632851338E-03,-67.997172657E-03
+3.111580000E-03,+515.329611115E-03,-40.632851368E-03,-67.183730437E-03
+3.111585000E-03,+529.891482838E-03,-39.533605070E-03,-65.961368660E-03
+3.111590000E-03,+541.862274173E-03,-39.455087502E-03,-65.020413876E-03
+3.111595000E-03,+554.973140890E-03,-40.868404070E-03,-64.026695317E-03
+3.111600000E-03,+568.032185966E-03,-40.318781000E-03,-62.839509373E-03
+3.111605000E-03,+581.298517469E-03,-40.789886453E-03,-62.039258153E-03
+3.111610000E-03,+595.134886697E-03,-41.025439259E-03,-60.561871208E-03
+3.111615000E-03,+607.675715744E-03,-41.967650299E-03,-59.902323503E-03
+3.111620000E-03,+620.942047201E-03,-41.732097498E-03,-58.297424002E-03
+3.111625000E-03,+633.638340983E-03,-41.339509573E-03,-57.782976788E-03
+3.111630000E-03,+645.660953982E-03,-40.946921702E-03,-56.076946641E-03
+3.111635000E-03,+657.942674952E-03,-40.868404090E-03,-55.580087360E-03
+3.111640000E-03,+669.706179845E-03,-40.161745841E-03,-53.957599931E-03
+3.111645000E-03,+681.417863169E-03,-40.868404070E-03,-53.148554721E-03
+3.111650000E-03,+692.922260008E-03,-41.653579896E-03,-51.693152720E-03
+3.111655000E-03,+705.463089039E-03,-42.124685498E-03,-50.677449218E-03
+3.111660000E-03,+718.625777251E-03,-42.438755847E-03,-49.534233142E-03
+3.111665000E-03,+729.093742045E-03,-39.926193080E-03,-48.070037189E-03
+3.111670000E-03,+740.287209232E-03,-40.240263373E-03,-47.278579901E-03
+3.111675000E-03,+752.620751850E-03,-41.339509542E-03,-45.634107571E-03
+3.111680000E-03,+764.280613518E-03,-41.260992040E-03,-44.917399020E-03
+3.111685000E-03,+775.629545573E-03,-41.339509587E-03,-43.255338756E-03
+3.111690000E-03,+785.682937386E-03,-42.909861339E-03,-42.393529698E-03
+3.111695000E-03,+796.980047837E-03,-42.752826190E-03,-40.916142805E-03
+3.111700000E-03,+806.567045189E-03,-40.868404145E-03,-39.896042289E-03
+3.111705000E-03,+817.397761239E-03,-40.868404075E-03,-38.497801121E-03
+3.111710000E-03,+828.435763590E-03,-41.496544736E-03,-37.319409156E-03
+3.111715000E-03,+838.540977063E-03,-41.182474413E-03,-36.097047368E-03
+3.111720000E-03,+848.646190496E-03,-40.318781036E-03,-34.786745867E-03
+3.111725000E-03,+857.663150292E-03,-42.988378886E-03,-33.577575033E-03
+3.111730000E-03,+868.649331002E-03,-41.967650239E-03,-32.276067503E-03
+3.111735000E-03,+878.547258071E-03,-43.538002077E-03,-30.956972046E-03
+3.111740000E-03,+888.393363454E-03,-40.397298557E-03,-29.725816275E-03
+3.111745000E-03,+897.876717690E-03,-40.711368951E-03,-28.433102717E-03
+3.111750000E-03,+907.360071813E-03,-42.046167841E-03,-27.122801231E-03
+3.111755000E-03,+915.599707400E-03,-40.868404125E-03,-25.825690689E-03
+3.111760000E-03,+924.305737467E-03,-40.240263413E-03,-24.497801262E-03
+3.111765000E-03,+932.597194682E-03,-40.240263353E-03,-23.235866600E-03
+3.111770000E-03,+941.665975978E-03,-40.946921631E-03,-21.793655564E-03
+3.111775000E-03,+949.646503511E-03,-41.732097523E-03,-20.799936970E-03
+3.111780000E-03,+957.212458260E-03,-40.946921662E-03,-19.071921922E-03
+3.111785000E-03,+964.933877749E-03,-40.475816109E-03,-18.267273676E-03
+3.111790000E-03,+971.929794759E-03,-42.360238189E-03,-16.288630497E-03
+3.111795000E-03,+980.376716766E-03,-41.889132809E-03,-15.615891806E-03
+3.111800000E-03,+987.476277005E-03,-41.967650238E-03,-13.553705904E-03
+3.111805000E-03,+996.441415076E-03,-41.339509587E-03,-13.237122977E-03
+3.111810000E-03,+1.003230045667E+00,-42.281720658E-03,-10.893530057E-03
+3.111815000E-03,+1.009863211411E+00,-41.575062353E-03,-10.554962197E-03
+3.111820000E-03,+1.016392733975E+00,-41.653579997E-03,-8.308102950E-03
+3.111825000E-03,+1.023181364552E+00,-41.810615151E-03,-7.881595396E-03
+3.111830000E-03,+1.028259882119E+00,-40.946921687E-03,-5.766645692E-03
+3.111835000E-03,+1.035877658409E+00,-41.889132707E-03,-5.243404471E-03
+3.111840000E-03,+1.041578035202E+00,-41.339509597E-03,-3.313128123E-03
+3.111845000E-03,+1.048263022605E+00,-42.281720653E-03,-2.526067820E-03
+3.111850000E-03,+1.053704291330E+00,-42.438755806E-03,-780.464832E-06
+3.111855000E-03,+1.059404668200E+00,-43.538002010E-03,+142.901997E-06
+3.111860000E-03,+1.064379542553E+00,-41.889132764E-03,+1.747801486E-03
+3.111865000E-03,+1.071945497181E+00,+11.110235942E-03,+2.939384372E-03
+3.111870000E-03,+1.076091225817E+00,+2.284901023961E+00,+4.399183368E-03
+3.111875000E-03,+1.080185132853E+00,+2.552724532961E+00,+5.450062732E-03
+3.111880000E-03,+1.085937331294E+00,+2.552724532961E+00,+7.041771276E-03
+3.111885000E-03,+1.091378599984E+00,+2.552724532961E+00,+7.868404419E-03
+3.111890000E-03,+1.094384253277E+00,+2.552724532961E+00,+9.715138086E-03
+3.111895000E-03,+1.099100019547E+00,+2.552724532961E+00,+10.515389311E-03
+3.111900000E-03,+1.102934818501E+00,+2.552724532961E+00,+12.340138049E-03
+3.111905000E-03,+1.106717795865E+00,+2.552724532961E+00,+13.083228482E-03
+3.111910000E-03,+1.110241665174E+00,+2.552724532961E+00,+14.784861646E-03
+3.111915000E-03,+1.113765534503E+00,+2.552724532961E+00,+15.818153075E-03
+3.111920000E-03,+1.116926652532E+00,+2.552724532961E+00,+17.387876694E-03
+3.111925000E-03,+1.119725019337E+00,+2.552724532961E+00,+18.495916865E-03
+3.111930000E-03,+1.121590597216E+00,+2.552724532961E+00,+19.828203299E-03
+3.111935000E-03,+1.123922569550E+00,+2.552724532961E+00,+21.169283667E-03
+3.111940000E-03,+1.126254541921E+00,+2.552724532961E+00,+22.294911819E-03
+3.111945000E-03,+1.128327406207E+00,+2.552724532961E+00,+23.759107760E-03
+3.111950000E-03,+1.131073951376E+00,+2.552724532961E+00,+24.823178123E-03
+3.111955000E-03,+1.133302280535E+00,+2.552724532961E+00,+26.265389145E-03
+3.111960000E-03,+1.134805107153E+00,+2.552724532961E+00,+27.439384121E-03
+3.111965000E-03,+1.135426966435E+00,+2.552724532961E+00,+28.652951938E-03
+3.111970000E-03,+1.137499830680E+00,+2.552724532961E+00,+30.033605195E-03
+3.111975000E-03,+1.138536262871E+00,+2.552724532961E+00,+31.207600150E-03
+3.111980000E-03,+1.139624516638E+00,+2.552724532961E+00,+32.381595119E-03
+3.111985000E-03,+1.139935446252E+00,+2.552724532961E+00,+33.669911685E-03
+3.111990000E-03,+1.140350019143E+00,+2.552724532961E+00,+34.795539817E-03
+3.111995000E-03,+1.141075521651E+00,+2.552724532961E+00,+36.171796081E-03
+3.112000000E-03,+1.141541916101E+00,+2.552724532961E+00,+37.275439287E-03
+3.112005000E-03,+1.141438272862E+00,+2.552724532961E+00,+38.550564904E-03
+3.112010000E-03,+1.141749202566E+00,+2.552724532961E+00,+39.601444286E-03
+3.112015000E-03,+1.141127343266E+00,+2.552724532961E+00,+41.070037235E-03
+3.112020000E-03,+1.140971878475E+00,+2.552724532961E+00,+41.874685469E-03
+3.112025000E-03,+1.140712770420E+00,+2.552724532961E+00,+43.435615098E-03
+3.112030000E-03,+1.138018046862E+00,+2.552724532961E+00,+44.187499518E-03
+3.112035000E-03,+1.137344365919E+00,+2.552724532961E+00,+45.682474374E-03
+3.112040000E-03,+1.135893360927E+00,+2.552724532961E+00,+46.513504516E-03
+3.112045000E-03,+1.134649642341E+00,+2.552724532961E+00,+47.850187920E-03
+3.112050000E-03,+1.132162205199E+00,+2.552724532961E+00,+48.808730627E-03
+3.112055000E-03,+1.130659378547E+00,+2.552724532961E+00,+49.903579859E-03
+3.112060000E-03,+1.128845622288E+00,+2.552724532961E+00,+51.227072310E-03
+3.112065000E-03,+1.125269931438E+00,+2.552724532961E+00,+52.036117524E-03
+3.112070000E-03,+1.123352531968E+00,+2.552724532961E+00,+53.390388866E-03
+3.112075000E-03,+1.119621376198E+00,+2.552724532961E+00,+54.041142629E-03
+3.112080000E-03,+1.117496690295E+00,+2.552724532961E+00,+55.553705426E-03
+3.112085000E-03,+1.114231929058E+00,+2.552724532961E+00,+56.094534565E-03
+3.112090000E-03,+1.110241665226E+00,+2.552724532961E+00,+57.690640071E-03
+3.112095000E-03,+1.105940471840E+00,+2.552724532961E+00,+58.191896354E-03
+3.112100000E-03,+1.103556677867E+00,+2.552724532961E+00,+59.722047080E-03
+3.112105000E-03,+1.098581803580E+00,+2.552724532961E+00,+60.214509403E-03
+3.112110000E-03,+1.094176966926E+00,+2.552724532961E+00,+61.691896306E-03
+3.112115000E-03,+1.089461200642E+00,+2.552724532961E+00,+62.228328477E-03
+3.112120000E-03,+1.084486326330E+00,+2.552724532961E+00,+63.516645035E-03
+3.112125000E-03,+1.080185132927E+00,+2.552724532961E+00,+64.176192775E-03
+3.112130000E-03,+1.074847507349E+00,+2.552724532961E+00,+65.508479187E-03
+3.112135000E-03,+1.071427281212E+00,+2.552724532961E+00,+66.150438978E-03
+3.112140000E-03,+1.064068612971E+00,+2.552724532961E+00,+67.381594747E-03
+3.112145000E-03,+1.059560133158E+00,+2.552724532961E+00,+67.970790724E-03
+3.112150000E-03,+1.053859756335E+00,+2.552724532961E+00,+69.175564575E-03
+3.112155000E-03,+1.047848449821E+00,+2.552724532961E+00,+69.729584672E-03
+3.112160000E-03,+1.041422570535E+00,+2.552724532961E+00,+70.899182647E-03
+3.112165000E-03,+1.034633939958E+00,+2.552724532961E+00,+71.598303244E-03
+3.112170000E-03,+1.028622633458E+00,+2.552724532961E+00,+72.561242932E-03
+3.112175000E-03,+1.020849392378E+00,+2.552724532961E+00,+73.365891168E-03
+3.112180000E-03,+1.014475334615E+00,+2.552724532961E+00,+74.108981609E-03
+3.112185000E-03,+1.007945812075E+00,+2.552724532961E+00,+75.080715265E-03
+3.112190000E-03,+1.000742608660E+00,+2.552724532961E+00,+75.498428832E-03
+3.112195000E-03,+992.399329919E-03,+2.552724532961E+00,+76.874685093E-03
+3.112200000E-03,+984.988840016E-03,+2.552724532961E+00,+76.949433845E-03
+3.112205000E-03,+976.541917993E-03,+2.552724532961E+00,+78.409232818E-03
+3.112210000E-03,+969.027784872E-03,+2.552724532961E+00,+78.400438853E-03
+3.112215000E-03,+962.083689476E-03,+2.552724532961E+00,+79.934986569E-03
+3.112220000E-03,+953.481302619E-03,+2.552724532961E+00,+79.693152416E-03
+3.112225000E-03,+945.552596710E-03,+2.552724532961E+00,+81.355212676E-03
+3.112230000E-03,+937.261139484E-03,+2.552724532961E+00,+81.122172501E-03
+3.112235000E-03,+927.829606946E-03,+2.552724532961E+00,+82.494031767E-03
+3.112240000E-03,+919.952722566E-03,+2.552724532961E+00,+82.581971478E-03
+3.112245000E-03,+909.847509110E-03,+2.552724532961E+00,+83.659232758E-03
+3.112250000E-03,+900.882371079E-03,+2.552724532961E+00,+83.958227745E-03
+3.112255000E-03,+890.828979231E-03,+2.552724532961E+00,+84.815639781E-03
+3.112260000E-03,+881.967484333E-03,+2.552724532961E+00,+85.198177475E-03
+3.112265000E-03,+871.862270895E-03,+2.552724532961E+00,+85.892901089E-03
+3.112270000E-03,+862.378916668E-03,+2.552724532961E+00,+86.442524190E-03
+3.112275000E-03,+852.170060080E-03,+2.552724532961E+00,+86.939383496E-03
+3.112280000E-03,+842.323954571E-03,+2.552724532961E+00,+87.493403567E-03
+3.112285000E-03,+832.166919540E-03,+2.552724532961E+00,+88.003453839E-03
+3.112290000E-03,+821.543490020E-03,+2.552724532961E+00,+88.447549287E-03
+3.112295000E-03,+809.365412294E-03,+2.552724532961E+00,+89.023554332E-03
+3.112300000E-03,+799.467485239E-03,+2.552724532961E+00,+89.278579431E-03
+3.112305000E-03,+788.895877308E-03,+2.552724532961E+00,+89.911745274E-03
+3.112310000E-03,+777.909696522E-03,+2.552724532961E+00,+90.311870879E-03
+3.112315000E-03,+767.493553457E-03,+2.552724532961E+00,+90.698805568E-03
+3.112320000E-03,+755.885513337E-03,+2.552724532961E+00,+91.120916100E-03
+3.112325000E-03,+744.588402913E-03,+2.552724532961E+00,+91.375941238E-03
+3.112330000E-03,+732.721254759E-03,+2.552724532961E+00,+92.057473879E-03
+3.112335000E-03,+720.957749910E-03,+2.552724532961E+00,+92.004710071E-03
+3.112340000E-03,+710.282498732E-03,+2.552724532961E+00,+92.822549246E-03
+3.112345000E-03,+697.586204949E-03,+2.552724532961E+00,+92.461996505E-03
+3.112350000E-03,+685.408127212E-03,+2.552724532961E+00,+93.565639688E-03
+3.112355000E-03,+672.297260497E-03,+2.552724532961E+00,+92.985237706E-03
+3.112360000E-03,+661.000150043E-03,+2.552724532961E+00,+94.115262798E-03
+3.112365000E-03,+648.822072292E-03,+2.552724532961E+00,+93.477700017E-03
+3.112370000E-03,+636.436708095E-03,+2.552724532961E+00,+94.537373348E-03
+3.112375000E-03,+624.103165474E-03,+2.552724532961E+00,+93.943780415E-03
+3.112380000E-03,+611.147763665E-03,+2.552724532961E+00,+94.871544192E-03
+3.112385000E-03,+597.207751248E-03,+2.552724532961E+00,+94.546167335E-03
+3.112390000E-03,+584.874208655E-03,+2.552724532961E+00,+95.069408523E-03
+3.112395000E-03,+572.333379673E-03,+2.552724532961E+00,+94.796795472E-03
+3.112400000E-03,+558.704296890E-03,+2.552724532961E+00,+95.416770327E-03
+3.112405000E-03,+544.505176439E-03,+2.552724532961E+00,+95.091393457E-03
+3.112410000E-03,+532.016168999E-03,+2.552724532961E+00,+95.614634651E-03
+3.112415000E-03,+517.091546062E-03,+2.552724532961E+00,+95.240890939E-03
+3.112420000E-03,+503.617928134E-03,+2.552724532961E+00,+95.777323092E-03
+3.112425000E-03,+490.144310140E-03,+2.552724532961E+00,+95.280463801E-03
+3.112430000E-03,+476.774335398E-03,+2.552724532961E+00,+95.821292945E-03
+3.112435000E-03,+462.782501414E-03,+2.552724532961E+00,+95.249684912E-03
+3.112440000E-03,+448.894310611E-03,+2.552724532961E+00,+95.891644703E-03
+3.112445000E-03,+435.057941395E-03,+2.552724532961E+00,+95.144157276E-03
+3.112450000E-03,+420.755177832E-03,+2.552724532961E+00,+95.799308019E-03
+3.112455000E-03,+406.866986974E-03,+2.552724532961E+00,+95.152951243E-03
+3.112460000E-03,+391.994185601E-03,+2.552724532961E+00,+95.544282900E-03
+3.112465000E-03,+378.779675659E-03,+2.552724532961E+00,+95.122172348E-03
+3.112470000E-03,+362.144939767E-03,+2.552724532961E+00,+95.245287923E-03
+3.112475000E-03,+347.842176079E-03,+2.552724532961E+00,+95.034232651E-03
+3.112480000E-03,+333.332125946E-03,+2.552724532961E+00,+94.818780395E-03
+3.112485000E-03,+319.184827129E-03,+2.552724532961E+00,+94.788001494E-03
+3.112490000E-03,+303.949274576E-03,+2.552724532961E+00,+94.387875878E-03
+3.112495000E-03,+290.112905315E-03,+2.552724532961E+00,+94.550564313E-03
+3.112500000E-03,+275.654676827E-03,+2.552724532961E+00,+93.917398496E-03
+3.112505000E-03,+259.849086507E-03,+2.552724532961E+00,+94.102071856E-03
+3.112510000E-03,+245.287214803E-03,+2.552724532961E+00,+93.552448749E-03
+3.112515000E-03,+231.139915975E-03,+2.552724532961E+00,+93.517272864E-03
+3.112520000E-03,+216.059828227E-03,+2.552724532961E+00,+93.002825646E-03
+3.112525000E-03,+200.046951540E-03,+2.552724532961E+00,+92.892901019E-03
+3.112530000E-03,+186.366047075E-03,+2.552724532961E+00,+92.440011578E-03
+3.112535000E-03,+170.249527203E-03,+2.552724532961E+00,+92.176192487E-03
+3.112540000E-03,+154.184828923E-03,+2.552724532961E+00,+91.789257809E-03
+3.112545000E-03,+139.830243564E-03,+2.552724532961E+00,+91.543026662E-03
+3.112550000E-03,+123.869188474E-03,+2.552724532961E+00,+91.002197518E-03
+3.112555000E-03,+108.063598247E-03,+2.552724532961E+00,+90.716393513E-03
+3.112560000E-03,+92.309829572E-03,+2.552724532961E+00,+90.281091999E-03
+3.112565000E-03,+76.918812093E-03,+2.552724532961E+00,+89.858981462E-03
+3.112570000E-03,+63.082442894E-03,+2.552724532961E+00,+89.384107081E-03
+3.112575000E-03,+46.395885318E-03,+2.552724532961E+00,+88.957599563E-03
+3.112580000E-03,+31.367619080E-03,+2.552724532961E+00,+88.416770414E-03
+3.112585000E-03,+16.391174595E-03,+2.552724532961E+00,+87.955087008E-03
+3.112590000E-03,+1.259265184E-03,+2.552724532961E+00,+87.510991522E-03
+3.112595000E-03,-13.561714591E-03,+2.552724532961E+00,+86.855840787E-03
+3.112600000E-03,-29.004553606E-03,+2.552724532961E+00,+86.451318172E-03
+3.112605000E-03,-43.255495669E-03,+2.552724532961E+00,+85.721418687E-03
+3.112610000E-03,-58.024653783E-03,+2.552724532961E+00,+85.369659895E-03
+3.112615000E-03,-74.141173635E-03,+2.552724532961E+00,+84.499056891E-03
+3.112620000E-03,-88.651223795E-03,+2.552724532961E+00,+84.182473975E-03
+3.112625000E-03,-104.871386930E-03,+2.552724532961E+00,+83.232725249E-03
+3.112630000E-03,-120.055117920E-03,+2.552724532961E+00,+82.907348367E-03
+3.112635000E-03,-135.808886610E-03,+2.552724532961E+00,+81.970790587E-03
+3.112640000E-03,-151.199904056E-03,+2.552724532961E+00,+81.614634810E-03
+3.112645000E-03,-165.865418970E-03,+2.552724532961E+00,+80.700061956E-03
+3.112650000E-03,-182.603798184E-03,+2.552724532961E+00,+80.097675035E-03
+3.112655000E-03,-196.491989005E-03,+2.552724532961E+00,+79.433730307E-03
+3.112660000E-03,-211.364790327E-03,+2.552724532961E+00,+78.611494144E-03
+3.112665000E-03,-227.429488628E-03,+2.552724532961E+00,+78.092649918E-03
+3.112670000E-03,-242.509576410E-03,+2.552724532961E+00,+77.090137379E-03
+3.112675000E-03,-257.900593821E-03,+2.552724532961E+00,+76.549308229E-03
+3.112680000E-03,-272.721573661E-03,+2.552724532961E+00,+75.520413779E-03
+3.112685000E-03,-289.097201546E-03,+2.552724532961E+00,+75.019157487E-03
+3.112690000E-03,-304.280932547E-03,+2.552724532961E+00,+73.933102239E-03
+3.112695000E-03,-320.086522853E-03,+2.552724532961E+00,+73.326318311E-03
+3.112700000E-03,-333.819248829E-03,+2.552724532961E+00,+72.332599746E-03
+3.112705000E-03,-349.521195858E-03,+2.552724532961E+00,+71.549936428E-03
+3.112710000E-03,-363.564851494E-03,+2.552724532961E+00,+70.696921362E-03
+3.112715000E-03,-377.815793587E-03,+2.552724532961E+00,+69.729584688E-03
+3.112720000E-03,-392.584951774E-03,+2.552724532961E+00,+68.872172639E-03
+3.112725000E-03,-406.265856131E-03,+2.552724532961E+00,+67.896042001E-03
+3.112730000E-03,-421.345943851E-03,+2.552724532961E+00,+67.056217880E-03
+3.112735000E-03,-437.825214986E-03,+2.552724532961E+00,+66.036117403E-03
+3.112740000E-03,-450.573330511E-03,+2.552724532961E+00,+65.134735481E-03
+3.112745000E-03,-465.705239877E-03,+2.552724532961E+00,+64.163001849E-03
+3.112750000E-03,-479.437965865E-03,+2.552724532961E+00,+63.186871183E-03
+3.112755000E-03,-494.103480752E-03,+2.552724532961E+00,+62.303077245E-03
+3.112760000E-03,-508.147136415E-03,+2.552724532961E+00,+61.252197831E-03
+3.112765000E-03,-522.553543323E-03,+2.552724532961E+00,+60.267273248E-03
+3.112770000E-03,-535.094372315E-03,+2.552724532961E+00,+59.273554647E-03
+3.112775000E-03,-548.775276679E-03,+2.552724532961E+00,+58.178705430E-03
+3.112780000E-03,-562.041608161E-03,+2.552724532961E+00,+57.268529537E-03
+3.112785000E-03,-575.929798994E-03,+2.552724532961E+00,+56.107725563E-03
+3.112790000E-03,-590.698957085E-03,+2.552724532961E+00,+55.364635082E-03
+3.112795000E-03,-602.462462014E-03,+2.552724532961E+00,+54.032348695E-03
+3.112800000E-03,-615.936080003E-03,+2.552724532961E+00,+53.152951692E-03
+3.112805000E-03,-628.632373837E-03,+2.552724532961E+00,+51.886620071E-03
+3.112810000E-03,-642.624207838E-03,+2.552724532961E+00,+51.042398947E-03
+3.112815000E-03,-654.232247950E-03,+2.552724532961E+00,+49.771670346E-03
+3.112820000E-03,-667.343114636E-03,+2.552724532961E+00,+48.751569833E-03
+3.112825000E-03,-679.262084322E-03,+2.552724532961E+00,+47.568780922E-03
+3.112830000E-03,-691.958378168E-03,+2.552724532961E+00,+46.482725629E-03
+3.112835000E-03,-703.980991085E-03,+2.552724532961E+00,+45.260363856E-03
+3.112840000E-03,-717.195501036E-03,+2.552724532961E+00,+44.196293501E-03
+3.112845000E-03,-730.513654140E-03,+2.552724532961E+00,+42.965137751E-03
+3.112850000E-03,-742.380802208E-03,+2.552724532961E+00,+41.936243275E-03
+3.112855000E-03,-754.766166431E-03,+2.552724532961E+00,+40.555590031E-03
+3.112860000E-03,-766.270563351E-03,+2.552724532961E+00,+39.579459392E-03
+3.112865000E-03,-778.085889780E-03,+2.552724532961E+00,+38.027323730E-03
+3.112870000E-03,-790.160324312E-03,+2.552724532961E+00,+37.336997102E-03
+3.112875000E-03,-801.301969988E-03,+2.552724532961E+00,+35.551821238E-03
+3.112880000E-03,-812.236329167E-03,+2.552724532961E+00,+34.984610196E-03
+3.112885000E-03,-822.445185865E-03,+2.552724532961E+00,+32.957600163E-03
+3.112890000E-03,-834.208690713E-03,+2.552724532961E+00,+32.597047404E-03
+3.112895000E-03,-844.987585133E-03,+2.552724532961E+00,+30.556846418E-03
+3.112900000E-03,-855.611014612E-03,+2.552724532961E+00,+30.081972053E-03
+3.112905000E-03,-866.545373796E-03,+2.552724532961E+00,+28.098931882E-03
+3.112910000E-03,-876.443300860E-03,+2.552724532961E+00,+27.549308765E-03
+3.112915000E-03,-886.963087184E-03,+2.552724532961E+00,+25.663002257E-03
+3.112920000E-03,-897.482873495E-03,+2.552724532961E+00,+24.924308791E-03
+3.112925000E-03,-907.691730189E-03,+2.552724532961E+00,+23.231469619E-03
+3.112930000E-03,-917.745122006E-03,+2.552724532961E+00,+22.202575150E-03
+3.112935000E-03,-927.228476203E-03,+2.552724532961E+00,+20.843906825E-03
+3.112940000E-03,-937.022760030E-03,+2.552724532961E+00,+19.665514878E-03
+3.112945000E-03,-946.817043833E-03,+2.552724532961E+00,+18.350816397E-03
+3.112950000E-03,-956.559506001E-03,+2.552724532961E+00,+17.049308879E-03
+3.112955000E-03,-965.524644154E-03,+2.552724532961E+00,+15.743404367E-03
+3.112960000E-03,-974.230674188E-03,+2.552724532961E+00,+14.503454640E-03
+3.112965000E-03,-983.299455427E-03,+2.552724532961E+00,+13.127198360E-03
+3.112970000E-03,-991.383626262E-03,+2.552724532961E+00,+11.966394360E-03
+3.112975000E-03,-1.000141477962E+00,+2.552724532961E+00,+10.471419503E-03
+3.112980000E-03,-1.009002972807E+00,+2.552724532961E+00,+9.354585344E-03
+3.112985000E-03,-1.016672570722E+00,+2.552724532961E+00,+7.846419532E-03
+3.112990000E-03,-1.024964027884E+00,+2.552724532961E+00,+6.716394408E-03
+3.112995000E-03,-1.032685447439E+00,+2.552724532961E+00,+5.326947202E-03
+3.113000000E-03,-1.040303223735E+00,+2.552724532961E+00,+4.007851726E-03
+3.113005000E-03,-1.047350962365E+00,+2.552724532961E+00,+2.825062807E-03
+3.113010000E-03,-1.055279668322E+00,+2.552724532961E+00,+1.294912058E-03
+3.113015000E-03,-1.061601904396E+00,+2.552724532961E+00,+375.942231E-06
+3.113020000E-03,-1.068597821422E+00,+2.552724532961E+00,-1.387248719E-03
+3.113025000E-03,-1.075334630427E+00,+2.552724532961E+00,-2.103957248E-03
+3.113030000E-03,-1.082900585080E+00,+2.552724532961E+00,-4.003454719E-03
+3.113035000E-03,-1.086890848864E+00,+2.552724532961E+00,-4.689384357E-03
+3.113040000E-03,-1.093938587466E+00,+2.552724532961E+00,-6.505339110E-03
+3.113045000E-03,-1.099483499511E+00,+2.552724532961E+00,-7.463881817E-03
+3.113050000E-03,-1.104406552226E+00,+2.552724532961E+00,-9.103957171E-03
+3.113055000E-03,-1.110728788367E+00,+2.552724532961E+00,-10.317524998E-03
+3.113060000E-03,-1.116377343551E+00,+2.552724532961E+00,-11.605841563E-03
+3.113065000E-03,-1.121714969078E+00,+2.552724532961E+00,-13.114007378E-03
+3.113070000E-03,-1.126948951434E+00,+2.097244031357E+00,-14.015389290E-03
+3.113075000E-03,-1.130680107285E+00,-47.306836433E-03,-15.862122932E-03
+3.113080000E-03,-1.135084943877E+00,-174.348302001E-03,-16.310615392E-03
+3.113085000E-03,-1.138867921179E+00,-95.516647682E-03,-18.746545003E-03
+3.113090000E-03,-1.143428222654E+00,+210.230839590E-03,-18.750942002E-03
+3.113095000E-03,-1.146485697507E+00,-66.308100345E-03,-21.336369094E-03
+3.113100000E-03,-1.151045998990E+00,-69.919911360E-03,-21.402323887E-03
+3.113105000E-03,-1.154362581901E+00,-102.897297832E-03,-23.961369067E-03
+3.113110000E-03,-1.157109127090E+00,-20.924937862E-03,-24.185615316E-03
+3.113115000E-03,-1.161410320455E+00,-49.112750231E-03,-26.520414255E-03
+3.113120000E-03,-1.164260508879E+00,-47.071293618E-03,-26.788630367E-03
+3.113125000E-03,-1.167110697327E+00,-60.497800738E-03,-28.925564992E-03
+3.113130000E-03,-1.169494491247E+00,-51.311243358E-03,-29.505967021E-03
+3.113135000E-03,-1.171981928414E+00,-50.840137518E-03,-31.401067477E-03
+3.113140000E-03,-1.173381111848E+00,-49.583856375E-03,-32.192524773E-03
+3.113145000E-03,-1.176490408245E+00,-50.761620004E-03,-33.898554890E-03
+3.113150000E-03,-1.178615094172E+00,-49.740891488E-03,-34.835112681E-03
+3.113155000E-03,-1.179858812796E+00,-49.269785947E-03,-36.347675467E-03
+3.113160000E-03,-1.181568925807E+00,-47.071293472E-03,-37.407348831E-03
+3.113165000E-03,-1.180739780115E+00,-48.720162807E-03,-38.739635246E-03
+3.113170000E-03,-1.182138963505E+00,-48.641645165E-03,-39.900439264E-03
+3.113175000E-03,-1.183071752432E+00,-49.426821097E-03,-41.127198041E-03
+3.113180000E-03,-1.183071752440E+00,-48.170539618E-03,-42.415514606E-03
+3.113185000E-03,-1.184004541310E+00,-47.856469374E-03,-43.448806050E-03
+3.113190000E-03,-1.183538146948E+00,-48.563127596E-03,-44.882223126E-03
+3.113195000E-03,-1.183382682081E+00,-48.327574921E-03,-45.748429144E-03
+3.113200000E-03,-1.183382682109E+00,-46.207600038E-03,-47.401695461E-03
+3.113205000E-03,-1.182605358029E+00,-45.972047314E-03,-48.039258266E-03
+3.113210000E-03,-1.181828033893E+00,-47.385363783E-03,-49.798052219E-03
+3.113215000E-03,-1.182035320278E+00,-46.443152849E-03,-50.374057245E-03
+3.113220000E-03,-1.180687958520E+00,-46.050564833E-03,-52.233981826E-03
+3.113225000E-03,-1.179962456015E+00,-47.385363814E-03,-52.735238121E-03
+3.113230000E-03,-1.177785948513E+00,-48.170539765E-03,-54.498429047E-03
+3.113235000E-03,-1.176386765127E+00,-48.877197987E-03,-55.078831067E-03
+3.113240000E-03,-1.175350332941E+00,-45.500941785E-03,-56.714509421E-03
+3.113245000E-03,-1.173070182240E+00,-46.286117521E-03,-57.382851137E-03
+3.113250000E-03,-1.171411890776E+00,-47.306846202E-03,-58.816268195E-03
+3.113255000E-03,-1.168924453621E+00,-46.364635225E-03,-59.607725482E-03
+3.113260000E-03,-1.166437016474E+00,-46.364635145E-03,-61.027951602E-03
+3.113265000E-03,-1.163535006471E+00,-44.558730716E-03,-61.740263148E-03
+3.113270000E-03,-1.162187644656E+00,-47.699434057E-03,-63.292398807E-03
+3.113275000E-03,-1.157782808012E+00,-44.872801064E-03,-63.868403817E-03
+3.113280000E-03,-1.154880798001E+00,-46.286117620E-03,-65.420539499E-03
+3.113285000E-03,-1.152341539213E+00,-43.302449316E-03,-65.820665105E-03
+3.113290000E-03,-1.147833059379E+00,-45.422424137E-03,-67.566268119E-03
+3.113295000E-03,-1.144361011661E+00,-46.678705655E-03,-67.838881163E-03
+3.113300000E-03,-1.141148072046E+00,-44.087625156E-03,-69.681217843E-03
+3.113305000E-03,-1.136276840971E+00,-44.009107563E-03,-69.760363552E-03
+3.113310000E-03,-1.132286577146E+00,-43.773554820E-03,-71.589509284E-03
+3.113315000E-03,-1.126378913942E+00,-44.715765828E-03,-71.739006750E-03
+3.113320000E-03,-1.122129542099E+00,-43.066896542E-03,-73.436242930E-03
+3.113325000E-03,-1.116377343648E+00,-42.988379011E-03,-73.792398681E-03
+3.113330000E-03,-1.110884253279E+00,-43.852072395E-03,-75.164257988E-03
+3.113335000E-03,-1.106064843799E+00,-45.500941717E-03,-75.678705201E-03
+3.113340000E-03,-1.101193612650E+00,-44.401695498E-03,-76.993403696E-03
+3.113345000E-03,-1.094819554946E+00,-43.852072351E-03,-77.674936326E-03
+3.113350000E-03,-1.088704605300E+00,-44.244660330E-03,-78.642273032E-03
+3.113355000E-03,-1.082019617968E+00,-43.773554789E-03,-79.495288066E-03
+3.113360000E-03,-1.076578349091E+00,-43.223931667E-03,-80.308730300E-03
+3.113365000E-03,-1.070152469775E+00,-42.988379012E-03,-81.201318203E-03
+3.113370000E-03,-1.063312017637E+00,-44.401695473E-03,-82.027951388E-03
+3.113375000E-03,-1.057352532747E+00,-44.166142843E-03,-82.907348335E-03
+3.113380000E-03,-1.049423826864E+00,-43.145414117E-03,-83.654835787E-03
+3.113385000E-03,-1.041546942526E+00,-42.752826182E-03,-84.547423698E-03
+3.113390000E-03,-1.034291917466E+00,-43.145414117E-03,-85.206971447E-03
+3.113395000E-03,-1.026363211513E+00,-43.380966866E-03,-86.125941273E-03
+3.113400000E-03,-1.018745435216E+00,-43.145414142E-03,-86.679961378E-03
+3.113405000E-03,-1.010453978048E+00,-42.909861242E-03,-87.669282969E-03
+3.113410000E-03,-1.002266164107E+00,-44.637248215E-03,-87.941896035E-03
+3.113415000E-03,-993.663777227E-03,-43.616519690E-03,-89.181845769E-03
+3.113420000E-03,-984.957747128E-03,-43.459484478E-03,-89.340137224E-03
+3.113425000E-03,-976.718111521E-03,-42.909861368E-03,-90.562499020E-03
+3.113430000E-03,-967.960259852E-03,-43.145414085E-03,-90.659232695E-03
+3.113435000E-03,-958.217797641E-03,-42.438755846E-03,-91.929961316E-03
+3.113440000E-03,-949.459945984E-03,-42.674308569E-03,-91.877197513E-03
+3.113445000E-03,-940.235699869E-03,-42.517273433E-03,-93.187498982E-03
+3.113450000E-03,-929.301340739E-03,-42.595791007E-03,-93.200689961E-03
+3.113455000E-03,-919.144305693E-03,-41.575062331E-03,-94.102071839E-03
+3.113460000E-03,-908.469054468E-03,-41.182474376E-03,-94.642900995E-03
+3.113465000E-03,-897.897446641E-03,-41.889132679E-03,-95.034232637E-03
+3.113470000E-03,-887.844054747E-03,-41.810615086E-03,-95.869659778E-03
+3.113475000E-03,-877.687019697E-03,-42.909861419E-03,-95.970790411E-03
+3.113480000E-03,-868.203665490E-03,-42.124685466E-03,-97.012875849E-03
+3.113485000E-03,-857.372949521E-03,-40.318781102E-03,-96.771041674E-03
+3.113490000E-03,-847.837773811E-03,-43.695037195E-03,-98.125313018E-03
+3.113495000E-03,-837.369809036E-03,-42.674308626E-03,-97.584483878E-03
+3.113500000E-03,-825.761768968E-03,-40.789886587E-03,-99.154207473E-03
+3.113505000E-03,-814.568301751E-03,-39.612122723E-03,-98.481468793E-03
+3.113510000E-03,-803.374834526E-03,-40.475816258E-03,-99.950061739E-03
+3.113515000E-03,-791.559508020E-03,-41.418027144E-03,-99.338880845E-03
+3.113520000E-03,-780.106932803E-03,-40.946921634E-03,-100.759106955E-03
+3.113525000E-03,-767.514282159E-03,-40.554333698E-03,-100.121544149E-03
+3.113530000E-03,-755.802598859E-03,-43.459484472E-03,-101.458227552E-03
+3.113535000E-03,-745.127347709E-03,-42.517273433E-03,-100.750312986E-03
+3.113540000E-03,-732.586518719E-03,-42.203202957E-03,-102.113378299E-03
+3.113545000E-03,-721.133943469E-03,-40.161745839E-03,-101.431845642E-03
+3.113550000E-03,-708.852222499E-03,-42.046167795E-03,-102.706971257E-03
+3.113555000E-03,-695.585891008E-03,-41.496544756E-03,-101.919910963E-03
+3.113560000E-03,-683.615099603E-03,-41.732097524E-03,-103.199433566E-03
+3.113565000E-03,-671.696129928E-03,-40.868404123E-03,-102.460740111E-03
+3.113570000E-03,-658.999836103E-03,-41.339509607E-03,-103.608353154E-03
+3.113575000E-03,-644.956180483E-03,-41.418027207E-03,-102.896041612E-03
+3.113580000E-03,-631.741670553E-03,-40.318781046E-03,-103.929333048E-03
+3.113585000E-03,-618.216230970E-03,-40.475816162E-03,-103.309358194E-03
+3.113590000E-03,-604.949899539E-03,-40.475816162E-03,-104.109609431E-03
+3.113595000E-03,-591.631746411E-03,-40.632851356E-03,-103.718277785E-03
+3.113600000E-03,-579.194560593E-03,-39.612122724E-03,-104.197549134E-03
+3.113605000E-03,-566.290980313E-03,-40.161745872E-03,-104.034860696E-03
+3.113610000E-03,-552.350967908E-03,-40.711368898E-03,-104.219534061E-03
+3.113615000E-03,-539.706495656E-03,-40.318781014E-03,-104.223931049E-03
+3.113620000E-03,-526.025591357E-03,-40.711368872E-03,-104.413001394E-03
+3.113625000E-03,-512.551973338E-03,-41.653579885E-03,-104.263503906E-03
+3.113630000E-03,-497.886458514E-03,-40.083228214E-03,-104.461368231E-03
+3.113635000E-03,-484.361018862E-03,-43.145414098E-03,-104.232725010E-03
+3.113640000E-03,-470.369184875E-03,-40.789886498E-03,-104.487750143E-03
+3.113645000E-03,-454.874524246E-03,-42.046167846E-03,-104.166770240E-03
+3.113650000E-03,-440.779047001E-03,-41.025439194E-03,-104.487750134E-03
+3.113655000E-03,-426.476283378E-03,-40.240263414E-03,-103.929333061E-03
+3.113660000E-03,-412.432627703E-03,-39.690640285E-03,-104.369031539E-03
+3.113665000E-03,-397.404361554E-03,-39.690640285E-03,-103.687498906E-03
+3.113670000E-03,-383.619813916E-03,-40.397298549E-03,-104.114006417E-03
+3.113675000E-03,-367.969688490E-03,-41.025439370E-03,-103.480840617E-03
+3.113680000E-03,-354.029676080E-03,-40.554333750E-03,-103.740262695E-03
+3.113685000E-03,-338.690480248E-03,-39.455087556E-03,-103.304961223E-03
+3.113690000E-03,-324.076786997E-03,-41.418027227E-03,-103.287373252E-03
+3.113695000E-03,-308.893055953E-03,-40.789886478E-03,-102.944408467E-03
+3.113700000E-03,-293.761146640E-03,-40.554333815E-03,-102.825689842E-03
+3.113705000E-03,-279.769312507E-03,-41.182474348E-03,-102.535488871E-03
+3.113710000E-03,-265.932943374E-03,-40.868404078E-03,-102.298051659E-03
+3.113715000E-03,-249.505493814E-03,-42.360238227E-03,-102.007850681E-03
+3.113720000E-03,-235.202730126E-03,-40.946921639E-03,-101.757222524E-03
+3.113725000E-03,-218.775280571E-03,-40.711368898E-03,-101.339508977E-03
+3.113730000E-03,-204.576160094E-03,-41.103956899E-03,-101.185614496E-03
+3.113735000E-03,-190.480682845E-03,-41.182474466E-03,-100.587624561E-03
+3.113740000E-03,-174.986022259E-03,-40.632851337E-03,-100.684358217E-03
+3.113745000E-03,-159.802291288E-03,-40.318781001E-03,-99.747800447E-03
+3.113750000E-03,-144.203987405E-03,-40.946921600E-03,-100.086368277E-03
+3.113755000E-03,-129.331186031E-03,-40.475816235E-03,-98.872800455E-03
+3.113760000E-03,-113.577417364E-03,-39.769157951E-03,-99.303704968E-03
+3.113765000E-03,-98.393686401E-03,-40.711368970E-03,-97.993403486E-03
+3.113770000E-03,-83.676349819E-03,-41.260992001E-03,-98.389132111E-03
+3.113775000E-03,-69.166299719E-03,-39.690640390E-03,-96.999684896E-03
+3.113780000E-03,-53.827103917E-03,-40.946921652E-03,-97.439383380E-03
+3.113785000E-03,-41.027166868E-03,-39.455087464E-03,-96.005966320E-03
+3.113790000E-03,-25.273398223E-03,-41.967650258E-03,-96.379710023E-03
+3.113795000E-03,-10.296953642E-03,-40.161745821E-03,-95.130966327E-03
+3.113800000E-03,+5.923209479E-03,-40.083228227E-03,-95.135363309E-03
+3.113805000E-03,+21.314226867E-03,-40.004710587E-03,-94.141644729E-03
+3.113810000E-03,+36.497957895E-03,-40.397298569E-03,-93.965765328E-03
+3.113815000E-03,+50.697078389E-03,-40.397298602E-03,-92.967649770E-03
+3.113820000E-03,+66.865419885E-03,-40.475816156E-03,-92.708227664E-03
+3.113825000E-03,+81.168183581E-03,-41.339509581E-03,-91.749684950E-03
+3.113830000E-03,+97.543811520E-03,-41.182474433E-03,-91.419911096E-03
+3.113835000E-03,+111.794753601E-03,-41.418027161E-03,-90.465765361E-03
+3.113840000E-03,+127.289414208E-03,-40.318780922E-03,-90.149182466E-03
+3.113845000E-03,+142.369502043E-03,-40.946921672E-03,-89.142272918E-03
+3.113850000E-03,+157.708697872E-03,-40.318781048E-03,-88.720162382E-03
+3.113855000E-03,+172.011461511E-03,-40.868404065E-03,-87.757222688E-03
+3.113860000E-03,+188.179803007E-03,-39.455087517E-03,-87.273554348E-03
+3.113865000E-03,+201.808885775E-03,-40.083228227E-03,-86.367775465E-03
+3.113870000E-03,+217.925405721E-03,-40.397298529E-03,-85.721418692E-03
+3.113875000E-03,+232.435455887E-03,-40.475816149E-03,-85.035489048E-03
+3.113880000E-03,+246.841862750E-03,-39.376570003E-03,-84.028579508E-03
+3.113885000E-03,+262.232880120E-03,-40.632851264E-03,-83.518529269E-03
+3.113890000E-03,+276.794751784E-03,-39.376569937E-03,-82.335740331E-03
+3.113895000E-03,+293.429487875E-03,-41.889132704E-03,-81.860865973E-03
+3.113900000E-03,+307.576786678E-03,-39.926192973E-03,-80.673680053E-03
+3.113905000E-03,+323.019625713E-03,-40.789886424E-03,-80.229584573E-03
+3.113910000E-03,+336.907816515E-03,-40.946921599E-03,-78.941268013E-03
+3.113915000E-03,+350.951472108E-03,-40.946921725E-03,-78.444408717E-03
+3.113920000E-03,+365.565165396E-03,-40.004710587E-03,-77.270413758E-03
+3.113925000E-03,+380.178858826E-03,-39.847675459E-03,-76.492147437E-03
+3.113930000E-03,+394.274336075E-03,-40.475816163E-03,-75.436871063E-03
+3.113935000E-03,+409.406245342E-03,-39.769157866E-03,-74.531092177E-03
+3.113940000E-03,+423.709009136E-03,-41.182474433E-03,-73.752825853E-03
+3.113945000E-03,+437.286270288E-03,-39.376569943E-03,-72.512876127E-03
+3.113950000E-03,+450.552601720E-03,-41.025439266E-03,-72.007222850E-03
+3.113955000E-03,+464.181684475E-03,-41.496544708E-03,-70.639760574E-03
+3.113960000E-03,+478.639912950E-03,-40.083228153E-03,-70.041770611E-03
+3.113965000E-03,+491.802601282E-03,-39.612122638E-03,-68.757851050E-03
+3.113970000E-03,+505.742613709E-03,-41.653580037E-03,-68.049936451E-03
+3.113975000E-03,+519.112588507E-03,-42.674308588E-03,-66.704459115E-03
+3.113980000E-03,+532.897136013E-03,-41.732097536E-03,-65.961368635E-03
+3.113985000E-03,+545.645251481E-03,-40.318780975E-03,-64.686243056E-03
+3.113990000E-03,+559.533442292E-03,-41.810615144E-03,-63.758479218E-03
+3.113995000E-03,+571.296947200E-03,-40.946921699E-03,-62.597675238E-03
+3.114000000E-03,+585.133316416E-03,-41.889132731E-03,-61.564383768E-03
+3.114005000E-03,+597.674145405E-03,-41.103956893E-03,-60.469534554E-03
+3.114010000E-03,+610.940476917E-03,-41.889132710E-03,-59.357097361E-03
+3.114015000E-03,+623.844057198E-03,-42.752826189E-03,-58.354584819E-03
+3.114020000E-03,+635.348454078E-03,-41.182474433E-03,-57.272926528E-03
+3.114025000E-03,+647.319245460E-03,-41.418027174E-03,-56.041770776E-03
+3.114030000E-03,+660.585576860E-03,-40.711368809E-03,-55.004082327E-03
+3.114035000E-03,+671.468114486E-03,-40.789886491E-03,-53.755338647E-03
+3.114040000E-03,+683.905300264E-03,-39.847675493E-03,-52.625313511E-03
+3.114045000E-03,+695.979734835E-03,-40.946921652E-03,-51.455715557E-03
+3.114050000E-03,+707.535953300E-03,-41.810615049E-03,-50.259735643E-03
+3.114055000E-03,+719.403101369E-03,-42.203203059E-03,-49.191268343E-03
+3.114060000E-03,+731.373892751E-03,-41.575062376E-03,-47.823806033E-03
+3.114065000E-03,+742.411895128E-03,-40.004710593E-03,-46.860866355E-03
+3.114070000E-03,+754.227221612E-03,-41.182474406E-03,-45.365891484E-03
+3.114075000E-03,+765.627975272E-03,-41.732097563E-03,-44.565640241E-03
+3.114080000E-03,+776.095939984E-03,-41.575062301E-03,-42.885992027E-03
+3.114085000E-03,+786.719369514E-03,-41.418027195E-03,-42.270414135E-03
+3.114090000E-03,+797.498263830E-03,-41.418027256E-03,-40.379710645E-03
+3.114095000E-03,+808.484444648E-03,-41.103956880E-03,-39.803705605E-03
+3.114100000E-03,+818.693301300E-03,-40.789886566E-03,-37.978956905E-03
+3.114105000E-03,+829.627660561E-03,-39.141017203E-03,-37.205087543E-03
+3.114110000E-03,+839.577409175E-03,-41.967650284E-03,-35.512248390E-03
+3.114115000E-03,+848.853476920E-03,-40.161745869E-03,-34.571293605E-03
+3.114120000E-03,+859.062333581E-03,-42.046167912E-03,-33.085112736E-03
+3.114125000E-03,+869.063903857E-03,-43.066896435E-03,-32.113379064E-03
+3.114130000E-03,+880.153727840E-03,-40.632851433E-03,-30.464509747E-03
+3.114135000E-03,+888.963401190E-03,-41.810615151E-03,-29.466394174E-03
+3.114140000E-03,+898.498576863E-03,-39.769157975E-03,-28.028580115E-03
+3.114145000E-03,+907.152785372E-03,-41.260991959E-03,-26.885364056E-03
+3.114150000E-03,+916.791604364E-03,-41.339509601E-03,-25.271670598E-03
+3.114155000E-03,+925.704920851E-03,-42.360238171E-03,-24.379082672E-03
+3.114160000E-03,+934.462772480E-03,-41.889132724E-03,-22.602700769E-03
+3.114165000E-03,+941.925083935E-03,-40.711368911E-03,-21.727700795E-03
+3.114170000E-03,+950.164719543E-03,-42.517273366E-03,-19.946921901E-03
+3.114175000E-03,+958.611641586E-03,-41.732097625E-03,-19.177449571E-03
+3.114180000E-03,+966.592169161E-03,-39.612122760E-03,-17.409861634E-03
+3.114185000E-03,+974.520875079E-03,-41.653579811E-03,-16.460112921E-03
+3.114190000E-03,+981.205862508E-03,-39.690640389E-03,-14.771670701E-03
+3.114195000E-03,+989.238211610E-03,-40.554333716E-03,-13.769158177E-03
+3.114200000E-03,+997.892420037E-03,-41.418027139E-03,-12.234610425E-03
+3.114205000E-03,+1.003748261737E+00,-40.318781017E-03,-11.166143128E-03
+3.114210000E-03,+1.010692357099E+00,-41.103956895E-03,-9.759107938E-03
+3.114215000E-03,+1.017999203786E+00,-41.653580011E-03,-8.418027591E-03
+3.114220000E-03,+1.024062331826E+00,-41.810615102E-03,-7.116520021E-03
+3.114225000E-03,+1.030850962465E+00,-41.418027257E-03,-5.850188416E-03
+3.114230000E-03,+1.036758625687E+00,-43.459484404E-03,-4.473932112E-03
+3.114235000E-03,+1.043236326641E+00,-41.025439294E-03,-3.282349253E-03
+3.114240000E-03,+1.048833060235E+00,-41.653579963E-03,-1.862123100E-03
+3.114245000E-03,+1.055155296330E+00,-41.575062452E-03,-758.479924E-06
+3.114250000E-03,+1.059767419465E+00,-40.632851365E-03,+740.891948E-06
+3.114255000E-03,+1.066296941962E+00,-40.083228373E-03,+1.967650700E-03
+3.114260000E-03,+1.071841854000E+00,+272.573785534E-03,+3.313128102E-03
+3.114265000E-03,+1.076298512220E+00,+2.516213845680E+00,+4.614635607E-03
+3.114270000E-03,+1.080496062445E+00,+2.552724532961E+00,+5.749057718E-03
+3.114275000E-03,+1.085678223189E+00,+2.552724532961E+00,+7.499057679E-03
+3.114280000E-03,+1.090808562362E+00,+2.552724532961E+00,+8.198178282E-03
+3.114285000E-03,+1.095213398943E+00,+2.552724532961E+00,+10.132851634E-03
+3.114290000E-03,+1.099151841149E+00,+2.552724532961E+00,+10.546168226E-03
+3.114295000E-03,+1.102468424028E+00,+2.552724532961E+00,+12.964509887E-03
+3.114300000E-03,+1.106665974262E+00,+2.552724532961E+00,+13.245916928E-03
+3.114305000E-03,+1.110811702810E+00,+2.552724532961E+00,+15.470791269E-03
+3.114310000E-03,+1.113402783212E+00,+2.552724532961E+00,+15.734610380E-03
+3.114315000E-03,+1.115942041988E+00,+2.552724532961E+00,+17.928705815E-03
+3.114320000E-03,+1.118792230427E+00,+2.552724532961E+00,+18.561871655E-03
+3.114325000E-03,+1.122264278101E+00,+2.552724532961E+00,+20.338253525E-03
+3.114330000E-03,+1.123974391189E+00,+2.552724532961E+00,+21.384735939E-03
+3.114335000E-03,+1.126617293139E+00,+2.552724532961E+00,+22.677449486E-03
+3.114340000E-03,+1.128431049438E+00,+2.552724532961E+00,+24.005338932E-03
+3.114345000E-03,+1.131022129793E+00,+2.552724532961E+00,+25.034233384E-03
+3.114350000E-03,+1.132369491556E+00,+2.552724532961E+00,+26.797424307E-03
+3.114355000E-03,+1.134235069453E+00,+2.552724532961E+00,+27.562499697E-03
+3.114360000E-03,+1.135789717654E+00,+2.552724532961E+00,+29.308102674E-03
+3.114365000E-03,+1.135737896088E+00,+2.552724532961E+00,+30.068781075E-03
+3.114370000E-03,+1.137810760355E+00,+2.552724532961E+00,+31.788002152E-03
+3.114375000E-03,+1.138536262856E+00,+2.552724532961E+00,+32.535489590E-03
+3.114380000E-03,+1.138950835739E+00,+2.552724532961E+00,+34.105213175E-03
+3.114385000E-03,+1.139676338229E+00,+2.552724532961E+00,+34.975816196E-03
+3.114390000E-03,+1.139520873435E+00,+2.552724532961E+00,+36.580715661E-03
+3.114395000E-03,+1.140609127169E+00,+2.552724532961E+00,+37.398554859E-03
+3.114400000E-03,+1.140712770379E+00,+2.552724532961E+00,+39.069409111E-03
+3.114405000E-03,+1.140868235192E+00,+2.552724532961E+00,+39.663002073E-03
+3.114410000E-03,+1.139883624692E+00,+2.552724532961E+00,+41.566896529E-03
+3.114415000E-03,+1.138743549346E+00,+2.552724532961E+00,+41.909861342E-03
+3.114420000E-03,+1.137551652374E+00,+2.552724532961E+00,+43.980841221E-03
+3.114425000E-03,+1.136929793042E+00,+2.552724532961E+00,+44.055589964E-03
+3.114430000E-03,+1.135686074514E+00,+2.552724532961E+00,+46.438755773E-03
+3.114435000E-03,+1.134494177514E+00,+2.552724532961E+00,+46.320037174E-03
+3.114440000E-03,+1.133198637406E+00,+2.552724532961E+00,+48.703202983E-03
+3.114445000E-03,+1.132162205186E+00,+2.552724532961E+00,+48.474559772E-03
+3.114450000E-03,+1.129622946452E+00,+2.552724532961E+00,+50.866519537E-03
+3.114455000E-03,+1.126617293180E+00,+2.552724532961E+00,+50.857725575E-03
+3.114460000E-03,+1.124181677675E+00,+2.552724532961E+00,+52.972675281E-03
+3.114465000E-03,+1.122627029437E+00,+2.552724532961E+00,+53.139760731E-03
+3.114470000E-03,+1.119154981773E+00,+2.552724532961E+00,+54.841393866E-03
+3.114475000E-03,+1.116356614983E+00,+2.552724532961E+00,+55.448177793E-03
+3.114480000E-03,+1.112055421505E+00,+2.552724532961E+00,+56.780464204E-03
+3.114485000E-03,+1.109723449131E+00,+2.552724532961E+00,+57.673052126E-03
+3.114490000E-03,+1.104852218070E+00,+2.552724532961E+00,+58.715137559E-03
+3.114495000E-03,+1.101898386424E+00,+2.552724532961E+00,+59.708856122E-03
+3.114500000E-03,+1.097700836255E+00,+2.552724532961E+00,+60.698177742E-03
+3.114505000E-03,+1.093140534834E+00,+2.552724532961E+00,+61.643529471E-03
+3.114510000E-03,+1.088165660488E+00,+2.552724532961E+00,+62.742775697E-03
+3.114515000E-03,+1.084589969534E+00,+2.552724532961E+00,+63.595790752E-03
+3.114520000E-03,+1.079511452042E+00,+2.552724532961E+00,+64.752197800E-03
+3.114525000E-03,+1.073500145569E+00,+2.552724532961E+00,+65.433730430E-03
+3.114530000E-03,+1.069250773704E+00,+2.552724532961E+00,+66.713253046E-03
+3.114535000E-03,+1.063654040147E+00,+2.552724532961E+00,+67.276067101E-03
+3.114540000E-03,+1.057642733656E+00,+2.552724532961E+00,+68.529207796E-03
+3.114545000E-03,+1.052616037720E+00,+2.552724532961E+00,+69.127197747E-03
+3.114550000E-03,+1.045931050416E+00,+2.552724532961E+00,+70.248428880E-03
+3.114555000E-03,+1.040593424831E+00,+2.552724532961E+00,+70.956343457E-03
+3.114560000E-03,+1.033752972643E+00,+2.552724532961E+00,+71.892901216E-03
+3.114565000E-03,+1.027223450190E+00,+2.552724532961E+00,+72.697549467E-03
+3.114570000E-03,+1.019605673762E+00,+2.552724532961E+00,+73.436242924E-03
+3.114575000E-03,+1.013283437653E+00,+2.552724532961E+00,+74.416770550E-03
+3.114580000E-03,+1.006080234279E+00,+2.552724532961E+00,+75.098303201E-03
+3.114585000E-03,+998.617922754E-03,+2.552724532961E+00,+76.078830832E-03
+3.114590000E-03,+990.119179178E-03,+2.552724532961E+00,+76.804333334E-03
+3.114595000E-03,+983.226905369E-03,+2.552724532961E+00,+77.556217749E-03
+3.114600000E-03,+974.572696905E-03,+2.552724532961E+00,+78.378453924E-03
+3.114605000E-03,+967.473136665E-03,+2.552724532961E+00,+78.870916226E-03
+3.114610000E-03,+959.337144323E-03,+2.552724532961E+00,+79.961368479E-03
+3.114615000E-03,+952.963086555E-03,+2.552724532961E+00,+80.176820740E-03
+3.114620000E-03,+943.376089256E-03,+2.552724532961E+00,+81.320036816E-03
+3.114625000E-03,+935.188275240E-03,+2.552724532961E+00,+81.495916202E-03
+3.114630000E-03,+926.015850672E-03,+2.552724532961E+00,+82.753453877E-03
+3.114635000E-03,+917.465285413E-03,+2.552724532961E+00,+82.727071973E-03
+3.114640000E-03,+908.966541848E-03,+2.552724532961E+00,+84.024182505E-03
+3.114645000E-03,+899.379544439E-03,+2.552724532961E+00,+83.971418699E-03
+3.114650000E-03,+889.377974261E-03,+2.552724532961E+00,+85.039886011E-03
+3.114655000E-03,+879.739155212E-03,+2.552724532961E+00,+85.154207624E-03
+3.114660000E-03,+869.323012131E-03,+2.552724532961E+00,+86.125941281E-03
+3.114665000E-03,+859.736014780E-03,+2.552724532961E+00,+86.332599569E-03
+3.114670000E-03,+850.408125423E-03,+2.552724532961E+00,+87.321921167E-03
+3.114675000E-03,+841.287522473E-03,+2.552724532961E+00,+87.445036741E-03
+3.114680000E-03,+829.783125577E-03,+2.552724532961E+00,+88.302448799E-03
+3.114685000E-03,+819.004231259E-03,+2.552724532961E+00,+88.342021657E-03
+3.114690000E-03,+807.810764090E-03,+2.552724532961E+00,+89.291770402E-03
+3.114695000E-03,+796.980048049E-03,+2.552724532961E+00,+89.282976420E-03
+3.114700000E-03,+785.320186518E-03,+2.552724532961E+00,+90.285488977E-03
+3.114705000E-03,+775.422259441E-03,+2.552724532961E+00,+90.043654806E-03
+3.114710000E-03,+765.368867565E-03,+2.552724532961E+00,+91.182473892E-03
+3.114715000E-03,+753.398076236E-03,+2.552724532961E+00,+90.892272886E-03
+3.114720000E-03,+741.323641668E-03,+2.552724532961E+00,+91.995916090E-03
+3.114725000E-03,+730.233817671E-03,+2.552724532961E+00,+91.578202535E-03
+3.114730000E-03,+719.143993626E-03,+2.552724532961E+00,+92.593906041E-03
+3.114735000E-03,+707.328667115E-03,+2.552724532961E+00,+92.303705038E-03
+3.114740000E-03,+695.046946184E-03,+2.552724532961E+00,+93.134735173E-03
+3.114745000E-03,+682.195187595E-03,+2.552724532961E+00,+92.985237699E-03
+3.114750000E-03,+670.483504231E-03,+2.552724532961E+00,+93.657976376E-03
+3.114755000E-03,+658.668177710E-03,+2.552724532961E+00,+93.561242714E-03
+3.114760000E-03,+647.008316041E-03,+2.552724532961E+00,+94.097674858E-03
+3.114765000E-03,+633.897449400E-03,+2.552724532961E+00,+94.080086933E-03
+3.114770000E-03,+621.771193171E-03,+2.552724532961E+00,+94.537373356E-03
+3.114775000E-03,+608.245753676E-03,+2.552724532961E+00,+94.585740188E-03
+3.114780000E-03,+596.067675931E-03,+2.552724532961E+00,+94.924308024E-03
+3.114785000E-03,+581.868555519E-03,+2.552724532961E+00,+94.836368338E-03
+3.114790000E-03,+569.535012928E-03,+2.552724532961E+00,+95.139760281E-03
+3.114795000E-03,+555.802286916E-03,+2.552724532961E+00,+95.157348227E-03
+3.114800000E-03,+543.313279512E-03,+2.552724532961E+00,+95.346418572E-03
+3.114805000E-03,+529.373267069E-03,+2.552724532961E+00,+95.302448734E-03
+3.114810000E-03,+514.137714498E-03,+2.552724532961E+00,+95.579458766E-03
+3.114815000E-03,+501.389598994E-03,+2.552724532961E+00,+95.399182411E-03
+3.114820000E-03,+488.071445972E-03,+2.552724532961E+00,+95.566267815E-03
+3.114825000E-03,+474.079611946E-03,+2.552724532961E+00,+95.676192448E-03
+3.114830000E-03,+460.346885934E-03,+2.552724532961E+00,+95.539885897E-03
+3.114835000E-03,+445.266798146E-03,+2.552724532961E+00,+95.641016571E-03
+3.114840000E-03,+431.689536975E-03,+2.552724532961E+00,+95.610237651E-03
+3.114845000E-03,+417.645881313E-03,+2.552724532961E+00,+95.544282903E-03
+3.114850000E-03,+402.617615249E-03,+2.552724532961E+00,+95.293654752E-03
+3.114855000E-03,+388.884889270E-03,+2.552724532961E+00,+95.368403508E-03
+3.114860000E-03,+374.633947154E-03,+2.552724532961E+00,+95.205715054E-03
+3.114865000E-03,+359.605680954E-03,+2.552724532961E+00,+95.056217595E-03
+3.114870000E-03,+345.562025369E-03,+2.552724532961E+00,+95.003453747E-03
+3.114875000E-03,+330.637402336E-03,+2.552724532961E+00,+94.770413570E-03
+3.114880000E-03,+316.490103561E-03,+2.552724532961E+00,+94.783604503E-03
+3.114885000E-03,+301.254550965E-03,+2.552724532961E+00,+94.326318106E-03
+3.114890000E-03,+286.744500840E-03,+2.552724532961E+00,+94.484609531E-03
+3.114895000E-03,+271.975342726E-03,+2.552724532961E+00,+93.860237705E-03
+3.114900000E-03,+257.309827788E-03,+2.552724532961E+00,+94.119659781E-03
+3.114905000E-03,+241.918810444E-03,+2.552724532961E+00,+93.376569370E-03
+3.114910000E-03,+227.408760324E-03,+2.552724532961E+00,+93.416142201E-03
+3.114915000E-03,+211.758634898E-03,+2.552724532961E+00,+92.875313099E-03
+3.114920000E-03,+197.714979137E-03,+2.552724532961E+00,+92.919282911E-03
+3.114925000E-03,+182.064853706E-03,+2.552724532961E+00,+92.330086964E-03
+3.114930000E-03,+165.533760972E-03,+2.552724532961E+00,+92.184986438E-03
+3.114935000E-03,+151.541926912E-03,+2.552724532961E+00,+91.674936219E-03
+3.114940000E-03,+135.114477388E-03,+2.552724532961E+00,+91.397926151E-03
+3.114945000E-03,+119.101600676E-03,+2.552724532961E+00,+90.940639744E-03
+3.114950000E-03,+103.814226477E-03,+2.552724532961E+00,+90.606468874E-03
+3.114955000E-03,+88.630495366E-03,+2.552724532961E+00,+90.070036739E-03
+3.114960000E-03,+73.705872529E-03,+2.552724532961E+00,+89.687499045E-03
+3.114965000E-03,+57.796639006E-03,+2.552724532961E+00,+89.287373418E-03
+3.114970000E-03,+42.664729616E-03,+2.552724532961E+00,+88.786117148E-03
+3.114975000E-03,+27.584641907E-03,+2.552724532961E+00,+88.293654840E-03
+3.114980000E-03,+12.452732497E-03,+2.552724532961E+00,+87.792398565E-03
+3.114985000E-03,-2.420068837E-03,+2.552724532961E+00,+87.348303089E-03
+3.114990000E-03,-18.484767197E-03,+2.552724532961E+00,+86.666770444E-03
+3.114995000E-03,-32.839352509E-03,+2.552724532961E+00,+86.354584510E-03
