x-axis,1,2,3
second,Volt,Volt,Volt
+3.105000000E-03,+554.195816886E-03,+2.552724532961E+00,+94.660488936E-03
+3.105005000E-03,+540.774020547E-03,+2.552724532961E+00,+95.306845713E-03
+3.105010000E-03,+526.574900096E-03,+2.552724532961E+00,+94.985865817E-03
+3.105015000E-03,+513.204925365E-03,+2.552724532961E+00,+95.460740184E-03
+3.105020000E-03,+499.161269737E-03,+2.552724532961E+00,+95.245287925E-03
+3.105025000E-03,+485.013970894E-03,+2.552724532961E+00,+95.583855760E-03
+3.105030000E-03,+472.369498667E-03,+2.552724532961E+00,+95.407976365E-03
+3.105035000E-03,+457.030302853E-03,+2.552724532961E+00,+95.715765306E-03
+3.105040000E-03,+443.297576869E-03,+2.552724532961E+00,+95.579458775E-03
+3.105045000E-03,+429.564850885E-03,+2.552724532961E+00,+95.755338170E-03
+3.105050000E-03,+415.158444004E-03,+2.552724532961E+00,+95.456343199E-03
+3.105055000E-03,+400.596572300E-03,+2.552724532961E+00,+95.684986412E-03
+3.105060000E-03,+385.361019700E-03,+2.552724532961E+00,+95.381594456E-03
+3.105065000E-03,+370.436396745E-03,+2.552724532961E+00,+95.684986412E-03
+3.105070000E-03,+356.237276294E-03,+2.552724532961E+00,+95.245287925E-03
+3.105075000E-03,+341.001723693E-03,+2.552724532961E+00,+95.557473851E-03
+3.105080000E-03,+327.424462532E-03,+2.552724532961E+00,+94.946292953E-03
+3.105085000E-03,+312.862590829E-03,+2.552724532961E+00,+95.403579380E-03
+3.105090000E-03,+297.471573407E-03,+2.552724532961E+00,+94.713252755E-03
+3.105095000E-03,+283.583382601E-03,+2.552724532961E+00,+95.021041696E-03
+3.105100000E-03,+267.725970710E-03,+2.552724532961E+00,+94.343906025E-03
+3.105105000E-03,+252.490418110E-03,+2.552724532961E+00,+94.629710042E-03
+3.105110000E-03,+237.669438370E-03,+2.552724532961E+00,+94.075689947E-03
+3.105115000E-03,+223.314853096E-03,+2.552724532961E+00,+94.088880902E-03
+3.105120000E-03,+207.716549243E-03,+2.552724532961E+00,+93.618403520E-03
+3.105125000E-03,+193.206499146E-03,+2.552724532961E+00,+93.693152263E-03
+3.105130000E-03,+177.711838510E-03,+2.552724532961E+00,+93.038001516E-03
+3.105135000E-03,+162.839037161E-03,+2.552724532961E+00,+93.033604531E-03
+3.105140000E-03,+146.515230804E-03,+2.552724532961E+00,+92.453202527E-03
+3.105145000E-03,+131.694251062E-03,+2.552724532961E+00,+92.523554286E-03
+3.105150000E-03,+115.007693452E-03,+2.552724532961E+00,+91.705715098E-03
+3.105155000E-03,+99.720319244E-03,+2.552724532961E+00,+91.877197509E-03
+3.105160000E-03,+84.122015391E-03,+2.552724532961E+00,+90.857097017E-03
+3.105165000E-03,+69.352857258E-03,+2.552724532961E+00,+91.164885959E-03
+3.105170000E-03,+53.650910192E-03,+2.552724532961E+00,+89.999684966E-03
+3.105175000E-03,+38.778108842E-03,+2.552724532961E+00,+90.320664862E-03
+3.105180000E-03,+22.920696953E-03,+2.552724532961E+00,+89.093906081E-03
+3.105185000E-03,+8.617933288E-03,+2.552724532961E+00,+89.384107083E-03
+3.105190000E-03,-7.187656995E-03,+2.552724532961E+00,+88.236494030E-03
+3.105195000E-03,-22.164101560E-03,+2.552724532961E+00,+88.337624682E-03
+3.105200000E-03,-36.829616479E-03,+2.552724532961E+00,+87.304333236E-03
+3.105205000E-03,-52.065169080E-03,+2.552724532961E+00,+87.181217659E-03
+3.105210000E-03,-67.508008108E-03,+2.552724532961E+00,+86.363378472E-03
+3.105215000E-03,-82.950847139E-03,+2.552724532961E+00,+86.042398576E-03
+3.105220000E-03,-97.668183667E-03,+2.552724532961E+00,+85.312499086E-03
+3.105225000E-03,-114.458384489E-03,+2.552724532961E+00,+84.855212659E-03
+3.105230000E-03,-130.212153167E-03,+2.552724532961E+00,+84.098931260E-03
+3.105235000E-03,-145.292240944E-03,+2.552724532961E+00,+83.646041818E-03
+3.105240000E-03,-160.216863901E-03,+2.552724532961E+00,+82.850187555E-03
+3.105245000E-03,-175.763346146E-03,+2.552724532961E+00,+82.326946355E-03
+3.105250000E-03,-190.687969102E-03,+2.552724532961E+00,+81.570664956E-03
+3.105255000E-03,-205.819878485E-03,+2.552724532961E+00,+80.963881043E-03
+3.105260000E-03,-219.293496434E-03,+2.552724532961E+00,+80.190011704E-03
+3.105265000E-03,-235.513659575E-03,+2.552724532961E+00,+79.534860958E-03
+3.105270000E-03,-251.837465931E-03,+2.552724532961E+00,+78.804961468E-03
+3.105275000E-03,-267.435769786E-03,+2.552724532961E+00,+78.101443887E-03
+3.105280000E-03,-282.049463097E-03,+2.552724532961E+00,+77.485866004E-03
+3.105285000E-03,-297.233194090E-03,+2.552724532961E+00,+76.487750438E-03
+3.105290000E-03,-312.054173830E-03,+2.552724532961E+00,+75.929333358E-03
+3.105295000E-03,-327.859764112E-03,+2.552724532961E+00,+74.904835882E-03
+3.105300000E-03,-342.369814209E-03,+2.552724532961E+00,+74.399182620E-03
+3.105305000E-03,-356.361648230E-03,+2.552724532961E+00,+73.172423840E-03
+3.105310000E-03,-371.700844045E-03,+2.552724532961E+00,+72.710740428E-03
+3.105315000E-03,-386.107250926E-03,+2.552724532961E+00,+71.576318330E-03
+3.105320000E-03,-400.876409061E-03,+2.552724532961E+00,+70.916770597E-03
+3.105325000E-03,-415.179172725E-03,+2.552724532961E+00,+69.887876137E-03
+3.105330000E-03,-429.844687644E-03,+2.552724532961E+00,+69.043655039E-03
+3.105335000E-03,-444.872953815E-03,+2.552724532961E+00,+68.151067110E-03
+3.105340000E-03,-459.072074266E-03,+2.552724532961E+00,+67.148554557E-03
+3.105345000E-03,-473.219373107E-03,+2.552724532961E+00,+66.374685220E-03
+3.105350000E-03,-487.781244813E-03,+2.552724532961E+00,+65.271042015E-03
+3.105355000E-03,-502.394938121E-03,+2.552724532961E+00,+64.479584737E-03
+3.105360000E-03,-516.438593752E-03,+2.552724532961E+00,+63.226444047E-03
+3.105365000E-03,-529.134887586E-03,+2.552724532961E+00,+62.492147573E-03
+3.105370000E-03,-543.748580895E-03,+2.552724532961E+00,+61.428077232E-03
+3.105375000E-03,-556.393053122E-03,+2.552724532961E+00,+60.526695332E-03
+3.105380000E-03,-569.296633386E-03,+2.552724532961E+00,+59.445037052E-03
+3.105385000E-03,-583.443932229E-03,+2.552724532961E+00,+58.429333546E-03
+3.105390000E-03,-597.073014995E-03,+2.552724532961E+00,+57.461996872E-03
+3.105395000E-03,-610.080238474E-03,+2.552724532961E+00,+56.318780805E-03
+3.105400000E-03,-623.657499636E-03,+2.552724532961E+00,+55.391016995E-03
+3.105405000E-03,-636.872009546E-03,+2.552724532961E+00,+54.278579822E-03
+3.105410000E-03,-649.982876238E-03,+2.552724532961E+00,+53.298052193E-03
+3.105415000E-03,-662.990099721E-03,+2.552724532961E+00,+52.211996929E-03
+3.105420000E-03,-674.339031758E-03,+2.552724532961E+00,+50.989635133E-03
+3.105425000E-03,-687.190790417E-03,+2.552724532961E+00,+50.123429113E-03
+3.105430000E-03,-699.524332993E-03,+2.552724532961E+00,+48.672424102E-03
+3.105435000E-03,-711.132373074E-03,+2.552724532961E+00,+47.933730644E-03
+3.105440000E-03,-723.932310118E-03,+2.552724532961E+00,+46.399182921E-03
+3.105445000E-03,-736.576782349E-03,+2.552724532961E+00,+45.651695492E-03
+3.105450000E-03,-749.584005824E-03,+2.552724532961E+00,+44.077574906E-03
+3.105455000E-03,-761.295689115E-03,+2.552724532961E+00,+43.365263355E-03
+3.105460000E-03,-772.748264372E-03,+2.552724532961E+00,+41.879082467E-03
+3.105465000E-03,-784.563590880E-03,+2.552724532961E+00,+40.951318657E-03
+3.105470000E-03,-796.275274170E-03,+2.552724532961E+00,+39.645414149E-03
+3.105475000E-03,-808.608816748E-03,+2.552724532961E+00,+38.418655368E-03
+3.105480000E-03,-818.921316641E-03,+2.552724532961E+00,+37.363378998E-03
+3.105485000E-03,-829.492924568E-03,+2.552724532961E+00,+36.004710671E-03
+3.105490000E-03,-841.100964643E-03,+2.552724532961E+00,+34.975816209E-03
+3.105495000E-03,-851.309821320E-03,+2.552724532961E+00,+33.564384064E-03
+3.105500000E-03,-862.762396576E-03,+2.552724532961E+00,+32.491519753E-03
+3.105505000E-03,-871.831177885E-03,+2.552724532961E+00,+31.062499669E-03
+3.105510000E-03,-882.506429026E-03,+2.552724532961E+00,+29.901695660E-03
+3.105515000E-03,-892.818928915E-03,+2.552724532961E+00,+28.758479593E-03
+3.105520000E-03,-904.945185063E-03,+2.552724532961E+00,+27.276695689E-03
+3.105525000E-03,-914.635825663E-03,+2.552724532961E+00,+26.362122834E-03
+3.105530000E-03,-924.119179833E-03,+2.552724532961E+00,+24.730841444E-03
+3.105535000E-03,-933.447069183E-03,+2.552724532961E+00,+23.869032409E-03
+3.105540000E-03,-943.034066568E-03,+2.552724532961E+00,+22.114635443E-03
+3.105545000E-03,-951.636453413E-03,+2.552724532961E+00,+21.270414346E-03
+3.105550000E-03,-961.897131695E-03,+2.552724532961E+00,+19.674308836E-03
+3.105555000E-03,-970.395875321E-03,+2.552724532961E+00,+18.588253571E-03
+3.105560000E-03,-979.153726988E-03,+2.552724532961E+00,+17.255967153E-03
+3.105565000E-03,-987.497005793E-03,+2.552724532961E+00,+15.936871689E-03
+3.105570000E-03,-996.306679064E-03,+2.552724532961E+00,+14.740891803E-03
+3.105575000E-03,-1.004701779476E+00,+2.552724532961E+00,+13.232725991E-03
+3.105580000E-03,-1.014858814542E+00,+2.552724532961E+00,+12.221419467E-03
+3.105585000E-03,-1.020973764229E+00,+2.552724532961E+00,+10.585741095E-03
+3.105590000E-03,-1.029627972676E+00,+2.552724532961E+00,+9.627198390E-03
+3.105595000E-03,-1.035742922364E+00,+2.552724532961E+00,+7.934359214E-03
+3.105600000E-03,-1.044293487591E+00,+2.552724532961E+00,+7.024183341E-03
+3.105605000E-03,-1.051030296568E+00,+2.552724532961E+00,+5.410489894E-03
+3.105610000E-03,-1.058440786439E+00,+2.552724532961E+00,+4.394786385E-03
+3.105615000E-03,-1.065747633098E+00,+2.552724532961E+00,+2.807474847E-03
+3.105620000E-03,-1.072899014927E+00,+2.552724532961E+00,+1.787374352E-03
+3.105625000E-03,-1.079065786219E+00,+2.552724532961E+00,+239.635679E-06
+3.105630000E-03,-1.086113524840E+00,+2.552724532961E+00,-868.404513E-06
+3.105635000E-03,-1.093161263448E+00,+2.552724532961E+00,-2.442525097E-03
+3.105640000E-03,-1.098395245815E+00,+2.552724532961E+00,-3.242776347E-03
+3.105645000E-03,-1.103784692994E+00,+2.552724532961E+00,-5.137876827E-03
+3.105650000E-03,-1.108707745701E+00,+2.552724532961E+00,-5.713881848E-03
+3.105655000E-03,-1.115392733071E+00,+2.552724532961E+00,-7.916771270E-03
+3.105660000E-03,-1.119486640059E+00,+2.552724532961E+00,-8.268530062E-03
+3.105665000E-03,-1.124824265632E+00,+2.552724532961E+00,-10.761620485E-03
+3.105670000E-03,-1.130058247984E+00,+2.552724532961E+00,-10.840766216E-03
+3.105675000E-03,-1.135240408728E+00,+2.552724532961E+00,-13.386620457E-03
+3.105680000E-03,-1.140422569481E+00,+2.255692502405E+00,-13.452575234E-03
+3.105685000E-03,-1.143324579507E+00,+16.684988405E-03,-15.919283746E-03
+3.105690000E-03,-1.147522129710E+00,-174.348302134E-03,-16.200690781E-03
+3.105695000E-03,-1.151512393483E+00,-119.071921053E-03,-18.619032461E-03
+3.105700000E-03,-1.155450835652E+00,+212.586366980E-03,-18.786117889E-03
+3.105705000E-03,-1.159285634608E+00,-52.331971568E-03,-21.010992235E-03
+3.105710000E-03,-1.162705860705E+00,-71.961368589E-03,-21.463881679E-03
+3.105715000E-03,-1.165763335541E+00,-102.740262702E-03,-23.565640449E-03
+3.105720000E-03,-1.169701777711E+00,-26.813756090E-03,-24.242776121E-03
+3.105725000E-03,-1.171515533976E+00,-46.600187891E-03,-26.142273588E-03
+3.105730000E-03,-1.174935760066E+00,-50.133479385E-03,-26.880967046E-03
+3.105735000E-03,-1.176956802764E+00,-59.555589792E-03,-28.701318787E-03
+3.105740000E-03,-1.179029667060E+00,-54.766017019E-03,-29.330087624E-03
+3.105745000E-03,-1.181465282615E+00,-50.761620038E-03,-31.427449411E-03
+3.105750000E-03,-1.183693611736E+00,-51.703831113E-03,-31.893529808E-03
+3.105755000E-03,-1.184885508707E+00,-52.174936612E-03,-33.819409184E-03
+3.105760000E-03,-1.185455546387E+00,-52.803077327E-03,-34.421796113E-03
+3.105765000E-03,-1.186854729790E+00,-48.955715553E-03,-36.426821216E-03
+3.105770000E-03,-1.187476589080E+00,-48.484610038E-03,-37.068781009E-03
+3.105775000E-03,-1.188513021232E+00,-48.955715559E-03,-38.774811140E-03
+3.105780000E-03,-1.188564842837E+00,-49.348303496E-03,-39.627826208E-03
+3.105785000E-03,-1.189290345345E+00,-48.798680378E-03,-41.083228201E-03
+3.105790000E-03,-1.188564842842E+00,-50.369032126E-03,-42.244032211E-03
+3.105795000E-03,-1.188772129271E+00,-49.662373840E-03,-43.440012095E-03
+3.105800000E-03,-1.189549453388E+00,-49.034233149E-03,-44.723931681E-03
+3.105805000E-03,-1.189238523737E+00,-48.955715549E-03,-45.739635186E-03
+3.105810000E-03,-1.188305734806E+00,-49.348303497E-03,-47.186243212E-03
+3.105815000E-03,-1.187321124264E+00,-48.720162789E-03,-48.087625112E-03
+3.105820000E-03,-1.186336513715E+00,-47.306846224E-03,-49.455087409E-03
+3.105825000E-03,-1.185300081575E+00,-48.877197968E-03,-50.655464279E-03
+3.105830000E-03,-1.183434503707E+00,-47.777951747E-03,-51.754710500E-03
+3.105835000E-03,-1.181568925837E+00,-48.955715548E-03,-53.034233098E-03
+3.105840000E-03,-1.180428850464E+00,-49.505338672E-03,-53.900439121E-03
+3.105845000E-03,-1.178666915812E+00,-47.620916569E-03,-55.465765735E-03
+3.105850000E-03,-1.176179478656E+00,-48.249057282E-03,-56.107725529E-03
+3.105855000E-03,-1.173640219894E+00,-46.286117594E-03,-57.752197872E-03
+3.105860000E-03,-1.171930106835E+00,-47.463881409E-03,-58.266645105E-03
+3.105865000E-03,-1.168872631999E+00,-46.364635180E-03,-59.977072219E-03
+3.105870000E-03,-1.165866978770E+00,-47.856469335E-03,-60.509107392E-03
+3.105875000E-03,-1.162757682321E+00,-46.286117604E-03,-62.114006870E-03
+3.105880000E-03,-1.159389277838E+00,-46.678705541E-03,-62.698805861E-03
+3.105885000E-03,-1.156228159777E+00,-46.129082421E-03,-64.149810868E-03
+3.105890000E-03,-1.153118863324E+00,-46.050564834E-03,-64.853328451E-03
+3.105895000E-03,-1.149024956336E+00,-46.443152768E-03,-66.233981700E-03
+3.105900000E-03,-1.144671941308E+00,-45.657976898E-03,-66.858353554E-03
+3.105905000E-03,-1.141199893606E+00,-47.856469319E-03,-68.362122382E-03
+3.105910000E-03,-1.136639592149E+00,-45.736494482E-03,-68.784232931E-03
+3.105915000E-03,-1.131198323360E+00,-46.600187943E-03,-70.353956531E-03
+3.105920000E-03,-1.127000773154E+00,-45.736494499E-03,-70.674936428E-03
+3.105925000E-03,-1.121974077232E+00,-44.794283436E-03,-72.468906257E-03
+3.105930000E-03,-1.116221878794E+00,-46.364635183E-03,-72.561242941E-03
+3.105935000E-03,-1.112127971814E+00,-45.972047240E-03,-74.390388649E-03
+3.105940000E-03,-1.105080233188E+00,-46.050564828E-03,-74.456343422E-03
+3.105945000E-03,-1.098861640298E+00,-44.872801022E-03,-76.232725313E-03
+3.105950000E-03,-1.093368549899E+00,-44.009107576E-03,-76.263504208E-03
+3.105955000E-03,-1.087875459504E+00,-44.087625154E-03,-77.969534339E-03
+3.105960000E-03,-1.081812331425E+00,-45.422424130E-03,-78.255338358E-03
+3.105965000E-03,-1.075230987279E+00,-43.616519634E-03,-79.671167487E-03
+3.105970000E-03,-1.069271502417E+00,-44.872801021E-03,-80.128453915E-03
+3.105975000E-03,-1.062275585407E+00,-44.401695492E-03,-81.293654906E-03
+3.105980000E-03,-1.055953349297E+00,-44.401695510E-03,-81.922423745E-03
+3.105985000E-03,-1.047402784059E+00,-45.972047237E-03,-82.793026751E-03
+3.105990000E-03,-1.039577721343E+00,-44.323177923E-03,-83.637247846E-03
+3.105995000E-03,-1.032737269140E+00,-43.145414111E-03,-84.419911156E-03
+3.106000000E-03,-1.024497633557E+00,-43.380966871E-03,-85.211368432E-03
+3.106005000E-03,-1.016620749218E+00,-43.302449289E-03,-85.985237772E-03
+3.106010000E-03,-1.007862897554E+00,-41.967650303E-03,-86.679961382E-03
+3.106015000E-03,-999.467797137E-03,-42.595790996E-03,-87.612122176E-03
+3.106020000E-03,-991.694556023E-03,-44.166142748E-03,-88.100187497E-03
+3.106025000E-03,-982.003915422E-03,-42.752826167E-03,-89.036745277E-03
+3.106030000E-03,-973.246063761E-03,-43.223931702E-03,-89.489634719E-03
+3.106035000E-03,-964.073639234E-03,-42.360238236E-03,-90.373428679E-03
+3.106040000E-03,-955.263965955E-03,-42.438755838E-03,-90.835112092E-03
+3.106045000E-03,-946.350649471E-03,-44.009107566E-03,-91.582599520E-03
+3.106050000E-03,-936.919116902E-03,-43.773554816E-03,-92.158604541E-03
+3.106055000E-03,-926.865725057E-03,-43.145414090E-03,-92.721418604E-03
+3.106060000E-03,-916.345938740E-03,-44.794283449E-03,-93.460112064E-03
+3.106065000E-03,-905.981617243E-03,-42.281720654E-03,-93.939383413E-03
+3.106070000E-03,-896.031868599E-03,-43.302449296E-03,-94.664885920E-03
+3.106075000E-03,-884.890223003E-03,-42.124685485E-03,-95.034232650E-03
+3.106080000E-03,-874.992295962E-03,-43.695037218E-03,-95.684986412E-03
+3.106085000E-03,-864.731617679E-03,-44.401695501E-03,-96.274182384E-03
+3.106090000E-03,-855.351906728E-03,-43.459484445E-03,-96.678704994E-03
+3.106095000E-03,-844.313904338E-03,-43.695037206E-03,-97.338252725E-03
+3.106100000E-03,-832.913150693E-03,-43.852072394E-03,-97.443780364E-03
+3.106105000E-03,-822.911580445E-03,-42.281720654E-03,-98.428704975E-03
+3.106110000E-03,-811.510826797E-03,-41.889132724E-03,-98.173679853E-03
+3.106115000E-03,-798.710889755E-03,-41.103956851E-03,-99.374056723E-03
+3.106120000E-03,-786.532811998E-03,-41.889132734E-03,-98.995916026E-03
+3.106125000E-03,-775.028415127E-03,-41.182474438E-03,-100.165514000E-03
+3.106130000E-03,-763.731304694E-03,-42.988378928E-03,-99.844534109E-03
+3.106135000E-03,-751.449583725E-03,-42.360238227E-03,-100.829458716E-03
+3.106140000E-03,-739.219684360E-03,-43.066896527E-03,-100.706343144E-03
+3.106145000E-03,-727.041606597E-03,-42.674308578E-03,-101.326318008E-03
+3.106150000E-03,-714.967172050E-03,-41.967650304E-03,-101.467021527E-03
+3.106155000E-03,-702.840915906E-03,-41.025439261E-03,-101.779207451E-03
+3.106160000E-03,-690.040978849E-03,-42.674308588E-03,-102.179333077E-03
+3.106165000E-03,-677.033755382E-03,-41.810615127E-03,-102.223302925E-03
+3.106170000E-03,-664.959320840E-03,-42.281720660E-03,-102.702574276E-03
+3.106175000E-03,-652.677599859E-03,-42.674308579E-03,-102.777323019E-03
+3.106180000E-03,-638.219371374E-03,-41.496544780E-03,-103.199433567E-03
+3.106185000E-03,-624.745753435E-03,-41.653579955E-03,-103.225815478E-03
+3.106190000E-03,-611.168492276E-03,-40.083228218E-03,-103.406091856E-03
+3.106195000E-03,-597.332123067E-03,-41.103956845E-03,-103.727071753E-03
+3.106200000E-03,-584.843115655E-03,-41.810615139E-03,-103.595162205E-03
+3.106205000E-03,-570.954924859E-03,-41.260992017E-03,-104.083227530E-03
+3.106210000E-03,-556.963090840E-03,-42.360238239E-03,-103.669910950E-03
+3.106215000E-03,-544.733191468E-03,-41.025439261E-03,-104.461368227E-03
+3.106220000E-03,-530.689535835E-03,-42.203203073E-03,-103.793026527E-03
+3.106225000E-03,-516.490415380E-03,-41.496544801E-03,-104.619659682E-03
+3.106230000E-03,-501.617614047E-03,-42.046167886E-03,-103.938127028E-03
+3.106235000E-03,-487.833066451E-03,-41.025439250E-03,-104.672423501E-03
+3.106240000E-03,-473.737589213E-03,-42.360238243E-03,-104.017272756E-03
+3.106245000E-03,-458.864787872E-03,-41.260992017E-03,-104.575689834E-03
+3.106250000E-03,-443.991986527E-03,-41.967650318E-03,-104.070036575E-03
+3.106255000E-03,-428.860077136E-03,-41.496544783E-03,-104.461368227E-03
+3.106260000E-03,-415.904675257E-03,-41.732097556E-03,-103.977699892E-03
+3.106265000E-03,-400.513657848E-03,-40.004710623E-03,-104.360237575E-03
+3.106270000E-03,-386.366359006E-03,-42.281720646E-03,-103.775438587E-03
+3.106275000E-03,-371.182628005E-03,-41.418027186E-03,-104.206343105E-03
+3.106280000E-03,-356.206183447E-03,-42.203203068E-03,-103.511619495E-03
+3.106285000E-03,-341.229738883E-03,-41.182474420E-03,-104.039257680E-03
+3.106290000E-03,-326.667867171E-03,-42.909861346E-03,-103.124684825E-03
+3.106295000E-03,-310.136774400E-03,-41.260992007E-03,-103.762247633E-03
+3.106300000E-03,-294.745756966E-03,-41.496544791E-03,-102.715765233E-03
+3.106305000E-03,-280.598458120E-03,-41.103956836E-03,-103.410488842E-03
+3.106310000E-03,-265.777478382E-03,-40.632851328E-03,-102.306845640E-03
+3.106315000E-03,-249.246385592E-03,-41.496544788E-03,-102.843277792E-03
+3.106320000E-03,-234.684513896E-03,-40.397298574E-03,-101.845162228E-03
+3.106325000E-03,-219.397139689E-03,-42.046167886E-03,-102.227699910E-03
+3.106330000E-03,-203.747014222E-03,-40.946921679E-03,-101.440639619E-03
+3.106335000E-03,-189.547893777E-03,-42.438755813E-03,-101.590137102E-03
+3.106340000E-03,-174.156876352E-03,-42.046167901E-03,-100.952574297E-03
+3.106345000E-03,-159.024966968E-03,-41.260992006E-03,-100.816267765E-03
+3.106350000E-03,-143.633949529E-03,-42.046167910E-03,-100.310614504E-03
+3.106355000E-03,-127.206499961E-03,-40.946921673E-03,-100.068780336E-03
+3.106360000E-03,-111.763660941E-03,-41.889132720E-03,-99.510363256E-03
+3.106365000E-03,-96.839037977E-03,-42.281720643E-03,-99.347674817E-03
+3.106370000E-03,-81.914415022E-03,-42.281720653E-03,-98.622172311E-03
+3.106375000E-03,-66.264289568E-03,-40.554333749E-03,-98.446292918E-03
+3.106380000E-03,-51.754239487E-03,-41.810615137E-03,-97.597674835E-03
+3.106385000E-03,-37.762405436E-03,-40.475816145E-03,-97.694408502E-03
+3.106390000E-03,-21.956815158E-03,-40.632851334E-03,-96.577574344E-03
+3.106395000E-03,-6.306689716E-03,-40.240263404E-03,-96.810614541E-03
+3.106400000E-03,+9.187970930E-03,-41.732097551E-03,-95.575061793E-03
+3.106405000E-03,+24.527166748E-03,-40.789886504E-03,-95.671795458E-03
+3.106410000E-03,+39.659076141E-03,-41.260992030E-03,-94.585740195E-03
+3.106415000E-03,+55.775596063E-03,-40.318780969E-03,-94.401066827E-03
+3.106420000E-03,+70.337467769E-03,-42.438755837E-03,-93.570036689E-03
+3.106425000E-03,+86.920382158E-03,-41.260992009E-03,-93.086368349E-03
+3.106430000E-03,+101.430432263E-03,-41.575062379E-03,-92.492775394E-03
+3.106435000E-03,+117.184200928E-03,-41.967650284E-03,-91.767272888E-03
+3.106440000E-03,+131.797894250E-03,-41.575062380E-03,-91.305589476E-03
+3.106445000E-03,+148.173522210E-03,-41.418027181E-03,-90.391016623E-03
+3.106450000E-03,+163.616361244E-03,-40.946921682E-03,-90.021669890E-03
+3.106455000E-03,+179.007378669E-03,-41.260992004E-03,-89.115891009E-03
+3.106460000E-03,+193.621071975E-03,-41.339509622E-03,-88.614634729E-03
+3.106465000E-03,+208.908446177E-03,-41.103956839E-03,-87.818780471E-03
+3.106470000E-03,+224.765858071E-03,-41.496544784E-03,-87.080087006E-03
+3.106475000E-03,+239.016800133E-03,-39.926193040E-03,-86.433730233E-03
+3.106480000E-03,+254.874212025E-03,-41.889132725E-03,-85.453202603E-03
+3.106485000E-03,+270.006121408E-03,-41.260992015E-03,-84.987122208E-03
+3.106490000E-03,+285.811711685E-03,-41.182474442E-03,-83.962624729E-03
+3.106495000E-03,+300.218118572E-03,-41.260992011E-03,-83.465765440E-03
+3.106500000E-03,+315.401849566E-03,-41.025439274E-03,-82.326946356E-03
+3.106505000E-03,+329.652791617E-03,-42.752826163E-03,-81.755338321E-03
+3.106510000E-03,+344.318306531E-03,-42.281720634E-03,-80.823177527E-03
+3.106515000E-03,+359.346572712E-03,-42.281720655E-03,-79.926192613E-03
+3.106520000E-03,+373.752979587E-03,-40.397298583E-03,-79.051192623E-03
+3.106525000E-03,+387.744813614E-03,-40.240263373E-03,-78.061871026E-03
+3.106530000E-03,+403.239474251E-03,-41.889132695E-03,-77.393529323E-03
+3.106535000E-03,+418.060453986E-03,-41.260992002E-03,-76.232725317E-03
+3.106540000E-03,+432.674147300E-03,-42.674308598E-03,-75.520413766E-03
+3.106545000E-03,+446.976910969E-03,-41.025439269E-03,-74.469534382E-03
+3.106550000E-03,+460.813280169E-03,-41.653579958E-03,-73.576946449E-03
+3.106555000E-03,+474.494184549E-03,-39.926193036E-03,-72.697549475E-03
+3.106560000E-03,+488.796948213E-03,-40.946921692E-03,-71.391644966E-03
+3.106565000E-03,+501.907814907E-03,-40.083228203E-03,-70.907976630E-03
+3.106570000E-03,+516.366043381E-03,-41.810615130E-03,-69.505338453E-03
+3.106575000E-03,+529.891482941E-03,-40.789886492E-03,-69.070036952E-03
+3.106580000E-03,+544.297889822E-03,-42.595791003E-03,-67.416770638E-03
+3.106585000E-03,+556.838718841E-03,-41.732097535E-03,-67.034232952E-03
+3.106590000E-03,+569.638655884E-03,-41.653579968E-03,-65.372172671E-03
+3.106595000E-03,+583.682311522E-03,-41.418027197E-03,-64.870916391E-03
+3.106600000E-03,+596.378605365E-03,-41.339509627E-03,-63.318780733E-03
+3.106605000E-03,+610.163152946E-03,-43.066896529E-03,-62.632851089E-03
+3.106610000E-03,+622.341230701E-03,-41.967650296E-03,-61.335740552E-03
+3.106615000E-03,+636.073956678E-03,-42.438755811E-03,-60.403579756E-03
+3.106620000E-03,+648.303856037E-03,-41.967650308E-03,-59.260363690E-03
+3.106625000E-03,+659.756431309E-03,-43.695037209E-03,-58.196293348E-03
+3.106630000E-03,+672.763654775E-03,-42.281720663E-03,-57.088253161E-03
+3.106635000E-03,+684.371694857E-03,-41.967650297E-03,-55.984609956E-03
+3.106640000E-03,+697.327096728E-03,-42.360238245E-03,-54.749057206E-03
+3.106645000E-03,+709.194244844E-03,-41.810615119E-03,-53.781720532E-03
+3.106650000E-03,+719.662209564E-03,-42.595791005E-03,-52.427449191E-03
+3.106655000E-03,+731.736644103E-03,-41.732097532E-03,-51.451318547E-03
+3.106660000E-03,+744.743867570E-03,-43.145414116E-03,-50.075062281E-03
+3.106665000E-03,+755.470940340E-03,-42.124685480E-03,-49.081343698E-03
+3.106670000E-03,+767.959947723E-03,-40.946921683E-03,-47.705087432E-03
+3.106675000E-03,+778.997950132E-03,-41.103956836E-03,-46.808102515E-03
+3.106680000E-03,+790.191417352E-03,-42.203203058E-03,-45.383479419E-03
+3.106685000E-03,+801.384884570E-03,-41.575062374E-03,-44.209484452E-03
+3.106690000E-03,+812.371065349E-03,-42.909861338E-03,-43.035489494E-03
+3.106695000E-03,+822.735386846E-03,-41.889132716E-03,-41.659233226E-03
+3.106700000E-03,+833.306994778E-03,-43.380966867E-03,-40.731469416E-03
+3.106705000E-03,+842.479419310E-03,-42.988378927E-03,-39.183730739E-03
+3.106710000E-03,+855.227534732E-03,-42.360238250E-03,-38.330715673E-03
+3.106715000E-03,+864.037208016E-03,-39.376569920E-03,-36.646670465E-03
+3.106720000E-03,+876.111642548E-03,-43.616519636E-03,-35.639760927E-03
+3.106725000E-03,+885.750461551E-03,-42.124685475E-03,-34.179961952E-03
+3.106730000E-03,+895.492923740E-03,-44.166142729E-03,-33.049936833E-03
+3.106735000E-03,+905.183564360E-03,-43.616519614E-03,-31.801193133E-03
+3.106740000E-03,+913.941416017E-03,-43.066896533E-03,-30.376570028E-03
+3.106745000E-03,+924.046629487E-03,-43.380966855E-03,-29.378454463E-03
+3.106750000E-03,+931.871692220E-03,-41.732097544E-03,-27.681218300E-03
+3.106755000E-03,+941.095938355E-03,-41.575062363E-03,-26.801821325E-03
+3.106760000E-03,+949.853790019E-03,-41.732097554E-03,-25.047424357E-03
+3.106765000E-03,+958.507998461E-03,-42.281720645E-03,-24.172424368E-03
+3.106770000E-03,+967.473136553E-03,-42.046167902E-03,-22.611494735E-03
+3.106775000E-03,+974.624518398E-03,-41.182474427E-03,-21.472675652E-03
+3.106780000E-03,+982.397759517E-03,-44.323177917E-03,-20.030464614E-03
+3.106785000E-03,+991.000146353E-03,-41.418027191E-03,-18.680590255E-03
+3.106790000E-03,+998.721565873E-03,-41.967650300E-03,-17.510992279E-03
+3.106795000E-03,+1.006235698960E+00,-42.831343761E-03,-15.862122950E-03
+3.106800000E-03,+1.012972507922E+00,-41.967650307E-03,-15.149811398E-03
+3.106805000E-03,+1.019605673689E+00,-41.889132716E-03,-13.122801372E-03
+3.106810000E-03,+1.027275271600E+00,-42.831343776E-03,-12.555590320E-03
+3.106815000E-03,+1.034271188608E+00,-42.360238229E-03,-10.519786325E-03
+3.106820000E-03,+1.041059819188E+00,-42.909861333E-03,-9.899811453E-03
+3.106825000E-03,+1.047122947263E+00,-42.752826164E-03,-7.969535095E-03
+3.106830000E-03,+1.053341540176E+00,-42.360238248E-03,-7.204459724E-03
+3.106835000E-03,+1.059974705932E+00,-41.575062351E-03,-5.454459745E-03
+3.106840000E-03,+1.066711514902E+00,-43.066896521E-03,-4.517901965E-03
+3.106845000E-03,+1.071012708330E+00,-43.459484456E-03,-2.992148213E-03
+3.106850000E-03,+1.077490409256E+00,-41.967650313E-03,-1.866520084E-03
+3.106855000E-03,+1.081947067512E+00,-42.046167890E-03,-397.927134E-06
+3.106860000E-03,+1.088062017184E+00,-42.124685483E-03,+798.052751E-06
+3.106865000E-03,+1.093555107564E+00,-40.004710628E-03,+2.271042687E-03
+3.106870000E-03,+1.099410949224E+00,+522.573795314E-03,+3.352700965E-03
+3.106875000E-03,+1.102727532104E+00,+2.547463853863E+00,+4.961997433E-03
+3.106880000E-03,+1.106303223022E+00,+2.552724532961E+00,+5.933731086E-03
+3.106885000E-03,+1.110915346084E+00,+2.552724532961E+00,+7.784861722E-03
+3.106890000E-03,+1.114646501842E+00,+2.552724532961E+00,+8.308102921E-03
+3.106895000E-03,+1.117652155059E+00,+2.552724532961E+00,+10.335112952E-03
+3.106900000E-03,+1.121953348476E+00,+2.552724532961E+00,+10.889133045E-03
+3.106905000E-03,+1.124596250470E+00,+2.552724532961E+00,+12.938128000E-03
+3.106910000E-03,+1.128120119770E+00,+2.552724532961E+00,+13.681218443E-03
+3.106915000E-03,+1.129830232824E+00,+2.552724532961E+00,+15.400439531E-03
+3.106920000E-03,+1.134235069456E+00,+2.552724532961E+00,+16.376570173E-03
+3.106925000E-03,+1.136877971452E+00,+2.552724532961E+00,+17.801193274E-03
+3.106930000E-03,+1.138691727703E+00,+2.552724532961E+00,+19.120288736E-03
+3.106935000E-03,+1.141334629687E+00,+2.552724532961E+00,+20.281092745E-03
+3.106940000E-03,+1.144132996486E+00,+2.552724532961E+00,+21.820037450E-03
+3.106945000E-03,+1.144495747748E+00,+2.552724532961E+00,+22.734610308E-03
+3.106950000E-03,+1.146464968841E+00,+2.552724532961E+00,+24.277951997E-03
+3.106955000E-03,+1.148693297954E+00,+2.552724532961E+00,+25.333228370E-03
+3.106960000E-03,+1.150144302950E+00,+2.552724532961E+00,+26.819409255E-03
+3.106965000E-03,+1.151180735103E+00,+2.552724532961E+00,+28.032977084E-03
+3.106970000E-03,+1.152165345642E+00,+2.552724532961E+00,+29.220162999E-03
+3.106975000E-03,+1.152165345653E+00,+2.552724532961E+00,+30.596419268E-03
+3.106980000E-03,+1.153875458704E+00,+2.552724532961E+00,+31.598931818E-03
+3.106985000E-03,+1.153512707449E+00,+2.552724532961E+00,+33.045539844E-03
+3.106990000E-03,+1.153616350673E+00,+2.552724532961E+00,+34.039258425E-03
+3.106995000E-03,+1.153719993891E+00,+2.552724532961E+00,+35.490263436E-03
+3.107000000E-03,+1.153357242633E+00,+2.552724532961E+00,+36.483982019E-03
+3.107005000E-03,+1.152735383324E+00,+2.552724532961E+00,+37.833856373E-03
+3.107010000E-03,+1.152839026555E+00,+2.552724532961E+00,+39.043027218E-03
+3.107015000E-03,+1.152061702441E+00,+2.552724532961E+00,+40.085112632E-03
+3.107020000E-03,+1.150507054228E+00,+2.552724532961E+00,+41.641645280E-03
+3.107025000E-03,+1.149263335649E+00,+2.552724532961E+00,+42.340765874E-03
+3.107030000E-03,+1.147864152246E+00,+2.552724532961E+00,+44.011620128E-03
+3.107035000E-03,+1.146205860795E+00,+2.552724532961E+00,+44.622801026E-03
+3.107040000E-03,+1.144806677405E+00,+2.552724532961E+00,+46.280464324E-03
+3.107045000E-03,+1.141801024173E+00,+2.552724532961E+00,+46.940012058E-03
+3.107050000E-03,+1.140816413619E+00,+2.552724532961E+00,+48.342650232E-03
+3.107055000E-03,+1.136981614677E+00,+2.552724532961E+00,+49.292398968E-03
+3.107060000E-03,+1.135012393586E+00,+2.552724532961E+00,+50.501569807E-03
+3.107065000E-03,+1.131799453935E+00,+2.552724532961E+00,+51.631594920E-03
+3.107070000E-03,+1.128793800701E+00,+2.552724532961E+00,+52.576946669E-03
+3.107075000E-03,+1.124648072101E+00,+2.552724532961E+00,+53.856469269E-03
+3.107080000E-03,+1.122471564577E+00,+2.552724532961E+00,+54.652323533E-03
+3.107085000E-03,+1.117755798298E+00,+2.552724532961E+00,+55.953831055E-03
+3.107090000E-03,+1.113869177747E+00,+2.552724532961E+00,+56.740891352E-03
+3.107095000E-03,+1.109878913957E+00,+2.552724532961E+00,+57.998429022E-03
+3.107100000E-03,+1.104748574831E+00,+2.552724532961E+00,+58.965765698E-03
+3.107105000E-03,+1.099618235682E+00,+2.552724532961E+00,+59.831971716E-03
+3.107110000E-03,+1.095887079928E+00,+2.552724532961E+00,+60.975187788E-03
+3.107115000E-03,+1.090393989544E+00,+2.552724532961E+00,+61.691896320E-03
+3.107120000E-03,+1.084330861483E+00,+2.552724532961E+00,+63.028579724E-03
+3.107125000E-03,+1.080288776094E+00,+2.552724532961E+00,+63.604584743E-03
+3.107130000E-03,+1.073189215874E+00,+2.552724532961E+00,+64.958856083E-03
+3.107135000E-03,+1.068784379215E+00,+2.552724532961E+00,+65.649182712E-03
+3.107140000E-03,+1.061943927035E+00,+2.552724532961E+00,+66.889132444E-03
+3.107145000E-03,+1.056554479849E+00,+2.552724532961E+00,+67.561871137E-03
+3.107150000E-03,+1.049092168391E+00,+2.552724532961E+00,+68.581971621E-03
+3.107155000E-03,+1.043547256385E+00,+2.552724532961E+00,+69.452574633E-03
+3.107160000E-03,+1.036240409736E+00,+2.552724532961E+00,+70.147298239E-03
+3.107165000E-03,+1.029451779160E+00,+2.552724532961E+00,+71.409232902E-03
+3.107170000E-03,+1.023388651074E+00,+2.552724532961E+00,+71.875313296E-03
+3.107175000E-03,+1.015459945146E+00,+2.552724532961E+00,+73.066896201E-03
+3.107180000E-03,+1.008153098467E+00,+2.552724532961E+00,+73.502197703E-03
+3.107185000E-03,+1.000379857360E+00,+2.552724532961E+00,+74.684986635E-03
+3.107190000E-03,+991.622005713E-03,+2.552724532961E+00,+75.304961503E-03
+3.107195000E-03,+983.693299748E-03,+2.552724532961E+00,+76.171167523E-03
+3.107200000E-03,+975.764593808E-03,+2.552724532961E+00,+77.006594652E-03
+3.107205000E-03,+967.784066257E-03,+2.552724532961E+00,+77.463881075E-03
+3.107210000E-03,+960.218111563E-03,+2.552724532961E+00,+78.673051920E-03
+3.107215000E-03,+950.734757401E-03,+2.552724532961E+00,+78.796167495E-03
+3.107220000E-03,+942.598765023E-03,+2.552724532961E+00,+80.233981550E-03
+3.107225000E-03,+933.633626922E-03,+2.552724532961E+00,+80.084484065E-03
+3.107230000E-03,+924.357559183E-03,+2.552724532961E+00,+81.658604650E-03
+3.107235000E-03,+915.392421083E-03,+2.552724532961E+00,+81.443152393E-03
+3.107240000E-03,+906.012710142E-03,+2.552724532961E+00,+82.863378506E-03
+3.107245000E-03,+895.907496686E-03,+2.552724532961E+00,+82.845790569E-03
+3.107250000E-03,+886.683250540E-03,+2.552724532961E+00,+84.076946332E-03
+3.107255000E-03,+876.163464231E-03,+2.552724532961E+00,+84.182473972E-03
+3.107260000E-03,+866.524645227E-03,+2.552724532961E+00,+85.193780492E-03
+3.107265000E-03,+856.212145338E-03,+2.552724532961E+00,+85.365262905E-03
+3.107270000E-03,+845.640537420E-03,+2.552724532961E+00,+86.249056864E-03
+3.107275000E-03,+835.224394322E-03,+2.552724532961E+00,+86.438127213E-03
+3.107280000E-03,+824.445499965E-03,+2.552724532961E+00,+87.401066905E-03
+3.107285000E-03,+813.407497560E-03,+2.552724532961E+00,+87.497800569E-03
+3.107290000E-03,+802.524959978E-03,+2.552724532961E+00,+88.456343274E-03
+3.107295000E-03,+791.538779214E-03,+2.552724532961E+00,+88.544282967E-03
+3.107300000E-03,+780.241668773E-03,+2.552724532961E+00,+89.551192506E-03
+3.107305000E-03,+769.048201573E-03,+2.552724532961E+00,+89.357725172E-03
+3.107310000E-03,+758.942988097E-03,+2.552724532961E+00,+90.377825663E-03
+3.107315000E-03,+745.883943013E-03,+2.552724532961E+00,+90.241519133E-03
+3.107320000E-03,+735.156870256E-03,+2.552724532961E+00,+91.173679927E-03
+3.107325000E-03,+722.719684458E-03,+2.552724532961E+00,+91.182473895E-03
+3.107330000E-03,+711.526217261E-03,+2.552724532961E+00,+91.828830674E-03
+3.107335000E-03,+700.488214863E-03,+2.552724532961E+00,+92.000313086E-03
+3.107340000E-03,+687.066418516E-03,+2.552724532961E+00,+92.479584434E-03
+3.107345000E-03,+674.525589502E-03,+2.552724532961E+00,+92.782976390E-03
+3.107350000E-03,+661.725652455E-03,+2.552724532961E+00,+93.011619607E-03
+3.107355000E-03,+649.236645061E-03,+2.552724532961E+00,+93.354584424E-03
+3.107360000E-03,+636.229421568E-03,+2.552724532961E+00,+93.587624628E-03
+3.107365000E-03,+624.880489524E-03,+2.552724532961E+00,+93.891016578E-03
+3.107370000E-03,+611.355049986E-03,+2.552724532961E+00,+94.216393465E-03
+3.107375000E-03,+599.021507409E-03,+2.552724532961E+00,+94.216393459E-03
+3.107380000E-03,+585.236959812E-03,+2.552724532961E+00,+94.757222606E-03
+3.107385000E-03,+572.540665974E-03,+2.552724532961E+00,+94.524182402E-03
+3.107390000E-03,+558.030615911E-03,+2.552724532961E+00,+95.157348227E-03
+3.107395000E-03,+545.282500444E-03,+2.552724532961E+00,+94.700061799E-03
+3.107400000E-03,+531.860704118E-03,+2.552724532961E+00,+95.416770334E-03
+3.107405000E-03,+518.231621324E-03,+2.552724532961E+00,+95.051820589E-03
+3.107410000E-03,+502.788782315E-03,+2.552724532961E+00,+95.575061790E-03
+3.107415000E-03,+489.781558828E-03,+2.552724532961E+00,+95.328830636E-03
+3.107420000E-03,+476.722513740E-03,+2.552724532961E+00,+95.619031638E-03
+3.107425000E-03,+462.730679726E-03,+2.552724532961E+00,+95.539885912E-03
+3.107430000E-03,+447.909699991E-03,+2.552724532961E+00,+95.526694957E-03
+3.107435000E-03,+434.954298113E-03,+2.552724532961E+00,+95.759735157E-03
+3.107440000E-03,+421.014285703E-03,+2.552724532961E+00,+95.355212550E-03
+3.107445000E-03,+406.659700438E-03,+2.552724532961E+00,+95.821292941E-03
+3.107450000E-03,+391.113218184E-03,+2.552724532961E+00,+95.333227626E-03
+3.107455000E-03,+376.499524874E-03,+2.552724532961E+00,+95.733353242E-03
+3.107460000E-03,+361.782188327E-03,+2.552724532961E+00,+95.346418582E-03
+3.107465000E-03,+347.064851826E-03,+2.552724532961E+00,+95.500313044E-03
+3.107470000E-03,+333.435769044E-03,+2.552724532961E+00,+95.258478884E-03
+3.107475000E-03,+317.578357157E-03,+2.552724532961E+00,+95.091393448E-03
+3.107480000E-03,+303.431058325E-03,+2.552724532961E+00,+95.117775370E-03
+3.107485000E-03,+288.972829829E-03,+2.552724532961E+00,+94.735237675E-03
+3.107490000E-03,+273.737277223E-03,+2.552724532961E+00,+94.836368338E-03
+3.107495000E-03,+259.175405531E-03,+2.552724532961E+00,+94.343906022E-03
+3.107500000E-03,+244.458068986E-03,+2.552724532961E+00,+94.493403515E-03
+3.107505000E-03,+229.326159604E-03,+2.552724532961E+00,+93.948177382E-03
+3.107510000E-03,+213.676034160E-03,+2.552724532961E+00,+93.983353268E-03
+3.107515000E-03,+199.062340839E-03,+2.552724532961E+00,+93.570036684E-03
+3.107520000E-03,+183.930431449E-03,+2.552724532961E+00,+93.358981416E-03
+3.107525000E-03,+168.124841176E-03,+2.552724532961E+00,+93.068780410E-03
+3.107530000E-03,+152.630180538E-03,+2.552724532961E+00,+92.633478913E-03
+3.107535000E-03,+136.772768648E-03,+2.552724532961E+00,+92.558730160E-03
+3.107540000E-03,+121.744502472E-03,+2.552724532961E+00,+91.925564348E-03
+3.107545000E-03,+105.057944875E-03,+2.552724532961E+00,+91.833227656E-03
+3.107550000E-03,+90.962467631E-03,+2.552724532961E+00,+91.270413603E-03
+3.107555000E-03,+74.949590935E-03,+2.552724532961E+00,+90.940639724E-03
+3.107560000E-03,+59.662216722E-03,+2.552724532961E+00,+90.549308083E-03
+3.107565000E-03,+44.789415360E-03,+2.552724532961E+00,+90.030463856E-03
+3.107570000E-03,+30.020257238E-03,+2.552724532961E+00,+89.815011608E-03
+3.107575000E-03,+15.251099105E-03,+2.552724532961E+00,+89.054333215E-03
+3.107580000E-03,-1.124528856E-03,+2.552724532961E+00,+88.891644783E-03
+3.107585000E-03,-15.479114162E-03,+2.552724532961E+00,+88.157348300E-03
+3.107590000E-03,-29.419126553E-03,+2.552724532961E+00,+87.889132230E-03
+3.107595000E-03,-44.913787210E-03,+2.552724532961E+00,+87.176820673E-03
+3.107600000E-03,-61.237593556E-03,+2.552724532961E+00,+86.781092036E-03
+3.107605000E-03,-75.851286873E-03,+2.552724532961E+00,+86.174308122E-03
+3.107610000E-03,-92.486022853E-03,+2.552724532961E+00,+85.440011651E-03
+3.107615000E-03,-108.136148328E-03,+2.552724532961E+00,+85.211368435E-03
+3.107620000E-03,-123.527165755E-03,+2.552724532961E+00,+84.147298097E-03
+3.107625000E-03,-139.902793715E-03,+2.552724532961E+00,+84.081343320E-03
+3.107630000E-03,-154.257378995E-03,+2.552724532961E+00,+82.863378517E-03
+3.107635000E-03,-169.700218011E-03,+2.552724532961E+00,+82.806217705E-03
+3.107640000E-03,-186.231310809E-03,+2.552724532961E+00,+81.627825765E-03
+3.107645000E-03,-199.445820706E-03,+2.552724532961E+00,+81.342021740E-03
+3.107650000E-03,-214.681373313E-03,+2.552724532961E+00,+80.409860955E-03
+3.107655000E-03,-230.435141972E-03,+2.552724532961E+00,+79.785489094E-03
+3.107660000E-03,-246.551661920E-03,+2.552724532961E+00,+79.125941372E-03
+3.107665000E-03,-261.579928091E-03,+2.552724532961E+00,+78.312499161E-03
+3.107670000E-03,-276.711837454E-03,+2.552724532961E+00,+77.718906209E-03
+3.107675000E-03,-291.429173998E-03,+2.552724532961E+00,+76.751569531E-03
+3.107680000E-03,-306.146510517E-03,+2.552724532961E+00,+76.162373562E-03
+3.107685000E-03,-321.174776706E-03,+2.552724532961E+00,+75.278579595E-03
+3.107690000E-03,-337.032188574E-03,+2.552724532961E+00,+74.487122322E-03
+3.107695000E-03,-351.594060280E-03,+2.552724532961E+00,+73.730840919E-03
+3.107700000E-03,-365.482251106E-03,+2.552724532961E+00,+72.679961539E-03
+3.107705000E-03,-379.940479585E-03,+2.552724532961E+00,+72.262247968E-03
+3.107710000E-03,-395.797891471E-03,+2.552724532961E+00,+70.828830908E-03
+3.107715000E-03,-410.359763170E-03,+2.552724532961E+00,+70.591393714E-03
+3.107720000E-03,-425.336207739E-03,+2.552724532961E+00,+69.078830929E-03
+3.107725000E-03,-438.654360877E-03,+2.552724532961E+00,+68.753454032E-03
+3.107730000E-03,-453.993556675E-03,+2.552724532961E+00,+67.311243010E-03
+3.107735000E-03,-468.089033908E-03,+2.552724532961E+00,+66.726444001E-03
+3.107740000E-03,-483.583694553E-03,+2.552724532961E+00,+65.609609862E-03
+3.107745000E-03,-497.316420538E-03,+2.552724532961E+00,+64.673052067E-03
+3.107750000E-03,-511.567362581E-03,+2.552724532961E+00,+63.842021941E-03
+3.107755000E-03,-525.455553392E-03,+2.552724532961E+00,+62.650439024E-03
+3.107760000E-03,-537.944560809E-03,+2.552724532961E+00,+61.986494320E-03
+3.107765000E-03,-551.366357149E-03,+2.552724532961E+00,+60.702574725E-03
+3.107770000E-03,-565.358191178E-03,+2.552724532961E+00,+59.871544592E-03
+3.107775000E-03,-579.039095548E-03,+2.552724532961E+00,+58.767901382E-03
+3.107780000E-03,-591.320816535E-03,+2.552724532961E+00,+57.655464214E-03
+3.107785000E-03,-605.053542512E-03,+2.552724532961E+00,+56.912373765E-03
+3.107790000E-03,-618.630803664E-03,+2.552724532961E+00,+55.404207957E-03
+3.107795000E-03,-631.482562309E-03,+2.552724532961E+00,+55.030464236E-03
+3.107800000E-03,-644.956180281E-03,+2.552724532961E+00,+53.144157729E-03
+3.107805000E-03,-657.082436422E-03,+2.552724532961E+00,+52.985866267E-03
+3.107810000E-03,-670.245124733E-03,+2.552724532961E+00,+50.928077353E-03
+3.107815000E-03,-682.785953731E-03,+2.552724532961E+00,+50.897298446E-03
+3.107820000E-03,-695.015853095E-03,+2.552724532961E+00,+48.813127629E-03
+3.107825000E-03,-706.675714803E-03,+2.552724532961E+00,+48.461368827E-03
+3.107830000E-03,-719.372008624E-03,+2.552724532961E+00,+46.808102526E-03
+3.107835000E-03,-731.861016018E-03,+2.552724532961E+00,+45.990263324E-03
+3.107840000E-03,-744.712774664E-03,+2.552724532961E+00,+44.794283450E-03
+3.107845000E-03,-756.268993155E-03,+2.552724532961E+00,+43.497172902E-03
+3.107850000E-03,-767.410638763E-03,+2.552724532961E+00,+42.578203070E-03
+3.107855000E-03,-779.640538129E-03,+2.552724532961E+00,+41.087625189E-03
+3.107860000E-03,-791.248578220E-03,+2.552724532961E+00,+40.269786008E-03
+3.107865000E-03,-803.167547920E-03,+2.552724532961E+00,+38.691268436E-03
+3.107870000E-03,-813.272761401E-03,+2.552724532961E+00,+37.794283519E-03
+3.107875000E-03,-823.533439674E-03,+2.552724532961E+00,+36.470791072E-03
+3.107880000E-03,-835.037836536E-03,+2.552724532961E+00,+35.230841336E-03
+3.107885000E-03,-846.438590185E-03,+2.552724532961E+00,+34.193152909E-03
+3.107890000E-03,-857.269306150E-03,+2.552724532961E+00,+32.711368999E-03
+3.107895000E-03,-867.529984440E-03,+2.552724532961E+00,+31.805590117E-03
+3.107900000E-03,-878.516165216E-03,+2.552724532961E+00,+30.156720787E-03
+3.107905000E-03,-888.362270631E-03,+2.552724532961E+00,+29.330087630E-03
+3.107910000E-03,-899.089343390E-03,+2.552724532961E+00,+27.632851469E-03
+3.107915000E-03,-908.883627206E-03,+2.552724532961E+00,+26.687499718E-03
+3.107920000E-03,-919.040662286E-03,+2.552724532961E+00,+25.350816317E-03
+3.107925000E-03,-928.213086798E-03,+2.552724532961E+00,+24.053705775E-03
+3.107930000E-03,-938.162835431E-03,+2.552724532961E+00,+22.954459561E-03
+3.107935000E-03,-947.438903166E-03,+2.552724532961E+00,+21.362751032E-03
+3.107940000E-03,-957.388651806E-03,+2.552724532961E+00,+20.536117876E-03
+3.107945000E-03,-966.820184371E-03,+2.552724532961E+00,+18.777323925E-03
+3.107950000E-03,-974.697068712E-03,+2.552724532961E+00,+17.911117904E-03
+3.107955000E-03,-983.506741987E-03,+2.552724532961E+00,+16.279836516E-03
+3.107960000E-03,-992.057307237E-03,+2.552724532961E+00,+15.268529991E-03
+3.107965000E-03,-1.000711515683E+00,+2.552724532961E+00,+13.764761167E-03
+3.107970000E-03,-1.009365724133E+00,+2.552724532961E+00,+12.410489821E-03
+3.107975000E-03,-1.017294430072E+00,+2.552724532961E+00,+11.350816468E-03
+3.107980000E-03,-1.025274957630E+00,+2.552724532961E+00,+9.701947140E-03
+3.107985000E-03,-1.032685447484E+00,+2.552724532961E+00,+8.835741115E-03
+3.107990000E-03,-1.040458688632E+00,+2.552724532961E+00,+7.037374305E-03
+3.107995000E-03,-1.048542859385E+00,+2.552724532961E+00,+6.254710989E-03
+3.108000000E-03,-1.055124203549E+00,+2.552724532961E+00,+4.509108002E-03
+3.108005000E-03,-1.062275585385E+00,+2.552724532961E+00,+3.528580365E-03
+3.108010000E-03,-1.069789718449E+00,+2.552724532961E+00,+2.033605517E-03
+3.108015000E-03,-1.076267419402E+00,+2.552724532961E+00,+727.700997E-06
+3.108020000E-03,-1.082589655512E+00,+2.552724532961E+00,-340.766316E-06
+3.108025000E-03,-1.089274642889E+00,+2.552724532961E+00,-1.980841687E-03
+3.108030000E-03,-1.095026841302E+00,+2.552724532961E+00,-2.825062775E-03
+3.108035000E-03,-1.100675396528E+00,+2.552724532961E+00,-4.619032611E-03
+3.108040000E-03,-1.106272130123E+00,+2.552724532961E+00,-5.472047673E-03
+3.108045000E-03,-1.112905295884E+00,+2.552724532961E+00,-7.274811475E-03
+3.108050000E-03,-1.117672883782E+00,+2.552724532961E+00,-8.141017493E-03
+3.108055000E-03,-1.122958687736E+00,+2.552724532961E+00,-9.697550142E-03
+3.108060000E-03,-1.127311702776E+00,+2.552724532961E+00,-10.950690832E-03
+3.108065000E-03,-1.132338398703E+00,+2.552724532961E+00,-12.234610417E-03
+3.108070000E-03,-1.137883310706E+00,+2.550211970248E+00,-13.764761153E-03
+3.108075000E-03,-1.140992607159E+00,+544.715771644E-03,-14.815640542E-03
+3.108080000E-03,-1.145086514137E+00,-171.992774393E-03,-16.323806351E-03
+3.108085000E-03,-1.148092167396E+00,-174.505337525E-03,-17.585741011E-03
+3.108090000E-03,-1.152807933663E+00,+137.209481513E-03,-18.720163111E-03
+3.108095000E-03,-1.156228159765E+00,+42.124687094E-03,-20.311871637E-03
+3.108100000E-03,-1.160632996382E+00,-82.011619842E-03,-21.213253536E-03
+3.108105000E-03,-1.163638649624E+00,-91.355212338E-03,-23.108354020E-03
+3.108110000E-03,-1.165815157148E+00,-62.068153071E-03,-23.684359038E-03
+3.108115000E-03,-1.169339026466E+00,-28.462625090E-03,-25.742147958E-03
+3.108120000E-03,-1.171360069113E+00,-54.923052234E-03,-26.256595194E-03
+3.108125000E-03,-1.173951149514E+00,-52.253454125E-03,-28.239635367E-03
+3.108130000E-03,-1.176334943483E+00,-61.361494370E-03,-29.031092653E-03
+3.108135000E-03,-1.178615094206E+00,-47.620916587E-03,-30.627198154E-03
+3.108140000E-03,-1.180377028826E+00,-55.158604984E-03,-31.792399155E-03
+3.108145000E-03,-1.182553536373E+00,-50.369032121E-03,-32.931218232E-03
+3.108150000E-03,-1.183330860487E+00,-54.294911467E-03,-34.606469477E-03
+3.108155000E-03,-1.185196438342E+00,-47.699434167E-03,-35.301193080E-03
+3.108160000E-03,-1.185507367986E+00,-50.447549744E-03,-37.240263416E-03
+3.108165000E-03,-1.187528410663E+00,-49.112750694E-03,-37.657976978E-03
+3.108170000E-03,-1.187839340324E+00,-50.054961795E-03,-39.799308613E-03
+3.108175000E-03,-1.188098448373E+00,-48.955715525E-03,-40.212625194E-03
+3.108180000E-03,-1.187891161949E+00,-50.369032121E-03,-42.164886475E-03
+3.108185000E-03,-1.189083058886E+00,-49.740891403E-03,-42.802449287E-03
+3.108190000E-03,-1.188150269972E+00,-49.583856234E-03,-44.372172883E-03
+3.108195000E-03,-1.187476589111E+00,-50.526067279E-03,-45.401067350E-03
+3.108200000E-03,-1.187062016197E+00,-48.170539697E-03,-46.566268339E-03
+3.108205000E-03,-1.186491978550E+00,-46.678705516E-03,-48.021670334E-03
+3.108210000E-03,-1.185144616757E+00,-46.050564829E-03,-48.804333642E-03
+3.108215000E-03,-1.183797254971E+00,-47.228328657E-03,-50.347675333E-03
+3.108220000E-03,-1.182709001201E+00,-48.170539649E-03,-51.077574828E-03
+3.108225000E-03,-1.181257996189E+00,-48.720162773E-03,-52.766017011E-03
+3.108230000E-03,-1.179703347984E+00,-49.740891447E-03,-53.526695406E-03
+3.108235000E-03,-1.177267732440E+00,-47.306846232E-03,-54.946921513E-03
+3.108240000E-03,-1.175091224912E+00,-49.269785929E-03,-55.870288348E-03
+3.108245000E-03,-1.174002971148E+00,-47.306846212E-03,-57.039886315E-03
+3.108250000E-03,-1.170945496301E+00,-48.327574896E-03,-58.275439075E-03
+3.108255000E-03,-1.168095307912E+00,-46.129082406E-03,-59.181217950E-03
+3.108260000E-03,-1.165245119481E+00,-48.170539705E-03,-60.438755631E-03
+3.108265000E-03,-1.162291287864E+00,-45.815012062E-03,-61.436871195E-03
+3.108270000E-03,-1.158819240150E+00,-46.364635239E-03,-62.509735508E-03
+3.108275000E-03,-1.156331802979E+00,-46.050564846E-03,-63.692524438E-03
+3.108280000E-03,-1.152807933683E+00,-46.914258321E-03,-64.589509353E-03
+3.108285000E-03,-1.149284064392E+00,-45.186871368E-03,-65.860237982E-03
+3.108290000E-03,-1.145138335769E+00,-45.579459301E-03,-66.541770639E-03
+3.108295000E-03,-1.141096250380E+00,-45.500941711E-03,-67.988378662E-03
+3.108300000E-03,-1.137261451449E+00,-45.815012095E-03,-68.529207805E-03
+3.108305000E-03,-1.132701150009E+00,-46.600187908E-03,-70.041770599E-03
+3.108310000E-03,-1.127933562118E+00,-45.422424144E-03,-70.512247986E-03
+3.108315000E-03,-1.123165974207E+00,-44.558730656E-03,-71.778579625E-03
+3.108320000E-03,-1.117465597395E+00,-46.207600005E-03,-72.570036911E-03
+3.108325000E-03,-1.112646187906E+00,-45.815012072E-03,-73.673680107E-03
+3.108330000E-03,-1.106997632686E+00,-44.480213071E-03,-74.553077089E-03
+3.108335000E-03,-1.101349077489E+00,-45.422424106E-03,-75.348931347E-03
+3.108340000E-03,-1.095130484581E+00,-45.500941719E-03,-76.505338371E-03
+3.108345000E-03,-1.089689215788E+00,-45.657976916E-03,-77.156092132E-03
+3.108350000E-03,-1.082693298768E+00,-44.794283440E-03,-78.391644884E-03
+3.108355000E-03,-1.077303851599E+00,-44.166142758E-03,-78.967649905E-03
+3.108360000E-03,-1.071033437073E+00,-44.401695504E-03,-80.097675016E-03
+3.108365000E-03,-1.064607557786E+00,-44.715765853E-03,-80.757222751E-03
+3.108370000E-03,-1.057974392004E+00,-44.872801063E-03,-81.645413693E-03
+3.108375000E-03,-1.050978475012E+00,-44.166142720E-03,-82.516016702E-03
+3.108380000E-03,-1.042894304244E+00,-44.558730694E-03,-83.333855884E-03
+3.108385000E-03,-1.035898387209E+00,-43.852072392E-03,-84.257222715E-03
+3.108390000E-03,-1.027036892357E+00,-43.538002059E-03,-84.811242805E-03
+3.108395000E-03,-1.018849078380E+00,-43.616519615E-03,-85.848931236E-03
+3.108400000E-03,-1.011697696525E+00,-43.852072420E-03,-86.385363394E-03
+3.108405000E-03,-1.002628915239E+00,-43.930590028E-03,-87.251569412E-03
+3.108410000E-03,-994.181993195E-03,-45.186871404E-03,-87.972674938E-03
+3.108415000E-03,-985.942357603E-03,-44.558730671E-03,-88.451946281E-03
+3.108420000E-03,-976.407181836E-03,-45.186871375E-03,-89.555589493E-03
+3.108425000E-03,-967.752973376E-03,-43.380966846E-03,-89.718277925E-03
+3.108430000E-03,-958.736013713E-03,-44.166142761E-03,-91.098931184E-03
+3.108435000E-03,-949.719053975E-03,-42.517273404E-03,-90.905463849E-03
+3.108440000E-03,-941.013023946E-03,-44.480213099E-03,-92.409232673E-03
+3.108445000E-03,-930.804167267E-03,-44.009107582E-03,-92.057473888E-03
+3.108450000E-03,-920.647132183E-03,-45.265388955E-03,-93.662373363E-03
+3.108455000E-03,-908.935448920E-03,-44.166142740E-03,-93.358981411E-03
+3.108460000E-03,-899.037521896E-03,-43.145414124E-03,-94.669282900E-03
+3.108465000E-03,-889.605989297E-03,-43.066896526E-03,-94.629710042E-03
+3.108470000E-03,-878.671630122E-03,-41.810615180E-03,-95.641016556E-03
+3.108475000E-03,-868.203665429E-03,-42.595790993E-03,-95.957599473E-03
+3.108480000E-03,-857.787522303E-03,-44.087625130E-03,-96.463252734E-03
+3.108485000E-03,-848.459632970E-03,-42.831343770E-03,-97.017272827E-03
+3.108490000E-03,-836.955236112E-03,-42.517273403E-03,-97.487750212E-03
+3.108495000E-03,-825.658125685E-03,-42.752826173E-03,-97.931845682E-03
+3.108500000E-03,-814.931052926E-03,-42.988378952E-03,-98.538629599E-03
+3.108505000E-03,-802.649331957E-03,-43.145414076E-03,-98.784860746E-03
+3.108510000E-03,-791.144935095E-03,-41.496544768E-03,-99.400438636E-03
+3.108515000E-03,-778.448641283E-03,-40.711368940E-03,-99.554333101E-03
+3.108520000E-03,-766.633314762E-03,-43.145414103E-03,-100.275438626E-03
+3.108525000E-03,-754.662523428E-03,-41.496544806E-03,-100.240262744E-03
+3.108530000E-03,-741.862586388E-03,-44.480213094E-03,-101.093277809E-03
+3.108535000E-03,-730.461832727E-03,-40.789886468E-03,-100.926192387E-03
+3.108540000E-03,-719.061079105E-03,-43.852072363E-03,-101.616519009E-03
+3.108545000E-03,-705.276531521E-03,-41.103956862E-03,-101.700061724E-03
+3.108550000E-03,-693.409383388E-03,-41.496544779E-03,-102.047423526E-03
+3.108555000E-03,-680.816732734E-03,-42.124685481E-03,-102.350815488E-03
+3.108560000E-03,-667.809509301E-03,-42.595791025E-03,-102.443152166E-03
+3.108565000E-03,-654.957750648E-03,-41.889132706E-03,-102.975187340E-03
+3.108570000E-03,-641.743240740E-03,-42.595790980E-03,-102.755338094E-03
+3.108575000E-03,-628.114157955E-03,-41.575062361E-03,-103.507222507E-03
+3.108580000E-03,-614.588718389E-03,-42.674308621E-03,-103.080714976E-03
+3.108585000E-03,-601.633316538E-03,-41.575062355E-03,-103.836996371E-03
+3.108590000E-03,-587.641482493E-03,-41.810615138E-03,-103.480840601E-03
+3.108595000E-03,-575.411583139E-03,-41.418027197E-03,-104.056845613E-03
+3.108600000E-03,-562.197073229E-03,-41.967650321E-03,-103.876569242E-03
+3.108605000E-03,-547.687023144E-03,-42.360238264E-03,-104.074433555E-03
+3.108610000E-03,-534.161583594E-03,-41.967650293E-03,-104.245915969E-03
+3.108615000E-03,-521.413468173E-03,-42.360238243E-03,-104.149182299E-03
+3.108620000E-03,-507.007061267E-03,-41.025439292E-03,-104.399810442E-03
+3.108625000E-03,-492.497011191E-03,-41.967650285E-03,-104.100815466E-03
+3.108630000E-03,-478.038782701E-03,-41.418027195E-03,-104.483353156E-03
+3.108635000E-03,-464.098770264E-03,-42.595790993E-03,-104.096418484E-03
+3.108640000E-03,-449.381433744E-03,-41.967650321E-03,-104.487750135E-03
+3.108645000E-03,-435.026848461E-03,-41.810615108E-03,-104.122800394E-03
+3.108650000E-03,-419.065793369E-03,-42.046167878E-03,-104.272297878E-03
+3.108655000E-03,-405.281245785E-03,-40.789886506E-03,-104.087624515E-03
+3.108660000E-03,-390.408444422E-03,-42.046167880E-03,-104.074433559E-03
+3.108665000E-03,-375.431999848E-03,-40.318780992E-03,-103.929333058E-03
+3.108670000E-03,-359.937339232E-03,-42.046167878E-03,-103.823805424E-03
+3.108675000E-03,-345.841861982E-03,-41.182474461E-03,-103.691895872E-03
+3.108680000E-03,-329.414412411E-03,-42.438755816E-03,-103.524810455E-03
+3.108685000E-03,-314.904362319E-03,-40.161745809E-03,-103.366518991E-03
+3.108690000E-03,-300.290669019E-03,-42.360238215E-03,-103.278579300E-03
+3.108695000E-03,-285.262402846E-03,-41.732097512E-03,-102.856468746E-03
+3.108700000E-03,-269.094061353E-03,-40.554333748E-03,-102.957599404E-03
+3.108705000E-03,-254.065795152E-03,-42.046167880E-03,-102.394785334E-03
+3.108710000E-03,-239.244815374E-03,-41.182474447E-03,-102.500312976E-03
+3.108715000E-03,-222.091863328E-03,-40.789886456E-03,-101.880338107E-03
+3.108720000E-03,-208.048207709E-03,-40.868404130E-03,-101.946292877E-03
+3.108725000E-03,-193.071763144E-03,-42.203203001E-03,-101.335111983E-03
+3.108730000E-03,-178.976285875E-03,-41.418027200E-03,-101.198805446E-03
+3.108735000E-03,-163.377982053E-03,-40.004710621E-03,-100.741519029E-03
+3.108740000E-03,-147.209640514E-03,-40.475816186E-03,-100.402951184E-03
+3.108745000E-03,-131.922266293E-03,-40.632851329E-03,-100.218277825E-03
+3.108750000E-03,-117.256751360E-03,-41.967650304E-03,-99.620287878E-03
+3.108755000E-03,-101.243874670E-03,-41.025439253E-03,-99.510363255E-03
+3.108760000E-03,-86.163786873E-03,-41.182474453E-03,-98.776066784E-03
+3.108765000E-03,-70.720947863E-03,-41.575062377E-03,-98.661745175E-03
+3.108770000E-03,-56.055432915E-03,-41.025439242E-03,-97.896669809E-03
+3.108775000E-03,-40.612593950E-03,-40.789886492E-03,-97.676820561E-03
+3.108780000E-03,-25.221576499E-03,-41.418027212E-03,-97.078830624E-03
+3.108785000E-03,-10.866991203E-03,-40.161745790E-03,-96.529207509E-03
+3.108790000E-03,+4.990420663E-03,-40.946921698E-03,-96.212624604E-03
+3.108795000E-03,+21.417870234E-03,-40.946921666E-03,-95.328830641E-03
+3.108800000E-03,+35.668812311E-03,-42.124685478E-03,-95.240890945E-03
+3.108805000E-03,+51.940797004E-03,-41.182474433E-03,-94.233981406E-03
+3.108810000E-03,+66.917241632E-03,-41.260992026E-03,-94.190011554E-03
+3.108815000E-03,+82.981939918E-03,-38.983981997E-03,-93.038001523E-03
+3.108820000E-03,+98.372957387E-03,-41.496544813E-03,-92.936870864E-03
+3.108825000E-03,+112.986650686E-03,-41.103956814E-03,-91.929961331E-03
+3.108830000E-03,+128.533132928E-03,-42.203203080E-03,-91.507850780E-03
+3.108835000E-03,+144.753296063E-03,-40.789886506E-03,-90.738378430E-03
+3.108840000E-03,+159.366989375E-03,-40.161745856E-03,-90.074433713E-03
+3.108845000E-03,+175.483509290E-03,-39.926193066E-03,-89.520413618E-03
+3.108850000E-03,+190.408132257E-03,-42.124685487E-03,-88.680589508E-03
+3.108855000E-03,+205.021825541E-03,-40.946921649E-03,-88.166142274E-03
+3.108860000E-03,+219.739162093E-03,-41.103956867E-03,-87.264760381E-03
+3.108865000E-03,+234.560141832E-03,-40.475816114E-03,-86.732725202E-03
+3.108870000E-03,+250.054802485E-03,-42.124685519E-03,-85.976443807E-03
+3.108875000E-03,+264.668495792E-03,-41.103956829E-03,-84.960740297E-03
+3.108880000E-03,+280.214978028E-03,-42.124685481E-03,-84.499056893E-03
+3.108885000E-03,+296.176033124E-03,-42.517273388E-03,-83.298680015E-03
+3.108890000E-03,+311.100656075E-03,-41.496544785E-03,-82.938127259E-03
+3.108895000E-03,+325.662527794E-03,-42.517273405E-03,-81.689383552E-03
+3.108900000E-03,+340.587150742E-03,-41.103956834E-03,-81.306845865E-03
+3.108905000E-03,+355.149022437E-03,-42.909861355E-03,-79.956971513E-03
+3.108910000E-03,+370.073645399E-03,-41.182474463E-03,-79.565639855E-03
+3.108915000E-03,+382.614474430E-03,-41.732097540E-03,-78.330087107E-03
+3.108920000E-03,+397.642740579E-03,-41.967650352E-03,-77.666142386E-03
+3.108925000E-03,+413.189222848E-03,-42.360238266E-03,-76.659232855E-03
+3.108930000E-03,+428.269310628E-03,-42.124685478E-03,-75.683102207E-03
+3.108935000E-03,+442.520252678E-03,-41.182474416E-03,-74.904835886E-03
+3.108940000E-03,+456.149335451E-03,-42.517273411E-03,-73.809986653E-03
+3.108945000E-03,+470.866671951E-03,-40.789886504E-03,-73.036117314E-03
+3.108950000E-03,+484.651219540E-03,-42.124685458E-03,-71.888504263E-03
+3.108955000E-03,+498.228480730E-03,-40.397298595E-03,-71.097046980E-03
+3.108960000E-03,+511.805741885E-03,-42.988378960E-03,-70.015388708E-03
+3.108965000E-03,+526.626721577E-03,-41.810615112E-03,-69.021670118E-03
+3.108970000E-03,+540.203982771E-03,-42.831343735E-03,-68.190639983E-03
+3.108975000E-03,+553.003919832E-03,-42.124685496E-03,-66.906720393E-03
+3.108980000E-03,+566.114786532E-03,-43.223931701E-03,-66.190011863E-03
+3.108985000E-03,+579.847512525E-03,-40.946921702E-03,-64.756594788E-03
+3.108990000E-03,+593.891168179E-03,-42.595790992E-03,-64.079459118E-03
+3.108995000E-03,+607.520250902E-03,-41.418027213E-03,-62.694408885E-03
+3.109000000E-03,+620.527474408E-03,-41.418027207E-03,-61.907348586E-03
+3.109005000E-03,+633.016481798E-03,-42.281720586E-03,-60.645413934E-03
+3.109010000E-03,+645.453667613E-03,-42.046167913E-03,-59.590137558E-03
+3.109015000E-03,+658.201783058E-03,-41.732097549E-03,-58.609609935E-03
+3.109020000E-03,+669.861644714E-03,-42.203203047E-03,-57.391645119E-03
+3.109025000E-03,+681.366041598E-03,-41.810615139E-03,-56.578202920E-03
+3.109030000E-03,+694.425086646E-03,-40.554333785E-03,-55.061243133E-03
+3.109035000E-03,+706.654986022E-03,-41.339509641E-03,-54.247800933E-03
+3.109040000E-03,+719.040350237E-03,-42.203203072E-03,-52.704459242E-03
+3.109045000E-03,+730.752033509E-03,-41.810615112E-03,-51.855841162E-03
+3.109050000E-03,+742.204608791E-03,-42.595790992E-03,-50.466393941E-03
+3.109055000E-03,+753.760827254E-03,-40.632851314E-03,-49.340765810E-03
+3.109060000E-03,+766.042548244E-03,-41.967650310E-03,-48.254710546E-03
+3.109065000E-03,+777.443301885E-03,-41.339509574E-03,-46.882851262E-03
+3.109070000E-03,+788.895877135E-03,-42.831343756E-03,-46.012248254E-03
+3.109075000E-03,+799.052912194E-03,-41.182474430E-03,-44.345790989E-03
+3.109080000E-03,+809.417233685E-03,-40.711368923E-03,-43.664258331E-03
+3.109085000E-03,+820.869808915E-03,-41.732097512E-03,-41.958228202E-03
+3.109090000E-03,+832.011454550E-03,-41.889132714E-03,-41.254710614E-03
+3.109095000E-03,+841.909381602E-03,-42.281720656E-03,-39.482725721E-03
+3.109100000E-03,+852.947383974E-03,-42.831343750E-03,-38.722047326E-03
+3.109105000E-03,+862.378916559E-03,-42.203203069E-03,-37.117147856E-03
+3.109110000E-03,+873.676026980E-03,-43.773554792E-03,-36.088253386E-03
+3.109115000E-03,+883.522132392E-03,-42.046167894E-03,-34.681218233E-03
+3.109120000E-03,+893.212773012E-03,-45.108353794E-03,-33.507223263E-03
+3.109125000E-03,+902.903413579E-03,-42.752826216E-03,-32.148554941E-03
+3.109130000E-03,+912.231302951E-03,-43.538002071E-03,-30.904208219E-03
+3.109135000E-03,+919.382684784E-03,-42.595790954E-03,-29.549936876E-03
+3.109140000E-03,+930.213400711E-03,-41.103956862E-03,-28.494660507E-03
+3.109145000E-03,+939.126717252E-03,-41.575062350E-03,-26.819409267E-03
+3.109150000E-03,+947.366352822E-03,-41.967650354E-03,-25.975188174E-03
+3.109155000E-03,+955.761453236E-03,-42.674308560E-03,-24.128454522E-03
+3.109160000E-03,+963.482872756E-03,-42.988378977E-03,-23.508479657E-03
+3.109165000E-03,+972.603475660E-03,-42.831343759E-03,-21.433102793E-03
+3.109170000E-03,+980.894932850E-03,-43.773554782E-03,-20.949434453E-03
+3.109175000E-03,+988.460887561E-03,-42.203203066E-03,-18.781720914E-03
+3.109180000E-03,+996.182307089E-03,-41.889132749E-03,-18.183730965E-03
+3.109185000E-03,+1.002763651227E+00,-42.124685463E-03,-16.187499840E-03
+3.109190000E-03,+1.010951465216E+00,-42.203203081E-03,-15.527952098E-03
+3.109195000E-03,+1.017895560640E+00,-42.203203043E-03,-13.927449611E-03
+3.109200000E-03,+1.025513336917E+00,-43.380966888E-03,-12.661117962E-03
+3.109205000E-03,+1.031628286592E+00,-44.244660343E-03,-11.359610442E-03
+3.109210000E-03,+1.038986954857E+00,-41.339509614E-03,-9.943781306E-03
+3.109215000E-03,+1.044946439743E+00,-42.831343750E-03,-8.840138103E-03
+3.109220000E-03,+1.051683248697E+00,-41.810615219E-03,-7.274811488E-03
+3.109225000E-03,+1.056709944629E+00,-42.124685472E-03,-6.232726071E-03
+3.109230000E-03,+1.063187645586E+00,-42.281720662E-03,-4.733354229E-03
+3.109235000E-03,+1.069302595244E+00,-41.653579940E-03,-3.497801476E-03
+3.109240000E-03,+1.075262080106E+00,-43.930590001E-03,-2.222675867E-03
+3.109245000E-03,+1.080599705671E+00,-42.360238249E-03,-806.846733E-06
+3.109250000E-03,+1.084693612688E+00,-41.889132711E-03,+217.650739E-06
+3.109255000E-03,+1.090912205569E+00,-40.946921678E-03,+1.888504998E-03
+3.109260000E-03,+1.097649014559E+00,+14.172422646E-03,+2.886620565E-03
+3.109265000E-03,+1.099980986913E+00,+2.295265353116E+00,+4.706972302E-03
+3.109270000E-03,+1.105474077249E+00,+2.552724532961E+00,+5.340138126E-03
+3.109275000E-03,+1.108842481771E+00,+2.552724532961E+00,+7.204459709E-03
+3.109280000E-03,+1.113558248055E+00,+2.552724532961E+00,+7.951947150E-03
+3.109285000E-03,+1.116460258099E+00,+2.552724532961E+00,+9.767901892E-03
+3.109290000E-03,+1.119362268099E+00,+2.552724532961E+00,+10.625313961E-03
+3.109295000E-03,+1.123870747942E+00,+2.552724532961E+00,+12.370916937E-03
+3.109300000E-03,+1.126254541880E+00,+2.552724532961E+00,+13.364635534E-03
+3.109305000E-03,+1.129052908725E+00,+2.552724532961E+00,+14.784861635E-03
+3.109310000E-03,+1.131954918740E+00,+2.552724532961E+00,+16.055590278E-03
+3.109315000E-03,+1.134442355882E+00,+2.552724532961E+00,+17.304333973E-03
+3.109320000E-03,+1.137966225178E+00,+2.552724532961E+00,+18.579459596E-03
+3.109325000E-03,+1.140039089471E+00,+2.552724532961E+00,+19.933730931E-03
+3.109330000E-03,+1.141749202535E+00,+2.552724532961E+00,+21.076947007E-03
+3.109335000E-03,+1.144754855771E+00,+2.552724532961E+00,+22.673052510E-03
+3.109340000E-03,+1.146154039167E+00,+2.552724532961E+00,+23.561243463E-03
+3.109345000E-03,+1.147760509018E+00,+2.552724532961E+00,+25.227700724E-03
+3.109350000E-03,+1.149159692416E+00,+2.552724532961E+00,+26.049936902E-03
+3.109355000E-03,+1.149677908499E+00,+2.552724532961E+00,+27.808730843E-03
+3.109360000E-03,+1.150921627068E+00,+2.552724532961E+00,+28.538630347E-03
+3.109365000E-03,+1.151958059238E+00,+2.552724532961E+00,+30.420539858E-03
+3.109370000E-03,+1.152165345650E+00,+2.552724532961E+00,+31.097675542E-03
+3.109375000E-03,+1.152787204951E+00,+2.552724532961E+00,+32.693781043E-03
+3.109380000E-03,+1.153098134594E+00,+2.552724532961E+00,+33.718278529E-03
+3.109385000E-03,+1.151491664775E+00,+2.552724532961E+00,+35.041770968E-03
+3.109390000E-03,+1.151958059218E+00,+2.552724532961E+00,+36.141017194E-03
+3.109395000E-03,+1.151284378347E+00,+2.552724532961E+00,+37.424936770E-03
+3.109400000E-03,+1.151232556696E+00,+2.552724532961E+00,+38.598931738E-03
+3.109405000E-03,+1.149366978866E+00,+2.552724532961E+00,+39.865263387E-03
+3.109410000E-03,+1.149522443684E+00,+2.552724532961E+00,+40.858981967E-03
+3.109415000E-03,+1.147035006535E+00,+2.552724532961E+00,+42.345162861E-03
+3.109420000E-03,+1.146724076886E+00,+2.552724532961E+00,+43.000313598E-03
+3.109425000E-03,+1.144858499006E+00,+2.552724532961E+00,+44.829459317E-03
+3.109430000E-03,+1.142941099535E+00,+2.552724532961E+00,+45.036117599E-03
+3.109435000E-03,+1.140557305615E+00,+2.552724532961E+00,+47.375313557E-03
+3.109440000E-03,+1.137966225237E+00,+2.552724532961E+00,+47.177449236E-03
+3.109445000E-03,+1.135737896093E+00,+2.552724532961E+00,+49.771670313E-03
+3.109450000E-03,+1.133198637346E+00,+2.552724532961E+00,+49.415514543E-03
+3.109455000E-03,+1.130296627311E+00,+2.552724532961E+00,+51.847047176E-03
+3.109460000E-03,+1.126617293200E+00,+2.552724532961E+00,+51.671167785E-03
+3.109465000E-03,+1.123559818327E+00,+2.552724532961E+00,+53.957599912E-03
+3.109470000E-03,+1.120502343516E+00,+2.552724532961E+00,+53.926821029E-03
+3.109475000E-03,+1.116823009352E+00,+2.552724532961E+00,+55.821921502E-03
+3.109480000E-03,+1.113143675236E+00,+2.552724532961E+00,+56.200062212E-03
+3.109485000E-03,+1.108997946657E+00,+2.552724532961E+00,+57.712624999E-03
+3.109490000E-03,+1.104126715558E+00,+2.552724532961E+00,+58.385363693E-03
+3.109495000E-03,+1.099359127667E+00,+2.552724532961E+00,+59.660489303E-03
+3.109500000E-03,+1.094332431737E+00,+2.552724532961E+00,+60.495916430E-03
+3.109505000E-03,+1.089823951881E+00,+2.552724532961E+00,+61.608353606E-03
+3.109510000E-03,+1.085108185618E+00,+2.552724532961E+00,+62.456971687E-03
+3.109515000E-03,+1.079355987185E+00,+2.552724532961E+00,+63.630966651E-03
+3.109520000E-03,+1.074381112855E+00,+2.552724532961E+00,+64.281720408E-03
+3.109525000E-03,+1.068836200863E+00,+2.552724532961E+00,+65.644785725E-03
+3.109530000E-03,+1.064172256158E+00,+2.552724532961E+00,+66.163629937E-03
+3.109535000E-03,+1.057279982390E+00,+2.552724532961E+00,+67.482725400E-03
+3.109540000E-03,+1.050854103050E+00,+2.552724532961E+00,+68.010363588E-03
+3.109545000E-03,+1.044376402144E+00,+2.552724532961E+00,+69.267901258E-03
+3.109550000E-03,+1.038261452458E+00,+2.552724532961E+00,+69.861494225E-03
+3.109555000E-03,+1.031161892228E+00,+2.552724532961E+00,+70.921167574E-03
+3.109560000E-03,+1.024528726484E+00,+2.552724532961E+00,+71.818152494E-03
+3.109565000E-03,+1.017843739100E+00,+2.552724532961E+00,+72.556845948E-03
+3.109570000E-03,+1.010381427616E+00,+2.552724532961E+00,+73.603328353E-03
+3.109575000E-03,+1.003178224171E+00,+2.552724532961E+00,+74.170539400E-03
+3.109580000E-03,+994.368550932E-03,+2.552724532961E+00,+75.326946420E-03
+3.109585000E-03,+985.507056084E-03,+2.552724532961E+00,+75.744659994E-03
+3.109590000E-03,+978.562960638E-03,+2.552724532961E+00,+76.711996656E-03
+3.109595000E-03,+970.323325041E-03,+2.552724532961E+00,+77.358353447E-03
+3.109600000E-03,+962.239154287E-03,+2.552724532961E+00,+78.101443875E-03
+3.109605000E-03,+953.481302629E-03,+2.552724532961E+00,+78.945664988E-03
+3.109610000E-03,+944.827094202E-03,+2.552724532961E+00,+79.512876017E-03
+3.109615000E-03,+935.758312870E-03,+2.552724532961E+00,+80.572549389E-03
+3.109620000E-03,+928.140536546E-03,+2.552724532961E+00,+80.682474001E-03
+3.109625000E-03,+918.035323114E-03,+2.552724532961E+00,+81.966393594E-03
+3.109630000E-03,+908.707433751E-03,+2.552724532961E+00,+82.049936301E-03
+3.109635000E-03,+899.224079584E-03,+2.552724532961E+00,+83.276695082E-03
+3.109640000E-03,+888.289720400E-03,+2.552724532961E+00,+83.355840811E-03
+3.109645000E-03,+879.480047127E-03,+2.552724532961E+00,+84.358353365E-03
+3.109650000E-03,+869.167547252E-03,+2.552724532961E+00,+84.718906124E-03
+3.109655000E-03,+859.839657884E-03,+2.552724532961E+00,+85.418026717E-03
+3.109660000E-03,+850.045374071E-03,+2.552724532961E+00,+85.994031735E-03
+3.109665000E-03,+838.851906887E-03,+2.552724532961E+00,+86.411745307E-03
+3.109670000E-03,+827.917547719E-03,+2.552724532961E+00,+87.198805588E-03
+3.109675000E-03,+816.827723687E-03,+2.552724532961E+00,+87.489006602E-03
+3.109680000E-03,+806.152472569E-03,+2.552724532961E+00,+88.174936230E-03
+3.109685000E-03,+793.922573165E-03,+2.552724532961E+00,+88.601443782E-03
+3.109690000E-03,+783.713716500E-03,+2.552724532961E+00,+88.992775416E-03
+3.109695000E-03,+772.623892547E-03,+2.552724532961E+00,+89.652323168E-03
+3.109700000E-03,+761.948641363E-03,+2.552724532961E+00,+89.784232694E-03
+3.109705000E-03,+749.770563618E-03,+2.552724532961E+00,+90.703202551E-03
+3.109710000E-03,+737.644307467E-03,+2.552724532961E+00,+90.448177413E-03
+3.109715000E-03,+726.813591484E-03,+2.552724532961E+00,+91.586996510E-03
+3.109720000E-03,+715.050086585E-03,+2.552724532961E+00,+91.230840724E-03
+3.109725000E-03,+702.820187253E-03,+2.552724532961E+00,+92.330086948E-03
+3.109730000E-03,+690.175715004E-03,+2.552724532961E+00,+92.031091975E-03
+3.109735000E-03,+677.323956340E-03,+2.552724532961E+00,+92.897297998E-03
+3.109740000E-03,+665.197700196E-03,+2.552724532961E+00,+92.804961312E-03
+3.109745000E-03,+652.864157624E-03,+2.552724532961E+00,+93.310614579E-03
+3.109750000E-03,+640.582436667E-03,+2.552724532961E+00,+93.420539198E-03
+3.109755000E-03,+627.471569954E-03,+2.552724532961E+00,+93.816267839E-03
+3.109760000E-03,+615.500778630E-03,+2.552724532961E+00,+93.983353260E-03
+3.109765000E-03,+601.923517488E-03,+2.552724532961E+00,+94.295539192E-03
+3.109770000E-03,+589.175402018E-03,+2.552724532961E+00,+94.379081897E-03
+3.109775000E-03,+575.339032813E-03,+2.552724532961E+00,+94.678076883E-03
+3.109780000E-03,+563.109133437E-03,+2.552724532961E+00,+94.572549231E-03
+3.109785000E-03,+550.205553185E-03,+2.552724532961E+00,+95.179333156E-03
+3.109790000E-03,+536.939221690E-03,+2.552724532961E+00,+94.827574355E-03
+3.109795000E-03,+522.118241947E-03,+2.552724532961E+00,+95.583855761E-03
+3.109800000E-03,+508.437337566E-03,+2.552724532961E+00,+94.981468830E-03
+3.109805000E-03,+494.445503543E-03,+2.552724532961E+00,+95.803705004E-03
+3.109810000E-03,+480.920063987E-03,+2.552724532961E+00,+95.157348228E-03
+3.109815000E-03,+467.083694796E-03,+2.552724532961E+00,+95.878453745E-03
+3.109820000E-03,+453.091860758E-03,+2.552724532961E+00,+95.385991444E-03
+3.109825000E-03,+438.944561924E-03,+2.552724532961E+00,+95.724559272E-03
+3.109830000E-03,+424.693619900E-03,+2.552724532961E+00,+95.619031642E-03
+3.109835000E-03,+410.494499415E-03,+2.552724532961E+00,+95.535488925E-03
+3.109840000E-03,+394.844373983E-03,+2.552724532961E+00,+95.693780383E-03
+3.109845000E-03,+380.800718333E-03,+2.552724532961E+00,+95.443152241E-03
+3.109850000E-03,+365.720630584E-03,+2.552724532961E+00,+95.676192442E-03
+3.109855000E-03,+350.433256376E-03,+2.552724532961E+00,+95.267272854E-03
+3.109860000E-03,+337.063281602E-03,+2.552724532961E+00,+95.407976362E-03
+3.109865000E-03,+321.257691343E-03,+2.552724532961E+00,+95.086996478E-03
+3.109870000E-03,+307.317678908E-03,+2.552724532961E+00,+95.034232646E-03
+3.109875000E-03,+293.170380069E-03,+2.552724532961E+00,+95.025438689E-03
+3.109880000E-03,+277.157503381E-03,+2.552724532961E+00,+94.607725113E-03
+3.109885000E-03,+262.854739737E-03,+2.552724532961E+00,+94.919911049E-03
+3.109890000E-03,+247.774651903E-03,+2.552724532961E+00,+94.154835672E-03
+3.109895000E-03,+232.798207328E-03,+2.552724532961E+00,+94.405463820E-03
+3.109900000E-03,+217.614476369E-03,+2.552724532961E+00,+93.640388444E-03
+3.109905000E-03,+203.156247912E-03,+2.552724532961E+00,+93.891016588E-03
+3.109910000E-03,+188.387089764E-03,+2.552724532961E+00,+93.231468854E-03
+3.109915000E-03,+172.529677835E-03,+2.552724532961E+00,+93.235865838E-03
+3.109920000E-03,+157.035017224E-03,+2.552724532961E+00,+92.782976398E-03
+3.109925000E-03,+141.799464626E-03,+2.552724532961E+00,+92.461996504E-03
+3.109930000E-03,+126.045695958E-03,+2.552724532961E+00,+92.316895995E-03
+3.109935000E-03,+109.618246395E-03,+2.552724532961E+00,+91.696921135E-03
+3.109940000E-03,+95.419125905E-03,+2.552724532961E+00,+91.674936201E-03
+3.109945000E-03,+79.147141179E-03,+2.552724532961E+00,+90.953830692E-03
+3.109950000E-03,+64.637091083E-03,+2.552724532961E+00,+90.839509070E-03
+3.109955000E-03,+49.608824900E-03,+2.552724532961E+00,+90.193152311E-03
+3.109960000E-03,+33.181375337E-03,+2.552724532961E+00,+89.836996523E-03
+3.109965000E-03,+18.567682005E-03,+2.552724532961E+00,+89.494031716E-03
+3.109970000E-03,+3.124843026E-03,+2.552724532961E+00,+88.803705074E-03
+3.109975000E-03,-11.488850295E-03,+2.552724532961E+00,+88.724559359E-03
+3.109980000E-03,-26.154365248E-03,+2.552724532961E+00,+87.722046796E-03
+3.109985000E-03,-41.234453018E-03,+2.552724532961E+00,+87.748428715E-03
+3.109990000E-03,-56.832756846E-03,+2.552724532961E+00,+86.644785509E-03
+3.109995000E-03,-71.446450167E-03,+2.552724532961E+00,+86.552448826E-03
+3.110000000E-03,-86.422894747E-03,+2.552724532961E+00,+85.633478986E-03
+3.110005000E-03,-102.591236275E-03,+2.552724532961E+00,+85.294911147E-03
+3.110010000E-03,-118.448648171E-03,+2.552724532961E+00,+84.613378498E-03
+3.110015000E-03,-133.891487206E-03,+2.552724532961E+00,+83.865891064E-03
+3.110020000E-03,-149.386147824E-03,+2.552724532961E+00,+83.672423730E-03
+3.110025000E-03,-164.621700415E-03,+2.552724532961E+00,+82.476443845E-03
+3.110030000E-03,-179.546323388E-03,+2.552724532961E+00,+82.318152385E-03
+3.110035000E-03,-195.559200063E-03,+2.552724532961E+00,+81.060614719E-03
+3.110040000E-03,-209.861963766E-03,+2.552724532961E+00,+81.012247876E-03
+3.110045000E-03,-225.201159554E-03,+2.552724532961E+00,+79.829458958E-03
+3.110050000E-03,-241.214036317E-03,+2.552724532961E+00,+79.451318242E-03
+3.110055000E-03,-256.864161733E-03,+2.552724532961E+00,+78.532348418E-03
+3.110060000E-03,-271.736963133E-03,+2.552724532961E+00,+77.899182581E-03
+3.110065000E-03,-287.231623749E-03,+2.552724532961E+00,+77.200062001E-03
+3.110070000E-03,-302.674462777E-03,+2.552724532961E+00,+76.298680088E-03
+3.110075000E-03,-318.117301790E-03,+2.552724532961E+00,+75.661117289E-03
+3.110080000E-03,-332.264600658E-03,+2.552724532961E+00,+74.623428853E-03
+3.110085000E-03,-346.930115546E-03,+2.552724532961E+00,+74.069408760E-03
+3.110090000E-03,-361.025592787E-03,+2.552724532961E+00,+73.088881134E-03
+3.110095000E-03,-376.002037390E-03,+2.552724532961E+00,+72.279835915E-03
+3.110100000E-03,-391.963092450E-03,+2.552724532961E+00,+71.536745474E-03
+3.110105000E-03,-404.970315959E-03,+2.552724532961E+00,+70.428705278E-03
+3.110110000E-03,-420.724084637E-03,+2.552724532961E+00,+69.967021875E-03
+3.110115000E-03,-435.648707578E-03,+2.552724532961E+00,+68.480840980E-03
+3.110120000E-03,-449.847828054E-03,+2.552724532961E+00,+68.265388722E-03
+3.110125000E-03,-464.150591712E-03,+2.552724532961E+00,+66.607725425E-03
+3.110130000E-03,-478.764285000E-03,+2.552724532961E+00,+66.321921403E-03
+3.110135000E-03,-493.429799933E-03,+2.552724532961E+00,+64.739006861E-03
+3.110140000E-03,-507.680741992E-03,+2.552724532961E+00,+64.290514386E-03
+3.110145000E-03,-521.776219197E-03,+2.552724532961E+00,+63.041770695E-03
+3.110150000E-03,-534.627977881E-03,+2.552724532961E+00,+62.096418932E-03
+3.110155000E-03,-547.479736578E-03,+2.552724532961E+00,+61.190640062E-03
+3.110160000E-03,-561.056997696E-03,+2.552724532961E+00,+59.968278258E-03
+3.110165000E-03,-574.582437260E-03,+2.552724532961E+00,+59.321921485E-03
+3.110170000E-03,-588.677914478E-03,+2.552724532961E+00,+57.936871243E-03
+3.110175000E-03,-601.581494729E-03,+2.552724532961E+00,+57.360866224E-03
+3.110180000E-03,-615.366042363E-03,+2.552724532961E+00,+55.865891373E-03
+3.110185000E-03,-627.803228159E-03,+2.552724532961E+00,+55.140388860E-03
+3.110190000E-03,-640.862273271E-03,+2.552724532961E+00,+53.926821045E-03
+3.110195000E-03,-654.335891153E-03,+2.552724532961E+00,+52.814383865E-03
+3.110200000E-03,-667.084006638E-03,+2.552724532961E+00,+52.005338648E-03
+3.110205000E-03,-679.676657236E-03,+2.552724532961E+00,+50.457599974E-03
+3.110210000E-03,-691.388340574E-03,+2.552724532961E+00,+49.960740676E-03
+3.110215000E-03,-704.499207234E-03,+2.552724532961E+00,+48.206343718E-03
+3.110220000E-03,-717.506430687E-03,+2.552724532961E+00,+47.731469341E-03
+3.110225000E-03,-729.736330072E-03,+2.552724532961E+00,+46.043027160E-03
+3.110230000E-03,-742.018051066E-03,+2.552724532961E+00,+45.418655292E-03
+3.110235000E-03,-754.144307215E-03,+2.552724532961E+00,+43.831343772E-03
+3.110240000E-03,-766.063276932E-03,+2.552724532961E+00,+42.982725667E-03
+3.110245000E-03,-777.930425033E-03,+2.552724532961E+00,+41.663630225E-03
+3.110250000E-03,-790.212146030E-03,+2.552724532961E+00,+40.507223182E-03
+3.110255000E-03,-800.421002710E-03,+2.552724532961E+00,+39.302449348E-03
+3.110260000E-03,-812.080864360E-03,+2.552724532961E+00,+38.084484520E-03
+3.110265000E-03,-822.807937120E-03,+2.552724532961E+00,+36.831343842E-03
+3.110270000E-03,-834.053225910E-03,+2.552724532961E+00,+35.732097613E-03
+3.110275000E-03,-844.676655518E-03,+2.552724532961E+00,+34.250313717E-03
+3.110280000E-03,-855.196441808E-03,+2.552724532961E+00,+33.414886585E-03
+3.110285000E-03,-865.042547230E-03,+2.552724532961E+00,+31.691268518E-03
+3.110290000E-03,-875.873263208E-03,+2.552724532961E+00,+31.110866507E-03
+3.110295000E-03,-885.926655073E-03,+2.552724532961E+00,+29.075062514E-03
+3.110300000E-03,-897.171943892E-03,+2.552724532961E+00,+28.723303717E-03
+3.110305000E-03,-906.810762889E-03,+2.552724532961E+00,+26.568781135E-03
+3.110310000E-03,-916.656868304E-03,+2.552724532961E+00,+26.243404245E-03
+3.110315000E-03,-926.554795331E-03,+2.552724532961E+00,+24.009735940E-03
+3.110320000E-03,-935.519933394E-03,+2.552724532961E+00,+23.627198240E-03
+3.110325000E-03,-945.055109195E-03,+2.552724532961E+00,+21.674936970E-03
+3.110330000E-03,-955.056679408E-03,+2.552724532961E+00,+20.883479679E-03
+3.110335000E-03,-963.918174338E-03,+2.552724532961E+00,+19.217022424E-03
+3.110340000E-03,-972.831490804E-03,+2.552724532961E+00,+18.196921925E-03
+3.110345000E-03,-980.760196760E-03,+2.552724532961E+00,+16.732725968E-03
+3.110350000E-03,-990.191729309E-03,+2.552724532961E+00,+15.598303862E-03
+3.110355000E-03,-998.431364944E-03,+2.552724532961E+00,+14.142901869E-03
+3.110360000E-03,-1.007707432623E+00,+2.552724532961E+00,+13.043655649E-03
+3.110365000E-03,-1.015791603417E+00,+2.552724532961E+00,+11.513504909E-03
+3.110370000E-03,-1.024393990294E+00,+2.552724532961E+00,+10.532977283E-03
+3.110375000E-03,-1.031078977641E+00,+2.552724532961E+00,+8.809359210E-03
+3.110380000E-03,-1.039111326772E+00,+2.552724532961E+00,+8.053077814E-03
+3.110385000E-03,-1.047610070444E+00,+2.552724532961E+00,+6.157977333E-03
+3.110390000E-03,-1.053517733706E+00,+2.552724532961E+00,+5.546796431E-03
+3.110395000E-03,-1.060876401939E+00,+2.552724532961E+00,+3.572550228E-03
+3.110400000E-03,-1.067302281278E+00,+2.552724532961E+00,+2.838253741E-03
+3.110405000E-03,-1.075334630417E+00,+2.552724532961E+00,+1.114635682E-03
+3.110410000E-03,-1.081605044952E+00,+2.552724532961E+00,+15.389454E-06
+3.110415000E-03,-1.087409064961E+00,+2.552724532961E+00,-1.325690925E-03
+3.110420000E-03,-1.093213085012E+00,+2.552724532961E+00,-2.688756250E-03
+3.110425000E-03,-1.099949893958E+00,+2.552724532961E+00,-3.801193410E-03
+3.110430000E-03,-1.105805735655E+00,+2.552724532961E+00,-5.520414502E-03
+3.110435000E-03,-1.111091539605E+00,+2.552724532961E+00,-6.254710976E-03
+3.110440000E-03,-1.116170057158E+00,+2.552724532961E+00,-8.250942110E-03
+3.110445000E-03,-1.122336828435E+00,+2.552724532961E+00,-8.879710957E-03
+3.110450000E-03,-1.126534378639E+00,+2.552724532961E+00,-10.792399367E-03
+3.110455000E-03,-1.131612896164E+00,+2.552724532961E+00,-11.636620474E-03
+3.110460000E-03,-1.136691413708E+00,+2.552724532961E+00,-13.404208379E-03
+3.110465000E-03,-1.140785320719E+00,+1.513308736743E+00,-14.375942054E-03
+3.110470000E-03,-1.144257368398E+00,-141.135360336E-03,-15.646670672E-03
+3.110475000E-03,-1.148454918605E+00,-180.551191394E-03,-17.080087751E-03
+3.110480000E-03,-1.152289717537E+00,-14.486497900E-03,-18.311243514E-03
+3.110485000E-03,-1.155761765252E+00,+162.492148520E-03,-19.828203293E-03
+3.110490000E-03,-1.160011137112E+00,-83.424935921E-03,-20.830715849E-03
+3.110495000E-03,-1.162861325529E+00,-75.337624569E-03,-22.470791197E-03
+3.110500000E-03,-1.166385194811E+00,-94.652951694E-03,-23.477700751E-03
+3.110505000E-03,-1.169494491287E+00,-17.784233532E-03,-24.928705747E-03
+3.110510000E-03,-1.171878285212E+00,-56.414886144E-03,-26.177449465E-03
+3.110515000E-03,-1.174106614359E+00,-48.798680349E-03,-27.474559992E-03
+3.110520000E-03,-1.176283121865E+00,-63.324433987E-03,-28.885992147E-03
+3.110525000E-03,-1.179599704730E+00,-49.269785992E-03,-29.928077554E-03
+3.110530000E-03,-1.180169742412E+00,-53.823805915E-03,-31.515389100E-03
+3.110535000E-03,-1.182087141854E+00,-49.112750784E-03,-32.517901654E-03
+3.110540000E-03,-1.183745433345E+00,-53.352700488E-03,-33.845791088E-03
+3.110545000E-03,-1.185092795104E+00,-49.505338699E-03,-35.182474485E-03
+3.110550000E-03,-1.186440156910E+00,-50.447549765E-03,-36.294911657E-03
+3.110555000E-03,-1.186854729800E+00,-47.934986924E-03,-37.899811142E-03
+3.110560000E-03,-1.187372945875E+00,-49.034233139E-03,-38.634107617E-03
+3.110565000E-03,-1.188046626769E+00,-48.249057272E-03,-40.472047298E-03
+3.110570000E-03,-1.189756739814E+00,-49.662373878E-03,-41.026067390E-03
+3.110575000E-03,-1.188616664457E+00,-49.819408997E-03,-43.009107566E-03
+3.110580000E-03,-1.188927594077E+00,-48.877197990E-03,-43.409233199E-03
+3.110585000E-03,-1.187942983554E+00,-50.761620064E-03,-45.379082415E-03
+3.110590000E-03,-1.188461199618E+00,-48.877197990E-03,-45.990263322E-03
+3.110595000E-03,-1.186647443390E+00,-48.798680336E-03,-47.520414053E-03
+3.110600000E-03,-1.185766476004E+00,-48.406092425E-03,-48.448177867E-03
+3.110605000E-03,-1.185351903197E+00,-48.249057209E-03,-49.815640153E-03
+3.110610000E-03,-1.184263649429E+00,-47.385363903E-03,-51.020414021E-03
+3.110615000E-03,-1.182916287612E+00,-48.249057293E-03,-51.961368782E-03
+3.110620000E-03,-1.182035320326E+00,-51.468278335E-03,-53.460740619E-03
+3.110625000E-03,-1.179806991151E+00,-48.249057260E-03,-54.304961726E-03
+3.110630000E-03,-1.178045056542E+00,-48.955715531E-03,-55.628454166E-03
+3.110635000E-03,-1.175402154607E+00,-47.149810989E-03,-56.679333560E-03
+3.110640000E-03,-1.174054792802E+00,-47.149811074E-03,-57.787373736E-03
+3.110645000E-03,-1.171204604362E+00,-46.286117603E-03,-58.965765701E-03
+3.110650000E-03,-1.169079918441E+00,-48.484610033E-03,-59.761619951E-03
+3.110655000E-03,-1.165918800401E+00,-46.835740679E-03,-61.335740541E-03
+3.110660000E-03,-1.163794114480E+00,-46.678705483E-03,-61.858981741E-03
+3.110665000E-03,-1.159441099463E+00,-47.306846197E-03,-63.485866149E-03
+3.110670000E-03,-1.156176338180E+00,-46.600187998E-03,-63.951946543E-03
+3.110675000E-03,-1.152911576920E+00,-46.129082369E-03,-65.649182701E-03
+3.110680000E-03,-1.148817669960E+00,-46.678705560E-03,-66.159232949E-03
+3.110685000E-03,-1.144879227746E+00,-44.794283444E-03,-67.513504292E-03
+3.110690000E-03,-1.140526212745E+00,-47.542398963E-03,-68.331343486E-03
+3.110695000E-03,-1.137624202698E+00,-45.422424128E-03,-69.439383664E-03
+3.110700000E-03,-1.131716539487E+00,-46.443152812E-03,-70.499057027E-03
+3.110705000E-03,-1.127363524469E+00,-45.422424098E-03,-71.290514301E-03
+3.110710000E-03,-1.122544114948E+00,-45.500941707E-03,-72.429333386E-03
+3.110715000E-03,-1.116740094864E+00,-43.930589956E-03,-73.132850971E-03
+3.110720000E-03,-1.110728788450E+00,-44.872801061E-03,-74.298051953E-03
+3.110725000E-03,-1.104717482004E+00,-45.579459302E-03,-75.177448939E-03
+3.110730000E-03,-1.098706175502E+00,-46.364635186E-03,-76.039257962E-03
+3.110735000E-03,-1.092850333851E+00,-43.852072399E-03,-77.147298170E-03
+3.110740000E-03,-1.086683562577E+00,-44.637248266E-03,-77.666142376E-03
+3.110745000E-03,-1.080879542541E+00,-45.029836188E-03,-79.081971515E-03
+3.110750000E-03,-1.074090911978E+00,-44.951318662E-03,-79.380966479E-03
+3.110755000E-03,-1.067924140662E+00,-44.401695465E-03,-80.915514206E-03
+3.110760000E-03,-1.061601904577E+00,-44.715765870E-03,-81.056217715E-03
+3.110765000E-03,-1.054191414690E+00,-44.244660321E-03,-82.516016696E-03
+3.110770000E-03,-1.047350962524E+00,-46.835740674E-03,-82.872172472E-03
+3.110775000E-03,-1.039163148530E+00,-45.108353701E-03,-83.984609644E-03
+3.110780000E-03,-1.031338085772E+00,-45.265389036E-03,-84.692524212E-03
+3.110785000E-03,-1.022476590909E+00,-44.244660317E-03,-85.374056869E-03
+3.110790000E-03,-1.014651528196E+00,-44.715765788E-03,-86.411745301E-03
+3.110795000E-03,-1.006308249411E+00,-42.909861363E-03,-86.693152339E-03
+3.110800000E-03,-997.654040941E-03,-44.323177935E-03,-87.928705075E-03
+3.110805000E-03,-990.036264632E-03,-44.166142708E-03,-88.104584484E-03
+3.110810000E-03,-980.656553677E-03,-43.223931733E-03,-89.362122149E-03
+3.110815000E-03,-972.365096434E-03,-43.380966850E-03,-89.533604572E-03
+3.110820000E-03,-962.985385545E-03,-44.166142721E-03,-90.593277909E-03
+3.110825000E-03,-953.553852960E-03,-41.967650309E-03,-90.993403559E-03
+3.110830000E-03,-944.485071653E-03,-43.380966885E-03,-91.670539201E-03
+3.110835000E-03,-934.587144620E-03,-41.810615139E-03,-92.404835703E-03
+3.110840000E-03,-923.652785458E-03,-43.773554772E-03,-92.712624621E-03
+3.110845000E-03,-912.873891104E-03,-44.480213008E-03,-93.838252767E-03
+3.110850000E-03,-902.302283206E-03,-43.302449289E-03,-93.767900994E-03
+3.110855000E-03,-891.575210437E-03,-43.459484393E-03,-95.069408528E-03
+3.110860000E-03,-880.951780911E-03,-43.302449316E-03,-94.845162296E-03
+3.110865000E-03,-872.038464412E-03,-42.281720657E-03,-96.159860773E-03
+3.110870000E-03,-862.399645362E-03,-42.831343842E-03,-96.014760270E-03
+3.110875000E-03,-851.413464636E-03,-42.909861323E-03,-97.070036642E-03
+3.110880000E-03,-840.841856698E-03,-42.674308610E-03,-97.131594433E-03
+3.110885000E-03,-829.492924714E-03,-44.244660282E-03,-97.887875833E-03
+3.110890000E-03,-818.403100680E-03,-42.909861358E-03,-98.195664774E-03
+3.110895000E-03,-807.572384689E-03,-41.103956802E-03,-98.749684869E-03
+3.110900000E-03,-795.705236584E-03,-40.946921712E-03,-99.163001444E-03
+3.110905000E-03,-784.459947798E-03,-42.281720670E-03,-99.585111998E-03
+3.110910000E-03,-772.955550895E-03,-41.967650291E-03,-99.914885858E-03
+3.110915000E-03,-760.466543483E-03,-41.810615148E-03,-100.350187369E-03
+3.110920000E-03,-747.822071309E-03,-44.480213096E-03,-100.578830575E-03
+3.110925000E-03,-736.473139238E-03,-42.517273427E-03,-101.124056708E-03
+3.110930000E-03,-724.968742361E-03,-43.223931733E-03,-101.146041626E-03
+3.110935000E-03,-712.635199812E-03,-42.124685456E-03,-101.871544133E-03
+3.110940000E-03,-700.975338116E-03,-41.260992025E-03,-101.695664737E-03
+3.110945000E-03,-688.019936233E-03,-43.223931689E-03,-102.368403429E-03
+3.110950000E-03,-674.598139913E-03,-42.988378928E-03,-102.236493878E-03
+3.110955000E-03,-662.886456589E-03,-41.339509634E-03,-102.882850652E-03
+3.110960000E-03,-649.309195457E-03,-43.459484432E-03,-102.803704928E-03
+3.110965000E-03,-636.042863938E-03,-41.889132699E-03,-103.221418490E-03
+3.110970000E-03,-622.206494778E-03,-41.810615175E-03,-103.370915977E-03
+3.110975000E-03,-608.318303945E-03,-40.868404089E-03,-103.463252658E-03
+3.110980000E-03,-595.311080487E-03,-41.732097534E-03,-103.700689842E-03
+3.110985000E-03,-582.459321816E-03,-40.397298562E-03,-103.705086831E-03
+3.110990000E-03,-569.296633498E-03,-41.496544804E-03,-103.999684813E-03
+3.110995000E-03,-556.237588423E-03,-41.653579933E-03,-103.951317988E-03
+3.111000000E-03,-540.794749390E-03,-41.103956860E-03,-104.149182293E-03
+3.111005000E-03,-528.098455568E-03,-42.595790947E-03,-104.219534066E-03
+3.111010000E-03,-513.847513533E-03,-40.868404103E-03,-104.127197374E-03
+3.111015000E-03,-499.078355388E-03,-41.653579929E-03,-104.496544108E-03
+3.111020000E-03,-484.723770100E-03,-40.789886534E-03,-104.096418483E-03
+3.111025000E-03,-470.317363261E-03,-40.632851315E-03,-104.628453654E-03
+3.111030000E-03,-455.807313106E-03,-42.203203088E-03,-104.021669746E-03
+3.111035000E-03,-440.934511778E-03,-42.831343703E-03,-104.641644606E-03
+3.111040000E-03,-425.543494364E-03,-42.281720707E-03,-103.911745127E-03
+3.111045000E-03,-411.603481936E-03,-41.260991998E-03,-104.395413452E-03
+3.111050000E-03,-396.730680582E-03,-41.260992020E-03,-103.889760204E-03
+3.111055000E-03,-382.272452097E-03,-41.653579951E-03,-104.078830541E-03
+3.111060000E-03,-367.296007564E-03,-42.988378918E-03,-103.841393366E-03
+3.111065000E-03,-352.889600668E-03,-41.732097529E-03,-103.735865720E-03
+3.111070000E-03,-337.291296779E-03,-42.831343721E-03,-103.674307941E-03
+3.111075000E-03,-322.573960283E-03,-40.083228228E-03,-103.520413461E-03
+3.111080000E-03,-307.131121292E-03,-41.496544846E-03,-103.375312963E-03
+3.111085000E-03,-291.895568676E-03,-39.847675466E-03,-103.032348146E-03
+3.111090000E-03,-276.763659260E-03,-40.632851319E-03,-102.900438595E-03
+3.111095000E-03,-261.579928283E-03,-39.847675425E-03,-102.715765236E-03
+3.111100000E-03,-246.655305303E-03,-41.496544773E-03,-102.377197394E-03
+3.111105000E-03,-231.937968759E-03,-41.182474387E-03,-102.377197399E-03
+3.111110000E-03,-214.681373488E-03,-41.025439346E-03,-101.634106951E-03
+3.111115000E-03,-200.430431402E-03,-40.789886447E-03,-101.919910968E-03
+3.111120000E-03,-186.283132580E-03,-41.339509649E-03,-100.908604455E-03
+3.111125000E-03,-170.477542324E-03,-40.004710613E-03,-101.233981323E-03
+3.111130000E-03,-155.293811304E-03,-41.418027231E-03,-100.367775315E-03
+3.111135000E-03,-138.659075359E-03,-41.732097479E-03,-100.433730075E-03
+3.111140000E-03,-122.646198582E-03,-41.418027167E-03,-99.752197436E-03
+3.111145000E-03,-107.255181196E-03,-41.496544763E-03,-99.624684854E-03
+3.111150000E-03,-92.071450218E-03,-40.789886562E-03,-99.114634628E-03
+3.111155000E-03,-77.768686528E-03,-41.967650277E-03,-98.600187381E-03
+3.111160000E-03,-62.481312326E-03,-41.025439259E-03,-98.292398456E-03
+3.111165000E-03,-47.556689358E-03,-40.397298609E-03,-97.588880859E-03
+3.111170000E-03,-33.409390490E-03,-41.103956837E-03,-97.483353232E-03
+3.111175000E-03,-17.914729929E-03,-40.475816159E-03,-96.577574343E-03
+3.111180000E-03,-1.694566725E-03,-42.203203061E-03,-96.370916062E-03
+3.111185000E-03,+13.696450683E-03,-41.182474424E-03,-95.579458780E-03
+3.111190000E-03,+29.502040932E-03,-40.318781050E-03,-95.254081904E-03
+3.111195000E-03,+45.566739283E-03,-41.025439301E-03,-94.660488938E-03
+3.111200000E-03,+61.113221489E-03,-40.789886530E-03,-93.948177393E-03
+3.111205000E-03,+75.623271609E-03,-41.025439264E-03,-93.640388441E-03
+3.111210000E-03,+91.584326745E-03,-41.496544702E-03,-92.659860834E-03
+3.111215000E-03,+107.545381801E-03,-40.397298590E-03,-92.536745233E-03
+3.111220000E-03,+122.832756024E-03,-43.066896519E-03,-91.499056829E-03
+3.111225000E-03,+137.239162958E-03,-41.810615074E-03,-91.239634696E-03
+3.111230000E-03,+154.029363727E-03,-41.025439343E-03,-90.342649805E-03
+3.111235000E-03,+168.953986704E-03,-40.161745810E-03,-89.801820640E-03
+3.111240000E-03,+183.723144865E-03,-42.203203056E-03,-89.054333240E-03
+3.111245000E-03,+199.787843121E-03,-40.868404043E-03,-88.201318146E-03
+3.111250000E-03,+214.816109353E-03,-41.575062411E-03,-87.893529225E-03
+3.111255000E-03,+230.155305113E-03,-40.161745787E-03,-86.710740273E-03
+3.111260000E-03,+244.976284881E-03,-40.240263398E-03,-86.363378489E-03
+3.111265000E-03,+260.574588694E-03,-42.203203051E-03,-85.145413665E-03
+3.111270000E-03,+276.432000587E-03,-40.789886493E-03,-84.820036787E-03
+3.111275000E-03,+290.890229144E-03,-40.004710584E-03,-83.711996597E-03
+3.111280000E-03,+305.348457645E-03,-41.653579979E-03,-82.990891080E-03
+3.111285000E-03,+321.154047900E-03,-41.182474400E-03,-82.278579528E-03
+3.111290000E-03,+335.094060319E-03,-40.868404094E-03,-81.214509186E-03
+3.111295000E-03,+350.277791269E-03,-41.810615116E-03,-80.774810698E-03
+3.111300000E-03,+364.891484645E-03,-41.496544820E-03,-79.293026801E-03
+3.111305000E-03,+378.313280965E-03,-41.103956813E-03,-79.244659958E-03
+3.111310000E-03,+393.652476727E-03,-40.711368934E-03,-77.521041895E-03
+3.111315000E-03,+408.525278132E-03,-40.240263426E-03,-77.411117264E-03
+3.111320000E-03,+422.413468919E-03,-40.868404085E-03,-75.656720313E-03
+3.111325000E-03,+436.353481313E-03,-38.983982033E-03,-75.546795671E-03
+3.111330000E-03,+450.863531440E-03,-40.868404085E-03,-73.924308273E-03
+3.111335000E-03,+464.907187066E-03,-40.711368892E-03,-73.453830874E-03
+3.111340000E-03,+478.847199473E-03,-41.810615116E-03,-72.152323362E-03
+3.111345000E-03,+492.372639017E-03,-40.711368877E-03,-71.527951497E-03
+3.111350000E-03,+506.053543412E-03,-41.025439254E-03,-70.314383676E-03
+3.111355000E-03,+519.060766925E-03,-41.260991949E-03,-69.597675137E-03
+3.111360000E-03,+533.467173781E-03,-44.009107502E-03,-68.340137472E-03
+3.111365000E-03,+548.029045424E-03,-41.339509607E-03,-67.614634962E-03
+3.111370000E-03,+560.103480041E-03,-42.752826233E-03,-66.146042016E-03
+3.111375000E-03,+574.198957251E-03,-40.240263431E-03,-65.548052069E-03
+3.111380000E-03,+586.998894294E-03,-41.182474476E-03,-64.000313395E-03
+3.111385000E-03,+600.990728343E-03,-40.946921662E-03,-63.534232996E-03
+3.111390000E-03,+614.671632684E-03,-42.046167882E-03,-61.779836033E-03
+3.111395000E-03,+627.886142637E-03,-41.182474428E-03,-61.428077239E-03
+3.111400000E-03,+639.649647520E-03,-41.810615197E-03,-59.788001888E-03
+3.111405000E-03,+652.708692534E-03,-40.632851348E-03,-59.207599871E-03
+3.111410000E-03,+664.264911050E-03,-42.517273462E-03,-57.752197894E-03
+3.111415000E-03,+676.961204925E-03,-41.653579927E-03,-56.736494370E-03
+3.111420000E-03,+688.776531378E-03,-42.124685488E-03,-55.711996908E-03
+3.111425000E-03,+701.317360424E-03,-42.674308535E-03,-54.247800934E-03
+3.111430000E-03,+712.821757295E-03,-41.103956909E-03,-53.693780846E-03
+3.111435000E-03,+724.844370260E-03,-41.732097606E-03,-51.781092420E-03
+3.111440000E-03,+737.229734421E-03,-42.046167945E-03,-51.424936644E-03
+3.111445000E-03,+749.148704113E-03,-43.223931616E-03,-49.305589940E-03
+3.111450000E-03,+760.964030588E-03,-41.575062408E-03,-49.037373849E-03
+3.111455000E-03,+772.779357155E-03,-40.946921648E-03,-47.063127657E-03
+3.111460000E-03,+783.765537961E-03,-41.575062345E-03,-46.465137696E-03
+3.111465000E-03,+794.803540372E-03,-42.988378864E-03,-44.978956826E-03
+3.111470000E-03,+805.582434674E-03,-41.967650397E-03,-43.857725663E-03
+3.111475000E-03,+816.309507446E-03,-41.339509573E-03,-42.670539769E-03
+3.111480000E-03,+827.243866606E-03,-42.517273448E-03,-41.175564896E-03
+3.111485000E-03,+837.660009729E-03,-41.418027224E-03,-40.419283501E-03
+3.111490000E-03,+847.609758360E-03,-40.946921691E-03,-38.612122712E-03
+3.111495000E-03,+858.492295925E-03,-40.475816115E-03,-37.983353872E-03
+3.111500000E-03,+868.234758100E-03,-40.318780941E-03,-36.097047369E-03
+3.111505000E-03,+878.754544420E-03,-42.046167872E-03,-35.274811191E-03
+3.111510000E-03,+888.859757941E-03,-42.831343743E-03,-33.749057442E-03
+3.111515000E-03,+898.446755280E-03,-41.025439284E-03,-32.654208197E-03
+3.111520000E-03,+908.500147164E-03,-46.050564814E-03,-31.348303702E-03
+3.111525000E-03,+917.465285266E-03,-43.380966828E-03,-30.077575058E-03
+3.111530000E-03,+926.896817831E-03,-42.595791011E-03,-28.894786139E-03
+3.111535000E-03,+935.551026262E-03,-42.124685459E-03,-27.355841429E-03
+3.111540000E-03,+943.894305112E-03,-43.852072390E-03,-26.388504755E-03
+3.111545000E-03,+952.807621574E-03,-43.223931600E-03,-24.827575127E-03
+3.111550000E-03,+960.788149094E-03,-43.145414155E-03,-23.719534928E-03
+3.111555000E-03,+969.183249532E-03,-42.752826156E-03,-22.286117867E-03
+3.111560000E-03,+976.852847486E-03,-42.360238323E-03,-20.865891742E-03
+3.111565000E-03,+985.558877536E-03,-41.889132673E-03,-19.845791259E-03
+3.111570000E-03,+993.280297065E-03,-42.203203011E-03,-18.100188255E-03
+3.111575000E-03,+1.001519932626E+00,-41.182474428E-03,-17.348303849E-03
+3.111580000E-03,+1.009034065724E+00,-44.401695470E-03,-15.391645581E-03
+3.111585000E-03,+1.016237269174E+00,-41.810615081E-03,-14.718906889E-03
+3.111590000E-03,+1.022818613299E+00,-42.360238230E-03,-12.771042592E-03
+3.111595000E-03,+1.029762708734E+00,-44.087625092E-03,-12.142273745E-03
+3.111600000E-03,+1.036033123188E+00,-41.810615224E-03,-10.299937090E-03
+3.111605000E-03,+1.043910007538E+00,-42.674308648E-03,-9.319409453E-03
+3.111610000E-03,+1.048522130663E+00,-41.575062359E-03,-7.811243654E-03
+3.111615000E-03,+1.055880798880E+00,-42.831343743E-03,-6.536118029E-03
+3.111620000E-03,+1.060855673205E+00,-41.732097498E-03,-5.256595437E-03
+3.111625000E-03,+1.067696125403E+00,-41.260992060E-03,-3.937499964E-03
+3.111630000E-03,+1.072049140442E+00,-42.674308613E-03,-2.675565307E-03
+3.111635000E-03,+1.079304165480E+00,-42.124685419E-03,-1.352072867E-03
+3.111640000E-03,+1.084227218211E+00,-42.046167921E-03,-37.374380E-06
+3.111645000E-03,+1.089823951809E+00,-42.124685493E-03,+1.136620573E-03
+3.111650000E-03,+1.095627971844E+00,-36.392901770E-03,+2.833856745E-03
+3.111655000E-03,+1.099980986879E+00,+1.442721372953E+00,+3.603329089E-03
+3.111660000E-03,+1.103193926534E+00,+2.552724532961E+00,+5.516017520E-03
+3.111665000E-03,+1.108583373729E+00,+2.552724532961E+00,+6.017273792E-03
+3.111670000E-03,+1.111899956621E+00,+2.552724532961E+00,+8.308102920E-03
+3.111675000E-03,+1.115475647534E+00,+2.552724532961E+00,+8.585112956E-03
+3.111680000E-03,+1.119362268115E+00,+2.552724532961E+00,+10.884736053E-03
+3.111685000E-03,+1.122678850978E+00,+2.552724532961E+00,+11.284861670E-03
+3.111690000E-03,+1.126254541858E+00,+2.552724532961E+00,+13.421796328E-03
+3.111695000E-03,+1.128741979106E+00,+2.552724532961E+00,+13.923052609E-03
+3.111700000E-03,+1.133354102153E+00,+2.552724532961E+00,+15.945665644E-03
+3.111705000E-03,+1.134960571975E+00,+2.552724532961E+00,+16.653580214E-03
+3.111710000E-03,+1.137292544275E+00,+2.552724532961E+00,+18.254082707E-03
+3.111715000E-03,+1.140142732717E+00,+2.552724532961E+00,+19.340137967E-03
+3.111720000E-03,+1.142008310563E+00,+2.552724532961E+00,+20.799936952E-03
+3.111725000E-03,+1.145376715086E+00,+2.552724532961E+00,+22.000313818E-03
+3.111730000E-03,+1.145687644718E+00,+2.552724532961E+00,+23.279836428E-03
+3.111735000E-03,+1.147915973829E+00,+2.552724532961E+00,+24.445037411E-03
+3.111740000E-03,+1.149574265262E+00,+2.552724532961E+00,+26.041142926E-03
+3.111745000E-03,+1.150144302965E+00,+2.552724532961E+00,+26.933730850E-03
+3.111750000E-03,+1.150766162255E+00,+2.552724532961E+00,+28.538630338E-03
+3.111755000E-03,+1.152165345687E+00,+2.552724532961E+00,+29.369660474E-03
+3.111760000E-03,+1.152683561748E+00,+2.552724532961E+00,+31.128454428E-03
+3.111765000E-03,+1.152942669772E+00,+2.552724532961E+00,+31.770414226E-03
+3.111770000E-03,+1.153046312964E+00,+2.552724532961E+00,+33.511620228E-03
+3.111775000E-03,+1.153875458727E+00,+2.552724532961E+00,+34.360238319E-03
+3.111780000E-03,+1.152735383329E+00,+2.552724532961E+00,+35.885992063E-03
+3.111785000E-03,+1.151439843145E+00,+2.552724532961E+00,+36.844534774E-03
+3.111790000E-03,+1.151077091862E+00,+2.552724532961E+00,+38.282348819E-03
+3.111795000E-03,+1.150247946176E+00,+2.552724532961E+00,+39.412373938E-03
+3.111800000E-03,+1.149159692375E+00,+2.552724532961E+00,+40.529208093E-03
+3.111805000E-03,+1.147812330598E+00,+2.552724532961E+00,+41.799936726E-03
+3.111810000E-03,+1.146257682434E+00,+2.552724532961E+00,+42.798052299E-03
+3.111815000E-03,+1.143770245335E+00,+2.552724532961E+00,+44.112750770E-03
+3.111820000E-03,+1.143148385947E+00,+2.552724532961E+00,+45.277951771E-03
+3.111825000E-03,+1.140246375949E+00,+2.552724532961E+00,+46.355213050E-03
+3.111830000E-03,+1.138950835741E+00,+2.552724532961E+00,+47.612750743E-03
+3.111835000E-03,+1.136411576978E+00,+2.552724532961E+00,+48.364635143E-03
+3.111840000E-03,+1.133354102214E+00,+2.552724532961E+00,+50.017901471E-03
+3.111845000E-03,+1.130503913731E+00,+2.552724532961E+00,+50.501569800E-03
+3.111850000E-03,+1.128016476596E+00,+2.552724532961E+00,+52.352700430E-03
+3.111855000E-03,+1.124699893747E+00,+2.552724532961E+00,+52.607725562E-03
+3.111860000E-03,+1.120916916363E+00,+2.552724532961E+00,+54.384107446E-03
+3.111865000E-03,+1.117496690293E+00,+2.552724532961E+00,+54.744660217E-03
+3.111870000E-03,+1.113765534537E+00,+2.552724532961E+00,+56.437499375E-03
+3.111875000E-03,+1.109619805990E+00,+2.552724532961E+00,+56.978328537E-03
+3.111880000E-03,+1.105992293421E+00,+2.552724532961E+00,+58.323805893E-03
+3.111885000E-03,+1.101898386457E+00,+2.552724532961E+00,+59.172423981E-03
+3.111890000E-03,+1.097752657818E+00,+2.552724532961E+00,+60.192524465E-03
+3.111895000E-03,+1.092415032277E+00,+2.552724532961E+00,+61.252197828E-03
+3.111900000E-03,+1.086921941840E+00,+2.552724532961E+00,+62.118403845E-03
+3.111905000E-03,+1.082672570046E+00,+2.552724532961E+00,+63.195665145E-03
+3.111910000E-03,+1.076972193244E+00,+2.552724532961E+00,+64.110238003E-03
+3.111915000E-03,+1.070805421990E+00,+2.552724532961E+00,+65.095162604E-03
+3.111920000E-03,+1.064742293898E+00,+2.552724532961E+00,+66.154835971E-03
+3.111925000E-03,+1.059974706002E+00,+2.552724532961E+00,+66.739634954E-03
+3.111930000E-03,+1.053497005111E+00,+2.552724532961E+00,+68.142273137E-03
+3.111935000E-03,+1.048055736281E+00,+2.552724532961E+00,+68.568780661E-03
+3.111940000E-03,+1.040697068035E+00,+2.552724532961E+00,+69.984609795E-03
+3.111945000E-03,+1.034115723854E+00,+2.552724532961E+00,+70.288001747E-03
+3.111950000E-03,+1.027275271676E+00,+2.552724532961E+00,+71.760991684E-03
+3.111955000E-03,+1.019761138601E+00,+2.552724532961E+00,+72.042398722E-03
+3.111960000E-03,+1.012247005529E+00,+2.552724532961E+00,+73.339509255E-03
+3.111965000E-03,+1.005147445263E+00,+2.552724532961E+00,+73.911117292E-03
+3.111970000E-03,+997.374204185E-03,+2.552724532961E+00,+74.838881102E-03
+3.111975000E-03,+988.719995704E-03,+2.552724532961E+00,+75.687499180E-03
+3.111980000E-03,+980.998576223E-03,+2.552724532961E+00,+76.228328332E-03
+3.111985000E-03,+972.603475814E-03,+2.552724532961E+00,+77.384735339E-03
+3.111990000E-03,+964.985699545E-03,+2.552724532961E+00,+77.701318265E-03
+3.111995000E-03,+956.227847890E-03,+2.552724532961E+00,+78.879710191E-03
+3.112000000E-03,+948.247320241E-03,+2.552724532961E+00,+79.249056946E-03
+3.112005000E-03,+939.282182187E-03,+2.552724532961E+00,+80.242775504E-03
+3.112010000E-03,+930.317044113E-03,+2.552724532961E+00,+80.779207682E-03
+3.112015000E-03,+922.336516536E-03,+2.552724532961E+00,+81.399182530E-03
+3.112020000E-03,+912.386767948E-03,+2.552724532961E+00,+82.186242843E-03
+3.112025000E-03,+903.369808200E-03,+2.552724532961E+00,+82.573177493E-03
+3.112030000E-03,+893.886454027E-03,+2.552724532961E+00,+83.588881012E-03
+3.112035000E-03,+882.848451654E-03,+2.552724532961E+00,+83.835112160E-03
+3.112040000E-03,+873.468740685E-03,+2.552724532961E+00,+84.732097077E-03
+3.112045000E-03,+864.244494560E-03,+2.552724532961E+00,+85.061870948E-03
+3.112050000E-03,+854.191102680E-03,+2.552724532961E+00,+85.870916152E-03
+3.112055000E-03,+844.034067627E-03,+2.552724532961E+00,+86.394157366E-03
+3.112060000E-03,+833.099708475E-03,+2.552724532961E+00,+86.807473933E-03
+3.112065000E-03,+820.973452355E-03,+2.552724532961E+00,+87.598931221E-03
+3.112070000E-03,+810.401844425E-03,+2.552724532961E+00,+87.651695031E-03
+3.112075000E-03,+799.363841954E-03,+2.552724532961E+00,+88.737750303E-03
+3.112080000E-03,+788.584947649E-03,+2.552724532961E+00,+88.641016638E-03
+3.112085000E-03,+777.080550777E-03,+2.552724532961E+00,+89.656720137E-03
+3.112090000E-03,+765.887083602E-03,+2.552724532961E+00,+89.634735221E-03
+3.112095000E-03,+753.864470648E-03,+2.552724532961E+00,+90.421795505E-03
+3.112100000E-03,+741.790036115E-03,+2.552724532961E+00,+90.615262846E-03
+3.112105000E-03,+729.974709626E-03,+2.552724532961E+00,+91.076946256E-03
+3.112110000E-03,+718.729420763E-03,+2.552724532961E+00,+91.560614597E-03
+3.112115000E-03,+707.173202319E-03,+2.552724532961E+00,+91.749684943E-03
+3.112120000E-03,+695.927913480E-03,+2.552724532961E+00,+92.369659806E-03
+3.112125000E-03,+683.698014121E-03,+2.552724532961E+00,+92.431217603E-03
+3.112130000E-03,+670.120752967E-03,+2.552724532961E+00,+92.901694974E-03
+3.112135000E-03,+657.631745553E-03,+2.552724532961E+00,+93.099559306E-03
+3.112140000E-03,+645.609132584E-03,+2.552724532961E+00,+93.376569341E-03
+3.112145000E-03,+632.290979493E-03,+2.552724532961E+00,+93.877825635E-03
+3.112150000E-03,+619.542864069E-03,+2.552724532961E+00,+93.666770339E-03
+3.112155000E-03,+606.794748596E-03,+2.552724532961E+00,+94.524182409E-03
+3.112160000E-03,+593.994811551E-03,+2.552724532961E+00,+93.961368336E-03
+3.112165000E-03,+581.350339367E-03,+2.552724532961E+00,+95.021041695E-03
+3.112170000E-03,+567.669435005E-03,+2.552724532961E+00,+94.225187437E-03
+3.112175000E-03,+554.973141118E-03,+2.552724532961E+00,+95.434358264E-03
+3.112180000E-03,+541.862274414E-03,+2.552724532961E+00,+94.625313065E-03
+3.112185000E-03,+527.300402714E-03,+2.552724532961E+00,+95.566267808E-03
+3.112190000E-03,+513.412211940E-03,+2.552724532961E+00,+95.108981399E-03
+3.112195000E-03,+500.249523575E-03,+2.552724532961E+00,+95.605840668E-03
+3.112200000E-03,+484.962149460E-03,+2.552724532961E+00,+95.434358289E-03
+3.112205000E-03,+471.488531542E-03,+2.552724532961E+00,+95.478328116E-03
+3.112210000E-03,+457.911270367E-03,+2.552724532961E+00,+95.663001499E-03
+3.112215000E-03,+443.297577013E-03,+2.552724532961E+00,+95.575061782E-03
+3.112220000E-03,+428.994813315E-03,+2.552724532961E+00,+95.759735156E-03
+3.112225000E-03,+415.210265757E-03,+2.552724532961E+00,+95.509107021E-03
+3.112230000E-03,+400.752037283E-03,+2.552724532961E+00,+95.619031638E-03
+3.112235000E-03,+386.967489663E-03,+2.552724532961E+00,+95.689383404E-03
+3.112240000E-03,+371.939223514E-03,+2.552724532961E+00,+95.302448720E-03
+3.112245000E-03,+356.651849281E-03,+2.552724532961E+00,+95.816895954E-03
+3.112250000E-03,+341.260831868E-03,+2.552724532961E+00,+94.924308031E-03
+3.112255000E-03,+327.165354661E-03,+2.552724532961E+00,+95.742147210E-03
+3.112260000E-03,+312.448018093E-03,+2.552724532961E+00,+94.704458788E-03
+3.112265000E-03,+298.611648858E-03,+2.552724532961E+00,+95.500313041E-03
+3.112270000E-03,+283.324274704E-03,+2.552724532961E+00,+94.343906038E-03
+3.112275000E-03,+267.881435699E-03,+2.552724532961E+00,+94.990262792E-03
+3.112280000E-03,+253.578672033E-03,+2.552724532961E+00,+94.124056797E-03
+3.112285000E-03,+238.550405862E-03,+2.552724532961E+00,+94.418654757E-03
+3.112290000E-03,+223.470318070E-03,+2.552724532961E+00,+93.895413579E-03
+3.112295000E-03,+208.131122283E-03,+2.552724532961E+00,+93.759107029E-03
+3.112300000E-03,+193.310142532E-03,+2.552724532961E+00,+93.482097003E-03
+3.112305000E-03,+178.592805992E-03,+2.552724532961E+00,+93.086368351E-03
+3.112310000E-03,+162.890858920E-03,+2.552724532961E+00,+92.950061827E-03
+3.112315000E-03,+147.188911863E-03,+2.552724532961E+00,+92.479584440E-03
+3.112320000E-03,+131.279678409E-03,+2.552724532961E+00,+92.369659817E-03
+3.112325000E-03,+116.199590573E-03,+2.552724532961E+00,+91.907976404E-03
+3.112330000E-03,+101.378610843E-03,+2.552724532961E+00,+91.521041736E-03
+3.112335000E-03,+85.987593358E-03,+2.552724532961E+00,+91.349559327E-03
+3.112340000E-03,+70.233824752E-03,+2.552724532961E+00,+90.615262855E-03
+3.112345000E-03,+54.583699295E-03,+2.552724532961E+00,+90.602071893E-03
+3.112350000E-03,+40.540043652E-03,+2.552724532961E+00,+89.836996534E-03
+3.112355000E-03,+25.719063890E-03,+2.552724532961E+00,+89.749056822E-03
+3.112360000E-03,+9.809830392E-03,+2.552724532961E+00,+88.900438762E-03
+3.112365000E-03,-5.943938240E-03,+2.552724532961E+00,+88.746544269E-03
+3.112370000E-03,-20.039415476E-03,+2.552724532961E+00,+88.060614653E-03
+3.112375000E-03,-35.067681701E-03,+2.552724532961E+00,+87.629710112E-03
+3.112380000E-03,-49.992304664E-03,+2.552724532961E+00,+87.181217675E-03
+3.112385000E-03,-64.398711549E-03,+2.552724532961E+00,+86.411745305E-03
+3.112390000E-03,-80.567053007E-03,+2.552724532961E+00,+86.200690050E-03
+3.112395000E-03,-95.958070430E-03,+2.552724532961E+00,+85.268529237E-03
+3.112400000E-03,-111.815482357E-03,+2.552724532961E+00,+85.035489053E-03
+3.112405000E-03,-127.258321406E-03,+2.552724532961E+00,+84.217649850E-03
+3.112410000E-03,-143.012090008E-03,+2.552724532961E+00,+83.720790569E-03
+3.112415000E-03,-158.092177852E-03,+2.552724532961E+00,+83.004082026E-03
+3.112420000E-03,-172.705871170E-03,+2.552724532961E+00,+82.212624760E-03
+3.112425000E-03,-189.133320706E-03,+2.552724532961E+00,+81.878453899E-03
+3.112430000E-03,-203.643370805E-03,+2.552724532961E+00,+80.730840861E-03
+3.112435000E-03,-218.101599327E-03,+2.552724532961E+00,+80.603328278E-03
+3.112440000E-03,-234.736335281E-03,+2.552724532961E+00,+79.297423796E-03
+3.112445000E-03,-249.090920628E-03,+2.552724532961E+00,+79.213881055E-03
+3.112450000E-03,-265.051975675E-03,+2.552724532961E+00,+77.864006728E-03
+3.112455000E-03,-279.251096085E-03,+2.552724532961E+00,+77.696921265E-03
+3.112460000E-03,-294.745756834E-03,+2.552724532961E+00,+76.452574591E-03
+3.112465000E-03,-310.084952634E-03,+2.552724532961E+00,+75.898554458E-03
+3.112470000E-03,-324.595002723E-03,+2.552724532961E+00,+75.045539425E-03
+3.112475000E-03,-339.778733672E-03,+2.552724532961E+00,+74.223303218E-03
+3.112480000E-03,-354.288783738E-03,+2.552724532961E+00,+73.515388686E-03
+3.112485000E-03,-369.109763526E-03,+2.552724532961E+00,+72.521670073E-03
+3.112490000E-03,-383.723456830E-03,+2.552724532961E+00,+71.840137440E-03
+3.112495000E-03,-397.663469265E-03,+2.552724532961E+00,+70.776067082E-03
+3.112500000E-03,-413.313594678E-03,+2.552724532961E+00,+69.958227909E-03
+3.112505000E-03,-428.290039285E-03,+2.552724532961E+00,+69.092021878E-03
+3.112510000E-03,-443.473770263E-03,+2.552724532961E+00,+68.085112348E-03
+3.112515000E-03,-457.724712288E-03,+2.552724532961E+00,+67.469534459E-03
+3.112520000E-03,-471.353795172E-03,+2.552724532961E+00,+66.031720409E-03
+3.112525000E-03,-484.982877874E-03,+2.552724532961E+00,+65.649182716E-03
+3.112530000E-03,-499.959322426E-03,+2.552724532961E+00,+64.101444051E-03
+3.112535000E-03,-513.847513254E-03,+2.552724532961E+00,+63.776067159E-03
+3.112540000E-03,-528.253920034E-03,+2.552724532961E+00,+62.144785785E-03
+3.112545000E-03,-541.572073199E-03,+2.552724532961E+00,+61.779836019E-03
+3.112550000E-03,-554.475653518E-03,+2.552724532961E+00,+60.293655160E-03
+3.112555000E-03,-568.260201064E-03,+2.552724532961E+00,+59.704459156E-03
+3.112560000E-03,-582.252035119E-03,+2.552724532961E+00,+58.394157689E-03
+3.112565000E-03,-594.585577760E-03,+2.552724532961E+00,+57.501569738E-03
+3.112570000E-03,-608.836519781E-03,+2.552724532961E+00,+56.459484344E-03
+3.112575000E-03,-622.569245768E-03,+2.552724532961E+00,+55.382223026E-03
+3.112580000E-03,-635.680112417E-03,+2.552724532961E+00,+54.340137629E-03
+3.112585000E-03,-648.220941466E-03,+2.552724532961E+00,+53.258479333E-03
+3.112590000E-03,-661.331808141E-03,+2.552724532961E+00,+52.181218057E-03
+3.112595000E-03,-672.991669870E-03,+2.552724532961E+00,+51.178705483E-03
+3.112600000E-03,-686.517109390E-03,+2.552724532961E+00,+49.987122603E-03
+3.112605000E-03,-699.006116756E-03,+2.552724532961E+00,+49.098931639E-03
+3.112610000E-03,-710.925086560E-03,+2.552724532961E+00,+47.762248251E-03
+3.112615000E-03,-723.517737202E-03,+2.552724532961E+00,+46.812499503E-03
+3.112620000E-03,-736.265852537E-03,+2.552724532961E+00,+45.497801037E-03
+3.112625000E-03,-748.495751979E-03,+2.552724532961E+00,+44.556846253E-03
+3.112630000E-03,-760.466543301E-03,+2.552724532961E+00,+43.193780969E-03
+3.112635000E-03,-771.089972820E-03,+2.552724532961E+00,+42.002198047E-03
+3.112640000E-03,-782.438904886E-03,+2.552724532961E+00,+40.960112649E-03
+3.112645000E-03,-795.238841900E-03,+2.552724532961E+00,+39.592650332E-03
+3.112650000E-03,-806.795060313E-03,+2.552724532961E+00,+38.722047344E-03
+3.112655000E-03,-816.537522614E-03,+2.552724532961E+00,+37.147926748E-03
+3.112660000E-03,-827.679168205E-03,+2.552724532961E+00,+36.426821234E-03
+3.112665000E-03,-838.406240943E-03,+2.552724532961E+00,+34.654836326E-03
+3.112670000E-03,-849.444243329E-03,+2.552724532961E+00,+33.876569998E-03
+3.112675000E-03,-861.777785865E-03,+2.552724532961E+00,+32.249685599E-03
+3.112680000E-03,-870.483815972E-03,+2.552724532961E+00,+31.379082592E-03
+3.112685000E-03,-881.107245525E-03,+2.552724532961E+00,+29.906092663E-03
+3.112690000E-03,-892.041604678E-03,+2.552724532961E+00,+28.727700709E-03
+3.112695000E-03,-902.509569405E-03,+2.552724532961E+00,+27.571293694E-03
+3.112700000E-03,-911.785637195E-03,+2.552724532961E+00,+26.093906766E-03
+3.112705000E-03,-922.149958619E-03,+2.552724532961E+00,+25.122173118E-03
+3.112710000E-03,-931.218739967E-03,+2.552724532961E+00,+23.363379163E-03
+3.112715000E-03,-941.479418230E-03,+2.552724532961E+00,+22.725816355E-03
+3.112720000E-03,-950.755485997E-03,+2.552724532961E+00,+20.804333969E-03
+3.112725000E-03,-960.653412973E-03,+2.552724532961E+00,+20.078831453E-03
+3.112730000E-03,-969.411264680E-03,+2.552724532961E+00,+18.355213386E-03
+3.112735000E-03,-978.220937941E-03,+2.552724532961E+00,+17.524183237E-03
+3.112740000E-03,-985.631427830E-03,+2.552724532961E+00,+15.809359144E-03
+3.112745000E-03,-994.648387540E-03,+2.552724532961E+00,+14.903580253E-03
+3.112750000E-03,-1.003976276880E+00,+2.552724532961E+00,+13.241519976E-03
+3.112755000E-03,-1.012371377288E+00,+2.552724532961E+00,+12.234610433E-03
+3.112760000E-03,-1.019781867201E+00,+2.552724532961E+00,+10.647298900E-03
+3.112765000E-03,-1.027917859576E+00,+2.552724532961E+00,+9.671168249E-03
+3.112770000E-03,-1.036416603146E+00,+2.552724532961E+00,+8.079459726E-03
+3.112775000E-03,-1.042790660886E+00,+2.552724532961E+00,+7.081344162E-03
+3.112780000E-03,-1.051444869355E+00,+2.552724532961E+00,+5.436871814E-03
+3.112785000E-03,-1.057404354169E+00,+2.552724532961E+00,+4.601444683E-03
+3.112790000E-03,-1.064711200859E+00,+2.552724532961E+00,+2.710741194E-03
+3.112795000E-03,-1.071810761093E+00,+2.552724532961E+00,+1.932474862E-03
+3.112800000E-03,-1.078132997237E+00,+2.552724532961E+00,+129.711073E-06
+3.112805000E-03,-1.084662519772E+00,+2.552724532961E+00,-784.861789E-06
+3.112810000E-03,-1.091088399108E+00,+2.552724532961E+00,-2.367776333E-03
+3.112815000E-03,-1.095493235740E+00,+2.552724532961E+00,-3.475816541E-03
+3.112820000E-03,-1.102540974327E+00,+2.552724532961E+00,-4.772927063E-03
+3.112825000E-03,-1.107671313538E+00,+2.552724532961E+00,-6.210741126E-03
+3.112830000E-03,-1.113216225496E+00,+2.552724532961E+00,-7.173680815E-03
+3.112835000E-03,-1.119538461609E+00,+2.552724532961E+00,-9.042399387E-03
+3.112840000E-03,-1.123580546997E+00,+2.552724532961E+00,-9.772298878E-03
+3.112845000E-03,-1.128866350988E+00,+2.552724532961E+00,-11.702575233E-03
+3.112850000E-03,-1.133063901213E+00,+2.552724532961E+00,-12.414886794E-03
+3.112855000E-03,-1.138505169976E+00,+2.331304950382E+00,-14.353957113E-03
+3.112860000E-03,-1.142029039277E+00,+55.158619122E-03,-15.097047574E-03
+3.112865000E-03,-1.146382054267E+00,-172.934985538E-03,-16.763504815E-03
+3.112870000E-03,-1.149594993978E+00,-129.671797277E-03,-18.091394272E-03
+3.112875000E-03,-1.153999830579E+00,+211.879707257E-03,-18.975188216E-03
+3.112880000E-03,-1.157627343052E+00,-44.244657683E-03,-20.804333941E-03
+3.112885000E-03,-1.160632996360E+00,-71.176193066E-03,-21.397926885E-03
+3.112890000E-03,-1.163949579204E+00,-103.446920713E-03,-23.662374113E-03
+3.112895000E-03,-1.167421626941E+00,-30.347048408E-03,-24.036117811E-03
+3.112900000E-03,-1.169753599309E+00,-44.244659791E-03,-26.256595179E-03
+3.112905000E-03,-1.173070182121E+00,-50.761620219E-03,-26.643529850E-03
+3.112910000E-03,-1.175920370619E+00,-60.026695135E-03,-28.784861477E-03
+3.112915000E-03,-1.177889591688E+00,-54.923052330E-03,-29.316896662E-03
+3.112920000E-03,-1.179755169565E+00,-50.683102395E-03,-31.066896630E-03
+3.112925000E-03,-1.180947066533E+00,-52.410489489E-03,-32.130966984E-03
+3.112930000E-03,-1.183486325324E+00,-52.096419052E-03,-33.546796095E-03
+3.112935000E-03,-1.185040973536E+00,-50.133479369E-03,-34.826318719E-03
+3.112940000E-03,-1.186647443345E+00,-50.211996944E-03,-35.921167932E-03
+3.112945000E-03,-1.187994805128E+00,-47.463881449E-03,-37.433730750E-03
+3.112950000E-03,-1.188513021191E+00,-49.034233221E-03,-38.211997062E-03
+3.112955000E-03,-1.189083058885E+00,-49.034233066E-03,-39.847675443E-03
+3.112960000E-03,-1.189393988549E+00,-51.782348704E-03,-40.828203063E-03
+3.112965000E-03,-1.189601274999E+00,-49.348303492E-03,-42.336368878E-03
+3.112970000E-03,-1.188720307676E+00,-49.819409074E-03,-43.400439219E-03
+3.112975000E-03,-1.189238523782E+00,-48.720162753E-03,-44.556846237E-03
+3.112980000E-03,-1.189134880496E+00,-50.054961859E-03,-45.845162810E-03
+3.112985000E-03,-1.188150269997E+00,-49.662373816E-03,-46.926821092E-03
+3.112990000E-03,-1.187269302714E+00,-46.992775968E-03,-48.338253233E-03
+3.112995000E-03,-1.186595621777E+00,-45.657976928E-03,-49.288001974E-03
+3.113000000E-03,-1.185092795188E+00,-47.699434198E-03,-50.659861249E-03
+3.113005000E-03,-1.183227217318E+00,-49.426820995E-03,-51.578831101E-03
+3.113010000E-03,-1.181361639417E+00,-47.699434102E-03,-52.990263223E-03
+3.113015000E-03,-1.180428850466E+00,-48.406092482E-03,-53.988378813E-03
+3.113020000E-03,-1.178148699761E+00,-48.563127591E-03,-55.144785819E-03
+3.113025000E-03,-1.175143046531E+00,-48.563127566E-03,-56.375941601E-03
+3.113030000E-03,-1.173640219922E+00,-46.521670422E-03,-57.286117451E-03
+3.113035000E-03,-1.170997317956E+00,-48.013504505E-03,-58.570037054E-03
+3.113040000E-03,-1.168613523960E+00,-46.364635248E-03,-59.524182766E-03
+3.113045000E-03,-1.164778725062E+00,-46.757223099E-03,-60.764132500E-03
+3.113050000E-03,-1.162239466267E+00,-46.914258285E-03,-61.766645057E-03
+3.113055000E-03,-1.158871061792E+00,-47.934986948E-03,-62.826318407E-03
+3.113060000E-03,-1.155502657282E+00,-44.951318590E-03,-64.039886239E-03
+3.113065000E-03,-1.152445182496E+00,-47.228328640E-03,-64.862122411E-03
+3.113070000E-03,-1.149284064380E+00,-46.443152702E-03,-66.269157573E-03
+3.113075000E-03,-1.144153725263E+00,-46.678705439E-03,-66.792398772E-03
+3.113080000E-03,-1.139956175100E+00,-47.777951701E-03,-68.322549507E-03
+3.113085000E-03,-1.135447695193E+00,-45.108353800E-03,-68.788629909E-03
+3.113090000E-03,-1.130887393759E+00,-46.757223117E-03,-70.336368575E-03
+3.113095000E-03,-1.125964341076E+00,-44.009107611E-03,-70.789258031E-03
+3.113100000E-03,-1.120626715501E+00,-45.186871418E-03,-72.121544439E-03
+3.113105000E-03,-1.115755484373E+00,-44.872800978E-03,-72.803077106E-03
+3.113110000E-03,-1.109899642727E+00,-45.893529708E-03,-73.990263006E-03
+3.113115000E-03,-1.105132054855E+00,-44.401695498E-03,-74.838881100E-03
+3.113120000E-03,-1.098550710732E+00,-45.893529677E-03,-75.674308218E-03
+3.113125000E-03,-1.092798512241E+00,-45.265388981E-03,-76.821921279E-03
+3.113130000E-03,-1.087668173136E+00,-45.972047277E-03,-77.437499160E-03
+3.113135000E-03,-1.081708688239E+00,-44.558730654E-03,-78.611494123E-03
+3.113140000E-03,-1.073779982367E+00,-43.538002168E-03,-79.161117236E-03
+3.113145000E-03,-1.069064216037E+00,-44.558730660E-03,-80.387876013E-03
+3.113150000E-03,-1.061498261369E+00,-43.459484484E-03,-81.034232794E-03
+3.113155000E-03,-1.055124203644E+00,-44.087625254E-03,-81.948805645E-03
+3.113160000E-03,-1.047558248983E+00,-45.186871430E-03,-82.823805637E-03
+3.113165000E-03,-1.041080548024E+00,-44.480213055E-03,-83.478956387E-03
+3.113170000E-03,-1.032219053152E+00,-45.343906592E-03,-84.494659886E-03
+3.113175000E-03,-1.025119492918E+00,-43.538001967E-03,-85.013504107E-03
+3.113180000E-03,-1.016517106084E+00,-43.695037294E-03,-86.090765400E-03
+3.113185000E-03,-1.008070184157E+00,-43.930589890E-03,-86.530463894E-03
+3.113190000E-03,-999.053224386E-03,-43.616519658E-03,-87.620916133E-03
+3.113195000E-03,-991.539091280E-03,-43.145414098E-03,-88.007850816E-03
+3.113200000E-03,-982.625774785E-03,-44.715765810E-03,-88.992775413E-03
+3.113205000E-03,-974.075209558E-03,-42.674308687E-03,-89.502825673E-03
+3.113210000E-03,-964.643677024E-03,-43.773554857E-03,-90.303076906E-03
+3.113215000E-03,-956.300398158E-03,-43.066896518E-03,-90.865890984E-03
+3.113220000E-03,-945.469682267E-03,-43.852072419E-03,-91.591393481E-03
+3.113225000E-03,-936.141792891E-03,-42.046167891E-03,-92.066267854E-03
+3.113230000E-03,-926.813903528E-03,-43.852072376E-03,-92.822549243E-03
+3.113235000E-03,-916.345938869E-03,-43.380966835E-03,-93.262247737E-03
+3.113240000E-03,-905.515222896E-03,-44.323177948E-03,-93.970162308E-03
+3.113245000E-03,-895.669117466E-03,-42.360238283E-03,-94.401066819E-03
+3.113250000E-03,-884.682936691E-03,-42.281720715E-03,-95.284860780E-03
+3.113255000E-03,-874.733188001E-03,-42.281720659E-03,-95.372800481E-03
+3.113260000E-03,-865.249833840E-03,-43.930590031E-03,-96.357725089E-03
+3.113265000E-03,-854.730047557E-03,-42.752826132E-03,-96.384107005E-03
+3.113270000E-03,-845.091228536E-03,-41.653580005E-03,-97.329458745E-03
+3.113275000E-03,-833.483188509E-03,-42.438755802E-03,-97.527323076E-03
+3.113280000E-03,-822.600650871E-03,-43.538002052E-03,-98.151694918E-03
+3.113285000E-03,-810.370751595E-03,-43.616519590E-03,-98.494659754E-03
+3.113290000E-03,-799.695500375E-03,-43.616519602E-03,-98.925564256E-03
+3.113295000E-03,-787.517422645E-03,-42.281720634E-03,-99.519157221E-03
+3.113300000E-03,-775.391166481E-03,-42.360238246E-03,-99.629081841E-03
+3.113305000E-03,-763.834948012E-03,-42.595791032E-03,-100.402951180E-03
+3.113310000E-03,-751.397762208E-03,-42.674308619E-03,-100.328202441E-03
+3.113315000E-03,-738.960576448E-03,-41.339509676E-03,-101.141644641E-03
+3.113320000E-03,-726.937963471E-03,-42.360238308E-03,-100.961368267E-03
+3.113325000E-03,-715.640853117E-03,-42.752826182E-03,-101.757222523E-03
+3.113330000E-03,-702.685451184E-03,-42.124685472E-03,-101.669282833E-03
+3.113335000E-03,-690.611016640E-03,-42.281720553E-03,-102.350815476E-03
+3.113340000E-03,-677.189220318E-03,-42.438755864E-03,-102.236493879E-03
+3.113345000E-03,-665.373893824E-03,-41.732097518E-03,-102.684986330E-03
+3.113350000E-03,-652.314848734E-03,-42.281720728E-03,-102.777323015E-03
+3.113355000E-03,-637.338404154E-03,-41.418027182E-03,-103.208227533E-03
+3.113360000E-03,-624.953039998E-03,-42.124685478E-03,-103.129081809E-03
+3.113365000E-03,-611.479422036E-03,-41.182474440E-03,-103.546795369E-03
+3.113370000E-03,-598.264912143E-03,-42.517273401E-03,-103.476443612E-03
+3.113375000E-03,-583.858505354E-03,-40.397298487E-03,-103.933730037E-03
+3.113380000E-03,-571.421319437E-03,-41.732097662E-03,-103.709483808E-03
+3.113385000E-03,-557.481307040E-03,-41.810615124E-03,-104.175564208E-03
+3.113390000E-03,-544.525905165E-03,-42.124685491E-03,-103.907348127E-03
+3.113395000E-03,-530.948643979E-03,-41.418027151E-03,-104.413001391E-03
+3.113400000E-03,-517.734134108E-03,-41.339509589E-03,-104.012875766E-03
+3.113405000E-03,-502.705867946E-03,-40.868404079E-03,-104.478956164E-03
+3.113410000E-03,-488.869498751E-03,-40.789886548E-03,-104.122800394E-03
+3.113415000E-03,-473.323016577E-03,-40.946921584E-03,-104.483353147E-03
+3.113420000E-03,-459.693933750E-03,-41.732097530E-03,-104.179961202E-03
+3.113425000E-03,-445.339348472E-03,-41.496544706E-03,-104.355840588E-03
+3.113430000E-03,-430.259260678E-03,-41.103956928E-03,-104.281091850E-03
+3.113435000E-03,-415.541924148E-03,-40.711368923E-03,-104.114006420E-03
+3.113440000E-03,-400.980052478E-03,-40.240263407E-03,-104.144785320E-03
+3.113445000E-03,-386.418180779E-03,-41.025439259E-03,-103.933730051E-03
+3.113450000E-03,-371.078984917E-03,-42.203203002E-03,-104.092021495E-03
+3.113455000E-03,-356.620756458E-03,-41.260992020E-03,-103.775438593E-03
+3.113460000E-03,-342.577100813E-03,-43.302449304E-03,-103.700689837E-03
+3.113465000E-03,-325.631435162E-03,-41.418027157E-03,-103.529207448E-03
+3.113470000E-03,-310.914098682E-03,-41.182474471E-03,-103.239006423E-03
+3.113475000E-03,-295.523081234E-03,-41.575062331E-03,-103.326946139E-03
+3.113480000E-03,-280.753923101E-03,-41.810615117E-03,-102.825689844E-03
+3.113485000E-03,-265.881121706E-03,-40.711368885E-03,-102.948805446E-03
+3.113490000E-03,-250.645569152E-03,-42.046167930E-03,-102.328830559E-03
+3.113495000E-03,-235.565481366E-03,-41.182474491E-03,-102.491519015E-03
+3.113500000E-03,-219.811712753E-03,-41.496544820E-03,-101.823177301E-03
+3.113505000E-03,-204.576160132E-03,-41.653579899E-03,-101.766016509E-03
+3.113510000E-03,-189.599715501E-03,-40.397298652E-03,-101.291142130E-03
+3.113515000E-03,-173.949590133E-03,-40.161745775E-03,-101.110865753E-03
+3.113520000E-03,-159.232253536E-03,-43.538001970E-03,-100.763503946E-03
+3.113525000E-03,-143.996700952E-03,-39.847675459E-03,-100.271041650E-03
+3.113530000E-03,-128.657505141E-03,-42.046167943E-03,-100.130338120E-03
+3.113535000E-03,-112.489163555E-03,-41.575062318E-03,-99.523554223E-03
+3.113540000E-03,-97.875470274E-03,-42.360238240E-03,-99.343277831E-03
+3.113545000E-03,-82.328988037E-03,-41.182474395E-03,-98.639760273E-03
+3.113550000E-03,-67.818937916E-03,-41.653579982E-03,-98.472674816E-03
+3.113555000E-03,-52.376098949E-03,-40.789886511E-03,-97.821921087E-03
+3.113560000E-03,-37.503297533E-03,-41.103956910E-03,-97.426192417E-03
+3.113565000E-03,-22.526853017E-03,-41.182474414E-03,-96.942524109E-03
+3.113570000E-03,-6.617619510E-03,-40.789886517E-03,-96.322549214E-03
+3.113575000E-03,+8.928862756E-03,-41.575062388E-03,-96.049936168E-03
+3.113580000E-03,+24.889917862E-03,-41.339509627E-03,-95.210112049E-03
+3.113585000E-03,+40.384578483E-03,-40.789886504E-03,-94.941895972E-03
+3.113590000E-03,+55.879239091E-03,-40.946921678E-03,-94.176820607E-03
+3.113595000E-03,+71.736651007E-03,-40.632851298E-03,-93.798679901E-03
+3.113600000E-03,+86.350344322E-03,-40.946921743E-03,-93.002825658E-03
+3.113605000E-03,+102.000469782E-03,-42.281720620E-03,-92.387247755E-03
+3.113610000E-03,+116.510519886E-03,-40.946921653E-03,-91.925564355E-03
+3.113615000E-03,+132.730683038E-03,-40.868404046E-03,-91.147298017E-03
+3.113620000E-03,+147.188911513E-03,-42.360238207E-03,-90.777951300E-03
+3.113625000E-03,+162.476285725E-03,-40.632851272E-03,-89.678705078E-03
+3.113630000E-03,+178.230054380E-03,-40.632851349E-03,-89.489634732E-03
+3.113635000E-03,+193.828358211E-03,-42.203203033E-03,-88.372800577E-03
+3.113640000E-03,+208.908446002E-03,-42.046167891E-03,-88.021041782E-03
+3.113645000E-03,+224.092177025E-03,-40.475816201E-03,-87.022926217E-03
+3.113650000E-03,+240.260518560E-03,-41.260992007E-03,-86.526066919E-03
+3.113655000E-03,+254.407817365E-03,-42.360238117E-03,-85.620288037E-03
+3.113660000E-03,+269.176975575E-03,-41.889132685E-03,-84.899182518E-03
+3.113665000E-03,+285.138030642E-03,-40.318780988E-03,-84.059358409E-03
+3.113670000E-03,+300.736334534E-03,-41.575062375E-03,-83.245916210E-03
+3.113675000E-03,+315.401849345E-03,-39.847675420E-03,-82.392901135E-03
+3.113680000E-03,+329.341861818E-03,-42.124685544E-03,-81.658604672E-03
+3.113685000E-03,+343.955555159E-03,-40.868404052E-03,-80.726443857E-03
+3.113690000E-03,+357.791924422E-03,-41.810615039E-03,-80.088881070E-03
+3.113695000E-03,+372.820190493E-03,-40.711368898E-03,-78.822549406E-03
+3.113700000E-03,+387.796635057E-03,-40.946921679E-03,-78.435614759E-03
+3.113705000E-03,+401.943933943E-03,-40.554333737E-03,-76.883479083E-03
+3.113710000E-03,+417.697702575E-03,-40.711368858E-03,-76.861494164E-03
+3.113715000E-03,+431.119498914E-03,-40.632851395E-03,-74.948805745E-03
+3.113720000E-03,+444.852224936E-03,-40.318780956E-03,-74.940011769E-03
+3.113725000E-03,+459.206810110E-03,-42.517273460E-03,-73.075690193E-03
+3.113730000E-03,+472.991357770E-03,-42.438755775E-03,-73.005338422E-03
+3.113735000E-03,+488.071445626E-03,-42.517273362E-03,-71.391644982E-03
+3.113740000E-03,+501.337777125E-03,-41.182474401E-03,-70.934358541E-03
+3.113745000E-03,+513.826784546E-03,-42.517273335E-03,-69.606469130E-03
+3.113750000E-03,+528.751407394E-03,-42.909861349E-03,-68.793026904E-03
+3.113755000E-03,+541.188593259E-03,-40.554333802E-03,-67.794911356E-03
+3.113760000E-03,+555.335892128E-03,-42.988378976E-03,-66.625313367E-03
+3.113765000E-03,+569.224082830E-03,-42.124685406E-03,-65.913001820E-03
+3.113770000E-03,+582.904987310E-03,-41.103956912E-03,-64.545539519E-03
+3.113775000E-03,+595.601281183E-03,-41.025439213E-03,-63.696921438E-03
+3.113780000E-03,+608.297574978E-03,-42.517273302E-03,-62.417398848E-03
+3.113785000E-03,+621.978479350E-03,-41.103956826E-03,-61.551192815E-03
+3.113790000E-03,+634.622951537E-03,-41.810615110E-03,-60.394785805E-03
+3.113795000E-03,+647.889283083E-03,-41.025439266E-03,-59.207599873E-03
+3.113800000E-03,+659.497323156E-03,-42.595790975E-03,-58.310614977E-03
+3.113805000E-03,+671.830865750E-03,-42.046167878E-03,-56.934358701E-03
+3.113810000E-03,+684.371694666E-03,-41.889132730E-03,-56.213253186E-03
+3.113815000E-03,+696.860702183E-03,-39.690640311E-03,-54.661117514E-03
+3.113820000E-03,+708.986958269E-03,-42.046167991E-03,-54.019157728E-03
+3.113825000E-03,+720.232247128E-03,-41.653579877E-03,-52.357097443E-03
+3.113830000E-03,+731.943930385E-03,-41.339509568E-03,-51.539258258E-03
+3.113835000E-03,+745.262083495E-03,-41.575062329E-03,-50.092650235E-03
+3.113840000E-03,+756.662837146E-03,-43.616519666E-03,-49.138504513E-03
+3.113845000E-03,+768.478163740E-03,-40.632851317E-03,-47.718278396E-03
+3.113850000E-03,+779.671630909E-03,-40.946921645E-03,-46.680589972E-03
+3.113855000E-03,+791.227849360E-03,-41.732097530E-03,-45.436243240E-03
+3.113860000E-03,+801.643992530E-03,-43.223931738E-03,-44.372172912E-03
+3.113865000E-03,+812.681994903E-03,-43.459484433E-03,-43.083856327E-03
+3.113870000E-03,+823.046316426E-03,-42.831343822E-03,-41.918655359E-03
+3.113875000E-03,+833.514281151E-03,-42.595790861E-03,-40.511620169E-03
+3.113880000E-03,+843.723137751E-03,-43.066896510E-03,-39.531092567E-03
+3.113885000E-03,+854.968426606E-03,-42.595790948E-03,-37.798680515E-03
+3.113890000E-03,+864.814532002E-03,-40.711368904E-03,-37.081971990E-03
+3.113895000E-03,+874.556994231E-03,-42.988378903E-03,-35.283605158E-03
+3.113900000E-03,+885.646818277E-03,-41.889132711E-03,-34.588881563E-03
+3.113905000E-03,+894.922885999E-03,-42.595791061E-03,-32.803705688E-03
+3.113910000E-03,+904.406240125E-03,-44.166142723E-03,-31.981469527E-03
+3.113915000E-03,+914.200523966E-03,-40.711368904E-03,-30.367776066E-03
+3.113920000E-03,+923.528413317E-03,-44.087625176E-03,-29.316896689E-03
+3.113925000E-03,+931.560762530E-03,-42.124685472E-03,-27.993404242E-03
+3.113930000E-03,+940.629543756E-03,-43.302449258E-03,-26.639132905E-03
+3.113935000E-03,+949.542860332E-03,-42.595790961E-03,-25.469534920E-03
+3.113940000E-03,+957.834317477E-03,-43.380966859E-03,-23.860238459E-03
+3.113945000E-03,+964.674769704E-03,-41.653580030E-03,-22.844534943E-03
+3.113950000E-03,+973.795372564E-03,-40.554333817E-03,-21.191268634E-03
+3.113955000E-03,+980.480360005E-03,-41.889132744E-03,-20.294283711E-03
+3.113960000E-03,+989.704606106E-03,-42.360238246E-03,-18.592650577E-03
+3.113965000E-03,+997.944241630E-03,-41.732097496E-03,-17.616519920E-03
+3.113970000E-03,+1.004888337082E+00,-43.223931745E-03,-16.068781257E-03
+3.113975000E-03,+1.011728789305E+00,-41.653579929E-03,-14.885992322E-03
+3.113980000E-03,+1.019242922333E+00,-42.124685579E-03,-13.448178267E-03
+3.113985000E-03,+1.025616980067E+00,-43.459484331E-03,-12.260992349E-03
+3.113990000E-03,+1.032716540319E+00,-43.145414158E-03,-10.880339101E-03
+3.113995000E-03,+1.039556992489E+00,-42.831343628E-03,-9.662374286E-03
+3.114000000E-03,+1.046241979908E+00,-42.360238233E-03,-8.268530080E-03
+3.114005000E-03,+1.052771502362E+00,-43.459484398E-03,-7.024183360E-03
+3.114010000E-03,+1.058212771219E+00,-41.810615144E-03,-5.656721068E-03
+3.114015000E-03,+1.064483185685E+00,-42.281720578E-03,-4.394786402E-03
+3.114020000E-03,+1.070339027339E+00,-41.418027161E-03,-3.106469832E-03
+3.114025000E-03,+1.075676653004E+00,-42.203203066E-03,-1.870917074E-03
+3.114030000E-03,+1.082361640303E+00,-42.438755888E-03,-547.424632E-06
+3.114035000E-03,+1.086870120163E+00,-40.868404105E-03,+815.640678E-06
+3.114040000E-03,+1.093244177910E+00,-40.397298718E-03,+2.051193419E-03
+3.114045000E-03,+1.098581803432E+00,+409.586969977E-03,+3.612123063E-03
+3.114050000E-03,+1.101898386342E+00,+2.538591361601E+00,+4.619032593E-03
+3.114055000E-03,+1.106562330994E+00,+2.552724532961E+00,+6.223932081E-03
+3.114060000E-03,+1.110552594801E+00,+2.552724532961E+00,+7.248429546E-03
+3.114065000E-03,+1.114439215304E+00,+2.552724532961E+00,+8.730213450E-03
+3.114070000E-03,+1.117133938979E+00,+2.552724532961E+00,+9.710741091E-03
+3.114075000E-03,+1.121176024291E+00,+2.552724532961E+00,+11.254082777E-03
+3.114080000E-03,+1.123974391126E+00,+2.552724532961E+00,+12.498429503E-03
+3.114085000E-03,+1.127809190085E+00,+2.552724532961E+00,+13.843906870E-03
+3.114090000E-03,+1.129726589607E+00,+2.552724532961E+00,+15.141017413E-03
+3.114095000E-03,+1.132576777996E+00,+2.552724532961E+00,+16.235866635E-03
+3.114100000E-03,+1.135945182478E+00,+2.552724532961E+00,+17.858354064E-03
+3.114105000E-03,+1.137396187501E+00,+2.552724532961E+00,+18.777323902E-03
+3.114110000E-03,+1.141127343172E+00,+2.552724532961E+00,+20.505338958E-03
+3.114115000E-03,+1.143044742676E+00,+2.552724532961E+00,+21.296796244E-03
+3.114120000E-03,+1.144703034102E+00,+2.552724532961E+00,+23.152323846E-03
+3.114125000E-03,+1.145998574348E+00,+2.552724532961E+00,+23.939384156E-03
+3.114130000E-03,+1.147656865810E+00,+2.552724532961E+00,+25.649811254E-03
+3.114135000E-03,+1.149159692409E+00,+2.552724532961E+00,+26.555590161E-03
+3.114140000E-03,+1.150455232596E+00,+2.552724532961E+00,+28.059358973E-03
+3.114145000E-03,+1.150403410993E+00,+2.552724532961E+00,+29.114635356E-03
+3.114150000E-03,+1.151750772828E+00,+2.552724532961E+00,+30.363379041E-03
+3.114155000E-03,+1.151388021531E+00,+2.552724532961E+00,+31.642901663E-03
+3.114160000E-03,+1.152113524013E+00,+2.552724532961E+00,+32.830087562E-03
+3.114165000E-03,+1.152787204910E+00,+2.552724532961E+00,+34.232725754E-03
+3.114170000E-03,+1.153046312948E+00,+2.552724532961E+00,+35.248429251E-03
+3.114175000E-03,+1.152683561741E+00,+2.552724532961E+00,+36.620288543E-03
+3.114180000E-03,+1.152061702451E+00,+2.552724532961E+00,+37.825062389E-03
+3.114185000E-03,+1.150558875829E+00,+2.552724532961E+00,+38.924308619E-03
+3.114190000E-03,+1.151025270296E+00,+2.552724532961E+00,+40.168655326E-03
+3.114195000E-03,+1.149522443729E+00,+2.552724532961E+00,+41.276695529E-03
+3.114200000E-03,+1.148226903524E+00,+2.552724532961E+00,+42.551821130E-03
+3.114205000E-03,+1.146464968824E+00,+2.552724532961E+00,+43.558730687E-03
+3.114210000E-03,+1.145324893482E+00,+2.552724532961E+00,+44.860238190E-03
+3.114215000E-03,+1.143355672361E+00,+2.552724532961E+00,+46.078203020E-03
+3.114220000E-03,+1.140142732747E+00,+2.552724532961E+00,+47.049936660E-03
+3.114225000E-03,+1.139469051859E+00,+2.552724532961E+00,+48.369032143E-03
+3.114230000E-03,+1.136929793143E+00,+2.552724532961E+00,+49.129710502E-03
+3.114235000E-03,+1.133094994166E+00,+2.552724532961E+00,+50.677449199E-03
+3.114240000E-03,+1.130348448960E+00,+2.552724532961E+00,+51.240263247E-03
+3.114245000E-03,+1.127135509287E+00,+2.552724532961E+00,+52.972675311E-03
+3.114250000E-03,+1.123663461631E+00,+2.552724532961E+00,+53.293655185E-03
+3.114255000E-03,+1.119414089808E+00,+2.552724532961E+00,+55.184358692E-03
+3.114260000E-03,+1.116356614990E+00,+2.552724532961E+00,+55.417398889E-03
+3.114265000E-03,+1.111951778266E+00,+2.552724532961E+00,+57.136619988E-03
+3.114270000E-03,+1.106769617582E+00,+2.552724532961E+00,+57.536745603E-03
+3.114275000E-03,+1.103245748301E+00,+2.552724532961E+00,+58.987750613E-03
+3.114280000E-03,+1.098737268344E+00,+2.552724532961E+00,+59.735238046E-03
+3.114285000E-03,+1.092777783593E+00,+2.552724532961E+00,+60.904836013E-03
+3.114290000E-03,+1.089202092594E+00,+2.552724532961E+00,+61.850187764E-03
+3.114295000E-03,+1.082931678162E+00,+2.552724532961E+00,+62.672423946E-03
+3.114300000E-03,+1.078112268652E+00,+2.552724532961E+00,+63.855212865E-03
+3.114305000E-03,+1.072049140558E+00,+2.552724532961E+00,+64.673052065E-03
+3.114310000E-03,+1.067696125571E+00,+2.552724532961E+00,+65.904207813E-03
+3.114315000E-03,+1.061062959758E+00,+2.552724532961E+00,+66.563755571E-03
+3.114320000E-03,+1.055725334154E+00,+2.552724532961E+00,+67.658604783E-03
+3.114325000E-03,+1.048107557932E+00,+2.552724532961E+00,+68.511619869E-03
+3.114330000E-03,+1.041992608217E+00,+2.552724532961E+00,+69.399810789E-03
+3.114335000E-03,+1.036706804207E+00,+2.552724532961E+00,+70.367147488E-03
+3.114340000E-03,+1.029140849519E+00,+2.552724532961E+00,+71.097046952E-03
+3.114345000E-03,+1.021885824494E+00,+2.552724532961E+00,+72.130338423E-03
+3.114350000E-03,+1.015459945157E+00,+2.552724532961E+00,+72.798680099E-03
+3.114355000E-03,+1.006702093515E+00,+2.552724532961E+00,+73.792398702E-03
+3.114360000E-03,+999.757998158E-03,+2.552724532961E+00,+74.491519282E-03
+3.114365000E-03,+991.518362554E-03,+2.552724532961E+00,+75.296167535E-03
+3.114370000E-03,+983.693299838E-03,+2.552724532961E+00,+76.175564491E-03
+3.114375000E-03,+976.179166720E-03,+2.552724532961E+00,+76.769157463E-03
+3.114380000E-03,+968.405925635E-03,+2.552724532961E+00,+77.771670003E-03
+3.114385000E-03,+960.580862867E-03,+2.552724532961E+00,+78.211368510E-03
+3.114390000E-03,+951.874832810E-03,+2.552724532961E+00,+79.328202650E-03
+3.114395000E-03,+942.339657084E-03,+2.552724532961E+00,+79.635991608E-03
+3.114400000E-03,+933.944556643E-03,+2.552724532961E+00,+80.717649873E-03
+3.114405000E-03,+925.445813011E-03,+2.552724532961E+00,+81.051820740E-03
+3.114410000E-03,+916.428853346E-03,+2.552724532961E+00,+82.005966434E-03
+3.114415000E-03,+906.530926307E-03,+2.552724532961E+00,+82.397298120E-03
+3.114420000E-03,+897.306680119E-03,+2.552724532961E+00,+83.193152353E-03
+3.114425000E-03,+887.046001916E-03,+2.552724532961E+00,+83.817524232E-03
+3.114430000E-03,+876.629858821E-03,+2.552724532961E+00,+84.270413656E-03
+3.114435000E-03,+866.835575002E-03,+2.552724532961E+00,+85.070664916E-03
+3.114440000E-03,+857.196755977E-03,+2.552724532961E+00,+85.431217669E-03
+3.114445000E-03,+847.039720887E-03,+2.552724532961E+00,+86.249056853E-03
+3.114450000E-03,+836.623577810E-03,+2.552724532961E+00,+86.508478971E-03
+3.114455000E-03,+826.414721168E-03,+2.552724532961E+00,+87.295539261E-03
+3.114460000E-03,+814.806681022E-03,+2.552724532961E+00,+87.656092026E-03
+3.114465000E-03,+803.250462590E-03,+2.552724532961E+00,+88.249684971E-03
+3.114470000E-03,+792.056995457E-03,+2.552724532961E+00,+88.772926183E-03
+3.114475000E-03,+780.397133647E-03,+2.552724532961E+00,+89.032348282E-03
+3.114480000E-03,+770.240098636E-03,+2.552724532961E+00,+89.744659836E-03
+3.114485000E-03,+758.787523443E-03,+2.552724532961E+00,+89.946921139E-03
+3.114490000E-03,+746.764910488E-03,+2.552724532961E+00,+90.637247763E-03
+3.114495000E-03,+735.623264822E-03,+2.552724532961E+00,+90.830715110E-03
+3.114500000E-03,+724.326154423E-03,+2.552724532961E+00,+91.450689963E-03
+3.114505000E-03,+712.925400814E-03,+2.552724532961E+00,+91.644157314E-03
+3.114510000E-03,+700.488214943E-03,+2.552724532961E+00,+92.075061819E-03
+3.114515000E-03,+688.828353235E-03,+2.552724532961E+00,+92.374056807E-03
+3.114520000E-03,+675.354735355E-03,+2.552724532961E+00,+92.651066835E-03
+3.114525000E-03,+663.539408825E-03,+2.552724532961E+00,+93.099559312E-03
+3.114530000E-03,+651.568617472E-03,+2.552724532961E+00,+93.112750251E-03
+3.114535000E-03,+639.235074933E-03,+2.552724532961E+00,+93.710740201E-03
+3.114540000E-03,+624.932311258E-03,+2.552724532961E+00,+93.671167335E-03
+3.114545000E-03,+612.236017481E-03,+2.552724532961E+00,+94.150438692E-03
+3.114550000E-03,+600.161582909E-03,+2.552724532961E+00,+94.185614566E-03
+3.114555000E-03,+586.791608178E-03,+2.552724532961E+00,+94.563755257E-03
+3.114560000E-03,+574.406243956E-03,+2.552724532961E+00,+94.634107024E-03
+3.114565000E-03,+560.466231547E-03,+2.552724532961E+00,+94.796795464E-03
+3.114570000E-03,+547.510829704E-03,+2.552724532961E+00,+95.003453756E-03
+3.114575000E-03,+534.296319814E-03,+2.552724532961E+00,+95.021041689E-03
+3.114580000E-03,+519.371696792E-03,+2.552724532961E+00,+95.425564302E-03
+3.114585000E-03,+504.602538692E-03,+2.552724532961E+00,+95.166142203E-03
+3.114590000E-03,+491.439850424E-03,+2.552724532961E+00,+95.570664802E-03
+3.114595000E-03,+476.774335501E-03,+2.552724532961E+00,+95.293654761E-03
+3.114600000E-03,+463.559825555E-03,+2.552724532961E+00,+95.755338164E-03
+3.114605000E-03,+448.635202732E-03,+2.552724532961E+00,+95.473931144E-03
+3.114610000E-03,+435.161584729E-03,+2.552724532961E+00,+95.733353238E-03
+3.114615000E-03,+421.221572306E-03,+2.552724532961E+00,+95.478328130E-03
+3.114620000E-03,+406.763343785E-03,+2.552724532961E+00,+95.711368316E-03
+3.114625000E-03,+392.719688175E-03,+2.552724532961E+00,+95.443152253E-03
+3.114630000E-03,+376.136773785E-03,+2.552724532961E+00,+95.588252737E-03
+3.114635000E-03,+361.678545230E-03,+2.552724532961E+00,+95.302448740E-03
+3.114640000E-03,+347.479424789E-03,+2.552724532961E+00,+95.526694945E-03
+3.114645000E-03,+332.502980292E-03,+2.552724532961E+00,+95.174936173E-03
+3.114650000E-03,+317.474714117E-03,+2.552724532961E+00,+95.249684905E-03
+3.114655000E-03,+303.482880082E-03,+2.552724532961E+00,+94.928705023E-03
+3.114660000E-03,+289.076473182E-03,+2.552724532961E+00,+94.950689928E-03
+3.114665000E-03,+274.721887913E-03,+2.552724532961E+00,+94.664885935E-03
+3.114670000E-03,+259.589978528E-03,+2.552724532961E+00,+94.497800490E-03
+3.114675000E-03,+244.354425956E-03,+2.552724532961E+00,+94.269157292E-03
+3.114680000E-03,+228.652478902E-03,+2.552724532961E+00,+94.084483910E-03
+3.114685000E-03,+213.572391105E-03,+2.552724532961E+00,+93.926192475E-03
+3.114690000E-03,+199.217805803E-03,+2.552724532961E+00,+93.407348241E-03
+3.114695000E-03,+183.878609945E-03,+2.552724532961E+00,+93.556845741E-03
+3.114700000E-03,+167.606625309E-03,+2.552724532961E+00,+92.840137192E-03
+3.114705000E-03,+152.785645506E-03,+2.552724532961E+00,+92.910488959E-03
+3.114710000E-03,+136.876411965E-03,+2.552724532961E+00,+92.136619620E-03
+3.114715000E-03,+120.811713727E-03,+2.552724532961E+00,+92.281720120E-03
+3.114720000E-03,+104.591550570E-03,+2.552724532961E+00,+91.468277927E-03
+3.114725000E-03,+90.288786784E-03,+2.552724532961E+00,+91.503453796E-03
+3.114730000E-03,+74.638661458E-03,+2.552724532961E+00,+90.791142252E-03
+3.114735000E-03,+60.076789740E-03,+2.552724532961E+00,+90.650438725E-03
+3.114740000E-03,+44.012091362E-03,+2.552724532961E+00,+90.034860856E-03
+3.114745000E-03,+28.569252389E-03,+2.552724532961E+00,+89.709483963E-03
+3.114750000E-03,+13.489164587E-03,+2.552724532961E+00,+89.247800560E-03
+3.114755000E-03,-2.057317625E-03,+2.552724532961E+00,+88.720162373E-03
+3.114760000E-03,-15.738222054E-03,+2.552724532961E+00,+88.302448814E-03
+3.114765000E-03,-31.440169097E-03,+2.552724532961E+00,+87.730840779E-03
+3.114770000E-03,-45.742932729E-03,+2.552724532961E+00,+87.242775454E-03
+3.114775000E-03,-61.755809461E-03,+2.552724532961E+00,+86.706343309E-03
+3.114780000E-03,-76.939540474E-03,+2.552724532961E+00,+86.156720193E-03
+3.114785000E-03,-92.382379412E-03,+2.552724532961E+00,+85.659860904E-03
+3.114790000E-03,-107.773396898E-03,+2.552724532961E+00,+85.035489038E-03
+3.114795000E-03,-123.993560041E-03,+2.552724532961E+00,+84.446293078E-03
+3.114800000E-03,-139.384577546E-03,+2.552724532961E+00,+83.773554381E-03
+3.114805000E-03,-154.620130045E-03,+2.552724532961E+00,+83.188755399E-03
+3.114810000E-03,-170.529363616E-03,+2.552724532961E+00,+82.467649877E-03
+3.114815000E-03,-185.143056960E-03,+2.552724532961E+00,+81.940011696E-03
+3.114820000E-03,-200.119501431E-03,+2.552724532961E+00,+81.205715219E-03
+3.114825000E-03,-214.422265155E-03,+2.552724532961E+00,+80.537373524E-03
+3.114830000E-03,-229.865104181E-03,+2.552724532961E+00,+79.829458947E-03
+3.114835000E-03,-245.463407908E-03,+2.552724532961E+00,+79.077574548E-03
+3.114840000E-03,-260.698960649E-03,+2.552724532961E+00,+78.387247911E-03
+3.114845000E-03,-275.623583590E-03,+2.552724532961E+00,+77.591393662E-03
+3.114850000E-03,-289.459952818E-03,+2.552724532961E+00,+76.940639879E-03
+3.114855000E-03,-304.695505384E-03,+2.552724532961E+00,+76.171167545E-03
+3.114860000E-03,-320.449274084E-03,+2.552724532961E+00,+75.217021807E-03
+3.114865000E-03,-334.700216133E-03,+2.552724532961E+00,+74.671795707E-03
+3.114870000E-03,-349.987590253E-03,+2.552724532961E+00,+73.484609767E-03
+3.114875000E-03,-365.223142931E-03,+2.552724532961E+00,+73.159232903E-03
+3.114880000E-03,-379.007690532E-03,+2.552724532961E+00,+71.796167577E-03
+3.114885000E-03,-394.605994331E-03,+2.552724532961E+00,+71.483981662E-03
+3.114890000E-03,-408.701471533E-03,+2.552724532961E+00,+69.984609814E-03
+3.114895000E-03,-424.662526697E-03,+2.552724532961E+00,+69.654835948E-03
+3.114900000E-03,-438.758003894E-03,+2.552724532961E+00,+68.247800787E-03
+3.114905000E-03,-452.853481208E-03,+2.552724532961E+00,+67.759735464E-03
+3.114910000E-03,-468.037212123E-03,+2.552724532961E+00,+66.493403825E-03
+3.114915000E-03,-482.236332608E-03,+2.552724532961E+00,+65.759107352E-03
+3.114920000E-03,-496.124523404E-03,+2.552724532961E+00,+64.760991783E-03
+3.114925000E-03,-510.323643958E-03,+2.552724532961E+00,+63.683730493E-03
+3.114930000E-03,-523.227224148E-03,+2.552724532961E+00,+62.931846071E-03
+3.114935000E-03,-537.219058233E-03,+2.552724532961E+00,+61.669911416E-03
+3.114940000E-03,-550.278103270E-03,+2.552724532961E+00,+61.093906381E-03
+3.114945000E-03,-564.218115683E-03,+2.552724532961E+00,+59.647298380E-03
+3.114950000E-03,-577.121696001E-03,+2.552724532961E+00,+59.066896363E-03
+3.114955000E-03,-591.528102778E-03,+2.552724532961E+00,+57.642273285E-03
+3.114960000E-03,-604.638969511E-03,+2.552724532961E+00,+56.969534569E-03
+3.114965000E-03,-617.749836240E-03,+2.552724532961E+00,+55.610866262E-03
+3.114970000E-03,-630.964346163E-03,+2.552724532961E+00,+54.836996904E-03
+3.114975000E-03,-643.608818301E-03,+2.552724532961E+00,+53.566268304E-03
+3.114980000E-03,-656.564220261E-03,+2.552724532961E+00,+52.695665266E-03
+3.114985000E-03,-668.742298005E-03,+2.552724532961E+00,+51.429333641E-03
+3.114990000E-03,-681.542234945E-03,+2.552724532961E+00,+50.483981881E-03
+3.114995000E-03,-694.445815283E-03,+2.552724532961E+00,+49.279208028E-03
