x-axis,1,2,3
second,Volt,Volt,Volt
+3.105000000E-03,+715.620124201E-03,-42.360238240E-03,-52.387876323E-03
+3.105005000E-03,+728.471882857E-03,-42.438755827E-03,-51.798680350E-03
+3.105010000E-03,+739.976279719E-03,-42.674308587E-03,-50.026695444E-03
+3.105015000E-03,+751.895249440E-03,-42.124685478E-03,-49.437499471E-03
+3.105020000E-03,+764.176970414E-03,-42.674308588E-03,-47.735866323E-03
+3.105025000E-03,+776.147761743E-03,-41.025439259E-03,-47.041142712E-03
+3.105030000E-03,+787.030299315E-03,-41.182474433E-03,-45.365891474E-03
+3.105035000E-03,+797.861015279E-03,-41.025439260E-03,-44.574434196E-03
+3.105040000E-03,+808.588088029E-03,-41.025439259E-03,-42.951946776E-03
+3.105045000E-03,+819.315160778E-03,-41.732097544E-03,-42.178077438E-03
+3.105050000E-03,+829.057622985E-03,-41.889132718E-03,-40.625941776E-03
+3.105055000E-03,+839.784695735E-03,-41.889132717E-03,-39.588253345E-03
+3.105060000E-03,+849.993552409E-03,-42.360238240E-03,-38.211997078E-03
+3.105065000E-03,+860.824268373E-03,-40.946921673E-03,-37.081971965E-03
+3.105070000E-03,+870.307622544E-03,-43.223931697E-03,-35.740891577E-03
+3.105075000E-03,+881.449268152E-03,-40.632851324E-03,-34.540514706E-03
+3.105080000E-03,+890.880800714E-03,-43.145414110E-03,-33.208228288E-03
+3.105085000E-03,+900.519619707E-03,-42.281720652E-03,-31.999057446E-03
+3.105090000E-03,+909.795687448E-03,-41.653579957E-03,-30.719534847E-03
+3.105095000E-03,+918.605360719E-03,-43.616519632E-03,-29.475188127E-03
+3.105100000E-03,+927.933250067E-03,-41.889132716E-03,-28.041771057E-03
+3.105105000E-03,+937.727533880E-03,-42.046167892E-03,-26.968906746E-03
+3.105110000E-03,+945.345310182E-03,-41.810615129E-03,-25.403580130E-03
+3.105115000E-03,+953.222194520E-03,-42.124685478E-03,-24.330715820E-03
+3.105120000E-03,+962.601905474E-03,-41.496544782E-03,-22.699434431E-03
+3.105125000E-03,+970.064216952E-03,-42.595791001E-03,-21.793655546E-03
+3.105130000E-03,+978.303852542E-03,-42.674308587E-03,-20.048052550E-03
+3.105135000E-03,+986.698952954E-03,-41.025439258E-03,-19.230213362E-03
+3.105140000E-03,+995.560447835E-03,-40.868404086E-03,-17.396670668E-03
+3.105145000E-03,+1.003281867348E+00,-41.575062367E-03,-16.640389269E-03
+3.105150000E-03,+1.008826779351E+00,-41.103956846E-03,-14.798052606E-03
+3.105155000E-03,+1.017273701370E+00,-41.260992021E-03,-14.068153116E-03
+3.105160000E-03,+1.023025899803E+00,-41.025439256E-03,-12.137876755E-03
+3.105165000E-03,+1.030643676101E+00,-42.831343764E-03,-11.465138068E-03
+3.105170000E-03,+1.037069555431E+00,-42.124685476E-03,-9.504082813E-03
+3.105175000E-03,+1.044324580478E+00,-42.281720651E-03,-8.800565233E-03
+3.105180000E-03,+1.050180422123E+00,-41.103956847E-03,-6.887876811E-03
+3.105185000E-03,+1.056191728592E+00,-41.575062371E-03,-6.193153200E-03
+3.105190000E-03,+1.062099391846E+00,-42.203203063E-03,-4.258479854E-03
+3.105195000E-03,+1.068058876706E+00,-42.046167890E-03,-3.669283881E-03
+3.105200000E-03,+1.072722821381E+00,-42.595791002E-03,-1.668655762E-03
+3.105205000E-03,+1.078993235885E+00,-42.831343763E-03,-1.066268833E-03
+3.105210000E-03,+1.084849077532E+00,-42.281720654E-03,+929.962301E-06
+3.105215000E-03,+1.090238524710E+00,-42.988378937E-03,+1.598304003E-03
+3.105220000E-03,+1.096198009571E+00,+146.710111157E-03,+3.576947197E-03
+3.105225000E-03,+1.099151841197E+00,+2.466198151574E+00,+4.271670808E-03
+3.105230000E-03,+1.103712142657E+00,+2.552724532961E+00,+5.946922046E-03
+3.105235000E-03,+1.106458687855E+00,+2.552724532961E+00,+7.107726054E-03
+3.105240000E-03,+1.110708059667E+00,+2.552724532961E+00,+8.431218502E-03
+3.105245000E-03,+1.114646501838E+00,+2.552724532961E+00,+9.701947132E-03
+3.105250000E-03,+1.117289403817E+00,+2.552724532961E+00,+10.950690837E-03
+3.105255000E-03,+1.120968737950E+00,+2.552724532961E+00,+12.507223483E-03
+3.105260000E-03,+1.124129856006E+00,+2.552724532961E+00,+13.553705885E-03
+3.105265000E-03,+1.128171941391E+00,+2.552724532961E+00,+15.009107879E-03
+3.105270000E-03,+1.130089340866E+00,+2.552724532961E+00,+16.077575204E-03
+3.105275000E-03,+1.132576778025E+00,+2.552724532961E+00,+17.546168153E-03
+3.105280000E-03,+1.135064215185E+00,+2.552724532961E+00,+18.781720904E-03
+3.105285000E-03,+1.137033436268E+00,+2.552724532961E+00,+20.100816367E-03
+3.105290000E-03,+1.138691727710E+00,+2.552724532961E+00,+21.397926906E-03
+3.105295000E-03,+1.142267418626E+00,+2.552724532961E+00,+22.664258550E-03
+3.105300000E-03,+1.144547569355E+00,+2.552724532961E+00,+24.009735923E-03
+3.105305000E-03,+1.145013963824E+00,+2.552724532961E+00,+25.161745961E-03
+3.105310000E-03,+1.146516790442E+00,+2.552724532961E+00,+26.595163031E-03
+3.105315000E-03,+1.147138649731E+00,+2.552724532961E+00,+27.641645432E-03
+3.105320000E-03,+1.149056049206E+00,+2.552724532961E+00,+29.114635366E-03
+3.105325000E-03,+1.149107870816E+00,+2.552724532961E+00,+30.257851434E-03
+3.105330000E-03,+1.149937016537E+00,+2.552724532961E+00,+31.607725791E-03
+3.105335000E-03,+1.150921627078E+00,+2.552724532961E+00,+32.676193117E-03
+3.105340000E-03,+1.150714340645E+00,+2.552724532961E+00,+33.999685565E-03
+3.105345000E-03,+1.150455232607E+00,+2.552724532961E+00,+35.059358921E-03
+3.105350000E-03,+1.150196124572E+00,+2.552724532961E+00,+36.360866444E-03
+3.105355000E-03,+1.149885194931E+00,+2.552724532961E+00,+37.521670452E-03
+3.105360000E-03,+1.148900584386E+00,+2.552724532961E+00,+38.796796066E-03
+3.105365000E-03,+1.148330546701E+00,+2.552724532961E+00,+39.966394044E-03
+3.105370000E-03,+1.147553222588E+00,+2.552724532961E+00,+41.201946794E-03
+3.105375000E-03,+1.146102217582E+00,+2.552724532961E+00,+42.331971908E-03
+3.105380000E-03,+1.144910320610E+00,+2.552724532961E+00,+43.453203051E-03
+3.105385000E-03,+1.143096564350E+00,+2.552724532961E+00,+44.728328666E-03
+3.105390000E-03,+1.140609127191E+00,+2.552724532961E+00,+45.779208051E-03
+3.105395000E-03,+1.139106300571E+00,+2.552724532961E+00,+46.869660302E-03
+3.105400000E-03,+1.137240722700E+00,+2.552724532961E+00,+48.048052248E-03
+3.105405000E-03,+1.134079604645E+00,+2.552724532961E+00,+49.112122589E-03
+3.105410000E-03,+1.131177594628E+00,+2.552724532961E+00,+50.316896445E-03
+3.105415000E-03,+1.128016476571E+00,+2.552724532961E+00,+51.279836134E-03
+3.105420000E-03,+1.125114466550E+00,+2.552724532961E+00,+52.475816020E-03
+3.105425000E-03,+1.121797883677E+00,+2.552724532961E+00,+53.416770784E-03
+3.105430000E-03,+1.118844052047E+00,+2.552724532961E+00,+54.683102429E-03
+3.105435000E-03,+1.114542858623E+00,+2.552724532961E+00,+55.509735586E-03
+3.105440000E-03,+1.110189843595E+00,+2.552724532961E+00,+56.740891351E-03
+3.105445000E-03,+1.106510509466E+00,+2.552724532961E+00,+57.510363705E-03
+3.105450000E-03,+1.101431991932E+00,+2.552724532961E+00,+58.807474244E-03
+3.105455000E-03,+1.097545371374E+00,+2.552724532961E+00,+59.590137552E-03
+3.105460000E-03,+1.093244177949E+00,+2.552724532961E+00,+60.764132514E-03
+3.105465000E-03,+1.087595622734E+00,+2.552724532961E+00,+61.630338535E-03
+3.105470000E-03,+1.083657180567E+00,+2.552724532961E+00,+62.738378724E-03
+3.105475000E-03,+1.077386766064E+00,+2.552724532961E+00,+63.529836002E-03
+3.105480000E-03,+1.072981929424E+00,+2.552724532961E+00,+64.651067146E-03
+3.105485000E-03,+1.066037834021E+00,+2.552724532961E+00,+65.508479197E-03
+3.105490000E-03,+1.061166602917E+00,+2.552724532961E+00,+66.528579689E-03
+3.105495000E-03,+1.055362582875E+00,+2.552724532961E+00,+67.421167619E-03
+3.105500000E-03,+1.049040346765E+00,+2.552724532961E+00,+68.414886201E-03
+3.105505000E-03,+1.043391791548E+00,+2.552724532961E+00,+69.171167600E-03
+3.105510000E-03,+1.035722193643E+00,+2.552724532961E+00,+70.213253017E-03
+3.105515000E-03,+1.029296314314E+00,+2.552724532961E+00,+70.951946475E-03
+3.105520000E-03,+1.021937646053E+00,+2.552724532961E+00,+71.980840937E-03
+3.105525000E-03,+1.014371691363E+00,+2.552724532961E+00,+72.671167563E-03
+3.105530000E-03,+1.007842168815E+00,+2.552724532961E+00,+73.669283130E-03
+3.105535000E-03,+999.809819657E-03,+2.552724532961E+00,+74.306845937E-03
+3.105540000E-03,+991.829292107E-03,+2.552724532961E+00,+75.362122308E-03
+3.105545000E-03,+983.848764553E-03,+2.552724532961E+00,+75.946921297E-03
+3.105550000E-03,+976.490096289E-03,+2.552724532961E+00,+76.857097166E-03
+3.105555000E-03,+968.250460695E-03,+2.552724532961E+00,+77.481469020E-03
+3.105560000E-03,+960.373576360E-03,+2.552724532961E+00,+78.391644888E-03
+3.105565000E-03,+952.496692024E-03,+2.552724532961E+00,+78.985237848E-03
+3.105570000E-03,+944.360699648E-03,+2.552724532961E+00,+79.754710199E-03
+3.105575000E-03,+934.670059049E-03,+2.552724532961E+00,+80.440639842E-03
+3.105580000E-03,+926.637709885E-03,+2.552724532961E+00,+81.104584557E-03
+3.105585000E-03,+916.221566782E-03,+2.552724532961E+00,+81.843278018E-03
+3.105590000E-03,+907.878287980E-03,+2.552724532961E+00,+82.300564444E-03
+3.105595000E-03,+897.151215231E-03,+2.552724532961E+00,+83.114006647E-03
+3.105600000E-03,+888.289720354E-03,+2.552724532961E+00,+83.698805635E-03
+3.105605000E-03,+878.080863675E-03,+2.552724532961E+00,+84.468277990E-03
+3.105610000E-03,+868.649331115E-03,+2.552724532961E+00,+84.877197582E-03
+3.105615000E-03,+859.114155337E-03,+2.552724532961E+00,+85.664257877E-03
+3.105620000E-03,+847.713401693E-03,+2.552724532961E+00,+85.936870938E-03
+3.105625000E-03,+838.385512348E-03,+2.552724532961E+00,+86.728328217E-03
+3.105630000E-03,+828.332120490E-03,+2.552724532961E+00,+87.044911127E-03
+3.105635000E-03,+815.532183441E-03,+2.552724532961E+00,+87.840765391E-03
+3.105640000E-03,+804.183251406E-03,+2.552724532961E+00,+88.038629709E-03
+3.105645000E-03,+794.285324374E-03,+2.552724532961E+00,+88.799308094E-03
+3.105650000E-03,+783.247321981E-03,+2.552724532961E+00,+89.019157337E-03
+3.105655000E-03,+771.898389939E-03,+2.552724532961E+00,+89.727071904E-03
+3.105660000E-03,+760.756744332E-03,+2.552724532961E+00,+89.942524161E-03
+3.105665000E-03,+749.304169080E-03,+2.552724532961E+00,+90.571293000E-03
+3.105670000E-03,+736.504232032E-03,+2.552724532961E+00,+90.795539228E-03
+3.105675000E-03,+725.880802495E-03,+2.552724532961E+00,+91.301192490E-03
+3.105680000E-03,+713.858189562E-03,+2.552724532961E+00,+91.626569370E-03
+3.105685000E-03,+702.301971089E-03,+2.552724532961E+00,+92.013504039E-03
+3.105690000E-03,+690.486644580E-03,+2.552724532961E+00,+92.352071874E-03
+3.105695000E-03,+677.013026634E-03,+2.552724532961E+00,+92.620287953E-03
+3.105700000E-03,+665.042235306E-03,+2.552724532961E+00,+93.064383425E-03
+3.105705000E-03,+651.879547008E-03,+2.552724532961E+00,+93.169911063E-03
+3.105710000E-03,+638.872323531E-03,+2.552724532961E+00,+93.697549247E-03
+3.105715000E-03,+626.331494518E-03,+2.552724532961E+00,+93.737122112E-03
+3.105720000E-03,+613.790665510E-03,+2.552724532961E+00,+94.168026629E-03
+3.105725000E-03,+601.094371673E-03,+2.552724532961E+00,+94.163629644E-03
+3.105730000E-03,+588.398077840E-03,+2.552724532961E+00,+94.532976374E-03
+3.105735000E-03,+575.390854360E-03,+2.552724532961E+00,+94.449433661E-03
+3.105740000E-03,+561.709949985E-03,+2.552724532961E+00,+94.906720089E-03
+3.105745000E-03,+548.599083294E-03,+2.552724532961E+00,+94.818780391E-03
+3.105750000E-03,+535.125465342E-03,+2.552724532961E+00,+95.280463804E-03
+3.105755000E-03,+521.237274544E-03,+2.552724532961E+00,+95.029835665E-03
+3.105760000E-03,+507.038154090E-03,+2.552724532961E+00,+95.531091942E-03
+3.105765000E-03,+493.460892923E-03,+2.552724532961E+00,+95.214509030E-03
+3.105770000E-03,+479.987274980E-03,+2.552724532961E+00,+95.636619579E-03
+3.105775000E-03,+466.099084177E-03,+2.552724532961E+00,+95.429961289E-03
+3.105780000E-03,+452.780931055E-03,+2.552724532961E+00,+95.742147216E-03
+3.105785000E-03,+437.597200059E-03,+2.552724532961E+00,+95.456343199E-03
+3.105790000E-03,+423.760830858E-03,+2.552724532961E+00,+95.816895958E-03
+3.105795000E-03,+409.509888809E-03,+2.552724532961E+00,+95.460740183E-03
+3.105800000E-03,+394.792552282E-03,+2.552724532961E+00,+95.645413548E-03
+3.105805000E-03,+380.437967007E-03,+2.552724532961E+00,+95.451946215E-03
+3.105810000E-03,+365.461522437E-03,+2.552724532961E+00,+95.535488926E-03
+3.105815000E-03,+350.951472353E-03,+2.552724532961E+00,+95.394785412E-03
+3.105820000E-03,+336.026849395E-03,+2.552724532961E+00,+95.254081894E-03
+3.105825000E-03,+322.138658587E-03,+2.552724532961E+00,+95.342021593E-03
+3.105830000E-03,+308.405932592E-03,+2.552724532961E+00,+94.999056770E-03
+3.105835000E-03,+292.082126251E-03,+2.552724532961E+00,+95.100187424E-03
+3.105840000E-03,+278.453043476E-03,+2.552724532961E+00,+94.563755268E-03
+3.105845000E-03,+263.113847659E-03,+2.552724532961E+00,+94.739634665E-03
+3.105850000E-03,+249.484764892E-03,+2.552724532961E+00,+94.211996477E-03
+3.105855000E-03,+233.212780147E-03,+2.552724532961E+00,+94.295539192E-03
+3.105860000E-03,+218.495443610E-03,+2.552724532961E+00,+93.838252763E-03
+3.105865000E-03,+203.518999046E-03,+2.552724532961E+00,+93.781091962E-03
+3.105870000E-03,+188.490732888E-03,+2.552724532961E+00,+93.385363320E-03
+3.105875000E-03,+173.203358671E-03,+2.552724532961E+00,+93.161117095E-03
+3.105880000E-03,+158.226914115E-03,+2.552724532961E+00,+92.778579407E-03
+3.105885000E-03,+142.214037401E-03,+2.552724532961E+00,+92.483981424E-03
+3.105890000E-03,+126.719376760E-03,+2.552724532961E+00,+92.145413584E-03
+3.105895000E-03,+110.343748792E-03,+2.552724532961E+00,+91.758478919E-03
+3.105900000E-03,+95.367304227E-03,+2.552724532961E+00,+91.424308064E-03
+3.105905000E-03,+80.028108416E-03,+2.552724532961E+00,+91.046167369E-03
+3.105910000E-03,+65.621701532E-03,+2.552724532961E+00,+90.659232696E-03
+3.105915000E-03,+49.919754467E-03,+2.552724532961E+00,+90.179961348E-03
+3.105920000E-03,+34.373272230E-03,+2.552724532961E+00,+89.797423661E-03
+3.105925000E-03,+19.655935702E-03,+2.552724532961E+00,+89.234609600E-03
+3.105930000E-03,+4.834955949E-03,+2.552724532961E+00,+88.834483973E-03
+3.105935000E-03,-10.659704682E-03,+2.552724532961E+00,+88.320036744E-03
+3.105940000E-03,-25.687970860E-03,+2.552724532961E+00,+87.924308104E-03
+3.105945000E-03,-40.508950601E-03,+2.552724532961E+00,+87.264760373E-03
+3.105950000E-03,-55.485395159E-03,+2.552724532961E+00,+86.965765400E-03
+3.105955000E-03,-70.513661328E-03,+2.552724532961E+00,+86.046795563E-03
+3.105960000E-03,-85.697392321E-03,+2.552724532961E+00,+85.879710136E-03
+3.105965000E-03,-101.865733856E-03,+2.552724532961E+00,+84.855212661E-03
+3.105970000E-03,-116.479427167E-03,+2.552724532961E+00,+84.758478992E-03
+3.105975000E-03,-132.647768702E-03,+2.552724532961E+00,+83.694408653E-03
+3.105980000E-03,-149.127039876E-03,+2.552724532961E+00,+83.540514181E-03
+3.105985000E-03,-163.896198007E-03,+2.552724532961E+00,+82.494031781E-03
+3.105990000E-03,-179.079929005E-03,+2.552724532961E+00,+82.142272991E-03
+3.105995000E-03,-193.693622330E-03,+2.552724532961E+00,+81.183730288E-03
+3.106000000E-03,-209.032818134E-03,+2.552724532961E+00,+80.801192603E-03
+3.106005000E-03,-224.475657168E-03,+2.552724532961E+00,+79.873428794E-03
+3.106010000E-03,-240.333069054E-03,+2.552724532961E+00,+79.345790609E-03
+3.106015000E-03,-255.050405577E-03,+2.552724532961E+00,+78.519157451E-03
+3.106020000E-03,-269.715920494E-03,+2.552724532961E+00,+77.758479068E-03
+3.106025000E-03,-285.987905234E-03,+2.552724532961E+00,+76.989006714E-03
+3.106030000E-03,-300.238847311E-03,+2.552724532961E+00,+76.289886119E-03
+3.106035000E-03,-315.837151170E-03,+2.552724532961E+00,+75.436871052E-03
+3.106040000E-03,-330.399022865E-03,+2.552724532961E+00,+74.706971564E-03
+3.106045000E-03,-345.375467423E-03,+2.552724532961E+00,+73.858353481E-03
+3.106050000E-03,-359.885517520E-03,+2.552724532961E+00,+73.040514295E-03
+3.106055000E-03,-374.291924407E-03,+2.552724532961E+00,+72.117147469E-03
+3.106060000E-03,-389.423833795E-03,+2.552724532961E+00,+71.338881147E-03
+3.106065000E-03,-404.141170309E-03,+2.552724532961E+00,+70.441896231E-03
+3.106070000E-03,-418.340290768E-03,+2.552724532961E+00,+69.597675135E-03
+3.106075000E-03,-434.249524252E-03,+2.552724532961E+00,+68.661117357E-03
+3.106080000E-03,-448.448644717E-03,+2.552724532961E+00,+67.693780683E-03
+3.106085000E-03,-462.958694809E-03,+2.552724532961E+00,+66.928705315E-03
+3.106090000E-03,-476.846885618E-03,+2.552724532961E+00,+65.728328443E-03
+3.106095000E-03,-490.475968390E-03,+2.552724532961E+00,+65.046795787E-03
+3.106100000E-03,-505.245126517E-03,+2.552724532961E+00,+63.850815900E-03
+3.106105000E-03,-518.511458044E-03,+2.552724532961E+00,+63.169283245E-03
+3.106110000E-03,-533.021508136E-03,+2.552724532961E+00,+61.885363660E-03
+3.106115000E-03,-545.355050725E-03,+2.552724532961E+00,+61.137876232E-03
+3.106120000E-03,-558.154987761E-03,+2.552724532961E+00,+59.902323481E-03
+3.106125000E-03,-571.991356965E-03,+2.552724532961E+00,+59.128454143E-03
+3.106130000E-03,-585.050402055E-03,+2.552724532961E+00,+57.985238073E-03
+3.106135000E-03,-599.871381786E-03,+2.552724532961E+00,+57.035489341E-03
+3.106140000E-03,-613.137713298E-03,+2.552724532961E+00,+55.931846135E-03
+3.106145000E-03,-625.160326243E-03,+2.552724532961E+00,+54.938127555E-03
+3.106150000E-03,-638.478479365E-03,+2.552724532961E+00,+53.746544651E-03
+3.106155000E-03,-651.226594805E-03,+2.552724532961E+00,+52.831971799E-03
+3.106160000E-03,-664.544747933E-03,+2.552724532961E+00,+51.697549697E-03
+3.106165000E-03,-676.619182472E-03,+2.552724532961E+00,+50.708228103E-03
+3.106170000E-03,-688.693617017E-03,+2.552724532961E+00,+49.384735653E-03
+3.106175000E-03,-701.700840493E-03,+2.552724532961E+00,+48.584484409E-03
+3.106180000E-03,-714.034383075E-03,+2.552724532961E+00,+47.164258289E-03
+3.106185000E-03,-726.471568873E-03,+2.552724532961E+00,+46.438755787E-03
+3.106190000E-03,-739.012397889E-03,+2.552724532961E+00,+44.833856305E-03
+3.106195000E-03,-750.361329923E-03,+2.552724532961E+00,+44.108353802E-03
+3.106200000E-03,-762.694872499E-03,+2.552724532961E+00,+42.397926684E-03
+3.106205000E-03,-773.473766866E-03,+2.552724532961E+00,+41.799936741E-03
+3.106210000E-03,-784.770877286E-03,+2.552724532961E+00,+40.146670427E-03
+3.106215000E-03,-796.534382190E-03,+2.552724532961E+00,+39.368404102E-03
+3.106220000E-03,-808.246065489E-03,+2.552724532961E+00,+37.759107639E-03
+3.106225000E-03,-819.491354303E-03,+2.552724532961E+00,+36.923680509E-03
+3.106230000E-03,-829.959319031E-03,+2.552724532961E+00,+35.477072488E-03
+3.106235000E-03,-841.204607847E-03,+2.552724532961E+00,+34.404208175E-03
+3.106240000E-03,-851.206178097E-03,+2.552724532961E+00,+33.124685579E-03
+3.106245000E-03,-860.948640311E-03,+2.552724532961E+00,+31.933102673E-03
+3.106250000E-03,-871.986642695E-03,+2.552724532961E+00,+30.587625305E-03
+3.106255000E-03,-882.091856156E-03,+2.552724532961E+00,+29.347675565E-03
+3.106260000E-03,-891.937961583E-03,+2.552724532961E+00,+28.164886637E-03
+3.106265000E-03,-902.768677536E-03,+2.552724532961E+00,+26.916142928E-03
+3.106270000E-03,-913.236642258E-03,+2.552724532961E+00,+25.649811287E-03
+3.106275000E-03,-923.030926068E-03,+2.552724532961E+00,+24.361494714E-03
+3.106280000E-03,-931.996064172E-03,+2.552724532961E+00,+23.068781165E-03
+3.106285000E-03,-941.531239933E-03,+2.552724532961E+00,+21.934359061E-03
+3.106290000E-03,-950.807307681E-03,+2.552724532961E+00,+20.434987224E-03
+3.106295000E-03,-960.808877921E-03,+2.552724532961E+00,+19.392901802E-03
+3.106300000E-03,-969.203978346E-03,+2.552724532961E+00,+17.853957100E-03
+3.106305000E-03,-977.391792316E-03,+2.552724532961E+00,+16.934987255E-03
+3.106310000E-03,-985.475963098E-03,+2.552724532961E+00,+15.286117933E-03
+3.106315000E-03,-994.130171543E-03,+2.552724532961E+00,+14.292399344E-03
+3.106320000E-03,-1.003406239286E+00,+2.552724532961E+00,+12.612751126E-03
+3.106325000E-03,-1.010402156296E+00,+2.552724532961E+00,+11.724560175E-03
+3.106330000E-03,-1.019211829568E+00,+2.552724532961E+00,+10.022927033E-03
+3.106335000E-03,-1.026570497827E+00,+2.552724532961E+00,+9.134736084E-03
+3.106340000E-03,-1.034447382164E+00,+2.552724532961E+00,+7.446293895E-03
+3.106345000E-03,-1.042427909722E+00,+2.552724532961E+00,+6.558102945E-03
+3.106350000E-03,-1.049009253872E+00,+2.552724532961E+00,+4.834484878E-03
+3.106355000E-03,-1.056419743734E+00,+2.552724532961E+00,+3.977072822E-03
+3.106360000E-03,-1.063519303970E+00,+2.552724532961E+00,+2.169912042E-03
+3.106365000E-03,-1.070722507408E+00,+2.552724532961E+00,+1.396042699E-03
+3.106370000E-03,-1.077718424413E+00,+2.552724532961E+00,-503.454764E-06
+3.106375000E-03,-1.083574266060E+00,+2.552724532961E+00,-1.167399484E-03
+3.106380000E-03,-1.088911891638E+00,+2.552724532961E+00,-3.071293933E-03
+3.106385000E-03,-1.095337770964E+00,+2.552724532961E+00,-3.704459759E-03
+3.106390000E-03,-1.100571753319E+00,+2.552724532961E+00,-5.762248678E-03
+3.106395000E-03,-1.107308562294E+00,+2.552724532961E+00,-6.329459730E-03
+3.106400000E-03,-1.112335258225E+00,+2.552724532961E+00,-8.347675786E-03
+3.106405000E-03,-1.117102846114E+00,+2.552724532961E+00,-8.976444627E-03
+3.106410000E-03,-1.123114152577E+00,+2.552724532961E+00,-11.051821485E-03
+3.106415000E-03,-1.127726275648E+00,+2.552724532961E+00,-11.610238568E-03
+3.106420000E-03,-1.132701149968E+00,+2.552724532961E+00,-13.668027487E-03
+3.106425000E-03,-1.137261451426E+00,+1.231509101179E+00,-14.266017434E-03
+3.106430000E-03,-1.141199893588E+00,-158.016643625E-03,-16.112751078E-03
+3.106435000E-03,-1.144516476466E+00,-181.493402555E-03,-16.869032481E-03
+3.106440000E-03,-1.149335885963E+00,+27.834483693E-03,-18.750942007E-03
+3.106445000E-03,-1.153015220101E+00,+132.733981655E-03,-19.608354059E-03
+3.106450000E-03,-1.155865408513E+00,-85.701946271E-03,-21.331972130E-03
+3.106455000E-03,-1.159648385846E+00,-79.263504099E-03,-22.343278653E-03
+3.106460000E-03,-1.162757682288E+00,-86.722675102E-03,-23.913002252E-03
+3.106465000E-03,-1.165659692333E+00,-20.139761070E-03,-24.871544958E-03
+3.106470000E-03,-1.167628913410E+00,-57.043026999E-03,-26.436871573E-03
+3.106475000E-03,-1.169960885750E+00,-49.505338664E-03,-27.566896688E-03
+3.106480000E-03,-1.172344679691E+00,-62.460740536E-03,-29.017901695E-03
+3.106485000E-03,-1.174417543997E+00,-48.484610062E-03,-30.077575053E-03
+3.106490000E-03,-1.177060445979E+00,-54.530464228E-03,-31.528580059E-03
+3.106495000E-03,-1.178045056522E+00,-51.782348690E-03,-32.645414223E-03
+3.106500000E-03,-1.179496061519E+00,-53.117147657E-03,-34.039258424E-03
+3.106505000E-03,-1.180480672078E+00,-50.918655246E-03,-35.252826255E-03
+3.106510000E-03,-1.181568925829E+00,-51.232725585E-03,-36.611494578E-03
+3.106515000E-03,-1.182605357985E+00,-48.406092441E-03,-37.759107635E-03
+3.106520000E-03,-1.184678222282E+00,-49.191268320E-03,-39.091394049E-03
+3.106525000E-03,-1.183641790127E+00,-49.348303502E-03,-40.177449319E-03
+3.106530000E-03,-1.184470935849E+00,-49.426821074E-03,-41.584484473E-03
+3.106535000E-03,-1.184730043877E+00,-49.191268314E-03,-42.648554819E-03
+3.106540000E-03,-1.184522757460E+00,-48.013504521E-03,-44.108353793E-03
+3.106545000E-03,-1.184108184596E+00,-51.625313514E-03,-44.934986957E-03
+3.106550000E-03,-1.184367292636E+00,-48.641645191E-03,-46.469534672E-03
+3.106555000E-03,-1.183279038881E+00,-47.620916588E-03,-47.296167837E-03
+3.106560000E-03,-1.183382682096E+00,-46.286117595E-03,-48.923052233E-03
+3.106565000E-03,-1.182138963518E+00,-47.699434159E-03,-49.674936655E-03
+3.106570000E-03,-1.180325207255E+00,-46.678705529E-03,-51.279836127E-03
+3.106575000E-03,-1.179029667069E+00,-48.484610036E-03,-51.939383867E-03
+3.106580000E-03,-1.177837770098E+00,-49.034233132E-03,-53.579459218E-03
+3.106585000E-03,-1.174728473655E+00,-47.777951745E-03,-54.357725550E-03
+3.106590000E-03,-1.173899327931E+00,-48.563127621E-03,-55.817524522E-03
+3.106595000E-03,-1.171878285231E+00,-47.777951744E-03,-56.626569746E-03
+3.106600000E-03,-1.169649956111E+00,-48.720162790E-03,-57.998429022E-03
+3.106605000E-03,-1.167888021461E+00,-46.207600013E-03,-58.807474245E-03
+3.106610000E-03,-1.165866978765E+00,-46.914258296E-03,-60.188127491E-03
+3.106615000E-03,-1.162291287854E+00,-46.443152764E-03,-61.049936532E-03
+3.106620000E-03,-1.160011137120E+00,-47.228328632E-03,-62.364635007E-03
+3.106625000E-03,-1.156746375860E+00,-46.600187943E-03,-63.213253090E-03
+3.106630000E-03,-1.152289717620E+00,-47.463881388E-03,-64.545539506E-03
+3.106635000E-03,-1.150165031696E+00,-46.050564837E-03,-65.315011861E-03
+3.106640000E-03,-1.145552908639E+00,-46.364635186E-03,-66.664886217E-03
+3.106645000E-03,-1.141510823253E+00,-45.186871375E-03,-67.425564602E-03
+3.106650000E-03,-1.137676024300E+00,-46.835740733E-03,-68.691896247E-03
+3.106655000E-03,-1.132908436409E+00,-46.835740689E-03,-69.347046994E-03
+3.106660000E-03,-1.128451778182E+00,-44.401695493E-03,-70.674936425E-03
+3.106665000E-03,-1.123269617419E+00,-45.422424138E-03,-71.321293203E-03
+3.106670000E-03,-1.118709315971E+00,-45.657976890E-03,-72.526067060E-03
+3.106675000E-03,-1.113630798437E+00,-44.872801014E-03,-73.343906248E-03
+3.106680000E-03,-1.107878600005E+00,-44.480213093E-03,-74.324433875E-03
+3.106685000E-03,-1.102748260865E+00,-45.029836211E-03,-75.217021806E-03
+3.106690000E-03,-1.095026841353E+00,-45.343906542E-03,-76.118403705E-03
+3.106695000E-03,-1.089119178106E+00,-45.972047251E-03,-77.120916259E-03
+3.106700000E-03,-1.083522444493E+00,-44.244660321E-03,-77.916770520E-03
+3.106705000E-03,-1.077407494799E+00,-46.207599995E-03,-78.954458953E-03
+3.106710000E-03,-1.071240723514E+00,-43.223931682E-03,-79.600815727E-03
+3.106715000E-03,-1.064659379365E+00,-44.087625166E-03,-80.642901146E-03
+3.106720000E-03,-1.057818927179E+00,-44.087625169E-03,-81.390388571E-03
+3.106725000E-03,-1.050252972480E+00,-44.558730680E-03,-82.274182536E-03
+3.106730000E-03,-1.043360698690E+00,-44.637248279E-03,-83.056845840E-03
+3.106735000E-03,-1.035898387212E+00,-45.029836201E-03,-83.940639805E-03
+3.106740000E-03,-1.028073324474E+00,-43.066896513E-03,-84.674936275E-03
+3.106745000E-03,-1.019678224072E+00,-45.108353788E-03,-85.571921194E-03
+3.106750000E-03,-1.011334945274E+00,-43.773554784E-03,-86.253453845E-03
+3.106755000E-03,-1.003250774499E+00,-44.087625144E-03,-87.036117159E-03
+3.106760000E-03,-994.544744434E-03,-42.046167902E-03,-87.788001567E-03
+3.106765000E-03,-986.564216892E-03,-43.066896520E-03,-88.434358352E-03
+3.106770000E-03,-977.495435566E-03,-43.616519633E-03,-89.159860849E-03
+3.106775000E-03,-969.255799994E-03,-42.909861355E-03,-89.819408588E-03
+3.106780000E-03,-959.254229745E-03,-44.323177920E-03,-90.470162342E-03
+3.106785000E-03,-950.910950941E-03,-41.967650302E-03,-91.116519127E-03
+3.106790000E-03,-942.101277678E-03,-42.909861358E-03,-91.833227654E-03
+3.106795000E-03,-931.115096896E-03,-42.438755806E-03,-92.396041726E-03
+3.106800000E-03,-921.942672358E-03,-43.145414097E-03,-93.059986435E-03
+3.106805000E-03,-910.749205152E-03,-43.302449299E-03,-93.539257794E-03
+3.106810000E-03,-900.747634908E-03,-42.517273425E-03,-94.260363308E-03
+3.106815000E-03,-891.678853572E-03,-42.281720655E-03,-94.612122105E-03
+3.106820000E-03,-880.744494400E-03,-42.595791008E-03,-95.346418573E-03
+3.106825000E-03,-870.535637721E-03,-43.066896511E-03,-95.750941187E-03
+3.106830000E-03,-860.223137858E-03,-43.302449278E-03,-96.450061777E-03
+3.106835000E-03,-850.739783669E-03,-41.889132723E-03,-96.705086905E-03
+3.106840000E-03,-840.530926994E-03,-41.260992009E-03,-97.426192421E-03
+3.106845000E-03,-829.130173358E-03,-41.967650311E-03,-97.698805487E-03
+3.106850000E-03,-817.522133287E-03,-41.575062380E-03,-98.314383367E-03
+3.106855000E-03,-806.017736421E-03,-42.438755821E-03,-98.586996431E-03
+3.106860000E-03,-794.306053124E-03,-41.025439262E-03,-99.259735116E-03
+3.106865000E-03,-782.698013034E-03,-42.360238234E-03,-99.396041649E-03
+3.106870000E-03,-769.690789583E-03,-41.967650296E-03,-100.059986365E-03
+3.106875000E-03,-757.668176645E-03,-42.909861359E-03,-100.244659729E-03
+3.106880000E-03,-745.749206925E-03,-43.223931695E-03,-100.697549173E-03
+3.106885000E-03,-734.659382909E-03,-42.124685478E-03,-100.934986353E-03
+3.106890000E-03,-723.414094078E-03,-41.653579931E-03,-101.436242632E-03
+3.106895000E-03,-710.095940960E-03,-42.909861334E-03,-101.524182329E-03
+3.106900000E-03,-698.021506425E-03,-41.732097549E-03,-102.065011470E-03
+3.106905000E-03,-685.532499002E-03,-41.889132703E-03,-102.152951166E-03
+3.106910000E-03,-672.473453928E-03,-42.752826167E-03,-102.535488851E-03
+3.106915000E-03,-659.569873682E-03,-41.339509612E-03,-102.671795381E-03
+3.106920000E-03,-646.562650194E-03,-41.339509613E-03,-102.944408445E-03
+3.106925000E-03,-632.778102606E-03,-40.397298570E-03,-103.129081810E-03
+3.106930000E-03,-619.459949481E-03,-42.281720644E-03,-103.362122006E-03
+3.106935000E-03,-606.089974745E-03,-41.103956862E-03,-103.577574267E-03
+3.106940000E-03,-592.668178404E-03,-41.025439247E-03,-103.573177282E-03
+3.106945000E-03,-579.090917257E-03,-40.946921678E-03,-103.942524012E-03
+3.106950000E-03,-566.498266628E-03,-41.653579965E-03,-103.709483815E-03
+3.106955000E-03,-552.091859756E-03,-41.967650312E-03,-104.122800392E-03
+3.106960000E-03,-538.566420196E-03,-40.868404091E-03,-103.889760195E-03
+3.106965000E-03,-525.766483143E-03,-41.575062364E-03,-104.320664712E-03
+3.106970000E-03,-512.396508410E-03,-40.554333729E-03,-103.955714966E-03
+3.106975000E-03,-496.642739737E-03,-41.967650291E-03,-104.426192350E-03
+3.106980000E-03,-482.443619287E-03,-41.889132716E-03,-104.109609437E-03
+3.106985000E-03,-467.726282767E-03,-41.575062373E-03,-104.500941093E-03
+3.106990000E-03,-453.838091956E-03,-41.496544780E-03,-104.026066725E-03
+3.106995000E-03,-438.239788100E-03,-42.281720666E-03,-104.514132048E-03
+3.107000000E-03,-423.729738012E-03,-41.418027181E-03,-103.990890845E-03
+3.107005000E-03,-409.116044705E-03,-40.004710642E-03,-104.360237577E-03
+3.107010000E-03,-394.916924247E-03,-41.182474423E-03,-103.872172253E-03
+3.107015000E-03,-380.199587732E-03,-40.711368912E-03,-104.175564212E-03
+3.107020000E-03,-365.896824056E-03,-41.025439245E-03,-103.700689843E-03
+3.107025000E-03,-350.557628238E-03,-42.438755810E-03,-103.946920999E-03
+3.107030000E-03,-335.373897239E-03,-42.360238247E-03,-103.423679796E-03
+3.107035000E-03,-319.101912509E-03,-41.182474450E-03,-103.586368241E-03
+3.107040000E-03,-305.006435257E-03,-41.889132725E-03,-103.085111960E-03
+3.107045000E-03,-290.600028381E-03,-41.496544803E-03,-103.208227541E-03
+3.107050000E-03,-275.830870245E-03,-40.161745810E-03,-102.715765229E-03
+3.107055000E-03,-260.128923181E-03,-42.046167904E-03,-102.728956189E-03
+3.107060000E-03,-245.670694686E-03,-40.789886507E-03,-102.333227545E-03
+3.107065000E-03,-229.605996372E-03,-41.575062366E-03,-102.218905944E-03
+3.107070000E-03,-214.214978952E-03,-40.161745834E-03,-101.779207452E-03
+3.107075000E-03,-198.772139920E-03,-41.260992019E-03,-101.651694892E-03
+3.107080000E-03,-185.039413936E-03,-41.418027191E-03,-101.207599418E-03
+3.107085000E-03,-169.233823658E-03,-40.083228230E-03,-100.908604450E-03
+3.107090000E-03,-154.101914283E-03,-41.025439275E-03,-100.644785354E-03
+3.107095000E-03,-138.451788815E-03,-41.260991993E-03,-100.231468779E-03
+3.107100000E-03,-121.713409590E-03,-42.046167887E-03,-99.928076820E-03
+3.107105000E-03,-107.151537882E-03,-42.046167874E-03,-99.356468787E-03
+3.107110000E-03,-92.278736537E-03,-41.575062378E-03,-99.061870800E-03
+3.107115000E-03,-77.924151250E-03,-41.732097533E-03,-98.573805480E-03
+3.107120000E-03,-61.755809732E-03,-40.004710627E-03,-98.270413521E-03
+3.107125000E-03,-47.660332480E-03,-43.066896524E-03,-97.584483881E-03
+3.107130000E-03,-32.942995957E-03,-41.496544804E-03,-97.285488910E-03
+3.107135000E-03,-17.292870522E-03,-41.339509619E-03,-96.568780375E-03
+3.107140000E-03,-1.642745057E-03,-40.397298562E-03,-96.353328115E-03
+3.107145000E-03,+14.111023636E-03,-42.281720651E-03,-95.517900989E-03
+3.107150000E-03,+29.346576234E-03,-39.926193048E-03,-95.302448730E-03
+3.107155000E-03,+44.167555968E-03,-41.339509621E-03,-94.515388437E-03
+3.107160000E-03,+59.558573398E-03,-39.690640287E-03,-94.159232661E-03
+3.107165000E-03,+74.897769210E-03,-42.281720646E-03,-93.389760308E-03
+3.107170000E-03,+91.480683576E-03,-40.397298566E-03,-92.914885941E-03
+3.107175000E-03,+105.368874400E-03,-41.810615130E-03,-92.176192482E-03
+3.107180000E-03,+121.589037559E-03,-42.281720641E-03,-91.630966356E-03
+3.107185000E-03,+136.669125323E-03,-42.595790986E-03,-90.940639733E-03
+3.107190000E-03,+152.111964360E-03,-41.653579946E-03,-90.329458832E-03
+3.107195000E-03,+167.710268203E-03,-40.397298547E-03,-89.683102057E-03
+3.107200000E-03,+182.634891167E-03,-40.240263383E-03,-88.891644778E-03
+3.107205000E-03,+198.647767872E-03,-40.632851334E-03,-88.306845792E-03
+3.107210000E-03,+213.209639576E-03,-41.496544812E-03,-87.418654844E-03
+3.107215000E-03,+227.978797737E-03,-42.124685462E-03,-86.948177464E-03
+3.107220000E-03,+243.473458356E-03,-41.025439262E-03,-85.888504107E-03
+3.107225000E-03,+258.812654167E-03,-41.967650292E-03,-85.448805621E-03
+3.107230000E-03,+274.980995688E-03,-40.632851344E-03,-84.397926233E-03
+3.107235000E-03,+290.164726694E-03,-42.203203033E-03,-83.980212672E-03
+3.107240000E-03,+304.830241617E-03,-40.711368938E-03,-82.801820722E-03
+3.107245000E-03,+319.910329403E-03,-41.418027183E-03,-82.379710177E-03
+3.107250000E-03,+333.487590564E-03,-41.025439269E-03,-81.117775515E-03
+3.107255000E-03,+348.204927085E-03,-40.554333725E-03,-80.590137333E-03
+3.107260000E-03,+363.751409323E-03,-40.789886525E-03,-79.323805685E-03
+3.107265000E-03,+377.795064960E-03,-40.789886498E-03,-78.906092125E-03
+3.107270000E-03,+392.253293450E-03,-41.967650284E-03,-77.604584597E-03
+3.107275000E-03,+407.385202828E-03,-41.810615120E-03,-77.112122295E-03
+3.107280000E-03,+421.687966496E-03,-39.847675487E-03,-75.819408737E-03
+3.107285000E-03,+434.954298024E-03,-40.632851334E-03,-75.274182616E-03
+3.107290000E-03,+449.930742577E-03,-40.554333724E-03,-74.056217799E-03
+3.107295000E-03,+464.233506223E-03,-42.438755808E-03,-73.453830878E-03
+3.107300000E-03,+478.173518666E-03,-41.496544764E-03,-72.099559531E-03
+3.107305000E-03,+492.217174291E-03,-40.946921679E-03,-71.448805773E-03
+3.107310000E-03,+504.913468116E-03,-42.203203066E-03,-70.134107290E-03
+3.107315000E-03,+519.993555880E-03,-41.496544794E-03,-69.527323383E-03
+3.107320000E-03,+533.726281863E-03,-40.868404080E-03,-68.142273141E-03
+3.107325000E-03,+546.215289289E-03,-40.632851318E-03,-67.473931443E-03
+3.107330000E-03,+559.481620807E-03,-41.967650317E-03,-66.146042005E-03
+3.107335000E-03,+572.488844269E-03,-43.066896504E-03,-65.411745537E-03
+3.107340000E-03,+586.947072772E-03,-42.124685468E-03,-64.141016902E-03
+3.107345000E-03,+600.057939472E-03,-41.967650315E-03,-63.142901341E-03
+3.107350000E-03,+613.168806160E-03,-40.946921676E-03,-62.096418935E-03
+3.107355000E-03,+626.331494469E-03,-42.909861344E-03,-61.027951612E-03
+3.107360000E-03,+639.494182762E-03,-41.575062369E-03,-59.950690315E-03
+3.107365000E-03,+651.724082125E-03,-42.438755823E-03,-58.811871235E-03
+3.107370000E-03,+664.368554359E-03,-40.868404101E-03,-57.866519483E-03
+3.107375000E-03,+675.251091932E-03,-42.203203064E-03,-56.556217992E-03
+3.107380000E-03,+687.584634506E-03,-40.632851322E-03,-55.698805938E-03
+3.107385000E-03,+700.488214753E-03,-42.360238205E-03,-54.256594901E-03
+3.107390000E-03,+712.407184488E-03,-41.182474446E-03,-53.385991893E-03
+3.107395000E-03,+724.896191896E-03,-43.852072364E-03,-51.983353719E-03
+3.107400000E-03,+736.037837499E-03,-41.025439265E-03,-50.985238151E-03
+3.107405000E-03,+748.215915263E-03,-41.418027202E-03,-49.613378870E-03
+3.107410000E-03,+759.772133741E-03,-41.025439274E-03,-48.580087423E-03
+3.107415000E-03,+771.691103469E-03,-42.046167913E-03,-47.313755781E-03
+3.107420000E-03,+782.521819439E-03,-40.554333757E-03,-46.179333680E-03
+3.107425000E-03,+793.611643427E-03,-42.124685471E-03,-45.031720626E-03
+3.107430000E-03,+804.286894572E-03,-41.967650302E-03,-43.659861348E-03
+3.107435000E-03,+814.858502508E-03,-41.496544776E-03,-42.666142762E-03
+3.107440000E-03,+826.000148101E-03,-43.223931700E-03,-41.210740771E-03
+3.107445000E-03,+836.675399237E-03,-42.517273401E-03,-40.269786003E-03
+3.107450000E-03,+846.780612707E-03,-41.889132726E-03,-38.708856377E-03
+3.107455000E-03,+855.797572414E-03,-41.182474433E-03,-37.737122713E-03
+3.107460000E-03,+866.939218018E-03,-39.533605076E-03,-36.163002132E-03
+3.107465000E-03,+877.459004353E-03,-43.223931711E-03,-35.270414196E-03
+3.107470000E-03,+887.097823324E-03,-42.595790997E-03,-33.639132812E-03
+3.107475000E-03,+896.477534290E-03,-41.889132740E-03,-32.764132816E-03
+3.107480000E-03,+905.649958816E-03,-43.852072410E-03,-31.053705704E-03
+3.107485000E-03,+915.029669783E-03,-40.868404089E-03,-30.191896665E-03
+3.107490000E-03,+924.823953587E-03,-41.418027191E-03,-28.472675582E-03
+3.107495000E-03,+932.700837941E-03,-42.360238208E-03,-27.672424329E-03
+3.107500000E-03,+941.873262458E-03,-42.595791014E-03,-25.878454502E-03
+3.107505000E-03,+951.045686972E-03,-41.967650306E-03,-25.082600238E-03
+3.107510000E-03,+958.404355234E-03,-41.653579967E-03,-23.275439455E-03
+3.107515000E-03,+966.540347632E-03,-42.281720641E-03,-22.404836448E-03
+3.107520000E-03,+974.365410354E-03,-40.318780954E-03,-20.610866619E-03
+3.107525000E-03,+981.827721830E-03,-43.302449275E-03,-19.819409340E-03
+3.107530000E-03,+988.979103674E-03,-42.517273418E-03,-18.021042524E-03
+3.107535000E-03,+997.944241757E-03,-42.831343739E-03,-17.172424444E-03
+3.107540000E-03,+1.005613839671E+00,-41.732097570E-03,-15.418027478E-03
+3.107545000E-03,+1.012454291845E+00,-41.889132698E-03,-14.578203366E-03
+3.107550000E-03,+1.019398387264E+00,-42.046167915E-03,-12.823806400E-03
+3.107555000E-03,+1.026187017831E+00,-43.223931704E-03,-11.988379275E-03
+3.107560000E-03,+1.032716540375E+00,-41.732097543E-03,-10.260364216E-03
+3.107565000E-03,+1.040437959908E+00,-42.438755862E-03,-9.341394378E-03
+3.107570000E-03,+1.045257369394E+00,-41.260992028E-03,-7.617776303E-03
+3.107575000E-03,+1.052253286392E+00,-43.302449287E-03,-6.707600436E-03
+3.107580000E-03,+1.058523700903E+00,-42.203203046E-03,-5.001570301E-03
+3.107585000E-03,+1.063964969690E+00,-42.752826171E-03,-4.188128101E-03
+3.107590000E-03,+1.070805421880E+00,-43.930589972E-03,-2.416143194E-03
+3.107595000E-03,+1.075832117821E+00,-41.810615132E-03,-1.523555265E-03
+3.107600000E-03,+1.080962456959E+00,-42.909861359E-03,+204.459792E-06
+3.107605000E-03,+1.086818298600E+00,-43.066896516E-03,+1.083856768E-03
+3.107610000E-03,+1.092622318640E+00,-36.314384075E-03,+2.899811520E-03
+3.107615000E-03,+1.097804479394E+00,+1.550997144381E+00,+3.801193421E-03
+3.107620000E-03,+1.100861954242E+00,+2.552724532961E+00,+5.300565263E-03
+3.107625000E-03,+1.105577720501E+00,+2.552724532961E+00,+6.452575304E-03
+3.107630000E-03,+1.109412519485E+00,+2.552724532961E+00,+7.965138099E-03
+3.107635000E-03,+1.113040031992E+00,+2.552724532961E+00,+9.143530049E-03
+3.107640000E-03,+1.116874830933E+00,+2.552724532961E+00,+10.423052648E-03
+3.107645000E-03,+1.119984127399E+00,+2.552724532961E+00,+11.882851627E-03
+3.107650000E-03,+1.123300710260E+00,+2.552724532961E+00,+12.986494831E-03
+3.107655000E-03,+1.126202720311E+00,+2.552724532961E+00,+14.481469690E-03
+3.107660000E-03,+1.129674767988E+00,+2.552724532961E+00,+15.655464652E-03
+3.107665000E-03,+1.132058561942E+00,+2.552724532961E+00,+17.044911874E-03
+3.107670000E-03,+1.133613210186E+00,+2.552724532961E+00,+18.148555074E-03
+3.107675000E-03,+1.136567041796E+00,+2.552724532961E+00,+19.507223406E-03
+3.107680000E-03,+1.138639906090E+00,+2.552724532961E+00,+20.725188213E-03
+3.107685000E-03,+1.140194554324E+00,+2.552724532961E+00,+22.101444485E-03
+3.107690000E-03,+1.141852845758E+00,+2.552724532961E+00,+23.213881655E-03
+3.107695000E-03,+1.143614780432E+00,+2.552724532961E+00,+24.656092698E-03
+3.107700000E-03,+1.144703034181E+00,+2.552724532961E+00,+25.865263533E-03
+3.107705000E-03,+1.147138649728E+00,+2.552724532961E+00,+27.122801217E-03
+3.107710000E-03,+1.148278725080E+00,+2.552724532961E+00,+28.358353961E-03
+3.107715000E-03,+1.148486011525E+00,+2.552724532961E+00,+29.699434353E-03
+3.107720000E-03,+1.150144302961E+00,+2.552724532961E+00,+30.838253432E-03
+3.107725000E-03,+1.150714340635E+00,+2.552724532961E+00,+32.170539855E-03
+3.107730000E-03,+1.149937016527E+00,+2.552724532961E+00,+33.388504660E-03
+3.107735000E-03,+1.150662519038E+00,+2.552724532961E+00,+34.593278522E-03
+3.107740000E-03,+1.150247946182E+00,+2.552724532961E+00,+35.828831268E-03
+3.107745000E-03,+1.150196124572E+00,+2.552724532961E+00,+37.059987037E-03
+3.107750000E-03,+1.149004227610E+00,+2.552724532961E+00,+38.291142799E-03
+3.107755000E-03,+1.147967795457E+00,+2.552724532961E+00,+39.394786007E-03
+3.107760000E-03,+1.147345936163E+00,+2.552724532961E+00,+40.691896544E-03
+3.107765000E-03,+1.145998574370E+00,+2.552724532961E+00,+41.742775930E-03
+3.107770000E-03,+1.144599390971E+00,+2.552724532961E+00,+43.039886467E-03
+3.107775000E-03,+1.143459315596E+00,+2.552724532961E+00,+44.046796005E-03
+3.107780000E-03,+1.141904667368E+00,+2.552724532961E+00,+45.392273377E-03
+3.107785000E-03,+1.140609127192E+00,+2.552724532961E+00,+46.311243217E-03
+3.107790000E-03,+1.137499830740E+00,+2.552724532961E+00,+47.551192954E-03
+3.107795000E-03,+1.135478788049E+00,+2.552724532961E+00,+48.615263294E-03
+3.107800000E-03,+1.131903097138E+00,+2.552724532961E+00,+49.771670316E-03
+3.107805000E-03,+1.130452092115E+00,+2.552724532961E+00,+50.804961765E-03
+3.107810000E-03,+1.126410006758E+00,+2.552724532961E+00,+51.864635119E-03
+3.107815000E-03,+1.124181677613E+00,+2.552724532961E+00,+53.148554701E-03
+3.107820000E-03,+1.121124202787E+00,+2.552724532961E+00,+53.975187861E-03
+3.107825000E-03,+1.117133939014E+00,+2.552724532961E+00,+55.303077294E-03
+3.107830000E-03,+1.112780923978E+00,+2.552724532961E+00,+56.046167738E-03
+3.107835000E-03,+1.108842481802E+00,+2.552724532961E+00,+57.360866214E-03
+3.107840000E-03,+1.104074893926E+00,+2.552724532961E+00,+57.976444101E-03
+3.107845000E-03,+1.100343738176E+00,+2.552724532961E+00,+59.475815941E-03
+3.107850000E-03,+1.094747004599E+00,+2.552724532961E+00,+60.016645081E-03
+3.107855000E-03,+1.089979416706E+00,+2.552724532961E+00,+61.520413909E-03
+3.107860000E-03,+1.084900899155E+00,+2.552724532961E+00,+61.946921443E-03
+3.107865000E-03,+1.079718738437E+00,+2.552724532961E+00,+63.450690272E-03
+3.107870000E-03,+1.074432934453E+00,+2.552724532961E+00,+63.881594791E-03
+3.107875000E-03,+1.069302595306E+00,+2.552724532961E+00,+65.380966631E-03
+3.107880000E-03,+1.063757683291E+00,+2.552724532961E+00,+65.767901304E-03
+3.107885000E-03,+1.057798198445E+00,+2.552724532961E+00,+67.276067115E-03
+3.107890000E-03,+1.051527783932E+00,+2.552724532961E+00,+67.561871132E-03
+3.107895000E-03,+1.045257369452E+00,+2.552724532961E+00,+69.179961566E-03
+3.107900000E-03,+1.037950522817E+00,+2.552724532961E+00,+69.509735431E-03
+3.107905000E-03,+1.031213713814E+00,+2.552724532961E+00,+71.009107276E-03
+3.107910000E-03,+1.024943299305E+00,+2.552724532961E+00,+71.189383655E-03
+3.107915000E-03,+1.016392734082E+00,+2.552724532961E+00,+72.671167561E-03
+3.107920000E-03,+1.009137709024E+00,+2.552724532961E+00,+72.873428862E-03
+3.107925000E-03,+1.001623575943E+00,+2.552724532961E+00,+74.280464027E-03
+3.107930000E-03,+995.094053384E-03,+2.552724532961E+00,+74.500313267E-03
+3.107935000E-03,+986.128915312E-03,+2.552724532961E+00,+75.894157478E-03
+3.107940000E-03,+977.474706872E-03,+2.552724532961E+00,+76.267901187E-03
+3.107945000E-03,+970.530611456E-03,+2.552724532961E+00,+77.353956458E-03
+3.107950000E-03,+962.601905499E-03,+2.552724532961E+00,+77.837624785E-03
+3.107955000E-03,+953.533124201E-03,+2.552724532961E+00,+78.804961467E-03
+3.107960000E-03,+945.293488592E-03,+2.552724532961E+00,+79.257850901E-03
+3.107965000E-03,+937.209317844E-03,+2.552724532961E+00,+80.282348387E-03
+3.107970000E-03,+927.674142077E-03,+2.552724532961E+00,+80.620916217E-03
+3.107975000E-03,+919.123576825E-03,+2.552724532961E+00,+81.592649881E-03
+3.107980000E-03,+909.899330705E-03,+2.552724532961E+00,+81.979584543E-03
+3.107985000E-03,+900.156868498E-03,+2.552724532961E+00,+82.911745346E-03
+3.107990000E-03,+889.999833459E-03,+2.552724532961E+00,+83.210740308E-03
+3.107995000E-03,+880.827408911E-03,+2.552724532961E+00,+84.244031761E-03
+3.108000000E-03,+871.136768305E-03,+2.552724532961E+00,+84.428705120E-03
+3.108005000E-03,+861.238841259E-03,+2.552724532961E+00,+85.479584512E-03
+3.108010000E-03,+851.910951930E-03,+2.552724532961E+00,+85.523554358E-03
+3.108015000E-03,+841.080235989E-03,+2.552724532961E+00,+86.570036759E-03
+3.108020000E-03,+830.353163237E-03,+2.552724532961E+00,+86.675564396E-03
+3.108025000E-03,+819.729733674E-03,+2.552724532961E+00,+87.625313128E-03
+3.108030000E-03,+808.847196105E-03,+2.552724532961E+00,+87.704458857E-03
+3.108035000E-03,+798.223766569E-03,+2.552724532961E+00,+88.557473921E-03
+3.108040000E-03,+786.926656134E-03,+2.552724532961E+00,+88.702574427E-03
+3.108045000E-03,+775.785010539E-03,+2.552724532961E+00,+89.533604564E-03
+3.108050000E-03,+764.643364928E-03,+2.552724532961E+00,+89.678705070E-03
+3.108055000E-03,+752.620752002E-03,+2.552724532961E+00,+90.377825662E-03
+3.108060000E-03,+740.546317460E-03,+2.552724532961E+00,+90.518529182E-03
+3.108065000E-03,+728.679169353E-03,+2.552724532961E+00,+91.230840728E-03
+3.108070000E-03,+718.107561393E-03,+2.552724532961E+00,+91.331971383E-03
+3.108075000E-03,+706.188591682E-03,+2.552724532961E+00,+92.048679914E-03
+3.108080000E-03,+694.010513925E-03,+2.552724532961E+00,+92.022298010E-03
+3.108085000E-03,+681.469684916E-03,+2.552724532961E+00,+92.752197495E-03
+3.108090000E-03,+668.358818237E-03,+2.552724532961E+00,+92.545539213E-03
+3.108095000E-03,+655.455237979E-03,+2.552724532961E+00,+93.433730153E-03
+3.108100000E-03,+644.158127537E-03,+2.552724532961E+00,+93.095162318E-03
+3.108105000E-03,+631.720941768E-03,+2.552724532961E+00,+94.088880897E-03
+3.108110000E-03,+618.558253455E-03,+2.552724532961E+00,+93.556845732E-03
+3.108115000E-03,+606.328354063E-03,+2.552724532961E+00,+94.581343205E-03
+3.108120000E-03,+593.632060222E-03,+2.552724532961E+00,+93.948177388E-03
+3.108125000E-03,+580.210263924E-03,+2.552724532961E+00,+95.029835661E-03
+3.108130000E-03,+567.151218839E-03,+2.552724532961E+00,+94.295539193E-03
+3.108135000E-03,+553.573957659E-03,+2.552724532961E+00,+95.377197468E-03
+3.108140000E-03,+540.463090955E-03,+2.552724532961E+00,+94.603328133E-03
+3.108145000E-03,+526.523078560E-03,+2.552724532961E+00,+95.667398470E-03
+3.108150000E-03,+513.101282203E-03,+2.552724532961E+00,+94.893529136E-03
+3.108155000E-03,+499.834950694E-03,+2.552724532961E+00,+95.860865807E-03
+3.108160000E-03,+484.754862916E-03,+2.552724532961E+00,+95.012247726E-03
+3.108165000E-03,+471.643996224E-03,+2.552724532961E+00,+95.997172338E-03
+3.108170000E-03,+458.118556683E-03,+2.552724532961E+00,+95.069408529E-03
+3.108175000E-03,+443.193933726E-03,+2.552724532961E+00,+96.049936159E-03
+3.108180000E-03,+429.875780584E-03,+2.552724532961E+00,+95.205715059E-03
+3.108185000E-03,+415.210265704E-03,+2.552724532961E+00,+95.979584400E-03
+3.108190000E-03,+401.218431641E-03,+2.552724532961E+00,+95.214509029E-03
+3.108195000E-03,+387.226597620E-03,+2.552724532961E+00,+95.887247719E-03
+3.108200000E-03,+372.664725935E-03,+2.552724532961E+00,+95.183730136E-03
+3.108205000E-03,+356.962778896E-03,+2.552724532961E+00,+95.702574352E-03
+3.108210000E-03,+341.779047891E-03,+2.552724532961E+00,+95.148554255E-03
+3.108215000E-03,+327.942678685E-03,+2.552724532961E+00,+95.302448731E-03
+3.108220000E-03,+313.691736604E-03,+2.552724532961E+00,+95.012247726E-03
+3.108225000E-03,+299.026221704E-03,+2.552724532961E+00,+95.056217577E-03
+3.108230000E-03,+284.153420368E-03,+2.552724532961E+00,+94.849559281E-03
+3.108235000E-03,+269.176975791E-03,+2.552724532961E+00,+94.612122105E-03
+3.108240000E-03,+254.045066402E-03,+2.552724532961E+00,+94.537373356E-03
+3.108245000E-03,+239.068621834E-03,+2.552724532961E+00,+94.190011559E-03
+3.108250000E-03,+223.729426027E-03,+2.552724532961E+00,+94.040514069E-03
+3.108255000E-03,+208.597516641E-03,+2.552724532961E+00,+93.631594479E-03
+3.108260000E-03,+193.880180123E-03,+2.552724532961E+00,+93.543654777E-03
+3.108265000E-03,+178.281876240E-03,+2.552724532961E+00,+93.112750265E-03
+3.108270000E-03,+162.890858851E-03,+2.552724532961E+00,+93.011619605E-03
+3.108275000E-03,+147.758949456E-03,+2.552724532961E+00,+92.593906045E-03
+3.108280000E-03,+131.694251140E-03,+2.552724532961E+00,+92.391644740E-03
+3.108285000E-03,+115.992304053E-03,+2.552724532961E+00,+91.965137210E-03
+3.108290000E-03,+100.964037872E-03,+2.552724532961E+00,+91.573805552E-03
+3.108295000E-03,+86.143058145E-03,+2.552724532961E+00,+91.213252794E-03
+3.108300000E-03,+70.700219126E-03,+2.552724532961E+00,+90.786745259E-03
+3.108305000E-03,+56.086525807E-03,+2.552724532961E+00,+90.329458834E-03
+3.108310000E-03,+39.762719442E-03,+2.552724532961E+00,+89.951318134E-03
+3.108315000E-03,+24.268058819E-03,+2.552724532961E+00,+89.520413616E-03
+3.108320000E-03,+9.136149442E-03,+2.552724532961E+00,+89.058730204E-03
+3.108325000E-03,-5.011149425E-03,+2.552724532961E+00,+88.755338243E-03
+3.108330000E-03,-19.054805066E-03,+2.552724532961E+00,+88.034232727E-03
+3.108335000E-03,-34.653108883E-03,+2.552724532961E+00,+87.678076954E-03
+3.108340000E-03,-49.474088638E-03,+2.552724532961E+00,+86.939383494E-03
+3.108345000E-03,-64.450533183E-03,+2.552724532961E+00,+86.715137264E-03
+3.108350000E-03,-80.774339561E-03,+2.552724532961E+00,+85.747800592E-03
+3.108355000E-03,-95.180746447E-03,+2.552724532961E+00,+85.655463910E-03
+3.108360000E-03,-110.364477430E-03,+2.552724532961E+00,+84.534232766E-03
+3.108365000E-03,-128.294753614E-03,+2.552724532961E+00,+84.543026737E-03
+3.108370000E-03,-142.234766038E-03,+2.552724532961E+00,+83.285489059E-03
+3.108375000E-03,-157.936713126E-03,+2.552724532961E+00,+83.355840817E-03
+3.108380000E-03,-174.053233023E-03,+2.552724532961E+00,+81.940011691E-03
+3.108385000E-03,-187.889602218E-03,+2.552724532961E+00,+82.093906160E-03
+3.108390000E-03,-203.125154836E-03,+2.552724532961E+00,+80.572549395E-03
+3.108395000E-03,-218.101599407E-03,+2.552724532961E+00,+80.651695117E-03
+3.108400000E-03,-233.388973587E-03,+2.552724532961E+00,+79.271041869E-03
+3.108405000E-03,-249.453671917E-03,+2.552724532961E+00,+79.196293125E-03
+3.108410000E-03,-264.741046149E-03,+2.552724532961E+00,+77.943152435E-03
+3.108415000E-03,-279.872955523E-03,+2.552724532961E+00,+77.670539373E-03
+3.108420000E-03,-295.263972920E-03,+2.552724532961E+00,+76.474559486E-03
+3.108425000E-03,-309.670379826E-03,+2.552724532961E+00,+76.056845925E-03
+3.108430000E-03,-325.268683674E-03,+2.552724532961E+00,+74.935614777E-03
+3.108435000E-03,-339.571447343E-03,+2.552724532961E+00,+74.368403733E-03
+3.108440000E-03,-354.651535130E-03,+2.552724532961E+00,+73.343906249E-03
+3.108445000E-03,-370.405303775E-03,+2.552724532961E+00,+72.671167572E-03
+3.108450000E-03,-385.278105111E-03,+2.552724532961E+00,+71.699433904E-03
+3.108455000E-03,-398.907187893E-03,+2.552724532961E+00,+70.921167594E-03
+3.108460000E-03,-414.453670123E-03,+2.552724532961E+00,+69.914258044E-03
+3.108465000E-03,-429.171006664E-03,+2.552724532961E+00,+69.100815855E-03
+3.108470000E-03,-444.406559296E-03,+2.552724532961E+00,+68.159861077E-03
+3.108475000E-03,-458.191106840E-03,+2.552724532961E+00,+67.262876174E-03
+3.108480000E-03,-472.442048917E-03,+2.552724532961E+00,+66.286745522E-03
+3.108485000E-03,-487.211207068E-03,+2.552724532961E+00,+65.319408859E-03
+3.108490000E-03,-501.462149109E-03,+2.552724532961E+00,+64.461996797E-03
+3.108495000E-03,-514.624837425E-03,+2.552724532961E+00,+63.419911389E-03
+3.108500000E-03,-527.994812165E-03,+2.552724532961E+00,+62.553705361E-03
+3.108505000E-03,-541.416608512E-03,+2.552724532961E+00,+61.340137543E-03
+3.108510000E-03,-554.786583235E-03,+2.552724532961E+00,+60.746544577E-03
+3.108515000E-03,-568.571130824E-03,+2.552724532961E+00,+59.238378774E-03
+3.108520000E-03,-582.252035184E-03,+2.552724532961E+00,+58.675564702E-03
+3.108525000E-03,-595.103793867E-03,+2.552724532961E+00,+57.294911454E-03
+3.108530000E-03,-607.903730903E-03,+2.552724532961E+00,+56.657348641E-03
+3.108535000E-03,-621.429170416E-03,+2.552724532961E+00,+55.122800927E-03
+3.108540000E-03,-634.229107506E-03,+2.552724532961E+00,+54.498429067E-03
+3.108545000E-03,-645.888969216E-03,+2.552724532961E+00,+53.135363760E-03
+3.108550000E-03,-659.466230347E-03,+2.552724532961E+00,+52.431846176E-03
+3.108555000E-03,-671.799772909E-03,+2.552724532961E+00,+51.020414034E-03
+3.108560000E-03,-683.770564257E-03,+2.552724532961E+00,+50.198177859E-03
+3.108565000E-03,-696.933252569E-03,+2.552724532961E+00,+48.857097474E-03
+3.108570000E-03,-708.800400705E-03,+2.552724532961E+00,+47.858981905E-03
+3.108575000E-03,-721.444872927E-03,+2.552724532961E+00,+46.605841215E-03
+3.108580000E-03,-733.208377810E-03,+2.552724532961E+00,+45.581343738E-03
+3.108585000E-03,-745.697385207E-03,+2.552724532961E+00,+44.411745765E-03
+3.108590000E-03,-757.979106185E-03,+2.552724532961E+00,+43.189383967E-03
+3.108595000E-03,-768.965286980E-03,+2.552724532961E+00,+42.129710611E-03
+3.108600000E-03,-781.402472771E-03,+2.552724532961E+00,+40.845791024E-03
+3.108605000E-03,-793.062334473E-03,+2.552724532961E+00,+39.772926717E-03
+3.108610000E-03,-803.893050434E-03,+2.552724532961E+00,+38.418655373E-03
+3.108615000E-03,-814.257371942E-03,+2.552724532961E+00,+37.433730765E-03
+3.108620000E-03,-825.813590380E-03,+2.552724532961E+00,+35.947549868E-03
+3.108625000E-03,-837.577095310E-03,+2.552724532961E+00,+35.032977023E-03
+3.108630000E-03,-847.889595180E-03,+2.552724532961E+00,+33.467650400E-03
+3.108635000E-03,-858.253916698E-03,+2.552724532961E+00,+32.557474534E-03
+3.108640000E-03,-868.566416544E-03,+2.552724532961E+00,+31.027323791E-03
+3.108645000E-03,-878.930738049E-03,+2.552724532961E+00,+30.209484610E-03
+3.108650000E-03,-889.502345990E-03,+2.552724532961E+00,+28.494660500E-03
+3.108655000E-03,-900.540348372E-03,+2.552724532961E+00,+27.720791172E-03
+3.108660000E-03,-909.920059343E-03,+2.552724532961E+00,+26.010364046E-03
+3.108665000E-03,-920.232559245E-03,+2.552724532961E+00,+25.144158034E-03
+3.108670000E-03,-929.767735028E-03,+2.552724532961E+00,+23.486494723E-03
+3.108675000E-03,-939.354732401E-03,+2.552724532961E+00,+22.668655547E-03
+3.108680000E-03,-949.097194609E-03,+2.552724532961E+00,+20.945037466E-03
+3.108685000E-03,-958.995121638E-03,+2.552724532961E+00,+20.122801302E-03
+3.108690000E-03,-967.597508482E-03,+2.552724532961E+00,+18.372801312E-03
+3.108695000E-03,-977.391792279E-03,+2.552724532961E+00,+17.532977210E-03
+3.108700000E-03,-985.475963048E-03,+2.552724532961E+00,+15.769786264E-03
+3.108705000E-03,-994.181993131E-03,+2.552724532961E+00,+14.951947087E-03
+3.108710000E-03,-1.002110699038E+00,+2.552724532961E+00,+13.166771218E-03
+3.108715000E-03,-1.010091226611E+00,+2.552724532961E+00,+12.309359177E-03
+3.108720000E-03,-1.019108186334E+00,+2.552724532961E+00,+10.572550141E-03
+3.108725000E-03,-1.027296000299E+00,+2.552724532961E+00,+9.701947141E-03
+3.108730000E-03,-1.033566414837E+00,+2.552724532961E+00,+7.973932078E-03
+3.108735000E-03,-1.041287834333E+00,+2.552724532961E+00,+7.169283851E-03
+3.108740000E-03,-1.048387394553E+00,+2.552724532961E+00,+5.406092911E-03
+3.108745000E-03,-1.055383311579E+00,+2.552724532961E+00,+4.447550212E-03
+3.108750000E-03,-1.063001087884E+00,+2.552724532961E+00,+2.913002488E-03
+3.108755000E-03,-1.069634253633E+00,+2.552724532961E+00,+1.769786422E-03
+3.108760000E-03,-1.076422884229E+00,+2.552724532961E+00,+455.087941E-06
+3.108765000E-03,-1.082226904256E+00,+2.552724532961E+00,-921.168324E-06
+3.108770000E-03,-1.089119178057E+00,+2.552724532961E+00,-2.108354242E-03
+3.108775000E-03,-1.095285949310E+00,+2.552724532961E+00,-3.568153220E-03
+3.108780000E-03,-1.100260823657E+00,+2.552724532961E+00,-4.684987381E-03
+3.108785000E-03,-1.105650270848E+00,+2.552724532961E+00,-6.171168267E-03
+3.108790000E-03,-1.111454290879E+00,+2.552724532961E+00,-7.230841628E-03
+3.108795000E-03,-1.116688273214E+00,+2.552724532961E+00,-8.932474768E-03
+3.108800000E-03,-1.121507682731E+00,+2.552724532961E+00,-9.882223509E-03
+3.108805000E-03,-1.126482557038E+00,+2.552724532961E+00,-11.588253633E-03
+3.108810000E-03,-1.131716539396E+00,+2.552724532961E+00,-12.559987299E-03
+3.108815000E-03,-1.136691413726E+00,+2.359414239309E+00,-14.138504866E-03
+3.108820000E-03,-1.140267104643E+00,+77.300571825E-03,-15.193781239E-03
+3.108825000E-03,-1.144153725196E+00,-174.426819702E-03,-16.596419411E-03
+3.108830000E-03,-1.147729416113E+00,-134.225816132E-03,-18.025439500E-03
+3.108835000E-03,-1.152030609526E+00,+210.701944008E-03,-19.098303804E-03
+3.108840000E-03,-1.155191727600E+00,-40.004709244E-03,-20.632851534E-03
+3.108845000E-03,-1.160166601905E+00,-72.589509415E-03,-21.586997249E-03
+3.108850000E-03,-1.162550395888E+00,-104.075061537E-03,-23.319409295E-03
+3.108855000E-03,-1.165141476254E+00,-31.603329380E-03,-24.255967068E-03
+3.108860000E-03,-1.167369805392E+00,-44.872800756E-03,-25.997173083E-03
+3.108865000E-03,-1.170479101812E+00,-49.191268434E-03,-26.766645433E-03
+3.108870000E-03,-1.173951149508E+00,-58.613378658E-03,-28.547424311E-03
+3.108875000E-03,-1.175816727387E+00,-54.294911596E-03,-29.338881590E-03
+3.108880000E-03,-1.178200521327E+00,-49.740891374E-03,-31.154836343E-03
+3.108885000E-03,-1.179547883137E+00,-52.331971845E-03,-31.950690607E-03
+3.108890000E-03,-1.181568925841E+00,-50.840137602E-03,-33.687499632E-03
+3.108895000E-03,-1.182657179567E+00,-50.761620086E-03,-34.395414197E-03
+3.108900000E-03,-1.184522757427E+00,-48.641645211E-03,-36.286117693E-03
+3.108905000E-03,-1.185766476035E+00,-48.092022130E-03,-36.919283515E-03
+3.108910000E-03,-1.186491978546E+00,-48.170539735E-03,-38.792399077E-03
+3.108915000E-03,-1.186958372998E+00,-48.484609998E-03,-39.394786001E-03
+3.108920000E-03,-1.187528410688E+00,-49.505338642E-03,-41.276695535E-03
+3.108925000E-03,-1.188150269995E+00,-50.447549726E-03,-41.835112610E-03
+3.108930000E-03,-1.187580232301E+00,-49.112750724E-03,-43.818152790E-03
+3.108935000E-03,-1.186491978546E+00,-49.976444215E-03,-44.266645246E-03
+3.108940000E-03,-1.186129227292E+00,-50.604584829E-03,-46.196921611E-03
+3.108945000E-03,-1.186129227274E+00,-47.620916581E-03,-46.619032158E-03
+3.108950000E-03,-1.185040973558E+00,-46.600187970E-03,-48.461368823E-03
+3.108955000E-03,-1.184056362982E+00,-46.600187925E-03,-49.032976854E-03
+3.108960000E-03,-1.182294428320E+00,-46.286117604E-03,-50.796167791E-03
+3.108965000E-03,-1.181257996202E+00,-47.620916552E-03,-51.433730599E-03
+3.108970000E-03,-1.179910634395E+00,-47.934986903E-03,-53.082599926E-03
+3.108975000E-03,-1.178666915828E+00,-48.092022122E-03,-53.821293385E-03
+3.108980000E-03,-1.175557619359E+00,-47.542398970E-03,-55.307474277E-03
+3.108985000E-03,-1.173381111868E+00,-47.306846260E-03,-56.081343613E-03
+3.108990000E-03,-1.171360069170E+00,-46.050564860E-03,-57.404836063E-03
+3.108995000E-03,-1.168302594323E+00,-47.934986948E-03,-58.354584796E-03
+3.109000000E-03,-1.166488838079E+00,-44.951318623E-03,-59.568152625E-03
+3.109005000E-03,-1.163638649669E+00,-46.757223129E-03,-60.605841056E-03
+3.109010000E-03,-1.159700207492E+00,-45.736494467E-03,-61.766645059E-03
+3.109015000E-03,-1.156383624637E+00,-47.699434123E-03,-62.870288265E-03
+3.109020000E-03,-1.154569868353E+00,-46.207599992E-03,-63.837624938E-03
+3.109025000E-03,-1.149905923672E+00,-46.835740695E-03,-65.042398794E-03
+3.109030000E-03,-1.147418486530E+00,-47.306846236E-03,-65.825062102E-03
+3.109035000E-03,-1.142910006659E+00,-44.951318617E-03,-67.117775659E-03
+3.109040000E-03,-1.138816099688E+00,-47.071293484E-03,-67.812499267E-03
+3.109045000E-03,-1.133582117304E+00,-46.207600011E-03,-69.175564581E-03
+3.109050000E-03,-1.129177280700E+00,-45.343906580E-03,-69.852700253E-03
+3.109055000E-03,-1.125446124959E+00,-46.914258368E-03,-71.220162549E-03
+3.109060000E-03,-1.119693926510E+00,-44.794283446E-03,-71.752197719E-03
+3.109065000E-03,-1.114304479344E+00,-45.500941708E-03,-73.097675088E-03
+3.109070000E-03,-1.108344994495E+00,-45.657976883E-03,-73.730840914E-03
+3.109075000E-03,-1.103577406604E+00,-44.401695517E-03,-74.953202707E-03
+3.109080000E-03,-1.098239781044E+00,-44.244660312E-03,-75.573177578E-03
+3.109085000E-03,-1.092539404198E+00,-45.029836217E-03,-76.769157463E-03
+3.109090000E-03,-1.087098135386E+00,-45.657976938E-03,-77.521041877E-03
+3.109095000E-03,-1.079584002327E+00,-44.009107603E-03,-78.527951415E-03
+3.109100000E-03,-1.073935447123E+00,-44.244660321E-03,-79.389760450E-03
+3.109105000E-03,-1.066887708544E+00,-44.558730669E-03,-80.115262959E-03
+3.109110000E-03,-1.061290974907E+00,-44.087625162E-03,-81.091393598E-03
+3.109115000E-03,-1.053828663403E+00,-45.108353782E-03,-81.882850877E-03
+3.109120000E-03,-1.046832746411E+00,-43.695037217E-03,-82.797423728E-03
+3.109125000E-03,-1.038593110829E+00,-46.050564815E-03,-83.487750357E-03
+3.109130000E-03,-1.031234442562E+00,-44.951318598E-03,-84.450690043E-03
+3.109135000E-03,-1.022372947684E+00,-45.186871363E-03,-85.075061901E-03
+3.109140000E-03,-1.014547884966E+00,-43.302449329E-03,-85.994031736E-03
+3.109145000E-03,-1.006567357415E+00,-43.066896514E-03,-86.596418671E-03
+3.109150000E-03,-999.415975572E-03,-44.480213079E-03,-87.480212623E-03
+3.109155000E-03,-990.243551033E-03,-44.166142740E-03,-88.082599555E-03
+3.109160000E-03,-982.522131507E-03,-42.909861337E-03,-88.852071911E-03
+3.109165000E-03,-972.935134147E-03,-44.009107559E-03,-89.392901051E-03
+3.109170000E-03,-963.762709631E-03,-43.538002062E-03,-90.298679932E-03
+3.109175000E-03,-954.901214741E-03,-44.480213095E-03,-90.676820633E-03
+3.109180000E-03,-945.417860573E-03,-42.595791004E-03,-91.652951276E-03
+3.109185000E-03,-936.089971211E-03,-42.752826219E-03,-91.947549265E-03
+3.109190000E-03,-926.192044223E-03,-43.223931660E-03,-92.901694980E-03
+3.109195000E-03,-915.620436284E-03,-42.909861312E-03,-93.174308045E-03
+3.109200000E-03,-906.240725298E-03,-42.124685469E-03,-94.124056774E-03
+3.109205000E-03,-895.876403830E-03,-42.438755859E-03,-94.313127128E-03
+3.109210000E-03,-884.579293417E-03,-40.632851381E-03,-95.166142194E-03
+3.109215000E-03,-875.303225625E-03,-42.674308569E-03,-95.500313044E-03
+3.109220000E-03,-864.783439331E-03,-42.438755855E-03,-96.217021577E-03
+3.109225000E-03,-854.781869111E-03,-42.281720640E-03,-96.573177354E-03
+3.109230000E-03,-844.417547608E-03,-43.066896530E-03,-97.140388404E-03
+3.109235000E-03,-833.120437155E-03,-42.360238224E-03,-97.637247696E-03
+3.109240000E-03,-821.512397098E-03,-42.674308604E-03,-97.989006487E-03
+3.109245000E-03,-810.837145952E-03,-42.124685456E-03,-98.661745171E-03
+3.109250000E-03,-798.762711376E-03,-41.653579949E-03,-98.877197433E-03
+3.109255000E-03,-787.310136175E-03,-40.789886527E-03,-99.479584356E-03
+3.109260000E-03,-776.116668943E-03,-40.554333746E-03,-99.695036622E-03
+3.109265000E-03,-762.798515826E-03,-43.145414133E-03,-100.284232588E-03
+3.109270000E-03,-751.553226995E-03,-41.418027191E-03,-100.429333096E-03
+3.109275000E-03,-739.167862815E-03,-44.087625188E-03,-101.058101928E-03
+3.109280000E-03,-727.611644327E-03,-40.475816146E-03,-101.062498918E-03
+3.109285000E-03,-715.329923355E-03,-42.046167878E-03,-101.664885839E-03
+3.109290000E-03,-702.996380793E-03,-41.260992014E-03,-101.673679813E-03
+3.109295000E-03,-690.507373380E-03,-42.988378920E-03,-102.139760212E-03
+3.109300000E-03,-678.122009221E-03,-43.145414095E-03,-102.249684835E-03
+3.109305000E-03,-665.529358573E-03,-42.203203069E-03,-102.764132067E-03
+3.109310000E-03,-652.573956712E-03,-42.046167859E-03,-102.693780304E-03
+3.109315000E-03,-638.789409108E-03,-42.203203062E-03,-103.199433569E-03
+3.109320000E-03,-626.144936876E-03,-42.124685436E-03,-103.098302910E-03
+3.109325000E-03,-612.308567697E-03,-42.203203118E-03,-103.511619497E-03
+3.109330000E-03,-598.886771341E-03,-41.103956836E-03,-103.397297883E-03
+3.109335000E-03,-585.827726263E-03,-42.046167878E-03,-103.867775273E-03
+3.109340000E-03,-571.939535466E-03,-41.967650304E-03,-103.757850643E-03
+3.109345000E-03,-558.984133606E-03,-40.789886485E-03,-104.105212458E-03
+3.109350000E-03,-546.132374928E-03,-42.595791001E-03,-103.990890844E-03
+3.109355000E-03,-532.192362503E-03,-41.260992020E-03,-104.210740095E-03
+3.109360000E-03,-517.889598870E-03,-41.653579982E-03,-104.184358175E-03
+3.109365000E-03,-503.431370384E-03,-41.025439302E-03,-104.276694868E-03
+3.109370000E-03,-489.957752442E-03,-41.103956856E-03,-104.355840585E-03
+3.109375000E-03,-475.654988777E-03,-41.732097533E-03,-104.276694868E-03
+3.109380000E-03,-460.678544192E-03,-40.397298566E-03,-104.369031542E-03
+3.109385000E-03,-446.168494092E-03,-41.496544798E-03,-104.188755170E-03
+3.109390000E-03,-431.710265590E-03,-42.281720626E-03,-104.263503903E-03
+3.109395000E-03,-415.801032108E-03,-41.810615133E-03,-104.188755168E-03
+3.109400000E-03,-401.861019694E-03,-41.653579972E-03,-104.197549131E-03
+3.109405000E-03,-388.542866575E-03,-41.653579923E-03,-104.012875779E-03
+3.109410000E-03,-372.685454689E-03,-41.653579976E-03,-103.977699889E-03
+3.109415000E-03,-358.123582981E-03,-41.418027201E-03,-103.718277785E-03
+3.109420000E-03,-342.939852017E-03,-41.103956803E-03,-103.757850649E-03
+3.109425000E-03,-328.067050634E-03,-41.732097580E-03,-103.538001403E-03
+3.109430000E-03,-312.468746811E-03,-40.004710650E-03,-103.472046634E-03
+3.109435000E-03,-298.062339920E-03,-41.653579993E-03,-103.111493868E-03
+3.109440000E-03,-283.137716975E-03,-39.926193073E-03,-103.107096888E-03
+3.109445000E-03,-268.938596482E-03,-41.339509581E-03,-102.539885836E-03
+3.109450000E-03,-253.133006226E-03,-40.161745774E-03,-102.671795387E-03
+3.109455000E-03,-237.897453634E-03,-39.847675459E-03,-102.069408453E-03
+3.109460000E-03,-223.180117098E-03,-40.397298569E-03,-102.205714991E-03
+3.109465000E-03,-207.996386105E-03,-41.182474410E-03,-101.484609464E-03
+3.109470000E-03,-193.797265660E-03,-41.732097546E-03,-101.603328061E-03
+3.109475000E-03,-178.665356277E-03,-41.653579979E-03,-100.917398416E-03
+3.109480000E-03,-162.341549937E-03,-41.339509624E-03,-100.869031588E-03
+3.109485000E-03,-148.090607825E-03,-40.868404102E-03,-100.266644656E-03
+3.109490000E-03,-132.129552771E-03,-40.711368904E-03,-100.077574309E-03
+3.109495000E-03,-116.583070501E-03,-40.868404075E-03,-99.536745165E-03
+3.109500000E-03,-100.932945034E-03,-40.632851374E-03,-99.259735122E-03
+3.109505000E-03,-86.474716546E-03,-41.496544799E-03,-98.837624572E-03
+3.109510000E-03,-71.394628750E-03,-42.124685489E-03,-98.274810513E-03
+3.109515000E-03,-55.899968148E-03,-40.711368884E-03,-97.909860760E-03
+3.109520000E-03,-40.923523585E-03,-41.496544812E-03,-97.329458764E-03
+3.109525000E-03,-27.242619193E-03,-41.732097495E-03,-96.977699965E-03
+3.109530000E-03,-10.607883199E-03,-42.124685468E-03,-96.397297973E-03
+3.109535000E-03,+4.472204556E-03,-42.281720687E-03,-96.049936155E-03
+3.109540000E-03,+20.796010914E-03,-42.438755803E-03,-95.333227630E-03
+3.109545000E-03,+34.787844962E-03,-42.674308540E-03,-94.897926122E-03
+3.109550000E-03,+50.230683970E-03,-40.946921669E-03,-94.269157287E-03
+3.109555000E-03,+66.036274271E-03,-41.653579952E-03,-93.811870855E-03
+3.109560000E-03,+81.997329378E-03,-40.397298562E-03,-92.980840719E-03
+3.109565000E-03,+97.751098040E-03,-41.810615182E-03,-92.620287955E-03
+3.109570000E-03,+112.520256219E-03,-42.360238205E-03,-91.793654799E-03
+3.109575000E-03,+127.185771125E-03,-41.967650321E-03,-91.450689979E-03
+3.109580000E-03,+143.509577492E-03,-41.496544730E-03,-90.474559335E-03
+3.109585000E-03,+159.315167718E-03,-41.418027157E-03,-90.092021654E-03
+3.109590000E-03,+174.187969087E-03,-41.889132662E-03,-89.129081965E-03
+3.109595000E-03,+189.993559358E-03,-40.946921672E-03,-88.728956343E-03
+3.109600000E-03,+205.332755169E-03,-40.397298566E-03,-87.708855851E-03
+3.109605000E-03,+220.101913321E-03,-41.418027188E-03,-87.335112134E-03
+3.109610000E-03,+235.544752365E-03,-40.240263423E-03,-86.279835765E-03
+3.109615000E-03,+250.469375302E-03,-41.025439249E-03,-85.690639793E-03
+3.109620000E-03,+265.393998285E-03,-39.769157841E-03,-84.934358392E-03
+3.109625000E-03,+281.251410167E-03,-41.653579966E-03,-84.081343325E-03
+3.109630000E-03,+296.435141160E-03,-40.711368921E-03,-83.448177504E-03
+3.109635000E-03,+311.411585702E-03,-40.475816125E-03,-82.397298118E-03
+3.109640000E-03,+326.595316734E-03,-42.517273404E-03,-81.900438824E-03
+3.109645000E-03,+341.053545192E-03,-41.103956839E-03,-80.510991607E-03
+3.109650000E-03,+355.926346545E-03,-41.732097543E-03,-80.247172511E-03
+3.109655000E-03,+370.073645407E-03,-41.260992020E-03,-78.787373535E-03
+3.109660000E-03,+385.257376365E-03,-40.946921679E-03,-78.457599670E-03
+3.109665000E-03,+399.663783262E-03,-41.339509615E-03,-77.015388632E-03
+3.109670000E-03,+414.588406199E-03,-40.789886480E-03,-76.738378578E-03
+3.109675000E-03,+429.150277928E-03,-42.281720625E-03,-75.296167545E-03
+3.109680000E-03,+441.950214977E-03,-40.632851313E-03,-74.794911266E-03
+3.109685000E-03,+455.993870617E-03,-42.988378937E-03,-73.489006759E-03
+3.109690000E-03,+470.659385512E-03,-41.260992027E-03,-72.847046966E-03
+3.109695000E-03,+483.666609053E-03,-41.182474430E-03,-71.620288181E-03
+3.109700000E-03,+498.746696771E-03,-40.161745805E-03,-70.929961561E-03
+3.109705000E-03,+511.857563483E-03,-42.438755784E-03,-69.690011822E-03
+3.109710000E-03,+526.523078406E-03,-41.810615077E-03,-68.924936459E-03
+3.109715000E-03,+539.737588294E-03,-41.967650329E-03,-67.750941487E-03
+3.109720000E-03,+553.211206240E-03,-42.438755791E-03,-66.937499291E-03
+3.109725000E-03,+566.011143324E-03,-41.967650322E-03,-65.794283215E-03
+3.109730000E-03,+580.262085337E-03,-42.360238229E-03,-64.800564646E-03
+3.109735000E-03,+593.424773664E-03,-42.203203073E-03,-63.626569672E-03
+3.109740000E-03,+606.950213180E-03,-41.653579945E-03,-62.681217935E-03
+3.109745000E-03,+619.750150297E-03,-41.339509561E-03,-61.472047083E-03
+3.109750000E-03,+632.498265706E-03,-41.182474440E-03,-60.482725496E-03
+3.109755000E-03,+644.676343465E-03,-41.575062372E-03,-59.326318461E-03
+3.109760000E-03,+656.906242843E-03,-41.260992045E-03,-58.323805921E-03
+3.109765000E-03,+668.410639714E-03,-40.868404139E-03,-57.264132558E-03
+3.109770000E-03,+681.366041533E-03,-41.339509590E-03,-56.032976800E-03
+3.109775000E-03,+693.647762521E-03,-41.182474458E-03,-55.043655189E-03
+3.109780000E-03,+705.100337813E-03,-41.575062405E-03,-53.649810994E-03
+3.109785000E-03,+717.641166824E-03,-41.025439220E-03,-52.748429086E-03
+3.109790000E-03,+728.938277240E-03,-41.575062362E-03,-51.271042180E-03
+3.109795000E-03,+741.686392678E-03,-41.889132678E-03,-50.356469311E-03
+3.109800000E-03,+753.294432779E-03,-41.575062380E-03,-48.923052253E-03
+3.109805000E-03,+765.317045670E-03,-41.575062383E-03,-47.982097478E-03
+3.109810000E-03,+775.785010425E-03,-42.281720638E-03,-46.601444235E-03
+3.109815000E-03,+786.719369595E-03,-42.360238225E-03,-45.651695491E-03
+3.109820000E-03,+797.498263961E-03,-41.025439270E-03,-44.130338737E-03
+3.109825000E-03,+808.069871905E-03,-42.438755845E-03,-43.198177934E-03
+3.109830000E-03,+819.626090364E-03,-41.496544782E-03,-41.839509614E-03
+3.109835000E-03,+829.524017406E-03,-42.517273436E-03,-40.771042284E-03
+3.109840000E-03,+839.784695649E-03,-41.339509615E-03,-39.337625215E-03
+3.109845000E-03,+850.149017146E-03,-42.281720667E-03,-38.282348845E-03
+3.109850000E-03,+861.446127593E-03,-40.004710634E-03,-36.848931780E-03
+3.109855000E-03,+871.292233005E-03,-42.909861339E-03,-35.754082539E-03
+3.109860000E-03,+881.397446452E-03,-41.339509593E-03,-34.347047378E-03
+3.109865000E-03,+891.399016712E-03,-42.046167873E-03,-33.243404175E-03
+3.109870000E-03,+900.934192525E-03,-42.281720616E-03,-31.788002182E-03
+3.109875000E-03,+909.899330598E-03,-41.575062354E-03,-30.684358976E-03
+3.109880000E-03,+919.797257616E-03,-41.496544752E-03,-29.198178088E-03
+3.109885000E-03,+928.192358050E-03,-41.810615159E-03,-28.063755993E-03
+3.109890000E-03,+937.934820247E-03,-42.595790957E-03,-26.669911786E-03
+3.109895000E-03,+946.381742280E-03,-41.260992020E-03,-25.517901744E-03
+3.109900000E-03,+953.274016075E-03,-41.418027231E-03,-24.071293723E-03
+3.109905000E-03,+962.653727035E-03,-42.360238236E-03,-22.822550017E-03
+3.109910000E-03,+969.701465638E-03,-41.418027224E-03,-21.463881693E-03
+3.109915000E-03,+977.889279650E-03,-42.988378918E-03,-20.140389236E-03
+3.109920000E-03,+986.284380048E-03,-41.732097536E-03,-18.904836489E-03
+3.109925000E-03,+993.746691521E-03,-42.988378922E-03,-17.506595296E-03
+3.109930000E-03,+1.001312646240E+00,-42.988378918E-03,-16.297424462E-03
+3.109935000E-03,+1.008723136074E+00,-42.438755860E-03,-14.912374219E-03
+3.109940000E-03,+1.015408123462E+00,-41.260992024E-03,-13.782349109E-03
+3.109945000E-03,+1.023285007775E+00,-41.339509604E-03,-12.326947107E-03
+3.109950000E-03,+1.029762708740E+00,-43.773554744E-03,-11.135364215E-03
+3.109955000E-03,+1.035618550378E+00,-42.517273444E-03,-9.741520003E-03
+3.109960000E-03,+1.043495434691E+00,-41.889132728E-03,-8.435615502E-03
+3.109965000E-03,+1.049610384365E+00,-43.223931690E-03,-7.037374302E-03
+3.109970000E-03,+1.055984442135E+00,-41.810615164E-03,-5.793027588E-03
+3.109975000E-03,+1.061736640580E+00,-43.223931668E-03,-4.465138150E-03
+3.109980000E-03,+1.067177909341E+00,-41.653579941E-03,-3.119660785E-03
+3.109985000E-03,+1.073811075109E+00,-43.459484459E-03,-1.950062798E-03
+3.109990000E-03,+1.079096879075E+00,-41.575062369E-03,-569.409554E-06
+3.109995000E-03,+1.083968110194E+00,-42.909861353E-03,+560.615566E-06
+3.110000000E-03,+1.089668487000E+00,-40.789886573E-03,+2.178705990E-03
+3.110005000E-03,+1.095213399013E+00,+257.027311908E-03,+3.198806497E-03
+3.110010000E-03,+1.098737268315E+00,+2.511895382351E+00,+4.799308980E-03
+3.110015000E-03,+1.103556677806E+00,+2.552724532961E+00,+5.696293904E-03
+3.110020000E-03,+1.106769617485E+00,+2.552724532961E+00,+7.692525027E-03
+3.110025000E-03,+1.110241665176E+00,+2.552724532961E+00,+8.044283829E-03
+3.110030000E-03,+1.114076464120E+00,+2.552724532961E+00,+10.365891833E-03
+3.110035000E-03,+1.118792230369E+00,+2.552724532961E+00,+10.612122998E-03
+3.110040000E-03,+1.120865094728E+00,+2.552724532961E+00,+13.012876734E-03
+3.110045000E-03,+1.124492607237E+00,+2.552724532961E+00,+13.122801364E-03
+3.110050000E-03,+1.127083687604E+00,+2.552724532961E+00,+15.673052580E-03
+3.110055000E-03,+1.129622946350E+00,+2.552724532961E+00,+15.681846561E-03
+3.110060000E-03,+1.131695810695E+00,+2.552724532961E+00,+18.254082703E-03
+3.110065000E-03,+1.135116036791E+00,+2.552724532961E+00,+18.262876689E-03
+3.110070000E-03,+1.137914403611E+00,+2.552724532961E+00,+20.786745994E-03
+3.110075000E-03,+1.140816413597E+00,+2.552724532961E+00,+20.905464594E-03
+3.110080000E-03,+1.141956488974E+00,+2.552724532961E+00,+23.266645466E-03
+3.110085000E-03,+1.143511137176E+00,+2.552724532961E+00,+23.552449492E-03
+3.110090000E-03,+1.144806677396E+00,+2.552724532961E+00,+25.803705740E-03
+3.110095000E-03,+1.147138649677E+00,+2.552724532961E+00,+26.212625340E-03
+3.110100000E-03,+1.147035006503E+00,+2.552724532961E+00,+28.204459484E-03
+3.110105000E-03,+1.149263335607E+00,+2.552724532961E+00,+28.749685614E-03
+3.110110000E-03,+1.148848762778E+00,+2.552724532961E+00,+30.666771018E-03
+3.110115000E-03,+1.149522443652E+00,+2.552724532961E+00,+31.255966994E-03
+3.110120000E-03,+1.149885194930E+00,+2.552724532961E+00,+33.133479537E-03
+3.110125000E-03,+1.149574265290E+00,+2.552724532961E+00,+33.753454402E-03
+3.110130000E-03,+1.149056049230E+00,+2.552724532961E+00,+35.560615192E-03
+3.110135000E-03,+1.149107870802E+00,+2.552724532961E+00,+36.286117691E-03
+3.110140000E-03,+1.148123260291E+00,+2.552724532961E+00,+37.948177981E-03
+3.110145000E-03,+1.147915973858E+00,+2.552724532961E+00,+38.590137768E-03
+3.110150000E-03,+1.146154039216E+00,+2.552724532961E+00,+40.362122673E-03
+3.110155000E-03,+1.146154039186E+00,+2.552724532961E+00,+41.030464375E-03
+3.110160000E-03,+1.143977531671E+00,+2.552724532961E+00,+42.622172903E-03
+3.110165000E-03,+1.143718423629E+00,+2.552724532961E+00,+43.365263347E-03
+3.110170000E-03,+1.141490094535E+00,+2.552724532961E+00,+44.882223127E-03
+3.110175000E-03,+1.139417230261E+00,+2.552724532961E+00,+45.739635183E-03
+3.110180000E-03,+1.137188901142E+00,+2.552724532961E+00,+47.120288431E-03
+3.110185000E-03,+1.134805107129E+00,+2.552724532961E+00,+48.008479381E-03
+3.110190000E-03,+1.132214026813E+00,+2.552724532961E+00,+49.367147701E-03
+3.110195000E-03,+1.129726589603E+00,+2.552724532961E+00,+50.246544681E-03
+3.110200000E-03,+1.127239152469E+00,+2.552724532961E+00,+51.504082352E-03
+3.110205000E-03,+1.124181677638E+00,+2.552724532961E+00,+52.370288379E-03
+3.110210000E-03,+1.120502343522E+00,+2.552724532961E+00,+53.671795897E-03
+3.110215000E-03,+1.118222192787E+00,+2.552724532961E+00,+54.498429058E-03
+3.110220000E-03,+1.114542858653E+00,+2.552724532961E+00,+55.879082305E-03
+3.110225000E-03,+1.110708059723E+00,+2.552724532961E+00,+56.481469241E-03
+3.110230000E-03,+1.105992293405E+00,+2.552724532961E+00,+58.059986803E-03
+3.110235000E-03,+1.101691100010E+00,+2.552724532961E+00,+58.429333540E-03
+3.110240000E-03,+1.097908122687E+00,+2.552724532961E+00,+60.148554623E-03
+3.110245000E-03,+1.092259567451E+00,+2.552724532961E+00,+60.451946585E-03
+3.110250000E-03,+1.087181049894E+00,+2.552724532961E+00,+62.157976707E-03
+3.110255000E-03,+1.081895245946E+00,+2.552724532961E+00,+62.382222948E-03
+3.110260000E-03,+1.076609441972E+00,+2.552724532961E+00,+64.145413874E-03
+3.110265000E-03,+1.071634567685E+00,+2.552724532961E+00,+64.321293276E-03
+3.110270000E-03,+1.065675082803E+00,+2.552724532961E+00,+66.137248019E-03
+3.110275000E-03,+1.060078349189E+00,+2.552724532961E+00,+66.194408840E-03
+3.110280000E-03,+1.054429793981E+00,+2.552724532961E+00,+67.983981674E-03
+3.110285000E-03,+1.048211201096E+00,+2.552724532961E+00,+67.983981681E-03
+3.110290000E-03,+1.041267105688E+00,+2.552724532961E+00,+69.826318339E-03
+3.110295000E-03,+1.035307620856E+00,+2.552724532961E+00,+69.786745477E-03
+3.110300000E-03,+1.028052595753E+00,+2.552724532961E+00,+71.585112293E-03
+3.110305000E-03,+1.020642105925E+00,+2.552724532961E+00,+71.426820836E-03
+3.110310000E-03,+1.013438902445E+00,+2.552724532961E+00,+73.352700212E-03
+3.110315000E-03,+1.006132055798E+00,+2.552724532961E+00,+73.071293179E-03
+3.110320000E-03,+999.032495593E-03,+2.552724532961E+00,+75.085112257E-03
+3.110325000E-03,+990.637395220E-03,+2.552724532961E+00,+74.610237889E-03
+3.110330000E-03,+983.745121404E-03,+2.552724532961E+00,+76.584484099E-03
+3.110335000E-03,+974.987269710E-03,+2.552724532961E+00,+76.188755463E-03
+3.110340000E-03,+967.214028608E-03,+2.552724532961E+00,+78.171795640E-03
+3.110345000E-03,+960.062646730E-03,+2.552724532961E+00,+77.776066999E-03
+3.110350000E-03,+950.890222258E-03,+2.552724532961E+00,+79.609609695E-03
+3.110355000E-03,+941.976905774E-03,+2.552724532961E+00,+79.310614720E-03
+3.110360000E-03,+933.685448536E-03,+2.552724532961E+00,+80.959484056E-03
+3.110365000E-03,+924.564845651E-03,+2.552724532961E+00,+80.757222747E-03
+3.110370000E-03,+915.288777954E-03,+2.552724532961E+00,+82.177448862E-03
+3.110375000E-03,+905.805423760E-03,+2.552724532961E+00,+82.124685041E-03
+3.110380000E-03,+896.892107275E-03,+2.552724532961E+00,+83.316267952E-03
+3.110385000E-03,+886.631428983E-03,+2.552724532961E+00,+83.522926233E-03
+3.110390000E-03,+877.044431574E-03,+2.552724532961E+00,+84.613378489E-03
+3.110395000E-03,+867.198326149E-03,+2.552724532961E+00,+84.736494056E-03
+3.110400000E-03,+856.834004671E-03,+2.552724532961E+00,+85.721418678E-03
+3.110405000E-03,+846.728791203E-03,+2.552724532961E+00,+85.888504097E-03
+3.110410000E-03,+837.504545087E-03,+2.552724532961E+00,+86.842649823E-03
+3.110415000E-03,+826.207434674E-03,+2.552724532961E+00,+86.956971422E-03
+3.110420000E-03,+814.133000146E-03,+2.552724532961E+00,+87.933102067E-03
+3.110425000E-03,+802.628603271E-03,+2.552724532961E+00,+87.968277948E-03
+3.110430000E-03,+792.316103347E-03,+2.552724532961E+00,+88.909232712E-03
+3.110435000E-03,+781.381744176E-03,+2.552724532961E+00,+88.983981453E-03
+3.110440000E-03,+770.758314663E-03,+2.552724532961E+00,+89.832599538E-03
+3.110445000E-03,+759.668490639E-03,+2.552724532961E+00,+89.929333205E-03
+3.110450000E-03,+747.801342507E-03,+2.552724532961E+00,+90.566896013E-03
+3.110455000E-03,+735.675086382E-03,+2.552724532961E+00,+90.799936210E-03
+3.110460000E-03,+724.999835232E-03,+2.552724532961E+00,+91.402323135E-03
+3.110465000E-03,+713.391795145E-03,+2.552724532961E+00,+91.600187457E-03
+3.110470000E-03,+700.436393298E-03,+2.552724532961E+00,+92.132222624E-03
+3.110475000E-03,+688.258315536E-03,+2.552724532961E+00,+92.321292975E-03
+3.110480000E-03,+675.613843307E-03,+2.552724532961E+00,+92.800564335E-03
+3.110485000E-03,+662.969371122E-03,+2.552724532961E+00,+92.870916088E-03
+3.110490000E-03,+650.428542072E-03,+2.552724532961E+00,+93.468906032E-03
+3.110495000E-03,+638.613215585E-03,+2.552724532961E+00,+93.323805527E-03
+3.110500000E-03,+625.554170479E-03,+2.552724532961E+00,+93.992147235E-03
+3.110505000E-03,+612.080552580E-03,+2.552724532961E+00,+93.715137186E-03
+3.110510000E-03,+599.021507466E-03,+2.552724532961E+00,+94.568152255E-03
+3.110515000E-03,+586.169748777E-03,+2.552724532961E+00,+94.150438683E-03
+3.110520000E-03,+572.696130861E-03,+2.552724532961E+00,+94.999056778E-03
+3.110525000E-03,+560.207123485E-03,+2.552724532961E+00,+94.414257782E-03
+3.110530000E-03,+546.370754229E-03,+2.552724532961E+00,+95.381594455E-03
+3.110535000E-03,+532.689849894E-03,+2.552724532961E+00,+94.704458781E-03
+3.110540000E-03,+518.127978229E-03,+2.552724532961E+00,+95.689383398E-03
+3.110545000E-03,+504.291609031E-03,+2.552724532961E+00,+94.928705012E-03
+3.110550000E-03,+491.336207146E-03,+2.552724532961E+00,+95.935614552E-03
+3.110555000E-03,+477.137086687E-03,+2.552724532961E+00,+95.135363298E-03
+3.110560000E-03,+462.886144604E-03,+2.552724532961E+00,+96.063127114E-03
+3.110565000E-03,+449.516169864E-03,+2.552724532961E+00,+95.082599481E-03
+3.110570000E-03,+435.057941348E-03,+2.552724532961E+00,+96.190639674E-03
+3.110575000E-03,+420.029675252E-03,+2.552724532961E+00,+95.038629632E-03
+3.110580000E-03,+406.607878850E-03,+2.552724532961E+00,+96.221418566E-03
+3.110585000E-03,+392.253293624E-03,+2.552724532961E+00,+95.021041695E-03
+3.110590000E-03,+377.587778673E-03,+2.552724532961E+00,+96.164257764E-03
+3.110595000E-03,+363.906874302E-03,+2.552724532961E+00,+94.805589439E-03
+3.110600000E-03,+347.893997628E-03,+2.552724532961E+00,+96.005966309E-03
+3.110605000E-03,+334.057628388E-03,+2.552724532961E+00,+94.695664818E-03
+3.110610000E-03,+319.754864717E-03,+2.552724532961E+00,+95.649810537E-03
+3.110615000E-03,+304.830241797E-03,+2.552724532961E+00,+94.489006528E-03
+3.110620000E-03,+289.231937964E-03,+2.552724532961E+00,+95.320036671E-03
+3.110625000E-03,+274.980995875E-03,+2.552724532961E+00,+94.255966330E-03
+3.110630000E-03,+260.263659377E-03,+2.552724532961E+00,+94.959483907E-03
+3.110635000E-03,+245.805430853E-03,+2.552724532961E+00,+93.961368342E-03
+3.110640000E-03,+230.518056684E-03,+2.552724532961E+00,+94.440639693E-03
+3.110645000E-03,+215.178860835E-03,+2.552724532961E+00,+93.565639704E-03
+3.110650000E-03,+200.565167529E-03,+2.552724532961E+00,+93.719534176E-03
+3.110655000E-03,+185.018685264E-03,+2.552724532961E+00,+93.209483926E-03
+3.110660000E-03,+170.042240788E-03,+2.552724532961E+00,+93.244659808E-03
+3.110665000E-03,+154.392115277E-03,+2.552724532961E+00,+92.620287951E-03
+3.110670000E-03,+139.156562705E-03,+2.552724532961E+00,+92.514760322E-03
+3.110675000E-03,+123.091864388E-03,+2.552724532961E+00,+92.009107054E-03
+3.110680000E-03,+107.441738896E-03,+2.552724532961E+00,+91.877197511E-03
+3.110685000E-03,+92.517115963E-03,+2.552724532961E+00,+91.279207561E-03
+3.110690000E-03,+77.696136183E-03,+2.552724532961E+00,+91.081343252E-03
+3.110695000E-03,+61.631437897E-03,+2.552724532961E+00,+90.421795519E-03
+3.110700000E-03,+46.810458131E-03,+2.552724532961E+00,+90.351443759E-03
+3.110705000E-03,+31.937656771E-03,+2.552724532961E+00,+89.621544271E-03
+3.110710000E-03,+16.909390567E-03,+2.552724532961E+00,+89.375313115E-03
+3.110715000E-03,+2.347518877E-03,+2.552724532961E+00,+88.737750309E-03
+3.110720000E-03,-13.147141724E-03,+2.552724532961E+00,+88.504710108E-03
+3.110725000E-03,-28.382694350E-03,+2.552724532961E+00,+87.761619673E-03
+3.110730000E-03,-43.359138904E-03,+2.552724532961E+00,+87.427448813E-03
+3.110735000E-03,-58.905621127E-03,+2.552724532961E+00,+86.697549331E-03
+3.110740000E-03,-73.001098380E-03,+2.552724532961E+00,+86.319408620E-03
+3.110745000E-03,-88.340294201E-03,+2.552724532961E+00,+85.549936282E-03
+3.110750000E-03,-102.850344303E-03,+2.552724532961E+00,+85.167398586E-03
+3.110755000E-03,-120.158761208E-03,+2.552724532961E+00,+84.340765439E-03
+3.110760000E-03,-135.912529872E-03,+2.552724532961E+00,+83.993403626E-03
+3.110765000E-03,-150.888974407E-03,+2.552724532961E+00,+83.140388567E-03
+3.110770000E-03,-166.694564715E-03,+2.552724532961E+00,+82.815011677E-03
+3.110775000E-03,-181.671009281E-03,+2.552724532961E+00,+81.715765467E-03
+3.110780000E-03,-196.647453830E-03,+2.552724532961E+00,+81.495916215E-03
+3.110785000E-03,-209.913785355E-03,+2.552724532961E+00,+80.374685079E-03
+3.110790000E-03,-225.978483655E-03,+2.552724532961E+00,+80.168026781E-03
+3.110795000E-03,-241.214036310E-03,+2.552724532961E+00,+79.033604692E-03
+3.110800000E-03,-257.175091390E-03,+2.552724532961E+00,+78.703830814E-03
+3.110805000E-03,-271.426033465E-03,+2.552724532961E+00,+77.468278075E-03
+3.110810000E-03,-286.298834790E-03,+2.552724532961E+00,+77.305589625E-03
+3.110815000E-03,-302.570819515E-03,+2.552724532961E+00,+75.911745430E-03
+3.110820000E-03,-317.236334459E-03,+2.552724532961E+00,+75.709484115E-03
+3.110825000E-03,-332.264600615E-03,+2.552724532961E+00,+74.333227862E-03
+3.110830000E-03,-346.930115550E-03,+2.552724532961E+00,+74.086996694E-03
+3.110835000E-03,-360.714663162E-03,+2.552724532961E+00,+72.776695206E-03
+3.110840000E-03,-375.742929315E-03,+2.552724532961E+00,+72.473303245E-03
+3.110845000E-03,-390.252979385E-03,+2.552724532961E+00,+71.004710305E-03
+3.110850000E-03,-405.022137576E-03,+2.552724532961E+00,+70.718906283E-03
+3.110855000E-03,-419.065793178E-03,+2.552724532961E+00,+69.171167615E-03
+3.110860000E-03,-435.285956312E-03,+2.552724532961E+00,+68.823805802E-03
+3.110865000E-03,-449.899649652E-03,+2.552724532961E+00,+67.337624918E-03
+3.110870000E-03,-464.254234922E-03,+2.552724532961E+00,+67.029835971E-03
+3.110875000E-03,-478.505176949E-03,+2.552724532961E+00,+65.438127455E-03
+3.110880000E-03,-492.704297382E-03,+2.552724532961E+00,+65.103956595E-03
+3.110885000E-03,-506.437023415E-03,+2.552724532961E+00,+63.670539529E-03
+3.110890000E-03,-520.377035834E-03,+2.552724532961E+00,+63.142901337E-03
+3.110895000E-03,-533.850653742E-03,+2.552724532961E+00,+61.740263169E-03
+3.110900000E-03,-547.013342055E-03,+2.552724532961E+00,+61.181846082E-03
+3.110905000E-03,-560.124208778E-03,+2.552724532961E+00,+59.783604897E-03
+3.110910000E-03,-574.686080437E-03,+2.552724532961E+00,+59.075690329E-03
+3.110915000E-03,-587.278731059E-03,+2.552724532961E+00,+57.862122505E-03
+3.110920000E-03,-600.596884209E-03,+2.552724532961E+00,+57.009107437E-03
+3.110925000E-03,-613.500464443E-03,+2.552724532961E+00,+55.782348659E-03
+3.110930000E-03,-626.455866365E-03,+2.552724532961E+00,+54.902951681E-03
+3.110935000E-03,-640.758630010E-03,+2.552724532961E+00,+53.768529583E-03
+3.110940000E-03,-653.247637399E-03,+2.552724532961E+00,+52.713253215E-03
+3.110945000E-03,-665.529358358E-03,+2.552724532961E+00,+51.671167799E-03
+3.110950000E-03,-677.033755299E-03,+2.552724532961E+00,+50.585112534E-03
+3.110955000E-03,-690.092800318E-03,+2.552724532961E+00,+49.560615053E-03
+3.110960000E-03,-702.426342902E-03,+2.552724532961E+00,+48.333856274E-03
+3.110965000E-03,-714.811707109E-03,+2.552724532961E+00,+47.260991969E-03
+3.110970000E-03,-726.834320027E-03,+2.552724532961E+00,+46.056218108E-03
+3.110975000E-03,-739.375149030E-03,+2.552724532961E+00,+44.965765864E-03
+3.110980000E-03,-751.397761954E-03,+2.552724532961E+00,+43.717022147E-03
+3.110985000E-03,-762.487585986E-03,+2.552724532961E+00,+42.727700563E-03
+3.110990000E-03,-773.940161290E-03,+2.552724532961E+00,+41.426193029E-03
+3.110995000E-03,-786.791919923E-03,+2.552724532961E+00,+40.340137776E-03
+3.111000000E-03,-797.778100730E-03,+2.552724532961E+00,+39.021042302E-03
+3.111005000E-03,-808.919746310E-03,+2.552724532961E+00,+38.031720713E-03
+3.111010000E-03,-819.957748707E-03,+2.552724532961E+00,+36.571921725E-03
+3.111015000E-03,-831.980361647E-03,+2.552724532961E+00,+35.529836322E-03
+3.111020000E-03,-842.344683149E-03,+2.552724532961E+00,+34.188755918E-03
+3.111025000E-03,-854.056366408E-03,+2.552724532961E+00,+33.093906698E-03
+3.111030000E-03,-862.917861357E-03,+2.552724532961E+00,+31.726444392E-03
+3.111035000E-03,-873.904042102E-03,+2.552724532961E+00,+30.539258484E-03
+3.111040000E-03,-884.423828439E-03,+2.552724532961E+00,+29.347675570E-03
+3.111045000E-03,-895.410009196E-03,+2.552724532961E+00,+28.019786150E-03
+3.111050000E-03,-905.411579441E-03,+2.552724532961E+00,+26.898554997E-03
+3.111055000E-03,-914.998576855E-03,+2.552724532961E+00,+25.434359040E-03
+3.111060000E-03,-925.259255131E-03,+2.552724532961E+00,+24.475816320E-03
+3.111065000E-03,-933.809820327E-03,+2.552724532961E+00,+22.831344000E-03
+3.111070000E-03,-943.396817733E-03,+2.552724532961E+00,+21.903580170E-03
+3.111075000E-03,-953.139279982E-03,+2.552724532961E+00,+20.369032466E-03
+3.111080000E-03,-962.622634137E-03,+2.552724532961E+00,+19.287374170E-03
+3.111085000E-03,-971.587772217E-03,+2.552724532961E+00,+17.845163145E-03
+3.111090000E-03,-980.138337446E-03,+2.552724532961E+00,+16.688756107E-03
+3.111095000E-03,-988.533437855E-03,+2.552724532961E+00,+15.347675736E-03
+3.111100000E-03,-997.239467919E-03,+2.552724532961E+00,+14.002198350E-03
+3.111105000E-03,-1.005323638692E+00,+2.552724532961E+00,+12.810615460E-03
+3.111110000E-03,-1.013563274304E+00,+2.552724532961E+00,+11.306846621E-03
+3.111115000E-03,-1.021647445056E+00,+2.552724532961E+00,+10.255967240E-03
+3.111120000E-03,-1.029887080655E+00,+2.552724532961E+00,+8.708228559E-03
+3.111125000E-03,-1.037090284096E+00,+2.552724532961E+00,+7.670540129E-03
+3.111130000E-03,-1.044397130748E+00,+2.552724532961E+00,+6.043655729E-03
+3.111135000E-03,-1.051755799023E+00,+2.552724532961E+00,+5.133479855E-03
+3.111140000E-03,-1.058699894411E+00,+2.552724532961E+00,+3.528580379E-03
+3.111145000E-03,-1.066369492276E+00,+2.552724532961E+00,+2.446922091E-03
+3.111150000E-03,-1.073417230955E+00,+2.552724532961E+00,+890.389455E-06
+3.111155000E-03,-1.079221250999E+00,+2.552724532961E+00,-182.474865E-06
+3.111160000E-03,-1.085388022293E+00,+2.552724532961E+00,-1.651067803E-03
+3.111165000E-03,-1.091502972031E+00,+2.552724532961E+00,-2.798680865E-03
+3.111170000E-03,-1.097566100033E+00,+2.552724532961E+00,-4.254082853E-03
+3.111175000E-03,-1.103888336146E+00,+2.552724532961E+00,-5.362123044E-03
+3.111180000E-03,-1.109329604942E+00,+2.552724532961E+00,-6.931846645E-03
+3.111185000E-03,-1.115029981762E+00,+2.552724532961E+00,-7.925565230E-03
+3.111190000E-03,-1.120315785734E+00,+2.552724532961E+00,-9.583228527E-03
+3.111195000E-03,-1.124098763090E+00,+2.552724532961E+00,-10.678077757E-03
+3.111200000E-03,-1.128814529362E+00,+2.552724532961E+00,-12.296168201E-03
+3.111205000E-03,-1.135136765497E+00,+2.552724532961E+00,-13.272298843E-03
+3.111210000E-03,-1.137831489089E+00,+1.013073194731E+00,-14.859610386E-03
+3.111215000E-03,-1.141718109660E+00,-163.591391642E-03,-15.800565141E-03
+3.111220000E-03,-1.145397443785E+00,-180.865261924E-03,-17.506595281E-03
+3.111225000E-03,-1.150216853253E+00,+61.282972655E-03,-18.390389241E-03
+3.111230000E-03,-1.153844365786E+00,+106.273557248E-03,-20.157977161E-03
+3.111235000E-03,-1.157575521559E+00,-84.759735282E-03,-20.949434435E-03
+3.111240000E-03,-1.161151212426E+00,-82.247172097E-03,-22.884107783E-03
+3.111245000E-03,-1.163794114457E+00,-80.048680896E-03,-23.592022345E-03
+3.111250000E-03,-1.166799767695E+00,-19.197549802E-03,-25.368404244E-03
+3.111255000E-03,-1.169701777698E+00,-57.435614944E-03,-26.296168040E-03
+3.111260000E-03,-1.172344679668E+00,-49.505338511E-03,-28.050565022E-03
+3.111265000E-03,-1.174832116818E+00,-62.303705382E-03,-28.784861479E-03
+3.111270000E-03,-1.175972192232E+00,-47.228328649E-03,-30.552449417E-03
+3.111275000E-03,-1.178977845419E+00,-53.195665212E-03,-31.273554925E-03
+3.111280000E-03,-1.179858812831E+00,-50.683102472E-03,-33.058730798E-03
+3.111285000E-03,-1.181257996164E+00,-53.038630123E-03,-33.885363940E-03
+3.111290000E-03,-1.182864465999E+00,-49.976444240E-03,-35.582600118E-03
+3.111295000E-03,-1.184004541349E+00,-48.955715561E-03,-36.391645323E-03
+3.111300000E-03,-1.185662832832E+00,-48.720162800E-03,-38.075690544E-03
+3.111305000E-03,-1.185714654430E+00,-48.641645212E-03,-38.897926705E-03
+3.111310000E-03,-1.185455546405E+00,-49.426821060E-03,-40.467650313E-03
+3.111315000E-03,-1.185662832813E+00,-49.426821112E-03,-41.487750796E-03
+3.111320000E-03,-1.186647443346E+00,-49.348303492E-03,-42.846419129E-03
+3.111325000E-03,-1.186232870505E+00,-50.133479363E-03,-43.941268356E-03
+3.111330000E-03,-1.185559189636E+00,-49.426821102E-03,-45.229584934E-03
+3.111335000E-03,-1.185766476050E+00,-50.211996983E-03,-46.407976871E-03
+3.111340000E-03,-1.185507368000E+00,-47.071293451E-03,-47.634735662E-03
+3.111345000E-03,-1.184263649427E+00,-46.992775936E-03,-48.720790923E-03
+3.111350000E-03,-1.183434503748E+00,-48.013504492E-03,-50.026695439E-03
+3.111355000E-03,-1.182605357962E+00,-47.306846275E-03,-51.086368785E-03
+3.111360000E-03,-1.180584315283E+00,-46.521670351E-03,-52.471419027E-03
+3.111365000E-03,-1.178977845460E+00,-48.877197959E-03,-53.271670272E-03
+3.111370000E-03,-1.177941413326E+00,-47.306846260E-03,-54.810614983E-03
+3.111375000E-03,-1.175505797746E+00,-49.112750764E-03,-55.426192865E-03
+3.111380000E-03,-1.173432933484E+00,-45.579459349E-03,-57.105841083E-03
+3.111385000E-03,-1.169857242555E+00,-47.385363790E-03,-57.607097366E-03
+3.111390000E-03,-1.167680735047E+00,-46.835740695E-03,-59.387876230E-03
+3.111395000E-03,-1.164882368262E+00,-46.914258268E-03,-59.897926489E-03
+3.111400000E-03,-1.162394931074E+00,-43.773554812E-03,-61.581971683E-03
+3.111405000E-03,-1.159233813014E+00,-46.757223055E-03,-62.026067172E-03
+3.111410000E-03,-1.156901840725E+00,-46.129082435E-03,-63.644157589E-03
+3.111415000E-03,-1.153274328195E+00,-45.186871448E-03,-64.171795795E-03
+3.111420000E-03,-1.150268674916E+00,-44.951318590E-03,-65.732725411E-03
+3.111425000E-03,-1.145501087047E+00,-45.422424161E-03,-66.282348533E-03
+3.111430000E-03,-1.141303536866E+00,-45.500941709E-03,-67.790514334E-03
+3.111435000E-03,-1.136846878590E+00,-46.364635211E-03,-68.287373636E-03
+3.111440000E-03,-1.133374830937E+00,-45.500941685E-03,-69.835112301E-03
+3.111445000E-03,-1.128037205375E+00,-45.029836240E-03,-70.200062059E-03
+3.111450000E-03,-1.123321439059E+00,-44.558730683E-03,-71.932474090E-03
+3.111455000E-03,-1.117672883850E+00,-44.087625185E-03,-72.059986665E-03
+3.111460000E-03,-1.112024328608E+00,-45.343906520E-03,-73.853956485E-03
+3.111465000E-03,-1.107412205539E+00,-45.108353730E-03,-73.941896191E-03
+3.111470000E-03,-1.101556363973E+00,-45.265388919E-03,-75.854584596E-03
+3.111475000E-03,-1.095493235849E+00,-45.343906603E-03,-75.806217778E-03
+3.111480000E-03,-1.089481929365E+00,-43.930589919E-03,-77.569408701E-03
+3.111485000E-03,-1.083418801293E+00,-45.736494441E-03,-77.604584598E-03
+3.111490000E-03,-1.076889278762E+00,-45.657976859E-03,-79.297423757E-03
+3.111495000E-03,-1.069323324099E+00,-43.930589938E-03,-79.424936335E-03
+3.111500000E-03,-1.064089341717E+00,-44.794283494E-03,-80.893529270E-03
+3.111505000E-03,-1.057248889558E+00,-44.401695446E-03,-81.249685061E-03
+3.111510000E-03,-1.050356615782E+00,-44.558730659E-03,-82.551192567E-03
+3.111515000E-03,-1.042583374688E+00,-46.286117536E-03,-83.052448859E-03
+3.111520000E-03,-1.035794744059E+00,-43.616519658E-03,-84.059358383E-03
+3.111525000E-03,-1.027244178837E+00,-44.401695499E-03,-84.789257883E-03
+3.111530000E-03,-1.019470937682E+00,-43.852072336E-03,-85.541142288E-03
+3.111535000E-03,-1.011231302102E+00,-44.166142699E-03,-86.319408618E-03
+3.111540000E-03,-1.002680736880E+00,-41.967650363E-03,-87.000941275E-03
+3.111545000E-03,-995.788463023E-03,-44.558730688E-03,-87.823177448E-03
+3.111550000E-03,-986.253287307E-03,-43.459484479E-03,-88.456343266E-03
+3.111555000E-03,-976.355360271E-03,-43.538002066E-03,-89.296167377E-03
+3.111560000E-03,-968.478475871E-03,-43.538002095E-03,-89.784232702E-03
+3.111565000E-03,-959.306051376E-03,-43.695037240E-03,-90.632850780E-03
+3.111570000E-03,-949.874518849E-03,-42.752826230E-03,-91.129710075E-03
+3.111575000E-03,-940.028413450E-03,-44.715765912E-03,-91.973931170E-03
+3.111580000E-03,-929.975021585E-03,-42.595790927E-03,-92.422423626E-03
+3.111585000E-03,-918.781554378E-03,-42.909861315E-03,-93.095162317E-03
+3.111590000E-03,-909.453665024E-03,-45.029836171E-03,-93.614006530E-03
+3.111595000E-03,-898.882057058E-03,-41.182474443E-03,-94.299936171E-03
+3.111600000E-03,-889.502346123E-03,-42.831343782E-03,-94.735237673E-03
+3.111605000E-03,-877.946127709E-03,-41.810615165E-03,-95.364006517E-03
+3.111610000E-03,-869.240097603E-03,-43.538002086E-03,-95.874056751E-03
+3.111615000E-03,-858.564846497E-03,-41.889132742E-03,-96.370916057E-03
+3.111620000E-03,-848.977849106E-03,-42.360238270E-03,-96.951318047E-03
+3.111625000E-03,-837.266165824E-03,-41.418027195E-03,-97.325061772E-03
+3.111630000E-03,-826.020876997E-03,-42.752826145E-03,-97.971418533E-03
+3.111635000E-03,-814.464658505E-03,-43.538001991E-03,-98.204458752E-03
+3.111640000E-03,-803.167548079E-03,-41.260992000E-03,-98.934358223E-03
+3.111645000E-03,-791.818616060E-03,-40.083228249E-03,-99.000313015E-03
+3.111650000E-03,-779.951467930E-03,-41.575062369E-03,-99.769785349E-03
+3.111655000E-03,-768.498892633E-03,-42.046167881E-03,-99.800564266E-03
+3.111660000E-03,-755.698955689E-03,-41.810615215E-03,-100.495287851E-03
+3.111665000E-03,-743.676342654E-03,-43.695037215E-03,-100.548051696E-03
+3.111670000E-03,-732.327410674E-03,-40.711368961E-03,-101.211996380E-03
+3.111675000E-03,-720.667548967E-03,-43.459484464E-03,-101.286745161E-03
+3.111680000E-03,-708.282184745E-03,-42.360238205E-03,-101.809986328E-03
+3.111685000E-03,-695.274961299E-03,-42.203203101E-03,-101.897926052E-03
+3.111690000E-03,-683.511456384E-03,-41.653579946E-03,-102.271669745E-03
+3.111695000E-03,-670.815162563E-03,-43.616519719E-03,-102.416770267E-03
+3.111700000E-03,-657.963403920E-03,-40.789886518E-03,-102.794910944E-03
+3.111705000E-03,-644.645250820E-03,-41.889132687E-03,-102.931217501E-03
+3.111710000E-03,-630.705238413E-03,-41.182474408E-03,-103.256594356E-03
+3.111715000E-03,-617.801658139E-03,-41.418027159E-03,-103.212624530E-03
+3.111720000E-03,-604.898077836E-03,-41.732097573E-03,-103.669910938E-03
+3.111725000E-03,-591.217173480E-03,-41.418027210E-03,-103.454458701E-03
+3.111730000E-03,-577.484447513E-03,-40.632851394E-03,-104.034860685E-03
+3.111735000E-03,-563.492613482E-03,-42.674308553E-03,-103.696292867E-03
+3.111740000E-03,-550.692676413E-03,-41.496544782E-03,-104.237121986E-03
+3.111745000E-03,-537.374523283E-03,-41.182474464E-03,-103.894157185E-03
+3.111750000E-03,-523.745440568E-03,-41.496544842E-03,-104.417398366E-03
+3.111755000E-03,-510.168179373E-03,-40.711368931E-03,-104.118403418E-03
+3.111760000E-03,-494.362589141E-03,-40.318780975E-03,-104.391016464E-03
+3.111765000E-03,-480.267111905E-03,-41.339509582E-03,-104.245915984E-03
+3.111770000E-03,-466.275277827E-03,-41.575062328E-03,-104.303076762E-03
+3.111775000E-03,-451.661584573E-03,-41.575062348E-03,-104.267900905E-03
+3.111780000E-03,-437.566107294E-03,-40.868404100E-03,-104.215137062E-03
+3.111785000E-03,-421.501408970E-03,-41.103956826E-03,-104.272297887E-03
+3.111790000E-03,-407.457753342E-03,-40.946921636E-03,-104.008478777E-03
+3.111795000E-03,-393.051346485E-03,-40.554333742E-03,-104.210740098E-03
+3.111800000E-03,-378.385831556E-03,-40.711368860E-03,-103.810614458E-03
+3.111805000E-03,-362.994814137E-03,-41.182474362E-03,-104.017272763E-03
+3.111810000E-03,-348.484764061E-03,-41.103956841E-03,-103.559986322E-03
+3.111815000E-03,-333.456497874E-03,-41.575062379E-03,-103.705086836E-03
+3.111820000E-03,-318.065480427E-03,-40.475816155E-03,-103.322549140E-03
+3.111825000E-03,-303.244500717E-03,-41.025439244E-03,-103.340137094E-03
+3.111830000E-03,-288.423521007E-03,-40.711368875E-03,-102.931217489E-03
+3.111835000E-03,-273.239789970E-03,-40.554333778E-03,-102.961996394E-03
+3.111840000E-03,-258.263345444E-03,-41.103956785E-03,-102.513503918E-03
+3.111845000E-03,-244.478797785E-03,-40.554333742E-03,-102.504709971E-03
+3.111850000E-03,-227.274024164E-03,-40.083228204E-03,-101.977071762E-03
+3.111855000E-03,-212.453044393E-03,-42.281720653E-03,-102.043026561E-03
+3.111860000E-03,-198.772139997E-03,-39.926193029E-03,-101.343905942E-03
+3.111865000E-03,-183.692052249E-03,-41.967650315E-03,-101.515388377E-03
+3.111870000E-03,-168.197391571E-03,-40.868404054E-03,-100.640388357E-03
+3.111875000E-03,-153.687341495E-03,-41.889132717E-03,-100.789885872E-03
+3.111880000E-03,-137.674464745E-03,-40.554333737E-03,-99.906091888E-03
+3.111885000E-03,-122.905306659E-03,-41.575062384E-03,-100.125941156E-03
+3.111890000E-03,-107.462467636E-03,-41.103956851E-03,-99.119031593E-03
+3.111895000E-03,-92.123271810E-03,-40.789886487E-03,-99.294911016E-03
+3.111900000E-03,-77.146827240E-03,-41.339509587E-03,-98.336368285E-03
+3.111905000E-03,-61.496701787E-03,-41.103956825E-03,-98.301192429E-03
+3.111910000E-03,-46.261149224E-03,-42.831343783E-03,-97.461368291E-03
+3.111915000E-03,-31.854742298E-03,-41.732097538E-03,-97.276694958E-03
+3.111920000E-03,-16.463724886E-03,-42.124685499E-03,-96.599559256E-03
+3.111925000E-03,-450.848166E-06,-41.103956841E-03,-96.159860801E-03
+3.111930000E-03,+14.370131554E-03,-41.182474413E-03,-95.592649719E-03
+3.111935000E-03,+30.693937902E-03,-41.260991974E-03,-95.047423629E-03
+3.111940000E-03,+46.136776922E-03,-41.025439197E-03,-94.590137163E-03
+3.111945000E-03,+60.905935082E-03,-39.376569967E-03,-93.886619623E-03
+3.111950000E-03,+76.348774116E-03,-40.397298531E-03,-93.433730144E-03
+3.111955000E-03,+92.620758825E-03,-41.496544719E-03,-92.747800535E-03
+3.111960000E-03,+108.115419525E-03,-40.240263430E-03,-92.264132169E-03
+3.111965000E-03,+122.780934430E-03,-42.831343747E-03,-91.419911108E-03
+3.111970000E-03,+138.690167848E-03,-41.182474449E-03,-91.050564342E-03
+3.111975000E-03,+155.065795906E-03,-40.554333763E-03,-90.144785485E-03
+3.111980000E-03,+170.249526900E-03,-39.926193087E-03,-89.788629685E-03
+3.111985000E-03,+185.277793042E-03,-42.595790949E-03,-88.676192538E-03
+3.111990000E-03,+200.720632069E-03,-41.575062322E-03,-88.346418651E-03
+3.111995000E-03,+215.800719882E-03,-41.732097543E-03,-87.379081995E-03
+3.112000000E-03,+230.466234766E-03,-41.260992041E-03,-86.992147308E-03
+3.112005000E-03,+246.012717029E-03,-41.732097485E-03,-85.897298091E-03
+3.112010000E-03,+259.900907817E-03,-42.438755795E-03,-85.514760387E-03
+3.112015000E-03,+276.328357355E-03,-41.418027242E-03,-84.336368466E-03
+3.112020000E-03,+291.097515526E-03,-41.260992047E-03,-83.852700100E-03
+3.112025000E-03,+305.814852073E-03,-42.360238292E-03,-82.753453909E-03
+3.112030000E-03,+321.361334287E-03,-41.496544745E-03,-82.045539320E-03
+3.112035000E-03,+335.094060291E-03,-39.062499629E-03,-81.298051913E-03
+3.112040000E-03,+349.966861664E-03,-41.496544803E-03,-80.308730294E-03
+3.112045000E-03,+364.736019801E-03,-41.496544803E-03,-79.657976555E-03
+3.112050000E-03,+379.297891483E-03,-41.182474402E-03,-78.448805689E-03
+3.112055000E-03,+393.393368694E-03,-41.575062379E-03,-77.987122300E-03
+3.112060000E-03,+409.354423768E-03,-40.161745817E-03,-76.518529329E-03
+3.112065000E-03,+422.828041749E-03,-40.475816144E-03,-76.219534374E-03
+3.112070000E-03,+437.130805426E-03,-41.496544771E-03,-74.720162517E-03
+3.112075000E-03,+451.018996256E-03,-39.847675415E-03,-74.372800729E-03
+3.112080000E-03,+464.907187065E-03,-41.025439264E-03,-72.789886156E-03
+3.112085000E-03,+479.520880324E-03,-41.418027189E-03,-72.438127381E-03
+3.112090000E-03,+493.046319905E-03,-40.240263415E-03,-71.022298235E-03
+3.112095000E-03,+506.364473039E-03,-41.732097580E-03,-70.415514339E-03
+3.112100000E-03,+520.200842294E-03,-41.810615098E-03,-69.144785691E-03
+3.112105000E-03,+534.296319470E-03,-41.732097490E-03,-68.454459087E-03
+3.112110000E-03,+547.769937444E-03,-42.360238234E-03,-67.170539477E-03
+3.112115000E-03,+561.399020192E-03,-41.653580031E-03,-66.396670168E-03
+3.112120000E-03,+573.991670835E-03,-41.182474385E-03,-65.134735476E-03
+3.112125000E-03,+586.998894300E-03,-41.418027237E-03,-64.268529490E-03
+3.112130000E-03,+601.301657955E-03,-39.926193088E-03,-62.923052084E-03
+3.112135000E-03,+614.878919123E-03,-40.711368948E-03,-62.232725488E-03
+3.112140000E-03,+627.056996882E-03,-41.496544750E-03,-60.764132508E-03
+3.112145000E-03,+640.426971585E-03,-41.575062380E-03,-60.060614963E-03
+3.112150000E-03,+651.050401155E-03,-41.575062304E-03,-58.618403888E-03
+3.112155000E-03,+664.420375868E-03,-41.025439275E-03,-57.950062217E-03
+3.112160000E-03,+676.650275217E-03,-40.632851329E-03,-56.353956684E-03
+3.112165000E-03,+688.154672114E-03,-41.575062390E-03,-55.584484353E-03
+3.112170000E-03,+699.918176963E-03,-41.260992015E-03,-54.208228064E-03
+3.112175000E-03,+712.096254750E-03,-42.281720610E-03,-53.280464278E-03
+3.112180000E-03,+724.170689337E-03,-41.025439286E-03,-51.864635128E-03
+3.112185000E-03,+736.089658998E-03,-42.674308545E-03,-50.844534653E-03
+3.112190000E-03,+747.594055917E-03,-41.889132733E-03,-49.586996962E-03
+3.112195000E-03,+758.994809545E-03,-42.046167924E-03,-48.413002019E-03
+3.112200000E-03,+771.431995349E-03,-41.339509580E-03,-47.282976880E-03
+3.112205000E-03,+782.573640937E-03,-41.418027189E-03,-45.990263353E-03
+3.112210000E-03,+792.367924794E-03,-40.946921704E-03,-45.000941724E-03
+3.112215000E-03,+803.768678412E-03,-41.260992031E-03,-43.620288499E-03
+3.112220000E-03,+814.184821538E-03,-41.418027205E-03,-42.600187990E-03
+3.112225000E-03,+825.430110362E-03,-41.889132712E-03,-41.092022194E-03
+3.112230000E-03,+835.742610266E-03,-42.909861404E-03,-40.085112638E-03
+3.112235000E-03,+845.899645355E-03,-41.653579994E-03,-38.634107650E-03
+3.112240000E-03,+854.864783421E-03,-41.967650326E-03,-37.534861412E-03
+3.112245000E-03,+866.265537053E-03,-40.946921552E-03,-36.097047374E-03
+3.112250000E-03,+876.681680165E-03,-41.260992075E-03,-35.107725760E-03
+3.112255000E-03,+887.305109689E-03,-42.988378833E-03,-33.573178055E-03
+3.112260000E-03,+896.788463837E-03,-41.889132723E-03,-32.654208197E-03
+3.112265000E-03,+905.339029129E-03,-44.715765918E-03,-30.965766020E-03
+3.112270000E-03,+915.392420934E-03,-41.732097510E-03,-30.081972046E-03
+3.112275000E-03,+923.942986198E-03,-42.988378937E-03,-28.384735902E-03
+3.112280000E-03,+932.804481100E-03,-41.967650261E-03,-27.413002228E-03
+3.112285000E-03,+941.925084017E-03,-41.025439336E-03,-25.764132916E-03
+3.112290000E-03,+950.061076414E-03,-41.810615097E-03,-24.884735917E-03
+3.112295000E-03,+959.233500881E-03,-41.889132728E-03,-23.253454544E-03
+3.112300000E-03,+966.177596284E-03,-42.281720603E-03,-22.132223386E-03
+3.112305000E-03,+975.401842423E-03,-42.752826082E-03,-20.716394273E-03
+3.112310000E-03,+982.086829803E-03,-42.595791018E-03,-19.436871654E-03
+3.112315000E-03,+989.963714127E-03,-42.124685522E-03,-18.210112888E-03
+3.112320000E-03,+998.462457794E-03,-41.260992026E-03,-16.908605347E-03
+3.112325000E-03,+1.006183877295E+00,-42.046167919E-03,-15.536746083E-03
+3.112330000E-03,+1.012506113430E+00,-41.339509651E-03,-14.208856644E-03
+3.112335000E-03,+1.019657495230E+00,-43.066896507E-03,-13.056846614E-03
+3.112340000E-03,+1.026653412240E+00,-42.595791029E-03,-11.676193356E-03
+3.112345000E-03,+1.033338399617E+00,-41.339509624E-03,-10.335112974E-03
+3.112350000E-03,+1.039608814159E+00,-42.281720664E-03,-8.985238608E-03
+3.112355000E-03,+1.046241979899E+00,-40.554333764E-03,-7.692525063E-03
+3.112360000E-03,+1.052512394408E+00,-41.103956879E-03,-6.329459740E-03
+3.112365000E-03,+1.058420057625E+00,-42.988378931E-03,-5.076319059E-03
+3.112370000E-03,+1.064068612848E+00,-43.145414061E-03,-3.871545189E-03
+3.112375000E-03,+1.070442670598E+00,-43.223931665E-03,-2.438128136E-03
+3.112380000E-03,+1.075987582573E+00,-41.810615108E-03,-1.250942207E-03
+3.112385000E-03,+1.081584316214E+00,-42.203203104E-03,+235.238670E-06
+3.112390000E-03,+1.086300082499E+00,-43.066896452E-03,+1.299309022E-03
+3.112395000E-03,+1.093658750707E+00,-32.545540074E-03,+2.961369290E-03
+3.112400000E-03,+1.096198009565E+00,+1.777206291587E+00,+3.990263765E-03
+3.112405000E-03,+1.100654667798E+00,+2.552724532961E+00,+5.401695903E-03
+3.112410000E-03,+1.104748574786E+00,+2.552724532961E+00,+6.514133089E-03
+3.112415000E-03,+1.108583373751E+00,+2.552724532961E+00,+8.127826536E-03
+3.112420000E-03,+1.112832745575E+00,+2.552724532961E+00,+9.095163201E-03
+3.112425000E-03,+1.115527469102E+00,+2.552724532961E+00,+10.757223486E-03
+3.112430000E-03,+1.119725019367E+00,+2.552724532961E+00,+11.667399355E-03
+3.112435000E-03,+1.122367921327E+00,+2.552724532961E+00,+13.241519952E-03
+3.112440000E-03,+1.126047255433E+00,+2.552724532961E+00,+14.098931998E-03
+3.112445000E-03,+1.129622946371E+00,+2.552724532961E+00,+15.994032478E-03
+3.112450000E-03,+1.131488524241E+00,+2.552724532961E+00,+16.701947049E-03
+3.112455000E-03,+1.134338712649E+00,+2.552724532961E+00,+18.623429435E-03
+3.112460000E-03,+1.136670684985E+00,+2.552724532961E+00,+19.225816365E-03
+3.112465000E-03,+1.139520873427E+00,+2.552724532961E+00,+21.288002263E-03
+3.112470000E-03,+1.141179164807E+00,+2.552724532961E+00,+21.881595235E-03
+3.112475000E-03,+1.143148385921E+00,+2.552724532961E+00,+23.662374099E-03
+3.112480000E-03,+1.144081174878E+00,+2.552724532961E+00,+24.440640431E-03
+3.112485000E-03,+1.146257682333E+00,+2.552724532961E+00,+26.203831355E-03
+3.112490000E-03,+1.147812330606E+00,+2.552724532961E+00,+27.061243424E-03
+3.112495000E-03,+1.148278725114E+00,+2.552724532961E+00,+28.630967013E-03
+3.112500000E-03,+1.149522443712E+00,+2.552724532961E+00,+29.655464500E-03
+3.112505000E-03,+1.149470622079E+00,+2.552724532961E+00,+31.097675526E-03
+3.112510000E-03,+1.150299767787E+00,+2.552724532961E+00,+32.152951913E-03
+3.112515000E-03,+1.150766162232E+00,+2.552724532961E+00,+33.480841334E-03
+3.112520000E-03,+1.150403411006E+00,+2.552724532961E+00,+34.646042337E-03
+3.112525000E-03,+1.149885194972E+00,+2.552724532961E+00,+35.864007139E-03
+3.112530000E-03,+1.148486011540E+00,+2.552724532961E+00,+37.099559893E-03
+3.112535000E-03,+1.148330546718E+00,+2.552724532961E+00,+38.365891536E-03
+3.112540000E-03,+1.147967795484E+00,+2.552724532961E+00,+39.513504585E-03
+3.112545000E-03,+1.147086828101E+00,+2.552724532961E+00,+40.718278447E-03
+3.112550000E-03,+1.147294114560E+00,+2.552724532961E+00,+41.883479433E-03
+3.112555000E-03,+1.144754855812E+00,+2.552724532961E+00,+43.061871389E-03
+3.112560000E-03,+1.142992921147E+00,+2.552724532961E+00,+44.152323629E-03
+3.112565000E-03,+1.142111953819E+00,+2.552724532961E+00,+45.427449256E-03
+3.112570000E-03,+1.140764591980E+00,+2.552724532961E+00,+46.364007027E-03
+3.112575000E-03,+1.138328976488E+00,+2.552724532961E+00,+47.727072344E-03
+3.112580000E-03,+1.134338712753E+00,+2.552724532961E+00,+48.650439162E-03
+3.112585000E-03,+1.131022129859E+00,+2.552724532961E+00,+49.881594935E-03
+3.112590000E-03,+1.128949265567E+00,+2.552724532961E+00,+50.813755722E-03
+3.112595000E-03,+1.125529039417E+00,+2.552724532961E+00,+52.066896419E-03
+3.112600000E-03,+1.123456175189E+00,+2.552724532961E+00,+53.038630066E-03
+3.112605000E-03,+1.119154981764E+00,+2.552724532961E+00,+54.230212984E-03
+3.112610000E-03,+1.116149328496E+00,+2.552724532961E+00,+55.100815977E-03
+3.112615000E-03,+1.113247318484E+00,+2.552724532961E+00,+56.349559689E-03
+3.112620000E-03,+1.108842481852E+00,+2.552724532961E+00,+57.176192843E-03
+3.112625000E-03,+1.103815785964E+00,+2.552724532961E+00,+58.323805903E-03
+3.112630000E-03,+1.100343738190E+00,+2.552724532961E+00,+59.216393823E-03
+3.112635000E-03,+1.094850647842E+00,+2.552724532961E+00,+60.377197835E-03
+3.112640000E-03,+1.089979416746E+00,+2.552724532961E+00,+61.186243051E-03
+3.112645000E-03,+1.085056364058E+00,+2.552724532961E+00,+62.355841026E-03
+3.112650000E-03,+1.079874203275E+00,+2.552724532961E+00,+63.068152585E-03
+3.112655000E-03,+1.075054793829E+00,+2.552724532961E+00,+64.391645026E-03
+3.112660000E-03,+1.069043487288E+00,+2.552724532961E+00,+65.081971658E-03
+3.112665000E-03,+1.063032180858E+00,+2.552724532961E+00,+66.216393752E-03
+3.112670000E-03,+1.056554479896E+00,+2.552724532961E+00,+66.867147523E-03
+3.112675000E-03,+1.050439530216E+00,+2.552724532961E+00,+68.067524384E-03
+3.112680000E-03,+1.045464655902E+00,+2.552724532961E+00,+68.766644992E-03
+3.112685000E-03,+1.038365095722E+00,+2.552724532961E+00,+69.879082148E-03
+3.112690000E-03,+1.030488211392E+00,+2.552724532961E+00,+70.600187683E-03
+3.112695000E-03,+1.024736012938E+00,+2.552724532961E+00,+71.673051977E-03
+3.112700000E-03,+1.017014593415E+00,+2.552724532961E+00,+72.376569570E-03
+3.112705000E-03,+1.010381427642E+00,+2.552724532961E+00,+73.330715283E-03
+3.112710000E-03,+1.002245435297E+00,+2.552724532961E+00,+73.959484127E-03
+3.112715000E-03,+995.508626282E-03,+2.552724532961E+00,+75.080715264E-03
+3.112720000E-03,+987.165347504E-03,+2.552724532961E+00,+75.546795664E-03
+3.112725000E-03,+978.511139115E-03,+2.552724532961E+00,+76.654835856E-03
+3.112730000E-03,+971.152470822E-03,+2.552724532961E+00,+76.975815752E-03
+3.112735000E-03,+962.912835213E-03,+2.552724532961E+00,+78.382850906E-03
+3.112740000E-03,+954.569556411E-03,+2.552724532961E+00,+78.400438850E-03
+3.112745000E-03,+946.796315269E-03,+2.552724532961E+00,+79.851443858E-03
+3.112750000E-03,+936.742923433E-03,+2.552724532961E+00,+79.759107180E-03
+3.112755000E-03,+928.969682325E-03,+2.552724532961E+00,+81.135363443E-03
+3.112760000E-03,+920.004544261E-03,+2.552724532961E+00,+81.047423753E-03
+3.112765000E-03,+911.039406124E-03,+2.552724532961E+00,+82.520413679E-03
+3.112770000E-03,+901.245122359E-03,+2.552724532961E+00,+82.436870979E-03
+3.112775000E-03,+891.502660072E-03,+2.552724532961E+00,+83.725187532E-03
+3.112780000E-03,+880.879230591E-03,+2.552724532961E+00,+83.826318191E-03
+3.112785000E-03,+870.463087521E-03,+2.552724532961E+00,+84.859609637E-03
+3.112790000E-03,+861.135198089E-03,+2.552724532961E+00,+85.119031747E-03
+3.112795000E-03,+850.770876619E-03,+2.552724532961E+00,+85.950061889E-03
+3.112800000E-03,+840.665663175E-03,+2.552724532961E+00,+86.253453846E-03
+3.112805000E-03,+830.197698510E-03,+2.552724532961E+00,+86.970162387E-03
+3.112810000E-03,+819.159696077E-03,+2.552724532961E+00,+87.374684979E-03
+3.112815000E-03,+808.588088165E-03,+2.552724532961E+00,+88.021041776E-03
+3.112820000E-03,+797.446442560E-03,+2.552724532961E+00,+88.381594514E-03
+3.112825000E-03,+787.496693907E-03,+2.552724532961E+00,+89.045539252E-03
+3.112830000E-03,+776.562334720E-03,+2.552724532961E+00,+89.278579432E-03
+3.112835000E-03,+764.695186626E-03,+2.552724532961E+00,+89.929333217E-03
+3.112840000E-03,+753.501719440E-03,+2.552724532961E+00,+90.215137211E-03
+3.112845000E-03,+741.219998451E-03,+2.552724532961E+00,+90.874684960E-03
+3.112850000E-03,+729.767423158E-03,+2.552724532961E+00,+91.002197508E-03
+3.112855000E-03,+718.781242417E-03,+2.552724532961E+00,+91.617775400E-03
+3.112860000E-03,+707.017737456E-03,+2.552724532961E+00,+91.745287958E-03
+3.112865000E-03,+695.046946209E-03,+2.552724532961E+00,+92.220162329E-03
+3.112870000E-03,+683.024333226E-03,+2.552724532961E+00,+92.545539203E-03
+3.112875000E-03,+670.328039396E-03,+2.552724532961E+00,+92.826946240E-03
+3.112880000E-03,+657.942675219E-03,+2.552724532961E+00,+93.240262808E-03
+3.112885000E-03,+645.505489426E-03,+2.552724532961E+00,+93.398554275E-03
+3.112890000E-03,+632.964660388E-03,+2.552724532961E+00,+93.706343213E-03
+3.112895000E-03,+619.594685750E-03,+2.552724532961E+00,+93.934986424E-03
+3.112900000E-03,+606.691105373E-03,+2.552724532961E+00,+94.159232654E-03
+3.112905000E-03,+594.616670849E-03,+2.552724532961E+00,+94.348303014E-03
+3.112910000E-03,+581.091231272E-03,+2.552724532961E+00,+94.629710028E-03
+3.112915000E-03,+567.513970138E-03,+2.552724532961E+00,+94.875941202E-03
+3.112920000E-03,+553.833065825E-03,+2.552724532961E+00,+94.783604506E-03
+3.112925000E-03,+540.981307082E-03,+2.552724532961E+00,+95.328830638E-03
+3.112930000E-03,+526.367613834E-03,+2.552724532961E+00,+95.038629632E-03
+3.112935000E-03,+512.583066271E-03,+2.552724532961E+00,+95.509107018E-03
+3.112940000E-03,+499.005805141E-03,+2.552724532961E+00,+95.157348229E-03
+3.112945000E-03,+485.428543953E-03,+2.552724532961E+00,+95.715765303E-03
+3.112950000E-03,+472.162212319E-03,+2.552724532961E+00,+95.320036669E-03
+3.112955000E-03,+457.963091927E-03,+2.552724532961E+00,+95.803704999E-03
+3.112960000E-03,+443.763971492E-03,+2.552724532961E+00,+95.438755266E-03
+3.112965000E-03,+430.808569624E-03,+2.552724532961E+00,+95.799308012E-03
+3.112970000E-03,+415.624838620E-03,+2.552724532961E+00,+95.460740192E-03
+3.112975000E-03,+400.959323733E-03,+2.552724532961E+00,+95.676192441E-03
+3.112980000E-03,+385.879235923E-03,+2.552724532961E+00,+95.509107021E-03
+3.112985000E-03,+371.265542636E-03,+2.552724532961E+00,+95.632222589E-03
+3.112990000E-03,+356.600027762E-03,+2.552724532961E+00,+95.394785411E-03
+3.112995000E-03,+341.260831986E-03,+2.552724532961E+00,+95.451946214E-03
+3.113000000E-03,+327.424462688E-03,+2.552724532961E+00,+95.113378378E-03
+3.113005000E-03,+313.536271934E-03,+2.552724532961E+00,+95.148554269E-03
+3.113010000E-03,+298.818935376E-03,+2.552724532961E+00,+94.774810542E-03
+3.113015000E-03,+282.650593893E-03,+2.552724532961E+00,+94.959483913E-03
+3.113020000E-03,+268.451473438E-03,+2.552724532961E+00,+94.480212554E-03
+3.113025000E-03,+253.941423291E-03,+2.552724532961E+00,+94.612122107E-03
+3.113030000E-03,+238.032189868E-03,+2.552724532961E+00,+94.124056785E-03
+3.113035000E-03,+223.522139665E-03,+2.552724532961E+00,+94.093277888E-03
+3.113040000E-03,+208.752981608E-03,+2.552724532961E+00,+93.684358292E-03
+3.113045000E-03,+193.776536993E-03,+2.552724532961E+00,+93.486493977E-03
+3.113050000E-03,+177.504552298E-03,+2.552724532961E+00,+93.209483930E-03
+3.113055000E-03,+162.217178059E-03,+2.552724532961E+00,+92.870916096E-03
+3.113060000E-03,+147.033447014E-03,+2.552724532961E+00,+92.651066845E-03
+3.113065000E-03,+131.435143236E-03,+2.552724532961E+00,+92.211368363E-03
+3.113070000E-03,+115.214980070E-03,+2.552724532961E+00,+92.066267853E-03
+3.113075000E-03,+100.238535499E-03,+2.552724532961E+00,+91.428705065E-03
+3.113080000E-03,+86.246701514E-03,+2.552724532961E+00,+91.323177411E-03
+3.113085000E-03,+70.233824745E-03,+2.552724532961E+00,+90.703202562E-03
+3.113090000E-03,+55.516488215E-03,+2.552724532961E+00,+90.465765357E-03
+3.113095000E-03,+39.348146700E-03,+2.552724532961E+00,+89.894157345E-03
+3.113100000E-03,+24.475345348E-03,+2.552724532961E+00,+89.559986474E-03
+3.113105000E-03,+9.239792775E-03,+2.552724532961E+00,+89.045539258E-03
+3.113110000E-03,-5.218435797E-03,+2.552724532961E+00,+88.627825681E-03
+3.113115000E-03,-21.438598856E-03,+2.552724532961E+00,+87.941896052E-03
+3.113120000E-03,-36.881437918E-03,+2.552724532961E+00,+87.612122183E-03
+3.113125000E-03,-51.339666435E-03,+2.552724532961E+00,+86.899810638E-03
+3.113130000E-03,-66.316110929E-03,+2.552724532961E+00,+86.552448826E-03
+3.113135000E-03,-81.758949944E-03,+2.552724532961E+00,+85.774182502E-03
+3.113140000E-03,-96.839037774E-03,+2.552724532961E+00,+85.519157379E-03
+3.113145000E-03,-113.111022484E-03,+2.552724532961E+00,+84.547423726E-03
+3.113150000E-03,-127.621072636E-03,+2.552724532961E+00,+84.441896085E-03
+3.113155000E-03,-142.752982054E-03,+2.552724532961E+00,+83.285489064E-03
+3.113160000E-03,-157.625783313E-03,+2.552724532961E+00,+83.179961429E-03
+3.113165000E-03,-173.275908850E-03,+2.552724532961E+00,+81.992775512E-03
+3.113170000E-03,-188.459639823E-03,+2.552724532961E+00,+81.808102141E-03
+3.113175000E-03,-203.487905945E-03,+2.552724532961E+00,+80.713252918E-03
+3.113180000E-03,-217.531561659E-03,+2.552724532961E+00,+80.269157436E-03
+3.113185000E-03,-233.803546385E-03,+2.552724532961E+00,+79.455715241E-03
+3.113190000E-03,-250.334639099E-03,+2.552724532961E+00,+78.739006698E-03
+3.113195000E-03,-264.015543508E-03,+2.552724532961E+00,+78.070665009E-03
+3.113200000E-03,-278.888344905E-03,+2.552724532961E+00,+77.217649930E-03
+3.113205000E-03,-293.294751822E-03,+2.552724532961E+00,+76.760363507E-03
+3.113210000E-03,-309.825844516E-03,+2.552724532961E+00,+75.634735382E-03
+3.113215000E-03,-324.439537843E-03,+2.552724532961E+00,+75.190639903E-03
+3.113220000E-03,-338.949587984E-03,+2.552724532961E+00,+74.043026858E-03
+3.113225000E-03,-354.133318969E-03,+2.552724532961E+00,+73.550564544E-03
+3.113230000E-03,-368.487904213E-03,+2.552724532961E+00,+72.455715315E-03
+3.113235000E-03,-383.619813575E-03,+2.552724532961E+00,+71.725815826E-03
+3.113240000E-03,-398.181685363E-03,+2.552724532961E+00,+70.740891215E-03
+3.113245000E-03,-412.588092224E-03,+2.552724532961E+00,+69.997800766E-03
+3.113250000E-03,-427.720001560E-03,+2.552724532961E+00,+69.021670115E-03
+3.113255000E-03,-442.696446030E-03,+2.552724532961E+00,+68.133479179E-03
+3.113260000E-03,-456.895566607E-03,+2.552724532961E+00,+67.166142502E-03
+3.113265000E-03,-470.939222289E-03,+2.552724532961E+00,+66.211996792E-03
+3.113270000E-03,-485.241985893E-03,+2.552724532961E+00,+65.209484229E-03
+3.113275000E-03,-499.285641509E-03,+2.552724532961E+00,+64.356469180E-03
+3.113280000E-03,-513.692048394E-03,+2.552724532961E+00,+63.327574698E-03
+3.113285000E-03,-527.476595956E-03,+2.552724532961E+00,+62.452574728E-03
+3.113290000E-03,-540.483819501E-03,+2.552724532961E+00,+61.331343568E-03
+3.113295000E-03,-553.853794195E-03,+2.552724532961E+00,+60.535489321E-03
+3.113300000E-03,-567.741984947E-03,+2.552724532961E+00,+59.291142586E-03
+3.113305000E-03,-581.008316595E-03,+2.552724532961E+00,+58.460112459E-03
+3.113310000E-03,-594.896507319E-03,+2.552724532961E+00,+57.404836075E-03
+3.113315000E-03,-608.059195607E-03,+2.552724532961E+00,+56.257223034E-03
+3.113320000E-03,-620.289094994E-03,+2.552724532961E+00,+55.373429060E-03
+3.113325000E-03,-634.073642602E-03,+2.552724532961E+00,+54.129082352E-03
+3.113330000E-03,-646.562650051E-03,+2.552724532961E+00,+53.328831094E-03
+3.113335000E-03,-660.139911196E-03,+2.552724532961E+00,+51.978956748E-03
+3.113340000E-03,-672.369810537E-03,+2.552724532961E+00,+51.218278342E-03
+3.113345000E-03,-684.340601879E-03,+2.552724532961E+00,+49.881594968E-03
+3.113350000E-03,-695.948641988E-03,+2.552724532961E+00,+49.006594950E-03
+3.113355000E-03,-709.422259839E-03,+2.552724532961E+00,+47.687499513E-03
+3.113360000E-03,-721.652159272E-03,+2.552724532961E+00,+46.632223119E-03
+3.113365000E-03,-733.933880308E-03,+2.552724532961E+00,+45.493404062E-03
+3.113370000E-03,-746.422887654E-03,+2.552724532961E+00,+44.306218116E-03
+3.113375000E-03,-758.600965388E-03,+2.552724532961E+00,+43.286117649E-03
+3.113380000E-03,-769.690789406E-03,+2.552724532961E+00,+41.896670410E-03
+3.113385000E-03,-781.765223909E-03,+2.552724532961E+00,+41.004082495E-03
+3.113390000E-03,-793.269620803E-03,+2.552724532961E+00,+39.447549838E-03
+3.113395000E-03,-805.084947264E-03,+2.552724532961E+00,+38.590137793E-03
+3.113400000E-03,-815.604733658E-03,+2.552724532961E+00,+37.139132783E-03
+3.113405000E-03,-826.383627986E-03,+2.552724532961E+00,+36.092650384E-03
+3.113410000E-03,-837.888024823E-03,+2.552724532961E+00,+34.799936829E-03
+3.113415000E-03,-848.459632808E-03,+2.552724532961E+00,+33.564384073E-03
+3.113420000E-03,-858.616667838E-03,+2.552724532961E+00,+32.438755946E-03
+3.113425000E-03,-869.602848670E-03,+2.552724532961E+00,+31.031720791E-03
+3.113430000E-03,-879.552597249E-03,+2.552724532961E+00,+30.002826326E-03
+3.113435000E-03,-890.072383543E-03,+2.552724532961E+00,+28.560615289E-03
+3.113440000E-03,-900.954921182E-03,+2.552724532961E+00,+27.536117807E-03
+3.113445000E-03,-910.541918554E-03,+2.552724532961E+00,+26.076318832E-03
+3.113450000E-03,-920.388023964E-03,+2.552724532961E+00,+24.809987187E-03
+3.113455000E-03,-929.923199753E-03,+2.552724532961E+00,+23.640389216E-03
+3.113460000E-03,-939.354732378E-03,+2.552724532961E+00,+22.163002292E-03
+3.113465000E-03,-949.926340263E-03,+2.552724532961E+00,+21.178077683E-03
+3.113470000E-03,-959.876088892E-03,+2.552724532961E+00,+19.652323923E-03
+3.113475000E-03,-968.115724491E-03,+2.552724532961E+00,+18.619032484E-03
+3.113480000E-03,-977.806365073E-03,+2.552724532961E+00,+17.075690790E-03
+3.113485000E-03,-985.268676572E-03,+2.552724532961E+00,+16.064384267E-03
+3.113490000E-03,-993.819241807E-03,+2.552724532961E+00,+14.516645588E-03
+3.113495000E-03,-1.002317985481E+00,+2.552724532961E+00,+13.456972231E-03
+3.113500000E-03,-1.010194869764E+00,+2.552724532961E+00,+11.918027526E-03
+3.113505000E-03,-1.017709002879E+00,+2.552724532961E+00,+10.801193373E-03
+3.113510000E-03,-1.025948638524E+00,+2.552724532961E+00,+9.376570263E-03
+3.113515000E-03,-1.033773701229E+00,+2.552724532961E+00,+8.154208473E-03
+3.113520000E-03,-1.041391477482E+00,+2.552724532961E+00,+6.852700944E-03
+3.113525000E-03,-1.048646502577E+00,+2.552724532961E+00,+5.590766295E-03
+3.113530000E-03,-1.055538776296E+00,+2.552724532961E+00,+4.144158261E-03
+3.113535000E-03,-1.062638336623E+00,+2.552724532961E+00,+2.948178388E-03
+3.113540000E-03,-1.070048826426E+00,+2.552724532961E+00,+1.497173358E-03
+3.113545000E-03,-1.076474705758E+00,+2.552724532961E+00,+472.675897E-06
+3.113550000E-03,-1.082537833880E+00,+2.552724532961E+00,-1.132223602E-03
+3.113555000E-03,-1.089119177993E+00,+2.552724532961E+00,-2.081972310E-03
+3.113560000E-03,-1.094871376411E+00,+2.552724532961E+00,-3.831972315E-03
+3.113565000E-03,-1.100934504491E+00,+2.552724532961E+00,-4.592650685E-03
+3.113570000E-03,-1.106013022063E+00,+2.552724532961E+00,-6.448178317E-03
+3.113575000E-03,-1.111765220489E+00,+2.552724532961E+00,-7.239635577E-03
+3.113580000E-03,-1.117258310857E+00,+2.552724532961E+00,-9.059987328E-03
+3.113585000E-03,-1.122699579681E+00,+2.552724532961E+00,-9.965766201E-03
+3.113590000E-03,-1.127104416296E+00,+2.552724532961E+00,-11.561871728E-03
+3.113595000E-03,-1.132390220294E+00,+2.552724532961E+00,-12.727072707E-03
+3.113600000E-03,-1.136743235331E+00,+2.231430584903E+00,-14.222047574E-03
+3.113605000E-03,-1.139489780557E+00,+2.159246775E-03,-15.378454581E-03
+3.113610000E-03,-1.144309190015E+00,-174.819407598E-03,-16.671168155E-03
+3.113615000E-03,-1.148247632192E+00,-116.009737586E-03,-18.188127920E-03
+3.113620000E-03,-1.152911576845E+00,+213.685612378E-03,-19.186243505E-03
+3.113625000E-03,-1.155865408540E+00,-56.414883719E-03,-20.711997242E-03
+3.113630000E-03,-1.159492921008E+00,-71.725815951E-03,-21.749685690E-03
+3.113635000E-03,-1.163431363160E+00,-103.918026338E-03,-23.354585156E-03
+3.113640000E-03,-1.167577091742E+00,-25.950063598E-03,-24.493404256E-03
+3.113645000E-03,-1.169339026413E+00,-47.149810418E-03,-25.812499700E-03
+3.113650000E-03,-1.173018360532E+00,-49.505338847E-03,-27.083228342E-03
+3.113655000E-03,-1.174054792720E+00,-59.477072085E-03,-28.397926810E-03
+3.113660000E-03,-1.177319553953E+00,-52.253454493E-03,-29.690640381E-03
+3.113665000E-03,-1.179806991121E+00,-49.897926445E-03,-30.913002169E-03
+3.113670000E-03,-1.180687958448E+00,-52.017901544E-03,-32.372801144E-03
+3.113675000E-03,-1.182449893124E+00,-51.154208014E-03,-33.463253397E-03
+3.113680000E-03,-1.183849076552E+00,-50.211997047E-03,-34.791142827E-03
+3.113685000E-03,-1.184730043845E+00,-49.819409040E-03,-35.969534778E-03
+3.113690000E-03,-1.185455546388E+00,-48.170539744E-03,-37.380966920E-03
+3.113695000E-03,-1.186284692151E+00,-49.269785865E-03,-38.414258366E-03
+3.113700000E-03,-1.186906551385E+00,-47.542399001E-03,-39.891645290E-03
+3.113705000E-03,-1.187062016194E+00,-48.641645279E-03,-40.872172905E-03
+3.113710000E-03,-1.187994805163E+00,-49.269785891E-03,-42.424308585E-03
+3.113715000E-03,-1.188202091542E+00,-50.211996937E-03,-43.097047257E-03
+3.113720000E-03,-1.186543800175E+00,-48.955715543E-03,-44.978956790E-03
+3.113725000E-03,-1.186802908230E+00,-48.720162769E-03,-45.317524615E-03
+3.113730000E-03,-1.185921940851E+00,-47.856469422E-03,-47.524811043E-03
+3.113735000E-03,-1.184211827826E+00,-47.856469396E-03,-47.639132634E-03
+3.113740000E-03,-1.183641790130E+00,-46.050564814E-03,-50.048680355E-03
+3.113745000E-03,-1.182190785173E+00,-47.306846220E-03,-49.929961757E-03
+3.113750000E-03,-1.181620747460E+00,-48.798680297E-03,-52.449434103E-03
+3.113755000E-03,-1.180221563997E+00,-46.992775964E-03,-52.264760730E-03
+3.113760000E-03,-1.178304164546E+00,-48.641645260E-03,-54.705087339E-03
+3.113765000E-03,-1.177371375690E+00,-48.563127667E-03,-54.559986834E-03
+3.113770000E-03,-1.174106614388E+00,-48.484610007E-03,-56.903579782E-03
+3.113775000E-03,-1.172189214907E+00,-46.757223137E-03,-56.881594851E-03
+3.113780000E-03,-1.169805420941E+00,-46.992775912E-03,-59.137248095E-03
+3.113785000E-03,-1.167369805376E+00,-46.286117641E-03,-59.110866180E-03
+3.113790000E-03,-1.162913147180E+00,-45.186871336E-03,-61.159861148E-03
+3.113795000E-03,-1.161824893370E+00,-47.228328574E-03,-61.375313395E-03
+3.113800000E-03,-1.157990094451E+00,-46.443152802E-03,-63.226444045E-03
+3.113805000E-03,-1.154310760420E+00,-46.835740698E-03,-63.512248044E-03
+3.113810000E-03,-1.151201463901E+00,-46.600188009E-03,-65.358981705E-03
+3.113815000E-03,-1.147884881062E+00,-45.972047220E-03,-65.701946512E-03
+3.113820000E-03,-1.143272757943E+00,-44.637248246E-03,-67.473931433E-03
+3.113825000E-03,-1.138867921385E+00,-46.992775733E-03,-67.750941460E-03
+3.113830000E-03,-1.134825835914E+00,-44.087625196E-03,-69.465765592E-03
+3.113835000E-03,-1.130783750535E+00,-47.856469376E-03,-69.786745462E-03
+3.113840000E-03,-1.126016162694E+00,-44.401695491E-03,-71.277323359E-03
+3.113845000E-03,-1.120574893904E+00,-46.286117515E-03,-71.747800721E-03
+3.113850000E-03,-1.115289089919E+00,-44.872801053E-03,-73.194408760E-03
+3.113855000E-03,-1.110521502026E+00,-45.579459337E-03,-73.708855971E-03
+3.113860000E-03,-1.104458373998E+00,-43.302449312E-03,-75.049936378E-03
+3.113865000E-03,-1.098084316225E+00,-45.579459291E-03,-75.603956457E-03
+3.113870000E-03,-1.092228474557E+00,-45.343906437E-03,-76.883479076E-03
+3.113875000E-03,-1.086476276179E+00,-46.129082474E-03,-77.463881057E-03
+3.113880000E-03,-1.081397758650E+00,-43.930590008E-03,-78.690639861E-03
+3.113885000E-03,-1.074505484881E+00,-43.616519693E-03,-79.218278024E-03
+3.113890000E-03,-1.067613211081E+00,-44.009107609E-03,-80.409860949E-03
+3.113895000E-03,-1.061446439773E+00,-44.637248279E-03,-80.977071971E-03
+3.113900000E-03,-1.054502344348E+00,-44.244660370E-03,-82.195036813E-03
+3.113905000E-03,-1.047091854561E+00,-44.166142790E-03,-82.489634778E-03
+3.113910000E-03,-1.040717796726E+00,-44.558730685E-03,-83.905463923E-03
+3.113915000E-03,-1.032270874759E+00,-43.773554868E-03,-84.081343302E-03
+3.113920000E-03,-1.023098450296E+00,-42.360238246E-03,-85.563127217E-03
+3.113925000E-03,-1.015947068353E+00,-43.145414164E-03,-85.629081981E-03
+3.113930000E-03,-1.006878287109E+00,-42.988378997E-03,-87.168026692E-03
+3.113935000E-03,-998.379543468E-03,-43.773554754E-03,-87.009735242E-03
+3.113940000E-03,-989.777156643E-03,-43.066896544E-03,-88.641016628E-03
+3.113945000E-03,-981.174769832E-03,-43.773554814E-03,-88.438755324E-03
+3.113950000E-03,-972.105988491E-03,-43.145414037E-03,-90.030463845E-03
+3.113955000E-03,-963.969996063E-03,-44.401695484E-03,-89.832599536E-03
+3.113960000E-03,-954.434820321E-03,-41.967650324E-03,-91.309986450E-03
+3.113965000E-03,-945.106931000E-03,-43.538002019E-03,-91.142901031E-03
+3.113970000E-03,-936.141792865E-03,-43.538002013E-03,-92.483981415E-03
+3.113975000E-03,-925.673828220E-03,-44.087625169E-03,-92.382850764E-03
+3.113980000E-03,-914.739469072E-03,-43.459484473E-03,-93.723931154E-03
+3.113985000E-03,-904.064217903E-03,-43.380966912E-03,-93.574433660E-03
+3.113990000E-03,-894.736328489E-03,-41.967650244E-03,-94.902323100E-03
+3.113995000E-03,-884.164720571E-03,-43.223931711E-03,-94.704458774E-03
+3.114000000E-03,-874.629544754E-03,-42.203202998E-03,-95.979584398E-03
+3.114005000E-03,-864.887082605E-03,-43.223931651E-03,-95.750941177E-03
+3.114010000E-03,-854.160009958E-03,-42.517273394E-03,-97.017272833E-03
+3.114015000E-03,-844.469369314E-03,-41.889132859E-03,-96.753453735E-03
+3.114020000E-03,-833.690474845E-03,-41.732097529E-03,-98.002197441E-03
+3.114025000E-03,-821.564218841E-03,-43.066896591E-03,-97.755966280E-03
+3.114030000E-03,-810.888967601E-03,-42.360238240E-03,-98.868403464E-03
+3.114035000E-03,-799.643678875E-03,-41.496544795E-03,-98.586996419E-03
+3.114040000E-03,-786.895563367E-03,-41.810615137E-03,-99.637875818E-03
+3.114045000E-03,-775.546631341E-03,-40.711368924E-03,-99.571921032E-03
+3.114050000E-03,-763.264910385E-03,-42.281720700E-03,-100.407348170E-03
+3.114055000E-03,-751.915978319E-03,-42.124685451E-03,-100.398554189E-03
+3.114060000E-03,-738.338717158E-03,-42.360238287E-03,-101.062498922E-03
+3.114065000E-03,-727.041606794E-03,-41.653579963E-03,-101.110865734E-03
+3.114070000E-03,-716.003604346E-03,-43.145414104E-03,-101.708855703E-03
+3.114075000E-03,-702.996380862E-03,-42.517273394E-03,-101.642900908E-03
+3.114080000E-03,-690.818303032E-03,-41.496544795E-03,-102.284860724E-03
+3.114085000E-03,-677.500150047E-03,-42.046167891E-03,-102.108981301E-03
+3.114090000E-03,-666.099396342E-03,-40.789886573E-03,-102.856468753E-03
+3.114095000E-03,-652.573956744E-03,-40.789886525E-03,-102.605840600E-03
+3.114100000E-03,-639.514911689E-03,-40.632851337E-03,-103.326946141E-03
+3.114105000E-03,-625.574899330E-03,-41.732097563E-03,-102.953202408E-03
+3.114110000E-03,-611.842173346E-03,-40.868404064E-03,-103.731468741E-03
+3.114115000E-03,-599.456809076E-03,-41.182474467E-03,-103.274182308E-03
+3.114120000E-03,-586.035012778E-03,-39.847675541E-03,-104.056845622E-03
+3.114125000E-03,-572.146822004E-03,-41.732097536E-03,-103.603956174E-03
+3.114130000E-03,-559.657814541E-03,-42.046167837E-03,-104.232725009E-03
+3.114135000E-03,-546.495126222E-03,-41.967650345E-03,-103.854584316E-03
+3.114140000E-03,-532.347827383E-03,-41.182474440E-03,-104.316267730E-03
+3.114145000E-03,-518.096885361E-03,-42.831343694E-03,-104.074433559E-03
+3.114150000E-03,-504.675089000E-03,-41.496544720E-03,-104.338252651E-03
+3.114155000E-03,-489.802287729E-03,-42.674308609E-03,-104.263503908E-03
+3.114160000E-03,-475.033129532E-03,-41.967650277E-03,-104.386619479E-03
+3.114165000E-03,-461.974084428E-03,-42.595791015E-03,-104.338252650E-03
+3.114170000E-03,-445.961207860E-03,-41.889132683E-03,-104.294282805E-03
+3.114175000E-03,-431.710265720E-03,-41.653580004E-03,-104.197549133E-03
+3.114180000E-03,-416.526534713E-03,-41.103956901E-03,-104.223931055E-03
+3.114185000E-03,-401.861019772E-03,-40.554333785E-03,-104.056845621E-03
+3.114190000E-03,-387.921007427E-03,-40.240263388E-03,-104.087624518E-03
+3.114195000E-03,-372.167238715E-03,-41.418027229E-03,-103.806217487E-03
+3.114200000E-03,-357.087150892E-03,-42.203202990E-03,-103.920539098E-03
+3.114205000E-03,-342.888030473E-03,-41.182474447E-03,-103.559986327E-03
+3.114210000E-03,-326.305116119E-03,-41.260992124E-03,-103.727071756E-03
+3.114215000E-03,-312.157817230E-03,-39.690640292E-03,-103.142272769E-03
+3.114220000E-03,-296.559513368E-03,-40.868404133E-03,-103.340137093E-03
+3.114225000E-03,-282.360392871E-03,-42.203203038E-03,-102.816895887E-03
+3.114230000E-03,-267.021197124E-03,-40.789886539E-03,-102.935614482E-03
+3.114235000E-03,-251.630179779E-03,-41.653580004E-03,-102.364006444E-03
+3.114240000E-03,-236.653735152E-03,-40.083228255E-03,-102.333227550E-03
+3.114245000E-03,-220.329928817E-03,-41.967650346E-03,-101.831971272E-03
+3.114250000E-03,-204.835268110E-03,-40.711368959E-03,-101.827574292E-03
+3.114255000E-03,-191.258006986E-03,-40.868404092E-03,-101.286745149E-03
+3.114260000E-03,-174.830557432E-03,-41.103956853E-03,-101.168026564E-03
+3.114265000E-03,-160.372328934E-03,-41.418027132E-03,-100.697549176E-03
+3.114270000E-03,-144.152165851E-03,-40.868404147E-03,-100.402951196E-03
+3.114275000E-03,-129.020256355E-03,-41.260992125E-03,-99.936870794E-03
+3.114280000E-03,-112.333698768E-03,-39.533605167E-03,-99.611493917E-03
+3.114285000E-03,-98.290043236E-03,-42.203203017E-03,-99.110237637E-03
+3.114290000E-03,-83.728171492E-03,-42.046167836E-03,-98.710112022E-03
+3.114295000E-03,-68.440797201E-03,-42.046167836E-03,-98.331971310E-03
+3.114300000E-03,-52.583385366E-03,-40.789886491E-03,-97.892272831E-03
+3.114305000E-03,-37.969692018E-03,-40.240263465E-03,-97.478956241E-03
+3.114310000E-03,-22.785961094E-03,-41.025439196E-03,-96.779835658E-03
+3.114315000E-03,-6.980370802E-03,-39.847675488E-03,-96.507222584E-03
+3.114320000E-03,+8.617933074E-03,-41.653579970E-03,-95.808101999E-03
+3.114325000E-03,+24.112593735E-03,-41.025439259E-03,-95.495916064E-03
+3.114330000E-03,+39.503611121E-03,-41.575062320E-03,-94.620916090E-03
+3.114335000E-03,+54.790985370E-03,-40.161745899E-03,-94.423051750E-03
+3.114340000E-03,+70.855683603E-03,-40.711368848E-03,-93.499684949E-03
+3.114345000E-03,+85.002982488E-03,-40.711368925E-03,-93.178705024E-03
+3.114350000E-03,+101.637718481E-03,-40.240263409E-03,-92.418026671E-03
+3.114355000E-03,+117.028735927E-03,-41.025439266E-03,-91.929961324E-03
+3.114360000E-03,+131.227856341E-03,-41.103956881E-03,-91.147298039E-03
+3.114365000E-03,+146.411587367E-03,-41.653579977E-03,-90.509735211E-03
+3.114370000E-03,+162.942680187E-03,-40.632851296E-03,-89.973303077E-03
+3.114375000E-03,+177.867303124E-03,-40.868404078E-03,-89.124684979E-03
+3.114380000E-03,+192.843747664E-03,-41.103956874E-03,-88.654207614E-03
+3.114385000E-03,+207.509262656E-03,-41.653579893E-03,-87.572549323E-03
+3.114390000E-03,+222.692993617E-03,-42.752826119E-03,-87.365891033E-03
+3.114395000E-03,+237.773081381E-03,-41.182474412E-03,-86.205087027E-03
+3.114400000E-03,+253.112277243E-03,-41.103956888E-03,-85.804961400E-03
+3.114405000E-03,+268.244186591E-03,-40.868404064E-03,-84.701318203E-03
+3.114410000E-03,+283.531560799E-03,-41.025439210E-03,-84.200061919E-03
+3.114415000E-03,+298.300718951E-03,-42.909861328E-03,-83.201946367E-03
+3.114420000E-03,+313.173520248E-03,-39.769157816E-03,-82.463252892E-03
+3.114425000E-03,+327.268997521E-03,-40.554333722E-03,-81.641016731E-03
+3.114430000E-03,+342.660014944E-03,-41.182474447E-03,-80.620916230E-03
+3.114435000E-03,+357.066421825E-03,-41.732097543E-03,-80.027323277E-03
+3.114440000E-03,+371.576471921E-03,-40.554333786E-03,-78.928077053E-03
+3.114445000E-03,+385.361019512E-03,-41.339509629E-03,-78.343278070E-03
+3.114450000E-03,+400.130177575E-03,-42.203203037E-03,-77.125313257E-03
+3.114455000E-03,+415.417551820E-03,-41.575062404E-03,-76.566896177E-03
+3.114460000E-03,+429.098456205E-03,-41.653579864E-03,-75.265388661E-03
+3.114465000E-03,+443.297576680E-03,-41.575062383E-03,-74.605840922E-03
+3.114470000E-03,+457.393053822E-03,-41.732097493E-03,-73.449433903E-03
+3.114475000E-03,+471.488531123E-03,-41.418027145E-03,-72.675564556E-03
+3.114480000E-03,+485.532186784E-03,-40.946921636E-03,-71.620288188E-03
+3.114485000E-03,+498.850339894E-03,-40.318780989E-03,-70.732097249E-03
+3.114490000E-03,+512.064849878E-03,-41.575062369E-03,-69.738378666E-03
+3.114495000E-03,+525.383002983E-03,-40.554333808E-03,-68.810614856E-03
+3.114500000E-03,+539.582123358E-03,-42.203202966E-03,-67.702574665E-03
+3.114505000E-03,+553.003919716E-03,-43.223931620E-03,-66.774810861E-03
+3.114510000E-03,+566.270251269E-03,-42.046167806E-03,-65.614006847E-03
+3.114515000E-03,+578.862901865E-03,-42.360238261E-03,-64.721418921E-03
+3.114520000E-03,+593.372951984E-03,-41.260991978E-03,-63.367147576E-03
+3.114525000E-03,+605.032813654E-03,-41.496544732E-03,-62.597675224E-03
+3.114530000E-03,+619.957436553E-03,-40.868404121E-03,-61.252197852E-03
+3.114535000E-03,+631.202725476E-03,-42.831343741E-03,-60.592650109E-03
+3.114540000E-03,+643.743554464E-03,-42.046167834E-03,-59.132851145E-03
+3.114545000E-03,+656.025275414E-03,-42.595790987E-03,-58.407348631E-03
+3.114550000E-03,+669.291606921E-03,-41.339509593E-03,-56.969534588E-03
+3.114555000E-03,+681.314219758E-03,-42.046167877E-03,-56.235238091E-03
+3.114560000E-03,+693.077724823E-03,-41.418027101E-03,-54.735866272E-03
+3.114565000E-03,+705.514910643E-03,-43.066896509E-03,-53.786117526E-03
+3.114570000E-03,+716.863842644E-03,-39.847675517E-03,-52.458228106E-03
+3.114575000E-03,+728.886455576E-03,-40.004710749E-03,-51.429333628E-03
+3.114580000E-03,+740.909068488E-03,-41.889132631E-03,-50.070665309E-03
+3.114585000E-03,+752.879859827E-03,-42.438755834E-03,-49.129710542E-03
+3.114590000E-03,+764.073326963E-03,-42.517273421E-03,-47.625941720E-03
+3.114595000E-03,+776.355048098E-03,-41.653579870E-03,-46.772926646E-03
+3.114600000E-03,+787.237585632E-03,-40.240263446E-03,-45.211997020E-03
+3.114605000E-03,+798.482874399E-03,-41.967650225E-03,-44.504082451E-03
+3.114610000E-03,+809.572698444E-03,-40.711368954E-03,-42.806846292E-03
+3.114615000E-03,+819.522447090E-03,-41.967650369E-03,-42.076946800E-03
+3.114620000E-03,+829.834946985E-03,-40.083228207E-03,-40.278579994E-03
+3.114625000E-03,+840.769306064E-03,-43.302449234E-03,-39.654208128E-03
+3.114630000E-03,+850.563589893E-03,-43.852072359E-03,-37.706343844E-03
+3.114635000E-03,+860.824268213E-03,-40.083228199E-03,-37.117147851E-03
+3.114640000E-03,+872.328665084E-03,-42.831343741E-03,-35.375941855E-03
+3.114645000E-03,+881.863840880E-03,-42.124685421E-03,-34.562499640E-03
+3.114650000E-03,+891.709946360E-03,-42.831343820E-03,-32.847675557E-03
+3.114655000E-03,+902.229732651E-03,-43.930589975E-03,-31.963881581E-03
+3.114660000E-03,+910.469368260E-03,-41.182474404E-03,-30.319409242E-03
+3.114665000E-03,+918.709003836E-03,-43.223931828E-03,-29.369660500E-03
+3.114670000E-03,+928.866038936E-03,-42.281720616E-03,-27.707600235E-03
+3.114675000E-03,+938.090284982E-03,-42.438755943E-03,-26.819409273E-03
+3.114680000E-03,+947.262709507E-03,-40.946921658E-03,-25.170539951E-03
+3.114685000E-03,+955.243237093E-03,-42.988378893E-03,-24.176821363E-03
+3.114690000E-03,+964.104732002E-03,-41.418027187E-03,-22.536746012E-03
+3.114695000E-03,+971.618865054E-03,-42.517273458E-03,-21.556218376E-03
+3.114700000E-03,+979.806679065E-03,-41.967650290E-03,-19.889761122E-03
+3.114705000E-03,+987.528098575E-03,-42.438755761E-03,-18.944409358E-03
+3.114710000E-03,+995.767734041E-03,-41.732097594E-03,-17.361494813E-03
+3.114715000E-03,+1.003696440092E+00,-42.674308545E-03,-16.240263661E-03
+3.114720000E-03,+1.011417859616E+00,-41.496544898E-03,-14.780464690E-03
+3.114725000E-03,+1.017999203738E+00,-42.674308588E-03,-13.588881776E-03
+3.114730000E-03,+1.024269618311E+00,-41.967650312E-03,-12.322550143E-03
+3.114735000E-03,+1.031835573013E+00,-42.124685486E-03,-10.766017494E-03
+3.114740000E-03,+1.037328663397E+00,-41.889132637E-03,-9.745916999E-03
+3.114745000E-03,+1.045050082956E+00,-40.868404180E-03,-8.119032602E-03
+3.114750000E-03,+1.050957746175E+00,-42.438755798E-03,-7.160489885E-03
+3.114755000E-03,+1.057746376770E+00,-42.360238225E-03,-5.546796444E-03
+3.114760000E-03,+1.063343110321E+00,-41.732097580E-03,-4.491520062E-03
+3.114765000E-03,+1.068628914260E+00,-41.653580014E-03,-3.009736178E-03
+3.114770000E-03,+1.074899328824E+00,-41.967650260E-03,-1.818153259E-03
+3.114775000E-03,+1.080651527211E+00,-42.988378944E-03,-560.615606E-06
+3.114780000E-03,+1.085004542327E+00,-42.124685457E-03,+929.962295E-06
+3.114785000E-03,+1.091326778377E+00,-40.632851353E-03,+1.919283871E-03
+3.114790000E-03,+1.096405295998E+00,+411.628425286E-03,+3.713253722E-03
+3.114795000E-03,+1.100188273286E+00,+2.538434325902E+00,+4.416771282E-03
+3.114800000E-03,+1.104230358650E+00,+2.552724532961E+00,+6.338253680E-03
+3.114805000E-03,+1.107132368723E+00,+2.552724532961E+00,+7.274811458E-03
+3.114810000E-03,+1.112159064649E+00,+2.552724532961E+00,+8.840138075E-03
+3.114815000E-03,+1.115579290738E+00,+2.552724532961E+00,+9.798680787E-03
+3.114820000E-03,+1.119517732888E+00,+2.552724532961E+00,+11.311243571E-03
+3.114825000E-03,+1.122989780613E+00,+2.552724532961E+00,+12.476444581E-03
+3.114830000E-03,+1.125684504120E+00,+2.552724532961E+00,+13.927449570E-03
+3.114835000E-03,+1.127705546885E+00,+2.552724532961E+00,+15.158605353E-03
+3.114840000E-03,+1.131903097086E+00,+2.552724532961E+00,+16.385364116E-03
+3.114845000E-03,+1.134597820690E+00,+2.552724532961E+00,+17.620916887E-03
+3.114850000E-03,+1.136618863396E+00,+2.552724532961E+00,+19.041142987E-03
+3.114855000E-03,+1.138432619688E+00,+2.552724532961E+00,+20.259107808E-03
+3.114860000E-03,+1.140401840757E+00,+2.552724532961E+00,+21.613379148E-03
+3.114865000E-03,+1.143303850806E+00,+2.552724532961E+00,+22.646670601E-03
+3.114870000E-03,+1.144547569381E+00,+2.552724532961E+00,+24.304333888E-03
+3.114875000E-03,+1.146464968833E+00,+2.552724532961E+00,+25.170539918E-03
+3.114880000E-03,+1.147864152245E+00,+2.552724532961E+00,+26.977700690E-03
+3.114885000E-03,+1.148641476372E+00,+2.552724532961E+00,+27.646042402E-03
+3.114890000E-03,+1.149677908444E+00,+2.552724532961E+00,+29.413630320E-03
+3.114895000E-03,+1.150558875829E+00,+2.552724532961E+00,+30.191896653E-03
+3.114900000E-03,+1.152165345608E+00,+2.552724532961E+00,+31.955087567E-03
+3.114905000E-03,+1.151232556688E+00,+2.552724532961E+00,+32.627826275E-03
+3.114910000E-03,+1.151647129547E+00,+2.552724532961E+00,+34.267901621E-03
+3.114915000E-03,+1.150558875849E+00,+2.552724532961E+00,+35.244032273E-03
+3.114920000E-03,+1.149781551737E+00,+2.552724532961E+00,+36.567524714E-03
+3.114925000E-03,+1.150817983823E+00,+2.552724532961E+00,+37.693152846E-03
+3.114930000E-03,+1.150403411007E+00,+2.552724532961E+00,+38.946293534E-03
+3.114935000E-03,+1.149522443636E+00,+2.552724532961E+00,+40.212625175E-03
+3.114940000E-03,+1.147190471343E+00,+2.552724532961E+00,+41.386620139E-03
+3.114945000E-03,+1.146464968828E+00,+2.552724532961E+00,+42.525439222E-03
+3.114950000E-03,+1.145480358325E+00,+2.552724532961E+00,+43.703831174E-03
+3.114955000E-03,+1.142215597029E+00,+2.552724532961E+00,+44.772298490E-03
+3.114960000E-03,+1.141282808065E+00,+2.552724532961E+00,+46.043027131E-03
+3.114965000E-03,+1.139054479022E+00,+2.552724532961E+00,+46.979584909E-03
+3.114970000E-03,+1.136567041907E+00,+2.552724532961E+00,+48.285489424E-03
+3.114975000E-03,+1.134286891084E+00,+2.552724532961E+00,+49.257223069E-03
+3.114980000E-03,+1.132162205172E+00,+2.552724532961E+00,+50.492775825E-03
+3.114985000E-03,+1.129104730390E+00,+2.552724532961E+00,+51.486494405E-03
+3.114990000E-03,+1.126254541934E+00,+2.552724532961E+00,+52.634107464E-03
+3.114995000E-03,+1.122471564582E+00,+2.552724532961E+00,+53.781720519E-03
