x-axis,1,2,3
second,Volt,Volt,Volt
+3.105000000E-03,-914.687647283E-03,-42.831343762E-03,-94.510991450E-03
+3.105005000E-03,-903.649644889E-03,-41.889132717E-03,-95.214509030E-03
+3.105010000E-03,-891.730675167E-03,-42.674308588E-03,-95.535488927E-03
+3.105015000E-03,-882.350964212E-03,-42.046167891E-03,-96.274182386E-03
+3.105020000E-03,-871.157496995E-03,-42.517273414E-03,-96.590765297E-03
+3.105025000E-03,-860.896818714E-03,-41.889132718E-03,-97.223931119E-03
+3.105030000E-03,-850.066102749E-03,-44.166142742E-03,-97.637247698E-03
+3.105035000E-03,-839.287208393E-03,-41.575062369E-03,-98.191267792E-03
+3.105040000E-03,-827.057309026E-03,-42.360238240E-03,-98.661745175E-03
+3.105045000E-03,-815.708376987E-03,-41.025439259E-03,-98.960740146E-03
+3.105050000E-03,-804.359444948E-03,-42.281720651E-03,-99.466393407E-03
+3.105055000E-03,-791.507686292E-03,-40.318780975E-03,-99.708227575E-03
+3.105060000E-03,-779.329608533E-03,-42.360238240E-03,-100.288629579E-03
+3.105065000E-03,-767.203352382E-03,-42.281720653E-03,-100.587624551E-03
+3.105070000E-03,-754.714344977E-03,-43.066896523E-03,-100.974559220E-03
+3.105075000E-03,-742.069872750E-03,-40.161745801E-03,-101.326318010E-03
+3.105080000E-03,-730.047259815E-03,-42.438755826E-03,-101.537373284E-03
+3.105085000E-03,-716.573641870E-03,-40.318780976E-03,-102.038629560E-03
+3.105090000E-03,-704.240099288E-03,-41.575062369E-03,-102.043026545E-03
+3.105095000E-03,-692.010199921E-03,-41.418027194E-03,-102.680589352E-03
+3.105100000E-03,-679.002976442E-03,-41.967650304E-03,-102.456343124E-03
+3.105105000E-03,-666.151217786E-03,-41.889132717E-03,-103.151066734E-03
+3.105110000E-03,-653.247637522E-03,-41.575062369E-03,-102.948805430E-03
+3.105115000E-03,-638.219371351E-03,-41.575062368E-03,-103.520413464E-03
+3.105120000E-03,-625.056683050E-03,-41.496544781E-03,-103.357725024E-03
+3.105125000E-03,-611.375778674E-03,-41.496544781E-03,-103.713880798E-03
+3.105130000E-03,-597.591231084E-03,-40.161745801E-03,-103.819408436E-03
+3.105135000E-03,-584.428542783E-03,-41.496544780E-03,-103.898554163E-03
+3.105140000E-03,-569.348455005E-03,-41.182474432E-03,-104.144785317E-03
+3.105145000E-03,-556.703982779E-03,-41.732097543E-03,-104.052448634E-03
+3.105150000E-03,-541.986646253E-03,-41.732097542E-03,-104.413001394E-03
+3.105155000E-03,-528.875779558E-03,-39.455087519E-03,-104.140388332E-03
+3.105160000E-03,-513.692048566E-03,-40.868404083E-03,-104.470162198E-03
+3.105165000E-03,-499.700214546E-03,-41.182474433E-03,-104.267900893E-03
+3.105170000E-03,-483.946445870E-03,-40.475816148E-03,-104.417398379E-03
+3.105175000E-03,-468.970001307E-03,-41.653579956E-03,-104.329458682E-03
+3.105180000E-03,-453.630805491E-03,-41.496544780E-03,-104.364634561E-03
+3.105185000E-03,-438.395252892E-03,-41.732097541E-03,-104.342649636E-03
+3.105190000E-03,-423.781559580E-03,-41.025439261E-03,-104.100815468E-03
+3.105195000E-03,-407.613218047E-03,-38.355841301E-03,-104.281091848E-03
+3.105200000E-03,-394.605994565E-03,-40.711368908E-03,-103.902951149E-03
+3.105205000E-03,-378.178544994E-03,-41.025439260E-03,-104.197549135E-03
+3.105210000E-03,-362.269311497E-03,-42.674308586E-03,-103.731468739E-03
+3.105215000E-03,-347.241045324E-03,-41.182474432E-03,-103.836996375E-03
+3.105220000E-03,-331.539098258E-03,-41.967650302E-03,-103.480840601E-03
+3.105225000E-03,-315.733507974E-03,-40.240263388E-03,-103.516016479E-03
+3.105230000E-03,-300.860706626E-03,-41.339509609E-03,-103.102699901E-03
+3.105235000E-03,-284.381435448E-03,-40.632851323E-03,-103.085111961E-03
+3.105240000E-03,-269.094061238E-03,-41.103956846E-03,-102.706971262E-03
+3.105245000E-03,-252.925719702E-03,-42.203203064E-03,-102.698177292E-03
+3.105250000E-03,-237.690167104E-03,-40.789886498E-03,-102.245287850E-03
+3.105255000E-03,-221.470003961E-03,-42.281720652E-03,-102.108981318E-03
+3.105260000E-03,-205.871700108E-03,-42.203203064E-03,-101.656091876E-03
+3.105265000E-03,-191.361650009E-03,-39.455087518E-03,-101.616519012E-03
+3.105270000E-03,-176.126097410E-03,-40.632851325E-03,-100.917398417E-03
+3.105275000E-03,-159.543183018E-03,-40.868404086E-03,-100.943780326E-03
+3.105280000E-03,-143.893057558E-03,-41.103956846E-03,-100.191895912E-03
+3.105285000E-03,-127.828359234E-03,-41.182474432E-03,-100.187498927E-03
+3.105290000E-03,-112.074590559E-03,-41.418027197E-03,-99.453202453E-03
+3.105295000E-03,-97.149967601E-03,-40.868404085E-03,-99.316895921E-03
+3.105300000E-03,-82.225344645E-03,-42.124685475E-03,-98.723302964E-03
+3.105305000E-03,-66.419754363E-03,-40.632851326E-03,-98.389132112E-03
+3.105310000E-03,-50.873272120E-03,-42.517273412E-03,-97.980212519E-03
+3.105315000E-03,-36.000470769E-03,-39.769157866E-03,-97.316267802E-03
+3.105320000E-03,-21.542242282E-03,-41.182474430E-03,-97.118403483E-03
+3.105325000E-03,-5.270257534E-03,-40.083228216E-03,-96.344534144E-03
+3.105330000E-03,+10.068938285E-03,-42.674308588E-03,-96.085112037E-03
+3.105335000E-03,+26.859139106E-03,-40.161745803E-03,-95.218906016E-03
+3.105340000E-03,+42.561086176E-03,-39.847675453E-03,-95.016644711E-03
+3.105345000E-03,+59.454930216E-03,-40.004710629E-03,-94.216393464E-03
+3.105350000E-03,+74.690482817E-03,-40.868404085E-03,-93.882222613E-03
+3.105355000E-03,+90.444251493E-03,-38.905464411E-03,-92.998428653E-03
+3.105360000E-03,+106.301663381E-03,-42.046167888E-03,-92.558730165E-03
+3.105365000E-03,+121.174464732E-03,-42.046167889E-03,-91.833227660E-03
+3.105370000E-03,+137.031876623E-03,-43.066896529E-03,-91.208855807E-03
+3.105375000E-03,+153.770255839E-03,-40.632851324E-03,-90.694408577E-03
+3.105380000E-03,+169.472202904E-03,-39.847675455E-03,-90.012875920E-03
+3.105385000E-03,+185.433258011E-03,-40.789886498E-03,-89.366519143E-03
+3.105390000E-03,+200.150594540E-03,-41.967650306E-03,-88.733353322E-03
+3.105395000E-03,+216.474400895E-03,-40.004710628E-03,-87.972674937E-03
+3.105400000E-03,+231.191737421E-03,-41.889132717E-03,-87.225187509E-03
+3.105405000E-03,+246.012717161E-03,-40.789886499E-03,-86.486494049E-03
+3.105410000E-03,+262.181058694E-03,-42.124685476E-03,-85.782976469E-03
+3.105415000E-03,+277.675719333E-03,-41.418027196E-03,-84.850815675E-03
+3.105420000E-03,+292.807628722E-03,-40.161745805E-03,-84.288001610E-03
+3.105425000E-03,+308.768683825E-03,-41.967650305E-03,-83.272298104E-03
+3.105430000E-03,+323.693306781E-03,-40.475816154E-03,-82.581971478E-03
+3.105435000E-03,+339.706183488E-03,-40.711368915E-03,-81.768529275E-03
+3.105440000E-03,+354.941736093E-03,-40.083228215E-03,-80.871544361E-03
+3.105445000E-03,+369.089034939E-03,-40.632851326E-03,-80.040514218E-03
+3.105450000E-03,+384.687338788E-03,-40.240263390E-03,-79.051192622E-03
+3.105455000E-03,+399.819248175E-03,-41.575062370E-03,-78.347675041E-03
+3.105460000E-03,+414.795692740E-03,-41.260992019E-03,-77.283604701E-03
+3.105465000E-03,+428.942991585E-03,-40.946921675E-03,-76.562499180E-03
+3.105470000E-03,+443.142112037E-03,-41.889132713E-03,-75.410489143E-03
+3.105475000E-03,+458.636772673E-03,-41.103956850E-03,-74.689383622E-03
+3.105480000E-03,+473.665038842E-03,-42.674308594E-03,-73.638504238E-03
+3.105485000E-03,+486.827727145E-03,-40.240263387E-03,-72.688755503E-03
+3.105490000E-03,+501.441420455E-03,-43.145414110E-03,-71.844534408E-03
+3.105495000E-03,+516.003292158E-03,-38.826946824E-03,-70.767273111E-03
+3.105500000E-03,+528.751407604E-03,-41.967650300E-03,-69.989006789E-03
+3.105505000E-03,+543.831495375E-03,-41.810615127E-03,-68.775438962E-03
+3.105510000E-03,+557.771507789E-03,-41.103956852E-03,-68.115891232E-03
+3.105515000E-03,+572.074271458E-03,-42.046167889E-03,-66.590137478E-03
+3.105520000E-03,+585.755175832E-03,-41.889132722E-03,-65.939383717E-03
+3.105525000E-03,+599.280615388E-03,-42.752826176E-03,-64.637876192E-03
+3.105530000E-03,+612.650590117E-03,-42.124685484E-03,-63.793655097E-03
+3.105535000E-03,+626.746067354E-03,-40.240263387E-03,-62.606469179E-03
+3.105540000E-03,+640.064220482E-03,-42.124685482E-03,-61.621544567E-03
+3.105545000E-03,+653.175087172E-03,-41.103956847E-03,-60.425564680E-03
+3.105550000E-03,+666.182310646E-03,-40.711368909E-03,-59.471418962E-03
+3.105555000E-03,+677.738529120E-03,-41.889132720E-03,-58.350187818E-03
+3.105560000E-03,+690.901217416E-03,-41.732097539E-03,-57.242147630E-03
+3.105565000E-03,+704.271192150E-03,-42.438755823E-03,-56.213253167E-03
+3.105570000E-03,+716.138340266E-03,-41.025439256E-03,-55.012876297E-03
+3.105575000E-03,+727.642737129E-03,-40.789886496E-03,-53.808102439E-03
+3.105580000E-03,+740.235387751E-03,-40.632851324E-03,-52.748429085E-03
+3.105585000E-03,+753.449897651E-03,-41.418027191E-03,-51.495288394E-03
+3.105590000E-03,+765.368867376E-03,-42.909861342E-03,-50.396042176E-03
+3.105595000E-03,+778.013339603E-03,-40.632851332E-03,-48.962625104E-03
+3.105600000E-03,+789.310450032E-03,-41.025439255E-03,-48.004082402E-03
+3.105605000E-03,+800.141166002E-03,-40.554333733E-03,-46.641017090E-03
+3.105610000E-03,+811.697384469E-03,-41.575062368E-03,-45.695665341E-03
+3.105615000E-03,+822.631743651E-03,-40.946921672E-03,-44.262248270E-03
+3.105620000E-03,+834.550713367E-03,-41.653579958E-03,-43.277323659E-03
+3.105625000E-03,+845.174142905E-03,-41.496544785E-03,-41.923052316E-03
+3.105630000E-03,+855.486642793E-03,-41.339509612E-03,-40.757851324E-03
+3.105635000E-03,+866.472823579E-03,-39.926193042E-03,-39.429961891E-03
+3.105640000E-03,+877.769934011E-03,-42.124685468E-03,-38.291142807E-03
+3.105645000E-03,+888.237898724E-03,-39.847675456E-03,-37.011620208E-03
+3.105650000E-03,+898.135825757E-03,-42.909861348E-03,-35.745288563E-03
+3.105655000E-03,+908.707433678E-03,-40.868404092E-03,-34.452575009E-03
+3.105660000E-03,+917.931679813E-03,-44.009107566E-03,-33.137876531E-03
+3.105665000E-03,+928.036893273E-03,-43.145414105E-03,-31.928705690E-03
+3.105670000E-03,+937.831177089E-03,-42.046167892E-03,-30.723931833E-03
+3.105675000E-03,+947.003601614E-03,-42.360238234E-03,-29.409233354E-03
+3.105680000E-03,+956.694242207E-03,-41.103956848E-03,-28.169283619E-03
+3.105685000E-03,+965.452093876E-03,-41.260992019E-03,-26.749057504E-03
+3.105690000E-03,+974.002659113E-03,-41.496544781E-03,-25.482725859E-03
+3.105695000E-03,+982.294116313E-03,-40.318780973E-03,-24.124057532E-03
+3.105700000E-03,+990.015535829E-03,-42.281720652E-03,-22.919283675E-03
+3.105705000E-03,+999.447068387E-03,-40.946921674E-03,-21.503454546E-03
+3.105710000E-03,+1.007220309510E+00,-41.810615128E-03,-20.347047522E-03
+3.105715000E-03,+1.015097193853E+00,-41.260992026E-03,-18.896042513E-03
+3.105720000E-03,+1.023544115870E+00,-41.103956844E-03,-17.704459610E-03
+3.105725000E-03,+1.031213713776E+00,-42.595790997E-03,-16.315012390E-03
+3.105730000E-03,+1.038468738821E+00,-42.360238234E-03,-15.044283760E-03
+3.105735000E-03,+1.045620120660E+00,-41.496544787E-03,-13.707600357E-03
+3.105740000E-03,+1.053652469820E+00,-40.475816152E-03,-12.520414440E-03
+3.105745000E-03,+1.060130170750E+00,-42.046167893E-03,-11.122173249E-03
+3.105750000E-03,+1.067644303840E+00,-42.438755826E-03,-9.855841605E-03
+3.105755000E-03,+1.073603788704E+00,-40.868404088E-03,-8.360866746E-03
+3.105760000E-03,+1.080755170536E+00,-42.046167891E-03,-7.301193392E-03
+3.105765000E-03,+1.086714655400E+00,-43.066896518E-03,-5.740263759E-03
+3.105770000E-03,+1.093710572407E+00,-41.967650306E-03,-4.755339147E-03
+3.105775000E-03,+1.098892733159E+00,-41.967650301E-03,-3.075690923E-03
+3.105780000E-03,+1.105474077303E+00,-41.810615133E-03,-2.271042691E-03
+3.105785000E-03,+1.110500773229E+00,-42.281720656E-03,-490.263815E-06
+3.105790000E-03,+1.115216539510E+00,-43.852072395E-03,+393.530144E-06
+3.105795000E-03,+1.120398700262E+00,-40.632851330E-03,+2.169912036E-03
+3.105800000E-03,+1.124596250469E+00,+196.254707632E-03,+3.137248708E-03
+3.105805000E-03,+1.127861011741E+00,+2.493051165697E+00,+4.733354220E-03
+3.105810000E-03,+1.132058561949E+00,+2.552724532961E+00,+5.696293906E-03
+3.105815000E-03,+1.136204290549E+00,+2.552724532961E+00,+7.411118009E-03
+3.105820000E-03,+1.140557305579E+00,+2.552724532961E+00,+8.127826544E-03
+3.105825000E-03,+1.144081174886E+00,+2.552724532961E+00,+10.031720997E-03
+3.105830000E-03,+1.148486011521E+00,+2.552724532961E+00,+10.774811441E-03
+3.105835000E-03,+1.151906237613E+00,+2.552724532961E+00,+12.612751120E-03
+3.105840000E-03,+1.154808247637E+00,+2.552724532961E+00,+13.404208398E-03
+3.105845000E-03,+1.157658436053E+00,+2.552724532961E+00,+15.193781243E-03
+3.105850000E-03,+1.160560446064E+00,+2.552724532961E+00,+16.038002339E-03
+3.105855000E-03,+1.163462456081E+00,+2.552724532961E+00,+17.678077699E-03
+3.105860000E-03,+1.165587141994E+00,+2.552724532961E+00,+18.605841508E-03
+3.105865000E-03,+1.167919114328E+00,+2.552724532961E+00,+20.373429428E-03
+3.105870000E-03,+1.170147443450E+00,+2.552724532961E+00,+21.156092736E-03
+3.105875000E-03,+1.171339340424E+00,+2.552724532961E+00,+22.875313824E-03
+3.105880000E-03,+1.173204918298E+00,+2.552724532961E+00,+23.675565071E-03
+3.105885000E-03,+1.174655923308E+00,+2.552724532961E+00,+25.416771082E-03
+3.105890000E-03,+1.176832430814E+00,+2.552724532961E+00,+26.221419316E-03
+3.105895000E-03,+1.177557933324E+00,+2.552724532961E+00,+27.874685629E-03
+3.105900000E-03,+1.178127971008E+00,+2.552724532961E+00,+28.811243409E-03
+3.105905000E-03,+1.179268046366E+00,+2.552724532961E+00,+30.385363994E-03
+3.105910000E-03,+1.179371689587E+00,+2.552724532961E+00,+31.286745894E-03
+3.105915000E-03,+1.179060759943E+00,+2.552724532961E+00,+32.786117736E-03
+3.105920000E-03,+1.180200835309E+00,+2.552724532961E+00,+33.806218230E-03
+3.105925000E-03,+1.180304478523E+00,+2.552724532961E+00,+35.178077510E-03
+3.105930000E-03,+1.179216224765E+00,+2.552724532961E+00,+36.158605139E-03
+3.105935000E-03,+1.180149013697E+00,+2.552724532961E+00,+37.565640299E-03
+3.105940000E-03,+1.179216224767E+00,+2.552724532961E+00,+38.638504610E-03
+3.105945000E-03,+1.178127971004E+00,+2.552724532961E+00,+39.953203088E-03
+3.105950000E-03,+1.176625144393E+00,+2.552724532961E+00,+41.056846293E-03
+3.105955000E-03,+1.176417857961E+00,+2.552724532961E+00,+42.441896528E-03
+3.105960000E-03,+1.174137707235E+00,+2.552724532961E+00,+43.422424156E-03
+3.105965000E-03,+1.173101275082E+00,+2.552724532961E+00,+44.728328665E-03
+3.105970000E-03,+1.170924767570E+00,+2.552724532961E+00,+45.695665338E-03
+3.105975000E-03,+1.168592795233E+00,+2.552724532961E+00,+46.975187938E-03
+3.105980000E-03,+1.167452719872E+00,+2.552724532961E+00,+47.964509534E-03
+3.105985000E-03,+1.163928850560E+00,+2.552724532961E+00,+49.125313543E-03
+3.105990000E-03,+1.160508624465E+00,+2.552724532961E+00,+50.220162776E-03
+3.105995000E-03,+1.159109441066E+00,+2.552724532961E+00,+51.367775831E-03
+3.106000000E-03,+1.156311074261E+00,+2.552724532961E+00,+52.361494412E-03
+3.106005000E-03,+1.151906237627E+00,+2.552724532961E+00,+53.566268270E-03
+3.106010000E-03,+1.148848762780E+00,+2.552724532961E+00,+54.546795896E-03
+3.106015000E-03,+1.145635823121E+00,+2.552724532961E+00,+55.641645132E-03
+3.106020000E-03,+1.141645559347E+00,+2.552724532961E+00,+56.499057181E-03
+3.106025000E-03,+1.137758938780E+00,+2.552724532961E+00,+57.695037070E-03
+3.106030000E-03,+1.131592167500E+00,+2.552724532961E+00,+58.521670225E-03
+3.106035000E-03,+1.128171941399E+00,+2.552724532961E+00,+59.678077249E-03
+3.106040000E-03,+1.122730672615E+00,+2.552724532961E+00,+60.579459147E-03
+3.106045000E-03,+1.117444868652E+00,+2.552724532961E+00,+61.687499339E-03
+3.106050000E-03,+1.112832745581E+00,+2.552724532961E+00,+62.417398827E-03
+3.106055000E-03,+1.107909692868E+00,+2.552724532961E+00,+63.644157610E-03
+3.106060000E-03,+1.101691099974E+00,+2.552724532961E+00,+64.431217901E-03
+3.106065000E-03,+1.094539718143E+00,+2.552724532961E+00,+65.574433969E-03
+3.106070000E-03,+1.088476590067E+00,+2.552724532961E+00,+66.321921398E-03
+3.106075000E-03,+1.082413461993E+00,+2.552724532961E+00,+67.509107316E-03
+3.106080000E-03,+1.075469366592E+00,+2.552724532961E+00,+68.155464093E-03
+3.106085000E-03,+1.069198952081E+00,+2.552724532961E+00,+69.316268101E-03
+3.106090000E-03,+1.061840283820E+00,+2.552724532961E+00,+70.019785680E-03
+3.106095000E-03,+1.055362582880E+00,+2.552724532961E+00,+71.048680142E-03
+3.106100000E-03,+1.048418487487E+00,+2.552724532961E+00,+71.796167572E-03
+3.106105000E-03,+1.040230673500E+00,+2.552724532961E+00,+72.811871078E-03
+3.106110000E-03,+1.033079291669E+00,+2.552724532961E+00,+73.506594688E-03
+3.106115000E-03,+1.025202407333E+00,+2.552724532961E+00,+74.456343422E-03
+3.106120000E-03,+1.017429166209E+00,+2.552724532961E+00,+75.045539396E-03
+3.106125000E-03,+1.008930422583E+00,+2.552724532961E+00,+76.012876068E-03
+3.106130000E-03,+1.001001716628E+00,+2.552724532961E+00,+76.588881088E-03
+3.106135000E-03,+992.865724266E-03,+2.552724532961E+00,+77.639760474E-03
+3.106140000E-03,+983.123262047E-03,+2.552724532961E+00,+78.070664992E-03
+3.106145000E-03,+975.505485753E-03,+2.552724532961E+00,+79.156720257E-03
+3.106150000E-03,+965.866666764E-03,+2.552724532961E+00,+79.482097138E-03
+3.106155000E-03,+957.056993497E-03,+2.552724532961E+00,+80.625313205E-03
+3.106160000E-03,+947.884568964E-03,+2.552724532961E+00,+80.788001646E-03
+3.106165000E-03,+938.556679624E-03,+2.552724532961E+00,+81.940011683E-03
+3.106170000E-03,+929.591541527E-03,+2.552724532961E+00,+82.155463943E-03
+3.106175000E-03,+919.538149683E-03,+2.552724532961E+00,+83.206343329E-03
+3.106180000E-03,+910.262081933E-03,+2.552724532961E+00,+83.373428754E-03
+3.106185000E-03,+899.690474010E-03,+2.552724532961E+00,+84.380338291E-03
+3.106190000E-03,+888.704293222E-03,+2.552724532961E+00,+84.666142309E-03
+3.106195000E-03,+878.391793331E-03,+2.552724532961E+00,+85.527951344E-03
+3.106200000E-03,+868.182936656E-03,+2.552724532961E+00,+85.813755361E-03
+3.106205000E-03,+857.093112650E-03,+2.552724532961E+00,+86.657976459E-03
+3.106210000E-03,+846.003288658E-03,+2.552724532961E+00,+86.978956353E-03
+3.106215000E-03,+835.638967161E-03,+2.552724532961E+00,+87.651695041E-03
+3.106220000E-03,+823.357246187E-03,+2.552724532961E+00,+87.919911117E-03
+3.106225000E-03,+812.008314146E-03,+2.552724532961E+00,+88.605840760E-03
+3.106230000E-03,+800.037522814E-03,+2.552724532961E+00,+88.860865880E-03
+3.106235000E-03,+787.963088271E-03,+2.552724532961E+00,+89.617147282E-03
+3.106240000E-03,+777.132372309E-03,+2.552724532961E+00,+89.744659840E-03
+3.106245000E-03,+765.317045812E-03,+2.552724532961E+00,+90.518529182E-03
+3.106250000E-03,+753.968113771E-03,+2.552724532961E+00,+90.646041741E-03
+3.106255000E-03,+740.494495811E-03,+2.552724532961E+00,+91.340765353E-03
+3.106260000E-03,+729.508315030E-03,+2.552724532961E+00,+91.463880928E-03
+3.106265000E-03,+716.967486024E-03,+2.552724532961E+00,+92.026694994E-03
+3.106270000E-03,+705.722197196E-03,+2.552724532961E+00,+92.242147252E-03
+3.106275000E-03,+692.352222466E-03,+2.552724532961E+00,+92.633478907E-03
+3.106280000E-03,+678.826782923E-03,+2.552724532961E+00,+92.910488954E-03
+3.106285000E-03,+666.493240331E-03,+2.552724532961E+00,+93.227071865E-03
+3.106290000E-03,+652.967800781E-03,+2.552724532961E+00,+93.556845731E-03
+3.106295000E-03,+639.494182830E-03,+2.552724532961E+00,+93.684358294E-03
+3.106300000E-03,+626.901532231E-03,+2.552724532961E+00,+94.022926128E-03
+3.106305000E-03,+614.567989625E-03,+2.552724532961E+00,+94.185614569E-03
+3.106310000E-03,+601.457122936E-03,+2.552724532961E+00,+94.409860797E-03
+3.106315000E-03,+586.739786415E-03,+2.552724532961E+00,+94.682473861E-03
+3.106320000E-03,+573.266168475E-03,+2.552724532961E+00,+94.744031648E-03
+3.106325000E-03,+559.326156062E-03,+2.552724532961E+00,+95.060614559E-03
+3.106330000E-03,+546.629862221E-03,+2.552724532961E+00,+94.990262801E-03
+3.106335000E-03,+532.897136229E-03,+2.552724532961E+00,+95.328830637E-03
+3.106340000E-03,+517.350653986E-03,+2.552724532961E+00,+95.192524107E-03
+3.106345000E-03,+504.447073729E-03,+2.552724532961E+00,+95.522297972E-03
+3.106350000E-03,+489.211521129E-03,+2.552724532961E+00,+95.306845714E-03
+3.106355000E-03,+475.789724785E-03,+2.552724532961E+00,+95.658604502E-03
+3.106360000E-03,+460.709637014E-03,+2.552724532961E+00,+95.482725109E-03
+3.106365000E-03,+447.391483886E-03,+2.552724532961E+00,+95.676192441E-03
+3.106370000E-03,+432.985077012E-03,+2.552724532961E+00,+95.539885913E-03
+3.106375000E-03,+419.148707795E-03,+2.552724532961E+00,+95.592649729E-03
+3.106380000E-03,+403.654047164E-03,+2.552724532961E+00,+95.561870837E-03
+3.106385000E-03,+387.537527246E-03,+2.552724532961E+00,+95.465137169E-03
+3.106390000E-03,+373.234763576E-03,+2.552724532961E+00,+95.451946214E-03
+3.106395000E-03,+357.791924547E-03,+2.552724532961E+00,+95.337624607E-03
+3.106400000E-03,+341.727226226E-03,+2.552724532961E+00,+95.262875864E-03
+3.106405000E-03,+328.201786668E-03,+2.552724532961E+00,+95.245287925E-03
+3.106410000E-03,+312.344374770E-03,+2.552724532961E+00,+94.928705014E-03
+3.106415000E-03,+297.212465400E-03,+2.552724532961E+00,+94.937498983E-03
+3.106420000E-03,+281.510518335E-03,+2.552724532961E+00,+94.590137179E-03
+3.106425000E-03,+267.363219484E-03,+2.552724532961E+00,+94.590137179E-03
+3.106430000E-03,+250.832126688E-03,+2.552724532961E+00,+94.154835676E-03
+3.106435000E-03,+235.752038926E-03,+2.552724532961E+00,+94.247172356E-03
+3.106440000E-03,+220.309199897E-03,+2.552724532961E+00,+93.794282917E-03
+3.106445000E-03,+205.073647284E-03,+2.552724532961E+00,+93.592021611E-03
+3.106450000E-03,+189.112592197E-03,+2.552724532961E+00,+93.345790459E-03
+3.106455000E-03,+174.136147616E-03,+2.552724532961E+00,+92.972046742E-03
+3.106460000E-03,+158.848773409E-03,+2.552724532961E+00,+92.831343228E-03
+3.106465000E-03,+142.162215812E-03,+2.552724532961E+00,+92.404835694E-03
+3.106470000E-03,+125.320193382E-03,+2.552724532961E+00,+92.171795497E-03
+3.106475000E-03,+110.861964882E-03,+2.552724532961E+00,+91.696921128E-03
+3.106480000E-03,+95.056374605E-03,+2.552724532961E+00,+91.490262840E-03
+3.106485000E-03,+79.302605924E-03,+2.552724532961E+00,+90.980212594E-03
+3.106490000E-03,+63.652480464E-03,+2.552724532961E+00,+90.624056819E-03
+3.106495000E-03,+47.898711790E-03,+2.552724532961E+00,+90.228328181E-03
+3.106500000E-03,+32.196764720E-03,+2.552724532961E+00,+89.700689994E-03
+3.106505000E-03,+17.945822657E-03,+2.552724532961E+00,+89.476443766E-03
+3.106510000E-03,+1.777481130E-03,+2.552724532961E+00,+88.728956337E-03
+3.106515000E-03,-14.079930751E-03,+2.552724532961E+00,+88.535489002E-03
+3.106520000E-03,-29.211840148E-03,+2.552724532961E+00,+87.748428710E-03
+3.106525000E-03,-44.084641494E-03,+2.552724532961E+00,+87.423051828E-03
+3.106530000E-03,-59.942053384E-03,+2.552724532961E+00,+86.728328219E-03
+3.106535000E-03,-75.695822068E-03,+2.552724532961E+00,+86.288629728E-03
+3.106540000E-03,-90.050407333E-03,+2.552724532961E+00,+85.787373455E-03
+3.106545000E-03,-106.944251362E-03,+2.552724532961E+00,+85.075061903E-03
+3.106550000E-03,-123.216236121E-03,+2.552724532961E+00,+84.644157386E-03
+3.106555000E-03,-138.659075156E-03,+2.552724532961E+00,+83.760363426E-03
+3.106560000E-03,-154.516487048E-03,+2.552724532961E+00,+83.549308153E-03
+3.106565000E-03,-170.062969296E-03,+2.552724532961E+00,+82.436870979E-03
+3.106570000E-03,-185.091235468E-03,+2.552724532961E+00,+82.313755401E-03
+3.106575000E-03,-201.052290570E-03,+2.552724532961E+00,+81.201318228E-03
+3.106580000E-03,-215.769627087E-03,+2.552724532961E+00,+80.924308179E-03
+3.106585000E-03,-231.367930950E-03,+2.552724532961E+00,+79.781092113E-03
+3.106590000E-03,-247.950845344E-03,+2.552724532961E+00,+79.486494125E-03
+3.106595000E-03,-263.756435629E-03,+2.552724532961E+00,+78.444408710E-03
+3.106600000E-03,-278.681058585E-03,+2.552724532961E+00,+77.925564494E-03
+3.106605000E-03,-294.538470459E-03,+2.552724532961E+00,+77.072549427E-03
+3.106610000E-03,-310.395882355E-03,+2.552724532961E+00,+76.333855969E-03
+3.106615000E-03,-325.683256578E-03,+2.552724532961E+00,+75.485237887E-03
+3.106620000E-03,-341.229738802E-03,+2.552724532961E+00,+74.777323322E-03
+3.106625000E-03,-356.258004988E-03,+2.552724532961E+00,+73.933102224E-03
+3.106630000E-03,-371.027163113E-03,+2.552724532961E+00,+73.203202736E-03
+3.106635000E-03,-386.003607688E-03,+2.552724532961E+00,+72.213881137E-03
+3.106640000E-03,-401.083695450E-03,+2.552724532961E+00,+71.510363558E-03
+3.106645000E-03,-416.111961625E-03,+2.552724532961E+00,+70.490263064E-03
+3.106650000E-03,-432.280303164E-03,+2.552724532961E+00,+69.733981669E-03
+3.106655000E-03,-447.308569343E-03,+2.552724532961E+00,+68.678705295E-03
+3.106660000E-03,-462.855051576E-03,+2.552724532961E+00,+67.882851036E-03
+3.106665000E-03,-476.743242387E-03,+2.552724532961E+00,+66.902323405E-03
+3.106670000E-03,-490.838719631E-03,+2.552724532961E+00,+66.000941507E-03
+3.106675000E-03,-505.918807406E-03,+2.552724532961E+00,+65.068780710E-03
+3.106680000E-03,-520.584322325E-03,+2.552724532961E+00,+64.066268162E-03
+3.106685000E-03,-534.213405095E-03,+2.552724532961E+00,+63.024182744E-03
+3.106690000E-03,-547.738844641E-03,+2.552724532961E+00,+62.193152605E-03
+3.106695000E-03,-561.627035448E-03,+2.552724532961E+00,+61.142273215E-03
+3.106700000E-03,-576.188907153E-03,+2.552724532961E+00,+60.289258152E-03
+3.106705000E-03,-590.439849212E-03,+2.552724532961E+00,+59.066896353E-03
+3.106710000E-03,-604.276218403E-03,+2.552724532961E+00,+58.341393851E-03
+3.106715000E-03,-617.127977077E-03,+2.552724532961E+00,+56.877197885E-03
+3.106720000E-03,-631.016167874E-03,+2.552724532961E+00,+56.362750656E-03
+3.106725000E-03,-643.194245641E-03,+2.552724532961E+00,+54.665514492E-03
+3.106730000E-03,-657.082436447E-03,+2.552724532961E+00,+54.296167763E-03
+3.106735000E-03,-670.452411170E-03,+2.552724532961E+00,+52.572549692E-03
+3.106740000E-03,-682.319559280E-03,+2.552724532961E+00,+52.194408991E-03
+3.106745000E-03,-695.844998839E-03,+2.552724532961E+00,+50.440012027E-03
+3.106750000E-03,-708.126719815E-03,+2.552724532961E+00,+50.035489414E-03
+3.106755000E-03,-721.082121697E-03,+2.552724532961E+00,+48.338253256E-03
+3.106760000E-03,-733.882058734E-03,+2.552724532961E+00,+47.630338686E-03
+3.106765000E-03,-746.578352566E-03,+2.552724532961E+00,+46.236494484E-03
+3.106770000E-03,-758.756430332E-03,+2.552724532961E+00,+45.286745748E-03
+3.106775000E-03,-770.779043265E-03,+2.552724532961E+00,+43.985238227E-03
+3.106780000E-03,-783.216229061E-03,+2.552724532961E+00,+42.982725672E-03
+3.106785000E-03,-794.772447524E-03,+2.552724532961E+00,+41.681218151E-03
+3.106790000E-03,-807.416919757E-03,+2.552724532961E+00,+40.564383991E-03
+3.106795000E-03,-819.180424654E-03,+2.552724532961E+00,+39.236494558E-03
+3.106800000E-03,-829.907497414E-03,+2.552724532961E+00,+38.299936778E-03
+3.106805000E-03,-840.375462128E-03,+2.552724532961E+00,+36.796167951E-03
+3.106810000E-03,-851.413464528E-03,+2.552724532961E+00,+35.877198111E-03
+3.106815000E-03,-863.176969410E-03,+2.552724532961E+00,+34.355841344E-03
+3.106820000E-03,-874.007685383E-03,+2.552724532961E+00,+33.516017230E-03
+3.106825000E-03,-884.734758123E-03,+2.552724532961E+00,+31.906720767E-03
+3.106830000E-03,-895.358187654E-03,+2.552724532961E+00,+31.027323791E-03
+3.106835000E-03,-905.152471476E-03,+2.552724532961E+00,+29.396042402E-03
+3.106840000E-03,-915.879544224E-03,+2.552724532961E+00,+28.516645426E-03
+3.106845000E-03,-926.502973763E-03,+2.552724532961E+00,+26.920539918E-03
+3.106850000E-03,-936.400900795E-03,+2.552724532961E+00,+25.900439424E-03
+3.106855000E-03,-946.350649426E-03,+2.552724532961E+00,+24.409861551E-03
+3.106860000E-03,-957.129543775E-03,+2.552724532961E+00,+23.389761061E-03
+3.106865000E-03,-966.198325095E-03,+2.552724532961E+00,+21.912374139E-03
+3.106870000E-03,-975.888965693E-03,+2.552724532961E+00,+20.883479681E-03
+3.106875000E-03,-984.076779684E-03,+2.552724532961E+00,+19.318153060E-03
+3.106880000E-03,-994.233814745E-03,+2.552724532961E+00,+18.429962119E-03
+3.106885000E-03,-1.002110699082E+00,+2.552724532961E+00,+16.732725951E-03
+3.106890000E-03,-1.012060447713E+00,+2.552724532961E+00,+15.862122953E-03
+3.106895000E-03,-1.020921942601E+00,+2.552724532961E+00,+14.076947085E-03
+3.106900000E-03,-1.028902470161E+00,+2.552724532961E+00,+13.399811420E-03
+3.106905000E-03,-1.036623889681E+00,+2.552724532961E+00,+11.267273749E-03
+3.106910000E-03,-1.045226276522E+00,+2.552724532961E+00,+10.853957176E-03
+3.106915000E-03,-1.053310447280E+00,+2.552724532961E+00,+8.655464733E-03
+3.106920000E-03,-1.061653726074E+00,+2.552724532961E+00,+8.321293885E-03
+3.106925000E-03,-1.069219680779E+00,+2.552724532961E+00,+6.166771292E-03
+3.106930000E-03,-1.075386452078E+00,+2.552724532961E+00,+5.634736125E-03
+3.106935000E-03,-1.083315158020E+00,+2.552724532961E+00,+3.629711019E-03
+3.106940000E-03,-1.090155610213E+00,+2.552724532961E+00,+2.948178366E-03
+3.106945000E-03,-1.098187959361E+00,+2.552724532961E+00,+1.136620594E-03
+3.106950000E-03,-1.104095622614E+00,+2.552724532961E+00,+226.444726E-06
+3.106955000E-03,-1.110676966776E+00,+2.552724532961E+00,-1.387248725E-03
+3.106960000E-03,-1.116480986809E+00,+2.552724532961E+00,-2.376570323E-03
+3.106965000E-03,-1.122855044534E+00,+2.552724532961E+00,-3.928705986E-03
+3.106970000E-03,-1.129280923860E+00,+2.552724532961E+00,-5.001570293E-03
+3.106975000E-03,-1.134307619787E+00,+2.552724532961E+00,-6.553705958E-03
+3.106980000E-03,-1.140526212693E+00,+2.552724532961E+00,-7.635364234E-03
+3.106985000E-03,-1.145604730209E+00,+2.552724532961E+00,-9.354585325E-03
+3.106990000E-03,-1.150735069362E+00,+2.552724532961E+00,-10.229585314E-03
+3.106995000E-03,-1.154828976349E+00,+2.552724532961E+00,-11.997173236E-03
+3.107000000E-03,-1.161047569256E+00,+2.552724532961E+00,-12.850188301E-03
+3.107005000E-03,-1.164778725010E+00,+1.803666759004E+00,-14.714509889E-03
+3.107010000E-03,-1.168095307865E+00,-112.005336451E-03,-15.290514909E-03
+3.107015000E-03,-1.174106614347E+00,-178.274181442E-03,-17.269158103E-03
+3.107020000E-03,-1.177889591687E+00,-54.766017994E-03,-18.108982216E-03
+3.107025000E-03,-1.181154352960E+00,+188.402950716E-03,-19.841394252E-03
+3.107030000E-03,-1.185559189589E+00,-79.420539037E-03,-20.676821385E-03
+3.107035000E-03,-1.187891161942E+00,-72.746544413E-03,-22.356469603E-03
+3.107040000E-03,-1.192347820174E+00,-100.934358310E-03,-23.350188191E-03
+3.107045000E-03,-1.194731614134E+00,-19.276067721E-03,-24.999057516E-03
+3.107050000E-03,-1.197478159321E+00,-54.844534478E-03,-26.063127858E-03
+3.107055000E-03,-1.199499202017E+00,-47.934986932E-03,-27.558102716E-03
+3.107060000E-03,-1.202971249710E+00,-63.402951538E-03,-28.573806222E-03
+3.107065000E-03,-1.204111325086E+00,-49.740891480E-03,-30.218278568E-03
+3.107070000E-03,-1.205665973316E+00,-51.860866250E-03,-31.022926799E-03
+3.107075000E-03,-1.207635194389E+00,-50.369032154E-03,-32.856469494E-03
+3.107080000E-03,-1.208982556191E+00,-50.369032108E-03,-33.379710694E-03
+3.107085000E-03,-1.210640847619E+00,-49.740891425E-03,-35.411117709E-03
+3.107090000E-03,-1.212247317458E+00,-50.211996926E-03,-35.912373983E-03
+3.107095000E-03,-1.213076463179E+00,-46.364635179E-03,-37.908605120E-03
+3.107100000E-03,-1.212817355158E+00,-49.819408981E-03,-38.361494559E-03
+3.107105000E-03,-1.213076463188E+00,-47.620916583E-03,-40.441268408E-03
+3.107110000E-03,-1.214579289785E+00,-48.563127632E-03,-40.907348806E-03
+3.107115000E-03,-1.213801965689E+00,-48.641645214E-03,-42.837625165E-03
+3.107120000E-03,-1.213750144088E+00,-49.348303488E-03,-43.448806064E-03
+3.107125000E-03,-1.214009252110E+00,-49.583856250E-03,-45.106469362E-03
+3.107130000E-03,-1.213750144070E+00,-49.819409009E-03,-45.880338702E-03
+3.107135000E-03,-1.213335571213E+00,-47.777951767E-03,-47.423680392E-03
+3.107140000E-03,-1.212454603894E+00,-48.170539677E-03,-48.355841188E-03
+3.107145000E-03,-1.211832744607E+00,-45.972047248E-03,-49.696921574E-03
+3.107150000E-03,-1.210226274774E+00,-47.777951758E-03,-50.739006990E-03
+3.107155000E-03,-1.208412518502E+00,-47.306846238E-03,-52.040514517E-03
+3.107160000E-03,-1.207531551195E+00,-47.542398987E-03,-53.095790884E-03
+3.107165000E-03,-1.205614151713E+00,-47.777951768E-03,-54.379710470E-03
+3.107170000E-03,-1.204370433138E+00,-49.269785906E-03,-55.298680308E-03
+3.107175000E-03,-1.201779352745E+00,-45.186871382E-03,-56.718906425E-03
+3.107180000E-03,-1.199188272376E+00,-46.364635172E-03,-57.519157671E-03
+3.107185000E-03,-1.196856300041E+00,-45.972047235E-03,-58.943780773E-03
+3.107190000E-03,-1.194783435743E+00,-46.678705500E-03,-59.642901368E-03
+3.107195000E-03,-1.191363209666E+00,-45.579459327E-03,-61.234609892E-03
+3.107200000E-03,-1.187580232315E+00,-45.186871377E-03,-61.753454111E-03
+3.107205000E-03,-1.183900898184E+00,-45.972047253E-03,-63.380338512E-03
+3.107210000E-03,-1.180377028856E+00,-45.579459294E-03,-63.943152580E-03
+3.107215000E-03,-1.176386765097E+00,-43.852072403E-03,-65.521670147E-03
+3.107220000E-03,-1.172137393275E+00,-45.579459304E-03,-66.093278186E-03
+3.107225000E-03,-1.168043486284E+00,-43.695037258E-03,-67.447549523E-03
+3.107230000E-03,-1.164830546621E+00,-46.992775899E-03,-68.164258061E-03
+3.107235000E-03,-1.159181991424E+00,-45.500941715E-03,-69.395413824E-03
+3.107240000E-03,-1.155347192454E+00,-45.893529671E-03,-70.120916333E-03
+3.107245000E-03,-1.150424139741E+00,-44.715765858E-03,-71.356469081E-03
+3.107250000E-03,-1.144050082037E+00,-45.972047229E-03,-72.108353496E-03
+3.107255000E-03,-1.139023386108E+00,-44.794283447E-03,-73.225187654E-03
+3.107260000E-03,-1.134359441436E+00,-44.244660334E-03,-73.959484130E-03
+3.107265000E-03,-1.128192670135E+00,-43.616519637E-03,-75.282976576E-03
+3.107270000E-03,-1.121663147596E+00,-45.108353787E-03,-75.744659989E-03
+3.107275000E-03,-1.114304479345E+00,-43.616519637E-03,-77.164886103E-03
+3.107280000E-03,-1.108241351262E+00,-44.480213097E-03,-77.516644895E-03
+3.107285000E-03,-1.101919115154E+00,-44.401695497E-03,-78.976443873E-03
+3.107290000E-03,-1.095234127782E+00,-44.480213078E-03,-79.213881060E-03
+3.107295000E-03,-1.088963713283E+00,-42.517273419E-03,-80.779207673E-03
+3.107300000E-03,-1.083107871629E+00,-44.244660318E-03,-80.990262951E-03
+3.107305000E-03,-1.076163776238E+00,-44.558730691E-03,-82.379710166E-03
+3.107310000E-03,-1.069323324035E+00,-45.108353769E-03,-82.700690068E-03
+3.107315000E-03,-1.061912834184E+00,-43.695037213E-03,-83.958227739E-03
+3.107320000E-03,-1.054916917163E+00,-44.009107583E-03,-84.402323216E-03
+3.107325000E-03,-1.047299140860E+00,-42.281720654E-03,-85.589509129E-03
+3.107330000E-03,-1.039577721354E+00,-43.145414090E-03,-85.985237771E-03
+3.107335000E-03,-1.031286264157E+00,-43.538002021E-03,-87.009735246E-03
+3.107340000E-03,-1.021854731569E+00,-42.360238234E-03,-87.510991523E-03
+3.107345000E-03,-1.013407809571E+00,-44.558730673E-03,-88.473931210E-03
+3.107350000E-03,-1.004960887550E+00,-44.794283426E-03,-88.852071910E-03
+3.107355000E-03,-995.322068555E-03,-41.339509618E-03,-89.889760339E-03
+3.107360000E-03,-987.030611369E-03,-44.087625120E-03,-90.109609586E-03
+3.107365000E-03,-977.702722015E-03,-42.438755820E-03,-91.323177411E-03
+3.107370000E-03,-967.908438206E-03,-42.909861351E-03,-91.406720124E-03
+3.107375000E-03,-958.580548847E-03,-41.418027189E-03,-92.448805539E-03
+3.107380000E-03,-947.542546465E-03,-41.182474428E-03,-92.717021618E-03
+3.107385000E-03,-937.592797829E-03,-42.674308568E-03,-93.732725123E-03
+3.107390000E-03,-927.383941138E-03,-43.380966854E-03,-93.851443719E-03
+3.107395000E-03,-917.226906080E-03,-41.967650297E-03,-94.752825616E-03
+3.107400000E-03,-905.515222789E-03,-43.223931700E-03,-95.135363300E-03
+3.107405000E-03,-893.907182733E-03,-41.496544784E-03,-95.772926108E-03
+3.107410000E-03,-883.180109983E-03,-43.459484450E-03,-96.190639672E-03
+3.107415000E-03,-872.297572415E-03,-42.517273408E-03,-96.652323086E-03
+3.107420000E-03,-861.881429300E-03,-41.967650304E-03,-97.276694936E-03
+3.107425000E-03,-851.361642963E-03,-43.302449263E-03,-97.672423576E-03
+3.107430000E-03,-839.909067718E-03,-43.538002048E-03,-98.252825577E-03
+3.107435000E-03,-827.834633172E-03,-42.203203034E-03,-98.661745175E-03
+3.107440000E-03,-815.863841847E-03,-42.831343762E-03,-99.079458736E-03
+3.107445000E-03,-804.100336957E-03,-41.339509624E-03,-99.585112000E-03
+3.107450000E-03,-791.352221523E-03,-41.732097545E-03,-99.835740135E-03
+3.107455000E-03,-778.241354814E-03,-43.302449292E-03,-100.424936109E-03
+3.107460000E-03,-766.477849919E-03,-41.575062346E-03,-100.473302942E-03
+3.107465000E-03,-753.988842519E-03,-43.852072400E-03,-101.115262735E-03
+3.107470000E-03,-740.877975824E-03,-42.988378935E-03,-101.128453691E-03
+3.107475000E-03,-728.544433254E-03,-40.946921666E-03,-101.735237602E-03
+3.107480000E-03,-715.174458514E-03,-42.124685478E-03,-101.770413484E-03
+3.107485000E-03,-702.789094326E-03,-41.732097541E-03,-102.311242619E-03
+3.107490000E-03,-690.092800493E-03,-43.380966893E-03,-102.359609458E-03
+3.107495000E-03,-677.033755393E-03,-40.868404092E-03,-102.737750154E-03
+3.107500000E-03,-663.041921387E-03,-42.360238215E-03,-102.953202418E-03
+3.107505000E-03,-648.428228075E-03,-42.203203075E-03,-103.173051657E-03
+3.107510000E-03,-635.887399075E-03,-41.653579963E-03,-103.344534071E-03
+3.107515000E-03,-621.791921825E-03,-40.789886517E-03,-103.498428538E-03
+3.107520000E-03,-607.955552629E-03,-41.103956827E-03,-103.766644617E-03
+3.107525000E-03,-594.481934679E-03,-41.732097570E-03,-103.749056676E-03
+3.107530000E-03,-581.526532812E-03,-41.653579952E-03,-103.964508939E-03
+3.107535000E-03,-566.809196293E-03,-41.653579939E-03,-104.026066723E-03
+3.107540000E-03,-552.972827087E-03,-42.046167907E-03,-104.206343106E-03
+3.107545000E-03,-539.551030756E-03,-42.203203052E-03,-104.259106920E-03
+3.107550000E-03,-525.662839961E-03,-41.103956852E-03,-104.316267729E-03
+3.107555000E-03,-510.945503424E-03,-40.318780996E-03,-104.320664710E-03
+3.107560000E-03,-496.279988512E-03,-40.397298572E-03,-104.434986321E-03
+3.107565000E-03,-481.251722335E-03,-41.418027175E-03,-104.303076770E-03
+3.107570000E-03,-467.208066712E-03,-42.124685477E-03,-104.399810443E-03
+3.107575000E-03,-452.179800538E-03,-41.653579964E-03,-104.267900891E-03
+3.107580000E-03,-437.410642385E-03,-41.182474441E-03,-104.369031548E-03
+3.107585000E-03,-421.708695313E-03,-42.046167891E-03,-104.039257678E-03
+3.107590000E-03,-406.628607543E-03,-42.046167887E-03,-104.215137078E-03
+3.107595000E-03,-391.911271031E-03,-41.339509617E-03,-103.911745118E-03
+3.107600000E-03,-376.727540042E-03,-41.810615097E-03,-104.083227531E-03
+3.107605000E-03,-361.647452254E-03,-41.339509606E-03,-103.713880799E-03
+3.107610000E-03,-345.686397152E-03,-43.302449263E-03,-103.731468739E-03
+3.107615000E-03,-330.502666158E-03,-40.161745831E-03,-103.507222508E-03
+3.107620000E-03,-315.681686402E-03,-40.946921630E-03,-103.335740103E-03
+3.107625000E-03,-299.513344899E-03,-41.418027185E-03,-103.146669749E-03
+3.107630000E-03,-284.744186744E-03,-41.339509586E-03,-102.940011460E-03
+3.107635000E-03,-269.560455760E-03,-40.397298562E-03,-102.742147142E-03
+3.107640000E-03,-254.221259946E-03,-41.575062357E-03,-102.504709958E-03
+3.107645000E-03,-237.845631988E-03,-40.004710625E-03,-102.293654683E-03
+3.107650000E-03,-223.024652241E-03,-42.124685499E-03,-101.937498912E-03
+3.107655000E-03,-206.130808194E-03,-40.240263392E-03,-101.722046649E-03
+3.107660000E-03,-191.102542020E-03,-41.025439261E-03,-101.449433589E-03
+3.107665000E-03,-175.400594948E-03,-39.926193026E-03,-101.097674797E-03
+3.107670000E-03,-160.113220763E-03,-40.475816147E-03,-100.754709978E-03
+3.107675000E-03,-143.944879234E-03,-40.240263398E-03,-100.257850686E-03
+3.107680000E-03,-128.709326615E-03,-42.046167891E-03,-100.108353201E-03
+3.107685000E-03,-112.074590612E-03,-42.046167863E-03,-99.558730091E-03
+3.107690000E-03,-96.994502829E-03,-41.339509634E-03,-99.316895923E-03
+3.107695000E-03,-82.173523083E-03,-41.810615122E-03,-98.705715026E-03
+3.107700000E-03,-67.197078511E-03,-41.182474441E-03,-98.512247689E-03
+3.107705000E-03,-51.650596280E-03,-41.496544780E-03,-97.843905991E-03
+3.107710000E-03,-35.948649213E-03,-41.182474431E-03,-97.399810516E-03
+3.107715000E-03,-20.194880517E-03,-40.240263388E-03,-96.942524090E-03
+3.107720000E-03,-3.819252575E-03,-40.397298601E-03,-96.419282890E-03
+3.107725000E-03,+11.934516107E-03,-42.281720649E-03,-95.918026613E-03
+3.107730000E-03,+28.310144044E-03,-42.517273414E-03,-95.276066823E-03
+3.107735000E-03,+43.182945420E-03,-40.397298558E-03,-94.761619590E-03
+3.107740000E-03,+59.714038178E-03,-40.789886496E-03,-94.242775376E-03
+3.107745000E-03,+75.001412422E-03,-41.889132713E-03,-93.657976382E-03
+3.107750000E-03,+91.895256449E-03,-40.868404093E-03,-93.139132173E-03
+3.107755000E-03,+107.649025140E-03,-40.318780992E-03,-92.409232678E-03
+3.107760000E-03,+122.884577725E-03,-40.632851303E-03,-91.956343242E-03
+3.107765000E-03,+139.104740880E-03,-41.418027213E-03,-91.002197517E-03
+3.107770000E-03,+154.651223094E-03,-40.789886502E-03,-90.764760342E-03
+3.107775000E-03,+170.249526964E-03,-39.455087513E-03,-89.744659841E-03
+3.107780000E-03,+185.796009217E-03,-40.946921674E-03,-89.498428697E-03
+3.107785000E-03,+201.964350747E-03,-40.004710637E-03,-88.359609607E-03
+3.107790000E-03,+217.096260126E-03,-41.810615122E-03,-88.183730217E-03
+3.107795000E-03,+232.176347929E-03,-40.946921687E-03,-86.886619674E-03
+3.107800000E-03,+247.204614093E-03,-41.260991997E-03,-86.728328220E-03
+3.107805000E-03,+262.440166702E-03,-42.046167870E-03,-85.461996575E-03
+3.107810000E-03,+279.437653931E-03,-41.967650277E-03,-85.017901103E-03
+3.107815000E-03,+294.725028130E-03,-40.161745799E-03,-84.006594581E-03
+3.107820000E-03,+310.997012901E-03,-41.575062347E-03,-83.342649866E-03
+3.107825000E-03,+325.507063001E-03,-40.240263384E-03,-82.445664949E-03
+3.107830000E-03,+339.965291486E-03,-42.752826135E-03,-81.671795611E-03
+3.107835000E-03,+355.356308894E-03,-40.475816147E-03,-80.792398635E-03
+3.107840000E-03,+370.021823815E-03,-41.260992016E-03,-79.860237843E-03
+3.107845000E-03,+384.894625190E-03,-40.161745801E-03,-79.064383580E-03
+3.107850000E-03,+399.663783316E-03,-41.732097513E-03,-78.171795650E-03
+3.107855000E-03,+415.365730362E-03,-40.397298547E-03,-77.222046917E-03
+3.107860000E-03,+429.098456372E-03,-41.889132711E-03,-76.399810742E-03
+3.107865000E-03,+443.971257717E-03,-42.281720651E-03,-75.384107237E-03
+3.107870000E-03,+458.325842979E-03,-40.632851321E-03,-74.548680108E-03
+3.107875000E-03,+473.146822717E-03,-41.732097532E-03,-73.475815804E-03
+3.107880000E-03,+487.397764761E-03,-40.318780975E-03,-72.675564549E-03
+3.107885000E-03,+501.907814884E-03,-41.025439274E-03,-71.607097230E-03
+3.107890000E-03,+515.796005681E-03,-40.789886478E-03,-70.780464067E-03
+3.107895000E-03,+529.787839700E-03,-41.732097534E-03,-69.711996748E-03
+3.107900000E-03,+544.142424975E-03,-41.260992009E-03,-68.850187706E-03
+3.107905000E-03,+558.652475077E-03,-42.124685485E-03,-67.808102297E-03
+3.107910000E-03,+572.644309086E-03,-43.223931685E-03,-66.783604814E-03
+3.107915000E-03,+585.910640601E-03,-42.203203066E-03,-65.662373677E-03
+3.107920000E-03,+599.332436939E-03,-41.732097523E-03,-64.620288255E-03
+3.107925000E-03,+613.272449353E-03,-40.868404089E-03,-63.608981738E-03
+3.107930000E-03,+626.694245693E-03,-41.967650304E-03,-62.544911393E-03
+3.107935000E-03,+639.805112404E-03,-40.318780955E-03,-61.458856133E-03
+3.107940000E-03,+653.330551950E-03,-41.025439272E-03,-60.403579760E-03
+3.107945000E-03,+666.234132202E-03,-39.847675508E-03,-59.317524495E-03
+3.107950000E-03,+679.034069257E-03,-41.967650295E-03,-58.345790837E-03
+3.107955000E-03,+691.885827910E-03,-41.496544766E-03,-57.127826026E-03
+3.107960000E-03,+703.908440861E-03,-41.103956855E-03,-56.142901415E-03
+3.107965000E-03,+716.552913098E-03,-42.046167862E-03,-54.836996905E-03
+3.107970000E-03,+728.730990845E-03,-42.203203050E-03,-53.887248171E-03
+3.107975000E-03,+741.375463062E-03,-41.103956862E-03,-52.449434118E-03
+3.107980000E-03,+753.138967972E-03,-40.318780977E-03,-51.556846185E-03
+3.107985000E-03,+765.679796990E-03,-43.145414079E-03,-50.092650223E-03
+3.107990000E-03,+777.546945090E-03,-41.575062394E-03,-49.182474351E-03
+3.107995000E-03,+789.465914820E-03,-41.260992039E-03,-47.753454271E-03
+3.108000000E-03,+800.400273999E-03,-40.789886486E-03,-46.790514577E-03
+3.108005000E-03,+811.179168388E-03,-40.946921686E-03,-45.427449269E-03
+3.108010000E-03,+823.616354135E-03,-41.810615119E-03,-44.341393999E-03
+3.108015000E-03,+834.343426903E-03,-40.554333743E-03,-43.127826176E-03
+3.108020000E-03,+845.588715723E-03,-43.145414099E-03,-41.927449304E-03
+3.108025000E-03,+855.227534726E-03,-42.124685462E-03,-40.617147812E-03
+3.108030000E-03,+866.783753193E-03,-43.066896537E-03,-39.381595059E-03
+3.108035000E-03,+877.562647553E-03,-41.732097552E-03,-38.115263417E-03
+3.108040000E-03,+889.118866022E-03,-39.769157854E-03,-36.901695590E-03
+3.108045000E-03,+899.586830727E-03,-43.852072404E-03,-35.639760933E-03
+3.108050000E-03,+908.914720086E-03,-42.203203066E-03,-34.426193104E-03
+3.108055000E-03,+919.019933532E-03,-42.831343758E-03,-33.120288599E-03
+3.108060000E-03,+928.658752512E-03,-43.302449262E-03,-31.796796148E-03
+3.108065000E-03,+938.763965970E-03,-42.988378902E-03,-30.574434353E-03
+3.108070000E-03,+948.091855328E-03,-42.674308588E-03,-29.290514765E-03
+3.108075000E-03,+956.176026112E-03,-40.789886486E-03,-28.072549959E-03
+3.108080000E-03,+964.882056153E-03,-41.182474436E-03,-26.696293687E-03
+3.108085000E-03,+973.795372665E-03,-41.967650297E-03,-25.447549987E-03
+3.108090000E-03,+982.553224331E-03,-42.438755822E-03,-23.939384170E-03
+3.108095000E-03,+991.259254372E-03,-40.711368922E-03,-22.822550013E-03
+3.108100000E-03,+999.136138710E-03,-40.161745822E-03,-21.419911837E-03
+3.108105000E-03,+1.007945811999E+00,-41.967650318E-03,-20.188756071E-03
+3.108110000E-03,+1.015200837044E+00,-42.203203044E-03,-18.772926940E-03
+3.108115000E-03,+1.022974078179E+00,-39.769157877E-03,-17.497801326E-03
+3.108120000E-03,+1.030643676068E+00,-42.360238237E-03,-16.249057619E-03
+3.108125000E-03,+1.038054165956E+00,-41.810615116E-03,-14.837625475E-03
+3.108130000E-03,+1.045309190993E+00,-40.946921651E-03,-13.839509907E-03
+3.108135000E-03,+1.053134253727E+00,-40.868404087E-03,-12.225816457E-03
+3.108140000E-03,+1.058990095378E+00,-41.889132720E-03,-11.201318981E-03
+3.108145000E-03,+1.067281552572E+00,-43.459484445E-03,-9.464509958E-03
+3.108150000E-03,+1.073137394199E+00,-42.831343729E-03,-8.620288855E-03
+3.108155000E-03,+1.079666916766E+00,-42.360238249E-03,-6.874685864E-03
+3.108160000E-03,+1.087025585015E+00,-42.203203070E-03,-5.964509988E-03
+3.108165000E-03,+1.092466853804E+00,-41.732097545E-03,-4.276067805E-03
+3.108170000E-03,+1.098426338672E+00,-42.281720638E-03,-3.339510017E-03
+3.108175000E-03,+1.104385823511E+00,-41.732097548E-03,-1.760992452E-03
+3.108180000E-03,+1.109101589809E+00,-42.203203066E-03,-688.128135E-06
+3.108185000E-03,+1.113558248079E+00,-42.595791001E-03,+688.128125E-06
+3.108190000E-03,+1.119517732906E+00,-39.612122732E-03,+1.972047715E-03
+3.108195000E-03,+1.124544428856E+00,+329.577564633E-03,+3.269158251E-03
+3.108200000E-03,+1.127342795673E+00,+2.529875912557E+00,+4.676193413E-03
+3.108205000E-03,+1.131954918707E+00,+2.552724532961E+00,+5.815012493E-03
+3.108210000E-03,+1.136048825700E+00,+2.552724532961E+00,+7.433102929E-03
+3.108215000E-03,+1.140816413576E+00,+2.552724532961E+00,+8.338881813E-03
+3.108220000E-03,+1.144962142210E+00,+2.552724532961E+00,+10.053705915E-03
+3.108225000E-03,+1.148071438656E+00,+2.552724532961E+00,+10.985866713E-03
+3.108230000E-03,+1.152217167245E+00,+2.552724532961E+00,+12.608354131E-03
+3.108235000E-03,+1.155015534055E+00,+2.552724532961E+00,+13.681218439E-03
+3.108240000E-03,+1.159161262651E+00,+2.552724532961E+00,+15.154208374E-03
+3.108245000E-03,+1.161959629465E+00,+2.552724532961E+00,+16.315012382E-03
+3.108250000E-03,+1.163047883217E+00,+2.552724532961E+00,+17.695665635E-03
+3.108255000E-03,+1.166157179665E+00,+2.552724532961E+00,+18.874057582E-03
+3.108260000E-03,+1.169266476102E+00,+2.552724532961E+00,+20.188756058E-03
+3.108265000E-03,+1.170976589159E+00,+2.552724532961E+00,+21.415514839E-03
+3.108270000E-03,+1.172790345445E+00,+2.552724532961E+00,+22.717022365E-03
+3.108275000E-03,+1.174293172048E+00,+2.552724532961E+00,+24.000941947E-03
+3.108280000E-03,+1.175847820269E+00,+2.552724532961E+00,+25.249685653E-03
+3.108285000E-03,+1.176936074028E+00,+2.552724532961E+00,+26.581972071E-03
+3.108290000E-03,+1.178024327790E+00,+2.552724532961E+00,+27.808730853E-03
+3.108295000E-03,+1.177868862976E+00,+2.552724532961E+00,+29.026695663E-03
+3.108300000E-03,+1.179164403163E+00,+2.552724532961E+00,+30.174308719E-03
+3.108305000E-03,+1.180511764941E+00,+2.552724532961E+00,+31.625313725E-03
+3.108310000E-03,+1.180200835296E+00,+2.552724532961E+00,+32.610238341E-03
+3.108315000E-03,+1.180408121733E+00,+2.552724532961E+00,+34.083228269E-03
+3.108320000E-03,+1.180874516203E+00,+2.552724532961E+00,+35.037373993E-03
+3.108325000E-03,+1.179319867989E+00,+2.552724532961E+00,+36.589509648E-03
+3.108330000E-03,+1.179941727264E+00,+2.552724532961E+00,+37.517273464E-03
+3.108335000E-03,+1.178490722242E+00,+2.552724532961E+00,+38.915514648E-03
+3.108340000E-03,+1.177713398130E+00,+2.552724532961E+00,+39.953203089E-03
+3.108345000E-03,+1.176936074033E+00,+2.552724532961E+00,+41.285489496E-03
+3.108350000E-03,+1.175795998675E+00,+2.552724532961E+00,+42.349559849E-03
+3.108355000E-03,+1.173049453483E+00,+2.552724532961E+00,+43.453203042E-03
+3.108360000E-03,+1.171702091705E+00,+2.552724532961E+00,+44.697549773E-03
+3.108365000E-03,+1.169059189714E+00,+2.552724532961E+00,+45.717650256E-03
+3.108370000E-03,+1.167504541497E+00,+2.552724532961E+00,+47.071921604E-03
+3.108375000E-03,+1.165379855572E+00,+2.552724532961E+00,+47.982097467E-03
+3.108380000E-03,+1.162374202343E+00,+2.552724532961E+00,+49.314383893E-03
+3.108385000E-03,+1.159679478742E+00,+2.552724532961E+00,+50.250941666E-03
+3.108390000E-03,+1.157347506412E+00,+2.552724532961E+00,+51.473303464E-03
+3.108395000E-03,+1.153979101914E+00,+2.552724532961E+00,+52.449434107E-03
+3.108400000E-03,+1.149833373340E+00,+2.552724532961E+00,+53.495916509E-03
+3.108405000E-03,+1.145946752779E+00,+2.552724532961E+00,+54.634735589E-03
+3.108410000E-03,+1.143459315614E+00,+2.552724532961E+00,+55.588881310E-03
+3.108415000E-03,+1.139106300581E+00,+2.552724532961E+00,+56.771670238E-03
+3.108420000E-03,+1.133975961448E+00,+2.552724532961E+00,+57.651067221E-03
+3.108425000E-03,+1.129674768018E+00,+2.552724532961E+00,+58.869032023E-03
+3.108430000E-03,+1.124181677644E+00,+2.552724532961E+00,+59.708856146E-03
+3.108435000E-03,+1.120502343502E+00,+2.552724532961E+00,+60.772926474E-03
+3.108440000E-03,+1.115527469204E+00,+2.552724532961E+00,+61.722675221E-03
+3.108445000E-03,+1.110656238087E+00,+2.552724532961E+00,+62.641645048E-03
+3.108450000E-03,+1.104437645180E+00,+2.552724532961E+00,+63.776067158E-03
+3.108455000E-03,+1.098478160352E+00,+2.552724532961E+00,+64.545539500E-03
+3.108460000E-03,+1.092985069910E+00,+2.552724532961E+00,+65.684358595E-03
+3.108465000E-03,+1.086248260979E+00,+2.552724532961E+00,+66.431846014E-03
+3.108470000E-03,+1.079355987176E+00,+2.552724532961E+00,+67.597047013E-03
+3.108475000E-03,+1.073655610351E+00,+2.552724532961E+00,+68.331343485E-03
+3.108480000E-03,+1.067488839067E+00,+2.552724532961E+00,+69.351443981E-03
+3.108485000E-03,+1.061218424555E+00,+2.552724532961E+00,+70.186871102E-03
+3.108490000E-03,+1.053082432180E+00,+2.552724532961E+00,+71.000313308E-03
+3.108495000E-03,+1.046345623203E+00,+2.552724532961E+00,+72.002825856E-03
+3.108500000E-03,+1.038883311706E+00,+2.552724532961E+00,+72.587624848E-03
+3.108505000E-03,+1.031058249004E+00,+2.552724532961E+00,+73.823177592E-03
+3.108510000E-03,+1.023181364677E+00,+2.552724532961E+00,+74.183730360E-03
+3.108515000E-03,+1.014371691411E+00,+2.552724532961E+00,+75.353328335E-03
+3.108520000E-03,+1.006546628679E+00,+2.552724532961E+00,+75.784232856E-03
+3.108525000E-03,+999.084317173E-03,+2.552724532961E+00,+76.901067010E-03
+3.108530000E-03,+989.808249460E-03,+2.552724532961E+00,+77.463881078E-03
+3.108535000E-03,+980.584003317E-03,+2.552724532961E+00,+78.356469005E-03
+3.108540000E-03,+972.655297363E-03,+2.552724532961E+00,+79.046795634E-03
+3.108545000E-03,+964.312018553E-03,+2.552724532961E+00,+79.719534317E-03
+3.108550000E-03,+954.621377943E-03,+2.552724532961E+00,+80.431845869E-03
+3.108555000E-03,+945.500775046E-03,+2.552724532961E+00,+80.990262950E-03
+3.108560000E-03,+936.639280168E-03,+2.552724532961E+00,+81.777323241E-03
+3.108565000E-03,+927.259569205E-03,+2.552724532961E+00,+82.269785549E-03
+3.108570000E-03,+917.724393431E-03,+2.552724532961E+00,+83.100815688E-03
+3.108575000E-03,+907.826466412E-03,+2.552724532961E+00,+83.624056892E-03
+3.108580000E-03,+897.151215274E-03,+2.552724532961E+00,+84.353956381E-03
+3.108585000E-03,+886.838715379E-03,+2.552724532961E+00,+84.828830748E-03
+3.108590000E-03,+876.992609955E-03,+2.552724532961E+00,+85.409232752E-03
+3.108595000E-03,+865.540034703E-03,+2.552724532961E+00,+86.029207619E-03
+3.108600000E-03,+854.761140355E-03,+2.552724532961E+00,+86.521669926E-03
+3.108605000E-03,+845.122321359E-03,+2.552724532961E+00,+87.093277956E-03
+3.108610000E-03,+832.944243616E-03,+2.552724532961E+00,+87.603328205E-03
+3.108615000E-03,+821.647133186E-03,+2.552724532961E+00,+88.069408598E-03
+3.108620000E-03,+810.816417202E-03,+2.552724532961E+00,+88.605840762E-03
+3.108625000E-03,+799.260198731E-03,+2.552724532961E+00,+88.935614619E-03
+3.108630000E-03,+786.926656161E-03,+2.552724532961E+00,+89.652323160E-03
+3.108635000E-03,+776.510513025E-03,+2.552724532961E+00,+89.806217626E-03
+3.108640000E-03,+765.057937797E-03,+2.552724532961E+00,+90.553705063E-03
+3.108645000E-03,+752.102535933E-03,+2.552724532961E+00,+90.707599522E-03
+3.108650000E-03,+739.820814932E-03,+2.552724532961E+00,+91.406720127E-03
+3.108655000E-03,+728.109131665E-03,+2.552724532961E+00,+91.490262832E-03
+3.108660000E-03,+715.827410677E-03,+2.552724532961E+00,+92.061870878E-03
+3.108665000E-03,+703.390224922E-03,+2.552724532961E+00,+92.237750263E-03
+3.108670000E-03,+690.849395867E-03,+2.552724532961E+00,+92.708227655E-03
+3.108675000E-03,+678.515853280E-03,+2.552724532961E+00,+92.884107041E-03
+3.108680000E-03,+664.420376092E-03,+2.552724532961E+00,+93.191895990E-03
+3.108685000E-03,+651.672260627E-03,+2.552724532961E+00,+93.530463816E-03
+3.108690000E-03,+639.027788401E-03,+2.552724532961E+00,+93.723931161E-03
+3.108695000E-03,+626.590602595E-03,+2.552724532961E+00,+94.018529138E-03
+3.108700000E-03,+612.702411806E-03,+2.552724532961E+00,+94.168026631E-03
+3.108705000E-03,+599.332437106E-03,+2.552724532961E+00,+94.493403501E-03
+3.108710000E-03,+586.325213591E-03,+2.552724532961E+00,+94.585740195E-03
+3.108715000E-03,+572.851595652E-03,+2.552724532961E+00,+94.805589430E-03
+3.108720000E-03,+558.859761622E-03,+2.552724532961E+00,+94.994659788E-03
+3.108725000E-03,+545.852538145E-03,+2.552724532961E+00,+95.065011540E-03
+3.108730000E-03,+530.616985580E-03,+2.552724532961E+00,+95.232096972E-03
+3.108735000E-03,+516.780616346E-03,+2.552724532961E+00,+95.276066815E-03
+3.108740000E-03,+502.581495915E-03,+2.552724532961E+00,+95.425564306E-03
+3.108745000E-03,+488.641483489E-03,+2.552724532961E+00,+95.526694955E-03
+3.108750000E-03,+475.426973580E-03,+2.552724532961E+00,+95.504710031E-03
+3.108755000E-03,+459.932312944E-03,+2.552724532961E+00,+95.610237672E-03
+3.108760000E-03,+445.681370888E-03,+2.552724532961E+00,+95.451946213E-03
+3.108765000E-03,+430.808569545E-03,+2.552724532961E+00,+95.746544201E-03
+3.108770000E-03,+416.402162665E-03,+2.552724532961E+00,+95.333227621E-03
+3.108775000E-03,+401.373896494E-03,+2.552724532961E+00,+95.790514049E-03
+3.108780000E-03,+386.708381564E-03,+2.552724532961E+00,+95.258478879E-03
+3.108785000E-03,+371.576472194E-03,+2.552724532961E+00,+95.733353245E-03
+3.108790000E-03,+356.029989933E-03,+2.552724532961E+00,+95.082599484E-03
+3.108795000E-03,+341.571761470E-03,+2.552724532961E+00,+95.539885910E-03
+3.108800000E-03,+325.973457602E-03,+2.552724532961E+00,+94.950689937E-03
+3.108805000E-03,+310.426975396E-03,+2.552724532961E+00,+95.227699985E-03
+3.108810000E-03,+295.709638827E-03,+2.552724532961E+00,+94.607725122E-03
+3.108815000E-03,+280.629551054E-03,+2.552724532961E+00,+94.818780392E-03
+3.108820000E-03,+265.031247217E-03,+2.552724532961E+00,+94.414257783E-03
+3.108825000E-03,+249.484764958E-03,+2.552724532961E+00,+94.445036677E-03
+3.108830000E-03,+234.715606811E-03,+2.552724532961E+00,+93.992147237E-03
+3.108835000E-03,+218.547265297E-03,+2.552724532961E+00,+93.855840706E-03
+3.108840000E-03,+202.741674997E-03,+2.552724532961E+00,+93.592021611E-03
+3.108845000E-03,+187.609765638E-03,+2.552724532961E+00,+93.438127143E-03
+3.108850000E-03,+172.270569790E-03,+2.552724532961E+00,+92.985237697E-03
+3.108855000E-03,+155.739477037E-03,+2.552724532961E+00,+92.826946245E-03
+3.108860000E-03,+139.726600334E-03,+2.552724532961E+00,+92.347674892E-03
+3.108865000E-03,+124.231939640E-03,+2.552724532961E+00,+92.242147255E-03
+3.108870000E-03,+108.167241322E-03,+2.552724532961E+00,+91.701318113E-03
+3.108875000E-03,+92.776223962E-03,+2.552724532961E+00,+91.525438715E-03
+3.108880000E-03,+76.659704004E-03,+2.552724532961E+00,+90.892272900E-03
+3.108885000E-03,+61.372329798E-03,+2.552724532961E+00,+90.685614608E-03
+3.108890000E-03,+44.841237016E-03,+2.552724532961E+00,+90.114006576E-03
+3.108895000E-03,+29.450219572E-03,+2.552724532961E+00,+89.718277937E-03
+3.108900000E-03,+13.385521286E-03,+2.552724532961E+00,+89.234609603E-03
+3.108905000E-03,-1.590923304E-03,+2.552724532961E+00,+88.790514126E-03
+3.108910000E-03,-16.256438242E-03,+2.552724532961E+00,+88.355212627E-03
+3.108915000E-03,-31.025596354E-03,+2.552724532961E+00,+87.809986498E-03
+3.108920000E-03,-45.950219313E-03,+2.552724532961E+00,+87.357097057E-03
+3.108925000E-03,-62.844063367E-03,+2.552724532961E+00,+86.803076960E-03
+3.108930000E-03,-78.027794354E-03,+2.552724532961E+00,+86.275438780E-03
+3.108935000E-03,-92.900595714E-03,+2.552724532961E+00,+85.717021693E-03
+3.108940000E-03,-110.157190973E-03,+2.552724532961E+00,+85.092649849E-03
+3.108945000E-03,-126.532818950E-03,+2.552724532961E+00,+84.551820702E-03
+3.108950000E-03,-141.457441917E-03,+2.552724532961E+00,+83.786745339E-03
+3.108955000E-03,-157.522140228E-03,+2.552724532961E+00,+83.360237799E-03
+3.108960000E-03,-172.964979235E-03,+2.552724532961E+00,+82.524810682E-03
+3.108965000E-03,-188.200531861E-03,+2.552724532961E+00,+82.023554399E-03
+3.108970000E-03,-202.814225162E-03,+2.552724532961E+00,+81.218906175E-03
+3.108975000E-03,-218.775280285E-03,+2.552724532961E+00,+80.717649889E-03
+3.108980000E-03,-234.684513761E-03,+2.552724532961E+00,+79.917398648E-03
+3.108985000E-03,-251.682001008E-03,+2.552724532961E+00,+79.209484079E-03
+3.108990000E-03,-265.829299863E-03,+2.552724532961E+00,+78.519157458E-03
+3.108995000E-03,-281.427603708E-03,+2.552724532961E+00,+77.710112236E-03
+3.109000000E-03,-295.989475437E-03,+2.552724532961E+00,+77.068152446E-03
+3.109005000E-03,-312.831497842E-03,+2.552724532961E+00,+76.210740397E-03
+3.109010000E-03,-327.600656025E-03,+2.552724532961E+00,+75.555589646E-03
+3.109015000E-03,-343.095316629E-03,+2.552724532961E+00,+74.671795687E-03
+3.109020000E-03,-357.760831567E-03,+2.552724532961E+00,+73.911117300E-03
+3.109025000E-03,-372.892740953E-03,+2.552724532961E+00,+73.053705257E-03
+3.109030000E-03,-388.076471944E-03,+2.552724532961E+00,+72.187499228E-03
+3.109035000E-03,-402.949273296E-03,+2.552724532961E+00,+71.457599745E-03
+3.109040000E-03,-418.288469051E-03,+2.552724532961E+00,+70.384735430E-03
+3.109045000E-03,-433.316735256E-03,+2.552724532961E+00,+69.711996748E-03
+3.109050000E-03,-447.982250194E-03,+2.552724532961E+00,+68.533604796E-03
+3.109055000E-03,-463.891483682E-03,+2.552724532961E+00,+67.992775659E-03
+3.109060000E-03,-476.898707175E-03,+2.552724532961E+00,+66.700062103E-03
+3.109065000E-03,-491.616043703E-03,+2.552724532961E+00,+66.071293266E-03
+3.109070000E-03,-506.747953108E-03,+2.552724532961E+00,+64.787373685E-03
+3.109075000E-03,-521.154359941E-03,+2.552724532961E+00,+64.000313392E-03
+3.109080000E-03,-534.679799490E-03,+2.552724532961E+00,+62.967021945E-03
+3.109085000E-03,-547.687023015E-03,+2.552724532961E+00,+62.026067179E-03
+3.109090000E-03,-562.352537899E-03,+2.552724532961E+00,+61.107097342E-03
+3.109095000E-03,-575.670691004E-03,+2.552724532961E+00,+59.977072227E-03
+3.109100000E-03,-590.077097883E-03,+2.552724532961E+00,+59.040514448E-03
+3.109105000E-03,-602.980678200E-03,+2.552724532961E+00,+57.958856169E-03
+3.109110000E-03,-616.765225783E-03,+2.552724532961E+00,+57.022298388E-03
+3.109115000E-03,-630.031557301E-03,+2.552724532961E+00,+56.028579809E-03
+3.109120000E-03,-643.556996840E-03,+2.552724532961E+00,+54.885363741E-03
+3.109125000E-03,-657.030614805E-03,+2.552724532961E+00,+54.041142645E-03
+3.109130000E-03,-669.571443791E-03,+2.552724532961E+00,+52.678077332E-03
+3.109135000E-03,-683.096883363E-03,+2.552724532961E+00,+51.961368798E-03
+3.109140000E-03,-696.104106815E-03,+2.552724532961E+00,+50.387248211E-03
+3.109145000E-03,-709.370438313E-03,+2.552724532961E+00,+49.885991934E-03
+3.109150000E-03,-721.393051286E-03,+2.552724532961E+00,+48.149182909E-03
+3.109155000E-03,-735.022134034E-03,+2.552724532961E+00,+47.740263308E-03
+3.109160000E-03,-747.407498229E-03,+2.552724532961E+00,+45.950690473E-03
+3.109165000E-03,-759.274646366E-03,+2.552724532961E+00,+45.396670371E-03
+3.109170000E-03,-771.089972870E-03,+2.552724532961E+00,+43.703831204E-03
+3.109175000E-03,-784.252661159E-03,+2.552724532961E+00,+42.881595022E-03
+3.109180000E-03,-795.912522820E-03,+2.552724532961E+00,+41.500941779E-03
+3.109185000E-03,-807.779670978E-03,+2.552724532961E+00,+40.480841277E-03
+3.109190000E-03,-818.092170867E-03,+2.552724532961E+00,+39.223303608E-03
+3.109195000E-03,-831.099394323E-03,+2.552724532961E+00,+38.071293567E-03
+3.109200000E-03,-841.204607820E-03,+2.552724532961E+00,+36.853328758E-03
+3.109205000E-03,-853.019934302E-03,+2.552724532961E+00,+35.608982037E-03
+3.109210000E-03,-863.487899030E-03,+2.552724532961E+00,+34.448178029E-03
+3.109215000E-03,-874.785009471E-03,+2.552724532961E+00,+33.155464480E-03
+3.109220000E-03,-885.252974134E-03,+2.552724532961E+00,+31.893529814E-03
+3.109225000E-03,-896.861014215E-03,+2.552724532961E+00,+30.820665508E-03
+3.109230000E-03,-907.691730209E-03,+2.552724532961E+00,+29.360866530E-03
+3.109235000E-03,-918.781554200E-03,+2.552724532961E+00,+28.424308747E-03
+3.109240000E-03,-928.368551616E-03,+2.552724532961E+00,+26.775439419E-03
+3.109245000E-03,-938.370121806E-03,+2.552724532961E+00,+25.869660535E-03
+3.109250000E-03,-947.387081544E-03,+2.552724532961E+00,+24.242776134E-03
+3.109255000E-03,-958.425083941E-03,+2.552724532961E+00,+23.372173123E-03
+3.109260000E-03,-966.975649197E-03,+2.552724532961E+00,+21.762876660E-03
+3.109265000E-03,-976.925397787E-03,+2.552724532961E+00,+20.760364106E-03
+3.109270000E-03,-986.046000753E-03,+2.552724532961E+00,+19.287374174E-03
+3.109275000E-03,-994.441101172E-03,+2.552724532961E+00,+18.223303832E-03
+3.109280000E-03,-1.004390849790E+00,+2.552724532961E+00,+16.767901838E-03
+3.109285000E-03,-1.012889593414E+00,+2.552724532961E+00,+15.624685772E-03
+3.109290000E-03,-1.021958374713E+00,+2.552724532961E+00,+14.178077744E-03
+3.109295000E-03,-1.031389907307E+00,+2.552724532961E+00,+13.048052632E-03
+3.109300000E-03,-1.038852218791E+00,+2.552724532961E+00,+11.429962195E-03
+3.109305000E-03,-1.046469995077E+00,+2.552724532961E+00,+10.480213465E-03
+3.109310000E-03,-1.055227846722E+00,+2.552724532961E+00,+8.831344132E-03
+3.109315000E-03,-1.063208374277E+00,+2.552724532961E+00,+7.916771281E-03
+3.109320000E-03,-1.070204291268E+00,+2.552724532961E+00,+6.131595422E-03
+3.109325000E-03,-1.077200208324E+00,+2.552724532961E+00,+5.375314022E-03
+3.109330000E-03,-1.084351590150E+00,+2.552724532961E+00,+3.576947206E-03
+3.109335000E-03,-1.090570183063E+00,+2.552724532961E+00,+2.811871835E-03
+3.109340000E-03,-1.098602532187E+00,+2.552724532961E+00,+1.035489948E-03
+3.109345000E-03,-1.103888336176E+00,+2.552724532961E+00,+151.695982E-06
+3.109350000E-03,-1.111661577271E+00,+2.552724532961E+00,-1.409233645E-03
+3.109355000E-03,-1.116791916433E+00,+2.552724532961E+00,-2.653580367E-03
+3.109360000E-03,-1.123425082187E+00,+2.552724532961E+00,-3.963881854E-03
+3.109365000E-03,-1.128918172583E+00,+2.552724532961E+00,-5.388504959E-03
+3.109370000E-03,-1.134722192630E+00,+2.552724532961E+00,-6.456972281E-03
+3.109375000E-03,-1.140526212651E+00,+2.552724532961E+00,-8.083856691E-03
+3.109380000E-03,-1.145812016618E+00,+2.552724532961E+00,-9.068781299E-03
+3.109385000E-03,-1.150061388460E+00,+2.552724532961E+00,-10.757223497E-03
+3.109390000E-03,-1.155243549205E+00,+2.552724532961E+00,-11.816896852E-03
+3.109395000E-03,-1.161306677261E+00,+2.552724532961E+00,-13.443781251E-03
+3.109400000E-03,-1.165348762682E+00,+1.572982098218E+00,-14.402323959E-03
+3.109405000E-03,-1.168613523938E+00,-136.188752615E-03,-15.809359119E-03
+3.109410000E-03,-1.173122003776E+00,-181.414884796E-03,-16.943781218E-03
+3.109415000E-03,-1.178148699687E+00,-21.317527433E-03,-18.478328947E-03
+3.109420000E-03,-1.181413460989E+00,+167.046168053E-03,-19.608354047E-03
+3.109425000E-03,-1.185092795111E+00,-83.503453470E-03,-20.967022386E-03
+3.109430000E-03,-1.188513021210E+00,-75.337624651E-03,-22.347675623E-03
+3.109435000E-03,-1.191518674464E+00,-94.888504283E-03,-23.644786178E-03
+3.109440000E-03,-1.194420684472E+00,-18.019786353E-03,-24.845163036E-03
+3.109445000E-03,-1.197529980906E+00,-56.964509249E-03,-26.318152984E-03
+3.109450000E-03,-1.200017418100E+00,-50.054961775E-03,-27.443781095E-03
+3.109455000E-03,-1.202038460774E+00,-63.088881143E-03,-28.951946920E-03
+3.109460000E-03,-1.204525897949E+00,-49.976444262E-03,-29.967650418E-03
+3.109465000E-03,-1.207116978286E+00,-52.960112444E-03,-31.449434334E-03
+3.109470000E-03,-1.208205232045E+00,-51.389760793E-03,-32.491519744E-03
+3.109475000E-03,-1.209552593862E+00,-52.174936630E-03,-33.898554905E-03
+3.109480000E-03,-1.209656237079E+00,-49.897926621E-03,-35.019786047E-03
+3.109485000E-03,-1.211159063710E+00,-48.327574863E-03,-36.457600104E-03
+3.109490000E-03,-1.211210885297E+00,-49.191268338E-03,-37.671167933E-03
+3.109495000E-03,-1.212817355151E+00,-45.972047290E-03,-38.814383996E-03
+3.109500000E-03,-1.212350960677E+00,-48.327574829E-03,-40.282976948E-03
+3.109505000E-03,-1.213231928020E+00,-48.955715566E-03,-41.272298544E-03
+3.109510000E-03,-1.212713711934E+00,-49.819409024E-03,-42.736494511E-03
+3.109515000E-03,-1.211988209427E+00,-49.034233181E-03,-43.633479426E-03
+3.109520000E-03,-1.212299139085E+00,-50.761620063E-03,-45.168027146E-03
+3.109525000E-03,-1.212661890351E+00,-49.348303461E-03,-46.047424124E-03
+3.109530000E-03,-1.211418171742E+00,-49.426821058E-03,-47.432474358E-03
+3.109535000E-03,-1.210433561230E+00,-45.893529683E-03,-48.496544699E-03
+3.109540000E-03,-1.209915345134E+00,-46.364635154E-03,-49.736494434E-03
+3.109545000E-03,-1.207479729583E+00,-46.521670418E-03,-50.919283366E-03
+3.109550000E-03,-1.207583372793E+00,-47.306846179E-03,-52.119660240E-03
+3.109555000E-03,-1.205406865274E+00,-47.699434183E-03,-53.298052186E-03
+3.109560000E-03,-1.203800395449E+00,-49.269785925E-03,-54.384107453E-03
+3.109565000E-03,-1.201675709544E+00,-48.092022074E-03,-55.540514473E-03
+3.109570000E-03,-1.200328347775E+00,-47.306846193E-03,-56.543027026E-03
+3.109575000E-03,-1.197944553805E+00,-46.600187926E-03,-57.831343591E-03
+3.109580000E-03,-1.195405295025E+00,-45.815012079E-03,-58.825062181E-03
+3.109585000E-03,-1.192036890575E+00,-45.029836225E-03,-59.950690304E-03
+3.109590000E-03,-1.189497631808E+00,-45.265388956E-03,-61.019157631E-03
+3.109595000E-03,-1.186595621782E+00,-45.343906550E-03,-62.122800835E-03
+3.109600000E-03,-1.183797254967E+00,-46.286117602E-03,-63.164886254E-03
+3.109605000E-03,-1.179444239947E+00,-45.343906511E-03,-64.277323424E-03
+3.109610000E-03,-1.175816727430E+00,-46.364635171E-03,-65.271042008E-03
+3.109615000E-03,-1.172085571691E+00,-44.401695511E-03,-66.308730440E-03
+3.109620000E-03,-1.167680735053E+00,-44.323177879E-03,-67.289258065E-03
+3.109625000E-03,-1.163172255224E+00,-46.678705537E-03,-68.362122377E-03
+3.109630000E-03,-1.159492921063E+00,-45.265388959E-03,-69.276695232E-03
+3.109635000E-03,-1.154258938702E+00,-44.794283468E-03,-70.441896227E-03
+3.109640000E-03,-1.149387707603E+00,-44.637248238E-03,-71.228956513E-03
+3.109645000E-03,-1.144516476518E+00,-45.186871375E-03,-72.433730373E-03
+3.109650000E-03,-1.139282494158E+00,-45.500941720E-03,-73.255966542E-03
+3.109655000E-03,-1.133633938933E+00,-42.988378979E-03,-74.284861007E-03
+3.109660000E-03,-1.127570810862E+00,-45.186871298E-03,-75.054333359E-03
+3.109665000E-03,-1.121404039601E+00,-44.794283433E-03,-76.135991645E-03
+3.109670000E-03,-1.114304479401E+00,-45.736494436E-03,-76.958227810E-03
+3.109675000E-03,-1.109174140172E+00,-43.538002099E-03,-77.868403688E-03
+3.109680000E-03,-1.101919115201E+00,-44.480213084E-03,-78.717021759E-03
+3.109685000E-03,-1.094923198183E+00,-42.752826218E-03,-79.644785576E-03
+3.109690000E-03,-1.089585572584E+00,-45.422424119E-03,-80.515388576E-03
+3.109695000E-03,-1.081553223415E+00,-43.773554790E-03,-81.258479030E-03
+3.109700000E-03,-1.074557306402E+00,-43.930589957E-03,-82.168654890E-03
+3.109705000E-03,-1.067665032644E+00,-45.815012033E-03,-82.964509160E-03
+3.109710000E-03,-1.060928223666E+00,-43.773554800E-03,-83.804333262E-03
+3.109715000E-03,-1.052792231280E+00,-42.281720695E-03,-84.635363410E-03
+3.109720000E-03,-1.045485384612E+00,-43.695037220E-03,-85.391644809E-03
+3.109725000E-03,-1.035846565646E+00,-43.223931719E-03,-86.169911131E-03
+3.109730000E-03,-1.028073324486E+00,-44.244660312E-03,-86.926192530E-03
+3.109735000E-03,-1.020040975358E+00,-43.380966847E-03,-87.524182473E-03
+3.109740000E-03,-1.010764907598E+00,-42.909861374E-03,-88.403579457E-03
+3.109745000E-03,-1.001437018260E+00,-44.009107562E-03,-88.988378435E-03
+3.109750000E-03,-992.575523401E-03,-44.166142693E-03,-89.902951300E-03
+3.109755000E-03,-983.092169217E-03,-43.852072459E-03,-90.263504048E-03
+3.109760000E-03,-973.971566276E-03,-43.223931680E-03,-91.270413599E-03
+3.109765000E-03,-964.021817656E-03,-43.930589996E-03,-91.441895989E-03
+3.109770000E-03,-953.916604234E-03,-42.909861339E-03,-92.637875896E-03
+3.109775000E-03,-944.174142027E-03,-42.909861332E-03,-92.549936186E-03
+3.109780000E-03,-934.535323016E-03,-43.223931691E-03,-93.864634672E-03
+3.109785000E-03,-923.082747773E-03,-42.438755845E-03,-93.688755270E-03
+3.109790000E-03,-912.148388594E-03,-42.752826161E-03,-94.906720090E-03
+3.109795000E-03,-900.954921358E-03,-42.124685478E-03,-94.902323093E-03
+3.109800000E-03,-889.605989324E-03,-42.281720620E-03,-95.997172336E-03
+3.109805000E-03,-878.930738191E-03,-42.438755856E-03,-95.957599470E-03
+3.109810000E-03,-868.048200658E-03,-42.517273385E-03,-96.823805498E-03
+3.109815000E-03,-858.305738425E-03,-41.339509597E-03,-97.105212522E-03
+3.109820000E-03,-847.837773705E-03,-42.281720649E-03,-97.830715034E-03
+3.109825000E-03,-836.747949682E-03,-41.732097558E-03,-98.169282860E-03
+3.109830000E-03,-824.932623161E-03,-42.831343748E-03,-98.837624565E-03
+3.109835000E-03,-813.220939884E-03,-41.496544782E-03,-99.132222549E-03
+3.109840000E-03,-800.939218927E-03,-41.260992017E-03,-99.563127078E-03
+3.109845000E-03,-789.434822068E-03,-43.066896516E-03,-99.848931087E-03
+3.109850000E-03,-775.805739326E-03,-42.752826190E-03,-100.319408477E-03
+3.109855000E-03,-764.664093692E-03,-41.496544785E-03,-100.596418515E-03
+3.109860000E-03,-751.449583817E-03,-42.595790968E-03,-101.018529071E-03
+3.109865000E-03,-739.012398009E-03,-42.360238221E-03,-101.269157203E-03
+3.109870000E-03,-727.559822719E-03,-41.496544804E-03,-101.726443637E-03
+3.109875000E-03,-714.241669610E-03,-40.868404056E-03,-101.915513978E-03
+3.109880000E-03,-701.182624550E-03,-42.046167921E-03,-102.302448654E-03
+3.109885000E-03,-688.641795529E-03,-40.161745852E-03,-102.350815483E-03
+3.109890000E-03,-675.012712756E-03,-42.831343737E-03,-102.781720007E-03
+3.109895000E-03,-662.679170184E-03,-42.988378911E-03,-102.909232566E-03
+3.109900000E-03,-649.464660227E-03,-42.124685508E-03,-103.239006430E-03
+3.109905000E-03,-634.280929280E-03,-42.281720649E-03,-103.397297886E-03
+3.109910000E-03,-621.118240981E-03,-40.789886453E-03,-103.555589343E-03
+3.109915000E-03,-607.851909472E-03,-41.103956817E-03,-103.652323008E-03
+3.109920000E-03,-594.119183467E-03,-41.182474455E-03,-103.784232556E-03
+3.109925000E-03,-580.127349475E-03,-41.496544793E-03,-103.850187330E-03
+3.109930000E-03,-566.498266682E-03,-42.595791008E-03,-104.065639590E-03
+3.109935000E-03,-552.610075867E-03,-40.554333740E-03,-104.083227526E-03
+3.109940000E-03,-538.307312228E-03,-40.475816179E-03,-104.245915970E-03
+3.109945000E-03,-524.730051050E-03,-41.025439244E-03,-104.210740089E-03
+3.109950000E-03,-509.909071294E-03,-41.889132710E-03,-104.500941088E-03
+3.109955000E-03,-495.088091590E-03,-40.004710664E-03,-104.206343111E-03
+3.109960000E-03,-479.748895785E-03,-41.810615100E-03,-104.483353152E-03
+3.109965000E-03,-465.031559264E-03,-41.103956850E-03,-104.276694863E-03
+3.109970000E-03,-450.780617211E-03,-41.260992047E-03,-104.355840589E-03
+3.109975000E-03,-436.270567090E-03,-40.946921698E-03,-104.188755170E-03
+3.109980000E-03,-421.397765727E-03,-40.161745838E-03,-104.294282802E-03
+3.109985000E-03,-406.214034769E-03,-41.025439240E-03,-104.193152153E-03
+3.109990000E-03,-390.771195706E-03,-40.004710653E-03,-104.048051649E-03
+3.109995000E-03,-376.416610443E-03,-39.533605161E-03,-104.008478787E-03
+3.110000000E-03,-360.870128202E-03,-41.418027195E-03,-103.744659692E-03
+3.110005000E-03,-344.701786667E-03,-41.339509623E-03,-103.784232558E-03
+3.110010000E-03,-329.310769237E-03,-42.517273395E-03,-103.406091859E-03
+3.110015000E-03,-313.712465386E-03,-41.103956827E-03,-103.397297885E-03
+3.110020000E-03,-297.803231866E-03,-41.339509600E-03,-103.107096891E-03
+3.110025000E-03,-283.085895385E-03,-41.025439225E-03,-103.023554169E-03
+3.110030000E-03,-267.383948282E-03,-41.496544801E-03,-102.746544135E-03
+3.110035000E-03,-251.889287659E-03,-39.926193051E-03,-102.491518997E-03
+3.110040000E-03,-235.461838124E-03,-39.455087506E-03,-102.267272785E-03
+3.110045000E-03,-218.878923681E-03,-41.339509623E-03,-101.809986343E-03
+3.110050000E-03,-203.695192698E-03,-41.653579945E-03,-101.783604449E-03
+3.110055000E-03,-189.651537078E-03,-40.397298585E-03,-101.163629569E-03
+3.110060000E-03,-174.415984462E-03,-39.769157907E-03,-101.260363246E-03
+3.110065000E-03,-158.714037369E-03,-40.789886513E-03,-100.508478820E-03
+3.110070000E-03,-142.286587824E-03,-40.004710665E-03,-100.609609479E-03
+3.110075000E-03,-126.273711119E-03,-40.789886532E-03,-99.712624560E-03
+3.110080000E-03,-109.276223871E-03,-42.046167891E-03,-99.782976326E-03
+3.110085000E-03,-94.610708948E-03,-40.789886536E-03,-98.965137132E-03
+3.110090000E-03,-79.323334737E-03,-43.302449258E-03,-98.881594425E-03
+3.110095000E-03,-63.932317332E-03,-40.318781021E-03,-98.178076838E-03
+3.110100000E-03,-47.556689349E-03,-41.810615145E-03,-98.015388405E-03
+3.110105000E-03,-33.927606553E-03,-39.926193063E-03,-97.307473833E-03
+3.110110000E-03,-18.484767543E-03,-40.554333725E-03,-97.004081881E-03
+3.110115000E-03,-2.160961182E-03,-39.847675445E-03,-96.287373341E-03
+3.110120000E-03,+14.991990875E-03,-41.575062326E-03,-95.983981391E-03
+3.110125000E-03,+30.227543475E-03,-40.946921695E-03,-95.196921088E-03
+3.110130000E-03,+45.670382534E-03,-40.789886490E-03,-94.915514066E-03
+3.110135000E-03,+61.268686369E-03,-39.847675460E-03,-94.097674873E-03
+3.110140000E-03,+76.711525399E-03,-41.496544743E-03,-93.798679903E-03
+3.110145000E-03,+93.346261407E-03,-40.554333744E-03,-92.853328156E-03
+3.110150000E-03,+109.773710980E-03,-42.674308596E-03,-92.576318110E-03
+3.110155000E-03,+124.231939491E-03,-40.946921629E-03,-91.644157312E-03
+3.110160000E-03,+140.452102593E-03,-41.103956877E-03,-91.222046766E-03
+3.110165000E-03,+156.827730591E-03,-41.339509615E-03,-90.487750289E-03
+3.110170000E-03,+172.011461572E-03,-41.496544789E-03,-89.889760349E-03
+3.110175000E-03,+187.661587047E-03,-41.182474418E-03,-89.199433723E-03
+3.110180000E-03,+203.052604427E-03,-40.711368926E-03,-88.561870914E-03
+3.110185000E-03,+217.977227424E-03,-42.203203073E-03,-87.836368411E-03
+3.110190000E-03,+234.301033737E-03,-42.281720653E-03,-87.018529222E-03
+3.110195000E-03,+248.914727066E-03,-40.161745809E-03,-86.354584506E-03
+3.110200000E-03,+265.186711829E-03,-40.789886474E-03,-85.514760398E-03
+3.110205000E-03,+280.629550829E-03,-40.789886478E-03,-84.846418692E-03
+3.110210000E-03,+296.072389875E-03,-40.083228159E-03,-83.993403629E-03
+3.110215000E-03,+311.256120894E-03,-41.260992036E-03,-83.197549362E-03
+3.110220000E-03,+326.906246341E-03,-40.161745750E-03,-82.384107167E-03
+3.110225000E-03,+340.949901990E-03,-41.810615134E-03,-81.535489082E-03
+3.110230000E-03,+356.496384220E-03,-40.868404053E-03,-80.814383564E-03
+3.110235000E-03,+371.058255916E-03,-40.711368962E-03,-79.803077040E-03
+3.110240000E-03,+386.086522055E-03,-40.397298558E-03,-79.134735342E-03
+3.110245000E-03,+400.544750637E-03,-41.575062389E-03,-78.031092134E-03
+3.110250000E-03,+416.453984080E-03,-42.046167860E-03,-77.274810739E-03
+3.110255000E-03,+431.534071843E-03,-39.847675453E-03,-76.171167533E-03
+3.110260000E-03,+446.458694845E-03,-41.575062369E-03,-75.498428846E-03
+3.110265000E-03,+460.139599172E-03,-39.062499613E-03,-74.293654987E-03
+3.110270000E-03,+474.960578936E-03,-42.517273355E-03,-73.612122333E-03
+3.110275000E-03,+488.382375300E-03,-40.004710643E-03,-72.416142445E-03
+3.110280000E-03,+502.996068601E-03,-39.926193048E-03,-71.791770596E-03
+3.110285000E-03,+516.573329751E-03,-40.632851320E-03,-70.481469102E-03
+3.110290000E-03,+530.979736648E-03,-42.046167907E-03,-69.958227903E-03
+3.110295000E-03,+545.178857091E-03,-41.339509619E-03,-68.520413845E-03
+3.110300000E-03,+559.015226297E-03,-42.909861349E-03,-67.961996765E-03
+3.110305000E-03,+573.162525140E-03,-41.967650328E-03,-66.489006833E-03
+3.110310000E-03,+586.532499848E-03,-42.517273418E-03,-65.860237993E-03
+3.110315000E-03,+601.094371567E-03,-40.711368911E-03,-64.382851075E-03
+3.110320000E-03,+615.086205585E-03,-41.889132713E-03,-63.674936514E-03
+3.110325000E-03,+628.818931558E-03,-40.554333733E-03,-62.267901353E-03
+3.110330000E-03,+641.981619849E-03,-40.946921748E-03,-61.586368696E-03
+3.110335000E-03,+653.123265495E-03,-41.025439259E-03,-60.240891317E-03
+3.110340000E-03,+667.426029161E-03,-41.182474461E-03,-59.370288319E-03
+3.110345000E-03,+678.878604402E-03,-42.046167924E-03,-58.191896367E-03
+3.110350000E-03,+692.663151982E-03,-42.203203070E-03,-57.101444120E-03
+3.110355000E-03,+704.841229733E-03,-41.339509620E-03,-56.120916490E-03
+3.110360000E-03,+717.485701949E-03,-41.496544794E-03,-54.806218019E-03
+3.110365000E-03,+729.611958108E-03,-41.418027211E-03,-53.720162745E-03
+3.110370000E-03,+742.463716794E-03,-42.438755827E-03,-52.308730611E-03
+3.110375000E-03,+754.330864886E-03,-41.103956887E-03,-51.420539653E-03
+3.110380000E-03,+767.389909967E-03,-41.732097539E-03,-49.995916561E-03
+3.110385000E-03,+777.702409870E-03,-40.240263416E-03,-49.037373853E-03
+3.110390000E-03,+789.310449938E-03,-42.988378937E-03,-47.727072364E-03
+3.110395000E-03,+801.333062872E-03,-40.318780983E-03,-46.649811062E-03
+3.110400000E-03,+812.267422129E-03,-42.360238236E-03,-45.304333701E-03
+3.110405000E-03,+824.082748604E-03,-41.260992057E-03,-44.213881443E-03
+3.110410000E-03,+834.654356547E-03,-42.360238224E-03,-42.956343776E-03
+3.110415000E-03,+844.655926770E-03,-41.339509616E-03,-41.769157853E-03
+3.110420000E-03,+855.953037209E-03,-41.889132713E-03,-40.520414149E-03
+3.110425000E-03,+866.991039580E-03,-41.182474413E-03,-39.359610142E-03
+3.110430000E-03,+877.666290746E-03,-42.438755860E-03,-37.987750856E-03
+3.110435000E-03,+889.170687642E-03,-38.434358934E-03,-36.954459412E-03
+3.110440000E-03,+898.705863366E-03,-42.438755806E-03,-35.437499629E-03
+3.110445000E-03,+909.070184876E-03,-42.203203123E-03,-34.465765972E-03
+3.110450000E-03,+919.123576763E-03,-43.380966852E-03,-32.838881567E-03
+3.110455000E-03,+929.643363031E-03,-43.852072374E-03,-31.919911729E-03
+3.110460000E-03,+938.401214713E-03,-42.281720644E-03,-30.376570036E-03
+3.110465000E-03,+947.677282441E-03,-43.459484463E-03,-29.330087637E-03
+3.110470000E-03,+956.901528558E-03,-42.752826183E-03,-27.861494688E-03
+3.110475000E-03,+965.503915430E-03,-42.124685474E-03,-26.625941936E-03
+3.110480000E-03,+973.536264579E-03,-42.438755810E-03,-25.324434414E-03
+3.110485000E-03,+982.708689120E-03,-42.281720628E-03,-23.961369098E-03
+3.110490000E-03,+992.295686486E-03,-43.066896586E-03,-22.774183184E-03
+3.110495000E-03,+1.000431678902E+00,-40.632851299E-03,-21.186871644E-03
+3.110500000E-03,+1.008723136067E+00,-42.831343738E-03,-20.232725926E-03
+3.110505000E-03,+1.016340912381E+00,-41.967650342E-03,-18.482725943E-03
+3.110510000E-03,+1.024580547949E+00,-41.418027215E-03,-17.620916906E-03
+3.110515000E-03,+1.031472821758E+00,-41.810615155E-03,-15.884107881E-03
+3.110520000E-03,+1.038935133241E+00,-41.025439247E-03,-15.044283771E-03
+3.110525000E-03,+1.047019303976E+00,-41.653579952E-03,-13.210741074E-03
+3.110530000E-03,+1.053393361762E+00,-42.595790943E-03,-12.423680783E-03
+3.110535000E-03,+1.060130170733E+00,-40.711368961E-03,-10.722047634E-03
+3.110540000E-03,+1.068214341459E+00,-42.124685487E-03,-9.728329053E-03
+3.110545000E-03,+1.074225647955E+00,-40.711368932E-03,-8.088253691E-03
+3.110550000E-03,+1.081532494619E+00,-42.203203016E-03,-7.059359234E-03
+3.110555000E-03,+1.088217481965E+00,-39.376569968E-03,-5.612751203E-03
+3.110560000E-03,+1.093917858802E+00,-42.124685458E-03,-4.381595443E-03
+3.110565000E-03,+1.100084630109E+00,-42.360238211E-03,-3.018530122E-03
+3.110570000E-03,+1.106458687772E+00,-42.438755839E-03,-1.826947230E-03
+3.110575000E-03,+1.111589026963E+00,-41.575062377E-03,-446.293970E-06
+3.110580000E-03,+1.117030295754E+00,-41.260992037E-03,+912.374347E-06
+3.110585000E-03,+1.120657808289E+00,-38.826946879E-03,+2.095163289E-03
+3.110590000E-03,+1.125788147416E+00,+512.680568440E-03,+3.550565271E-03
+3.110595000E-03,+1.129363838360E+00,+2.547699405042E+00,+4.772927084E-03
+3.110600000E-03,+1.134286891041E+00,+2.552724532961E+00,+6.004082835E-03
+3.110605000E-03,+1.138432619654E+00,+2.552724532961E+00,+7.521042628E-03
+3.110610000E-03,+1.141230986491E+00,+2.552724532961E+00,+8.580715975E-03
+3.110615000E-03,+1.146205860779E+00,+2.552724532961E+00,+9.974560187E-03
+3.110620000E-03,+1.150558875752E+00,+2.552724532961E+00,+11.144158160E-03
+3.110625000E-03,+1.153927280266E+00,+2.552724532961E+00,+12.621545085E-03
+3.110630000E-03,+1.157088398334E+00,+2.552724532961E+00,+13.861494810E-03
+3.110635000E-03,+1.160042229983E+00,+2.552724532961E+00,+15.176193297E-03
+3.110640000E-03,+1.162736953550E+00,+2.552724532961E+00,+16.490891770E-03
+3.110645000E-03,+1.165379855546E+00,+2.552724532961E+00,+17.686871663E-03
+3.110650000E-03,+1.168540973602E+00,+2.552724532961E+00,+19.129082694E-03
+3.110655000E-03,+1.170095621813E+00,+2.552724532961E+00,+20.179962088E-03
+3.110660000E-03,+1.172220307751E+00,+2.552724532961E+00,+21.736494726E-03
+3.110665000E-03,+1.173101275064E+00,+2.552724532961E+00,+22.747801257E-03
+3.110670000E-03,+1.175225960988E+00,+2.552724532961E+00,+24.185615304E-03
+3.110675000E-03,+1.175899641871E+00,+2.552724532961E+00,+25.320037409E-03
+3.110680000E-03,+1.177920684571E+00,+2.552724532961E+00,+26.753454474E-03
+3.110685000E-03,+1.179060759913E+00,+2.552724532961E+00,+27.852700700E-03
+3.110690000E-03,+1.179941727252E+00,+2.552724532961E+00,+29.184987115E-03
+3.110695000E-03,+1.180511764937E+00,+2.552724532961E+00,+30.468906697E-03
+3.110700000E-03,+1.180045370478E+00,+2.552724532961E+00,+31.656092618E-03
+3.110705000E-03,+1.181237267461E+00,+2.552724532961E+00,+32.790514713E-03
+3.110710000E-03,+1.180408121770E+00,+2.552724532961E+00,+34.078831282E-03
+3.110715000E-03,+1.180926337794E+00,+2.552724532961E+00,+35.164886547E-03
+3.110720000E-03,+1.180097192125E+00,+2.552724532961E+00,+36.558730757E-03
+3.110725000E-03,+1.179630797627E+00,+2.552724532961E+00,+37.653579989E-03
+3.110730000E-03,+1.179319867965E+00,+2.552724532961E+00,+38.990263393E-03
+3.110735000E-03,+1.178076149405E+00,+2.552724532961E+00,+39.988378957E-03
+3.110740000E-03,+1.176676966000E+00,+2.552724532961E+00,+41.483353816E-03
+3.110745000E-03,+1.174966852973E+00,+2.552724532961E+00,+42.367147780E-03
+3.110750000E-03,+1.173930420843E+00,+2.552724532961E+00,+43.725816101E-03
+3.110755000E-03,+1.171805734922E+00,+2.552724532961E+00,+44.710740724E-03
+3.110760000E-03,+1.170147443474E+00,+2.552724532961E+00,+45.919911553E-03
+3.110765000E-03,+1.166882682240E+00,+2.552724532961E+00,+47.142273362E-03
+3.110770000E-03,+1.165379855591E+00,+2.552724532961E+00,+48.087625095E-03
+3.110775000E-03,+1.162736953618E+00,+2.552724532961E+00,+49.397926607E-03
+3.110780000E-03,+1.160301338032E+00,+2.552724532961E+00,+50.176192917E-03
+3.110785000E-03,+1.157502971236E+00,+2.552724532961E+00,+51.662373815E-03
+3.110790000E-03,+1.153409064265E+00,+2.552724532961E+00,+52.361494402E-03
+3.110795000E-03,+1.150455232633E+00,+2.552724532961E+00,+53.869660222E-03
+3.110800000E-03,+1.146931363332E+00,+2.552724532961E+00,+54.445665233E-03
+3.110805000E-03,+1.143511137241E+00,+2.552724532961E+00,+55.848303418E-03
+3.110810000E-03,+1.137396187578E+00,+2.552724532961E+00,+56.644157673E-03
+3.110815000E-03,+1.134390534324E+00,+2.552724532961E+00,+57.972047109E-03
+3.110820000E-03,+1.131177594637E+00,+2.552724532961E+00,+58.745916442E-03
+3.110825000E-03,+1.124803536971E+00,+2.552724532961E+00,+59.779207901E-03
+3.110830000E-03,+1.120813273154E+00,+2.552724532961E+00,+60.860866167E-03
+3.110835000E-03,+1.115993863684E+00,+2.552724532961E+00,+61.700690293E-03
+3.110840000E-03,+1.111640848650E+00,+2.552724532961E+00,+62.852700318E-03
+3.110845000E-03,+1.105836828603E+00,+2.552724532961E+00,+63.644157605E-03
+3.110850000E-03,+1.098996376429E+00,+2.552724532961E+00,+64.835740496E-03
+3.110855000E-03,+1.093140534775E+00,+2.552724532961E+00,+65.539258091E-03
+3.110860000E-03,+1.087751087573E+00,+2.552724532961E+00,+66.656092239E-03
+3.110865000E-03,+1.081584316317E+00,+2.552724532961E+00,+67.513504297E-03
+3.110870000E-03,+1.074951150574E+00,+2.552724532961E+00,+68.436871114E-03
+3.110875000E-03,+1.067333374241E+00,+2.552724532961E+00,+69.404207796E-03
+3.110880000E-03,+1.061373889410E+00,+2.552724532961E+00,+70.244031896E-03
+3.110885000E-03,+1.055051653273E+00,+2.552724532961E+00,+71.167398729E-03
+3.110890000E-03,+1.046656552899E+00,+2.552724532961E+00,+71.923680127E-03
+3.110895000E-03,+1.040386138378E+00,+2.552724532961E+00,+72.829459010E-03
+3.110900000E-03,+1.031835573161E+00,+2.552724532961E+00,+73.638504231E-03
+3.110905000E-03,+1.024787834490E+00,+2.552724532961E+00,+74.412373568E-03
+3.110910000E-03,+1.015926339660E+00,+2.552724532961E+00,+75.309358487E-03
+3.110915000E-03,+1.008308563304E+00,+2.552724532961E+00,+75.982097166E-03
+3.110920000E-03,+999.550711692E-03,+2.552724532961E+00,+76.980212741E-03
+3.110925000E-03,+990.274643949E-03,+2.552724532961E+00,+77.477072024E-03
+3.110930000E-03,+982.345938022E-03,+2.552724532961E+00,+78.453202674E-03
+3.110935000E-03,+972.966227111E-03,+2.552724532961E+00,+78.901695126E-03
+3.110940000E-03,+964.726591480E-03,+2.552724532961E+00,+79.934986574E-03
+3.110945000E-03,+955.865096600E-03,+2.552724532961E+00,+80.269157431E-03
+3.110950000E-03,+946.744493703E-03,+2.552724532961E+00,+81.258479026E-03
+3.110955000E-03,+936.846566674E-03,+2.552724532961E+00,+81.658604646E-03
+3.110960000E-03,+927.363212480E-03,+2.552724532961E+00,+82.533604639E-03
+3.110965000E-03,+918.035323133E-03,+2.552724532961E+00,+82.986494079E-03
+3.110970000E-03,+908.655612170E-03,+2.552724532961E+00,+83.813127238E-03
+3.110975000E-03,+897.358501753E-03,+2.552724532961E+00,+84.222046834E-03
+3.110980000E-03,+886.372321013E-03,+2.552724532961E+00,+84.943152353E-03
+3.110985000E-03,+875.852534614E-03,+2.552724532961E+00,+85.356468930E-03
+3.110990000E-03,+865.384569929E-03,+2.552724532961E+00,+86.222674949E-03
+3.110995000E-03,+854.916605193E-03,+2.552724532961E+00,+86.438127212E-03
+3.111000000E-03,+844.137710854E-03,+2.552724532961E+00,+87.286745291E-03
+3.111005000E-03,+833.306994872E-03,+2.552724532961E+00,+87.489006599E-03
+3.111010000E-03,+821.595311601E-03,+2.552724532961E+00,+88.350815630E-03
+3.111015000E-03,+809.676341888E-03,+2.552724532961E+00,+88.491519150E-03
+3.111020000E-03,+797.809193742E-03,+2.552724532961E+00,+89.234609589E-03
+3.111025000E-03,+786.771191410E-03,+2.552724532961E+00,+89.436870906E-03
+3.111030000E-03,+774.178540806E-03,+2.552724532961E+00,+90.096418622E-03
+3.111035000E-03,+763.555111248E-03,+2.552724532961E+00,+90.434986470E-03
+3.111040000E-03,+750.910638980E-03,+2.552724532961E+00,+90.865890975E-03
+3.111045000E-03,+738.628918018E-03,+2.552724532961E+00,+91.222046761E-03
+3.111050000E-03,+726.295375439E-03,+2.552724532961E+00,+91.688127147E-03
+3.111055000E-03,+714.894621802E-03,+2.552724532961E+00,+92.088252782E-03
+3.111060000E-03,+702.664722426E-03,+2.552724532961E+00,+92.321292976E-03
+3.111065000E-03,+689.087461274E-03,+2.552724532961E+00,+92.765388453E-03
+3.111070000E-03,+677.738529247E-03,+2.552724532961E+00,+92.923679902E-03
+3.111075000E-03,+664.109446500E-03,+2.552724532961E+00,+93.358981410E-03
+3.111080000E-03,+650.480363728E-03,+2.552724532961E+00,+93.521669849E-03
+3.111085000E-03,+637.473140262E-03,+2.552724532961E+00,+93.737122113E-03
+3.111090000E-03,+624.673203177E-03,+2.552724532961E+00,+94.097674865E-03
+3.111095000E-03,+610.785012368E-03,+2.552724532961E+00,+94.198805529E-03
+3.111100000E-03,+597.881432113E-03,+2.552724532961E+00,+94.449433654E-03
+3.111105000E-03,+584.407814155E-03,+2.552724532961E+00,+94.559358287E-03
+3.111110000E-03,+570.882374607E-03,+2.552724532961E+00,+94.849559279E-03
+3.111115000E-03,+557.356935072E-03,+2.552724532961E+00,+94.985865822E-03
+3.111120000E-03,+542.691420163E-03,+2.552724532961E+00,+94.999056768E-03
+3.111125000E-03,+527.714975600E-03,+2.552724532961E+00,+95.271669835E-03
+3.111130000E-03,+514.293179234E-03,+2.552724532961E+00,+95.232096965E-03
+3.111135000E-03,+499.938593942E-03,+2.552724532961E+00,+95.570664804E-03
+3.111140000E-03,+485.324900696E-03,+2.552724532961E+00,+95.346418577E-03
+3.111145000E-03,+472.473141948E-03,+2.552724532961E+00,+95.557473854E-03
+3.111150000E-03,+457.859448723E-03,+2.552724532961E+00,+95.522297970E-03
+3.111155000E-03,+442.986647332E-03,+2.552724532961E+00,+95.610237670E-03
+3.111160000E-03,+427.543808332E-03,+2.552724532961E+00,+95.649810538E-03
+3.111165000E-03,+414.173833570E-03,+2.552724532961E+00,+95.504710033E-03
+3.111170000E-03,+398.316421698E-03,+2.552724532961E+00,+95.702574352E-03
+3.111175000E-03,+384.272766119E-03,+2.552724532961E+00,+95.289257771E-03
+3.111180000E-03,+368.726283855E-03,+2.552724532961E+00,+95.663001487E-03
+3.111185000E-03,+353.387087987E-03,+2.552724532961E+00,+95.060614567E-03
+3.111190000E-03,+337.788784177E-03,+2.552724532961E+00,+95.517900985E-03
+3.111195000E-03,+323.589663696E-03,+2.552724532961E+00,+94.867147226E-03
+3.111200000E-03,+308.457754313E-03,+2.552724532961E+00,+95.236493952E-03
+3.111205000E-03,+292.652164033E-03,+2.552724532961E+00,+94.660488938E-03
+3.111210000E-03,+277.572076231E-03,+2.552724532961E+00,+94.801192452E-03
+3.111215000E-03,+263.217490982E-03,+2.552724532961E+00,+94.427448742E-03
+3.111220000E-03,+247.930116817E-03,+2.552724532961E+00,+94.313127133E-03
+3.111225000E-03,+231.658132027E-03,+2.552724532961E+00,+94.093277889E-03
+3.111230000E-03,+216.215292959E-03,+2.552724532961E+00,+93.794282915E-03
+3.111235000E-03,+200.824275595E-03,+2.552724532961E+00,+93.772297992E-03
+3.111240000E-03,+185.070506941E-03,+2.552724532961E+00,+93.200689961E-03
+3.111245000E-03,+170.301348777E-03,+2.552724532961E+00,+93.169911061E-03
+3.111250000E-03,+154.081185576E-03,+2.552724532961E+00,+92.598303033E-03
+3.111255000E-03,+138.431060171E-03,+2.552724532961E+00,+92.598303024E-03
+3.111260000E-03,+121.692680978E-03,+2.552724532961E+00,+91.929961337E-03
+3.111265000E-03,+106.146198705E-03,+2.552724532961E+00,+91.806845748E-03
+3.111270000E-03,+90.340608437E-03,+2.552724532961E+00,+91.191267878E-03
+3.111275000E-03,+74.224088544E-03,+2.552724532961E+00,+91.063755302E-03
+3.111280000E-03,+60.335897654E-03,+2.552724532961E+00,+90.531720145E-03
+3.111285000E-03,+44.323020960E-03,+2.552724532961E+00,+90.316267874E-03
+3.111290000E-03,+27.843749867E-03,+2.552724532961E+00,+89.617147293E-03
+3.111295000E-03,+12.970948450E-03,+2.552724532961E+00,+89.428076934E-03
+3.111300000E-03,-2.575533792E-03,+2.552724532961E+00,+88.689383477E-03
+3.111305000E-03,-18.225659262E-03,+2.552724532961E+00,+88.482725186E-03
+3.111310000E-03,-32.942995797E-03,+2.552724532961E+00,+87.708855850E-03
+3.111315000E-03,-48.126726759E-03,+2.552724532961E+00,+87.506594544E-03
+3.111320000E-03,-64.761462774E-03,+2.552724532961E+00,+86.543654861E-03
+3.111325000E-03,-79.271512910E-03,+2.552724532961E+00,+86.341393554E-03
+3.111330000E-03,-95.595319256E-03,+2.552724532961E+00,+85.422423718E-03
+3.111335000E-03,-111.089979872E-03,+2.552724532961E+00,+85.167398590E-03
+3.111340000E-03,-127.983823874E-03,+2.552724532961E+00,+84.415514175E-03
+3.111345000E-03,-143.789414194E-03,+2.552724532961E+00,+83.865891067E-03
+3.111350000E-03,-158.765858710E-03,+2.552724532961E+00,+83.232725240E-03
+3.111355000E-03,-173.794124941E-03,+2.552724532961E+00,+82.551192590E-03
+3.111360000E-03,-189.807001619E-03,+2.552724532961E+00,+82.010363444E-03
+3.111365000E-03,-204.990732644E-03,+2.552724532961E+00,+81.236494112E-03
+3.111370000E-03,-219.241674705E-03,+2.552724532961E+00,+80.717649891E-03
+3.111375000E-03,-236.135518736E-03,+2.552724532961E+00,+79.820664986E-03
+3.111380000E-03,-251.785644190E-03,+2.552724532961E+00,+79.284232823E-03
+3.111385000E-03,-267.435769644E-03,+2.552724532961E+00,+78.382850934E-03
+3.111390000E-03,-282.567678985E-03,+2.552724532961E+00,+77.776067006E-03
+3.111395000E-03,-298.321447689E-03,+2.552724532961E+00,+77.046167527E-03
+3.111400000E-03,-313.919751545E-03,+2.552724532961E+00,+76.118403709E-03
+3.111405000E-03,-328.533444894E-03,+2.552724532961E+00,+75.586368543E-03
+3.111410000E-03,-344.079927146E-03,+2.552724532961E+00,+74.482725338E-03
+3.111415000E-03,-358.382690805E-03,+2.552724532961E+00,+73.985866050E-03
+3.111420000E-03,-374.188281088E-03,+2.552724532961E+00,+72.842649983E-03
+3.111425000E-03,-388.335579941E-03,+2.552724532961E+00,+72.310614808E-03
+3.111430000E-03,-403.726597335E-03,+2.552724532961E+00,+71.189383671E-03
+3.111435000E-03,-419.013971514E-03,+2.552724532961E+00,+70.512247995E-03
+3.111440000E-03,-434.508632143E-03,+2.552724532961E+00,+69.509735448E-03
+3.111445000E-03,-449.070503894E-03,+2.552724532961E+00,+68.674308310E-03
+3.111450000E-03,-464.046948431E-03,+2.552724532961E+00,+67.676192756E-03
+3.111455000E-03,-478.142425725E-03,+2.552724532961E+00,+66.713253055E-03
+3.111460000E-03,-492.911583845E-03,+2.552724532961E+00,+65.939383728E-03
+3.111465000E-03,-507.577098757E-03,+2.552724532961E+00,+64.703830973E-03
+3.111470000E-03,-521.828040787E-03,+2.552724532961E+00,+64.075062139E-03
+3.111475000E-03,-535.198015530E-03,+2.552724532961E+00,+62.791142552E-03
+3.111480000E-03,-549.189849619E-03,+2.552724532961E+00,+62.153579745E-03
+3.111485000E-03,-562.197073049E-03,+2.552724532961E+00,+60.882851117E-03
+3.111490000E-03,-577.173517587E-03,+2.552724532961E+00,+60.122172729E-03
+3.111495000E-03,-590.077097915E-03,+2.552724532961E+00,+58.974559683E-03
+3.111500000E-03,-604.638969538E-03,+2.552724532961E+00,+57.963253155E-03
+3.111505000E-03,-617.542549853E-03,+2.552724532961E+00,+56.881594880E-03
+3.111510000E-03,-632.311707915E-03,+2.552724532961E+00,+55.852700410E-03
+3.111515000E-03,-645.008001794E-03,+2.552724532961E+00,+54.907348669E-03
+3.111520000E-03,-659.051657409E-03,+2.552724532961E+00,+53.627826068E-03
+3.111525000E-03,-670.866983993E-03,+2.552724532961E+00,+52.867147683E-03
+3.111530000E-03,-684.133315484E-03,+2.552724532961E+00,+51.508479362E-03
+3.111535000E-03,-698.176971115E-03,+2.552724532961E+00,+50.747800975E-03
+3.111540000E-03,-710.303227205E-03,+2.552724532961E+00,+49.424308527E-03
+3.111545000E-03,-723.569558734E-03,+2.552724532961E+00,+48.544911549E-03
+3.111550000E-03,-735.851279757E-03,+2.552724532961E+00,+47.260991964E-03
+3.111555000E-03,-748.858503190E-03,+2.552724532961E+00,+46.227700519E-03
+3.111560000E-03,-760.777472970E-03,+2.552724532961E+00,+44.939383946E-03
+3.111565000E-03,-772.489156249E-03,+2.552724532961E+00,+43.879710598E-03
+3.111570000E-03,-784.304482726E-03,+2.552724532961E+00,+42.666142768E-03
+3.111575000E-03,-798.089030323E-03,+2.552724532961E+00,+41.540514644E-03
+3.111580000E-03,-809.334319174E-03,+2.552724532961E+00,+40.340137764E-03
+3.111585000E-03,-821.149645690E-03,+2.552724532961E+00,+39.091394070E-03
+3.111590000E-03,-832.861328942E-03,+2.552724532961E+00,+37.930590055E-03
+3.111595000E-03,-843.588401698E-03,+2.552724532961E+00,+36.725816207E-03
+3.111600000E-03,-854.781868925E-03,+2.552724532961E+00,+35.507851387E-03
+3.111605000E-03,-865.198012023E-03,+2.552724532961E+00,+34.245916733E-03
+3.111610000E-03,-876.443300873E-03,+2.552724532961E+00,+33.129082574E-03
+3.111615000E-03,-887.377660062E-03,+2.552724532961E+00,+31.730841378E-03
+3.111620000E-03,-898.001089525E-03,+2.552724532961E+00,+30.693152949E-03
+3.111625000E-03,-908.987270367E-03,+2.552724532961E+00,+29.220163015E-03
+3.111630000E-03,-919.817986308E-03,+2.552724532961E+00,+28.305590161E-03
+3.111635000E-03,-929.560448532E-03,+2.552724532961E+00,+26.656720836E-03
+3.111640000E-03,-939.872948385E-03,+2.552724532961E+00,+25.843278629E-03
+3.111645000E-03,-949.200837779E-03,+2.552724532961E+00,+24.141645482E-03
+3.111650000E-03,-959.824267316E-03,+2.552724532961E+00,+23.350188201E-03
+3.111655000E-03,-969.100335040E-03,+2.552724532961E+00,+21.591394256E-03
+3.111660000E-03,-979.205548473E-03,+2.552724532961E+00,+20.808730941E-03
+3.111665000E-03,-987.497005700E-03,+2.552724532961E+00,+18.975188254E-03
+3.111670000E-03,-997.394932716E-03,+2.552724532961E+00,+18.192524946E-03
+3.111675000E-03,-1.005479103520E+00,+2.552724532961E+00,+16.526067673E-03
+3.111680000E-03,-1.015117922489E+00,+2.552724532961E+00,+15.699434517E-03
+3.111685000E-03,-1.022683877222E+00,+2.552724532961E+00,+13.843906903E-03
+3.111690000E-03,-1.031700836908E+00,+2.552724532961E+00,+13.092022491E-03
+3.111695000E-03,-1.039577721222E+00,+2.552724532961E+00,+11.280464716E-03
+3.111700000E-03,-1.048180108134E+00,+2.552724532961E+00,+10.431846635E-03
+3.111705000E-03,-1.055383311528E+00,+2.552724532961E+00,+8.686243635E-03
+3.111710000E-03,-1.064037519955E+00,+2.552724532961E+00,+7.868404455E-03
+3.111715000E-03,-1.071396188261E+00,+2.552724532961E+00,+6.070037636E-03
+3.111720000E-03,-1.078184818848E+00,+2.552724532961E+00,+5.278580360E-03
+3.111725000E-03,-1.086268989596E+00,+2.552724532961E+00,+3.506595450E-03
+3.111730000E-03,-1.091192042307E+00,+2.552724532961E+00,+2.627198478E-03
+3.111735000E-03,-1.098757996993E+00,+2.552724532961E+00,+978.329145E-06
+3.111740000E-03,-1.105805735621E+00,+2.552724532961E+00,-41.771345E-06
+3.111745000E-03,-1.112698009426E+00,+2.552724532961E+00,-1.646670823E-03
+3.111750000E-03,-1.117931991766E+00,+2.552724532961E+00,-2.675565283E-03
+3.111755000E-03,-1.124046941462E+00,+2.552724532961E+00,-4.166143158E-03
+3.111760000E-03,-1.129488210262E+00,+2.552724532961E+00,-5.287374301E-03
+3.111765000E-03,-1.134514906198E+00,+2.552724532961E+00,-6.650439619E-03
+3.111770000E-03,-1.140059818199E+00,+2.552724532961E+00,-7.947550148E-03
+3.111775000E-03,-1.145449265370E+00,+2.552724532961E+00,-9.319409439E-03
+3.111780000E-03,-1.150942355794E+00,+2.552724532961E+00,-10.612122986E-03
+3.111785000E-03,-1.155139905967E+00,+2.552724532961E+00,-11.997173230E-03
+3.111790000E-03,-1.161306677217E+00,+2.552724532961E+00,-13.329459639E-03
+3.111795000E-03,-1.165607870722E+00,+1.356666157314E+00,-14.604585257E-03
+3.111800000E-03,-1.169339026424E+00,-150.400435771E-03,-15.826947052E-03
+3.111805000E-03,-1.173070182187E+00,-182.671166191E-03,-17.242776188E-03
+3.111810000E-03,-1.178304164526E+00,+9.304329958E-03,-18.465137985E-03
+3.111815000E-03,-1.182035320261E+00,+146.081973676E-03,-19.858982184E-03
+3.111820000E-03,-1.186025584031E+00,-84.995287712E-03,-20.993404287E-03
+3.111825000E-03,-1.189393988507E+00,-78.321292834E-03,-22.545539940E-03
+3.111830000E-03,-1.192555106571E+00,-90.805590069E-03,-23.526067580E-03
+3.111835000E-03,-1.194472506085E+00,-16.606469748E-03,-25.095791175E-03
+3.111840000E-03,-1.197892732162E+00,-57.671167565E-03,-26.265389156E-03
+3.111845000E-03,-1.200172882901E+00,-47.306846212E-03,-27.690012249E-03
+3.111850000E-03,-1.201364779877E+00,-62.774810865E-03,-28.837625312E-03
+3.111855000E-03,-1.204629541131E+00,-48.170539731E-03,-30.257851417E-03
+3.111860000E-03,-1.206546940605E+00,-53.431217990E-03,-31.379082569E-03
+3.111865000E-03,-1.208153410481E+00,-50.290514526E-03,-32.737750895E-03
+3.111870000E-03,-1.208723448143E+00,-52.410489296E-03,-33.828203147E-03
+3.111875000E-03,-1.210381739600E+00,-48.013504619E-03,-35.296796094E-03
+3.111880000E-03,-1.210899955637E+00,-49.505338599E-03,-36.338881508E-03
+3.111885000E-03,-1.212247317466E+00,-46.050564864E-03,-37.956971942E-03
+3.111890000E-03,-1.212972819970E+00,-49.426821073E-03,-38.735238270E-03
+3.111895000E-03,-1.212972820011E+00,-47.620916560E-03,-40.467650311E-03
+3.111900000E-03,-1.213594679294E+00,-49.112750730E-03,-41.228328687E-03
+3.111905000E-03,-1.213957430520E+00,-49.191268281E-03,-42.943152793E-03
+3.111910000E-03,-1.214372003359E+00,-49.426821079E-03,-43.567524649E-03
+3.111915000E-03,-1.213853787301E+00,-49.583856305E-03,-45.383479401E-03
+3.111920000E-03,-1.213180106390E+00,-49.505338661E-03,-45.893529653E-03
+3.111925000E-03,-1.212506425486E+00,-49.191268317E-03,-47.793027110E-03
+3.111930000E-03,-1.211573636586E+00,-47.228328676E-03,-48.307474344E-03
+3.111935000E-03,-1.210951777285E+00,-46.521670320E-03,-50.070665281E-03
+3.111940000E-03,-1.209552593890E+00,-47.228328640E-03,-50.695037136E-03
+3.111945000E-03,-1.207894302461E+00,-48.327574927E-03,-52.506594904E-03
+3.111950000E-03,-1.206339654212E+00,-49.426821053E-03,-53.029836103E-03
+3.111955000E-03,-1.204474076388E+00,-47.228328692E-03,-54.924936588E-03
+3.111960000E-03,-1.202971249740E+00,-49.426820990E-03,-55.193152663E-03
+3.111965000E-03,-1.200535634226E+00,-47.149811048E-03,-57.154207923E-03
+3.111970000E-03,-1.197892732203E+00,-47.149811058E-03,-57.457599872E-03
+3.111975000E-03,-1.195457116696E+00,-45.422424178E-03,-59.392273227E-03
+3.111980000E-03,-1.193436073994E+00,-45.815012025E-03,-59.524182770E-03
+3.111985000E-03,-1.189238523746E+00,-45.186871443E-03,-61.590765663E-03
+3.111990000E-03,-1.187580232341E+00,-46.600187938E-03,-61.639132495E-03
+3.111995000E-03,-1.182190785162E+00,-45.186871454E-03,-63.776067146E-03
+3.112000000E-03,-1.179340596702E+00,-44.794283445E-03,-63.846418897E-03
+3.112005000E-03,-1.175453976186E+00,-45.657976935E-03,-65.904207826E-03
+3.112010000E-03,-1.171619177204E+00,-45.579459285E-03,-65.899810845E-03
+3.112015000E-03,-1.167628913490E+00,-43.773554871E-03,-67.944408807E-03
+3.112020000E-03,-1.162550395936E+00,-47.306846153E-03,-68.032348506E-03
+3.112025000E-03,-1.158922883457E+00,-45.893529680E-03,-69.826318335E-03
+3.112030000E-03,-1.154880798053E+00,-46.992775879E-03,-70.142901248E-03
+3.112035000E-03,-1.149957745282E+00,-43.930590013E-03,-71.642273093E-03
+3.112040000E-03,-1.143739152402E+00,-45.029836212E-03,-72.112750477E-03
+3.112045000E-03,-1.138712456486E+00,-43.695037257E-03,-73.510991666E-03
+3.112050000E-03,-1.133841225410E+00,-44.323177907E-03,-74.095790654E-03
+3.112055000E-03,-1.128140848552E+00,-44.087625087E-03,-75.375313256E-03
+3.112060000E-03,-1.121663147617E+00,-42.831343821E-03,-75.902951440E-03
+3.112065000E-03,-1.114822695436E+00,-45.108353746E-03,-77.182474037E-03
+3.112070000E-03,-1.108863210575E+00,-45.029836185E-03,-77.727700167E-03
+3.112075000E-03,-1.102489152893E+00,-44.009107553E-03,-78.976443870E-03
+3.112080000E-03,-1.094819554985E+00,-43.145414105E-03,-79.543654926E-03
+3.112085000E-03,-1.088600962048E+00,-44.401695520E-03,-80.717649880E-03
+3.112090000E-03,-1.082486012323E+00,-44.087625129E-03,-81.240891085E-03
+3.112095000E-03,-1.074453663300E+00,-43.302449306E-03,-82.375313174E-03
+3.112100000E-03,-1.067665032691E+00,-45.186871338E-03,-82.894157403E-03
+3.112105000E-03,-1.060410007601E+00,-44.558730705E-03,-84.059358376E-03
+3.112110000E-03,-1.052274015300E+00,-44.244660362E-03,-84.586996581E-03
+3.112115000E-03,-1.044708060505E+00,-41.732097602E-03,-85.633478965E-03
+3.112120000E-03,-1.035794744028E+00,-42.360238277E-03,-86.051192545E-03
+3.112125000E-03,-1.027917859750E+00,-43.616519607E-03,-87.097674931E-03
+3.112130000E-03,-1.019004543270E+00,-43.302449317E-03,-87.515388513E-03
+3.112135000E-03,-1.010143048418E+00,-42.752826239E-03,-88.500313108E-03
+3.112140000E-03,-1.000193299757E+00,-43.302449242E-03,-88.944408596E-03
+3.112145000E-03,-992.109128925E-03,-43.930589928E-03,-89.973303042E-03
+3.112150000E-03,-982.470309930E-03,-44.087625097E-03,-90.228328179E-03
+3.112155000E-03,-972.261453344E-03,-42.517273425E-03,-91.331971375E-03
+3.112160000E-03,-963.089028780E-03,-43.302449344E-03,-91.477071881E-03
+3.112165000E-03,-953.450209756E-03,-41.810615189E-03,-92.615890962E-03
+3.112170000E-03,-944.329606824E-03,-43.302449204E-03,-92.708227646E-03
+3.112175000E-03,-933.187961307E-03,-42.752826175E-03,-93.921795467E-03
+3.112180000E-03,-923.238212613E-03,-41.418027227E-03,-93.767901007E-03
+3.112185000E-03,-911.733815809E-03,-41.732097602E-03,-95.086996464E-03
+3.112190000E-03,-900.488526920E-03,-42.124685462E-03,-94.823177373E-03
+3.112195000E-03,-889.657811017E-03,-41.496544841E-03,-96.195036650E-03
+3.112200000E-03,-879.241667848E-03,-42.595790990E-03,-95.904835656E-03
+3.112205000E-03,-868.151843871E-03,-42.360238272E-03,-97.188755233E-03
+3.112210000E-03,-858.098452001E-03,-41.810615092E-03,-96.911745191E-03
+3.112215000E-03,-847.526844092E-03,-42.988378920E-03,-98.191267786E-03
+3.112220000E-03,-835.866982408E-03,-42.988378877E-03,-97.865890906E-03
+3.112225000E-03,-824.310763910E-03,-40.554333785E-03,-99.114634605E-03
+3.112230000E-03,-812.858188685E-03,-42.360238224E-03,-98.776066778E-03
+3.112235000E-03,-801.353791827E-03,-42.124685495E-03,-99.888503946E-03
+3.112240000E-03,-788.968427670E-03,-41.260991977E-03,-99.673051695E-03
+3.112245000E-03,-775.805739362E-03,-42.595791104E-03,-100.618403439E-03
+3.112250000E-03,-763.938591190E-03,-42.831343692E-03,-100.438127059E-03
+3.112255000E-03,-750.827724565E-03,-41.339509722E-03,-101.260363234E-03
+3.112260000E-03,-739.375149293E-03,-41.967650255E-03,-101.137247655E-03
+3.112265000E-03,-726.627033873E-03,-41.810615201E-03,-101.853956194E-03
+3.112270000E-03,-714.863528902E-03,-40.554333742E-03,-101.867147147E-03
+3.112275000E-03,-701.597197404E-03,-41.889132739E-03,-102.328830558E-03
+3.112280000E-03,-688.745438762E-03,-42.360238245E-03,-102.368403423E-03
+3.112285000E-03,-676.308252988E-03,-41.653580000E-03,-102.799307949E-03
+3.112290000E-03,-662.264597374E-03,-41.967650321E-03,-102.852071761E-03
+3.112295000E-03,-649.412838696E-03,-39.847675425E-03,-103.199433570E-03
+3.112300000E-03,-634.021821273E-03,-42.203203055E-03,-103.256594368E-03
+3.112305000E-03,-621.066419445E-03,-40.632851346E-03,-103.603956175E-03
+3.112310000E-03,-607.748266289E-03,-41.260992037E-03,-103.652323004E-03
+3.112315000E-03,-594.119183502E-03,-39.769157909E-03,-103.863378288E-03
+3.112320000E-03,-579.920063069E-03,-42.046167875E-03,-103.815011456E-03
+3.112325000E-03,-566.083693907E-03,-41.967650337E-03,-104.087624510E-03
+3.112330000E-03,-552.247324694E-03,-42.203203033E-03,-104.078830545E-03
+3.112335000E-03,-538.618241879E-03,-42.046167820E-03,-104.219534057E-03
+3.112340000E-03,-524.108191805E-03,-41.418027244E-03,-104.232725019E-03
+3.112345000E-03,-510.220001006E-03,-40.475816166E-03,-104.338252643E-03
+3.112350000E-03,-496.072702155E-03,-42.124685462E-03,-104.329458686E-03
+3.112355000E-03,-479.541609397E-03,-40.946921777E-03,-104.355840583E-03
+3.112360000E-03,-465.964348265E-03,-42.203203066E-03,-104.351443608E-03
+3.112365000E-03,-451.195190077E-03,-40.868404101E-03,-104.369031537E-03
+3.112370000E-03,-435.752351058E-03,-41.810615102E-03,-104.193152161E-03
+3.112375000E-03,-421.242300995E-03,-40.161745779E-03,-104.267900890E-03
+3.112380000E-03,-404.866673022E-03,-38.905464407E-03,-104.026066735E-03
+3.112385000E-03,-391.341233494E-03,-40.946921578E-03,-104.149182301E-03
+3.112390000E-03,-375.431999956E-03,-40.318780981E-03,-103.885363218E-03
+3.112395000E-03,-360.196447319E-03,-40.789886520E-03,-103.942524004E-03
+3.112400000E-03,-345.893683675E-03,-42.203203049E-03,-103.564383322E-03
+3.112405000E-03,-329.207126098E-03,-42.438755905E-03,-103.735865719E-03
+3.112410000E-03,-312.883319766E-03,-42.281720647E-03,-103.124684832E-03
+3.112415000E-03,-298.114161570E-03,-40.554333770E-03,-103.335740094E-03
+3.112420000E-03,-282.049463302E-03,-40.946921650E-03,-102.658604438E-03
+3.112425000E-03,-267.021197102E-03,-41.418027200E-03,-102.948805426E-03
+3.112430000E-03,-252.200217357E-03,-41.732097582E-03,-102.245287860E-03
+3.112435000E-03,-235.047265295E-03,-40.475816149E-03,-102.421167242E-03
+3.112440000E-03,-220.174463935E-03,-41.182474456E-03,-101.686870774E-03
+3.112445000E-03,-205.042554561E-03,-40.868404113E-03,-101.840765242E-03
+3.112450000E-03,-188.977856226E-03,-41.103956896E-03,-101.066895909E-03
+3.112455000E-03,-173.586838821E-03,-40.161745801E-03,-101.194408465E-03
+3.112460000E-03,-158.765859047E-03,-42.674308487E-03,-100.468905968E-03
+3.112465000E-03,-142.545695875E-03,-40.711368849E-03,-100.600815503E-03
+3.112470000E-03,-126.636462447E-03,-41.575062408E-03,-99.703830596E-03
+3.112475000E-03,-110.053548045E-03,-40.554333759E-03,-99.708227576E-03
+3.112480000E-03,-94.558887370E-03,-40.318781020E-03,-98.934358243E-03
+3.112485000E-03,-78.753297102E-03,-42.203202998E-03,-98.745287889E-03
+3.112490000E-03,-64.035960591E-03,-42.046167818E-03,-98.182473827E-03
+3.112495000E-03,-48.541299994E-03,-41.339509652E-03,-97.865890913E-03
+3.112500000E-03,-33.823963405E-03,-40.083228186E-03,-97.263503989E-03
+3.112505000E-03,-17.759265059E-03,-41.103956846E-03,-96.819408517E-03
+3.112510000E-03,-1.487280387E-03,-41.025439265E-03,-96.406091937E-03
+3.112515000E-03,+14.888347657E-03,-40.789886526E-03,-95.750941188E-03
+3.112520000E-03,+30.693937913E-03,-38.983982045E-03,-95.346418580E-03
+3.112525000E-03,+46.033133759E-03,-41.889132734E-03,-94.739634664E-03
+3.112530000E-03,+62.564226472E-03,-41.103956812E-03,-94.229584424E-03
+3.112535000E-03,+77.437027883E-03,-39.612122731E-03,-93.477700013E-03
+3.112540000E-03,+94.279050294E-03,-41.810615102E-03,-93.046795495E-03
+3.112545000E-03,+109.618246132E-03,-42.517273346E-03,-92.334483945E-03
+3.112550000E-03,+125.372014762E-03,-41.810615073E-03,-91.824433697E-03
+3.112555000E-03,+140.918496974E-03,-39.690640335E-03,-91.103328172E-03
+3.112560000E-03,+157.190481758E-03,-40.475816200E-03,-90.474559343E-03
+3.112565000E-03,+172.685142399E-03,-39.298052326E-03,-89.797423665E-03
+3.112570000E-03,+188.179803094E-03,-40.083228220E-03,-89.181845792E-03
+3.112575000E-03,+203.726285227E-03,-40.161745778E-03,-88.394785493E-03
+3.112580000E-03,+218.806373128E-03,-40.397298636E-03,-87.766016657E-03
+3.112585000E-03,+234.922893019E-03,-41.653579910E-03,-87.000941284E-03
+3.112590000E-03,+249.899337578E-03,-42.752826118E-03,-86.394157374E-03
+3.112595000E-03,+265.549463005E-03,-41.653579922E-03,-85.475187536E-03
+3.112600000E-03,+281.199588484E-03,-41.575062414E-03,-84.877197591E-03
+3.112605000E-03,+297.005178778E-03,-40.554333714E-03,-84.002197603E-03
+3.112610000E-03,+311.877980066E-03,-43.145414116E-03,-83.206343340E-03
+3.112615000E-03,+327.009889500E-03,-39.533605076E-03,-82.344534302E-03
+3.112620000E-03,+341.934512460E-03,-41.732097600E-03,-81.447549385E-03
+3.112625000E-03,+357.377351479E-03,-40.946921712E-03,-80.744031811E-03
+3.112630000E-03,+371.835579990E-03,-42.281720613E-03,-79.807474027E-03
+3.112635000E-03,+387.848456669E-03,-40.240263445E-03,-79.073177553E-03
+3.112640000E-03,+402.928544507E-03,-41.496544776E-03,-77.903579582E-03
+3.112645000E-03,+417.645880980E-03,-42.517273408E-03,-77.336368524E-03
+3.112650000E-03,+432.622325577E-03,-41.653579990E-03,-76.153579595E-03
+3.112655000E-03,+446.665981236E-03,-42.046167897E-03,-75.480840902E-03
+3.112660000E-03,+461.538782516E-03,-42.360238205E-03,-74.293654998E-03
+3.112665000E-03,+476.048832646E-03,-40.789886555E-03,-73.462624844E-03
+3.112670000E-03,+490.558882768E-03,-41.260991997E-03,-72.464509286E-03
+3.112675000E-03,+504.343430298E-03,-40.946921707E-03,-71.461996727E-03
+3.112680000E-03,+518.749837152E-03,-40.004710621E-03,-70.661745492E-03
+3.112685000E-03,+532.741671219E-03,-41.182474439E-03,-69.531720370E-03
+3.112690000E-03,+547.044434835E-03,-41.653579916E-03,-68.757851034E-03
+3.112695000E-03,+559.844371975E-03,-41.103956869E-03,-67.460740492E-03
+3.112700000E-03,+574.561708482E-03,-42.046167880E-03,-66.814383719E-03
+3.112705000E-03,+588.657185699E-03,-42.360238257E-03,-65.429333479E-03
+3.112710000E-03,+602.441733282E-03,-41.732097526E-03,-64.686243028E-03
+3.112715000E-03,+616.226280915E-03,-41.025439346E-03,-63.349559635E-03
+3.112720000E-03,+629.285325994E-03,-41.496544764E-03,-62.413001853E-03
+3.112725000E-03,+642.188906265E-03,-41.653580014E-03,-61.243403883E-03
+3.112730000E-03,+653.952411187E-03,-42.517273391E-03,-60.302449110E-03
+3.112735000E-03,+666.907813043E-03,-40.868404027E-03,-59.154836067E-03
+3.112740000E-03,+680.122322967E-03,-42.203202990E-03,-58.161117478E-03
+3.112745000E-03,+692.974081577E-03,-40.397298527E-03,-56.987122520E-03
+3.112750000E-03,+705.463089023E-03,-41.418027276E-03,-55.980212982E-03
+3.112755000E-03,+718.470312483E-03,-40.632851324E-03,-54.696293396E-03
+3.112760000E-03,+730.130174186E-03,-41.182474416E-03,-53.667398938E-03
+3.112765000E-03,+742.619181551E-03,-42.124685461E-03,-52.229584881E-03
+3.112770000E-03,+755.263653778E-03,-41.732097508E-03,-51.354584889E-03
+3.112775000E-03,+766.871693881E-03,-41.496544846E-03,-49.820037170E-03
+3.112780000E-03,+779.153414847E-03,-42.124685443E-03,-49.032976873E-03
+3.112785000E-03,+790.709633251E-03,-41.182474404E-03,-47.472047247E-03
+3.112790000E-03,+802.317673412E-03,-42.281720606E-03,-46.693780911E-03
+3.112795000E-03,+813.770248643E-03,-41.260992055E-03,-45.093278430E-03
+3.112800000E-03,+824.704607830E-03,-41.653580020E-03,-44.310615110E-03
+3.112805000E-03,+835.638967029E-03,-42.360238228E-03,-42.789258355E-03
+3.112810000E-03,+846.521504581E-03,-43.066896547E-03,-41.821921668E-03
+3.112815000E-03,+856.523074869E-03,-42.360238152E-03,-40.318152855E-03
+3.112820000E-03,+867.820185262E-03,-41.653579921E-03,-39.258479486E-03
+3.112825000E-03,+878.339971581E-03,-41.260992009E-03,-37.838253382E-03
+3.112830000E-03,+889.585260378E-03,-40.632851347E-03,-36.760992084E-03
+3.112835000E-03,+900.260511609E-03,-42.909861250E-03,-35.345162957E-03
+3.112840000E-03,+909.951152166E-03,-40.946921666E-03,-34.377826279E-03
+3.112845000E-03,+919.797257615E-03,-42.281720664E-03,-32.786117751E-03
+3.112850000E-03,+930.006114271E-03,-43.930589858E-03,-31.840766003E-03
+3.112855000E-03,+938.919430688E-03,-40.475816208E-03,-30.103956976E-03
+3.112860000E-03,+949.128287417E-03,-41.260992003E-03,-29.400439397E-03
+3.112865000E-03,+957.627031040E-03,-40.083228267E-03,-27.487750978E-03
+3.112870000E-03,+966.954920364E-03,-42.752826163E-03,-26.841394199E-03
+3.112875000E-03,+974.158123898E-03,-41.260992068E-03,-24.831972115E-03
+3.112880000E-03,+983.537834822E-03,-41.889132747E-03,-24.251570098E-03
+3.112885000E-03,+991.829291973E-03,-42.438755785E-03,-22.233354059E-03
+3.112890000E-03,+1.000742608472E+00,-41.967650287E-03,-21.635364098E-03
+3.112895000E-03,+1.009293173699E+00,-41.025439301E-03,-19.691896795E-03
+3.112900000E-03,+1.017273701240E+00,-41.967650287E-03,-18.843278699E-03
+3.112905000E-03,+1.025254228820E+00,-41.339509625E-03,-17.128454610E-03
+3.112910000E-03,+1.032561075499E+00,-42.909861284E-03,-16.218278725E-03
+3.112915000E-03,+1.040334316617E+00,-40.789886504E-03,-14.604585297E-03
+3.112920000E-03,+1.047692984810E+00,-40.789886504E-03,-13.544911922E-03
+3.112925000E-03,+1.054481615453E+00,-42.124685449E-03,-12.080715975E-03
+3.112930000E-03,+1.062462143013E+00,-42.752826140E-03,-10.867148136E-03
+3.112935000E-03,+1.069043487152E+00,-42.988378925E-03,-9.477700924E-03
+3.112940000E-03,+1.075417544869E+00,-41.418027278E-03,-8.202575301E-03
+3.112945000E-03,+1.082465283522E+00,-41.967650346E-03,-6.821922058E-03
+3.112950000E-03,+1.089357557263E+00,-41.339509655E-03,-5.555590405E-03
+3.112955000E-03,+1.095213399038E+00,-40.083228309E-03,-4.258479878E-03
+3.112960000E-03,+1.101069240582E+00,-42.831343721E-03,-3.009736155E-03
+3.112965000E-03,+1.107754227955E+00,-41.260991991E-03,-1.712625632E-03
+3.112970000E-03,+1.112936388676E+00,-43.223931698E-03,-358.354278E-06
+3.112975000E-03,+1.117185760541E+00,-41.339509619E-03,+828.831629E-06
+3.112980000E-03,+1.122834315784E+00,-38.041771033E-03,+2.376570311E-03
+3.112985000E-03,+1.128431049369E+00,+722.636584459E-03,+3.423052706E-03
+3.112990000E-03,+1.131125772946E+00,+2.552174908630E+00,+4.926821551E-03
+3.112995000E-03,+1.135012393536E+00,+2.552724532961E+00,+5.951319017E-03
+3.113000000E-03,+1.138743549282E+00,+2.552724532961E+00,+7.802449658E-03
+3.113005000E-03,+1.144081174885E+00,+2.552724532961E+00,+8.492776273E-03
+3.113010000E-03,+1.147138649675E+00,+2.552724532961E+00,+10.286746107E-03
+3.113015000E-03,+1.151232556654E+00,+2.552724532961E+00,+11.047424484E-03
+3.113020000E-03,+1.154082745090E+00,+2.552724532961E+00,+12.863379243E-03
+3.113025000E-03,+1.157451149616E+00,+2.552724532961E+00,+13.821921949E-03
+3.113030000E-03,+1.161182305331E+00,+2.552724532961E+00,+15.338881731E-03
+3.113035000E-03,+1.163566099283E+00,+2.552724532961E+00,+16.504082723E-03
+3.113040000E-03,+1.165949893244E+00,+2.552724532961E+00,+17.730841508E-03
+3.113045000E-03,+1.168333687272E+00,+2.552724532961E+00,+19.300565098E-03
+3.113050000E-03,+1.170302908260E+00,+2.552724532961E+00,+20.166771133E-03
+3.113055000E-03,+1.172790345416E+00,+2.552724532961E+00,+21.973931902E-03
+3.113060000E-03,+1.174863209699E+00,+2.552724532961E+00,+22.607097741E-03
+3.113065000E-03,+1.175381425798E+00,+2.552724532961E+00,+24.607725844E-03
+3.113070000E-03,+1.177454290053E+00,+2.552724532961E+00,+25.108982138E-03
+3.113075000E-03,+1.178127970999E+00,+2.552724532961E+00,+27.206343903E-03
+3.113080000E-03,+1.179112581553E+00,+2.552724532961E+00,+27.615263520E-03
+3.113085000E-03,+1.179786262474E+00,+2.552724532961E+00,+29.725816235E-03
+3.113090000E-03,+1.179527154409E+00,+2.552724532961E+00,+30.095162991E-03
+3.113095000E-03,+1.180304478541E+00,+2.552724532961E+00,+32.100188072E-03
+3.113100000E-03,+1.180459943311E+00,+2.552724532961E+00,+32.566268487E-03
+3.113105000E-03,+1.180719051409E+00,+2.552724532961E+00,+34.522926742E-03
+3.113110000E-03,+1.179993548872E+00,+2.552724532961E+00,+35.142901629E-03
+3.113115000E-03,+1.179941727325E+00,+2.552724532961E+00,+36.923680486E-03
+3.113120000E-03,+1.180408121732E+00,+2.552724532961E+00,+37.618404109E-03
+3.113125000E-03,+1.179319868003E+00,+2.552724532961E+00,+39.289258360E-03
+3.113130000E-03,+1.177765219790E+00,+2.552724532961E+00,+40.041142781E-03
+3.113135000E-03,+1.177143360477E+00,+2.552724532961E+00,+41.571293504E-03
+3.113140000E-03,+1.176158749910E+00,+2.552724532961E+00,+42.384735714E-03
+3.113145000E-03,+1.173774956026E+00,+2.552724532961E+00,+43.840137708E-03
+3.113150000E-03,+1.172168486186E+00,+2.552724532961E+00,+44.741519609E-03
+3.113155000E-03,+1.169991978623E+00,+2.552724532961E+00,+46.122172862E-03
+3.113160000E-03,+1.168696438481E+00,+2.552724532961E+00,+47.142273348E-03
+3.113165000E-03,+1.165224390832E+00,+2.552724532961E+00,+48.289886404E-03
+3.113170000E-03,+1.163099704909E+00,+2.552724532961E+00,+49.371544682E-03
+3.113175000E-03,+1.159886765184E+00,+2.552724532961E+00,+50.475187894E-03
+3.113180000E-03,+1.156881112019E+00,+2.552724532961E+00,+51.627197923E-03
+3.113185000E-03,+1.153771815537E+00,+2.552724532961E+00,+52.607725559E-03
+3.113190000E-03,+1.150144303034E+00,+2.552724532961E+00,+53.768529557E-03
+3.113195000E-03,+1.145843109625E+00,+2.552724532961E+00,+54.771042116E-03
+3.113200000E-03,+1.142163775448E+00,+2.552724532961E+00,+55.901067225E-03
+3.113205000E-03,+1.138380798139E+00,+2.552724532961E+00,+56.701318479E-03
+3.113210000E-03,+1.134545999160E+00,+2.552724532961E+00,+57.914886303E-03
+3.113215000E-03,+1.129519303234E+00,+2.552724532961E+00,+58.860238044E-03
+3.113220000E-03,+1.124648072171E+00,+2.552724532961E+00,+59.933102364E-03
+3.113225000E-03,+1.120087770684E+00,+2.552724532961E+00,+60.843278226E-03
+3.113230000E-03,+1.114957431592E+00,+2.552724532961E+00,+61.982097319E-03
+3.113235000E-03,+1.109205233125E+00,+2.552724532961E+00,+62.725187753E-03
+3.113240000E-03,+1.103401213107E+00,+2.552724532961E+00,+63.864006849E-03
+3.113245000E-03,+1.097182620176E+00,+2.552724532961E+00,+64.730212850E-03
+3.113250000E-03,+1.090964027339E+00,+2.552724532961E+00,+65.807474170E-03
+3.113255000E-03,+1.085574580140E+00,+2.552724532961E+00,+66.625313335E-03
+3.113260000E-03,+1.079874203260E+00,+2.552724532961E+00,+67.689383696E-03
+3.113265000E-03,+1.072774643051E+00,+2.552724532961E+00,+68.494031908E-03
+3.113270000E-03,+1.065830547734E+00,+2.552724532961E+00,+69.531720360E-03
+3.113275000E-03,+1.059663776382E+00,+2.552724532961E+00,+70.261619833E-03
+3.113280000E-03,+1.052823324243E+00,+2.552724532961E+00,+71.224559542E-03
+3.113285000E-03,+1.046345623278E+00,+2.552724532961E+00,+72.024810763E-03
+3.113290000E-03,+1.038261452486E+00,+2.552724532961E+00,+72.851443944E-03
+3.113295000E-03,+1.031006427463E+00,+2.552724532961E+00,+73.722046930E-03
+3.113300000E-03,+1.022870435080E+00,+2.552724532961E+00,+74.399182625E-03
+3.113305000E-03,+1.014578977931E+00,+2.552724532961E+00,+75.397298168E-03
+3.113310000E-03,+1.006650271949E+00,+2.552724532961E+00,+76.039257979E-03
+3.113315000E-03,+998.410636363E-03,+2.552724532961E+00,+76.989006689E-03
+3.113320000E-03,+990.015535901E-03,+2.552724532961E+00,+77.477072038E-03
+3.113325000E-03,+980.687646595E-03,+2.552724532961E+00,+78.558730299E-03
+3.113330000E-03,+972.396189402E-03,+2.552724532961E+00,+78.980840864E-03
+3.113335000E-03,+963.379229695E-03,+2.552724532961E+00,+79.930589579E-03
+3.113340000E-03,+954.206805170E-03,+2.552724532961E+00,+80.339509192E-03
+3.113345000E-03,+945.241667117E-03,+2.552724532961E+00,+81.144157404E-03
+3.113350000E-03,+936.069242543E-03,+2.552724532961E+00,+81.764132289E-03
+3.113355000E-03,+926.223137158E-03,+2.552724532961E+00,+82.467649855E-03
+3.113360000E-03,+916.584318174E-03,+2.552724532961E+00,+83.162373479E-03
+3.113365000E-03,+906.841855933E-03,+2.552724532961E+00,+83.742775472E-03
+3.113370000E-03,+896.114783180E-03,+2.552724532961E+00,+84.327574472E-03
+3.113375000E-03,+885.180424030E-03,+2.552724532961E+00,+84.978328223E-03
+3.113380000E-03,+874.867924157E-03,+2.552724532961E+00,+85.523554352E-03
+3.113385000E-03,+865.695499591E-03,+2.552724532961E+00,+86.059986504E-03
+3.113390000E-03,+853.828351501E-03,+2.552724532961E+00,+86.635991529E-03
+3.113395000E-03,+843.256743612E-03,+2.552724532961E+00,+87.225187498E-03
+3.113400000E-03,+832.011454800E-03,+2.552724532961E+00,+87.612122174E-03
+3.113405000E-03,+820.869809174E-03,+2.552724532961E+00,+88.218906084E-03
+3.113410000E-03,+809.417233899E-03,+2.552724532961E+00,+88.649810608E-03
+3.113415000E-03,+797.187334491E-03,+2.552724532961E+00,+89.164257830E-03
+3.113420000E-03,+786.460261729E-03,+2.552724532961E+00,+89.603956328E-03
+3.113425000E-03,+774.644935215E-03,+2.552724532961E+00,+90.052448773E-03
+3.113430000E-03,+762.207749493E-03,+2.552724532961E+00,+90.461368380E-03
+3.113435000E-03,+750.496066218E-03,+2.552724532961E+00,+90.870287956E-03
+3.113440000E-03,+738.473453299E-03,+2.552724532961E+00,+91.428705051E-03
+3.113445000E-03,+724.740727282E-03,+2.552724532961E+00,+91.573805537E-03
+3.113450000E-03,+713.236330391E-03,+2.552724532961E+00,+92.189383439E-03
+3.113455000E-03,+701.524647087E-03,+2.552724532961E+00,+92.242147241E-03
+3.113460000E-03,+688.465602042E-03,+2.552724532961E+00,+92.906091975E-03
+3.113465000E-03,+675.199270551E-03,+2.552724532961E+00,+92.791770351E-03
+3.113470000E-03,+661.207436543E-03,+2.552724532961E+00,+93.495287941E-03
+3.113475000E-03,+649.806682842E-03,+2.552724532961E+00,+93.323805528E-03
+3.113480000E-03,+636.125778495E-03,+2.552724532961E+00,+93.948177391E-03
+3.113485000E-03,+623.014911760E-03,+2.552724532961E+00,+93.904207531E-03
+3.113490000E-03,+610.525904360E-03,+2.552724532961E+00,+94.357096980E-03
+3.113495000E-03,+596.741356807E-03,+2.552724532961E+00,+94.440639688E-03
+3.113500000E-03,+583.060452414E-03,+2.552724532961E+00,+94.682473864E-03
+3.113505000E-03,+569.949585695E-03,+2.552724532961E+00,+94.801192448E-03
+3.113510000E-03,+555.802286873E-03,+2.552724532961E+00,+94.937498988E-03
+3.113515000E-03,+541.965917712E-03,+2.552724532961E+00,+95.043026612E-03
+3.113520000E-03,+527.507689224E-03,+2.552724532961E+00,+95.210112048E-03
+3.113525000E-03,+512.375779868E-03,+2.552724532961E+00,+95.390388411E-03
+3.113530000E-03,+499.005805099E-03,+2.552724532961E+00,+95.350815570E-03
+3.113535000E-03,+484.703041433E-03,+2.552724532961E+00,+95.522297958E-03
+3.113540000E-03,+470.555742607E-03,+2.552724532961E+00,+95.491519091E-03
+3.113545000E-03,+455.372011631E-03,+2.552724532961E+00,+95.482725100E-03
+3.113550000E-03,+441.587463989E-03,+2.552724532961E+00,+95.592649741E-03
+3.113555000E-03,+426.921949109E-03,+2.552724532961E+00,+95.544282880E-03
+3.113560000E-03,+413.085579834E-03,+2.552724532961E+00,+95.566267833E-03
+3.113565000E-03,+398.160956980E-03,+2.552724532961E+00,+95.517900977E-03
+3.113570000E-03,+382.459009908E-03,+2.552724532961E+00,+95.469534161E-03
+3.113575000E-03,+367.378922049E-03,+2.552724532961E+00,+95.447549220E-03
+3.113580000E-03,+351.417867012E-03,+2.552724532961E+00,+95.240890954E-03
+3.113585000E-03,+336.959638520E-03,+2.552724532961E+00,+95.289257766E-03
+3.113590000E-03,+321.775907493E-03,+2.552724532961E+00,+95.007850753E-03
+3.113595000E-03,+307.317678987E-03,+2.552724532961E+00,+95.100187417E-03
+3.113600000E-03,+291.771196818E-03,+2.552724532961E+00,+94.739634671E-03
+3.113605000E-03,+276.432001024E-03,+2.552724532961E+00,+94.831971337E-03
+3.113610000E-03,+261.766486051E-03,+2.552724532961E+00,+94.392272873E-03
+3.113615000E-03,+246.893684630E-03,+2.552724532961E+00,+94.405463802E-03
+3.113620000E-03,+231.036272770E-03,+2.552724532961E+00,+93.908604533E-03
+3.113625000E-03,+215.800720237E-03,+2.552724532961E+00,+93.899810549E-03
+3.113630000E-03,+200.772454084E-03,+2.552724532961E+00,+93.468906041E-03
+3.113635000E-03,+185.640544638E-03,+2.552724532961E+00,+93.336996487E-03
+3.113640000E-03,+169.938597562E-03,+2.552724532961E+00,+92.936870874E-03
+3.113645000E-03,+153.459326378E-03,+2.552724532961E+00,+92.774182419E-03
+3.113650000E-03,+136.928233650E-03,+2.552724532961E+00,+92.356468867E-03
+3.113655000E-03,+120.915356877E-03,+2.552724532961E+00,+92.149810574E-03
+3.113660000E-03,+105.317053046E-03,+2.552724532961E+00,+91.622172393E-03
+3.113665000E-03,+89.615106042E-03,+2.552724532961E+00,+91.384735205E-03
+3.113670000E-03,+73.913158910E-03,+2.552724532961E+00,+90.861494008E-03
+3.113675000E-03,+58.055747062E-03,+2.552724532961E+00,+90.615262853E-03
+3.113680000E-03,+43.131124047E-03,+2.552724532961E+00,+90.114006577E-03
+3.113685000E-03,+26.755496111E-03,+2.552724532961E+00,+89.801820642E-03
+3.113690000E-03,+12.400910817E-03,+2.552724532961E+00,+89.155463878E-03
+3.113695000E-03,-4.182003609E-03,+2.552724532961E+00,+88.816896037E-03
+3.113700000E-03,-18.951161759E-03,+2.552724532961E+00,+88.236494033E-03
+3.113705000E-03,-33.150282154E-03,+2.552724532961E+00,+87.704458870E-03
+3.113710000E-03,-49.836839764E-03,+2.552724532961E+00,+87.330715151E-03
+3.113715000E-03,-64.709641134E-03,+2.552724532961E+00,+86.653579479E-03
+3.113720000E-03,-80.567053011E-03,+2.552724532961E+00,+86.279835771E-03
+3.113725000E-03,-96.839037748E-03,+2.552724532961E+00,+85.483981503E-03
+3.113730000E-03,-113.007379288E-03,+2.552724532961E+00,+85.105840808E-03
+3.113735000E-03,-129.072077621E-03,+2.552724532961E+00,+84.261619710E-03
+3.113740000E-03,-144.566738259E-03,+2.552724532961E+00,+83.940639810E-03
+3.113745000E-03,-158.662215547E-03,+2.552724532961E+00,+82.960112190E-03
+3.113750000E-03,-175.296951420E-03,+2.552724532961E+00,+82.603956412E-03
+3.113755000E-03,-192.138973887E-03,+2.552724532961E+00,+81.812499128E-03
+3.113760000E-03,-205.249840633E-03,+2.552724532961E+00,+81.315639841E-03
+3.113765000E-03,-220.692679628E-03,+2.552724532961E+00,+80.467021764E-03
+3.113770000E-03,-237.586523686E-03,+2.552724532961E+00,+79.869031817E-03
+3.113775000E-03,-252.407503505E-03,+2.552724532961E+00,+79.086368509E-03
+3.113780000E-03,-268.679488194E-03,+2.552724532961E+00,+78.378453945E-03
+3.113785000E-03,-284.018683988E-03,+2.552724532961E+00,+77.648554457E-03
+3.113790000E-03,-298.580555721E-03,+2.552724532961E+00,+76.857097177E-03
+3.113795000E-03,-314.386145965E-03,+2.552724532961E+00,+76.267901191E-03
+3.113800000E-03,-329.569876971E-03,+2.552724532961E+00,+75.282976598E-03
+3.113805000E-03,-344.909072800E-03,+2.552724532961E+00,+74.676192675E-03
+3.113810000E-03,-359.160014880E-03,+2.552724532961E+00,+73.572549477E-03
+3.113815000E-03,-374.810140314E-03,+2.552724532961E+00,+73.036117319E-03
+3.113820000E-03,-389.838406454E-03,+2.552724532961E+00,+71.888504279E-03
+3.113825000E-03,-403.933883756E-03,+2.552724532961E+00,+71.413629890E-03
+3.113830000E-03,-419.635830780E-03,+2.552724532961E+00,+70.164886201E-03
+3.113835000E-03,-434.145880814E-03,+2.552724532961E+00,+69.707599755E-03
+3.113840000E-03,-450.936081709E-03,+2.552724532961E+00,+68.331343517E-03
+3.113845000E-03,-464.098770028E-03,+2.552724532961E+00,+67.794911332E-03
+3.113850000E-03,-478.142425678E-03,+2.552724532961E+00,+66.458227956E-03
+3.113855000E-03,-493.326156658E-03,+2.552724532961E+00,+65.882222915E-03
+3.113860000E-03,-508.717174016E-03,+2.552724532961E+00,+64.571921439E-03
+3.113865000E-03,-522.242613622E-03,+2.552724532961E+00,+64.035489265E-03
+3.113870000E-03,-535.457123579E-03,+2.552724532961E+00,+62.711996838E-03
+3.113875000E-03,-549.397135974E-03,+2.552724532961E+00,+61.973303360E-03
+3.113880000E-03,-563.751721213E-03,+2.552724532961E+00,+60.803705394E-03
+3.113885000E-03,-578.054484804E-03,+2.552724532961E+00,+60.122172726E-03
+3.113890000E-03,-590.491670710E-03,+2.552724532961E+00,+58.811871244E-03
+3.113895000E-03,-604.638969536E-03,+2.552724532961E+00,+57.985238083E-03
+3.113900000E-03,-618.889911594E-03,+2.552724532961E+00,+56.732097401E-03
+3.113905000E-03,-631.638027031E-03,+2.552724532961E+00,+55.896670265E-03
+3.113910000E-03,-645.992612265E-03,+2.552724532961E+00,+54.766645153E-03
+3.113915000E-03,-658.429798105E-03,+2.552724532961E+00,+53.816896416E-03
+3.113920000E-03,-671.747951162E-03,+2.552724532961E+00,+52.629710506E-03
+3.113925000E-03,-684.340601856E-03,+2.552724532961E+00,+51.675564780E-03
+3.113930000E-03,-697.399646920E-03,+2.552724532961E+00,+50.483981894E-03
+3.113935000E-03,-709.888654382E-03,+2.552724532961E+00,+49.397926618E-03
+3.113940000E-03,-723.310450694E-03,+2.552724532961E+00,+48.298680403E-03
+3.113945000E-03,-736.162209275E-03,+2.552724532961E+00,+47.199434174E-03
+3.113950000E-03,-749.584005613E-03,+2.552724532961E+00,+46.108981934E-03
+3.113955000E-03,-760.829294513E-03,+2.552724532961E+00,+44.745916621E-03
+3.113960000E-03,-773.421945158E-03,+2.552724532961E+00,+43.914886481E-03
+3.113965000E-03,-785.289093237E-03,+2.552724532961E+00,+42.415514637E-03
+3.113970000E-03,-797.985387057E-03,+2.552724532961E+00,+41.606469422E-03
+3.113975000E-03,-809.334319118E-03,+2.552724532961E+00,+40.010363906E-03
+3.113980000E-03,-821.201467250E-03,+2.552724532961E+00,+39.192524722E-03
+3.113985000E-03,-831.773075199E-03,+2.552724532961E+00,+37.671167961E-03
+3.113990000E-03,-843.692044845E-03,+2.552724532961E+00,+36.730213191E-03
+3.113995000E-03,-854.833690401E-03,+2.552724532961E+00,+35.296796115E-03
+3.114000000E-03,-865.353476818E-03,+2.552724532961E+00,+34.289886581E-03
+3.114005000E-03,-875.665976739E-03,+2.552724532961E+00,+32.900439360E-03
+3.114010000E-03,-886.807622313E-03,+2.552724532961E+00,+31.805590127E-03
+3.114015000E-03,-898.052911132E-03,+2.552724532961E+00,+30.504082604E-03
+3.114020000E-03,-909.660951178E-03,+2.552724532961E+00,+29.259735890E-03
+3.114025000E-03,-919.040662182E-03,+2.552724532961E+00,+28.094534884E-03
+3.114030000E-03,-928.575837954E-03,+2.552724532961E+00,+26.749057517E-03
+3.114035000E-03,-938.732873030E-03,+2.552724532961E+00,+25.636620339E-03
+3.114040000E-03,-949.045373000E-03,+2.552724532961E+00,+24.146042472E-03
+3.114045000E-03,-958.632370345E-03,+2.552724532961E+00,+23.117148004E-03
+3.114050000E-03,-969.877659173E-03,+2.552724532961E+00,+21.661746022E-03
+3.114055000E-03,-978.635510812E-03,+2.552724532961E+00,+20.597675662E-03
+3.114060000E-03,-987.082432809E-03,+2.552724532961E+00,+19.041143040E-03
+3.114065000E-03,-995.943927707E-03,+2.552724532961E+00,+18.043027461E-03
+3.114070000E-03,-1.004598136148E+00,+2.552724532961E+00,+16.482097833E-03
+3.114075000E-03,-1.014081490327E+00,+2.552724532961E+00,+15.457600347E-03
+3.114080000E-03,-1.022839342028E+00,+2.552724532961E+00,+13.896670719E-03
+3.114085000E-03,-1.031804480109E+00,+2.552724532961E+00,+12.876570227E-03
+3.114090000E-03,-1.039836829283E+00,+2.552724532961E+00,+11.258479798E-03
+3.114095000E-03,-1.047713713616E+00,+2.552724532961E+00,+10.308731057E-03
+3.114100000E-03,-1.055435133073E+00,+2.552724532961E+00,+8.624685859E-03
+3.114105000E-03,-1.063156552624E+00,+2.552724532961E+00,+7.732097925E-03
+3.114110000E-03,-1.071603474689E+00,+2.552724532961E+00,+6.043655732E-03
+3.114115000E-03,-1.079324894168E+00,+2.552724532961E+00,+5.186243681E-03
+3.114120000E-03,-1.085491665495E+00,+2.552724532961E+00,+3.396670829E-03
+3.114125000E-03,-1.092850333704E+00,+2.552724532961E+00,+2.565640699E-03
+3.114130000E-03,-1.099224391469E+00,+2.552724532961E+00,+833.228648E-06
+3.114135000E-03,-1.105494805961E+00,+2.552724532961E+00,-76.947212E-06
+3.114140000E-03,-1.112127971729E+00,+2.552724532961E+00,-1.800565298E-03
+3.114145000E-03,-1.117931991767E+00,+2.552724532961E+00,-2.693153215E-03
+3.114150000E-03,-1.123528725398E+00,+2.552724532961E+00,-4.372801451E-03
+3.114155000E-03,-1.130161891188E+00,+2.552724532961E+00,-5.335741132E-03
+3.114160000E-03,-1.135395873485E+00,+2.552724532961E+00,-6.865891873E-03
+3.114165000E-03,-1.141148071970E+00,+2.552724532961E+00,-8.026695876E-03
+3.114170000E-03,-1.146278411029E+00,+2.552724532961E+00,-9.490891849E-03
+3.114175000E-03,-1.151408750179E+00,+2.552724532961E+00,-10.766017445E-03
+3.114180000E-03,-1.156642732581E+00,+2.552724532961E+00,-12.093906893E-03
+3.114185000E-03,-1.161617606845E+00,+2.552724532961E+00,-13.465766164E-03
+3.114190000E-03,-1.166177908358E+00,+1.115774211885E+00,-14.613379229E-03
+3.114195000E-03,-1.170219993751E+00,-160.843275098E-03,-16.002826439E-03
+3.114200000E-03,-1.174002971070E+00,-182.121543131E-03,-17.163630457E-03
+3.114205000E-03,-1.178822380561E+00,+44.480207271E-03,-18.601444522E-03
+3.114210000E-03,-1.181568925767E+00,+118.993407644E-03,-19.823806302E-03
+3.114215000E-03,-1.184470935818E+00,-84.916770213E-03,-21.142901763E-03
+3.114220000E-03,-1.189031237291E+00,-81.383478455E-03,-22.505967068E-03
+3.114225000E-03,-1.192036890497E+00,-83.581972524E-03,-23.767901748E-03
+3.114230000E-03,-1.194161576432E+00,-18.333856484E-03,-25.126570059E-03
+3.114235000E-03,-1.196700835198E+00,-55.943780746E-03,-26.406092677E-03
+3.114240000E-03,-1.198462769908E+00,-48.484609895E-03,-27.650439376E-03
+3.114245000E-03,-1.201209315045E+00,-61.989635105E-03,-29.004710732E-03
+3.114250000E-03,-1.203178536116E+00,-47.149811178E-03,-30.222675531E-03
+3.114255000E-03,-1.205406865288E+00,-53.038630057E-03,-31.559358951E-03
+3.114260000E-03,-1.207531551158E+00,-48.955715646E-03,-32.720162943E-03
+3.114265000E-03,-1.208464340098E+00,-52.567524563E-03,-34.100816206E-03
+3.114270000E-03,-1.209293485845E+00,-49.269785863E-03,-35.252826235E-03
+3.114275000E-03,-1.210381739579E+00,-48.249057390E-03,-36.681846325E-03
+3.114280000E-03,-1.210329918022E+00,-46.992775927E-03,-37.798680484E-03
+3.114285000E-03,-1.211418171710E+00,-47.777951812E-03,-39.152951830E-03
+3.114290000E-03,-1.211262706902E+00,-48.249057251E-03,-40.291770907E-03
+3.114295000E-03,-1.211884566164E+00,-49.348303457E-03,-41.624057325E-03
+3.114300000E-03,-1.211314528509E+00,-50.054961713E-03,-42.670539732E-03
+3.114305000E-03,-1.210848134102E+00,-48.563127704E-03,-43.985238209E-03
+3.114310000E-03,-1.211159063673E+00,-49.819408944E-03,-45.159233170E-03
+3.114315000E-03,-1.210640847681E+00,-48.092022063E-03,-46.236494463E-03
+3.114320000E-03,-1.209034377826E+00,-47.385363814E-03,-47.639132642E-03
+3.114325000E-03,-1.209345307438E+00,-46.600188041E-03,-48.597675343E-03
+3.114330000E-03,-1.207946124004E+00,-46.914258236E-03,-50.079459248E-03
+3.114335000E-03,-1.206495118999E+00,-46.678705453E-03,-50.976444160E-03
+3.114340000E-03,-1.206236011003E+00,-47.385363765E-03,-52.427449170E-03
+3.114345000E-03,-1.204577719591E+00,-49.191268331E-03,-53.355212981E-03
+3.114350000E-03,-1.202919428143E+00,-48.249057321E-03,-54.700690357E-03
+3.114355000E-03,-1.200224704581E+00,-47.463881499E-03,-55.619660188E-03
+3.114360000E-03,-1.199188272459E+00,-47.934986931E-03,-56.938755655E-03
+3.114365000E-03,-1.196959943273E+00,-47.385363807E-03,-57.879710418E-03
+3.114370000E-03,-1.194420684497E+00,-48.013504490E-03,-59.088881266E-03
+3.114375000E-03,-1.191881425762E+00,-45.579459318E-03,-60.082599845E-03
+3.114380000E-03,-1.189290345346E+00,-46.364635175E-03,-61.291770693E-03
+3.114385000E-03,-1.185714654472E+00,-46.600187950E-03,-62.232725441E-03
+3.114390000E-03,-1.182501714873E+00,-47.620916568E-03,-63.402323431E-03
+3.114395000E-03,-1.179185131919E+00,-44.558730721E-03,-64.303705322E-03
+3.114400000E-03,-1.175868549008E+00,-46.443152769E-03,-65.565639986E-03
+3.114405000E-03,-1.171826463684E+00,-45.815012072E-03,-66.409861083E-03
+3.114410000E-03,-1.168095307857E+00,-46.443152727E-03,-67.597046994E-03
+3.114415000E-03,-1.164364152220E+00,-45.186871396E-03,-68.419283175E-03
+3.114420000E-03,-1.159389277865E+00,-45.657976813E-03,-69.602072108E-03
+3.114425000E-03,-1.155191727677E+00,-45.422424158E-03,-70.393529383E-03
+3.114430000E-03,-1.150268674961E+00,-46.286117475E-03,-71.453202740E-03
+3.114435000E-03,-1.144671941372E+00,-43.930590010E-03,-72.407348457E-03
+3.114440000E-03,-1.139075207787E+00,-46.600187823E-03,-73.317524332E-03
+3.114445000E-03,-1.134152155033E+00,-44.244660401E-03,-74.350815776E-03
+3.114450000E-03,-1.128192670205E+00,-45.500941695E-03,-75.230212742E-03
+3.114455000E-03,-1.122129542092E+00,-43.930590074E-03,-76.325061986E-03
+3.114460000E-03,-1.115185446713E+00,-45.265388913E-03,-77.028579566E-03
+3.114465000E-03,-1.108759567328E+00,-45.265388984E-03,-78.088252912E-03
+3.114470000E-03,-1.102126401636E+00,-45.657976848E-03,-78.800564472E-03
+3.114475000E-03,-1.094404982144E+00,-43.380966929E-03,-79.864634800E-03
+3.114480000E-03,-1.088082746073E+00,-44.323177974E-03,-80.515388581E-03
+3.114485000E-03,-1.080361326544E+00,-44.087625149E-03,-81.522298104E-03
+3.114490000E-03,-1.073676339188E+00,-44.166142793E-03,-82.287373485E-03
+3.114495000E-03,-1.066265849252E+00,-44.323177882E-03,-83.052448847E-03
+3.114500000E-03,-1.058648072989E+00,-44.637248323E-03,-83.962624724E-03
+3.114505000E-03,-1.051600334394E+00,-43.538002117E-03,-84.679333247E-03
+3.114510000E-03,-1.042997947561E+00,-42.988378965E-03,-85.571921191E-03
+3.114515000E-03,-1.035587457658E+00,-42.281720695E-03,-86.139132230E-03
+3.114520000E-03,-1.027036892418E+00,-44.009107547E-03,-87.110865900E-03
+3.114525000E-03,-1.018123575870E+00,-42.988378929E-03,-87.603328190E-03
+3.114530000E-03,-1.009210259430E+00,-44.323177832E-03,-88.619031709E-03
+3.114535000E-03,-1.000348764540E+00,-44.244660373E-03,-88.975187479E-03
+3.114540000E-03,-991.435448124E-03,-43.773554786E-03,-90.056845760E-03
+3.114545000E-03,-981.952093878E-03,-43.538002132E-03,-90.303076919E-03
+3.114550000E-03,-971.639594031E-03,-42.360238254E-03,-91.323177398E-03
+3.114555000E-03,-962.881742319E-03,-43.145414075E-03,-91.696921117E-03
+3.114560000E-03,-953.191101805E-03,-42.360238283E-03,-92.497172368E-03
+3.114565000E-03,-942.360385845E-03,-44.794283418E-03,-92.945664828E-03
+3.114570000E-03,-932.773388408E-03,-44.637248172E-03,-93.653579389E-03
+3.114575000E-03,-921.528099636E-03,-41.496544868E-03,-94.088880901E-03
+3.114580000E-03,-911.267421316E-03,-41.732097478E-03,-94.761619577E-03
+3.114585000E-03,-899.192986758E-03,-41.967650254E-03,-95.245287921E-03
+3.114590000E-03,-888.932308576E-03,-42.831343805E-03,-95.764132132E-03
+3.114595000E-03,-878.464343778E-03,-42.124685378E-03,-96.313755246E-03
+3.114600000E-03,-867.270876604E-03,-43.302449271E-03,-96.806217548E-03
+3.114605000E-03,-856.388339009E-03,-41.967650326E-03,-97.329458747E-03
+3.114610000E-03,-846.749520036E-03,-44.401695540E-03,-97.826318036E-03
+3.114615000E-03,-835.711517608E-03,-42.438755820E-03,-98.305589396E-03
+3.114620000E-03,-823.118867051E-03,-42.674308516E-03,-98.732096925E-03
+3.114625000E-03,-811.251718947E-03,-41.260992006E-03,-99.180589386E-03
+3.114630000E-03,-798.969997958E-03,-40.554333679E-03,-99.580715011E-03
+3.114635000E-03,-787.258314595E-03,-40.868404222E-03,-99.914885858E-03
+3.114640000E-03,-774.717485679E-03,-42.124685522E-03,-100.411745151E-03
+3.114645000E-03,-762.694872633E-03,-43.616519662E-03,-100.631594384E-03
+3.114650000E-03,-750.257686918E-03,-42.517273522E-03,-101.137247665E-03
+3.114655000E-03,-737.665036266E-03,-41.418027166E-03,-101.207599411E-03
+3.114660000E-03,-724.865099332E-03,-41.575062362E-03,-101.884735091E-03
+3.114665000E-03,-712.635199851E-03,-41.260991977E-03,-101.704458700E-03
+3.114670000E-03,-700.457122072E-03,-41.575062412E-03,-102.469534080E-03
+3.114675000E-03,-687.346255436E-03,-41.810615188E-03,-102.214508953E-03
+3.114680000E-03,-674.442675172E-03,-41.418027180E-03,-103.005966230E-03
+3.114685000E-03,-660.917235571E-03,-42.360238189E-03,-102.746544122E-03
+3.114690000E-03,-647.495439285E-03,-42.752826175E-03,-103.445664726E-03
+3.114695000E-03,-633.503605269E-03,-40.632851411E-03,-103.199433559E-03
+3.114700000E-03,-619.097198336E-03,-40.632851353E-03,-103.793026523E-03
+3.114705000E-03,-605.623580461E-03,-41.025439354E-03,-103.485237581E-03
+3.114710000E-03,-592.253605663E-03,-40.318781026E-03,-103.902951156E-03
+3.114715000E-03,-578.054485241E-03,-42.281720587E-03,-103.766644611E-03
+3.114720000E-03,-564.891796964E-03,-41.810615050E-03,-104.114006430E-03
+3.114725000E-03,-550.589033346E-03,-41.496544847E-03,-104.078830533E-03
+3.114730000E-03,-536.027161561E-03,-42.595790979E-03,-104.219534069E-03
+3.114735000E-03,-522.760830026E-03,-39.690640366E-03,-104.241518970E-03
+3.114740000E-03,-507.628920732E-03,-41.653579956E-03,-104.360237581E-03
+3.114745000E-03,-492.548832939E-03,-40.711369027E-03,-104.329458665E-03
+3.114750000E-03,-478.816106903E-03,-42.909861269E-03,-104.329458695E-03
+3.114755000E-03,-463.580554307E-03,-40.868404063E-03,-104.215137069E-03
+3.114760000E-03,-449.174147441E-03,-41.418027275E-03,-104.276694881E-03
+3.114765000E-03,-433.368557197E-03,-41.418027136E-03,-104.276694848E-03
+3.114770000E-03,-418.392112571E-03,-41.732097550E-03,-104.179961202E-03
+3.114775000E-03,-403.674776084E-03,-40.868404114E-03,-104.131594355E-03
+3.114780000E-03,-387.713721027E-03,-40.946921679E-03,-104.034860702E-03
+3.114785000E-03,-372.892741194E-03,-42.046167891E-03,-103.929333054E-03
+3.114790000E-03,-357.138972591E-03,-43.066896494E-03,-103.784232562E-03
+3.114795000E-03,-342.369814424E-03,-40.789886483E-03,-103.696292849E-03
+3.114800000E-03,-326.460580999E-03,-41.025439215E-03,-103.507222515E-03
+3.114805000E-03,-310.810455485E-03,-41.025439215E-03,-103.388503912E-03
+3.114810000E-03,-295.108508437E-03,-41.418027202E-03,-103.168654683E-03
+3.114815000E-03,-280.183885481E-03,-39.455087576E-03,-102.953202409E-03
+3.114820000E-03,-264.792868063E-03,-41.182474455E-03,-102.711368258E-03
+3.114825000E-03,-248.365418486E-03,-40.946921694E-03,-102.465137087E-03
+3.114830000E-03,-233.078044219E-03,-41.182474470E-03,-102.240890875E-03
+3.114835000E-03,-216.702416239E-03,-41.732097572E-03,-101.933101920E-03
+3.114840000E-03,-201.777793313E-03,-40.868404085E-03,-101.730840627E-03
+3.114845000E-03,-186.179489494E-03,-41.496544826E-03,-101.211996400E-03
+3.114850000E-03,-170.529364014E-03,-40.397298607E-03,-101.159232587E-03
+3.114855000E-03,-155.241989762E-03,-41.260991932E-03,-100.508478828E-03
+3.114860000E-03,-138.451789054E-03,-41.025439259E-03,-100.433730085E-03
+3.114865000E-03,-123.578987589E-03,-41.967650312E-03,-99.633478842E-03
+3.114870000E-03,-107.928862158E-03,-40.475816186E-03,-99.717021550E-03
+3.114875000E-03,-92.123271865E-03,-40.397298681E-03,-98.868403469E-03
+3.114880000E-03,-77.250470522E-03,-41.339509548E-03,-98.815639652E-03
+3.114885000E-03,-62.636777241E-03,-39.926193077E-03,-98.024182380E-03
+3.114890000E-03,-47.349403057E-03,-41.182474396E-03,-97.852699957E-03
+3.114895000E-03,-32.217493608E-03,-39.769157888E-03,-97.171167313E-03
+3.114900000E-03,-15.582757708E-03,-41.025439215E-03,-96.828202486E-03
+3.114905000E-03,-554.491493E-06,-41.182474418E-03,-96.212624607E-03
+3.114910000E-03,+15.924779726E-03,-41.810615167E-03,-95.799308026E-03
+3.114915000E-03,+31.004867514E-03,-40.868404063E-03,-95.223303001E-03
+3.114920000E-03,+47.535960277E-03,-41.653579941E-03,-94.664885936E-03
+3.114925000E-03,+63.756123400E-03,-39.926193032E-03,-94.163629641E-03
+3.114930000E-03,+78.266173540E-03,-42.674308566E-03,-93.495287963E-03
+3.114935000E-03,+93.916298853E-03,-41.889132613E-03,-93.011619605E-03
+3.114940000E-03,+110.343748504E-03,-41.496544849E-03,-92.294911090E-03
+3.114945000E-03,+124.853798688E-03,-43.616519656E-03,-91.740890974E-03
+3.114950000E-03,+141.125783458E-03,-42.046167817E-03,-91.059358343E-03
+3.114955000E-03,+157.449589728E-03,-40.868404122E-03,-90.426192494E-03
+3.114960000E-03,+173.514288048E-03,-41.653579859E-03,-89.722674945E-03
+3.114965000E-03,+187.972516605E-03,-41.496544789E-03,-89.111494015E-03
+3.114970000E-03,+204.399966207E-03,-41.025439229E-03,-88.385991537E-03
+3.114975000E-03,+220.205556402E-03,-40.161745779E-03,-87.686870920E-03
+3.114980000E-03,+234.819249702E-03,-40.789886558E-03,-86.930589546E-03
+3.114985000E-03,+250.624839985E-03,-41.339509622E-03,-86.218277970E-03
+3.114990000E-03,+265.704927808E-03,-42.281720570E-03,-85.435614683E-03
+3.114995000E-03,+282.546950137E-03,-40.711368911E-03,-84.806845820E-03
