x-axis,1,2,3
second,Volt,Volt,Volt
+3.105000000E-03,-565.513656046E-03,+2.552724532961E+00,+58.068780785E-03
+3.105005000E-03,-578.520879525E-03,+2.552724532961E+00,+57.105841097E-03
+3.105010000E-03,-591.631746219E-03,+2.552724532961E+00,+55.936243120E-03
+3.105015000E-03,-604.794434520E-03,+2.552724532961E+00,+55.078831068E-03
+3.105020000E-03,-617.387085139E-03,+2.552724532961E+00,+53.816896409E-03
+3.105025000E-03,-631.430740767E-03,+2.552724532961E+00,+53.043027070E-03
+3.105030000E-03,-642.831494414E-03,+2.552724532961E+00,+51.574434121E-03
+3.105035000E-03,-656.253290752E-03,+2.552724532961E+00,+51.011620057E-03
+3.105040000E-03,-669.105049409E-03,+2.552724532961E+00,+49.433102486E-03
+3.105045000E-03,-681.594056813E-03,+2.552724532961E+00,+48.835112542E-03
+3.105050000E-03,-693.927599394E-03,+2.552724532961E+00,+47.076318591E-03
+3.105055000E-03,-704.913780181E-03,+2.552724532961E+00,+46.671795983E-03
+3.105060000E-03,-717.247322762E-03,+2.552724532961E+00,+44.798680425E-03
+3.105065000E-03,-730.410011063E-03,+2.552724532961E+00,+44.376569877E-03
+3.105070000E-03,-742.018051140E-03,+2.552724532961E+00,+42.529836228E-03
+3.105075000E-03,-753.781556039E-03,+2.552724532961E+00,+41.936243270E-03
+3.105080000E-03,-765.182309686E-03,+2.552724532961E+00,+40.256595047E-03
+3.105085000E-03,-777.412209051E-03,+2.552724532961E+00,+39.623429224E-03
+3.105090000E-03,-788.968427521E-03,+2.552724532961E+00,+37.943781001E-03
+3.105095000E-03,-798.659068121E-03,+2.552724532961E+00,+37.086368950E-03
+3.105100000E-03,-811.096253918E-03,+2.552724532961E+00,+35.525439318E-03
+3.105105000E-03,-821.046002555E-03,+2.552724532961E+00,+34.681218222E-03
+3.105110000E-03,-832.602221023E-03,+2.552724532961E+00,+33.058730802E-03
+3.105115000E-03,-842.966542521E-03,+2.552724532961E+00,+32.196921766E-03
+3.105120000E-03,-853.227220803E-03,+2.552724532961E+00,+30.587625301E-03
+3.105125000E-03,-863.539720692E-03,+2.552724532961E+00,+29.752198174E-03
+3.105130000E-03,-873.800398974E-03,+2.552724532961E+00,+28.050565027E-03
+3.105135000E-03,-883.128288322E-03,+2.552724532961E+00,+27.303077597E-03
+3.105140000E-03,-894.269933930E-03,+2.552724532961E+00,+25.535489677E-03
+3.105145000E-03,-905.100649894E-03,+2.552724532961E+00,+24.735238429E-03
+3.105150000E-03,-914.532182457E-03,+2.552724532961E+00,+23.077575130E-03
+3.105155000E-03,-923.808250197E-03,+2.552724532961E+00,+22.097047502E-03
+3.105160000E-03,-933.136139543E-03,+2.552724532961E+00,+20.632851538E-03
+3.105165000E-03,-942.360385677E-03,+2.552724532961E+00,+19.520414364E-03
+3.105170000E-03,-951.532810202E-03,+2.552724532961E+00,+18.188127946E-03
+3.105175000E-03,-961.586202052E-03,+2.552724532961E+00,+16.934987256E-03
+3.105180000E-03,-969.203978355E-03,+2.552724532961E+00,+15.545540035E-03
+3.105185000E-03,-977.599078767E-03,+2.552724532961E+00,+14.397926982E-03
+3.105190000E-03,-985.631427926E-03,+2.552724532961E+00,+12.986494836E-03
+3.105195000E-03,-993.767420303E-03,+2.552724532961E+00,+11.891645602E-03
+3.105200000E-03,-1.002421628752E+00,+2.552724532961E+00,+10.308731046E-03
+3.105205000E-03,-1.011075837202E+00,+2.552724532961E+00,+9.315012463E-03
+3.105210000E-03,-1.018330862250E+00,+2.552724532961E+00,+7.494660724E-03
+3.105215000E-03,-1.026415033018E+00,+2.552724532961E+00,+6.879082841E-03
+3.105220000E-03,-1.034447382178E+00,+2.552724532961E+00,+4.764133115E-03
+3.105225000E-03,-1.040665975077E+00,+2.552724532961E+00,+4.324434627E-03
+3.105230000E-03,-1.047921000124E+00,+2.552724532961E+00,+2.139133144E-03
+3.105235000E-03,-1.055124203566E+00,+2.552724532961E+00,+1.787374353E-03
+3.105240000E-03,-1.061705547715E+00,+2.552724532961E+00,-459.484919E-06
+3.105245000E-03,-1.068753286333E+00,+2.552724532961E+00,-872.801498E-06
+3.105250000E-03,-1.074712771194E+00,+2.552724532961E+00,-2.974560269E-03
+3.105255000E-03,-1.080620434448E+00,+2.552724532961E+00,-3.651695940E-03
+3.105260000E-03,-1.086787205738E+00,+2.552724532961E+00,-5.472047679E-03
+3.105265000E-03,-1.092435760953E+00,+2.552724532961E+00,-6.254710988E-03
+3.105270000E-03,-1.097306992060E+00,+2.552724532961E+00,-8.031092878E-03
+3.105275000E-03,-1.103940157817E+00,+2.552724532961E+00,-9.099560203E-03
+3.105280000E-03,-1.108863210528E+00,+2.552724532961E+00,-10.647298881E-03
+3.105285000E-03,-1.113941728061E+00,+2.552724532961E+00,-11.663002387E-03
+3.105290000E-03,-1.119486640062E+00,+2.552724532961E+00,-13.311871716E-03
+3.105295000E-03,-1.124150584737E+00,+1.641449418336E+00,-14.222047585E-03
+3.105300000E-03,-1.127933562081E+00,-130.771041124E-03,-15.835741036E-03
+3.105305000E-03,-1.131716539428E+00,-180.708226696E-03,-16.772298814E-03
+3.105310000E-03,-1.135965911243E+00,-33.723303844E-03,-18.715766131E-03
+3.105315000E-03,-1.140007996625E+00,+175.604583655E-03,-19.278580194E-03
+3.105320000E-03,-1.143790973973E+00,-84.759735230E-03,-21.257223390E-03
+3.105325000E-03,-1.148351275430E+00,-74.630966527E-03,-21.965137954E-03
+3.105330000E-03,-1.149854102049E+00,-98.892900971E-03,-23.785489695E-03
+3.105335000E-03,-1.153585257785E+00,-17.470163140E-03,-24.691268579E-03
+3.105340000E-03,-1.156850019059E+00,-56.257851143E-03,-26.388504742E-03
+3.105345000E-03,-1.158922883358E+00,-46.992775881E-03,-27.395414278E-03
+3.105350000E-03,-1.160943926051E+00,-61.832599835E-03,-28.767273561E-03
+3.105355000E-03,-1.164519616966E+00,-48.170539700E-03,-30.090766009E-03
+3.105360000E-03,-1.166955232519E+00,-53.274182838E-03,-31.185615243E-03
+3.105365000E-03,-1.168872631994E+00,-50.526067301E-03,-32.724559950E-03
+3.105370000E-03,-1.170479101827E+00,-53.038630081E-03,-33.652323760E-03
+3.105375000E-03,-1.171878285228E+00,-50.604584888E-03,-35.239635300E-03
+3.105380000E-03,-1.172603787738E+00,-51.939383865E-03,-36.198178004E-03
+3.105385000E-03,-1.174624830426E+00,-49.662373843E-03,-37.763504620E-03
+3.105390000E-03,-1.174624830428E+00,-49.819409014E-03,-38.783605112E-03
+3.105395000E-03,-1.175764905790E+00,-48.327574860E-03,-40.071921680E-03
+3.105400000E-03,-1.176594051512E+00,-49.897926601E-03,-41.448177947E-03
+3.105405000E-03,-1.175868549010E+00,-50.761620060E-03,-42.472675424E-03
+3.105410000E-03,-1.176490408296E+00,-49.191268317E-03,-43.897298524E-03
+3.105415000E-03,-1.177319554015E+00,-49.897926600E-03,-44.829459318E-03
+3.105420000E-03,-1.176490408297E+00,-48.406092450E-03,-46.284861312E-03
+3.105425000E-03,-1.176438586688E+00,-48.877197970E-03,-47.173052258E-03
+3.105430000E-03,-1.174935760074E+00,-48.092022098E-03,-48.632851237E-03
+3.105435000E-03,-1.173951149531E+00,-49.348303487E-03,-49.657348714E-03
+3.105440000E-03,-1.172137393270E+00,-48.484610033E-03,-50.941268297E-03
+3.105445000E-03,-1.171515533981E+00,-47.856469341E-03,-52.084484367E-03
+3.105450000E-03,-1.170634566654E+00,-48.955715550E-03,-53.126569782E-03
+3.105455000E-03,-1.169701777715E+00,-48.877197968E-03,-54.445665245E-03
+3.105460000E-03,-1.167628913419E+00,-48.877197972E-03,-55.369032069E-03
+3.105465000E-03,-1.166022443589E+00,-47.385363819E-03,-56.613378790E-03
+3.105470000E-03,-1.163742292859E+00,-47.071293464E-03,-57.651067221E-03
+3.105475000E-03,-1.161669428556E+00,-46.992775881E-03,-58.807474244E-03
+3.105480000E-03,-1.159441099437E+00,-46.992775874E-03,-59.985866191E-03
+3.105485000E-03,-1.157420056744E+00,-44.794283443E-03,-60.860866181E-03
+3.105490000E-03,-1.154310760295E+00,-47.620916570E-03,-62.311871191E-03
+3.105495000E-03,-1.151408750276E+00,-46.678705531E-03,-62.896670180E-03
+3.105500000E-03,-1.148351275436E+00,-47.856469331E-03,-64.541142524E-03
+3.105505000E-03,-1.144931049342E+00,-45.186871382E-03,-64.989634982E-03
+3.105510000E-03,-1.141044428782E+00,-46.678705530E-03,-66.629710341E-03
+3.105515000E-03,-1.137365094649E+00,-46.207600008E-03,-67.104584708E-03
+3.105520000E-03,-1.133737582123E+00,-47.699434166E-03,-68.529207808E-03
+3.105525000E-03,-1.129177280666E+00,-45.815012070E-03,-69.215137449E-03
+3.105530000E-03,-1.125031552067E+00,-46.992775880E-03,-70.296795729E-03
+3.105535000E-03,-1.120056677751E+00,-45.108353787E-03,-71.409232903E-03
+3.105540000E-03,-1.115340911469E+00,-47.934986913E-03,-72.103956514E-03
+3.105545000E-03,-1.110055107507E+00,-44.637248262E-03,-73.489006750E-03
+3.105550000E-03,-1.104924768365E+00,-45.108353786E-03,-73.963881117E-03
+3.105555000E-03,-1.100053537262E+00,-44.951318613E-03,-75.313755473E-03
+3.105560000E-03,-1.094664090080E+00,-45.422424131E-03,-75.854584615E-03
+3.105565000E-03,-1.089637394157E+00,-44.872801028E-03,-77.129710228E-03
+3.105570000E-03,-1.083004228399E+00,-45.343906550E-03,-77.771670021E-03
+3.105575000E-03,-1.076889278720E+00,-45.343906550E-03,-78.743403678E-03
+3.105580000E-03,-1.070877972249E+00,-43.852072393E-03,-79.574433821E-03
+3.105585000E-03,-1.064400271314E+00,-45.265388962E-03,-80.330715219E-03
+3.105590000E-03,-1.057974391985E+00,-43.852072397E-03,-81.434358424E-03
+3.105595000E-03,-1.051082118189E+00,-44.166142740E-03,-81.957599624E-03
+3.105600000E-03,-1.044189844394E+00,-45.186871367E-03,-83.017272980E-03
+3.105605000E-03,-1.036779354521E+00,-43.930589980E-03,-83.593277999E-03
+3.105610000E-03,-1.029265221437E+00,-44.480213092E-03,-84.688127232E-03
+3.105615000E-03,-1.020921942631E+00,-43.066896520E-03,-85.352071950E-03
+3.105620000E-03,-1.013045058296E+00,-43.852072395E-03,-86.068780484E-03
+3.105625000E-03,-1.005375460389E+00,-44.401695503E-03,-86.965765401E-03
+3.105630000E-03,-996.773073548E-03,-43.538002046E-03,-87.431845796E-03
+3.105635000E-03,-988.067043488E-03,-44.480213087E-03,-88.491519153E-03
+3.105640000E-03,-979.153727001E-03,-44.637248269E-03,-88.843277941E-03
+3.105645000E-03,-971.639593914E-03,-43.695037216E-03,-89.916142253E-03
+3.105650000E-03,-962.104418140E-03,-42.988378932E-03,-90.188755314E-03
+3.105655000E-03,-953.812960939E-03,-41.732097548E-03,-91.120916109E-03
+3.105660000E-03,-944.536893201E-03,-43.695037219E-03,-91.529835703E-03
+3.105665000E-03,-934.535322955E-03,-42.988378941E-03,-92.343277904E-03
+3.105670000E-03,-925.518363259E-03,-43.695037217E-03,-92.857725136E-03
+3.105675000E-03,-914.687647290E-03,-44.087625159E-03,-93.464509049E-03
+3.105680000E-03,-904.271504189E-03,-42.124685484E-03,-94.110865825E-03
+3.105685000E-03,-894.736328413E-03,-42.517273417E-03,-94.616519086E-03
+3.105690000E-03,-884.527471737E-03,-41.575062376E-03,-95.183730136E-03
+3.105695000E-03,-873.800398985E-03,-42.517273410E-03,-95.737750231E-03
+3.105700000E-03,-863.902471963E-03,-43.538002043E-03,-96.230212536E-03
+3.105705000E-03,-854.574582611E-03,-42.203203063E-03,-96.876569313E-03
+3.105710000E-03,-844.210261116E-03,-41.182474434E-03,-97.056845694E-03
+3.105715000E-03,-833.327723540E-03,-44.166142736E-03,-97.909860760E-03
+3.105720000E-03,-821.253288997E-03,-43.852072395E-03,-98.002197443E-03
+3.105725000E-03,-811.303540363E-03,-42.046167898E-03,-98.881594418E-03
+3.105730000E-03,-799.540035468E-03,-42.517273421E-03,-98.815639646E-03
+3.105735000E-03,-788.035638602E-03,-42.752826178E-03,-99.677448680E-03
+3.105740000E-03,-776.013025668E-03,-41.025439259E-03,-99.642272803E-03
+3.105745000E-03,-765.130488092E-03,-42.517273420E-03,-100.429333093E-03
+3.105750000E-03,-752.796945515E-03,-43.852072389E-03,-100.468905960E-03
+3.105755000E-03,-740.774332577E-03,-41.967650308E-03,-101.031720022E-03
+3.105760000E-03,-729.114470891E-03,-42.046167884E-03,-101.233981328E-03
+3.105765000E-03,-717.661895639E-03,-42.046167896E-03,-101.603328056E-03
+3.105770000E-03,-706.157498774E-03,-42.203203066E-03,-101.955086848E-03
+3.105775000E-03,-692.269307971E-03,-41.496544780E-03,-102.258478803E-03
+3.105780000E-03,-681.024019141E-03,-42.360238240E-03,-102.390388351E-03
+3.105785000E-03,-668.275903705E-03,-40.946921673E-03,-102.728956186E-03
+3.105790000E-03,-654.439534509E-03,-43.302449277E-03,-102.834483823E-03
+3.105795000E-03,-641.898705498E-03,-41.810615131E-03,-103.234609447E-03
+3.105800000E-03,-628.684195589E-03,-42.752826178E-03,-103.212624522E-03
+3.105805000E-03,-615.625150501E-03,-41.575062373E-03,-103.709483814E-03
+3.105810000E-03,-601.736959695E-03,-41.418027195E-03,-103.467649645E-03
+3.105815000E-03,-589.455238718E-03,-41.496544780E-03,-103.946920997E-03
+3.105820000E-03,-576.085263986E-03,-42.674308577E-03,-103.749056678E-03
+3.105825000E-03,-562.248894794E-03,-41.025439258E-03,-104.131594362E-03
+3.105830000E-03,-547.894309521E-03,-42.046167891E-03,-104.026066726E-03
+3.105835000E-03,-535.716231761E-03,-41.575062366E-03,-104.215137074E-03
+3.105840000E-03,-522.035327383E-03,-41.260992027E-03,-104.254709938E-03
+3.105845000E-03,-507.214347646E-03,-40.789886487E-03,-104.175564211E-03
+3.105850000E-03,-492.341546297E-03,-40.004710635E-03,-104.399810440E-03
+3.105855000E-03,-478.712463532E-03,-39.847675459E-03,-104.197549135E-03
+3.105860000E-03,-465.342488793E-03,-42.046167888E-03,-104.465765213E-03
+3.105865000E-03,-450.625152269E-03,-41.103956850E-03,-104.162373257E-03
+3.105870000E-03,-435.234134861E-03,-41.732097536E-03,-104.307473757E-03
+3.105875000E-03,-420.724084752E-03,-40.711368915E-03,-104.131594363E-03
+3.105880000E-03,-406.058569835E-03,-40.868404086E-03,-104.092021498E-03
+3.105885000E-03,-391.807627776E-03,-42.203203070E-03,-104.109609438E-03
+3.105890000E-03,-376.157502320E-03,-41.339509607E-03,-103.775438587E-03
+3.105895000E-03,-362.269311506E-03,-41.103956846E-03,-103.907348133E-03
+3.105900000E-03,-346.981937300E-03,-42.360238238E-03,-103.480840601E-03
+3.105905000E-03,-332.679173634E-03,-41.182474443E-03,-103.683101904E-03
+3.105910000E-03,-316.925404962E-03,-41.103956842E-03,-103.155463720E-03
+3.105915000E-03,-302.415354861E-03,-38.826946823E-03,-103.234609446E-03
+3.105920000E-03,-287.698018340E-03,-41.810615122E-03,-102.698177294E-03
+3.105925000E-03,-272.203357700E-03,-41.889132715E-03,-102.706971261E-03
+3.105930000E-03,-256.812340283E-03,-41.025439273E-03,-102.447549155E-03
+3.105935000E-03,-242.043182141E-03,-40.711368909E-03,-102.078202424E-03
+3.105940000E-03,-226.807629546E-03,-42.517273407E-03,-102.100187349E-03
+3.105945000E-03,-211.157504084E-03,-40.554333736E-03,-101.357096905E-03
+3.105950000E-03,-197.942994173E-03,-40.318780980E-03,-101.554961224E-03
+3.105955000E-03,-181.308258180E-03,-39.847675449E-03,-100.789885856E-03
+3.105960000E-03,-166.850029683E-03,-42.046167885E-03,-100.891016506E-03
+3.105965000E-03,-150.888974584E-03,-41.025439261E-03,-100.187498928E-03
+3.105970000E-03,-135.342492336E-03,-41.967650307E-03,-100.042398425E-03
+3.105975000E-03,-120.314226168E-03,-42.046167888E-03,-99.514760242E-03
+3.105980000E-03,-104.612279101E-03,-41.889132723E-03,-99.132222555E-03
+3.105985000E-03,-90.620445065E-03,-42.595790995E-03,-98.714508995E-03
+3.105990000E-03,-74.814854803E-03,-41.103956855E-03,-98.116519050E-03
+3.105995000E-03,-59.682945416E-03,-42.674308590E-03,-97.936242671E-03
+3.106000000E-03,-45.017430486E-03,-40.711368905E-03,-97.135991423E-03
+3.106005000E-03,-30.248272365E-03,-41.575062375E-03,-96.938127103E-03
+3.106010000E-03,-15.479114223E-03,-40.868404091E-03,-96.234609523E-03
+3.106015000E-03,+67.368022E-06,-42.046167879E-03,-95.790514050E-03
+3.106020000E-03,+15.043812584E-03,-41.575062372E-03,-95.302448729E-03
+3.106025000E-03,+31.471262156E-03,-41.182474433E-03,-94.590137178E-03
+3.106030000E-03,+46.706814755E-03,-41.025439273E-03,-94.286745223E-03
+3.106035000E-03,+61.838724149E-03,-40.789886499E-03,-93.332599503E-03
+3.106040000E-03,+76.763347103E-03,-41.025439247E-03,-93.222674882E-03
+3.106045000E-03,+91.947078098E-03,-40.240263392E-03,-92.026694995E-03
+3.106050000E-03,+107.338095510E-03,-43.223931690E-03,-92.022298011E-03
+3.106055000E-03,+122.107253648E-03,-41.575062372E-03,-90.795539229E-03
+3.106060000E-03,+137.601914288E-03,-42.360238232E-03,-90.646041744E-03
+3.106065000E-03,+153.459326170E-03,-41.810615124E-03,-89.696293010E-03
+3.106070000E-03,+167.554803416E-03,-41.339509603E-03,-89.155463871E-03
+3.106075000E-03,+183.101285658E-03,-40.632851322E-03,-88.403579456E-03
+3.106080000E-03,+199.217805579E-03,-42.124685485E-03,-87.708855847E-03
+3.106085000E-03,+213.365104426E-03,-41.653579940E-03,-87.058102083E-03
+3.106090000E-03,+228.652478635E-03,-42.124685473E-03,-86.231468928E-03
+3.106095000E-03,+242.799777483E-03,-42.360238240E-03,-85.541142300E-03
+3.106100000E-03,+258.242616510E-03,-41.810615132E-03,-84.758478994E-03
+3.106105000E-03,+273.944563582E-03,-41.653579952E-03,-83.901066939E-03
+3.106110000E-03,+288.454613682E-03,-41.810615132E-03,-83.250313182E-03
+3.106115000E-03,+303.741987877E-03,-40.789886493E-03,-82.098303140E-03
+3.106120000E-03,+318.562967629E-03,-41.967650304E-03,-81.698177520E-03
+3.106125000E-03,+332.658444861E-03,-41.653579958E-03,-80.299936326E-03
+3.106130000E-03,+346.391170853E-03,-41.653579944E-03,-80.110865977E-03
+3.106135000E-03,+361.315793799E-03,-40.083228210E-03,-78.593906195E-03
+3.106140000E-03,+375.152162999E-03,-41.025439256E-03,-78.312499163E-03
+3.106145000E-03,+389.299461843E-03,-41.810615131E-03,-76.879082094E-03
+3.106150000E-03,+405.053230499E-03,-42.595790997E-03,-76.342649938E-03
+3.106155000E-03,+419.304172581E-03,-41.810615128E-03,-75.177448946E-03
+3.106160000E-03,+433.036898562E-03,-41.575062366E-03,-74.434358500E-03
+3.106165000E-03,+446.095943651E-03,-41.732097552E-03,-73.436242935E-03
+3.106170000E-03,+460.398707310E-03,-40.868404084E-03,-72.385363548E-03
+3.106175000E-03,+473.354109190E-03,-41.418027208E-03,-71.633479135E-03
+3.106180000E-03,+487.708694464E-03,-41.810615117E-03,-70.389132414E-03
+3.106185000E-03,+501.234134011E-03,-41.182474433E-03,-69.777951516E-03
+3.106190000E-03,+514.863216780E-03,-42.909861359E-03,-68.489634947E-03
+3.106195000E-03,+528.751407587E-03,-41.182474431E-03,-67.627825910E-03
+3.106200000E-03,+542.846884822E-03,-42.988378943E-03,-66.607725419E-03
+3.106205000E-03,+556.061394730E-03,-41.496544787E-03,-65.433730456E-03
+3.106210000E-03,+568.654045349E-03,-42.124685481E-03,-64.571921421E-03
+3.106215000E-03,+581.453982400E-03,-41.418027199E-03,-63.151695305E-03
+3.106220000E-03,+594.098454625E-03,-42.674308578E-03,-62.588881241E-03
+3.106225000E-03,+607.623894179E-03,-41.418027189E-03,-61.045539549E-03
+3.106230000E-03,+620.890225687E-03,-41.025439270E-03,-60.531092317E-03
+3.106235000E-03,+634.104735611E-03,-40.946921670E-03,-58.873429021E-03
+3.106240000E-03,+646.282813364E-03,-42.281720642E-03,-58.266645106E-03
+3.106245000E-03,+658.098139871E-03,-40.318780987E-03,-56.674936583E-03
+3.106250000E-03,+669.965287984E-03,-41.418027200E-03,-55.975815985E-03
+3.106255000E-03,+681.780614487E-03,-41.103956839E-03,-54.595162735E-03
+3.106260000E-03,+693.595941001E-03,-42.046167888E-03,-53.570665257E-03
+3.106265000E-03,+705.825840366E-03,-42.674308589E-03,-52.321921553E-03
+3.106270000E-03,+717.537523656E-03,-41.732097544E-03,-51.213881364E-03
+3.106275000E-03,+729.093742132E-03,-41.967650299E-03,-49.978328613E-03
+3.106280000E-03,+741.323641484E-03,-42.752826165E-03,-48.870288425E-03
+3.106285000E-03,+753.190789601E-03,-42.046167906E-03,-47.581971854E-03
+3.106290000E-03,+766.249834684E-03,-41.653579957E-03,-46.619032167E-03
+3.106295000E-03,+776.769621007E-03,-42.909861345E-03,-45.150439215E-03
+3.106300000E-03,+787.185764121E-03,-41.653579962E-03,-44.249057320E-03
+3.106305000E-03,+797.135512764E-03,-41.260992030E-03,-42.666142760E-03
+3.106310000E-03,+808.950839254E-03,-42.203203061E-03,-41.835112622E-03
+3.106315000E-03,+818.796944680E-03,-41.418027197E-03,-40.221419167E-03
+3.106320000E-03,+828.746693316E-03,-41.732097536E-03,-39.390389028E-03
+3.106325000E-03,+840.199268563E-03,-41.182474435E-03,-37.803077485E-03
+3.106330000E-03,+849.319871490E-03,-40.318780970E-03,-36.760992072E-03
+3.106335000E-03,+858.699582450E-03,-43.066896525E-03,-35.336368969E-03
+3.106340000E-03,+868.597509481E-03,-41.575062371E-03,-34.175564965E-03
+3.106345000E-03,+878.547258112E-03,-41.339509611E-03,-32.909233317E-03
+3.106350000E-03,+889.015222824E-03,-44.323177914E-03,-31.335112735E-03
+3.106355000E-03,+897.358501635E-03,-40.946921678E-03,-30.504082589E-03
+3.106360000E-03,+906.582747771E-03,-42.752826174E-03,-28.815640400E-03
+3.106365000E-03,+915.547885863E-03,-39.769157874E-03,-27.923052466E-03
+3.106370000E-03,+924.046629492E-03,-42.909861358E-03,-26.225816306E-03
+3.106375000E-03,+932.649016329E-03,-41.889132721E-03,-25.381595207E-03
+3.106380000E-03,+941.717797652E-03,-41.732097551E-03,-23.627198245E-03
+3.106385000E-03,+949.283752337E-03,-41.418027197E-03,-22.677449507E-03
+3.106390000E-03,+958.404355254E-03,-40.789886496E-03,-21.002198272E-03
+3.106395000E-03,+965.089342625E-03,-42.909861358E-03,-19.999685718E-03
+3.106400000E-03,+973.743551074E-03,-41.418027185E-03,-18.513504830E-03
+3.106405000E-03,+980.635824870E-03,-41.575062364E-03,-17.335112882E-03
+3.106410000E-03,+988.875460455E-03,-43.145414108E-03,-15.928077722E-03
+3.106415000E-03,+997.840598541E-03,-41.575062371E-03,-14.754082760E-03
+3.106420000E-03,+1.003955548237E+00,-43.852072384E-03,-13.311871718E-03
+3.106425000E-03,+1.011210573283E+00,-41.732097547E-03,-12.085112939E-03
+3.106430000E-03,+1.017429166185E+00,-41.889132727E-03,-10.647298883E-03
+3.106435000E-03,+1.023958688727E+00,-41.339509624E-03,-9.451318999E-03
+3.106440000E-03,+1.030747319303E+00,-42.909861348E-03,-8.075062729E-03
+3.106445000E-03,+1.036603160951E+00,-41.810615133E-03,-6.874685859E-03
+3.106450000E-03,+1.043495434748E+00,-42.046167895E-03,-5.392901954E-03
+3.106455000E-03,+1.048884881927E+00,-41.653579958E-03,-4.227700963E-03
+3.106460000E-03,+1.054067042678E+00,-42.517273410E-03,-2.908605499E-03
+3.106465000E-03,+1.060285635568E+00,-42.752826175E-03,-1.637876870E-03
+3.106470000E-03,+1.065467796320E+00,-42.909861342E-03,-336.369346E-06
+3.106475000E-03,+1.071271816361E+00,-41.339509611E-03,+1.039886920E-03
+3.106480000E-03,+1.077127658000E+00,-38.826946844E-03,+2.266645702E-03
+3.106485000E-03,+1.082206175551E+00,+803.823792208E-03,+3.664886892E-03
+3.106490000E-03,+1.085626401637E+00,+2.552488980070E+00,+4.838881856E-03
+3.106495000E-03,+1.090549454344E+00,+2.552724532961E+00,+6.259107970E-03
+3.106500000E-03,+1.094539718116E+00,+2.552724532961E+00,+7.683731071E-03
+3.106505000E-03,+1.098944554775E+00,+2.552724532961E+00,+8.699434575E-03
+3.106510000E-03,+1.102312959249E+00,+2.552724532961E+00,+10.247173255E-03
+3.106515000E-03,+1.106873260709E+00,+2.552724532961E+00,+11.104585305E-03
+3.106520000E-03,+1.109464341087E+00,+2.552724532961E+00,+12.946921969E-03
+3.106525000E-03,+1.112936388772E+00,+2.552724532961E+00,+13.733982262E-03
+3.106530000E-03,+1.115838398806E+00,+2.552724532961E+00,+15.651067668E-03
+3.106535000E-03,+1.118844052034E+00,+2.552724532961E+00,+16.367776205E-03
+3.106540000E-03,+1.121020559553E+00,+2.552724532961E+00,+18.170540002E-03
+3.106545000E-03,+1.123559818322E+00,+2.552724532961E+00,+19.010364117E-03
+3.106550000E-03,+1.125736325834E+00,+2.552724532961E+00,+20.676821382E-03
+3.106555000E-03,+1.127912833350E+00,+2.552724532961E+00,+21.780464590E-03
+3.106560000E-03,+1.130089340870E+00,+2.552724532961E+00,+23.051193215E-03
+3.106565000E-03,+1.130659378549E+00,+2.552724532961E+00,+24.409861546E-03
+3.106570000E-03,+1.132162205171E+00,+2.552724532961E+00,+25.513504746E-03
+3.106575000E-03,+1.133405923743E+00,+2.552724532961E+00,+26.990891669E-03
+3.106580000E-03,+1.135012393577E+00,+2.552724532961E+00,+27.923052460E-03
+3.106585000E-03,+1.135789717690E+00,+2.552724532961E+00,+29.607097670E-03
+3.106590000E-03,+1.135789717694E+00,+2.552724532961E+00,+30.407348917E-03
+3.106595000E-03,+1.136877971445E+00,+2.552724532961E+00,+31.968278549E-03
+3.106600000E-03,+1.136929793055E+00,+2.552724532961E+00,+32.975188086E-03
+3.106605000E-03,+1.137344365917E+00,+2.552724532961E+00,+34.184358928E-03
+3.106610000E-03,+1.137499830728E+00,+2.552724532961E+00,+35.538630269E-03
+3.106615000E-03,+1.137188901105E+00,+2.552724532961E+00,+36.523554883E-03
+3.106620000E-03,+1.137137079493E+00,+2.552724532961E+00,+38.058102604E-03
+3.106625000E-03,+1.135997004120E+00,+2.552724532961E+00,+38.814384005E-03
+3.106630000E-03,+1.136204290557E+00,+2.552724532961E+00,+40.586368909E-03
+3.106635000E-03,+1.135582431260E+00,+2.552724532961E+00,+41.166770914E-03
+3.106640000E-03,+1.134286891073E+00,+2.552724532961E+00,+42.938755816E-03
+3.106645000E-03,+1.132421313221E+00,+2.552724532961E+00,+43.519157825E-03
+3.106650000E-03,+1.132214026769E+00,+2.552724532961E+00,+45.233981922E-03
+3.106655000E-03,+1.128845622291E+00,+2.552724532961E+00,+45.968278402E-03
+3.106660000E-03,+1.127964654958E+00,+2.552724532961E+00,+47.436871347E-03
+3.106665000E-03,+1.125477217806E+00,+2.552724532961E+00,+48.219534659E-03
+3.106670000E-03,+1.122937959040E+00,+2.552724532961E+00,+49.538630119E-03
+3.106675000E-03,+1.119828662599E+00,+2.552724532961E+00,+50.479584886E-03
+3.106680000E-03,+1.118014906323E+00,+2.552724532961E+00,+51.710740649E-03
+3.106685000E-03,+1.115423825956E+00,+2.552724532961E+00,+52.730841142E-03
+3.106690000E-03,+1.112262707901E+00,+2.552724532961E+00,+53.865263239E-03
+3.106695000E-03,+1.108272444130E+00,+2.552724532961E+00,+54.779836095E-03
+3.106700000E-03,+1.105577720528E+00,+2.552724532961E+00,+55.949434071E-03
+3.106705000E-03,+1.100913775861E+00,+2.552724532961E+00,+56.798052154E-03
+3.106710000E-03,+1.097389906546E+00,+2.552724532961E+00,+58.024810934E-03
+3.106715000E-03,+1.093244177956E+00,+2.552724532961E+00,+58.842650121E-03
+3.106720000E-03,+1.089409378999E+00,+2.552724532961E+00,+60.095790809E-03
+3.106725000E-03,+1.084538147900E+00,+2.552724532961E+00,+60.786117438E-03
+3.106730000E-03,+1.079459630376E+00,+2.552724532961E+00,+62.048052095E-03
+3.106735000E-03,+1.074640220883E+00,+2.552724532961E+00,+62.887876210E-03
+3.106740000E-03,+1.069354416903E+00,+2.552724532961E+00,+63.881594789E-03
+3.106745000E-03,+1.064431364207E+00,+2.552724532961E+00,+64.875313374E-03
+3.106750000E-03,+1.059301025054E+00,+2.552724532961E+00,+65.811871150E-03
+3.106755000E-03,+1.053445183407E+00,+2.552724532961E+00,+66.867147524E-03
+3.106760000E-03,+1.047433876948E+00,+2.552724532961E+00,+67.535489223E-03
+3.106765000E-03,+1.041007997619E+00,+2.552724532961E+00,+68.709484186E-03
+3.106770000E-03,+1.036084944902E+00,+2.552724532961E+00,+69.382222872E-03
+3.106775000E-03,+1.028415347003E+00,+2.552724532961E+00,+70.543026881E-03
+3.106780000E-03,+1.021782181244E+00,+2.552724532961E+00,+71.061871097E-03
+3.106785000E-03,+1.015304480306E+00,+2.552724532961E+00,+72.187499225E-03
+3.106790000E-03,+1.007842168818E+00,+2.552724532961E+00,+72.943780623E-03
+3.106795000E-03,+1.000794430210E+00,+2.552724532961E+00,+73.739634887E-03
+3.106800000E-03,+994.368550880E-03,+2.552724532961E+00,+74.641016786E-03
+3.106805000E-03,+985.144304762E-03,+2.552724532961E+00,+75.304961502E-03
+3.106810000E-03,+979.132998284E-03,+2.552724532961E+00,+76.325061994E-03
+3.106815000E-03,+970.426968231E-03,+2.552724532961E+00,+76.764760483E-03
+3.106820000E-03,+964.156553717E-03,+2.552724532961E+00,+77.824433838E-03
+3.106825000E-03,+954.206805088E-03,+2.552724532961E+00,+78.325690115E-03
+3.106830000E-03,+946.848136823E-03,+2.552724532961E+00,+79.315011710E-03
+3.106835000E-03,+937.882998744E-03,+2.552724532961E+00,+79.838252913E-03
+3.106840000E-03,+930.109757604E-03,+2.552724532961E+00,+80.612122249E-03
+3.106845000E-03,+920.885511478E-03,+2.552724532961E+00,+81.148554408E-03
+3.106850000E-03,+912.594054274E-03,+2.552724532961E+00,+81.896041834E-03
+3.106855000E-03,+904.198953851E-03,+2.552724532961E+00,+82.643529265E-03
+3.106860000E-03,+894.197383617E-03,+2.552724532961E+00,+83.171167449E-03
+3.106865000E-03,+884.195813381E-03,+2.552724532961E+00,+83.887875984E-03
+3.106870000E-03,+874.867924018E-03,+2.552724532961E+00,+84.367147336E-03
+3.106875000E-03,+865.591856294E-03,+2.552724532961E+00,+84.982725219E-03
+3.106880000E-03,+856.056680501E-03,+2.552724532961E+00,+85.549936270E-03
+3.106885000E-03,+845.640537411E-03,+2.552724532961E+00,+86.055589528E-03
+3.106890000E-03,+835.328037525E-03,+2.552724532961E+00,+86.833855852E-03
+3.106895000E-03,+825.533753703E-03,+2.552724532961E+00,+87.040514141E-03
+3.106900000E-03,+814.495751312E-03,+2.552724532961E+00,+87.999056845E-03
+3.106905000E-03,+803.509570528E-03,+2.552724532961E+00,+87.915514133E-03
+3.106910000E-03,+792.316103293E-03,+2.552724532961E+00,+89.054333215E-03
+3.106915000E-03,+781.848138606E-03,+2.552724532961E+00,+88.931217640E-03
+3.106920000E-03,+772.312962818E-03,+2.552724532961E+00,+89.920539236E-03
+3.106925000E-03,+761.015852385E-03,+2.552724532961E+00,+89.828202556E-03
+3.106930000E-03,+748.164093746E-03,+2.552724532961E+00,+90.817524149E-03
+3.106935000E-03,+736.815161686E-03,+2.552724532961E+00,+90.690011592E-03
+3.106940000E-03,+725.569872868E-03,+2.552724532961E+00,+91.419911079E-03
+3.106945000E-03,+714.739156907E-03,+2.552724532961E+00,+91.600187462E-03
+3.106950000E-03,+702.820187184E-03,+2.552724532961E+00,+92.114634691E-03
+3.106955000E-03,+690.642109423E-03,+2.552724532961E+00,+92.374056800E-03
+3.106960000E-03,+677.686707566E-03,+2.552724532961E+00,+92.721418604E-03
+3.106965000E-03,+665.353164974E-03,+2.552724532961E+00,+92.958855787E-03
+3.106970000E-03,+653.589660081E-03,+2.552724532961E+00,+93.363378396E-03
+3.106975000E-03,+641.048831070E-03,+2.552724532961E+00,+93.508478896E-03
+3.106980000E-03,+628.922574917E-03,+2.552724532961E+00,+93.926192462E-03
+3.106985000E-03,+616.329924307E-03,+2.552724532961E+00,+93.956971354E-03
+3.106990000E-03,+603.840916885E-03,+2.552724532961E+00,+94.546167328E-03
+3.106995000E-03,+591.973768772E-03,+2.552724532961E+00,+94.282348236E-03
+3.107000000E-03,+579.432939760E-03,+2.552724532961E+00,+94.919911043E-03
+3.107005000E-03,+565.803856997E-03,+2.552724532961E+00,+94.607725117E-03
+3.107010000E-03,+552.796633514E-03,+2.552724532961E+00,+95.267272846E-03
+3.107015000E-03,+539.426658777E-03,+2.552724532961E+00,+94.994659787E-03
+3.107020000E-03,+525.383003162E-03,+2.552724532961E+00,+95.438755257E-03
+3.107025000E-03,+511.287525939E-03,+2.552724532961E+00,+95.144157276E-03
+3.107030000E-03,+499.161269773E-03,+2.552724532961E+00,+95.473931134E-03
+3.107035000E-03,+484.806684493E-03,+2.552724532961E+00,+95.570664808E-03
+3.107040000E-03,+470.503920846E-03,+2.552724532961E+00,+95.368403497E-03
+3.107045000E-03,+456.926659686E-03,+2.552724532961E+00,+95.737750233E-03
+3.107050000E-03,+443.971257803E-03,+2.552724532961E+00,+95.355212544E-03
+3.107055000E-03,+430.134888597E-03,+2.552724532961E+00,+95.808101992E-03
+3.107060000E-03,+416.609449043E-03,+2.552724532961E+00,+95.262875862E-03
+3.107065000E-03,+401.218431645E-03,+2.552724532961E+00,+95.869659777E-03
+3.107070000E-03,+386.863846364E-03,+2.552724532961E+00,+95.342021592E-03
+3.107075000E-03,+372.612904295E-03,+2.552724532961E+00,+95.663001488E-03
+3.107080000E-03,+357.791924566E-03,+2.552724532961E+00,+95.236493953E-03
+3.107085000E-03,+343.333696076E-03,+2.552724532961E+00,+95.333227624E-03
+3.107090000E-03,+328.823645977E-03,+2.552724532961E+00,+95.016644709E-03
+3.107095000E-03,+314.469060706E-03,+2.552724532961E+00,+95.012247728E-03
+3.107100000E-03,+299.285329708E-03,+2.552724532961E+00,+94.818780391E-03
+3.107105000E-03,+285.034387658E-03,+2.552724532961E+00,+94.656091952E-03
+3.107110000E-03,+270.472515948E-03,+2.552724532961E+00,+94.546167328E-03
+3.107115000E-03,+255.029676929E-03,+2.552724532961E+00,+94.260363313E-03
+3.107120000E-03,+240.571448425E-03,+2.552724532961E+00,+94.093277886E-03
+3.107125000E-03,+225.750468697E-03,+2.552724532961E+00,+93.825061811E-03
+3.107130000E-03,+210.618559307E-03,+2.552724532961E+00,+93.592021612E-03
+3.107135000E-03,+196.937654918E-03,+2.552724532961E+00,+93.319408550E-03
+3.107140000E-03,+181.961210362E-03,+2.552724532961E+00,+93.055589457E-03
+3.107145000E-03,+165.948333664E-03,+2.552724532961E+00,+92.602700014E-03
+3.107150000E-03,+151.230997131E-03,+2.552724532961E+00,+92.461996499E-03
+3.107155000E-03,+134.440796303E-03,+2.552724532961E+00,+91.938755297E-03
+3.107160000E-03,+118.427919590E-03,+2.552724532961E+00,+91.855212588E-03
+3.107165000E-03,+105.368874495E-03,+2.552724532961E+00,+91.116519123E-03
+3.107170000E-03,+89.718749029E-03,+2.552724532961E+00,+91.160488975E-03
+3.107175000E-03,+74.586839673E-03,+2.552724532961E+00,+90.175564361E-03
+3.107180000E-03,+58.729427768E-03,+2.552724532961E+00,+90.456971395E-03
+3.107185000E-03,+43.960269629E-03,+2.552724532961E+00,+89.252197537E-03
+3.107190000E-03,+27.688284899E-03,+2.552724532961E+00,+89.603956328E-03
+3.107195000E-03,+13.592807638E-03,+2.552724532961E+00,+88.421167396E-03
+3.107200000E-03,-1.487280141E-03,+2.552724532961E+00,+88.557473928E-03
+3.107205000E-03,-16.049151842E-03,+2.552724532961E+00,+87.506594541E-03
+3.107210000E-03,-30.818309987E-03,+2.552724532961E+00,+87.361494039E-03
+3.107215000E-03,-45.898397733E-03,+2.552724532961E+00,+86.592021687E-03
+3.107220000E-03,-60.356626239E-03,+2.552724532961E+00,+86.147926216E-03
+3.107225000E-03,-75.125784363E-03,+2.552724532961E+00,+85.567524211E-03
+3.107230000E-03,-90.102228949E-03,+2.552724532961E+00,+84.868403617E-03
+3.107235000E-03,-105.389603127E-03,+2.552724532961E+00,+84.415514172E-03
+3.107240000E-03,-120.936085386E-03,+2.552724532961E+00,+83.602071973E-03
+3.107245000E-03,-135.757065140E-03,+2.552724532961E+00,+83.144785540E-03
+3.107250000E-03,-151.510833797E-03,+2.552724532961E+00,+82.458855903E-03
+3.107255000E-03,-166.124527108E-03,+2.552724532961E+00,+81.808102141E-03
+3.107260000E-03,-181.722830935E-03,+2.552724532961E+00,+81.196921244E-03
+3.107265000E-03,-196.440167503E-03,+2.552724532961E+00,+80.510991603E-03
+3.107270000E-03,-210.380179906E-03,+2.552724532961E+00,+79.807474022E-03
+3.107275000E-03,-225.460267684E-03,+2.552724532961E+00,+79.051192624E-03
+3.107280000E-03,-241.576787605E-03,+2.552724532961E+00,+78.325690117E-03
+3.107285000E-03,-256.553232168E-03,+2.552724532961E+00,+77.626569526E-03
+3.107290000E-03,-271.322390313E-03,+2.552724532961E+00,+76.773554455E-03
+3.107295000E-03,-286.609764508E-03,+2.552724532961E+00,+76.179961501E-03
+3.107300000E-03,-301.638030682E-03,+2.552724532961E+00,+75.129082111E-03
+3.107305000E-03,-316.355367211E-03,+2.552724532961E+00,+74.698177598E-03
+3.107310000E-03,-330.295379628E-03,+2.552724532961E+00,+73.467021826E-03
+3.107315000E-03,-346.100969898E-03,+2.552724532961E+00,+73.005338419E-03
+3.107320000E-03,-359.263658209E-03,+2.552724532961E+00,+71.778579634E-03
+3.107325000E-03,-374.861962058E-03,+2.552724532961E+00,+71.272926376E-03
+3.107330000E-03,-388.335580008E-03,+2.552724532961E+00,+70.120916338E-03
+3.107335000E-03,-403.622954218E-03,+2.552724532961E+00,+69.452574637E-03
+3.107340000E-03,-418.910328427E-03,+2.552724532961E+00,+68.524810826E-03
+3.107345000E-03,-433.161270485E-03,+2.552724532961E+00,+67.381594760E-03
+3.107350000E-03,-447.878607018E-03,+2.552724532961E+00,+66.730840997E-03
+3.107355000E-03,-461.766797824E-03,+2.552724532961E+00,+65.420539503E-03
+3.107360000E-03,-476.380491118E-03,+2.552724532961E+00,+65.042398803E-03
+3.107365000E-03,-489.646822640E-03,+2.552724532961E+00,+63.375941536E-03
+3.107370000E-03,-504.053229528E-03,+2.552724532961E+00,+63.138504351E-03
+3.107375000E-03,-517.682312298E-03,+2.552724532961E+00,+61.401695328E-03
+3.107380000E-03,-531.259573453E-03,+2.552724532961E+00,+61.093906383E-03
+3.107385000E-03,-544.007688903E-03,+2.552724532961E+00,+59.572549619E-03
+3.107390000E-03,-557.222198812E-03,+2.552724532961E+00,+58.987750627E-03
+3.107395000E-03,-570.229422283E-03,+2.552724532961E+00,+57.602700393E-03
+3.107400000E-03,-584.273077914E-03,+2.552724532961E+00,+56.842022007E-03
+3.107405000E-03,-596.710263717E-03,+2.552724532961E+00,+55.659233076E-03
+3.107410000E-03,-610.546632911E-03,+2.552724532961E+00,+54.700690375E-03
+3.107415000E-03,-623.553856388E-03,+2.552724532961E+00,+53.654207970E-03
+3.107420000E-03,-636.457436668E-03,+2.552724532961E+00,+52.638504467E-03
+3.107425000E-03,-648.531871186E-03,+2.552724532961E+00,+51.380966787E-03
+3.107430000E-03,-661.590916293E-03,+2.552724532961E+00,+50.514760773E-03
+3.107435000E-03,-673.147134742E-03,+2.552724532961E+00,+49.178077364E-03
+3.107440000E-03,-686.465287846E-03,+2.552724532961E+00,+48.329459288E-03
+3.107445000E-03,-698.280614366E-03,+2.552724532961E+00,+46.825690454E-03
+3.107450000E-03,-710.925086604E-03,+2.552724532961E+00,+46.126569864E-03
+3.107455000E-03,-722.429483485E-03,+2.552724532961E+00,+44.508479425E-03
+3.107460000E-03,-735.177598917E-03,+2.552724532961E+00,+43.782976925E-03
+3.107465000E-03,-747.096568635E-03,+2.552724532961E+00,+42.208856336E-03
+3.107470000E-03,-759.533754433E-03,+2.552724532961E+00,+41.325062376E-03
+3.107475000E-03,-770.053540739E-03,+2.552724532961E+00,+39.983981988E-03
+3.107480000E-03,-782.076153686E-03,+2.552724532961E+00,+38.933102603E-03
+3.107485000E-03,-793.321442520E-03,+2.552724532961E+00,+37.657976989E-03
+3.107490000E-03,-803.893050433E-03,+2.552724532961E+00,+36.404836300E-03
+3.107495000E-03,-815.241982476E-03,+2.552724532961E+00,+35.309987062E-03
+3.107500000E-03,-825.969055245E-03,+2.552724532961E+00,+33.924936827E-03
+3.107505000E-03,-836.851592805E-03,+2.552724532961E+00,+32.935615229E-03
+3.107510000E-03,-847.475022339E-03,+2.552724532961E+00,+31.484610220E-03
+3.107515000E-03,-858.357559906E-03,+2.552724532961E+00,+30.372173045E-03
+3.107520000E-03,-867.737270858E-03,+2.552724532961E+00,+29.132223313E-03
+3.107525000E-03,-877.842484331E-03,+2.552724532961E+00,+27.755967042E-03
+3.107530000E-03,-888.517735471E-03,+2.552724532961E+00,+26.749057509E-03
+3.107535000E-03,-898.726592134E-03,+2.552724532961E+00,+25.188127875E-03
+3.107540000E-03,-909.039092028E-03,+2.552724532961E+00,+24.273555022E-03
+3.107545000E-03,-918.366981377E-03,+2.552724532961E+00,+22.629082677E-03
+3.107550000E-03,-928.420373221E-03,+2.552724532961E+00,+21.710112836E-03
+3.107555000E-03,-938.577408295E-03,+2.552724532961E+00,+20.171168131E-03
+3.107560000E-03,-948.008940866E-03,+2.552724532961E+00,+19.058730955E-03
+3.107565000E-03,-957.440473420E-03,+2.552724532961E+00,+17.678077705E-03
+3.107570000E-03,-965.731930636E-03,+2.552724532961E+00,+16.358982241E-03
+3.107575000E-03,-974.127031037E-03,+2.552724532961E+00,+15.303705872E-03
+3.107580000E-03,-982.729417894E-03,+2.552724532961E+00,+13.632851618E-03
+3.107585000E-03,-991.072696679E-03,+2.552724532961E+00,+12.828203386E-03
+3.107590000E-03,-998.794116204E-03,+2.552724532961E+00,+10.946293858E-03
+3.107595000E-03,-1.007344681448E+00,+2.552724532961E+00,+10.361494865E-03
+3.107600000E-03,-1.015428852214E+00,+2.552724532961E+00,+8.347675798E-03
+3.107605000E-03,-1.023305736537E+00,+2.552724532961E+00,+7.565012484E-03
+3.107610000E-03,-1.031493550528E+00,+2.552724532961E+00,+5.775439645E-03
+3.107615000E-03,-1.038126716299E+00,+2.552724532961E+00,+4.896042663E-03
+3.107620000E-03,-1.045485384546E+00,+2.552724532961E+00,+3.343907008E-03
+3.107625000E-03,-1.052844052810E+00,+2.552724532961E+00,+2.244660782E-03
+3.107630000E-03,-1.059632683400E+00,+2.552724532961E+00,+877.198490E-06
+3.107635000E-03,-1.067250459683E+00,+2.552724532961E+00,-393.530143E-06
+3.107640000E-03,-1.072588085280E+00,+2.552724532961E+00,-1.686243696E-03
+3.107645000E-03,-1.080102218354E+00,+2.552724532961E+00,-3.062499963E-03
+3.107650000E-03,-1.085232557498E+00,+2.552724532961E+00,-4.385992410E-03
+3.107655000E-03,-1.091658436822E+00,+2.552724532961E+00,-5.661118024E-03
+3.107660000E-03,-1.096944240792E+00,+2.552724532961E+00,-7.054962231E-03
+3.107665000E-03,-1.103007368861E+00,+2.552724532961E+00,-8.206972269E-03
+3.107670000E-03,-1.108344994441E+00,+2.552724532961E+00,-9.759107933E-03
+3.107675000E-03,-1.113475333571E+00,+2.552724532961E+00,-10.849560181E-03
+3.107680000E-03,-1.118191099849E+00,+2.552724532961E+00,-12.432474735E-03
+3.107685000E-03,-1.123269617379E+00,+2.552174909866E+00,-13.544911911E-03
+3.107690000E-03,-1.127570810823E+00,+644.119036312E-03,-15.053077723E-03
+3.107695000E-03,-1.131457431393E+00,-170.579457823E-03,-16.117148064E-03
+3.107700000E-03,-1.135862268017E+00,-177.489005768E-03,-17.559359102E-03
+3.107705000E-03,-1.139541602142E+00,+120.485235681E-03,-18.698178189E-03
+3.107710000E-03,-1.142754541827E+00,+56.414887770E-03,-20.100816362E-03
+3.107715000E-03,-1.146485697546E+00,-82.168654977E-03,-21.411117858E-03
+3.107720000E-03,-1.149439529186E+00,-90.255966183E-03,-22.686243467E-03
+3.107725000E-03,-1.152548825615E+00,-66.386620311E-03,-24.080087676E-03
+3.107730000E-03,-1.156383624580E+00,-25.793027199E-03,-25.218906757E-03
+3.107735000E-03,-1.159181991393E+00,-55.943780849E-03,-26.709484635E-03
+3.107740000E-03,-1.162498574259E+00,-52.253454135E-03,-27.795539899E-03
+3.107745000E-03,-1.163535006411E+00,-60.968906442E-03,-29.264132846E-03
+3.107750000E-03,-1.166799767707E+00,-47.149811042E-03,-30.433730826E-03
+3.107755000E-03,-1.168768988777E+00,-54.766016989E-03,-31.576946895E-03
+3.107760000E-03,-1.171463712359E+00,-51.232725563E-03,-33.107097631E-03
+3.107765000E-03,-1.172189214868E+00,-52.410489407E-03,-34.122801136E-03
+3.107770000E-03,-1.173018360607E+00,-49.505338676E-03,-35.736494586E-03
+3.107775000E-03,-1.174728473621E+00,-50.054961786E-03,-36.545539807E-03
+3.107780000E-03,-1.175194868112E+00,-49.034233145E-03,-38.211997070E-03
+3.107785000E-03,-1.176490408302E+00,-47.620916578E-03,-39.157348825E-03
+3.107790000E-03,-1.177423197248E+00,-48.720162799E-03,-40.652323677E-03
+3.107795000E-03,-1.177423197236E+00,-48.484610025E-03,-41.720791009E-03
+3.107800000E-03,-1.178045056523E+00,-49.034233152E-03,-43.000313601E-03
+3.107805000E-03,-1.177993234912E+00,-48.170539708E-03,-44.174308569E-03
+3.107810000E-03,-1.176956802759E+00,-48.798680361E-03,-45.357097498E-03
+3.107815000E-03,-1.176542229904E+00,-48.798680375E-03,-46.610238189E-03
+3.107820000E-03,-1.177215910797E+00,-48.877197971E-03,-47.779836166E-03
+3.107825000E-03,-1.176542229888E+00,-45.736494558E-03,-48.980213037E-03
+3.107830000E-03,-1.175609440966E+00,-47.542398971E-03,-50.184986897E-03
+3.107835000E-03,-1.174883938460E+00,-47.385363823E-03,-51.253454220E-03
+3.107840000E-03,-1.173899327926E+00,-48.249057296E-03,-52.625313503E-03
+3.107845000E-03,-1.171411890780E+00,-50.761620014E-03,-53.451946656E-03
+3.107850000E-03,-1.170323637004E+00,-48.484610031E-03,-55.026067247E-03
+3.107855000E-03,-1.167317983787E+00,-47.777951754E-03,-55.637248143E-03
+3.107860000E-03,-1.166281551659E+00,-47.149811040E-03,-57.250941595E-03
+3.107865000E-03,-1.164105044116E+00,-48.092022100E-03,-57.804961686E-03
+3.107870000E-03,-1.161876715024E+00,-46.757223128E-03,-59.449434034E-03
+3.107875000E-03,-1.159855672305E+00,-47.071293477E-03,-60.091393823E-03
+3.107880000E-03,-1.156642732636E+00,-46.286117586E-03,-61.498428987E-03
+3.107885000E-03,-1.154258938685E+00,-46.757223141E-03,-62.373428973E-03
+3.107890000E-03,-1.150735069396E+00,-45.893529664E-03,-63.516645044E-03
+3.107895000E-03,-1.147418486514E+00,-45.343906560E-03,-64.664258097E-03
+3.107900000E-03,-1.144568298089E+00,-46.992775861E-03,-65.477700303E-03
+3.107905000E-03,-1.140422569505E+00,-46.364635186E-03,-66.735237971E-03
+3.107910000E-03,-1.136225019293E+00,-45.893529661E-03,-67.447549530E-03
+3.107915000E-03,-1.131820182673E+00,-45.579459302E-03,-68.898554532E-03
+3.107920000E-03,-1.128089026931E+00,-46.443152745E-03,-69.470162570E-03
+3.107925000E-03,-1.123010509409E+00,-45.657976880E-03,-70.903579637E-03
+3.107930000E-03,-1.118916602414E+00,-44.244660324E-03,-71.461996720E-03
+3.107935000E-03,-1.113268047211E+00,-44.166142736E-03,-72.847046951E-03
+3.107940000E-03,-1.108759567332E+00,-44.951318592E-03,-73.299936402E-03
+3.107945000E-03,-1.103991979436E+00,-44.244660312E-03,-74.728956480E-03
+3.107950000E-03,-1.098084316196E+00,-44.872801034E-03,-75.071921305E-03
+3.107955000E-03,-1.092280296155E+00,-43.066896544E-03,-76.690011736E-03
+3.107960000E-03,-1.086735384145E+00,-44.951318619E-03,-76.874685103E-03
+3.107965000E-03,-1.081605045013E+00,-44.244660335E-03,-78.563127296E-03
+3.107970000E-03,-1.075230987311E+00,-44.872801000E-03,-78.563127296E-03
+3.107975000E-03,-1.069219680818E+00,-42.752826178E-03,-80.383479036E-03
+3.107980000E-03,-1.063415660789E+00,-44.323177917E-03,-80.242775519E-03
+3.107985000E-03,-1.055538776467E+00,-42.752826211E-03,-82.177448864E-03
+3.107990000E-03,-1.048905610714E+00,-43.695037227E-03,-81.975187560E-03
+3.107995000E-03,-1.040769618325E+00,-45.343906568E-03,-83.738378497E-03
+3.108000000E-03,-1.034395560596E+00,-44.872800993E-03,-83.632850860E-03
+3.108005000E-03,-1.026518676259E+00,-43.145414129E-03,-85.220162400E-03
+3.108010000E-03,-1.018486327123E+00,-43.223931682E-03,-85.334484009E-03
+3.108015000E-03,-1.010402156344E+00,-43.145414102E-03,-86.605212635E-03
+3.108020000E-03,-1.002214342364E+00,-43.538002033E-03,-86.992147307E-03
+3.108025000E-03,-994.285636402E-03,-44.558730681E-03,-87.950690009E-03
+3.108030000E-03,-985.942357596E-03,-42.595791024E-03,-88.614634727E-03
+3.108035000E-03,-976.977219517E-03,-44.558730688E-03,-89.291770398E-03
+3.108040000E-03,-968.737583917E-03,-43.773554801E-03,-90.105212597E-03
+3.108045000E-03,-959.357872979E-03,-43.145414127E-03,-90.470162346E-03
+3.108050000E-03,-950.029983625E-03,-42.674308607E-03,-91.428705047E-03
+3.108055000E-03,-941.842169641E-03,-44.715765848E-03,-91.732097007E-03
+3.108060000E-03,-930.648702444E-03,-43.380966847E-03,-92.571921113E-03
+3.108065000E-03,-920.647132191E-03,-43.852072395E-03,-93.064383424E-03
+3.108070000E-03,-911.578350859E-03,-44.009107580E-03,-93.723931153E-03
+3.108075000E-03,-900.747634918E-03,-41.967650302E-03,-94.343906022E-03
+3.108080000E-03,-889.709632505E-03,-43.380966863E-03,-94.818780392E-03
+3.108085000E-03,-879.656240673E-03,-42.203203042E-03,-95.438755255E-03
+3.108090000E-03,-869.706492031E-03,-42.752826185E-03,-95.931217562E-03
+3.108095000E-03,-859.912208211E-03,-41.732097559E-03,-96.445664793E-03
+3.108100000E-03,-849.547886714E-03,-43.066896521E-03,-96.876569315E-03
+3.108105000E-03,-839.598138077E-03,-41.496544763E-03,-97.439383374E-03
+3.108110000E-03,-828.301027646E-03,-43.459484454E-03,-97.953830611E-03
+3.108115000E-03,-816.692987564E-03,-42.674308583E-03,-98.257222561E-03
+3.108120000E-03,-805.136769101E-03,-42.595790996E-03,-98.802448692E-03
+3.108125000E-03,-794.616982778E-03,-41.496544775E-03,-99.163001448E-03
+3.108130000E-03,-782.335261814E-03,-41.182474419E-03,-99.563127076E-03
+3.108135000E-03,-769.846254414E-03,-42.360238233E-03,-100.016016513E-03
+3.108140000E-03,-758.549143981E-03,-42.046167884E-03,-100.279835607E-03
+3.108145000E-03,-747.303855148E-03,-43.930589984E-03,-100.908604444E-03
+3.108150000E-03,-735.125777404E-03,-41.967650283E-03,-100.816267761E-03
+3.108155000E-03,-723.776845346E-03,-42.203203092E-03,-101.678076801E-03
+3.108160000E-03,-712.065162078E-03,-41.418027192E-03,-101.247172281E-03
+3.108165000E-03,-700.198013956E-03,-40.397298555E-03,-102.390388349E-03
+3.108170000E-03,-687.346255297E-03,-41.103956851E-03,-101.682473787E-03
+3.108175000E-03,-675.219999172E-03,-40.946921665E-03,-103.080714972E-03
+3.108180000E-03,-663.767423887E-03,-40.789886474E-03,-102.188127048E-03
+3.108185000E-03,-650.086519531E-03,-42.674308576E-03,-103.467649643E-03
+3.108190000E-03,-637.338404073E-03,-41.418027175E-03,-102.645413477E-03
+3.108195000E-03,-624.072072558E-03,-42.046167894E-03,-103.727071750E-03
+3.108200000E-03,-610.753919433E-03,-40.240263405E-03,-103.212624522E-03
+3.108205000E-03,-596.917550231E-03,-40.397298565E-03,-103.933730041E-03
+3.108210000E-03,-584.739472477E-03,-40.789886495E-03,-103.595162208E-03
+3.108215000E-03,-571.680427391E-03,-40.946921674E-03,-104.056845621E-03
+3.108220000E-03,-556.703982853E-03,-42.909861328E-03,-103.898554163E-03
+3.108225000E-03,-544.318618642E-03,-41.575062371E-03,-104.245915971E-03
+3.108230000E-03,-531.622324781E-03,-42.517273394E-03,-104.140388329E-03
+3.108235000E-03,-516.438593830E-03,-40.397298548E-03,-104.342649642E-03
+3.108240000E-03,-501.513970866E-03,-41.653579956E-03,-104.118403404E-03
+3.108245000E-03,-487.418493646E-03,-41.339509598E-03,-104.474559187E-03
+3.108250000E-03,-473.944875715E-03,-42.438755807E-03,-104.008478783E-03
+3.108255000E-03,-459.849398455E-03,-39.926193047E-03,-104.531719991E-03
+3.108260000E-03,-445.235705133E-03,-41.260992018E-03,-103.924936068E-03
+3.108265000E-03,-430.622011822E-03,-42.046167879E-03,-104.500941097E-03
+3.108270000E-03,-415.749210485E-03,-40.083228241E-03,-103.867775268E-03
+3.108275000E-03,-400.980052344E-03,-39.926193035E-03,-104.355840593E-03
+3.108280000E-03,-387.765542438E-03,-40.475816172E-03,-103.779835574E-03
+3.108285000E-03,-371.959952177E-03,-41.182474428E-03,-104.021669740E-03
+3.108290000E-03,-356.620756345E-03,-42.360238237E-03,-103.590765225E-03
+3.108295000E-03,-342.317992692E-03,-41.418027185E-03,-103.691895873E-03
+3.108300000E-03,-328.067050591E-03,-40.318780978E-03,-103.423679799E-03
+3.108305000E-03,-312.520568370E-03,-42.281720648E-03,-103.168654672E-03
+3.108310000E-03,-297.388658990E-03,-40.161745833E-03,-103.120287843E-03
+3.108315000E-03,-281.945819971E-03,-40.632851314E-03,-102.715765230E-03
+3.108320000E-03,-268.316737178E-03,-40.475816139E-03,-102.676192371E-03
+3.108325000E-03,-251.889287638E-03,-41.025439294E-03,-102.267272772E-03
+3.108330000E-03,-238.208383254E-03,-41.025439252E-03,-102.117775293E-03
+3.108335000E-03,-222.350971363E-03,-40.789886495E-03,-101.840765238E-03
+3.108340000E-03,-206.752667505E-03,-40.868404105E-03,-101.453830576E-03
+3.108345000E-03,-193.279049539E-03,-41.025439282E-03,-101.321921025E-03
+3.108350000E-03,-177.939853744E-03,-40.397298580E-03,-100.662373299E-03
+3.108355000E-03,-162.756122729E-03,-40.946921664E-03,-100.732725050E-03
+3.108360000E-03,-147.468748540E-03,-41.967650287E-03,-99.879709992E-03
+3.108365000E-03,-131.300407001E-03,-40.789886523E-03,-99.998428574E-03
+3.108370000E-03,-116.323962443E-03,-42.124685461E-03,-99.132222564E-03
+3.108375000E-03,-101.451161075E-03,-40.632851357E-03,-99.233353205E-03
+3.108380000E-03,-86.215608474E-03,-41.967650299E-03,-98.318780363E-03
+3.108385000E-03,-71.290985557E-03,-41.418027189E-03,-98.314383367E-03
+3.108390000E-03,-55.796324885E-03,-42.281720658E-03,-97.439383388E-03
+3.108395000E-03,-41.130809998E-03,-40.632851308E-03,-97.307473831E-03
+3.108400000E-03,-26.517116678E-03,-40.946921664E-03,-96.577574345E-03
+3.108405000E-03,-11.644315322E-03,-42.281720658E-03,-96.304961281E-03
+3.108410000E-03,+3.798523693E-03,-39.455087520E-03,-95.460740189E-03
+3.108415000E-03,+20.225973271E-03,-42.124685455E-03,-95.223303005E-03
+3.108420000E-03,+34.943309795E-03,-42.438755824E-03,-94.343906025E-03
+3.108425000E-03,+50.437970445E-03,-40.161745804E-03,-94.216393466E-03
+3.108430000E-03,+65.518058226E-03,-39.298052335E-03,-92.976443728E-03
+3.108435000E-03,+80.287216368E-03,-41.732097530E-03,-93.125941220E-03
+3.108440000E-03,+96.714665936E-03,-40.868404085E-03,-91.701318116E-03
+3.108445000E-03,+110.861964789E-03,-42.988378939E-03,-91.899182441E-03
+3.108450000E-03,+125.942052537E-03,-41.260992033E-03,-90.421795516E-03
+3.108455000E-03,+141.073961958E-03,-40.554333768E-03,-90.694408581E-03
+3.108460000E-03,+156.775909009E-03,-41.418027213E-03,-89.124684978E-03
+3.108465000E-03,+172.840607331E-03,-40.632851313E-03,-89.282976436E-03
+3.108470000E-03,+186.884262964E-03,-40.711368895E-03,-87.796795546E-03
+3.108475000E-03,+202.482566816E-03,-40.554333752E-03,-87.757222683E-03
+3.108480000E-03,+218.029049051E-03,-41.496544761E-03,-86.504081994E-03
+3.108485000E-03,+233.316423262E-03,-40.946921675E-03,-86.249056868E-03
+3.108490000E-03,+246.841862809E-03,-41.103956870E-03,-85.154207631E-03
+3.108495000E-03,+264.098458082E-03,-40.946921690E-03,-84.600187543E-03
+3.108500000E-03,+277.986648921E-03,-41.889132709E-03,-83.632850864E-03
+3.108505000E-03,+293.118558301E-03,-42.203203084E-03,-82.968906153E-03
+3.108510000E-03,+307.265857131E-03,-41.496544779E-03,-81.922423744E-03
+3.108515000E-03,+322.656874547E-03,-40.711368919E-03,-81.293654919E-03
+3.108520000E-03,+337.426032720E-03,-42.438755837E-03,-80.194408687E-03
+3.108525000E-03,+351.003293862E-03,-41.575062382E-03,-79.627197650E-03
+3.108530000E-03,+364.373268593E-03,-41.103956846E-03,-78.457599662E-03
+3.108535000E-03,+379.867929240E-03,-40.161745766E-03,-77.916770531E-03
+3.108540000E-03,+394.118871282E-03,-41.732097543E-03,-76.588881090E-03
+3.108545000E-03,+409.561710311E-03,-40.240263418E-03,-76.056845926E-03
+3.108550000E-03,+422.620755413E-03,-40.946921685E-03,-74.786117293E-03
+3.108555000E-03,+435.938908510E-03,-41.967650267E-03,-74.179333385E-03
+3.108560000E-03,+450.241672199E-03,-42.046167899E-03,-73.014132386E-03
+3.108565000E-03,+464.596257485E-03,-41.339509610E-03,-72.139132399E-03
+3.108570000E-03,+478.432626683E-03,-40.789886484E-03,-71.202574619E-03
+3.108575000E-03,+492.268995887E-03,-40.554333707E-03,-70.151695236E-03
+3.108580000E-03,+506.260829874E-03,-40.711368949E-03,-69.404207803E-03
+3.108585000E-03,+519.216231759E-03,-42.674308599E-03,-68.146670132E-03
+3.108590000E-03,+532.741671343E-03,-41.418027178E-03,-67.495916363E-03
+3.108595000E-03,+546.888970151E-03,-42.124685497E-03,-66.014132466E-03
+3.108600000E-03,+559.740728822E-03,-41.103956876E-03,-65.402951560E-03
+3.108605000E-03,+573.577098024E-03,-41.967650277E-03,-64.004710376E-03
+3.108610000E-03,+587.258002383E-03,-40.789886484E-03,-63.160489275E-03
+3.108615000E-03,+599.850652984E-03,-42.360238251E-03,-61.889760653E-03
+3.108620000E-03,+613.272449355E-03,-40.946921680E-03,-61.041142565E-03
+3.108625000E-03,+626.590602463E-03,-40.632851351E-03,-59.761619968E-03
+3.108630000E-03,+637.628604889E-03,-41.967650299E-03,-58.877826006E-03
+3.108635000E-03,+649.651217811E-03,-41.575062372E-03,-57.541142607E-03
+3.108640000E-03,+661.777473957E-03,-42.360238210E-03,-56.644157689E-03
+3.108645000E-03,+674.007373336E-03,-40.240263429E-03,-55.377826044E-03
+3.108650000E-03,+685.874521461E-03,-42.046167869E-03,-54.450062237E-03
+3.108655000E-03,+698.311707252E-03,-42.281720631E-03,-53.003454213E-03
+3.108660000E-03,+710.697071397E-03,-41.260992015E-03,-52.071293418E-03
+3.108665000E-03,+721.631430610E-03,-41.025439309E-03,-50.580715545E-03
+3.108670000E-03,+733.239470682E-03,-41.496544773E-03,-49.648554750E-03
+3.108675000E-03,+744.536581123E-03,-40.868404066E-03,-48.223931654E-03
+3.108680000E-03,+756.507372445E-03,-41.025439242E-03,-47.296167841E-03
+3.108685000E-03,+768.011769307E-03,-41.810615141E-03,-46.029836198E-03
+3.108690000E-03,+779.153414927E-03,-42.281720650E-03,-44.851444248E-03
+3.108695000E-03,+790.865098195E-03,-42.124685476E-03,-43.651067381E-03
+3.108700000E-03,+800.763025248E-03,-42.281720658E-03,-42.371544777E-03
+3.108705000E-03,+811.490097994E-03,-42.203203057E-03,-41.342650319E-03
+3.108710000E-03,+822.320813947E-03,-42.203203043E-03,-39.764132744E-03
+3.108715000E-03,+832.218741002E-03,-41.103956857E-03,-38.937499593E-03
+3.108720000E-03,+842.168489617E-03,-40.632851343E-03,-37.231469455E-03
+3.108725000E-03,+852.584632705E-03,-40.475816144E-03,-36.492775998E-03
+3.108730000E-03,+862.119808479E-03,-41.575062369E-03,-34.764760940E-03
+3.108735000E-03,+873.468740547E-03,-43.459484437E-03,-33.916142863E-03
+3.108740000E-03,+882.692986682E-03,-41.810615141E-03,-32.320037349E-03
+3.108745000E-03,+892.383627261E-03,-42.909861378E-03,-31.313127813E-03
+3.108750000E-03,+901.504230206E-03,-41.889132748E-03,-29.857725817E-03
+3.108755000E-03,+910.417546675E-03,-41.732097557E-03,-28.560615280E-03
+3.108760000E-03,+919.019933523E-03,-41.575062332E-03,-27.355841421E-03
+3.108765000E-03,+927.155925937E-03,-40.554333768E-03,-25.909233402E-03
+3.108770000E-03,+936.017420808E-03,-41.182474433E-03,-24.774811296E-03
+3.108775000E-03,+943.531553867E-03,-41.182474436E-03,-23.288630414E-03
+3.108780000E-03,+952.755799963E-03,-40.554333734E-03,-22.132223385E-03
+3.108785000E-03,+960.736327557E-03,-42.438755790E-03,-20.668027429E-03
+3.108790000E-03,+968.146817422E-03,-42.909861361E-03,-19.524811350E-03
+3.108795000E-03,+976.334631403E-03,-41.653579970E-03,-18.073806351E-03
+3.108800000E-03,+984.004229333E-03,-42.281720650E-03,-16.767901833E-03
+3.108805000E-03,+991.466540811E-03,-42.831343771E-03,-15.466394319E-03
+3.108810000E-03,+998.566101031E-03,-42.281720656E-03,-14.226444573E-03
+3.108815000E-03,+1.006028412528E+00,-41.496544759E-03,-12.885364192E-03
+3.108820000E-03,+1.012402470233E+00,-43.145414111E-03,-11.698178269E-03
+3.108825000E-03,+1.019450208855E+00,-41.182474419E-03,-10.220791354E-03
+3.108830000E-03,+1.026757055501E+00,-43.223931701E-03,-9.143530059E-03
+3.108835000E-03,+1.032250145890E+00,-41.732097531E-03,-7.389133097E-03
+3.108840000E-03,+1.039401527750E+00,-43.852072389E-03,-6.650439636E-03
+3.108845000E-03,+1.044946439741E+00,-41.967650313E-03,-4.702575334E-03
+3.108850000E-03,+1.050854102979E+00,-43.223931701E-03,-4.139761267E-03
+3.108855000E-03,+1.056709944631E+00,-43.145414122E-03,-1.994032649E-03
+3.108860000E-03,+1.062980359130E+00,-43.066896492E-03,-1.624685918E-03
+3.108865000E-03,+1.068939843993E+00,-42.124685470E-03,+494.660790E-06
+3.108870000E-03,+1.073551967052E+00,-41.732097558E-03,+1.145414556E-03
+3.108875000E-03,+1.079822381582E+00,-32.467022400E-03,+3.172424577E-03
+3.108880000E-03,+1.083916288587E+00,+1.871505930268E+00,+3.897927088E-03
+3.108885000E-03,+1.087854730762E+00,+2.552724532961E+00,+5.573178322E-03
+3.108890000E-03,+1.092829605040E+00,+2.552724532961E+00,+6.562499925E-03
+3.108895000E-03,+1.097389906529E+00,+2.552724532961E+00,+7.987123025E-03
+3.108900000E-03,+1.100913775834E+00,+2.552724532961E+00,+9.323806427E-03
+3.108905000E-03,+1.104852218009E+00,+2.552724532961E+00,+10.445037570E-03
+3.108910000E-03,+1.108168800865E+00,+2.552724532961E+00,+12.098303880E-03
+3.108915000E-03,+1.111692670185E+00,+2.552724532961E+00,+12.990891816E-03
+3.108920000E-03,+1.114491036986E+00,+2.552724532961E+00,+14.674937018E-03
+3.108925000E-03,+1.117393046997E+00,+2.552724532961E+00,+15.593906865E-03
+3.108930000E-03,+1.121435132369E+00,+2.552724532961E+00,+17.211997293E-03
+3.108935000E-03,+1.123300710262E+00,+2.552724532961E+00,+18.196921913E-03
+3.108940000E-03,+1.125425396196E+00,+2.552724532961E+00,+19.647926917E-03
+3.108945000E-03,+1.127031866016E+00,+2.552724532961E+00,+20.795539973E-03
+3.108950000E-03,+1.129312016748E+00,+2.552724532961E+00,+22.330087693E-03
+3.108955000E-03,+1.131954918714E+00,+2.552724532961E+00,+23.416142956E-03
+3.108960000E-03,+1.133509566952E+00,+2.552724532961E+00,+24.871544956E-03
+3.108965000E-03,+1.134960571972E+00,+2.552724532961E+00,+25.816896697E-03
+3.108970000E-03,+1.136307933742E+00,+2.552724532961E+00,+27.500941916E-03
+3.108975000E-03,+1.137655295547E+00,+2.552724532961E+00,+28.191268532E-03
+3.108980000E-03,+1.138380798058E+00,+2.552724532961E+00,+30.073178068E-03
+3.108985000E-03,+1.138380798075E+00,+2.552724532961E+00,+30.640389108E-03
+3.108990000E-03,+1.138121690028E+00,+2.552724532961E+00,+32.689384069E-03
+3.108995000E-03,+1.139261765399E+00,+2.552724532961E+00,+32.961997124E-03
+3.109000000E-03,+1.139054478973E+00,+2.552724532961E+00,+35.068152886E-03
+3.109005000E-03,+1.138899014144E+00,+2.552724532961E+00,+35.529836292E-03
+3.109010000E-03,+1.138588084499E+00,+2.552724532961E+00,+37.460112662E-03
+3.109015000E-03,+1.138069868419E+00,+2.552724532961E+00,+38.062499584E-03
+3.109020000E-03,+1.137862581995E+00,+2.552724532961E+00,+39.689383994E-03
+3.109025000E-03,+1.135945182530E+00,+2.552724532961E+00,+40.621544782E-03
+3.109030000E-03,+1.135789717691E+00,+2.552724532961E+00,+41.896670401E-03
+3.109035000E-03,+1.134649642335E+00,+2.552724532961E+00,+43.189383948E-03
+3.109040000E-03,+1.133509566972E+00,+2.552724532961E+00,+44.011620129E-03
+3.109045000E-03,+1.131695810730E+00,+2.552724532961E+00,+45.704459298E-03
+3.109050000E-03,+1.129882054428E+00,+2.552724532961E+00,+46.161745735E-03
+3.109055000E-03,+1.127031866038E+00,+2.552724532961E+00,+47.916142689E-03
+3.109060000E-03,+1.125943612263E+00,+2.552724532961E+00,+48.417398981E-03
+3.109065000E-03,+1.123559818325E+00,+2.552724532961E+00,+50.176192918E-03
+3.109070000E-03,+1.120657808318E+00,+2.552724532961E+00,+50.629082373E-03
+3.109075000E-03,+1.119258624914E+00,+2.552724532961E+00,+52.264760734E-03
+3.109080000E-03,+1.116045685227E+00,+2.552724532961E+00,+52.884735614E-03
+3.109085000E-03,+1.112262707911E+00,+2.552724532961E+00,+54.375313480E-03
+3.109090000E-03,+1.109257054693E+00,+2.552724532961E+00,+55.034861219E-03
+3.109095000E-03,+1.105836828587E+00,+2.552724532961E+00,+56.450690342E-03
+3.109100000E-03,+1.101483813583E+00,+2.552724532961E+00,+57.167398879E-03
+3.109105000E-03,+1.096871690496E+00,+2.552724532961E+00,+58.473303388E-03
+3.109110000E-03,+1.093295999562E+00,+2.552724532961E+00,+59.084484285E-03
+3.109115000E-03,+1.088372946867E+00,+2.552724532961E+00,+60.509107389E-03
+3.109120000E-03,+1.084123575031E+00,+2.552724532961E+00,+61.181846069E-03
+3.109125000E-03,+1.078941414305E+00,+2.552724532961E+00,+62.509735509E-03
+3.109130000E-03,+1.073448323928E+00,+2.552724532961E+00,+62.940640024E-03
+3.109135000E-03,+1.068421627973E+00,+2.552724532961E+00,+64.409232974E-03
+3.109140000E-03,+1.062824894397E+00,+2.552724532961E+00,+64.994031962E-03
+3.109145000E-03,+1.057124517572E+00,+2.552724532961E+00,+66.339509334E-03
+3.109150000E-03,+1.051579605592E+00,+2.552724532961E+00,+66.902323399E-03
+3.109155000E-03,+1.045516477473E+00,+2.552724532961E+00,+68.120288207E-03
+3.109160000E-03,+1.039194241370E+00,+2.552724532961E+00,+68.872172625E-03
+3.109165000E-03,+1.032872005269E+00,+2.552724532961E+00,+69.755966581E-03
+3.109170000E-03,+1.025876088240E+00,+2.552724532961E+00,+70.767273107E-03
+3.109175000E-03,+1.019087457670E+00,+2.552724532961E+00,+71.501569577E-03
+3.109180000E-03,+1.011521502992E+00,+2.552724532961E+00,+72.521670074E-03
+3.109185000E-03,+1.005095623674E+00,+2.552724532961E+00,+73.115263030E-03
+3.109190000E-03,+997.788776996E-03,+2.552724532961E+00,+74.183730359E-03
+3.109195000E-03,+990.015535873E-03,+2.552724532961E+00,+74.737750449E-03
+3.109200000E-03,+982.086829926E-03,+2.552724532961E+00,+75.801820790E-03
+3.109205000E-03,+975.401842583E-03,+2.552724532961E+00,+76.531720279E-03
+3.109210000E-03,+968.094995896E-03,+2.552724532961E+00,+77.191268013E-03
+3.109215000E-03,+959.129857829E-03,+2.552724532961E+00,+78.119031823E-03
+3.109220000E-03,+952.393048854E-03,+2.552724532961E+00,+78.536745388E-03
+3.109225000E-03,+943.583375585E-03,+2.552724532961E+00,+79.631594618E-03
+3.109230000E-03,+935.343739983E-03,+2.552724532961E+00,+79.847046879E-03
+3.109235000E-03,+925.964029041E-03,+2.552724532961E+00,+81.073805657E-03
+3.109240000E-03,+917.206177374E-03,+2.552724532961E+00,+81.174936317E-03
+3.109245000E-03,+907.722823200E-03,+2.552724532961E+00,+82.348931273E-03
+3.109250000E-03,+898.446755487E-03,+2.552724532961E+00,+82.538001629E-03
+3.109255000E-03,+888.497006791E-03,+2.552724532961E+00,+83.610865931E-03
+3.109260000E-03,+880.050084818E-03,+2.552724532961E+00,+83.804333276E-03
+3.109265000E-03,+870.152157775E-03,+2.552724532961E+00,+84.727700091E-03
+3.109270000E-03,+860.876090023E-03,+2.552724532961E+00,+85.088252860E-03
+3.109275000E-03,+851.081806238E-03,+2.552724532961E+00,+85.958855855E-03
+3.109280000E-03,+841.494808834E-03,+2.552724532961E+00,+86.222674957E-03
+3.109285000E-03,+830.301341645E-03,+2.552724532961E+00,+86.987750320E-03
+3.109290000E-03,+819.729733699E-03,+2.552724532961E+00,+87.295539263E-03
+3.109295000E-03,+808.432623295E-03,+2.552724532961E+00,+88.012247795E-03
+3.109300000E-03,+799.260198717E-03,+2.552724532961E+00,+88.245287998E-03
+3.109305000E-03,+787.859445111E-03,+2.552724532961E+00,+89.005966382E-03
+3.109310000E-03,+776.769621090E-03,+2.552724532961E+00,+89.199433714E-03
+3.109315000E-03,+767.130802125E-03,+2.552724532961E+00,+90.012875918E-03
+3.109320000E-03,+755.470940441E-03,+2.552724532961E+00,+90.065639738E-03
+3.109325000E-03,+744.070186788E-03,+2.552724532961E+00,+90.808730178E-03
+3.109330000E-03,+731.581179384E-03,+2.552724532961E+00,+90.927448770E-03
+3.109335000E-03,+721.216857866E-03,+2.552724532961E+00,+91.613378415E-03
+3.109340000E-03,+709.867925855E-03,+2.552724532961E+00,+91.635363339E-03
+3.109345000E-03,+697.171632025E-03,+2.552724532961E+00,+92.299308055E-03
+3.109350000E-03,+686.029986373E-03,+2.552724532961E+00,+92.404835689E-03
+3.109355000E-03,+674.318303103E-03,+2.552724532961E+00,+92.901694986E-03
+3.109360000E-03,+660.792863601E-03,+2.552724532961E+00,+93.020413572E-03
+3.109365000E-03,+648.770250628E-03,+2.552724532961E+00,+93.482096989E-03
+3.109370000E-03,+637.214032126E-03,+2.552724532961E+00,+93.548051757E-03
+3.109375000E-03,+624.103165463E-03,+2.552724532961E+00,+94.075689951E-03
+3.109380000E-03,+611.199585182E-03,+2.552724532961E+00,+93.943780397E-03
+3.109385000E-03,+598.192361747E-03,+2.552724532961E+00,+94.532976376E-03
+3.109390000E-03,+586.377035190E-03,+2.552724532961E+00,+94.370287930E-03
+3.109395000E-03,+574.095314242E-03,+2.552724532961E+00,+94.941895971E-03
+3.109400000E-03,+560.466231476E-03,+2.552724532961E+00,+94.726443704E-03
+3.109405000E-03,+547.096256754E-03,+2.552724532961E+00,+95.262875865E-03
+3.109410000E-03,+532.948957937E-03,+2.552724532961E+00,+95.007850739E-03
+3.109415000E-03,+519.578983168E-03,+2.552724532961E+00,+95.421167319E-03
+3.109420000E-03,+505.949900391E-03,+2.552724532961E+00,+95.284860790E-03
+3.109425000E-03,+492.890855349E-03,+2.552724532961E+00,+95.509107017E-03
+3.109430000E-03,+479.572702186E-03,+2.552724532961E+00,+95.535488927E-03
+3.109435000E-03,+466.047262645E-03,+2.552724532961E+00,+95.614634654E-03
+3.109440000E-03,+452.625466313E-03,+2.552724532961E+00,+95.658604502E-03
+3.109445000E-03,+438.944561918E-03,+2.552724532961E+00,+95.478328125E-03
+3.109450000E-03,+424.849084691E-03,+2.552724532961E+00,+95.680589425E-03
+3.109455000E-03,+410.649964242E-03,+2.552724532961E+00,+95.473931141E-03
+3.109460000E-03,+396.347200592E-03,+2.552724532961E+00,+95.698177363E-03
+3.109465000E-03,+381.992615329E-03,+2.552724532961E+00,+95.434358276E-03
+3.109470000E-03,+367.534386808E-03,+2.552724532961E+00,+95.487122087E-03
+3.109475000E-03,+353.387087971E-03,+2.552724532961E+00,+95.280463809E-03
+3.109480000E-03,+338.462465007E-03,+2.552724532961E+00,+95.232096965E-03
+3.109485000E-03,+323.848771703E-03,+2.552724532961E+00,+95.139760292E-03
+3.109490000E-03,+309.286900031E-03,+2.552724532961E+00,+94.805589437E-03
+3.109495000E-03,+296.227854940E-03,+2.552724532961E+00,+94.818780393E-03
+3.109500000E-03,+281.717804791E-03,+2.552724532961E+00,+94.475815572E-03
+3.109505000E-03,+266.793181866E-03,+2.552724532961E+00,+94.497800497E-03
+3.109510000E-03,+251.298521222E-03,+2.552724532961E+00,+94.097674872E-03
+3.109515000E-03,+236.477541474E-03,+2.552724532961E+00,+93.978956280E-03
+3.109520000E-03,+222.278420996E-03,+2.552724532961E+00,+93.653579404E-03
+3.109525000E-03,+207.042868439E-03,+2.552724532961E+00,+93.451318093E-03
+3.109530000E-03,+192.273710317E-03,+2.552724532961E+00,+93.257850763E-03
+3.109535000E-03,+177.193622539E-03,+2.552724532961E+00,+92.809358306E-03
+3.109540000E-03,+162.061713112E-03,+2.552724532961E+00,+92.620287957E-03
+3.109545000E-03,+147.862592655E-03,+2.552724532961E+00,+92.158604541E-03
+3.109550000E-03,+131.590607950E-03,+2.552724532961E+00,+91.965137205E-03
+3.109555000E-03,+115.577731221E-03,+2.552724532961E+00,+91.569408566E-03
+3.109560000E-03,+101.689540413E-03,+2.552724532961E+00,+91.134107066E-03
+3.109565000E-03,+86.298522978E-03,+2.552724532961E+00,+90.883478925E-03
+3.109570000E-03,+71.218435212E-03,+2.552724532961E+00,+90.184358334E-03
+3.109575000E-03,+56.604741931E-03,+2.552724532961E+00,+90.179961346E-03
+3.109580000E-03,+41.265546088E-03,+2.552724532961E+00,+89.256594527E-03
+3.109585000E-03,+25.770885473E-03,+2.552724532961E+00,+89.335740249E-03
+3.109590000E-03,+10.690797685E-03,+2.552724532961E+00,+88.201318158E-03
+3.109595000E-03,-3.715609166E-03,+2.552724532961E+00,+88.447549301E-03
+3.109600000E-03,-19.002983419E-03,+2.552724532961E+00,+87.168026716E-03
+3.109605000E-03,-33.409390314E-03,+2.552724532961E+00,+87.295539265E-03
+3.109610000E-03,-48.023083590E-03,+2.552724532961E+00,+86.183102102E-03
+3.109615000E-03,-63.310457821E-03,+2.552724532961E+00,+86.169911136E-03
+3.109620000E-03,-77.613221489E-03,+2.552724532961E+00,+85.110237789E-03
+3.109625000E-03,-93.159703739E-03,+2.552724532961E+00,+84.929961403E-03
+3.109630000E-03,-108.861650768E-03,+2.552724532961E+00,+84.019785539E-03
+3.109635000E-03,-124.874527465E-03,+2.552724532961E+00,+83.606468956E-03
+3.109640000E-03,-140.265544925E-03,+2.552724532961E+00,+82.828202631E-03
+3.109645000E-03,-155.345632677E-03,+2.552724532961E+00,+82.406092090E-03
+3.109650000E-03,-170.322077264E-03,+2.552724532961E+00,+81.381594609E-03
+3.109655000E-03,-185.246700219E-03,+2.552724532961E+00,+81.047423763E-03
+3.109660000E-03,-200.015858345E-03,+2.552724532961E+00,+80.106468988E-03
+3.109665000E-03,-214.007692371E-03,+2.552724532961E+00,+79.754710212E-03
+3.109670000E-03,-229.761461072E-03,+2.552724532961E+00,+78.598303179E-03
+3.109675000E-03,-245.567051334E-03,+2.552724532961E+00,+78.378453942E-03
+3.109680000E-03,-261.009890378E-03,+2.552724532961E+00,+77.094534349E-03
+3.109685000E-03,-275.209010829E-03,+2.552724532961E+00,+76.848303210E-03
+3.109690000E-03,-289.511774460E-03,+2.552724532961E+00,+75.608353461E-03
+3.109695000E-03,-304.384575857E-03,+2.552724532961E+00,+75.173051969E-03
+3.109700000E-03,-319.723771640E-03,+2.552724532961E+00,+74.152951467E-03
+3.109705000E-03,-334.544751390E-03,+2.552724532961E+00,+73.453830880E-03
+3.109710000E-03,-349.002979876E-03,+2.552724532961E+00,+72.565639928E-03
+3.109715000E-03,-362.839349084E-03,+2.552724532961E+00,+71.598303258E-03
+3.109720000E-03,-377.453042376E-03,+2.552724532961E+00,+70.943152510E-03
+3.109725000E-03,-392.429486948E-03,+2.552724532961E+00,+69.654835949E-03
+3.109730000E-03,-407.146823483E-03,+2.552724532961E+00,+69.289886194E-03
+3.109735000E-03,-420.775906278E-03,+2.552724532961E+00,+67.961996769E-03
+3.109740000E-03,-436.218745278E-03,+2.552724532961E+00,+67.491519381E-03
+3.109745000E-03,-451.143368245E-03,+2.552724532961E+00,+66.014132469E-03
+3.109750000E-03,-465.757061560E-03,+2.552724532961E+00,+65.583227943E-03
+3.109755000E-03,-479.437965953E-03,+2.552724532961E+00,+64.198177715E-03
+3.109760000E-03,-494.310767273E-03,+2.552724532961E+00,+63.578202842E-03
+3.109765000E-03,-508.198958057E-03,+2.552724532961E+00,+62.338253104E-03
+3.109770000E-03,-520.273392620E-03,+2.552724532961E+00,+61.489635029E-03
+3.109775000E-03,-534.368869825E-03,+2.552724532961E+00,+60.403579757E-03
+3.109780000E-03,-547.220628503E-03,+2.552724532961E+00,+59.418655154E-03
+3.109785000E-03,-561.367927337E-03,+2.552724532961E+00,+58.495288318E-03
+3.109790000E-03,-574.893366885E-03,+2.552724532961E+00,+57.343278299E-03
+3.109795000E-03,-587.537839131E-03,+2.552724532961E+00,+56.419911454E-03
+3.109800000E-03,-602.358818860E-03,+2.552724532961E+00,+55.303077313E-03
+3.109805000E-03,-614.070502180E-03,+2.552724532961E+00,+54.304961729E-03
+3.109810000E-03,-627.647763326E-03,+2.552724532961E+00,+53.232097433E-03
+3.109815000E-03,-640.654986803E-03,+2.552724532961E+00,+52.216393913E-03
+3.109820000E-03,-653.817675109E-03,+2.552724532961E+00,+51.059986906E-03
+3.109825000E-03,-666.099396068E-03,+2.552724532961E+00,+50.044283385E-03
+3.109830000E-03,-677.500149770E-03,+2.552724532961E+00,+48.681218087E-03
+3.109835000E-03,-690.662838009E-03,+2.552724532961E+00,+47.916142707E-03
+3.109840000E-03,-701.959948460E-03,+2.552724532961E+00,+46.412373884E-03
+3.109845000E-03,-714.811707111E-03,+2.552724532961E+00,+45.853956798E-03
+3.109850000E-03,-727.300714515E-03,+2.552724532961E+00,+43.994032201E-03
+3.109855000E-03,-738.649646578E-03,+2.552724532961E+00,+43.633479439E-03
+3.109860000E-03,-750.516794690E-03,+2.552724532961E+00,+41.522926703E-03
+3.109865000E-03,-762.746694032E-03,+2.552724532961E+00,+41.307474438E-03
+3.109870000E-03,-773.421945208E-03,+2.552724532961E+00,+39.161745826E-03
+3.109875000E-03,-785.340914929E-03,+2.552724532961E+00,+38.897926724E-03
+3.109880000E-03,-795.705236416E-03,+2.552724532961E+00,+36.958856403E-03
+3.109885000E-03,-806.898703626E-03,+2.552724532961E+00,+36.352072478E-03
+3.109890000E-03,-817.625776358E-03,+2.552724532961E+00,+34.690012198E-03
+3.109895000E-03,-827.730989827E-03,+2.552724532961E+00,+33.771042359E-03
+3.109900000E-03,-838.406241011E-03,+2.552724532961E+00,+32.381595143E-03
+3.109905000E-03,-849.910637853E-03,+2.552724532961E+00,+31.088881584E-03
+3.109910000E-03,-859.445813662E-03,+2.552724532961E+00,+30.081972048E-03
+3.109915000E-03,-869.810135107E-03,+2.552724532961E+00,+28.499057493E-03
+3.109920000E-03,-879.500775714E-03,+2.552724532961E+00,+27.720791161E-03
+3.109925000E-03,-890.176026893E-03,+2.552724532961E+00,+25.860866575E-03
+3.109930000E-03,-900.592169983E-03,+2.552724532961E+00,+25.232097721E-03
+3.109935000E-03,-909.920059328E-03,+2.552724532961E+00,+23.464509812E-03
+3.109940000E-03,-918.988840659E-03,+2.552724532961E+00,+22.624685693E-03
+3.109945000E-03,-928.213086816E-03,+2.552724532961E+00,+20.901067631E-03
+3.109950000E-03,-938.473765052E-03,+2.552724532961E+00,+20.122801295E-03
+3.109955000E-03,-947.594368001E-03,+2.552724532961E+00,+18.403580221E-03
+3.109960000E-03,-957.595938221E-03,+2.552724532961E+00,+17.471419417E-03
+3.109965000E-03,-966.561076281E-03,+2.552724532961E+00,+15.739007382E-03
+3.109970000E-03,-974.645247093E-03,+2.552724532961E+00,+14.921168191E-03
+3.109975000E-03,-982.677596254E-03,+2.552724532961E+00,+13.127198363E-03
+3.109980000E-03,-991.590912738E-03,+2.552724532961E+00,+12.445665706E-03
+3.109985000E-03,-999.778726684E-03,+2.552724532961E+00,+10.462625527E-03
+3.109990000E-03,-1.007292859799E+00,+2.552724532961E+00,+9.820665737E-03
+3.109995000E-03,-1.015117922542E+00,+2.552724532961E+00,+7.842022537E-03
+3.110000000E-03,-1.022632055629E+00,+2.552724532961E+00,+7.222047671E-03
+3.110005000E-03,-1.029783437457E+00,+2.552724532961E+00,+5.318153220E-03
+3.110010000E-03,-1.037142105742E+00,+2.552724532961E+00,+4.566268807E-03
+3.110015000E-03,-1.044241665963E+00,+2.552724532961E+00,+2.855841686E-03
+3.110020000E-03,-1.051859442241E+00,+2.552724532961E+00,+1.813756275E-03
+3.110025000E-03,-1.058855359239E+00,+2.552724532961E+00,+367.148243E-06
+3.110030000E-03,-1.066524957149E+00,+2.552724532961E+00,-1.004711028E-03
+3.110035000E-03,-1.071862582735E+00,+2.552724532961E+00,-2.090766305E-03
+3.110040000E-03,-1.079169429388E+00,+2.552724532961E+00,-3.678077833E-03
+3.110045000E-03,-1.084869806194E+00,+2.552724532961E+00,-4.566268794E-03
+3.110050000E-03,-1.090673826244E+00,+2.552724532961E+00,-6.408605437E-03
+3.110055000E-03,-1.095855987003E+00,+2.552724532961E+00,-7.239635601E-03
+3.110060000E-03,-1.102126401509E+00,+2.552724532961E+00,-8.985238573E-03
+3.110065000E-03,-1.107049454215E+00,+2.552724532961E+00,-9.895414470E-03
+3.110070000E-03,-1.110987896406E+00,+2.552724532961E+00,-11.570665685E-03
+3.110075000E-03,-1.116999202847E+00,+2.552724532961E+00,-12.559987303E-03
+3.110080000E-03,-1.122336828458E+00,+2.353054316817E+00,-14.200062643E-03
+3.110085000E-03,-1.124513335949E+00,+73.374694746E-03,-15.211369183E-03
+3.110090000E-03,-1.129799139933E+00,-173.877196634E-03,-16.688756084E-03
+3.110095000E-03,-1.133530295664E+00,-133.754710852E-03,-17.959484726E-03
+3.110100000E-03,-1.138246061925E+00,+210.466391049E-03,-19.181846514E-03
+3.110105000E-03,-1.142184504114E+00,-42.360236382E-03,-20.474560077E-03
+3.110110000E-03,-1.144361011679E+00,-72.118403912E-03,-21.745288705E-03
+3.110115000E-03,-1.147729416136E+00,-103.603955977E-03,-23.033605274E-03
+3.110120000E-03,-1.152497003968E+00,-31.603329519E-03,-24.581343946E-03
+3.110125000E-03,-1.155347192421E+00,-44.087624721E-03,-25.570665548E-03
+3.110130000E-03,-1.157834629598E+00,-52.017901561E-03,-27.281092656E-03
+3.110135000E-03,-1.161203034072E+00,-58.299308266E-03,-28.085740895E-03
+3.110140000E-03,-1.162654039071E+00,-55.001569886E-03,-29.796168010E-03
+3.110145000E-03,-1.165607870695E+00,-48.877197930E-03,-30.710740873E-03
+3.110150000E-03,-1.167473448595E+00,-52.017901488E-03,-32.249685573E-03
+3.110155000E-03,-1.169960885713E+00,-51.468278343E-03,-33.304961949E-03
+3.110160000E-03,-1.170479101822E+00,-52.803077320E-03,-34.777951876E-03
+3.110165000E-03,-1.172551966118E+00,-49.897926551E-03,-35.943152876E-03
+3.110170000E-03,-1.173122003801E+00,-47.149811111E-03,-37.178705620E-03
+3.110175000E-03,-1.174469365582E+00,-48.484610014E-03,-38.440640287E-03
+3.110180000E-03,-1.174624830431E+00,-49.662373817E-03,-39.649811123E-03
+3.110185000E-03,-1.176645873086E+00,-49.505338635E-03,-40.933730712E-03
+3.110190000E-03,-1.176075835456E+00,-50.054961775E-03,-42.147298535E-03
+3.110195000E-03,-1.175920370620E+00,-50.604584873E-03,-43.321293496E-03
+3.110200000E-03,-1.176749516348E+00,-50.211996946E-03,-44.614007051E-03
+3.110205000E-03,-1.175972192254E+00,-49.662373856E-03,-45.642901515E-03
+3.110210000E-03,-1.176594051518E+00,-50.054961748E-03,-47.049936673E-03
+3.110215000E-03,-1.175194868126E+00,-47.856469321E-03,-47.964509530E-03
+3.110220000E-03,-1.175350332941E+00,-48.013504542E-03,-49.433102475E-03
+3.110225000E-03,-1.172862895784E+00,-46.286117614E-03,-50.308102476E-03
+3.110230000E-03,-1.172448322934E+00,-47.620916579E-03,-51.789886363E-03
+3.110235000E-03,-1.171308247570E+00,-47.306846196E-03,-52.788001948E-03
+3.110240000E-03,-1.170479101868E+00,-50.211996930E-03,-53.940011968E-03
+3.110245000E-03,-1.168976275238E+00,-46.443152757E-03,-55.219534584E-03
+3.110250000E-03,-1.167162519002E+00,-47.777951750E-03,-56.147298377E-03
+3.110255000E-03,-1.164156865742E+00,-46.678705518E-03,-57.576318475E-03
+3.110260000E-03,-1.162550395905E+00,-47.620916575E-03,-58.240263181E-03
+3.110265000E-03,-1.160166601932E+00,-46.050564837E-03,-59.774810915E-03
+3.110270000E-03,-1.157316413562E+00,-48.092022114E-03,-60.407976732E-03
+3.110275000E-03,-1.153844365840E+00,-45.657976930E-03,-61.889760635E-03
+3.110280000E-03,-1.151719679948E+00,-48.720162791E-03,-62.729584750E-03
+3.110285000E-03,-1.148195810650E+00,-46.129082488E-03,-63.960740509E-03
+3.110290000E-03,-1.144361011696E+00,-46.678705490E-03,-65.059986735E-03
+3.110295000E-03,-1.140785320787E+00,-45.265388998E-03,-65.877825915E-03
+3.110300000E-03,-1.137261451476E+00,-45.815012052E-03,-67.227700278E-03
+3.110305000E-03,-1.133841225371E+00,-47.620916508E-03,-67.737750522E-03
+3.110310000E-03,-1.127985383728E+00,-44.558730710E-03,-69.355840960E-03
+3.110315000E-03,-1.124202406392E+00,-47.228328592E-03,-69.663629900E-03
+3.110320000E-03,-1.119693926517E+00,-46.443152781E-03,-71.356469078E-03
+3.110325000E-03,-1.114356300954E+00,-45.657976954E-03,-71.593906263E-03
+3.110330000E-03,-1.109485069896E+00,-44.087625168E-03,-73.229584630E-03
+3.110335000E-03,-1.104406552325E+00,-44.951318590E-03,-73.616519307E-03
+3.110340000E-03,-1.099587142829E+00,-44.637248286E-03,-75.093906218E-03
+3.110345000E-03,-1.093420371541E+00,-45.029836189E-03,-75.546795667E-03
+3.110350000E-03,-1.087823637933E+00,-45.108353772E-03,-76.861494146E-03
+3.110355000E-03,-1.081864153107E+00,-44.951318570E-03,-77.402323285E-03
+3.110360000E-03,-1.076319241055E+00,-45.343906546E-03,-78.633479050E-03
+3.110365000E-03,-1.070618864250E+00,-43.773554852E-03,-79.187499142E-03
+3.110370000E-03,-1.063519304041E+00,-44.951318594E-03,-80.401066973E-03
+3.110375000E-03,-1.057041603079E+00,-44.637248262E-03,-80.788001640E-03
+3.110380000E-03,-1.050097507692E+00,-44.401695525E-03,-82.195036803E-03
+3.110385000E-03,-1.043516163525E+00,-44.951318610E-03,-82.384107152E-03
+3.110390000E-03,-1.035121063153E+00,-45.657976947E-03,-83.874685026E-03
+3.110395000E-03,-1.027606930019E+00,-43.773554812E-03,-83.958227736E-03
+3.110400000E-03,-1.020092796950E+00,-44.087625164E-03,-85.527951338E-03
+3.110405000E-03,-1.011024015680E+00,-44.166142719E-03,-85.519157371E-03
+3.110410000E-03,-1.004753601145E+00,-44.166142759E-03,-87.053705091E-03
+3.110415000E-03,-995.684819857E-03,-42.752826171E-03,-87.084483991E-03
+3.110420000E-03,-987.186076189E-03,-44.244660314E-03,-88.337624670E-03
+3.110425000E-03,-978.428224586E-03,-43.459484504E-03,-88.663001564E-03
+3.110430000E-03,-971.225021086E-03,-44.244660289E-03,-89.599559334E-03
+3.110435000E-03,-961.948953365E-03,-42.988378932E-03,-90.030463859E-03
+3.110440000E-03,-952.931993660E-03,-42.831343779E-03,-90.738378417E-03
+3.110445000E-03,-944.070498775E-03,-43.616519597E-03,-91.512247758E-03
+3.110450000E-03,-934.224393358E-03,-41.653579993E-03,-91.987122128E-03
+3.110455000E-03,-924.481931249E-03,-42.595791013E-03,-92.848931159E-03
+3.110460000E-03,-914.739468944E-03,-44.558730695E-03,-93.121544230E-03
+3.110465000E-03,-904.893363546E-03,-42.988378986E-03,-94.005338174E-03
+3.110470000E-03,-893.337145083E-03,-43.066896565E-03,-94.273554268E-03
+3.110475000E-03,-884.993866261E-03,-41.732097564E-03,-95.078202487E-03
+3.110480000E-03,-874.318615119E-03,-43.223931665E-03,-95.487122095E-03
+3.110485000E-03,-864.265223273E-03,-42.988378982E-03,-96.111493935E-03
+3.110490000E-03,-854.781869095E-03,-41.889132701E-03,-96.568780376E-03
+3.110495000E-03,-844.676655646E-03,-43.066896548E-03,-97.153579355E-03
+3.110500000E-03,-834.105047738E-03,-43.773554799E-03,-97.483353229E-03
+3.110505000E-03,-822.963402099E-03,-43.302449318E-03,-98.085740148E-03
+3.110510000E-03,-812.029042942E-03,-42.988378924E-03,-98.402323065E-03
+3.110515000E-03,-798.918176259E-03,-41.182474408E-03,-99.088252699E-03
+3.110520000E-03,-789.279357245E-03,-42.752826101E-03,-99.242147178E-03
+3.110525000E-03,-777.412209114E-03,-42.281720678E-03,-99.985237616E-03
+3.110530000E-03,-764.819558485E-03,-41.182474458E-03,-99.936870789E-03
+3.110535000E-03,-753.315161661E-03,-41.967650279E-03,-100.737122030E-03
+3.110540000E-03,-740.722511073E-03,-43.145414115E-03,-100.635991385E-03
+3.110545000E-03,-730.306367938E-03,-41.653579931E-03,-101.379081821E-03
+3.110550000E-03,-717.817360515E-03,-42.517273443E-03,-101.361493891E-03
+3.110555000E-03,-705.794747567E-03,-41.260992037E-03,-101.853956191E-03
+3.110560000E-03,-693.357561826E-03,-42.124685453E-03,-102.073805440E-03
+3.110565000E-03,-681.024019250E-03,-41.575062386E-03,-102.328830556E-03
+3.110570000E-03,-669.001406303E-03,-40.868404114E-03,-102.733353172E-03
+3.110575000E-03,-656.616042086E-03,-41.889132717E-03,-102.742147137E-03
+3.110580000E-03,-643.660640246E-03,-42.674308563E-03,-103.243403416E-03
+3.110585000E-03,-629.824271033E-03,-42.517273414E-03,-103.089508947E-03
+3.110590000E-03,-616.713404328E-03,-41.025439242E-03,-103.617147129E-03
+3.110595000E-03,-603.291607987E-03,-41.418027186E-03,-103.366518998E-03
+3.110600000E-03,-589.766168461E-03,-41.339509607E-03,-103.929333053E-03
+3.110605000E-03,-575.774334432E-03,-41.496544752E-03,-103.753453665E-03
+3.110610000E-03,-562.767110990E-03,-40.946921672E-03,-104.105212450E-03
+3.110615000E-03,-550.589033200E-03,-41.182474501E-03,-103.955714966E-03
+3.110620000E-03,-536.493555998E-03,-41.496544773E-03,-104.303076773E-03
+3.110625000E-03,-523.745440509E-03,-40.946921680E-03,-104.096418483E-03
+3.110630000E-03,-509.805428101E-03,-40.946921647E-03,-104.391016472E-03
+3.110635000E-03,-494.518053929E-03,-40.868404068E-03,-104.114006422E-03
+3.110640000E-03,-481.407187264E-03,-42.281720648E-03,-104.505338078E-03
+3.110645000E-03,-467.311709978E-03,-40.554333792E-03,-104.135991348E-03
+3.110650000E-03,-453.112589546E-03,-42.517273405E-03,-104.553704917E-03
+3.110655000E-03,-438.084323364E-03,-41.889132717E-03,-104.039257674E-03
+3.110660000E-03,-422.848770750E-03,-42.909861311E-03,-104.527323006E-03
+3.110665000E-03,-409.012401582E-03,-41.182474459E-03,-103.836996369E-03
+3.110670000E-03,-395.538783600E-03,-41.496544769E-03,-104.399810442E-03
+3.110675000E-03,-381.236019931E-03,-41.339509650E-03,-103.661116978E-03
+3.110680000E-03,-365.793180929E-03,-40.632851319E-03,-104.131594364E-03
+3.110685000E-03,-351.075844400E-03,-40.868404085E-03,-103.476443611E-03
+3.110690000E-03,-335.373897307E-03,-42.831343737E-03,-103.771041605E-03
+3.110695000E-03,-320.812025626E-03,-41.103956885E-03,-103.208227532E-03
+3.110700000E-03,-305.421008184E-03,-42.831343724E-03,-103.326946133E-03
+3.110705000E-03,-291.325530922E-03,-41.339509552E-03,-102.882850658E-03
+3.110710000E-03,-276.141799969E-03,-40.632851319E-03,-102.733353176E-03
+3.110715000E-03,-261.268998615E-03,-41.575062373E-03,-102.601443622E-03
+3.110720000E-03,-245.567051573E-03,-41.418027207E-03,-102.223302930E-03
+3.110725000E-03,-230.176034138E-03,-40.946921655E-03,-102.135363222E-03
+3.110730000E-03,-214.474087085E-03,-40.475816102E-03,-101.642900931E-03
+3.110735000E-03,-200.378609806E-03,-41.496544756E-03,-101.502197403E-03
+3.110740000E-03,-185.972202945E-03,-41.103956838E-03,-101.005338120E-03
+3.110745000E-03,-170.840293543E-03,-40.397298575E-03,-100.829458716E-03
+3.110750000E-03,-154.931060076E-03,-41.575062382E-03,-100.266644666E-03
+3.110755000E-03,-139.643685891E-03,-41.182474420E-03,-100.046795409E-03
+3.110760000E-03,-123.786273961E-03,-42.438755771E-03,-99.589508986E-03
+3.110765000E-03,-108.913472578E-03,-42.203203035E-03,-99.255338131E-03
+3.110770000E-03,-94.247957674E-03,-41.575062364E-03,-98.718905983E-03
+3.110775000E-03,-79.323334767E-03,-40.397298606E-03,-98.450689905E-03
+3.110780000E-03,-64.657819809E-03,-41.339509594E-03,-97.848302973E-03
+3.110785000E-03,-49.733196842E-03,-41.575062343E-03,-97.540514037E-03
+3.110790000E-03,-34.653109069E-03,-41.025439233E-03,-96.815011532E-03
+3.110795000E-03,-19.935772581E-03,-40.475816184E-03,-96.665514041E-03
+3.110800000E-03,-4.492933574E-03,-43.145414102E-03,-95.838880885E-03
+3.110805000E-03,+11.830872775E-03,-41.496544773E-03,-95.623428627E-03
+3.110810000E-03,+26.185458109E-03,-41.339509669E-03,-94.766016579E-03
+3.110815000E-03,+41.628297119E-03,-41.653579925E-03,-94.418654774E-03
+3.110820000E-03,+56.708384900E-03,-42.124685413E-03,-93.710740203E-03
+3.110825000E-03,+71.684829458E-03,-41.418027190E-03,-93.103956300E-03
+3.110830000E-03,+87.334954921E-03,-41.418027260E-03,-92.611493991E-03
+3.110835000E-03,+103.036902015E-03,-40.475816114E-03,-91.784860831E-03
+3.110840000E-03,+117.961524927E-03,-40.946921711E-03,-91.538629676E-03
+3.110845000E-03,+133.508007210E-03,-40.632851337E-03,-90.342649797E-03
+3.110850000E-03,+148.950846177E-03,-40.161745770E-03,-90.355840745E-03
+3.110855000E-03,+164.393685257E-03,-41.103956859E-03,-88.922423673E-03
+3.110860000E-03,+179.525594619E-03,-40.946921597E-03,-89.005966384E-03
+3.110865000E-03,+193.310142248E-03,-40.946921685E-03,-87.493403595E-03
+3.110870000E-03,+209.893056617E-03,-42.046167878E-03,-87.625313132E-03
+3.110875000E-03,+224.299463518E-03,-39.141017186E-03,-86.064383508E-03
+3.110880000E-03,+238.913156820E-03,-42.046167838E-03,-86.117147325E-03
+3.110885000E-03,+253.682314971E-03,-40.711368902E-03,-84.626569453E-03
+3.110890000E-03,+268.969689144E-03,-40.397298500E-03,-84.499056893E-03
+3.110895000E-03,+284.049776960E-03,-40.554333737E-03,-83.144785545E-03
+3.110900000E-03,+299.285329566E-03,-40.632851293E-03,-82.819408672E-03
+3.110905000E-03,+314.624525346E-03,-40.868404134E-03,-81.575061944E-03
+3.110910000E-03,+328.875467458E-03,-40.554333763E-03,-81.082599650E-03
+3.110915000E-03,+342.867301414E-03,-42.831343749E-03,-79.864634823E-03
+3.110920000E-03,+357.532816323E-03,-42.046167882E-03,-79.350187607E-03
+3.110925000E-03,+371.213720732E-03,-40.632851386E-03,-78.132222782E-03
+3.110930000E-03,+385.412841218E-03,-41.889132708E-03,-77.529835869E-03
+3.110935000E-03,+401.166609878E-03,-41.103956824E-03,-76.355840889E-03
+3.110940000E-03,+416.143054436E-03,-42.517273374E-03,-75.639132370E-03
+3.110945000E-03,+429.202099545E-03,-41.260992074E-03,-74.575062015E-03
+3.110950000E-03,+443.038468700E-03,-43.223931698E-03,-73.748428871E-03
+3.110955000E-03,+456.874837931E-03,-41.575062373E-03,-72.781092190E-03
+3.110960000E-03,+470.711207114E-03,-41.182474460E-03,-71.800564573E-03
+3.110965000E-03,+484.599397929E-03,-40.318780948E-03,-70.890388689E-03
+3.110970000E-03,+497.295691736E-03,-41.339509612E-03,-69.799936451E-03
+3.110975000E-03,+511.442990559E-03,-41.182474442E-03,-69.056845998E-03
+3.110980000E-03,+524.812965343E-03,-42.281720671E-03,-67.737750544E-03
+3.110985000E-03,+538.234761679E-03,-42.831343762E-03,-67.043026925E-03
+3.110990000E-03,+551.086520374E-03,-43.459484446E-03,-65.578830972E-03
+3.110995000E-03,+564.871067911E-03,-40.789886561E-03,-65.033604837E-03
+3.111000000E-03,+577.049145712E-03,-43.066896510E-03,-63.490263157E-03
+3.111005000E-03,+590.626406816E-03,-42.360238240E-03,-62.923052090E-03
+3.111010000E-03,+605.084635319E-03,-41.103956887E-03,-61.366519456E-03
+3.111015000E-03,+616.796318563E-03,-42.046167833E-03,-60.720162668E-03
+3.111020000E-03,+629.803542102E-03,-41.260992066E-03,-59.343906415E-03
+3.111025000E-03,+641.929798247E-03,-41.732097534E-03,-58.460112446E-03
+3.111030000E-03,+654.315162478E-03,-41.103956860E-03,-57.184986840E-03
+3.111035000E-03,+665.923202542E-03,-42.124685510E-03,-56.125313478E-03
+3.111040000E-03,+678.464031557E-03,-42.046167878E-03,-55.021670276E-03
+3.111045000E-03,+690.693930872E-03,-40.711368947E-03,-53.834484357E-03
+3.111050000E-03,+701.524646876E-03,-40.554333759E-03,-52.827574820E-03
+3.111055000E-03,+713.702724643E-03,-41.418027163E-03,-51.411745696E-03
+3.111060000E-03,+724.948013474E-03,-42.203203029E-03,-50.440012027E-03
+3.111065000E-03,+737.126091209E-03,-42.046167896E-03,-49.112122605E-03
+3.111070000E-03,+749.511455331E-03,-41.732097543E-03,-47.995288439E-03
+3.111075000E-03,+759.979420115E-03,-41.889132681E-03,-46.781720619E-03
+3.111080000E-03,+771.121065698E-03,-42.124685483E-03,-45.669283438E-03
+3.111085000E-03,+782.366354555E-03,-41.260991993E-03,-44.429333711E-03
+3.111090000E-03,+792.782497653E-03,-42.517273359E-03,-43.237750800E-03
+3.111095000E-03,+802.991354298E-03,-41.182474429E-03,-41.975816148E-03
+3.111100000E-03,+813.770248648E-03,-41.810615167E-03,-40.845791028E-03
+3.111105000E-03,+824.393678237E-03,-41.339509649E-03,-39.390389044E-03
+3.111110000E-03,+834.136140435E-03,-41.182474452E-03,-38.414258395E-03
+3.111115000E-03,+844.034067404E-03,-39.219534756E-03,-36.954459421E-03
+3.111120000E-03,+855.227534691E-03,-43.066896455E-03,-36.013504646E-03
+3.111125000E-03,+864.348137581E-03,-40.632851360E-03,-34.399811199E-03
+3.111130000E-03,+873.831491790E-03,-42.517273386E-03,-33.432474528E-03
+3.111135000E-03,+885.439531833E-03,-41.967650304E-03,-31.788002183E-03
+3.111140000E-03,+894.404669922E-03,-43.302449303E-03,-30.930590127E-03
+3.111145000E-03,+903.680737716E-03,-42.831343707E-03,-29.325690651E-03
+3.111150000E-03,+913.371378237E-03,-42.752826194E-03,-28.367147945E-03
+3.111155000E-03,+921.714657127E-03,-40.632851365E-03,-26.771042446E-03
+3.111160000E-03,+929.747006275E-03,-41.967650332E-03,-25.728957017E-03
+3.111165000E-03,+938.297571495E-03,-41.967650355E-03,-24.194409301E-03
+3.111170000E-03,+946.485385462E-03,-42.909861336E-03,-22.967650519E-03
+3.111175000E-03,+955.554166775E-03,-42.517273409E-03,-21.617776163E-03
+3.111180000E-03,+963.482872714E-03,-42.909861345E-03,-20.289886728E-03
+3.111185000E-03,+971.567043491E-03,-41.967650314E-03,-19.063127944E-03
+3.111190000E-03,+979.132998202E-03,-41.182474475E-03,-17.612122943E-03
+3.111195000E-03,+987.787206628E-03,-45.343906470E-03,-16.407349079E-03
+3.111200000E-03,+993.902156332E-03,-42.124685469E-03,-14.969535027E-03
+3.111205000E-03,+1.000898073349E+00,-44.087625100E-03,-13.839509909E-03
+3.111210000E-03,+1.008826779270E+00,-40.789886577E-03,-12.388504908E-03
+3.111215000E-03,+1.014527156121E+00,-42.909861401E-03,-11.201318981E-03
+3.111220000E-03,+1.021263965100E+00,-42.046167915E-03,-9.807474784E-03
+3.111225000E-03,+1.029037206204E+00,-42.674308616E-03,-8.558731072E-03
+3.111230000E-03,+1.034426653367E+00,-42.988378932E-03,-7.178077833E-03
+3.111235000E-03,+1.041007997573E+00,-41.732097529E-03,-6.017273809E-03
+3.111240000E-03,+1.047122947253E+00,-42.831343786E-03,-4.517901978E-03
+3.111245000E-03,+1.053497004918E+00,-40.632851366E-03,-3.387876854E-03
+3.111250000E-03,+1.059197381735E+00,-42.595791039E-03,-1.906092960E-03
+3.111255000E-03,+1.063550396789E+00,-42.124685478E-03,-820.037686E-06
+3.111260000E-03,+1.069406238459E+00,-43.223931693E-03,+692.525106E-06
+3.111265000E-03,+1.074795685647E+00,-41.339509711E-03,+1.725816552E-03
+3.111270000E-03,+1.081066100125E+00,+134.147289881E-03,+3.467022557E-03
+3.111275000E-03,+1.084279039792E+00,+2.458267865549E+00,+4.364007486E-03
+3.111280000E-03,+1.090445811080E+00,+2.552724532961E+00,+5.938128060E-03
+3.111285000E-03,+1.092829605086E+00,+2.552724532961E+00,+7.085741118E-03
+3.111290000E-03,+1.097389906514E+00,+2.552724532961E+00,+8.422424514E-03
+3.111295000E-03,+1.101535635084E+00,+2.552724532961E+00,+9.754710942E-03
+3.111300000E-03,+1.105577720428E+00,+2.552724532961E+00,+10.845163190E-03
+3.111305000E-03,+1.109101589783E+00,+2.552724532961E+00,+12.485238551E-03
+3.111310000E-03,+1.111018989238E+00,+2.552724532961E+00,+13.487751094E-03
+3.111315000E-03,+1.113661891289E+00,+2.552724532961E+00,+15.079459628E-03
+3.111320000E-03,+1.117237582168E+00,+2.552724532961E+00,+15.936871675E-03
+3.111325000E-03,+1.120243235414E+00,+2.552724532961E+00,+17.717650548E-03
+3.111330000E-03,+1.121901526863E+00,+2.552724532961E+00,+18.561871654E-03
+3.111335000E-03,+1.124803536908E+00,+2.552724532961E+00,+20.157977155E-03
+3.111340000E-03,+1.126306363512E+00,+2.552724532961E+00,+21.186871621E-03
+3.111345000E-03,+1.128016476584E+00,+2.552724532961E+00,+22.681846474E-03
+3.111350000E-03,+1.129726589587E+00,+2.552724532961E+00,+23.803077627E-03
+3.111355000E-03,+1.132110383528E+00,+2.552724532961E+00,+25.218906744E-03
+3.111360000E-03,+1.133250458874E+00,+2.552724532961E+00,+26.370916799E-03
+3.111365000E-03,+1.134235069470E+00,+2.552724532961E+00,+27.685615264E-03
+3.111370000E-03,+1.135323323214E+00,+2.552724532961E+00,+28.921168027E-03
+3.111375000E-03,+1.137085257888E+00,+2.552724532961E+00,+30.205087599E-03
+3.111380000E-03,+1.136981614667E+00,+2.552724532961E+00,+31.414258447E-03
+3.111385000E-03,+1.137188901100E+00,+2.552724532961E+00,+32.693781043E-03
+3.111390000E-03,+1.139261765352E+00,+2.552724532961E+00,+33.757851391E-03
+3.111395000E-03,+1.137862582000E+00,+2.552724532961E+00,+35.169283527E-03
+3.111400000E-03,+1.138380798069E+00,+2.552724532961E+00,+36.158605134E-03
+3.111405000E-03,+1.138173511632E+00,+2.552724532961E+00,+37.649183000E-03
+3.111410000E-03,+1.137085257894E+00,+2.552724532961E+00,+38.594534752E-03
+3.111415000E-03,+1.136981614705E+00,+2.552724532961E+00,+40.107097547E-03
+3.111420000E-03,+1.135945182514E+00,+2.552724532961E+00,+40.973303572E-03
+3.111425000E-03,+1.135219679984E+00,+2.552724532961E+00,+42.446293504E-03
+3.111430000E-03,+1.133094994131E+00,+2.552724532961E+00,+43.272926670E-03
+3.111435000E-03,+1.132887707675E+00,+2.552724532961E+00,+44.675564836E-03
+3.111440000E-03,+1.130866664967E+00,+2.552724532961E+00,+45.638504529E-03
+3.111445000E-03,+1.129519303233E+00,+2.552724532961E+00,+46.979584910E-03
+3.111450000E-03,+1.127239152485E+00,+2.552724532961E+00,+47.946921580E-03
+3.111455000E-03,+1.124803536892E+00,+2.552724532961E+00,+49.085740678E-03
+3.111460000E-03,+1.122005170065E+00,+2.552724532961E+00,+50.180589902E-03
+3.111465000E-03,+1.119414089796E+00,+2.552724532961E+00,+51.240263267E-03
+3.111470000E-03,+1.117133939054E+00,+2.552724532961E+00,+52.405464237E-03
+3.111475000E-03,+1.113869177773E+00,+2.552724532961E+00,+53.495916513E-03
+3.111480000E-03,+1.110656238080E+00,+2.552724532961E+00,+54.485238090E-03
+3.111485000E-03,+1.107028725576E+00,+2.552724532961E+00,+55.553705438E-03
+3.111490000E-03,+1.102831175369E+00,+2.552724532961E+00,+56.604584797E-03
+3.111495000E-03,+1.099980986945E+00,+2.552724532961E+00,+57.646670236E-03
+3.111500000E-03,+1.094280610141E+00,+2.552724532961E+00,+58.666770705E-03
+3.111505000E-03,+1.090601276038E+00,+2.552724532961E+00,+59.669283279E-03
+3.111510000E-03,+1.086455547375E+00,+2.552724532961E+00,+60.693780744E-03
+3.111515000E-03,+1.080910635390E+00,+2.552724532961E+00,+61.498428990E-03
+3.111520000E-03,+1.076453977169E+00,+2.552724532961E+00,+62.786745545E-03
+3.111525000E-03,+1.070960886802E+00,+2.552724532961E+00,+63.336368663E-03
+3.111530000E-03,+1.065882369216E+00,+2.552724532961E+00,+64.822549546E-03
+3.111535000E-03,+1.060700208516E+00,+2.552724532961E+00,+65.213881204E-03
+3.111540000E-03,+1.055466226099E+00,+2.552724532961E+00,+66.875941485E-03
+3.111545000E-03,+1.049558562949E+00,+2.552724532961E+00,+66.994660084E-03
+3.111550000E-03,+1.042873575516E+00,+2.552724532961E+00,+68.762247997E-03
+3.111555000E-03,+1.037017733851E+00,+2.552724532961E+00,+68.779835945E-03
+3.111560000E-03,+1.030229103273E+00,+2.552724532961E+00,+70.543026872E-03
+3.111565000E-03,+1.022766791857E+00,+2.552724532961E+00,+70.635363562E-03
+3.111570000E-03,+1.016340912451E+00,+2.552724532961E+00,+72.139132383E-03
+3.111575000E-03,+1.009241352313E+00,+2.552724532961E+00,+72.402951480E-03
+3.111580000E-03,+1.002400900073E+00,+2.552724532961E+00,+73.713252970E-03
+3.111585000E-03,+994.368550926E-03,+2.552724532961E+00,+74.157348445E-03
+3.111590000E-03,+987.165347505E-03,+2.552724532961E+00,+75.252197681E-03
+3.111595000E-03,+979.392106360E-03,+2.552724532961E+00,+75.876569530E-03
+3.111600000E-03,+971.826151651E-03,+2.552724532961E+00,+76.760363494E-03
+3.111605000E-03,+963.949267316E-03,+2.552724532961E+00,+77.463881068E-03
+3.111610000E-03,+956.953350319E-03,+2.552724532961E+00,+78.237750421E-03
+3.111615000E-03,+948.817357967E-03,+2.552724532961E+00,+78.928077030E-03
+3.111620000E-03,+940.474079119E-03,+2.552724532961E+00,+79.605212714E-03
+3.111625000E-03,+930.576152158E-03,+2.552724532961E+00,+80.361494102E-03
+3.111630000E-03,+923.165662275E-03,+2.552724532961E+00,+80.902323253E-03
+3.111635000E-03,+914.148702553E-03,+2.552724532961E+00,+81.878453885E-03
+3.111640000E-03,+905.339029349E-03,+2.552724532961E+00,+82.168654891E-03
+3.111645000E-03,+896.270247957E-03,+2.552724532961E+00,+83.162373474E-03
+3.111650000E-03,+885.698640142E-03,+2.552724532961E+00,+83.347046838E-03
+3.111655000E-03,+876.785323559E-03,+2.552724532961E+00,+84.608981496E-03
+3.111660000E-03,+867.042861362E-03,+2.552724532961E+00,+84.428705118E-03
+3.111665000E-03,+856.937647909E-03,+2.552724532961E+00,+85.888504098E-03
+3.111670000E-03,+847.765223375E-03,+2.552724532961E+00,+85.567524204E-03
+3.111675000E-03,+837.400901897E-03,+2.552724532961E+00,+87.053705087E-03
+3.111680000E-03,+827.140223649E-03,+2.552724532961E+00,+86.622800576E-03
+3.111685000E-03,+816.413150869E-03,+2.552724532961E+00,+87.950690014E-03
+3.111690000E-03,+805.219683620E-03,+2.552724532961E+00,+87.735237752E-03
+3.111695000E-03,+794.337146107E-03,+2.552724532961E+00,+88.913629695E-03
+3.111700000E-03,+783.765538167E-03,+2.552724532961E+00,+88.874056834E-03
+3.111705000E-03,+773.142108620E-03,+2.552724532961E+00,+89.586368385E-03
+3.111710000E-03,+761.896819825E-03,+2.552724532961E+00,+89.942524157E-03
+3.111715000E-03,+749.718742046E-03,+2.552724532961E+00,+90.316267877E-03
+3.111720000E-03,+740.079923018E-03,+2.552724532961E+00,+90.905463842E-03
+3.111725000E-03,+728.523704582E-03,+2.552724532961E+00,+90.980212598E-03
+3.111730000E-03,+717.382058976E-03,+2.552724532961E+00,+91.776066846E-03
+3.111735000E-03,+705.514910872E-03,+2.552724532961E+00,+91.784860832E-03
+3.111740000E-03,+694.010514010E-03,+2.552724532961E+00,+92.523554268E-03
+3.111745000E-03,+680.588717685E-03,+2.552724532961E+00,+92.422423636E-03
+3.111750000E-03,+669.447072002E-03,+2.552724532961E+00,+93.130338186E-03
+3.111755000E-03,+657.994496752E-03,+2.552724532961E+00,+93.112750264E-03
+3.111760000E-03,+646.230991842E-03,+2.552724532961E+00,+93.618403509E-03
+3.111765000E-03,+633.171946786E-03,+2.552724532961E+00,+93.719534171E-03
+3.111770000E-03,+619.646507223E-03,+2.552724532961E+00,+94.075689940E-03
+3.111775000E-03,+606.794748647E-03,+2.552724532961E+00,+94.190011552E-03
+3.111780000E-03,+595.083065325E-03,+2.552724532961E+00,+94.598931145E-03
+3.111785000E-03,+582.075841833E-03,+2.552724532961E+00,+94.475815567E-03
+3.111790000E-03,+568.550402330E-03,+2.552724532961E+00,+94.941895974E-03
+3.111795000E-03,+556.061394886E-03,+2.552724532961E+00,+94.770413547E-03
+3.111800000E-03,+542.795063370E-03,+2.552724532961E+00,+95.324433661E-03
+3.111805000E-03,+529.476910236E-03,+2.552724532961E+00,+94.950689936E-03
+3.111810000E-03,+514.811395318E-03,+2.552724532961E+00,+95.636619578E-03
+3.111815000E-03,+501.804171856E-03,+2.552724532961E+00,+95.218906006E-03
+3.111820000E-03,+488.693305176E-03,+2.552724532961E+00,+95.632222597E-03
+3.111825000E-03,+474.494184789E-03,+2.552724532961E+00,+95.390388424E-03
+3.111830000E-03,+461.797890901E-03,+2.552724532961E+00,+95.583855762E-03
+3.111835000E-03,+447.806056843E-03,+2.552724532961E+00,+95.680589426E-03
+3.111840000E-03,+434.125152440E-03,+2.552724532961E+00,+95.443152243E-03
+3.111845000E-03,+419.407815948E-03,+2.552724532961E+00,+95.825689924E-03
+3.111850000E-03,+405.467803542E-03,+2.552724532961E+00,+95.122172357E-03
+3.111855000E-03,+391.320504726E-03,+2.552724532961E+00,+95.856468818E-03
+3.111860000E-03,+377.069562647E-03,+2.552724532961E+00,+95.047423611E-03
+3.111865000E-03,+362.093118084E-03,+2.552724532961E+00,+95.750941182E-03
+3.111870000E-03,+347.583067974E-03,+2.552724532961E+00,+94.871544215E-03
+3.111875000E-03,+333.694877168E-03,+2.552724532961E+00,+95.544282887E-03
+3.111880000E-03,+319.236648762E-03,+2.552724532961E+00,+94.620916078E-03
+3.111885000E-03,+305.244814710E-03,+2.552724532961E+00,+95.196921088E-03
+3.111890000E-03,+290.579299724E-03,+2.552724532961E+00,+94.387875884E-03
+3.111895000E-03,+275.343747171E-03,+2.552724532961E+00,+94.783604511E-03
+3.111900000E-03,+261.196448307E-03,+2.552724532961E+00,+94.031720106E-03
+3.111905000E-03,+245.442679622E-03,+2.552724532961E+00,+94.260363318E-03
+3.111910000E-03,+230.569878301E-03,+2.552724532961E+00,+93.684358290E-03
+3.111915000E-03,+216.318936212E-03,+2.552724532961E+00,+93.825061821E-03
+3.111920000E-03,+201.238848451E-03,+2.552724532961E+00,+93.134735176E-03
+3.111925000E-03,+185.744187827E-03,+2.552724532961E+00,+93.323805548E-03
+3.111930000E-03,+169.575846305E-03,+2.552724532961E+00,+92.585112064E-03
+3.111935000E-03,+154.858509762E-03,+2.552724532961E+00,+92.646669875E-03
+3.111940000E-03,+139.312027531E-03,+2.552724532961E+00,+91.995916093E-03
+3.111945000E-03,+123.610080432E-03,+2.552724532961E+00,+92.057473902E-03
+3.111950000E-03,+108.374527814E-03,+2.552724532961E+00,+91.274810570E-03
+3.111955000E-03,+94.019942554E-03,+2.552724532961E+00,+91.244031698E-03
+3.111960000E-03,+78.680746756E-03,+2.552724532961E+00,+90.553705055E-03
+3.111965000E-03,+63.807945449E-03,+2.552724532961E+00,+90.184358343E-03
+3.111970000E-03,+48.054176743E-03,+2.552724532961E+00,+89.845790493E-03
+3.111975000E-03,+33.077732194E-03,+2.552724532961E+00,+89.173051825E-03
+3.111980000E-03,+17.997644398E-03,+2.552724532961E+00,+89.093906076E-03
+3.111985000E-03,+3.539415872E-03,+2.552724532961E+00,+88.082599576E-03
+3.111990000E-03,-10.918812575E-03,+2.552724532961E+00,+88.170539244E-03
+3.111995000E-03,-26.517116466E-03,+2.552724532961E+00,+87.137247833E-03
+3.112000000E-03,-40.716236906E-03,+2.552724532961E+00,+87.102071920E-03
+3.112005000E-03,-55.485395050E-03,+2.552724532961E+00,+86.002825734E-03
+3.112010000E-03,-70.565482797E-03,+2.552724532961E+00,+85.866519170E-03
+3.112015000E-03,-85.179176079E-03,+2.552724532961E+00,+84.938755397E-03
+3.112020000E-03,-99.896512643E-03,+2.552724532961E+00,+84.652951344E-03
+3.112025000E-03,-116.479427059E-03,+2.552724532961E+00,+83.887876005E-03
+3.112030000E-03,-132.181374103E-03,+2.552724532961E+00,+83.276695081E-03
+3.112035000E-03,-146.898710636E-03,+2.552724532961E+00,+82.775438827E-03
+3.112040000E-03,-162.237906476E-03,+2.552724532961E+00,+81.988378516E-03
+3.112045000E-03,-177.214351014E-03,+2.552724532961E+00,+81.390388594E-03
+3.112050000E-03,-192.294438782E-03,+2.552724532961E+00,+80.620916225E-03
+3.112055000E-03,-206.338094435E-03,+2.552724532961E+00,+80.066896137E-03
+3.112060000E-03,-222.350971109E-03,+2.552724532961E+00,+79.350187599E-03
+3.112065000E-03,-237.379237318E-03,+2.552724532961E+00,+78.563127306E-03
+3.112070000E-03,-252.977541164E-03,+2.552724532961E+00,+77.872800680E-03
+3.112075000E-03,-268.005807345E-03,+2.552724532961E+00,+76.953830846E-03
+3.112080000E-03,-283.396824779E-03,+2.552724532961E+00,+76.426192650E-03
+3.112085000E-03,-298.476912515E-03,+2.552724532961E+00,+75.502825829E-03
+3.112090000E-03,-313.142427464E-03,+2.552724532961E+00,+74.755338402E-03
+3.112095000E-03,-327.807942404E-03,+2.552724532961E+00,+73.906720329E-03
+3.112100000E-03,-343.043494969E-03,+2.552724532961E+00,+73.146041929E-03
+3.112105000E-03,-356.568934558E-03,+2.552724532961E+00,+72.358981651E-03
+3.112110000E-03,-371.804487116E-03,+2.552724532961E+00,+71.308102256E-03
+3.112115000E-03,-386.573645232E-03,+2.552724532961E+00,+70.657348504E-03
+3.112120000E-03,-400.410014427E-03,+2.552724532961E+00,+69.500941469E-03
+3.112125000E-03,-414.350026900E-03,+2.552724532961E+00,+68.911745506E-03
+3.112130000E-03,-429.430114664E-03,+2.552724532961E+00,+67.605840993E-03
+3.112135000E-03,-443.888343152E-03,+2.552724532961E+00,+67.091393765E-03
+3.112140000E-03,-459.175717325E-03,+2.552724532961E+00,+65.763504335E-03
+3.112145000E-03,-472.338405633E-03,+2.552724532961E+00,+65.042398814E-03
+3.112150000E-03,-485.604737156E-03,+2.552724532961E+00,+63.987122443E-03
+3.112155000E-03,-500.114787273E-03,+2.552724532961E+00,+63.103328478E-03
+3.112160000E-03,-514.624837295E-03,+2.552724532961E+00,+62.114006880E-03
+3.112165000E-03,-527.010201569E-03,+2.552724532961E+00,+61.041142573E-03
+3.112170000E-03,-540.328354685E-03,+2.552724532961E+00,+60.196921469E-03
+3.112175000E-03,-553.024648476E-03,+2.552724532961E+00,+58.913001905E-03
+3.112180000E-03,-566.705552866E-03,+2.552724532961E+00,+58.178705409E-03
+3.112185000E-03,-579.920062796E-03,+2.552724532961E+00,+56.929961725E-03
+3.112190000E-03,-593.186394334E-03,+2.552724532961E+00,+56.107725531E-03
+3.112195000E-03,-605.727223317E-03,+2.552724532961E+00,+54.955715511E-03
+3.112200000E-03,-619.045376433E-03,+2.552724532961E+00,+53.935614998E-03
+3.112205000E-03,-632.259886295E-03,+2.552724532961E+00,+52.924308499E-03
+3.112210000E-03,-645.008001808E-03,+2.552724532961E+00,+51.750313519E-03
+3.112215000E-03,-657.186079560E-03,+2.552724532961E+00,+50.778579879E-03
+3.112220000E-03,-669.156870928E-03,+2.552724532961E+00,+49.595790926E-03
+3.112225000E-03,-681.075840625E-03,+2.552724532961E+00,+48.637248246E-03
+3.112230000E-03,-692.994810332E-03,+2.552724532961E+00,+47.370916579E-03
+3.112235000E-03,-705.535639393E-03,+2.552724532961E+00,+46.276067358E-03
+3.112240000E-03,-718.024646729E-03,+2.552724532961E+00,+45.203203033E-03
+3.112245000E-03,-729.943616479E-03,+2.552724532961E+00,+43.875313626E-03
+3.112250000E-03,-743.002661580E-03,+2.552724532961E+00,+42.969534714E-03
+3.112255000E-03,-754.921631276E-03,+2.552724532961E+00,+41.527323698E-03
+3.112260000E-03,-766.736957725E-03,+2.552724532961E+00,+40.612750822E-03
+3.112265000E-03,-777.671316976E-03,+2.552724532961E+00,+39.161745838E-03
+3.112270000E-03,-789.590286723E-03,+2.552724532961E+00,+38.229585017E-03
+3.112275000E-03,-800.939218755E-03,+2.552724532961E+00,+36.686243350E-03
+3.112280000E-03,-812.339972369E-03,+2.552724532961E+00,+35.754082530E-03
+3.112285000E-03,-822.652472270E-03,+2.552724532961E+00,+34.342650412E-03
+3.112290000E-03,-833.535009823E-03,+2.552724532961E+00,+33.252198137E-03
+3.112295000E-03,-845.143049911E-03,+2.552724532961E+00,+31.959484607E-03
+3.112300000E-03,-854.989155333E-03,+2.552724532961E+00,+30.833856457E-03
+3.112305000E-03,-865.094368818E-03,+2.552724532961E+00,+29.510364024E-03
+3.112310000E-03,-874.629544617E-03,+2.552724532961E+00,+28.279208244E-03
+3.112315000E-03,-885.719368600E-03,+2.552724532961E+00,+26.968906762E-03
+3.112320000E-03,-895.254544421E-03,+2.552724532961E+00,+25.812499733E-03
+3.112325000E-03,-906.240725143E-03,+2.552724532961E+00,+24.361494726E-03
+3.112330000E-03,-915.983187382E-03,+2.552724532961E+00,+23.363379161E-03
+3.112335000E-03,-925.673827920E-03,+2.552724532961E+00,+21.780464604E-03
+3.112340000E-03,-934.690787612E-03,+2.552724532961E+00,+20.936243503E-03
+3.112345000E-03,-943.604104150E-03,+2.552724532961E+00,+19.203831469E-03
+3.112350000E-03,-953.346566339E-03,+2.552724532961E+00,+18.368404341E-03
+3.112355000E-03,-961.897131599E-03,+2.552724532961E+00,+16.614007375E-03
+3.112360000E-03,-969.981302378E-03,+2.552724532961E+00,+15.756595320E-03
+3.112365000E-03,-979.620121363E-03,+2.552724532961E+00,+14.112122979E-03
+3.112370000E-03,-987.963400190E-03,+2.552724532961E+00,+13.048052637E-03
+3.112375000E-03,-996.099392539E-03,+2.552724532961E+00,+11.557474767E-03
+3.112380000E-03,-1.004079920103E+00,+2.552724532961E+00,+10.335112971E-03
+3.112385000E-03,-1.011490409984E+00,+2.552724532961E+00,+9.152324032E-03
+3.112390000E-03,-1.019263651165E+00,+2.552724532961E+00,+7.648555212E-03
+3.112395000E-03,-1.027762394665E+00,+2.552724532961E+00,+6.602072797E-03
+3.112400000E-03,-1.035069241372E+00,+2.552724532961E+00,+4.983982380E-03
+3.112405000E-03,-1.042065158360E+00,+2.552724532961E+00,+3.985866801E-03
+3.112410000E-03,-1.048128286509E+00,+2.552724532961E+00,+2.468907028E-03
+3.112415000E-03,-1.055746062828E+00,+2.552724532961E+00,+1.404836672E-03
+3.112420000E-03,-1.062949266173E+00,+2.552724532961E+00,-261.620578E-06
+3.112425000E-03,-1.069167859111E+00,+2.552724532961E+00,-1.255339177E-03
+3.112430000E-03,-1.074868235982E+00,+2.552724532961E+00,-2.745917038E-03
+3.112435000E-03,-1.081190472055E+00,+2.552724532961E+00,-3.875942160E-03
+3.112440000E-03,-1.086839027274E+00,+2.552724532961E+00,-5.260992394E-03
+3.112445000E-03,-1.092850333746E+00,+2.552724532961E+00,-6.505339111E-03
+3.112450000E-03,-1.099068926656E+00,+2.552724532961E+00,-7.960741107E-03
+3.112455000E-03,-1.103525584958E+00,+2.552724532961E+00,-9.103957173E-03
+3.112460000E-03,-1.109225961789E+00,+2.552724532961E+00,-10.682474751E-03
+3.112465000E-03,-1.114719052153E+00,+2.552724532961E+00,-11.680590302E-03
+3.112470000E-03,-1.119072067148E+00,+2.552724532961E+00,-13.509736029E-03
+3.112475000E-03,-1.124254227912E+00,+1.563559999796E+00,-14.270414397E-03
+3.112480000E-03,-1.128140848451E+00,-139.957595183E-03,-15.923680732E-03
+3.112485000E-03,-1.131561074600E+00,-180.786744054E-03,-16.745916880E-03
+3.112490000E-03,-1.136017732818E+00,-21.081976293E-03,-18.750942017E-03
+3.112495000E-03,-1.140318926232E+00,+167.517274666E-03,-19.450062573E-03
+3.112500000E-03,-1.142961828240E+00,-84.131593795E-03,-21.160489719E-03
+3.112505000E-03,-1.146641162360E+00,-74.709483854E-03,-22.070665563E-03
+3.112510000E-03,-1.150475961340E+00,-97.086996898E-03,-23.649183163E-03
+3.112515000E-03,-1.153999830627E+00,-18.098303911E-03,-24.906720813E-03
+3.112520000E-03,-1.157420056687E+00,-56.650438782E-03,-26.164258510E-03
+3.112525000E-03,-1.159285634642E+00,-48.092022098E-03,-27.681218273E-03
+3.112530000E-03,-1.162705860658E+00,-62.617775643E-03,-28.569409235E-03
+3.112535000E-03,-1.164105044030E+00,-48.955715793E-03,-30.336997139E-03
+3.112540000E-03,-1.166177908352E+00,-54.216393824E-03,-31.014132825E-03
+3.112545000E-03,-1.168147129489E+00,-50.761620082E-03,-33.067524747E-03
+3.112550000E-03,-1.170116350539E+00,-53.117147616E-03,-33.533605158E-03
+3.112555000E-03,-1.170323636996E+00,-50.211996989E-03,-35.529836282E-03
+3.112560000E-03,-1.172448322902E+00,-50.761620065E-03,-35.995916696E-03
+3.112565000E-03,-1.173847506293E+00,-48.170539628E-03,-38.027323698E-03
+3.112570000E-03,-1.174210257576E+00,-49.112750793E-03,-38.620916655E-03
+3.112575000E-03,-1.175039403303E+00,-46.914258286E-03,-40.441268399E-03
+3.112580000E-03,-1.174832116832E+00,-49.662373851E-03,-41.153579945E-03
+3.112585000E-03,-1.175868548974E+00,-49.897926647E-03,-42.868404053E-03
+3.112590000E-03,-1.175816727408E+00,-48.955715499E-03,-43.598303529E-03
+3.112595000E-03,-1.176801337875E+00,-49.819408991E-03,-45.207600016E-03
+3.112600000E-03,-1.176075835426E+00,-48.484610005E-03,-45.968278384E-03
+3.112605000E-03,-1.175298511291E+00,-46.443152826E-03,-47.559986926E-03
+3.112610000E-03,-1.175402154570E+00,-47.620916564E-03,-48.434986891E-03
+3.112615000E-03,-1.174002971176E+00,-46.992775833E-03,-49.929961777E-03
+3.112620000E-03,-1.173432933486E+00,-46.914258314E-03,-50.800564757E-03
+3.112625000E-03,-1.170997317923E+00,-49.269785876E-03,-52.330715521E-03
+3.112630000E-03,-1.169909064170E+00,-49.976444097E-03,-53.130966744E-03
+3.112635000E-03,-1.168613523971E+00,-47.620916587E-03,-54.454459221E-03
+3.112640000E-03,-1.167628913421E+00,-48.955715510E-03,-55.483353654E-03
+3.112645000E-03,-1.165141476258E+00,-46.914258332E-03,-56.635363712E-03
+3.112650000E-03,-1.163483184815E+00,-45.972047298E-03,-57.739006899E-03
+3.112655000E-03,-1.160736639686E+00,-45.736494508E-03,-58.741519466E-03
+3.112660000E-03,-1.158456488893E+00,-46.600187943E-03,-60.091393806E-03
+3.112665000E-03,-1.156694554257E+00,-45.422424200E-03,-60.816896334E-03
+3.112670000E-03,-1.152963398526E+00,-46.757223060E-03,-62.320665145E-03
+3.112675000E-03,-1.149802280507E+00,-45.657976961E-03,-62.958227965E-03
+3.112680000E-03,-1.146692984012E+00,-44.951318689E-03,-64.497172655E-03
+3.112685000E-03,-1.142858185093E+00,-44.715765893E-03,-65.059986735E-03
+3.112690000E-03,-1.139645245376E+00,-46.286117543E-03,-66.546167613E-03
+3.112695000E-03,-1.135706803252E+00,-44.794283405E-03,-67.170539481E-03
+3.112700000E-03,-1.132908436433E+00,-47.620916587E-03,-68.432474122E-03
+3.112705000E-03,-1.127829918922E+00,-44.715765841E-03,-69.333856036E-03
+3.112710000E-03,-1.123787833550E+00,-46.914258344E-03,-70.283604760E-03
+3.112715000E-03,-1.117880170293E+00,-44.951318666E-03,-71.396041944E-03
+3.112720000E-03,-1.113112582416E+00,-47.306846158E-03,-72.139132378E-03
+3.112725000E-03,-1.107101275959E+00,-45.972047275E-03,-73.387876095E-03
+3.112730000E-03,-1.101970936776E+00,-44.872801125E-03,-74.007850957E-03
+3.112735000E-03,-1.097306992091E+00,-45.343906526E-03,-75.326946417E-03
+3.112740000E-03,-1.091606615294E+00,-45.657976933E-03,-75.810614756E-03
+3.112745000E-03,-1.085647130464E+00,-44.637248254E-03,-77.173680061E-03
+3.112750000E-03,-1.079324894378E+00,-45.186871364E-03,-77.635363484E-03
+3.112755000E-03,-1.073987268780E+00,-44.244660319E-03,-78.994031806E-03
+3.112760000E-03,-1.067302281430E+00,-43.538002006E-03,-79.389760444E-03
+3.112765000E-03,-1.060876402048E+00,-44.323177906E-03,-80.748428772E-03
+3.112770000E-03,-1.055124203633E+00,-44.087625115E-03,-81.091393589E-03
+3.112775000E-03,-1.048180108222E+00,-44.244660284E-03,-82.476443832E-03
+3.112780000E-03,-1.040976904812E+00,-45.186871405E-03,-82.718277994E-03
+3.112785000E-03,-1.034032809355E+00,-44.637248336E-03,-84.134107139E-03
+3.112790000E-03,-1.026674141119E+00,-44.087625209E-03,-84.178076974E-03
+3.112795000E-03,-1.018330862353E+00,-44.480212980E-03,-85.756594558E-03
+3.112800000E-03,-1.011024015736E+00,-43.773554808E-03,-85.756594543E-03
+3.112805000E-03,-1.003976277033E+00,-43.695037267E-03,-87.321921175E-03
+3.112810000E-03,-995.840284689E-03,-44.401695428E-03,-87.238378442E-03
+3.112815000E-03,-988.377973173E-03,-44.637248324E-03,-88.772926180E-03
+3.112820000E-03,-979.050083864E-03,-43.538002017E-03,-88.663001548E-03
+3.112825000E-03,-970.499518668E-03,-43.459484506E-03,-90.078830695E-03
+3.112830000E-03,-962.259883062E-03,-44.166142784E-03,-90.122800531E-03
+3.112835000E-03,-953.553852974E-03,-42.595791036E-03,-91.248428675E-03
+3.112840000E-03,-944.433250018E-03,-42.831343762E-03,-91.661745232E-03
+3.112845000E-03,-934.276215024E-03,-42.438755856E-03,-92.365262834E-03
+3.112850000E-03,-925.362898502E-03,-42.281720653E-03,-92.932473858E-03
+3.112855000E-03,-914.739468983E-03,-44.087625156E-03,-93.561242720E-03
+3.112860000E-03,-904.893363580E-03,-43.302449244E-03,-94.141644702E-03
+3.112865000E-03,-893.440788311E-03,-43.066896571E-03,-94.524182415E-03
+3.112870000E-03,-883.231931706E-03,-43.773554731E-03,-95.399182373E-03
+3.112875000E-03,-873.852220674E-03,-42.988378883E-03,-95.614634671E-03
+3.112880000E-03,-863.850650456E-03,-44.087625109E-03,-96.370916026E-03
+3.112885000E-03,-853.123577699E-03,-43.380966860E-03,-96.753453754E-03
+3.112890000E-03,-843.225650662E-03,-41.967650257E-03,-97.267900940E-03
+3.112895000E-03,-832.654042692E-03,-44.323177870E-03,-97.826318055E-03
+3.112900000E-03,-820.994181086E-03,-43.145414016E-03,-98.164885862E-03
+3.112905000E-03,-809.904357100E-03,-42.360238299E-03,-98.802448699E-03
+3.112910000E-03,-797.933565790E-03,-40.946921678E-03,-98.929961236E-03
+3.112915000E-03,-785.496379978E-03,-41.496544776E-03,-99.686242655E-03
+3.112920000E-03,-773.940161513E-03,-42.438755744E-03,-99.712624550E-03
+3.112925000E-03,-761.295689271E-03,-43.380966884E-03,-100.411745154E-03
+3.112930000E-03,-750.464973307E-03,-44.323177858E-03,-100.490890873E-03
+3.112935000E-03,-738.805111595E-03,-42.909861379E-03,-101.075689874E-03
+3.112940000E-03,-727.248893091E-03,-42.988378972E-03,-101.181217496E-03
+3.112945000E-03,-714.604420928E-03,-42.831343715E-03,-101.739634586E-03
+3.112950000E-03,-702.011770309E-03,-41.182474427E-03,-101.761619506E-03
+3.112955000E-03,-689.004546846E-03,-41.653579855E-03,-102.315639607E-03
+3.112960000E-03,-677.448328377E-03,-42.595790935E-03,-102.276066738E-03
+3.112965000E-03,-664.596569689E-03,-41.496544895E-03,-102.825689854E-03
+3.112970000E-03,-651.692989433E-03,-41.967650352E-03,-102.680589347E-03
+3.112975000E-03,-637.908441834E-03,-41.182474433E-03,-103.441267731E-03
+3.112980000E-03,-625.471256026E-03,-41.889132705E-03,-103.001569249E-03
+3.112985000E-03,-613.293178303E-03,-40.318781017E-03,-103.815011446E-03
+3.112990000E-03,-599.404987528E-03,-40.868404109E-03,-103.287373271E-03
+3.112995000E-03,-586.035012758E-03,-40.632851312E-03,-104.201946117E-03
+3.113000000E-03,-573.390540559E-03,-41.103956804E-03,-103.520413468E-03
+3.113005000E-03,-560.279673846E-03,-41.889132729E-03,-104.426192341E-03
+3.113010000E-03,-547.065163949E-03,-41.967650322E-03,-103.810614472E-03
+3.113015000E-03,-533.073329908E-03,-41.967650268E-03,-104.465765212E-03
+3.113020000E-03,-520.169749688E-03,-42.281720695E-03,-103.924936077E-03
+3.113025000E-03,-505.452413119E-03,-42.281720568E-03,-104.496544104E-03
+3.113030000E-03,-491.253292664E-03,-41.889132675E-03,-104.052448640E-03
+3.113035000E-03,-477.209637075E-03,-41.732097519E-03,-104.566895861E-03
+3.113040000E-03,-463.062338304E-03,-42.595791031E-03,-104.122800389E-03
+3.113045000E-03,-449.536898647E-03,-43.223931632E-03,-104.483353153E-03
+3.113050000E-03,-433.783130015E-03,-41.339509577E-03,-103.968905922E-03
+3.113055000E-03,-419.013971862E-03,-41.182474500E-03,-104.470162201E-03
+3.113060000E-03,-405.073959433E-03,-41.260991960E-03,-103.858981299E-03
+3.113065000E-03,-391.185768635E-03,-41.182474433E-03,-104.329458682E-03
+3.113070000E-03,-375.794751252E-03,-41.810615118E-03,-103.502825532E-03
+3.113075000E-03,-360.662841810E-03,-40.554333791E-03,-104.188755162E-03
+3.113080000E-03,-346.360078140E-03,-42.438755760E-03,-103.309358196E-03
+3.113085000E-03,-330.917239154E-03,-42.046167831E-03,-103.924936073E-03
+3.113090000E-03,-314.541611165E-03,-41.260992002E-03,-102.913629559E-03
+3.113095000E-03,-300.549777132E-03,-41.025439302E-03,-103.423679789E-03
+3.113100000E-03,-285.417867846E-03,-41.339509589E-03,-102.592649662E-03
+3.113105000E-03,-270.596888029E-03,-41.889132760E-03,-102.918026533E-03
+3.113110000E-03,-255.931373107E-03,-40.868404134E-03,-102.245287853E-03
+3.113115000E-03,-240.540355724E-03,-40.318781054E-03,-102.293654680E-03
+3.113120000E-03,-225.719375916E-03,-42.046167849E-03,-101.867147150E-03
+3.113125000E-03,-209.810142381E-03,-38.983982031E-03,-101.660488866E-03
+3.113130000E-03,-195.507378744E-03,-42.124685418E-03,-101.277951175E-03
+3.113135000E-03,-180.945507065E-03,-39.690640303E-03,-100.943780338E-03
+3.113140000E-03,-165.502668083E-03,-41.496544715E-03,-100.618403442E-03
+3.113145000E-03,-149.748899443E-03,-38.591394071E-03,-100.271041653E-03
+3.113150000E-03,-134.772454832E-03,-41.967650329E-03,-99.822549175E-03
+3.113155000E-03,-119.485080576E-03,-39.847675447E-03,-99.571921065E-03
+3.113160000E-03,-104.508636069E-03,-42.360238203E-03,-98.903579330E-03
+3.113165000E-03,-88.392116113E-03,-41.339509675E-03,-98.850815548E-03
+3.113170000E-03,-74.763033365E-03,-41.418027127E-03,-98.046167276E-03
+3.113175000E-03,-59.268372690E-03,-41.810615112E-03,-98.076946207E-03
+3.113180000E-03,-44.447392982E-03,-41.025439277E-03,-97.065639650E-03
+3.113185000E-03,-29.367305172E-03,-41.103956858E-03,-97.096418572E-03
+3.113190000E-03,-15.427292758E-03,-41.732097475E-03,-96.014760275E-03
+3.113195000E-03,+1.259264848E-03,-40.946921660E-03,-96.058730140E-03
+3.113200000E-03,+16.339352602E-03,-41.025439265E-03,-94.990262806E-03
+3.113205000E-03,+31.989478082E-03,-41.025439234E-03,-94.884735174E-03
+3.113210000E-03,+47.121387423E-03,-39.690640254E-03,-93.965765330E-03
+3.113215000E-03,+62.564226458E-03,-40.083228245E-03,-93.640388454E-03
+3.113220000E-03,+76.970633355E-03,-41.967650255E-03,-92.844534187E-03
+3.113225000E-03,+92.102542797E-03,-40.475816193E-03,-92.387247766E-03
+3.113230000E-03,+108.063597874E-03,-41.418027225E-03,-91.626569375E-03
+3.113235000E-03,+122.521826326E-03,-40.868404110E-03,-91.142901045E-03
+3.113240000E-03,+137.757378959E-03,-42.281720634E-03,-90.303076933E-03
+3.113245000E-03,+153.562969201E-03,-39.847675471E-03,-89.880966379E-03
+3.113250000E-03,+167.813911304E-03,-40.946921734E-03,-88.953202575E-03
+3.113255000E-03,+182.738534248E-03,-40.161745733E-03,-88.557473925E-03
+3.113260000E-03,+197.818622034E-03,-42.831343663E-03,-87.489006615E-03
+3.113265000E-03,+213.313282692E-03,-41.653580036E-03,-87.190011630E-03
+3.113270000E-03,+228.393370458E-03,-42.438755845E-03,-85.945664933E-03
+3.113275000E-03,+242.333382851E-03,-41.182474390E-03,-85.774182498E-03
+3.113280000E-03,+258.657189168E-03,-41.103956877E-03,-84.534232785E-03
+3.113285000E-03,+273.581812127E-03,-40.161745832E-03,-84.186870955E-03
+3.113290000E-03,+289.283759265E-03,-42.124685503E-03,-82.841393610E-03
+3.113295000E-03,+303.793809365E-03,-39.690640303E-03,-82.498428763E-03
+3.113300000E-03,+317.630178621E-03,-40.161745813E-03,-81.289257945E-03
+3.113305000E-03,+332.554801515E-03,-40.789886535E-03,-80.744031800E-03
+3.113310000E-03,+346.857565177E-03,-41.103956933E-03,-79.517273040E-03
+3.113315000E-03,+361.419436884E-03,-39.847675478E-03,-79.059986592E-03
+3.113320000E-03,+375.514914112E-03,-41.967650229E-03,-77.846418780E-03
+3.113325000E-03,+390.128607389E-03,-41.103956790E-03,-77.318780585E-03
+3.113330000E-03,+404.016798220E-03,-41.182474402E-03,-75.938127339E-03
+3.113335000E-03,+419.615102048E-03,-41.182474458E-03,-75.555589651E-03
+3.113340000E-03,+432.466860783E-03,-40.946921672E-03,-74.086996704E-03
+3.113345000E-03,+447.287840420E-03,-40.554333724E-03,-73.700062039E-03
+3.113350000E-03,+461.176031276E-03,-39.455087586E-03,-72.165514308E-03
+3.113355000E-03,+474.338719635E-03,-40.161745851E-03,-71.760991707E-03
+3.113360000E-03,+489.004234512E-03,-41.260991983E-03,-70.230840967E-03
+3.113365000E-03,+502.011457965E-03,-41.260992045E-03,-69.830715351E-03
+3.113370000E-03,+515.536897523E-03,-41.810615174E-03,-68.335740479E-03
+3.113375000E-03,+530.254234074E-03,-42.752826113E-03,-67.759735474E-03
+3.113380000E-03,+543.883316830E-03,-43.145414061E-03,-66.409861100E-03
+3.113385000E-03,+556.424145841E-03,-42.124685485E-03,-65.592021930E-03
+3.113390000E-03,+570.208693382E-03,-42.203203040E-03,-64.303705350E-03
+3.113395000E-03,+583.371381741E-03,-40.397298587E-03,-63.305589795E-03
+3.113400000E-03,+596.223140385E-03,-40.632851405E-03,-62.382222956E-03
+3.113405000E-03,+609.230363905E-03,-40.789886504E-03,-61.093906406E-03
+3.113410000E-03,+621.512084817E-03,-44.009107500E-03,-60.315640060E-03
+3.113415000E-03,+633.741984221E-03,-41.967650279E-03,-58.904207939E-03
+3.113420000E-03,+646.023705211E-03,-42.831343762E-03,-58.178705411E-03
+3.113425000E-03,+658.357247805E-03,-42.517273414E-03,-56.626569774E-03
+3.113430000E-03,+670.794433547E-03,-41.889132667E-03,-55.971419002E-03
+3.113435000E-03,+681.780614363E-03,-41.967650273E-03,-54.428077328E-03
+3.113440000E-03,+692.974081568E-03,-41.967650222E-03,-53.742147666E-03
+3.113445000E-03,+706.136769802E-03,-41.889132629E-03,-52.128454241E-03
+3.113450000E-03,+717.589345135E-03,-41.182474484E-03,-51.380966796E-03
+3.113455000E-03,+728.575525910E-03,-42.046167828E-03,-49.723303508E-03
+3.113460000E-03,+739.665349957E-03,-41.732097600E-03,-49.094534664E-03
+3.113465000E-03,+751.014282001E-03,-41.810615092E-03,-47.239007046E-03
+3.113470000E-03,+762.725965347E-03,-42.124685415E-03,-46.720162835E-03
+3.113475000E-03,+773.763967649E-03,-41.260992027E-03,-44.847047272E-03
+3.113480000E-03,+784.853791625E-03,-41.889132774E-03,-44.354584972E-03
+3.113485000E-03,+795.373577995E-03,-41.182474402E-03,-42.437499559E-03
+3.113490000E-03,+805.945185926E-03,-41.418027188E-03,-41.958228215E-03
+3.113495000E-03,+816.879545059E-03,-40.946921672E-03,-40.098303594E-03
+3.113500000E-03,+827.502974674E-03,-41.418027137E-03,-39.416770954E-03
+3.113505000E-03,+837.556366543E-03,-41.575062426E-03,-37.640389059E-03
+3.113510000E-03,+847.817044782E-03,-39.219534864E-03,-36.721419224E-03
+3.113515000E-03,+857.507685311E-03,-43.302449170E-03,-35.375941839E-03
+3.113520000E-03,+867.509255585E-03,-42.988378783E-03,-34.017273528E-03
+3.113525000E-03,+877.355361002E-03,-42.046167930E-03,-32.992776035E-03
+3.113530000E-03,+887.564217740E-03,-42.674308614E-03,-31.264760996E-03
+3.113535000E-03,+897.047571918E-03,-42.438755833E-03,-30.548052443E-03
+3.113540000E-03,+906.634569252E-03,-42.674308563E-03,-28.683730877E-03
+3.113545000E-03,+915.081491323E-03,-41.653579988E-03,-28.072549957E-03
+3.113550000E-03,+923.891164570E-03,-41.967650330E-03,-25.940012315E-03
+3.113555000E-03,+932.700837872E-03,-41.732097562E-03,-25.557474599E-03
+3.113560000E-03,+940.888651838E-03,-43.773554686E-03,-23.367776157E-03
+3.113565000E-03,+948.506428109E-03,-41.810615130E-03,-22.914886695E-03
+3.113570000E-03,+956.642420518E-03,-41.575062388E-03,-20.764761112E-03
+3.113575000E-03,+964.156553607E-03,-42.831343762E-03,-20.245916873E-03
+3.113580000E-03,+972.448010843E-03,-41.182474433E-03,-18.179334000E-03
+3.113585000E-03,+979.910322329E-03,-40.868404149E-03,-17.506595299E-03
+3.113590000E-03,+988.305422712E-03,-44.323177853E-03,-15.695037546E-03
+3.113595000E-03,+996.545058306E-03,-42.203203085E-03,-14.890389299E-03
+3.113600000E-03,+1.003540975355E+00,-42.988378943E-03,-13.162374244E-03
+3.113605000E-03,+1.010899643588E+00,-42.909861311E-03,-12.168655664E-03
+3.113610000E-03,+1.017066414802E+00,-41.810615143E-03,-10.576947141E-03
+3.113615000E-03,+1.023595937401E+00,-44.009107537E-03,-9.420540119E-03
+3.113620000E-03,+1.029710887080E+00,-41.418027246E-03,-8.070665755E-03
+3.113625000E-03,+1.035825836776E+00,-43.145414137E-03,-6.826319038E-03
+3.113630000E-03,+1.041992608083E+00,-41.418027246E-03,-5.529208493E-03
+3.113635000E-03,+1.048003914522E+00,-42.752826162E-03,-4.091394451E-03
+3.113640000E-03,+1.054792545085E+00,-44.244660252E-03,-2.961369323E-03
+3.113645000E-03,+1.059249203350E+00,-42.281720646E-03,-1.426821613E-03
+3.113650000E-03,+1.065105044992E+00,-43.223931678E-03,-463.881918E-06
+3.113655000E-03,+1.069924454526E+00,-41.810615104E-03,+1.272927099E-03
+3.113660000E-03,+1.076143047412E+00,-38.434358963E-03,+2.134736149E-03
+3.113665000E-03,+1.081273386600E+00,+883.519114568E-03,+3.823178338E-03
+3.113670000E-03,+1.085056363895E+00,+2.552724532571E+00,+4.597047681E-03
+3.113675000E-03,+1.089823951775E+00,+2.552724532961E+00,+6.478957195E-03
+3.113680000E-03,+1.093814215564E+00,+2.552724532961E+00,+7.503454681E-03
+3.113685000E-03,+1.097493549674E+00,+2.552724532961E+00,+8.875313953E-03
+3.113690000E-03,+1.101483813489E+00,+2.552724532961E+00,+10.185615454E-03
+3.113695000E-03,+1.105525898868E+00,+2.552724532961E+00,+11.429962164E-03
+3.113700000E-03,+1.108531552115E+00,+2.552724532961E+00,+12.806218444E-03
+3.113705000E-03,+1.112262707850E+00,+2.552724532961E+00,+13.984610387E-03
+3.113710000E-03,+1.115216539468E+00,+2.552724532961E+00,+15.558730975E-03
+3.113715000E-03,+1.117911263118E+00,+2.552724532961E+00,+16.464509864E-03
+3.113720000E-03,+1.120243235416E+00,+2.552724532961E+00,+18.152952042E-03
+3.113725000E-03,+1.122575207714E+00,+2.552724532961E+00,+19.049936978E-03
+3.113730000E-03,+1.124648072086E+00,+2.552724532961E+00,+20.725188195E-03
+3.113735000E-03,+1.127083687604E+00,+2.552724532961E+00,+21.688127900E-03
+3.113740000E-03,+1.128949265456E+00,+2.552724532961E+00,+23.147926856E-03
+3.113745000E-03,+1.129985697605E+00,+2.552724532961E+00,+24.255967078E-03
+3.113750000E-03,+1.131333059409E+00,+2.552724532961E+00,+25.663002209E-03
+3.113755000E-03,+1.132835886056E+00,+2.552724532961E+00,+26.951318799E-03
+3.113760000E-03,+1.133354102070E+00,+2.552724532961E+00,+28.103328813E-03
+3.113765000E-03,+1.135893360928E+00,+2.552724532961E+00,+29.461997170E-03
+3.113770000E-03,+1.135167858388E+00,+2.552724532961E+00,+30.627198136E-03
+3.113775000E-03,+1.136307933770E+00,+2.552724532961E+00,+31.831972018E-03
+3.113780000E-03,+1.137603473923E+00,+2.552724532961E+00,+33.093906655E-03
+3.113785000E-03,+1.137862581952E+00,+2.552724532961E+00,+34.215137811E-03
+3.113790000E-03,+1.137551652333E+00,+2.552724532961E+00,+35.639760904E-03
+3.113795000E-03,+1.137862581991E+00,+2.552724532961E+00,+36.580715677E-03
+3.113800000E-03,+1.136826149898E+00,+2.552724532961E+00,+38.049308616E-03
+3.113805000E-03,+1.137603473949E+00,+2.552724532961E+00,+38.880338767E-03
+3.113810000E-03,+1.136981614629E+00,+2.552724532961E+00,+40.546796031E-03
+3.113815000E-03,+1.135841539277E+00,+2.552724532961E+00,+41.197549797E-03
+3.113820000E-03,+1.134338712712E+00,+2.552724532961E+00,+42.938755800E-03
+3.113825000E-03,+1.132006740362E+00,+2.552724532961E+00,+43.563127667E-03
+3.113830000E-03,+1.132162205141E+00,+2.552724532961E+00,+45.251569839E-03
+3.113835000E-03,+1.129726589672E+00,+2.552724532961E+00,+45.911117593E-03
+3.113840000E-03,+1.128431049424E+00,+2.552724532961E+00,+47.410489420E-03
+3.113845000E-03,+1.126513649947E+00,+2.552724532961E+00,+48.254710534E-03
+3.113850000E-03,+1.123559818351E+00,+2.552724532961E+00,+49.503454228E-03
+3.113855000E-03,+1.122056991734E+00,+2.552724532961E+00,+50.545539650E-03
+3.113860000E-03,+1.119517732923E+00,+2.552724532961E+00,+51.701946668E-03
+3.113865000E-03,+1.116563901389E+00,+2.552724532961E+00,+52.744032085E-03
+3.113870000E-03,+1.113091853591E+00,+2.552724532961E+00,+53.869660215E-03
+3.113875000E-03,+1.109567984343E+00,+2.552724532961E+00,+54.863378792E-03
+3.113880000E-03,+1.106355044653E+00,+2.552724532961E+00,+55.936243113E-03
+3.113885000E-03,+1.101742921675E+00,+2.552724532961E+00,+56.868403893E-03
+3.113890000E-03,+1.098063587455E+00,+2.552724532961E+00,+58.081971729E-03
+3.113895000E-03,+1.093762394096E+00,+2.552724532961E+00,+58.807474232E-03
+3.113900000E-03,+1.089253914236E+00,+2.552724532961E+00,+60.170539545E-03
+3.113905000E-03,+1.084382683132E+00,+2.552724532961E+00,+60.724559643E-03
+3.113910000E-03,+1.080081489711E+00,+2.552724532961E+00,+62.171167664E-03
+3.113915000E-03,+1.075676653039E+00,+2.552724532961E+00,+62.786745542E-03
+3.113920000E-03,+1.070079919475E+00,+2.552724532961E+00,+64.048680205E-03
+3.113925000E-03,+1.064379542691E+00,+2.552724532961E+00,+64.703830959E-03
+3.113930000E-03,+1.058990095434E+00,+2.552724532961E+00,+65.939383700E-03
+3.113935000E-03,+1.053393361852E+00,+2.552724532961E+00,+66.730840983E-03
+3.113940000E-03,+1.048055736259E+00,+2.552724532961E+00,+67.733353527E-03
+3.113945000E-03,+1.042096251451E+00,+2.552724532961E+00,+68.652323378E-03
+3.113950000E-03,+1.035203977633E+00,+2.552724532961E+00,+69.461368590E-03
+3.113955000E-03,+1.029503600801E+00,+2.552724532961E+00,+70.406720346E-03
+3.113960000E-03,+1.021419430056E+00,+2.552724532961E+00,+71.206971588E-03
+3.113965000E-03,+1.014838085870E+00,+2.552724532961E+00,+72.152323338E-03
+3.113970000E-03,+1.007323952860E+00,+2.552724532961E+00,+72.965765533E-03
+3.113975000E-03,+1.000794430272E+00,+2.552724532961E+00,+73.796795686E-03
+3.113980000E-03,+992.710259549E-03,+2.552724532961E+00,+74.649810741E-03
+3.113985000E-03,+985.299769643E-03,+2.552724532961E+00,+75.362122304E-03
+3.113990000E-03,+977.578350124E-03,+2.552724532961E+00,+76.219534349E-03
+3.113995000E-03,+969.753287451E-03,+2.552724532961E+00,+76.887876052E-03
+3.114000000E-03,+962.135511133E-03,+2.552724532961E+00,+77.833227793E-03
+3.114005000E-03,+953.481302652E-03,+2.552724532961E+00,+78.453202675E-03
+3.114010000E-03,+946.537207285E-03,+2.552724532961E+00,+79.209484063E-03
+3.114015000E-03,+937.105674700E-03,+2.552724532961E+00,+79.908604673E-03
+3.114020000E-03,+927.985071778E-03,+2.552724532961E+00,+80.519785558E-03
+3.114025000E-03,+920.056365824E-03,+2.552724532961E+00,+81.328830783E-03
+3.114030000E-03,+911.194870949E-03,+2.552724532961E+00,+81.755338310E-03
+3.114035000E-03,+901.763338449E-03,+2.552724532961E+00,+82.727071979E-03
+3.114040000E-03,+892.435449084E-03,+2.552724532961E+00,+83.039257888E-03
+3.114045000E-03,+882.433878857E-03,+2.552724532961E+00,+84.063755376E-03
+3.114050000E-03,+872.898702995E-03,+2.552724532961E+00,+84.239634761E-03
+3.114055000E-03,+862.845311197E-03,+2.552724532961E+00,+85.189383499E-03
+3.114060000E-03,+853.051027391E-03,+2.552724532961E+00,+85.453202594E-03
+3.114065000E-03,+843.567673280E-03,+2.552724532961E+00,+86.187499078E-03
+3.114070000E-03,+833.358816542E-03,+2.552724532961E+00,+86.662373434E-03
+3.114075000E-03,+823.253603087E-03,+2.552724532961E+00,+87.220790517E-03
+3.114080000E-03,+811.749206271E-03,+2.552724532961E+00,+87.801192519E-03
+3.114085000E-03,+801.229419929E-03,+2.552724532961E+00,+88.188127193E-03
+3.114090000E-03,+790.139595922E-03,+2.552724532961E+00,+88.830086980E-03
+3.114095000E-03,+779.827096087E-03,+2.552724532961E+00,+89.124684976E-03
+3.114100000E-03,+769.462774464E-03,+2.552724532961E+00,+89.828202541E-03
+3.114105000E-03,+758.735701787E-03,+2.552724532961E+00,+89.968906071E-03
+3.114110000E-03,+746.246694279E-03,+2.552724532961E+00,+90.646041723E-03
+3.114115000E-03,+733.964973490E-03,+2.552724532961E+00,+90.958227672E-03
+3.114120000E-03,+723.134257463E-03,+2.552724532961E+00,+91.384735191E-03
+3.114125000E-03,+712.666292697E-03,+2.552724532961E+00,+91.714509071E-03
+3.114130000E-03,+700.902787793E-03,+2.552724532961E+00,+92.057473884E-03
+3.114135000E-03,+688.206493995E-03,+2.552724532961E+00,+92.457599513E-03
+3.114140000E-03,+675.976594611E-03,+2.552724532961E+00,+92.681845736E-03
+3.114145000E-03,+662.554798272E-03,+2.552724532961E+00,+93.073177394E-03
+3.114150000E-03,+651.205866224E-03,+2.552724532961E+00,+93.354584424E-03
+3.114155000E-03,+639.286896507E-03,+2.552724532961E+00,+93.578830652E-03
+3.114160000E-03,+625.761457049E-03,+2.552724532961E+00,+93.829458794E-03
+3.114165000E-03,+614.671632979E-03,+2.552724532961E+00,+94.093277871E-03
+3.114170000E-03,+600.990728576E-03,+2.552724532961E+00,+94.335112062E-03
+3.114175000E-03,+587.879861918E-03,+2.552724532961E+00,+94.497800484E-03
+3.114180000E-03,+575.598140904E-03,+2.552724532961E+00,+94.669282908E-03
+3.114185000E-03,+562.746382325E-03,+2.552724532961E+00,+94.871544203E-03
+3.114190000E-03,+549.169121154E-03,+2.552724532961E+00,+94.911117081E-03
+3.114195000E-03,+535.902789584E-03,+2.552724532961E+00,+95.179333145E-03
+3.114200000E-03,+521.859133987E-03,+2.552724532961E+00,+95.086996471E-03
+3.114205000E-03,+509.214661720E-03,+2.552724532961E+00,+95.605840675E-03
+3.114210000E-03,+494.549146843E-03,+2.552724532961E+00,+95.069408538E-03
+3.114215000E-03,+482.060139453E-03,+2.552724532961E+00,+95.913629617E-03
+3.114220000E-03,+468.223770263E-03,+2.552724532961E+00,+95.113378386E-03
+3.114225000E-03,+454.335579439E-03,+2.552724532961E+00,+95.983981376E-03
+3.114230000E-03,+441.017426284E-03,+2.552724532961E+00,+95.065011558E-03
+3.114235000E-03,+426.818305887E-03,+2.552724532961E+00,+96.058730120E-03
+3.114240000E-03,+413.603795942E-03,+2.552724532961E+00,+95.152951255E-03
+3.114245000E-03,+398.990102682E-03,+2.552724532961E+00,+95.935614537E-03
+3.114250000E-03,+384.583695760E-03,+2.552724532961E+00,+95.139760304E-03
+3.114255000E-03,+370.332753715E-03,+2.552724532961E+00,+95.794911030E-03
+3.114260000E-03,+355.978168424E-03,+2.552724532961E+00,+95.016644725E-03
+3.114265000E-03,+341.416296798E-03,+2.552724532961E+00,+95.531091933E-03
+3.114270000E-03,+327.683570687E-03,+2.552724532961E+00,+94.950689946E-03
+3.114275000E-03,+312.810769398E-03,+2.552724532961E+00,+95.183730137E-03
+3.114280000E-03,+298.818935354E-03,+2.552724532961E+00,+94.559358281E-03
+3.114285000E-03,+283.790669330E-03,+2.552724532961E+00,+94.897926121E-03
+3.114290000E-03,+270.057943246E-03,+2.552724532961E+00,+94.163629647E-03
+3.114295000E-03,+254.718747458E-03,+2.552724532961E+00,+94.524182411E-03
+3.114300000E-03,+239.224086756E-03,+2.552724532961E+00,+93.807473869E-03
+3.114305000E-03,+225.698647267E-03,+2.552724532961E+00,+94.106468850E-03
+3.114310000E-03,+210.100343414E-03,+2.552724532961E+00,+93.293026642E-03
+3.114315000E-03,+195.538471710E-03,+2.552724532961E+00,+93.578830654E-03
+3.114320000E-03,+180.976599993E-03,+2.552724532961E+00,+92.809358301E-03
+3.114325000E-03,+165.533760931E-03,+2.552724532961E+00,+92.870916096E-03
+3.114330000E-03,+149.935457073E-03,+2.552724532961E+00,+92.220162336E-03
+3.114335000E-03,+134.337153322E-03,+2.552724532961E+00,+92.097046748E-03
+3.114340000E-03,+118.687027714E-03,+2.552724532961E+00,+91.600187473E-03
+3.114345000E-03,+104.332442547E-03,+2.552724532961E+00,+91.266016606E-03
+3.114350000E-03,+88.785960232E-03,+2.552724532961E+00,+90.958227691E-03
+3.114355000E-03,+73.913158948E-03,+2.552724532961E+00,+90.443780432E-03
+3.114360000E-03,+58.936714450E-03,+2.552724532961E+00,+90.184358344E-03
+3.114365000E-03,+43.856626570E-03,+2.552724532961E+00,+89.555589491E-03
+3.114370000E-03,+28.051036250E-03,+2.552724532961E+00,+89.212624698E-03
+3.114375000E-03,+13.851915836E-03,+2.552724532961E+00,+88.680589491E-03
+3.114380000E-03,-1.020885558E-03,+2.552724532961E+00,+88.179333252E-03
+3.114385000E-03,-16.619189314E-03,+2.552724532961E+00,+87.862750302E-03
+3.114390000E-03,-30.818309825E-03,+2.552724532961E+00,+86.974559395E-03
+3.114395000E-03,-45.328359944E-03,+2.552724532961E+00,+86.983353322E-03
+3.114400000E-03,-61.185771788E-03,+2.552724532961E+00,+85.853328255E-03
+3.114405000E-03,-76.110394748E-03,+2.552724532961E+00,+85.958855840E-03
+3.114410000E-03,-90.879552942E-03,+2.552724532961E+00,+84.692524254E-03
+3.114415000E-03,-106.270570253E-03,+2.552724532961E+00,+84.674936255E-03
+3.114420000E-03,-121.557944484E-03,+2.552724532961E+00,+83.391016736E-03
+3.114425000E-03,-136.845318753E-03,+2.552724532961E+00,+83.496544303E-03
+3.114430000E-03,-152.443622517E-03,+2.552724532961E+00,+82.155463994E-03
+3.114435000E-03,-167.109137491E-03,+2.552724532961E+00,+82.164257888E-03
+3.114440000E-03,-182.085582054E-03,+2.552724532961E+00,+80.937499174E-03
+3.114445000E-03,-196.699275402E-03,+2.552724532961E+00,+80.757222731E-03
+3.114450000E-03,-211.053860699E-03,+2.552724532961E+00,+79.578830845E-03
+3.114455000E-03,-226.393056482E-03,+2.552724532961E+00,+79.367775522E-03
+3.114460000E-03,-242.302290022E-03,+2.552724532961E+00,+78.079458994E-03
+3.114465000E-03,-258.004237034E-03,+2.552724532961E+00,+77.969534328E-03
+3.114470000E-03,-272.099714302E-03,+2.552724532961E+00,+76.610866034E-03
+3.114475000E-03,-287.024337150E-03,+2.552724532961E+00,+76.514132342E-03
+3.114480000E-03,-302.104425013E-03,+2.552724532961E+00,+74.812499223E-03
+3.114485000E-03,-317.910015295E-03,+2.552724532961E+00,+74.992775571E-03
+3.114490000E-03,-333.197389508E-03,+2.552724532961E+00,+73.075690202E-03
+3.114495000E-03,-347.137401884E-03,+2.552724532961E+00,+73.418654986E-03
+3.114500000E-03,-361.388344041E-03,+2.552724532961E+00,+71.404835948E-03
+3.114505000E-03,-376.364788566E-03,+2.552724532961E+00,+71.717021835E-03
+3.114510000E-03,-391.289411456E-03,+2.552724532961E+00,+69.769157568E-03
+3.114515000E-03,-405.903104800E-03,+2.552724532961E+00,+69.777951514E-03
+3.114520000E-03,-420.154046844E-03,+2.552724532961E+00,+68.102700294E-03
+3.114525000E-03,-434.353167375E-03,+2.552724532961E+00,+67.772926413E-03
+3.114530000E-03,-449.796006325E-03,+2.552724532961E+00,+66.339509366E-03
+3.114535000E-03,-463.476910687E-03,+2.552724532961E+00,+65.798680205E-03
+3.114540000E-03,-476.846885433E-03,+2.552724532961E+00,+64.527951592E-03
+3.114545000E-03,-490.683254659E-03,+2.552724532961E+00,+63.749685261E-03
+3.114550000E-03,-504.986018301E-03,+2.552724532961E+00,+62.685614915E-03
+3.114555000E-03,-519.029673987E-03,+2.552724532961E+00,+61.850187796E-03
+3.114560000E-03,-532.451470202E-03,+2.552724532961E+00,+60.636619965E-03
+3.114565000E-03,-544.992299351E-03,+2.552724532961E+00,+59.911117465E-03
+3.114570000E-03,-558.362274049E-03,+2.552724532961E+00,+58.693152647E-03
+3.114575000E-03,-572.457751270E-03,+2.552724532961E+00,+57.967650145E-03
+3.114580000E-03,-585.361331520E-03,+2.552724532961E+00,+56.600187851E-03
+3.114585000E-03,-599.094057546E-03,+2.552724532961E+00,+55.874685339E-03
+3.114590000E-03,-611.583064888E-03,+2.552724532961E+00,+54.423680343E-03
+3.114595000E-03,-624.072072387E-03,+2.552724532961E+00,+53.684986864E-03
+3.114600000E-03,-637.493868640E-03,+2.552724532961E+00,+52.440640171E-03
+3.114605000E-03,-650.863843423E-03,+2.552724532961E+00,+51.451318548E-03
+3.114610000E-03,-662.730991542E-03,+2.552724532961E+00,+50.343278388E-03
+3.114615000E-03,-673.665350755E-03,+2.552724532961E+00,+49.195665300E-03
+3.114620000E-03,-687.605363078E-03,+2.552724532961E+00,+48.179961828E-03
+3.114625000E-03,-700.094370448E-03,+2.552724532961E+00,+46.887248244E-03
+3.114630000E-03,-711.857875452E-03,+2.552724532961E+00,+45.963881447E-03
+3.114635000E-03,-724.243239574E-03,+2.552724532961E+00,+44.688755806E-03
+3.114640000E-03,-736.680425356E-03,+2.552724532961E+00,+43.558730720E-03
+3.114645000E-03,-747.977535836E-03,+2.552724532961E+00,+42.367147798E-03
+3.114650000E-03,-760.259256872E-03,+2.552724532961E+00,+41.193152857E-03
+3.114655000E-03,-771.141794415E-03,+2.552724532961E+00,+40.208228211E-03
+3.114660000E-03,-781.972510379E-03,+2.552724532961E+00,+38.651695598E-03
+3.114665000E-03,-793.943301699E-03,+2.552724532961E+00,+37.908605123E-03
+3.114670000E-03,-804.670374453E-03,+2.552724532961E+00,+36.237750906E-03
+3.114675000E-03,-815.760198450E-03,+2.552724532961E+00,+35.565012178E-03
+3.114680000E-03,-826.798200815E-03,+2.552724532961E+00,+33.713881591E-03
+3.114685000E-03,-838.613527327E-03,+2.552724532961E+00,+33.067524765E-03
+3.114690000E-03,-848.874205613E-03,+2.552724532961E+00,+31.264761017E-03
+3.114695000E-03,-858.823954246E-03,+2.552724532961E+00,+30.429333841E-03
+3.114700000E-03,-868.773702907E-03,+2.552724532961E+00,+28.982725857E-03
+3.114705000E-03,-878.412521942E-03,+2.552724532961E+00,+27.821921812E-03
+3.114710000E-03,-889.657810737E-03,+2.552724532961E+00,+26.608354018E-03
+3.114715000E-03,-899.192986481E-03,+2.552724532961E+00,+25.258479629E-03
+3.114720000E-03,-909.971880867E-03,+2.552724532961E+00,+24.141645499E-03
+3.114725000E-03,-919.766164676E-03,+2.552724532961E+00,+22.611494746E-03
+3.114730000E-03,-928.731302757E-03,+2.552724532961E+00,+21.648555072E-03
+3.114735000E-03,-937.644619297E-03,+2.552724532961E+00,+20.153580198E-03
+3.114740000E-03,-947.698011039E-03,+2.552724532961E+00,+19.023555093E-03
+3.114745000E-03,-958.321440616E-03,+2.552724532961E+00,+17.629710882E-03
+3.114750000E-03,-965.524644095E-03,+2.552724532961E+00,+16.451318938E-03
+3.114755000E-03,-974.541603793E-03,+2.552724532961E+00,+15.176193326E-03
+3.114760000E-03,-983.247633889E-03,+2.552724532961E+00,+13.764761178E-03
+3.114765000E-03,-991.228161408E-03,+2.552724532961E+00,+12.652324000E-03
+3.114770000E-03,-1.000348764368E+00,+2.552724532961E+00,+11.073806442E-03
+3.114775000E-03,-1.007448324560E+00,+2.552724532961E+00,+10.102072771E-03
+3.114780000E-03,-1.015532495318E+00,+2.552724532961E+00,+8.510364258E-03
+3.114785000E-03,-1.023305736484E+00,+2.552724532961E+00,+7.433102949E-03
+3.114790000E-03,-1.030353475131E+00,+2.552724532961E+00,+5.982097956E-03
+3.114795000E-03,-1.039370434805E+00,+2.552724532961E+00,+4.684987398E-03
+3.114800000E-03,-1.046521816623E+00,+2.552724532961E+00,+3.383479896E-03
+3.114805000E-03,-1.052740409550E+00,+2.552724532961E+00,+2.002826622E-03
+3.114810000E-03,-1.059580861714E+00,+2.552724532961E+00,+881.595497E-06
+3.114815000E-03,-1.066732243508E+00,+2.552724532961E+00,-529.836664E-06
+3.114820000E-03,-1.072795371627E+00,+2.552724532961E+00,-1.651067793E-03
+3.114825000E-03,-1.078651213317E+00,+2.552724532961E+00,-3.220791406E-03
+3.114830000E-03,-1.084455233297E+00,+2.552724532961E+00,-4.271670787E-03
+3.114835000E-03,-1.090207431767E+00,+2.552724532961E+00,-5.727072788E-03
+3.114840000E-03,-1.096426024674E+00,+2.552724532961E+00,-6.971419494E-03
+3.114845000E-03,-1.102540974314E+00,+2.552724532961E+00,-8.400439595E-03
+3.114850000E-03,-1.106479416424E+00,+2.552724532961E+00,-9.618404397E-03
+3.114855000E-03,-1.112283436536E+00,+2.552724532961E+00,-11.043027501E-03
+3.114860000E-03,-1.117310132457E+00,+2.552724532961E+00,-12.252198342E-03
+3.114865000E-03,-1.122855044482E+00,+2.551154181367E+00,-13.799937023E-03
+3.114870000E-03,-1.126171627361E+00,+587.193811845E-03,-14.824434494E-03
+3.114875000E-03,-1.130472820773E+00,-170.736492717E-03,-16.244660619E-03
+3.114880000E-03,-1.133530295624E+00,-176.154207255E-03,-17.431846514E-03
+3.114885000E-03,-1.138142418773E+00,+130.771035108E-03,-18.852072654E-03
+3.114890000E-03,-1.142080860937E+00,+48.720167876E-03,-20.056846500E-03
+3.114895000E-03,-1.146485697456E+00,-81.697549814E-03,-21.538630415E-03
+3.114900000E-03,-1.149024956272E+00,-90.648553675E-03,-22.769786160E-03
+3.114905000E-03,-1.152237895955E+00,-64.109611402E-03,-24.036117818E-03
+3.114910000E-03,-1.155399014056E+00,-27.284860938E-03,-25.249685632E-03
+3.114915000E-03,-1.157523699948E+00,-54.530464381E-03,-26.639132872E-03
+3.114920000E-03,-1.161410320505E+00,-53.117147360E-03,-27.843906717E-03
+3.114925000E-03,-1.163845936037E+00,-60.105213073E-03,-29.268529830E-03
+3.114930000E-03,-1.166385194818E+00,-47.620916620E-03,-30.504082549E-03
+3.114935000E-03,-1.168354415849E+00,-54.294911516E-03,-31.792399153E-03
+3.114940000E-03,-1.169701777678E+00,-50.604584885E-03,-32.992776003E-03
+3.114945000E-03,-1.171100961075E+00,-52.253454311E-03,-34.325062438E-03
+3.114950000E-03,-1.173588398273E+00,-49.662373825E-03,-35.512248333E-03
+3.114955000E-03,-1.173899327874E+00,-49.426821205E-03,-36.822549858E-03
+3.114960000E-03,-1.175039403283E+00,-49.112750745E-03,-37.970162883E-03
+3.114965000E-03,-1.175661262558E+00,-48.563127688E-03,-39.390389027E-03
+3.114970000E-03,-1.176749516310E+00,-49.112750760E-03,-40.450062349E-03
+3.114975000E-03,-1.176904981133E+00,-49.269785957E-03,-41.874685479E-03
+3.114980000E-03,-1.177993234855E+00,-50.211996942E-03,-42.956343723E-03
+3.114985000E-03,-1.177060445955E+00,-49.583856387E-03,-44.262248265E-03
+3.114990000E-03,-1.176542229984E+00,-50.761620052E-03,-45.286745716E-03
+3.114995000E-03,-1.177215910812E+00,-47.934986991E-03,-46.654208037E-03
