x-axis,1,2,3
second,Volt,Volt,Volt
+3.105000000E-03,-341.955241357E-03,-38.434358885E-03,-103.375312963E-03
+3.105005000E-03,-326.149651074E-03,-40.789886498E-03,-103.375312963E-03
+3.105010000E-03,-310.499525614E-03,-39.376569930E-03,-102.878453672E-03
+3.105015000E-03,-294.849400154E-03,-40.083228214E-03,-102.940011460E-03
+3.105020000E-03,-280.028420412E-03,-39.219534755E-03,-102.443152169E-03
+3.105025000E-03,-263.808257270E-03,-38.826946820E-03,-102.451946139E-03
+3.105030000E-03,-248.417239847E-03,-40.397298562E-03,-102.012247651E-03
+3.105035000E-03,-232.248898312E-03,-41.496544782E-03,-101.788001422E-03
+3.105040000E-03,-216.287843207E-03,-39.847675453E-03,-101.537373284E-03
+3.105045000E-03,-201.466863466E-03,-40.004710628E-03,-101.194408464E-03
+3.105050000E-03,-185.816738006E-03,-38.983981994E-03,-100.882222538E-03
+3.105055000E-03,-169.752039685E-03,-40.632851324E-03,-100.587624551E-03
+3.105060000E-03,-154.620130300E-03,-39.376569930E-03,-100.152323048E-03
+3.105065000E-03,-138.192680727E-03,-38.041770951E-03,-99.725815515E-03
+3.105070000E-03,-122.231625622E-03,-40.240263388E-03,-99.365262755E-03
+3.105075000E-03,-105.959640872E-03,-38.905464407E-03,-98.921167282E-03
+3.105080000E-03,-90.050407374E-03,-39.769157866E-03,-98.560614522E-03
+3.105085000E-03,-75.436714062E-03,-38.041770950E-03,-98.090137140E-03
+3.105090000E-03,-59.579302172E-03,-39.533605104E-03,-97.575689910E-03
+3.105095000E-03,-44.758322432E-03,-39.376569930E-03,-97.140388407E-03
+3.105100000E-03,-29.470948223E-03,-39.141017169E-03,-96.608353237E-03
+3.105105000E-03,-13.406249904E-03,-39.376569929E-03,-96.168654749E-03
+3.105110000E-03,+2.658448418E-03,-39.847675453E-03,-95.641016564E-03
+3.105115000E-03,+17.997644232E-03,-38.748429234E-03,-94.959483908E-03
+3.105120000E-03,+33.958699337E-03,-39.298052345E-03,-94.554961299E-03
+3.105125000E-03,+50.023397659E-03,-38.748429232E-03,-93.891016582E-03
+3.105130000E-03,+65.362593474E-03,-38.905464408E-03,-93.385363322E-03
+3.105135000E-03,+81.168183757E-03,-40.868404085E-03,-92.620287953E-03
+3.105140000E-03,+97.129238862E-03,-39.690640277E-03,-92.145413586E-03
+3.105145000E-03,+113.142115574E-03,-39.455087519E-03,-91.411117112E-03
+3.105150000E-03,+128.584954605E-03,-38.905464407E-03,-90.953830684E-03
+3.105155000E-03,+144.494188104E-03,-41.339509607E-03,-90.144785467E-03
+3.105160000E-03,+160.558886425E-03,-38.983981994E-03,-89.586368387E-03
+3.105165000E-03,+176.779049565E-03,-39.769157866E-03,-88.887247792E-03
+3.105170000E-03,+192.532818241E-03,-38.434358884E-03,-88.108981468E-03
+3.105175000E-03,+206.628295478E-03,-40.397298562E-03,-87.493403586E-03
+3.105180000E-03,+222.848458621E-03,-38.748429231E-03,-86.657976459E-03
+3.105185000E-03,+238.809513725E-03,-39.141017169E-03,-86.068780486E-03
+3.105190000E-03,+253.578671858E-03,-39.769157865E-03,-85.127825721E-03
+3.105195000E-03,+269.280618926E-03,-40.397298562E-03,-84.507850854E-03
+3.105200000E-03,+285.138030817E-03,-39.298052344E-03,-83.624056893E-03
+3.105205000E-03,+300.839977885E-03,-38.041770953E-03,-82.836996601E-03
+3.105210000E-03,+315.350027982E-03,-39.219534757E-03,-82.014760428E-03
+3.105215000E-03,+331.207439870E-03,-39.219534757E-03,-81.245288075E-03
+3.105220000E-03,+346.753922116E-03,-39.298052343E-03,-80.440639842E-03
+3.105225000E-03,+361.471258640E-03,-39.769157864E-03,-79.363378548E-03
+3.105230000E-03,+375.722200700E-03,-40.475816150E-03,-78.717021770E-03
+3.105235000E-03,+390.957753301E-03,-40.632851322E-03,-77.560614748E-03
+3.105240000E-03,+406.866986798E-03,-39.298052343E-03,-76.967021789E-03
+3.105245000E-03,+421.480680110E-03,-40.083228213E-03,-75.722675069E-03
+3.105250000E-03,+435.731622168E-03,-39.455087515E-03,-75.080715277E-03
+3.105255000E-03,+450.189850655E-03,-40.397298563E-03,-73.831971572E-03
+3.105260000E-03,+464.855365577E-03,-40.318780974E-03,-73.159232885E-03
+3.105265000E-03,+478.899021204E-03,-39.376569930E-03,-72.042398726E-03
+3.105270000E-03,+493.927287373E-03,-37.806218192E-03,-71.268529388E-03
+3.105275000E-03,+507.867299786E-03,-39.847675450E-03,-70.098931411E-03
+3.105280000E-03,+522.895565957E-03,-39.062499583E-03,-69.281092223E-03
+3.105285000E-03,+536.991043192E-03,-39.141017169E-03,-68.199433943E-03
+3.105290000E-03,+550.205553102E-03,-39.298052341E-03,-67.130966618E-03
+3.105295000E-03,+565.181997663E-03,-40.868404085E-03,-66.247172658E-03
+3.105300000E-03,+578.759258827E-03,-39.219534752E-03,-65.103956590E-03
+3.105305000E-03,+592.751092846E-03,-39.141017168E-03,-64.119031977E-03
+3.105310000E-03,+606.846570084E-03,-39.769157867E-03,-63.006594803E-03
+3.105315000E-03,+621.252976965E-03,-40.161745800E-03,-61.854584765E-03
+3.105320000E-03,+633.120125076E-03,-39.141017171E-03,-60.904836032E-03
+3.105325000E-03,+646.956494280E-03,-40.632851326E-03,-59.757222979E-03
+3.105330000E-03,+659.911896148E-03,-39.062499578E-03,-58.741519472E-03
+3.105335000E-03,+672.349081944E-03,-40.083228215E-03,-57.642273253E-03
+3.105340000E-03,+685.149018994E-03,-40.789886495E-03,-56.525439093E-03
+3.105345000E-03,+697.897134436E-03,-38.669911645E-03,-55.382223026E-03
+3.105350000E-03,+711.111644342E-03,-39.612122692E-03,-54.269785851E-03
+3.105355000E-03,+722.823327634E-03,-40.161745800E-03,-53.056218026E-03
+3.105360000E-03,+735.208691823E-03,-39.533605105E-03,-51.891017032E-03
+3.105365000E-03,+748.267736910E-03,-39.847675454E-03,-50.760991920E-03
+3.105370000E-03,+760.083063416E-03,-39.926193038E-03,-49.371544698E-03
+3.105375000E-03,+772.209319571E-03,-39.298052344E-03,-48.483353753E-03
+3.105380000E-03,+784.231932505E-03,-39.769157861E-03,-47.058730652E-03
+3.105385000E-03,+794.959005255E-03,-38.041770948E-03,-46.069409055E-03
+3.105390000E-03,+807.240726226E-03,-39.769157868E-03,-44.728328667E-03
+3.105395000E-03,+819.677912026E-03,-40.632851322E-03,-43.651067373E-03
+3.105400000E-03,+829.834947093E-03,-40.004710630E-03,-42.393529697E-03
+3.105405000E-03,+840.302911804E-03,-41.025439259E-03,-41.140389007E-03
+3.105410000E-03,+851.081806159E-03,-39.141017169E-03,-40.010363894E-03
+3.105415000E-03,+862.119808555E-03,-40.475816151E-03,-38.607725718E-03
+3.105420000E-03,+873.935135060E-03,-39.298052340E-03,-37.499685529E-03
+3.105425000E-03,+883.988526914E-03,-38.591394051E-03,-36.110238308E-03
+3.105430000E-03,+894.819242878E-03,-37.884735785E-03,-35.094534801E-03
+3.105435000E-03,+904.924456333E-03,-42.438755823E-03,-33.603956928E-03
+3.105440000E-03,+915.392421048E-03,-39.141017176E-03,-32.390389101E-03
+3.105445000E-03,+925.238526471E-03,-42.595791003E-03,-31.075690623E-03
+3.105450000E-03,+935.136453502E-03,-39.926193040E-03,-29.848931842E-03
+3.105455000E-03,+943.997948383E-03,-40.789886495E-03,-28.622173061E-03
+3.105460000E-03,+953.533124161E-03,-39.455087513E-03,-27.171168051E-03
+3.105465000E-03,+962.083689396E-03,-39.847675453E-03,-26.098303742E-03
+3.105470000E-03,+971.515221956E-03,-40.868404083E-03,-24.519786170E-03
+3.105475000E-03,+979.703035941E-03,-41.182474431E-03,-23.521670603E-03
+3.105480000E-03,+988.305422782E-03,-40.240263385E-03,-21.824434441E-03
+3.105485000E-03,+997.374204092E-03,-41.103956843E-03,-20.896670631E-03
+3.105490000E-03,+1.006598450224E+00,-42.281720649E-03,-19.142273666E-03
+3.105495000E-03,+1.014630799387E+00,-40.711368913E-03,-18.166143022E-03
+3.105500000E-03,+1.021574894786E+00,-40.946921672E-03,-16.574434498E-03
+3.105505000E-03,+1.030332746451E+00,-40.397298565E-03,-15.554334005E-03
+3.105510000E-03,+1.037017733817E+00,-40.868404082E-03,-14.226444573E-03
+3.105515000E-03,+1.044946439765E+00,-41.967650304E-03,-12.924937048E-03
+3.105520000E-03,+1.051527783915E+00,-41.260992023E-03,-11.583856661E-03
+3.105525000E-03,+1.059249203432E+00,-39.769157865E-03,-10.277952152E-03
+3.105530000E-03,+1.066556050084E+00,-39.847675453E-03,-8.954459704E-03
+3.105535000E-03,+1.073551967096E+00,-41.025439254E-03,-7.604585347E-03
+3.105540000E-03,+1.081014278571E+00,-41.103956849E-03,-6.289886869E-03
+3.105545000E-03,+1.087388336295E+00,-40.711368906E-03,-5.142273815E-03
+3.105550000E-03,+1.093969680444E+00,-41.182474433E-03,-3.625314033E-03
+3.105555000E-03,+1.100084630127E+00,-41.182474432E-03,-2.574434647E-03
+3.105560000E-03,+1.105370434096E+00,-39.062499587E-03,-1.017902000E-03
+3.105565000E-03,+1.111018989309E+00,-40.711368905E-03,-50.565327E-06
+3.105570000E-03,+1.117237582208E+00,-40.554333733E-03,+1.659861790E-03
+3.105575000E-03,+1.121694240452E+00,-28.933730877E-03,+2.627198463E-03
+3.105580000E-03,+1.125114466550E+00,+1.959131571958E+00,+4.359610504E-03
+3.105585000E-03,+1.130141162471E+00,+2.552724532961E+00,+5.225816526E-03
+3.105590000E-03,+1.133768674996E+00,+2.552724532961E+00,+6.755967262E-03
+3.105595000E-03,+1.138432619670E+00,+2.552724532961E+00,+7.965138105E-03
+3.105600000E-03,+1.142630169882E+00,+2.552724532961E+00,+9.358982310E-03
+3.105605000E-03,+1.146361325619E+00,+2.552724532961E+00,+10.541771244E-03
+3.105610000E-03,+1.150869805468E+00,+2.552724532961E+00,+11.918027509E-03
+3.105615000E-03,+1.155274642100E+00,+2.552724532961E+00,+13.166771215E-03
+3.105620000E-03,+1.158435760161E+00,+2.552724532961E+00,+14.516645572E-03
+3.105625000E-03,+1.161596878213E+00,+2.552724532961E+00,+15.739007367E-03
+3.105630000E-03,+1.165328033953E+00,+2.552724532961E+00,+17.216394287E-03
+3.105635000E-03,+1.168178222366E+00,+2.552724532961E+00,+18.236494778E-03
+3.105640000E-03,+1.170406551488E+00,+2.552724532961E+00,+19.832600289E-03
+3.105645000E-03,+1.173153096684E+00,+2.552724532961E+00,+20.773555053E-03
+3.105650000E-03,+1.173774955979E+00,+2.552724532961E+00,+22.479585185E-03
+3.105655000E-03,+1.176625144389E+00,+2.552724532961E+00,+23.103957038E-03
+3.105660000E-03,+1.178024327788E+00,+2.552724532961E+00,+24.955087671E-03
+3.105665000E-03,+1.179786262447E+00,+2.552724532961E+00,+25.821293692E-03
+3.105670000E-03,+1.181029981025E+00,+2.552724532961E+00,+27.492147945E-03
+3.105675000E-03,+1.182895558889E+00,+2.552724532961E+00,+28.477072559E-03
+3.105680000E-03,+1.182947380503E+00,+2.552724532961E+00,+29.884107719E-03
+3.105685000E-03,+1.183517418185E+00,+2.552724532961E+00,+31.014132833E-03
+3.105690000E-03,+1.183776526224E+00,+2.552724532961E+00,+32.355213220E-03
+3.105695000E-03,+1.184139277476E+00,+2.552724532961E+00,+33.467650394E-03
+3.105700000E-03,+1.184294742297E+00,+2.552724532961E+00,+34.685615205E-03
+3.105705000E-03,+1.184191099078E+00,+2.552724532961E+00,+35.916770971E-03
+3.105710000E-03,+1.184812958373E+00,+2.552724532961E+00,+37.121544827E-03
+3.105715000E-03,+1.184812958369E+00,+2.552724532961E+00,+38.387876472E-03
+3.105720000E-03,+1.183310131753E+00,+2.552724532961E+00,+39.504710631E-03
+3.105725000E-03,+1.182532807640E+00,+2.552724532961E+00,+40.775439261E-03
+3.105730000E-03,+1.182325521211E+00,+2.552724532961E+00,+41.931846283E-03
+3.105735000E-03,+1.180874516204E+00,+2.552724532961E+00,+43.017901548E-03
+3.105740000E-03,+1.178749830298E+00,+2.552724532961E+00,+44.213881435E-03
+3.105745000E-03,+1.177661576543E+00,+2.552724532961E+00,+45.484610064E-03
+3.105750000E-03,+1.175847820280E+00,+2.552724532961E+00,+46.394785934E-03
+3.105755000E-03,+1.173101275084E+00,+2.552724532961E+00,+47.757851246E-03
+3.105760000E-03,+1.171598448464E+00,+2.552724532961E+00,+48.663630130E-03
+3.105765000E-03,+1.168800081664E+00,+2.552724532961E+00,+49.982725594E-03
+3.105770000E-03,+1.165690785215E+00,+2.552724532961E+00,+50.791770811E-03
+3.105775000E-03,+1.163825207342E+00,+2.552724532961E+00,+52.216393912E-03
+3.105780000E-03,+1.159420370704E+00,+2.552724532961E+00,+52.968278326E-03
+3.105785000E-03,+1.157295684805E+00,+2.552724532961E+00,+54.322549668E-03
+3.105790000E-03,+1.153875458705E+00,+2.552724532961E+00,+55.074434082E-03
+3.105795000E-03,+1.150299767792E+00,+2.552724532961E+00,+56.375941606E-03
+3.105800000E-03,+1.145791287943E+00,+2.552724532961E+00,+57.184986824E-03
+3.105805000E-03,+1.142267418625E+00,+2.552724532961E+00,+58.293027012E-03
+3.105810000E-03,+1.137448009139E+00,+2.552724532961E+00,+59.335112429E-03
+3.105815000E-03,+1.133094994107E+00,+2.552724532961E+00,+60.196921464E-03
+3.105820000E-03,+1.128482871039E+00,+2.552724532961E+00,+61.353328488E-03
+3.105825000E-03,+1.123197067078E+00,+2.552724532961E+00,+62.153579735E-03
+3.105830000E-03,+1.118533122402E+00,+2.552724532961E+00,+63.415514395E-03
+3.105835000E-03,+1.112729102367E+00,+2.552724532961E+00,+64.145413885E-03
+3.105840000E-03,+1.107806049654E+00,+2.552724532961E+00,+65.275438998E-03
+3.105845000E-03,+1.101276527113E+00,+2.552724532961E+00,+66.036117383E-03
+3.105850000E-03,+1.095161577431E+00,+2.552724532961E+00,+67.122172646E-03
+3.105855000E-03,+1.088528411673E+00,+2.552724532961E+00,+68.001569623E-03
+3.105860000E-03,+1.083657180567E+00,+2.552724532961E+00,+68.929333431E-03
+3.105865000E-03,+1.076609441947E+00,+2.552724532961E+00,+69.931845985E-03
+3.105870000E-03,+1.069924454587E+00,+2.552724532961E+00,+70.556217836E-03
+3.105875000E-03,+1.062773072751E+00,+2.552724532961E+00,+71.782976617E-03
+3.105880000E-03,+1.056139906994E+00,+2.552724532961E+00,+72.095162543E-03
+3.105885000E-03,+1.048936703558E+00,+2.552724532961E+00,+73.502197704E-03
+3.105890000E-03,+1.041163462433E+00,+2.552724532961E+00,+73.853956494E-03
+3.105895000E-03,+1.033960258989E+00,+2.552724532961E+00,+75.063127335E-03
+3.105900000E-03,+1.025254228942E+00,+2.552724532961E+00,+75.608353460E-03
+3.105905000E-03,+1.017429166207E+00,+2.552724532961E+00,+76.509735360E-03
+3.105910000E-03,+1.008982244195E+00,+2.552724532961E+00,+77.200061986E-03
+3.105915000E-03,+1.001053538238E+00,+2.552724532961E+00,+78.009107204E-03
+3.105920000E-03,+992.243864968E-03,+2.552724532961E+00,+78.818152420E-03
+3.105925000E-03,+983.382370094E-03,+2.552724532961E+00,+79.358981563E-03
+3.105930000E-03,+973.847194316E-03,+2.552724532961E+00,+80.242775521E-03
+3.105935000E-03,+965.503915513E-03,+2.552724532961E+00,+80.770413708E-03
+3.105940000E-03,+956.797885452E-03,+2.552724532961E+00,+81.456343347E-03
+3.105945000E-03,+947.573639313E-03,+2.552724532961E+00,+82.124685051E-03
+3.105950000E-03,+938.504858003E-03,+2.552724532961E+00,+82.612750370E-03
+3.105955000E-03,+929.125147053E-03,+2.552724532961E+00,+83.637247848E-03
+3.105960000E-03,+918.709003949E-03,+2.552724532961E+00,+83.755966438E-03
+3.105965000E-03,+908.811076918E-03,+2.552724532961E+00,+84.864006628E-03
+3.105970000E-03,+898.913149895E-03,+2.552724532961E+00,+84.965137280E-03
+3.105975000E-03,+887.978790717E-03,+2.552724532961E+00,+86.033604605E-03
+3.105980000E-03,+877.873577256E-03,+2.552724532961E+00,+86.099559380E-03
+3.105985000E-03,+867.405612537E-03,+2.552724532961E+00,+87.150438764E-03
+3.105990000E-03,+855.590286039E-03,+2.552724532961E+00,+87.216393539E-03
+3.105995000E-03,+845.225964543E-03,+2.552724532961E+00,+88.073805586E-03
+3.106000000E-03,+833.825210890E-03,+2.552724532961E+00,+88.258478955E-03
+3.106005000E-03,+821.958062780E-03,+2.552724532961E+00,+88.865262866E-03
+3.106010000E-03,+810.039093056E-03,+2.552724532961E+00,+89.401695023E-03
+3.106015000E-03,+797.809193694E-03,+2.552724532961E+00,+89.683102053E-03
+3.106020000E-03,+787.393050588E-03,+2.552724532961E+00,+90.404207575E-03
+3.106025000E-03,+774.955864786E-03,+2.552724532961E+00,+90.584483953E-03
+3.106030000E-03,+763.036895066E-03,+2.552724532961E+00,+91.191267868E-03
+3.106035000E-03,+750.806995707E-03,+2.552724532961E+00,+91.402323142E-03
+3.106040000E-03,+737.126091326E-03,+2.552724532961E+00,+91.864006553E-03
+3.106045000E-03,+725.932624105E-03,+2.552724532961E+00,+92.228956298E-03
+3.106050000E-03,+713.495438311E-03,+2.552724532961E+00,+92.409232678E-03
+3.106055000E-03,+700.591858054E-03,+2.552724532961E+00,+92.822549257E-03
+3.106060000E-03,+688.724709932E-03,+2.552724532961E+00,+93.095162319E-03
+3.106065000E-03,+675.354735206E-03,+2.552724532961E+00,+93.605212564E-03
+3.106070000E-03,+662.088403695E-03,+2.552724532961E+00,+93.543654778E-03
+3.106075000E-03,+649.392109856E-03,+2.552724532961E+00,+94.053705022E-03
+3.106080000E-03,+635.296632621E-03,+2.552724532961E+00,+94.137247735E-03
+3.106085000E-03,+622.444873959E-03,+2.552724532961E+00,+94.519785418E-03
+3.106090000E-03,+609.230364059E-03,+2.552724532961E+00,+94.541770344E-03
+3.106095000E-03,+595.964032534E-03,+2.552724532961E+00,+94.766016573E-03
+3.106100000E-03,+582.334949770E-03,+2.552724532961E+00,+95.029835665E-03
+3.106105000E-03,+568.394937360E-03,+2.552724532961E+00,+94.990262801E-03
+3.106110000E-03,+555.698643527E-03,+2.552724532961E+00,+95.245287924E-03
+3.106115000E-03,+540.825842185E-03,+2.552724532961E+00,+95.201318077E-03
+3.106120000E-03,+526.574900119E-03,+2.552724532961E+00,+95.364006517E-03
+3.106125000E-03,+512.583066092E-03,+2.552724532961E+00,+95.364006517E-03
+3.106130000E-03,+498.746696898E-03,+2.552724532961E+00,+95.531091941E-03
+3.106135000E-03,+483.614787519E-03,+2.552724532961E+00,+95.557473851E-03
+3.106140000E-03,+470.192991174E-03,+2.552724532961E+00,+95.561870836E-03
+3.106145000E-03,+455.475654649E-03,+2.552724532961E+00,+95.641016563E-03
+3.106150000E-03,+440.965604551E-03,+2.552724532961E+00,+95.535488926E-03
+3.106155000E-03,+426.351911238E-03,+2.552724532961E+00,+95.658604504E-03
+3.106160000E-03,+411.945504355E-03,+2.552724532961E+00,+95.487122093E-03
+3.106165000E-03,+396.865416583E-03,+2.552724532961E+00,+95.570664806E-03
+3.106170000E-03,+381.733507199E-03,+2.552724532961E+00,+95.469534153E-03
+3.106175000E-03,+365.668808883E-03,+2.552724532961E+00,+95.372800486E-03
+3.106180000E-03,+350.744185928E-03,+2.552724532961E+00,+95.183730137E-03
+3.106185000E-03,+335.715919754E-03,+2.552724532961E+00,+95.130966318E-03
+3.106190000E-03,+320.791296794E-03,+2.552724532961E+00,+94.977071848E-03
+3.106195000E-03,+306.333068312E-03,+2.552724532961E+00,+94.757222604E-03
+3.106200000E-03,+290.786586061E-03,+2.552724532961E+00,+94.620916073E-03
+3.106205000E-03,+275.913784711E-03,+2.552724532961E+00,+94.458227631E-03
+3.106210000E-03,+259.693621579E-03,+2.552724532961E+00,+94.181217586E-03
+3.106215000E-03,+244.768998621E-03,+2.552724532961E+00,+94.027323113E-03
+3.106220000E-03,+229.792554055E-03,+2.552724532961E+00,+93.671167339E-03
+3.106225000E-03,+213.209639658E-03,+2.552724532961E+00,+93.561242716E-03
+3.106230000E-03,+198.336838313E-03,+2.552724532961E+00,+93.042398502E-03
+3.106235000E-03,+182.375783206E-03,+2.552724532961E+00,+93.073177395E-03
+3.106240000E-03,+167.192052209E-03,+2.552724532961E+00,+92.523554288E-03
+3.106245000E-03,+151.230997104E-03,+2.552724532961E+00,+92.325689966E-03
+3.106250000E-03,+135.218120390E-03,+2.552724532961E+00,+91.943152282E-03
+3.106255000E-03,+118.842492437E-03,+2.552724532961E+00,+91.600187461E-03
+3.106260000E-03,+102.829615717E-03,+2.552724532961E+00,+91.204458824E-03
+3.106265000E-03,+87.334955089E-03,+2.552724532961E+00,+90.839509077E-03
+3.106270000E-03,+71.270256763E-03,+2.552724532961E+00,+90.391016622E-03
+3.106275000E-03,+56.138347376E-03,+2.552724532961E+00,+89.946921148E-03
+3.106280000E-03,+40.540043510E-03,+2.552724532961E+00,+89.458855827E-03
+3.106285000E-03,+24.578988414E-03,+2.552724532961E+00,+89.137875930E-03
+3.106290000E-03,+8.255182058E-03,+2.552724532961E+00,+88.698177442E-03
+3.106295000E-03,-7.135835367E-03,+2.552724532961E+00,+88.078202575E-03
+3.106300000E-03,-21.542242244E-03,+2.552724532961E+00,+87.585740270E-03
+3.106305000E-03,-36.933259674E-03,+2.552724532961E+00,+87.088880978E-03
+3.106310000E-03,-52.635206738E-03,+2.552724532961E+00,+86.411745307E-03
+3.106315000E-03,-68.440797023E-03,+2.552724532961E+00,+86.086368426E-03
+3.106320000E-03,-83.676349615E-03,+2.552724532961E+00,+85.268529239E-03
+3.106325000E-03,-99.430118295E-03,+2.552724532961E+00,+84.943152358E-03
+3.106330000E-03,-114.872957324E-03,+2.552724532961E+00,+84.059358398E-03
+3.106335000E-03,-130.885834043E-03,+2.552724532961E+00,+83.698805637E-03
+3.106340000E-03,-147.416926819E-03,+2.552724532961E+00,+82.854584542E-03
+3.106345000E-03,-162.548836212E-03,+2.552724532961E+00,+82.410489068E-03
+3.106350000E-03,-178.924464182E-03,+2.552724532961E+00,+81.491519229E-03
+3.106355000E-03,-193.589979097E-03,+2.552724532961E+00,+81.065011696E-03
+3.106360000E-03,-209.188282948E-03,+2.552724532961E+00,+80.233981555E-03
+3.106365000E-03,-225.356624479E-03,+2.552724532961E+00,+79.741519248E-03
+3.106370000E-03,-241.006749942E-03,+2.552724532961E+00,+78.853328303E-03
+3.106375000E-03,-256.760518615E-03,+2.552724532961E+00,+78.224559466E-03
+3.106380000E-03,-272.514287288E-03,+2.552724532961E+00,+77.358353444E-03
+3.106385000E-03,-287.283445426E-03,+2.552724532961E+00,+76.668026819E-03
+3.106390000E-03,-302.778106066E-03,+2.552724532961E+00,+75.740263010E-03
+3.106395000E-03,-318.117301888E-03,+2.552724532961E+00,+75.186242915E-03
+3.106400000E-03,-334.078356983E-03,+2.552724532961E+00,+74.078202725E-03
+3.106405000E-03,-348.588407082E-03,+2.552724532961E+00,+73.453830874E-03
+3.106410000E-03,-363.668494862E-03,+2.552724532961E+00,+72.486494201E-03
+3.106415000E-03,-379.007690672E-03,+2.552724532961E+00,+71.848931393E-03
+3.106420000E-03,-393.828670406E-03,+2.552724532961E+00,+70.701318340E-03
+3.106425000E-03,-409.530617475E-03,+2.552724532961E+00,+70.059358547E-03
+3.106430000E-03,-423.885202755E-03,+2.552724532961E+00,+68.938127404E-03
+3.106435000E-03,-438.913468943E-03,+2.552724532961E+00,+68.260991734E-03
+3.106440000E-03,-453.475340644E-03,+2.552724532961E+00,+67.117775665E-03
+3.106445000E-03,-468.192677164E-03,+2.552724532961E+00,+66.295539493E-03
+3.106450000E-03,-484.205553871E-03,+2.552724532961E+00,+65.354584729E-03
+3.106455000E-03,-498.197387903E-03,+2.552724532961E+00,+64.360866147E-03
+3.106460000E-03,-512.241043521E-03,+2.552724532961E+00,+63.477072186E-03
+3.106465000E-03,-526.543807175E-03,+2.552724532961E+00,+62.474559635E-03
+3.106470000E-03,-540.328354786E-03,+2.552724532961E+00,+61.454459142E-03
+3.106475000E-03,-553.905615947E-03,+2.552724532961E+00,+60.544283273E-03
+3.106480000E-03,-568.104736390E-03,+2.552724532961E+00,+59.541770721E-03
+3.106485000E-03,-581.733819163E-03,+2.552724532961E+00,+58.508479276E-03
+3.106490000E-03,-595.051972282E-03,+2.552724532961E+00,+57.571921496E-03
+3.106495000E-03,-608.784698263E-03,+2.552724532961E+00,+56.446293367E-03
+3.106500000E-03,-622.983818707E-03,+2.552724532961E+00,+55.364635087E-03
+3.106505000E-03,-636.250150233E-03,+2.552724532961E+00,+54.436871279E-03
+3.106510000E-03,-649.982876215E-03,+2.552724532961E+00,+53.276067270E-03
+3.106515000E-03,-662.886456487E-03,+2.552724532961E+00,+52.361494416E-03
+3.106520000E-03,-675.634571920E-03,+2.552724532961E+00,+51.209484379E-03
+3.106525000E-03,-688.538152179E-03,+2.552724532961E+00,+50.145414038E-03
+3.106530000E-03,-701.545375665E-03,+2.552724532961E+00,+48.975816061E-03
+3.106535000E-03,-714.293491101E-03,+2.552724532961E+00,+47.982097477E-03
+3.106540000E-03,-726.627033686E-03,+2.552724532961E+00,+46.799308547E-03
+3.106545000E-03,-740.152473228E-03,+2.552724532961E+00,+45.585740720E-03
+3.106550000E-03,-751.501405290E-03,+2.552724532961E+00,+44.442524654E-03
+3.106555000E-03,-764.249520726E-03,+2.552724532961E+00,+43.316896523E-03
+3.106560000E-03,-776.323955258E-03,+2.552724532961E+00,+42.094534728E-03
+3.106565000E-03,-789.123892313E-03,+2.552724532961E+00,+40.968906599E-03
+3.106570000E-03,-800.421002754E-03,+2.552724532961E+00,+39.830087515E-03
+3.106575000E-03,-812.443615685E-03,+2.552724532961E+00,+38.576946827E-03
+3.106580000E-03,-824.155298971E-03,+2.552724532961E+00,+37.315012166E-03
+3.106585000E-03,-835.089658148E-03,+2.552724532961E+00,+36.206971978E-03
+3.106590000E-03,-845.609444482E-03,+2.552724532961E+00,+34.879082543E-03
+3.106595000E-03,-856.958376512E-03,+2.552724532961E+00,+33.806218234E-03
+3.106600000E-03,-867.789092478E-03,+2.552724532961E+00,+32.320037345E-03
+3.106605000E-03,-878.930738085E-03,+2.552724532961E+00,+31.365891628E-03
+3.106610000E-03,-890.227848522E-03,+2.552724532961E+00,+29.888504708E-03
+3.106615000E-03,-902.302283051E-03,+2.552724532961E+00,+28.956343914E-03
+3.106620000E-03,-911.941102066E-03,+2.552724532961E+00,+27.369032375E-03
+3.106625000E-03,-922.305423568E-03,+2.552724532961E+00,+26.428077610E-03
+3.106630000E-03,-932.255172195E-03,+2.552724532961E+00,+24.858354008E-03
+3.106635000E-03,-942.723136905E-03,+2.552724532961E+00,+23.939384168E-03
+3.106640000E-03,-953.191101599E-03,+2.552724532961E+00,+22.396042477E-03
+3.106645000E-03,-962.052596504E-03,+2.552724532961E+00,+21.266017362E-03
+3.106650000E-03,-972.209631568E-03,+2.552724532961E+00,+19.867776173E-03
+3.106655000E-03,-980.604731989E-03,+2.552724532961E+00,+18.715766134E-03
+3.106660000E-03,-989.569870070E-03,+2.552724532961E+00,+17.348303837E-03
+3.106665000E-03,-998.949581035E-03,+2.552724532961E+00,+16.125942041E-03
+3.106670000E-03,-1.008018362342E+00,+2.552724532961E+00,+14.745288790E-03
+3.106675000E-03,-1.017398073295E+00,+2.552724532961E+00,+13.588881768E-03
+3.106680000E-03,-1.026518676212E+00,+2.552724532961E+00,+12.107097863E-03
+3.106685000E-03,-1.034551025365E+00,+2.552724532961E+00,+11.043027522E-03
+3.106690000E-03,-1.042583374523E+00,+2.552724532961E+00,+9.499685831E-03
+3.106695000E-03,-1.049734756371E+00,+2.552724532961E+00,+8.448806444E-03
+3.106700000E-03,-1.058492608035E+00,+2.552724532961E+00,+6.914258723E-03
+3.106705000E-03,-1.066317670757E+00,+2.552724532961E+00,+5.841394412E-03
+3.106710000E-03,-1.073831803851E+00,+2.552724532961E+00,+4.232097949E-03
+3.106715000E-03,-1.081397758541E+00,+2.552724532961E+00,+3.238379364E-03
+3.106720000E-03,-1.087927281096E+00,+2.552724532961E+00,+1.703831644E-03
+3.106725000E-03,-1.095493235778E+00,+2.552724532961E+00,+565.012558E-06
+3.106730000E-03,-1.101970936701E+00,+2.552724532961E+00,-921.168326E-06
+3.106735000E-03,-1.108344994433E+00,+2.552724532961E+00,-2.143530127E-03
+3.106740000E-03,-1.115392733056E+00,+2.552724532961E+00,-3.326319056E-03
+3.106745000E-03,-1.120782180234E+00,+2.552724532961E+00,-4.781721053E-03
+3.106750000E-03,-1.126067984199E+00,+2.552724532961E+00,-5.898555207E-03
+3.106755000E-03,-1.131923825846E+00,+2.552724532961E+00,-7.441896904E-03
+3.106760000E-03,-1.137313273016E+00,+2.552724532961E+00,-8.532349150E-03
+3.106765000E-03,-1.142547255386E+00,+2.552724532961E+00,-10.106469738E-03
+3.106770000E-03,-1.148351275420E+00,+2.552724532961E+00,-11.205715957E-03
+3.106775000E-03,-1.152911576884E+00,+2.552724532961E+00,-12.691896846E-03
+3.106780000E-03,-1.159026526561E+00,+2.446882827237E+00,-13.870288793E-03
+3.106785000E-03,-1.162394931040E+00,+168.538004851E-03,-15.189384257E-03
+3.106790000E-03,-1.166903410897E+00,-171.443151422E-03,-16.477700824E-03
+3.106795000E-03,-1.171204604318E+00,-147.887875652E-03,-17.818781212E-03
+3.106800000E-03,-1.175713084182E+00,+203.635361482E-03,-19.212625419E-03
+3.106805000E-03,-1.179755169556E+00,-21.867147261E-03,-20.369032442E-03
+3.106810000E-03,-1.183434503686E+00,-70.312499330E-03,-21.784861572E-03
+3.106815000E-03,-1.186284692103E+00,-98.814383250E-03,-22.923680658E-03
+3.106820000E-03,-1.190067669451E+00,-37.256595334E-03,-24.484610286E-03
+3.106825000E-03,-1.193073322687E+00,-37.256594914E-03,-25.575062539E-03
+3.106830000E-03,-1.196493548783E+00,-50.447549764E-03,-27.078831362E-03
+3.106835000E-03,-1.198566413090E+00,-56.964509394E-03,-28.116519799E-03
+3.106840000E-03,-1.200950207023E+00,-54.687499469E-03,-29.563127819E-03
+3.106845000E-03,-1.203541287405E+00,-48.406092406E-03,-30.869032330E-03
+3.106850000E-03,-1.205355043661E+00,-49.976444209E-03,-31.994660458E-03
+3.106855000E-03,-1.206961513501E+00,-50.447549702E-03,-33.353328788E-03
+3.106860000E-03,-1.208360696910E+00,-50.683102467E-03,-34.562499627E-03
+3.106865000E-03,-1.210899955659E+00,-48.013504512E-03,-35.969534788E-03
+3.106870000E-03,-1.211677279781E+00,-46.286117600E-03,-37.165514674E-03
+3.106875000E-03,-1.212817355136E+00,-47.228328633E-03,-38.216394061E-03
+3.106880000E-03,-1.213594679243E+00,-46.207600015E-03,-39.715765903E-03
+3.106885000E-03,-1.214423824967E+00,-47.542398987E-03,-40.753454333E-03
+3.106890000E-03,-1.215304792292E+00,-47.542398991E-03,-42.129710602E-03
+3.106895000E-03,-1.214320181754E+00,-50.054961764E-03,-43.171796018E-03
+3.106900000E-03,-1.214320181764E+00,-48.013504508E-03,-44.618404041E-03
+3.106905000E-03,-1.214838397835E+00,-47.463881410E-03,-45.497801019E-03
+3.106910000E-03,-1.213128284796E+00,-45.500941728E-03,-47.045539691E-03
+3.106915000E-03,-1.213076463194E+00,-45.657976891E-03,-47.951318580E-03
+3.106920000E-03,-1.212299139073E+00,-45.736494467E-03,-49.296795948E-03
+3.106925000E-03,-1.211469993348E+00,-46.521670347E-03,-50.457599961E-03
+3.106930000E-03,-1.210226274783E+00,-45.579459328E-03,-51.539258237E-03
+3.106935000E-03,-1.209293485843E+00,-47.856469326E-03,-52.915514507E-03
+3.106940000E-03,-1.207272443148E+00,-47.620916564E-03,-53.641017009E-03
+3.106945000E-03,-1.206132367787E+00,-45.186871389E-03,-55.285489357E-03
+3.106950000E-03,-1.204007681877E+00,-44.323177916E-03,-55.993403917E-03
+3.106955000E-03,-1.201623887942E+00,-45.265388946E-03,-57.549936568E-03
+3.106960000E-03,-1.199706488459E+00,-45.579459294E-03,-58.178705402E-03
+3.106965000E-03,-1.195923511119E+00,-44.323177907E-03,-59.713253127E-03
+3.106970000E-03,-1.194265219671E+00,-44.715765848E-03,-60.306846084E-03
+3.106975000E-03,-1.191415031252E+00,-43.852072384E-03,-61.942524460E-03
+3.106980000E-03,-1.187632053918E+00,-46.207600000E-03,-62.518529476E-03
+3.106985000E-03,-1.184678222284E+00,-44.401695516E-03,-63.995916398E-03
+3.106990000E-03,-1.181206174589E+00,-44.087625148E-03,-64.756594780E-03
+3.106995000E-03,-1.177112267599E+00,-43.459484479E-03,-66.066896277E-03
+3.107000000E-03,-1.173692041499E+00,-43.145414126E-03,-66.919911340E-03
+3.107005000E-03,-1.169960885768E+00,-45.815012061E-03,-68.054333440E-03
+3.107010000E-03,-1.165607870741E+00,-44.009107561E-03,-68.902951520E-03
+3.107015000E-03,-1.161410320532E+00,-44.401695501E-03,-69.936242968E-03
+3.107020000E-03,-1.157990094437E+00,-42.438755821E-03,-70.877197730E-03
+3.107025000E-03,-1.152859755304E+00,-44.166142737E-03,-71.857725360E-03
+3.107030000E-03,-1.147833059370E+00,-42.595790996E-03,-72.847046954E-03
+3.107035000E-03,-1.143376401126E+00,-44.480213091E-03,-73.730840917E-03
+3.107040000E-03,-1.137365094665E+00,-42.124685471E-03,-74.794911255E-03
+3.107045000E-03,-1.131975647492E+00,-43.223931704E-03,-75.564383612E-03
+3.107050000E-03,-1.126430735474E+00,-42.988378941E-03,-76.646041890E-03
+3.107055000E-03,-1.120263964206E+00,-44.637248259E-03,-77.419911229E-03
+3.107060000E-03,-1.113423512004E+00,-44.009107566E-03,-78.418026795E-03
+3.107065000E-03,-1.108500459295E+00,-42.752826185E-03,-79.209484074E-03
+3.107070000E-03,-1.100312645323E+00,-41.418027190E-03,-80.194408686E-03
+3.107075000E-03,-1.093575836341E+00,-44.715765832E-03,-81.016644859E-03
+3.107080000E-03,-1.087046313792E+00,-42.752826183E-03,-81.852071984E-03
+3.107085000E-03,-1.080516791234E+00,-43.145414109E-03,-82.696293080E-03
+3.107090000E-03,-1.073261766208E+00,-43.538002048E-03,-83.448177497E-03
+3.107095000E-03,-1.065384881879E+00,-42.988378956E-03,-84.288001606E-03
+3.107100000E-03,-1.058699894515E+00,-42.046167893E-03,-84.938755370E-03
+3.107105000E-03,-1.051859442323E+00,-41.025439256E-03,-85.972046815E-03
+3.107110000E-03,-1.042324266546E+00,-42.281720649E-03,-86.512875958E-03
+3.107115000E-03,-1.034654668634E+00,-42.517273408E-03,-87.502197551E-03
+3.107120000E-03,-1.026207746611E+00,-42.595790996E-03,-87.941896041E-03
+3.107125000E-03,-1.017709002995E+00,-41.810615116E-03,-88.975187486E-03
+3.107130000E-03,-1.007655611148E+00,-41.103956838E-03,-89.340137232E-03
+3.107135000E-03,-999.156867522E-03,-41.339509619E-03,-90.320664860E-03
+3.107140000E-03,-989.518048518E-03,-42.281720628E-03,-90.593277923E-03
+3.107145000E-03,-980.241980776E-03,-40.868404088E-03,-91.626569369E-03
+3.107150000E-03,-972.002345192E-03,-40.946921685E-03,-91.842021626E-03
+3.107155000E-03,-961.793488513E-03,-40.789886490E-03,-92.945664833E-03
+3.107160000E-03,-951.014594161E-03,-40.946921688E-03,-93.068780408E-03
+3.107165000E-03,-942.153099276E-03,-41.418027195E-03,-94.176820598E-03
+3.107170000E-03,-931.270561734E-03,-40.004710617E-03,-94.115262809E-03
+3.107175000E-03,-920.439845738E-03,-41.732097540E-03,-95.342021591E-03
+3.107180000E-03,-909.868237814E-03,-40.161745791E-03,-95.161745209E-03
+3.107185000E-03,-898.104732933E-03,-40.397298557E-03,-96.370916052E-03
+3.107190000E-03,-887.740411416E-03,-40.554333738E-03,-96.203830625E-03
+3.107195000E-03,-877.687019574E-03,-41.418027195E-03,-97.434986390E-03
+3.107200000E-03,-866.493552348E-03,-40.711368901E-03,-97.259106998E-03
+3.107205000E-03,-855.507371580E-03,-43.380966827E-03,-98.327574320E-03
+3.107210000E-03,-844.676655603E-03,-40.318780984E-03,-98.288001460E-03
+3.107215000E-03,-834.467798922E-03,-42.046167896E-03,-99.088252704E-03
+3.107220000E-03,-822.134256364E-03,-39.376569944E-03,-99.220162255E-03
+3.107225000E-03,-810.526216273E-03,-39.062499568E-03,-99.769785359E-03
+3.107230000E-03,-797.311706372E-03,-40.946921672E-03,-100.200689884E-03
+3.107235000E-03,-786.429168796E-03,-41.182474435E-03,-100.336996409E-03
+3.107240000E-03,-771.867297099E-03,-41.103956860E-03,-101.044910979E-03
+3.107245000E-03,-760.311078618E-03,-41.103956850E-03,-101.018529065E-03
+3.107250000E-03,-748.288465672E-03,-40.397298545E-03,-101.700061725E-03
+3.107255000E-03,-736.006744695E-03,-40.397298559E-03,-101.682473785E-03
+3.107260000E-03,-722.999521238E-03,-41.182474428E-03,-102.240890864E-03
+3.107265000E-03,-710.510513830E-03,-39.690640284E-03,-102.254081820E-03
+3.107270000E-03,-697.140539106E-03,-40.789886482E-03,-102.680589350E-03
+3.107275000E-03,-685.014282954E-03,-41.103956857E-03,-102.852071765E-03
+3.107280000E-03,-672.110702678E-03,-40.868404080E-03,-103.049936080E-03
+3.107285000E-03,-658.533441524E-03,-41.260992026E-03,-103.392900903E-03
+3.107290000E-03,-644.541607494E-03,-40.711368911E-03,-103.186242614E-03
+3.107295000E-03,-630.653416692E-03,-39.769157866E-03,-103.709483815E-03
+3.107300000E-03,-616.972512317E-03,-39.690640275E-03,-103.538001405E-03
+3.107305000E-03,-602.462462242E-03,-39.847675435E-03,-104.065639589E-03
+3.107310000E-03,-589.403417142E-03,-39.926193038E-03,-103.872172255E-03
+3.107315000E-03,-574.737902227E-03,-41.653579980E-03,-104.166770240E-03
+3.107320000E-03,-562.041608389E-03,-40.554333742E-03,-104.171167226E-03
+3.107325000E-03,-547.997952765E-03,-42.203203074E-03,-104.201946120E-03
+3.107330000E-03,-533.954297144E-03,-38.983981995E-03,-104.263503909E-03
+3.107335000E-03,-518.926030959E-03,-40.632851334E-03,-104.254709938E-03
+3.107340000E-03,-503.949586412E-03,-40.161745790E-03,-104.303076774E-03
+3.107345000E-03,-489.698644342E-03,-40.711368914E-03,-104.228328031E-03
+3.107350000E-03,-474.722199797E-03,-39.455087512E-03,-104.377825515E-03
+3.107355000E-03,-460.108506499E-03,-40.711368900E-03,-104.232725015E-03
+3.107360000E-03,-446.220315674E-03,-39.219534779E-03,-104.245915969E-03
+3.107365000E-03,-430.466546985E-03,-39.062499591E-03,-104.175564212E-03
+3.107370000E-03,-415.230994397E-03,-39.376569905E-03,-103.973302906E-03
+3.107375000E-03,-399.943620201E-03,-40.318780984E-03,-104.087624514E-03
+3.107380000E-03,-385.018997230E-03,-39.533605111E-03,-103.709483816E-03
+3.107385000E-03,-370.146195864E-03,-39.141017183E-03,-103.876569240E-03
+3.107390000E-03,-354.288784001E-03,-40.868404070E-03,-103.498428541E-03
+3.107395000E-03,-339.312339424E-03,-38.041770975E-03,-103.489634567E-03
+3.107400000E-03,-323.092176281E-03,-39.455087499E-03,-103.146669753E-03
+3.107405000E-03,-307.597515656E-03,-38.041770973E-03,-103.001569247E-03
+3.107410000E-03,-292.621071099E-03,-38.512876479E-03,-102.896041614E-03
+3.107415000E-03,-277.333696880E-03,-41.418027184E-03,-102.509106941E-03
+3.107420000E-03,-261.683571402E-03,-39.219534765E-03,-102.385991369E-03
+3.107425000E-03,-246.396197202E-03,-40.083228201E-03,-101.999056696E-03
+3.107430000E-03,-229.657818000E-03,-39.062499571E-03,-101.972674789E-03
+3.107435000E-03,-213.696762899E-03,-40.554333749E-03,-101.304333086E-03
+3.107440000E-03,-198.772139937E-03,-38.983981996E-03,-101.361493890E-03
+3.107445000E-03,-183.588408950E-03,-40.083228210E-03,-100.666770279E-03
+3.107450000E-03,-167.575532236E-03,-39.298052347E-03,-100.570036613E-03
+3.107455000E-03,-152.236336397E-03,-38.905464413E-03,-100.064383354E-03
+3.107460000E-03,-135.705243640E-03,-39.298052354E-03,-99.739006469E-03
+3.107465000E-03,-119.329615655E-03,-39.376569902E-03,-99.369659744E-03
+3.107470000E-03,-103.524025377E-03,-40.711368899E-03,-98.850815524E-03
+3.107475000E-03,-88.443937605E-03,-40.475816161E-03,-98.485865782E-03
+3.107480000E-03,-72.741990536E-03,-38.826946809E-03,-97.949433624E-03
+3.107485000E-03,-58.024653998E-03,-39.690640278E-03,-97.615262775E-03
+3.107490000E-03,-43.048209443E-03,-38.748429248E-03,-97.039257756E-03
+3.107495000E-03,-28.227229682E-03,-39.376569917E-03,-96.551192435E-03
+3.107500000E-03,-12.369817803E-03,-39.533605110E-03,-96.058730130E-03
+3.107505000E-03,+3.591237299E-03,-38.041770938E-03,-95.500313049E-03
+3.107510000E-03,+19.241362754E-03,-39.219534762E-03,-95.179333154E-03
+3.107515000E-03,+36.549779648E-03,-39.376569951E-03,-94.313127135E-03
+3.107520000E-03,+51.474402621E-03,-40.083228201E-03,-94.018529146E-03
+3.107525000E-03,+66.969063267E-03,-38.434358931E-03,-93.139132169E-03
+3.107530000E-03,+82.671010336E-03,-38.669911642E-03,-92.717021623E-03
+3.107535000E-03,+98.580243803E-03,-38.983981979E-03,-92.022298012E-03
+3.107540000E-03,+113.815796406E-03,-41.418027177E-03,-91.371544250E-03
+3.107545000E-03,+129.932316363E-03,-38.905464402E-03,-90.799936217E-03
+3.107550000E-03,+146.670695550E-03,-39.612122720E-03,-89.986494014E-03
+3.107555000E-03,+161.128924053E-03,-40.083228224E-03,-89.520413617E-03
+3.107560000E-03,+177.245443987E-03,-40.240263378E-03,-88.619031719E-03
+3.107565000E-03,+193.206499079E-03,-39.769157877E-03,-88.218906090E-03
+3.107570000E-03,+209.012089357E-03,-40.397298566E-03,-87.190011633E-03
+3.107575000E-03,+224.195820372E-03,-40.318780979E-03,-86.816267912E-03
+3.107580000E-03,+239.483194582E-03,-40.318780979E-03,-85.862122200E-03
+3.107585000E-03,+254.407817533E-03,-38.983981993E-03,-85.154207630E-03
+3.107590000E-03,+270.472515848E-03,-39.533605098E-03,-84.419911161E-03
+3.107595000E-03,+287.003608615E-03,-40.868404089E-03,-83.386619712E-03
+3.107600000E-03,+301.720945168E-03,-37.727700621E-03,-82.828202636E-03
+3.107605000E-03,+317.682000289E-03,-39.533605112E-03,-81.706971488E-03
+3.107610000E-03,+333.332125731E-03,-38.983981995E-03,-81.126569487E-03
+3.107615000E-03,+348.412213494E-03,-38.983981993E-03,-80.049308193E-03
+3.107620000E-03,+362.507690737E-03,-38.983981991E-03,-79.477700157E-03
+3.107625000E-03,+378.624210673E-03,-39.455087485E-03,-78.422423786E-03
+3.107630000E-03,+393.186082373E-03,-39.298052343E-03,-77.626569521E-03
+3.107635000E-03,+409.198959090E-03,-41.103956854E-03,-76.654835867E-03
+3.107640000E-03,+424.019938827E-03,-38.591394075E-03,-75.691896177E-03
+3.107645000E-03,+438.840918564E-03,-39.141017181E-03,-74.808102218E-03
+3.107650000E-03,+452.936395799E-03,-39.926193026E-03,-73.783604741E-03
+3.107655000E-03,+467.135516264E-03,-39.690640288E-03,-73.040514296E-03
+3.107660000E-03,+482.060139218E-03,-39.219534734E-03,-71.884107275E-03
+3.107665000E-03,+496.673832523E-03,-38.277323717E-03,-71.088253010E-03
+3.107670000E-03,+510.872952966E-03,-39.298052363E-03,-70.147298250E-03
+3.107675000E-03,+525.072073418E-03,-39.376569948E-03,-68.999685193E-03
+3.107680000E-03,+538.493869753E-03,-40.397298562E-03,-68.300564602E-03
+3.107685000E-03,+552.641168593E-03,-41.103956852E-03,-66.963881194E-03
+3.107690000E-03,+566.477537791E-03,-41.732097508E-03,-66.198805830E-03
+3.107695000E-03,+581.091231119E-03,-41.103956856E-03,-64.897298303E-03
+3.107700000E-03,+594.927600305E-03,-40.083228212E-03,-64.083856101E-03
+3.107705000E-03,+608.349396649E-03,-39.455087513E-03,-62.804333503E-03
+3.107710000E-03,+622.600338697E-03,-40.711368905E-03,-61.876569692E-03
+3.107715000E-03,+635.866670223E-03,-41.103956824E-03,-60.702574731E-03
+3.107720000E-03,+648.718428882E-03,-39.376569946E-03,-59.620916451E-03
+3.107725000E-03,+662.036581987E-03,-41.260992008E-03,-58.684358673E-03
+3.107730000E-03,+674.007373339E-03,-39.612122693E-03,-57.321293359E-03
+3.107735000E-03,+686.807310382E-03,-40.554333741E-03,-56.648554675E-03
+3.107740000E-03,+699.659069028E-03,-40.083228220E-03,-54.938127557E-03
+3.107745000E-03,+711.629860385E-03,-38.983981995E-03,-54.454459220E-03
+3.107750000E-03,+724.170689375E-03,-39.847675442E-03,-52.634107483E-03
+3.107755000E-03,+736.918804821E-03,-40.789886498E-03,-52.062499445E-03
+3.107760000E-03,+747.697699200E-03,-40.789886489E-03,-50.321293437E-03
+3.107765000E-03,+761.741354816E-03,-41.103956863E-03,-49.591393944E-03
+3.107770000E-03,+774.023075756E-03,-38.826946825E-03,-48.078831149E-03
+3.107775000E-03,+785.112899804E-03,-39.769157868E-03,-47.203831157E-03
+3.107780000E-03,+796.824583072E-03,-39.690640257E-03,-45.669283435E-03
+3.107785000E-03,+807.758942252E-03,-38.669911667E-03,-44.794283446E-03
+3.107790000E-03,+820.455236094E-03,-39.769157874E-03,-43.435615114E-03
+3.107795000E-03,+831.337773657E-03,-39.298052320E-03,-42.353956838E-03
+3.107800000E-03,+841.805738392E-03,-40.004710620E-03,-40.960112630E-03
+3.107805000E-03,+853.621064883E-03,-40.475816160E-03,-39.821293550E-03
+3.107810000E-03,+863.726278339E-03,-39.455087528E-03,-38.414258386E-03
+3.107815000E-03,+874.764280732E-03,-40.161745816E-03,-37.402951868E-03
+3.107820000E-03,+885.854104721E-03,-39.847675448E-03,-35.943152885E-03
+3.107825000E-03,+896.270247868E-03,-39.376569885E-03,-34.870288575E-03
+3.107830000E-03,+906.479104521E-03,-40.318780975E-03,-33.498429294E-03
+3.107835000E-03,+915.288777808E-03,-41.889132704E-03,-32.201318757E-03
+3.107840000E-03,+926.896817866E-03,-40.004710640E-03,-30.992147915E-03
+3.107845000E-03,+936.431993649E-03,-39.690640278E-03,-29.637876572E-03
+3.107850000E-03,+945.293488540E-03,-39.062499597E-03,-28.521042414E-03
+3.107855000E-03,+954.465913068E-03,-40.711368928E-03,-26.946921827E-03
+3.107860000E-03,+964.415661702E-03,-40.004710614E-03,-25.948806262E-03
+3.107865000E-03,+972.603475685E-03,-39.690640257E-03,-24.299936930E-03
+3.107870000E-03,+981.620435384E-03,-40.240263392E-03,-23.372173123E-03
+3.107875000E-03,+989.549141328E-03,-40.789886509E-03,-21.670539973E-03
+3.107880000E-03,+999.032495482E-03,-39.455087500E-03,-20.777952044E-03
+3.107885000E-03,+1.006702093417E+00,-41.732097550E-03,-19.098303820E-03
+3.107890000E-03,+1.014889907398E+00,-40.475816136E-03,-18.091394284E-03
+3.107895000E-03,+1.022300397277E+00,-40.397298558E-03,-16.614007363E-03
+3.107900000E-03,+1.030591854452E+00,-42.046167858E-03,-15.391645569E-03
+3.107905000E-03,+1.037587771485E+00,-39.847675450E-03,-14.046168195E-03
+3.107910000E-03,+1.045153726171E+00,-40.004710622E-03,-12.744660673E-03
+3.107915000E-03,+1.052408751219E+00,-41.182474433E-03,-11.473932041E-03
+3.107920000E-03,+1.059352846622E+00,-39.926193035E-03,-10.014133066E-03
+3.107925000E-03,+1.067437017377E+00,-41.103956859E-03,-8.835741115E-03
+3.107930000E-03,+1.073189215823E+00,-39.612122694E-03,-7.375942140E-03
+3.107935000E-03,+1.079666916763E+00,-41.025439279E-03,-6.285489887E-03
+3.107940000E-03,+1.086351904118E+00,-40.397298549E-03,-4.794912017E-03
+3.107945000E-03,+1.093606929176E+00,-40.083228192E-03,-3.559359262E-03
+3.107950000E-03,+1.099929165289E+00,-40.868404092E-03,-2.297424605E-03
+3.107955000E-03,+1.106562331028E+00,-41.260992007E-03,-973.932157E-06
+3.107960000E-03,+1.110967167688E+00,-39.612122707E-03,+358.354260E-06
+3.107965000E-03,+1.115838398787E+00,-41.496544786E-03,+1.580716060E-03
+3.107970000E-03,+1.122056991693E+00,-4.907349925E-03,+3.066896946E-03
+3.107975000E-03,+1.125269931355E+00,+2.205833823578E+00,+4.232097939E-03
+3.107980000E-03,+1.129830232820E+00,+2.552724532961E+00,+5.647927070E-03
+3.107985000E-03,+1.134545999100E+00,+2.552724532961E+00,+6.830715997E-03
+3.107990000E-03,+1.138950835730E+00,+2.552724532961E+00,+8.123429559E-03
+3.107995000E-03,+1.142474705046E+00,+2.552724532961E+00,+9.402952152E-03
+3.108000000E-03,+1.147449579349E+00,+2.552724532961E+00,+10.840766211E-03
+3.108005000E-03,+1.150869805462E+00,+2.552724532961E+00,+11.935615444E-03
+3.108010000E-03,+1.154393674753E+00,+2.552724532961E+00,+13.544911910E-03
+3.108015000E-03,+1.158746689803E+00,+2.552724532961E+00,+14.521042552E-03
+3.108020000E-03,+1.161389591780E+00,+2.552724532961E+00,+16.051193291E-03
+3.108025000E-03,+1.165638963583E+00,+2.552724532961E+00,+17.225188253E-03
+3.108030000E-03,+1.167193611838E+00,+2.552724532961E+00,+18.561871653E-03
+3.108035000E-03,+1.170872945942E+00,+2.552724532961E+00,+19.801821392E-03
+3.108040000E-03,+1.172583059000E+00,+2.552724532961E+00,+21.037374140E-03
+3.108045000E-03,+1.175277782587E+00,+2.552724532961E+00,+22.492776137E-03
+3.108050000E-03,+1.176573322778E+00,+2.552724532961E+00,+23.534861547E-03
+3.108055000E-03,+1.179112581534E+00,+2.552724532961E+00,+24.950690685E-03
+3.108060000E-03,+1.179734440825E+00,+2.552724532961E+00,+26.010364036E-03
+3.108065000E-03,+1.181548197078E+00,+2.552724532961E+00,+27.610866534E-03
+3.108070000E-03,+1.182429164416E+00,+2.552724532961E+00,+28.521042401E-03
+3.108075000E-03,+1.183621061389E+00,+2.552724532961E+00,+30.068781080E-03
+3.108080000E-03,+1.183517418190E+00,+2.552724532961E+00,+31.058102674E-03
+3.108085000E-03,+1.185020244785E+00,+2.552724532961E+00,+32.438755934E-03
+3.108090000E-03,+1.185434817662E+00,+2.552724532961E+00,+33.538002147E-03
+3.108095000E-03,+1.185693925689E+00,+2.552724532961E+00,+34.861494598E-03
+3.108100000E-03,+1.185901212128E+00,+2.552724532961E+00,+36.092650360E-03
+3.108105000E-03,+1.184502028744E+00,+2.552724532961E+00,+37.315012159E-03
+3.108110000E-03,+1.184605671947E+00,+2.552724532961E+00,+38.467022196E-03
+3.108115000E-03,+1.184761136763E+00,+2.552724532961E+00,+39.764132735E-03
+3.108120000E-03,+1.183258310152E+00,+2.552724532961E+00,+40.823806089E-03
+3.108125000E-03,+1.182014591579E+00,+2.552724532961E+00,+42.116519649E-03
+3.108130000E-03,+1.180926337817E+00,+2.552724532961E+00,+43.242147771E-03
+3.108135000E-03,+1.179734440864E+00,+2.552724532961E+00,+44.394157815E-03
+3.108140000E-03,+1.178646187078E+00,+2.552724532961E+00,+45.515388951E-03
+3.108145000E-03,+1.176106928316E+00,+2.552724532961E+00,+46.746544723E-03
+3.108150000E-03,+1.174241350455E+00,+2.552724532961E+00,+47.599559785E-03
+3.108155000E-03,+1.171702091672E+00,+2.552724532961E+00,+49.063755755E-03
+3.108160000E-03,+1.169059189694E+00,+2.552724532961E+00,+49.771670313E-03
+3.108165000E-03,+1.166364466122E+00,+2.552724532961E+00,+51.271042164E-03
+3.108170000E-03,+1.163514277709E+00,+2.552724532961E+00,+51.939383858E-03
+3.108175000E-03,+1.161078662176E+00,+2.552724532961E+00,+53.425564750E-03
+3.108180000E-03,+1.157192041605E+00,+2.552724532961E+00,+54.058730574E-03
+3.108185000E-03,+1.154134566730E+00,+2.552724532961E+00,+55.492147642E-03
+3.108190000E-03,+1.150144302981E+00,+2.552724532961E+00,+56.235238087E-03
+3.108195000E-03,+1.146879541715E+00,+2.552724532961E+00,+57.527951639E-03
+3.108200000E-03,+1.141645559358E+00,+2.552724532961E+00,+58.411745602E-03
+3.108205000E-03,+1.138069868448E+00,+2.552724532961E+00,+59.383479259E-03
+3.108210000E-03,+1.132835886090E+00,+2.552724532961E+00,+60.597047085E-03
+3.108215000E-03,+1.128431049448E+00,+2.552724532961E+00,+61.221418938E-03
+3.108220000E-03,+1.123197067101E+00,+2.552724532961E+00,+62.650439020E-03
+3.108225000E-03,+1.118377657578E+00,+2.552724532961E+00,+63.178077211E-03
+3.108230000E-03,+1.112573637565E+00,+2.552724532961E+00,+64.400439004E-03
+3.108235000E-03,+1.106821439149E+00,+2.552724532961E+00,+65.253454071E-03
+3.108240000E-03,+1.100654667841E+00,+2.552724532961E+00,+66.335112347E-03
+3.108245000E-03,+1.094902469403E+00,+2.552724532961E+00,+67.108981690E-03
+3.108250000E-03,+1.088735698111E+00,+2.552724532961E+00,+68.076318361E-03
+3.108255000E-03,+1.082776213240E+00,+2.552724532961E+00,+69.070036947E-03
+3.108260000E-03,+1.075935761057E+00,+2.552724532961E+00,+69.852700251E-03
+3.108265000E-03,+1.069768989786E+00,+2.552724532961E+00,+70.916770594E-03
+3.108270000E-03,+1.062203035087E+00,+2.552724532961E+00,+71.505966568E-03
+3.108275000E-03,+1.055414404503E+00,+2.552724532961E+00,+72.662373588E-03
+3.108280000E-03,+1.047589341784E+00,+2.552724532961E+00,+73.176820823E-03
+3.108285000E-03,+1.039608814233E+00,+2.552724532961E+00,+74.223303220E-03
+3.108290000E-03,+1.032094681154E+00,+2.552724532961E+00,+74.913629850E-03
+3.108295000E-03,+1.025046942510E+00,+2.552724532961E+00,+75.819408731E-03
+3.108300000E-03,+1.015822696421E+00,+2.552724532961E+00,+76.597675054E-03
+3.108305000E-03,+1.006494807052E+00,+2.552724532961E+00,+77.384735347E-03
+3.108310000E-03,+999.187960372E-03,+2.552724532961E+00,+78.123428807E-03
+3.108315000E-03,+990.533751965E-03,+2.552724532961E+00,+78.879710207E-03
+3.108320000E-03,+981.464970625E-03,+2.552724532961E+00,+79.455715225E-03
+3.108325000E-03,+972.655297361E-03,+2.552724532961E+00,+80.251569490E-03
+3.108330000E-03,+963.897445696E-03,+2.552724532961E+00,+80.796795613E-03
+3.108335000E-03,+954.621377963E-03,+2.552724532961E+00,+81.663001637E-03
+3.108340000E-03,+945.293488629E-03,+2.552724532961E+00,+82.054333285E-03
+3.108345000E-03,+935.136453534E-03,+2.552724532961E+00,+83.153579509E-03
+3.108350000E-03,+926.067672217E-03,+2.552724532961E+00,+83.188755386E-03
+3.108355000E-03,+915.651529123E-03,+2.552724532961E+00,+84.441896078E-03
+3.108360000E-03,+905.546315690E-03,+2.552724532961E+00,+84.415514169E-03
+3.108365000E-03,+895.855675078E-03,+2.552724532961E+00,+85.620288023E-03
+3.108370000E-03,+884.247635017E-03,+2.552724532961E+00,+85.646669936E-03
+3.108375000E-03,+873.935135131E-03,+2.552724532961E+00,+86.649182487E-03
+3.108380000E-03,+863.570813631E-03,+2.552724532961E+00,+86.816267913E-03
+3.108385000E-03,+853.361956941E-03,+2.552724532961E+00,+87.678076944E-03
+3.108390000E-03,+842.738527418E-03,+2.552724532961E+00,+87.845162375E-03
+3.108395000E-03,+831.026844140E-03,+2.552724532961E+00,+88.649810602E-03
+3.108400000E-03,+819.263339236E-03,+2.552724532961E+00,+88.825690005E-03
+3.108405000E-03,+807.603477554E-03,+2.552724532961E+00,+89.507222657E-03
+3.108410000E-03,+795.736329428E-03,+2.552724532961E+00,+89.863378432E-03
+3.108415000E-03,+784.750148648E-03,+2.552724532961E+00,+90.338252800E-03
+3.108420000E-03,+772.831178928E-03,+2.552724532961E+00,+90.628453801E-03
+3.108425000E-03,+760.860387587E-03,+2.552724532961E+00,+91.261619621E-03
+3.108430000E-03,+748.215915363E-03,+2.552724532961E+00,+91.353956310E-03
+3.108435000E-03,+736.296945665E-03,+2.552724532961E+00,+92.000313082E-03
+3.108440000E-03,+724.015224653E-03,+2.552724532961E+00,+92.145413585E-03
+3.108445000E-03,+711.318930842E-03,+2.552724532961E+00,+92.673051769E-03
+3.108450000E-03,+699.399961122E-03,+2.552724532961E+00,+92.879710060E-03
+3.108455000E-03,+686.133629622E-03,+2.552724532961E+00,+93.205086938E-03
+3.108460000E-03,+673.437335769E-03,+2.552724532961E+00,+93.495287947E-03
+3.108465000E-03,+660.067361055E-03,+2.552724532961E+00,+93.679961305E-03
+3.108470000E-03,+647.060137557E-03,+2.552724532961E+00,+94.018529146E-03
+3.108475000E-03,+634.363843746E-03,+2.552724532961E+00,+94.185614565E-03
+3.108480000E-03,+620.734760950E-03,+2.552724532961E+00,+94.532976374E-03
+3.108485000E-03,+607.468429465E-03,+2.552724532961E+00,+94.528579391E-03
+3.108490000E-03,+593.994811493E-03,+2.552724532961E+00,+94.902323102E-03
+3.108495000E-03,+581.143052852E-03,+2.552724532961E+00,+94.871544210E-03
+3.108500000E-03,+568.187650934E-03,+2.552724532961E+00,+95.104584407E-03
+3.108505000E-03,+553.522136052E-03,+2.552724532961E+00,+95.174936169E-03
+3.108510000E-03,+539.582123649E-03,+2.552724532961E+00,+95.205715061E-03
+3.108515000E-03,+525.590289608E-03,+2.552724532961E+00,+95.575061790E-03
+3.108520000E-03,+510.769309876E-03,+2.552724532961E+00,+95.359609531E-03
+3.108525000E-03,+497.502978365E-03,+2.552724532961E+00,+95.684986414E-03
+3.108530000E-03,+482.837463406E-03,+2.552724532961E+00,+95.434358273E-03
+3.108535000E-03,+467.964662116E-03,+2.552724532961E+00,+95.693780381E-03
+3.108540000E-03,+454.853795399E-03,+2.552724532961E+00,+95.465137168E-03
+3.108545000E-03,+438.892740317E-03,+2.552724532961E+00,+95.619031639E-03
+3.108550000E-03,+425.056371097E-03,+2.552724532961E+00,+95.451946214E-03
+3.108555000E-03,+411.012715455E-03,+2.552724532961E+00,+95.597046716E-03
+3.108560000E-03,+395.414411628E-03,+2.552724532961E+00,+95.438755261E-03
+3.108565000E-03,+380.282502227E-03,+2.552724532961E+00,+95.504710031E-03
+3.108570000E-03,+365.306057673E-03,+2.552724532961E+00,+95.280463803E-03
+3.108575000E-03,+349.034072949E-03,+2.552724532961E+00,+95.210112049E-03
+3.108580000E-03,+334.057628386E-03,+2.552724532961E+00,+95.078202498E-03
+3.108585000E-03,+319.392113446E-03,+2.552724532961E+00,+95.060614560E-03
+3.108590000E-03,+304.001096032E-03,+2.552724532961E+00,+94.625313058E-03
+3.108595000E-03,+289.231937910E-03,+2.552724532961E+00,+94.831971345E-03
+3.108600000E-03,+273.581812430E-03,+2.552724532961E+00,+94.137247736E-03
+3.108605000E-03,+258.346259833E-03,+2.552724532961E+00,+94.480212557E-03
+3.108610000E-03,+243.421636856E-03,+2.552724532961E+00,+93.794282915E-03
+3.108615000E-03,+227.978797838E-03,+2.552724532961E+00,+93.996544218E-03
+3.108620000E-03,+212.380494003E-03,+2.552724532961E+00,+93.191895991E-03
+3.108625000E-03,+196.574903729E-03,+2.552724532961E+00,+93.451318090E-03
+3.108630000E-03,+180.821135034E-03,+2.552724532961E+00,+92.703830671E-03
+3.108635000E-03,+164.652793531E-03,+2.552724532961E+00,+92.756594485E-03
+3.108640000E-03,+149.417240894E-03,+2.552724532961E+00,+92.105840727E-03
+3.108645000E-03,+133.922580275E-03,+2.552724532961E+00,+91.885991476E-03
+3.108650000E-03,+117.391487482E-03,+2.552724532961E+00,+91.569408571E-03
+3.108655000E-03,+101.015859493E-03,+2.552724532961E+00,+91.006594504E-03
+3.108660000E-03,+85.417555649E-03,+2.552724532961E+00,+90.861494006E-03
+3.108665000E-03,+70.078359833E-03,+2.552724532961E+00,+90.219534211E-03
+3.108670000E-03,+54.220947959E-03,+2.552724532961E+00,+90.083227679E-03
+3.108675000E-03,+37.223460723E-03,+2.552724532961E+00,+89.375313115E-03
+3.108680000E-03,+22.247016167E-03,+2.552724532961E+00,+89.129081960E-03
+3.108685000E-03,+7.840609228E-03,+2.552724532961E+00,+88.350815643E-03
+3.108690000E-03,-8.379553882E-03,+2.552724532961E+00,+88.144157347E-03
+3.108695000E-03,-23.666928107E-03,+2.552724532961E+00,+87.352700076E-03
+3.108700000E-03,-39.368875154E-03,+2.552724532961E+00,+87.190011628E-03
+3.108705000E-03,-54.293498138E-03,+2.552724532961E+00,+86.301820686E-03
+3.108710000E-03,-70.254553241E-03,+2.552724532961E+00,+85.994031746E-03
+3.108715000E-03,-85.956500316E-03,+2.552724532961E+00,+85.189383511E-03
+3.108720000E-03,-101.036588065E-03,+2.552724532961E+00,+84.864006631E-03
+3.108725000E-03,-118.293183341E-03,+2.552724532961E+00,+83.962624732E-03
+3.108730000E-03,-134.046952024E-03,+2.552724532961E+00,+83.707599608E-03
+3.108735000E-03,-151.096260910E-03,+2.552724532961E+00,+82.665514193E-03
+3.108740000E-03,-165.761775815E-03,+2.552724532961E+00,+82.392901130E-03
+3.108745000E-03,-181.256436455E-03,+2.552724532961E+00,+81.412373505E-03
+3.108750000E-03,-196.129237814E-03,+2.552724532961E+00,+80.990262956E-03
+3.108755000E-03,-211.779363245E-03,+2.552724532961E+00,+80.172423768E-03
+3.108760000E-03,-226.703986214E-03,+2.552724532961E+00,+79.521670004E-03
+3.108765000E-03,-243.131435781E-03,+2.552724532961E+00,+78.809358457E-03
+3.108770000E-03,-258.626096454E-03,+2.552724532961E+00,+77.965137360E-03
+3.108775000E-03,-273.654362593E-03,+2.552724532961E+00,+77.402323293E-03
+3.108780000E-03,-288.630807156E-03,+2.552724532961E+00,+76.404207730E-03
+3.108785000E-03,-305.472829581E-03,+2.552724532961E+00,+75.924936374E-03
+3.108790000E-03,-320.397452529E-03,+2.552724532961E+00,+74.720162525E-03
+3.108795000E-03,-335.581183567E-03,+2.552724532961E+00,+74.377197698E-03
+3.108800000E-03,-349.987590444E-03,+2.552724532961E+00,+73.080087167E-03
+3.108805000E-03,-365.482251071E-03,+2.552724532961E+00,+72.609609778E-03
+3.108810000E-03,-381.132376518E-03,+2.552724532961E+00,+71.536745472E-03
+3.108815000E-03,-395.694248237E-03,+2.552724532961E+00,+70.859609796E-03
+3.108820000E-03,-410.256119944E-03,+2.552724532961E+00,+69.795539461E-03
+3.108825000E-03,-427.253607172E-03,+2.552724532961E+00,+68.990891225E-03
+3.108830000E-03,-441.245441225E-03,+2.552724532961E+00,+68.045539479E-03
+3.108835000E-03,-456.584636986E-03,+2.552724532961E+00,+67.254082198E-03
+3.108840000E-03,-470.783757496E-03,+2.552724532961E+00,+66.154835979E-03
+3.108845000E-03,-484.516483481E-03,+2.552724532961E+00,+65.301820916E-03
+3.108850000E-03,-500.062965705E-03,+2.552724532961E+00,+64.228956604E-03
+3.108855000E-03,-515.039410267E-03,+2.552724532961E+00,+63.406720433E-03
+3.108860000E-03,-527.787525731E-03,+2.552724532961E+00,+62.254710394E-03
+3.108865000E-03,-541.053857260E-03,+2.552724532961E+00,+61.406092315E-03
+3.108870000E-03,-554.734761648E-03,+2.552724532961E+00,+60.223303382E-03
+3.108875000E-03,-569.763027757E-03,+2.552724532961E+00,+59.550564696E-03
+3.108880000E-03,-582.200213571E-03,+2.552724532961E+00,+58.196293353E-03
+3.108885000E-03,-595.829296351E-03,+2.552724532961E+00,+57.519157679E-03
+3.108890000E-03,-609.147449492E-03,+2.552724532961E+00,+56.213253175E-03
+3.108895000E-03,-623.398391567E-03,+2.552724532961E+00,+55.347047149E-03
+3.108900000E-03,-637.390225517E-03,+2.552724532961E+00,+54.265388875E-03
+3.108905000E-03,-649.412838494E-03,+2.552724532961E+00,+53.174936620E-03
+3.108910000E-03,-663.197386095E-03,+2.552724532961E+00,+52.110866287E-03
+3.108915000E-03,-676.671004031E-03,+2.552724532961E+00,+51.002826093E-03
+3.108920000E-03,-689.315476255E-03,+2.552724532961E+00,+50.022298466E-03
+3.108925000E-03,-701.700840442E-03,+2.552724532961E+00,+48.760363801E-03
+3.108930000E-03,-714.967171958E-03,+2.552724532961E+00,+47.902951756E-03
+3.108935000E-03,-728.285325043E-03,+2.552724532961E+00,+46.407976900E-03
+3.108940000E-03,-739.841543559E-03,+2.552724532961E+00,+45.581343741E-03
+3.108945000E-03,-753.263339882E-03,+2.552724532961E+00,+44.218278427E-03
+3.108950000E-03,-765.026844779E-03,+2.552724532961E+00,+43.215765875E-03
+3.108955000E-03,-777.878603435E-03,+2.552724532961E+00,+41.971419155E-03
+3.108960000E-03,-790.574897275E-03,+2.552724532961E+00,+40.819409116E-03
+3.108965000E-03,-801.923829328E-03,+2.552724532961E+00,+39.614635260E-03
+3.108970000E-03,-812.910010130E-03,+2.552724532961E+00,+38.396670450E-03
+3.108975000E-03,-824.673515000E-03,+2.552724532961E+00,+37.266645335E-03
+3.108980000E-03,-836.333376721E-03,+2.552724532961E+00,+35.965137812E-03
+3.108985000E-03,-847.785951934E-03,+2.552724532961E+00,+34.870288575E-03
+3.108990000E-03,-858.616667898E-03,+2.552724532961E+00,+33.445665484E-03
+3.108995000E-03,-868.566416547E-03,+2.552724532961E+00,+32.447549906E-03
+3.109000000E-03,-880.433564661E-03,+2.552724532961E+00,+31.022926813E-03
+3.109005000E-03,-891.782496696E-03,+2.552724532961E+00,+29.954459483E-03
+3.109010000E-03,-902.924142315E-03,+2.552724532961E+00,+28.543027342E-03
+3.109015000E-03,-913.081177374E-03,+2.552724532961E+00,+27.421796194E-03
+3.109020000E-03,-923.860071719E-03,+2.552724532961E+00,+26.115891692E-03
+3.109025000E-03,-932.255172194E-03,+2.552724532961E+00,+24.862750996E-03
+3.109030000E-03,-943.604104193E-03,+2.552724532961E+00,+23.552449505E-03
+3.109035000E-03,-952.724707118E-03,+2.552724532961E+00,+22.422424386E-03
+3.109040000E-03,-962.778098968E-03,+2.552724532961E+00,+21.037374154E-03
+3.109045000E-03,-973.556993315E-03,+2.552724532961E+00,+19.841394265E-03
+3.109050000E-03,-982.003915337E-03,+2.552724532961E+00,+18.447550064E-03
+3.109055000E-03,-991.176339892E-03,+2.552724532961E+00,+17.194409370E-03
+3.109060000E-03,-1.000763337269E+00,+2.552724532961E+00,+15.879710893E-03
+3.109065000E-03,-1.009417545733E+00,+2.552724532961E+00,+14.600188291E-03
+3.109070000E-03,-1.018330862204E+00,+2.552724532961E+00,+13.223932030E-03
+3.109075000E-03,-1.027140535481E+00,+2.552724532961E+00,+12.067525004E-03
+3.109080000E-03,-1.035172884631E+00,+2.552724532961E+00,+10.713253662E-03
+3.109085000E-03,-1.043101590562E+00,+2.552724532961E+00,+9.433731062E-03
+3.109090000E-03,-1.051600334222E+00,+2.552724532961E+00,+8.088253690E-03
+3.109095000E-03,-1.059321753729E+00,+2.552724532961E+00,+6.861494908E-03
+3.109100000E-03,-1.067924140573E+00,+2.552724532961E+00,+5.551193415E-03
+3.109105000E-03,-1.074764592753E+00,+2.552724532961E+00,+4.196922074E-03
+3.109110000E-03,-1.082382369064E+00,+2.552724532961E+00,+2.913002489E-03
+3.109115000E-03,-1.089015534824E+00,+2.552724532961E+00,+1.580716074E-03
+3.109120000E-03,-1.095804165380E+00,+2.552724532961E+00,+371.545227E-06
+3.109125000E-03,-1.101711828666E+00,+2.552724532961E+00,-991.520081E-06
+3.109130000E-03,-1.108552280868E+00,+2.552724532961E+00,-2.174309014E-03
+3.109135000E-03,-1.114822695394E+00,+2.552724532961E+00,-3.620917038E-03
+3.109140000E-03,-1.120782180230E+00,+2.552724532961E+00,-4.830087881E-03
+3.109145000E-03,-1.126793486668E+00,+2.552724532961E+00,-6.219535100E-03
+3.109150000E-03,-1.133012079578E+00,+2.552724532961E+00,-7.406721021E-03
+3.109155000E-03,-1.137935132285E+00,+2.552724532961E+00,-8.822550147E-03
+3.109160000E-03,-1.143117293042E+00,+2.552724532961E+00,-10.159233554E-03
+3.109165000E-03,-1.147988524150E+00,+2.552724532961E+00,-11.421168213E-03
+3.109170000E-03,-1.152963398468E+00,+2.552724532961E+00,-12.740263674E-03
+3.109175000E-03,-1.159389277813E+00,+2.301782332114E+00,-14.160489790E-03
+3.109180000E-03,-1.162291287822E+00,+42.203210302E-03,-15.409233496E-03
+3.109185000E-03,-1.167110697295E+00,-170.815010721E-03,-16.548052577E-03
+3.109190000E-03,-1.171152782716E+00,-123.704459619E-03,-18.188127936E-03
+3.109195000E-03,-1.175453976123E+00,+212.586366369E-03,-19.137876676E-03
+3.109200000E-03,-1.179029667087E+00,-45.657975494E-03,-20.733982180E-03
+3.109205000E-03,-1.183279038847E+00,-69.841393892E-03,-21.674936948E-03
+3.109210000E-03,-1.186025584071E+00,-101.091393298E-03,-23.328203259E-03
+3.109215000E-03,-1.189601274989E+00,-27.284862098E-03,-24.489007269E-03
+3.109220000E-03,-1.193436073928E+00,-42.752825867E-03,-25.865263528E-03
+3.109225000E-03,-1.195508938238E+00,-48.484610145E-03,-27.131595182E-03
+3.109230000E-03,-1.197996375404E+00,-58.299308306E-03,-28.446293650E-03
+3.109235000E-03,-1.201364779874E+00,-53.666770897E-03,-29.774183092E-03
+3.109240000E-03,-1.202919428117E+00,-47.542398934E-03,-30.930590107E-03
+3.109245000E-03,-1.205510508496E+00,-51.075690465E-03,-32.249685582E-03
+3.109250000E-03,-1.206857870282E+00,-50.054961763E-03,-33.344534809E-03
+3.109255000E-03,-1.207220621528E+00,-50.683102479E-03,-34.931846352E-03
+3.109260000E-03,-1.209293485833E+00,-47.542398972E-03,-35.806846337E-03
+3.109265000E-03,-1.211159063669E+00,-45.972047250E-03,-37.446921700E-03
+3.109270000E-03,-1.211780922978E+00,-47.777951750E-03,-38.264760888E-03
+3.109275000E-03,-1.213128284768E+00,-46.443152817E-03,-39.860866404E-03
+3.109280000E-03,-1.214268360122E+00,-48.249057275E-03,-40.815012118E-03
+3.109285000E-03,-1.212817355155E+00,-47.463881375E-03,-42.406720644E-03
+3.109290000E-03,-1.213542857628E+00,-47.463881443E-03,-43.237750785E-03
+3.109295000E-03,-1.214423824949E+00,-48.955715533E-03,-44.803077401E-03
+3.109300000E-03,-1.213801965683E+00,-47.777951695E-03,-45.598931666E-03
+3.109305000E-03,-1.213231928017E+00,-47.071293440E-03,-47.168655267E-03
+3.109310000E-03,-1.213180106399E+00,-44.323177924E-03,-48.131594955E-03
+3.109315000E-03,-1.212247317447E+00,-46.207599995E-03,-49.415514540E-03
+3.109320000E-03,-1.210951777292E+00,-45.972047272E-03,-50.554333618E-03
+3.109325000E-03,-1.210174453186E+00,-46.600187927E-03,-51.873429084E-03
+3.109330000E-03,-1.209448950671E+00,-46.678705501E-03,-52.788001940E-03
+3.109335000E-03,-1.207479729578E+00,-48.327574836E-03,-54.190640117E-03
+3.109340000E-03,-1.205717794939E+00,-45.265388926E-03,-55.039258197E-03
+3.109345000E-03,-1.204577719563E+00,-46.364635129E-03,-56.380338586E-03
+3.109350000E-03,-1.202712141713E+00,-43.459484472E-03,-57.237750638E-03
+3.109355000E-03,-1.199551023652E+00,-45.657976911E-03,-58.649182781E-03
+3.109360000E-03,-1.196441727203E+00,-44.872801001E-03,-59.374685289E-03
+3.109365000E-03,-1.193850646846E+00,-44.323177921E-03,-60.852072204E-03
+3.109370000E-03,-1.191725960907E+00,-45.108353805E-03,-61.529207880E-03
+3.109375000E-03,-1.188668486091E+00,-46.050564830E-03,-63.015388766E-03
+3.109380000E-03,-1.185766476055E+00,-45.579459334E-03,-63.762876197E-03
+3.109385000E-03,-1.181620747484E+00,-44.166142733E-03,-65.090765624E-03
+3.109390000E-03,-1.178977845474E+00,-43.223931671E-03,-65.965765625E-03
+3.109395000E-03,-1.174365722395E+00,-43.459484479E-03,-66.972675153E-03
+3.109400000E-03,-1.170168172191E+00,-45.265388933E-03,-68.146670120E-03
+3.109405000E-03,-1.166074265219E+00,-44.087625116E-03,-68.977700258E-03
+3.109410000E-03,-1.161306677335E+00,-44.480213095E-03,-70.208856025E-03
+3.109415000E-03,-1.157264591920E+00,-43.773554827E-03,-70.850815818E-03
+3.109420000E-03,-1.152237896036E+00,-44.166142710E-03,-72.196293189E-03
+3.109425000E-03,-1.148506740264E+00,-42.831343719E-03,-72.794283139E-03
+3.109430000E-03,-1.143480044345E+00,-43.302449288E-03,-74.139760500E-03
+3.109435000E-03,-1.138505170062E+00,-44.637248266E-03,-74.720162515E-03
+3.109440000E-03,-1.132234755534E+00,-43.223931695E-03,-75.946921284E-03
+3.109445000E-03,-1.125964341055E+00,-43.930589958E-03,-76.588881087E-03
+3.109450000E-03,-1.119797569773E+00,-42.831343746E-03,-77.582599661E-03
+3.109455000E-03,-1.114200836138E+00,-43.852072395E-03,-78.492775542E-03
+3.109460000E-03,-1.106945811134E+00,-42.203203106E-03,-79.227072007E-03
+3.109465000E-03,-1.100260823736E+00,-41.418027232E-03,-80.409860948E-03
+3.109470000E-03,-1.093161263503E+00,-42.281720680E-03,-80.985865958E-03
+3.109475000E-03,-1.086787205787E+00,-44.166142767E-03,-82.120288064E-03
+3.109480000E-03,-1.080205861603E+00,-41.810615147E-03,-82.511619717E-03
+3.109485000E-03,-1.071707117996E+00,-43.223931701E-03,-83.821921205E-03
+3.109490000E-03,-1.064503914602E+00,-43.145414067E-03,-84.125313166E-03
+3.109495000E-03,-1.056730673459E+00,-42.674308575E-03,-85.391644805E-03
+3.109500000E-03,-1.050045686083E+00,-42.281720656E-03,-85.774182499E-03
+3.109505000E-03,-1.041028726394E+00,-41.653579949E-03,-86.847046801E-03
+3.109510000E-03,-1.032840912400E+00,-41.967650277E-03,-87.343906095E-03
+3.109515000E-03,-1.024549455198E+00,-43.066896496E-03,-88.205715129E-03
+3.109520000E-03,-1.015584317112E+00,-42.831343773E-03,-88.803705074E-03
+3.109525000E-03,-1.007292859881E+00,-42.438755806E-03,-89.683102047E-03
+3.109530000E-03,-997.757684108E-03,-41.339509577E-03,-90.179961340E-03
+3.109535000E-03,-989.207118891E-03,-42.360238230E-03,-91.063755301E-03
+3.109540000E-03,-978.635510982E-03,-41.889132645E-03,-91.288001532E-03
+3.109545000E-03,-969.100335198E-03,-40.240263392E-03,-92.365262825E-03
+3.109550000E-03,-958.891478555E-03,-41.418027215E-03,-92.549936189E-03
+3.109555000E-03,-950.600021303E-03,-42.988378933E-03,-93.565639699E-03
+3.109560000E-03,-939.769305337E-03,-41.810615178E-03,-93.728328140E-03
+3.109565000E-03,-929.612270306E-03,-42.281720646E-03,-94.814383400E-03
+3.109570000E-03,-918.418803089E-03,-40.868404095E-03,-94.766016574E-03
+3.109575000E-03,-908.313589659E-03,-39.690640337E-03,-95.825689923E-03
+3.109580000E-03,-897.068300810E-03,-41.339509587E-03,-95.869659780E-03
+3.109585000E-03,-886.548514479E-03,-39.847675487E-03,-96.815011519E-03
+3.109590000E-03,-876.339657793E-03,-40.946921700E-03,-97.065639661E-03
+3.109595000E-03,-864.679796144E-03,-41.182474416E-03,-97.650438644E-03
+3.109600000E-03,-854.004544990E-03,-41.260992055E-03,-98.125313018E-03
+3.109605000E-03,-843.329293855E-03,-41.339509583E-03,-98.477071801E-03
+3.109610000E-03,-831.462145757E-03,-39.062499575E-03,-99.048679844E-03
+3.109615000E-03,-820.527786532E-03,-41.889132672E-03,-99.308101951E-03
+3.109620000E-03,-807.935135957E-03,-39.769157848E-03,-99.932473803E-03
+3.109625000E-03,-796.586203902E-03,-39.455087507E-03,-99.985237621E-03
+3.109630000E-03,-783.216229182E-03,-40.632851299E-03,-100.671167260E-03
+3.109635000E-03,-771.763653919E-03,-41.889132749E-03,-100.693152187E-03
+3.109640000E-03,-759.222824910E-03,-39.141017197E-03,-101.449433581E-03
+3.109645000E-03,-746.578352670E-03,-41.182474451E-03,-101.392272783E-03
+3.109650000E-03,-733.674772454E-03,-39.847675432E-03,-101.911116995E-03
+3.109655000E-03,-721.444873046E-03,-40.946921686E-03,-102.038629563E-03
+3.109660000E-03,-709.629546540E-03,-41.339509632E-03,-102.407976288E-03
+3.109665000E-03,-696.985074318E-03,-39.533605108E-03,-102.605840606E-03
+3.109670000E-03,-682.993240302E-03,-40.161745833E-03,-102.935614475E-03
+3.109675000E-03,-669.986016846E-03,-39.847675474E-03,-103.019157181E-03
+3.109680000E-03,-656.719685312E-03,-39.455087531E-03,-103.392900906E-03
+3.109685000E-03,-643.867926651E-03,-40.161745805E-03,-103.296167233E-03
+3.109690000E-03,-628.839660511E-03,-40.475816128E-03,-103.709483816E-03
+3.109695000E-03,-615.106934525E-03,-40.946921658E-03,-103.700689841E-03
+3.109700000E-03,-601.581494985E-03,-41.025439210E-03,-103.977699893E-03
+3.109705000E-03,-587.589660911E-03,-39.690640300E-03,-103.924936071E-03
+3.109710000E-03,-574.323329416E-03,-40.083228235E-03,-104.219534062E-03
+3.109715000E-03,-560.383316976E-03,-39.533605104E-03,-104.109609434E-03
+3.109720000E-03,-546.339661360E-03,-39.612122695E-03,-104.263503907E-03
+3.109725000E-03,-532.399648946E-03,-39.298052336E-03,-104.259106921E-03
+3.109730000E-03,-519.185139049E-03,-38.669911660E-03,-104.267900892E-03
+3.109735000E-03,-504.001408049E-03,-39.376569919E-03,-104.347046625E-03
+3.109740000E-03,-489.232249925E-03,-40.397298477E-03,-104.135991349E-03
+3.109745000E-03,-474.463091799E-03,-39.062499560E-03,-104.509735061E-03
+3.109750000E-03,-459.383004045E-03,-39.455087556E-03,-104.004081805E-03
+3.109755000E-03,-444.769310737E-03,-39.612122709E-03,-104.355840590E-03
+3.109760000E-03,-429.067363664E-03,-37.727700673E-03,-104.048051649E-03
+3.109765000E-03,-414.920064776E-03,-38.983982005E-03,-104.320664707E-03
+3.109770000E-03,-399.373582554E-03,-38.434358878E-03,-103.784232564E-03
+3.109775000E-03,-384.811710827E-03,-39.926193068E-03,-104.026066723E-03
+3.109780000E-03,-369.057942180E-03,-41.182474401E-03,-103.568780302E-03
+3.109785000E-03,-353.563281540E-03,-39.533605086E-03,-103.599559193E-03
+3.109790000E-03,-337.913156091E-03,-38.669911653E-03,-103.370915983E-03
+3.109795000E-03,-323.040354734E-03,-39.376569948E-03,-103.151066736E-03
+3.109800000E-03,-308.219374940E-03,-39.141017194E-03,-103.063127036E-03
+3.109805000E-03,-291.740103813E-03,-41.260991999E-03,-102.720162217E-03
+3.109810000E-03,-276.660016023E-03,-40.318780993E-03,-102.566267749E-03
+3.109815000E-03,-260.906247354E-03,-40.475816171E-03,-102.328830564E-03
+3.109820000E-03,-244.945192259E-03,-39.298052354E-03,-102.060614484E-03
+3.109825000E-03,-228.984137134E-03,-38.355841345E-03,-101.814383334E-03
+3.109830000E-03,-212.608509200E-03,-38.748429211E-03,-101.414257711E-03
+3.109835000E-03,-196.854740530E-03,-39.062499633E-03,-101.260363240E-03
+3.109840000E-03,-182.241047180E-03,-39.612122695E-03,-100.710740133E-03
+3.109845000E-03,-165.761776063E-03,-38.983982005E-03,-100.477699932E-03
+3.109850000E-03,-150.526223450E-03,-39.690640253E-03,-99.928076825E-03
+3.109855000E-03,-134.409703515E-03,-40.240263381E-03,-99.822549181E-03
+3.109860000E-03,-118.345005149E-03,-41.025439241E-03,-99.211368289E-03
+3.109865000E-03,-103.005809365E-03,-39.769157880E-03,-98.890388391E-03
+3.109870000E-03,-86.941111038E-03,-41.025439255E-03,-98.446292923E-03
+3.109875000E-03,-71.757380076E-03,-40.475816135E-03,-97.839509003E-03
+3.109880000E-03,-56.625470640E-03,-39.690640355E-03,-97.654835644E-03
+3.109885000E-03,-41.078988394E-03,-38.434358885E-03,-96.872172329E-03
+3.109890000E-03,-26.620759928E-03,-39.376569908E-03,-96.705086906E-03
+3.109895000E-03,-10.504239993E-03,-40.632851324E-03,-95.794911041E-03
+3.109900000E-03,+6.182317634E-03,-39.376569960E-03,-95.667398475E-03
+3.109905000E-03,+22.091551140E-03,-39.533605097E-03,-94.757222609E-03
+3.109910000E-03,+37.845319783E-03,-38.669911694E-03,-94.576946223E-03
+3.109915000E-03,+54.013661311E-03,-40.475816101E-03,-93.574433681E-03
+3.109920000E-03,+69.093749075E-03,-39.141017147E-03,-93.328202522E-03
+3.109925000E-03,+85.210269007E-03,-38.905464459E-03,-92.519157304E-03
+3.109930000E-03,+99.979427180E-03,-38.748429196E-03,-92.039885953E-03
+3.109935000E-03,+116.873271173E-03,-40.946921639E-03,-91.340765360E-03
+3.109940000E-03,+131.694250987E-03,-40.475816120E-03,-90.755966366E-03
+3.109945000E-03,+148.743559803E-03,-38.905464374E-03,-90.061242758E-03
+3.109950000E-03,+164.860079731E-03,-38.983982006E-03,-89.397298041E-03
+3.109955000E-03,+180.924778066E-03,-39.926193058E-03,-88.619031719E-03
+3.109960000E-03,+195.434828174E-03,-39.141017180E-03,-88.139760368E-03
+3.109965000E-03,+211.603169663E-03,-40.554333755E-03,-87.220790530E-03
+3.109970000E-03,+228.548835345E-03,-39.062499570E-03,-86.618403600E-03
+3.109975000E-03,+244.354425630E-03,-39.376569952E-03,-85.800564417E-03
+3.109980000E-03,+258.916297304E-03,-39.455087495E-03,-85.097046831E-03
+3.109985000E-03,+274.151849914E-03,-38.748429248E-03,-84.362750361E-03
+3.109990000E-03,+289.905618644E-03,-40.240263332E-03,-83.487750361E-03
+3.109995000E-03,+306.125781764E-03,-38.669911650E-03,-82.735865956E-03
+3.110000000E-03,+320.946761493E-03,-39.455087510E-03,-81.746544354E-03
+3.110005000E-03,+336.545065326E-03,-37.649182995E-03,-81.113378537E-03
+3.110010000E-03,+351.573331548E-03,-38.983981987E-03,-79.908604678E-03
+3.110015000E-03,+366.601597657E-03,-39.847675471E-03,-79.495288103E-03
+3.110020000E-03,+381.785328647E-03,-40.004710619E-03,-78.167398666E-03
+3.110025000E-03,+395.984449136E-03,-38.355841320E-03,-77.635363501E-03
+3.110030000E-03,+411.479109749E-03,-39.455087555E-03,-76.448177578E-03
+3.110035000E-03,+426.973770409E-03,-40.240263373E-03,-75.749056986E-03
+3.110040000E-03,+441.380177265E-03,-38.434358930E-03,-74.654207749E-03
+3.110045000E-03,+455.579297746E-03,-40.318780960E-03,-73.862750470E-03
+3.110050000E-03,+469.830239837E-03,-39.455087506E-03,-72.816268073E-03
+3.110055000E-03,+483.925717052E-03,-40.083228233E-03,-71.752197730E-03
+3.110060000E-03,+498.746696783E-03,-39.219534741E-03,-71.004710298E-03
+3.110065000E-03,+513.671319749E-03,-38.591394036E-03,-69.848303280E-03
+3.110070000E-03,+528.388656254E-03,-39.847675437E-03,-69.070036956E-03
+3.110075000E-03,+541.551344555E-03,-40.554333782E-03,-67.838881194E-03
+3.110080000E-03,+555.439535371E-03,-37.806218234E-03,-67.060614864E-03
+3.110085000E-03,+569.742299050E-03,-38.748429283E-03,-65.882222922E-03
+3.110090000E-03,+583.267738548E-03,-38.434358873E-03,-64.919283231E-03
+3.110095000E-03,+597.104107764E-03,-40.083228229E-03,-63.859609877E-03
+3.110100000E-03,+611.095941810E-03,-40.240263338E-03,-62.725187778E-03
+3.110105000E-03,+624.673202943E-03,-39.455087509E-03,-61.683102366E-03
+3.110110000E-03,+637.162210400E-03,-38.591394048E-03,-60.592650114E-03
+3.110115000E-03,+651.102222796E-03,-40.004710596E-03,-59.568152631E-03
+3.110120000E-03,+663.694873400E-03,-40.397298570E-03,-58.565640086E-03
+3.110125000E-03,+676.909383278E-03,-39.926192986E-03,-57.286117478E-03
+3.110130000E-03,+689.553855507E-03,-39.376569884E-03,-56.411117499E-03
+3.110135000E-03,+701.628290104E-03,-39.926193051E-03,-54.999685340E-03
+3.110140000E-03,+714.946443169E-03,-39.533605127E-03,-54.085112499E-03
+3.110145000E-03,+726.243553659E-03,-40.789886502E-03,-52.598931601E-03
+3.110150000E-03,+738.577096190E-03,-38.748429222E-03,-51.895414027E-03
+3.110155000E-03,+750.392422724E-03,-41.260992009E-03,-50.184986907E-03
+3.110160000E-03,+763.244181391E-03,-38.277323765E-03,-49.481469325E-03
+3.110165000E-03,+775.836832051E-03,-40.397298543E-03,-47.823806034E-03
+3.110170000E-03,+787.133942428E-03,-40.240263353E-03,-47.027951765E-03
+3.110175000E-03,+797.446442372E-03,-39.926193063E-03,-45.695665351E-03
+3.110180000E-03,+809.987271345E-03,-40.161745801E-03,-44.429333704E-03
+3.110185000E-03,+820.507057623E-03,-39.769157862E-03,-43.448806078E-03
+3.110190000E-03,+831.855989719E-03,-40.554333701E-03,-41.940640261E-03
+3.110195000E-03,+843.256743311E-03,-40.789886502E-03,-41.070037259E-03
+3.110200000E-03,+854.657496986E-03,-40.397298617E-03,-39.394786019E-03
+3.110205000E-03,+865.229104929E-03,-40.083228202E-03,-38.585740800E-03
+3.110210000E-03,+876.578036957E-03,-38.198806167E-03,-36.826946857E-03
+3.110215000E-03,+887.356931358E-03,-41.967650257E-03,-36.061871481E-03
+3.110220000E-03,+897.876717652E-03,-40.475816118E-03,-34.417399142E-03
+3.110225000E-03,+906.945498987E-03,-39.690640302E-03,-33.406092615E-03
+3.110230000E-03,+917.724393324E-03,-40.083228198E-03,-32.065012230E-03
+3.110235000E-03,+927.777785142E-03,-40.868404093E-03,-30.811871536E-03
+3.110240000E-03,+937.053852905E-03,-38.826946868E-03,-29.646670550E-03
+3.110245000E-03,+947.159066359E-03,-40.946921715E-03,-28.160489655E-03
+3.110250000E-03,+956.227847680E-03,-40.789886482E-03,-27.157977105E-03
+3.110255000E-03,+964.830234559E-03,-41.496544782E-03,-25.588253502E-03
+3.110260000E-03,+974.106302267E-03,-41.339509544E-03,-24.493404267E-03
+3.110265000E-03,+982.812332335E-03,-39.533605092E-03,-22.914886704E-03
+3.110270000E-03,+992.295686476E-03,-39.533605120E-03,-21.820037460E-03
+3.110275000E-03,+1.000742608517E+00,-41.418027159E-03,-20.399811353E-03
+3.110280000E-03,+1.008878600918E+00,-39.141017232E-03,-19.049936989E-03
+3.110285000E-03,+1.015615409896E+00,-40.632851336E-03,-17.924308866E-03
+3.110290000E-03,+1.023906867070E+00,-40.240263360E-03,-16.266645565E-03
+3.110295000E-03,+1.032353789093E+00,-40.946921684E-03,-15.347675723E-03
+3.110300000E-03,+1.039712457374E+00,-40.789886434E-03,-13.694409413E-03
+3.110305000E-03,+1.046397444711E+00,-40.004710531E-03,-12.775439573E-03
+3.110310000E-03,+1.053756113013E+00,-40.868404141E-03,-11.157349140E-03
+3.110315000E-03,+1.062306678188E+00,-40.868404081E-03,-9.996545127E-03
+3.110320000E-03,+1.068266163077E+00,-40.554333725E-03,-8.563128064E-03
+3.110325000E-03,+1.075106615302E+00,-40.397298578E-03,-7.353957210E-03
+3.110330000E-03,+1.081532494615E+00,-40.397298574E-03,-6.078831606E-03
+3.110335000E-03,+1.088269303577E+00,-42.124685458E-03,-4.676193427E-03
+3.110340000E-03,+1.093555107578E+00,-40.868404037E-03,-3.541771329E-03
+3.110345000E-03,+1.099514592377E+00,-40.475816165E-03,-1.958856777E-03
+3.110350000E-03,+1.105681363676E+00,-40.475816133E-03,-1.044283912E-03
+3.110355000E-03,+1.110500773207E+00,-40.554333728E-03,+556.218575E-06
+3.110360000E-03,+1.115838398762E+00,-39.376569994E-03,+1.664258770E-03
+3.110365000E-03,+1.122108813249E+00,+57.435611113E-03,+3.190012515E-03
+3.110370000E-03,+1.125477217780E+00,+2.377316231345E+00,+4.434359245E-03
+3.110375000E-03,+1.129571124740E+00,+2.552724532961E+00,+5.599560232E-03
+3.110380000E-03,+1.134286891050E+00,+2.552724532961E+00,+7.134107953E-03
+3.110385000E-03,+1.138277154808E+00,+2.552724532961E+00,+8.171796383E-03
+3.110390000E-03,+1.143148385922E+00,+2.552724532961E+00,+9.693153157E-03
+3.110395000E-03,+1.146983184884E+00,+2.552724532961E+00,+10.739635550E-03
+3.110400000E-03,+1.151388021491E+00,+2.552724532961E+00,+12.326947095E-03
+3.110405000E-03,+1.156000144581E+00,+2.552724532961E+00,+13.470163159E-03
+3.110410000E-03,+1.158487581748E+00,+2.552724532961E+00,+14.938756110E-03
+3.110415000E-03,+1.162477845509E+00,+2.552724532961E+00,+15.989635499E-03
+3.110420000E-03,+1.165276212350E+00,+2.552724532961E+00,+17.510992267E-03
+3.110425000E-03,+1.166882682147E+00,+2.552724532961E+00,+18.610238485E-03
+3.110430000E-03,+1.169784692191E+00,+2.552724532961E+00,+20.122801282E-03
+3.110435000E-03,+1.173515847905E+00,+2.552724532961E+00,+21.173680671E-03
+3.110440000E-03,+1.174811388114E+00,+2.552724532961E+00,+22.536745980E-03
+3.110445000E-03,+1.177350646894E+00,+2.552724532961E+00,+23.662374111E-03
+3.110450000E-03,+1.179164403132E+00,+2.552724532961E+00,+25.122173086E-03
+3.110455000E-03,+1.180822694580E+00,+2.552724532961E+00,+26.190640416E-03
+3.110460000E-03,+1.181703661918E+00,+2.552724532961E+00,+27.681218282E-03
+3.110465000E-03,+1.182791915675E+00,+2.552724532961E+00,+28.811243403E-03
+3.110470000E-03,+1.183880169443E+00,+2.552724532961E+00,+30.121544892E-03
+3.110475000E-03,+1.184864779931E+00,+2.552724532961E+00,+31.291142874E-03
+3.110480000E-03,+1.185175709603E+00,+2.552724532961E+00,+32.478328787E-03
+3.110485000E-03,+1.185642104108E+00,+2.552724532961E+00,+33.749057419E-03
+3.110490000E-03,+1.185849390544E+00,+2.552724532961E+00,+34.980213181E-03
+3.110495000E-03,+1.185953033732E+00,+2.552724532961E+00,+36.184987038E-03
+3.110500000E-03,+1.185745747332E+00,+2.552724532961E+00,+37.446921700E-03
+3.110505000E-03,+1.184812958359E+00,+2.552724532961E+00,+38.638504601E-03
+3.110510000E-03,+1.184450207101E+00,+2.552724532961E+00,+39.794911626E-03
+3.110515000E-03,+1.183310131755E+00,+2.552724532961E+00,+41.004082465E-03
+3.110520000E-03,+1.182480986035E+00,+2.552724532961E+00,+42.208856326E-03
+3.110525000E-03,+1.180563586586E+00,+2.552724532961E+00,+43.347675403E-03
+3.110530000E-03,+1.178905295144E+00,+2.552724532961E+00,+44.534861324E-03
+3.110535000E-03,+1.177298825309E+00,+2.552724532961E+00,+45.616519602E-03
+3.110540000E-03,+1.176055106688E+00,+2.552724532961E+00,+46.816896479E-03
+3.110545000E-03,+1.172686702243E+00,+2.552724532961E+00,+47.911745703E-03
+3.110550000E-03,+1.170302908293E+00,+2.552724532961E+00,+48.945037159E-03
+3.110555000E-03,+1.169111011315E+00,+2.552724532961E+00,+50.202574825E-03
+3.110560000E-03,+1.164291601858E+00,+2.552724532961E+00,+51.174308493E-03
+3.110565000E-03,+1.162115094319E+00,+2.552724532961E+00,+52.392273296E-03
+3.110570000E-03,+1.158694868222E+00,+2.552724532961E+00,+53.280464249E-03
+3.110575000E-03,+1.155274642164E+00,+2.552724532961E+00,+54.529207943E-03
+3.110580000E-03,+1.153098134611E+00,+2.552724532961E+00,+55.417398900E-03
+3.110585000E-03,+1.148019617097E+00,+2.552724532961E+00,+56.582599882E-03
+3.110590000E-03,+1.144132996541E+00,+2.552724532961E+00,+57.396042100E-03
+3.110595000E-03,+1.139883624746E+00,+2.552724532961E+00,+58.574434032E-03
+3.110600000E-03,+1.134753285572E+00,+2.552724532961E+00,+59.572549608E-03
+3.110605000E-03,+1.130866665016E+00,+2.552724532961E+00,+60.500313410E-03
+3.110610000E-03,+1.126565471570E+00,+2.552724532961E+00,+61.669911393E-03
+3.110615000E-03,+1.121331489270E+00,+2.552724532961E+00,+62.355841032E-03
+3.110620000E-03,+1.116563901387E+00,+2.552724532961E+00,+63.608981726E-03
+3.110625000E-03,+1.110552594913E+00,+2.552724532961E+00,+64.334484226E-03
+3.110630000E-03,+1.105007682909E+00,+2.552724532961E+00,+65.548052053E-03
+3.110635000E-03,+1.098633625150E+00,+2.552724532961E+00,+66.238378680E-03
+3.110640000E-03,+1.091948637809E+00,+2.552724532961E+00,+67.517901276E-03
+3.110645000E-03,+1.086196439390E+00,+2.552724532961E+00,+68.085112334E-03
+3.110650000E-03,+1.080703348977E+00,+2.552724532961E+00,+69.325062061E-03
+3.110655000E-03,+1.073396502330E+00,+2.552724532961E+00,+69.914258042E-03
+3.110660000E-03,+1.066245120514E+00,+2.552724532961E+00,+71.031092190E-03
+3.110665000E-03,+1.058834630638E+00,+2.552724532961E+00,+71.668655012E-03
+3.110670000E-03,+1.052875145746E+00,+2.552724532961E+00,+72.706343428E-03
+3.110675000E-03,+1.045982872007E+00,+2.552724532961E+00,+73.383479113E-03
+3.110680000E-03,+1.036965912262E+00,+2.552724532961E+00,+74.271670047E-03
+3.110685000E-03,+1.030332746538E+00,+2.552724532961E+00,+75.001569546E-03
+3.110690000E-03,+1.022196754160E+00,+2.552724532961E+00,+75.828202697E-03
+3.110695000E-03,+1.013646188919E+00,+2.552724532961E+00,+76.584484104E-03
+3.110700000E-03,+1.004940158887E+00,+2.552724532961E+00,+77.446293132E-03
+3.110705000E-03,+996.337771997E-03,+2.552724532961E+00,+78.119031826E-03
+3.110710000E-03,+988.149958040E-03,+2.552724532961E+00,+78.897298142E-03
+3.110715000E-03,+978.200209425E-03,+2.552724532961E+00,+79.644785574E-03
+3.110720000E-03,+969.701465809E-03,+2.552724532961E+00,+80.291142350E-03
+3.110725000E-03,+960.632684494E-03,+2.552724532961E+00,+80.889132296E-03
+3.110730000E-03,+951.512081556E-03,+2.552724532961E+00,+81.680589571E-03
+3.110735000E-03,+942.754229863E-03,+2.552724532961E+00,+82.221418716E-03
+3.110740000E-03,+933.219054140E-03,+2.552724532961E+00,+83.012875988E-03
+3.110745000E-03,+923.424770314E-03,+2.552724532961E+00,+83.522926238E-03
+3.110750000E-03,+914.252345772E-03,+2.552724532961E+00,+84.279207636E-03
+3.110755000E-03,+903.007056953E-03,+2.552724532961E+00,+84.771669944E-03
+3.110760000E-03,+892.694557095E-03,+2.552724532961E+00,+85.492775463E-03
+3.110765000E-03,+882.226592363E-03,+2.552724532961E+00,+85.791770434E-03
+3.110770000E-03,+871.810449250E-03,+2.552724532961E+00,+86.675564394E-03
+3.110775000E-03,+860.876090120E-03,+2.552724532961E+00,+86.798679973E-03
+3.110780000E-03,+851.133627875E-03,+2.552724532961E+00,+87.704458853E-03
+3.110785000E-03,+839.370122962E-03,+2.552724532961E+00,+87.853956341E-03
+3.110790000E-03,+828.694871806E-03,+2.552724532961E+00,+88.667398547E-03
+3.110795000E-03,+817.294118171E-03,+2.552724532961E+00,+88.830086985E-03
+3.110800000E-03,+805.116040452E-03,+2.552724532961E+00,+89.634735214E-03
+3.110805000E-03,+793.300713934E-03,+2.552724532961E+00,+89.727071899E-03
+3.110810000E-03,+781.796317067E-03,+2.552724532961E+00,+90.571292993E-03
+3.110815000E-03,+771.017422687E-03,+2.552724532961E+00,+90.522926162E-03
+3.110820000E-03,+758.994809785E-03,+2.552724532961E+00,+91.490262834E-03
+3.110825000E-03,+746.505802367E-03,+2.552724532961E+00,+91.235237712E-03
+3.110830000E-03,+734.379546212E-03,+2.552724532961E+00,+92.141016604E-03
+3.110835000E-03,+722.305111651E-03,+2.552724532961E+00,+92.017901023E-03
+3.110840000E-03,+709.971569096E-03,+2.552724532961E+00,+92.866519108E-03
+3.110845000E-03,+697.327096866E-03,+2.552724532961E+00,+92.637875888E-03
+3.110850000E-03,+684.993554291E-03,+2.552724532961E+00,+93.495287939E-03
+3.110855000E-03,+671.882687571E-03,+2.552724532961E+00,+93.231468849E-03
+3.110860000E-03,+657.994496782E-03,+2.552724532961E+00,+94.036117082E-03
+3.110865000E-03,+645.039094885E-03,+2.552724532961E+00,+93.776694977E-03
+3.110870000E-03,+633.068303542E-03,+2.552724532961E+00,+94.405463806E-03
+3.110875000E-03,+618.921004730E-03,+2.552724532961E+00,+94.299936180E-03
+3.110880000E-03,+604.877349128E-03,+2.552724532961E+00,+94.647297973E-03
+3.110885000E-03,+591.973768838E-03,+2.552724532961E+00,+94.783604515E-03
+3.110890000E-03,+579.173831804E-03,+2.552724532961E+00,+94.972674856E-03
+3.110895000E-03,+564.560138505E-03,+2.552724532961E+00,+95.161745217E-03
+3.110900000E-03,+551.552915026E-03,+2.552724532961E+00,+95.122172343E-03
+3.110905000E-03,+537.353794578E-03,+2.552724532961E+00,+95.526694952E-03
+3.110910000E-03,+523.310138932E-03,+2.552724532961E+00,+95.262875864E-03
+3.110915000E-03,+509.007375252E-03,+2.552724532961E+00,+95.671795454E-03
+3.110920000E-03,+495.274649327E-03,+2.552724532961E+00,+95.438755262E-03
+3.110925000E-03,+480.660956028E-03,+2.552724532961E+00,+95.684986410E-03
+3.110930000E-03,+465.891797874E-03,+2.552724532961E+00,+95.658604501E-03
+3.110935000E-03,+451.329926148E-03,+2.552724532961E+00,+95.605840680E-03
+3.110940000E-03,+437.130805709E-03,+2.552724532961E+00,+95.733353245E-03
+3.110945000E-03,+422.413469215E-03,+2.552724532961E+00,+95.487122095E-03
+3.110950000E-03,+407.955240680E-03,+2.552724532961E+00,+95.724559275E-03
+3.110955000E-03,+392.201472037E-03,+2.552724532961E+00,+95.342021594E-03
+3.110960000E-03,+376.344060123E-03,+2.552724532961E+00,+95.557473846E-03
+3.110965000E-03,+361.678545160E-03,+2.552724532961E+00,+95.166142206E-03
+3.110970000E-03,+345.924776491E-03,+2.552724532961E+00,+95.271669834E-03
+3.110975000E-03,+332.036585691E-03,+2.552724532961E+00,+94.919911048E-03
+3.110980000E-03,+316.334638632E-03,+2.552724532961E+00,+95.051820585E-03
+3.110985000E-03,+301.358194057E-03,+2.552724532961E+00,+94.704458789E-03
+3.110990000E-03,+286.848143979E-03,+2.552724532961E+00,+94.651694964E-03
+3.110995000E-03,+271.042553699E-03,+2.552724532961E+00,+94.409860802E-03
+3.111000000E-03,+255.858822721E-03,+2.552724532961E+00,+94.181217586E-03
+3.111005000E-03,+239.949589232E-03,+2.552724532961E+00,+93.965765328E-03
+3.111010000E-03,+224.714036625E-03,+2.552724532961E+00,+93.789885930E-03
+3.111015000E-03,+209.323019211E-03,+2.552724532961E+00,+93.376569353E-03
+3.111020000E-03,+194.242931436E-03,+2.552724532961E+00,+93.310614578E-03
+3.111025000E-03,+177.711838649E-03,+2.552724532961E+00,+92.668654789E-03
+3.111030000E-03,+162.683572490E-03,+2.552724532961E+00,+92.708227658E-03
+3.111035000E-03,+147.551663089E-03,+2.552724532961E+00,+92.101443740E-03
+3.111040000E-03,+132.005180859E-03,+2.552724532961E+00,+91.995916103E-03
+3.111045000E-03,+115.836839285E-03,+2.552724532961E+00,+91.411117116E-03
+3.111050000E-03,+99.357568180E-03,+2.552724532961E+00,+91.323177412E-03
+3.111055000E-03,+83.811085862E-03,+2.552724532961E+00,+90.531720146E-03
+3.111060000E-03,+69.197392569E-03,+2.552724532961E+00,+90.391016620E-03
+3.111065000E-03,+53.029050989E-03,+2.552724532961E+00,+89.801820652E-03
+3.111070000E-03,+37.586211977E-03,+2.552724532961E+00,+89.432473918E-03
+3.111075000E-03,+21.573335315E-03,+2.552724532961E+00,+89.032348302E-03
+3.111080000E-03,+6.700533937E-03,+2.552724532961E+00,+88.425564379E-03
+3.111085000E-03,-9.312342740E-03,+2.552724532961E+00,+88.047423688E-03
+3.111090000E-03,-24.807003414E-03,+2.552724532961E+00,+87.484609617E-03
+3.111095000E-03,-40.146199236E-03,+2.552724532961E+00,+86.934986512E-03
+3.111100000E-03,-54.915357420E-03,+2.552724532961E+00,+86.429333251E-03
+3.111105000E-03,-70.617304425E-03,+2.552724532961E+00,+85.818152355E-03
+3.111110000E-03,-87.044753964E-03,+2.552724532961E+00,+85.299308137E-03
+3.111115000E-03,-102.176663377E-03,+2.552724532961E+00,+84.543026740E-03
+3.111120000E-03,-118.604112940E-03,+2.552724532961E+00,+84.129710154E-03
+3.111125000E-03,-135.031562525E-03,+2.552724532961E+00,+83.311870978E-03
+3.111130000E-03,-150.267115120E-03,+2.552724532961E+00,+82.845790572E-03
+3.111135000E-03,-165.658132555E-03,+2.552724532961E+00,+82.085112194E-03
+3.111140000E-03,-182.137403671E-03,+2.552724532961E+00,+81.526695105E-03
+3.111145000E-03,-196.802918601E-03,+2.552724532961E+00,+80.906720250E-03
+3.111150000E-03,-211.986649664E-03,+2.552724532961E+00,+80.062499143E-03
+3.111155000E-03,-227.740418328E-03,+2.552724532961E+00,+79.644785588E-03
+3.111160000E-03,-245.100656814E-03,+2.552724532961E+00,+78.492775545E-03
+3.111165000E-03,-260.284387816E-03,+2.552724532961E+00,+78.180589625E-03
+3.111170000E-03,-276.297264486E-03,+2.552724532961E+00,+77.024182598E-03
+3.111175000E-03,-291.584638737E-03,+2.552724532961E+00,+76.707599690E-03
+3.111180000E-03,-307.442050609E-03,+2.552724532961E+00,+75.516016784E-03
+3.111185000E-03,-323.662213822E-03,+2.552724532961E+00,+75.032348452E-03
+3.111190000E-03,-338.794123174E-03,+2.552724532961E+00,+73.871544447E-03
+3.111195000E-03,-353.200530067E-03,+2.552724532961E+00,+73.343906256E-03
+3.111200000E-03,-369.161585132E-03,+2.552724532961E+00,+72.262247980E-03
+3.111205000E-03,-382.842489567E-03,+2.552724532961E+00,+71.563127384E-03
+3.111210000E-03,-398.648079773E-03,+2.552724532961E+00,+70.639760556E-03
+3.111215000E-03,-413.313594731E-03,+2.552724532961E+00,+69.821921370E-03
+3.111220000E-03,-429.274649824E-03,+2.552724532961E+00,+68.872172633E-03
+3.111225000E-03,-445.442991350E-03,+2.552724532961E+00,+67.887248028E-03
+3.111230000E-03,-458.761144498E-03,+2.552724532961E+00,+66.994660090E-03
+3.111235000E-03,-473.271194597E-03,+2.552724532961E+00,+66.159232973E-03
+3.111240000E-03,-487.729423082E-03,+2.552724532961E+00,+65.024810868E-03
+3.111245000E-03,-502.964975667E-03,+2.552724532961E+00,+64.237750586E-03
+3.111250000E-03,-516.334950438E-03,+2.552724532961E+00,+63.213253095E-03
+3.111255000E-03,-531.415038210E-03,+2.552724532961E+00,+62.333856128E-03
+3.111260000E-03,-544.059510443E-03,+2.552724532961E+00,+61.247800857E-03
+3.111265000E-03,-558.310452470E-03,+2.552724532961E+00,+60.315640067E-03
+3.111270000E-03,-572.146821665E-03,+2.552724532961E+00,+59.238378775E-03
+3.111275000E-03,-587.071444590E-03,+2.552724532961E+00,+58.288630041E-03
+3.111280000E-03,-599.508630445E-03,+2.552724532961E+00,+57.290514471E-03
+3.111285000E-03,-612.567675529E-03,+2.552724532961E+00,+56.129710469E-03
+3.111290000E-03,-626.093115091E-03,+2.552724532961E+00,+55.347047154E-03
+3.111295000E-03,-639.774019461E-03,+2.552724532961E+00,+53.940011997E-03
+3.111300000E-03,-652.677599722E-03,+2.552724532961E+00,+53.214509489E-03
+3.111305000E-03,-667.705865861E-03,+2.552724532961E+00,+51.869032126E-03
+3.111310000E-03,-678.847511505E-03,+2.552724532961E+00,+51.002826093E-03
+3.111315000E-03,-692.735702333E-03,+2.552724532961E+00,+49.828831142E-03
+3.111320000E-03,-705.483817730E-03,+2.552724532961E+00,+48.764760788E-03
+3.111325000E-03,-718.231933199E-03,+2.552724532961E+00,+47.652323626E-03
+3.111330000E-03,-730.617297326E-03,+2.552724532961E+00,+46.421167854E-03
+3.111335000E-03,-743.158126397E-03,+2.552724532961E+00,+45.401067366E-03
+3.111340000E-03,-755.284382545E-03,+2.552724532961E+00,+44.081971902E-03
+3.111345000E-03,-768.447070808E-03,+2.552724532961E+00,+43.211368887E-03
+3.111350000E-03,-780.158754156E-03,+2.552724532961E+00,+41.681218164E-03
+3.111355000E-03,-792.336831884E-03,+2.552724532961E+00,+40.727072435E-03
+3.111360000E-03,-804.152158365E-03,+2.552724532961E+00,+39.267273467E-03
+3.111365000E-03,-815.708376853E-03,+2.552724532961E+00,+38.343906633E-03
+3.111370000E-03,-826.539092821E-03,+2.552724532961E+00,+37.020414190E-03
+3.111375000E-03,-838.043489711E-03,+2.552724532961E+00,+35.921167965E-03
+3.111380000E-03,-849.133313744E-03,+2.552724532961E+00,+34.637248385E-03
+3.111385000E-03,-859.601278415E-03,+2.552724532961E+00,+33.546796129E-03
+3.111390000E-03,-869.965599931E-03,+2.552724532961E+00,+32.051821276E-03
+3.111395000E-03,-881.159067157E-03,+2.552724532961E+00,+31.159233344E-03
+3.111400000E-03,-891.989783090E-03,+2.552724532961E+00,+29.527951958E-03
+3.111405000E-03,-903.079607088E-03,+2.552724532961E+00,+28.683730860E-03
+3.111410000E-03,-913.703036616E-03,+2.552724532961E+00,+26.955715804E-03
+3.111415000E-03,-923.963714882E-03,+2.552724532961E+00,+26.247801237E-03
+3.111420000E-03,-933.965285178E-03,+2.552724532961E+00,+24.484610303E-03
+3.111425000E-03,-945.210573986E-03,+2.552724532961E+00,+23.794283669E-03
+3.111430000E-03,-955.160322610E-03,+2.552724532961E+00,+21.855213356E-03
+3.111435000E-03,-964.540033565E-03,+2.552724532961E+00,+21.120916863E-03
+3.111440000E-03,-974.386138997E-03,+2.552724532961E+00,+19.388504839E-03
+3.111445000E-03,-982.677596236E-03,+2.552724532961E+00,+18.487122920E-03
+3.111450000E-03,-992.264593573E-03,+2.552724532961E+00,+16.891017427E-03
+3.111455000E-03,-1.001074266845E+00,+2.552724532961E+00,+15.866519931E-03
+3.111460000E-03,-1.010350334636E+00,+2.552724532961E+00,+14.485866689E-03
+3.111465000E-03,-1.019522759161E+00,+2.552724532961E+00,+13.065640573E-03
+3.111470000E-03,-1.027036892227E+00,+2.552724532961E+00,+11.926821492E-03
+3.111475000E-03,-1.035846565474E+00,+2.552724532961E+00,+10.497801408E-03
+3.111480000E-03,-1.044189844349E+00,+2.552724532961E+00,+9.293027545E-03
+3.111485000E-03,-1.051911263829E+00,+2.552724532961E+00,+7.934359229E-03
+3.111490000E-03,-1.060150899439E+00,+2.552724532961E+00,+6.650439635E-03
+3.111495000E-03,-1.067924140548E+00,+2.552724532961E+00,+5.384108002E-03
+3.111500000E-03,-1.074194555102E+00,+2.552724532961E+00,+4.029836651E-03
+3.111505000E-03,-1.083159693107E+00,+2.552724532961E+00,+2.895414559E-03
+3.111510000E-03,-1.089430107664E+00,+2.552724532961E+00,+1.312499999E-03
+3.111515000E-03,-1.096529667883E+00,+2.552724532961E+00,+477.072867E-06
+3.111520000E-03,-1.102281866350E+00,+2.552724532961E+00,-1.277324096E-03
+3.111525000E-03,-1.109951464219E+00,+2.552724532961E+00,-2.266645693E-03
+3.111530000E-03,-1.115651841081E+00,+2.552724532961E+00,-3.774811504E-03
+3.111535000E-03,-1.122336828407E+00,+2.552724532961E+00,-4.944409487E-03
+3.111540000E-03,-1.128451778084E+00,+2.552724532961E+00,-6.281092883E-03
+3.111545000E-03,-1.133582117245E+00,+2.552724532961E+00,-7.701319004E-03
+3.111550000E-03,-1.139386137270E+00,+2.552724532961E+00,-8.875313957E-03
+3.111555000E-03,-1.143531865914E+00,+2.552724532961E+00,-10.467022490E-03
+3.111560000E-03,-1.149335885936E+00,+2.552724532961E+00,-11.487122980E-03
+3.111565000E-03,-1.154569868250E+00,+2.552724532961E+00,-13.166771200E-03
+3.111570000E-03,-1.160062958695E+00,+2.079656088249E+00,-14.010992304E-03
+3.111575000E-03,-1.163690471219E+00,-49.897918726E-03,-15.624685748E-03
+3.111580000E-03,-1.168406237504E+00,-174.976442701E-03,-16.578831472E-03
+3.111585000E-03,-1.173122003667E+00,-91.747802956E-03,-18.240891746E-03
+3.111590000E-03,-1.176749516289E+00,+210.152322117E-03,-19.370916867E-03
+3.111595000E-03,-1.180169742406E+00,-65.051819303E-03,-20.650439461E-03
+3.111600000E-03,-1.184626400614E+00,-68.899182749E-03,-22.070665586E-03
+3.111605000E-03,-1.187580232240E+00,-100.855840643E-03,-23.183102752E-03
+3.111610000E-03,-1.191674139271E+00,-20.375314502E-03,-24.853957012E-03
+3.111615000E-03,-1.193384252338E+00,-48.720162388E-03,-25.746544939E-03
+3.111620000E-03,-1.196078975907E+00,-46.600188038E-03,-27.522926824E-03
+3.111625000E-03,-1.199551023625E+00,-58.613378630E-03,-28.257223309E-03
+3.111630000E-03,-1.201675709519E+00,-48.798680596E-03,-30.046796144E-03
+3.111635000E-03,-1.204629541126E+00,-49.819409034E-03,-30.829459462E-03
+3.111640000E-03,-1.205821438124E+00,-49.976444168E-03,-32.566268475E-03
+3.111645000E-03,-1.207583372779E+00,-50.133479283E-03,-33.410489587E-03
+3.111650000E-03,-1.209034377778E+00,-48.484610098E-03,-35.046167949E-03
+3.111655000E-03,-1.211262706933E+00,-48.798680367E-03,-36.031092569E-03
+3.111660000E-03,-1.211936387807E+00,-46.286117605E-03,-37.543655359E-03
+3.111665000E-03,-1.214164716913E+00,-47.306846167E-03,-38.453831236E-03
+3.111670000E-03,-1.214009252087E+00,-46.207600013E-03,-40.142273425E-03
+3.111675000E-03,-1.215097505887E+00,-48.798680352E-03,-40.951318647E-03
+3.111680000E-03,-1.215356613915E+00,-47.306846192E-03,-42.622172897E-03
+3.111685000E-03,-1.215563900351E+00,-47.856469392E-03,-43.369660325E-03
+3.111690000E-03,-1.216548510840E+00,-47.777951770E-03,-45.044911567E-03
+3.111695000E-03,-1.216341224467E+00,-46.992775909E-03,-45.686871362E-03
+3.111700000E-03,-1.215771186778E+00,-46.835740609E-03,-47.331343698E-03
+3.111705000E-03,-1.214734754628E+00,-45.500941724E-03,-48.096419076E-03
+3.111710000E-03,-1.214423824990E+00,-44.872801062E-03,-49.648554729E-03
+3.111715000E-03,-1.213646500861E+00,-46.757223102E-03,-50.453202976E-03
+3.111720000E-03,-1.212040031069E+00,-45.815012107E-03,-51.956971792E-03
+3.111725000E-03,-1.211003598906E+00,-46.286117554E-03,-53.069408963E-03
+3.111730000E-03,-1.209811701920E+00,-46.050564798E-03,-54.067524532E-03
+3.111735000E-03,-1.208257053709E+00,-48.327574844E-03,-55.536117484E-03
+3.111740000E-03,-1.206391475816E+00,-45.972047211E-03,-56.195665218E-03
+3.111745000E-03,-1.204214968362E+00,-44.794283394E-03,-57.703831030E-03
+3.111750000E-03,-1.201779352780E+00,-44.244660371E-03,-58.398554641E-03
+3.111755000E-03,-1.200276526153E+00,-44.009107544E-03,-59.875941559E-03
+3.111760000E-03,-1.196493548810E+00,-43.145414222E-03,-60.676192813E-03
+3.111765000E-03,-1.193850646832E+00,-45.029836227E-03,-62.021670174E-03
+3.111770000E-03,-1.190430420755E+00,-44.951318594E-03,-62.857097312E-03
+3.111775000E-03,-1.187062016265E+00,-45.815012072E-03,-64.132222919E-03
+3.111780000E-03,-1.182398071635E+00,-46.443152682E-03,-64.980841006E-03
+3.111785000E-03,-1.178718737473E+00,-43.459484469E-03,-66.128454056E-03
+3.111790000E-03,-1.175764905799E+00,-43.223931672E-03,-67.218906305E-03
+3.111795000E-03,-1.171100961180E+00,-45.893529664E-03,-68.063127405E-03
+3.111800000E-03,-1.166903410973E+00,-43.066896513E-03,-69.267901258E-03
+3.111805000E-03,-1.162913147194E+00,-44.951318645E-03,-70.112122352E-03
+3.111810000E-03,-1.158197380899E+00,-41.810615140E-03,-71.228956513E-03
+3.111815000E-03,-1.152911576946E+00,-43.852072390E-03,-72.024810776E-03
+3.111820000E-03,-1.148662205112E+00,-43.145414008E-03,-73.203202717E-03
+3.111825000E-03,-1.143480044360E+00,-42.752826226E-03,-73.959484131E-03
+3.111830000E-03,-1.137779667591E+00,-42.674308557E-03,-75.032348431E-03
+3.111835000E-03,-1.131612896320E+00,-43.852072410E-03,-75.749056972E-03
+3.111840000E-03,-1.125342481777E+00,-42.831343814E-03,-76.936242881E-03
+3.111845000E-03,-1.119538461766E+00,-42.831343798E-03,-77.604584587E-03
+3.111850000E-03,-1.112490723152E+00,-43.223931559E-03,-78.765388594E-03
+3.111855000E-03,-1.106116665353E+00,-41.575062364E-03,-79.271041860E-03
+3.111860000E-03,-1.099587142874E+00,-43.145414121E-03,-80.467021737E-03
+3.111865000E-03,-1.091865723410E+00,-42.438755739E-03,-80.950690086E-03
+3.111870000E-03,-1.085336200789E+00,-42.360238209E-03,-82.309358401E-03
+3.111875000E-03,-1.078754856649E+00,-43.538002051E-03,-82.559986548E-03
+3.111880000E-03,-1.070774329099E+00,-43.380966867E-03,-83.967021701E-03
+3.111885000E-03,-1.064089341761E+00,-43.145414157E-03,-84.134107134E-03
+3.111890000E-03,-1.056523387014E+00,-41.810615094E-03,-85.523554346E-03
+3.111895000E-03,-1.048491037881E+00,-43.066896518E-03,-85.725815667E-03
+3.111900000E-03,-1.039266791762E+00,-42.831343773E-03,-86.948177451E-03
+3.111905000E-03,-1.030716226551E+00,-42.203203086E-03,-87.321921177E-03
+3.111910000E-03,-1.022994807022E+00,-42.909861308E-03,-88.460740242E-03
+3.111915000E-03,-1.014651528186E+00,-42.988378968E-03,-88.750941258E-03
+3.111920000E-03,-1.005841854948E+00,-41.889132769E-03,-89.740262849E-03
+3.111925000E-03,-997.239468089E-03,-42.517273450E-03,-90.153579432E-03
+3.111930000E-03,-987.134254636E-03,-41.182474413E-03,-91.054961326E-03
+3.111935000E-03,-977.961830073E-03,-42.203203045E-03,-91.499056804E-03
+3.111940000E-03,-969.566729705E-03,-41.103956810E-03,-92.224559306E-03
+3.111945000E-03,-959.876089085E-03,-41.260991937E-03,-92.769785429E-03
+3.111950000E-03,-950.029983618E-03,-42.674308578E-03,-93.468906031E-03
+3.111955000E-03,-939.665662194E-03,-41.967650304E-03,-93.987750243E-03
+3.111960000E-03,-929.767735126E-03,-40.240263414E-03,-94.656091944E-03
+3.111965000E-03,-918.056051914E-03,-40.711368932E-03,-94.999056765E-03
+3.111970000E-03,-907.484443942E-03,-39.847675400E-03,-95.720162285E-03
+3.111975000E-03,-896.031868691E-03,-41.103956820E-03,-96.137875853E-03
+3.111980000E-03,-885.823012003E-03,-41.103956815E-03,-96.700689912E-03
+3.111985000E-03,-874.888652844E-03,-40.004710663E-03,-97.223931120E-03
+3.111990000E-03,-864.161580078E-03,-41.418027189E-03,-97.694408490E-03
+3.111995000E-03,-853.797258612E-03,-41.732097517E-03,-98.090137142E-03
+3.112000000E-03,-843.588401875E-03,-39.847675463E-03,-98.595790392E-03
+3.112005000E-03,-831.203037738E-03,-40.240263383E-03,-98.995916024E-03
+3.112010000E-03,-819.335889617E-03,-39.298052332E-03,-99.374056712E-03
+3.112015000E-03,-807.002347001E-03,-40.946921656E-03,-99.941267776E-03
+3.112020000E-03,-795.238842151E-03,-41.260992036E-03,-100.108353192E-03
+3.112025000E-03,-782.749834750E-03,-39.926193003E-03,-100.701946159E-03
+3.112030000E-03,-770.675400231E-03,-41.967650325E-03,-100.891016500E-03
+3.112035000E-03,-758.963716953E-03,-40.632851339E-03,-101.282348163E-03
+3.112040000E-03,-745.749206992E-03,-39.612122771E-03,-101.598931064E-03
+3.112045000E-03,-732.897448364E-03,-40.161745822E-03,-101.897926043E-03
+3.112050000E-03,-720.823013792E-03,-40.161745748E-03,-102.205714981E-03
+3.112055000E-03,-708.696757658E-03,-41.575062332E-03,-102.372800415E-03
+3.112060000E-03,-695.896820700E-03,-41.025439243E-03,-102.755338088E-03
+3.112065000E-03,-681.904986627E-03,-40.632851249E-03,-102.790513976E-03
+3.112070000E-03,-668.327725504E-03,-40.004710664E-03,-103.331343101E-03
+3.112075000E-03,-656.253290859E-03,-41.182474370E-03,-103.124684834E-03
+3.112080000E-03,-641.846884010E-03,-40.318780954E-03,-103.700689835E-03
+3.112085000E-03,-627.492298775E-03,-39.612122681E-03,-103.494031562E-03
+3.112090000E-03,-613.811394371E-03,-39.141017190E-03,-103.933730034E-03
+3.112095000E-03,-600.700527681E-03,-40.083228225E-03,-103.880966229E-03
+3.112100000E-03,-586.501407212E-03,-39.612122681E-03,-104.114006413E-03
+3.112105000E-03,-572.872324440E-03,-40.318781018E-03,-104.105212458E-03
+3.112110000E-03,-559.657814542E-03,-40.004710653E-03,-104.267900883E-03
+3.112115000E-03,-545.355050859E-03,-40.554333720E-03,-104.197549142E-03
+3.112120000E-03,-531.777789698E-03,-39.690640321E-03,-104.311870737E-03
+3.112125000E-03,-516.594058719E-03,-40.161745774E-03,-104.408604408E-03
+3.112130000E-03,-501.876722228E-03,-38.826946756E-03,-104.241518983E-03
+3.112135000E-03,-487.988531401E-03,-41.182474444E-03,-104.386619487E-03
+3.112140000E-03,-472.338406001E-03,-40.318780879E-03,-104.245915966E-03
+3.112145000E-03,-458.605679904E-03,-39.219534734E-03,-104.311870740E-03
+3.112150000E-03,-443.421948957E-03,-38.748429265E-03,-104.215137076E-03
+3.112155000E-03,-427.512715509E-03,-39.298052364E-03,-104.127197375E-03
+3.112160000E-03,-412.432627724E-03,-39.769157849E-03,-104.092021496E-03
+3.112165000E-03,-398.855366485E-03,-39.062499614E-03,-103.850187334E-03
+3.112170000E-03,-384.241673174E-03,-38.983981978E-03,-103.880966223E-03
+3.112175000E-03,-367.088721171E-03,-40.004710627E-03,-103.705086828E-03
+3.112180000E-03,-352.734135894E-03,-39.219534718E-03,-103.634735072E-03
+3.112185000E-03,-336.358507869E-03,-38.512876467E-03,-103.335740103E-03
+3.112190000E-03,-320.138344818E-03,-39.062499630E-03,-103.265388340E-03
+3.112195000E-03,-306.094689097E-03,-39.298052348E-03,-102.812498906E-03
+3.112200000E-03,-290.910958136E-03,-38.905464445E-03,-102.900438596E-03
+3.112205000E-03,-275.105367896E-03,-39.455087474E-03,-102.416770265E-03
+3.112210000E-03,-259.766172070E-03,-38.512876515E-03,-102.328830565E-03
+3.112215000E-03,-243.908760162E-03,-40.868404020E-03,-101.959483836E-03
+3.112220000E-03,-227.636775451E-03,-39.847675415E-03,-101.823177304E-03
+3.112225000E-03,-211.986650016E-03,-39.690640203E-03,-101.357096916E-03
+3.112230000E-03,-197.321135030E-03,-39.141017201E-03,-101.216393389E-03
+3.112235000E-03,-181.360079982E-03,-40.632851307E-03,-100.684358225E-03
+3.112240000E-03,-166.435456976E-03,-38.669911624E-03,-100.508478825E-03
+3.112245000E-03,-151.407190751E-03,-39.769157833E-03,-99.888503960E-03
+3.112250000E-03,-134.306060371E-03,-39.219534767E-03,-99.765388381E-03
+3.112255000E-03,-118.396826827E-03,-40.789886503E-03,-99.189383365E-03
+3.112260000E-03,-101.762090802E-03,-40.083228165E-03,-98.890388389E-03
+3.112265000E-03,-87.303862321E-03,-38.669911624E-03,-98.283604487E-03
+3.112270000E-03,-71.861023291E-03,-40.083228198E-03,-97.971418546E-03
+3.112275000E-03,-56.210897794E-03,-38.277323738E-03,-97.434986404E-03
+3.112280000E-03,-41.389918129E-03,-39.376569886E-03,-96.946921071E-03
+3.112285000E-03,-25.843435877E-03,-38.669911673E-03,-96.432473852E-03
+3.112290000E-03,-10.089667234E-03,-39.455087473E-03,-95.909232640E-03
+3.112295000E-03,+6.648712009E-03,-38.905464451E-03,-95.535488937E-03
+3.112300000E-03,+22.402480735E-03,-38.669911635E-03,-94.761619589E-03
+3.112305000E-03,+38.415357437E-03,-37.021042339E-03,-94.392272870E-03
+3.112310000E-03,+54.117304447E-03,-40.083228187E-03,-93.596418592E-03
+3.112315000E-03,+69.819251518E-03,-39.847675480E-03,-93.205086949E-03
+3.112320000E-03,+84.847517743E-03,-38.905464391E-03,-92.470790471E-03
+3.112325000E-03,+102.155934596E-03,-39.455087501E-03,-91.969534201E-03
+3.112330000E-03,+117.028735966E-03,-39.690640256E-03,-91.120916111E-03
+3.112335000E-03,+131.953358972E-03,-40.946921655E-03,-90.773554313E-03
+3.112340000E-03,+148.069878907E-03,-39.062499527E-03,-89.845790498E-03
+3.112345000E-03,+164.238220388E-03,-40.397298474E-03,-89.450061871E-03
+3.112350000E-03,+180.406561996E-03,-38.826946842E-03,-88.531092018E-03
+3.112355000E-03,+196.678546674E-03,-40.868404074E-03,-88.029835755E-03
+3.112360000E-03,+212.225028890E-03,-39.219534806E-03,-87.031720178E-03
+3.112365000E-03,+227.408759938E-03,-39.455087556E-03,-86.631594560E-03
+3.112370000E-03,+243.784387863E-03,-40.083228153E-03,-85.505966420E-03
+3.112375000E-03,+258.190794711E-03,-40.161745807E-03,-85.189383524E-03
+3.112380000E-03,+274.255493071E-03,-39.141017108E-03,-83.945036795E-03
+3.112385000E-03,+289.491045642E-03,-38.905464446E-03,-83.654835796E-03
+3.112390000E-03,+305.970316808E-03,-39.612122675E-03,-82.278579530E-03
+3.112395000E-03,+321.413155864E-03,-39.769157849E-03,-81.957599635E-03
+3.112400000E-03,+335.197703488E-03,-39.455087500E-03,-80.735237839E-03
+3.112405000E-03,+351.884261047E-03,-41.260991909E-03,-80.229584573E-03
+3.112410000E-03,+365.927916734E-03,-38.983981945E-03,-79.064383593E-03
+3.112415000E-03,+381.681685347E-03,-40.632851312E-03,-78.338881076E-03
+3.112420000E-03,+395.362589785E-03,-39.062499593E-03,-77.314383607E-03
+3.112425000E-03,+412.308255422E-03,-38.041770977E-03,-76.540514258E-03
+3.112430000E-03,+426.559197509E-03,-39.769157838E-03,-75.603956487E-03
+3.112435000E-03,+440.551031538E-03,-39.690640356E-03,-74.605840919E-03
+3.112440000E-03,+454.387400725E-03,-40.554333703E-03,-73.656092185E-03
+3.112445000E-03,+469.104737232E-03,-40.083228270E-03,-72.653579634E-03
+3.112450000E-03,+484.081181777E-03,-39.219534789E-03,-71.734609793E-03
+3.112455000E-03,+497.347513326E-03,-39.376570036E-03,-70.872800764E-03
+3.112460000E-03,+511.494812144E-03,-39.690640217E-03,-69.813127403E-03
+3.112465000E-03,+525.383002987E-03,-40.004710638E-03,-69.074433942E-03
+3.112470000E-03,+540.411269124E-03,-41.025439231E-03,-67.768529433E-03
+3.112475000E-03,+554.403103156E-03,-40.789886459E-03,-67.069408838E-03
+3.112480000E-03,+567.876721106E-03,-39.376569964E-03,-65.600815894E-03
+3.112485000E-03,+582.904987287E-03,-40.868404034E-03,-64.897298309E-03
+3.112490000E-03,+595.912210748E-03,-39.926192972E-03,-63.560614910E-03
+3.112495000E-03,+609.955866369E-03,-40.397298557E-03,-62.826318436E-03
+3.112500000E-03,+623.584949174E-03,-39.690640211E-03,-61.414886293E-03
+3.112505000E-03,+636.333064578E-03,-40.554333691E-03,-60.597047100E-03
+3.112510000E-03,+649.547574505E-03,-39.847675424E-03,-59.352700385E-03
+3.112515000E-03,+662.295689976E-03,-39.690640301E-03,-58.363378778E-03
+3.112520000E-03,+674.732875788E-03,-40.711368866E-03,-57.321293372E-03
+3.112525000E-03,+687.584634429E-03,-40.397298478E-03,-56.116519508E-03
+3.112530000E-03,+700.850965956E-03,-39.376569890E-03,-54.982097418E-03
+3.112535000E-03,+712.718114078E-03,-39.926193062E-03,-53.874057226E-03
+3.112540000E-03,+725.828980719E-03,-39.847675424E-03,-52.656092414E-03
+3.112545000E-03,+738.577096190E-03,-39.376569890E-03,-51.548052225E-03
+3.112550000E-03,+750.392422671E-03,-39.612122623E-03,-50.281720574E-03
+3.112555000E-03,+763.762397413E-03,-40.004710621E-03,-49.213253258E-03
+3.112560000E-03,+774.541291781E-03,-39.298052360E-03,-47.788630152E-03
+3.112565000E-03,+787.496693675E-03,-40.711368911E-03,-47.058730666E-03
+3.112570000E-03,+797.394620697E-03,-39.533605144E-03,-45.286745754E-03
+3.112575000E-03,+809.676341618E-03,-40.868404091E-03,-44.759107573E-03
+3.112580000E-03,+821.906241000E-03,-40.789886401E-03,-42.692524682E-03
+3.112585000E-03,+832.322384149E-03,-40.318780964E-03,-42.367147800E-03
+3.112590000E-03,+843.567672951E-03,-41.967650299E-03,-40.322549829E-03
+3.112595000E-03,+853.983816044E-03,-39.690640398E-03,-39.878454359E-03
+3.112600000E-03,+865.488212921E-03,-39.612122737E-03,-37.930590059E-03
+3.112605000E-03,+876.940788201E-03,-39.690640318E-03,-37.297424233E-03
+3.112610000E-03,+887.823325739E-03,-40.554333657E-03,-35.485866470E-03
+3.112615000E-03,+899.431365853E-03,-39.455087529E-03,-34.707600141E-03
+3.112620000E-03,+909.173828076E-03,-42.124685461E-03,-33.001570014E-03
+3.112625000E-03,+919.123576683E-03,-41.418027137E-03,-32.082600172E-03
+3.112630000E-03,+927.777785144E-03,-41.182474445E-03,-30.583228331E-03
+3.112635000E-03,+937.986641747E-03,-41.418027240E-03,-29.448806234E-03
+3.112640000E-03,+947.469996011E-03,-39.298052349E-03,-28.010992176E-03
+3.112645000E-03,+956.694242135E-03,-40.868404073E-03,-26.850188168E-03
+3.112650000E-03,+966.125774667E-03,-38.591394059E-03,-25.429962048E-03
+3.112655000E-03,+974.469053476E-03,-40.789886549E-03,-24.330715839E-03
+3.112660000E-03,+982.915975546E-03,-40.711368836E-03,-22.760992232E-03
+3.112665000E-03,+991.207432686E-03,-41.260992003E-03,-21.736494760E-03
+3.112670000E-03,+1.000898073328E+00,-41.889132711E-03,-20.175565120E-03
+3.112675000E-03,+1.008826779265E+00,-41.496544828E-03,-19.041143028E-03
+3.112680000E-03,+1.016548198780E+00,-40.240263348E-03,-17.572550073E-03
+3.112685000E-03,+1.024373261526E+00,-40.789886515E-03,-16.402952096E-03
+3.112690000E-03,+1.032146502660E+00,-39.533605104E-03,-14.890389308E-03
+3.112695000E-03,+1.039919743752E+00,-40.161745853E-03,-13.729585289E-03
+3.112700000E-03,+1.047537520098E+00,-38.669911646E-03,-12.533605413E-03
+3.112705000E-03,+1.054585258674E+00,-40.397298545E-03,-11.029836572E-03
+3.112710000E-03,+1.061425710885E+00,-40.240263382E-03,-9.917399407E-03
+3.112715000E-03,+1.069717168041E+00,-41.182474480E-03,-8.272927060E-03
+3.112720000E-03,+1.075676652936E+00,-40.240263382E-03,-7.301193407E-03
+3.112725000E-03,+1.082776213154E+00,-40.397298568E-03,-5.762248692E-03
+3.112730000E-03,+1.089305735689E+00,-41.025439224E-03,-4.641017558E-03
+3.112735000E-03,+1.095420685361E+00,-40.946921678E-03,-3.220791432E-03
+3.112740000E-03,+1.102209315999E+00,-41.260992020E-03,-2.029208538E-03
+3.112745000E-03,+1.107236011948E+00,-40.946921672E-03,-780.464823E-06
+3.112750000E-03,+1.112780923880E+00,-41.103956858E-03,+652.952244E-06
+3.112755000E-03,+1.119154981635E+00,-40.946921719E-03,+1.747801482E-03
+3.112760000E-03,+1.123611639917E+00,+179.451933887E-03,+3.458228587E-03
+3.112765000E-03,+1.128171941318E+00,+2.479938718874E+00,+4.403580351E-03
+3.112770000E-03,+1.132162205133E+00,+2.552724532961E+00,+5.986494891E-03
+3.112775000E-03,+1.136515220138E+00,+2.552724532961E+00,+6.997801420E-03
+3.112780000E-03,+1.140920056786E+00,+2.552724532961E+00,+8.651067726E-03
+3.112785000E-03,+1.145791287851E+00,+2.552724532961E+00,+9.561243606E-03
+3.112790000E-03,+1.149211514026E+00,+2.552724532961E+00,+11.196921971E-03
+3.112795000E-03,+1.152994491288E+00,+2.552724532961E+00,+12.217022475E-03
+3.112800000E-03,+1.155378285298E+00,+2.552724532961E+00,+13.791143050E-03
+3.112805000E-03,+1.158694868173E+00,+2.552724532961E+00,+14.798052592E-03
+3.112810000E-03,+1.162166915824E+00,+2.552724532961E+00,+16.358982222E-03
+3.112815000E-03,+1.164757996295E+00,+2.552724532961E+00,+17.361494775E-03
+3.112820000E-03,+1.166416287723E+00,+2.552724532961E+00,+18.988379179E-03
+3.112825000E-03,+1.169629227309E+00,+2.552724532961E+00,+19.938127910E-03
+3.112830000E-03,+1.170562016306E+00,+2.552724532961E+00,+21.494660562E-03
+3.112835000E-03,+1.173153096653E+00,+2.552724532961E+00,+22.514761049E-03
+3.112840000E-03,+1.174293172072E+00,+2.552724532961E+00,+24.058102736E-03
+3.112845000E-03,+1.176417858022E+00,+2.552724532961E+00,+25.170539914E-03
+3.112850000E-03,+1.176884252408E+00,+2.552724532961E+00,+26.559987135E-03
+3.112855000E-03,+1.178438900663E+00,+2.552724532961E+00,+27.668027331E-03
+3.112860000E-03,+1.179112581494E+00,+2.552724532961E+00,+29.026695650E-03
+3.112865000E-03,+1.180770872907E+00,+2.552724532961E+00,+30.240263480E-03
+3.112870000E-03,+1.182273699617E+00,+2.552724532961E+00,+31.379082567E-03
+3.112875000E-03,+1.181496375450E+00,+2.552724532961E+00,+32.768529785E-03
+3.112880000E-03,+1.181548197093E+00,+2.552724532961E+00,+33.771042338E-03
+3.112885000E-03,+1.182740094042E+00,+2.552724532961E+00,+35.270414178E-03
+3.112890000E-03,+1.182014591564E+00,+2.552724532961E+00,+36.338881503E-03
+3.112895000E-03,+1.182688272493E+00,+2.552724532961E+00,+37.649183000E-03
+3.112900000E-03,+1.182947380487E+00,+2.552724532961E+00,+38.704459377E-03
+3.112905000E-03,+1.181340910683E+00,+2.552724532961E+00,+39.887248301E-03
+3.112910000E-03,+1.182118234791E+00,+2.552724532961E+00,+41.171167892E-03
+3.112915000E-03,+1.180200835357E+00,+2.552724532961E+00,+42.261620133E-03
+3.112920000E-03,+1.179423511170E+00,+2.552724532961E+00,+43.571921635E-03
+3.112925000E-03,+1.177350646898E+00,+2.552724532961E+00,+44.420539716E-03
+3.112930000E-03,+1.176366036348E+00,+2.552724532961E+00,+46.056218087E-03
+3.112935000E-03,+1.174344993684E+00,+2.552724532961E+00,+46.632223117E-03
+3.112940000E-03,+1.172064842935E+00,+2.552724532961E+00,+48.285489415E-03
+3.112945000E-03,+1.170510194710E+00,+2.552724532961E+00,+48.896670325E-03
+3.112950000E-03,+1.167556363111E+00,+2.552724532961E+00,+50.404836121E-03
+3.112955000E-03,+1.164706174700E+00,+2.552724532961E+00,+51.235866278E-03
+3.112960000E-03,+1.162633310333E+00,+2.552724532961E+00,+52.489006958E-03
+3.112965000E-03,+1.159575835551E+00,+2.552724532961E+00,+53.447549677E-03
+3.112970000E-03,+1.157088398372E+00,+2.552724532961E+00,+54.551192868E-03
+3.112975000E-03,+1.152579918564E+00,+2.552724532961E+00,+55.553705429E-03
+3.112980000E-03,+1.149626086941E+00,+2.552724532961E+00,+56.556217979E-03
+3.112985000E-03,+1.145376715080E+00,+2.552724532961E+00,+57.655464192E-03
+3.112990000E-03,+1.141334629763E+00,+2.552724532961E+00,+58.631594844E-03
+3.112995000E-03,+1.136256112222E+00,+2.552724532961E+00,+59.673680248E-03
+3.113000000E-03,+1.131488524318E+00,+2.552724532961E+00,+60.742147580E-03
+3.113005000E-03,+1.126772758072E+00,+2.552724532961E+00,+61.516016920E-03
+3.113010000E-03,+1.121124202856E+00,+2.552724532961E+00,+62.848303341E-03
+3.113015000E-03,+1.116563901318E+00,+2.552724532961E+00,+63.393529461E-03
+3.113020000E-03,+1.111018989421E+00,+2.552724532961E+00,+64.866519393E-03
+3.113025000E-03,+1.105266790954E+00,+2.552724532961E+00,+65.416142505E-03
+3.113030000E-03,+1.099359127705E+00,+2.552724532961E+00,+66.744031933E-03
+3.113035000E-03,+1.092311389071E+00,+2.552724532961E+00,+67.315639973E-03
+3.113040000E-03,+1.085937331326E+00,+2.552724532961E+00,+68.472046986E-03
+3.113045000E-03,+1.079615095321E+00,+2.552724532961E+00,+69.232725386E-03
+3.113050000E-03,+1.072774643057E+00,+2.552724532961E+00,+70.076946472E-03
+3.113055000E-03,+1.065830547626E+00,+2.552724532961E+00,+70.995916320E-03
+3.113060000E-03,+1.059249203559E+00,+2.552724532961E+00,+71.862122329E-03
+3.113065000E-03,+1.051994178400E+00,+2.552724532961E+00,+72.781092177E-03
+3.113070000E-03,+1.044842796651E+00,+2.552724532961E+00,+73.467021815E-03
+3.113075000E-03,+1.036499517834E+00,+2.552724532961E+00,+74.429961500E-03
+3.113080000E-03,+1.028674455115E+00,+2.552724532961E+00,+75.181845924E-03
+3.113085000E-03,+1.021160322002E+00,+2.552724532961E+00,+75.916142388E-03
+3.113090000E-03,+1.013801653695E+00,+2.552724532961E+00,+76.826318266E-03
+3.113095000E-03,+1.005095623674E+00,+2.552724532961E+00,+77.283604692E-03
+3.113100000E-03,+996.234128838E-03,+2.552724532961E+00,+78.457599657E-03
+3.113105000E-03,+986.802596280E-03,+2.552724532961E+00,+78.725815728E-03
+3.113110000E-03,+977.889279772E-03,+2.552724532961E+00,+79.899810693E-03
+3.113115000E-03,+968.768676851E-03,+2.552724532961E+00,+80.119659937E-03
+3.113120000E-03,+960.425398042E-03,+2.552724532961E+00,+81.210112184E-03
+3.113125000E-03,+951.356616784E-03,+2.552724532961E+00,+81.535489073E-03
+3.113130000E-03,+942.754229889E-03,+2.552724532961E+00,+82.414886040E-03
+3.113135000E-03,+932.804481337E-03,+2.552724532961E+00,+82.898554384E-03
+3.113140000E-03,+924.357559204E-03,+2.552724532961E+00,+83.624056877E-03
+3.113145000E-03,+913.319556850E-03,+2.552724532961E+00,+84.323177488E-03
+3.113150000E-03,+903.421629812E-03,+2.552724532961E+00,+84.710112151E-03
+3.113155000E-03,+893.471881191E-03,+2.552724532961E+00,+85.668654855E-03
+3.113160000E-03,+882.641165211E-03,+2.552724532961E+00,+85.822549321E-03
+3.113165000E-03,+872.173200560E-03,+2.552724532961E+00,+86.811870916E-03
+3.113170000E-03,+861.446127766E-03,+2.552724532961E+00,+86.934986501E-03
+3.113175000E-03,+851.910952053E-03,+2.552724532961E+00,+87.752825683E-03
+3.113180000E-03,+840.924771149E-03,+2.552724532961E+00,+87.990262876E-03
+3.113185000E-03,+829.213087951E-03,+2.552724532961E+00,+88.641016629E-03
+3.113190000E-03,+818.226907213E-03,+2.552724532961E+00,+89.151066880E-03
+3.113195000E-03,+806.567045476E-03,+2.552724532961E+00,+89.454458833E-03
+3.113200000E-03,+794.129859708E-03,+2.552724532961E+00,+90.061242746E-03
+3.113205000E-03,+782.936392483E-03,+2.552724532961E+00,+90.294282953E-03
+3.113210000E-03,+771.898390040E-03,+2.552724532961E+00,+90.962624643E-03
+3.113215000E-03,+759.305739421E-03,+2.552724532961E+00,+91.068152291E-03
+3.113220000E-03,+747.697699373E-03,+2.552724532961E+00,+91.762875883E-03
+3.113225000E-03,+734.379546274E-03,+2.552724532961E+00,+91.811242745E-03
+3.113230000E-03,+722.460576565E-03,+2.552724532961E+00,+92.409232667E-03
+3.113235000E-03,+710.904358067E-03,+2.552724532961E+00,+92.615890978E-03
+3.113240000E-03,+698.467172230E-03,+2.552724532961E+00,+92.963252757E-03
+3.113245000E-03,+684.630803044E-03,+2.552724532961E+00,+93.196292983E-03
+3.113250000E-03,+671.209006709E-03,+2.552724532961E+00,+93.539257775E-03
+3.113255000E-03,+658.409069713E-03,+2.552724532961E+00,+93.737122122E-03
+3.113260000E-03,+645.246381408E-03,+2.552724532961E+00,+94.058101995E-03
+3.113265000E-03,+631.306368950E-03,+2.552724532961E+00,+94.203202519E-03
+3.113270000E-03,+618.299145479E-03,+2.552724532961E+00,+94.409860787E-03
+3.113275000E-03,+605.602851629E-03,+2.552724532961E+00,+94.704458787E-03
+3.113280000E-03,+591.248266376E-03,+2.552724532961E+00,+94.779207516E-03
+3.113285000E-03,+577.567361980E-03,+2.552724532961E+00,+94.950689946E-03
+3.113290000E-03,+564.560138575E-03,+2.552724532961E+00,+95.095790429E-03
+3.113295000E-03,+548.961834710E-03,+2.552724532961E+00,+95.161745220E-03
+3.113300000E-03,+536.317362451E-03,+2.552724532961E+00,+95.311242689E-03
+3.113305000E-03,+521.600025921E-03,+2.552724532961E+00,+95.412373356E-03
+3.113310000E-03,+506.468116584E-03,+2.552724532961E+00,+95.390388420E-03
+3.113315000E-03,+492.631747357E-03,+2.552724532961E+00,+95.632222604E-03
+3.113320000E-03,+477.655302761E-03,+2.552724532961E+00,+95.531091935E-03
+3.113325000E-03,+464.078041633E-03,+2.552724532961E+00,+95.715765313E-03
+3.113330000E-03,+449.464348306E-03,+2.552724532961E+00,+95.583855752E-03
+3.113335000E-03,+433.917866081E-03,+2.552724532961E+00,+95.698177374E-03
+3.113340000E-03,+419.977853717E-03,+2.552724532961E+00,+95.495916052E-03
+3.113345000E-03,+405.415981993E-03,+2.552724532961E+00,+95.557473858E-03
+3.113350000E-03,+390.076786174E-03,+2.552724532961E+00,+95.337624604E-03
+3.113355000E-03,+374.893055189E-03,+2.552724532961E+00,+95.451946223E-03
+3.113360000E-03,+359.864789031E-03,+2.552724532961E+00,+95.236493951E-03
+3.113365000E-03,+344.940166046E-03,+2.552724532961E+00,+95.201318082E-03
+3.113370000E-03,+330.171007843E-03,+2.552724532961E+00,+94.999056762E-03
+3.113375000E-03,+315.142741693E-03,+2.552724532961E+00,+94.933102005E-03
+3.113380000E-03,+299.803545939E-03,+2.552724532961E+00,+94.726443703E-03
+3.113385000E-03,+285.863533472E-03,+2.552724532961E+00,+94.625313054E-03
+3.113390000E-03,+270.057943231E-03,+2.552724532961E+00,+94.343906025E-03
+3.113395000E-03,+254.822390609E-03,+2.552724532961E+00,+94.229584422E-03
+3.113400000E-03,+238.913157149E-03,+2.552724532961E+00,+93.877825631E-03
+3.113405000E-03,+223.833069275E-03,+2.552724532961E+00,+93.671167344E-03
+3.113410000E-03,+208.960267989E-03,+2.552724532961E+00,+93.446921113E-03
+3.113415000E-03,+192.999212892E-03,+2.552724532961E+00,+93.095162322E-03
+3.113420000E-03,+176.986336184E-03,+2.552724532961E+00,+92.853328158E-03
+3.113425000E-03,+161.595318827E-03,+2.552724532961E+00,+92.448805544E-03
+3.113430000E-03,+146.048836499E-03,+2.552724532961E+00,+92.176192486E-03
+3.113435000E-03,+129.258635732E-03,+2.552724532961E+00,+91.885991484E-03
+3.113440000E-03,+113.193937403E-03,+2.552724532961E+00,+91.437499022E-03
+3.113445000E-03,+96.870131004E-03,+2.552724532961E+00,+91.032976424E-03
+3.113450000E-03,+81.634578391E-03,+2.552724532961E+00,+90.716393507E-03
+3.113455000E-03,+65.518058471E-03,+2.552724532961E+00,+90.219534220E-03
+3.113460000E-03,+50.593435532E-03,+2.552724532961E+00,+89.815011602E-03
+3.113465000E-03,+33.906877893E-03,+2.552724532961E+00,+89.410489005E-03
+3.113470000E-03,+19.345006194E-03,+2.552724532961E+00,+88.777323165E-03
+3.113475000E-03,+3.902167210E-03,+2.552724532961E+00,+88.544282984E-03
+3.113480000E-03,-12.110709562E-03,+2.552724532961E+00,+87.757222681E-03
+3.113485000E-03,-27.501726888E-03,+2.552724532961E+00,+87.590137266E-03
+3.113490000E-03,-42.374528295E-03,+2.552724532961E+00,+86.750313146E-03
+3.113495000E-03,-58.387404962E-03,+2.552724532961E+00,+86.420539289E-03
+3.113500000E-03,-73.985708848E-03,+2.552724532961E+00,+85.655463911E-03
+3.113505000E-03,-89.791299123E-03,+2.552724532961E+00,+85.242147337E-03
+3.113510000E-03,-105.441424630E-03,+2.552724532961E+00,+84.569408641E-03
+3.113515000E-03,-121.868874164E-03,+2.552724532961E+00,+83.993403638E-03
+3.113520000E-03,-137.311713262E-03,+2.552724532961E+00,+83.369031771E-03
+3.113525000E-03,-152.910017073E-03,+2.552724532961E+00,+82.806217719E-03
+3.113530000E-03,-168.249212834E-03,+2.552724532961E+00,+82.041142340E-03
+3.113535000E-03,-183.743873505E-03,+2.552724532961E+00,+81.346418747E-03
+3.113540000E-03,-198.979426119E-03,+2.552724532961E+00,+80.752825765E-03
+3.113545000E-03,-214.733194798E-03,+2.552724532961E+00,+80.044911227E-03
+3.113550000E-03,-230.953357882E-03,+2.552724532961E+00,+79.345790606E-03
+3.113555000E-03,-246.603483427E-03,+2.552724532961E+00,+78.760991638E-03
+3.113560000E-03,-261.320819902E-03,+2.552724532961E+00,+77.828830825E-03
+3.113565000E-03,-276.193621339E-03,+2.552724532961E+00,+77.318780594E-03
+3.113570000E-03,-291.740103500E-03,+2.552724532961E+00,+76.245916270E-03
+3.113575000E-03,-308.374839481E-03,+2.552724532961E+00,+75.753453982E-03
+3.113580000E-03,-322.884889594E-03,+2.552724532961E+00,+74.579459010E-03
+3.113585000E-03,-337.654047778E-03,+2.552724532961E+00,+74.258479114E-03
+3.113590000E-03,-352.060454646E-03,+2.552724532961E+00,+72.904207776E-03
+3.113595000E-03,-367.762401675E-03,+2.552724532961E+00,+72.649182643E-03
+3.113600000E-03,-382.324273349E-03,+2.552724532961E+00,+71.158604780E-03
+3.113605000E-03,-397.715290836E-03,+2.552724532961E+00,+70.833227894E-03
+3.113610000E-03,-414.039097185E-03,+2.552724532961E+00,+69.470162591E-03
+3.113615000E-03,-429.274649764E-03,+2.552724532961E+00,+69.087624890E-03
+3.113620000E-03,-443.991986337E-03,+2.552724532961E+00,+67.636619904E-03
+3.113625000E-03,-458.812966120E-03,+2.552724532961E+00,+67.223303303E-03
+3.113630000E-03,-473.323016130E-03,+2.552724532961E+00,+65.741519418E-03
+3.113635000E-03,-487.573958197E-03,+2.552724532961E+00,+65.310614881E-03
+3.113640000E-03,-503.535013277E-03,+2.552724532961E+00,+63.833227979E-03
+3.113645000E-03,-516.853166486E-03,+2.552724532961E+00,+63.371544548E-03
+3.113650000E-03,-531.829611019E-03,+2.552724532961E+00,+61.942524480E-03
+3.113655000E-03,-545.355050564E-03,+2.552724532961E+00,+61.392901359E-03
+3.113660000E-03,-559.295062982E-03,+2.552724532961E+00,+59.990263196E-03
+3.113665000E-03,-572.716859290E-03,+2.552724532961E+00,+59.361494343E-03
+3.113670000E-03,-586.760514953E-03,+2.552724532961E+00,+57.897298396E-03
+3.113675000E-03,-600.959635374E-03,+2.552724532961E+00,+57.294911462E-03
+3.113680000E-03,-614.588718215E-03,+2.552724532961E+00,+55.843906450E-03
+3.113685000E-03,-628.321444126E-03,+2.552724532961E+00,+55.347047160E-03
+3.113690000E-03,-641.432310854E-03,+2.552724532961E+00,+53.772926572E-03
+3.113695000E-03,-654.802285585E-03,+2.552724532961E+00,+53.192524574E-03
+3.113700000E-03,-667.239471386E-03,+2.552724532961E+00,+51.679961771E-03
+3.113705000E-03,-679.313905947E-03,+2.552724532961E+00,+51.086368816E-03
+3.113710000E-03,-691.906556583E-03,+2.552724532961E+00,+49.450690438E-03
+3.113715000E-03,-706.209320184E-03,+2.552724532961E+00,+48.830715574E-03
+3.113720000E-03,-718.750149243E-03,+2.552724532961E+00,+47.370916591E-03
+3.113725000E-03,-731.809194325E-03,+2.552724532961E+00,+46.482725646E-03
+3.113730000E-03,-744.920060997E-03,+2.552724532961E+00,+45.154836211E-03
+3.113735000E-03,-756.424457867E-03,+2.552724532961E+00,+43.972047285E-03
+3.113740000E-03,-769.379859747E-03,+2.552724532961E+00,+43.004710610E-03
+3.113745000E-03,-781.972510340E-03,+2.552724532961E+00,+41.646042278E-03
+3.113750000E-03,-793.114155953E-03,+2.552724532961E+00,+40.621544802E-03
+3.113755000E-03,-805.447698535E-03,+2.552724532961E+00,+39.232097587E-03
+3.113760000E-03,-817.522133083E-03,+2.552724532961E+00,+38.264760901E-03
+3.113765000E-03,-828.767421903E-03,+2.552724532961E+00,+36.879710688E-03
+3.113770000E-03,-839.805424362E-03,+2.552724532961E+00,+35.833228268E-03
+3.113775000E-03,-850.480675435E-03,+2.552724532961E+00,+34.522926796E-03
+3.113780000E-03,-861.985072305E-03,+2.552724532961E+00,+33.199434330E-03
+3.113785000E-03,-872.919431541E-03,+2.552724532961E+00,+32.267273547E-03
+3.113790000E-03,-883.387396240E-03,+2.552724532961E+00,+30.543655464E-03
+3.113795000E-03,-893.596252897E-03,+2.552724532961E+00,+29.932474577E-03
+3.113800000E-03,-904.893363389E-03,+2.552724532961E+00,+28.072549964E-03
+3.113805000E-03,-915.827722516E-03,+2.552724532961E+00,+27.465766059E-03
+3.113810000E-03,-926.243865630E-03,+2.552724532961E+00,+25.465137934E-03
+3.113815000E-03,-936.556365532E-03,+2.552724532961E+00,+24.845163062E-03
+3.113820000E-03,-945.417860399E-03,+2.552724532961E+00,+22.998429427E-03
+3.113825000E-03,-955.678538663E-03,+2.552724532961E+00,+22.242148006E-03
+3.113830000E-03,-965.939216950E-03,+2.552724532961E+00,+20.575690760E-03
+3.113835000E-03,-975.629857545E-03,+2.552724532961E+00,+19.617148040E-03
+3.113840000E-03,-982.988525812E-03,+2.552724532961E+00,+18.100188278E-03
+3.113845000E-03,-992.160950368E-03,+2.552724532961E+00,+16.930590281E-03
+3.113850000E-03,-1.001851591007E+00,+2.552724532961E+00,+15.752198341E-03
+3.113855000E-03,-1.010713085887E+00,+2.552724532961E+00,+14.195665692E-03
+3.113860000E-03,-1.019315472677E+00,+2.552724532961E+00,+13.109610433E-03
+3.113865000E-03,-1.028643362041E+00,+2.552724532961E+00,+11.728957176E-03
+3.113870000E-03,-1.037349392116E+00,+2.552724532961E+00,+10.467022514E-03
+3.113875000E-03,-1.045278098013E+00,+2.552724532961E+00,+9.196293890E-03
+3.113880000E-03,-1.052377658287E+00,+2.552724532961E+00,+7.732097921E-03
+3.113885000E-03,-1.060980045116E+00,+2.552724532961E+00,+6.716394419E-03
+3.113890000E-03,-1.068286891785E+00,+2.552724532961E+00,+4.988379362E-03
+3.113895000E-03,-1.075127343973E+00,+2.552724532961E+00,+4.223303990E-03
+3.113900000E-03,-1.081449580095E+00,+2.552724532961E+00,+2.354585424E-03
+3.113905000E-03,-1.089689215711E+00,+2.552724532961E+00,+1.580716073E-03
+3.113910000E-03,-1.096944240706E+00,+2.552724532961E+00,-261.620567E-06
+3.113915000E-03,-1.103266476833E+00,+2.552724532961E+00,-1.000314059E-03
+3.113920000E-03,-1.110366037058E+00,+2.552724532961E+00,-2.767901944E-03
+3.113925000E-03,-1.115444554636E+00,+2.552724532961E+00,-3.678077844E-03
+3.113930000E-03,-1.122336828400E+00,+2.552724532961E+00,-5.203831571E-03
+3.113935000E-03,-1.128762707733E+00,+2.552724532961E+00,-6.527324043E-03
+3.113940000E-03,-1.134514906173E+00,+2.552724532961E+00,-7.710112946E-03
+3.113945000E-03,-1.138816099550E+00,+2.552724532961E+00,-9.174308937E-03
+3.113950000E-03,-1.144361011559E+00,+2.552724532961E+00,-10.291143081E-03
+3.113955000E-03,-1.148817669900E+00,+2.552724532961E+00,-11.808102875E-03
+3.113960000E-03,-1.154518046648E+00,+2.552724532961E+00,-13.070037523E-03
+3.113965000E-03,-1.160218423503E+00,+1.794480225229E+00,-14.419911890E-03
+3.113970000E-03,-1.164519616857E+00,-109.806838951E-03,-15.651067660E-03
+3.113975000E-03,-1.168250772650E+00,-177.567523029E-03,-16.728328950E-03
+3.113980000E-03,-1.172292858011E+00,-52.724563956E-03,-18.535489736E-03
+3.113985000E-03,-1.176386764998E+00,+191.386620660E-03,-19.252198268E-03
+3.113990000E-03,-1.180014277509E+00,-75.808729044E-03,-21.120916844E-03
+3.113995000E-03,-1.184056362968E+00,-72.353956303E-03,-21.824434426E-03
+3.114000000E-03,-1.188150269910E+00,-97.950690243E-03,-23.767901734E-03
+3.114005000E-03,-1.191311387954E+00,-17.548681115E-03,-24.647298716E-03
+3.114010000E-03,-1.193591538736E+00,-52.567524137E-03,-26.243404215E-03
+3.114015000E-03,-1.196649013614E+00,-47.542399022E-03,-27.285489651E-03
+3.114020000E-03,-1.199188272354E+00,-60.497800778E-03,-28.701318764E-03
+3.114025000E-03,-1.201882995956E+00,-48.484610203E-03,-29.919283589E-03
+3.114030000E-03,-1.203541287356E+00,-49.505338497E-03,-31.185615222E-03
+3.114035000E-03,-1.206132367806E+00,-50.526067345E-03,-32.465137829E-03
+3.114040000E-03,-1.207220621514E+00,-50.997172760E-03,-33.687499616E-03
+3.114045000E-03,-1.208205232025E+00,-48.327574961E-03,-35.090137802E-03
+3.114050000E-03,-1.210433561133E+00,-46.835740732E-03,-36.176193063E-03
+3.114055000E-03,-1.211107242138E+00,-47.699434176E-03,-37.627198075E-03
+3.114060000E-03,-1.212247317462E+00,-47.777951655E-03,-38.695665392E-03
+3.114065000E-03,-1.213231928045E+00,-45.815012174E-03,-40.058730713E-03
+3.114070000E-03,-1.213439214425E+00,-47.699434210E-03,-41.237122655E-03
+3.114075000E-03,-1.215408435519E+00,-48.720162754E-03,-42.529836216E-03
+3.114080000E-03,-1.214372003329E+00,-46.286117568E-03,-43.668655292E-03
+3.114085000E-03,-1.214320181699E+00,-48.641645126E-03,-44.891017095E-03
+3.114090000E-03,-1.214838397823E+00,-46.443152755E-03,-45.963881399E-03
+3.114095000E-03,-1.213542857622E+00,-46.600187964E-03,-47.366519584E-03
+3.114100000E-03,-1.213698322476E+00,-45.343906536E-03,-48.311871324E-03
+3.114105000E-03,-1.212817355226E+00,-44.480213119E-03,-49.758479352E-03
+3.114110000E-03,-1.211573636601E+00,-44.323177945E-03,-50.734609994E-03
+3.114115000E-03,-1.211780923017E+00,-47.777951695E-03,-52.115263242E-03
+3.114120000E-03,-1.209552593891E+00,-46.600187977E-03,-53.051821025E-03
+3.114125000E-03,-1.208827091355E+00,-46.050564792E-03,-54.326946631E-03
+3.114130000E-03,-1.206961513548E+00,-45.500941731E-03,-55.316268242E-03
+3.114135000E-03,-1.204785006043E+00,-46.286117608E-03,-56.591393848E-03
+3.114140000E-03,-1.202608498488E+00,-45.500941696E-03,-57.668655147E-03
+3.114145000E-03,-1.201002028692E+00,-45.029836181E-03,-58.732725486E-03
+3.114150000E-03,-1.198721877931E+00,-44.323177910E-03,-59.972675221E-03
+3.114155000E-03,-1.195353473463E+00,-45.265388976E-03,-60.742147583E-03
+3.114160000E-03,-1.192295998626E+00,-44.558730727E-03,-62.272298311E-03
+3.114165000E-03,-1.188253913260E+00,-45.186871362E-03,-62.971418912E-03
+3.114170000E-03,-1.185300081633E+00,-45.265388791E-03,-64.325690245E-03
+3.114175000E-03,-1.181517104283E+00,-45.265389024E-03,-65.130338490E-03
+3.114180000E-03,-1.178407807865E+00,-45.186871313E-03,-66.383479169E-03
+3.114185000E-03,-1.173795684772E+00,-43.695037276E-03,-67.249685209E-03
+3.114190000E-03,-1.170219993801E+00,-45.029836160E-03,-68.278579645E-03
+3.114195000E-03,-1.165918800416E+00,-45.343906488E-03,-69.197549512E-03
+3.114200000E-03,-1.161254855747E+00,-43.773554794E-03,-70.266016813E-03
+3.114205000E-03,-1.155969051829E+00,-43.145414166E-03,-71.255338423E-03
+3.114210000E-03,-1.152911576983E+00,-43.616519585E-03,-72.244660009E-03
+3.114215000E-03,-1.147003913666E+00,-44.637248273E-03,-73.251569553E-03
+3.114220000E-03,-1.140370747976E+00,-43.459484501E-03,-74.161745421E-03
+3.114225000E-03,-1.134670371176E+00,-43.695037103E-03,-75.010363507E-03
+3.114230000E-03,-1.129229102358E+00,-41.889132752E-03,-76.061242886E-03
+3.114235000E-03,-1.123373260726E+00,-43.459484404E-03,-76.813127309E-03
+3.114240000E-03,-1.116999202959E+00,-43.380966831E-03,-77.987122259E-03
+3.114245000E-03,-1.109899642793E+00,-44.558730741E-03,-78.576318246E-03
+3.114250000E-03,-1.103370120227E+00,-40.004710641E-03,-79.600815717E-03
+3.114255000E-03,-1.096685132862E+00,-42.988378916E-03,-80.326318227E-03
+3.114260000E-03,-1.089792858979E+00,-43.223931573E-03,-81.320036796E-03
+3.114265000E-03,-1.083056050125E+00,-41.496544858E-03,-82.076318214E-03
+3.114270000E-03,-1.075490095428E+00,-43.066896475E-03,-82.933730253E-03
+3.114275000E-03,-1.069375145717E+00,-43.459484515E-03,-83.874685016E-03
+3.114280000E-03,-1.061239153333E+00,-42.517273421E-03,-84.481468932E-03
+3.114285000E-03,-1.053984128349E+00,-41.653580074E-03,-85.461996558E-03
+3.114290000E-03,-1.046107244030E+00,-41.653579907E-03,-85.972046809E-03
+3.114295000E-03,-1.038074894806E+00,-41.732097647E-03,-86.992147294E-03
+3.114300000E-03,-1.030249832108E+00,-41.967650221E-03,-87.409860873E-03
+3.114305000E-03,-1.021336515606E+00,-41.732097522E-03,-88.377197533E-03
+3.114310000E-03,-1.013148701610E+00,-42.674308498E-03,-88.935614623E-03
+3.114315000E-03,-1.004390849964E+00,-42.124685499E-03,-89.727071883E-03
+3.114320000E-03,-995.425711933E-03,-41.260992111E-03,-90.382222649E-03
+3.114325000E-03,-986.046000923E-03,-40.711368995E-03,-91.002197497E-03
+3.114330000E-03,-976.510825192E-03,-40.475816156E-03,-91.644157309E-03
+3.114335000E-03,-967.442043795E-03,-41.810615221E-03,-92.242147241E-03
+3.114340000E-03,-957.803224890E-03,-41.575062327E-03,-92.897297995E-03
+3.114345000E-03,-948.216227459E-03,-41.339509516E-03,-93.442524112E-03
+3.114350000E-03,-937.540976327E-03,-40.554333751E-03,-94.097674864E-03
+3.114355000E-03,-927.850335727E-03,-40.711368974E-03,-94.651694960E-03
+3.114360000E-03,-917.278727805E-03,-41.103956951E-03,-95.091393448E-03
+3.114365000E-03,-905.359758139E-03,-40.318781066E-03,-95.821292937E-03
+3.114370000E-03,-896.394619970E-03,-41.260991992E-03,-96.111493934E-03
+3.114375000E-03,-884.734758276E-03,-41.810615109E-03,-96.990890916E-03
+3.114380000E-03,-873.696755854E-03,-41.025439210E-03,-96.964509007E-03
+3.114385000E-03,-863.487899240E-03,-41.967650241E-03,-97.940639654E-03
+3.114390000E-03,-852.087145593E-03,-41.575062355E-03,-97.927448690E-03
+3.114395000E-03,-842.396505050E-03,-40.946921693E-03,-98.938755215E-03
+3.114400000E-03,-830.581178529E-03,-40.161745794E-03,-98.846418537E-03
+3.114405000E-03,-818.195814257E-03,-39.769157887E-03,-99.602699938E-03
+3.114410000E-03,-806.898703806E-03,-39.455087411E-03,-99.703830580E-03
+3.114415000E-03,-794.565161276E-03,-42.674308602E-03,-100.398554198E-03
+3.114420000E-03,-781.350651363E-03,-41.496544718E-03,-100.539257718E-03
+3.114425000E-03,-769.431681674E-03,-41.260992063E-03,-101.044910980E-03
+3.114430000E-03,-757.305425424E-03,-39.219534749E-03,-101.339508953E-03
+3.114435000E-03,-744.090915618E-03,-40.554333814E-03,-101.532976303E-03
+3.114440000E-03,-731.601908201E-03,-37.492147861E-03,-102.016644626E-03
+3.114445000E-03,-719.216544035E-03,-40.868404071E-03,-102.091393386E-03
+3.114450000E-03,-707.193931061E-03,-40.083228122E-03,-102.522297881E-03
+3.114455000E-03,-693.409383484E-03,-39.847675516E-03,-102.641016496E-03
+3.114460000E-03,-680.091230375E-03,-40.946921679E-03,-102.931217479E-03
+3.114465000E-03,-667.239471817E-03,-40.004710577E-03,-103.120287847E-03
+3.114470000E-03,-653.454924142E-03,-40.632851295E-03,-103.379709935E-03
+3.114475000E-03,-640.758630256E-03,-39.219534841E-03,-103.476443619E-03
+3.114480000E-03,-625.989472212E-03,-39.769157858E-03,-103.705086825E-03
+3.114485000E-03,-613.137713476E-03,-39.533605083E-03,-103.735865730E-03
+3.114490000E-03,-599.353165904E-03,-39.219534699E-03,-103.894157171E-03
+3.114495000E-03,-585.775904785E-03,-40.161745815E-03,-104.056845622E-03
+3.114500000E-03,-571.680427554E-03,-39.847675502E-03,-104.061242600E-03
+3.114505000E-03,-557.481307075E-03,-38.591394016E-03,-104.184358179E-03
+3.114510000E-03,-542.712148965E-03,-39.926193025E-03,-104.320664700E-03
+3.114515000E-03,-529.653103940E-03,-40.397298470E-03,-104.325061695E-03
+3.114520000E-03,-515.402161750E-03,-38.434359013E-03,-104.329458682E-03
+3.114525000E-03,-500.425717187E-03,-40.318780975E-03,-104.303076778E-03
+3.114530000E-03,-486.122953573E-03,-39.219534642E-03,-104.254709943E-03
+3.114535000E-03,-470.939222580E-03,-40.161745737E-03,-104.333855669E-03
+3.114540000E-03,-455.237275522E-03,-40.161745801E-03,-104.179961199E-03
+3.114545000E-03,-440.882690234E-03,-39.062499667E-03,-104.289885813E-03
+3.114550000E-03,-425.388029601E-03,-38.355841248E-03,-103.977699898E-03
+3.114555000E-03,-409.686082571E-03,-40.240263438E-03,-104.140388330E-03
+3.114560000E-03,-395.435140536E-03,-38.512876579E-03,-103.749056688E-03
+3.114565000E-03,-380.614160710E-03,-40.004710620E-03,-103.982096873E-03
+3.114570000E-03,-365.274964918E-03,-39.376569873E-03,-103.428076791E-03
+3.114575000E-03,-349.313909813E-03,-40.161745858E-03,-103.793026525E-03
+3.114580000E-03,-333.508319554E-03,-40.083228135E-03,-103.151066741E-03
+3.114585000E-03,-318.842804598E-03,-39.612122684E-03,-103.467649642E-03
+3.114590000E-03,-303.192679156E-03,-40.711368968E-03,-102.799307955E-03
+3.114595000E-03,-287.646196944E-03,-39.690640278E-03,-102.935614469E-03
+3.114600000E-03,-272.358822741E-03,-40.004710598E-03,-102.359609468E-03
+3.114605000E-03,-256.397767607E-03,-39.690640264E-03,-102.451946134E-03
+3.114610000E-03,-240.281247646E-03,-40.240263367E-03,-101.840765253E-03
+3.114615000E-03,-223.853798069E-03,-40.004710612E-03,-101.814383328E-03
+3.114620000E-03,-207.996386288E-03,-41.260992006E-03,-101.282348173E-03
+3.114625000E-03,-193.227228069E-03,-37.413630317E-03,-101.053704955E-03
+3.114630000E-03,-178.198961931E-03,-39.690640271E-03,-100.741519022E-03
+3.114635000E-03,-162.859766054E-03,-39.769157923E-03,-100.284232607E-03
+3.114640000E-03,-146.121386898E-03,-37.963253398E-03,-100.064383356E-03
+3.114645000E-03,-130.315796563E-03,-40.240263388E-03,-99.585112013E-03
+3.114650000E-03,-114.665671169E-03,-39.219534676E-03,-99.264132100E-03
+3.114655000E-03,-99.533761722E-03,-41.575062369E-03,-98.758478861E-03
+3.114660000E-03,-83.987279601E-03,-38.434358856E-03,-98.353956229E-03
+3.114665000E-03,-69.269942994E-03,-40.004710569E-03,-97.905463799E-03
+3.114670000E-03,-53.619817466E-03,-39.298052242E-03,-97.461368299E-03
+3.114675000E-03,-38.332443301E-03,-40.004710685E-03,-96.854584407E-03
+3.114680000E-03,-23.459641977E-03,-39.376569865E-03,-96.384107007E-03
+3.114685000E-03,-7.498586814E-03,-39.769157757E-03,-95.948805514E-03
+3.114690000E-03,+8.410646636E-03,-39.455087532E-03,-95.421167313E-03
+3.114695000E-03,+23.905307302E-03,-40.240263417E-03,-94.818780401E-03
+3.114700000E-03,+39.348146342E-03,-38.826946828E-03,-94.273554268E-03
+3.114705000E-03,+55.671952638E-03,-38.983981944E-03,-93.671167354E-03
+3.114710000E-03,+70.752040459E-03,-39.062499502E-03,-93.125941214E-03
+3.114715000E-03,+87.438597983E-03,-40.397298540E-03,-92.435614596E-03
+3.114720000E-03,+103.399653179E-03,-39.376569937E-03,-91.987122135E-03
+3.114725000E-03,+118.531562541E-03,-39.376569959E-03,-91.085740239E-03
+3.114730000E-03,+134.751725650E-03,-39.219534705E-03,-90.606468889E-03
+3.114735000E-03,+150.298207943E-03,-39.533605090E-03,-89.841393524E-03
+3.114740000E-03,+165.741046974E-03,-40.004710598E-03,-89.212624687E-03
+3.114745000E-03,+181.702102094E-03,-38.826946828E-03,-88.566267896E-03
+3.114750000E-03,+198.544124459E-03,-38.983981943E-03,-87.805589522E-03
+3.114755000E-03,+213.779677016E-03,-40.711368911E-03,-87.198805607E-03
+3.114760000E-03,+227.978797587E-03,-39.219534727E-03,-86.380966431E-03
+3.114765000E-03,+243.784387827E-03,-39.769157836E-03,-85.668654865E-03
+3.114770000E-03,+259.693621354E-03,-40.083228170E-03,-84.806845843E-03
+3.114775000E-03,+275.706498008E-03,-40.554333810E-03,-84.213252867E-03
+3.114780000E-03,+291.615731545E-03,-40.318780983E-03,-83.197549391E-03
+3.114785000E-03,+307.058570575E-03,-38.041770986E-03,-82.546795599E-03
+3.114790000E-03,+321.413155868E-03,-41.103956839E-03,-81.605840851E-03
+3.114795000E-03,+337.788783819E-03,-39.926193062E-03,-80.805589593E-03
+3.114800000E-03,+352.868871660E-03,-39.455087554E-03,-79.891016747E-03
+3.114805000E-03,+367.430743290E-03,-39.533605148E-03,-79.024810716E-03
+3.114810000E-03,+381.992615066E-03,-38.277323681E-03,-78.132222805E-03
+3.114815000E-03,+397.176346001E-03,-39.455087524E-03,-77.274810732E-03
+3.114820000E-03,+412.619185075E-03,-39.612122669E-03,-76.241519301E-03
+3.114825000E-03,+427.699272752E-03,-39.141017220E-03,-75.502825834E-03
+3.114830000E-03,+442.727538932E-03,-38.041770905E-03,-74.500313283E-03
+3.114835000E-03,+456.512086479E-03,-41.260991969E-03,-73.625313298E-03
+3.114840000E-03,+470.141169379E-03,-39.455087532E-03,-72.521670092E-03
+3.114845000E-03,+485.065792276E-03,-40.083228273E-03,-71.760991708E-03
+3.114850000E-03,+499.627663989E-03,-39.141017102E-03,-70.600187702E-03
+3.114855000E-03,+513.412211590E-03,-40.554333722E-03,-69.896670118E-03
+3.114860000E-03,+528.751407342E-03,-40.004710619E-03,-68.625941485E-03
+3.114865000E-03,+543.002349463E-03,-39.769157880E-03,-67.913629932E-03
+3.114870000E-03,+556.579610625E-03,-41.025439237E-03,-66.660489257E-03
+3.114875000E-03,+570.830552658E-03,-40.711368881E-03,-65.772298293E-03
+3.114880000E-03,+584.666921891E-03,-39.926193099E-03,-64.571921441E-03
+3.114885000E-03,+599.384258436E-03,-39.612122773E-03,-63.569408876E-03
+3.114890000E-03,+612.598768355E-03,-40.789886483E-03,-62.500941557E-03
+3.114895000E-03,+626.176029477E-03,-40.632851346E-03,-61.384107390E-03
+3.114900000E-03,+639.442361051E-03,-39.376569900E-03,-60.412373742E-03
+3.114905000E-03,+652.190476468E-03,-39.062499582E-03,-59.163630035E-03
+3.114910000E-03,+664.783127082E-03,-40.789886431E-03,-58.350187825E-03
+3.114915000E-03,+677.375777691E-03,-39.690640174E-03,-56.969534580E-03
+3.114920000E-03,+690.693930810E-03,-39.533605089E-03,-56.138504440E-03
+3.114925000E-03,+702.872008554E-03,-38.591394081E-03,-54.885363752E-03
+3.114930000E-03,+715.361015923E-03,-39.298052395E-03,-53.794911502E-03
+3.114935000E-03,+726.917234506E-03,-40.240263343E-03,-52.537373823E-03
+3.114940000E-03,+740.442673946E-03,-39.926192965E-03,-51.319409015E-03
+3.114945000E-03,+751.377033248E-03,-39.455087532E-03,-50.154208028E-03
+3.114950000E-03,+765.057937570E-03,-39.690640353E-03,-49.059358782E-03
+3.114955000E-03,+776.665977637E-03,-40.711368859E-03,-47.740263325E-03
+3.114960000E-03,+788.014909681E-03,-40.318781042E-03,-46.737750774E-03
+3.114965000E-03,+798.897447297E-03,-41.025439267E-03,-45.409861336E-03
+3.114970000E-03,+809.987271269E-03,-39.141017243E-03,-44.358981954E-03
+3.114975000E-03,+821.698954615E-03,-42.046167876E-03,-42.987122679E-03
+3.114980000E-03,+833.255173084E-03,-40.868404040E-03,-41.914258362E-03
+3.114985000E-03,+843.930424177E-03,-40.711368978E-03,-40.476444316E-03
+3.114990000E-03,+855.279356176E-03,-39.612122751E-03,-39.377198090E-03
+3.114995000E-03,+866.731931426E-03,-41.339509630E-03,-37.961368966E-03
