x-axis,1,2,3
second,Volt,Volt,Volt
+3.105000000E-03,-129.693937096E-03,+2.552724532961E+00,+83.122800617E-03
+3.105005000E-03,-144.774024874E-03,+2.552724532961E+00,+82.494031780E-03
+3.105010000E-03,-159.802291044E-03,+2.552724532961E+00,+81.860865957E-03
+3.105015000E-03,-174.208697926E-03,+2.552724532961E+00,+81.157348377E-03
+3.105020000E-03,-189.288785703E-03,+2.552724532961E+00,+80.581343358E-03
+3.105025000E-03,-203.591549369E-03,+2.552724532961E+00,+79.715137337E-03
+3.105030000E-03,-218.619815540E-03,+2.552724532961E+00,+79.147926288E-03
+3.105035000E-03,-234.684513860E-03,+2.552724532961E+00,+78.378453935E-03
+3.105040000E-03,-249.971888068E-03,+2.552724532961E+00,+77.644157460E-03
+3.105045000E-03,-265.259262276E-03,+2.552724532961E+00,+77.046167517E-03
+3.105050000E-03,-279.821133980E-03,+2.552724532961E+00,+76.008479085E-03
+3.105055000E-03,-295.626724263E-03,+2.552724532961E+00,+75.467649946E-03
+3.105060000E-03,-310.084952751E-03,+2.552724532961E+00,+74.364006741E-03
+3.105065000E-03,-326.460580716E-03,+2.552724532961E+00,+73.818780617E-03
+3.105070000E-03,-340.193306700E-03,+2.552724532961E+00,+72.741519321E-03
+3.105075000E-03,-354.599713581E-03,+2.552724532961E+00,+72.139132394E-03
+3.105080000E-03,-369.057942068E-03,+2.552724532961E+00,+71.048680144E-03
+3.105085000E-03,-384.293494669E-03,+2.552724532961E+00,+70.411117337E-03
+3.105090000E-03,-397.922577437E-03,+2.552724532961E+00,+69.338253026E-03
+3.105095000E-03,-412.536270748E-03,+2.552724532961E+00,+68.489634945E-03
+3.105100000E-03,-428.186396209E-03,+2.552724532961E+00,+67.579459075E-03
+3.105105000E-03,-443.318305594E-03,+2.552724532961E+00,+66.612122402E-03
+3.105110000E-03,-457.310139615E-03,+2.552724532961E+00,+65.745916381E-03
+3.105115000E-03,-470.939222385E-03,+2.552724532961E+00,+64.615891268E-03
+3.105120000E-03,-484.671948368E-03,+2.552724532961E+00,+63.837624944E-03
+3.105125000E-03,-499.130176855E-03,+2.552724532961E+00,+62.804333498E-03
+3.105130000E-03,-512.448329979E-03,+2.552724532961E+00,+61.762248082E-03
+3.105135000E-03,-526.077412747E-03,+2.552724532961E+00,+60.926820956E-03
+3.105140000E-03,-539.188279440E-03,+2.552724532961E+00,+59.638504387E-03
+3.105145000E-03,-551.729108452E-03,+2.552724532961E+00,+58.970162685E-03
+3.105150000E-03,-565.565477652E-03,+2.552724532961E+00,+57.576318479E-03
+3.105155000E-03,-578.624522737E-03,+2.552724532961E+00,+57.083856173E-03
+3.105160000E-03,-591.631746216E-03,+2.552724532961E+00,+55.430589859E-03
+3.105165000E-03,-604.328040049E-03,+2.552724532961E+00,+54.938127553E-03
+3.105170000E-03,-617.490728352E-03,+2.552724532961E+00,+53.337625057E-03
+3.105175000E-03,-630.653416652E-03,+2.552724532961E+00,+52.875941645E-03
+3.105180000E-03,-643.194245662E-03,+2.552724532961E+00,+51.301821059E-03
+3.105185000E-03,-656.616042002E-03,+2.552724532961E+00,+50.629082372E-03
+3.105190000E-03,-668.327725295E-03,+2.552724532961E+00,+49.112122590E-03
+3.105195000E-03,-680.505803054E-03,+2.552724532961E+00,+48.421795964E-03
+3.105200000E-03,-692.580237597E-03,+2.552724532961E+00,+46.887248242E-03
+3.105205000E-03,-705.121066608E-03,+2.552724532961E+00,+46.152951767E-03
+3.105210000E-03,-717.040036332E-03,+2.552724532961E+00,+44.644785954E-03
+3.105215000E-03,-729.580865340E-03,+2.552724532961E+00,+43.844534707E-03
+3.105220000E-03,-741.344370242E-03,+2.552724532961E+00,+42.252826181E-03
+3.105225000E-03,-753.626091215E-03,+2.552724532961E+00,+41.553705585E-03
+3.105230000E-03,-764.508628787E-03,+2.552724532961E+00,+39.856469423E-03
+3.105235000E-03,-775.702096003E-03,+2.552724532961E+00,+39.196921691E-03
+3.105240000E-03,-787.465600901E-03,+2.552724532961E+00,+37.358982013E-03
+3.105245000E-03,-799.488213838E-03,+2.552724532961E+00,+36.888504630E-03
+3.105250000E-03,-809.956178552E-03,+2.552724532961E+00,+34.914258421E-03
+3.105255000E-03,-821.046002554E-03,+2.552724532961E+00,+34.430590084E-03
+3.105260000E-03,-831.824896908E-03,+2.552724532961E+00,+32.526695632E-03
+3.105265000E-03,-842.085575189E-03,+2.552724532961E+00,+31.919911719E-03
+3.105270000E-03,-852.916291156E-03,+2.552724532961E+00,+30.051193146E-03
+3.105275000E-03,-862.503288543E-03,+2.552724532961E+00,+29.321293656E-03
+3.105280000E-03,-872.867610037E-03,+2.552724532961E+00,+27.619660509E-03
+3.105285000E-03,-883.231931533E-03,+2.552724532961E+00,+26.797424337E-03
+3.105290000E-03,-893.492609818E-03,+2.552724532961E+00,+25.148555008E-03
+3.105295000E-03,-903.286893632E-03,+2.552724532961E+00,+24.247173108E-03
+3.105300000E-03,-913.703036737E-03,+2.552724532961E+00,+22.646670612E-03
+3.105305000E-03,-922.719996439E-03,+2.552724532961E+00,+21.740891728E-03
+3.105310000E-03,-932.877031505E-03,+2.552724532961E+00,+20.083228428E-03
+3.105315000E-03,-942.619493712E-03,+2.552724532961E+00,+19.300565121E-03
+3.105320000E-03,-952.154669490E-03,+2.552724532961E+00,+17.462625441E-03
+3.105325000E-03,-961.171629191E-03,+2.552724532961E+00,+16.776695801E-03
+3.105330000E-03,-969.411264783E-03,+2.552724532961E+00,+14.815640545E-03
+3.105335000E-03,-977.754543587E-03,+2.552724532961E+00,+14.349560149E-03
+3.105340000E-03,-985.890535961E-03,+2.552724532961E+00,+12.102700876E-03
+3.105345000E-03,-994.389279592E-03,+2.552724532961E+00,+11.750942086E-03
+3.105350000E-03,-1.002266163928E+00,+2.552724532961E+00,+9.517273768E-03
+3.105355000E-03,-1.011075837200E+00,+2.552724532961E+00,+9.178705933E-03
+3.105360000E-03,-1.018745435108E+00,+2.552724532961E+00,+7.041771282E-03
+3.105365000E-03,-1.026363211406E+00,+2.552724532961E+00,+6.470163248E-03
+3.105370000E-03,-1.034136452530E+00,+2.552724532961E+00,+4.451947189E-03
+3.105375000E-03,-1.041132369544E+00,+2.552724532961E+00,+3.858354231E-03
+3.105380000E-03,-1.048957432273E+00,+2.552724532961E+00,+1.928077869E-03
+3.105385000E-03,-1.055227846778E+00,+2.552724532961E+00,+1.206972350E-03
+3.105390000E-03,-1.061601904502E+00,+2.552724532961E+00,-608.982405E-06
+3.105395000E-03,-1.069012394367E+00,+2.552724532961E+00,-1.409233652E-03
+3.105400000E-03,-1.074816414409E+00,+2.552724532961E+00,-3.330716044E-03
+3.105405000E-03,-1.081242293737E+00,+2.552724532961E+00,-3.963881866E-03
+3.105410000E-03,-1.086787205738E+00,+2.552724532961E+00,-6.048052698E-03
+3.105415000E-03,-1.093420371492E+00,+2.552724532961E+00,-6.527324050E-03
+3.105420000E-03,-1.098291602598E+00,+2.552724532961E+00,-8.708228549E-03
+3.105425000E-03,-1.103991979421E+00,+2.552724532961E+00,-9.086369248E-03
+3.105430000E-03,-1.108293172843E+00,+2.552724532961E+00,-11.394786309E-03
+3.105435000E-03,-1.113993549668E+00,+2.552724532961E+00,-11.702575251E-03
+3.105440000E-03,-1.119590283276E+00,+2.552724532961E+00,-14.024183266E-03
+3.105445000E-03,-1.123010509370E+00,+785.450684555E-03,-14.433102859E-03
+3.105450000E-03,-1.127363524396E+00,-167.438754439E-03,-16.526067661E-03
+3.105455000E-03,-1.130939215316E+00,-179.137874978E-03,-17.146042529E-03
+3.105460000E-03,-1.136225019277E+00,+98.264759927E-03,-18.865263617E-03
+3.105465000E-03,-1.138608813223E+00,+77.379082349E-03,-19.982097774E-03
+3.105470000E-03,-1.142443612177E+00,-83.267901126E-03,-21.406720876E-03
+3.105475000E-03,-1.146278411133E+00,-86.330086978E-03,-22.699434429E-03
+3.105480000E-03,-1.148714026682E+00,-71.882851068E-03,-23.895414316E-03
+3.105485000E-03,-1.152652468852E+00,-23.123429372E-03,-25.280464552E-03
+3.105490000E-03,-1.155709943693E+00,-56.100815987E-03,-26.489635394E-03
+3.105495000E-03,-1.159026526571E+00,-51.625313505E-03,-27.909861509E-03
+3.105500000E-03,-1.160270245151E+00,-60.026695345E-03,-29.114635366E-03
+3.105505000E-03,-1.163431363209E+00,-47.463881402E-03,-30.429333843E-03
+3.105510000E-03,-1.164156865715E+00,-52.646042152E-03,-31.691268505E-03
+3.105515000E-03,-1.167214340560E+00,-49.662373842E-03,-33.036745876E-03
+3.105520000E-03,-1.169960885750E+00,-51.468278348E-03,-34.210740839E-03
+3.105525000E-03,-1.171722820404E+00,-48.720162800E-03,-35.512248362E-03
+3.105530000E-03,-1.171411890764E+00,-48.877197967E-03,-36.787373977E-03
+3.105535000E-03,-1.172707430948E+00,-47.463881396E-03,-38.128454364E-03
+3.105540000E-03,-1.173847506314E+00,-49.819409012E-03,-39.148554856E-03
+3.105545000E-03,-1.174935760071E+00,-48.327574863E-03,-40.564383986E-03
+3.105550000E-03,-1.175039403288E+00,-48.013504508E-03,-41.624057342E-03
+3.105555000E-03,-1.175039403288E+00,-48.013504514E-03,-43.079459336E-03
+3.105560000E-03,-1.175816727401E+00,-49.269785903E-03,-43.910489479E-03
+3.105565000E-03,-1.175091224895E+00,-49.583856256E-03,-45.449434185E-03
+3.105570000E-03,-1.174780295251E+00,-48.249057271E-03,-46.434358799E-03
+3.105575000E-03,-1.175246689718E+00,-47.463881404E-03,-47.753454261E-03
+3.105580000E-03,-1.174210257568E+00,-46.364635181E-03,-48.905464300E-03
+3.105585000E-03,-1.173018360595E+00,-46.678705538E-03,-50.004710518E-03
+3.105590000E-03,-1.172189214881E+00,-47.071293461E-03,-51.372172816E-03
+3.105595000E-03,-1.170997317905E+00,-49.662373839E-03,-52.273554715E-03
+3.105600000E-03,-1.169649956112E+00,-50.054961777E-03,-53.781720529E-03
+3.105605000E-03,-1.169028096820E+00,-47.856469348E-03,-54.375313487E-03
+3.105610000E-03,-1.166592481270E+00,-48.641645206E-03,-56.208856181E-03
+3.105615000E-03,-1.164726903403E+00,-46.364635187E-03,-56.591393865E-03
+3.105620000E-03,-1.162809503924E+00,-46.600187945E-03,-58.385363695E-03
+3.105625000E-03,-1.160477531587E+00,-45.265388963E-03,-58.948177760E-03
+3.105630000E-03,-1.157420056750E+00,-44.794283441E-03,-60.438755634E-03
+3.105635000E-03,-1.155139906019E+00,-45.265388961E-03,-61.151067183E-03
+3.105640000E-03,-1.152341539218E+00,-45.815012067E-03,-62.615263147E-03
+3.105645000E-03,-1.150268674913E+00,-46.364635184E-03,-63.305589773E-03
+3.105650000E-03,-1.145915659885E+00,-45.815012067E-03,-64.747800813E-03
+3.105655000E-03,-1.143220936295E+00,-45.972047243E-03,-65.552449045E-03
+3.105660000E-03,-1.138971564482E+00,-44.558730684E-03,-66.682474160E-03
+3.105665000E-03,-1.135499516782E+00,-44.872801027E-03,-67.632222892E-03
+3.105670000E-03,-1.131561074614E+00,-45.029836198E-03,-68.749057052E-03
+3.105675000E-03,-1.127363524404E+00,-46.757223117E-03,-69.518529405E-03
+3.105680000E-03,-1.122233185267E+00,-45.029836199E-03,-70.740891202E-03
+3.105685000E-03,-1.118709315954E+00,-45.579459312E-03,-71.435614811E-03
+3.105690000E-03,-1.113268047175E+00,-43.930589977E-03,-72.798680125E-03
+3.105695000E-03,-1.107360383913E+00,-44.244660331E-03,-73.343906248E-03
+3.105700000E-03,-1.102696439242E+00,-44.166142744E-03,-74.671795682E-03
+3.105705000E-03,-1.096477846348E+00,-44.401695510E-03,-75.195036882E-03
+3.105710000E-03,-1.091140220775E+00,-43.773554803E-03,-76.492147421E-03
+3.105715000E-03,-1.085854416808E+00,-43.538002059E-03,-77.041770531E-03
+3.105720000E-03,-1.078599391771E+00,-44.009107567E-03,-78.272926296E-03
+3.105725000E-03,-1.072795371724E+00,-44.401695507E-03,-78.857725285E-03
+3.105730000E-03,-1.067457746156E+00,-42.752826176E-03,-79.917398640E-03
+3.105735000E-03,-1.060513650757E+00,-43.773554810E-03,-80.682474010E-03
+3.105740000E-03,-1.053621376961E+00,-43.145414114E-03,-81.627825757E-03
+3.105745000E-03,-1.047299140843E+00,-43.223931701E-03,-82.410489067E-03
+3.105750000E-03,-1.039266791688E+00,-44.794283430E-03,-83.307473980E-03
+3.105755000E-03,-1.032581804318E+00,-43.852072398E-03,-83.940639804E-03
+3.105760000E-03,-1.023979417479E+00,-43.852072396E-03,-84.894785522E-03
+3.105765000E-03,-1.016931678864E+00,-43.459484462E-03,-85.483981496E-03
+3.105770000E-03,-1.008484756843E+00,-43.616519633E-03,-86.627197564E-03
+3.105775000E-03,-1.001592483045E+00,-43.302449289E-03,-86.895413641E-03
+3.105780000E-03,-993.404669061E-03,-43.302449289E-03,-88.161745285E-03
+3.105785000E-03,-984.543174183E-03,-43.459484455E-03,-88.240891014E-03
+3.105790000E-03,-976.407181812E-03,-44.244660328E-03,-89.634735220E-03
+3.105795000E-03,-968.685762291E-03,-42.831343768E-03,-89.608353312E-03
+3.105800000E-03,-959.409694550E-03,-43.302449288E-03,-90.997800532E-03
+3.105805000E-03,-950.600021282E-03,-42.438755822E-03,-90.901066866E-03
+3.105810000E-03,-940.805737465E-03,-43.459484459E-03,-92.237750267E-03
+3.105815000E-03,-930.337772756E-03,-42.360238246E-03,-92.242147253E-03
+3.105820000E-03,-921.372634655E-03,-43.616519623E-03,-93.310614578E-03
+3.105825000E-03,-911.060134773E-03,-43.380966884E-03,-93.521669852E-03
+3.105830000E-03,-899.866667559E-03,-41.967650301E-03,-94.379081903E-03
+3.105835000E-03,-890.590599820E-03,-42.046167896E-03,-94.752825618E-03
+3.105840000E-03,-879.863527068E-03,-42.674308591E-03,-95.421167319E-03
+3.105845000E-03,-870.483816112E-03,-43.223931699E-03,-95.830086912E-03
+3.105850000E-03,-861.725964443E-03,-41.496544790E-03,-96.472046706E-03
+3.105855000E-03,-852.138967061E-03,-42.674308587E-03,-96.872172326E-03
+3.105860000E-03,-841.463715918E-03,-40.711368913E-03,-97.496544183E-03
+3.105865000E-03,-830.373891918E-03,-42.674308585E-03,-97.817524075E-03
+3.105870000E-03,-818.247635765E-03,-42.124685472E-03,-98.437498947E-03
+3.105875000E-03,-808.453351950E-03,-43.223931697E-03,-98.661745173E-03
+3.105880000E-03,-796.845311875E-03,-40.318780972E-03,-99.413629589E-03
+3.105885000E-03,-784.822698941E-03,-41.732097540E-03,-99.514760238E-03
+3.105890000E-03,-772.074583500E-03,-41.418027189E-03,-100.301820534E-03
+3.105895000E-03,-761.140224323E-03,-43.066896513E-03,-100.284232593E-03
+3.105900000E-03,-749.013968175E-03,-43.066896525E-03,-100.921795402E-03
+3.105905000E-03,-737.250463267E-03,-41.889132719E-03,-101.036117007E-03
+3.105910000E-03,-727.767109099E-03,-41.653579954E-03,-101.497800420E-03
+3.105915000E-03,-715.018993652E-03,-42.909861352E-03,-101.770413483E-03
+3.105920000E-03,-702.167235001E-03,-41.182474437E-03,-102.025438605E-03
+3.105925000E-03,-689.367297958E-03,-41.260992030E-03,-102.460740108E-03
+3.105930000E-03,-678.122009123E-03,-41.889132721E-03,-102.517900911E-03
+3.105935000E-03,-665.373893688E-03,-41.575062366E-03,-102.926820506E-03
+3.105940000E-03,-652.522135035E-03,-41.967650308E-03,-102.896041612E-03
+3.105945000E-03,-639.359446731E-03,-40.868404087E-03,-103.300564220E-03
+3.105950000E-03,-625.471255929E-03,-42.203203057E-03,-103.318152160E-03
+3.105955000E-03,-613.500464593E-03,-41.025439261E-03,-103.630338086E-03
+3.105960000E-03,-599.508630583E-03,-41.575062364E-03,-103.687498889E-03
+3.105965000E-03,-587.330552823E-03,-41.653579951E-03,-103.836996376E-03
+3.105970000E-03,-573.701470048E-03,-42.124685469E-03,-104.070036573E-03
+3.105975000E-03,-560.435138534E-03,-42.124685478E-03,-104.021669742E-03
+3.105980000E-03,-547.531558269E-03,-41.182474435E-03,-104.245915968E-03
+3.105985000E-03,-533.228794606E-03,-42.203203068E-03,-104.197549136E-03
+3.105990000E-03,-520.273392735E-03,-40.475816140E-03,-104.316267725E-03
+3.105995000E-03,-505.659699425E-03,-41.810615133E-03,-104.342649638E-03
+3.106000000E-03,-490.683254859E-03,-40.083228213E-03,-104.316267725E-03
+3.106005000E-03,-476.795064053E-03,-40.632851325E-03,-104.461368229E-03
+3.106010000E-03,-462.440478783E-03,-41.260992013E-03,-104.219534059E-03
+3.106015000E-03,-448.707752796E-03,-41.182474435E-03,-104.478956168E-03
+3.106020000E-03,-433.990416273E-03,-41.103956849E-03,-104.061242604E-03
+3.106025000E-03,-418.703042061E-03,-40.083228214E-03,-104.338252652E-03
+3.106030000E-03,-403.985705542E-03,-39.690640272E-03,-104.056845619E-03
+3.106035000E-03,-390.045693125E-03,-41.418027188E-03,-104.096418482E-03
+3.106040000E-03,-376.002037496E-03,-40.475816148E-03,-103.828202407E-03
+3.106045000E-03,-360.662841681E-03,-41.496544789E-03,-103.762247632E-03
+3.106050000E-03,-345.582753903E-03,-42.360238235E-03,-103.656719996E-03
+3.106055000E-03,-329.828985227E-03,-40.868404087E-03,-103.313755175E-03
+3.106060000E-03,-315.940794419E-03,-40.632851322E-03,-103.511619494E-03
+3.106065000E-03,-300.808885034E-03,-40.789886483E-03,-102.922423521E-03
+3.106070000E-03,-285.314224406E-03,-41.339509600E-03,-103.058730052E-03
+3.106075000E-03,-270.752352688E-03,-41.418027186E-03,-102.566267747E-03
+3.106080000E-03,-255.205870462E-03,-40.789886490E-03,-102.509106942E-03
+3.106085000E-03,-241.058571611E-03,-41.260992014E-03,-102.170539108E-03
+3.106090000E-03,-225.719375792E-03,-40.789886487E-03,-101.788001422E-03
+3.106095000E-03,-209.965607115E-03,-39.141017180E-03,-101.638503939E-03
+3.106100000E-03,-196.336524340E-03,-41.575062361E-03,-101.080086857E-03
+3.106105000E-03,-180.686398889E-03,-40.318780977E-03,-101.251569268E-03
+3.106110000E-03,-165.295381467E-03,-40.946921664E-03,-100.240262746E-03
+3.106115000E-03,-150.940796192E-03,-39.690640275E-03,-100.605212491E-03
+3.106120000E-03,-135.705243580E-03,-41.260992014E-03,-99.444408483E-03
+3.106125000E-03,-119.640545265E-03,-39.847675453E-03,-99.831343152E-03
+3.106130000E-03,-104.353171061E-03,-40.397298559E-03,-98.661745175E-03
+3.106135000E-03,-89.117618460E-03,-41.967650306E-03,-98.956343162E-03
+3.106140000E-03,-74.711211579E-03,-40.868404076E-03,-97.830715033E-03
+3.106145000E-03,-59.372015766E-03,-41.496544792E-03,-98.006594429E-03
+3.106150000E-03,-45.069252098E-03,-40.397298562E-03,-96.973302981E-03
+3.106155000E-03,-30.144629141E-03,-41.260992025E-03,-97.008478862E-03
+3.106160000E-03,-15.168184587E-03,-41.496544785E-03,-95.970790429E-03
+3.106165000E-03,+274.654449E-06,-41.025439251E-03,-95.882850735E-03
+3.106170000E-03,+17.220320095E-03,-40.632851323E-03,-94.902323103E-03
+3.106175000E-03,+31.678548585E-03,-41.810615138E-03,-94.853956274E-03
+3.106180000E-03,+45.929490648E-03,-40.397298560E-03,-93.688755278E-03
+3.106185000E-03,+62.046010566E-03,-40.475816146E-03,-93.701946236E-03
+3.106190000E-03,+77.333384773E-03,-41.025439255E-03,-92.514760315E-03
+3.106195000E-03,+92.828045414E-03,-41.103956848E-03,-92.558730168E-03
+3.106200000E-03,+107.078987484E-03,-42.124685482E-03,-91.204458821E-03
+3.106205000E-03,+121.692680785E-03,-41.418027188E-03,-91.248428673E-03
+3.106210000E-03,+138.016487148E-03,-40.397298575E-03,-90.017272904E-03
+3.106215000E-03,+154.340293503E-03,-41.575062364E-03,-89.841393512E-03
+3.106220000E-03,+167.969376272E-03,-39.612122689E-03,-88.812499048E-03
+3.106225000E-03,+184.085896198E-03,-40.004710619E-03,-88.399182472E-03
+3.106230000E-03,+198.492303082E-03,-41.339509594E-03,-87.532976450E-03
+3.106235000E-03,+213.157818005E-03,-40.475816148E-03,-86.798679977E-03
+3.106240000E-03,+229.067051494E-03,-39.847675453E-03,-86.196293047E-03
+3.106245000E-03,+244.458068917E-03,-41.418027193E-03,-85.211368437E-03
+3.106250000E-03,+258.087151690E-03,-40.318780976E-03,-84.736494066E-03
+3.106255000E-03,+274.100028394E-03,-41.025439258E-03,-83.584484033E-03
+3.106260000E-03,+289.439224200E-03,-40.318780978E-03,-83.100815692E-03
+3.106265000E-03,+304.104739131E-03,-40.789886506E-03,-82.041142342E-03
+3.106270000E-03,+317.837465130E-03,-40.083228204E-03,-81.245288074E-03
+3.106275000E-03,+332.243872001E-03,-41.103956838E-03,-80.502197634E-03
+3.106280000E-03,+346.235706025E-03,-40.789886501E-03,-79.442524274E-03
+3.106285000E-03,+360.434826471E-03,-40.554333740E-03,-78.862122274E-03
+3.106290000E-03,+374.789411741E-03,-39.769157885E-03,-77.543026808E-03
+3.106295000E-03,+388.729424157E-03,-40.946921663E-03,-77.151695155E-03
+3.106300000E-03,+403.032187825E-03,-41.653579944E-03,-75.775438888E-03
+3.106305000E-03,+417.490416314E-03,-41.260992024E-03,-75.309358491E-03
+3.106310000E-03,+432.155931234E-03,-40.318780979E-03,-73.827574590E-03
+3.106315000E-03,+445.992300427E-03,-40.789886512E-03,-73.317524342E-03
+3.106320000E-03,+460.657815344E-03,-41.575062361E-03,-72.108353501E-03
+3.106325000E-03,+473.354109181E-03,-40.397298563E-03,-71.338881146E-03
+3.106330000E-03,+486.724083914E-03,-40.318780965E-03,-70.283604778E-03
+3.106335000E-03,+500.664096326E-03,-40.711368919E-03,-69.360237952E-03
+3.106340000E-03,+514.655930349E-03,-40.946921675E-03,-68.344534447E-03
+3.106345000E-03,+527.922261862E-03,-41.260992000E-03,-67.254082197E-03
+3.106350000E-03,+541.395879808E-03,-42.046167890E-03,-66.343906327E-03
+3.106355000E-03,+553.988530428E-03,-40.946921680E-03,-65.266645033E-03
+3.106360000E-03,+566.788467469E-03,-41.339509605E-03,-64.163001828E-03
+3.106365000E-03,+579.588404528E-03,-40.632851348E-03,-63.173680230E-03
+3.106370000E-03,+593.269308902E-03,-42.124685470E-03,-61.973303359E-03
+3.106375000E-03,+606.224710777E-03,-40.868404099E-03,-61.107097337E-03
+3.106380000E-03,+619.283755863E-03,-41.103956844E-03,-59.880338558E-03
+3.106385000E-03,+632.809195410E-03,-42.203203073E-03,-58.961368716E-03
+3.106390000E-03,+644.469057089E-03,-40.161745813E-03,-57.739006923E-03
+3.106395000E-03,+656.128918782E-03,-41.025439248E-03,-56.705715474E-03
+3.106400000E-03,+668.721569396E-03,-40.318780975E-03,-55.619660212E-03
+3.106405000E-03,+680.174144662E-03,-41.889132706E-03,-54.186243139E-03
+3.106410000E-03,+692.300400810E-03,-41.025439249E-03,-53.407976819E-03
+3.106415000E-03,+703.752976064E-03,-41.496544786E-03,-51.811871306E-03
+3.106420000E-03,+715.205551314E-03,-42.438755814E-03,-51.231469303E-03
+3.106425000E-03,+727.331807469E-03,-42.281720665E-03,-49.261620078E-03
+3.106430000E-03,+738.525274675E-03,-41.260992012E-03,-48.945037165E-03
+3.106435000E-03,+751.117925300E-03,-41.182474443E-03,-46.940012063E-03
+3.106440000E-03,+762.674143775E-03,-41.496544791E-03,-46.517901513E-03
+3.106445000E-03,+773.556681339E-03,-41.260992020E-03,-44.614007065E-03
+3.106450000E-03,+783.972824453E-03,-40.789886502E-03,-44.055589982E-03
+3.106455000E-03,+795.269934882E-03,-40.632851319E-03,-42.389132717E-03
+3.106460000E-03,+805.997007629E-03,-41.732097540E-03,-41.474559857E-03
+3.106465000E-03,+815.791291443E-03,-41.025439259E-03,-40.085112640E-03
+3.106470000E-03,+826.622007412E-03,-40.397298562E-03,-38.831971948E-03
+3.106475000E-03,+835.587145508E-03,-41.339509606E-03,-37.706343821E-03
+3.106480000E-03,+845.951467006E-03,-40.475816144E-03,-36.184987052E-03
+3.106485000E-03,+855.175713143E-03,-41.732097548E-03,-35.169283546E-03
+3.106490000E-03,+866.783753213E-03,-41.182474432E-03,-33.718278536E-03
+3.106495000E-03,+876.629858637E-03,-41.103956850E-03,-32.680590105E-03
+3.106500000E-03,+886.061391201E-03,-43.459484461E-03,-31.150439369E-03
+3.106505000E-03,+895.078350904E-03,-41.339509618E-03,-30.161117769E-03
+3.106510000E-03,+904.820813108E-03,-41.496544787E-03,-28.604585125E-03
+3.106515000E-03,+913.526843171E-03,-41.575062357E-03,-27.544911766E-03
+3.106520000E-03,+922.077408399E-03,-41.339509605E-03,-26.032348972E-03
+3.106525000E-03,+930.213400784E-03,-40.554333749E-03,-24.937499735E-03
+3.106530000E-03,+939.437646906E-03,-40.868404085E-03,-23.345791211E-03
+3.106535000E-03,+946.537207146E-03,-41.182474445E-03,-22.312499762E-03
+3.106540000E-03,+954.673199509E-03,-41.182474443E-03,-20.676821391E-03
+3.106545000E-03,+963.586516004E-03,-41.653579958E-03,-19.836997276E-03
+3.106550000E-03,+971.100649087E-03,-40.789886494E-03,-17.981469660E-03
+3.106555000E-03,+979.081176641E-03,-41.810615144E-03,-17.247173183E-03
+3.106560000E-03,+986.388023293E-03,-41.967650303E-03,-15.347675720E-03
+3.106565000E-03,+994.627658882E-03,-40.632851326E-03,-14.630967182E-03
+3.106570000E-03,+1.001727219116E+00,-40.318780967E-03,-12.819409416E-03
+3.106575000E-03,+1.008256741659E+00,-43.695037229E-03,-11.988379270E-03
+3.106580000E-03,+1.015356301870E+00,-41.182474457E-03,-10.220791354E-03
+3.106585000E-03,+1.020486641035E+00,-42.281720649E-03,-9.275439600E-03
+3.106590000E-03,+1.026705233915E+00,-40.161745810E-03,-7.732097912E-03
+3.106595000E-03,+1.033804794143E+00,-41.889132714E-03,-6.452575310E-03
+3.106600000E-03,+1.038572382040E+00,-41.575062370E-03,-5.221419547E-03
+3.106605000E-03,+1.046241979937E+00,-41.653579958E-03,-3.774811519E-03
+3.106610000E-03,+1.051165032658E+00,-40.868404078E-03,-2.789886909E-03
+3.106615000E-03,+1.057642733594E+00,-41.967650303E-03,-1.158605517E-03
+3.106620000E-03,+1.063032180768E+00,-42.360238222E-03,-156.092967E-06
+3.106625000E-03,+1.068266163111E+00,-42.595790994E-03,+1.356469832E-03
+3.106630000E-03,+1.075054793698E+00,-33.095162998E-03,+2.596419567E-03
+3.106635000E-03,+1.078941414270E+00,+1.699081318359E+00,+4.016645681E-03
+3.106640000E-03,+1.082309818767E+00,+2.552253427439E+00,+5.199434614E-03
+3.106645000E-03,+1.087388336294E+00,+2.552253427439E+00,+6.439384349E-03
+3.106650000E-03,+1.091585886498E+00,+2.552253427439E+00,+7.947550165E-03
+3.106655000E-03,+1.095627971881E+00,+2.552253427439E+00,+8.994032562E-03
+3.106660000E-03,+1.099410949232E+00,+2.552253427439E+00,+10.598932044E-03
+3.106665000E-03,+1.103142104959E+00,+2.552253427439E+00,+11.614635549E-03
+3.106670000E-03,+1.106044114994E+00,+2.552253427439E+00,+13.135992319E-03
+3.106675000E-03,+1.109205233048E+00,+2.552253427439E+00,+14.182474720E-03
+3.106680000E-03,+1.112418172715E+00,+2.552253427439E+00,+15.686243548E-03
+3.106685000E-03,+1.115061074697E+00,+2.552253427439E+00,+16.913002329E-03
+3.106690000E-03,+1.118014906315E+00,+2.552253427439E+00,+18.161746033E-03
+3.106695000E-03,+1.120398700260E+00,+2.552253427439E+00,+19.546796270E-03
+3.106700000E-03,+1.123300710284E+00,+2.552253427439E+00,+20.729585204E-03
+3.106705000E-03,+1.124855358502E+00,+2.552253427439E+00,+22.198178150E-03
+3.106710000E-03,+1.126980044414E+00,+2.552646015373E+00,+23.279836432E-03
+3.106715000E-03,+1.128586514250E+00,+2.552724532961E+00,+24.647298727E-03
+3.106720000E-03,+1.129882054445E+00,+2.552724532961E+00,+25.768529874E-03
+3.106725000E-03,+1.130918486576E+00,+2.552724532961E+00,+27.175565030E-03
+3.106730000E-03,+1.132784064455E+00,+2.552724532961E+00,+28.384735876E-03
+3.106735000E-03,+1.133043172495E+00,+2.552724532961E+00,+29.567524803E-03
+3.106740000E-03,+1.135426966441E+00,+2.552724532961E+00,+30.996544892E-03
+3.106745000E-03,+1.135686074473E+00,+2.552724532961E+00,+31.893529804E-03
+3.106750000E-03,+1.135271501616E+00,+2.552724532961E+00,+33.520414212E-03
+3.106755000E-03,+1.135530609656E+00,+2.552724532961E+00,+34.307474503E-03
+3.106760000E-03,+1.136411576986E+00,+2.552724532961E+00,+35.907977000E-03
+3.106765000E-03,+1.137033436264E+00,+2.552724532961E+00,+36.822549855E-03
+3.106770000E-03,+1.135582431267E+00,+2.552724532961E+00,+38.370288530E-03
+3.106775000E-03,+1.135634252880E+00,+2.552724532961E+00,+39.359610128E-03
+3.106780000E-03,+1.134597820723E+00,+2.552724532961E+00,+40.586368910E-03
+3.106785000E-03,+1.134027783053E+00,+2.552724532961E+00,+41.725187994E-03
+3.106790000E-03,+1.133198637325E+00,+2.552724532961E+00,+42.859610091E-03
+3.106795000E-03,+1.131592167504E+00,+2.552724532961E+00,+44.191896508E-03
+3.106800000E-03,+1.129622946416E+00,+2.552724532961E+00,+45.163630166E-03
+3.106805000E-03,+1.128120119787E+00,+2.552724532961E+00,+46.517901508E-03
+3.106810000E-03,+1.126202720320E+00,+2.552724532961E+00,+47.401695470E-03
+3.106815000E-03,+1.125425396186E+00,+2.552724532961E+00,+48.685615053E-03
+3.106820000E-03,+1.122782494216E+00,+2.552724532961E+00,+49.595790923E-03
+3.106825000E-03,+1.119414089732E+00,+2.552724532961E+00,+50.963253220E-03
+3.106830000E-03,+1.117030295793E+00,+2.552724532961E+00,+51.820665271E-03
+3.106835000E-03,+1.113558248085E+00,+2.552724532961E+00,+53.078202946E-03
+3.106840000E-03,+1.111589026993E+00,+2.552724532961E+00,+53.944408967E-03
+3.106845000E-03,+1.107443298428E+00,+2.552724532961E+00,+55.166770765E-03
+3.106850000E-03,+1.103660321064E+00,+2.552724532961E+00,+55.975815980E-03
+3.106855000E-03,+1.099618235679E+00,+2.552724532961E+00,+57.387248126E-03
+3.106860000E-03,+1.095265220643E+00,+2.552724532961E+00,+58.051192841E-03
+3.106865000E-03,+1.090860384016E+00,+2.552724532961E+00,+59.427449111E-03
+3.106870000E-03,+1.086870120228E+00,+2.552724532961E+00,+60.069408901E-03
+3.106875000E-03,+1.081739781091E+00,+2.552724532961E+00,+61.414886275E-03
+3.106880000E-03,+1.077179479643E+00,+2.552724532961E+00,+61.924936519E-03
+3.106885000E-03,+1.072100962100E+00,+2.552724532961E+00,+63.503454091E-03
+3.106890000E-03,+1.067644303868E+00,+2.552724532961E+00,+63.921167655E-03
+3.106895000E-03,+1.062410321502E+00,+2.552724532961E+00,+65.315011862E-03
+3.106900000E-03,+1.056554479873E+00,+2.552724532961E+00,+65.838253061E-03
+3.106905000E-03,+1.050646816627E+00,+2.552724532961E+00,+67.043026919E-03
+3.106910000E-03,+1.045101904610E+00,+2.552724532961E+00,+67.755338468E-03
+3.106915000E-03,+1.038468738870E+00,+2.552724532961E+00,+68.863378657E-03
+3.106920000E-03,+1.032561075602E+00,+2.552724532961E+00,+69.685614829E-03
+3.106925000E-03,+1.026497947521E+00,+2.552724532961E+00,+70.595790700E-03
+3.106930000E-03,+1.020020246587E+00,+2.552724532961E+00,+71.497172599E-03
+3.106935000E-03,+1.012713399943E+00,+2.552724532961E+00,+72.244660029E-03
+3.106940000E-03,+1.005769304546E+00,+2.552724532961E+00,+73.190011776E-03
+3.106945000E-03,+998.825209127E-03,+2.552724532961E+00,+73.963881117E-03
+3.106950000E-03,+990.792859973E-03,+2.552724532961E+00,+74.803705226E-03
+3.106955000E-03,+984.004229384E-03,+2.552724532961E+00,+75.603956474E-03
+3.106960000E-03,+976.334631486E-03,+2.552724532961E+00,+76.355840887E-03
+3.106965000E-03,+967.939531079E-03,+2.552724532961E+00,+77.178077061E-03
+3.106970000E-03,+960.477219597E-03,+2.552724532961E+00,+77.815639868E-03
+3.106975000E-03,+952.341227223E-03,+2.552724532961E+00,+78.677448905E-03
+3.106980000E-03,+944.101591626E-03,+2.552724532961E+00,+79.341393621E-03
+3.106985000E-03,+935.810134418E-03,+2.552724532961E+00,+80.159232806E-03
+3.106990000E-03,+926.741353116E-03,+2.552724532961E+00,+80.678077024E-03
+3.106995000E-03,+918.346252713E-03,+2.552724532961E+00,+81.364006663E-03
+3.107000000E-03,+908.603790505E-03,+2.552724532961E+00,+82.142272988E-03
+3.107005000E-03,+900.105046865E-03,+2.552724532961E+00,+82.621544339E-03
+3.107010000E-03,+889.999833425E-03,+2.552724532961E+00,+83.522926239E-03
+3.107015000E-03,+881.293803361E-03,+2.552724532961E+00,+83.725187545E-03
+3.107020000E-03,+871.395876331E-03,+2.552724532961E+00,+84.802448837E-03
+3.107025000E-03,+862.327095022E-03,+2.552724532961E+00,+84.872800600E-03
+3.107030000E-03,+852.429167981E-03,+2.552724532961E+00,+86.064383495E-03
+3.107035000E-03,+843.308565062E-03,+2.552724532961E+00,+86.042398576E-03
+3.107040000E-03,+833.877032519E-03,+2.552724532961E+00,+87.154835744E-03
+3.107045000E-03,+821.543489933E-03,+2.552724532961E+00,+87.084483994E-03
+3.107050000E-03,+810.868238800E-03,+2.552724532961E+00,+88.043026691E-03
+3.107055000E-03,+800.400274084E-03,+2.552724532961E+00,+88.104584485E-03
+3.107060000E-03,+789.517736522E-03,+2.552724532961E+00,+89.010363363E-03
+3.107065000E-03,+779.153415014E-03,+2.552724532961E+00,+89.120287993E-03
+3.107070000E-03,+768.996379950E-03,+2.552724532961E+00,+89.911745263E-03
+3.107075000E-03,+757.595626299E-03,+2.552724532961E+00,+90.012875921E-03
+3.107080000E-03,+745.832121408E-03,+2.552724532961E+00,+90.777951286E-03
+3.107085000E-03,+734.949583833E-03,+2.552724532961E+00,+90.826318122E-03
+3.107090000E-03,+724.585262325E-03,+2.552724532961E+00,+91.666142232E-03
+3.107095000E-03,+713.806367980E-03,+2.552724532961E+00,+91.485865856E-03
+3.107100000E-03,+701.731933434E-03,+2.552724532961E+00,+92.453202523E-03
+3.107105000E-03,+689.761142095E-03,+2.552724532961E+00,+92.123428665E-03
+3.107110000E-03,+677.375777923E-03,+2.552724532961E+00,+93.139132165E-03
+3.107115000E-03,+665.923202655E-03,+2.552724532961E+00,+92.677448758E-03
+3.107120000E-03,+653.589660073E-03,+2.552724532961E+00,+93.781091956E-03
+3.107125000E-03,+641.100652670E-03,+2.552724532961E+00,+93.262247747E-03
+3.107130000E-03,+628.663466875E-03,+2.552724532961E+00,+94.238378385E-03
+3.107135000E-03,+616.122637875E-03,+2.552724532961E+00,+93.807473873E-03
+3.107140000E-03,+603.685452076E-03,+2.552724532961E+00,+94.620916067E-03
+3.107145000E-03,+591.921947163E-03,+2.552724532961E+00,+94.273554269E-03
+3.107150000E-03,+578.655615659E-03,+2.552724532961E+00,+94.990262797E-03
+3.107155000E-03,+565.907500226E-03,+2.552724532961E+00,+94.651694969E-03
+3.107160000E-03,+552.433882285E-03,+2.552724532961E+00,+95.218906013E-03
+3.107165000E-03,+539.789410044E-03,+2.552724532961E+00,+94.972674863E-03
+3.107170000E-03,+525.331181551E-03,+2.552724532961E+00,+95.465137167E-03
+3.107175000E-03,+511.339347546E-03,+2.552724532961E+00,+95.152951243E-03
+3.107180000E-03,+497.451156736E-03,+2.552724532961E+00,+95.645413548E-03
+3.107185000E-03,+485.169435759E-03,+2.552724532961E+00,+95.196921090E-03
+3.107190000E-03,+471.592174598E-03,+2.552724532961E+00,+95.865262791E-03
+3.107195000E-03,+458.688594324E-03,+2.552724532961E+00,+95.196921091E-03
+3.107200000E-03,+444.852225127E-03,+2.552724532961E+00,+95.961996460E-03
+3.107205000E-03,+430.290353423E-03,+2.552724532961E+00,+95.183730137E-03
+3.107210000E-03,+415.780303351E-03,+2.552724532961E+00,+95.922423596E-03
+3.107215000E-03,+401.270253235E-03,+2.552724532961E+00,+95.144157272E-03
+3.107220000E-03,+387.796635300E-03,+2.552724532961E+00,+95.830086913E-03
+3.107225000E-03,+373.286585196E-03,+2.552724532961E+00,+94.937498985E-03
+3.107230000E-03,+358.051032595E-03,+2.552724532961E+00,+95.632222593E-03
+3.107235000E-03,+342.919123225E-03,+2.552724532961E+00,+94.880338180E-03
+3.107240000E-03,+328.771824368E-03,+2.552724532961E+00,+95.394785409E-03
+3.107245000E-03,+314.365417499E-03,+2.552724532961E+00,+94.656091952E-03
+3.107250000E-03,+300.269940256E-03,+2.552724532961E+00,+95.078202499E-03
+3.107255000E-03,+286.226284630E-03,+2.552724532961E+00,+94.365890950E-03
+3.107260000E-03,+271.249840068E-03,+2.552724532961E+00,+94.700061802E-03
+3.107265000E-03,+257.465292460E-03,+2.552724532961E+00,+93.838252764E-03
+3.107270000E-03,+241.141486115E-03,+2.552724532961E+00,+94.361493966E-03
+3.107275000E-03,+226.786900845E-03,+2.552724532961E+00,+93.279835685E-03
+3.107280000E-03,+212.484137176E-03,+2.552724532961E+00,+94.027323112E-03
+3.107285000E-03,+197.196762970E-03,+2.552724532961E+00,+92.695036697E-03
+3.107290000E-03,+183.204928947E-03,+2.552724532961E+00,+93.455715078E-03
+3.107295000E-03,+167.658446708E-03,+2.552724532961E+00,+92.110237709E-03
+3.107300000E-03,+152.267429276E-03,+2.552724532961E+00,+92.804961314E-03
+3.107305000E-03,+136.410017395E-03,+2.552724532961E+00,+91.437499027E-03
+3.107310000E-03,+121.433572826E-03,+2.552724532961E+00,+91.960740216E-03
+3.107315000E-03,+106.094377009E-03,+2.552724532961E+00,+90.839509084E-03
+3.107320000E-03,+91.480683692E-03,+2.552724532961E+00,+91.015388469E-03
+3.107325000E-03,+76.296952721E-03,+2.552724532961E+00,+90.210740248E-03
+3.107330000E-03,+60.905935286E-03,+2.552724532961E+00,+90.017272902E-03
+3.107335000E-03,+45.307631437E-03,+2.552724532961E+00,+89.516016635E-03
+3.107340000E-03,+30.797581340E-03,+2.552724532961E+00,+88.975187486E-03
+3.107345000E-03,+15.354742305E-03,+2.552724532961E+00,+88.680589506E-03
+3.107350000E-03,+1.622016320E-03,+2.552724532961E+00,+87.915514133E-03
+3.107355000E-03,-14.079930735E-03,+2.552724532961E+00,+87.669282985E-03
+3.107360000E-03,-28.589980839E-03,+2.552724532961E+00,+86.961368415E-03
+3.107365000E-03,-43.048209326E-03,+2.552724532961E+00,+86.556845809E-03
+3.107370000E-03,-58.231940295E-03,+2.552724532961E+00,+85.928076970E-03
+3.107375000E-03,-73.312028096E-03,+2.552724532961E+00,+85.409232757E-03
+3.107380000E-03,-88.443937484E-03,+2.552724532961E+00,+84.855212659E-03
+3.107385000E-03,-103.886776510E-03,+2.552724532961E+00,+84.090137295E-03
+3.107390000E-03,-119.433258748E-03,+2.552724532961E+00,+83.694408651E-03
+3.107395000E-03,-135.238849037E-03,+2.552724532961E+00,+82.885363440E-03
+3.107400000E-03,-148.867931820E-03,+2.552724532961E+00,+82.436870975E-03
+3.107405000E-03,-164.466235688E-03,+2.552724532961E+00,+81.601443856E-03
+3.107410000E-03,-179.857253089E-03,+2.552724532961E+00,+80.889132299E-03
+3.107415000E-03,-194.626411240E-03,+2.552724532961E+00,+80.352700152E-03
+3.107420000E-03,-208.825531684E-03,+2.552724532961E+00,+79.438127287E-03
+3.107425000E-03,-224.786586778E-03,+2.552724532961E+00,+79.059986596E-03
+3.107430000E-03,-240.177604213E-03,+2.552724532961E+00,+77.907976554E-03
+3.107435000E-03,-255.879551273E-03,+2.552724532961E+00,+77.639760477E-03
+3.107440000E-03,-270.804174222E-03,+2.552724532961E+00,+76.382222804E-03
+3.107445000E-03,-285.832440392E-03,+2.552724532961E+00,+76.105212754E-03
+3.107450000E-03,-300.290668885E-03,+2.552724532961E+00,+74.882850961E-03
+3.107455000E-03,-314.904362199E-03,+2.552724532961E+00,+74.328830865E-03
+3.107460000E-03,-330.347201231E-03,+2.552724532961E+00,+73.502197709E-03
+3.107465000E-03,-345.064537757E-03,+2.552724532961E+00,+72.424936412E-03
+3.107470000E-03,-359.108193398E-03,+2.552724532961E+00,+71.954459031E-03
+3.107475000E-03,-374.240102756E-03,+2.552724532961E+00,+70.604584675E-03
+3.107480000E-03,-388.750152863E-03,+2.552724532961E+00,+70.270413822E-03
+3.107485000E-03,-402.638343680E-03,+2.552724532961E+00,+68.762248014E-03
+3.107490000E-03,-417.252036982E-03,+2.552724532961E+00,+68.507222885E-03
+3.107495000E-03,-431.813908681E-03,+2.552724532961E+00,+66.902323413E-03
+3.107500000E-03,-446.531245214E-03,+2.552724532961E+00,+66.594534462E-03
+3.107505000E-03,-460.730365656E-03,+2.552724532961E+00,+65.038001825E-03
+3.107510000E-03,-474.774021294E-03,+2.552724532961E+00,+64.642273176E-03
+3.107515000E-03,-488.921320129E-03,+2.552724532961E+00,+63.257222949E-03
+3.107520000E-03,-502.705867734E-03,+2.552724532961E+00,+62.668026966E-03
+3.107525000E-03,-515.453983171E-03,+2.552724532961E+00,+61.397298345E-03
+3.107530000E-03,-530.223141308E-03,+2.552724532961E+00,+60.641016939E-03
+3.107535000E-03,-543.126721568E-03,+2.552724532961E+00,+59.357097361E-03
+3.107540000E-03,-556.859447539E-03,+2.552724532961E+00,+58.666770728E-03
+3.107545000E-03,-570.125779073E-03,+2.552724532961E+00,+57.308102407E-03
+3.107550000E-03,-583.703040240E-03,+2.552724532961E+00,+56.688127534E-03
+3.107555000E-03,-596.554798858E-03,+2.552724532961E+00,+55.184358711E-03
+3.107560000E-03,-609.458379154E-03,+2.552724532961E+00,+54.661117508E-03
+3.107565000E-03,-622.621067436E-03,+2.552724532961E+00,+52.999057226E-03
+3.107570000E-03,-634.177285920E-03,+2.552724532961E+00,+52.585740643E-03
+3.107575000E-03,-647.132687790E-03,+2.552724532961E+00,+50.879710518E-03
+3.107580000E-03,-660.450840908E-03,+2.552724532961E+00,+50.444409008E-03
+3.107585000E-03,-673.509885980E-03,+2.552724532961E+00,+48.632851245E-03
+3.107590000E-03,-684.547888402E-03,+2.552724532961E+00,+48.074434160E-03
+3.107595000E-03,-697.347825436E-03,+2.552724532961E+00,+46.566268352E-03
+3.107600000E-03,-708.437649448E-03,+2.552724532961E+00,+45.708856297E-03
+3.107605000E-03,-721.082121671E-03,+2.552724532961E+00,+44.345790990E-03
+3.107610000E-03,-733.415664260E-03,+2.552724532961E+00,+43.356469387E-03
+3.107615000E-03,-745.386455584E-03,+2.552724532961E+00,+42.019785989E-03
+3.107620000E-03,-757.409068523E-03,+2.552724532961E+00,+40.995288508E-03
+3.107625000E-03,-768.343427700E-03,+2.552724532961E+00,+39.654208125E-03
+3.107630000E-03,-780.780613508E-03,+2.552724532961E+00,+38.673680493E-03
+3.107635000E-03,-791.974080709E-03,+2.552724532961E+00,+37.165514681E-03
+3.107640000E-03,-803.426655979E-03,+2.552724532961E+00,+36.343278508E-03
+3.107645000E-03,-813.531869444E-03,+2.552724532961E+00,+34.659233305E-03
+3.107650000E-03,-824.362585393E-03,+2.552724532961E+00,+34.026067477E-03
+3.107655000E-03,-835.245122984E-03,+2.552724532961E+00,+32.130967000E-03
+3.107660000E-03,-846.853163040E-03,+2.552724532961E+00,+31.524183081E-03
+3.107665000E-03,-857.062019728E-03,+2.552724532961E+00,+29.571921804E-03
+3.107670000E-03,-867.478162838E-03,+2.552724532961E+00,+29.101444411E-03
+3.107675000E-03,-877.065160219E-03,+2.552724532961E+00,+27.263504742E-03
+3.107680000E-03,-887.844054564E-03,+2.552724532961E+00,+26.546796199E-03
+3.107685000E-03,-897.690159983E-03,+2.552724532961E+00,+24.823178135E-03
+3.107690000E-03,-908.520875950E-03,+2.552724532961E+00,+23.829459545E-03
+3.107695000E-03,-917.641478883E-03,+2.552724532961E+00,+22.475188208E-03
+3.107700000E-03,-926.295687339E-03,+2.552724532961E+00,+21.222047515E-03
+3.107705000E-03,-936.919116865E-03,+2.552724532961E+00,+19.990891752E-03
+3.107710000E-03,-946.765222278E-03,+2.552724532961E+00,+18.632223424E-03
+3.107715000E-03,-955.782181976E-03,+2.552724532961E+00,+17.317524945E-03
+3.107720000E-03,-964.073639184E-03,+2.552724532961E+00,+16.064384261E-03
+3.107725000E-03,-973.194242085E-03,+2.552724532961E+00,+14.657349089E-03
+3.107730000E-03,-981.174769656E-03,+2.552724532961E+00,+13.566896850E-03
+3.107735000E-03,-989.984442920E-03,+2.552724532961E+00,+12.067524995E-03
+3.107740000E-03,-997.757684040E-03,+2.552724532961E+00,+11.073806426E-03
+3.107745000E-03,-1.004857244286E+00,+2.552724532961E+00,+9.310615478E-03
+3.107750000E-03,-1.014029668787E+00,+2.552724532961E+00,+8.541143135E-03
+3.107755000E-03,-1.021284693842E+00,+2.552724532961E+00,+6.799937113E-03
+3.107760000E-03,-1.029835259088E+00,+2.552724532961E+00,+5.876570299E-03
+3.107765000E-03,-1.036157495196E+00,+2.552724532961E+00,+4.227700959E-03
+3.107770000E-03,-1.042583374529E+00,+2.552724532961E+00,+3.185615553E-03
+3.107775000E-03,-1.050615723669E+00,+2.552724532961E+00,+1.752198474E-03
+3.107780000E-03,-1.056730673365E+00,+2.552724532961E+00,+494.660809E-06
+3.107785000E-03,-1.063571125554E+00,+2.552724532961E+00,-798.052754E-06
+3.107790000E-03,-1.070877972233E+00,+2.552724532961E+00,-2.174309012E-03
+3.107795000E-03,-1.076526527431E+00,+2.552724532961E+00,-3.282349210E-03
+3.107800000E-03,-1.083004228376E+00,+2.552724532961E+00,-4.856469788E-03
+3.107805000E-03,-1.089274642882E+00,+2.552724532961E+00,-5.960113001E-03
+3.107810000E-03,-1.095285949329E+00,+2.552724532961E+00,-7.441896894E-03
+3.107815000E-03,-1.099898072403E+00,+2.552724532961E+00,-8.686243624E-03
+3.107820000E-03,-1.105442984416E+00,+2.552724532961E+00,-10.053705912E-03
+3.107825000E-03,-1.110469680337E+00,+2.552724532961E+00,-11.320037564E-03
+3.107830000E-03,-1.115392733051E+00,+2.552724532961E+00,-12.573178248E-03
+3.107835000E-03,-1.120989466667E+00,+2.442799913795E+00,-14.054962158E-03
+3.107840000E-03,-1.124668800798E+00,+159.979590200E-03,-15.206972194E-03
+3.107845000E-03,-1.129177280666E+00,-173.327573527E-03,-16.508479718E-03
+3.107850000E-03,-1.134152154949E+00,-145.061242740E-03,-18.069409348E-03
+3.107855000E-03,-1.136691413753E+00,+201.436868707E-03,-18.909233457E-03
+3.107860000E-03,-1.140733499124E+00,-23.123428248E-03,-20.698806310E-03
+3.107865000E-03,-1.144050081999E+00,-71.882851136E-03,-21.358354036E-03
+3.107870000E-03,-1.149180421111E+00,-98.892900769E-03,-23.596419340E-03
+3.107875000E-03,-1.151667858299E+00,-37.806218627E-03,-24.027323857E-03
+3.107880000E-03,-1.154466225100E+00,-39.062499333E-03,-26.190640418E-03
+3.107885000E-03,-1.157420056733E+00,-49.819409095E-03,-26.502826344E-03
+3.107890000E-03,-1.159596564249E+00,-55.865263112E-03,-28.688127829E-03
+3.107895000E-03,-1.162446752670E+00,-55.551192966E-03,-29.127826319E-03
+3.107900000E-03,-1.164312330514E+00,-48.877197943E-03,-31.168027297E-03
+3.107905000E-03,-1.167162518962E+00,-51.546795976E-03,-31.788002171E-03
+3.107910000E-03,-1.168458059133E+00,-51.154207966E-03,-33.520414207E-03
+3.107915000E-03,-1.169857242518E+00,-53.352700453E-03,-34.443781035E-03
+3.107920000E-03,-1.170634566644E+00,-49.426821065E-03,-36.013504632E-03
+3.107925000E-03,-1.172914717377E+00,-49.426821074E-03,-37.038002113E-03
+3.107930000E-03,-1.173847506300E+00,-48.092022085E-03,-38.453831241E-03
+3.107935000E-03,-1.174935760058E+00,-48.798680377E-03,-39.561871430E-03
+3.107940000E-03,-1.174002971146E+00,-50.447549707E-03,-40.999685485E-03
+3.107945000E-03,-1.176594051495E+00,-49.505338668E-03,-42.019785976E-03
+3.107950000E-03,-1.175661262578E+00,-49.426821088E-03,-43.422424153E-03
+3.107955000E-03,-1.176231300247E+00,-48.955715603E-03,-44.380966856E-03
+3.107960000E-03,-1.175609440964E+00,-50.054961780E-03,-45.884735683E-03
+3.107965000E-03,-1.175557619360E+00,-48.013504545E-03,-46.711368844E-03
+3.107970000E-03,-1.174832116864E+00,-45.500941737E-03,-48.320665304E-03
+3.107975000E-03,-1.174106614341E+00,-45.736494485E-03,-49.054961783E-03
+3.107980000E-03,-1.173484755068E+00,-47.463881419E-03,-50.611494424E-03
+3.107985000E-03,-1.172862895771E+00,-47.463881379E-03,-51.499685378E-03
+3.107990000E-03,-1.172137393264E+00,-47.463881394E-03,-52.875941636E-03
+3.107995000E-03,-1.169753599327E+00,-49.740891445E-03,-53.891645152E-03
+3.108000000E-03,-1.168095307898E+00,-47.856469319E-03,-55.039258198E-03
+3.108005000E-03,-1.166437016478E+00,-47.385363814E-03,-56.252826026E-03
+3.108010000E-03,-1.164519616977E+00,-46.443152778E-03,-57.206971741E-03
+3.108015000E-03,-1.163275898386E+00,-44.872801027E-03,-58.521670224E-03
+3.108020000E-03,-1.160581174804E+00,-45.343906552E-03,-59.321921471E-03
+3.108025000E-03,-1.158767418548E+00,-45.500941749E-03,-60.706971707E-03
+3.108030000E-03,-1.155139906033E+00,-44.715765846E-03,-61.625941547E-03
+3.108035000E-03,-1.152548825654E+00,-46.678705514E-03,-62.799936507E-03
+3.108040000E-03,-1.149854102056E+00,-45.422424141E-03,-63.907976700E-03
+3.108045000E-03,-1.146848448819E+00,-45.657976903E-03,-64.813755581E-03
+3.108050000E-03,-1.143169114706E+00,-46.129082384E-03,-66.128454063E-03
+3.108055000E-03,-1.139127029319E+00,-45.972047265E-03,-66.774810834E-03
+3.108060000E-03,-1.136017732862E+00,-46.207599966E-03,-68.115891229E-03
+3.108065000E-03,-1.131198323380E+00,-44.558730676E-03,-68.696293228E-03
+3.108070000E-03,-1.125860697801E+00,-44.951318584E-03,-70.147298237E-03
+3.108075000E-03,-1.121404039570E+00,-45.736494476E-03,-70.754082153E-03
+3.108080000E-03,-1.116999202931E+00,-46.207599963E-03,-72.064383646E-03
+3.108085000E-03,-1.112024328617E+00,-45.029836217E-03,-72.732725349E-03
+3.108090000E-03,-1.106531238233E+00,-44.558730676E-03,-73.928705232E-03
+3.108095000E-03,-1.101867293513E+00,-44.087625158E-03,-74.737750452E-03
+3.108100000E-03,-1.095337771010E+00,-44.009107585E-03,-75.573177578E-03
+3.108105000E-03,-1.091036577568E+00,-43.302449297E-03,-76.773554449E-03
+3.108110000E-03,-1.084817984703E+00,-45.422424165E-03,-77.296795651E-03
+3.108115000E-03,-1.079739467138E+00,-44.558730674E-03,-78.602700156E-03
+3.108120000E-03,-1.073676339059E+00,-43.223931691E-03,-79.134735330E-03
+3.108125000E-03,-1.067302281340E+00,-42.752826197E-03,-80.335112198E-03
+3.108130000E-03,-1.061031866836E+00,-43.773554831E-03,-80.840765463E-03
+3.108135000E-03,-1.054605987522E+00,-44.637248237E-03,-82.001569466E-03
+3.108140000E-03,-1.047558248903E+00,-43.930589996E-03,-82.516016706E-03
+3.108145000E-03,-1.040251402247E+00,-46.521670344E-03,-83.602071962E-03
+3.108150000E-03,-1.031649015409E+00,-42.988378948E-03,-84.191267944E-03
+3.108155000E-03,-1.023668487880E+00,-44.951318595E-03,-85.061870944E-03
+3.108160000E-03,-1.015325209080E+00,-44.480213084E-03,-85.800564404E-03
+3.108165000E-03,-1.008692043289E+00,-43.538002063E-03,-86.666770423E-03
+3.108170000E-03,-1.000037834840E+00,-42.517273416E-03,-87.387875945E-03
+3.108175000E-03,-991.539091226E-03,-42.831343796E-03,-88.073805588E-03
+3.108180000E-03,-983.040347616E-03,-42.988378953E-03,-88.794911105E-03
+3.108185000E-03,-973.608815042E-03,-42.752826209E-03,-89.581971402E-03
+3.108190000E-03,-965.991038744E-03,-43.145414116E-03,-90.114006565E-03
+3.108195000E-03,-957.492295100E-03,-42.517273421E-03,-90.896669883E-03
+3.108200000E-03,-948.008940951E-03,-43.616519631E-03,-91.345162332E-03
+3.108205000E-03,-938.525586775E-03,-42.909861354E-03,-92.206971375E-03
+3.108210000E-03,-928.731302940E-03,-41.025439252E-03,-92.567524129E-03
+3.108215000E-03,-918.366981467E-03,-42.046167884E-03,-93.468906033E-03
+3.108220000E-03,-908.054481561E-03,-42.281720672E-03,-93.803076878E-03
+3.108225000E-03,-896.809192782E-03,-41.496544806E-03,-94.594534163E-03
+3.108230000E-03,-886.911265723E-03,-40.711368913E-03,-94.928705009E-03
+3.108235000E-03,-877.427911546E-03,-41.967650304E-03,-95.645413548E-03
+3.108240000E-03,-867.892735759E-03,-41.810615135E-03,-96.041142182E-03
+3.108245000E-03,-858.927597662E-03,-41.810615137E-03,-96.595162283E-03
+3.108250000E-03,-847.267736014E-03,-42.203203085E-03,-97.087624584E-03
+3.108255000E-03,-837.991668242E-03,-41.967650294E-03,-97.597674836E-03
+3.108260000E-03,-827.005487474E-03,-43.380966879E-03,-98.024182362E-03
+3.108265000E-03,-814.309193632E-03,-42.438755837E-03,-98.556217536E-03
+3.108270000E-03,-804.100336963E-03,-41.967650297E-03,-98.956343158E-03
+3.108275000E-03,-792.129545637E-03,-42.281720658E-03,-99.483981346E-03
+3.108280000E-03,-780.728792010E-03,-40.946921689E-03,-99.695036618E-03
+3.108285000E-03,-768.861643870E-03,-42.988378897E-03,-100.275438625E-03
+3.108290000E-03,-758.186392718E-03,-40.475816172E-03,-100.438127063E-03
+3.108295000E-03,-745.593742124E-03,-44.794283427E-03,-100.978956201E-03
+3.108300000E-03,-733.363842762E-03,-40.318780980E-03,-101.093277812E-03
+3.108305000E-03,-722.274018764E-03,-41.025439264E-03,-101.642900916E-03
+3.108310000E-03,-710.510513853E-03,-41.339509610E-03,-101.796795394E-03
+3.108315000E-03,-697.347825529E-03,-41.653579948E-03,-102.078202417E-03
+3.108320000E-03,-684.651531710E-03,-41.889132702E-03,-102.394785337E-03
+3.108325000E-03,-672.836205199E-03,-41.575062381E-03,-102.522297893E-03
+3.108330000E-03,-660.761770668E-03,-41.103956836E-03,-103.010363218E-03
+3.108335000E-03,-647.339974333E-03,-41.810615143E-03,-102.887247640E-03
+3.108340000E-03,-634.073642800E-03,-41.810615095E-03,-103.366518994E-03
+3.108345000E-03,-620.340916835E-03,-40.868404120E-03,-103.247800402E-03
+3.108350000E-03,-607.644623014E-03,-40.789886503E-03,-103.744659690E-03
+3.108355000E-03,-593.860075423E-03,-40.554333752E-03,-103.511619498E-03
+3.108360000E-03,-581.889284058E-03,-40.789886470E-03,-104.087624511E-03
+3.108365000E-03,-567.586520410E-03,-42.124685496E-03,-103.885363209E-03
+3.108370000E-03,-553.542864810E-03,-41.810615110E-03,-104.223931042E-03
+3.108375000E-03,-541.468430236E-03,-41.889132720E-03,-104.100815471E-03
+3.108380000E-03,-527.891169062E-03,-42.281720632E-03,-104.360237575E-03
+3.108385000E-03,-514.676659155E-03,-41.260992008E-03,-104.228328030E-03
+3.108390000E-03,-500.425717125E-03,-41.496544771E-03,-104.386619484E-03
+3.108395000E-03,-486.122953442E-03,-41.496544805E-03,-104.171167231E-03
+3.108400000E-03,-472.442049058E-03,-42.674308588E-03,-104.430589334E-03
+3.108405000E-03,-459.020252724E-03,-40.711368926E-03,-104.197549134E-03
+3.108410000E-03,-443.059197626E-03,-40.868404075E-03,-104.584483802E-03
+3.108415000E-03,-427.823645042E-03,-42.831343737E-03,-103.929333062E-03
+3.108420000E-03,-414.453670293E-03,-40.475816149E-03,-104.456971242E-03
+3.108425000E-03,-400.150906635E-03,-41.182474415E-03,-103.771041605E-03
+3.108430000E-03,-385.640856553E-03,-40.554333721E-03,-104.303076771E-03
+3.108435000E-03,-370.612590378E-03,-41.418027221E-03,-103.568780302E-03
+3.108440000E-03,-355.428859390E-03,-42.674308560E-03,-104.070036572E-03
+3.108445000E-03,-340.918809277E-03,-41.025439290E-03,-103.296167241E-03
+3.108450000E-03,-326.564224010E-03,-40.004710624E-03,-103.678704916E-03
+3.108455000E-03,-310.344060849E-03,-40.004710627E-03,-103.045539101E-03
+3.108460000E-03,-295.730367552E-03,-39.690640273E-03,-103.195036582E-03
+3.108465000E-03,-280.961209420E-03,-41.418027184E-03,-102.742147142E-03
+3.108470000E-03,-266.502980929E-03,-40.475816160E-03,-102.614634581E-03
+3.108475000E-03,-251.422893171E-03,-40.711368926E-03,-102.350815488E-03
+3.108480000E-03,-235.306373223E-03,-42.360238227E-03,-102.029835592E-03
+3.108485000E-03,-220.174463856E-03,-42.124685478E-03,-101.761619514E-03
+3.108490000E-03,-205.301662480E-03,-40.632851326E-03,-101.489006453E-03
+3.108495000E-03,-189.858823492E-03,-39.926193050E-03,-101.146041628E-03
+3.108500000E-03,-174.882378923E-03,-40.240263412E-03,-100.811870784E-03
+3.108505000E-03,-160.735080050E-03,-39.769157850E-03,-100.411745155E-03
+3.108510000E-03,-144.463095310E-03,-39.769157818E-03,-100.117147172E-03
+3.108515000E-03,-128.191110555E-03,-40.318780970E-03,-99.637875818E-03
+3.108520000E-03,-112.903736357E-03,-41.967650286E-03,-99.312498939E-03
+3.108525000E-03,-98.186399788E-03,-41.418027179E-03,-98.842021558E-03
+3.108530000E-03,-82.950847219E-03,-41.182474409E-03,-98.446292918E-03
+3.108535000E-03,-68.544440336E-03,-39.141017193E-03,-98.002197445E-03
+3.108540000E-03,-53.671638979E-03,-40.554333728E-03,-97.474559261E-03
+3.108545000E-03,-38.902480841E-03,-39.612122683E-03,-97.153579364E-03
+3.108550000E-03,-24.133322720E-03,-40.632851302E-03,-96.463252739E-03
+3.108555000E-03,-8.794126910E-03,-40.632851345E-03,-96.217021585E-03
+3.108560000E-03,+6.545068913E-03,-40.004710595E-03,-95.320036671E-03
+3.108565000E-03,+22.713410446E-03,-40.711368900E-03,-95.174936167E-03
+3.108570000E-03,+37.223460545E-03,-42.124685452E-03,-94.203202514E-03
+3.108575000E-03,+52.044440279E-03,-40.868404042E-03,-94.022926128E-03
+3.108580000E-03,+67.953673773E-03,-39.533605164E-03,-93.055589463E-03
+3.108585000E-03,+82.930118335E-03,-41.653579945E-03,-92.791770365E-03
+3.108590000E-03,+98.424778990E-03,-39.847675455E-03,-91.859609577E-03
+3.108595000E-03,+113.660331569E-03,-42.203203082E-03,-91.455086961E-03
+3.108600000E-03,+127.548522386E-03,-42.046167856E-03,-90.747172400E-03
+3.108605000E-03,+143.302291072E-03,-40.083228214E-03,-90.135991497E-03
+3.108610000E-03,+158.900594902E-03,-40.397298557E-03,-89.476443772E-03
+3.108615000E-03,+175.172579667E-03,-40.083228208E-03,-88.680589505E-03
+3.108620000E-03,+189.371700117E-03,-40.711368905E-03,-88.104584490E-03
+3.108625000E-03,+204.503609499E-03,-41.810615114E-03,-87.291142285E-03
+3.108630000E-03,+219.583697261E-03,-41.260992031E-03,-86.570036768E-03
+3.108635000E-03,+233.990104165E-03,-40.475816188E-03,-85.910489032E-03
+3.108640000E-03,+247.826473353E-03,-40.161745831E-03,-85.048680000E-03
+3.108645000E-03,+263.891171664E-03,-40.632851343E-03,-84.371544326E-03
+3.108650000E-03,+278.763973043E-03,-40.475816138E-03,-83.417398607E-03
+3.108655000E-03,+293.274023126E-03,-40.632851324E-03,-82.810614694E-03
+3.108660000E-03,+308.302289315E-03,-42.517273364E-03,-81.728956418E-03
+3.108665000E-03,+323.745128344E-03,-39.690640273E-03,-81.034232803E-03
+3.108670000E-03,+338.255178401E-03,-41.967650277E-03,-80.071293120E-03
+3.108675000E-03,+352.454298852E-03,-42.046167886E-03,-79.341393628E-03
+3.108680000E-03,+366.135203239E-03,-41.260992007E-03,-78.426820775E-03
+3.108685000E-03,+380.800718155E-03,-39.847675486E-03,-77.503453946E-03
+3.108690000E-03,+394.792552217E-03,-41.418027170E-03,-76.729584610E-03
+3.108695000E-03,+409.095315873E-03,-41.967650327E-03,-75.590765526E-03
+3.108700000E-03,+424.071760396E-03,-40.004710635E-03,-74.948805731E-03
+3.108705000E-03,+437.441735142E-03,-40.946921689E-03,-73.744031879E-03
+3.108710000E-03,+450.448958644E-03,-40.946921647E-03,-73.009735400E-03
+3.108715000E-03,+464.959008731E-03,-41.103956860E-03,-71.853328385E-03
+3.108720000E-03,+478.328983445E-03,-39.690640309E-03,-70.982725371E-03
+3.108725000E-03,+491.750779801E-03,-42.046167889E-03,-70.054961572E-03
+3.108730000E-03,+505.535327390E-03,-40.554333731E-03,-68.907348512E-03
+3.108735000E-03,+518.853480534E-03,-41.025439273E-03,-68.199433951E-03
+3.108740000E-03,+532.638028114E-03,-41.653579950E-03,-66.691268132E-03
+3.108745000E-03,+546.785326964E-03,-41.103956860E-03,-66.273554577E-03
+3.108750000E-03,+558.807939852E-03,-40.318780989E-03,-64.527951573E-03
+3.108755000E-03,+572.696130684E-03,-41.418027180E-03,-64.316896304E-03
+3.108760000E-03,+585.496067733E-03,-40.868404088E-03,-62.351444059E-03
+3.108765000E-03,+598.762399270E-03,-40.083228262E-03,-62.223931501E-03
+3.108770000E-03,+611.769622719E-03,-40.318780995E-03,-60.249685289E-03
+3.108775000E-03,+624.051343721E-03,-41.418027169E-03,-60.069408909E-03
+3.108780000E-03,+635.503918964E-03,-41.339509622E-03,-58.152323505E-03
+3.108785000E-03,+648.148391192E-03,-41.889132689E-03,-57.774182805E-03
+3.108790000E-03,+660.378290579E-03,-41.496544779E-03,-56.098931563E-03
+3.108795000E-03,+672.504546711E-03,-40.004710613E-03,-55.443780820E-03
+3.108800000E-03,+683.698013932E-03,-41.182474462E-03,-53.887248170E-03
+3.108805000E-03,+696.342486126E-03,-42.752826132E-03,-53.047424063E-03
+3.108810000E-03,+708.468742321E-03,-40.789886512E-03,-51.556846185E-03
+3.108815000E-03,+718.418490939E-03,-41.496544785E-03,-50.602700471E-03
+3.108820000E-03,+731.581179231E-03,-42.124685470E-03,-49.217650232E-03
+3.108825000E-03,+743.085576127E-03,-40.161745838E-03,-48.197549743E-03
+3.108830000E-03,+754.071756896E-03,-41.418027169E-03,-46.838881412E-03
+3.108835000E-03,+765.938905010E-03,-41.182474410E-03,-45.801192987E-03
+3.108840000E-03,+776.199583294E-03,-41.339509587E-03,-44.543655305E-03
+3.108845000E-03,+786.978477651E-03,-41.889132708E-03,-43.334484468E-03
+3.108850000E-03,+798.171944874E-03,-41.025439268E-03,-42.186871414E-03
+3.108855000E-03,+808.484444738E-03,-41.339509619E-03,-40.801821180E-03
+3.108860000E-03,+818.693301434E-03,-41.418027183E-03,-39.790514658E-03
+3.108865000E-03,+828.850336507E-03,-41.182474471E-03,-38.211997085E-03
+3.108870000E-03,+839.214658005E-03,-39.926193040E-03,-37.442524735E-03
+3.108875000E-03,+849.008941805E-03,-42.124685478E-03,-35.622172992E-03
+3.108880000E-03,+858.906868829E-03,-41.732097552E-03,-35.098931789E-03
+3.108885000E-03,+868.649331063E-03,-42.909861358E-03,-32.997173022E-03
+3.108890000E-03,+878.754544511E-03,-41.653579953E-03,-32.583856440E-03
+3.108895000E-03,+888.289720301E-03,-41.260991997E-03,-30.420539885E-03
+3.108900000E-03,+897.980360886E-03,-41.418027162E-03,-29.958856466E-03
+3.108905000E-03,+905.701780420E-03,-40.711368922E-03,-28.015389156E-03
+3.108910000E-03,+915.081491359E-03,-41.967650304E-03,-27.316268557E-03
+3.108915000E-03,+923.424770186E-03,-40.711368920E-03,-25.394786175E-03
+3.108920000E-03,+932.804481131E-03,-43.066896497E-03,-24.669283657E-03
+3.108925000E-03,+940.318614197E-03,-41.732097570E-03,-22.932474643E-03
+3.108930000E-03,+948.558249795E-03,-41.418027236E-03,-21.907977154E-03
+3.108935000E-03,+956.020561302E-03,-42.988378942E-03,-20.465766124E-03
+3.108940000E-03,+964.156553636E-03,-41.496544800E-03,-19.212625423E-03
+3.108945000E-03,+971.567043547E-03,-42.203203066E-03,-17.875942032E-03
+3.108950000E-03,+978.770246968E-03,-42.124685446E-03,-16.565640528E-03
+3.108955000E-03,+986.854417714E-03,-41.103956849E-03,-15.242148089E-03
+3.108960000E-03,+994.213085998E-03,-41.732097549E-03,-13.936243572E-03
+3.108965000E-03,+1.001934505508E+00,-41.182474475E-03,-12.617148117E-03
+3.108970000E-03,+1.008826779307E+00,-41.889132696E-03,-11.390389325E-03
+3.108975000E-03,+1.014993550602E+00,-42.517273378E-03,-9.917399407E-03
+3.108980000E-03,+1.021160321904E+00,-41.889132714E-03,-8.787374278E-03
+3.108985000E-03,+1.027845309244E+00,-43.066896545E-03,-7.296796420E-03
+3.108990000E-03,+1.033960258949E+00,-41.496544773E-03,-6.135992397E-03
+3.108995000E-03,+1.040230673451E+00,-41.810615154E-03,-4.764133130E-03
+3.109000000E-03,+1.046138336700E+00,-41.418027180E-03,-3.550565287E-03
+3.109005000E-03,+1.052460572849E+00,-42.517273408E-03,-2.156721098E-03
+3.109010000E-03,+1.057953663213E+00,-42.203203047E-03,-885.992455E-06
+3.109015000E-03,+1.064327720951E+00,-42.203203087E-03,+389.133148E-06
+3.109020000E-03,+1.069147130431E+00,-41.182474467E-03,+1.782977365E-03
+3.109025000E-03,+1.074743864032E+00,+44.323175295E-03,+3.036118044E-03
+3.109030000E-03,+1.077853160493E+00,+2.364125279346E+00,+4.504711006E-03
+3.109035000E-03,+1.083605358936E+00,+2.552253427439E+00,+5.586369277E-03
+3.109040000E-03,+1.087699265929E+00,+2.552253427439E+00,+7.019786350E-03
+3.109045000E-03,+1.091793172908E+00,+2.552253427439E+00,+8.123429556E-03
+3.109050000E-03,+1.095783436701E+00,+2.552253427439E+00,+9.473303913E-03
+3.109055000E-03,+1.099721878880E+00,+2.552253427439E+00,+10.871545099E-03
+3.109060000E-03,+1.104541288347E+00,+2.552253427439E+00,+12.098303882E-03
+3.109065000E-03,+1.107909692846E+00,+2.552253427439E+00,+13.505339045E-03
+3.109070000E-03,+1.110241665173E+00,+2.552253427439E+00,+14.582600341E-03
+3.109075000E-03,+1.113972820916E+00,+2.552253427439E+00,+16.178705849E-03
+3.109080000E-03,+1.116045685235E+00,+2.552253427439E+00,+17.097675691E-03
+3.109085000E-03,+1.119154981684E+00,+2.552253427439E+00,+18.882851547E-03
+3.109090000E-03,+1.121227845980E+00,+2.552253427439E+00,+19.788630435E-03
+3.109095000E-03,+1.124337142415E+00,+2.552253427439E+00,+21.336369107E-03
+3.109100000E-03,+1.126047255472E+00,+2.552253427439E+00,+22.277323879E-03
+3.109105000E-03,+1.126876401177E+00,+2.552724532961E+00,+23.785489687E-03
+3.109110000E-03,+1.129519303151E+00,+2.552724532961E+00,+24.955087665E-03
+3.109115000E-03,+1.130659378554E+00,+2.552724532961E+00,+26.322549960E-03
+3.109120000E-03,+1.131436702673E+00,+2.552724532961E+00,+27.496544926E-03
+3.109125000E-03,+1.132887707666E+00,+2.552724532961E+00,+28.881595160E-03
+3.109130000E-03,+1.135167858387E+00,+2.552724532961E+00,+30.038002181E-03
+3.109135000E-03,+1.135012393571E+00,+2.552724532961E+00,+31.348303679E-03
+3.109140000E-03,+1.135737896096E+00,+2.552724532961E+00,+32.473931806E-03
+3.109145000E-03,+1.136048825723E+00,+2.552724532961E+00,+33.797424256E-03
+3.109150000E-03,+1.135634252869E+00,+2.552724532961E+00,+34.817524746E-03
+3.109155000E-03,+1.135686074470E+00,+2.552724532961E+00,+36.334484526E-03
+3.109160000E-03,+1.135686074454E+00,+2.552724532961E+00,+37.262248340E-03
+3.109165000E-03,+1.135841539301E+00,+2.552724532961E+00,+38.686871431E-03
+3.109170000E-03,+1.134960571980E+00,+2.552724532961E+00,+39.733353842E-03
+3.109175000E-03,+1.134338712680E+00,+2.552724532961E+00,+41.004082465E-03
+3.109180000E-03,+1.133094994123E+00,+2.552724532961E+00,+42.217650298E-03
+3.109185000E-03,+1.131903097136E+00,+2.552724532961E+00,+43.316896507E-03
+3.109190000E-03,+1.130555735346E+00,+2.552724532961E+00,+44.662373891E-03
+3.109195000E-03,+1.127861011763E+00,+2.552724532961E+00,+45.392273372E-03
+3.109200000E-03,+1.127757368529E+00,+2.552724532961E+00,+46.944409042E-03
+3.109205000E-03,+1.124648072109E+00,+2.552724532961E+00,+47.608353750E-03
+3.109210000E-03,+1.122886137453E+00,+2.552724532961E+00,+49.213253241E-03
+3.109215000E-03,+1.120709629949E+00,+2.552724532961E+00,+49.837625084E-03
+3.109220000E-03,+1.117807619896E+00,+2.552724532961E+00,+51.442524572E-03
+3.109225000E-03,+1.115786577204E+00,+2.552724532961E+00,+52.000941644E-03
+3.109230000E-03,+1.112262707901E+00,+2.552724532961E+00,+53.539886360E-03
+3.109235000E-03,+1.109257054680E+00,+2.552724532961E+00,+54.212625035E-03
+3.109240000E-03,+1.105836828575E+00,+2.552724532961E+00,+55.562499404E-03
+3.109245000E-03,+1.101380170374E+00,+2.552724532961E+00,+56.283604913E-03
+3.109250000E-03,+1.096923512111E+00,+2.552724532961E+00,+57.686243101E-03
+3.109255000E-03,+1.094747004555E+00,+2.552724532961E+00,+58.385363681E-03
+3.109260000E-03,+1.089720308677E+00,+2.552724532961E+00,+59.774810919E-03
+3.109265000E-03,+1.085626401677E+00,+2.552724532961E+00,+60.284861147E-03
+3.109270000E-03,+1.080340597703E+00,+2.552724532961E+00,+61.797423963E-03
+3.109275000E-03,+1.076194869085E+00,+2.552724532961E+00,+62.184358617E-03
+3.109280000E-03,+1.070909065167E+00,+2.552724532961E+00,+63.872800825E-03
+3.109285000E-03,+1.065882369200E+00,+2.552724532961E+00,+64.114634981E-03
+3.109290000E-03,+1.060855673291E+00,+2.552724532961E+00,+65.798680200E-03
+3.109295000E-03,+1.055518047733E+00,+2.552724532961E+00,+66.053705311E-03
+3.109300000E-03,+1.049610384458E+00,+2.552724532961E+00,+67.636619874E-03
+3.109305000E-03,+1.042873575517E+00,+2.552724532961E+00,+68.001569612E-03
+3.109310000E-03,+1.037743236353E+00,+2.552724532961E+00,+69.276695238E-03
+3.109315000E-03,+1.031213713842E+00,+2.552724532961E+00,+69.896670097E-03
+3.109320000E-03,+1.023958688792E+00,+2.552724532961E+00,+71.031092202E-03
+3.109325000E-03,+1.017636452662E+00,+2.552724532961E+00,+71.752197714E-03
+3.109330000E-03,+1.010381427609E+00,+2.552724532961E+00,+72.561242942E-03
+3.109335000E-03,+1.003333688989E+00,+2.552724532961E+00,+73.519785632E-03
+3.109340000E-03,+996.285950374E-03,+2.552724532961E+00,+74.126569558E-03
+3.109345000E-03,+988.719995711E-03,+2.552724532961E+00,+75.151067024E-03
+3.109350000E-03,+981.102219385E-03,+2.552724532961E+00,+75.753453968E-03
+3.109355000E-03,+973.691729530E-03,+2.552724532961E+00,+76.681217757E-03
+3.109360000E-03,+966.954920557E-03,+2.552724532961E+00,+77.349559477E-03
+3.109365000E-03,+959.129857835E-03,+2.552724532961E+00,+78.154207691E-03
+3.109370000E-03,+951.201151870E-03,+2.552724532961E+00,+78.862122277E-03
+3.109375000E-03,+942.080548968E-03,+2.552724532961E+00,+79.556845867E-03
+3.109380000E-03,+934.203664631E-03,+2.552724532961E+00,+80.357097136E-03
+3.109385000E-03,+925.497634612E-03,+2.552724532961E+00,+80.919911187E-03
+3.109390000E-03,+917.050712529E-03,+2.552724532961E+00,+81.742147367E-03
+3.109395000E-03,+907.774644853E-03,+2.552724532961E+00,+82.230212675E-03
+3.109400000E-03,+898.705863499E-03,+2.552724532961E+00,+82.911745346E-03
+3.109405000E-03,+889.118866121E-03,+2.552724532961E+00,+83.575690051E-03
+3.109410000E-03,+879.842798388E-03,+2.552724532961E+00,+84.050564423E-03
+3.109415000E-03,+869.841228156E-03,+2.552724532961E+00,+84.855212650E-03
+3.109420000E-03,+860.046944339E-03,+2.552724532961E+00,+85.119031754E-03
+3.109425000E-03,+850.615411757E-03,+2.552724532961E+00,+86.090765398E-03
+3.109430000E-03,+839.888339008E-03,+2.552724532961E+00,+86.262247822E-03
+3.109435000E-03,+830.871379301E-03,+2.552724532961E+00,+87.141644788E-03
+3.109440000E-03,+819.988841723E-03,+2.552724532961E+00,+87.335112135E-03
+3.109445000E-03,+809.106304149E-03,+2.552724532961E+00,+88.271669897E-03
+3.109450000E-03,+798.016480160E-03,+2.552724532961E+00,+88.315639764E-03
+3.109455000E-03,+787.807623475E-03,+2.552724532961E+00,+89.067524160E-03
+3.109460000E-03,+777.909696489E-03,+2.552724532961E+00,+89.450061855E-03
+3.109465000E-03,+766.664407667E-03,+2.552724532961E+00,+89.924936210E-03
+3.109470000E-03,+755.419118808E-03,+2.552724532961E+00,+90.360237731E-03
+3.109475000E-03,+743.500149137E-03,+2.552724532961E+00,+90.738378416E-03
+3.109480000E-03,+732.721254738E-03,+2.552724532961E+00,+91.208855808E-03
+3.109485000E-03,+721.165036258E-03,+2.552724532961E+00,+91.543026651E-03
+3.109490000E-03,+709.971569084E-03,+2.552724532961E+00,+91.899182436E-03
+3.109495000E-03,+698.726280228E-03,+2.552724532961E+00,+92.259735188E-03
+3.109500000E-03,+686.340916039E-03,+2.552724532961E+00,+92.519157302E-03
+3.109505000E-03,+674.681054366E-03,+2.552724532961E+00,+92.919282919E-03
+3.109510000E-03,+660.792863572E-03,+2.552724532961E+00,+93.156720109E-03
+3.109515000E-03,+648.925715453E-03,+2.552724532961E+00,+93.521669844E-03
+3.109520000E-03,+637.162210527E-03,+2.552724532961E+00,+93.640388448E-03
+3.109525000E-03,+625.191419207E-03,+2.552724532961E+00,+94.018529133E-03
+3.109530000E-03,+611.769622866E-03,+2.552724532961E+00,+94.132850758E-03
+3.109535000E-03,+599.228793869E-03,+2.552724532961E+00,+94.357096970E-03
+3.109540000E-03,+586.428856840E-03,+2.552724532961E+00,+94.629710047E-03
+3.109545000E-03,+574.406243879E-03,+2.552724532961E+00,+94.682473851E-03
+3.109550000E-03,+560.880804352E-03,+2.552724532961E+00,+95.078202503E-03
+3.109555000E-03,+547.873580853E-03,+2.552724532961E+00,+94.845162296E-03
+3.109560000E-03,+533.985390077E-03,+2.552724532961E+00,+95.377197476E-03
+3.109565000E-03,+520.149020876E-03,+2.552724532961E+00,+95.152951234E-03
+3.109570000E-03,+507.452727031E-03,+2.552724532961E+00,+95.557473854E-03
+3.109575000E-03,+492.631747318E-03,+2.552724532961E+00,+95.355212544E-03
+3.109580000E-03,+480.557312721E-03,+2.552724532961E+00,+95.654207517E-03
+3.109585000E-03,+465.684511426E-03,+2.552724532961E+00,+95.390388430E-03
+3.109590000E-03,+452.936395966E-03,+2.552724532961E+00,+95.693780379E-03
+3.109595000E-03,+439.566421192E-03,+2.552724532961E+00,+95.610237670E-03
+3.109600000E-03,+425.160014364E-03,+2.552724532961E+00,+95.579458776E-03
+3.109605000E-03,+411.012715532E-03,+2.552724532961E+00,+95.728956261E-03
+3.109610000E-03,+397.176346299E-03,+2.552724532961E+00,+95.407976366E-03
+3.109615000E-03,+382.718117817E-03,+2.552724532961E+00,+95.583855763E-03
+3.109620000E-03,+367.378922000E-03,+2.552724532961E+00,+95.324433647E-03
+3.109625000E-03,+354.008947236E-03,+2.552724532961E+00,+95.333227625E-03
+3.109630000E-03,+339.498897164E-03,+2.552724532961E+00,+95.122172345E-03
+3.109635000E-03,+324.418809395E-03,+2.552724532961E+00,+95.135363307E-03
+3.109640000E-03,+310.530618587E-03,+2.552724532961E+00,+94.858353251E-03
+3.109645000E-03,+295.605995682E-03,+2.552724532961E+00,+94.752825629E-03
+3.109650000E-03,+281.717804848E-03,+2.552724532961E+00,+94.506594462E-03
+3.109655000E-03,+267.000468285E-03,+2.552724532961E+00,+94.339509052E-03
+3.109660000E-03,+252.075845330E-03,+2.552724532961E+00,+94.115262804E-03
+3.109665000E-03,+237.410330423E-03,+2.552724532961E+00,+93.869031668E-03
+3.109670000E-03,+221.915669746E-03,+2.552724532961E+00,+93.657976379E-03
+3.109675000E-03,+207.042868453E-03,+2.552724532961E+00,+93.495287950E-03
+3.109680000E-03,+192.895569589E-03,+2.552724532961E+00,+93.038001514E-03
+3.109685000E-03,+177.245444140E-03,+2.552724532961E+00,+92.818152280E-03
+3.109690000E-03,+161.854426750E-03,+2.552724532961E+00,+92.378453783E-03
+3.109695000E-03,+147.033446960E-03,+2.552724532961E+00,+92.154207562E-03
+3.109700000E-03,+131.124213453E-03,+2.552724532961E+00,+91.710112085E-03
+3.109705000E-03,+115.785017673E-03,+2.552724532961E+00,+91.459483947E-03
+3.109710000E-03,+100.497643458E-03,+2.552724532961E+00,+91.098931190E-03
+3.109715000E-03,+85.832128516E-03,+2.552724532961E+00,+90.522926167E-03
+3.109720000E-03,+71.218435212E-03,+2.552724532961E+00,+90.377825673E-03
+3.109725000E-03,+55.568309778E-03,+2.552724532961E+00,+89.630338234E-03
+3.109730000E-03,+39.710897883E-03,+2.552724532961E+00,+89.683102059E-03
+3.109735000E-03,+25.408134189E-03,+2.552724532961E+00,+88.553076942E-03
+3.109740000E-03,+9.758008721E-03,+2.552724532961E+00,+88.882850813E-03
+3.109745000E-03,-4.700219744E-03,+2.552724532961E+00,+87.445036753E-03
+3.109750000E-03,-19.106626631E-03,+2.552724532961E+00,+87.959483989E-03
+3.109755000E-03,-34.238536022E-03,+2.552724532961E+00,+86.345790533E-03
+3.109760000E-03,-49.318623772E-03,+2.552724532961E+00,+86.838252842E-03
+3.109765000E-03,-62.636776914E-03,+2.552724532961E+00,+85.290514167E-03
+3.109770000E-03,-79.323334541E-03,+2.552724532961E+00,+85.686242806E-03
+3.109775000E-03,-93.729741436E-03,+2.552724532961E+00,+84.182473979E-03
+3.109780000E-03,-109.690796494E-03,+2.552724532961E+00,+84.424308145E-03
+3.109785000E-03,-125.496386769E-03,+2.552724532961E+00,+83.008479015E-03
+3.109790000E-03,-139.695507287E-03,+2.552724532961E+00,+83.127197603E-03
+3.109795000E-03,-154.982881459E-03,+2.552724532961E+00,+81.759735314E-03
+3.109800000E-03,-170.684828498E-03,+2.552724532961E+00,+81.658604658E-03
+3.109805000E-03,-184.987592179E-03,+2.552724532961E+00,+80.524182560E-03
+3.109810000E-03,-199.912215160E-03,+2.552724532961E+00,+80.273554418E-03
+3.109815000E-03,-215.044124489E-03,+2.552724532961E+00,+79.200690115E-03
+3.109820000E-03,-229.398709795E-03,+2.552724532961E+00,+78.804961465E-03
+3.109825000E-03,-244.789727228E-03,+2.552724532961E+00,+77.692524307E-03
+3.109830000E-03,-259.299777302E-03,+2.552724532961E+00,+77.261619772E-03
+3.109835000E-03,-273.861648989E-03,+2.552724532961E+00,+76.232725329E-03
+3.109840000E-03,-289.045380003E-03,+2.552724532961E+00,+75.674308234E-03
+3.109845000E-03,-304.125467769E-03,+2.552724532961E+00,+74.728956500E-03
+3.109850000E-03,-318.376409871E-03,+2.552724532961E+00,+73.977072066E-03
+3.109855000E-03,-333.922892092E-03,+2.552724532961E+00,+73.229584656E-03
+3.109860000E-03,-347.862904515E-03,+2.552724532961E+00,+72.099559528E-03
+3.109865000E-03,-362.424776214E-03,+2.552724532961E+00,+71.642273115E-03
+3.109870000E-03,-377.712150371E-03,+2.552724532961E+00,+70.371544471E-03
+3.109875000E-03,-392.325843742E-03,+2.552724532961E+00,+69.997800770E-03
+3.109880000E-03,-406.162212950E-03,+2.552724532961E+00,+68.480840977E-03
+3.109885000E-03,-422.019624809E-03,+2.552724532961E+00,+68.155464105E-03
+3.109890000E-03,-434.975026705E-03,+2.552724532961E+00,+66.651695269E-03
+3.109895000E-03,-450.676973763E-03,+2.552724532961E+00,+66.233981709E-03
+3.109900000E-03,-464.254234890E-03,+2.552724532961E+00,+64.857725440E-03
+3.109905000E-03,-478.764285029E-03,+2.552724532961E+00,+64.259735498E-03
+3.109910000E-03,-492.393367776E-03,+2.552724532961E+00,+63.046167674E-03
+3.109915000E-03,-506.747953069E-03,+2.552724532961E+00,+62.206343561E-03
+3.109920000E-03,-520.636143845E-03,+2.552724532961E+00,+61.164258143E-03
+3.109925000E-03,-533.798832164E-03,+2.552724532961E+00,+60.095790824E-03
+3.109930000E-03,-547.220628524E-03,+2.552724532961E+00,+59.247172734E-03
+3.109935000E-03,-559.709635894E-03,+2.552724532961E+00,+58.081971748E-03
+3.109940000E-03,-573.027789074E-03,+2.552724532961E+00,+57.290514463E-03
+3.109945000E-03,-586.605050191E-03,+2.552724532961E+00,+56.098931571E-03
+3.109950000E-03,-599.715916899E-03,+2.552724532961E+00,+55.149182834E-03
+3.109955000E-03,-613.137713201E-03,+2.552724532961E+00,+53.988378828E-03
+3.109960000E-03,-625.212147801E-03,+2.552724532961E+00,+52.906720545E-03
+3.109965000E-03,-638.374836070E-03,+2.552724532961E+00,+52.000941666E-03
+3.109970000E-03,-651.278416344E-03,+2.552724532961E+00,+50.699434137E-03
+3.109975000E-03,-664.337461440E-03,+2.552724532961E+00,+49.828831134E-03
+3.109980000E-03,-676.204609559E-03,+2.552724532961E+00,+48.505338681E-03
+3.109985000E-03,-688.434508911E-03,+2.552724532961E+00,+47.612750755E-03
+3.109990000E-03,-700.923516332E-03,+2.552724532961E+00,+46.240891475E-03
+3.109995000E-03,-711.909697123E-03,+2.552724532961E+00,+45.326318616E-03
+3.110000000E-03,-725.020563795E-03,+2.552724532961E+00,+43.967650293E-03
+3.110005000E-03,-737.250463198E-03,+2.552724532961E+00,+42.995916631E-03
+3.110010000E-03,-749.013968073E-03,+2.552724532961E+00,+41.685615141E-03
+3.110015000E-03,-760.518364942E-03,+2.552724532961E+00,+40.573177966E-03
+3.110020000E-03,-772.281869823E-03,+2.552724532961E+00,+39.262876472E-03
+3.110025000E-03,-783.371693825E-03,+2.552724532961E+00,+38.264760908E-03
+3.110030000E-03,-795.653414799E-03,+2.552724532961E+00,+36.884107650E-03
+3.110035000E-03,-805.499520261E-03,+2.552724532961E+00,+35.890389077E-03
+3.110040000E-03,-817.470311568E-03,+2.552724532961E+00,+34.333856422E-03
+3.110045000E-03,-827.523703432E-03,+2.552724532961E+00,+33.546796136E-03
+3.110050000E-03,-837.369808837E-03,+2.552724532961E+00,+31.823178052E-03
+3.110055000E-03,-848.355989629E-03,+2.552724532961E+00,+31.198806211E-03
+3.110060000E-03,-858.305738288E-03,+2.552724532961E+00,+29.277323813E-03
+3.110065000E-03,-868.410951718E-03,+2.552724532961E+00,+28.688127848E-03
+3.110070000E-03,-878.827094822E-03,+2.552724532961E+00,+26.801821328E-03
+3.110075000E-03,-889.554167579E-03,+2.552724532961E+00,+26.155464558E-03
+3.110080000E-03,-900.436705121E-03,+2.552724532961E+00,+24.308730900E-03
+3.110085000E-03,-910.697383433E-03,+2.552724532961E+00,+23.512876647E-03
+3.110090000E-03,-921.113526502E-03,+2.552724532961E+00,+21.903580171E-03
+3.110095000E-03,-929.612270177E-03,+2.552724532961E+00,+20.843906829E-03
+3.110100000E-03,-938.421943442E-03,+2.552724532961E+00,+19.489635472E-03
+3.110105000E-03,-948.268048869E-03,+2.552724532961E+00,+18.196921933E-03
+3.110110000E-03,-957.440473409E-03,+2.552724532961E+00,+16.978957101E-03
+3.110115000E-03,-966.353789887E-03,+2.552724532961E+00,+15.527952113E-03
+3.110120000E-03,-974.852533550E-03,+2.552724532961E+00,+14.411117932E-03
+3.110125000E-03,-983.817671591E-03,+2.552724532961E+00,+13.012876768E-03
+3.110130000E-03,-992.523701667E-03,+2.552724532961E+00,+11.759736050E-03
+3.110135000E-03,-1.000348764417E+00,+2.552724532961E+00,+10.445037598E-03
+3.110140000E-03,-1.008692043194E+00,+2.552724532961E+00,+9.169911959E-03
+3.110145000E-03,-1.016413462707E+00,+2.552724532961E+00,+7.934359233E-03
+3.110150000E-03,-1.023616666147E+00,+2.552724532961E+00,+6.500942138E-03
+3.110155000E-03,-1.030975334413E+00,+2.552724532961E+00,+5.348932125E-03
+3.110160000E-03,-1.038023073025E+00,+2.552724532961E+00,+3.911118044E-03
+3.110165000E-03,-1.045329919694E+00,+2.552724532961E+00,+2.754711043E-03
+3.110170000E-03,-1.052999517596E+00,+2.552724532961E+00,+1.308103002E-03
+3.110175000E-03,-1.059425396945E+00,+2.552724532961E+00,+76.947256E-06
+3.110180000E-03,-1.066317670730E+00,+2.552724532961E+00,-1.228957272E-03
+3.110185000E-03,-1.073158122915E+00,+2.552724532961E+00,-2.583228605E-03
+3.110190000E-03,-1.078806678129E+00,+2.552724532961E+00,-3.792399453E-03
+3.110195000E-03,-1.085802595139E+00,+2.552724532961E+00,-5.274183344E-03
+3.110200000E-03,-1.090414718234E+00,+2.552724532961E+00,-6.360238620E-03
+3.110205000E-03,-1.097306991988E+00,+2.552724532961E+00,-7.916771254E-03
+3.110210000E-03,-1.101349077431E+00,+2.552724532961E+00,-9.064384317E-03
+3.110215000E-03,-1.106893989419E+00,+2.552724532961E+00,-10.502198365E-03
+3.110220000E-03,-1.111972506937E+00,+2.552724532961E+00,-11.667399375E-03
+3.110225000E-03,-1.117310132500E+00,+2.552724532961E+00,-13.092022457E-03
+3.110230000E-03,-1.121507682732E+00,+1.834131593310E+00,-14.375942049E-03
+3.110235000E-03,-1.126275270587E+00,-104.546163032E-03,-15.519158117E-03
+3.110240000E-03,-1.129591853505E+00,-178.509734092E-03,-17.058102824E-03
+3.110245000E-03,-1.134877657450E+00,-58.770416399E-03,-18.315640502E-03
+3.110250000E-03,-1.139334315692E+00,+193.114006519E-03,-19.559987214E-03
+3.110255000E-03,-1.142080860922E+00,-76.593905389E-03,-20.927449520E-03
+3.110260000E-03,-1.146433875940E+00,-71.882850870E-03,-22.119032407E-03
+3.110265000E-03,-1.149854102003E+00,-100.463252883E-03,-23.561243468E-03
+3.110270000E-03,-1.152341539204E+00,-18.098304040E-03,-24.642901731E-03
+3.110275000E-03,-1.155243549210E+00,-53.588252913E-03,-26.362122831E-03
+3.110280000E-03,-1.158974704928E+00,-46.757223177E-03,-27.127198183E-03
+3.110285000E-03,-1.160892104452E+00,-61.282976619E-03,-28.938755959E-03
+3.110290000E-03,-1.163379541588E+00,-49.034233266E-03,-29.642273544E-03
+3.110295000E-03,-1.165711513912E+00,-51.468278256E-03,-31.524183069E-03
+3.110300000E-03,-1.167369805398E+00,-49.426821154E-03,-32.227700653E-03
+3.110305000E-03,-1.169598134489E+00,-51.782348660E-03,-33.964509674E-03
+3.110310000E-03,-1.171204604331E+00,-50.133479363E-03,-34.879082537E-03
+3.110315000E-03,-1.172966538952E+00,-49.269785873E-03,-36.356469446E-03
+3.110320000E-03,-1.173899327939E+00,-45.893529667E-03,-37.451318689E-03
+3.110325000E-03,-1.174883938476E+00,-47.934986928E-03,-38.704459372E-03
+3.110330000E-03,-1.175764905764E+00,-48.641645184E-03,-40.067524690E-03
+3.110335000E-03,-1.175453976161E+00,-48.563127617E-03,-41.039258347E-03
+3.110340000E-03,-1.176645873112E+00,-49.583856205E-03,-42.652951795E-03
+3.110345000E-03,-1.176956802762E+00,-48.406092450E-03,-43.536745753E-03
+3.110350000E-03,-1.176697694714E+00,-50.604584841E-03,-45.088881417E-03
+3.110355000E-03,-1.175661262578E+00,-49.034233195E-03,-45.924308551E-03
+3.110360000E-03,-1.176542229913E+00,-47.385363810E-03,-47.392901492E-03
+3.110365000E-03,-1.176231300249E+00,-46.757223162E-03,-48.338253247E-03
+3.110370000E-03,-1.174054792764E+00,-45.108353812E-03,-49.758479353E-03
+3.110375000E-03,-1.174158435955E+00,-47.228328628E-03,-50.826946684E-03
+3.110380000E-03,-1.173277468649E+00,-46.835740692E-03,-52.049308477E-03
+3.110385000E-03,-1.171930106876E+00,-48.013504499E-03,-53.179333588E-03
+3.110390000E-03,-1.169183561666E+00,-47.306846268E-03,-54.384107449E-03
+3.110395000E-03,-1.168717167175E+00,-48.092022106E-03,-55.303077289E-03
+3.110400000E-03,-1.166074265214E+00,-47.463881434E-03,-56.754082295E-03
+3.110405000E-03,-1.165348762656E+00,-45.343906574E-03,-57.325690335E-03
+3.110410000E-03,-1.161928536600E+00,-46.129082437E-03,-59.058102373E-03
+3.110415000E-03,-1.160529353214E+00,-46.050564781E-03,-59.475815939E-03
+3.110420000E-03,-1.157730986415E+00,-45.108353788E-03,-61.384107374E-03
+3.110425000E-03,-1.154725333156E+00,-46.207599971E-03,-61.586368680E-03
+3.110430000E-03,-1.151667858352E+00,-46.207600053E-03,-63.630966647E-03
+3.110435000E-03,-1.148351275422E+00,-45.029836234E-03,-63.622172683E-03
+3.110440000E-03,-1.145190157406E+00,-45.893529684E-03,-65.785489233E-03
+3.110445000E-03,-1.142080860962E+00,-44.401695558E-03,-65.798680200E-03
+3.110450000E-03,-1.137935132383E+00,-43.066896561E-03,-67.786117350E-03
+3.110455000E-03,-1.134203976630E+00,-46.364635190E-03,-67.856469123E-03
+3.110460000E-03,-1.129591853550E+00,-45.422424145E-03,-69.777951496E-03
+3.110465000E-03,-1.124513336001E+00,-46.364635211E-03,-69.927448995E-03
+3.110470000E-03,-1.120367607456E+00,-43.223931653E-03,-71.519157511E-03
+3.110475000E-03,-1.114667230608E+00,-45.265388954E-03,-71.932474103E-03
+3.110480000E-03,-1.110366037182E+00,-46.443152732E-03,-73.423051960E-03
+3.110485000E-03,-1.106013022139E+00,-44.401695480E-03,-73.897926341E-03
+3.110490000E-03,-1.100416288575E+00,-44.558730679E-03,-75.353328326E-03
+3.110495000E-03,-1.094664090106E+00,-44.794283460E-03,-75.718278083E-03
+3.110500000E-03,-1.089222821380E+00,-45.736494481E-03,-77.169283081E-03
+3.110505000E-03,-1.083107871688E+00,-43.773554803E-03,-77.521041881E-03
+3.110510000E-03,-1.077407494821E+00,-43.538002017E-03,-78.967649896E-03
+3.110515000E-03,-1.070774329044E+00,-42.124685507E-03,-79.385363470E-03
+3.110520000E-03,-1.065022130630E+00,-44.323177921E-03,-80.678077011E-03
+3.110525000E-03,-1.058129856870E+00,-43.616519646E-03,-81.021041845E-03
+3.110530000E-03,-1.051859442326E+00,-42.909861337E-03,-82.362122221E-03
+3.110535000E-03,-1.044397130886E+00,-44.166142739E-03,-82.709484042E-03
+3.110540000E-03,-1.036779354556E+00,-43.773554837E-03,-83.874685019E-03
+3.110545000E-03,-1.030146188781E+00,-43.930590036E-03,-84.468277991E-03
+3.110550000E-03,-1.021284693954E+00,-44.244660284E-03,-85.400438771E-03
+3.110555000E-03,-1.013770560846E+00,-43.223931719E-03,-86.095162390E-03
+3.110560000E-03,-1.005427282050E+00,-45.108353792E-03,-86.873428707E-03
+3.110565000E-03,-997.654040921E-03,-42.909861387E-03,-87.563755342E-03
+3.110570000E-03,-988.948010856E-03,-44.244660309E-03,-88.407976431E-03
+3.110575000E-03,-981.278412948E-03,-43.145414115E-03,-88.988378439E-03
+3.110580000E-03,-971.795058792E-03,-42.988378966E-03,-89.902951287E-03
+3.110585000E-03,-963.244493557E-03,-43.616519604E-03,-90.197549278E-03
+3.110590000E-03,-954.279355487E-03,-42.595791018E-03,-91.213252787E-03
+3.110595000E-03,-946.350649528E-03,-43.459484489E-03,-91.331971377E-03
+3.110600000E-03,-935.830863217E-03,-41.260992075E-03,-92.629081916E-03
+3.110605000E-03,-926.606617043E-03,-42.595791026E-03,-92.444408553E-03
+3.110610000E-03,-915.620436267E-03,-42.281720619E-03,-93.943780391E-03
+3.110615000E-03,-905.048828379E-03,-41.653579985E-03,-93.552448745E-03
+3.110620000E-03,-895.306366194E-03,-41.025439327E-03,-95.021041691E-03
+3.110625000E-03,-884.786579858E-03,-43.066896498E-03,-94.796795465E-03
+3.110630000E-03,-875.665976913E-03,-41.810615126E-03,-96.102699966E-03
+3.110635000E-03,-866.234444342E-03,-41.260992063E-03,-95.935614552E-03
+3.110640000E-03,-856.699268551E-03,-41.967650287E-03,-97.061242671E-03
+3.110645000E-03,-846.179482207E-03,-41.418027216E-03,-96.968905996E-03
+3.110650000E-03,-835.815160805E-03,-42.988378932E-03,-97.927448692E-03
+3.110655000E-03,-824.414407124E-03,-41.889132721E-03,-97.931845683E-03
+3.110660000E-03,-812.339972558E-03,-43.538002059E-03,-98.833227583E-03
+3.110665000E-03,-801.975651064E-03,-41.339509629E-03,-98.784860746E-03
+3.110670000E-03,-790.160324594E-03,-40.240263461E-03,-99.760991393E-03
+3.110675000E-03,-777.826782027E-03,-40.946921702E-03,-99.554333101E-03
+3.110680000E-03,-766.166920345E-03,-41.339509603E-03,-100.570036613E-03
+3.110685000E-03,-754.455237065E-03,-40.868404102E-03,-100.315011484E-03
+3.110690000E-03,-742.743553748E-03,-41.732097534E-03,-101.357096900E-03
+3.110695000E-03,-730.824584060E-03,-42.124685423E-03,-100.983353191E-03
+3.110700000E-03,-719.164722357E-03,-42.438755797E-03,-101.959483823E-03
+3.110705000E-03,-706.986644575E-03,-41.653580012E-03,-101.700061727E-03
+3.110710000E-03,-694.342172383E-03,-42.281720657E-03,-102.425564224E-03
+3.110715000E-03,-682.475024226E-03,-42.517273427E-03,-102.346418502E-03
+3.110720000E-03,-669.882373610E-03,-41.575062356E-03,-102.786116985E-03
+3.110725000E-03,-657.393366215E-03,-42.674308562E-03,-102.961996390E-03
+3.110730000E-03,-642.935137721E-03,-41.103956833E-03,-102.913629547E-03
+3.110735000E-03,-630.342487094E-03,-40.946921676E-03,-103.485237589E-03
+3.110740000E-03,-616.609761213E-03,-40.711368885E-03,-103.260991352E-03
+3.110745000E-03,-603.395251244E-03,-41.575062386E-03,-104.008478781E-03
+3.110750000E-03,-591.320816683E-03,-40.318781014E-03,-103.489634568E-03
+3.110755000E-03,-577.432625800E-03,-40.632851324E-03,-104.263503906E-03
+3.110760000E-03,-564.580867227E-03,-41.810615100E-03,-103.696292864E-03
+3.110765000E-03,-551.780930149E-03,-42.203203044E-03,-104.391016465E-03
+3.110770000E-03,-537.737274561E-03,-41.889132674E-03,-104.039257683E-03
+3.110775000E-03,-524.108191772E-03,-41.182474455E-03,-104.316267723E-03
+3.110780000E-03,-510.168179348E-03,-39.847675435E-03,-104.281091851E-03
+3.110785000E-03,-496.279988547E-03,-41.967650330E-03,-104.307473756E-03
+3.110790000E-03,-481.562652065E-03,-41.025439233E-03,-104.461368224E-03
+3.110795000E-03,-468.192677291E-03,-41.653580008E-03,-104.149182300E-03
+3.110800000E-03,-453.578983997E-03,-41.339509529E-03,-104.474559181E-03
+3.110805000E-03,-438.291609858E-03,-40.083228258E-03,-104.078830549E-03
+3.110810000E-03,-424.144310963E-03,-41.339509647E-03,-104.500941084E-03
+3.110815000E-03,-409.582439219E-03,-39.376569891E-03,-103.929333060E-03
+3.110820000E-03,-395.279675545E-03,-40.475816141E-03,-104.215137067E-03
+3.110825000E-03,-380.510517429E-03,-40.554333710E-03,-103.841393367E-03
+3.110830000E-03,-365.585894508E-03,-41.260992012E-03,-103.995287824E-03
+3.110835000E-03,-350.350341908E-03,-42.124685448E-03,-103.516016487E-03
+3.110840000E-03,-335.322075766E-03,-41.025439285E-03,-103.713880794E-03
+3.110845000E-03,-320.552917604E-03,-40.632851310E-03,-103.230212469E-03
+3.110850000E-03,-305.421008221E-03,-40.240263366E-03,-103.463252657E-03
+3.110855000E-03,-291.221887744E-03,-41.732097508E-03,-102.764132073E-03
+3.110860000E-03,-275.830870379E-03,-40.397298532E-03,-103.010363218E-03
+3.110865000E-03,-260.336209715E-03,-41.025439334E-03,-102.240890872E-03
+3.110870000E-03,-245.411586763E-03,-39.847675431E-03,-102.592649650E-03
+3.110875000E-03,-230.901536617E-03,-41.575062369E-03,-101.612122036E-03
+3.110880000E-03,-215.510519221E-03,-41.103956820E-03,-101.981468757E-03
+3.110885000E-03,-201.415041990E-03,-41.496544773E-03,-101.027323047E-03
+3.110890000E-03,-186.386775805E-03,-39.533605144E-03,-101.313127051E-03
+3.110895000E-03,-171.669439288E-03,-41.889132691E-03,-100.416142150E-03
+3.110900000E-03,-156.589351472E-03,-40.632851306E-03,-100.600815502E-03
+3.110905000E-03,-141.405620500E-03,-39.219534774E-03,-99.835740143E-03
+3.110910000E-03,-124.874527730E-03,-41.575062360E-03,-99.695036618E-03
+3.110915000E-03,-110.260834434E-03,-40.397298509E-03,-99.132222565E-03
+3.110920000E-03,-94.973460167E-03,-40.946921690E-03,-98.824433615E-03
+3.110925000E-03,-80.670696522E-03,-39.847675470E-03,-98.415514020E-03
+3.110930000E-03,-65.279679078E-03,-40.632851350E-03,-97.874684888E-03
+3.110935000E-03,-50.873272224E-03,-39.455087575E-03,-97.470162270E-03
+3.110940000E-03,-35.845006059E-03,-40.318781002E-03,-96.872172343E-03
+3.110945000E-03,-20.557631877E-03,-40.161745823E-03,-96.441267805E-03
+3.110950000E-03,-5.840295340E-03,-41.182474429E-03,-95.944408529E-03
+3.110955000E-03,+10.379867823E-03,-41.653579965E-03,-95.280463802E-03
+3.110960000E-03,+25.719063592E-03,-40.632851368E-03,-95.003453768E-03
+3.110965000E-03,+40.695508155E-03,-41.575062369E-03,-93.983353269E-03
+3.110970000E-03,+55.516487969E-03,-39.533605136E-03,-93.961368347E-03
+3.110975000E-03,+70.596575736E-03,-40.789886471E-03,-92.774182429E-03
+3.110980000E-03,+85.624841903E-03,-41.889132690E-03,-92.760991469E-03
+3.110985000E-03,+102.000469830E-03,-41.496544804E-03,-91.565011592E-03
+3.110990000E-03,+115.940482267E-03,-41.889132672E-03,-91.424308065E-03
+3.110995000E-03,+131.901537373E-03,-41.339509689E-03,-90.408604575E-03
+3.111000000E-03,+146.929803513E-03,-41.182474433E-03,-90.052448780E-03
+3.111005000E-03,+162.113534518E-03,-42.124685465E-03,-89.129081971E-03
+3.111010000E-03,+178.074589606E-03,-40.083228264E-03,-88.610237741E-03
+3.111015000E-03,+192.429174945E-03,-41.339509607E-03,-87.796795556E-03
+3.111020000E-03,+207.146511420E-03,-41.260991993E-03,-87.102071935E-03
+3.111025000E-03,+222.278420838E-03,-41.025439236E-03,-86.424936272E-03
+3.111030000E-03,+237.824903063E-03,-41.260991998E-03,-85.664257879E-03
+3.111035000E-03,+251.764915473E-03,-41.025439323E-03,-84.842021714E-03
+3.111040000E-03,+266.637716827E-03,-41.103956824E-03,-84.248428754E-03
+3.111045000E-03,+281.873269428E-03,-42.438755809E-03,-83.056845849E-03
+3.111050000E-03,+297.782502878E-03,-39.612122641E-03,-82.713881030E-03
+3.111055000E-03,+312.292552997E-03,-42.517273405E-03,-81.333227777E-03
+3.111060000E-03,+326.854424703E-03,-41.575062323E-03,-81.086996624E-03
+3.111065000E-03,+340.742615551E-03,-41.182474461E-03,-79.517273027E-03
+3.111070000E-03,+355.045379190E-03,-41.260991975E-03,-79.341393628E-03
+3.111075000E-03,+369.089034822E-03,-41.732097570E-03,-77.789257971E-03
+3.111080000E-03,+383.391798484E-03,-41.260992030E-03,-77.591393644E-03
+3.111085000E-03,+398.627351046E-03,-42.595790987E-03,-76.065639902E-03
+3.111090000E-03,+412.463720311E-03,-40.868404062E-03,-75.577574569E-03
+3.111095000E-03,+427.181056767E-03,-40.789886425E-03,-74.293654990E-03
+3.111100000E-03,+439.151848168E-03,-41.260991965E-03,-73.647298215E-03
+3.111105000E-03,+454.076471130E-03,-40.475816117E-03,-72.578830885E-03
+3.111110000E-03,+468.327413134E-03,-41.103956842E-03,-71.637876131E-03
+3.111115000E-03,+481.801031110E-03,-39.847675494E-03,-70.679333412E-03
+3.111120000E-03,+495.585578698E-03,-41.025439232E-03,-69.663629923E-03
+3.111125000E-03,+508.592802183E-03,-40.397298558E-03,-68.665514337E-03
+3.111130000E-03,+522.480992986E-03,-41.103956791E-03,-67.794911354E-03
+3.111135000E-03,+536.006432527E-03,-42.674308620E-03,-66.559358585E-03
+3.111140000E-03,+549.272764034E-03,-40.554333718E-03,-65.860238008E-03
+3.111145000E-03,+562.435452369E-03,-40.475816113E-03,-64.360866148E-03
+3.111150000E-03,+575.494497437E-03,-41.103956814E-03,-63.806846069E-03
+3.111155000E-03,+588.449899344E-03,-41.653579979E-03,-62.135991801E-03
+3.111160000E-03,+602.130803675E-03,-41.496544777E-03,-61.836996837E-03
+3.111165000E-03,+614.671632701E-03,-42.124685451E-03,-59.915514444E-03
+3.111170000E-03,+627.678856134E-03,-40.632851333E-03,-59.730841077E-03
+3.111175000E-03,+640.012398773E-03,-42.517273405E-03,-57.831343610E-03
+3.111180000E-03,+652.190476529E-03,-38.591394082E-03,-57.396042108E-03
+3.111185000E-03,+663.953981401E-03,-41.339509631E-03,-55.646042126E-03
+3.111190000E-03,+675.924772745E-03,-39.847675415E-03,-55.008479320E-03
+3.111195000E-03,+688.051028912E-03,-41.182474424E-03,-53.482725567E-03
+3.111200000E-03,+699.969998667E-03,-40.789886512E-03,-52.686871308E-03
+3.111205000E-03,+711.629860339E-03,-40.240263402E-03,-51.187499464E-03
+3.111210000E-03,+722.356933048E-03,-41.182474382E-03,-50.264132641E-03
+3.111215000E-03,+734.535010844E-03,-40.554333760E-03,-48.857097473E-03
+3.111220000E-03,+745.624834852E-03,-39.690640255E-03,-47.819409056E-03
+3.111225000E-03,+757.854734197E-03,-41.339509640E-03,-46.465137701E-03
+3.111230000E-03,+768.892736585E-03,-41.182474401E-03,-45.471419125E-03
+3.111235000E-03,+780.293490216E-03,-40.868404076E-03,-44.117147773E-03
+3.111240000E-03,+790.295060504E-03,-41.103956785E-03,-43.092650311E-03
+3.111245000E-03,+801.436706089E-03,-42.046167830E-03,-41.597675446E-03
+3.111250000E-03,+811.075525115E-03,-40.161745806E-03,-40.577574957E-03
+3.111255000E-03,+822.528100326E-03,-40.004710683E-03,-39.240891548E-03
+3.111260000E-03,+833.721567539E-03,-40.711368915E-03,-38.014132769E-03
+3.111265000E-03,+842.064846354E-03,-38.591394078E-03,-36.901695592E-03
+3.111270000E-03,+852.532811072E-03,-40.475816178E-03,-35.433102648E-03
+3.111275000E-03,+862.171630079E-03,-41.260991945E-03,-34.452575015E-03
+3.111280000E-03,+872.328665162E-03,-41.260992025E-03,-32.755338863E-03
+3.111285000E-03,+882.848451491E-03,-43.930589982E-03,-31.933102680E-03
+3.111290000E-03,+892.020875959E-03,-40.789886427E-03,-30.253454467E-03
+3.111295000E-03,+900.778727684E-03,-41.889132755E-03,-29.391645416E-03
+3.111300000E-03,+909.743865750E-03,-41.575062355E-03,-27.760364046E-03
+3.111305000E-03,+918.916290310E-03,-42.831343743E-03,-26.696293683E-03
+3.111310000E-03,+928.296001264E-03,-40.789886517E-03,-25.346419349E-03
+3.111315000E-03,+935.551026312E-03,-41.418027256E-03,-23.939384167E-03
+3.111320000E-03,+944.516164426E-03,-41.182474433E-03,-22.844534955E-03
+3.111325000E-03,+953.118551234E-03,-40.946921686E-03,-21.164886712E-03
+3.111330000E-03,+960.580862705E-03,-42.360238240E-03,-20.250313874E-03
+3.111335000E-03,+968.613211866E-03,-41.732097538E-03,-18.390389258E-03
+3.111340000E-03,+976.386452970E-03,-40.554333765E-03,-17.722047563E-03
+3.111345000E-03,+983.226905192E-03,-43.302449252E-03,-15.730213412E-03
+3.111350000E-03,+991.155611112E-03,-40.240263345E-03,-15.127826481E-03
+3.111355000E-03,+998.566101042E-03,-41.496544772E-03,-13.298680771E-03
+3.111360000E-03,+1.005562017961E+00,-41.575062359E-03,-12.551193341E-03
+3.111365000E-03,+1.011210573240E+00,-42.046167910E-03,-10.664886836E-03
+3.111370000E-03,+1.018569241557E+00,-41.575062412E-03,-9.794283826E-03
+3.111375000E-03,+1.024943299214E+00,-40.789886550E-03,-8.079459725E-03
+3.111380000E-03,+1.032250145873E+00,-41.889132712E-03,-7.028580344E-03
+3.111385000E-03,+1.038209630711E+00,-40.946921691E-03,-5.590766283E-03
+3.111390000E-03,+1.045361012589E+00,-41.889132708E-03,-4.421168309E-03
+3.111395000E-03,+1.050284065315E+00,-40.632851319E-03,-2.934987417E-03
+3.111400000E-03,+1.055880798933E+00,-41.339509651E-03,-1.910489943E-03
+3.111405000E-03,+1.061736640547E+00,-42.046167882E-03,-283.605535E-06
+3.111410000E-03,+1.066504228404E+00,-41.182474433E-03,+560.615558E-06
+3.111415000E-03,+1.071479102742E+00,-38.748429310E-03,+2.380967300E-03
+3.111420000E-03,+1.077853160523E+00,+570.705061782E-03,+3.181218549E-03
+3.111425000E-03,+1.082206175526E+00,+2.549348274613E+00,+5.146670785E-03
+3.111430000E-03,+1.086196439296E+00,+2.552253427439E+00,+5.700690884E-03
+3.111435000E-03,+1.091067670412E+00,+2.552253427439E+00,+7.903580296E-03
+3.111440000E-03,+1.094695182940E+00,+2.552253427439E+00,+8.171796389E-03
+3.111445000E-03,+1.098374517055E+00,+2.552253427439E+00,+10.405464692E-03
+3.111450000E-03,+1.102882996881E+00,+2.552253427439E+00,+10.788002393E-03
+3.111455000E-03,+1.106044114931E+00,+2.552253427439E+00,+12.946921954E-03
+3.111460000E-03,+1.108479730543E+00,+2.552253427439E+00,+13.597675727E-03
+3.111465000E-03,+1.111278097338E+00,+2.552253427439E+00,+15.431218410E-03
+3.111470000E-03,+1.114128285727E+00,+2.552253427439E+00,+16.293027457E-03
+3.111475000E-03,+1.116719366114E+00,+2.552253427439E+00,+17.836369139E-03
+3.111480000E-03,+1.119776840966E+00,+2.552253427439E+00,+18.979585216E-03
+3.111485000E-03,+1.122367921343E+00,+2.552253427439E+00,+20.369032430E-03
+3.111490000E-03,+1.123922569561E+00,+2.552253427439E+00,+21.565012322E-03
+3.111495000E-03,+1.126565471565E+00,+2.552410462608E+00,+22.862122864E-03
+3.111500000E-03,+1.128068298157E+00,+2.552724532961E+00,+24.141645456E-03
+3.111505000E-03,+1.129001087053E+00,+2.552724532961E+00,+25.522298713E-03
+3.111510000E-03,+1.130555735355E+00,+2.552724532961E+00,+26.687499703E-03
+3.111515000E-03,+1.131281237821E+00,+2.552724532961E+00,+28.010992152E-03
+3.111520000E-03,+1.133665031759E+00,+2.552724532961E+00,+29.215766005E-03
+3.111525000E-03,+1.134442355887E+00,+2.552724532961E+00,+30.438127808E-03
+3.111530000E-03,+1.134545999099E+00,+2.552724532961E+00,+31.695665480E-03
+3.111535000E-03,+1.135634252879E+00,+2.552724532961E+00,+32.860866468E-03
+3.111540000E-03,+1.135686074493E+00,+2.552724532961E+00,+34.193152886E-03
+3.111545000E-03,+1.136981614634E+00,+2.552724532961E+00,+35.226444334E-03
+3.111550000E-03,+1.134805107172E+00,+2.552724532961E+00,+36.712625224E-03
+3.111555000E-03,+1.136152468973E+00,+2.552724532961E+00,+37.521670443E-03
+3.111560000E-03,+1.135219680077E+00,+2.552724532961E+00,+39.113378966E-03
+3.111565000E-03,+1.135426966458E+00,+2.552724532961E+00,+39.966394030E-03
+3.111570000E-03,+1.134753285535E+00,+2.552724532961E+00,+41.443780952E-03
+3.111575000E-03,+1.132991350913E+00,+2.552724532961E+00,+42.327574918E-03
+3.111580000E-03,+1.131643989106E+00,+2.552724532961E+00,+43.809358811E-03
+3.111585000E-03,+1.129985697673E+00,+2.552724532961E+00,+44.785489465E-03
+3.111590000E-03,+1.127809190197E+00,+2.552724532961E+00,+45.880338692E-03
+3.111595000E-03,+1.126980044425E+00,+2.552724532961E+00,+47.287373857E-03
+3.111600000E-03,+1.124233499265E+00,+2.552724532961E+00,+48.008479371E-03
+3.111605000E-03,+1.121849705311E+00,+2.552724532961E+00,+49.661745688E-03
+3.111610000E-03,+1.120450521895E+00,+2.552724532961E+00,+50.088253223E-03
+3.111615000E-03,+1.117289403881E+00,+2.552724532961E+00,+51.913001943E-03
+3.111620000E-03,+1.115631112403E+00,+2.552724532961E+00,+52.330715508E-03
+3.111625000E-03,+1.112314529546E+00,+2.552724532961E+00,+54.041142625E-03
+3.111630000E-03,+1.109308876302E+00,+2.552724532961E+00,+54.445665240E-03
+3.111635000E-03,+1.105577720583E+00,+2.552724532961E+00,+56.098931544E-03
+3.111640000E-03,+1.102157494479E+00,+2.552724532961E+00,+56.547424010E-03
+3.111645000E-03,+1.098529981972E+00,+2.552724532961E+00,+58.077574739E-03
+3.111650000E-03,+1.094850647818E+00,+2.552724532961E+00,+58.719534543E-03
+3.111655000E-03,+1.089875773489E+00,+2.552724532961E+00,+59.963881260E-03
+3.111660000E-03,+1.084745434348E+00,+2.552724532961E+00,+60.759735520E-03
+3.111665000E-03,+1.080236954513E+00,+2.552724532961E+00,+61.850187774E-03
+3.111670000E-03,+1.075935761089E+00,+2.552724532961E+00,+62.777951577E-03
+3.111675000E-03,+1.070131741080E+00,+2.552724532961E+00,+63.885991771E-03
+3.111680000E-03,+1.065986012468E+00,+2.552724532961E+00,+64.739006831E-03
+3.111685000E-03,+1.059871062831E+00,+2.552724532961E+00,+65.811871154E-03
+3.111690000E-03,+1.054896188417E+00,+2.552724532961E+00,+66.532976662E-03
+3.111695000E-03,+1.048573952390E+00,+2.552724532961E+00,+67.724559573E-03
+3.111700000E-03,+1.043184505185E+00,+2.552724532961E+00,+68.401695232E-03
+3.111705000E-03,+1.037484128315E+00,+2.552724532961E+00,+69.500941459E-03
+3.111710000E-03,+1.030436389740E+00,+2.552724532961E+00,+70.283604760E-03
+3.111715000E-03,+1.023751402388E+00,+2.552724532961E+00,+71.070665067E-03
+3.111720000E-03,+1.017014593379E+00,+2.552724532961E+00,+72.112750478E-03
+3.111725000E-03,+1.008671314590E+00,+2.552724532961E+00,+72.618403741E-03
+3.111730000E-03,+1.002763651320E+00,+2.552724532961E+00,+73.990263015E-03
+3.111735000E-03,+995.197696654E-03,+2.552724532961E+00,+74.166142418E-03
+3.111740000E-03,+988.305422879E-03,+2.552724532961E+00,+75.731469025E-03
+3.111745000E-03,+980.480360085E-03,+2.552724532961E+00,+75.643529341E-03
+3.111750000E-03,+972.655297401E-03,+2.552724532961E+00,+77.358353426E-03
+3.111755000E-03,+965.296629129E-03,+2.552724532961E+00,+77.090137370E-03
+3.111760000E-03,+956.746063964E-03,+2.552724532961E+00,+78.875313207E-03
+3.111765000E-03,+949.231930822E-03,+2.552724532961E+00,+78.637876051E-03
+3.111770000E-03,+940.318614354E-03,+2.552724532961E+00,+80.286745350E-03
+3.111775000E-03,+931.819870730E-03,+2.552724532961E+00,+80.168026781E-03
+3.111780000E-03,+923.839343184E-03,+2.552724532961E+00,+81.456343328E-03
+3.111785000E-03,+914.148702578E-03,+2.552724532961E+00,+81.583855914E-03
+3.111790000E-03,+906.582747862E-03,+2.552724532961E+00,+82.652323222E-03
+3.111795000E-03,+895.907496723E-03,+2.552724532961E+00,+83.039257904E-03
+3.111800000E-03,+886.372320976E-03,+2.552724532961E+00,+83.813127234E-03
+3.111805000E-03,+876.992609961E-03,+2.552724532961E+00,+84.353956376E-03
+3.111810000E-03,+866.991039770E-03,+2.552724532961E+00,+84.960740286E-03
+3.111815000E-03,+858.025901621E-03,+2.552724532961E+00,+85.453202594E-03
+3.111820000E-03,+848.749833915E-03,+2.552724532961E+00,+86.231468915E-03
+3.111825000E-03,+838.126404378E-03,+2.552724532961E+00,+86.468906105E-03
+3.111830000E-03,+827.865726109E-03,+2.552724532961E+00,+87.352700066E-03
+3.111835000E-03,+817.760512680E-03,+2.552724532961E+00,+87.431845796E-03
+3.111840000E-03,+806.307937436E-03,+2.552724532961E+00,+88.451946278E-03
+3.111845000E-03,+795.373578219E-03,+2.552724532961E+00,+88.359609609E-03
+3.111850000E-03,+784.439219023E-03,+2.552724532961E+00,+89.379710088E-03
+3.111855000E-03,+774.696756850E-03,+2.552724532961E+00,+89.353328194E-03
+3.111860000E-03,+763.606932852E-03,+2.552724532961E+00,+90.263504047E-03
+3.111865000E-03,+751.428855099E-03,+2.552724532961E+00,+90.298679943E-03
+3.111870000E-03,+740.390852719E-03,+2.552724532961E+00,+91.002197504E-03
+3.111875000E-03,+729.456493489E-03,+2.552724532961E+00,+91.147298024E-03
+3.111880000E-03,+718.159383050E-03,+2.552724532961E+00,+91.789257798E-03
+3.111885000E-03,+706.603164612E-03,+2.552724532961E+00,+91.943152289E-03
+3.111890000E-03,+693.803227553E-03,+2.552724532961E+00,+92.440011566E-03
+3.111895000E-03,+681.469685005E-03,+2.552724532961E+00,+92.571921126E-03
+3.111900000E-03,+669.395250431E-03,+2.552724532961E+00,+93.086368342E-03
+3.111905000E-03,+657.165351115E-03,+2.552724532961E+00,+93.024810571E-03
+3.111910000E-03,+645.090916544E-03,+2.552724532961E+00,+93.715137176E-03
+3.111915000E-03,+633.534698048E-03,+2.552724532961E+00,+93.526066842E-03
+3.111920000E-03,+620.527474566E-03,+2.552724532961E+00,+94.304333153E-03
+3.111925000E-03,+607.623894285E-03,+2.552724532961E+00,+94.040514069E-03
+3.111930000E-03,+594.823957270E-03,+2.552724532961E+00,+94.744031638E-03
+3.111935000E-03,+582.697701105E-03,+2.552724532961E+00,+94.449433664E-03
+3.111940000E-03,+569.742299292E-03,+2.552724532961E+00,+95.007850730E-03
+3.111945000E-03,+557.408756676E-03,+2.552724532961E+00,+94.814383413E-03
+3.111950000E-03,+543.986960365E-03,+2.552724532961E+00,+95.174936164E-03
+3.111955000E-03,+529.684196658E-03,+2.552724532961E+00,+95.157348227E-03
+3.111960000E-03,+516.262400296E-03,+2.552724532961E+00,+95.298051737E-03
+3.111965000E-03,+503.047890380E-03,+2.552724532961E+00,+95.425564306E-03
+3.111970000E-03,+489.522450889E-03,+2.552724532961E+00,+95.407976364E-03
+3.111975000E-03,+475.945189731E-03,+2.552724532961E+00,+95.619031638E-03
+3.111980000E-03,+463.248895880E-03,+2.552724532961E+00,+95.500313051E-03
+3.111985000E-03,+450.138029162E-03,+2.552724532961E+00,+95.575061784E-03
+3.111990000E-03,+435.368871036E-03,+2.552724532961E+00,+95.610237678E-03
+3.111995000E-03,+422.050717923E-03,+2.552724532961E+00,+95.434358263E-03
+3.112000000E-03,+407.592489469E-03,+2.552724532961E+00,+95.728956268E-03
+3.112005000E-03,+393.445190653E-03,+2.552724532961E+00,+95.240890932E-03
+3.112010000E-03,+379.867929423E-03,+2.552724532961E+00,+95.794911041E-03
+3.112015000E-03,+365.046949682E-03,+2.552724532961E+00,+94.968277873E-03
+3.112020000E-03,+350.225970018E-03,+2.552724532961E+00,+95.671795459E-03
+3.112025000E-03,+335.819563110E-03,+2.552724532961E+00,+94.686870846E-03
+3.112030000E-03,+322.138658713E-03,+2.552724532961E+00,+95.421167319E-03
+3.112035000E-03,+307.421322232E-03,+2.552724532961E+00,+94.484609543E-03
+3.112040000E-03,+292.703985696E-03,+2.552724532961E+00,+95.086996468E-03
+3.112045000E-03,+278.867616404E-03,+2.552724532961E+00,+94.194408542E-03
+3.112050000E-03,+264.253923145E-03,+2.552724532961E+00,+94.581343205E-03
+3.112055000E-03,+248.655619296E-03,+2.552724532961E+00,+93.855840713E-03
+3.112060000E-03,+233.782817944E-03,+2.552724532961E+00,+94.058102010E-03
+3.112065000E-03,+219.998270301E-03,+2.552724532961E+00,+93.358981415E-03
+3.112070000E-03,+204.814539399E-03,+2.552724532961E+00,+93.517272873E-03
+3.112075000E-03,+189.527165180E-03,+2.552724532961E+00,+92.866519104E-03
+3.112080000E-03,+174.809828609E-03,+2.552724532961E+00,+92.967649763E-03
+3.112085000E-03,+159.315167999E-03,+2.552724532961E+00,+92.184986453E-03
+3.112090000E-03,+143.716864174E-03,+2.552724532961E+00,+92.360865846E-03
+3.112095000E-03,+128.895884412E-03,+2.552724532961E+00,+91.455086963E-03
+3.112100000E-03,+113.038472490E-03,+2.552724532961E+00,+91.679333191E-03
+3.112105000E-03,+98.010206341E-03,+2.552724532961E+00,+90.672423665E-03
+3.112110000E-03,+84.070193924E-03,+2.552724532961E+00,+90.830715102E-03
+3.112115000E-03,+68.160960412E-03,+2.552724532961E+00,+89.916142263E-03
+3.112120000E-03,+53.132694280E-03,+2.552724532961E+00,+89.902951289E-03
+3.112125000E-03,+37.430747198E-03,+2.552724532961E+00,+89.146669916E-03
+3.112130000E-03,+22.713410683E-03,+2.552724532961E+00,+88.759735226E-03
+3.112135000E-03,+8.462468565E-03,+2.552724532961E+00,+88.342021686E-03
+3.112140000E-03,-7.809516118E-03,+2.552724532961E+00,+87.660489005E-03
+3.112145000E-03,-21.749528557E-03,+2.552724532961E+00,+87.427448825E-03
+3.112150000E-03,-35.741362563E-03,+2.552724532961E+00,+86.530463891E-03
+3.112155000E-03,-50.717807134E-03,+2.552724532961E+00,+86.402951352E-03
+3.112160000E-03,-66.108824539E-03,+2.552724532961E+00,+85.391644813E-03
+3.112165000E-03,-81.188912324E-03,+2.552724532961E+00,+85.180589551E-03
+3.112170000E-03,-96.061713711E-03,+2.552724532961E+00,+84.164886040E-03
+3.112175000E-03,-113.266487318E-03,+2.552724532961E+00,+84.054961415E-03
+3.112180000E-03,-127.621072627E-03,+2.552724532961E+00,+83.017272991E-03
+3.112185000E-03,-142.131122705E-03,+2.552724532961E+00,+82.555589573E-03
+3.112190000E-03,-157.263032194E-03,+2.552724532961E+00,+81.869659935E-03
+3.112195000E-03,-173.690481613E-03,+2.552724532961E+00,+81.117775522E-03
+3.112200000E-03,-187.423207646E-03,+2.552724532961E+00,+80.647298134E-03
+3.112205000E-03,-202.140544193E-03,+2.552724532961E+00,+79.675564481E-03
+3.112210000E-03,-216.236021461E-03,+2.552724532961E+00,+79.332599656E-03
+3.112215000E-03,-232.300719778E-03,+2.552724532961E+00,+78.255338369E-03
+3.112220000E-03,-248.002666871E-03,+2.552724532961E+00,+77.824433839E-03
+3.112225000E-03,-262.875468191E-03,+2.552724532961E+00,+76.804333359E-03
+3.112230000E-03,-276.919123851E-03,+2.552724532961E+00,+76.276695169E-03
+3.112235000E-03,-292.051033187E-03,+2.552724532961E+00,+75.168654984E-03
+3.112240000E-03,-308.063909914E-03,+2.552724532961E+00,+74.619031869E-03
+3.112245000E-03,-322.107565564E-03,+2.552724532961E+00,+73.541770583E-03
+3.112250000E-03,-336.410329208E-03,+2.552724532961E+00,+73.027323342E-03
+3.112255000E-03,-351.179487348E-03,+2.552724532961E+00,+71.879710296E-03
+3.112260000E-03,-365.689537441E-03,+2.552724532961E+00,+71.444408786E-03
+3.112265000E-03,-379.163155405E-03,+2.552724532961E+00,+69.958227904E-03
+3.112270000E-03,-395.383318490E-03,+2.552724532961E+00,+69.813127396E-03
+3.112275000E-03,-408.442363634E-03,+2.552724532961E+00,+68.041142505E-03
+3.112280000E-03,-422.589662473E-03,+2.552724532961E+00,+68.129082186E-03
+3.112285000E-03,-439.328041604E-03,+2.552724532961E+00,+66.132851069E-03
+3.112290000E-03,-452.853481219E-03,+2.552724532961E+00,+66.317524410E-03
+3.112295000E-03,-466.948958448E-03,+2.552724532961E+00,+64.237750587E-03
+3.112300000E-03,-480.733506064E-03,+2.552724532961E+00,+64.387248041E-03
+3.112305000E-03,-494.051659227E-03,+2.552724532961E+00,+62.232725491E-03
+3.112310000E-03,-509.598141383E-03,+2.552724532961E+00,+62.347047068E-03
+3.112315000E-03,-523.693618673E-03,+2.552724532961E+00,+60.434358680E-03
+3.112320000E-03,-535.457123579E-03,+2.552724532961E+00,+60.166142568E-03
+3.112325000E-03,-549.345314407E-03,+2.552724532961E+00,+58.627197886E-03
+3.112330000E-03,-563.648078018E-03,+2.552724532961E+00,+58.020413954E-03
+3.112335000E-03,-576.551658275E-03,+2.552724532961E+00,+56.639760716E-03
+3.112340000E-03,-589.247952137E-03,+2.552724532961E+00,+55.905464227E-03
+3.112345000E-03,-602.358818875E-03,+2.552724532961E+00,+54.516017023E-03
+3.112350000E-03,-615.573328732E-03,+2.552724532961E+00,+53.843278325E-03
+3.112355000E-03,-628.995125067E-03,+2.552724532961E+00,+52.440640153E-03
+3.112360000E-03,-641.846883723E-03,+2.552724532961E+00,+51.741519555E-03
+3.112365000E-03,-654.491355953E-03,+2.552724532961E+00,+50.211368813E-03
+3.112370000E-03,-666.824898549E-03,+2.552724532961E+00,+49.701318581E-03
+3.112375000E-03,-679.624835613E-03,+2.552724532961E+00,+47.964509544E-03
+3.112380000E-03,-691.181054067E-03,+2.552724532961E+00,+47.480841218E-03
+3.112385000E-03,-703.670061427E-03,+2.552724532961E+00,+45.761620127E-03
+3.112390000E-03,-716.366355298E-03,+2.552724532961E+00,+45.128454303E-03
+3.112395000E-03,-728.699897872E-03,+2.552724532961E+00,+43.461997029E-03
+3.112400000E-03,-740.618867622E-03,+2.552724532961E+00,+42.833228192E-03
+3.112405000E-03,-752.226907695E-03,+2.552724532961E+00,+41.228328714E-03
+3.112410000E-03,-764.456807084E-03,+2.552724532961E+00,+40.274183000E-03
+3.112415000E-03,-775.080236589E-03,+2.552724532961E+00,+38.933102610E-03
+3.112420000E-03,-786.170060602E-03,+2.552724532961E+00,+37.829459403E-03
+3.112425000E-03,-798.399959913E-03,+2.552724532961E+00,+36.607097609E-03
+3.112430000E-03,-809.127032728E-03,+2.552724532961E+00,+35.375941852E-03
+3.112435000E-03,-819.957748696E-03,+2.552724532961E+00,+34.166770998E-03
+3.112440000E-03,-830.166605341E-03,+2.552724532961E+00,+32.874057458E-03
+3.112445000E-03,-841.981931874E-03,+2.552724532961E+00,+31.805590118E-03
+3.112450000E-03,-852.242610167E-03,+2.552724532961E+00,+30.402951957E-03
+3.112455000E-03,-861.829607552E-03,+2.552724532961E+00,+29.149811250E-03
+3.112460000E-03,-871.572069744E-03,+2.552724532961E+00,+28.068152984E-03
+3.112465000E-03,-881.677283233E-03,+2.552724532961E+00,+26.590766053E-03
+3.112470000E-03,-892.041604726E-03,+2.552724532961E+00,+25.601444467E-03
+3.112475000E-03,-902.872320657E-03,+2.552724532961E+00,+24.009735934E-03
+3.112480000E-03,-912.407496479E-03,+2.552724532961E+00,+23.112751023E-03
+3.112485000E-03,-922.305423501E-03,+2.552724532961E+00,+21.415514866E-03
+3.112490000E-03,-930.545059054E-03,+2.552724532961E+00,+20.597675668E-03
+3.112495000E-03,-941.116666974E-03,+2.552724532961E+00,+18.878454595E-03
+3.112500000E-03,-950.807307607E-03,+2.552724532961E+00,+17.985866648E-03
+3.112505000E-03,-959.202408042E-03,+2.552724532961E+00,+16.380967183E-03
+3.112510000E-03,-969.670372701E-03,+2.552724532961E+00,+15.369660647E-03
+3.112515000E-03,-977.391792243E-03,+2.552724532961E+00,+13.896670728E-03
+3.112520000E-03,-984.957746947E-03,+2.552724532961E+00,+12.771042585E-03
+3.112525000E-03,-994.078349838E-03,+2.552724532961E+00,+11.315640601E-03
+3.112530000E-03,-1.001074266889E+00,+2.552724532961E+00,+10.124057689E-03
+3.112535000E-03,-1.009521188917E+00,+2.552724532961E+00,+8.646670784E-03
+3.112540000E-03,-1.018330862171E+00,+2.552724532961E+00,+7.512248674E-03
+3.112545000E-03,-1.025896816871E+00,+2.552724532961E+00,+5.920540162E-03
+3.112550000E-03,-1.033359128315E+00,+2.552724532961E+00,+4.997173328E-03
+3.112555000E-03,-1.040147758948E+00,+2.552724532961E+00,+3.374685908E-03
+3.112560000E-03,-1.047972821652E+00,+2.552724532961E+00,+2.482097976E-03
+3.112565000E-03,-1.054761452266E+00,+2.552724532961E+00,+705.716091E-06
+3.112570000E-03,-1.062379228566E+00,+2.552724532961E+00,-125.314056E-06
+3.112575000E-03,-1.068649643046E+00,+2.552724532961E+00,-1.870917048E-03
+3.112580000E-03,-1.074609127982E+00,+2.552724532961E+00,-2.820665787E-03
+3.112585000E-03,-1.080257683130E+00,+2.552724532961E+00,-4.465138122E-03
+3.112590000E-03,-1.086631740869E+00,+2.552724532961E+00,-5.498429575E-03
+3.112595000E-03,-1.092228474436E+00,+2.552724532961E+00,-6.905464737E-03
+3.112600000E-03,-1.097255170377E+00,+2.552724532961E+00,-8.198178288E-03
+3.112605000E-03,-1.103007368816E+00,+2.552724532961E+00,-9.416143097E-03
+3.112610000E-03,-1.108137707945E+00,+2.552724532961E+00,-10.946293836E-03
+3.112615000E-03,-1.113112582305E+00,+2.552724532961E+00,-11.988379255E-03
+3.112620000E-03,-1.119072067125E+00,+2.552724532961E+00,-13.777952094E-03
+3.112625000E-03,-1.121766790763E+00,+899.772322401E-03,-14.604585260E-03
+3.112630000E-03,-1.127000773062E+00,-166.103954489E-03,-16.235866641E-03
+3.112635000E-03,-1.131094680072E+00,-180.158603718E-03,-17.198806335E-03
+3.112640000E-03,-1.134255798106E+00,+79.342016716E-03,-18.812499785E-03
+3.112645000E-03,-1.137727845846E+00,+92.768533027E-03,-19.951318865E-03
+3.112650000E-03,-1.141769931256E+00,-82.247172618E-03,-21.327575136E-03
+3.112655000E-03,-1.143946438782E+00,-83.660488514E-03,-22.668655511E-03
+3.112660000E-03,-1.148299453761E+00,-75.180590738E-03,-23.820665569E-03
+3.112665000E-03,-1.151305106995E+00,-21.631594889E-03,-25.249685634E-03
+3.112670000E-03,-1.153948009026E+00,-55.158604937E-03,-26.494032381E-03
+3.112675000E-03,-1.157264591829E+00,-47.699434105E-03,-27.729585100E-03
+3.112680000E-03,-1.160114780271E+00,-60.340765824E-03,-29.171796170E-03
+3.112685000E-03,-1.163172255143E+00,-46.443152798E-03,-30.293027285E-03
+3.112690000E-03,-1.163535006445E+00,-52.567524499E-03,-31.722047403E-03
+3.112695000E-03,-1.165400584292E+00,-50.211996979E-03,-32.882851373E-03
+3.112700000E-03,-1.167732556625E+00,-53.038630056E-03,-34.355841338E-03
+3.112705000E-03,-1.169131740073E+00,-48.798680480E-03,-35.279208141E-03
+3.112710000E-03,-1.171152782704E+00,-50.918655262E-03,-36.875313673E-03
+3.112715000E-03,-1.172085571619E+00,-47.306846192E-03,-37.886620175E-03
+3.112720000E-03,-1.172396501291E+00,-47.542399052E-03,-39.293655353E-03
+3.112725000E-03,-1.174676652009E+00,-48.484609993E-03,-40.392901551E-03
+3.112730000E-03,-1.174313900783E+00,-48.563127638E-03,-41.681218143E-03
+3.112735000E-03,-1.173795684727E+00,-49.583856201E-03,-42.916770872E-03
+3.112740000E-03,-1.174417543987E+00,-49.112750614E-03,-43.994032190E-03
+3.112745000E-03,-1.175246689714E+00,-49.505338660E-03,-45.374685422E-03
+3.112750000E-03,-1.174365722398E+00,-48.170539592E-03,-46.372801007E-03
+3.112755000E-03,-1.173743863120E+00,-46.992775913E-03,-47.713881378E-03
+3.112760000E-03,-1.173640219917E+00,-46.443152757E-03,-48.760363795E-03
+3.112765000E-03,-1.172603787709E+00,-47.542398965E-03,-50.053077331E-03
+3.112770000E-03,-1.172448322902E+00,-45.422424102E-03,-51.134735631E-03
+3.112775000E-03,-1.171722820417E+00,-48.092022092E-03,-52.365891379E-03
+3.112780000E-03,-1.169494491349E+00,-48.720162783E-03,-53.557474295E-03
+3.112785000E-03,-1.168043486347E+00,-45.815012008E-03,-54.586368744E-03
+3.112790000E-03,-1.166592481322E+00,-47.463881395E-03,-55.870288338E-03
+3.112795000E-03,-1.165607870733E+00,-46.757223111E-03,-56.837625007E-03
+3.112800000E-03,-1.163120433605E+00,-46.757223158E-03,-58.077574745E-03
+3.112805000E-03,-1.161565785361E+00,-45.657976915E-03,-58.992147596E-03
+3.112810000E-03,-1.158715596992E+00,-46.757223164E-03,-60.174936532E-03
+3.112815000E-03,-1.156228159821E+00,-45.893529648E-03,-61.309358628E-03
+3.112820000E-03,-1.152963398526E+00,-46.364635240E-03,-62.267901329E-03
+3.112825000E-03,-1.149543172425E+00,-45.265389009E-03,-63.507851069E-03
+3.112830000E-03,-1.146278411196E+00,-44.872800968E-03,-64.378454074E-03
+3.112835000E-03,-1.142806363463E+00,-45.265388957E-03,-65.763504305E-03
+3.112840000E-03,-1.138971564490E+00,-44.166142872E-03,-66.484609831E-03
+3.112845000E-03,-1.135136765590E+00,-45.108353776E-03,-67.728956545E-03
+3.112850000E-03,-1.130524642547E+00,-44.323177988E-03,-68.516016845E-03
+3.112855000E-03,-1.126793486766E+00,-45.657976833E-03,-69.637247979E-03
+3.112860000E-03,-1.121870434078E+00,-45.422424107E-03,-70.551820853E-03
+3.112865000E-03,-1.117931991874E+00,-44.087625115E-03,-71.497172581E-03
+3.112870000E-03,-1.112646187965E+00,-43.695037226E-03,-72.592021837E-03
+3.112875000E-03,-1.107723135211E+00,-45.893529588E-03,-73.357097182E-03
+3.112880000E-03,-1.102955547315E+00,-44.244660360E-03,-74.654207742E-03
+3.112885000E-03,-1.097255170577E+00,-44.872801015E-03,-75.190639878E-03
+3.112890000E-03,-1.091502972108E+00,-44.009107575E-03,-76.483353448E-03
+3.112895000E-03,-1.086165346552E+00,-44.558730702E-03,-76.931845893E-03
+3.112900000E-03,-1.080464969690E+00,-43.066896547E-03,-78.343278040E-03
+3.112905000E-03,-1.074453663253E+00,-44.323177929E-03,-78.875313214E-03
+3.112910000E-03,-1.068338713570E+00,-41.575062393E-03,-79.864634823E-03
+3.112915000E-03,-1.062793801557E+00,-43.538002082E-03,-80.656092093E-03
+3.112920000E-03,-1.056160635744E+00,-44.480212996E-03,-81.561870981E-03
+3.112925000E-03,-1.048905610771E+00,-42.909861367E-03,-82.406092070E-03
+3.112930000E-03,-1.041857872118E+00,-45.029836201E-03,-83.175564431E-03
+3.112935000E-03,-1.034551025498E+00,-43.380966860E-03,-84.076946326E-03
+3.112940000E-03,-1.026570497953E+00,-43.223931745E-03,-84.820036773E-03
+3.112945000E-03,-1.019315472905E+00,-42.360238287E-03,-85.607097059E-03
+3.112950000E-03,-1.011024015696E+00,-42.909861361E-03,-86.380966409E-03
+3.112955000E-03,-1.003043488115E+00,-42.281720653E-03,-87.005338256E-03
+3.112960000E-03,-994.855674101E-03,-44.244660270E-03,-88.007850802E-03
+3.112965000E-03,-986.667860166E-03,-42.674308582E-03,-88.377197540E-03
+3.112970000E-03,-978.220938154E-03,-42.046167915E-03,-89.476443758E-03
+3.112975000E-03,-969.618551371E-03,-42.595790953E-03,-89.625941250E-03
+3.112980000E-03,-960.549770049E-03,-43.459484435E-03,-90.839509061E-03
+3.112985000E-03,-952.361956043E-03,-42.438755767E-03,-91.041770388E-03
+3.112990000E-03,-942.515850620E-03,-42.438755833E-03,-92.026694971E-03
+3.112995000E-03,-932.928853220E-03,-42.752826145E-03,-92.330086964E-03
+3.113000000E-03,-923.600963877E-03,-43.930589934E-03,-93.161117071E-03
+3.113005000E-03,-913.495750421E-03,-44.009107575E-03,-93.794282921E-03
+3.113010000E-03,-903.338715378E-03,-41.575062345E-03,-94.163629619E-03
+3.113015000E-03,-892.559821013E-03,-43.066896488E-03,-95.016644724E-03
+3.113020000E-03,-882.558250772E-03,-42.281720611E-03,-95.196921070E-03
+3.113025000E-03,-872.401215698E-03,-42.517273378E-03,-96.247800478E-03
+3.113030000E-03,-862.917861496E-03,-41.889132717E-03,-96.120287901E-03
+3.113035000E-03,-852.605361611E-03,-43.302449363E-03,-97.162373335E-03
+3.113040000E-03,-841.930110481E-03,-42.360238270E-03,-97.096418551E-03
+3.113045000E-03,-831.306680942E-03,-42.360238282E-03,-98.169282862E-03
+3.113050000E-03,-819.802284132E-03,-41.496544842E-03,-98.156091905E-03
+3.113055000E-03,-808.556995308E-03,-41.260992087E-03,-98.965137127E-03
+3.113060000E-03,-797.674457716E-03,-39.690640260E-03,-99.105840646E-03
+3.113065000E-03,-785.910952809E-03,-40.946921654E-03,-99.747800434E-03
+3.113070000E-03,-773.629231823E-03,-40.789886443E-03,-99.994031587E-03
+3.113075000E-03,-761.762083753E-03,-42.203203162E-03,-100.464508971E-03
+3.113080000E-03,-750.050400458E-03,-42.360238209E-03,-100.789885846E-03
+3.113085000E-03,-738.235073919E-03,-40.318781084E-03,-101.000941131E-03
+3.113090000E-03,-727.041606687E-03,-41.182474439E-03,-101.458227547E-03
+3.113095000E-03,-715.070815402E-03,-42.046167885E-03,-101.735237606E-03
+3.113100000E-03,-701.908127064E-03,-41.653579926E-03,-101.968277798E-03
+3.113105000E-03,-689.211833239E-03,-40.868404140E-03,-102.298051665E-03
+3.113110000E-03,-676.308253023E-03,-41.418027231E-03,-102.531091860E-03
+3.113115000E-03,-664.700212906E-03,-41.496544770E-03,-102.737750154E-03
+3.113120000E-03,-651.641167868E-03,-40.711368874E-03,-102.997172263E-03
+3.113125000E-03,-636.923831302E-03,-41.103956846E-03,-103.173051657E-03
+3.113130000E-03,-624.953039921E-03,-40.554333797E-03,-103.476443615E-03
+3.113135000E-03,-611.997638062E-03,-40.632851324E-03,-103.379709945E-03
+3.113140000E-03,-598.472198525E-03,-42.124685478E-03,-103.916142099E-03
+3.113145000E-03,-585.620439897E-03,-40.868404073E-03,-103.612750153E-03
+3.113150000E-03,-572.198643534E-03,-41.103956865E-03,-104.179961191E-03
+3.113155000E-03,-558.517739158E-03,-40.868404048E-03,-103.819408440E-03
+3.113160000E-03,-545.976910163E-03,-41.732097506E-03,-104.408604403E-03
+3.113165000E-03,-531.518681678E-03,-43.066896462E-03,-103.951317988E-03
+3.113170000E-03,-518.252350154E-03,-39.533605116E-03,-104.430589327E-03
+3.113175000E-03,-503.535013677E-03,-42.752826151E-03,-104.215137084E-03
+3.113180000E-03,-488.817677082E-03,-40.554333755E-03,-104.272297874E-03
+3.113185000E-03,-475.706810393E-03,-41.182474446E-03,-104.369031555E-03
+3.113190000E-03,-460.989473932E-03,-40.789886455E-03,-104.228328023E-03
+3.113195000E-03,-446.634888618E-03,-40.711368917E-03,-104.478956170E-03
+3.113200000E-03,-431.710265735E-03,-41.967650255E-03,-104.039257674E-03
+3.113205000E-03,-417.562966839E-03,-40.475816156E-03,-104.448177276E-03
+3.113210000E-03,-402.741987111E-03,-40.083228239E-03,-103.863378281E-03
+3.113215000E-03,-388.387401825E-03,-41.967650286E-03,-104.245915970E-03
+3.113220000E-03,-374.291924577E-03,-40.397298501E-03,-103.625941107E-03
+3.113225000E-03,-358.589977554E-03,-40.397298568E-03,-104.021669740E-03
+3.113230000E-03,-345.427289225E-03,-41.260991990E-03,-103.401694880E-03
+3.113235000E-03,-330.295379839E-03,-39.612122710E-03,-103.705086826E-03
+3.113240000E-03,-315.215292106E-03,-39.769157853E-03,-103.089508959E-03
+3.113245000E-03,-300.549777183E-03,-39.612122772E-03,-103.221418498E-03
+3.113250000E-03,-286.091548634E-03,-39.847675416E-03,-102.794910964E-03
+3.113255000E-03,-270.907817674E-03,-40.632851305E-03,-102.834483829E-03
+3.113260000E-03,-256.760518814E-03,-39.690640316E-03,-102.337624533E-03
+3.113265000E-03,-240.384890886E-03,-40.083228226E-03,-102.333227552E-03
+3.113270000E-03,-225.563911153E-03,-41.418027164E-03,-101.682473787E-03
+3.113275000E-03,-209.758320821E-03,-40.711368942E-03,-101.840765245E-03
+3.113280000E-03,-195.300092304E-03,-40.318781050E-03,-100.948177318E-03
+3.113285000E-03,-181.049150246E-03,-40.004710571E-03,-101.207599421E-03
+3.113290000E-03,-166.124527319E-03,-39.769157965E-03,-100.293026570E-03
+3.113295000E-03,-150.837153127E-03,-40.240263369E-03,-100.552448672E-03
+3.113300000E-03,-135.187027700E-03,-40.789886510E-03,-99.549936132E-03
+3.113305000E-03,-119.899653397E-03,-40.632851268E-03,-99.813755210E-03
+3.113310000E-03,-104.145884779E-03,-41.260991995E-03,-98.815639657E-03
+3.113315000E-03,-90.102229102E-03,-39.533605148E-03,-98.842021553E-03
+3.113320000E-03,-75.851287084E-03,-40.632851324E-03,-97.989006501E-03
+3.113325000E-03,-60.252983285E-03,-41.182474458E-03,-97.892272824E-03
+3.113330000E-03,-45.172895470E-03,-41.182474321E-03,-97.193152232E-03
+3.113335000E-03,-30.662845362E-03,-41.496544819E-03,-96.898554229E-03
+3.113340000E-03,-15.790044018E-03,-40.868403997E-03,-96.129081893E-03
+3.113345000E-03,-347.205028E-06,-41.653579931E-03,-95.764132146E-03
+3.113350000E-03,+16.080244569E-03,-40.083228214E-03,-95.029835675E-03
+3.113355000E-03,+30.279365053E-03,-42.281720565E-03,-94.766016583E-03
+3.113360000E-03,+45.411274447E-03,-39.612122748E-03,-93.851443715E-03
+3.113365000E-03,+61.009578254E-03,-40.868404066E-03,-93.649182432E-03
+3.113370000E-03,+76.245130859E-03,-41.182474358E-03,-92.655463832E-03
+3.113375000E-03,+91.532505030E-03,-40.711368955E-03,-92.563127163E-03
+3.113380000E-03,+106.353484820E-03,-41.575062444E-03,-91.270413603E-03
+3.113385000E-03,+121.899967049E-03,-39.612122735E-03,-91.428705058E-03
+3.113390000E-03,+136.824590025E-03,-40.083228145E-03,-89.964509096E-03
+3.113395000E-03,+152.578358730E-03,-39.612122647E-03,-89.995287989E-03
+3.113400000E-03,+167.813911301E-03,-40.318780925E-03,-88.627825695E-03
+3.113405000E-03,+182.945820645E-03,-40.946921653E-03,-88.539885991E-03
+3.113410000E-03,+198.233194891E-03,-40.946921685E-03,-87.330715156E-03
+3.113415000E-03,+212.535958527E-03,-41.339509538E-03,-87.018529220E-03
+3.113420000E-03,+227.253295082E-03,-40.240263413E-03,-86.033604623E-03
+3.113425000E-03,+242.229739645E-03,-41.496544769E-03,-85.444408637E-03
+3.113430000E-03,+256.480681708E-03,-41.182474414E-03,-84.534232779E-03
+3.113435000E-03,+271.871699164E-03,-40.554333768E-03,-83.879082020E-03
+3.113440000E-03,+287.314538119E-03,-40.554333787E-03,-83.008479021E-03
+3.113445000E-03,+303.171950010E-03,-41.260992046E-03,-82.173051892E-03
+3.113450000E-03,+317.111962473E-03,-39.769157904E-03,-81.368403669E-03
+3.113455000E-03,+331.155618085E-03,-41.575062419E-03,-80.546167484E-03
+3.113460000E-03,+346.339349095E-03,-41.732097467E-03,-79.565639870E-03
+3.113465000E-03,+359.502037400E-03,-39.690640367E-03,-78.862122272E-03
+3.113470000E-03,+375.307627674E-03,-40.789886504E-03,-77.749685113E-03
+3.113475000E-03,+388.677602397E-03,-40.632851279E-03,-76.993403700E-03
+3.113480000E-03,+402.617614790E-03,-40.789886517E-03,-75.929333378E-03
+3.113485000E-03,+418.630491532E-03,-41.418027201E-03,-75.190639902E-03
+3.113490000E-03,+431.585893428E-03,-40.318780943E-03,-74.069408770E-03
+3.113495000E-03,+444.904046577E-03,-41.653579937E-03,-73.339509269E-03
+3.113500000E-03,+459.932312643E-03,-41.732097486E-03,-72.240263067E-03
+3.113505000E-03,+473.924146642E-03,-40.240263350E-03,-71.400438931E-03
+3.113510000E-03,+487.138656652E-03,-40.711368923E-03,-70.270413840E-03
+3.113515000E-03,+500.197701747E-03,-40.632851241E-03,-69.509735437E-03
+3.113520000E-03,+513.878606139E-03,-40.711368949E-03,-68.353328428E-03
+3.113525000E-03,+527.507688883E-03,-41.496544833E-03,-67.473931442E-03
+3.113530000E-03,+541.084949993E-03,-39.847675459E-03,-66.251569662E-03
+3.113535000E-03,+554.195816708E-03,-41.418027233E-03,-65.442524434E-03
+3.113540000E-03,+567.358505047E-03,-40.397298473E-03,-64.044283251E-03
+3.113545000E-03,+580.313906872E-03,-38.198806188E-03,-63.406720434E-03
+3.113550000E-03,+593.269308760E-03,-40.868404078E-03,-61.902951609E-03
+3.113555000E-03,+606.535640255E-03,-39.926193149E-03,-61.379710407E-03
+3.113560000E-03,+620.061079834E-03,-40.946921659E-03,-59.673680283E-03
+3.113565000E-03,+632.601908798E-03,-41.182474414E-03,-59.154836060E-03
+3.113570000E-03,+643.743554475E-03,-39.690640317E-03,-57.527951664E-03
+3.113575000E-03,+657.217172400E-03,-41.025439233E-03,-56.956343618E-03
+3.113580000E-03,+668.099710019E-03,-39.376569956E-03,-55.355841131E-03
+3.113585000E-03,+680.174144575E-03,-40.711368879E-03,-54.573177816E-03
+3.113590000E-03,+691.989471018E-03,-41.339509620E-03,-53.161745680E-03
+3.113595000E-03,+703.908440740E-03,-41.103956911E-03,-52.185615025E-03
+3.113600000E-03,+714.635513578E-03,-42.360238169E-03,-51.033604999E-03
+3.113605000E-03,+727.072699311E-03,-43.145414143E-03,-49.661745712E-03
+3.113610000E-03,+738.628917759E-03,-40.946921633E-03,-48.681218089E-03
+3.113615000E-03,+749.977849819E-03,-40.789886466E-03,-47.243404033E-03
+3.113620000E-03,+761.793176304E-03,-40.397298549E-03,-46.438755788E-03
+3.113625000E-03,+772.157497836E-03,-40.083228246E-03,-44.842650300E-03
+3.113630000E-03,+783.195500247E-03,-40.946921614E-03,-43.972047274E-03
+3.113635000E-03,+794.129859392E-03,-41.810615175E-03,-42.441896557E-03
+3.113640000E-03,+804.597824112E-03,-42.203203014E-03,-41.448177956E-03
+3.113645000E-03,+815.013967247E-03,-41.339509575E-03,-40.032348841E-03
+3.113650000E-03,+825.326467115E-03,-40.711368872E-03,-38.906720698E-03
+3.113655000E-03,+835.120750968E-03,-40.161745820E-03,-37.732725745E-03
+3.113660000E-03,+844.655926728E-03,-38.277323763E-03,-36.382851388E-03
+3.113665000E-03,+854.916605053E-03,-41.653579975E-03,-35.222047376E-03
+3.113670000E-03,+865.540034510E-03,-41.889132691E-03,-33.836997147E-03
+3.113675000E-03,+874.867923875E-03,-41.810615169E-03,-32.619032327E-03
+3.113680000E-03,+885.905926213E-03,-44.087625162E-03,-31.396670540E-03
+3.113685000E-03,+894.715599576E-03,-40.475816078E-03,-29.994032350E-03
+3.113690000E-03,+903.214343143E-03,-41.889132743E-03,-28.859610269E-03
+3.113695000E-03,+912.645875765E-03,-40.475816175E-03,-27.338253486E-03
+3.113700000E-03,+921.196440970E-03,-41.182474401E-03,-26.375313810E-03
+3.113705000E-03,+929.954292665E-03,-40.868404085E-03,-24.664886686E-03
+3.113710000E-03,+939.023073941E-03,-40.475816189E-03,-23.781092726E-03
+3.113715000E-03,+947.210887992E-03,-41.182474505E-03,-22.119032447E-03
+3.113720000E-03,+954.725021035E-03,-40.004710738E-03,-21.041771142E-03
+3.113725000E-03,+962.809191789E-03,-40.318780943E-03,-19.564384234E-03
+3.113730000E-03,+971.359757054E-03,-40.711368924E-03,-18.434359103E-03
+3.113735000E-03,+978.252030863E-03,-40.711368858E-03,-17.124057623E-03
+3.113740000E-03,+985.610699130E-03,-42.517273421E-03,-15.611494821E-03
+3.113745000E-03,+993.746691462E-03,-41.339509647E-03,-14.635364183E-03
+3.113750000E-03,+1.001053538104E+00,-40.868404137E-03,-12.916143089E-03
+3.113755000E-03,+1.007583060695E+00,-42.438755840E-03,-12.027952146E-03
+3.113760000E-03,+1.014164404807E+00,-42.517273342E-03,-10.299937094E-03
+3.113765000E-03,+1.019864781682E+00,-42.595790975E-03,-9.358982324E-03
+3.113770000E-03,+1.027378914754E+00,-41.025439266E-03,-7.723303955E-03
+3.113775000E-03,+1.034219366964E+00,-44.166142690E-03,-6.628454717E-03
+3.113780000E-03,+1.040282495048E+00,-42.046167852E-03,-5.168655748E-03
+3.113785000E-03,+1.045982871872E+00,-41.025439312E-03,-3.919912032E-03
+3.113790000E-03,+1.051838713461E+00,-41.418027214E-03,-2.605213562E-03
+3.113795000E-03,+1.057020874249E+00,-41.496544821E-03,-1.277324117E-03
+3.113800000E-03,+1.062254856639E+00,-42.124685432E-03,-129.711068E-06
+3.113805000E-03,+1.067747947002E+00,-41.496544795E-03,+1.360866807E-03
+3.113810000E-03,+1.074847507189E+00,-34.979585237E-03,+2.521670807E-03
+3.113815000E-03,+1.078475019804E+00,+1.560026637967E+00,+4.025439633E-03
+3.113820000E-03,+1.083449894022E+00,+2.552253427439E+00,+5.076319025E-03
+3.113825000E-03,+1.087181049800E+00,+2.552253427439E+00,+6.478957203E-03
+3.113830000E-03,+1.091948637750E+00,+2.552253427439E+00,+7.815640622E-03
+3.113835000E-03,+1.095783436704E+00,+2.552253427439E+00,+9.169911933E-03
+3.113840000E-03,+1.099410949241E+00,+2.552253427439E+00,+10.379082789E-03
+3.113845000E-03,+1.103142104923E+00,+2.552253427439E+00,+11.684987283E-03
+3.113850000E-03,+1.107184190294E+00,+2.552253427439E+00,+12.889761161E-03
+3.113855000E-03,+1.109775270721E+00,+2.552253427439E+00,+14.393529974E-03
+3.113860000E-03,+1.113454604773E+00,+2.552253427439E+00,+15.523555101E-03
+3.113865000E-03,+1.116771187718E+00,+2.552253427439E+00,+16.978957082E-03
+3.113870000E-03,+1.119776840948E+00,+2.552253427439E+00,+17.959484722E-03
+3.113875000E-03,+1.121124202764E+00,+2.552253427439E+00,+19.542399274E-03
+3.113880000E-03,+1.122834315833E+00,+2.552253427439E+00,+20.434987201E-03
+3.113885000E-03,+1.124751715323E+00,+2.552253427439E+00,+22.281720844E-03
+3.113890000E-03,+1.127239152421E+00,+2.552646015368E+00,+22.923680646E-03
+3.113895000E-03,+1.128845622275E+00,+2.552724532961E+00,+24.871544938E-03
+3.113900000E-03,+1.130866664963E+00,+2.552724532961E+00,+25.509107760E-03
+3.113905000E-03,+1.131436702685E+00,+2.552724532961E+00,+27.395414252E-03
+3.113910000E-03,+1.132473134795E+00,+2.552724532961E+00,+28.019786131E-03
+3.113915000E-03,+1.133302280488E+00,+2.552724532961E+00,+29.813755936E-03
+3.113920000E-03,+1.134701463925E+00,+2.552724532961E+00,+30.605213238E-03
+3.113925000E-03,+1.135064215226E+00,+2.552724532961E+00,+32.258479527E-03
+3.113930000E-03,+1.135530609694E+00,+2.552724532961E+00,+33.102700650E-03
+3.113935000E-03,+1.135945182474E+00,+2.552724532961E+00,+34.606469457E-03
+3.113940000E-03,+1.135737896062E+00,+2.552724532961E+00,+35.622172986E-03
+3.113945000E-03,+1.136359755352E+00,+2.552724532961E+00,+37.029208119E-03
+3.113950000E-03,+1.135167858472E+00,+2.552724532961E+00,+38.088881501E-03
+3.113955000E-03,+1.134753285488E+00,+2.552724532961E+00,+39.443152819E-03
+3.113960000E-03,+1.134235069462E+00,+2.552724532961E+00,+40.502826199E-03
+3.113965000E-03,+1.134597820759E+00,+2.552724532961E+00,+41.764760830E-03
+3.113970000E-03,+1.133198637321E+00,+2.552724532961E+00,+42.921167873E-03
+3.113975000E-03,+1.129830232853E+00,+2.552724532961E+00,+44.033605028E-03
+3.113980000E-03,+1.129622946467E+00,+2.552724532961E+00,+45.295539714E-03
+3.113985000E-03,+1.128638335881E+00,+2.552724532961E+00,+46.161745706E-03
+3.113990000E-03,+1.125529039458E+00,+2.552724532961E+00,+47.700690444E-03
+3.113995000E-03,+1.123093423960E+00,+2.552724532961E+00,+48.298680352E-03
+3.114000000E-03,+1.120657808274E+00,+2.552724532961E+00,+50.061871325E-03
+3.114005000E-03,+1.118274014424E+00,+2.552724532961E+00,+50.426821040E-03
+3.114010000E-03,+1.115838398836E+00,+2.552724532961E+00,+52.264760750E-03
+3.114015000E-03,+1.113713712912E+00,+2.552724532961E+00,+52.559358709E-03
+3.114020000E-03,+1.110034378807E+00,+2.552724532961E+00,+54.551192873E-03
+3.114025000E-03,+1.106251401474E+00,+2.552724532961E+00,+54.559986828E-03
+3.114030000E-03,+1.103349391446E+00,+2.552724532961E+00,+56.666142601E-03
+3.114035000E-03,+1.098270873988E+00,+2.552724532961E+00,+56.727700374E-03
+3.114040000E-03,+1.095576150354E+00,+2.552724532961E+00,+58.534861177E-03
+3.114045000E-03,+1.090964027284E+00,+2.552724532961E+00,+58.882222968E-03
+3.114050000E-03,+1.087025585092E+00,+2.552724532961E+00,+60.412373713E-03
+3.114055000E-03,+1.081895245943E+00,+2.552724532961E+00,+61.005966666E-03
+3.114060000E-03,+1.076920371633E+00,+2.552724532961E+00,+62.241519424E-03
+3.114065000E-03,+1.071945497359E+00,+2.552724532961E+00,+63.098931463E-03
+3.114070000E-03,+1.067385195892E+00,+2.552724532961E+00,+64.110238000E-03
+3.114075000E-03,+1.061581175853E+00,+2.552724532961E+00,+65.086368630E-03
+3.114080000E-03,+1.056709944700E+00,+2.552724532961E+00,+65.917398790E-03
+3.114085000E-03,+1.050698638290E+00,+2.552724532961E+00,+67.038629915E-03
+3.114090000E-03,+1.045620120699E+00,+2.552724532961E+00,+67.759735454E-03
+3.114095000E-03,+1.038727846957E+00,+2.552724532961E+00,+68.924936425E-03
+3.114100000E-03,+1.033027470116E+00,+2.552724532961E+00,+69.536117345E-03
+3.114105000E-03,+1.025772445077E+00,+2.552724532961E+00,+70.762876101E-03
+3.114110000E-03,+1.018983814474E+00,+2.552724532961E+00,+71.290514310E-03
+3.114115000E-03,+1.012765221652E+00,+2.552724532961E+00,+72.416142415E-03
+3.114120000E-03,+1.005562018185E+00,+2.552724532961E+00,+72.943780625E-03
+3.114125000E-03,+998.617922723E-03,+2.552724532961E+00,+74.034232856E-03
+3.114130000E-03,+990.948324874E-03,+2.552724532961E+00,+74.649810751E-03
+3.114135000E-03,+983.071440573E-03,+2.552724532961E+00,+75.678705199E-03
+3.114140000E-03,+975.816415552E-03,+2.552724532961E+00,+76.210740386E-03
+3.114145000E-03,+968.665033665E-03,+2.552724532961E+00,+77.186871013E-03
+3.114150000E-03,+960.736327692E-03,+2.552724532961E+00,+77.718906206E-03
+3.114155000E-03,+953.429481055E-03,+2.552724532961E+00,+78.659860947E-03
+3.114160000E-03,+944.878915802E-03,+2.552724532961E+00,+79.262247897E-03
+3.114165000E-03,+936.328350608E-03,+2.552724532961E+00,+80.058102136E-03
+3.114170000E-03,+928.296001398E-03,+2.552724532961E+00,+80.717649893E-03
+3.114175000E-03,+919.745436213E-03,+2.552724532961E+00,+81.333227744E-03
+3.114180000E-03,+910.521190071E-03,+2.552724532961E+00,+82.142272995E-03
+3.114185000E-03,+901.918803265E-03,+2.552724532961E+00,+82.529207637E-03
+3.114190000E-03,+891.347195275E-03,+2.552724532961E+00,+83.553705134E-03
+3.114195000E-03,+882.071127617E-03,+2.552724532961E+00,+83.711996574E-03
+3.114200000E-03,+872.898703065E-03,+2.552724532961E+00,+84.745288040E-03
+3.114205000E-03,+863.311705639E-03,+2.552724532961E+00,+84.903579473E-03
+3.114210000E-03,+852.688276118E-03,+2.552724532961E+00,+85.879710137E-03
+3.114215000E-03,+844.293175751E-03,+2.552724532961E+00,+86.103956354E-03
+3.114220000E-03,+832.633314022E-03,+2.552724532961E+00,+86.930589515E-03
+3.114225000E-03,+823.875462393E-03,+2.552724532961E+00,+87.194408608E-03
+3.114230000E-03,+811.801027877E-03,+2.552724532961E+00,+87.968277949E-03
+3.114235000E-03,+800.555739002E-03,+2.552724532961E+00,+88.315639743E-03
+3.114240000E-03,+790.243239126E-03,+2.552724532961E+00,+88.781720158E-03
+3.114245000E-03,+780.656241719E-03,+2.552724532961E+00,+89.428076916E-03
+3.114250000E-03,+770.084633828E-03,+2.552724532961E+00,+89.727071908E-03
+3.114255000E-03,+758.839344936E-03,+2.552724532961E+00,+90.307473896E-03
+3.114260000E-03,+746.609445592E-03,+2.552724532961E+00,+90.549308077E-03
+3.114265000E-03,+735.934194482E-03,+2.552724532961E+00,+91.028579413E-03
+3.114270000E-03,+724.274332794E-03,+2.552724532961E+00,+91.336368380E-03
+3.114275000E-03,+713.910011283E-03,+2.552724532961E+00,+91.740890962E-03
+3.114280000E-03,+701.265539107E-03,+2.552724532961E+00,+92.180589466E-03
+3.114285000E-03,+689.398390952E-03,+2.552724532961E+00,+92.466393463E-03
+3.114290000E-03,+677.479421253E-03,+2.552724532961E+00,+92.879710067E-03
+3.114295000E-03,+664.213089751E-03,+2.552724532961E+00,+92.954458804E-03
+3.114300000E-03,+652.708692793E-03,+2.552724532961E+00,+93.389760304E-03
+3.114305000E-03,+639.960577457E-03,+2.552724532961E+00,+93.592021611E-03
+3.114310000E-03,+627.419748441E-03,+2.552724532961E+00,+93.921795467E-03
+3.114315000E-03,+614.049773742E-03,+2.552724532961E+00,+94.075689946E-03
+3.114320000E-03,+601.819874362E-03,+2.552724532961E+00,+94.286745216E-03
+3.114325000E-03,+589.900904631E-03,+2.552724532961E+00,+94.590137177E-03
+3.114330000E-03,+577.411897205E-03,+2.552724532961E+00,+94.686870841E-03
+3.114335000E-03,+563.834636067E-03,+2.552724532961E+00,+94.959483906E-03
+3.114340000E-03,+550.516482971E-03,+2.552724532961E+00,+94.955086926E-03
+3.114345000E-03,+538.182940343E-03,+2.552724532961E+00,+95.179333153E-03
+3.114350000E-03,+523.931998322E-03,+2.552724532961E+00,+95.262875865E-03
+3.114355000E-03,+510.095629137E-03,+2.552724532961E+00,+95.394785403E-03
+3.114360000E-03,+497.658443272E-03,+2.552724532961E+00,+95.478328129E-03
+3.114365000E-03,+483.718430886E-03,+2.552724532961E+00,+95.469534146E-03
+3.114370000E-03,+470.296634547E-03,+2.552724532961E+00,+95.684986419E-03
+3.114375000E-03,+456.460265372E-03,+2.552724532961E+00,+95.465137163E-03
+3.114380000E-03,+442.053858491E-03,+2.552724532961E+00,+95.755338168E-03
+3.114385000E-03,+428.372954129E-03,+2.552724532961E+00,+95.416770329E-03
+3.114390000E-03,+414.225655202E-03,+2.552724532961E+00,+95.830086911E-03
+3.114395000E-03,+401.011145340E-03,+2.552724532961E+00,+95.421167314E-03
+3.114400000E-03,+386.604738422E-03,+2.552724532961E+00,+95.553076867E-03
+3.114405000E-03,+372.301974831E-03,+2.552724532961E+00,+95.394785410E-03
+3.114410000E-03,+357.584638254E-03,+2.552724532961E+00,+95.254081900E-03
+3.114415000E-03,+343.074588195E-03,+2.552724532961E+00,+95.232096973E-03
+3.114420000E-03,+328.201786866E-03,+2.552724532961E+00,+94.959483916E-03
+3.114425000E-03,+313.795380008E-03,+2.552724532961E+00,+95.016644710E-03
+3.114430000E-03,+300.736334848E-03,+2.552724532961E+00,+94.607725120E-03
+3.114435000E-03,+286.226284775E-03,+2.552724532961E+00,+94.761619585E-03
+3.114440000E-03,+271.405305058E-03,+2.552724532961E+00,+94.176820608E-03
+3.114445000E-03,+256.273395705E-03,+2.552724532961E+00,+94.414257773E-03
+3.114450000E-03,+241.711523978E-03,+2.552724532961E+00,+93.833855790E-03
+3.114455000E-03,+226.216863322E-03,+2.552724532961E+00,+93.877825621E-03
+3.114460000E-03,+212.017742834E-03,+2.552724532961E+00,+93.416142224E-03
+3.114465000E-03,+197.507692719E-03,+2.552724532961E+00,+93.200689948E-03
+3.114470000E-03,+182.479426581E-03,+2.552724532961E+00,+92.950061830E-03
+3.114475000E-03,+166.932944373E-03,+2.552724532961E+00,+92.589509054E-03
+3.114480000E-03,+152.215607801E-03,+2.552724532961E+00,+92.352071882E-03
+3.114485000E-03,+137.187341677E-03,+2.552724532961E+00,+91.877197514E-03
+3.114490000E-03,+121.329929712E-03,+2.552724532961E+00,+91.595790482E-03
+3.114495000E-03,+106.353485200E-03,+2.552724532961E+00,+91.147298022E-03
+3.114500000E-03,+91.428862277E-03,+2.552724532961E+00,+90.795539235E-03
+3.114505000E-03,+76.400596046E-03,+2.552724532961E+00,+90.303076929E-03
+3.114510000E-03,+60.854113833E-03,+2.552724532961E+00,+90.048051805E-03
+3.114515000E-03,+45.255809952E-03,+2.552724532961E+00,+89.467649799E-03
+3.114520000E-03,+29.346576511E-03,+2.552724532961E+00,+89.071921166E-03
+3.114525000E-03,+15.147456003E-03,+2.552724532961E+00,+88.553076936E-03
+3.114530000E-03,+481.941071E-06,+2.552724532961E+00,+88.201318164E-03
+3.114535000E-03,-15.168184361E-03,+2.552724532961E+00,+87.480212631E-03
+3.114540000E-03,-29.419126396E-03,+2.552724532961E+00,+87.207599588E-03
+3.114545000E-03,-43.877354889E-03,+2.552724532961E+00,+86.385363390E-03
+3.114550000E-03,-58.180118583E-03,+2.552724532961E+00,+86.231468942E-03
+3.114555000E-03,-73.363849614E-03,+2.552724532961E+00,+85.110237777E-03
+3.114560000E-03,-88.806688616E-03,+2.552724532961E+00,+85.088252875E-03
+3.114565000E-03,-104.664100464E-03,+2.552724532961E+00,+83.993403625E-03
+3.114570000E-03,-120.417869154E-03,+2.552724532961E+00,+83.839509167E-03
+3.114575000E-03,-135.549778544E-03,+2.552724532961E+00,+82.722674989E-03
+3.114580000E-03,-149.800720588E-03,+2.552724532961E+00,+82.480840840E-03
+3.114585000E-03,-165.917240459E-03,+2.552724532961E+00,+81.513504155E-03
+3.114590000E-03,-181.152793097E-03,+2.552724532961E+00,+81.073805684E-03
+3.114595000E-03,-194.937340764E-03,+2.552724532961E+00,+80.313127281E-03
+3.114600000E-03,-210.172893260E-03,+2.552724532961E+00,+79.539257957E-03
+3.114605000E-03,-224.838408193E-03,+2.552724532961E+00,+79.038001667E-03
+3.114610000E-03,-240.281247256E-03,+2.552724532961E+00,+78.044283105E-03
+3.114615000E-03,-255.827729473E-03,+2.552724532961E+00,+77.525438873E-03
+3.114620000E-03,-270.389601172E-03,+2.552724532961E+00,+76.522926338E-03
+3.114625000E-03,-285.521510557E-03,+2.552724532961E+00,+76.043654963E-03
+3.114630000E-03,-301.171636075E-03,+2.552724532961E+00,+74.957599728E-03
+3.114635000E-03,-315.526221315E-03,+2.552724532961E+00,+74.407976581E-03
+3.114640000E-03,-329.725341818E-03,+2.552724532961E+00,+73.414258038E-03
+3.114645000E-03,-345.375467236E-03,+2.552724532961E+00,+72.728328357E-03
+3.114650000E-03,-359.108193248E-03,+2.552724532961E+00,+71.747800772E-03
+3.114655000E-03,-373.514600157E-03,+2.552724532961E+00,+70.868403764E-03
+3.114660000E-03,-388.698331131E-03,+2.552724532961E+00,+70.068152543E-03
+3.114665000E-03,-402.586521889E-03,+2.552724532961E+00,+69.122800769E-03
+3.114670000E-03,-417.511144888E-03,+2.552724532961E+00,+68.278579693E-03
+3.114675000E-03,-431.399335689E-03,+2.552724532961E+00,+67.320036975E-03
+3.114680000E-03,-446.531244917E-03,+2.552724532961E+00,+66.273554586E-03
+3.114685000E-03,-460.367614316E-03,+2.552724532961E+00,+65.526067141E-03
+3.114690000E-03,-473.530302589E-03,+2.552724532961E+00,+64.290514405E-03
+3.114695000E-03,-487.833066274E-03,+2.552724532961E+00,+63.710112376E-03
+3.114700000E-03,-502.291294675E-03,+2.552724532961E+00,+62.303077249E-03
+3.114705000E-03,-515.298518173E-03,+2.552724532961E+00,+61.806217928E-03
+3.114710000E-03,-529.808568269E-03,+2.552724532961E+00,+60.320037079E-03
+3.114715000E-03,-542.090289253E-03,+2.552724532961E+00,+59.730841067E-03
+3.114720000E-03,-554.734761556E-03,+2.552724532961E+00,+58.341393882E-03
+3.114725000E-03,-569.503919660E-03,+2.552724532961E+00,+57.747800884E-03
+3.114730000E-03,-582.407499885E-03,+2.552724532961E+00,+56.411117519E-03
+3.114735000E-03,-594.481934492E-03,+2.552724532961E+00,+55.496544630E-03
+3.114740000E-03,-607.696444386E-03,+2.552724532961E+00,+54.454459249E-03
+3.114745000E-03,-621.688278344E-03,+2.552724532961E+00,+53.232097421E-03
+3.114750000E-03,-634.799145105E-03,+2.552724532961E+00,+52.365891424E-03
+3.114755000E-03,-647.080866055E-03,+2.552724532961E+00,+51.064383880E-03
+3.114760000E-03,-659.207122231E-03,+2.552724532961E+00,+50.268529632E-03
+3.114765000E-03,-671.696129586E-03,+2.552724532961E+00,+48.817524621E-03
+3.114770000E-03,-683.355991285E-03,+2.552724532961E+00,+47.977700507E-03
+3.114775000E-03,-695.585890656E-03,+2.552724532961E+00,+46.654208062E-03
+3.114780000E-03,-708.541292484E-03,+2.552724532961E+00,+45.739635206E-03
+3.114785000E-03,-720.667548747E-03,+2.552724532961E+00,+44.398554821E-03
+3.114790000E-03,-732.534696836E-03,+2.552724532961E+00,+43.374057344E-03
+3.114795000E-03,-745.282812263E-03,+2.552724532961E+00,+42.120916647E-03
+3.114800000E-03,-756.683565890E-03,+2.552724532961E+00,+40.973303606E-03
+3.114805000E-03,-767.928854773E-03,+2.552724532961E+00,+39.803705619E-03
+3.114810000E-03,-779.329608390E-03,+2.552724532961E+00,+38.603328752E-03
+3.114815000E-03,-791.041291672E-03,+2.552724532961E+00,+37.420539815E-03
+3.114820000E-03,-802.752974974E-03,+2.552724532961E+00,+36.290514704E-03
+3.114825000E-03,-813.376404421E-03,+2.552724532961E+00,+34.874685574E-03
+3.114830000E-03,-824.569871696E-03,+2.552724532961E+00,+33.797424278E-03
+3.114835000E-03,-834.830550060E-03,+2.552724532961E+00,+32.513504695E-03
+3.114840000E-03,-845.350336277E-03,+2.552724532961E+00,+31.238379077E-03
+3.114845000E-03,-856.595625126E-03,+2.552724532961E+00,+30.134735877E-03
+3.114850000E-03,-865.405298432E-03,+2.552724532961E+00,+28.723303728E-03
+3.114855000E-03,-876.236014407E-03,+2.552724532961E+00,+27.698806267E-03
+3.114860000E-03,-886.496692645E-03,+2.552724532961E+00,+26.151067570E-03
+3.114865000E-03,-896.964657371E-03,+2.552724532961E+00,+25.227700760E-03
+3.114870000E-03,-907.639908494E-03,+2.552724532961E+00,+23.486494737E-03
+3.114875000E-03,-916.864154660E-03,+2.552724532961E+00,+22.813756054E-03
+3.114880000E-03,-926.762081685E-03,+2.552724532961E+00,+20.883479694E-03
+3.114885000E-03,-936.193614267E-03,+2.552724532961E+00,+20.333856584E-03
+3.114890000E-03,-944.277785103E-03,+2.552724532961E+00,+18.381595303E-03
+3.114895000E-03,-954.279355293E-03,+2.552724532961E+00,+17.686871689E-03
+3.114900000E-03,-964.177282323E-03,+2.552724532961E+00,+15.809359145E-03
+3.114905000E-03,-971.432307317E-03,+2.552724532961E+00,+14.921168204E-03
+3.114910000E-03,-979.775586161E-03,+2.552724532961E+00,+13.338253642E-03
+3.114915000E-03,-988.637081022E-03,+2.552724532961E+00,+12.265389330E-03
+3.114920000E-03,-996.876716617E-03,+2.552724532961E+00,+10.853957186E-03
+3.114925000E-03,-1.005790033133E+00,+2.552724532961E+00,+9.627198417E-03
+3.114930000E-03,-1.013666917446E+00,+2.552724532961E+00,+8.316896907E-03
+3.114935000E-03,-1.021077407371E+00,+2.552724532961E+00,+7.054962257E-03
+3.114940000E-03,-1.029368864495E+00,+2.552724532961E+00,+5.779836633E-03
+3.114945000E-03,-1.036105673522E+00,+2.552724532961E+00,+4.324434652E-03
+3.114950000E-03,-1.043567985024E+00,+2.552724532961E+00,+3.115263798E-03
+3.114955000E-03,-1.051030296394E+00,+2.552724532961E+00,+1.756595482E-03
+3.114960000E-03,-1.057507997393E+00,+2.552724532961E+00,+543.027649E-06
+3.114965000E-03,-1.064244806416E+00,+2.552724532961E+00,-833.228614E-06
+3.114970000E-03,-1.071344366577E+00,+2.552724532961E+00,-2.086369301E-03
+3.114975000E-03,-1.078236640422E+00,+2.552724532961E+00,-3.497801455E-03
+3.114980000E-03,-1.083781552467E+00,+2.552724532961E+00,-4.588253693E-03
+3.114985000E-03,-1.089533750809E+00,+2.552724532961E+00,-6.201947158E-03
+3.114990000E-03,-1.095285949348E+00,+2.552724532961E+00,-7.142901903E-03
+3.114995000E-03,-1.101400898992E+00,+2.552724532961E+00,-8.906092861E-03
