x-axis,1,2,3
second,Volt,Volt,Volt
+3.105000000E-03,-716.210890615E-03,-41.025439259E-03,-101.546167254E-03
+3.105005000E-03,-703.670061603E-03,-41.653579956E-03,-101.581343133E-03
+3.105010000E-03,-691.232875807E-03,-40.475816149E-03,-102.069408455E-03
+3.105015000E-03,-679.521192516E-03,-43.538002046E-03,-102.254081819E-03
+3.105020000E-03,-666.513969037E-03,-41.103956846E-03,-102.500312973E-03
+3.105025000E-03,-653.662210381E-03,-42.360238239E-03,-102.816895884E-03
+3.105030000E-03,-639.825841183E-03,-41.103956846E-03,-102.953202415E-03
+3.105035000E-03,-625.263969479E-03,-41.339509607E-03,-103.181845628E-03
+3.105040000E-03,-612.619497253E-03,-40.004710628E-03,-103.432473767E-03
+3.105045000E-03,-599.145879306E-03,-40.789886499E-03,-103.454458691E-03
+3.105050000E-03,-585.050402071E-03,-41.025439260E-03,-103.784232557E-03
+3.105055000E-03,-571.680427339E-03,-41.653579955E-03,-103.665513965E-03
+3.105060000E-03,-558.258631001E-03,-41.025439259E-03,-104.166770241E-03
+3.105065000E-03,-544.214975373E-03,-41.732097542E-03,-103.841393360E-03
+3.105070000E-03,-531.155930287E-03,-41.575062370E-03,-104.452574258E-03
+3.105075000E-03,-517.526847519E-03,-41.496544781E-03,-103.916142103E-03
+3.105080000E-03,-503.690478319E-03,-39.533605105E-03,-104.637247623E-03
+3.105085000E-03,-489.698644299E-03,-40.868404085E-03,-104.008478786E-03
+3.105090000E-03,-474.514913306E-03,-41.575062368E-03,-104.606468729E-03
+3.105095000E-03,-460.108506424E-03,-41.889132717E-03,-104.078830544E-03
+3.105100000E-03,-445.805742760E-03,-41.889132717E-03,-104.558101895E-03
+3.105105000E-03,-430.829298196E-03,-41.732097543E-03,-104.188755166E-03
+3.105110000E-03,-416.785642566E-03,-41.732097544E-03,-104.395413455E-03
+3.105115000E-03,-401.446446752E-03,-42.046167890E-03,-104.245915969E-03
+3.105120000E-03,-387.247326301E-03,-40.397298563E-03,-104.179961196E-03
+3.105125000E-03,-372.633632991E-03,-40.632851322E-03,-104.065639589E-03
+3.105130000E-03,-356.828042708E-03,-41.182474433E-03,-104.004081801E-03
+3.105135000E-03,-341.696133323E-03,-42.046167890E-03,-103.819408436E-03
+3.105140000E-03,-326.771510367E-03,-40.868404085E-03,-103.740262708E-03
+3.105145000E-03,-311.380492944E-03,-41.653579957E-03,-103.590765222E-03
+3.105150000E-03,-296.559513203E-03,-40.868404085E-03,-103.568780298E-03
+3.105155000E-03,-281.531247032E-03,-41.889132718E-03,-103.010363219E-03
+3.105160000E-03,-266.295694432E-03,-40.083228215E-03,-103.177448644E-03
+3.105165000E-03,-251.733822728E-03,-40.868404085E-03,-102.526694882E-03
+3.105170000E-03,-236.083697267E-03,-41.103956846E-03,-102.808101914E-03
+3.105175000E-03,-220.640858236E-03,-42.124685478E-03,-101.990262727E-03
+3.105180000E-03,-204.679803134E-03,-41.103956846E-03,-102.174936092E-03
+3.105185000E-03,-190.739790719E-03,-42.360238238E-03,-101.603328058E-03
+3.105190000E-03,-175.866989371E-03,-41.418027195E-03,-101.559358209E-03
+3.105195000E-03,-159.180431760E-03,-40.868404085E-03,-100.983353190E-03
+3.105200000E-03,-144.255808804E-03,-42.281720652E-03,-100.825061734E-03
+3.105205000E-03,-127.828359234E-03,-40.475816150E-03,-100.367775307E-03
+3.105210000E-03,-112.800093062E-03,-40.711368913E-03,-99.963252698E-03
+3.105215000E-03,-97.305432424E-03,-40.868404084E-03,-99.607096923E-03
+3.105220000E-03,-82.225344646E-03,-40.868404086E-03,-99.110237632E-03
+3.105225000E-03,-67.456186513E-03,-41.889132717E-03,-98.828830600E-03
+3.105230000E-03,-52.635206773E-03,-40.632851326E-03,-98.362750203E-03
+3.105235000E-03,-37.658762210E-03,-42.281720651E-03,-97.879081866E-03
+3.105240000E-03,-23.045068898E-03,-39.926193041E-03,-97.496544183E-03
+3.105245000E-03,-6.669440935E-03,-41.418027194E-03,-96.845790420E-03
+3.105250000E-03,+9.084327741E-03,-40.711368910E-03,-96.542398464E-03
+3.105255000E-03,+24.838096418E-03,-42.988378934E-03,-95.790514050E-03
+3.105260000E-03,+40.073649018E-03,-40.554333739E-03,-95.557473851E-03
+3.105265000E-03,+55.568309656E-03,-42.124685479E-03,-94.788001497E-03
+3.105270000E-03,+70.544754218E-03,-40.711368913E-03,-94.431845722E-03
+3.105275000E-03,+86.091236464E-03,-40.240263386E-03,-93.583227641E-03
+3.105280000E-03,+101.948648356E-03,-40.632851324E-03,-93.174308047E-03
+3.105285000E-03,+117.391487386E-03,-42.046167892E-03,-92.391644740E-03
+3.105290000E-03,+132.730683202E-03,-40.946921673E-03,-91.907976403E-03
+3.105295000E-03,+148.018057409E-03,-42.595791002E-03,-91.235237717E-03
+3.105300000E-03,+163.616361263E-03,-40.554333735E-03,-90.553705061E-03
+3.105305000E-03,+178.230054575E-03,-39.690640279E-03,-89.964509087E-03
+3.105310000E-03,+193.621071996E-03,-41.575062369E-03,-89.348931204E-03
+3.105315000E-03,+208.960267811E-03,-41.025439258E-03,-88.544282972E-03
+3.105320000E-03,+224.610393273E-03,-41.339509609E-03,-88.025438756E-03
+3.105325000E-03,+239.535016228E-03,-41.025439260E-03,-87.106468917E-03
+3.105330000E-03,+254.355995969E-03,-40.632851324E-03,-86.614006610E-03
+3.105335000E-03,+270.057943039E-03,-41.732097546E-03,-85.558730240E-03
+3.105340000E-03,+285.086209208E-03,-40.711368912E-03,-85.136619691E-03
+3.105345000E-03,+301.047264312E-03,-41.025439261E-03,-83.975815684E-03
+3.105350000E-03,+315.712779230E-03,-40.868404089E-03,-83.654835787E-03
+3.105355000E-03,+330.171007719E-03,-40.946921670E-03,-82.331343340E-03
+3.105360000E-03,+345.562025142E-03,-41.496544784E-03,-81.953202640E-03
+3.105365000E-03,+359.346572735E-03,-42.046167890E-03,-80.634107177E-03
+3.105370000E-03,+374.685768549E-03,-41.967650308E-03,-80.176820749E-03
+3.105375000E-03,+389.195818643E-03,-43.145414106E-03,-78.963252924E-03
+3.105380000E-03,+403.861333565E-03,-40.946921677E-03,-78.466393632E-03
+3.105385000E-03,+418.215918836E-03,-41.653579952E-03,-77.248428822E-03
+3.105390000E-03,+432.363217679E-03,-41.260992021E-03,-76.571293150E-03
+3.105395000E-03,+446.821446169E-03,-42.203203064E-03,-75.476443916E-03
+3.105400000E-03,+460.657815365E-03,-41.418027196E-03,-74.755338396E-03
+3.105405000E-03,+474.753292601E-03,-41.496544782E-03,-73.572549464E-03
+3.105410000E-03,+489.159699479E-03,-41.260992021E-03,-72.904207762E-03
+3.105415000E-03,+502.840603857E-03,-41.103956847E-03,-71.664258027E-03
+3.105420000E-03,+515.951470550E-03,-39.141017172E-03,-71.057474114E-03
+3.105425000E-03,+530.513342254E-03,-41.889132716E-03,-69.711996742E-03
+3.105430000E-03,+543.520565736E-03,-41.025439260E-03,-69.175564586E-03
+3.105435000E-03,+556.890540465E-03,-43.066896518E-03,-67.781720380E-03
+3.105440000E-03,+569.275904655E-03,-40.868404089E-03,-67.157348527E-03
+3.105445000E-03,+583.526846714E-03,-42.046167889E-03,-65.635991760E-03
+3.105450000E-03,+596.430426974E-03,-40.632851328E-03,-65.086368650E-03
+3.105455000E-03,+610.370439388E-03,-42.360238235E-03,-63.560614898E-03
+3.105460000E-03,+622.548517148E-03,-40.789886498E-03,-62.905464151E-03
+3.105465000E-03,+635.711205451E-03,-41.182474434E-03,-61.472047082E-03
+3.105470000E-03,+647.578353561E-03,-40.397298564E-03,-60.746544576E-03
+3.105475000E-03,+661.518365976E-03,-41.496544784E-03,-59.453831023E-03
+3.105480000E-03,+673.540978914E-03,-41.889132719E-03,-58.539258167E-03
+3.105485000E-03,+685.097197385E-03,-42.124685474E-03,-57.352072251E-03
+3.105490000E-03,+697.638026395E-03,-41.889132720E-03,-56.389132562E-03
+3.105495000E-03,+709.556996118E-03,-40.868404081E-03,-55.166770767E-03
+3.105500000E-03,+720.802284940E-03,-41.967650303E-03,-54.098303441E-03
+3.105505000E-03,+733.084005911E-03,-41.967650304E-03,-52.739635115E-03
+3.105510000E-03,+744.588402778E-03,-42.046167898E-03,-51.767901457E-03
+3.105515000E-03,+755.989156426E-03,-42.046167893E-03,-50.330087402E-03
+3.105520000E-03,+768.219055790E-03,-41.182474436E-03,-49.424308516E-03
+3.105525000E-03,+779.360701403E-03,-42.360238241E-03,-47.938127628E-03
+3.105530000E-03,+790.865098265E-03,-41.260992018E-03,-47.203831153E-03
+3.105535000E-03,+802.006743871E-03,-41.889132715E-03,-45.528579916E-03
+3.105540000E-03,+812.163778940E-03,-40.554333739E-03,-44.829459320E-03
+3.105545000E-03,+822.683565257E-03,-43.380966868E-03,-43.237750795E-03
+3.105550000E-03,+833.514281220E-03,-41.103956847E-03,-42.288002060E-03
+3.105555000E-03,+844.915034866E-03,-43.852072387E-03,-40.841394036E-03
+3.105560000E-03,+854.398389036E-03,-40.083228219E-03,-39.746544801E-03
+3.105565000E-03,+864.710888929E-03,-42.281720645E-03,-38.471419188E-03
+3.105570000E-03,+875.075210425E-03,-41.103956856E-03,-37.139132769E-03
+3.105575000E-03,+886.009569604E-03,-39.926193038E-03,-35.995916701E-03
+3.105580000E-03,+895.596566989E-03,-41.182474439E-03,-34.615263450E-03
+3.105585000E-03,+905.028099546E-03,-41.025439262E-03,-33.524811200E-03
+3.105590000E-03,+914.563275327E-03,-43.302449285E-03,-32.126570008E-03
+3.105595000E-03,+923.424770207E-03,-43.538002041E-03,-31.040514744E-03
+3.105600000E-03,+932.441729914E-03,-41.653579957E-03,-29.593906720E-03
+3.105605000E-03,+941.044116758E-03,-43.302449288E-03,-28.441896681E-03
+3.105610000E-03,+949.905611634E-03,-42.046167894E-03,-27.206343931E-03
+3.105615000E-03,+957.989782401E-03,-42.988378933E-03,-25.610238420E-03
+3.105620000E-03,+967.058563713E-03,-42.281720654E-03,-24.713253506E-03
+3.105625000E-03,+975.453664123E-03,-43.302449280E-03,-22.910489706E-03
+3.105630000E-03,+983.434191676E-03,-41.496544794E-03,-22.189384185E-03
+3.105635000E-03,+991.051967979E-03,-43.459484453E-03,-20.333856567E-03
+3.105640000E-03,+1.000276214108E+00,-42.281720661E-03,-19.577575168E-03
+3.105645000E-03,+1.007479417553E+00,-42.517273412E-03,-17.695665642E-03
+3.105650000E-03,+1.014060761701E+00,-42.752826176E-03,-16.847047559E-03
+3.105655000E-03,+1.020745749067E+00,-43.302449284E-03,-15.119032504E-03
+3.105660000E-03,+1.028000774119E+00,-40.868404086E-03,-14.252826481E-03
+3.105665000E-03,+1.035307620768E+00,-42.831343764E-03,-12.586369214E-03
+3.105670000E-03,+1.041837143314E+00,-43.380966874E-03,-11.561871736E-03
+3.105675000E-03,+1.047796628172E+00,-41.575062369E-03,-10.018530046E-03
+3.105680000E-03,+1.055207118045E+00,-41.732097547E-03,-8.848932067E-03
+3.105685000E-03,+1.061270246123E+00,-41.653579957E-03,-7.437499922E-03
+3.105690000E-03,+1.067126087771E+00,-41.810615137E-03,-6.281092899E-03
+3.105695000E-03,+1.073241037452E+00,-43.145414107E-03,-4.891645678E-03
+3.105700000E-03,+1.080185132857E+00,-40.711368916E-03,-3.783605488E-03
+3.105705000E-03,+1.085056363961E+00,-45.029836198E-03,-2.306218570E-03
+3.105710000E-03,+1.091896816143E+00,-41.889132723E-03,-1.180590441E-03
+3.105715000E-03,+1.096198009569E+00,-44.087625155E-03,+318.781402E-06
+3.105720000E-03,+1.100395559776E+00,-40.946921670E-03,+1.519158274E-03
+3.105725000E-03,+1.107028725530E+00,-12.759108065E-03,+3.036118056E-03
+3.105730000E-03,+1.109775270729E+00,+2.180315614814E+00,+4.205716034E-03
+3.105735000E-03,+1.113402783255E+00,+2.552724532961E+00,+5.467650693E-03
+3.105740000E-03,+1.118377657573E+00,+2.552724532961E+00,+6.874685855E-03
+3.105745000E-03,+1.121538775628E+00,+2.552724532961E+00,+7.802449665E-03
+3.105750000E-03,+1.124181677612E+00,+2.552724532961E+00,+9.644786327E-03
+3.105755000E-03,+1.127705546923E+00,+2.552724532961E+00,+10.352700893E-03
+3.105760000E-03,+1.131229416229E+00,+2.552724532961E+00,+12.300565194E-03
+3.105765000E-03,+1.134597820716E+00,+2.552724532961E+00,+12.933731016E-03
+3.105770000E-03,+1.137033436271E+00,+2.552724532961E+00,+14.855213407E-03
+3.105775000E-03,+1.140609127187E+00,+2.552724532961E+00,+15.536746064E-03
+3.105780000E-03,+1.143044742738E+00,+2.552724532961E+00,+17.379082726E-03
+3.105785000E-03,+1.146361325611E+00,+2.552724532961E+00,+18.205715884E-03
+3.105790000E-03,+1.147294114551E+00,+2.552724532961E+00,+19.779836470E-03
+3.105795000E-03,+1.150299767782E+00,+2.552724532961E+00,+20.848303796E-03
+3.105800000E-03,+1.151543486365E+00,+2.552724532961E+00,+22.193781168E-03
+3.105805000E-03,+1.153719993879E+00,+2.552724532961E+00,+23.464509797E-03
+3.105810000E-03,+1.155067355669E+00,+2.552724532961E+00,+24.612122851E-03
+3.105815000E-03,+1.155792858184E+00,+2.552724532961E+00,+26.107097708E-03
+3.105820000E-03,+1.157036576752E+00,+2.552724532961E+00,+27.215137899E-03
+3.105825000E-03,+1.157917544082E+00,+2.552724532961E+00,+28.586997179E-03
+3.105830000E-03,+1.158073008913E+00,+2.552724532961E+00,+29.756595159E-03
+3.105835000E-03,+1.158021187304E+00,+2.552724532961E+00,+30.943781073E-03
+3.105840000E-03,+1.158798511416E+00,+2.552724532961E+00,+32.223303675E-03
+3.105845000E-03,+1.159368549099E+00,+2.552724532961E+00,+33.401695620E-03
+3.105850000E-03,+1.158487581768E+00,+2.552724532961E+00,+34.681218221E-03
+3.105855000E-03,+1.158332116946E+00,+2.552724532961E+00,+35.758479515E-03
+3.105860000E-03,+1.157243863199E+00,+2.552724532961E+00,+37.130338797E-03
+3.105865000E-03,+1.157036576754E+00,+2.552724532961E+00,+38.273554864E-03
+3.105870000E-03,+1.156155609431E+00,+2.552724532961E+00,+39.438755858E-03
+3.105875000E-03,+1.154393674777E+00,+2.552724532961E+00,+40.674308608E-03
+3.105880000E-03,+1.153305421021E+00,+2.552724532961E+00,+41.769157843E-03
+3.105885000E-03,+1.151854416015E+00,+2.552724532961E+00,+43.057474411E-03
+3.105890000E-03,+1.149522443679E+00,+2.552724532961E+00,+44.020414100E-03
+3.105895000E-03,+1.148796941174E+00,+2.552724532961E+00,+45.431846245E-03
+3.105900000E-03,+1.146672255262E+00,+2.552724532961E+00,+46.218906539E-03
+3.105905000E-03,+1.144029353286E+00,+2.552724532961E+00,+47.652323608E-03
+3.105910000E-03,+1.141438272910E+00,+2.552724532961E+00,+48.540514555E-03
+3.105915000E-03,+1.138691727711E+00,+2.552724532961E+00,+49.842022077E-03
+3.105920000E-03,+1.135634252870E+00,+2.552724532961E+00,+50.743403979E-03
+3.105925000E-03,+1.132939529289E+00,+2.552724532961E+00,+51.917398940E-03
+3.105930000E-03,+1.129363838369E+00,+2.552724532961E+00,+53.065011994E-03
+3.105935000E-03,+1.125736325842E+00,+2.552724532961E+00,+54.080715498E-03
+3.105940000E-03,+1.122160634934E+00,+2.552724532961E+00,+55.219534583E-03
+3.105945000E-03,+1.117963084727E+00,+2.552724532961E+00,+55.993403921E-03
+3.105950000E-03,+1.114024642552E+00,+2.552724532961E+00,+57.325690340E-03
+3.105955000E-03,+1.109205233052E+00,+2.552724532961E+00,+58.068780783E-03
+3.105960000E-03,+1.104800396424E+00,+2.552724532961E+00,+59.185614942E-03
+3.105965000E-03,+1.098737268350E+00,+2.552724532961E+00,+60.086996843E-03
+3.105970000E-03,+1.094073323673E+00,+2.552724532961E+00,+61.208227986E-03
+3.105975000E-03,+1.089875773469E+00,+2.552724532961E+00,+62.105212901E-03
+3.105980000E-03,+1.082983499672E+00,+2.552724532961E+00,+63.076946559E-03
+3.105985000E-03,+1.078423198213E+00,+2.552724532961E+00,+64.127825945E-03
+3.105990000E-03,+1.072515534956E+00,+2.552724532961E+00,+64.989634981E-03
+3.105995000E-03,+1.067074266170E+00,+2.552724532961E+00,+66.071293261E-03
+3.106000000E-03,+1.060285635594E+00,+2.552724532961E+00,+66.796795766E-03
+3.106005000E-03,+1.054222507515E+00,+2.552724532961E+00,+67.935614849E-03
+3.106010000E-03,+1.047019304080E+00,+2.552724532961E+00,+68.744660067E-03
+3.106015000E-03,+1.041111640825E+00,+2.552724532961E+00,+69.676820861E-03
+3.106020000E-03,+1.033131113284E+00,+2.552724532961E+00,+70.630966579E-03
+3.106025000E-03,+1.026705233950E+00,+2.552724532961E+00,+71.233353507E-03
+3.106030000E-03,+1.019139279253E+00,+2.552724532961E+00,+72.345790681E-03
+3.106035000E-03,+1.010847822059E+00,+2.552724532961E+00,+72.930589670E-03
+3.106040000E-03,+1.003592797014E+00,+2.552724532961E+00,+73.972675085E-03
+3.106045000E-03,+994.679480527E-03,+2.552724532961E+00,+74.553077091E-03
+3.106050000E-03,+987.268990653E-03,+2.552724532961E+00,+75.621544414E-03
+3.106055000E-03,+979.703035959E-03,+2.552724532961E+00,+76.237122299E-03
+3.106060000E-03,+971.256113944E-03,+2.552724532961E+00,+77.098931333E-03
+3.106065000E-03,+962.394619064E-03,+2.552724532961E+00,+77.837624793E-03
+3.106070000E-03,+953.895875437E-03,+2.552724532961E+00,+78.602700162E-03
+3.106075000E-03,+945.863526274E-03,+2.552724532961E+00,+79.315011713E-03
+3.106080000E-03,+936.742923352E-03,+2.552724532961E+00,+79.961368489E-03
+3.106085000E-03,+927.207747583E-03,+2.552724532961E+00,+80.660489085E-03
+3.106090000E-03,+919.797257699E-03,+2.552724532961E+00,+81.403579530E-03
+3.106095000E-03,+908.707433710E-03,+2.552724532961E+00,+81.878453896E-03
+3.106100000E-03,+899.483187575E-03,+2.552724532961E+00,+82.718278008E-03
+3.106105000E-03,+889.222509289E-03,+2.552724532961E+00,+83.087624737E-03
+3.106110000E-03,+879.946441554E-03,+2.552724532961E+00,+84.019785532E-03
+3.106115000E-03,+870.566730599E-03,+2.552724532961E+00,+84.191267941E-03
+3.106120000E-03,+860.254230704E-03,+2.552724532961E+00,+85.396041798E-03
+3.106125000E-03,+850.304482068E-03,+2.552724532961E+00,+85.374056873E-03
+3.106130000E-03,+839.784695747E-03,+2.552724532961E+00,+86.455715154E-03
+3.106135000E-03,+829.057623002E-03,+2.552724532961E+00,+86.512875957E-03
+3.106140000E-03,+817.190474887E-03,+2.552724532961E+00,+87.554961372E-03
+3.106145000E-03,+805.323326776E-03,+2.552724532961E+00,+87.563755343E-03
+3.106150000E-03,+795.321756529E-03,+2.552724532961E+00,+88.526695029E-03
+3.106155000E-03,+784.024646103E-03,+2.552724532961E+00,+88.663001563E-03
+3.106160000E-03,+772.883000490E-03,+2.552724532961E+00,+89.260991505E-03
+3.106165000E-03,+762.363214170E-03,+2.552724532961E+00,+89.621544265E-03
+3.106170000E-03,+750.185136409E-03,+2.552724532961E+00,+90.188755314E-03
+3.106175000E-03,+738.991669189E-03,+2.552724532961E+00,+90.514132196E-03
+3.106180000E-03,+726.295375365E-03,+2.552724532961E+00,+90.949433699E-03
+3.106185000E-03,+715.879232253E-03,+2.552724532961E+00,+91.345162337E-03
+3.106190000E-03,+702.872008774E-03,+2.552724532961E+00,+91.740890977E-03
+3.106195000E-03,+690.331179763E-03,+2.552724532961E+00,+91.969534191E-03
+3.106200000E-03,+678.101280396E-03,+2.552724532961E+00,+92.558730163E-03
+3.106205000E-03,+664.213089598E-03,+2.552724532961E+00,+92.602700013E-03
+3.106210000E-03,+651.827725411E-03,+2.552724532961E+00,+93.227071865E-03
+3.106215000E-03,+640.530614973E-03,+2.552724532961E+00,+93.205086942E-03
+3.106220000E-03,+627.212461849E-03,+2.552724532961E+00,+93.754710050E-03
+3.106225000E-03,+614.827097670E-03,+2.552724532961E+00,+93.662373370E-03
+3.106230000E-03,+601.716230968E-03,+2.552724532961E+00,+94.247172356E-03
+3.106235000E-03,+588.501721065E-03,+2.552724532961E+00,+94.088880903E-03
+3.106240000E-03,+575.390854365E-03,+2.552724532961E+00,+94.660488934E-03
+3.106245000E-03,+560.828982678E-03,+2.552724532961E+00,+94.532976375E-03
+3.106250000E-03,+548.443618473E-03,+2.552724532961E+00,+94.924308028E-03
+3.106255000E-03,+534.451784463E-03,+2.552724532961E+00,+94.867147226E-03
+3.106260000E-03,+520.097199188E-03,+2.552724532961E+00,+95.196921090E-03
+3.106265000E-03,+506.105365172E-03,+2.552724532961E+00,+95.117775364E-03
+3.106270000E-03,+492.735390436E-03,+2.552724532961E+00,+95.460740181E-03
+3.106275000E-03,+479.676345342E-03,+2.552724532961E+00,+95.320036669E-03
+3.106280000E-03,+465.010830430E-03,+2.552724532961E+00,+95.544282895E-03
+3.106285000E-03,+451.278104444E-03,+2.552724532961E+00,+95.342021593E-03
+3.106290000E-03,+436.819875965E-03,+2.552724532961E+00,+95.733353245E-03
+3.106295000E-03,+423.605366043E-03,+2.552724532961E+00,+95.337624609E-03
+3.106300000E-03,+409.820818464E-03,+2.552724532961E+00,+95.874056762E-03
+3.106305000E-03,+394.637087467E-03,+2.552724532961E+00,+95.258478881E-03
+3.106310000E-03,+380.334323790E-03,+2.552724532961E+00,+95.922423594E-03
+3.106315000E-03,+365.357879237E-03,+2.552724532961E+00,+95.196921094E-03
+3.106320000E-03,+350.225969856E-03,+2.552724532961E+00,+95.790514047E-03
+3.106325000E-03,+334.264914762E-03,+2.552724532961E+00,+95.029835668E-03
+3.106330000E-03,+320.324902338E-03,+2.552724532961E+00,+95.575061789E-03
+3.106335000E-03,+305.918495455E-03,+2.552724532961E+00,+94.858353258E-03
+3.106340000E-03,+291.408445356E-03,+2.552724532961E+00,+95.262875863E-03
+3.106345000E-03,+276.898395265E-03,+2.552724532961E+00,+94.651694968E-03
+3.106350000E-03,+263.476598914E-03,+2.552724532961E+00,+94.823177376E-03
+3.106355000E-03,+247.722830247E-03,+2.552724532961E+00,+94.365890951E-03
+3.106360000E-03,+232.176347994E-03,+2.552724532961E+00,+94.383478888E-03
+3.106365000E-03,+217.251725052E-03,+2.552724532961E+00,+93.926192463E-03
+3.106370000E-03,+203.363534245E-03,+2.552724532961E+00,+93.921795476E-03
+3.106375000E-03,+188.801662531E-03,+2.552724532961E+00,+93.508478899E-03
+3.106380000E-03,+171.337780820E-03,+2.552724532961E+00,+93.455715080E-03
+3.106385000E-03,+157.501411615E-03,+2.552724532961E+00,+92.875313077E-03
+3.106390000E-03,+142.369502229E-03,+2.552724532961E+00,+92.901694986E-03
+3.106395000E-03,+125.734766219E-03,+2.552724532961E+00,+92.198177406E-03
+3.106400000E-03,+109.721889520E-03,+2.552724532961E+00,+92.180589465E-03
+3.106405000E-03,+95.160017812E-03,+2.552724532961E+00,+91.547423644E-03
+3.106410000E-03,+79.458070738E-03,+2.552724532961E+00,+91.521041734E-03
+3.106415000E-03,+65.155307072E-03,+2.552724532961E+00,+90.835112094E-03
+3.106420000E-03,+48.831500729E-03,+2.552724532961E+00,+90.711996516E-03
+3.106425000E-03,+32.611337586E-03,+2.552724532961E+00,+90.008478938E-03
+3.106430000E-03,+18.153109097E-03,+2.552724532961E+00,+89.740262857E-03
+3.106435000E-03,+3.124842914E-03,+2.552724532961E+00,+89.282976433E-03
+3.106440000E-03,-12.058888074E-03,+2.552724532961E+00,+88.698177442E-03
+3.106445000E-03,-26.620759785E-03,+2.552724532961E+00,+88.355212622E-03
+3.106450000E-03,-42.219063631E-03,+2.552724532961E+00,+87.695664890E-03
+3.106455000E-03,-57.091864984E-03,+2.552724532961E+00,+87.365891025E-03
+3.106460000E-03,-73.104741690E-03,+2.552724532961E+00,+86.688755354E-03
+3.106465000E-03,-87.614791793E-03,+2.552724532961E+00,+86.200690033E-03
+3.106470000E-03,-103.627668502E-03,+2.552724532961E+00,+85.571921196E-03
+3.106475000E-03,-120.106939680E-03,+2.552724532961E+00,+84.973931252E-03
+3.106480000E-03,-135.808886744E-03,+2.552724532961E+00,+84.595790552E-03
+3.106485000E-03,-151.718120237E-03,+2.552724532961E+00,+83.738378501E-03
+3.106490000E-03,-166.176348731E-03,+2.552724532961E+00,+83.439383528E-03
+3.106495000E-03,-182.241047056E-03,+2.552724532961E+00,+82.472046857E-03
+3.106500000E-03,-197.062026797E-03,+2.552724532961E+00,+82.107097111E-03
+3.106505000E-03,-211.261147251E-03,+2.552724532961E+00,+81.095790592E-03
+3.106510000E-03,-226.652164673E-03,+2.552724532961E+00,+80.752825769E-03
+3.106515000E-03,-243.753295130E-03,+2.552724532961E+00,+79.882222766E-03
+3.106520000E-03,-259.092490954E-03,+2.552724532961E+00,+79.253453925E-03
+3.106525000E-03,-273.861649077E-03,+2.552724532961E+00,+78.492775544E-03
+3.106530000E-03,-289.252666514E-03,+2.552724532961E+00,+77.696921279E-03
+3.106535000E-03,-304.850970349E-03,+2.552724532961E+00,+77.142901187E-03
+3.106540000E-03,-319.827414935E-03,+2.552724532961E+00,+76.188755466E-03
+3.106545000E-03,-334.441108240E-03,+2.552724532961E+00,+75.564383614E-03
+3.106550000E-03,-350.091233681E-03,+2.552724532961E+00,+74.597046942E-03
+3.106555000E-03,-364.134889316E-03,+2.552724532961E+00,+73.880338407E-03
+3.106560000E-03,-378.541296212E-03,+2.552724532961E+00,+73.049308265E-03
+3.106565000E-03,-393.465919164E-03,+2.552724532961E+00,+72.029207774E-03
+3.106570000E-03,-408.546006930E-03,+2.552724532961E+00,+71.479584663E-03
+3.106575000E-03,-422.796948999E-03,+2.552724532961E+00,+70.292398748E-03
+3.106580000E-03,-438.343431241E-03,+2.552724532961E+00,+69.791142469E-03
+3.106585000E-03,-452.335265264E-03,+2.552724532961E+00,+68.397298266E-03
+3.106590000E-03,-466.016169647E-03,+2.552724532961E+00,+67.909232942E-03
+3.106595000E-03,-479.956182059E-03,+2.552724532961E+00,+66.651695271E-03
+3.106600000E-03,-493.637086431E-03,+2.552724532961E+00,+66.022926427E-03
+3.106605000E-03,-508.198958136E-03,+2.552724532961E+00,+64.840137502E-03
+3.106610000E-03,-523.382689115E-03,+2.552724532961E+00,+63.965137507E-03
+3.106615000E-03,-535.975339743E-03,+2.552724532961E+00,+63.068152596E-03
+3.106620000E-03,-547.894309474E-03,+2.552724532961E+00,+61.964509387E-03
+3.106625000E-03,-561.575213845E-03,+2.552724532961E+00,+61.247800856E-03
+3.106630000E-03,-575.618869481E-03,+2.552724532961E+00,+59.937499359E-03
+3.106635000E-03,-589.403417064E-03,+2.552724532961E+00,+59.343906402E-03
+3.106640000E-03,-602.980678229E-03,+2.552724532961E+00,+57.906092347E-03
+3.106645000E-03,-616.195188139E-03,+2.552724532961E+00,+57.211368737E-03
+3.106650000E-03,-629.668806078E-03,+2.552724532961E+00,+55.887876289E-03
+3.106655000E-03,-642.105991879E-03,+2.552724532961E+00,+55.083228056E-03
+3.106660000E-03,-654.594999292E-03,+2.552724532961E+00,+53.904836109E-03
+3.106665000E-03,-667.861330805E-03,+2.552724532961E+00,+52.950690390E-03
+3.106670000E-03,-681.283127141E-03,+2.552724532961E+00,+51.869032110E-03
+3.106675000E-03,-693.772134541E-03,+2.552724532961E+00,+50.769785890E-03
+3.106680000E-03,-705.691104263E-03,+2.552724532961E+00,+49.718906505E-03
+3.106685000E-03,-719.216543815E-03,+2.552724532961E+00,+48.632851242E-03
+3.106690000E-03,-731.394621585E-03,+2.552724532961E+00,+47.428077384E-03
+3.106695000E-03,-744.453666671E-03,+2.552724532961E+00,+46.504710561E-03
+3.106700000E-03,-756.683566032E-03,+2.552724532961E+00,+45.088881428E-03
+3.106705000E-03,-768.809822181E-03,+2.552724532961E+00,+44.279836213E-03
+3.106710000E-03,-780.314219056E-03,+2.552724532961E+00,+42.701318641E-03
+3.106715000E-03,-792.492296808E-03,+2.552724532961E+00,+41.936243273E-03
+3.106720000E-03,-804.100336884E-03,+2.552724532961E+00,+40.423680474E-03
+3.106725000E-03,-814.982874458E-03,+2.552724532961E+00,+39.553077470E-03
+3.106730000E-03,-825.554482391E-03,+2.552724532961E+00,+38.132851353E-03
+3.106735000E-03,-837.732560134E-03,+2.552724532961E+00,+37.081971969E-03
+3.106740000E-03,-847.837773607E-03,+2.552724532961E+00,+35.784861429E-03
+3.106745000E-03,-858.513024741E-03,+2.552724532961E+00,+34.540514709E-03
+3.106750000E-03,-869.032811061E-03,+2.552724532961E+00,+33.370916731E-03
+3.106755000E-03,-878.516165247E-03,+2.552724532961E+00,+32.034233329E-03
+3.106760000E-03,-889.346881196E-03,+2.552724532961E+00,+30.952575047E-03
+3.106765000E-03,-900.488526805E-03,+2.552724532961E+00,+29.523554965E-03
+3.106770000E-03,-910.697383477E-03,+2.552724532961E+00,+28.490263516E-03
+3.106775000E-03,-920.336202466E-03,+2.552724532961E+00,+27.096419314E-03
+3.106780000E-03,-930.234129507E-03,+2.552724532961E+00,+25.940012286E-03
+3.106785000E-03,-940.339342965E-03,+2.552724532961E+00,+24.695665571E-03
+3.106790000E-03,-948.630800171E-03,+2.552724532961E+00,+23.336997239E-03
+3.106795000E-03,-957.751403080E-03,+2.552724532961E+00,+22.224560068E-03
+3.106800000E-03,-968.012081357E-03,+2.552724532961E+00,+20.747173147E-03
+3.106805000E-03,-976.562646604E-03,+2.552724532961E+00,+19.718278687E-03
+3.106810000E-03,-986.460573631E-03,+2.552724532961E+00,+18.157349056E-03
+3.106815000E-03,-993.456490633E-03,+2.552724532961E+00,+17.150439517E-03
+3.106820000E-03,-1.003302596060E+00,+2.552724532961E+00,+15.659861647E-03
+3.106825000E-03,-1.010505799515E+00,+2.552724532961E+00,+14.494660651E-03
+3.106830000E-03,-1.019470937602E+00,+2.552724532961E+00,+13.206344084E-03
+3.106835000E-03,-1.027606929964E+00,+2.552724532961E+00,+11.755339072E-03
+3.106840000E-03,-1.035224706282E+00,+2.552724532961E+00,+10.695665718E-03
+3.106845000E-03,-1.042427909717E+00,+2.552724532961E+00,+9.130339102E-03
+3.106850000E-03,-1.050460258879E+00,+2.552724532961E+00,+8.119032581E-03
+3.106855000E-03,-1.057611640695E+00,+2.552724532961E+00,+6.628454707E-03
+3.106860000E-03,-1.064763022550E+00,+2.552724532961E+00,+5.533605471E-03
+3.106865000E-03,-1.072277155632E+00,+2.552724532961E+00,+4.166143174E-03
+3.106870000E-03,-1.079169429420E+00,+2.552724532961E+00,+2.855841680E-03
+3.106875000E-03,-1.085439843922E+00,+2.552724532961E+00,+1.686243705E-03
+3.106880000E-03,-1.091140220759E+00,+2.552724532961E+00,+94.535177E-06
+3.106885000E-03,-1.097410635257E+00,+2.552724532961E+00,-894.786419E-06
+3.106890000E-03,-1.103473763335E+00,+2.552724532961E+00,-2.600816552E-03
+3.106895000E-03,-1.109744177838E+00,+2.552724532961E+00,-3.370288905E-03
+3.106900000E-03,-1.116221878780E+00,+2.552724532961E+00,-5.142273810E-03
+3.106905000E-03,-1.120782180245E+00,+2.552724532961E+00,-6.039258726E-03
+3.106910000E-03,-1.126586200281E+00,+2.552724532961E+00,-7.745288856E-03
+3.106915000E-03,-1.131716539418E+00,+2.552724532961E+00,-8.686243624E-03
+3.106920000E-03,-1.136225019274E+00,+2.552724532961E+00,-10.335112949E-03
+3.106925000E-03,-1.140681677507E+00,+2.552724532961E+00,-11.355213444E-03
+3.106930000E-03,-1.144879227714E+00,+2.552724532961E+00,-12.964509905E-03
+3.106935000E-03,-1.149387707580E+00,+2.224128435190E+00,-14.046168189E-03
+3.106940000E-03,-1.153118863301E+00,-1.217019674E-03,-15.413630486E-03
+3.106945000E-03,-1.157264591903E+00,-174.662372475E-03,-16.548052581E-03
+3.106950000E-03,-1.160736639634E+00,-114.439383831E-03,-18.333228443E-03
+3.106955000E-03,-1.164934189801E+00,+212.664884484E-03,-18.997173158E-03
+3.106960000E-03,-1.167577091803E+00,-55.080086782E-03,-20.962625402E-03
+3.106965000E-03,-1.170530923432E+00,-71.725815852E-03,-21.393529917E-03
+3.106970000E-03,-1.174054792724E+00,-103.289885792E-03,-23.706343966E-03
+3.106975000E-03,-1.177630483662E+00,-26.185615514E-03,-24.014132903E-03
+3.106980000E-03,-1.179651526342E+00,-45.579459181E-03,-26.392901724E-03
+3.106985000E-03,-1.181879855474E+00,-50.761620087E-03,-26.529208255E-03
+3.106990000E-03,-1.185144616743E+00,-58.848931475E-03,-28.877198179E-03
+3.106995000E-03,-1.186751086573E+00,-52.881594984E-03,-29.189384108E-03
+3.107000000E-03,-1.187632053909E+00,-48.877197958E-03,-31.357097650E-03
+3.107005000E-03,-1.188513021230E+00,-52.724559741E-03,-31.853956942E-03
+3.107010000E-03,-1.189653096611E+00,-50.761620041E-03,-33.797424257E-03
+3.107015000E-03,-1.192658749821E+00,-51.703831117E-03,-34.553705656E-03
+3.107020000E-03,-1.191000458393E+00,-48.798680386E-03,-36.206971970E-03
+3.107025000E-03,-1.193021501088E+00,-49.112750723E-03,-37.099559901E-03
+3.107030000E-03,-1.194057933237E+00,-49.112750713E-03,-38.576946819E-03
+3.107035000E-03,-1.194006111613E+00,-48.798680388E-03,-39.575062386E-03
+3.107040000E-03,-1.194679792529E+00,-49.191268299E-03,-41.083228200E-03
+3.107045000E-03,-1.194990722172E+00,-50.604584871E-03,-42.059358841E-03
+3.107050000E-03,-1.193695181999E+00,-49.819409027E-03,-43.505966867E-03
+3.107055000E-03,-1.194006111624E+00,-50.604584866E-03,-44.416142738E-03
+3.107060000E-03,-1.193539717157E+00,-47.149811075E-03,-45.924308551E-03
+3.107065000E-03,-1.192866036268E+00,-48.484610018E-03,-46.720162812E-03
+3.107070000E-03,-1.191518674469E+00,-45.657976907E-03,-48.263504505E-03
+3.107075000E-03,-1.190534063925E+00,-46.600187938E-03,-49.068152736E-03
+3.107080000E-03,-1.188564842867E+00,-46.992775890E-03,-50.668655233E-03
+3.107085000E-03,-1.187372945877E+00,-47.856469340E-03,-51.508479343E-03
+3.107090000E-03,-1.185403724793E+00,-48.641645209E-03,-52.994660231E-03
+3.107095000E-03,-1.183900898171E+00,-49.583856224E-03,-53.838881331E-03
+3.107100000E-03,-1.182035320319E+00,-47.071293474E-03,-55.140388852E-03
+3.107105000E-03,-1.180480672066E+00,-48.092022085E-03,-56.147298391E-03
+3.107110000E-03,-1.177371375625E+00,-47.542398979E-03,-57.352072244E-03
+3.107115000E-03,-1.174469365610E+00,-47.856469361E-03,-58.433730526E-03
+3.107120000E-03,-1.172033750067E+00,-46.050564841E-03,-59.440640063E-03
+3.107125000E-03,-1.169339026474E+00,-47.620916579E-03,-60.491519451E-03
+3.107130000E-03,-1.165918800389E+00,-44.009107577E-03,-61.700690290E-03
+3.107135000E-03,-1.162239466256E+00,-48.720162762E-03,-62.637248071E-03
+3.107140000E-03,-1.158974704983E+00,-43.695037230E-03,-63.929961624E-03
+3.107145000E-03,-1.155191727628E+00,-47.463881387E-03,-64.717021917E-03
+3.107150000E-03,-1.151408750285E+00,-45.029836216E-03,-66.062499290E-03
+3.107155000E-03,-1.146952092044E+00,-45.736494467E-03,-66.739634960E-03
+3.107160000E-03,-1.142806363445E+00,-45.657976913E-03,-68.199433939E-03
+3.107165000E-03,-1.138297883587E+00,-45.029836193E-03,-68.757851021E-03
+3.107170000E-03,-1.133426652501E+00,-45.972047253E-03,-70.129710300E-03
+3.107175000E-03,-1.128140848527E+00,-45.500941734E-03,-70.666142458E-03
+3.107180000E-03,-1.123528725456E+00,-46.992775860E-03,-72.117147463E-03
+3.107185000E-03,-1.118035635070E+00,-46.286117585E-03,-72.706343440E-03
+3.107190000E-03,-1.111195182892E+00,-46.286117615E-03,-74.016644931E-03
+3.107195000E-03,-1.105598449271E+00,-45.265388959E-03,-74.583855983E-03
+3.107200000E-03,-1.100364466924E+00,-44.558730697E-03,-75.797423808E-03
+3.107205000E-03,-1.093990409204E+00,-45.815012075E-03,-76.426192647E-03
+3.107210000E-03,-1.088238210775E+00,-44.794283470E-03,-77.617775547E-03
+3.107215000E-03,-1.081967796276E+00,-45.422424150E-03,-78.180589612E-03
+3.107220000E-03,-1.075749203363E+00,-42.831343779E-03,-79.389760453E-03
+3.107225000E-03,-1.068701464756E+00,-44.951318597E-03,-79.943780549E-03
+3.107230000E-03,-1.062793801497E+00,-41.967650323E-03,-81.095790586E-03
+3.107235000E-03,-1.056316100558E+00,-45.186871369E-03,-81.601443846E-03
+3.107240000E-03,-1.048646502655E+00,-42.831343771E-03,-82.775438810E-03
+3.107245000E-03,-1.041650585647E+00,-45.893529622E-03,-83.303076993E-03
+3.107250000E-03,-1.032944555580E+00,-42.909861355E-03,-84.437499093E-03
+3.107255000E-03,-1.025326779286E+00,-44.087625156E-03,-84.899182506E-03
+3.107260000E-03,-1.017242608524E+00,-42.674308576E-03,-85.998428724E-03
+3.107265000E-03,-1.008018362376E+00,-46.207599989E-03,-86.433730226E-03
+3.107270000E-03,-999.467797158E-03,-42.438755854E-03,-87.480212628E-03
+3.107275000E-03,-992.212772115E-03,-44.087625135E-03,-87.902323176E-03
+3.107280000E-03,-981.848450600E-03,-43.380966888E-03,-88.790514122E-03
+3.107285000E-03,-973.867923068E-03,-43.380966877E-03,-89.366519140E-03
+3.107290000E-03,-962.985385506E-03,-42.438755837E-03,-90.109609585E-03
+3.107295000E-03,-954.642106675E-03,-42.909861377E-03,-90.690011591E-03
+3.107300000E-03,-945.573325362E-03,-41.339509625E-03,-91.292398521E-03
+3.107305000E-03,-935.519933523E-03,-42.752826196E-03,-92.057473886E-03
+3.107310000E-03,-924.585574342E-03,-41.810615123E-03,-92.492775392E-03
+3.107315000E-03,-914.532182513E-03,-43.459484442E-03,-93.279835680E-03
+3.107320000E-03,-904.893363512E-03,-42.909861330E-03,-93.697549247E-03
+3.107325000E-03,-894.321755579E-03,-41.496544782E-03,-94.379081900E-03
+3.107330000E-03,-884.009255691E-03,-41.339509630E-03,-94.831971345E-03
+3.107335000E-03,-874.163150267E-03,-41.732097525E-03,-95.451946210E-03
+3.107340000E-03,-863.539720745E-03,-41.418027200E-03,-95.961996460E-03
+3.107345000E-03,-853.019934413E-03,-42.438755816E-03,-96.480840671E-03
+3.107350000E-03,-843.173828982E-03,-42.595791003E-03,-97.118403479E-03
+3.107355000E-03,-831.358502480E-03,-41.967650299E-03,-97.434986391E-03
+3.107360000E-03,-818.714030282E-03,-42.988378946E-03,-97.953830607E-03
+3.107365000E-03,-808.194243943E-03,-42.281720637E-03,-98.450689898E-03
+3.107370000E-03,-796.016166190E-03,-41.732097565E-03,-98.850815522E-03
+3.107375000E-03,-784.459947724E-03,-39.926193049E-03,-99.321292904E-03
+3.107380000E-03,-772.592799615E-03,-41.732097545E-03,-99.637875816E-03
+3.107385000E-03,-761.295689146E-03,-42.752826152E-03,-100.244659729E-03
+3.107390000E-03,-748.599395351E-03,-42.831343795E-03,-100.341393395E-03
+3.107395000E-03,-736.006744731E-03,-44.244660297E-03,-100.978956205E-03
+3.107400000E-03,-724.709634276E-03,-42.831343770E-03,-100.965765247E-03
+3.107405000E-03,-712.531556526E-03,-42.674308561E-03,-101.669282830E-03
+3.107410000E-03,-700.042549128E-03,-42.124685510E-03,-101.656091874E-03
+3.107415000E-03,-687.657184920E-03,-41.575062365E-03,-102.218905940E-03
+3.107420000E-03,-674.909069502E-03,-41.732097528E-03,-102.218905939E-03
+3.107425000E-03,-661.901846028E-03,-41.339509613E-03,-102.728956186E-03
+3.107430000E-03,-648.376406478E-03,-40.711368907E-03,-102.781720003E-03
+3.107435000E-03,-635.161896563E-03,-43.223931685E-03,-103.023554173E-03
+3.107440000E-03,-621.999208256E-03,-41.025439268E-03,-103.221418490E-03
+3.107445000E-03,-608.888341534E-03,-41.732097558E-03,-103.428076782E-03
+3.107450000E-03,-595.155615561E-03,-41.339509607E-03,-103.700689842E-03
+3.107455000E-03,-581.941105661E-03,-41.889132708E-03,-103.617147135E-03
+3.107460000E-03,-568.778417359E-03,-41.260992022E-03,-103.946920994E-03
+3.107465000E-03,-554.475653716E-03,-41.575062354E-03,-103.995287833E-03
+3.107470000E-03,-541.157500576E-03,-42.517273410E-03,-104.153579282E-03
+3.107475000E-03,-526.699272085E-03,-41.260992011E-03,-104.184358184E-03
+3.107480000E-03,-513.692048625E-03,-41.496544784E-03,-104.105212450E-03
+3.107485000E-03,-499.803857802E-03,-41.103956844E-03,-104.395413456E-03
+3.107490000E-03,-485.863845384E-03,-41.025439272E-03,-104.259106921E-03
+3.107495000E-03,-470.369184754E-03,-42.360238225E-03,-104.571292850E-03
+3.107500000E-03,-455.237275387E-03,-42.360238215E-03,-104.245915967E-03
+3.107505000E-03,-440.882690108E-03,-41.496544782E-03,-104.549307925E-03
+3.107510000E-03,-424.558883764E-03,-42.046167893E-03,-104.135991348E-03
+3.107515000E-03,-411.240730618E-03,-42.360238245E-03,-104.377825515E-03
+3.107520000E-03,-396.834323759E-03,-40.083228222E-03,-104.083227532E-03
+3.107525000E-03,-382.635203275E-03,-41.182474426E-03,-104.193152148E-03
+3.107530000E-03,-367.503293921E-03,-41.967650312E-03,-104.008478787E-03
+3.107535000E-03,-352.164098097E-03,-41.496544772E-03,-103.916142102E-03
+3.107540000E-03,-337.239475152E-03,-42.124685505E-03,-103.801820498E-03
+3.107545000E-03,-322.263030564E-03,-42.360238232E-03,-103.643529039E-03
+3.107550000E-03,-307.079299586E-03,-40.554333762E-03,-103.595162208E-03
+3.107555000E-03,-291.636460540E-03,-41.889132690E-03,-103.397297888E-03
+3.107560000E-03,-275.934513485E-03,-39.690640271E-03,-103.120287842E-03
+3.107565000E-03,-262.720003569E-03,-40.946921680E-03,-103.080714976E-03
+3.107570000E-03,-246.707126847E-03,-41.182474418E-03,-102.671795383E-03
+3.107575000E-03,-231.782503908E-03,-42.046167895E-03,-102.627825537E-03
+3.107580000E-03,-215.769627190E-03,-39.769157869E-03,-102.095790365E-03
+3.107585000E-03,-200.896825829E-03,-42.674308567E-03,-102.108981320E-03
+3.107590000E-03,-186.853170188E-03,-40.554333742E-03,-101.458227558E-03
+3.107595000E-03,-171.254866349E-03,-41.653579942E-03,-101.576946148E-03
+3.107600000E-03,-155.812027325E-03,-40.554333719E-03,-100.899810479E-03
+3.107605000E-03,-140.731939532E-03,-41.575062349E-03,-100.833855703E-03
+3.107610000E-03,-124.459954810E-03,-40.475816161E-03,-100.213880838E-03
+3.107615000E-03,-108.758007713E-03,-41.025439241E-03,-99.963252699E-03
+3.107620000E-03,-93.988849580E-03,-41.182474429E-03,-99.541142154E-03
+3.107625000E-03,-79.012405039E-03,-41.418027187E-03,-99.044282860E-03
+3.107630000E-03,-64.916927784E-03,-40.161745797E-03,-98.767272814E-03
+3.107635000E-03,-50.044126439E-03,-41.025439255E-03,-98.156091916E-03
+3.107640000E-03,-34.912217054E-03,-41.182474433E-03,-97.852699959E-03
+3.107645000E-03,-19.676664476E-03,-40.711368917E-03,-97.289885896E-03
+3.107650000E-03,-3.352858110E-03,-41.103956842E-03,-96.841393436E-03
+3.107655000E-03,+12.141802538E-03,-41.025439243E-03,-96.423679875E-03
+3.107660000E-03,+27.118247104E-03,-40.475816153E-03,-95.698177367E-03
+3.107665000E-03,+42.405621306E-03,-41.732097535E-03,-95.407976368E-03
+3.107670000E-03,+57.900281932E-03,-40.946921686E-03,-94.467021602E-03
+3.107675000E-03,+74.068623472E-03,-40.554333722E-03,-94.423051756E-03
+3.107680000E-03,+89.459640890E-03,-41.025439247E-03,-93.266644735E-03
+3.107685000E-03,+105.835268870E-03,-40.161745762E-03,-93.279835683E-03
+3.107690000E-03,+120.345318948E-03,-40.868404120E-03,-92.132222635E-03
+3.107695000E-03,+135.943622804E-03,-41.653579923E-03,-91.934358311E-03
+3.107700000E-03,+151.645569874E-03,-41.025439253E-03,-90.918654809E-03
+3.107705000E-03,+166.466549628E-03,-41.810615112E-03,-90.553705061E-03
+3.107710000E-03,+182.531247961E-03,-40.789886496E-03,-89.696293014E-03
+3.107715000E-03,+198.129551784E-03,-42.595791003E-03,-89.107097038E-03
+3.107720000E-03,+213.209639582E-03,-39.612122706E-03,-88.421167397E-03
+3.107725000E-03,+228.237905760E-03,-43.223931704E-03,-87.752825694E-03
+3.107730000E-03,+243.421636731E-03,-41.575062342E-03,-87.115262888E-03
+3.107735000E-03,+259.071762215E-03,-40.397298554E-03,-86.293026719E-03
+3.107740000E-03,+273.115417838E-03,-42.360238246E-03,-85.607097074E-03
+3.107745000E-03,+289.542867403E-03,-43.066896495E-03,-84.912373466E-03
+3.107750000E-03,+304.415668743E-03,-41.653579952E-03,-83.883479004E-03
+3.107755000E-03,+319.288470092E-03,-43.302449270E-03,-83.289886047E-03
+3.107760000E-03,+334.264914653E-03,-41.810615141E-03,-82.208227763E-03
+3.107765000E-03,+348.878607971E-03,-41.182474450E-03,-81.724559431E-03
+3.107770000E-03,+361.937653064E-03,-41.575062379E-03,-80.537373511E-03
+3.107775000E-03,+377.173205656E-03,-41.103956855E-03,-79.965765477E-03
+3.107780000E-03,+391.890542186E-03,-40.868404091E-03,-78.844534336E-03
+3.107785000E-03,+407.074273171E-03,-41.653579964E-03,-78.127825801E-03
+3.107790000E-03,+421.480680047E-03,-41.653579975E-03,-77.178077067E-03
+3.107795000E-03,+435.731622118E-03,-40.789886485E-03,-76.267901194E-03
+3.107800000E-03,+448.687023987E-03,-39.926193040E-03,-75.432474071E-03
+3.107805000E-03,+463.559825335E-03,-40.318780982E-03,-74.249685138E-03
+3.107810000E-03,+477.499837755E-03,-41.339509601E-03,-73.651695194E-03
+3.107815000E-03,+491.336206976E-03,-42.046167881E-03,-72.424936414E-03
+3.107820000E-03,+505.172576160E-03,-41.418027205E-03,-71.677448986E-03
+3.107825000E-03,+519.008945365E-03,-41.260991997E-03,-70.613378645E-03
+3.107830000E-03,+532.430741690E-03,-41.496544777E-03,-69.672423880E-03
+3.107835000E-03,+546.059824466E-03,-40.004710616E-03,-68.749057059E-03
+3.107840000E-03,+559.896193665E-03,-41.418027184E-03,-67.588253045E-03
+3.107845000E-03,+572.955238755E-03,-41.260992018E-03,-66.827574669E-03
+3.107850000E-03,+586.843429585E-03,-40.397298590E-03,-65.350187746E-03
+3.107855000E-03,+600.057939454E-03,-42.517273401E-03,-64.928077197E-03
+3.107860000E-03,+612.546946862E-03,-41.653579941E-03,-63.182474203E-03
+3.107865000E-03,+626.590602485E-03,-40.946921661E-03,-62.795539533E-03
+3.107870000E-03,+638.146820955E-03,-40.554333758E-03,-61.058730506E-03
+3.107875000E-03,+651.672260527E-03,-41.025439242E-03,-60.583856138E-03
+3.107880000E-03,+664.524019175E-03,-41.418027171E-03,-58.983353645E-03
+3.107885000E-03,+676.287524064E-03,-41.810615128E-03,-58.424936565E-03
+3.107890000E-03,+688.880174693E-03,-41.889132726E-03,-56.969534570E-03
+3.107895000E-03,+701.524646916E-03,-41.182474438E-03,-56.173680307E-03
+3.107900000E-03,+713.339973408E-03,-39.769157881E-03,-54.757851177E-03
+3.107905000E-03,+724.844370271E-03,-42.281720657E-03,-53.781720534E-03
+3.107910000E-03,+736.659696787E-03,-41.889132717E-03,-52.436243161E-03
+3.107915000E-03,+748.164093666E-03,-40.868404065E-03,-51.460112520E-03
+3.107920000E-03,+759.720312123E-03,-41.260992031E-03,-50.061871325E-03
+3.107925000E-03,+771.846568286E-03,-40.632851348E-03,-49.125313551E-03
+3.107930000E-03,+783.195500330E-03,-40.711368926E-03,-47.665514569E-03
+3.107935000E-03,+793.559821825E-03,-41.575062375E-03,-46.781720613E-03
+3.107940000E-03,+805.997007590E-03,-41.496544777E-03,-45.348303538E-03
+3.107945000E-03,+816.257685885E-03,-41.967650304E-03,-44.460112593E-03
+3.107950000E-03,+825.896504892E-03,-41.339509579E-03,-42.960740751E-03
+3.107955000E-03,+837.193615312E-03,-41.967650302E-03,-41.953831215E-03
+3.107960000E-03,+846.573326287E-03,-41.732097559E-03,-40.564383994E-03
+3.107965000E-03,+857.300399032E-03,-42.281720653E-03,-39.425564909E-03
+3.107970000E-03,+867.923828544E-03,-41.732097563E-03,-38.242775978E-03
+3.107975000E-03,+878.495436490E-03,-39.690640287E-03,-36.743404133E-03
+3.107980000E-03,+888.445185107E-03,-41.967650322E-03,-35.789258416E-03
+3.107985000E-03,+898.343112169E-03,-41.732097500E-03,-34.210740845E-03
+3.107990000E-03,+908.500147218E-03,-43.459484504E-03,-33.419283566E-03
+3.107995000E-03,+917.413463720E-03,-43.145414068E-03,-31.647298662E-03
+3.108000000E-03,+927.311390729E-03,-41.339509626E-03,-30.864635352E-03
+3.108005000E-03,+935.240096685E-03,-41.496544782E-03,-29.105841405E-03
+3.108010000E-03,+943.687018718E-03,-41.025439270E-03,-28.213253471E-03
+3.108015000E-03,+952.185762347E-03,-42.203203079E-03,-26.656720827E-03
+3.108020000E-03,+961.565473281E-03,-41.339509626E-03,-25.460740939E-03
+3.108025000E-03,+970.064216910E-03,-42.360238231E-03,-24.119660553E-03
+3.108030000E-03,+977.941101267E-03,-40.946921665E-03,-22.844534936E-03
+3.108035000E-03,+985.714342382E-03,-42.124685476E-03,-21.586997262E-03
+3.108040000E-03,+992.969367433E-03,-42.674308581E-03,-20.127198283E-03
+3.108045000E-03,+1.001416289443E+00,-42.988378895E-03,-18.997173168E-03
+3.108050000E-03,+1.008826779328E+00,-40.711368943E-03,-17.532977205E-03
+3.108055000E-03,+1.016496377218E+00,-42.988378932E-03,-16.332600331E-03
+3.108060000E-03,+1.023544115837E+00,-42.203203098E-03,-15.004710902E-03
+3.108065000E-03,+1.031110070553E+00,-42.517273370E-03,-13.654836543E-03
+3.108070000E-03,+1.038676025226E+00,-41.496544793E-03,-12.516017461E-03
+3.108075000E-03,+1.045568299044E+00,-44.401695488E-03,-11.082600390E-03
+3.108080000E-03,+1.051942356751E+00,-41.967650283E-03,-9.921796382E-03
+3.108085000E-03,+1.057953663227E+00,-42.595790987E-03,-8.448806448E-03
+3.108090000E-03,+1.063498575206E+00,-42.517273421E-03,-7.323178317E-03
+3.108095000E-03,+1.069561703297E+00,-42.124685493E-03,-5.845791403E-03
+3.108100000E-03,+1.076350333880E+00,-41.732097543E-03,-4.645414525E-03
+3.108105000E-03,+1.081791602665E+00,-41.418027209E-03,-3.330716053E-03
+3.108110000E-03,+1.086973763417E+00,-41.810615168E-03,-2.024811539E-03
+3.108115000E-03,+1.092881426669E+00,-42.438755815E-03,-864.007536E-06
+3.108120000E-03,+1.098529981885E+00,-41.339509626E-03,+639.761296E-06
+3.108125000E-03,+1.101483813524E+00,-40.083228256E-03,+1.695037664E-03
+3.108130000E-03,+1.108168800902E+00,+161.549931051E-03,+3.370288905E-03
+3.108135000E-03,+1.110863524483E+00,+2.474128423653E+00,+4.368404472E-03
+3.108140000E-03,+1.114750145023E+00,+2.552724532961E+00,+5.775439631E-03
+3.108145000E-03,+1.118014906313E+00,+2.552724532961E+00,+7.169283836E-03
+3.108150000E-03,+1.123145245441E+00,+2.552724532961E+00,+8.180590360E-03
+3.108155000E-03,+1.125477217792E+00,+2.552724532961E+00,+9.917399384E-03
+3.108160000E-03,+1.130348448888E+00,+2.552724532961E+00,+10.682474755E-03
+3.108165000E-03,+1.132162205159E+00,+2.552724532961E+00,+12.564384278E-03
+3.108170000E-03,+1.135478788027E+00,+2.552724532961E+00,+13.193153124E-03
+3.108175000E-03,+1.138380798059E+00,+2.552724532961E+00,+15.145414400E-03
+3.108180000E-03,+1.141075521644E+00,+2.552724532961E+00,+15.791771184E-03
+3.108185000E-03,+1.143303850781E+00,+2.552724532961E+00,+17.620916885E-03
+3.108190000E-03,+1.146775898470E+00,+2.552724532961E+00,+18.513504828E-03
+3.108195000E-03,+1.147967795450E+00,+2.552724532961E+00,+20.092022387E-03
+3.108200000E-03,+1.149677908478E+00,+2.552724532961E+00,+21.129710829E-03
+3.108205000E-03,+1.151647129587E+00,+2.552724532961E+00,+22.523555026E-03
+3.108210000E-03,+1.153305421013E+00,+2.552724532961E+00,+23.838253510E-03
+3.108215000E-03,+1.155015534076E+00,+2.552724532961E+00,+24.928705754E-03
+3.108220000E-03,+1.156051966199E+00,+2.552724532961E+00,+26.362122831E-03
+3.108225000E-03,+1.157762079260E+00,+2.552724532961E+00,+27.487750954E-03
+3.108230000E-03,+1.157606614428E+00,+2.552724532961E+00,+28.842022299E-03
+3.108235000E-03,+1.158383938556E+00,+2.552724532961E+00,+29.950062490E-03
+3.108240000E-03,+1.158694868208E+00,+2.552724532961E+00,+31.286745888E-03
+3.108245000E-03,+1.157865722486E+00,+2.552724532961E+00,+32.509107688E-03
+3.108250000E-03,+1.158850333037E+00,+2.552724532961E+00,+33.621544857E-03
+3.108255000E-03,+1.158383938566E+00,+2.552724532961E+00,+35.090137811E-03
+3.108260000E-03,+1.157658436065E+00,+2.552724532961E+00,+35.978328752E-03
+3.108265000E-03,+1.157399328039E+00,+2.552724532961E+00,+37.460112662E-03
+3.108270000E-03,+1.157451149592E+00,+2.552724532961E+00,+38.409861390E-03
+3.108275000E-03,+1.157036576728E+00,+2.552724532961E+00,+39.869660375E-03
+3.108280000E-03,+1.154290031580E+00,+2.552724532961E+00,+40.779836239E-03
+3.108285000E-03,+1.153979101912E+00,+2.552724532961E+00,+42.195665374E-03
+3.108290000E-03,+1.151595307978E+00,+2.552724532961E+00,+43.220162847E-03
+3.108295000E-03,+1.149470622069E+00,+2.552724532961E+00,+44.394157815E-03
+3.108300000E-03,+1.148226903514E+00,+2.552724532961E+00,+45.634107543E-03
+3.108305000E-03,+1.145584001516E+00,+2.552724532961E+00,+46.605841207E-03
+3.108310000E-03,+1.144184818109E+00,+2.552724532961E+00,+47.907348724E-03
+3.108315000E-03,+1.140868235253E+00,+2.552724532961E+00,+48.830715559E-03
+3.108320000E-03,+1.138484441299E+00,+2.552724532961E+00,+50.136620056E-03
+3.108325000E-03,+1.135116036817E+00,+2.552724532961E+00,+51.020414027E-03
+3.108330000E-03,+1.131695810722E+00,+2.552724532961E+00,+52.207599935E-03
+3.108335000E-03,+1.127705546944E+00,+2.552724532961E+00,+53.245288375E-03
+3.108340000E-03,+1.124803536914E+00,+2.552724532961E+00,+54.309358705E-03
+3.108345000E-03,+1.121279667627E+00,+2.552724532961E+00,+55.360238100E-03
+3.108350000E-03,+1.117082117414E+00,+2.552724532961E+00,+56.305589842E-03
+3.108355000E-03,+1.112677280766E+00,+2.552724532961E+00,+57.510363703E-03
+3.108360000E-03,+1.107132368775E+00,+2.552724532961E+00,+58.367775752E-03
+3.108365000E-03,+1.103038461772E+00,+2.552724532961E+00,+59.550564682E-03
+3.108370000E-03,+1.097959944247E+00,+2.552724532961E+00,+60.355212915E-03
+3.108375000E-03,+1.091948637799E+00,+2.552724532961E+00,+61.370916422E-03
+3.108380000E-03,+1.087647444366E+00,+2.552724532961E+00,+62.386619934E-03
+3.108385000E-03,+1.081739781120E+00,+2.552724532961E+00,+63.248428964E-03
+3.108390000E-03,+1.076298512317E+00,+2.552724532961E+00,+64.475187752E-03
+3.108395000E-03,+1.070494492262E+00,+2.552724532961E+00,+65.068780702E-03
+3.108400000E-03,+1.064224077770E+00,+2.552724532961E+00,+66.467021899E-03
+3.108405000E-03,+1.057694555248E+00,+2.552724532961E+00,+66.985866110E-03
+3.108410000E-03,+1.051838713591E+00,+2.552724532961E+00,+68.340137453E-03
+3.108415000E-03,+1.045153726239E+00,+2.552724532961E+00,+68.863378657E-03
+3.108420000E-03,+1.038313274058E+00,+2.552724532961E+00,+70.019785678E-03
+3.108425000E-03,+1.031161892215E+00,+2.552724532961E+00,+70.688127381E-03
+3.108430000E-03,+1.023388651128E+00,+2.552724532961E+00,+71.681845963E-03
+3.108435000E-03,+1.016651842126E+00,+2.552724532961E+00,+72.416142436E-03
+3.108440000E-03,+1.008878600989E+00,+2.552724532961E+00,+73.308730365E-03
+3.108445000E-03,+1.000898073450E+00,+2.552724532961E+00,+74.078202719E-03
+3.108450000E-03,+993.280297160E-03,+2.552724532961E+00,+74.816896182E-03
+3.108455000E-03,+985.196126367E-03,+2.552724532961E+00,+75.731469033E-03
+3.108460000E-03,+977.163777205E-03,+2.552724532961E+00,+76.536117268E-03
+3.108465000E-03,+968.872320019E-03,+2.552724532961E+00,+77.239634847E-03
+3.108470000E-03,+960.477219616E-03,+2.552724532961E+00,+78.119031824E-03
+3.108475000E-03,+951.978475979E-03,+2.552724532961E+00,+78.725815733E-03
+3.108480000E-03,+943.168802726E-03,+2.552724532961E+00,+79.596418741E-03
+3.108485000E-03,+934.048199809E-03,+2.552724532961E+00,+80.044911200E-03
+3.108490000E-03,+925.704920985E-03,+2.552724532961E+00,+81.007850887E-03
+3.108495000E-03,+916.221566846E-03,+2.552724532961E+00,+81.333227770E-03
+3.108500000E-03,+907.100963911E-03,+2.552724532961E+00,+82.221418715E-03
+3.108505000E-03,+897.617609763E-03,+2.552724532961E+00,+82.634735295E-03
+3.108510000E-03,+887.667861101E-03,+2.552724532961E+00,+83.456971461E-03
+3.108515000E-03,+877.407182833E-03,+2.552724532961E+00,+84.090137290E-03
+3.108520000E-03,+868.338401495E-03,+2.552724532961E+00,+84.622172454E-03
+3.108525000E-03,+857.611328771E-03,+2.552724532961E+00,+85.281720191E-03
+3.108530000E-03,+847.506115316E-03,+2.552724532961E+00,+85.620288025E-03
+3.108535000E-03,+837.193615432E-03,+2.552724532961E+00,+86.570036759E-03
+3.108540000E-03,+826.777472305E-03,+2.552724532961E+00,+86.706343288E-03
+3.108545000E-03,+815.169432218E-03,+2.552724532961E+00,+87.519785493E-03
+3.108550000E-03,+803.820500214E-03,+2.552724532961E+00,+87.686870919E-03
+3.108555000E-03,+792.575211395E-03,+2.552724532961E+00,+88.500313118E-03
+3.108560000E-03,+782.210889873E-03,+2.552724532961E+00,+88.847674923E-03
+3.108565000E-03,+770.706493019E-03,+2.552724532961E+00,+89.326946278E-03
+3.108570000E-03,+759.668490626E-03,+2.552724532961E+00,+89.819408584E-03
+3.108575000E-03,+746.764910361E-03,+2.552724532961E+00,+90.206343255E-03
+3.108580000E-03,+736.245124034E-03,+2.552724532961E+00,+90.738378423E-03
+3.108585000E-03,+724.688905576E-03,+2.552724532961E+00,+90.980212594E-03
+3.108590000E-03,+713.443616746E-03,+2.552724532961E+00,+91.582599518E-03
+3.108595000E-03,+700.488214927E-03,+2.552724532961E+00,+91.776066856E-03
+3.108600000E-03,+688.206493899E-03,+2.552724532961E+00,+92.228956292E-03
+3.108605000E-03,+674.732875948E-03,+2.552724532961E+00,+92.475187454E-03
+3.108610000E-03,+663.124835893E-03,+2.552724532961E+00,+92.782976387E-03
+3.108615000E-03,+650.739471697E-03,+2.552724532961E+00,+93.108353273E-03
+3.108620000E-03,+638.198642678E-03,+2.552724532961E+00,+93.293026636E-03
+3.108625000E-03,+625.554170441E-03,+2.552724532961E+00,+93.710740203E-03
+3.108630000E-03,+612.702411779E-03,+2.552724532961E+00,+93.825061809E-03
+3.108635000E-03,+599.176972255E-03,+2.552724532961E+00,+94.176820597E-03
+3.108640000E-03,+585.392424676E-03,+2.552724532961E+00,+94.277951250E-03
+3.108645000E-03,+573.266168490E-03,+2.552724532961E+00,+94.431845722E-03
+3.108650000E-03,+559.118869680E-03,+2.552724532961E+00,+94.801192450E-03
+3.108655000E-03,+546.888970290E-03,+2.552724532961E+00,+94.730840693E-03
+3.108660000E-03,+532.275277008E-03,+2.552724532961E+00,+95.126569330E-03
+3.108665000E-03,+518.957123855E-03,+2.552724532961E+00,+95.016644710E-03
+3.108670000E-03,+504.602538606E-03,+2.552724532961E+00,+95.399182396E-03
+3.108675000E-03,+490.973455812E-03,+2.552724532961E+00,+95.298051744E-03
+3.108680000E-03,+477.499837878E-03,+2.552724532961E+00,+95.526694954E-03
+3.108685000E-03,+463.197074209E-03,+2.552724532961E+00,+95.473931139E-03
+3.108690000E-03,+448.894310554E-03,+2.552724532961E+00,+95.539885911E-03
+3.108695000E-03,+434.747011683E-03,+2.552724532961E+00,+95.627825613E-03
+3.108700000E-03,+419.977853568E-03,+2.552724532961E+00,+95.482725108E-03
+3.108705000E-03,+405.830554751E-03,+2.552724532961E+00,+95.772926109E-03
+3.108710000E-03,+391.631434293E-03,+2.552724532961E+00,+95.368403502E-03
+3.108715000E-03,+376.447703292E-03,+2.552724532961E+00,+95.715765308E-03
+3.108720000E-03,+361.626723559E-03,+2.552724532961E+00,+95.276066819E-03
+3.108725000E-03,+346.339349338E-03,+2.552724532961E+00,+95.610237670E-03
+3.108730000E-03,+331.155618371E-03,+2.552724532961E+00,+95.166142200E-03
+3.108735000E-03,+316.749211455E-03,+2.552724532961E+00,+95.412373347E-03
+3.108740000E-03,+302.705555862E-03,+2.552724532961E+00,+94.999056771E-03
+3.108745000E-03,+288.247327335E-03,+2.552724532961E+00,+95.038629634E-03
+3.108750000E-03,+273.478169233E-03,+2.552724532961E+00,+94.735237679E-03
+3.108755000E-03,+257.620757339E-03,+2.552724532961E+00,+94.704458784E-03
+3.108760000E-03,+243.473458484E-03,+2.552724532961E+00,+94.396669845E-03
+3.108765000E-03,+228.030619461E-03,+2.552724532961E+00,+94.203202512E-03
+3.108770000E-03,+213.054174923E-03,+2.552724532961E+00,+93.961368342E-03
+3.108775000E-03,+197.870443896E-03,+2.552724532961E+00,+93.789885934E-03
+3.108780000E-03,+183.204928976E-03,+2.552724532961E+00,+93.429333169E-03
+3.108785000E-03,+166.362906568E-03,+2.552724532961E+00,+93.328202521E-03
+3.108790000E-03,+151.438283595E-03,+2.552724532961E+00,+92.818152272E-03
+3.108795000E-03,+136.099087793E-03,+2.552724532961E+00,+92.848931169E-03
+3.108800000E-03,+120.189854274E-03,+2.552724532961E+00,+92.259735196E-03
+3.108805000E-03,+105.161588123E-03,+2.552724532961E+00,+92.101443737E-03
+3.108810000E-03,+88.734138537E-03,+2.552724532961E+00,+91.534232690E-03
+3.108815000E-03,+74.172266839E-03,+2.552724532961E+00,+91.345162338E-03
+3.108820000E-03,+58.418498173E-03,+2.552724532961E+00,+90.733981444E-03
+3.108825000E-03,+42.923837526E-03,+2.552724532961E+00,+90.434986468E-03
+3.108830000E-03,+28.154679379E-03,+2.552724532961E+00,+90.122800544E-03
+3.108835000E-03,+13.178234818E-03,+2.552724532961E+00,+89.423679946E-03
+3.108840000E-03,-2.471890635E-03,+2.552724532961E+00,+89.291770404E-03
+3.108845000E-03,-17.085583959E-03,+2.552724532961E+00,+88.544282972E-03
+3.108850000E-03,-31.958385309E-03,+2.552724532961E+00,+88.394785488E-03
+3.108855000E-03,-46.105684104E-03,+2.552724532961E+00,+87.489006606E-03
+3.108860000E-03,-61.755809592E-03,+2.552724532961E+00,+87.321921177E-03
+3.108865000E-03,-76.835897375E-03,+2.552724532961E+00,+86.464509127E-03
+3.108870000E-03,-91.294125860E-03,+2.552724532961E+00,+86.130338274E-03
+3.108875000E-03,-108.032505087E-03,+2.552724532961E+00,+85.457599592E-03
+3.108880000E-03,-123.371700887E-03,+2.552724532961E+00,+84.894785523E-03
+3.108885000E-03,-139.540042444E-03,+2.552724532961E+00,+84.362750358E-03
+3.108890000E-03,-154.775595044E-03,+2.552724532961E+00,+83.650438804E-03
+3.108895000E-03,-170.062969239E-03,+2.552724532961E+00,+83.193152380E-03
+3.108900000E-03,-185.661273068E-03,+2.552724532961E+00,+82.344534298E-03
+3.108905000E-03,-199.704928759E-03,+2.552724532961E+00,+81.948805660E-03
+3.108910000E-03,-215.147767723E-03,+2.552724532961E+00,+81.051820742E-03
+3.108915000E-03,-231.367930899E-03,+2.552724532961E+00,+80.510991605E-03
+3.108920000E-03,-247.018056365E-03,+2.552724532961E+00,+79.750313222E-03
+3.108925000E-03,-262.616360212E-03,+2.552724532961E+00,+79.187499153E-03
+3.108930000E-03,-277.748269606E-03,+2.552724532961E+00,+78.400438864E-03
+3.108935000E-03,-292.932000577E-03,+2.552724532961E+00,+77.644157463E-03
+3.108940000E-03,-307.752980320E-03,+2.552724532961E+00,+76.887876067E-03
+3.108945000E-03,-322.470316857E-03,+2.552724532961E+00,+76.026067031E-03
+3.108950000E-03,-337.446761422E-03,+2.552724532961E+00,+75.309358495E-03
+3.108955000E-03,-352.215919565E-03,+2.552724532961E+00,+74.381594685E-03
+3.108960000E-03,-367.296007294E-03,+2.552724532961E+00,+73.686871073E-03
+3.108965000E-03,-381.184198144E-03,+2.552724532961E+00,+72.811871083E-03
+3.108970000E-03,-396.782501973E-03,+2.552724532961E+00,+71.976443958E-03
+3.108975000E-03,-410.929800826E-03,+2.552724532961E+00,+71.110237938E-03
+3.108980000E-03,-426.217175036E-03,+2.552724532961E+00,+70.230840964E-03
+3.108985000E-03,-440.882689946E-03,+2.552724532961E+00,+69.342650017E-03
+3.108990000E-03,-455.185453622E-03,+2.552724532961E+00,+68.423680179E-03
+3.108995000E-03,-469.850968536E-03,+2.552724532961E+00,+67.627825911E-03
+3.109000000E-03,-483.583694547E-03,+2.552724532961E+00,+66.678077179E-03
+3.109005000E-03,-498.819247122E-03,+2.552724532961E+00,+65.684358597E-03
+3.109010000E-03,-511.722827398E-03,+2.552724532961E+00,+64.690640018E-03
+3.109015000E-03,-525.248266939E-03,+2.552724532961E+00,+63.723303342E-03
+3.109020000E-03,-538.825528096E-03,+2.552724532961E+00,+62.848303354E-03
+3.109025000E-03,-552.454610879E-03,+2.552724532961E+00,+61.788629996E-03
+3.109030000E-03,-566.135515265E-03,+2.552724532961E+00,+61.001569706E-03
+3.109035000E-03,-579.505489994E-03,+2.552724532961E+00,+59.770413942E-03
+3.109040000E-03,-593.445502387E-03,+2.552724532961E+00,+59.058102385E-03
+3.109045000E-03,-607.333693217E-03,+2.552724532961E+00,+57.796167731E-03
+3.109050000E-03,-620.081808677E-03,+2.552724532961E+00,+56.947549645E-03
+3.109055000E-03,-634.125464263E-03,+2.552724532961E+00,+55.782348657E-03
+3.109060000E-03,-646.407185251E-03,+2.552724532961E+00,+54.867775797E-03
+3.109065000E-03,-659.103479099E-03,+2.552724532961E+00,+53.768529578E-03
+3.109070000E-03,-671.385200079E-03,+2.552724532961E+00,+52.647298434E-03
+3.109075000E-03,-683.977850691E-03,+2.552724532961E+00,+51.701946691E-03
+3.109080000E-03,-696.259571643E-03,+2.552724532961E+00,+50.431218055E-03
+3.109085000E-03,-708.282184602E-03,+2.552724532961E+00,+49.499057268E-03
+3.109090000E-03,-721.289408081E-03,+2.552724532961E+00,+48.263504516E-03
+3.109095000E-03,-734.192988314E-03,+2.552724532961E+00,+47.287373871E-03
+3.109100000E-03,-747.355676625E-03,+2.552724532961E+00,+46.065012078E-03
+3.109105000E-03,-758.497322251E-03,+2.552724532961E+00,+44.974559824E-03
+3.109110000E-03,-771.038151272E-03,+2.552724532961E+00,+43.853328685E-03
+3.109115000E-03,-782.076153666E-03,+2.552724532961E+00,+42.472675431E-03
+3.109120000E-03,-793.943301774E-03,+2.552724532961E+00,+41.465765902E-03
+3.109125000E-03,-804.929482569E-03,+2.552724532961E+00,+40.067524702E-03
+3.109130000E-03,-817.159381901E-03,+2.552724532961E+00,+39.254082505E-03
+3.109135000E-03,-827.057308965E-03,+2.552724532961E+00,+37.701946837E-03
+3.109140000E-03,-838.924457073E-03,+2.552724532961E+00,+36.897298609E-03
+3.109145000E-03,-849.392421779E-03,+2.552724532961E+00,+35.288002140E-03
+3.109150000E-03,-860.274959371E-03,+2.552724532961E+00,+34.417399140E-03
+3.109155000E-03,-870.431994432E-03,+2.552724532961E+00,+32.896042364E-03
+3.109160000E-03,-879.915348614E-03,+2.552724532961E+00,+31.990263487E-03
+3.109165000E-03,-891.523388664E-03,+2.552724532961E+00,+30.504082595E-03
+3.109170000E-03,-902.250461422E-03,+2.552724532961E+00,+29.356469545E-03
+3.109175000E-03,-912.977534177E-03,+2.552724532961E+00,+28.072549955E-03
+3.109180000E-03,-922.460888345E-03,+2.552724532961E+00,+26.863379119E-03
+3.109185000E-03,-930.337772720E-03,+2.552724532961E+00,+25.614635412E-03
+3.109190000E-03,-942.256742392E-03,+2.552724532961E+00,+24.379082666E-03
+3.109195000E-03,-951.273702077E-03,+2.552724532961E+00,+23.073178150E-03
+3.109200000E-03,-960.290661815E-03,+2.552724532961E+00,+21.872801285E-03
+3.109205000E-03,-970.551340095E-03,+2.552724532961E+00,+20.430590239E-03
+3.109210000E-03,-978.117294775E-03,+2.552724532961E+00,+19.467650555E-03
+3.109215000E-03,-986.875146476E-03,+2.552724532961E+00,+17.836369164E-03
+3.109220000E-03,-995.943927771E-03,+2.552724532961E+00,+16.965766157E-03
+3.109225000E-03,-1.004183563334E+00,+2.552724532961E+00,+15.259736025E-03
+3.109230000E-03,-1.012682306982E+00,+2.552724532961E+00,+14.463881759E-03
+3.109235000E-03,-1.020973764173E+00,+2.552724532961E+00,+12.691896857E-03
+3.109240000E-03,-1.029057934952E+00,+2.552724532961E+00,+11.781720983E-03
+3.109245000E-03,-1.036831176083E+00,+2.552724532961E+00,+10.106469755E-03
+3.109250000E-03,-1.044241665951E+00,+2.552724532961E+00,+9.174308950E-03
+3.109255000E-03,-1.051133939759E+00,+2.552724532961E+00,+7.591394405E-03
+3.109260000E-03,-1.059684504977E+00,+2.552724532961E+00,+6.452575310E-03
+3.109265000E-03,-1.065954919500E+00,+2.552724532961E+00,+5.124685886E-03
+3.109270000E-03,-1.072484442020E+00,+2.552724532961E+00,+3.779208509E-03
+3.109275000E-03,-1.079584002268E+00,+2.552724532961E+00,+2.618404504E-03
+3.109280000E-03,-1.086528097652E+00,+2.552724532961E+00,+1.163002509E-03
+3.109285000E-03,-1.092487582513E+00,+2.552724532961E+00,-24.183409E-06
+3.109290000E-03,-1.098084316132E+00,+2.552724532961E+00,-1.387248719E-03
+3.109295000E-03,-1.103836514548E+00,+2.552724532961E+00,-2.618404486E-03
+3.109300000E-03,-1.110521501935E+00,+2.552724532961E+00,-3.823178345E-03
+3.109305000E-03,-1.115807305913E+00,+2.552724532961E+00,-5.291771291E-03
+3.109310000E-03,-1.121818612379E+00,+2.552724532961E+00,-6.478957209E-03
+3.109315000E-03,-1.126275270625E+00,+2.552724532961E+00,-7.982726034E-03
+3.109320000E-03,-1.130317355981E+00,+2.552724532961E+00,-9.086369245E-03
+3.109325000E-03,-1.136069554429E+00,+2.552724532961E+00,-10.638504898E-03
+3.109330000E-03,-1.140267104648E+00,+2.552724532961E+00,-11.781720973E-03
+3.109335000E-03,-1.144620119670E+00,+2.552724532961E+00,-13.144786279E-03
+3.109340000E-03,-1.149750458833E+00,+1.664533603838E+00,-14.450690795E-03
+3.109345000E-03,-1.153533436147E+00,-128.651063864E-03,-15.620288768E-03
+3.109350000E-03,-1.156746375841E+00,-181.257849650E-03,-16.961369161E-03
+3.109355000E-03,-1.160788461193E+00,-36.235868751E-03,-18.381595275E-03
+3.109360000E-03,-1.164934189802E+00,+177.017901397E-03,-19.542399278E-03
+3.109365000E-03,-1.169079918386E+00,-82.247171950E-03,-20.887876656E-03
+3.109370000E-03,-1.172137393260E+00,-73.531720213E-03,-22.123429398E-03
+3.109375000E-03,-1.174780295240E+00,-97.950690103E-03,-23.561243462E-03
+3.109380000E-03,-1.178511450952E+00,-17.391645641E-03,-24.664886659E-03
+3.109385000E-03,-1.180895244895E+00,-56.022298217E-03,-26.388504737E-03
+3.109390000E-03,-1.182812644389E+00,-48.170539718E-03,-27.188755977E-03
+3.109395000E-03,-1.185818297621E+00,-62.539258098E-03,-28.925565013E-03
+3.109400000E-03,-1.187165659433E+00,-49.348303538E-03,-29.571921786E-03
+3.109405000E-03,-1.189601274972E+00,-54.059358678E-03,-31.572549905E-03
+3.109410000E-03,-1.190067669465E+00,-50.604584915E-03,-32.223303667E-03
+3.109415000E-03,-1.191881425714E+00,-53.509735501E-03,-34.070037311E-03
+3.109420000E-03,-1.191985068944E+00,-50.761620076E-03,-34.870288565E-03
+3.109425000E-03,-1.191985068958E+00,-50.918655180E-03,-36.369660406E-03
+3.109430000E-03,-1.193332430741E+00,-48.484610037E-03,-37.570037280E-03
+3.109435000E-03,-1.195146186997E+00,-50.054961752E-03,-38.783605101E-03
+3.109440000E-03,-1.195094365367E+00,-46.678705574E-03,-40.032348814E-03
+3.109445000E-03,-1.194679792534E+00,-49.505338646E-03,-41.122801061E-03
+3.109450000E-03,-1.194835257345E+00,-49.583856263E-03,-42.591394006E-03
+3.109455000E-03,-1.194006111619E+00,-50.211996930E-03,-43.488378925E-03
+3.109460000E-03,-1.193747003641E+00,-48.877197962E-03,-44.908605037E-03
+3.109465000E-03,-1.192814214631E+00,-51.154207961E-03,-45.990263324E-03
+3.109470000E-03,-1.193021501072E+00,-47.228328677E-03,-47.247800989E-03
+3.109475000E-03,-1.190844993629E+00,-48.170539638E-03,-48.373429127E-03
+3.109480000E-03,-1.190430420720E+00,-45.579459375E-03,-49.468278351E-03
+3.109485000E-03,-1.188046626780E+00,-47.542398961E-03,-50.853328597E-03
+3.109490000E-03,-1.187010194619E+00,-46.364635222E-03,-51.829459231E-03
+3.109495000E-03,-1.185611011235E+00,-48.013504494E-03,-53.166142642E-03
+3.109500000E-03,-1.182968109264E+00,-49.112750717E-03,-54.102700417E-03
+3.109505000E-03,-1.180947066548E+00,-47.542398941E-03,-55.399810956E-03
+3.109510000E-03,-1.178718737446E+00,-46.050564850E-03,-56.441896374E-03
+3.109515000E-03,-1.175764905815E+00,-46.129082421E-03,-57.523554654E-03
+3.109520000E-03,-1.173225647037E+00,-47.934986924E-03,-58.741519465E-03
+3.109525000E-03,-1.170323637004E+00,-46.443152752E-03,-59.585740559E-03
+3.109530000E-03,-1.167421626992E+00,-46.914258274E-03,-60.970790796E-03
+3.109535000E-03,-1.164260508969E+00,-47.228328626E-03,-61.705087275E-03
+3.109540000E-03,-1.160892104467E+00,-48.249057241E-03,-63.226444034E-03
+3.109545000E-03,-1.156850019099E+00,-48.641645215E-03,-63.872800820E-03
+3.109550000E-03,-1.153274328155E+00,-46.600187933E-03,-65.196293260E-03
+3.109555000E-03,-1.149387707592E+00,-47.463881367E-03,-66.088881198E-03
+3.109560000E-03,-1.145241979016E+00,-43.852072415E-03,-67.130966609E-03
+3.109565000E-03,-1.140370747894E+00,-47.385363783E-03,-68.239006804E-03
+3.109570000E-03,-1.135914089662E+00,-45.500941741E-03,-68.938127395E-03
+3.109575000E-03,-1.130783750521E+00,-46.050564864E-03,-70.301192711E-03
+3.109580000E-03,-1.125549768183E+00,-44.480213060E-03,-70.890388682E-03
+3.109585000E-03,-1.120989466706E+00,-46.992775886E-03,-72.380966554E-03
+3.109590000E-03,-1.115289089883E+00,-44.951318593E-03,-72.904207757E-03
+3.109595000E-03,-1.109433248269E+00,-45.815012044E-03,-74.210112261E-03
+3.109600000E-03,-1.103991979451E+00,-45.422424102E-03,-74.781720304E-03
+3.109605000E-03,-1.098136137784E+00,-45.815012034E-03,-75.916142391E-03
+3.109610000E-03,-1.091813901738E+00,-44.794283433E-03,-76.760363499E-03
+3.109615000E-03,-1.085025271143E+00,-46.443152741E-03,-77.547423783E-03
+3.109620000E-03,-1.078703035028E+00,-43.930590034E-03,-78.699433825E-03
+3.109625000E-03,-1.072899014987E+00,-44.323177910E-03,-79.178705174E-03
+3.109630000E-03,-1.066524957258E+00,-42.438755841E-03,-80.497800643E-03
+3.109635000E-03,-1.059736326645E+00,-43.302449285E-03,-80.897926262E-03
+3.109640000E-03,-1.052377658449E+00,-45.265388910E-03,-82.168654892E-03
+3.109645000E-03,-1.045122633378E+00,-43.852072367E-03,-82.559986548E-03
+3.109650000E-03,-1.037245749054E+00,-44.401695550E-03,-83.747172461E-03
+3.109655000E-03,-1.029679794352E+00,-45.500941699E-03,-84.266016683E-03
+3.109660000E-03,-1.021336515542E+00,-42.203203062E-03,-85.281720184E-03
+3.109665000E-03,-1.013511452798E+00,-45.108353788E-03,-85.919282997E-03
+3.109670000E-03,-1.005375460442E+00,-43.380966847E-03,-86.745916147E-03
+3.109675000E-03,-996.773073567E-03,-42.988378930E-03,-87.453830716E-03
+3.109680000E-03,-987.807935504E-03,-42.988378972E-03,-88.170539252E-03
+3.109685000E-03,-979.101905414E-03,-43.538002050E-03,-88.869659846E-03
+3.109690000E-03,-969.877659296E-03,-42.124685493E-03,-89.573177429E-03
+3.109695000E-03,-960.238840355E-03,-44.323177878E-03,-90.149182448E-03
+3.109700000E-03,-951.066415798E-03,-42.752826196E-03,-91.028579422E-03
+3.109705000E-03,-942.101277698E-03,-43.538001983E-03,-91.362750273E-03
+3.109710000E-03,-932.358815503E-03,-43.223931716E-03,-92.374056792E-03
+3.109715000E-03,-921.424456335E-03,-44.087625117E-03,-92.589509058E-03
+3.109720000E-03,-911.837458960E-03,-43.538002025E-03,-93.618403512E-03
+3.109725000E-03,-901.576780654E-03,-44.401695487E-03,-93.763504021E-03
+3.109730000E-03,-891.316102384E-03,-42.831343755E-03,-94.704458776E-03
+3.109735000E-03,-881.055424083E-03,-43.380966851E-03,-94.915514060E-03
+3.109740000E-03,-871.675713114E-03,-41.889132764E-03,-95.698177356E-03
+3.109745000E-03,-860.637710755E-03,-43.538002000E-03,-96.085112042E-03
+3.109750000E-03,-850.221567656E-03,-41.732097564E-03,-96.612750215E-03
+3.109755000E-03,-839.701781303E-03,-42.674308620E-03,-97.100815548E-03
+3.109760000E-03,-827.782811601E-03,-41.889132728E-03,-97.566895932E-03
+3.109765000E-03,-817.055738870E-03,-42.674308603E-03,-98.094534124E-03
+3.109770000E-03,-805.395877169E-03,-41.260992053E-03,-98.525438636E-03
+3.109775000E-03,-794.046945128E-03,-44.009107519E-03,-98.973931097E-03
+3.109780000E-03,-781.661580960E-03,-41.025439252E-03,-99.483981347E-03
+3.109785000E-03,-770.416292165E-03,-42.517273378E-03,-99.730212498E-03
+3.109790000E-03,-756.942674207E-03,-43.066896524E-03,-100.293026562E-03
+3.109795000E-03,-745.386455693E-03,-41.260992006E-03,-100.345790380E-03
+3.109800000E-03,-732.793805102E-03,-44.401695515E-03,-101.168026552E-03
+3.109805000E-03,-721.082121804E-03,-42.124685497E-03,-100.965765246E-03
+3.109810000E-03,-708.904044042E-03,-42.595791048E-03,-101.831971268E-03
+3.109815000E-03,-696.259571814E-03,-41.967650279E-03,-101.554961222E-03
+3.109820000E-03,-683.926029239E-03,-40.789886534E-03,-102.465137091E-03
+3.109825000E-03,-670.659697740E-03,-41.496544785E-03,-102.152951166E-03
+3.109830000E-03,-657.704295821E-03,-41.810615137E-03,-102.913629546E-03
+3.109835000E-03,-644.075213076E-03,-42.674308599E-03,-102.755338095E-03
+3.109840000E-03,-631.067989571E-03,-41.418027169E-03,-103.212624519E-03
+3.109845000E-03,-617.698014862E-03,-43.302449241E-03,-103.326946127E-03
+3.109850000E-03,-604.276218533E-03,-41.496544811E-03,-103.542398388E-03
+3.109855000E-03,-591.528103077E-03,-43.066896458E-03,-103.674307932E-03
+3.109860000E-03,-577.536269092E-03,-41.418027162E-03,-103.687498894E-03
+3.109865000E-03,-564.114472720E-03,-43.223931636E-03,-103.951317978E-03
+3.109870000E-03,-551.366357254E-03,-42.046167899E-03,-104.034860697E-03
+3.109875000E-03,-537.322701658E-03,-42.988378915E-03,-104.078830539E-03
+3.109880000E-03,-523.745440494E-03,-41.653579941E-03,-104.267900897E-03
+3.109885000E-03,-510.116357740E-03,-42.046167910E-03,-104.157976267E-03
+3.109890000E-03,-494.621697097E-03,-40.711368933E-03,-104.439383308E-03
+3.109895000E-03,-481.096257549E-03,-41.260992057E-03,-104.144785317E-03
+3.109900000E-03,-466.430742643E-03,-40.083228243E-03,-104.544910944E-03
+3.109905000E-03,-452.957124677E-03,-42.517273396E-03,-104.135991350E-03
+3.109910000E-03,-438.032501760E-03,-41.653579926E-03,-104.540513956E-03
+3.109915000E-03,-422.796949106E-03,-43.223931646E-03,-104.144785319E-03
+3.109920000E-03,-408.494185467E-03,-41.339509600E-03,-104.426192345E-03
+3.109925000E-03,-393.984135369E-03,-41.260992017E-03,-104.105212456E-03
+3.109930000E-03,-379.681371689E-03,-40.946921742E-03,-104.250312954E-03
+3.109935000E-03,-363.772138222E-03,-42.203203069E-03,-104.021669746E-03
+3.109940000E-03,-349.365731327E-03,-40.632851353E-03,-103.858981298E-03
+3.109945000E-03,-333.819249111E-03,-41.575062395E-03,-103.806217485E-03
+3.109950000E-03,-318.220945273E-03,-43.380966902E-03,-103.603956176E-03
+3.109955000E-03,-302.985392628E-03,-42.438755831E-03,-103.511619495E-03
+3.109960000E-03,-288.268056115E-03,-42.752826164E-03,-103.186242616E-03
+3.109965000E-03,-274.120757269E-03,-41.418027142E-03,-103.080714978E-03
+3.109970000E-03,-258.574275031E-03,-41.967650338E-03,-102.781720008E-03
+3.109975000E-03,-242.975971178E-03,-41.025439214E-03,-102.614634579E-03
+3.109980000E-03,-227.999526568E-03,-42.203203077E-03,-102.438755189E-03
+3.109985000E-03,-211.364790632E-03,-41.967650241E-03,-102.095790360E-03
+3.109990000E-03,-196.906562099E-03,-42.124685482E-03,-101.924307960E-03
+3.109995000E-03,-181.878295941E-03,-42.046167880E-03,-101.510991371E-03
+3.110000000E-03,-166.746386531E-03,-41.418027191E-03,-101.260363241E-03
+3.110005000E-03,-151.562655565E-03,-41.418027240E-03,-100.873428568E-03
+3.110010000E-03,-135.601600469E-03,-41.182474441E-03,-100.570036618E-03
+3.110015000E-03,-119.796010197E-03,-40.946921638E-03,-100.108353201E-03
+3.110020000E-03,-104.197706366E-03,-40.004710668E-03,-99.782976326E-03
+3.110025000E-03,-88.495759258E-03,-40.789886513E-03,-99.404835621E-03
+3.110030000E-03,-73.519314683E-03,-39.926193062E-03,-98.956343168E-03
+3.110035000E-03,-58.231940517E-03,-42.281720664E-03,-98.661745175E-03
+3.110040000E-03,-44.084641649E-03,-39.533605097E-03,-98.116519059E-03
+3.110045000E-03,-29.315483501E-03,-41.496544755E-03,-97.782348201E-03
+3.110050000E-03,-12.888033925E-03,-40.161745824E-03,-97.210740171E-03
+3.110055000E-03,+1.570194553E-03,-41.182474445E-03,-96.709483890E-03
+3.110060000E-03,+17.945822503E-03,-40.318780971E-03,-96.256594456E-03
+3.110065000E-03,+33.699591186E-03,-41.103956835E-03,-95.649810531E-03
+3.110070000E-03,+49.297895056E-03,-40.868404035E-03,-95.179333158E-03
+3.110075000E-03,+63.807945157E-03,-41.810615176E-03,-94.475815573E-03
+3.110080000E-03,+78.888032918E-03,-40.004710623E-03,-94.128453773E-03
+3.110085000E-03,+93.864477486E-03,-40.318780964E-03,-93.328202523E-03
+3.110090000E-03,+109.203673321E-03,-40.946921703E-03,-93.002825642E-03
+3.110095000E-03,+125.061085192E-03,-41.418027195E-03,-92.070664847E-03
+3.110100000E-03,+140.555745827E-03,-41.889132767E-03,-91.736493995E-03
+3.110105000E-03,+156.620444130E-03,-43.459484402E-03,-90.945036720E-03
+3.110110000E-03,+172.426034410E-03,-40.711368964E-03,-90.342649788E-03
+3.110115000E-03,+186.780619706E-03,-40.711368915E-03,-89.625941260E-03
+3.110120000E-03,+201.964350694E-03,-42.281720691E-03,-88.900438750E-03
+3.110125000E-03,+216.526222377E-03,-40.868404073E-03,-88.306845796E-03
+3.110130000E-03,+231.243558910E-03,-40.240263388E-03,-87.493403589E-03
+3.110135000E-03,+246.738219576E-03,-41.967650254E-03,-87.080087009E-03
+3.110140000E-03,+260.626410392E-03,-40.397298543E-03,-86.042398584E-03
+3.110145000E-03,+277.002038324E-03,-42.909861307E-03,-85.563127228E-03
+3.110150000E-03,+292.548520595E-03,-41.339509607E-03,-84.565011664E-03
+3.110155000E-03,+307.265857080E-03,-41.575062377E-03,-83.975815688E-03
+3.110160000E-03,+321.257691155E-03,-41.967650300E-03,-83.008479015E-03
+3.110165000E-03,+336.596886968E-03,-40.554333678E-03,-82.274182540E-03
+3.110170000E-03,+350.951472233E-03,-40.161745855E-03,-81.311242856E-03
+3.110175000E-03,+365.979738389E-03,-41.260992032E-03,-80.502197636E-03
+3.110180000E-03,+380.178858852E-03,-40.946921723E-03,-79.697549403E-03
+3.110185000E-03,+394.740730597E-03,-42.203203038E-03,-78.800564488E-03
+3.110190000E-03,+410.183569609E-03,-42.203203054E-03,-77.820036862E-03
+3.110195000E-03,+424.279046799E-03,-41.575062353E-03,-77.010991646E-03
+3.110200000E-03,+437.908129588E-03,-41.653579995E-03,-76.039257984E-03
+3.110205000E-03,+452.521822883E-03,-41.889132725E-03,-75.247800711E-03
+3.110210000E-03,+465.684511244E-03,-41.182474453E-03,-74.078202733E-03
+3.110215000E-03,+480.712777365E-03,-41.967650343E-03,-73.374685152E-03
+3.110220000E-03,+493.512714437E-03,-40.318780960E-03,-72.191896221E-03
+3.110225000E-03,+506.779045917E-03,-41.810615138E-03,-71.527951499E-03
+3.110230000E-03,+520.874523174E-03,-41.103956854E-03,-70.340765588E-03
+3.110235000E-03,+534.244497894E-03,-42.046167836E-03,-69.509735442E-03
+3.110240000E-03,+548.184510336E-03,-40.083228202E-03,-68.454459079E-03
+3.110245000E-03,+561.502663408E-03,-41.967650273E-03,-67.429961594E-03
+3.110250000E-03,+574.561708549E-03,-40.632851379E-03,-66.550564626E-03
+3.110255000E-03,+588.242612888E-03,-43.773554748E-03,-65.218278200E-03
+3.110260000E-03,+601.405301202E-03,-40.711368875E-03,-64.510363642E-03
+3.110265000E-03,+615.759886486E-03,-41.967650336E-03,-63.024182749E-03
+3.110270000E-03,+627.937964250E-03,-41.810615130E-03,-62.443780745E-03
+3.110275000E-03,+640.582436469E-03,-41.575062325E-03,-60.926820964E-03
+3.110280000E-03,+653.589659916E-03,-41.653579988E-03,-60.298052126E-03
+3.110285000E-03,+665.404986491E-03,-42.438755855E-03,-58.926192844E-03
+3.110290000E-03,+678.360388328E-03,-41.025439263E-03,-58.029207929E-03
+3.110295000E-03,+691.574898221E-03,-42.124685459E-03,-56.899182815E-03
+3.110300000E-03,+703.182938316E-03,-41.810615146E-03,-55.650439113E-03
+3.110305000E-03,+714.531870336E-03,-42.203203042E-03,-54.766645144E-03
+3.110310000E-03,+727.694558624E-03,-41.182474457E-03,-53.271670293E-03
+3.110315000E-03,+738.525274641E-03,-43.066896508E-03,-52.431846175E-03
+3.110320000E-03,+751.221568457E-03,-42.281720681E-03,-50.923680372E-03
+3.110325000E-03,+763.140538162E-03,-43.302449281E-03,-50.070665297E-03
+3.110330000E-03,+774.696756631E-03,-41.496544798E-03,-48.624057283E-03
+3.110335000E-03,+785.320186179E-03,-42.203203062E-03,-47.590765828E-03
+3.110340000E-03,+797.031869497E-03,-41.810615166E-03,-46.333228162E-03
+3.110345000E-03,+807.914407011E-03,-41.103956862E-03,-45.185615097E-03
+3.110350000E-03,+818.382371752E-03,-41.103956886E-03,-44.042399039E-03
+3.110355000E-03,+828.746693241E-03,-43.538002014E-03,-42.723303567E-03
+3.110360000E-03,+839.888338884E-03,-41.889132701E-03,-41.694409112E-03
+3.110365000E-03,+849.993552339E-03,-43.773554799E-03,-40.366519678E-03
+3.110370000E-03,+860.876089892E-03,-40.397298574E-03,-39.148554866E-03
+3.110375000E-03,+870.929481731E-03,-42.831343795E-03,-37.851444329E-03
+3.110380000E-03,+882.692986624E-03,-39.769157882E-03,-36.558730773E-03
+3.110385000E-03,+891.399016732E-03,-41.889132705E-03,-35.375941841E-03
+3.110390000E-03,+901.141478899E-03,-42.517273430E-03,-33.951318741E-03
+3.110395000E-03,+910.573011472E-03,-41.260992057E-03,-32.988379055E-03
+3.110400000E-03,+919.849079209E-03,-42.517273446E-03,-31.396670529E-03
+3.110405000E-03,+930.006114293E-03,-42.046167904E-03,-30.574434353E-03
+3.110410000E-03,+938.556679544E-03,-41.025439255E-03,-28.907977086E-03
+3.110415000E-03,+948.143676907E-03,-42.124685430E-03,-27.901067548E-03
+3.110420000E-03,+955.865096444E-03,-41.889132742E-03,-26.353328876E-03
+3.110425000E-03,+964.363840074E-03,-42.517273345E-03,-25.306846468E-03
+3.110430000E-03,+973.018048518E-03,-40.632851389E-03,-23.904208297E-03
+3.110435000E-03,+980.532181593E-03,-42.674308547E-03,-22.545539964E-03
+3.110440000E-03,+988.719995605E-03,-41.889132701E-03,-21.340766120E-03
+3.110445000E-03,+997.270560808E-03,-43.459484422E-03,-19.889761102E-03
+3.110450000E-03,+1.004629229084E+00,-42.124685470E-03,-18.720163124E-03
+3.110455000E-03,+1.012039718990E+00,-42.360238203E-03,-17.216394302E-03
+3.110460000E-03,+1.018724706334E+00,-44.872801056E-03,-16.183102848E-03
+3.110465000E-03,+1.027016163507E+00,-42.517273352E-03,-14.683731014E-03
+3.110470000E-03,+1.033286578007E+00,-42.360238269E-03,-13.426193325E-03
+3.110475000E-03,+1.039712457330E+00,-42.517273360E-03,-12.291771239E-03
+3.110480000E-03,+1.046604731139E+00,-41.418027236E-03,-10.717650644E-03
+3.110485000E-03,+1.052512394411E+00,-43.145414070E-03,-9.671168254E-03
+3.110490000E-03,+1.059041916965E+00,-41.418027174E-03,-7.965138111E-03
+3.110495000E-03,+1.065623261099E+00,-44.323177909E-03,-7.138504962E-03
+3.110500000E-03,+1.071064529910E+00,-42.438755810E-03,-5.318153215E-03
+3.110505000E-03,+1.076764906703E+00,-42.517273397E-03,-4.597047701E-03
+3.110510000E-03,+1.082879856422E+00,-41.025439329E-03,-2.732726113E-03
+3.110515000E-03,+1.088269303562E+00,-43.930589932E-03,-1.928077878E-03
+3.110520000E-03,+1.094021502012E+00,-40.946921693E-03,-244.032674E-06
+3.110525000E-03,+1.097908122595E+00,-42.674308572E-03,+701.319079E-06
+3.110530000E-03,+1.103504856190E+00,-39.219534835E-03,+2.315012525E-03
+3.110535000E-03,+1.108635195375E+00,+651.970765762E-03,+3.493404473E-03
+3.110540000E-03,+1.111329918928E+00,+2.551389732699E+00,+4.821293911E-03
+3.110545000E-03,+1.115423825958E+00,+2.552724532961E+00,+5.964509972E-03
+3.110550000E-03,+1.118274014323E+00,+2.552724532961E+00,+7.608982323E-03
+3.110555000E-03,+1.123197067067E+00,+2.552724532961E+00,+8.497173259E-03
+3.110560000E-03,+1.126669114746E+00,+2.552724532961E+00,+10.211997370E-03
+3.110565000E-03,+1.128949265517E+00,+2.552724532961E+00,+10.946293836E-03
+3.110570000E-03,+1.132369491578E+00,+2.552724532961E+00,+12.806218449E-03
+3.110575000E-03,+1.135323323221E+00,+2.552724532961E+00,+13.536117934E-03
+3.110580000E-03,+1.138225333227E+00,+2.552724532961E+00,+15.505967161E-03
+3.110585000E-03,+1.141490094498E+00,+2.552724532961E+00,+16.081972177E-03
+3.110590000E-03,+1.144495747707E+00,+2.552724532961E+00,+18.016645525E-03
+3.110595000E-03,+1.146724076846E+00,+2.552724532961E+00,+18.706972155E-03
+3.110600000E-03,+1.148848762764E+00,+2.552724532961E+00,+20.514132934E-03
+3.110605000E-03,+1.151388021511E+00,+2.552724532961E+00,+21.472675636E-03
+3.110610000E-03,+1.152839026512E+00,+2.552724532961E+00,+22.888504765E-03
+3.110615000E-03,+1.154756426023E+00,+2.552724532961E+00,+23.939384161E-03
+3.110620000E-03,+1.156051966185E+00,+2.552724532961E+00,+25.324434391E-03
+3.110625000E-03,+1.157036576741E+00,+2.552724532961E+00,+26.718278601E-03
+3.110630000E-03,+1.157192041563E+00,+2.552724532961E+00,+27.791142911E-03
+3.110635000E-03,+1.158435760151E+00,+2.552724532961E+00,+29.242147913E-03
+3.110640000E-03,+1.159213084286E+00,+2.552724532961E+00,+30.310615243E-03
+3.110645000E-03,+1.159524013914E+00,+2.552724532961E+00,+31.660489598E-03
+3.110650000E-03,+1.159420370719E+00,+2.552724532961E+00,+32.768529792E-03
+3.110655000E-03,+1.159005797850E+00,+2.552724532961E+00,+34.061243337E-03
+3.110660000E-03,+1.158176652150E+00,+2.552724532961E+00,+35.274811173E-03
+3.110665000E-03,+1.159005797828E+00,+2.552724532961E+00,+36.347675475E-03
+3.110670000E-03,+1.157710257680E+00,+2.552724532961E+00,+37.710740797E-03
+3.110675000E-03,+1.157554792841E+00,+2.552724532961E+00,+38.682474447E-03
+3.110680000E-03,+1.156570182287E+00,+2.552724532961E+00,+40.155464391E-03
+3.110685000E-03,+1.154445496414E+00,+2.552724532961E+00,+41.030464374E-03
+3.110690000E-03,+1.154030923529E+00,+2.552724532961E+00,+42.507851299E-03
+3.110695000E-03,+1.151750772828E+00,+2.552724532961E+00,+43.413630177E-03
+3.110700000E-03,+1.149988838156E+00,+2.552724532961E+00,+44.825062328E-03
+3.110705000E-03,+1.148848762780E+00,+2.552724532961E+00,+45.744032160E-03
+3.110710000E-03,+1.145221250307E+00,+2.552724532961E+00,+47.019157780E-03
+3.110715000E-03,+1.142889277908E+00,+2.552724532961E+00,+47.968906507E-03
+3.110720000E-03,+1.140298197548E+00,+2.552724532961E+00,+49.270414040E-03
+3.110725000E-03,+1.138121690037E+00,+2.552724532961E+00,+50.176192913E-03
+3.110730000E-03,+1.134753285584E+00,+2.552724532961E+00,+51.512876329E-03
+3.110735000E-03,+1.131799453969E+00,+2.552724532961E+00,+52.352700427E-03
+3.110740000E-03,+1.128690157491E+00,+2.552724532961E+00,+53.689383846E-03
+3.110745000E-03,+1.123974391239E+00,+2.552724532961E+00,+54.414886335E-03
+3.110750000E-03,+1.120295057099E+00,+2.552724532961E+00,+55.826318495E-03
+3.110755000E-03,+1.116563901349E+00,+2.552724532961E+00,+56.450690335E-03
+3.110760000E-03,+1.111744491850E+00,+2.552724532961E+00,+57.910489327E-03
+3.110765000E-03,+1.107184190399E+00,+2.552724532961E+00,+58.460112423E-03
+3.110770000E-03,+1.102831175342E+00,+2.552724532961E+00,+59.871544577E-03
+3.110775000E-03,+1.097286263350E+00,+2.552724532961E+00,+60.421167687E-03
+3.110780000E-03,+1.092104102616E+00,+2.552724532961E+00,+61.744660137E-03
+3.110785000E-03,+1.086870120265E+00,+2.552724532961E+00,+62.461368669E-03
+3.110790000E-03,+1.080755170599E+00,+2.552724532961E+00,+63.666142525E-03
+3.110795000E-03,+1.074899328959E+00,+2.552724532961E+00,+64.563127438E-03
+3.110800000E-03,+1.069354416913E+00,+2.552724532961E+00,+65.526067129E-03
+3.110805000E-03,+1.062980359252E+00,+2.552724532961E+00,+66.502197767E-03
+3.110810000E-03,+1.056813587941E+00,+2.552724532961E+00,+67.289258075E-03
+3.110815000E-03,+1.051838713588E+00,+2.552724532961E+00,+68.318152523E-03
+3.110820000E-03,+1.043184505205E+00,+2.552724532961E+00,+69.250313325E-03
+3.110825000E-03,+1.036758625836E+00,+2.552724532961E+00,+70.098931398E-03
+3.110830000E-03,+1.028985384734E+00,+2.552724532961E+00,+70.947549490E-03
+3.110835000E-03,+1.022404040615E+00,+2.552724532961E+00,+71.774182637E-03
+3.110840000E-03,+1.014889907498E+00,+2.552724532961E+00,+72.750313287E-03
+3.110845000E-03,+1.006961201532E+00,+2.552724532961E+00,+73.365891163E-03
+3.110850000E-03,+998.514279573E-03,+2.552724532961E+00,+74.346418797E-03
+3.110855000E-03,+991.777470548E-03,+2.552724532961E+00,+74.957599693E-03
+3.110860000E-03,+983.641478182E-03,+2.552724532961E+00,+75.968906215E-03
+3.110865000E-03,+976.230988308E-03,+2.552724532961E+00,+76.580087114E-03
+3.110870000E-03,+967.110385379E-03,+2.552724532961E+00,+77.433102179E-03
+3.110875000E-03,+958.870749850E-03,+2.552724532961E+00,+78.202574529E-03
+3.110880000E-03,+950.475649374E-03,+2.552724532961E+00,+78.932474019E-03
+3.110885000E-03,+941.303224899E-03,+2.552724532961E+00,+79.614006678E-03
+3.110890000E-03,+933.270875680E-03,+2.552724532961E+00,+80.286745366E-03
+3.110895000E-03,+923.372948659E-03,+2.552724532961E+00,+81.012247872E-03
+3.110900000E-03,+913.785951310E-03,+2.552724532961E+00,+81.526695102E-03
+3.110905000E-03,+904.665348392E-03,+2.552724532961E+00,+82.296167453E-03
+3.110910000E-03,+894.560134903E-03,+2.552724532961E+00,+82.867775489E-03
+3.110915000E-03,+884.040348607E-03,+2.552724532961E+00,+83.509735281E-03
+3.110920000E-03,+875.075210501E-03,+2.552724532961E+00,+84.173680007E-03
+3.110925000E-03,+864.969997077E-03,+2.552724532961E+00,+84.692524208E-03
+3.110930000E-03,+855.072070009E-03,+2.552724532961E+00,+85.532348324E-03
+3.110935000E-03,+845.018678145E-03,+2.552724532961E+00,+85.655463904E-03
+3.110940000E-03,+834.550713448E-03,+2.552724532961E+00,+86.693152336E-03
+3.110945000E-03,+822.372635765E-03,+2.552724532961E+00,+86.679961381E-03
+3.110950000E-03,+811.593741367E-03,+2.552724532961E+00,+87.783604580E-03
+3.110955000E-03,+799.260198771E-03,+2.552724532961E+00,+87.774810618E-03
+3.110960000E-03,+789.051342082E-03,+2.552724532961E+00,+88.728956329E-03
+3.110965000E-03,+777.806053243E-03,+2.552724532961E+00,+88.847674927E-03
+3.110970000E-03,+767.545375008E-03,+2.552724532961E+00,+89.586368380E-03
+3.110975000E-03,+755.522762086E-03,+2.552724532961E+00,+89.836996526E-03
+3.110980000E-03,+744.173830015E-03,+2.552724532961E+00,+90.408604548E-03
+3.110985000E-03,+732.462146753E-03,+2.552724532961E+00,+90.769157317E-03
+3.110990000E-03,+720.387712215E-03,+2.552724532961E+00,+91.094534197E-03
+3.110995000E-03,+708.779672114E-03,+2.552724532961E+00,+91.600187457E-03
+3.111000000E-03,+696.290664740E-03,+2.552724532961E+00,+91.802448761E-03
+3.111005000E-03,+684.216230208E-03,+2.552724532961E+00,+92.312499008E-03
+3.111010000E-03,+671.468114752E-03,+2.552724532961E+00,+92.444408559E-03
+3.111015000E-03,+658.979107330E-03,+2.552724532961E+00,+92.910488949E-03
+3.111020000E-03,+646.697386348E-03,+2.552724532961E+00,+93.134735179E-03
+3.111025000E-03,+634.467486993E-03,+2.552724532961E+00,+93.385363316E-03
+3.111030000E-03,+620.527474595E-03,+2.552724532961E+00,+93.732725126E-03
+3.111035000E-03,+607.675715941E-03,+2.552724532961E+00,+93.891016577E-03
+3.111040000E-03,+594.927600446E-03,+2.552724532961E+00,+94.190011557E-03
+3.111045000E-03,+580.780301657E-03,+2.552724532961E+00,+94.326318083E-03
+3.111050000E-03,+568.861331896E-03,+2.552724532961E+00,+94.603328136E-03
+3.111055000E-03,+554.506746641E-03,+2.552724532961E+00,+94.805589437E-03
+3.111060000E-03,+541.240415179E-03,+2.552724532961E+00,+94.933101992E-03
+3.111065000E-03,+526.730365044E-03,+2.552724532961E+00,+95.166142194E-03
+3.111070000E-03,+512.997639055E-03,+2.552724532961E+00,+95.104584407E-03
+3.111075000E-03,+500.042237171E-03,+2.552724532961E+00,+95.364006518E-03
+3.111080000E-03,+486.775905655E-03,+2.552724532961E+00,+95.232096972E-03
+3.111085000E-03,+471.903104361E-03,+2.552724532961E+00,+95.535488927E-03
+3.111090000E-03,+458.636772809E-03,+2.552724532961E+00,+95.390388428E-03
+3.111095000E-03,+444.230365971E-03,+2.552724532961E+00,+95.605840684E-03
+3.111100000E-03,+429.720315815E-03,+2.552724532961E+00,+95.539885913E-03
+3.111105000E-03,+416.143054705E-03,+2.552724532961E+00,+95.592649724E-03
+3.111110000E-03,+401.425718179E-03,+2.552724532961E+00,+95.676192449E-03
+3.111115000E-03,+387.744813709E-03,+2.552724532961E+00,+95.368403497E-03
+3.111120000E-03,+372.094688340E-03,+2.552724532961E+00,+95.733353246E-03
+3.111125000E-03,+357.480994990E-03,+2.552724532961E+00,+95.210112048E-03
+3.111130000E-03,+342.763658504E-03,+2.552724532961E+00,+95.592649731E-03
+3.111135000E-03,+327.942678732E-03,+2.552724532961E+00,+95.060614561E-03
+3.111140000E-03,+313.743558248E-03,+2.552724532961E+00,+95.465137161E-03
+3.111145000E-03,+298.508005660E-03,+2.552724532961E+00,+94.871544217E-03
+3.111150000E-03,+284.308885215E-03,+2.552724532961E+00,+95.060614555E-03
+3.111155000E-03,+269.125154228E-03,+2.552724532961E+00,+94.682473864E-03
+3.111160000E-03,+254.718747360E-03,+2.552724532961E+00,+94.664885913E-03
+3.111165000E-03,+239.120443516E-03,+2.552724532961E+00,+94.379081910E-03
+3.111170000E-03,+223.418496420E-03,+2.552724532961E+00,+94.128453764E-03
+3.111175000E-03,+208.338408734E-03,+2.552724532961E+00,+94.049308043E-03
+3.111180000E-03,+194.294753038E-03,+2.552724532961E+00,+93.552448744E-03
+3.111185000E-03,+178.800092379E-03,+2.552724532961E+00,+93.614006538E-03
+3.111190000E-03,+163.149966934E-03,+2.552724532961E+00,+93.064383427E-03
+3.111195000E-03,+148.225343990E-03,+2.552724532961E+00,+93.033604534E-03
+3.111200000E-03,+132.678861773E-03,+2.552724532961E+00,+92.475187453E-03
+3.111205000E-03,+116.147768976E-03,+2.552724532961E+00,+92.325689968E-03
+3.111210000E-03,+101.223146017E-03,+2.552724532961E+00,+91.890388466E-03
+3.111215000E-03,+85.676663753E-03,+2.552724532961E+00,+91.635363344E-03
+3.111220000E-03,+70.337467938E-03,+2.552724532961E+00,+91.226443751E-03
+3.111225000E-03,+55.464666562E-03,+2.552724532961E+00,+90.777951296E-03
+3.111230000E-03,+40.125470753E-03,+2.552724532961E+00,+90.373428683E-03
+3.111235000E-03,+24.578988522E-03,+2.552724532961E+00,+89.960112103E-03
+3.111240000E-03,+9.706187187E-03,+2.552724532961E+00,+89.388504072E-03
+3.111245000E-03,-5.736651881E-03,+2.552724532961E+00,+89.102700059E-03
+3.111250000E-03,-21.024026080E-03,+2.552724532961E+00,+88.478328200E-03
+3.111255000E-03,-35.015860104E-03,+2.552724532961E+00,+88.276066897E-03
+3.111260000E-03,-49.836839826E-03,+2.552724532961E+00,+87.396669923E-03
+3.111265000E-03,-66.419754243E-03,+2.552724532961E+00,+87.238378467E-03
+3.111270000E-03,-80.722517874E-03,+2.552724532961E+00,+86.315011650E-03
+3.111275000E-03,-96.994502640E-03,+2.552724532961E+00,+86.130338279E-03
+3.111280000E-03,-112.748271275E-03,+2.552724532961E+00,+85.268529244E-03
+3.111285000E-03,-129.123899268E-03,+2.552724532961E+00,+84.881594572E-03
+3.111290000E-03,-144.152165439E-03,+2.552724532961E+00,+84.125313176E-03
+3.111295000E-03,-159.128610021E-03,+2.552724532961E+00,+83.637247856E-03
+3.111300000E-03,-173.586838503E-03,+2.552724532961E+00,+82.854584550E-03
+3.111305000E-03,-189.755180060E-03,+2.552724532961E+00,+82.225815708E-03
+3.111310000E-03,-204.006122090E-03,+2.552724532961E+00,+81.671795615E-03
+3.111315000E-03,-219.241674650E-03,+2.552724532961E+00,+80.889132307E-03
+3.111320000E-03,-235.461837824E-03,+2.552724532961E+00,+80.409860948E-03
+3.111325000E-03,-250.282817580E-03,+2.552724532961E+00,+79.477700166E-03
+3.111330000E-03,-265.414726934E-03,+2.552724532961E+00,+78.972046893E-03
+3.111335000E-03,-280.961209214E-03,+2.552724532961E+00,+78.202574551E-03
+3.111340000E-03,-296.559513029E-03,+2.552724532961E+00,+77.340765507E-03
+3.111345000E-03,-311.535957608E-03,+2.552724532961E+00,+76.624056983E-03
+3.111350000E-03,-326.408759000E-03,+2.552724532961E+00,+75.823805722E-03
+3.111355000E-03,-342.162527594E-03,+2.552724532961E+00,+75.230212774E-03
+3.111360000E-03,-355.998896849E-03,+2.552724532961E+00,+74.188127348E-03
+3.111365000E-03,-371.389914244E-03,+2.552724532961E+00,+73.616519324E-03
+3.111370000E-03,-385.381748331E-03,+2.552724532961E+00,+72.609609775E-03
+3.111375000E-03,-399.839976788E-03,+2.552724532961E+00,+71.866519342E-03
+3.111380000E-03,-415.438280609E-03,+2.552724532961E+00,+70.833227897E-03
+3.111385000E-03,-429.741044294E-03,+2.552724532961E+00,+70.094534434E-03
+3.111390000E-03,-445.132061641E-03,+2.552724532961E+00,+69.065639972E-03
+3.111395000E-03,-458.812966108E-03,+2.552724532961E+00,+68.322549532E-03
+3.111400000E-03,-473.115729765E-03,+2.552724532961E+00,+67.311243001E-03
+3.111405000E-03,-487.314850241E-03,+2.552724532961E+00,+66.436243017E-03
+3.111410000E-03,-501.773078736E-03,+2.552724532961E+00,+65.504082218E-03
+3.111415000E-03,-515.816734307E-03,+2.552724532961E+00,+64.488378722E-03
+3.111420000E-03,-528.823957805E-03,+2.552724532961E+00,+63.551820930E-03
+3.111425000E-03,-542.038467729E-03,+2.552724532961E+00,+62.588881254E-03
+3.111430000E-03,-555.719372111E-03,+2.552724532961E+00,+61.533604874E-03
+3.111435000E-03,-568.985703637E-03,+2.552724532961E+00,+60.772926493E-03
+3.111440000E-03,-582.977537626E-03,+2.552724532961E+00,+59.528579773E-03
+3.111445000E-03,-596.088404336E-03,+2.552724532961E+00,+58.767901388E-03
+3.111450000E-03,-609.769308709E-03,+2.552724532961E+00,+57.488378793E-03
+3.111455000E-03,-622.413780951E-03,+2.552724532961E+00,+56.670539605E-03
+3.111460000E-03,-635.421004423E-03,+2.552724532961E+00,+55.452574793E-03
+3.111465000E-03,-649.101908770E-03,+2.552724532961E+00,+54.516017012E-03
+3.111470000E-03,-662.264597107E-03,+2.552724532961E+00,+53.385991910E-03
+3.111475000E-03,-674.183566812E-03,+2.552724532961E+00,+52.339509502E-03
+3.111480000E-03,-687.501719949E-03,+2.552724532961E+00,+51.402951722E-03
+3.111485000E-03,-699.420689686E-03,+2.552724532961E+00,+50.149811026E-03
+3.111490000E-03,-711.598767435E-03,+2.552724532961E+00,+49.252826119E-03
+3.111495000E-03,-724.398704481E-03,+2.552724532961E+00,+47.955715578E-03
+3.111500000E-03,-736.732247066E-03,+2.552724532961E+00,+46.997172876E-03
+3.111505000E-03,-749.687648901E-03,+2.552724532961E+00,+45.603328669E-03
+3.111510000E-03,-761.399332251E-03,+2.552724532961E+00,+44.715137724E-03
+3.111515000E-03,-773.007372318E-03,+2.552724532961E+00,+43.457600047E-03
+3.111520000E-03,-784.770877207E-03,+2.552724532961E+00,+42.384735732E-03
+3.111525000E-03,-797.208062994E-03,+2.552724532961E+00,+41.179961883E-03
+3.111530000E-03,-807.520562932E-03,+2.552724532961E+00,+39.966394057E-03
+3.111535000E-03,-818.714030113E-03,+2.552724532961E+00,+38.862750855E-03
+3.111540000E-03,-830.062962152E-03,+2.552724532961E+00,+37.534861420E-03
+3.111545000E-03,-840.323640444E-03,+2.552724532961E+00,+36.470791079E-03
+3.111550000E-03,-851.828037280E-03,+2.552724532961E+00,+35.195665461E-03
+3.111555000E-03,-862.140537195E-03,+2.552724532961E+00,+34.012876533E-03
+3.111560000E-03,-872.919431552E-03,+2.552724532961E+00,+32.772926796E-03
+3.111565000E-03,-883.439217855E-03,+2.552724532961E+00,+31.537374050E-03
+3.111570000E-03,-893.596252932E-03,+2.552724532961E+00,+30.424936868E-03
+3.111575000E-03,-904.426968919E-03,+2.552724532961E+00,+29.035489659E-03
+3.111580000E-03,-914.584003966E-03,+2.552724532961E+00,+27.821921821E-03
+3.111585000E-03,-923.963714934E-03,+2.552724532961E+00,+26.551193203E-03
+3.111590000E-03,-934.276214817E-03,+2.552724532961E+00,+25.227700745E-03
+3.111595000E-03,-943.241352922E-03,+2.552724532961E+00,+24.062499765E-03
+3.111600000E-03,-952.828350303E-03,+2.552724532961E+00,+22.721419358E-03
+3.111605000E-03,-962.156239673E-03,+2.552724532961E+00,+21.648555060E-03
+3.111610000E-03,-971.380485776E-03,+2.552724532961E+00,+20.092022402E-03
+3.111615000E-03,-980.397445518E-03,+2.552724532961E+00,+19.225816395E-03
+3.111620000E-03,-988.740724267E-03,+2.552724532961E+00,+17.528580218E-03
+3.111625000E-03,-997.757683973E-03,+2.552724532961E+00,+16.561243561E-03
+3.111630000E-03,-1.006722822094E+00,+2.552724532961E+00,+14.973932010E-03
+3.111635000E-03,-1.015998889781E+00,+2.552724532961E+00,+14.054962171E-03
+3.111640000E-03,-1.023409379691E+00,+2.552724532961E+00,+12.388504903E-03
+3.111645000E-03,-1.031804480113E+00,+2.552724532961E+00,+11.350816475E-03
+3.111650000E-03,-1.039836829306E+00,+2.552724532961E+00,+9.956972271E-03
+3.111655000E-03,-1.046521816698E+00,+2.552724532961E+00,+8.699434589E-03
+3.111660000E-03,-1.054243236177E+00,+2.552724532961E+00,+7.472675814E-03
+3.111665000E-03,-1.062586514956E+00,+2.552724532961E+00,+5.960113014E-03
+3.111670000E-03,-1.069997004820E+00,+2.552724532961E+00,+4.988379356E-03
+3.111675000E-03,-1.076474705788E+00,+2.552724532961E+00,+3.286746209E-03
+3.111680000E-03,-1.083107871533E+00,+2.552724532961E+00,+2.517273852E-03
+3.111685000E-03,-1.089170999596E+00,+2.552724532961E+00,+670.540208E-06
+3.111690000E-03,-1.097047883980E+00,+2.552724532961E+00,-76.947226E-06
+3.111695000E-03,-1.104095622518E+00,+2.552724532961E+00,-1.870917051E-03
+3.111700000E-03,-1.108500459240E+00,+2.552724532961E+00,-2.732726093E-03
+3.111705000E-03,-1.113319868723E+00,+2.552724532961E+00,-4.346419538E-03
+3.111710000E-03,-1.118709315932E+00,+2.552724532961E+00,-5.410489883E-03
+3.111715000E-03,-1.124616979155E+00,+2.552724532961E+00,-6.923052678E-03
+3.111720000E-03,-1.129643675084E+00,+2.552724532961E+00,-8.123429549E-03
+3.111725000E-03,-1.134463084597E+00,+2.552724532961E+00,-9.486494867E-03
+3.111730000E-03,-1.139541602091E+00,+2.552724532961E+00,-10.827575247E-03
+3.111735000E-03,-1.143583687531E+00,+2.552724532961E+00,-12.098303886E-03
+3.111740000E-03,-1.148610383424E+00,+2.552724532961E+00,-13.518529992E-03
+3.111745000E-03,-1.151771501550E+00,+939.109630163E-03,-14.780464660E-03
+3.111750000E-03,-1.155036262819E+00,-163.748426993E-03,-16.055590261E-03
+3.111755000E-03,-1.157834629596E+00,-183.220789470E-03,-17.321921911E-03
+3.111760000E-03,-1.161358498902E+00,+72.589504768E-03,-18.566268634E-03
+3.111765000E-03,-1.163949579283E+00,+96.929964680E-03,-19.999685698E-03
+3.111770000E-03,-1.167991664673E+00,-84.759735354E-03,-21.182474632E-03
+3.111775000E-03,-1.171204604304E+00,-84.681217234E-03,-22.624685669E-03
+3.111780000E-03,-1.174158435944E+00,-76.907977504E-03,-23.825062546E-03
+3.111785000E-03,-1.177526840383E+00,-23.123429121E-03,-25.086997202E-03
+3.111790000E-03,-1.179547883105E+00,-56.336368769E-03,-26.546796192E-03
+3.111795000E-03,-1.181361639361E+00,-51.468278246E-03,-27.597675568E-03
+3.111800000E-03,-1.183900898161E+00,-61.361494353E-03,-29.123429327E-03
+3.111805000E-03,-1.187476589034E+00,-47.934986919E-03,-30.029208208E-03
+3.111810000E-03,-1.188202091572E+00,-53.431218031E-03,-31.801193111E-03
+3.111815000E-03,-1.190482242308E+00,-50.211996991E-03,-32.544283566E-03
+3.111820000E-03,-1.192347820174E+00,-53.431218000E-03,-34.232725744E-03
+3.111825000E-03,-1.193643360365E+00,-49.662373830E-03,-35.116519719E-03
+3.111830000E-03,-1.194368862887E+00,-49.976444178E-03,-36.708228234E-03
+3.111835000E-03,-1.195146186992E+00,-49.583856196E-03,-37.816268431E-03
+3.111840000E-03,-1.195871689480E+00,-47.463881432E-03,-39.043027203E-03
+3.111845000E-03,-1.195975332739E+00,-49.034233112E-03,-40.375313628E-03
+3.111850000E-03,-1.197167229664E+00,-49.976444178E-03,-41.369032204E-03
+3.111855000E-03,-1.196597191992E+00,-50.290514460E-03,-42.877198027E-03
+3.111860000E-03,-1.197011764875E+00,-48.877198020E-03,-43.712625145E-03
+3.111865000E-03,-1.197063586455E+00,-51.311243164E-03,-45.348303519E-03
+3.111870000E-03,-1.195975332729E+00,-48.013504547E-03,-46.078203013E-03
+3.111875000E-03,-1.195042543781E+00,-48.484609977E-03,-47.709484396E-03
+3.111880000E-03,-1.194109754819E+00,-46.914258292E-03,-48.500941683E-03
+3.111885000E-03,-1.193176965915E+00,-46.129082379E-03,-49.987122563E-03
+3.111890000E-03,-1.191985068946E+00,-47.856469394E-03,-51.029207987E-03
+3.111895000E-03,-1.189186702196E+00,-46.757223122E-03,-52.207599927E-03
+3.111900000E-03,-1.187269302668E+00,-48.877198016E-03,-53.438755699E-03
+3.111905000E-03,-1.185766476044E+00,-49.348303476E-03,-54.480841114E-03
+3.111910000E-03,-1.182812644435E+00,-48.013504547E-03,-55.808730545E-03
+3.111915000E-03,-1.180117920852E+00,-47.934986913E-03,-56.622172749E-03
+3.111920000E-03,-1.178666915839E+00,-45.343906508E-03,-57.923680272E-03
+3.111925000E-03,-1.175402154540E+00,-46.835740720E-03,-58.860238054E-03
+3.111930000E-03,-1.171878285214E+00,-46.835740673E-03,-60.082599844E-03
+3.111935000E-03,-1.168406237592E+00,-47.071293476E-03,-61.045539541E-03
+3.111940000E-03,-1.165504227531E+00,-46.286117590E-03,-62.135991780E-03
+3.111945000E-03,-1.161928536622E+00,-50.211996882E-03,-63.257222930E-03
+3.111950000E-03,-1.157005483931E+00,-44.872801037E-03,-64.224559600E-03
+3.111955000E-03,-1.154051652270E+00,-48.013504485E-03,-65.376569642E-03
+3.111960000E-03,-1.149387707593E+00,-43.302449316E-03,-66.286745514E-03
+3.111965000E-03,-1.144982870991E+00,-46.521670267E-03,-67.429961578E-03
+3.111970000E-03,-1.140733499195E+00,-46.129082504E-03,-68.340137451E-03
+3.111975000E-03,-1.136587770606E+00,-46.286117569E-03,-69.320665076E-03
+3.111980000E-03,-1.130161891320E+00,-46.364635182E-03,-70.415514316E-03
+3.111985000E-03,-1.124927908902E+00,-44.637248234E-03,-71.184986660E-03
+3.111990000E-03,-1.119486640112E+00,-46.286117605E-03,-72.407348464E-03
+3.111995000E-03,-1.114719052227E+00,-44.087625166E-03,-73.080087148E-03
+3.112000000E-03,-1.108293172906E+00,-43.695037247E-03,-74.434358486E-03
+3.112005000E-03,-1.102644617700E+00,-46.443152748E-03,-74.860866027E-03
+3.112010000E-03,-1.096736954419E+00,-45.422424189E-03,-76.250313236E-03
+3.112015000E-03,-1.090207431901E+00,-44.872800995E-03,-76.782348423E-03
+3.112020000E-03,-1.084817984743E+00,-44.951318609E-03,-77.956343368E-03
+3.112025000E-03,-1.077977532562E+00,-44.244660320E-03,-78.554333331E-03
+3.112030000E-03,-1.071966226052E+00,-43.930589982E-03,-79.640388578E-03
+3.112035000E-03,-1.064607557800E+00,-43.852072400E-03,-80.440639843E-03
+3.112040000E-03,-1.058233500096E+00,-42.909861328E-03,-81.267272982E-03
+3.112045000E-03,-1.051185761454E+00,-45.108353751E-03,-82.199433794E-03
+3.112050000E-03,-1.043930736396E+00,-45.029836280E-03,-82.894157386E-03
+3.112055000E-03,-1.035639279265E+00,-45.500941713E-03,-83.848303119E-03
+3.112060000E-03,-1.027866038103E+00,-43.852072474E-03,-84.525438779E-03
+3.112065000E-03,-1.019315472914E+00,-45.108353751E-03,-85.400438781E-03
+3.112070000E-03,-1.011179480535E+00,-42.831343794E-03,-86.200690016E-03
+3.112075000E-03,-1.002577093668E+00,-44.166142732E-03,-86.930589515E-03
+3.112080000E-03,-994.130171659E-03,-43.380966840E-03,-87.726443769E-03
+3.112085000E-03,-984.750460725E-03,-44.558730694E-03,-88.342021664E-03
+3.112090000E-03,-976.614468339E-03,-43.459484459E-03,-89.102700043E-03
+3.112095000E-03,-968.323011103E-03,-44.244660362E-03,-89.630338235E-03
+3.112100000E-03,-959.098764974E-03,-42.517273334E-03,-90.500941230E-03
+3.112105000E-03,-949.822697270E-03,-43.223931687E-03,-91.037373398E-03
+3.112110000E-03,-939.872948612E-03,-42.595791017E-03,-91.670539203E-03
+3.112115000E-03,-929.819556784E-03,-42.909861360E-03,-92.400438709E-03
+3.112120000E-03,-920.077094595E-03,-42.674308620E-03,-92.769785430E-03
+3.112125000E-03,-909.764594702E-03,-44.009107569E-03,-93.693152257E-03
+3.112130000E-03,-899.089343528E-03,-42.752826266E-03,-93.864634666E-03
+3.112135000E-03,-888.673200441E-03,-43.066896572E-03,-94.911117069E-03
+3.112140000E-03,-878.723451762E-03,-41.653579983E-03,-94.919911036E-03
+3.112145000E-03,-867.840914208E-03,-43.223931601E-03,-95.931217561E-03
+3.112150000E-03,-857.787522419E-03,-42.438755832E-03,-96.027951225E-03
+3.112155000E-03,-847.630487260E-03,-42.909861296E-03,-96.885363276E-03
+3.112160000E-03,-836.955236157E-03,-42.281720733E-03,-97.157976344E-03
+3.112165000E-03,-825.917233781E-03,-44.009107456E-03,-97.791142161E-03
+3.112170000E-03,-814.931052976E-03,-41.810615141E-03,-98.129709997E-03
+3.112175000E-03,-803.841228950E-03,-41.889132760E-03,-98.639760246E-03
+3.112180000E-03,-791.922259292E-03,-42.046167924E-03,-99.048679837E-03
+3.112185000E-03,-779.899646356E-03,-41.339509521E-03,-99.418026573E-03
+3.112190000E-03,-767.877033409E-03,-42.674308615E-03,-99.897297916E-03
+3.112195000E-03,-755.439847598E-03,-42.360238170E-03,-100.227071793E-03
+3.112200000E-03,-744.505488401E-03,-42.752826148E-03,-100.635991374E-03
+3.112205000E-03,-731.342800107E-03,-43.223931692E-03,-100.961368270E-03
+3.112210000E-03,-719.320187202E-03,-40.868404123E-03,-101.370287849E-03
+3.112215000E-03,-706.883001399E-03,-42.909861355E-03,-101.612122037E-03
+3.112220000E-03,-694.083064418E-03,-40.475816149E-03,-101.950689853E-03
+3.112225000E-03,-681.645878532E-03,-43.538001965E-03,-102.196921024E-03
+3.112230000E-03,-668.586833446E-03,-41.575062369E-03,-102.469534070E-03
+3.112235000E-03,-655.631431654E-03,-43.930589976E-03,-102.645413477E-03
+3.112240000E-03,-641.484132814E-03,-40.946921612E-03,-102.940011457E-03
+3.112245000E-03,-629.150590193E-03,-42.674308599E-03,-103.067524024E-03
+3.112250000E-03,-615.158756133E-03,-42.517273398E-03,-103.480840595E-03
+3.112255000E-03,-601.633316633E-03,-41.182474417E-03,-103.335740103E-03
+3.112260000E-03,-588.159698673E-03,-41.653579912E-03,-103.784232552E-03
+3.112265000E-03,-574.426972696E-03,-41.889132679E-03,-103.713880801E-03
+3.112270000E-03,-561.264284352E-03,-40.318781024E-03,-104.030463701E-03
+3.112275000E-03,-547.790666424E-03,-42.203203016E-03,-104.017272762E-03
+3.112280000E-03,-533.695189242E-03,-43.066896567E-03,-104.118403400E-03
+3.112285000E-03,-519.599711960E-03,-42.517273376E-03,-104.254709944E-03
+3.112290000E-03,-506.488845251E-03,-41.967650277E-03,-104.135991343E-03
+3.112295000E-03,-491.149649483E-03,-42.595790957E-03,-104.421795367E-03
+3.112300000E-03,-476.535956143E-03,-41.575062314E-03,-104.197549134E-03
+3.112305000E-03,-461.922262898E-03,-41.889132673E-03,-104.632850639E-03
+3.112310000E-03,-448.034072045E-03,-41.653580005E-03,-104.219534062E-03
+3.112315000E-03,-432.591232993E-03,-41.732097532E-03,-104.465765211E-03
+3.112320000E-03,-417.666610084E-03,-40.868404096E-03,-104.250312959E-03
+3.112325000E-03,-403.519311223E-03,-41.653579961E-03,-104.303076768E-03
+3.112330000E-03,-389.423833958E-03,-39.219534783E-03,-104.197549143E-03
+3.112335000E-03,-374.343746161E-03,-40.083228230E-03,-104.039257675E-03
+3.112340000E-03,-359.056371968E-03,-40.475816199E-03,-104.135991351E-03
+3.112345000E-03,-344.287213838E-03,-42.046167869E-03,-103.661116976E-03
+3.112350000E-03,-329.207126038E-03,-41.025439292E-03,-103.973302908E-03
+3.112355000E-03,-313.971573442E-03,-41.025439265E-03,-103.322549151E-03
+3.112360000E-03,-298.943307318E-03,-39.769157954E-03,-103.766644609E-03
+3.112365000E-03,-284.018684312E-03,-42.517273381E-03,-102.975187345E-03
+3.112370000E-03,-269.094061396E-03,-40.868404063E-03,-103.239006422E-03
+3.112375000E-03,-254.843119261E-03,-41.260992037E-03,-102.575061733E-03
+3.112380000E-03,-239.192993859E-03,-40.318781025E-03,-102.746544124E-03
+3.112385000E-03,-223.283760350E-03,-42.674308538E-03,-102.205714997E-03
+3.112390000E-03,-208.410959057E-03,-42.988378859E-03,-102.179333068E-03
+3.112395000E-03,-193.382692854E-03,-43.223931715E-03,-101.774810477E-03
+3.112400000E-03,-179.442680440E-03,-41.496544826E-03,-101.480212477E-03
+3.112405000E-03,-163.067052486E-03,-42.281720675E-03,-101.185614503E-03
+3.112410000E-03,-147.624213444E-03,-40.946921678E-03,-100.798679825E-03
+3.112415000E-03,-132.129552799E-03,-40.475816194E-03,-100.411745164E-03
+3.112420000E-03,-115.650281670E-03,-39.847675508E-03,-100.187498931E-03
+3.112425000E-03,-100.570193863E-03,-40.711368872E-03,-99.664257726E-03
+3.112430000E-03,-86.630181405E-03,-40.711368905E-03,-99.431217532E-03
+3.112435000E-03,-71.394628820E-03,-41.653579945E-03,-98.820036635E-03
+3.112440000E-03,-55.951789804E-03,-41.732097549E-03,-98.507850706E-03
+3.112445000E-03,-41.389918112E-03,-41.496544720E-03,-97.896669815E-03
+3.112450000E-03,-26.154365511E-03,-40.554333792E-03,-97.641644684E-03
+3.112455000E-03,-11.022456052E-03,-40.397298613E-03,-97.061242685E-03
+3.112460000E-03,+4.834955750E-03,-40.004710632E-03,-96.555589419E-03
+3.112465000E-03,+21.366048601E-03,-42.988378853E-03,-96.107096973E-03
+3.112470000E-03,+36.601601149E-03,-40.789886531E-03,-95.394785416E-03
+3.112475000E-03,+51.681688946E-03,-42.046167869E-03,-95.157348236E-03
+3.112480000E-03,+67.331814410E-03,-40.318780947E-03,-94.216393471E-03
+3.112485000E-03,+82.930118233E-03,-42.517273290E-03,-94.049308041E-03
+3.112490000E-03,+98.632065309E-03,-41.103956869E-03,-93.073177402E-03
+3.112495000E-03,+113.556688298E-03,-41.496544793E-03,-92.866519108E-03
+3.112500000E-03,+130.243245856E-03,-40.789886447E-03,-91.868403556E-03
+3.112505000E-03,+145.323333656E-03,-41.103956891E-03,-91.477071885E-03
+3.112510000E-03,+160.507064660E-03,-40.946921734E-03,-90.764760347E-03
+3.112515000E-03,+176.001725328E-03,-42.281720568E-03,-90.083227678E-03
+3.112520000E-03,+191.444564295E-03,-40.632851329E-03,-89.577574431E-03
+3.112525000E-03,+207.042868193E-03,-41.418027279E-03,-88.535489008E-03
+3.112530000E-03,+222.122955990E-03,-40.868404113E-03,-88.385991525E-03
+3.112535000E-03,+236.892114086E-03,-42.281720641E-03,-87.031720183E-03
+3.112540000E-03,+252.801347595E-03,-40.397298551E-03,-87.049308119E-03
+3.112545000E-03,+267.311397660E-03,-41.418027161E-03,-85.712624725E-03
+3.112550000E-03,+282.132377431E-03,-41.182474428E-03,-85.519157375E-03
+3.112555000E-03,+297.575216491E-03,-41.810615073E-03,-84.138504140E-03
+3.112560000E-03,+312.655304225E-03,-41.025439344E-03,-83.795539305E-03
+3.112565000E-03,+327.320819158E-03,-41.260992003E-03,-82.669911186E-03
+3.112570000E-03,+341.416296420E-03,-40.946921695E-03,-82.186242839E-03
+3.112575000E-03,+356.807313820E-03,-40.554333725E-03,-80.955087079E-03
+3.112580000E-03,+370.280931740E-03,-40.554333782E-03,-80.436242868E-03
+3.112585000E-03,+385.723770774E-03,-42.124685490E-03,-79.275438860E-03
+3.112590000E-03,+399.404675169E-03,-40.789886543E-03,-78.734609719E-03
+3.112595000E-03,+414.381119728E-03,-40.946921638E-03,-77.547423800E-03
+3.112600000E-03,+428.217488957E-03,-41.025439299E-03,-76.971418786E-03
+3.112605000E-03,+442.053858137E-03,-43.066896529E-03,-75.669911262E-03
+3.112610000E-03,+457.237589077E-03,-41.025439253E-03,-75.142273078E-03
+3.112615000E-03,+470.555742253E-03,-41.653579922E-03,-73.726443944E-03
+3.112620000E-03,+484.703041074E-03,-41.025439271E-03,-73.269157522E-03
+3.112625000E-03,+497.969372628E-03,-42.281720601E-03,-71.914886178E-03
+3.112630000E-03,+511.650276985E-03,-40.554333788E-03,-71.347675119E-03
+3.112635000E-03,+526.056683851E-03,-41.103956858E-03,-70.129710314E-03
+3.112640000E-03,+540.359447539E-03,-41.103956835E-03,-69.329459068E-03
+3.112645000E-03,+553.003919799E-03,-41.889132706E-03,-68.287373647E-03
+3.112650000E-03,+567.047575401E-03,-41.260992061E-03,-67.183730450E-03
+3.112655000E-03,+580.469371748E-03,-42.203203066E-03,-66.286745536E-03
+3.112660000E-03,+592.958379094E-03,-40.868404045E-03,-65.046795798E-03
+3.112665000E-03,+607.053856330E-03,-42.595790938E-03,-64.202574704E-03
+3.112670000E-03,+619.283755712E-03,-41.339509636E-03,-62.879082255E-03
+3.112675000E-03,+632.031871176E-03,-42.674308582E-03,-62.065640053E-03
+3.112680000E-03,+644.883629821E-03,-41.496544828E-03,-60.698177761E-03
+3.112685000E-03,+657.113529233E-03,-41.418027154E-03,-59.911117455E-03
+3.112690000E-03,+669.550714987E-03,-41.339509700E-03,-58.763504414E-03
+3.112695000E-03,+682.091544033E-03,-41.810615095E-03,-57.730212959E-03
+3.112700000E-03,+693.906870539E-03,-41.260992020E-03,-56.718906438E-03
+3.112705000E-03,+705.722197042E-03,-41.810615234E-03,-55.456971780E-03
+3.112710000E-03,+718.263026034E-03,-41.889132706E-03,-54.476444152E-03
+3.112715000E-03,+729.715601262E-03,-41.967650281E-03,-53.007851204E-03
+3.112720000E-03,+741.945500640E-03,-42.595791013E-03,-52.150439154E-03
+3.112725000E-03,+753.501719170E-03,-43.302449268E-03,-50.673052231E-03
+3.112730000E-03,+765.420688815E-03,-40.789886608E-03,-49.811243194E-03
+3.112735000E-03,+776.717799308E-03,-42.988378896E-03,-48.294283419E-03
+3.112740000E-03,+787.807623321E-03,-39.926193069E-03,-47.366519607E-03
+3.112745000E-03,+798.638339251E-03,-41.732097508E-03,-45.990263343E-03
+3.112750000E-03,+810.971881825E-03,-41.496544758E-03,-45.040514603E-03
+3.112755000E-03,+821.128916922E-03,-42.517273426E-03,-43.611494523E-03
+3.112760000E-03,+832.322384166E-03,-41.260992015E-03,-42.560615134E-03
+3.112765000E-03,+841.391165518E-03,-42.517273431E-03,-41.140389020E-03
+3.112770000E-03,+851.807308553E-03,-41.182474497E-03,-40.203831240E-03
+3.112775000E-03,+862.482559730E-03,-41.889132735E-03,-38.660489556E-03
+3.112780000E-03,+872.898702834E-03,-42.124685519E-03,-37.693152877E-03
+3.112785000E-03,+883.833061990E-03,-39.847675353E-03,-36.048680540E-03
+3.112790000E-03,+893.782810647E-03,-42.831343891E-03,-35.244032295E-03
+3.112795000E-03,+903.888024064E-03,-42.988378919E-03,-33.573178049E-03
+3.112800000E-03,+912.075838093E-03,-41.967650392E-03,-32.777323774E-03
+3.112805000E-03,+922.336516348E-03,-44.244660377E-03,-31.080087631E-03
+3.112810000E-03,+931.560762496E-03,-42.046167927E-03,-30.218278578E-03
+3.112815000E-03,+940.266792607E-03,-43.695037209E-03,-28.560615295E-03
+3.112820000E-03,+948.817357784E-03,-40.004710656E-03,-27.624057498E-03
+3.112825000E-03,+956.694242157E-03,-42.046167932E-03,-25.931218331E-03
+3.112830000E-03,+965.192985749E-03,-41.260992020E-03,-24.972675620E-03
+3.112835000E-03,+974.054480629E-03,-42.517273367E-03,-23.424936952E-03
+3.112840000E-03,+982.656867487E-03,-41.260992050E-03,-22.338881680E-03
+3.112845000E-03,+989.600962894E-03,-41.260991985E-03,-20.826318895E-03
+3.112850000E-03,+998.203349795E-03,-41.810615148E-03,-19.713881706E-03
+3.112855000E-03,+1.006391163731E+00,-41.889132694E-03,-18.210112884E-03
+3.112860000E-03,+1.013490723968E+00,-41.889132700E-03,-17.132851587E-03
+3.112865000E-03,+1.020434819367E+00,-44.166142684E-03,-15.545540053E-03
+3.112870000E-03,+1.028052595640E+00,-41.575062386E-03,-14.525439558E-03
+3.112875000E-03,+1.033856615686E+00,-41.889132705E-03,-13.012876758E-03
+3.112880000E-03,+1.041163462353E+00,-42.360238287E-03,-11.953203405E-03
+3.112885000E-03,+1.046760195958E+00,-42.046167939E-03,-10.427449648E-03
+3.112890000E-03,+1.053704291349E+00,-42.360238281E-03,-9.297424542E-03
+3.112895000E-03,+1.060026527478E+00,-42.909861355E-03,-7.784861738E-03
+3.112900000E-03,+1.066452406825E+00,-42.124685473E-03,-6.676821554E-03
+3.112905000E-03,+1.072878286126E+00,-41.732097602E-03,-5.243404467E-03
+3.112910000E-03,+1.078371376500E+00,-42.124685473E-03,-4.126570323E-03
+3.112915000E-03,+1.083968110140E+00,-43.773554713E-03,-2.640389430E-03
+3.112920000E-03,+1.088994806058E+00,-41.339509661E-03,-1.501570358E-03
+3.112925000E-03,+1.093658750790E+00,-42.595790936E-03,-94.535185E-06
+3.112930000E-03,+1.098996376314E+00,-42.203203066E-03,+1.044283890E-03
+3.112935000E-03,+1.104282180297E+00,-36.942524825E-03,+2.614007498E-03
+3.112940000E-03,+1.108946125002E+00,+1.415789834417E+00,+3.717650695E-03
+3.112945000E-03,+1.112314529434E+00,+2.552724532961E+00,+5.102700940E-03
+3.112950000E-03,+1.116563901251E+00,+2.552724532961E+00,+6.223932079E-03
+3.112955000E-03,+1.120398700237E+00,+2.552724532961E+00,+7.938756187E-03
+3.112960000E-03,+1.123974391153E+00,+2.552724532961E+00,+8.804962194E-03
+3.112965000E-03,+1.126099077048E+00,+2.552724532961E+00,+10.519786306E-03
+3.112970000E-03,+1.130607556903E+00,+2.552724532961E+00,+11.262876744E-03
+3.112975000E-03,+1.134286891039E+00,+2.552724532961E+00,+13.122801357E-03
+3.112980000E-03,+1.136670684971E+00,+2.552724532961E+00,+13.865891798E-03
+3.112985000E-03,+1.139572695046E+00,+2.552724532961E+00,+15.787374183E-03
+3.112990000E-03,+1.142474704986E+00,+2.552724532961E+00,+16.460112881E-03
+3.112995000E-03,+1.144910320585E+00,+2.552724532961E+00,+18.240891747E-03
+3.113000000E-03,+1.147242292942E+00,+2.552724532961E+00,+19.098303805E-03
+3.113005000E-03,+1.148952405961E+00,+2.552724532961E+00,+20.738379158E-03
+3.113010000E-03,+1.151232556742E+00,+2.552724532961E+00,+21.758479657E-03
+3.113015000E-03,+1.153098134591E+00,+2.552724532961E+00,+23.178705759E-03
+3.113020000E-03,+1.154445496382E+00,+2.552724532961E+00,+24.330715816E-03
+3.113025000E-03,+1.155741036561E+00,+2.552724532961E+00,+25.636620317E-03
+3.113030000E-03,+1.156984755105E+00,+2.552724532961E+00,+26.955715776E-03
+3.113035000E-03,+1.156570182309E+00,+2.552724532961E+00,+28.090137879E-03
+3.113040000E-03,+1.157554792843E+00,+2.552724532961E+00,+29.519157956E-03
+3.113045000E-03,+1.158280295288E+00,+2.552724532961E+00,+30.530464489E-03
+3.113050000E-03,+1.158021187302E+00,+2.552724532961E+00,+31.941896622E-03
+3.113055000E-03,+1.158228473752E+00,+2.552724532961E+00,+33.111494617E-03
+3.113060000E-03,+1.158176652149E+00,+2.552724532961E+00,+34.307474482E-03
+3.113065000E-03,+1.157710257638E+00,+2.552724532961E+00,+35.573806153E-03
+3.113070000E-03,+1.157969365711E+00,+2.552724532961E+00,+36.607097576E-03
+3.113075000E-03,+1.156777468695E+00,+2.552724532961E+00,+38.071293556E-03
+3.113080000E-03,+1.154911890865E+00,+2.552724532961E+00,+38.924308610E-03
+3.113085000E-03,+1.155015534060E+00,+2.552724532961E+00,+40.476444283E-03
+3.113090000E-03,+1.153098134603E+00,+2.552724532961E+00,+41.355841250E-03
+3.113095000E-03,+1.152372632055E+00,+2.552724532961E+00,+42.833228172E-03
+3.113100000E-03,+1.150144302953E+00,+2.552724532961E+00,+43.712625146E-03
+3.113105000E-03,+1.148434189942E+00,+2.552724532961E+00,+45.084484427E-03
+3.113110000E-03,+1.146257682379E+00,+2.552724532961E+00,+46.034233168E-03
+3.113115000E-03,+1.143252029245E+00,+2.552724532961E+00,+47.243403999E-03
+3.113120000E-03,+1.141127343274E+00,+2.552724532961E+00,+48.289886409E-03
+3.113125000E-03,+1.138432619701E+00,+2.552724532961E+00,+49.393529607E-03
+3.113130000E-03,+1.135634252905E+00,+2.552724532961E+00,+50.532348696E-03
+3.113135000E-03,+1.132265848455E+00,+2.552724532961E+00,+51.565640141E-03
+3.113140000E-03,+1.128741979134E+00,+2.552724532961E+00,+52.801192879E-03
+3.113145000E-03,+1.125166288213E+00,+2.552724532961E+00,+53.720162729E-03
+3.113150000E-03,+1.122264278178E+00,+2.552724532961E+00,+54.797424026E-03
+3.113155000E-03,+1.117444868686E+00,+2.552724532961E+00,+55.870288335E-03
+3.113160000E-03,+1.114905609911E+00,+2.552724532961E+00,+56.824434052E-03
+3.113165000E-03,+1.109827092382E+00,+2.552724532961E+00,+58.038001879E-03
+3.113170000E-03,+1.103660321164E+00,+2.552724532961E+00,+58.869032017E-03
+3.113175000E-03,+1.099462770921E+00,+2.552724532961E+00,+60.016645074E-03
+3.113180000E-03,+1.094384253371E+00,+2.552724532961E+00,+60.746544570E-03
+3.113185000E-03,+1.088839341387E+00,+2.552724532961E+00,+61.924936511E-03
+3.113190000E-03,+1.083501715795E+00,+2.552724532961E+00,+62.729584750E-03
+3.113195000E-03,+1.078060447022E+00,+2.552724532961E+00,+63.938755579E-03
+3.113200000E-03,+1.071738210961E+00,+2.552724532961E+00,+64.717021913E-03
+3.113205000E-03,+1.065830547672E+00,+2.552724532961E+00,+65.807474151E-03
+3.113210000E-03,+1.059663776385E+00,+2.552724532961E+00,+66.752825913E-03
+3.113215000E-03,+1.054170685959E+00,+2.552724532961E+00,+67.548680168E-03
+3.113220000E-03,+1.047692985125E+00,+2.552724532961E+00,+68.595162571E-03
+3.113225000E-03,+1.041111640909E+00,+2.552724532961E+00,+69.237122363E-03
+3.113230000E-03,+1.034685761512E+00,+2.552724532961E+00,+70.419911293E-03
+3.113235000E-03,+1.027897131009E+00,+2.552724532961E+00,+71.000313304E-03
+3.113240000E-03,+1.020693927560E+00,+2.552724532961E+00,+72.108353490E-03
+3.113245000E-03,+1.012817043227E+00,+2.552724532961E+00,+72.776695197E-03
+3.113250000E-03,+1.005562018159E+00,+2.552724532961E+00,+73.708855982E-03
+3.113255000E-03,+997.218739394E-03,+2.552724532961E+00,+74.526695178E-03
+3.113260000E-03,+989.445498251E-03,+2.552724532961E+00,+75.269785608E-03
+3.113265000E-03,+981.983186773E-03,+2.552724532961E+00,+76.109609738E-03
+3.113270000E-03,+973.432621522E-03,+2.552724532961E+00,+76.817524290E-03
+3.113275000E-03,+965.452093990E-03,+2.552724532961E+00,+77.718906197E-03
+3.113280000E-03,+957.264280020E-03,+2.552724532961E+00,+78.343278038E-03
+3.113285000E-03,+948.972822793E-03,+2.552724532961E+00,+79.095162467E-03
+3.113290000E-03,+941.251403258E-03,+2.552724532961E+00,+79.745916222E-03
+3.113295000E-03,+931.612584298E-03,+2.552724532961E+00,+80.489006668E-03
+3.113300000E-03,+922.129230096E-03,+2.552724532961E+00,+81.126569473E-03
+3.113305000E-03,+913.734129724E-03,+2.552724532961E+00,+81.786117209E-03
+3.113310000E-03,+903.836202678E-03,+2.552724532961E+00,+82.480840815E-03
+3.113315000E-03,+893.523702834E-03,+2.552724532961E+00,+83.043654887E-03
+3.113320000E-03,+884.247635086E-03,+2.552724532961E+00,+83.738378483E-03
+3.113325000E-03,+873.883313577E-03,+2.552724532961E+00,+84.362750352E-03
+3.113330000E-03,+864.503602630E-03,+2.552724532961E+00,+84.705715161E-03
+3.113335000E-03,+852.791919404E-03,+2.552724532961E+00,+85.615891039E-03
+3.113340000E-03,+842.427597870E-03,+2.552724532961E+00,+85.804961381E-03
+3.113345000E-03,+832.736957271E-03,+2.552724532961E+00,+86.829458867E-03
+3.113350000E-03,+822.061706092E-03,+2.552724532961E+00,+86.855840765E-03
+3.113355000E-03,+809.883628312E-03,+2.552724532961E+00,+87.959483974E-03
+3.113360000E-03,+798.690161137E-03,+2.552724532961E+00,+87.801192521E-03
+3.113365000E-03,+788.533126057E-03,+2.552724532961E+00,+88.874056834E-03
+3.113370000E-03,+777.080550844E-03,+2.552724532961E+00,+88.852071910E-03
+3.113375000E-03,+765.887083615E-03,+2.552724532961E+00,+89.705086969E-03
+3.113380000E-03,+755.056367614E-03,+2.552724532961E+00,+89.867775421E-03
+3.113385000E-03,+742.930111500E-03,+2.552724532961E+00,+90.470162339E-03
+3.113390000E-03,+730.441104079E-03,+2.552724532961E+00,+90.821921136E-03
+3.113395000E-03,+718.936707247E-03,+2.552724532961E+00,+91.112122130E-03
+3.113400000E-03,+707.587775220E-03,+2.552724532961E+00,+91.767272885E-03
+3.113405000E-03,+695.461518977E-03,+2.552724532961E+00,+91.842021618E-03
+3.113410000E-03,+682.506117172E-03,+2.552724532961E+00,+92.541142222E-03
+3.113415000E-03,+669.913466537E-03,+2.552724532961E+00,+92.448805542E-03
+3.113420000E-03,+657.061707885E-03,+2.552724532961E+00,+93.178705024E-03
+3.113425000E-03,+644.469057345E-03,+2.552724532961E+00,+93.117147242E-03
+3.113430000E-03,+632.135514655E-03,+2.552724532961E+00,+93.596418594E-03
+3.113435000E-03,+618.506431975E-03,+2.552724532961E+00,+93.688755280E-03
+3.113440000E-03,+605.913781356E-03,+2.552724532961E+00,+94.137247725E-03
+3.113445000E-03,+592.440163414E-03,+2.552724532961E+00,+94.229584423E-03
+3.113450000E-03,+579.122010303E-03,+2.552724532961E+00,+94.387875869E-03
+3.113455000E-03,+565.596570703E-03,+2.552724532961E+00,+94.625313057E-03
+3.113460000E-03,+552.330239237E-03,+2.552724532961E+00,+94.801192454E-03
+3.113465000E-03,+538.338405212E-03,+2.552724532961E+00,+94.972674851E-03
+3.113470000E-03,+523.931998353E-03,+2.552724532961E+00,+95.091393459E-03
+3.113475000E-03,+510.510201989E-03,+2.552724532961E+00,+95.166142190E-03
+3.113480000E-03,+497.036583980E-03,+2.552724532961E+00,+95.271669841E-03
+3.113485000E-03,+482.889285158E-03,+2.552724532961E+00,+95.346418567E-03
+3.113490000E-03,+468.741986335E-03,+2.552724532961E+00,+95.557473856E-03
+3.113495000E-03,+454.957438690E-03,+2.552724532961E+00,+95.487122087E-03
+3.113500000E-03,+441.276534326E-03,+2.552724532961E+00,+95.680589430E-03
+3.113505000E-03,+427.751094764E-03,+2.552724532961E+00,+95.495916068E-03
+3.113510000E-03,+413.655617562E-03,+2.552724532961E+00,+95.627825604E-03
+3.113515000E-03,+398.523708172E-03,+2.552724532961E+00,+95.544282899E-03
+3.113520000E-03,+384.480052565E-03,+2.552724532961E+00,+95.513504001E-03
+3.113525000E-03,+368.985391914E-03,+2.552724532961E+00,+95.561870837E-03
+3.113530000E-03,+354.112590583E-03,+2.552724532961E+00,+95.355212548E-03
+3.113535000E-03,+339.758005327E-03,+2.552724532961E+00,+95.553076870E-03
+3.113540000E-03,+323.900593398E-03,+2.552724532961E+00,+95.179333146E-03
+3.113545000E-03,+310.634261929E-03,+2.552724532961E+00,+95.302448728E-03
+3.113550000E-03,+295.605995720E-03,+2.552724532961E+00,+94.889132155E-03
+3.113555000E-03,+280.888659207E-03,+2.552724532961E+00,+94.990262801E-03
+3.113560000E-03,+265.704928240E-03,+2.552724532961E+00,+94.590137184E-03
+3.113565000E-03,+250.935770081E-03,+2.552724532961E+00,+94.594534167E-03
+3.113570000E-03,+235.182001448E-03,+2.552724532961E+00,+94.282348235E-03
+3.113575000E-03,+221.138345692E-03,+2.552724532961E+00,+94.216393459E-03
+3.113580000E-03,+205.229112237E-03,+2.552724532961E+00,+93.904207541E-03
+3.113585000E-03,+190.563597374E-03,+2.552724532961E+00,+93.609609549E-03
+3.113590000E-03,+175.172579934E-03,+2.552724532961E+00,+93.389760316E-03
+3.113595000E-03,+159.522454431E-03,+2.552724532961E+00,+93.112750259E-03
+3.113600000E-03,+144.027793848E-03,+2.552724532961E+00,+92.813755291E-03
+3.113605000E-03,+127.755809039E-03,+2.552724532961E+00,+92.457599514E-03
+3.113610000E-03,+112.261148435E-03,+2.552724532961E+00,+92.167398512E-03
+3.113615000E-03,+97.232882243E-03,+2.552724532961E+00,+91.837624647E-03
+3.113620000E-03,+82.463724063E-03,+2.552724532961E+00,+91.446292993E-03
+3.113625000E-03,+67.072706665E-03,+2.552724532961E+00,+91.085740233E-03
+3.113630000E-03,+51.681689234E-03,+2.552724532961E+00,+90.584483958E-03
+3.113635000E-03,+35.876098989E-03,+2.552724532961E+00,+90.289885967E-03
+3.113640000E-03,+20.899654426E-03,+2.552724532961E+00,+89.854584467E-03
+3.113645000E-03,+5.560458636E-03,+2.552724532961E+00,+89.384107085E-03
+3.113650000E-03,-10.296953211E-03,+2.552724532961E+00,+88.979584482E-03
+3.113655000E-03,-24.807003371E-03,+2.552724532961E+00,+88.364006601E-03
+3.113660000E-03,-39.057945430E-03,+2.552724532961E+00,+88.038629716E-03
+3.113665000E-03,-54.759892446E-03,+2.552724532961E+00,+87.348303091E-03
+3.113670000E-03,-70.876412395E-03,+2.552724532961E+00,+87.062499073E-03
+3.113675000E-03,-85.075532919E-03,+2.552724532961E+00,+86.332599589E-03
+3.113680000E-03,-101.036587960E-03,+2.552724532961E+00,+85.906092044E-03
+3.113685000E-03,-116.842178286E-03,+2.552724532961E+00,+85.228956382E-03
+3.113690000E-03,-132.647768414E-03,+2.552724532961E+00,+84.635363419E-03
+3.113695000E-03,-148.090607578E-03,+2.552724532961E+00,+84.068152378E-03
+3.113700000E-03,-163.067052124E-03,+2.552724532961E+00,+83.360237801E-03
+3.113705000E-03,-178.872642398E-03,+2.552724532961E+00,+82.911745345E-03
+3.113710000E-03,-194.004551801E-03,+2.552724532961E+00,+82.005966467E-03
+3.113715000E-03,-207.426348178E-03,+2.552724532961E+00,+81.583855918E-03
+3.113720000E-03,-223.750154467E-03,+2.552724532961E+00,+80.686871011E-03
+3.113725000E-03,-239.400279901E-03,+2.552724532961E+00,+80.282348392E-03
+3.113730000E-03,-254.065794858E-03,+2.552724532961E+00,+79.389760473E-03
+3.113735000E-03,-270.078671532E-03,+2.552724532961E+00,+78.664257953E-03
+3.113740000E-03,-284.277792044E-03,+2.552724532961E+00,+78.035489132E-03
+3.113745000E-03,-298.736020523E-03,+2.552724532961E+00,+77.164886106E-03
+3.113750000E-03,-314.593432444E-03,+2.552724532961E+00,+76.571293173E-03
+3.113755000E-03,-328.533444857E-03,+2.552724532961E+00,+75.489634875E-03
+3.113760000E-03,-342.628922123E-03,+2.552724532961E+00,+75.102700220E-03
+3.113765000E-03,-358.589977125E-03,+2.552724532961E+00,+73.902323329E-03
+3.113770000E-03,-372.892740877E-03,+2.552724532961E+00,+73.493403747E-03
+3.113775000E-03,-386.780931688E-03,+2.552724532961E+00,+72.288629884E-03
+3.113780000E-03,-401.394624985E-03,+2.552724532961E+00,+71.730212814E-03
+3.113785000E-03,-416.526534301E-03,+2.552724532961E+00,+70.608981670E-03
+3.113790000E-03,-430.570189973E-03,+2.552724532961E+00,+69.962624890E-03
+3.113795000E-03,-445.857564190E-03,+2.552724532961E+00,+68.960112330E-03
+3.113800000E-03,-459.279360546E-03,+2.552724532961E+00,+68.019157574E-03
+3.113805000E-03,-473.633945784E-03,+2.552724532961E+00,+67.126569642E-03
+3.113810000E-03,-488.558568740E-03,+2.552724532961E+00,+66.115263128E-03
+3.113815000E-03,-501.203040992E-03,+2.552724532961E+00,+65.279835990E-03
+3.113820000E-03,-516.904987973E-03,+2.552724532961E+00,+64.220162647E-03
+3.113825000E-03,-529.808568307E-03,+2.552724532961E+00,+63.288001841E-03
+3.113830000E-03,-543.541294303E-03,+2.552724532961E+00,+62.360238037E-03
+3.113835000E-03,-557.222198697E-03,+2.552724532961E+00,+61.375313422E-03
+3.113840000E-03,-571.214032639E-03,+2.552724532961E+00,+60.575062178E-03
+3.113845000E-03,-585.257688359E-03,+2.552724532961E+00,+59.273554653E-03
+3.113850000E-03,-598.731306266E-03,+2.552724532961E+00,+58.587625014E-03
+3.113855000E-03,-611.945816148E-03,+2.552724532961E+00,+57.176192878E-03
+3.113860000E-03,-625.056682789E-03,+2.552724532961E+00,+56.525439089E-03
+3.113865000E-03,-637.493868717E-03,+2.552724532961E+00,+55.162373799E-03
+3.113870000E-03,-651.485702729E-03,+2.552724532961E+00,+54.326946658E-03
+3.113875000E-03,-664.803855818E-03,+2.552724532961E+00,+53.188127598E-03
+3.113880000E-03,-676.930112031E-03,+2.552724532961E+00,+52.150439137E-03
+3.113885000E-03,-690.144621869E-03,+2.552724532961E+00,+51.205087416E-03
+3.113890000E-03,-702.633629277E-03,+2.552724532961E+00,+49.850816053E-03
+3.113895000E-03,-714.863528731E-03,+2.552724532961E+00,+49.178077377E-03
+3.113900000E-03,-726.886141549E-03,+2.552724532961E+00,+47.643529646E-03
+3.113905000E-03,-739.426970622E-03,+2.552724532961E+00,+46.904836201E-03
+3.113910000E-03,-752.537837281E-03,+2.552724532961E+00,+45.348303552E-03
+3.113915000E-03,-764.094055754E-03,+2.552724532961E+00,+44.574434212E-03
+3.113920000E-03,-775.287522971E-03,+2.552724532961E+00,+43.048680465E-03
+3.113925000E-03,-788.035638425E-03,+2.552724532961E+00,+42.182474429E-03
+3.113930000E-03,-799.280927227E-03,+2.552724532961E+00,+40.806218178E-03
+3.113935000E-03,-810.785324177E-03,+2.552724532961E+00,+39.755338778E-03
+3.113940000E-03,-821.460575279E-03,+2.552724532961E+00,+38.638504626E-03
+3.113945000E-03,-833.742296191E-03,+2.552724532961E+00,+37.279836298E-03
+3.113950000E-03,-843.329293603E-03,+2.552724532961E+00,+36.171796116E-03
+3.113955000E-03,-854.522760886E-03,+2.552724532961E+00,+34.883479541E-03
+3.113960000E-03,-864.265223075E-03,+2.552724532961E+00,+33.788630305E-03
+3.113965000E-03,-874.836830967E-03,+2.552724532961E+00,+32.377198170E-03
+3.113970000E-03,-884.216541988E-03,+2.552724532961E+00,+31.225188117E-03
+3.113975000E-03,-895.358187531E-03,+2.552724532961E+00,+29.945665533E-03
+3.113980000E-03,-905.048828161E-03,+2.552724532961E+00,+28.683730861E-03
+3.113985000E-03,-914.687647162E-03,+2.552724532961E+00,+27.588881633E-03
+3.113990000E-03,-924.741038988E-03,+2.552724532961E+00,+26.217022343E-03
+3.113995000E-03,-934.483501199E-03,+2.552724532961E+00,+25.091394228E-03
+3.114000000E-03,-943.034066443E-03,+2.552724532961E+00,+23.679962069E-03
+3.114005000E-03,-953.968425640E-03,+2.552724532961E+00,+22.523555054E-03
+3.114010000E-03,-962.415347700E-03,+2.552724532961E+00,+21.208856566E-03
+3.114015000E-03,-972.105988305E-03,+2.552724532961E+00,+19.942524934E-03
+3.114020000E-03,-980.138337434E-03,+2.552724532961E+00,+18.728957101E-03
+3.114025000E-03,-988.637081025E-03,+2.552724532961E+00,+17.335112896E-03
+3.114030000E-03,-997.550397539E-03,+2.552724532961E+00,+16.279836512E-03
+3.114035000E-03,-1.006515535643E+00,+2.552724532961E+00,+14.661746103E-03
+3.114040000E-03,-1.014288776784E+00,+2.552724532961E+00,+13.698806384E-03
+3.114045000E-03,-1.022787520438E+00,+2.552724532961E+00,+12.120288843E-03
+3.114050000E-03,-1.029990723821E+00,+2.552724532961E+00,+10.981469738E-03
+3.114055000E-03,-1.039474077968E+00,+2.552724532961E+00,+9.706344149E-03
+3.114060000E-03,-1.045433562851E+00,+2.552724532961E+00,+8.290514993E-03
+3.114065000E-03,-1.054139592864E+00,+2.552724532961E+00,+7.191268800E-03
+3.114070000E-03,-1.060669115483E+00,+2.552724532961E+00,+5.661118034E-03
+3.114075000E-03,-1.069116037463E+00,+2.552724532961E+00,+4.702575353E-03
+3.114080000E-03,-1.074868235893E+00,+2.552724532961E+00,+2.934987416E-03
+3.114085000E-03,-1.081915974570E+00,+2.552724532961E+00,+2.112751257E-03
+3.114090000E-03,-1.088497318707E+00,+2.552724532961E+00,+309.987448E-06
+3.114095000E-03,-1.094975019606E+00,+2.552724532961E+00,-428.706010E-06
+3.114100000E-03,-1.100209002007E+00,+2.552724532961E+00,-2.169912027E-03
+3.114105000E-03,-1.106479416495E+00,+2.552724532961E+00,-3.119660753E-03
+3.114110000E-03,-1.112179793327E+00,+2.552724532961E+00,-4.663002447E-03
+3.114115000E-03,-1.118398386271E+00,+2.552724532961E+00,-5.779836602E-03
+3.114120000E-03,-1.122958687707E+00,+2.552724532961E+00,-7.156092869E-03
+3.114125000E-03,-1.128192670072E+00,+2.552724532961E+00,-8.532349130E-03
+3.114130000E-03,-1.133012079572E+00,+2.552724532961E+00,-9.763504912E-03
+3.114135000E-03,-1.138038775480E+00,+2.552724532961E+00,-11.139761165E-03
+3.114140000E-03,-1.142391790495E+00,+2.552724532961E+00,-12.463253625E-03
+3.114145000E-03,-1.147936702514E+00,+2.534351419184E+00,-13.839509874E-03
+3.114150000E-03,-1.150061388476E+00,+383.362147364E-03,-15.149811390E-03
+3.114155000E-03,-1.154621689930E+00,-172.385362146E-03,-16.134735989E-03
+3.114160000E-03,-1.158456488788E+00,-166.260991752E-03,-17.867148038E-03
+3.114165000E-03,-1.162187644591E+00,+166.732091171E-03,-18.641017375E-03
+3.114170000E-03,-1.165659692297E+00,+15.742780707E-03,-20.549308802E-03
+3.114175000E-03,-1.169235383209E+00,-78.007223229E-03,-21.178077639E-03
+3.114180000E-03,-1.173381111771E+00,-94.731468167E-03,-23.222675611E-03
+3.114185000E-03,-1.175557619340E+00,-53.745289752E-03,-23.794283648E-03
+3.114190000E-03,-1.178615094168E+00,-31.210740183E-03,-25.570665534E-03
+3.114195000E-03,-1.181931677029E+00,-54.530464426E-03,-26.586369041E-03
+3.114200000E-03,-1.183538146893E+00,-54.766016753E-03,-28.173680592E-03
+3.114205000E-03,-1.185248259908E+00,-58.770414109E-03,-29.360866495E-03
+3.114210000E-03,-1.187632053838E+00,-47.934986917E-03,-30.561243375E-03
+3.114215000E-03,-1.188875772486E+00,-53.980841144E-03,-31.801193110E-03
+3.114220000E-03,-1.189549453352E+00,-50.290514495E-03,-33.014760951E-03
+3.114225000E-03,-1.191881425743E+00,-53.823805922E-03,-34.514132771E-03
+3.114230000E-03,-1.192140533772E+00,-48.798680347E-03,-35.551821228E-03
+3.114235000E-03,-1.193643360334E+00,-50.211996887E-03,-36.989635246E-03
+3.114240000E-03,-1.193747003608E+00,-47.934986965E-03,-38.062499593E-03
+3.114245000E-03,-1.194990722183E+00,-50.290514474E-03,-39.372801055E-03
+3.114250000E-03,-1.193539717156E+00,-47.620916589E-03,-40.595162880E-03
+3.114255000E-03,-1.194213398121E+00,-50.447549558E-03,-41.764760830E-03
+3.114260000E-03,-1.194213398039E+00,-49.740891420E-03,-43.092650290E-03
+3.114265000E-03,-1.193850646805E+00,-49.269785877E-03,-44.130338693E-03
+3.114270000E-03,-1.192555106668E+00,-49.897926698E-03,-45.607725636E-03
+3.114275000E-03,-1.191829604099E+00,-51.232725506E-03,-46.553077360E-03
+3.114280000E-03,-1.190844993585E+00,-47.385363925E-03,-47.815012048E-03
+3.114285000E-03,-1.189445810192E+00,-47.856469232E-03,-48.931846187E-03
+3.114290000E-03,-1.187942983616E+00,-47.620916624E-03,-50.171795940E-03
+3.114295000E-03,-1.187269302719E+00,-47.856469302E-03,-51.275439124E-03
+3.114300000E-03,-1.184833687126E+00,-48.484610103E-03,-52.502197931E-03
+3.114305000E-03,-1.183279038896E+00,-48.563127523E-03,-53.623429049E-03
+3.114310000E-03,-1.181154353077E+00,-48.877197962E-03,-54.784233079E-03
+3.114315000E-03,-1.178822380680E+00,-48.877197927E-03,-55.839509426E-03
+3.114320000E-03,-1.176542229969E+00,-47.306846304E-03,-57.031092352E-03
+3.114325000E-03,-1.174417543993E+00,-47.149810997E-03,-58.046795839E-03
+3.114330000E-03,-1.171878285222E+00,-45.579459353E-03,-59.348303375E-03
+3.114335000E-03,-1.169339026460E+00,-46.757223124E-03,-60.144157633E-03
+3.114340000E-03,-1.165659692370E+00,-44.715765916E-03,-61.507222952E-03
+3.114345000E-03,-1.164415973744E+00,-47.071293354E-03,-62.347047052E-03
+3.114350000E-03,-1.160684818051E+00,-45.265389011E-03,-63.723303322E-03
+3.114355000E-03,-1.156435446270E+00,-47.856469316E-03,-64.497172665E-03
+3.114360000E-03,-1.152600647288E+00,-44.715765958E-03,-65.688755565E-03
+3.114365000E-03,-1.149905923704E+00,-46.992775879E-03,-66.620916360E-03
+3.114370000E-03,-1.146589340806E+00,-45.186871375E-03,-67.627825893E-03
+3.114375000E-03,-1.142599077058E+00,-46.286117581E-03,-68.727072116E-03
+3.114380000E-03,-1.137105986655E+00,-44.323177924E-03,-69.505338443E-03
+3.114385000E-03,-1.132597506799E+00,-45.736494506E-03,-70.740891188E-03
+3.114390000E-03,-1.127000773247E+00,-44.323177847E-03,-71.308102239E-03
+3.114395000E-03,-1.122388650167E+00,-45.657976835E-03,-72.662373576E-03
+3.114400000E-03,-1.115859127679E+00,-44.715765874E-03,-73.242775595E-03
+3.114405000E-03,-1.110780610109E+00,-45.343906585E-03,-74.561871035E-03
+3.114410000E-03,-1.105702092543E+00,-44.480213141E-03,-75.247800695E-03
+3.114415000E-03,-1.099172569976E+00,-44.558730770E-03,-76.329458961E-03
+3.114420000E-03,-1.093316728423E+00,-43.852072395E-03,-77.134107214E-03
+3.114425000E-03,-1.085128914343E+00,-46.207599845E-03,-78.035489093E-03
+3.114430000E-03,-1.079324894347E+00,-45.500941667E-03,-79.046795629E-03
+3.114435000E-03,-1.072328977332E+00,-44.401695526E-03,-79.745916211E-03
+3.114440000E-03,-1.066421314083E+00,-43.930590130E-03,-80.796795610E-03
+3.114445000E-03,-1.059114467418E+00,-44.794283383E-03,-81.416770468E-03
+3.114450000E-03,-1.050719367048E+00,-42.438755990E-03,-82.406092077E-03
+3.114455000E-03,-1.042894304318E+00,-43.773554772E-03,-83.087624728E-03
+3.114460000E-03,-1.035431992816E+00,-42.909861378E-03,-84.010991553E-03
+3.114465000E-03,-1.026052281922E+00,-43.380966837E-03,-84.802448820E-03
+3.114470000E-03,-1.018382683977E+00,-43.223931712E-03,-85.567524198E-03
+3.114475000E-03,-1.010091226770E+00,-45.029836194E-03,-86.411745285E-03
+3.114480000E-03,-1.000452407811E+00,-43.852072366E-03,-86.961368410E-03
+3.114485000E-03,-991.746377749E-03,-45.186871255E-03,-87.889132204E-03
+3.114490000E-03,-983.506742121E-03,-43.066896602E-03,-88.416770405E-03
+3.114495000E-03,-974.541603993E-03,-44.244660316E-03,-89.274182442E-03
+3.114500000E-03,-964.643677044E-03,-43.459484445E-03,-89.845790494E-03
+3.114505000E-03,-956.455863019E-03,-43.380966922E-03,-90.584483938E-03
+3.114510000E-03,-945.884255162E-03,-42.752826104E-03,-91.173679926E-03
+3.114515000E-03,-936.660008950E-03,-43.616519655E-03,-91.806845730E-03
+3.114520000E-03,-926.347509112E-03,-41.732097614E-03,-92.475187443E-03
+3.114525000E-03,-915.464971555E-03,-44.166142715E-03,-92.994031657E-03
+3.114530000E-03,-906.344368600E-03,-43.930589925E-03,-93.662373361E-03
+3.114535000E-03,-895.150901383E-03,-43.695037235E-03,-94.194408527E-03
+3.114540000E-03,-884.786579872E-03,-42.360238240E-03,-94.779207520E-03
+3.114545000E-03,-873.904042366E-03,-43.302449249E-03,-95.258478874E-03
+3.114550000E-03,-864.627974556E-03,-41.889132760E-03,-95.790514039E-03
+3.114555000E-03,-854.885512339E-03,-42.360238240E-03,-96.472046697E-03
+3.114560000E-03,-843.432937160E-03,-42.909861228E-03,-96.775438649E-03
+3.114565000E-03,-832.861329144E-03,-43.302449263E-03,-97.606468793E-03
+3.114570000E-03,-821.460575540E-03,-42.988378879E-03,-97.668026585E-03
+3.114575000E-03,-810.733502790E-03,-43.695037192E-03,-98.441895921E-03
+3.114580000E-03,-799.125462785E-03,-42.046167877E-03,-98.613378339E-03
+3.114585000E-03,-787.776530684E-03,-41.260992013E-03,-99.369659724E-03
+3.114590000E-03,-774.095626369E-03,-41.889132739E-03,-99.488378331E-03
+3.114595000E-03,-762.073013495E-03,-40.868404121E-03,-100.068780314E-03
+3.114600000E-03,-750.983189422E-03,-42.674308667E-03,-100.336996419E-03
+3.114605000E-03,-739.012398055E-03,-42.909861256E-03,-100.684358199E-03
+3.114610000E-03,-727.456179590E-03,-43.695037278E-03,-101.097674807E-03
+3.114615000E-03,-715.329923439E-03,-42.674308415E-03,-101.238378297E-03
+3.114620000E-03,-703.514596947E-03,-41.496544796E-03,-101.831971282E-03
+3.114625000E-03,-690.196443790E-03,-42.438755791E-03,-101.809986329E-03
+3.114630000E-03,-677.033755593E-03,-42.831343705E-03,-102.416770266E-03
+3.114635000E-03,-664.285640095E-03,-42.909861378E-03,-102.320036575E-03
+3.114640000E-03,-651.226595080E-03,-40.318781098E-03,-102.913629561E-03
+3.114645000E-03,-638.063906684E-03,-42.438755733E-03,-102.746544121E-03
+3.114650000E-03,-625.523077677E-03,-40.083228236E-03,-103.177448654E-03
+3.114655000E-03,-611.375778839E-03,-42.909861328E-03,-103.256594361E-03
+3.114660000E-03,-597.902160993E-03,-40.083228221E-03,-103.520413471E-03
+3.114665000E-03,-585.257688709E-03,-41.260992013E-03,-103.718277773E-03
+3.114670000E-03,-571.524962735E-03,-40.868404114E-03,-103.784232567E-03
+3.114675000E-03,-558.673204070E-03,-41.967650261E-03,-104.043654654E-03
+3.114680000E-03,-544.785013225E-03,-41.967650246E-03,-103.990890854E-03
+3.114685000E-03,-531.311395308E-03,-40.632851382E-03,-104.263503893E-03
+3.114690000E-03,-518.459636604E-03,-40.789886592E-03,-104.184358190E-03
+3.114695000E-03,-503.172262487E-03,-40.789886469E-03,-104.408604398E-03
+3.114700000E-03,-489.750466115E-03,-40.632851287E-03,-104.188755172E-03
+3.114705000E-03,-474.255805506E-03,-41.260992071E-03,-104.478956155E-03
+3.114710000E-03,-459.538468990E-03,-40.711368940E-03,-104.316267736E-03
+3.114715000E-03,-445.391170108E-03,-42.909861342E-03,-104.448177269E-03
+3.114720000E-03,-430.881119969E-03,-40.632851324E-03,-104.311870750E-03
+3.114725000E-03,-416.163783525E-03,-42.046167848E-03,-104.413001396E-03
+3.114730000E-03,-401.964662935E-03,-41.339509629E-03,-104.149182306E-03
+3.114735000E-03,-386.884575262E-03,-42.124685420E-03,-104.298679784E-03
+3.114740000E-03,-372.840919581E-03,-40.554333671E-03,-103.951317985E-03
+3.114745000E-03,-357.087150872E-03,-40.318780888E-03,-104.149182304E-03
+3.114750000E-03,-342.162528032E-03,-41.889132717E-03,-103.678704918E-03
+3.114755000E-03,-326.771510594E-03,-42.281720682E-03,-103.982096879E-03
+3.114760000E-03,-312.313282082E-03,-41.575062420E-03,-103.326946130E-03
+3.114765000E-03,-296.766799832E-03,-42.281720645E-03,-103.669910950E-03
+3.114770000E-03,-281.272139266E-03,-41.889132768E-03,-103.032348144E-03
+3.114775000E-03,-266.399337846E-03,-42.281720557E-03,-103.239006434E-03
+3.114780000E-03,-251.371071772E-03,-41.575062383E-03,-102.592649656E-03
+3.114785000E-03,-236.083697559E-03,-42.124685427E-03,-102.733353170E-03
+3.114790000E-03,-220.174464037E-03,-40.554333744E-03,-102.161745146E-03
+3.114795000E-03,-204.679803234E-03,-40.711368881E-03,-102.073805443E-03
+3.114800000E-03,-190.428861287E-03,-40.554333766E-03,-101.634106960E-03
+3.114805000E-03,-175.970632756E-03,-41.182474397E-03,-101.431845648E-03
+3.114810000E-03,-159.646826471E-03,-39.533605185E-03,-101.128453702E-03
+3.114815000E-03,-144.566738663E-03,-41.575062303E-03,-100.693152191E-03
+3.114820000E-03,-128.709326729E-03,-39.141017250E-03,-100.499684865E-03
+3.114825000E-03,-113.784703749E-03,-42.438755805E-03,-99.919282856E-03
+3.114830000E-03,-96.735395008E-03,-40.711368925E-03,-99.734609491E-03
+3.114835000E-03,-83.365420166E-03,-42.438755805E-03,-99.171795423E-03
+3.114840000E-03,-67.300721889E-03,-40.711368911E-03,-98.855212513E-03
+3.114845000E-03,-53.049779806E-03,-41.339509622E-03,-98.331971305E-03
+3.114850000E-03,-37.347832704E-03,-40.868404173E-03,-98.024182377E-03
+3.114855000E-03,-23.355998747E-03,-41.810615056E-03,-97.443780365E-03
+3.114860000E-03,-7.654051689E-03,-40.554333773E-03,-97.026066809E-03
+3.114865000E-03,+7.581500917E-03,-42.595791045E-03,-96.454458762E-03
+3.114870000E-03,+23.905307206E-03,-41.260991969E-03,-96.036745220E-03
+3.114875000E-03,+38.259892567E-03,-43.066896457E-03,-95.385991438E-03
+3.114880000E-03,+54.220947614E-03,-40.868404100E-03,-94.977071865E-03
+3.114885000E-03,+68.212781674E-03,-41.418027202E-03,-94.242775374E-03
+3.114890000E-03,+84.381123131E-03,-41.575062376E-03,-93.952574384E-03
+3.114895000E-03,+100.704929562E-03,-41.418027143E-03,-93.007222623E-03
+3.114900000E-03,+115.733195791E-03,-42.360238277E-03,-92.686242747E-03
+3.114905000E-03,+130.916926736E-03,-42.203203036E-03,-91.718906064E-03
+3.114910000E-03,+145.789728133E-03,-41.653580075E-03,-91.494659832E-03
+3.114915000E-03,+160.766172657E-03,-42.831343666E-03,-90.443780446E-03
+3.114920000E-03,+177.400908615E-03,-40.711368940E-03,-90.065639746E-03
+3.114925000E-03,+192.066423548E-03,-40.711368948E-03,-89.282976443E-03
+3.114930000E-03,+206.317365646E-03,-41.025439304E-03,-88.641016639E-03
+3.114935000E-03,+222.952101501E-03,-42.046167802E-03,-88.012247820E-03
+3.114940000E-03,+238.135832577E-03,-38.591394081E-03,-87.172423703E-03
+3.114945000E-03,+251.816737012E-03,-41.653580045E-03,-86.679961389E-03
+3.114950000E-03,+266.430430353E-03,-41.025439281E-03,-85.629082004E-03
+3.114955000E-03,+282.443307075E-03,-40.475816164E-03,-85.132222718E-03
+3.114960000E-03,+297.782502842E-03,-40.946921672E-03,-84.006594598E-03
+3.114965000E-03,+312.499839357E-03,-41.418027030E-03,-83.597674994E-03
+3.114970000E-03,+326.906246268E-03,-39.062499649E-03,-82.498428775E-03
+3.114975000E-03,+341.986334016E-03,-40.711368746E-03,-81.900438826E-03
+3.114980000E-03,+356.962778560E-03,-40.554333796E-03,-80.875941359E-03
+3.114985000E-03,+370.436396575E-03,-42.674308618E-03,-80.115262963E-03
+3.114990000E-03,+385.412841089E-03,-40.946921694E-03,-79.209484093E-03
+3.114995000E-03,+401.114788191E-03,-41.810615055E-03,-78.281720275E-03
