x-axis,1,2,3
second,Volt,Volt,Volt
+3.105000000E-03,+1.101431991929E+00,+2.552724532961E+00,+61.049936532E-03
+3.105005000E-03,+1.097389906545E+00,+2.552724532961E+00,+61.608353611E-03
+3.105010000E-03,+1.092155924189E+00,+2.552724532961E+00,+63.072549576E-03
+3.105015000E-03,+1.087025585048E+00,+2.552724532961E+00,+63.591393791E-03
+3.105020000E-03,+1.082102532337E+00,+2.552724532961E+00,+64.914886239E-03
+3.105025000E-03,+1.077542230878E+00,+2.552724532961E+00,+65.446921409E-03
+3.105030000E-03,+1.071738210840E+00,+2.552724532961E+00,+66.933102298E-03
+3.105035000E-03,+1.066504228484E+00,+2.552724532961E+00,+67.355212846E-03
+3.105040000E-03,+1.061529354166E+00,+2.552724532961E+00,+68.779835947E-03
+3.105045000E-03,+1.054637080370E+00,+2.552724532961E+00,+69.114006797E-03
+3.105050000E-03,+1.048366665865E+00,+2.552724532961E+00,+70.521041958E-03
+3.105055000E-03,+1.042355359397E+00,+2.552724532961E+00,+70.925564567E-03
+3.105060000E-03,+1.035411263994E+00,+2.552724532961E+00,+72.262247970E-03
+3.105065000E-03,+1.028000774123E+00,+2.552724532961E+00,+72.561242941E-03
+3.105070000E-03,+1.020901213898E+00,+2.552724532961E+00,+73.906720314E-03
+3.105075000E-03,+1.013646188849E+00,+2.552724532961E+00,+74.210112270E-03
+3.105080000E-03,+1.006183877373E+00,+2.552724532961E+00,+75.555589643E-03
+3.105085000E-03,+999.861641258E-03,+2.552724532961E+00,+75.850187630E-03
+3.105090000E-03,+992.088400136E-03,+2.552724532961E+00,+77.085740380E-03
+3.105095000E-03,+984.729731873E-03,+2.552724532961E+00,+77.433102186E-03
+3.105100000E-03,+976.749204321E-03,+2.552724532961E+00,+78.527951420E-03
+3.105105000E-03,+968.768676768E-03,+2.552724532961E+00,+78.958855938E-03
+3.105110000E-03,+960.010825103E-03,+2.552724532961E+00,+79.869031808E-03
+3.105115000E-03,+952.703978448E-03,+2.552724532961E+00,+80.436242857E-03
+3.105120000E-03,+943.738840353E-03,+2.552724532961E+00,+81.245288074E-03
+3.105125000E-03,+935.654669586E-03,+2.552724532961E+00,+81.750941335E-03
+3.105130000E-03,+926.534066668E-03,+2.552724532961E+00,+82.555589568E-03
+3.105135000E-03,+919.019933582E-03,+2.552724532961E+00,+83.127197602E-03
+3.105140000E-03,+908.707433694E-03,+2.552724532961E+00,+83.769157394E-03
+3.105145000E-03,+898.446755411E-03,+2.552724532961E+00,+84.318780504E-03
+3.105150000E-03,+888.756114813E-03,+2.552724532961E+00,+85.000313160E-03
+3.105155000E-03,+879.220939035E-03,+2.552724532961E+00,+85.545539284E-03
+3.105160000E-03,+868.752974324E-03,+2.552724532961E+00,+86.156720183E-03
+3.105165000E-03,+858.906868900E-03,+2.552724532961E+00,+86.622800579E-03
+3.105170000E-03,+849.889909198E-03,+2.552724532961E+00,+87.233981478E-03
+3.105175000E-03,+839.836517346E-03,+2.552724532961E+00,+87.656092026E-03
+3.105180000E-03,+828.694871739E-03,+2.552724532961E+00,+88.205715136E-03
+3.105185000E-03,+817.449582914E-03,+2.552724532961E+00,+88.641016638E-03
+3.105190000E-03,+807.499834276E-03,+2.552724532961E+00,+89.137875930E-03
+3.105195000E-03,+795.736329377E-03,+2.552724532961E+00,+89.617147281E-03
+3.105200000E-03,+784.801970198E-03,+2.552724532961E+00,+89.990890996E-03
+3.105205000E-03,+774.178540665E-03,+2.552724532961E+00,+90.536117120E-03
+3.105210000E-03,+763.658754343E-03,+2.552724532961E+00,+90.808730183E-03
+3.105215000E-03,+750.599709259E-03,+2.552724532961E+00,+91.353956308E-03
+3.105220000E-03,+739.147134004E-03,+2.552724532961E+00,+91.551820627E-03
+3.105225000E-03,+727.901845181E-03,+2.552724532961E+00,+92.127825646E-03
+3.105230000E-03,+716.552913140E-03,+2.552724532961E+00,+92.277323132E-03
+3.105235000E-03,+705.152159494E-03,+2.552724532961E+00,+92.721418605E-03
+3.105240000E-03,+692.041292801E-03,+2.552724532961E+00,+92.888504030E-03
+3.105245000E-03,+679.396820577E-03,+2.552724532961E+00,+93.319408548E-03
+3.105250000E-03,+666.959634777E-03,+2.552724532961E+00,+93.539257792E-03
+3.105255000E-03,+654.004232907E-03,+2.552724532961E+00,+93.860237688E-03
+3.105260000E-03,+642.499836045E-03,+2.552724532961E+00,+94.009735174E-03
+3.105265000E-03,+629.026218099E-03,+2.552724532961E+00,+94.326318085E-03
+3.105270000E-03,+616.692675519E-03,+2.552724532961E+00,+94.383478889E-03
+3.105275000E-03,+603.374522393E-03,+2.552724532961E+00,+94.695664815E-03
+3.105280000E-03,+590.678228560E-03,+2.552724532961E+00,+94.722046724E-03
+3.105285000E-03,+577.152789009E-03,+2.552724532961E+00,+95.082599484E-03
+3.105290000E-03,+564.249208744E-03,+2.552724532961E+00,+94.933101998E-03
+3.105295000E-03,+550.620125977E-03,+2.552724532961E+00,+95.355212546E-03
+3.105300000E-03,+537.094686423E-03,+2.552724532961E+00,+95.174936167E-03
+3.105305000E-03,+523.465603652E-03,+2.552724532961E+00,+95.583855760E-03
+3.105310000E-03,+509.629234454E-03,+2.552724532961E+00,+95.407976365E-03
+3.105315000E-03,+495.896508471E-03,+2.552724532961E+00,+95.645413549E-03
+3.105320000E-03,+482.422890525E-03,+2.552724532961E+00,+95.487122093E-03
+3.105325000E-03,+468.327413291E-03,+2.552724532961E+00,+95.689383397E-03
+3.105330000E-03,+453.817363197E-03,+2.552724532961E+00,+95.535488927E-03
+3.105335000E-03,+439.980993996E-03,+2.552724532961E+00,+95.632222593E-03
+3.105340000E-03,+425.885516758E-03,+2.552724532961E+00,+95.597046715E-03
+3.105345000E-03,+411.893682738E-03,+2.552724532961E+00,+95.509107017E-03
+3.105350000E-03,+396.969059784E-03,+2.552724532961E+00,+95.451946214E-03
+3.105355000E-03,+382.614474508E-03,+2.552724532961E+00,+95.311242698E-03
+3.105360000E-03,+367.378921909E-03,+2.552724532961E+00,+95.302448728E-03
+3.105365000E-03,+352.868871814E-03,+2.552724532961E+00,+95.065011544E-03
+3.105370000E-03,+337.426032783E-03,+2.552724532961E+00,+95.060614560E-03
+3.105375000E-03,+323.123269118E-03,+2.552724532961E+00,+94.858353255E-03
+3.105380000E-03,+308.975970275E-03,+2.552724532961E+00,+94.730840694E-03
+3.105385000E-03,+294.517741787E-03,+2.552724532961E+00,+94.541770344E-03
+3.105390000E-03,+279.282189185E-03,+2.552724532961E+00,+94.269157283E-03
+3.105395000E-03,+264.202101409E-03,+2.552724532961E+00,+94.132850750E-03
+3.105400000E-03,+249.484764882E-03,+2.552724532961E+00,+93.829458794E-03
+3.105405000E-03,+234.404677104E-03,+2.552724532961E+00,+93.657976384E-03
+3.105410000E-03,+219.324589327E-03,+2.552724532961E+00,+93.275438700E-03
+3.105415000E-03,+203.674463865E-03,+2.552724532961E+00,+93.103956289E-03
+3.105420000E-03,+189.578986630E-03,+2.552724532961E+00,+92.659860817E-03
+3.105425000E-03,+174.706185283E-03,+2.552724532961E+00,+92.497172376E-03
+3.105430000E-03,+157.812341243E-03,+2.552724532961E+00,+91.934358312E-03
+3.105435000E-03,+142.939539895E-03,+2.552724532961E+00,+91.749684947E-03
+3.105440000E-03,+126.408447107E-03,+2.552724532961E+00,+91.375941233E-03
+3.105445000E-03,+110.810143250E-03,+2.552724532961E+00,+91.054961337E-03
+3.105450000E-03,+95.056374577E-03,+2.552724532961E+00,+90.527323152E-03
+3.105455000E-03,+80.546324480E-03,+2.552724532961E+00,+90.140388482E-03
+3.105460000E-03,+64.688912593E-03,+2.552724532961E+00,+89.669911101E-03
+3.105465000E-03,+48.883322308E-03,+2.552724532961E+00,+89.247800552E-03
+3.105470000E-03,+33.751412919E-03,+2.552724532961E+00,+88.755338246E-03
+3.105475000E-03,+18.515860322E-03,+2.552724532961E+00,+88.223303076E-03
+3.105480000E-03,+3.643058974E-03,+2.552724532961E+00,+87.770413633E-03
+3.105485000E-03,-12.007066487E-03,+2.552724532961E+00,+87.159232736E-03
+3.105490000E-03,-27.294440695E-03,+2.552724532961E+00,+86.847046809E-03
+3.105495000E-03,-41.493561148E-03,+2.552724532961E+00,+86.077574455E-03
+3.105500000E-03,-57.921010719E-03,+2.552724532961E+00,+85.787373453E-03
+3.105505000E-03,-73.674779394E-03,+2.552724532961E+00,+84.784860902E-03
+3.105510000E-03,-88.029364667E-03,+2.552724532961E+00,+84.626569446E-03
+3.105515000E-03,-103.575846912E-03,+2.552724532961E+00,+83.509735287E-03
+3.105520000E-03,-120.469690952E-03,+2.552724532961E+00,+83.500941317E-03
+3.105525000E-03,-136.534389271E-03,+2.552724532961E+00,+82.309358415E-03
+3.105530000E-03,-151.251725794E-03,+2.552724532961E+00,+82.146669975E-03
+3.105535000E-03,-166.953672868E-03,+2.552724532961E+00,+80.985865968E-03
+3.105540000E-03,-182.189225463E-03,+2.552724532961E+00,+80.840765466E-03
+3.105545000E-03,-196.647453954E-03,+2.552724532961E+00,+79.662373520E-03
+3.105550000E-03,-211.416612088E-03,+2.552724532961E+00,+79.389760456E-03
+3.105555000E-03,-227.481310406E-03,+2.552724532961E+00,+78.202574541E-03
+3.105560000E-03,-243.235079083E-03,+2.552724532961E+00,+77.877197659E-03
+3.105565000E-03,-257.434199536E-03,+2.552724532961E+00,+76.795539380E-03
+3.105570000E-03,-274.068935539E-03,+2.552724532961E+00,+76.267901194E-03
+3.105575000E-03,-288.268055989E-03,+2.552724532961E+00,+75.300564521E-03
+3.105580000E-03,-304.850970380E-03,+2.552724532961E+00,+74.649810759E-03
+3.105585000E-03,-319.827414948E-03,+2.552724532961E+00,+73.722046950E-03
+3.105590000E-03,-335.114789157E-03,+2.552724532961E+00,+73.005338414E-03
+3.105595000E-03,-349.417552823E-03,+2.552724532961E+00,+72.059986667E-03
+3.105600000E-03,-363.823959697E-03,+2.552724532961E+00,+71.250941449E-03
+3.105605000E-03,-380.199587666E-03,+2.552724532961E+00,+70.411117337E-03
+3.105610000E-03,-394.398708116E-03,+2.552724532961E+00,+69.395413831E-03
+3.105615000E-03,-408.546006962E-03,+2.552724532961E+00,+68.674308310E-03
+3.105620000E-03,-424.299775639E-03,+2.552724532961E+00,+67.429961591E-03
+3.105625000E-03,-437.980680013E-03,+2.552724532961E+00,+66.779207828E-03
+3.105630000E-03,-453.216232614E-03,+2.552724532961E+00,+65.600815882E-03
+3.105635000E-03,-467.570817884E-03,+2.552724532961E+00,+64.796167648E-03
+3.105640000E-03,-482.184511196E-03,+2.552724532961E+00,+63.670539521E-03
+3.105645000E-03,-496.072702002E-03,+2.552724532961E+00,+62.879082241E-03
+3.105650000E-03,-510.116357635E-03,+2.552724532961E+00,+61.828202857E-03
+3.105655000E-03,-524.419121297E-03,+2.552724532961E+00,+60.948805880E-03
+3.105660000E-03,-537.840917635E-03,+2.552724532961E+00,+59.928705390E-03
+3.105665000E-03,-550.951784327E-03,+2.552724532961E+00,+58.952574745E-03
+3.105670000E-03,-565.150904782E-03,+2.552724532961E+00,+57.919283301E-03
+3.105675000E-03,-578.417236295E-03,+2.552724532961E+00,+56.864006929E-03
+3.105680000E-03,-591.890854245E-03,+2.552724532961E+00,+55.945037091E-03
+3.105685000E-03,-605.519937005E-03,+2.552724532961E+00,+54.718278308E-03
+3.105690000E-03,-619.045376564E-03,+2.552724532961E+00,+53.733353697E-03
+3.105695000E-03,-632.363529686E-03,+2.552724532961E+00,+52.678077326E-03
+3.105700000E-03,-645.474396385E-03,+2.552724532961E+00,+51.622800957E-03
+3.105705000E-03,-657.807938964E-03,+2.552724532961E+00,+50.519157751E-03
+3.105710000E-03,-670.711519231E-03,+2.552724532961E+00,+49.446293442E-03
+3.105715000E-03,-682.112272881E-03,+2.552724532961E+00,+48.329459282E-03
+3.105720000E-03,-695.015853143E-03,+2.552724532961E+00,+47.186243215E-03
+3.105725000E-03,-708.023076614E-03,+2.552724532961E+00,+45.981469358E-03
+3.105730000E-03,-720.823013665E-03,+2.552724532961E+00,+44.882223139E-03
+3.105735000E-03,-732.793804996E-03,+2.552724532961E+00,+43.664258327E-03
+3.105740000E-03,-746.215601338E-03,+2.552724532961E+00,+42.608981957E-03
+3.105745000E-03,-757.979106236E-03,+2.552724532961E+00,+41.395414131E-03
+3.105750000E-03,-769.276216668E-03,+2.552724532961E+00,+40.234610123E-03
+3.105755000E-03,-781.298829602E-03,+2.552724532961E+00,+39.003454358E-03
+3.105760000E-03,-793.114156111E-03,+2.552724532961E+00,+37.882223214E-03
+3.105765000E-03,-804.566731361E-03,+2.552724532961E+00,+36.633479509E-03
+3.105770000E-03,-815.552912150E-03,+2.552724532961E+00,+35.450690576E-03
+3.105775000E-03,-826.953665796E-03,+2.552724532961E+00,+34.175564963E-03
+3.105780000E-03,-838.147133015E-03,+2.552724532961E+00,+32.957600151E-03
+3.105785000E-03,-848.045060049E-03,+2.552724532961E+00,+31.730841371E-03
+3.105790000E-03,-858.927597624E-03,+2.552724532961E+00,+30.460112740E-03
+3.105795000E-03,-869.343740716E-03,+2.552724532961E+00,+29.281720793E-03
+3.105800000E-03,-879.345310969E-03,+2.552724532961E+00,+27.984610255E-03
+3.105805000E-03,-891.108815866E-03,+2.552724532961E+00,+26.749057504E-03
+3.105810000E-03,-901.732245403E-03,+2.552724532961E+00,+25.473931890E-03
+3.105815000E-03,-911.163777961E-03,+2.552724532961E+00,+24.339509791E-03
+3.105820000E-03,-921.631742675E-03,+2.552724532961E+00,+22.910489706E-03
+3.105825000E-03,-930.907810412E-03,+2.552724532961E+00,+21.732097758E-03
+3.105830000E-03,-940.702094226E-03,+2.552724532961E+00,+20.439384205E-03
+3.105835000E-03,-951.273702152E-03,+2.552724532961E+00,+19.129082712E-03
+3.105840000E-03,-959.824267390E-03,+2.552724532961E+00,+17.924308855E-03
+3.105845000E-03,-969.100335124E-03,+2.552724532961E+00,+16.574434498E-03
+3.105850000E-03,-977.236327505E-03,+2.552724532961E+00,+15.268529988E-03
+3.105855000E-03,-987.548827390E-03,+2.552724532961E+00,+14.024183268E-03
+3.105860000E-03,-994.648387621E-03,+2.552724532961E+00,+12.722675745E-03
+3.105865000E-03,-1.003924455362E+00,+2.552724532961E+00,+11.460741085E-03
+3.105870000E-03,-1.012060447736E+00,+2.552724532961E+00,+10.102072757E-03
+3.105875000E-03,-1.020973764216E+00,+2.552724532961E+00,+8.809359204E-03
+3.105880000E-03,-1.027503286767E+00,+2.552724532961E+00,+7.499057711E-03
+3.105885000E-03,-1.035898387187E+00,+2.552724532961E+00,+6.232726066E-03
+3.105890000E-03,-1.043982557945E+00,+2.552724532961E+00,+4.909233617E-03
+3.105895000E-03,-1.050978474958E+00,+2.552724532961E+00,+3.616520063E-03
+3.105900000E-03,-1.058129856793E+00,+2.552724532961E+00,+2.332600479E-03
+3.105905000E-03,-1.065333060239E+00,+2.552724532961E+00,+1.075062805E-03
+3.105910000E-03,-1.072743550097E+00,+2.552724532961E+00,-213.253766E-06
+3.105915000E-03,-1.079894931938E+00,+2.552724532961E+00,-1.637876865E-03
+3.105920000E-03,-1.086113524834E+00,+2.552724532961E+00,-2.847047706E-03
+3.105925000E-03,-1.091554793620E+00,+2.552724532961E+00,-4.232097942E-03
+3.105930000E-03,-1.097877029734E+00,+2.552724532961E+00,-5.489635618E-03
+3.105935000E-03,-1.103836514598E+00,+2.552724532961E+00,-6.782349172E-03
+3.105940000E-03,-1.109433248205E+00,+2.552724532961E+00,-8.114635590E-03
+3.105945000E-03,-1.114822695384E+00,+2.552724532961E+00,-9.411746128E-03
+3.105950000E-03,-1.120419428996E+00,+2.552724532961E+00,-10.770414456E-03
+3.105955000E-03,-1.125135195273E+00,+2.552724532961E+00,-12.071921980E-03
+3.105960000E-03,-1.132182933885E+00,+2.552724532961E+00,-13.575690807E-03
+3.105965000E-03,-1.136328662494E+00,+1.063952568403E+00,-14.710112906E-03
+3.105970000E-03,-1.139800710193E+00,-162.335111141E-03,-16.042399323E-03
+3.105975000E-03,-1.143376401107E+00,-181.807472917E-03,-17.220791271E-03
+3.105980000E-03,-1.148195810601E+00,+52.646041489E-03,-18.619032463E-03
+3.105985000E-03,-1.151875144740E+00,+114.439383696E-03,-19.924936970E-03
+3.105990000E-03,-1.155399014048E+00,-84.210112157E-03,-21.252826404E-03
+3.105995000E-03,-1.159596564250E+00,-80.284232756E-03,-22.545539957E-03
+3.106000000E-03,-1.162654039094E+00,-80.362750524E-03,-23.807474618E-03
+3.106005000E-03,-1.165866978760E+00,-19.040514836E-03,-25.117776111E-03
+3.106010000E-03,-1.168665345563E+00,-57.278579774E-03,-26.507223333E-03
+3.106015000E-03,-1.172914717376E+00,-50.133479338E-03,-27.777951962E-03
+3.106020000E-03,-1.174987581669E+00,-60.968906390E-03,-28.960740895E-03
+3.106025000E-03,-1.176645873117E+00,-47.620916589E-03,-30.332600175E-03
+3.106030000E-03,-1.179185131884E+00,-52.960112504E-03,-31.568152926E-03
+3.106035000E-03,-1.181102531360E+00,-49.662373838E-03,-33.014760951E-03
+3.106040000E-03,-1.182346249939E+00,-52.017901451E-03,-33.995288578E-03
+3.106045000E-03,-1.183175395667E+00,-48.092022097E-03,-35.573806150E-03
+3.106050000E-03,-1.184885508708E+00,-50.211996955E-03,-36.466394080E-03
+3.106055000E-03,-1.186543800144E+00,-47.071293458E-03,-38.097675470E-03
+3.106060000E-03,-1.187269302661E+00,-48.720162801E-03,-38.902323702E-03
+3.106065000E-03,-1.186958373009E+00,-48.013504507E-03,-40.612750819E-03
+3.106070000E-03,-1.188253913192E+00,-48.563127616E-03,-41.377826188E-03
+3.106075000E-03,-1.188513021234E+00,-48.641645206E-03,-43.066268382E-03
+3.106080000E-03,-1.189393988560E+00,-46.757223126E-03,-43.787373901E-03
+3.106085000E-03,-1.189290345351E+00,-49.426821068E-03,-45.537373883E-03
+3.106090000E-03,-1.189393988560E+00,-47.071293460E-03,-46.104584931E-03
+3.106095000E-03,-1.188150269991E+00,-46.286117603E-03,-47.806218080E-03
+3.106100000E-03,-1.187891161944E+00,-45.422424146E-03,-48.562499478E-03
+3.106105000E-03,-1.187632053912E+00,-46.678705528E-03,-50.202574838E-03
+3.106110000E-03,-1.186284692115E+00,-46.364635192E-03,-50.901695433E-03
+3.106115000E-03,-1.184833687103E+00,-47.542398981E-03,-52.528579838E-03
+3.106120000E-03,-1.184108184604E+00,-47.542398988E-03,-53.293655205E-03
+3.106125000E-03,-1.181102531371E+00,-47.542398980E-03,-54.806218005E-03
+3.106130000E-03,-1.180377028862E+00,-47.228328636E-03,-55.606469250E-03
+3.106135000E-03,-1.177941413310E+00,-45.657976899E-03,-56.899182806E-03
+3.106140000E-03,-1.176024013832E+00,-46.678705530E-03,-57.954459175E-03
+3.106145000E-03,-1.173277468636E+00,-45.343906552E-03,-59.176820972E-03
+3.106150000E-03,-1.170375458621E+00,-45.500941729E-03,-60.126569705E-03
+3.106155000E-03,-1.167525270206E+00,-45.579459314E-03,-61.318152608E-03
+3.106160000E-03,-1.164312330549E+00,-46.521670364E-03,-62.259107371E-03
+3.106165000E-03,-1.162032179811E+00,-45.736494492E-03,-63.455087260E-03
+3.106170000E-03,-1.157990094429E+00,-45.108353795E-03,-64.444408854E-03
+3.106175000E-03,-1.155243549244E+00,-45.108353780E-03,-65.701946531E-03
+3.106180000E-03,-1.150631426162E+00,-44.480213090E-03,-66.572549536E-03
+3.106185000E-03,-1.147107556859E+00,-44.637248267E-03,-67.610237968E-03
+3.106190000E-03,-1.142961828258E+00,-44.794283436E-03,-68.573177655E-03
+3.106195000E-03,-1.138194240383E+00,-44.794283431E-03,-69.654835936E-03
+3.106200000E-03,-1.133374830874E+00,-45.186871363E-03,-70.551820850E-03
+3.106205000E-03,-1.129177280671E+00,-44.794283431E-03,-71.536745463E-03
+3.106210000E-03,-1.124876087242E+00,-45.343906547E-03,-72.460112287E-03
+3.106215000E-03,-1.119642104895E+00,-45.422424132E-03,-73.396670067E-03
+3.106220000E-03,-1.114149014505E+00,-44.166142743E-03,-74.438755482E-03
+3.106225000E-03,-1.109225961791E+00,-43.773554802E-03,-75.282976578E-03
+3.106230000E-03,-1.102748260855E+00,-44.558730685E-03,-76.289886116E-03
+3.106235000E-03,-1.096477846344E+00,-42.988378943E-03,-77.032976559E-03
+3.106240000E-03,-1.091347507211E+00,-43.223931705E-03,-78.123428811E-03
+3.106245000E-03,-1.084766163060E+00,-44.323177912E-03,-78.831343375E-03
+3.106250000E-03,-1.078495748554E+00,-42.517273422E-03,-79.970162459E-03
+3.106255000E-03,-1.072121690827E+00,-43.380966870E-03,-80.519785568E-03
+3.106260000E-03,-1.065022130608E+00,-43.616519621E-03,-81.663001637E-03
+3.106265000E-03,-1.059269932176E+00,-41.889132725E-03,-82.181845852E-03
+3.106270000E-03,-1.051859442305E+00,-44.401695501E-03,-83.311870967E-03
+3.106275000E-03,-1.044189844404E+00,-43.066896520E-03,-83.861494075E-03
+3.106280000E-03,-1.036727532920E+00,-42.752826188E-03,-84.872800598E-03
+3.106285000E-03,-1.028643362157E+00,-43.145414103E-03,-85.563127222E-03
+3.106290000E-03,-1.021232872284E+00,-44.323177899E-03,-86.429333243E-03
+3.106295000E-03,-1.012164090974E+00,-43.223931701E-03,-87.031720172E-03
+3.106300000E-03,-1.003976276992E+00,-43.459484456E-03,-87.818780466E-03
+3.106305000E-03,-995.943927836E-03,-41.732097545E-03,-88.522298046E-03
+3.106310000E-03,-987.445184215E-03,-43.695037223E-03,-89.181845777E-03
+3.106315000E-03,-978.220938078E-03,-41.653579957E-03,-89.938127176E-03
+3.106320000E-03,-969.877659268E-03,-42.360238243E-03,-90.500941241E-03
+3.106325000E-03,-961.119807608E-03,-41.967650309E-03,-91.261619624E-03
+3.106330000E-03,-952.310134332E-03,-42.674308587E-03,-91.679333189E-03
+3.106335000E-03,-942.567672130E-03,-41.182474429E-03,-92.466393481E-03
+3.106340000E-03,-934.017106888E-03,-42.438755822E-03,-92.950061818E-03
+3.106345000E-03,-924.378287888E-03,-42.281720649E-03,-93.649182413E-03
+3.106350000E-03,-912.718426216E-03,-40.397298572E-03,-94.093277885E-03
+3.106355000E-03,-902.146818301E-03,-42.831343754E-03,-94.783604513E-03
+3.106360000E-03,-892.456177686E-03,-40.475816161E-03,-95.350815561E-03
+3.106365000E-03,-881.677283334E-03,-41.339509602E-03,-95.918026610E-03
+3.106370000E-03,-871.986642743E-03,-40.789886496E-03,-96.313755248E-03
+3.106375000E-03,-862.555110170E-03,-40.318780974E-03,-96.946921072E-03
+3.106380000E-03,-852.242610284E-03,-41.025439256E-03,-97.364634634E-03
+3.106385000E-03,-841.515537536E-03,-41.496544765E-03,-97.914257744E-03
+3.106390000E-03,-830.218427113E-03,-40.868404085E-03,-98.318780352E-03
+3.106395000E-03,-818.765851858E-03,-40.711368891E-03,-98.824433615E-03
+3.106400000E-03,-807.883314284E-03,-40.161745810E-03,-99.163001450E-03
+3.106405000E-03,-796.793490281E-03,-39.847675466E-03,-99.699433605E-03
+3.106410000E-03,-784.874520562E-03,-41.418027187E-03,-99.936870789E-03
+3.106415000E-03,-772.437334768E-03,-40.632851319E-03,-100.394157215E-03
+3.106420000E-03,-760.207435396E-03,-42.360238244E-03,-100.816267763E-03
+3.106425000E-03,-748.081179244E-03,-41.496544783E-03,-101.080086856E-03
+3.106430000E-03,-736.887712022E-03,-41.810615139E-03,-101.475815496E-03
+3.106435000E-03,-724.865099079E-03,-40.554333741E-03,-101.664885844E-03
+3.106440000E-03,-712.376091688E-03,-41.967650290E-03,-102.192524031E-03
+3.106445000E-03,-700.146192316E-03,-41.967650301E-03,-102.144157197E-03
+3.106450000E-03,-687.449898485E-03,-41.496544787E-03,-102.689383322E-03
+3.106455000E-03,-675.738215197E-03,-39.455087517E-03,-102.693780306E-03
+3.106460000E-03,-662.057310825E-03,-42.517273420E-03,-103.173051659E-03
+3.106465000E-03,-649.931054675E-03,-39.690640277E-03,-103.111493870E-03
+3.106470000E-03,-636.094685481E-03,-41.103956856E-03,-103.516016480E-03
+3.106475000E-03,-622.206494667E-03,-39.219534763E-03,-103.485237584E-03
+3.106480000E-03,-609.717487262E-03,-41.182474436E-03,-103.815011451E-03
+3.106485000E-03,-596.088404490E-03,-40.083228232E-03,-103.836996374E-03
+3.106490000E-03,-582.096570473E-03,-40.711368905E-03,-103.929333057E-03
+3.106495000E-03,-569.348455043E-03,-40.318780968E-03,-104.157976269E-03
+3.106500000E-03,-555.252977801E-03,-40.161745803E-03,-104.140388333E-03
+3.106505000E-03,-542.504862352E-03,-40.161745801E-03,-104.285488831E-03
+3.106510000E-03,-528.305741903E-03,-39.612122698E-03,-104.228328031E-03
+3.106515000E-03,-514.832123966E-03,-40.475816131E-03,-104.369031544E-03
+3.106520000E-03,-501.099397967E-03,-39.769157876E-03,-104.298679788E-03
+3.106525000E-03,-487.003920726E-03,-40.632851310E-03,-104.544910939E-03
+3.106530000E-03,-472.390227436E-03,-40.083228214E-03,-104.157976274E-03
+3.106535000E-03,-458.502036613E-03,-40.789886492E-03,-104.430589332E-03
+3.106540000E-03,-443.370127236E-03,-39.847675430E-03,-104.162373259E-03
+3.106545000E-03,-428.445504285E-03,-39.219534770E-03,-104.294282801E-03
+3.106550000E-03,-414.350027033E-03,-40.318780962E-03,-104.017272757E-03
+3.106555000E-03,-399.529047312E-03,-39.847675459E-03,-104.131594361E-03
+3.106560000E-03,-385.018997209E-03,-39.219534759E-03,-103.819408437E-03
+3.106565000E-03,-371.027163181E-03,-40.711368906E-03,-103.924936071E-03
+3.106570000E-03,-355.480680952E-03,-42.674308580E-03,-103.538001406E-03
+3.106575000E-03,-339.312339415E-03,-39.376569926E-03,-103.603956176E-03
+3.106580000E-03,-325.424148604E-03,-40.318780990E-03,-103.278579297E-03
+3.106585000E-03,-310.033131184E-03,-39.847675459E-03,-103.146669750E-03
+3.106590000E-03,-295.523081090E-03,-41.260992018E-03,-102.882850657E-03
+3.106595000E-03,-280.753922956E-03,-39.847675442E-03,-102.755338095E-03
+3.106600000E-03,-265.725656779E-03,-40.632851340E-03,-102.465137095E-03
+3.106605000E-03,-250.386460964E-03,-38.434358879E-03,-102.179333078E-03
+3.106610000E-03,-235.358194798E-03,-40.632851322E-03,-102.038629561E-03
+3.106615000E-03,-219.656247724E-03,-40.711368924E-03,-101.612122029E-03
+3.106620000E-03,-205.146197625E-03,-40.004710637E-03,-101.427448661E-03
+3.106625000E-03,-191.206185220E-03,-39.769157846E-03,-100.785488873E-03
+3.106630000E-03,-176.540670292E-03,-39.612122714E-03,-100.763503945E-03
+3.106635000E-03,-161.978798582E-03,-40.475816152E-03,-100.134735110E-03
+3.106640000E-03,-145.499527426E-03,-40.161745806E-03,-99.954458727E-03
+3.106645000E-03,-130.108509992E-03,-40.161745792E-03,-99.369659742E-03
+3.106650000E-03,-113.836525256E-03,-40.711368912E-03,-99.268529086E-03
+3.106655000E-03,-99.637404790E-03,-41.496544773E-03,-98.534232617E-03
+3.106660000E-03,-86.008322020E-03,-39.455087527E-03,-98.353956232E-03
+3.106665000E-03,-70.099088527E-03,-40.554333726E-03,-97.650438655E-03
+3.106670000E-03,-56.003611288E-03,-39.847675458E-03,-97.413001468E-03
+3.106675000E-03,-41.182631546E-03,-40.946921658E-03,-96.718277861E-03
+3.106680000E-03,-26.568938236E-03,-40.318780991E-03,-96.370916053E-03
+3.106685000E-03,-11.696136883E-03,-40.397298560E-03,-95.676192445E-03
+3.106690000E-03,+4.264918217E-03,-39.847675442E-03,-95.293654758E-03
+3.106695000E-03,+19.759578863E-03,-40.004710626E-03,-94.563755271E-03
+3.106700000E-03,+35.150596274E-03,-38.826946826E-03,-94.097674873E-03
+3.106705000E-03,+50.386148878E-03,-39.690640285E-03,-93.420539202E-03
+3.106710000E-03,+65.518058261E-03,-38.512876476E-03,-92.906091971E-03
+3.106715000E-03,+80.598146033E-03,-39.847675453E-03,-92.272926148E-03
+3.106720000E-03,+95.367304191E-03,-41.496544775E-03,-91.718906055E-03
+3.106725000E-03,+112.002040167E-03,-40.868404082E-03,-90.949433700E-03
+3.106730000E-03,+125.993874198E-03,-41.418027185E-03,-90.439383455E-03
+3.106735000E-03,+141.903107702E-03,-41.182474429E-03,-89.595162360E-03
+3.106740000E-03,+157.294125118E-03,-40.632851329E-03,-89.133478947E-03
+3.106745000E-03,+172.218748068E-03,-40.711368905E-03,-88.306845790E-03
+3.106750000E-03,+187.454300676E-03,-40.868404096E-03,-87.814383484E-03
+3.106755000E-03,+201.601599522E-03,-39.926193046E-03,-86.811870931E-03
+3.106760000E-03,+217.355368196E-03,-41.496544775E-03,-86.328202595E-03
+3.106765000E-03,+231.709953463E-03,-39.690640282E-03,-85.277323209E-03
+3.106770000E-03,+246.427289983E-03,-41.889132713E-03,-84.802448842E-03
+3.106775000E-03,+261.092804907E-03,-40.318780970E-03,-83.703202623E-03
+3.106780000E-03,+277.779362519E-03,-40.397298584E-03,-83.149182529E-03
+3.106785000E-03,+291.563910110E-03,-39.926193037E-03,-82.010363446E-03
+3.106790000E-03,+306.695819494E-03,-39.533605114E-03,-81.583855911E-03
+3.106795000E-03,+321.413156010E-03,-41.103956846E-03,-80.370288087E-03
+3.106800000E-03,+335.508633264E-03,-42.124685474E-03,-79.838252916E-03
+3.106805000E-03,+350.744185847E-03,-40.318780961E-03,-78.646670016E-03
+3.106810000E-03,+364.736019880E-03,-39.533605111E-03,-78.057474040E-03
+3.106815000E-03,+378.986961944E-03,-41.575062349E-03,-76.865891140E-03
+3.106820000E-03,+393.652476863E-03,-39.062499593E-03,-76.228328332E-03
+3.106825000E-03,+407.333381231E-03,-41.025439265E-03,-74.979584627E-03
+3.106830000E-03,+422.724398660E-03,-40.946921657E-03,-74.320036895E-03
+3.106835000E-03,+436.508946243E-03,-41.260992036E-03,-73.207599721E-03
+3.106840000E-03,+449.308883304E-03,-40.868404085E-03,-72.486494201E-03
+3.106845000E-03,+463.611646962E-03,-40.946921672E-03,-71.334484162E-03
+3.106850000E-03,+477.240729731E-03,-40.240263380E-03,-70.630966583E-03
+3.106855000E-03,+490.973455708E-03,-39.926193044E-03,-69.364634938E-03
+3.106860000E-03,+505.068932950E-03,-40.789886516E-03,-68.674308313E-03
+3.106865000E-03,+517.765226788E-03,-40.004710631E-03,-67.315639985E-03
+3.106870000E-03,+531.238844744E-03,-41.810615161E-03,-66.686871148E-03
+3.106875000E-03,+544.971570713E-03,-39.847675454E-03,-65.222675183E-03
+3.106880000E-03,+557.771507769E-03,-40.240263390E-03,-64.593906345E-03
+3.106885000E-03,+571.296947310E-03,-40.004710621E-03,-63.037373699E-03
+3.106890000E-03,+584.304170791E-03,-40.789886492E-03,-62.351444060E-03
+3.106895000E-03,+597.518680716E-03,-41.182474409E-03,-60.961996837E-03
+3.106900000E-03,+610.214974541E-03,-40.475816148E-03,-60.170539560E-03
+3.106905000E-03,+623.740414096E-03,-42.360238237E-03,-58.807474246E-03
+3.106910000E-03,+634.571130073E-03,-39.612122716E-03,-58.046795864E-03
+3.106915000E-03,+647.267423902E-03,-41.496544776E-03,-56.630966732E-03
+3.106920000E-03,+660.015539329E-03,-40.868404091E-03,-55.879082319E-03
+3.106925000E-03,+671.260828161E-03,-40.397298548E-03,-54.357725552E-03
+3.106930000E-03,+683.646192353E-03,-40.397298559E-03,-53.605841137E-03
+3.106935000E-03,+695.461518863E-03,-41.103956833E-03,-51.930589899E-03
+3.106940000E-03,+707.535953402E-03,-40.946921672E-03,-51.253454229E-03
+3.106945000E-03,+719.351279911E-03,-41.496544776E-03,-49.604584898E-03
+3.106950000E-03,+731.114784810E-03,-41.889132726E-03,-48.909861288E-03
+3.106955000E-03,+741.893679167E-03,-40.711368921E-03,-47.230213066E-03
+3.106960000E-03,+754.071756924E-03,-40.397298559E-03,-46.632223121E-03
+3.106965000E-03,+765.990726636E-03,-40.789886483E-03,-44.851444248E-03
+3.106970000E-03,+777.028729038E-03,-40.946921674E-03,-44.156720635E-03
+3.106975000E-03,+787.289407325E-03,-41.260992020E-03,-42.503454325E-03
+3.106980000E-03,+798.793804177E-03,-40.868404094E-03,-41.725187997E-03
+3.106985000E-03,+809.520876928E-03,-41.967650279E-03,-40.067524702E-03
+3.106990000E-03,+820.714344138E-03,-39.219534763E-03,-39.130966919E-03
+3.106995000E-03,+830.871379208E-03,-40.397298571E-03,-37.583228246E-03
+3.107000000E-03,+840.095625353E-03,-37.884735771E-03,-36.536745842E-03
+3.107005000E-03,+850.511768454E-03,-40.475816175E-03,-35.173680533E-03
+3.107010000E-03,+860.772446725E-03,-41.496544795E-03,-33.920539841E-03
+3.107015000E-03,+871.758627524E-03,-41.653579947E-03,-32.689384078E-03
+3.107020000E-03,+881.501089722E-03,-42.046167890E-03,-31.414258461E-03
+3.107025000E-03,+891.243551934E-03,-41.103956845E-03,-30.240263500E-03
+3.107030000E-03,+899.845938787E-03,-41.889132736E-03,-28.811243413E-03
+3.107035000E-03,+909.122006533E-03,-39.612122707E-03,-27.681218300E-03
+3.107040000E-03,+918.553539078E-03,-41.889132725E-03,-26.203831382E-03
+3.107045000E-03,+928.555109317E-03,-41.496544765E-03,-25.073806268E-03
+3.107050000E-03,+936.639280098E-03,-41.732097540E-03,-23.635992214E-03
+3.107055000E-03,+944.827094091E-03,-42.517273397E-03,-22.404836446E-03
+3.107060000E-03,+954.154983427E-03,-41.496544804E-03,-21.015389227E-03
+3.107065000E-03,+962.031867762E-03,-41.418027196E-03,-19.757851549E-03
+3.107070000E-03,+970.323324950E-03,-41.339509606E-03,-18.438756088E-03
+3.107075000E-03,+977.681993234E-03,-41.653579946E-03,-17.093278715E-03
+3.107080000E-03,+985.092483107E-03,-43.145414112E-03,-15.818153102E-03
+3.107085000E-03,+993.073010662E-03,-40.632851316E-03,-14.485866682E-03
+3.107090000E-03,+1.001053538205E+00,-40.554333746E-03,-13.241519963E-03
+3.107095000E-03,+1.008723136129E+00,-41.967650285E-03,-11.803705908E-03
+3.107100000E-03,+1.015822696335E+00,-41.732097529E-03,-10.691268734E-03
+3.107105000E-03,+1.021523073172E+00,-41.889132704E-03,-9.244660710E-03
+3.107110000E-03,+1.028104417324E+00,-39.298052354E-03,-8.017901927E-03
+3.107115000E-03,+1.035359442368E+00,-41.889132712E-03,-6.615263753E-03
+3.107120000E-03,+1.041888964914E+00,-40.397298569E-03,-5.392901955E-03
+3.107125000E-03,+1.047848449771E+00,-41.418027185E-03,-4.016645692E-03
+3.107130000E-03,+1.053807934622E+00,-41.260992012E-03,-2.737123088E-03
+3.107135000E-03,+1.060078349124E+00,-40.789886486E-03,-1.505967328E-03
+3.107140000E-03,+1.065623261138E+00,-41.418027209E-03,-125.314071E-06
+3.107145000E-03,+1.071582746002E+00,-41.182474438E-03,+1.026695964E-03
+3.107150000E-03,+1.077853160510E+00,-35.921796145E-03,+2.578831627E-03
+3.107155000E-03,+1.083760823752E+00,+1.254593255538E+00,+3.708856739E-03
+3.107160000E-03,+1.087025585034E+00,+2.552724532960E+00,+5.111494919E-03
+3.107165000E-03,+1.092725961871E+00,+2.552724532961E+00,+6.267901937E-03
+3.107170000E-03,+1.097182620110E+00,+2.552724532961E+00,+7.877198407E-03
+3.107175000E-03,+1.102882996912E+00,+2.552724532961E+00,+8.884107937E-03
+3.107180000E-03,+1.106510509441E+00,+2.552724532961E+00,+10.352700892E-03
+3.107185000E-03,+1.109567984292E+00,+2.552724532961E+00,+11.434359168E-03
+3.107190000E-03,+1.114491037014E+00,+2.552724532961E+00,+12.938128001E-03
+3.107195000E-03,+1.117600333453E+00,+2.552724532961E+00,+14.138504869E-03
+3.107200000E-03,+1.120968737946E+00,+2.552724532961E+00,+15.571921939E-03
+3.107205000E-03,+1.122834315812E+00,+2.552724532961E+00,+16.763504840E-03
+3.107210000E-03,+1.125684504215E+00,+2.552724532961E+00,+18.060615381E-03
+3.107215000E-03,+1.129726589609E+00,+2.552724532961E+00,+19.344534963E-03
+3.107220000E-03,+1.130918486592E+00,+2.552724532961E+00,+20.597675656E-03
+3.107225000E-03,+1.134597820717E+00,+2.552724532961E+00,+21.982725890E-03
+3.107230000E-03,+1.135893360894E+00,+2.552724532961E+00,+23.103957034E-03
+3.107235000E-03,+1.138536262872E+00,+2.552724532961E+00,+24.502198227E-03
+3.107240000E-03,+1.141282808074E+00,+2.552724532961E+00,+25.592650475E-03
+3.107245000E-03,+1.141645559336E+00,+2.552724532961E+00,+27.083228350E-03
+3.107250000E-03,+1.143718423621E+00,+2.552724532961E+00,+28.107725825E-03
+3.107255000E-03,+1.145169428635E+00,+2.552724532961E+00,+29.637876563E-03
+3.107260000E-03,+1.146205860782E+00,+2.552724532961E+00,+30.548052432E-03
+3.107265000E-03,+1.146672255263E+00,+2.552724532961E+00,+32.056218247E-03
+3.107270000E-03,+1.147864152230E+00,+2.552724532961E+00,+33.027951904E-03
+3.107275000E-03,+1.147708687403E+00,+2.552724532961E+00,+34.571293595E-03
+3.107280000E-03,+1.148019617070E+00,+2.552724532961E+00,+35.477072480E-03
+3.107285000E-03,+1.147915973853E+00,+2.552724532961E+00,+37.016017189E-03
+3.107290000E-03,+1.148019617065E+00,+2.552724532961E+00,+37.926193057E-03
+3.107295000E-03,+1.147760509023E+00,+2.552724532961E+00,+39.399182990E-03
+3.107300000E-03,+1.146724076883E+00,+2.552724532961E+00,+40.326946798E-03
+3.107305000E-03,+1.146672255269E+00,+2.552724532961E+00,+41.729584976E-03
+3.107310000E-03,+1.144858499001E+00,+2.552724532961E+00,+42.683730693E-03
+3.107315000E-03,+1.145169428637E+00,+2.552724532961E+00,+44.029208068E-03
+3.107320000E-03,+1.142837456308E+00,+2.552724532961E+00,+45.062499514E-03
+3.107325000E-03,+1.142111953817E+00,+2.552724532961E+00,+46.372801005E-03
+3.107330000E-03,+1.140246375951E+00,+2.552724532961E+00,+47.326946726E-03
+3.107335000E-03,+1.138743549314E+00,+2.552724532961E+00,+48.536117566E-03
+3.107340000E-03,+1.136567041806E+00,+2.552724532961E+00,+49.503454241E-03
+3.107345000E-03,+1.134338712679E+00,+2.552724532961E+00,+50.730213020E-03
+3.107350000E-03,+1.130970308216E+00,+2.552724532961E+00,+51.679961756E-03
+3.107355000E-03,+1.128690157488E+00,+2.552724532961E+00,+52.858353701E-03
+3.107360000E-03,+1.125529039418E+00,+2.552724532961E+00,+53.821293391E-03
+3.107365000E-03,+1.122937959061E+00,+2.552724532961E+00,+55.065640108E-03
+3.107370000E-03,+1.119414089732E+00,+2.552724532961E+00,+55.949434073E-03
+3.107375000E-03,+1.115993863637E+00,+2.552724532961E+00,+57.141016971E-03
+3.107380000E-03,+1.112677280759E+00,+2.552724532961E+00,+58.002826010E-03
+3.107385000E-03,+1.108894303426E+00,+2.552724532961E+00,+59.172423984E-03
+3.107390000E-03,+1.103971250709E+00,+2.552724532961E+00,+60.082599856E-03
+3.107395000E-03,+1.099877343726E+00,+2.552724532961E+00,+61.234609891E-03
+3.107400000E-03,+1.095783436704E+00,+2.552724532961E+00,+62.008479234E-03
+3.107405000E-03,+1.090601275979E+00,+2.552724532961E+00,+63.213253086E-03
+3.107410000E-03,+1.085522758454E+00,+2.552724532961E+00,+63.885991777E-03
+3.107415000E-03,+1.081066100198E+00,+2.552724532961E+00,+65.156720402E-03
+3.107420000E-03,+1.075313901779E+00,+2.552724532961E+00,+65.820665122E-03
+3.107425000E-03,+1.069717168184E+00,+2.552724532961E+00,+66.999057068E-03
+3.107430000E-03,+1.065415974748E+00,+2.552724532961E+00,+67.627825908E-03
+3.107435000E-03,+1.058420057749E+00,+2.552724532961E+00,+68.876569609E-03
+3.107440000E-03,+1.053859756293E+00,+2.552724532961E+00,+69.434986691E-03
+3.107445000E-03,+1.046656552836E+00,+2.552724532961E+00,+70.661745470E-03
+3.107450000E-03,+1.040489781568E+00,+2.552724532961E+00,+71.211368581E-03
+3.107455000E-03,+1.034271188654E+00,+2.552724532961E+00,+72.332599723E-03
+3.107460000E-03,+1.027171628434E+00,+2.552724532961E+00,+72.978956501E-03
+3.107465000E-03,+1.020538462658E+00,+2.552724532961E+00,+73.897926341E-03
+3.107470000E-03,+1.013646188873E+00,+2.552724532961E+00,+74.588252967E-03
+3.107475000E-03,+1.006080234172E+00,+2.552724532961E+00,+75.577574563E-03
+3.107480000E-03,+998.928852344E-03,+2.552724532961E+00,+76.263504205E-03
+3.107485000E-03,+989.652784609E-03,+2.552724532961E+00,+77.015388622E-03
+3.107490000E-03,+981.568613848E-03,+2.552724532961E+00,+77.894785593E-03
+3.107495000E-03,+975.609128988E-03,+2.552724532961E+00,+78.563127298E-03
+3.107500000E-03,+966.851277316E-03,+2.552724532961E+00,+79.341393618E-03
+3.107505000E-03,+958.922571377E-03,+2.552724532961E+00,+79.952574520E-03
+3.107510000E-03,+949.853790073E-03,+2.552724532961E+00,+80.713252901E-03
+3.107515000E-03,+941.614154472E-03,+2.552724532961E+00,+81.254082045E-03
+3.107520000E-03,+933.840913344E-03,+2.552724532961E+00,+82.067524241E-03
+3.107525000E-03,+925.290348105E-03,+2.552724532961E+00,+82.568780523E-03
+3.107530000E-03,+916.428853231E-03,+2.552724532961E+00,+83.285489052E-03
+3.107535000E-03,+906.375461384E-03,+2.552724532961E+00,+83.830715183E-03
+3.107540000E-03,+897.203036863E-03,+2.552724532961E+00,+84.543026728E-03
+3.107545000E-03,+887.253288223E-03,+2.552724532961E+00,+85.031092054E-03
+3.107550000E-03,+877.925398887E-03,+2.552724532961E+00,+85.668654857E-03
+3.107555000E-03,+868.597509514E-03,+2.552724532961E+00,+86.130338275E-03
+3.107560000E-03,+858.233188049E-03,+2.552724532961E+00,+86.732725198E-03
+3.107565000E-03,+848.387082618E-03,+2.552724532961E+00,+87.233981478E-03
+3.107570000E-03,+838.333690758E-03,+2.552724532961E+00,+87.735237749E-03
+3.107575000E-03,+827.088401946E-03,+2.552724532961E+00,+88.350815637E-03
+3.107580000E-03,+816.413150804E-03,+2.552724532961E+00,+88.742147289E-03
+3.107585000E-03,+804.908753932E-03,+2.552724532961E+00,+89.340137234E-03
+3.107590000E-03,+793.559821897E-03,+2.552724532961E+00,+89.691896021E-03
+3.107595000E-03,+782.677284318E-03,+2.552724532961E+00,+90.254710088E-03
+3.107600000E-03,+772.261141214E-03,+2.552724532961E+00,+90.505338225E-03
+3.107605000E-03,+759.616669001E-03,+2.552724532961E+00,+91.090137214E-03
+3.107610000E-03,+748.475023408E-03,+2.552724532961E+00,+91.349559322E-03
+3.107615000E-03,+736.970626531E-03,+2.552724532961E+00,+91.824433688E-03
+3.107620000E-03,+725.155300018E-03,+2.552724532961E+00,+92.092649766E-03
+3.107625000E-03,+713.443616737E-03,+2.552724532961E+00,+92.431217600E-03
+3.107630000E-03,+701.576468619E-03,+2.552724532961E+00,+92.791770365E-03
+3.107635000E-03,+688.361958702E-03,+2.552724532961E+00,+93.016016587E-03
+3.107640000E-03,+676.080237738E-03,+2.552724532961E+00,+93.398554276E-03
+3.107645000E-03,+662.606619825E-03,+2.552724532961E+00,+93.367775378E-03
+3.107650000E-03,+651.102222934E-03,+2.552724532961E+00,+93.970162311E-03
+3.107655000E-03,+640.116042147E-03,+2.552724532961E+00,+93.895413564E-03
+3.107660000E-03,+625.709635261E-03,+2.552724532961E+00,+94.467021603E-03
+3.107665000E-03,+612.754233417E-03,+2.552724532961E+00,+94.260363310E-03
+3.107670000E-03,+599.747009929E-03,+2.552724532961E+00,+94.871544211E-03
+3.107675000E-03,+587.776218594E-03,+2.552724532961E+00,+94.673679888E-03
+3.107680000E-03,+574.561708674E-03,+2.552724532961E+00,+95.179333151E-03
+3.107685000E-03,+560.362588244E-03,+2.552724532961E+00,+95.029835664E-03
+3.107690000E-03,+547.199899951E-03,+2.552724532961E+00,+95.284860790E-03
+3.107695000E-03,+534.037211634E-03,+2.552724532961E+00,+95.364006514E-03
+3.107700000E-03,+519.008945465E-03,+2.552724532961E+00,+95.416770336E-03
+3.107705000E-03,+506.001721981E-03,+2.552724532961E+00,+95.522297970E-03
+3.107710000E-03,+491.906244749E-03,+2.552724532961E+00,+95.473931140E-03
+3.107715000E-03,+478.173518767E-03,+2.552724532961E+00,+95.671795456E-03
+3.107720000E-03,+464.285327957E-03,+2.552724532961E+00,+95.451946216E-03
+3.107725000E-03,+450.967174826E-03,+2.552724532961E+00,+95.720162289E-03
+3.107730000E-03,+437.130805633E-03,+2.552724532961E+00,+95.447549234E-03
+3.107735000E-03,+423.294436423E-03,+2.552724532961E+00,+95.649810532E-03
+3.107740000E-03,+407.903419012E-03,+2.552724532961E+00,+95.434358276E-03
+3.107745000E-03,+392.823331213E-03,+2.552724532961E+00,+95.473931136E-03
+3.107750000E-03,+379.038783622E-03,+2.552724532961E+00,+95.289257777E-03
+3.107755000E-03,+363.595944601E-03,+2.552724532961E+00,+95.170539179E-03
+3.107760000E-03,+349.448645759E-03,+2.552724532961E+00,+95.108981397E-03
+3.107765000E-03,+334.731309245E-03,+2.552724532961E+00,+94.823177376E-03
+3.107770000E-03,+320.376723973E-03,+2.552724532961E+00,+94.889132150E-03
+3.107775000E-03,+304.882063339E-03,+2.552724532961E+00,+94.537373361E-03
+3.107780000E-03,+291.097515720E-03,+2.552724532961E+00,+94.493403512E-03
+3.107785000E-03,+275.240103855E-03,+2.552724532961E+00,+94.233981402E-03
+3.107790000E-03,+259.175405532E-03,+2.552724532961E+00,+94.071292962E-03
+3.107795000E-03,+245.028106690E-03,+2.552724532961E+00,+93.767901007E-03
+3.107800000E-03,+230.621699799E-03,+2.552724532961E+00,+93.508478898E-03
+3.107805000E-03,+214.349715065E-03,+2.552724532961E+00,+93.271041716E-03
+3.107810000E-03,+199.269627296E-03,+2.552724532961E+00,+92.919282927E-03
+3.107815000E-03,+185.018685234E-03,+2.552724532961E+00,+92.664257802E-03
+3.107820000E-03,+169.368559744E-03,+2.552724532961E+00,+92.272926149E-03
+3.107825000E-03,+154.340293603E-03,+2.552724532961E+00,+91.956343237E-03
+3.107830000E-03,+137.757379189E-03,+2.552724532961E+00,+91.661745254E-03
+3.107835000E-03,+123.143685884E-03,+2.552724532961E+00,+91.200061838E-03
+3.107840000E-03,+107.130809171E-03,+2.552724532961E+00,+90.971418624E-03
+3.107845000E-03,+91.325218900E-03,+2.552724532961E+00,+90.272298031E-03
+3.107850000E-03,+76.556060757E-03,+2.552724532961E+00,+90.166770391E-03
+3.107855000E-03,+60.439540825E-03,+2.552724532961E+00,+89.476443767E-03
+3.107860000E-03,+45.100345004E-03,+2.552724532961E+00,+89.296167386E-03
+3.107865000E-03,+29.605684376E-03,+2.552724532961E+00,+88.473931217E-03
+3.107870000E-03,+14.629239812E-03,+2.552724532961E+00,+88.302448803E-03
+3.107875000E-03,-1.228172062E-03,+2.552724532961E+00,+87.568152332E-03
+3.107880000E-03,-15.841865399E-03,+2.552724532961E+00,+87.286745296E-03
+3.107885000E-03,-31.647455636E-03,+2.552724532961E+00,+86.517272946E-03
+3.107890000E-03,-45.121073628E-03,+2.552724532961E+00,+86.073177471E-03
+3.107895000E-03,-60.512091051E-03,+2.552724532961E+00,+85.466393560E-03
+3.107900000E-03,-76.265859732E-03,+2.552724532961E+00,+84.850815676E-03
+3.107905000E-03,-92.330558055E-03,+2.552724532961E+00,+84.261619705E-03
+3.107910000E-03,-107.255180995E-03,+2.552724532961E+00,+83.615262925E-03
+3.107915000E-03,-123.889916987E-03,+2.552724532961E+00,+83.061242833E-03
+3.107920000E-03,-140.265544942E-03,+2.552724532961E+00,+82.296167463E-03
+3.107925000E-03,-155.086524690E-03,+2.552724532961E+00,+81.808102142E-03
+3.107930000E-03,-170.995758188E-03,+2.552724532961E+00,+81.065011699E-03
+3.107935000E-03,-185.557629915E-03,+2.552724532961E+00,+80.458227783E-03
+3.107940000E-03,-201.155933754E-03,+2.552724532961E+00,+79.600815734E-03
+3.107945000E-03,-215.458697423E-03,+2.552724532961E+00,+79.042398653E-03
+3.107950000E-03,-231.937968597E-03,+2.552724532961E+00,+78.123428818E-03
+3.107955000E-03,-247.588094059E-03,+2.552724532961E+00,+77.499056963E-03
+3.107960000E-03,-262.564538621E-03,+2.552724532961E+00,+76.637247927E-03
+3.107965000E-03,-277.489161572E-03,+2.552724532961E+00,+76.004082101E-03
+3.107970000E-03,-293.657503091E-03,+2.552724532961E+00,+75.098303223E-03
+3.107975000E-03,-307.752980345E-03,+2.552724532961E+00,+74.429961516E-03
+3.107980000E-03,-323.817678680E-03,+2.552724532961E+00,+73.510991681E-03
+3.107985000E-03,-338.120442340E-03,+2.552724532961E+00,+72.754710280E-03
+3.107990000E-03,-352.371384398E-03,+2.552724532961E+00,+71.884107274E-03
+3.107995000E-03,-367.762401824E-03,+2.552724532961E+00,+71.031092207E-03
+3.108000000E-03,-383.257062444E-03,+2.552724532961E+00,+70.217650006E-03
+3.108005000E-03,-397.197074878E-03,+2.552724532961E+00,+69.171167605E-03
+3.108010000E-03,-412.380805859E-03,+2.552724532961E+00,+68.441268114E-03
+3.108015000E-03,-427.357250412E-03,+2.552724532961E+00,+67.298052046E-03
+3.108020000E-03,-443.059197490E-03,+2.552724532961E+00,+66.554961602E-03
+3.108025000E-03,-457.465604362E-03,+2.552724532961E+00,+65.398554581E-03
+3.108030000E-03,-470.887400729E-03,+2.552724532961E+00,+64.747800816E-03
+3.108035000E-03,-485.397450845E-03,+2.552724532961E+00,+63.433102341E-03
+3.108040000E-03,-500.166608930E-03,+2.552724532961E+00,+62.769157622E-03
+3.108045000E-03,-513.432940476E-03,+2.552724532961E+00,+61.494032011E-03
+3.108050000E-03,-527.891168935E-03,+2.552724532961E+00,+60.847675231E-03
+3.108055000E-03,-541.209322077E-03,+2.552724532961E+00,+59.475815952E-03
+3.108060000E-03,-554.009259141E-03,+2.552724532961E+00,+58.825062185E-03
+3.108065000E-03,-568.415666017E-03,+2.552724532961E+00,+57.431217987E-03
+3.108070000E-03,-582.044748778E-03,+2.552724532961E+00,+56.740891351E-03
+3.108075000E-03,-595.673831551E-03,+2.552724532961E+00,+55.342650168E-03
+3.108080000E-03,-609.510200707E-03,+2.552724532961E+00,+54.656720524E-03
+3.108085000E-03,-622.206494581E-03,+2.552724532961E+00,+53.267273305E-03
+3.108090000E-03,-635.472826106E-03,+2.552724532961E+00,+52.576946676E-03
+3.108095000E-03,-649.257373694E-03,+2.552724532961E+00,+51.240263276E-03
+3.108100000E-03,-660.606305730E-03,+2.552724532961E+00,+50.479584890E-03
+3.108105000E-03,-673.872637232E-03,+2.552724532961E+00,+48.980213049E-03
+3.108110000E-03,-686.776217502E-03,+2.552724532961E+00,+48.254710542E-03
+3.108115000E-03,-698.591544041E-03,+2.552724532961E+00,+46.636620110E-03
+3.108120000E-03,-710.976908199E-03,+2.552724532961E+00,+46.021042225E-03
+3.108125000E-03,-724.502347751E-03,+2.552724532961E+00,+44.328203050E-03
+3.108130000E-03,-736.732247116E-03,+2.552724532961E+00,+43.655464364E-03
+3.108135000E-03,-749.013968101E-03,+2.552724532961E+00,+42.046167896E-03
+3.108140000E-03,-760.777472979E-03,+2.552724532961E+00,+41.391017149E-03
+3.108145000E-03,-772.022761832E-03,+2.552724532961E+00,+39.715765912E-03
+3.108150000E-03,-784.770877249E-03,+2.552724532961E+00,+38.941896575E-03
+3.108155000E-03,-795.238841983E-03,+2.552724532961E+00,+37.297424230E-03
+3.108160000E-03,-808.142422219E-03,+2.552724532961E+00,+36.545539815E-03
+3.108165000E-03,-818.662208573E-03,+2.552724532961E+00,+34.971419226E-03
+3.108170000E-03,-830.166605436E-03,+2.552724532961E+00,+34.052449391E-03
+3.108175000E-03,-841.411894229E-03,+2.552724532961E+00,+32.504710713E-03
+3.108180000E-03,-853.071755922E-03,+2.552724532961E+00,+31.590137862E-03
+3.108185000E-03,-862.606931725E-03,+2.552724532961E+00,+30.029208227E-03
+3.108190000E-03,-872.038464278E-03,+2.552724532961E+00,+29.105841403E-03
+3.108195000E-03,-884.320185250E-03,+2.552724532961E+00,+27.580087652E-03
+3.108200000E-03,-894.166290662E-03,+2.552724532961E+00,+26.590766054E-03
+3.108205000E-03,-904.893363417E-03,+2.552724532961E+00,+25.091394209E-03
+3.108210000E-03,-914.946755281E-03,+2.552724532961E+00,+24.049308793E-03
+3.108215000E-03,-925.518363218E-03,+2.552724532961E+00,+22.602700768E-03
+3.108220000E-03,-933.706177199E-03,+2.552724532961E+00,+21.441896759E-03
+3.108225000E-03,-943.966855479E-03,+2.552724532961E+00,+20.162374163E-03
+3.108230000E-03,-953.761139283E-03,+2.552724532961E+00,+18.812499802E-03
+3.108235000E-03,-963.348136664E-03,+2.552724532961E+00,+17.669283739E-03
+3.108240000E-03,-970.810448152E-03,+2.552724532961E+00,+16.218278726E-03
+3.108245000E-03,-980.086515888E-03,+2.552724532961E+00,+15.149811403E-03
+3.108250000E-03,-988.637081131E-03,+2.552724532961E+00,+13.597675740E-03
+3.108255000E-03,-997.291289576E-03,+2.552724532961E+00,+12.573178264E-03
+3.108260000E-03,-1.005686389984E+00,+2.552724532961E+00,+10.946293858E-03
+3.108265000E-03,-1.014806992897E+00,+2.552724532961E+00,+9.926193367E-03
+3.108270000E-03,-1.022580234011E+00,+2.552724532961E+00,+8.334484843E-03
+3.108275000E-03,-1.029783437468E+00,+2.552724532961E+00,+7.283605458E-03
+3.108280000E-03,-1.038852218773E+00,+2.552724532961E+00,+5.779836630E-03
+3.108285000E-03,-1.045848135786E+00,+2.552724532961E+00,+4.575062773E-03
+3.108290000E-03,-1.052481301554E+00,+2.552724532961E+00,+3.291143185E-03
+3.108295000E-03,-1.061187331600E+00,+2.552724532961E+00,+1.941268828E-03
+3.108300000E-03,-1.067665032556E+00,+2.552724532961E+00,+762.876882E-06
+3.108305000E-03,-1.074868235988E+00,+2.552724532961E+00,-710.113049E-06
+3.108310000E-03,-1.080775899254E+00,+2.552724532961E+00,-1.822550226E-03
+3.108315000E-03,-1.087201778559E+00,+2.552724532961E+00,-3.255967295E-03
+3.108320000E-03,-1.094145873980E+00,+2.552724532961E+00,-4.438756227E-03
+3.108325000E-03,-1.099898072405E+00,+2.552724532961E+00,-5.858982344E-03
+3.108330000E-03,-1.105857557260E+00,+2.552724532961E+00,-7.103329063E-03
+3.108335000E-03,-1.111765220509E+00,+2.552724532961E+00,-8.545540102E-03
+3.108340000E-03,-1.115340911448E+00,+2.552724532961E+00,-9.759107930E-03
+3.108345000E-03,-1.121714969157E+00,+2.552724532961E+00,-11.069409424E-03
+3.108350000E-03,-1.127000773102E+00,+2.552724532961E+00,-12.450062672E-03
+3.108355000E-03,-1.132908436397E+00,+2.544872774505E+00,-13.835112913E-03
+3.108360000E-03,-1.135240408743E+00,+458.424943537E-03,-15.097047569E-03
+3.108365000E-03,-1.141251715172E+00,-171.050563403E-03,-16.262248565E-03
+3.108370000E-03,-1.143428222707E+00,-170.265387934E-03,-17.700062614E-03
+3.108375000E-03,-1.149024956303E+00,+155.032973732E-03,-18.750942007E-03
+3.108380000E-03,-1.151460571855E+00,+28.776697388E-03,-20.408605298E-03
+3.108385000E-03,-1.156953662223E+00,-77.457599811E-03,-21.411117860E-03
+3.108390000E-03,-1.159337456223E+00,-93.710739944E-03,-23.064384165E-03
+3.108395000E-03,-1.162654039111E+00,-54.451947170E-03,-24.102072600E-03
+3.108400000E-03,-1.165245119466E+00,-29.797424078E-03,-25.610238407E-03
+3.108405000E-03,-1.169701777715E+00,-53.509735664E-03,-26.590766044E-03
+3.108410000E-03,-1.170841853078E+00,-54.451946537E-03,-28.274811244E-03
+3.108415000E-03,-1.174573008832E+00,-59.005966756E-03,-29.189384105E-03
+3.108420000E-03,-1.175609440963E+00,-47.620916586E-03,-30.759107701E-03
+3.108425000E-03,-1.178977845445E+00,-53.902323538E-03,-31.642901668E-03
+3.108430000E-03,-1.180687958500E+00,-48.641645208E-03,-33.410489584E-03
+3.108435000E-03,-1.181154352961E+00,-51.782348694E-03,-34.078831289E-03
+3.108440000E-03,-1.182501714759E+00,-48.170539721E-03,-35.982725735E-03
+3.108445000E-03,-1.184989151922E+00,-48.406092480E-03,-36.673052366E-03
+3.108450000E-03,-1.185403724778E+00,-48.641645200E-03,-38.436243301E-03
+3.108455000E-03,-1.186595621726E+00,-47.777951744E-03,-39.188127716E-03
+3.108460000E-03,-1.187580232313E+00,-49.583856227E-03,-40.889760860E-03
+3.108465000E-03,-1.188098448345E+00,-46.443152811E-03,-41.703203066E-03
+3.108470000E-03,-1.187476589109E+00,-49.505338674E-03,-43.308102546E-03
+3.108475000E-03,-1.189083058918E+00,-47.385363811E-03,-44.139132688E-03
+3.108480000E-03,-1.187683875504E+00,-48.720162821E-03,-45.656092470E-03
+3.108485000E-03,-1.188409378005E+00,-48.249057256E-03,-46.601444217E-03
+3.108490000E-03,-1.186077405674E+00,-47.620916610E-03,-47.929333653E-03
+3.108495000E-03,-1.187113837825E+00,-44.087625174E-03,-49.024182884E-03
+3.108500000E-03,-1.185611011210E+00,-47.071293460E-03,-50.220162778E-03
+3.108505000E-03,-1.183952719784E+00,-45.657976887E-03,-51.468906473E-03
+3.108510000E-03,-1.182812644393E+00,-47.463881417E-03,-52.616519538E-03
+3.108515000E-03,-1.181154352961E+00,-48.720162797E-03,-53.781720518E-03
+3.108520000E-03,-1.179599704747E+00,-46.835740728E-03,-54.867775794E-03
+3.108525000E-03,-1.178096878135E+00,-47.856469331E-03,-56.059358683E-03
+3.108530000E-03,-1.175350332933E+00,-46.443152753E-03,-57.057474264E-03
+3.108535000E-03,-1.172914717386E+00,-48.249057254E-03,-58.174308414E-03
+3.108540000E-03,-1.171049139513E+00,-45.029836201E-03,-59.295539568E-03
+3.108545000E-03,-1.168665345569E+00,-46.521670319E-03,-60.407976726E-03
+3.108550000E-03,-1.166022443591E+00,-45.579459300E-03,-61.529207882E-03
+3.108555000E-03,-1.163068611973E+00,-46.286117595E-03,-62.606469166E-03
+3.108560000E-03,-1.158456488937E+00,-44.794283464E-03,-63.652951581E-03
+3.108565000E-03,-1.156383624604E+00,-43.773554853E-03,-64.747800805E-03
+3.108570000E-03,-1.153429793004E+00,-45.579459327E-03,-65.754710352E-03
+3.108575000E-03,-1.149335885991E+00,-44.087625175E-03,-66.801192741E-03
+3.108580000E-03,-1.145345622202E+00,-45.736494477E-03,-67.860866105E-03
+3.108585000E-03,-1.141614466487E+00,-43.302449307E-03,-68.779835940E-03
+3.108590000E-03,-1.137468737879E+00,-45.657976884E-03,-69.870288193E-03
+3.108595000E-03,-1.133426652499E+00,-43.616519652E-03,-70.767273104E-03
+3.108600000E-03,-1.128089026948E+00,-44.794283470E-03,-71.774182643E-03
+3.108605000E-03,-1.123321439043E+00,-44.401695485E-03,-72.715137404E-03
+3.108610000E-03,-1.118087456672E+00,-45.579459308E-03,-73.678077098E-03
+3.108615000E-03,-1.113371690382E+00,-43.538002008E-03,-74.504710253E-03
+3.108620000E-03,-1.107360383945E+00,-44.087625150E-03,-75.590765519E-03
+3.108625000E-03,-1.101711828725E+00,-44.401695502E-03,-76.496544400E-03
+3.108630000E-03,-1.095907808685E+00,-45.029836201E-03,-77.380338364E-03
+3.108635000E-03,-1.089378286144E+00,-44.794283434E-03,-78.206971517E-03
+3.108640000E-03,-1.083833374147E+00,-43.616519664E-03,-79.209484070E-03
+3.108645000E-03,-1.078081175699E+00,-42.281720658E-03,-80.014132304E-03
+3.108650000E-03,-1.071137080313E+00,-43.380966847E-03,-80.911117218E-03
+3.108655000E-03,-1.065177595457E+00,-43.852072386E-03,-81.698177512E-03
+3.108660000E-03,-1.058648072925E+00,-44.401695482E-03,-82.564383535E-03
+3.108665000E-03,-1.051393047874E+00,-43.145414127E-03,-83.364634781E-03
+3.108670000E-03,-1.043205233875E+00,-44.951318581E-03,-84.112122211E-03
+3.108675000E-03,-1.035483814376E+00,-42.517273420E-03,-85.009107125E-03
+3.108680000E-03,-1.028228789317E+00,-44.166142754E-03,-85.743403600E-03
+3.108685000E-03,-1.019781867297E+00,-42.281720700E-03,-86.455715152E-03
+3.108690000E-03,-1.012215912608E+00,-42.988378931E-03,-87.190011628E-03
+3.108695000E-03,-1.003354417721E+00,-42.909861344E-03,-87.990262872E-03
+3.108700000E-03,-994.544744456E-03,-41.967650332E-03,-88.706971409E-03
+3.108705000E-03,-986.667860118E-03,-42.438755807E-03,-89.278579445E-03
+3.108710000E-03,-977.858186862E-03,-42.360238243E-03,-90.065639737E-03
+3.108715000E-03,-968.115724668E-03,-43.066896529E-03,-90.668026664E-03
+3.108720000E-03,-960.135197089E-03,-41.182474419E-03,-91.419911077E-03
+3.108725000E-03,-949.615410789E-03,-42.595790998E-03,-91.916770368E-03
+3.108730000E-03,-940.753915918E-03,-42.203203023E-03,-92.620287947E-03
+3.108735000E-03,-930.545059238E-03,-42.674308580E-03,-93.103956288E-03
+3.108740000E-03,-921.113526670E-03,-43.223931684E-03,-93.763504017E-03
+3.108745000E-03,-910.386453915E-03,-41.810615127E-03,-94.365890946E-03
+3.108750000E-03,-899.659381186E-03,-42.203203119E-03,-94.906720085E-03
+3.108755000E-03,-889.346881284E-03,-40.240263388E-03,-95.364006516E-03
+3.108760000E-03,-879.138024605E-03,-41.418027209E-03,-95.988378366E-03
+3.108765000E-03,-869.240097550E-03,-41.496544779E-03,-96.467649718E-03
+3.108770000E-03,-859.238527326E-03,-43.145414077E-03,-96.973302978E-03
+3.108775000E-03,-848.459632984E-03,-40.397298579E-03,-97.430589407E-03
+3.108780000E-03,-837.991668268E-03,-42.046167920E-03,-98.015388394E-03
+3.108785000E-03,-826.694557872E-03,-41.810615119E-03,-98.411117035E-03
+3.108790000E-03,-814.361015261E-03,-41.418027197E-03,-98.943152205E-03
+3.108795000E-03,-803.115726444E-03,-39.298052349E-03,-99.294910994E-03
+3.108800000E-03,-792.906869745E-03,-39.926193034E-03,-99.747800436E-03
+3.108805000E-03,-780.936078427E-03,-42.517273351E-03,-100.125941134E-03
+3.108810000E-03,-767.825211747E-03,-40.318781024E-03,-100.521669778E-03
+3.108815000E-03,-757.564533435E-03,-43.773554756E-03,-100.781091880E-03
+3.108820000E-03,-745.023704437E-03,-41.810615168E-03,-101.220790373E-03
+3.108825000E-03,-733.830237248E-03,-40.161745813E-03,-101.449433582E-03
+3.108830000E-03,-721.600337867E-03,-40.946921689E-03,-101.831971272E-03
+3.108835000E-03,-708.489471154E-03,-40.240263411E-03,-102.060614480E-03
+3.108840000E-03,-696.777787870E-03,-42.203203074E-03,-102.478328051E-03
+3.108845000E-03,-684.547888498E-03,-41.732097531E-03,-102.535488848E-03
+3.108850000E-03,-672.110702696E-03,-42.203203077E-03,-102.904835584E-03
+3.108855000E-03,-658.844371195E-03,-41.967650249E-03,-103.005966227E-03
+3.108860000E-03,-645.111645219E-03,-41.653579962E-03,-103.419282811E-03
+3.108865000E-03,-632.052600131E-03,-41.653579938E-03,-103.370915973E-03
+3.108870000E-03,-619.045376676E-03,-40.946921678E-03,-103.735865725E-03
+3.108875000E-03,-606.297261190E-03,-41.418027206E-03,-103.599559188E-03
+3.108880000E-03,-592.564535199E-03,-41.182474419E-03,-104.092021501E-03
+3.108885000E-03,-579.660954966E-03,-39.533605113E-03,-103.806217480E-03
+3.108890000E-03,-566.239158616E-03,-41.418027177E-03,-104.272297879E-03
+3.108895000E-03,-552.299146224E-03,-41.103956823E-03,-104.008478783E-03
+3.108900000E-03,-538.462777019E-03,-40.240263406E-03,-104.434986318E-03
+3.108905000E-03,-525.144623909E-03,-40.004710627E-03,-104.135991346E-03
+3.108910000E-03,-510.479108976E-03,-41.025439259E-03,-104.549307926E-03
+3.108915000E-03,-497.212777462E-03,-39.612122712E-03,-104.237122000E-03
+3.108920000E-03,-483.013657036E-03,-41.182474424E-03,-104.478956167E-03
+3.108925000E-03,-469.021822974E-03,-40.083228232E-03,-104.259106923E-03
+3.108930000E-03,-454.770880947E-03,-40.240263370E-03,-104.347046623E-03
+3.108935000E-03,-440.416295643E-03,-40.318780937E-03,-104.215137074E-03
+3.108940000E-03,-425.284386271E-03,-40.397298574E-03,-104.223931043E-03
+3.108945000E-03,-411.033444224E-03,-40.161745801E-03,-104.100815471E-03
+3.108950000E-03,-396.627037345E-03,-41.496544797E-03,-104.026066725E-03
+3.108955000E-03,-382.220630465E-03,-40.632851327E-03,-103.924936073E-03
+3.108960000E-03,-366.518683403E-03,-42.203203083E-03,-103.858981298E-03
+3.108965000E-03,-352.267741328E-03,-42.752826160E-03,-103.630338088E-03
+3.108970000E-03,-337.550404821E-03,-41.103956861E-03,-103.489634570E-03
+3.108975000E-03,-322.314852208E-03,-40.161745795E-03,-103.296167235E-03
+3.108980000E-03,-307.493872462E-03,-40.397298592E-03,-103.217021509E-03
+3.108985000E-03,-292.413784648E-03,-40.868404100E-03,-102.830086838E-03
+3.108990000E-03,-278.111021018E-03,-39.455087523E-03,-102.711368250E-03
+3.108995000E-03,-262.771825232E-03,-40.083228199E-03,-102.412373275E-03
+3.109000000E-03,-247.691737404E-03,-41.260992032E-03,-102.298051670E-03
+3.109005000E-03,-231.886147145E-03,-40.161745804E-03,-101.818780313E-03
+3.109010000E-03,-216.702416154E-03,-40.632851324E-03,-101.642900925E-03
+3.109015000E-03,-203.073333370E-03,-41.103956843E-03,-101.176820524E-03
+3.109020000E-03,-188.200532004E-03,-39.690640294E-03,-100.996544149E-03
+3.109025000E-03,-172.654049812E-03,-40.318780993E-03,-100.460111988E-03
+3.109030000E-03,-157.314853979E-03,-39.769157869E-03,-100.345790389E-03
+3.109035000E-03,-141.094690852E-03,-38.669911677E-03,-99.655463754E-03
+3.109040000E-03,-126.066424643E-03,-39.926193055E-03,-99.492775323E-03
+3.109045000E-03,-110.364477585E-03,-40.397298541E-03,-98.784860749E-03
+3.109050000E-03,-95.025281790E-03,-40.554333730E-03,-98.767272817E-03
+3.109055000E-03,-80.048837205E-03,-39.847675471E-03,-97.927448699E-03
+3.109060000E-03,-65.849716758E-03,-40.240263410E-03,-97.852699965E-03
+3.109065000E-03,-51.339666658E-03,-40.632851317E-03,-96.951318058E-03
+3.109070000E-03,-36.000470849E-03,-39.690640324E-03,-96.867775349E-03
+3.109075000E-03,-21.645885561E-03,-41.260992011E-03,-95.997172339E-03
+3.109080000E-03,-5.736652118E-03,-40.711368957E-03,-95.742147222E-03
+3.109085000E-03,+10.017116570E-03,-39.847675477E-03,-94.972674865E-03
+3.109090000E-03,+25.770885273E-03,-41.732097534E-03,-94.603328137E-03
+3.109095000E-03,+40.695508233E-03,-40.318780960E-03,-93.948177389E-03
+3.109100000E-03,+56.190168863E-03,-39.376569955E-03,-93.350187448E-03
+3.109105000E-03,+70.441110915E-03,-41.025439228E-03,-92.796167353E-03
+3.109110000E-03,+85.883949980E-03,-40.397298550E-03,-92.079458818E-03
+3.109115000E-03,+101.067680951E-03,-40.946921669E-03,-91.591393496E-03
+3.109120000E-03,+116.044125483E-03,-40.475816128E-03,-90.733981445E-03
+3.109125000E-03,+131.435142900E-03,-38.983982004E-03,-90.377825667E-03
+3.109130000E-03,+147.448019613E-03,-39.219534746E-03,-89.375313118E-03
+3.109135000E-03,+162.579929023E-03,-40.711368892E-03,-89.036745277E-03
+3.109140000E-03,+176.779049505E-03,-40.161745804E-03,-87.972674944E-03
+3.109145000E-03,+191.548207658E-03,-40.711368923E-03,-87.563755350E-03
+3.109150000E-03,+206.628295377E-03,-39.376569980E-03,-86.556845812E-03
+3.109155000E-03,+222.382064071E-03,-39.769157859E-03,-86.161117169E-03
+3.109160000E-03,+237.099400584E-03,-39.690640310E-03,-85.141016680E-03
+3.109165000E-03,+251.505807471E-03,-38.826946811E-03,-84.622172465E-03
+3.109170000E-03,+267.259576146E-03,-40.161745782E-03,-83.646041817E-03
+3.109175000E-03,+281.717804657E-03,-39.690640294E-03,-83.034860925E-03
+3.109180000E-03,+297.419751703E-03,-40.475816127E-03,-81.918026765E-03
+3.109185000E-03,+311.411585744E-03,-39.376569958E-03,-81.368403659E-03
+3.109190000E-03,+326.232565475E-03,-40.161745820E-03,-80.194408691E-03
+3.109195000E-03,+340.690793940E-03,-39.690640228E-03,-79.679961465E-03
+3.109200000E-03,+355.408130478E-03,-38.748429278E-03,-78.426820774E-03
+3.109205000E-03,+370.436396653E-03,-39.847675449E-03,-77.855212740E-03
+3.109210000E-03,+384.428230693E-03,-40.554333749E-03,-76.690011746E-03
+3.109215000E-03,+399.041923968E-03,-40.632851301E-03,-75.907348438E-03
+3.109220000E-03,+412.878293198E-03,-40.240263442E-03,-74.847675084E-03
+3.109225000E-03,+427.077413671E-03,-40.004710643E-03,-73.977072077E-03
+3.109230000E-03,+441.069247690E-03,-39.769157840E-03,-73.040514301E-03
+3.109235000E-03,+455.164724901E-03,-40.868404085E-03,-72.046795716E-03
+3.109240000E-03,+468.741986047E-03,-39.376569972E-03,-71.343278137E-03
+3.109245000E-03,+481.645566319E-03,-40.083228220E-03,-70.076946492E-03
+3.109250000E-03,+496.259259634E-03,-40.632851320E-03,-69.404207805E-03
+3.109255000E-03,+509.525591146E-03,-40.475816185E-03,-68.049936463E-03
+3.109260000E-03,+523.465603553E-03,-41.732097527E-03,-67.425564610E-03
+3.109265000E-03,+536.628291859E-03,-42.124685523E-03,-65.952574680E-03
+3.109270000E-03,+550.568304261E-03,-41.575062353E-03,-65.328202824E-03
+3.109275000E-03,+562.539095610E-03,-41.732097566E-03,-63.916770679E-03
+3.109280000E-03,+576.012713517E-03,-41.182474437E-03,-63.195665157E-03
+3.109285000E-03,+588.605364187E-03,-40.475816191E-03,-61.885363666E-03
+3.109290000E-03,+602.027160504E-03,-41.496544778E-03,-60.918026991E-03
+3.109295000E-03,+614.671632752E-03,-40.632851282E-03,-59.783604897E-03
+3.109300000E-03,+627.989785863E-03,-40.161745801E-03,-58.798680283E-03
+3.109305000E-03,+639.597825946E-03,-40.397298536E-03,-57.629082305E-03
+3.109310000E-03,+651.724082093E-03,-40.789886501E-03,-56.472675282E-03
+3.109315000E-03,+664.472197539E-03,-39.298052372E-03,-55.505338606E-03
+3.109320000E-03,+676.235702457E-03,-40.475816143E-03,-54.230212995E-03
+3.109325000E-03,+688.413780181E-03,-41.182474407E-03,-53.038630090E-03
+3.109330000E-03,+700.021820267E-03,-40.240263437E-03,-51.816268297E-03
+3.109335000E-03,+712.251719646E-03,-41.418027139E-03,-50.703831123E-03
+3.109340000E-03,+724.067046161E-03,-40.554333740E-03,-49.547424100E-03
+3.109345000E-03,+735.260513369E-03,-40.789886544E-03,-48.355841200E-03
+3.109350000E-03,+747.334947920E-03,-40.946921682E-03,-47.151067338E-03
+3.109355000E-03,+759.513025644E-03,-40.397298562E-03,-45.994660319E-03
+3.109360000E-03,+770.861957705E-03,-40.318780969E-03,-44.833856307E-03
+3.109365000E-03,+781.692673682E-03,-40.083228217E-03,-43.514760853E-03
+3.109370000E-03,+792.264281590E-03,-42.438755755E-03,-42.419911609E-03
+3.109375000E-03,+803.094997591E-03,-40.632851357E-03,-41.144786007E-03
+3.109380000E-03,+813.873891922E-03,-42.203203089E-03,-39.997172941E-03
+3.109385000E-03,+823.875462166E-03,-39.926193040E-03,-38.647298599E-03
+3.109390000E-03,+834.913464554E-03,-40.240263434E-03,-37.508479498E-03
+3.109395000E-03,+844.137710684E-03,-39.612122668E-03,-36.171796109E-03
+3.109400000E-03,+853.828351314E-03,-40.397298542E-03,-34.931846365E-03
+3.109405000E-03,+864.140851177E-03,-42.203203056E-03,-33.665514730E-03
+3.109410000E-03,+874.764280714E-03,-41.103956869E-03,-32.416771013E-03
+3.109415000E-03,+884.610386136E-03,-42.752826159E-03,-31.066896667E-03
+3.109420000E-03,+894.922886039E-03,-41.496544798E-03,-29.932474558E-03
+3.109425000E-03,+903.939845734E-03,-41.732097556E-03,-28.543027348E-03
+3.109430000E-03,+913.578664724E-03,-40.397298532E-03,-27.430590161E-03
+3.109435000E-03,+922.129229968E-03,-41.025439282E-03,-25.852072602E-03
+3.109440000E-03,+930.057935957E-03,-40.318780948E-03,-24.752826371E-03
+3.109445000E-03,+939.126717234E-03,-40.240263422E-03,-23.200690720E-03
+3.109450000E-03,+947.521817653E-03,-41.889132714E-03,-22.101444491E-03
+3.109455000E-03,+955.605988419E-03,-40.161745801E-03,-20.610866626E-03
+3.109460000E-03,+963.845623982E-03,-42.595790994E-03,-19.454459595E-03
+3.109465000E-03,+972.085259597E-03,-41.182474474E-03,-18.065012377E-03
+3.109470000E-03,+979.599392660E-03,-41.810615160E-03,-16.772298823E-03
+3.109475000E-03,+987.579920244E-03,-41.810615160E-03,-15.440012404E-03
+3.109480000E-03,+995.145874954E-03,-42.360238230E-03,-14.186871716E-03
+3.109485000E-03,+1.004318299437E+00,-40.554333760E-03,-12.867776252E-03
+3.109490000E-03,+1.010018676273E+00,-43.145414114E-03,-11.583856670E-03
+3.109495000E-03,+1.016600020411E+00,-41.025439283E-03,-10.242776278E-03
+3.109500000E-03,+1.023129543007E+00,-42.988378950E-03,-9.046796395E-03
+3.109505000E-03,+1.030540032833E+00,-41.182474393E-03,-7.560615505E-03
+3.109510000E-03,+1.036395874515E+00,-40.004710685E-03,-6.355841654E-03
+3.109515000E-03,+1.043961829201E+00,-41.182474443E-03,-4.948806485E-03
+3.109520000E-03,+1.049765849212E+00,-40.083228228E-03,-3.849560271E-03
+3.109525000E-03,+1.055258939608E+00,-43.459484418E-03,-2.301821590E-03
+3.109530000E-03,+1.061425710930E+00,-41.182474413E-03,-1.233354272E-03
+3.109535000E-03,+1.067592482194E+00,-42.517273383E-03,+244.032652E-06
+3.109540000E-03,+1.073033750988E+00,-41.496544748E-03,+1.418027610E-03
+3.109545000E-03,+1.078889592648E+00,-27.598932170E-03,+2.908605491E-03
+3.109550000E-03,+1.083242607686E+00,+1.973343239163E+00,+4.152952203E-03
+3.109555000E-03,+1.088321125212E+00,+2.552724532961E+00,+5.410489885E-03
+3.109560000E-03,+1.093140534708E+00,+2.552724532961E+00,+6.707600415E-03
+3.109565000E-03,+1.096768047253E+00,+2.552724532961E+00,+7.885992379E-03
+3.109570000E-03,+1.101380170301E+00,+2.552724532961E+00,+9.394158175E-03
+3.109575000E-03,+1.106562331011E+00,+2.552724532961E+00,+10.510992348E-03
+3.109580000E-03,+1.109049768208E+00,+2.552724532961E+00,+12.045540052E-03
+3.109585000E-03,+1.113350961621E+00,+2.552724532961E+00,+13.131595334E-03
+3.109590000E-03,+1.117133938967E+00,+2.552724532961E+00,+14.525439529E-03
+3.109595000E-03,+1.120346878631E+00,+2.552724532961E+00,+15.791771186E-03
+3.109600000E-03,+1.122056991708E+00,+2.552724532961E+00,+17.132851562E-03
+3.109605000E-03,+1.125477217790E+00,+2.552724532961E+00,+18.293655579E-03
+3.109610000E-03,+1.127861011739E+00,+2.552724532961E+00,+19.674308824E-03
+3.109615000E-03,+1.131022129775E+00,+2.552724532961E+00,+20.896670623E-03
+3.109620000E-03,+1.133561388526E+00,+2.552724532961E+00,+22.290514828E-03
+3.109625000E-03,+1.134701463913E+00,+2.552724532961E+00,+23.376570094E-03
+3.109630000E-03,+1.137396187516E+00,+2.552724532961E+00,+24.840766058E-03
+3.109635000E-03,+1.139883624685E+00,+2.552724532961E+00,+25.816896700E-03
+3.109640000E-03,+1.140453662370E+00,+2.552724532961E+00,+27.487750956E-03
+3.109645000E-03,+1.142837456307E+00,+2.552724532961E+00,+28.349559982E-03
+3.109650000E-03,+1.143252029183E+00,+2.552724532961E+00,+30.042399166E-03
+3.109655000E-03,+1.145739466331E+00,+2.552724532961E+00,+30.763504686E-03
+3.109660000E-03,+1.146413147230E+00,+2.552724532961E+00,+32.539886581E-03
+3.109665000E-03,+1.147760509023E+00,+2.552724532961E+00,+33.217022248E-03
+3.109670000E-03,+1.148123260268E+00,+2.552724532961E+00,+34.949434292E-03
+3.109675000E-03,+1.148330546705E+00,+2.552724532961E+00,+35.723303628E-03
+3.109680000E-03,+1.148900584397E+00,+2.552724532961E+00,+37.328203109E-03
+3.109685000E-03,+1.148848762780E+00,+2.552724532961E+00,+38.255966917E-03
+3.109690000E-03,+1.147864152277E+00,+2.552724532961E+00,+39.733353835E-03
+3.109695000E-03,+1.148745119577E+00,+2.552724532961E+00,+40.674308600E-03
+3.109700000E-03,+1.148330546707E+00,+2.552724532961E+00,+41.962625172E-03
+3.109705000E-03,+1.146257682408E+00,+2.552724532961E+00,+43.039886462E-03
+3.109710000E-03,+1.146050395973E+00,+2.552724532961E+00,+44.222675401E-03
+3.109715000E-03,+1.144443926139E+00,+2.552724532961E+00,+45.418655283E-03
+3.109720000E-03,+1.142371061858E+00,+2.552724532961E+00,+46.561871356E-03
+3.109725000E-03,+1.141334629711E+00,+2.552724532961E+00,+47.669911537E-03
+3.109730000E-03,+1.139313587014E+00,+2.552724532961E+00,+48.817524600E-03
+3.109735000E-03,+1.137085257930E+00,+2.552724532961E+00,+49.837625081E-03
+3.109740000E-03,+1.135530609677E+00,+2.552724532961E+00,+51.081971811E-03
+3.109745000E-03,+1.133354102158E+00,+2.552724532961E+00,+51.948177822E-03
+3.109750000E-03,+1.129571124805E+00,+2.552724532961E+00,+53.232097418E-03
+3.109755000E-03,+1.126047255517E+00,+2.552724532961E+00,+54.014760718E-03
+3.109760000E-03,+1.123922569620E+00,+2.552724532961E+00,+55.408604928E-03
+3.109765000E-03,+1.121383310822E+00,+2.552724532961E+00,+56.120916476E-03
+3.109770000E-03,+1.116252971695E+00,+2.552724532961E+00,+57.466393850E-03
+3.109775000E-03,+1.112832745575E+00,+2.552724532961E+00,+58.253454143E-03
+3.109780000E-03,+1.109412519526E+00,+2.552724532961E+00,+59.449434033E-03
+3.109785000E-03,+1.105525898929E+00,+2.552724532961E+00,+60.192524472E-03
+3.109790000E-03,+1.100291916585E+00,+2.552724532961E+00,+61.357725467E-03
+3.109795000E-03,+1.095783436739E+00,+2.552724532961E+00,+62.259107365E-03
+3.109800000E-03,+1.091015848855E+00,+2.552724532961E+00,+63.340765647E-03
+3.109805000E-03,+1.086351904179E+00,+2.552724532961E+00,+64.206971670E-03
+3.109810000E-03,+1.080392419342E+00,+2.552724532961E+00,+65.227072162E-03
+3.109815000E-03,+1.076453977166E+00,+2.552724532961E+00,+66.141645014E-03
+3.109820000E-03,+1.070494492317E+00,+2.552724532961E+00,+67.157348518E-03
+3.109825000E-03,+1.064172256180E+00,+2.552724532961E+00,+67.878454041E-03
+3.109830000E-03,+1.058627344191E+00,+2.552724532961E+00,+69.105212821E-03
+3.109835000E-03,+1.052253286485E+00,+2.552724532961E+00,+69.624057041E-03
+3.109840000E-03,+1.045827407159E+00,+2.552724532961E+00,+70.828830889E-03
+3.109845000E-03,+1.040334316735E+00,+2.552724532961E+00,+71.352072098E-03
+3.109850000E-03,+1.034063902268E+00,+2.552724532961E+00,+72.565639915E-03
+3.109855000E-03,+1.025202407376E+00,+2.552724532961E+00,+73.102072080E-03
+3.109860000E-03,+1.018724706452E+00,+2.552724532961E+00,+74.188127337E-03
+3.109865000E-03,+1.012143362270E+00,+2.552724532961E+00,+74.768529348E-03
+3.109870000E-03,+1.003540975464E+00,+2.552724532961E+00,+75.727072045E-03
+3.109875000E-03,+995.975020769E-03,+2.552724532961E+00,+76.421795664E-03
+3.109880000E-03,+988.823638919E-03,+2.552724532961E+00,+77.156092132E-03
+3.109885000E-03,+981.620435462E-03,+2.552724532961E+00,+78.048680064E-03
+3.109890000E-03,+972.655297369E-03,+2.552724532961E+00,+78.686242870E-03
+3.109895000E-03,+965.866666820E-03,+2.552724532961E+00,+79.521669996E-03
+3.109900000E-03,+957.212458368E-03,+2.552724532961E+00,+80.093278036E-03
+3.109905000E-03,+948.558249896E-03,+2.552724532961E+00,+80.792398625E-03
+3.109910000E-03,+939.696755048E-03,+2.552724532961E+00,+81.495916214E-03
+3.109915000E-03,+931.353476233E-03,+2.552724532961E+00,+82.124685038E-03
+3.109920000E-03,+922.077408515E-03,+2.552724532961E+00,+82.836996601E-03
+3.109925000E-03,+913.215913601E-03,+2.552724532961E+00,+83.294283021E-03
+3.109930000E-03,+902.644305701E-03,+2.552724532961E+00,+84.217649850E-03
+3.109935000E-03,+894.871064574E-03,+2.552724532961E+00,+84.463880995E-03
+3.109940000E-03,+884.558564686E-03,+2.552724532961E+00,+85.369659889E-03
+3.109945000E-03,+874.297886402E-03,+2.552724532961E+00,+85.607097067E-03
+3.109950000E-03,+863.778100063E-03,+2.552724532961E+00,+86.495288016E-03
+3.109955000E-03,+854.553853953E-03,+2.552724532961E+00,+86.811870922E-03
+3.109960000E-03,+844.293175654E-03,+2.552724532961E+00,+87.436242780E-03
+3.109965000E-03,+834.343427029E-03,+2.552724532961E+00,+87.915514129E-03
+3.109970000E-03,+822.839030187E-03,+2.552724532961E+00,+88.390388497E-03
+3.109975000E-03,+811.645562960E-03,+2.552724532961E+00,+89.054333210E-03
+3.109980000E-03,+801.022133396E-03,+2.552724532961E+00,+89.217021659E-03
+3.109985000E-03,+789.517736559E-03,+2.552724532961E+00,+90.021669881E-03
+3.109990000E-03,+779.412523100E-03,+2.552724532961E+00,+90.118403556E-03
+3.109995000E-03,+768.011769433E-03,+2.552724532961E+00,+90.830715099E-03
+3.110000000E-03,+757.077410252E-03,+2.552724532961E+00,+90.936242745E-03
+3.110005000E-03,+744.743867705E-03,+2.552724532961E+00,+91.639760318E-03
+3.110010000E-03,+733.343114029E-03,+2.552724532961E+00,+91.776066858E-03
+3.110015000E-03,+722.253290027E-03,+2.552724532961E+00,+92.294911064E-03
+3.110020000E-03,+711.008001232E-03,+2.552724532961E+00,+92.501569359E-03
+3.110025000E-03,+698.000777781E-03,+2.552724532961E+00,+92.831343226E-03
+3.110030000E-03,+686.600024107E-03,+2.552724532961E+00,+93.187498996E-03
+3.110035000E-03,+673.230049351E-03,+2.552724532961E+00,+93.442524125E-03
+3.110040000E-03,+660.741041965E-03,+2.552724532961E+00,+93.701946227E-03
+3.110045000E-03,+648.925715436E-03,+2.552724532961E+00,+93.974559296E-03
+3.110050000E-03,+636.177599989E-03,+2.552724532961E+00,+94.088880894E-03
+3.110055000E-03,+624.310451905E-03,+2.552724532961E+00,+94.462624619E-03
+3.110060000E-03,+611.044120394E-03,+2.552724532961E+00,+94.383478883E-03
+3.110065000E-03,+597.000464786E-03,+2.552724532961E+00,+94.893529139E-03
+3.110070000E-03,+585.029673447E-03,+2.552724532961E+00,+94.695664807E-03
+3.110075000E-03,+571.504233876E-03,+2.552724532961E+00,+95.245287926E-03
+3.110080000E-03,+557.875151110E-03,+2.552724532961E+00,+94.950689933E-03
+3.110085000E-03,+545.023392466E-03,+2.552724532961E+00,+95.465137166E-03
+3.110090000E-03,+530.513342393E-03,+2.552724532961E+00,+95.214509027E-03
+3.110095000E-03,+516.780616362E-03,+2.552724532961E+00,+95.597046716E-03
+3.110100000E-03,+502.788782315E-03,+2.552724532961E+00,+95.421167318E-03
+3.110105000E-03,+489.677915688E-03,+2.552724532961E+00,+95.517900989E-03
+3.110110000E-03,+476.048832884E-03,+2.552724532961E+00,+95.623428622E-03
+3.110115000E-03,+462.212463708E-03,+2.552724532961E+00,+95.544282894E-03
+3.110120000E-03,+447.650591982E-03,+2.552724532961E+00,+95.658604500E-03
+3.110125000E-03,+433.347828308E-03,+2.552724532961E+00,+95.372800490E-03
+3.110130000E-03,+419.822388760E-03,+2.552724532961E+00,+95.772926107E-03
+3.110135000E-03,+405.415981905E-03,+2.552724532961E+00,+95.236493956E-03
+3.110140000E-03,+390.232250899E-03,+2.552724532961E+00,+95.649810532E-03
+3.110145000E-03,+376.654989751E-03,+2.552724532961E+00,+95.100187424E-03
+3.110150000E-03,+361.315793907E-03,+2.552724532961E+00,+95.407976364E-03
+3.110155000E-03,+346.183884573E-03,+2.552724532961E+00,+94.880338181E-03
+3.110160000E-03,+331.414726429E-03,+2.552724532961E+00,+95.126569338E-03
+3.110165000E-03,+317.682000443E-03,+2.552724532961E+00,+94.594534166E-03
+3.110170000E-03,+302.757377467E-03,+2.552724532961E+00,+94.730840695E-03
+3.110175000E-03,+288.195505772E-03,+2.552724532961E+00,+94.216393462E-03
+3.110180000E-03,+273.270882816E-03,+2.552724532961E+00,+94.247172360E-03
+3.110185000E-03,+258.138973420E-03,+2.552724532961E+00,+93.807473874E-03
+3.110190000E-03,+243.266172051E-03,+2.552724532961E+00,+93.825061814E-03
+3.110195000E-03,+227.408760210E-03,+2.552724532961E+00,+93.350187444E-03
+3.110200000E-03,+212.639602041E-03,+2.552724532961E+00,+93.284232671E-03
+3.110205000E-03,+196.937654980E-03,+2.552724532961E+00,+92.791770365E-03
+3.110210000E-03,+181.857567251E-03,+2.552724532961E+00,+92.620287954E-03
+3.110215000E-03,+164.911901619E-03,+2.552724532961E+00,+92.224559314E-03
+3.110220000E-03,+151.230997207E-03,+2.552724532961E+00,+91.894785453E-03
+3.110225000E-03,+134.959012493E-03,+2.552724532961E+00,+91.560614602E-03
+3.110230000E-03,+119.205243743E-03,+2.552724532961E+00,+91.046167368E-03
+3.110235000E-03,+103.503296703E-03,+2.552724532961E+00,+90.865890987E-03
+3.110240000E-03,+88.060457691E-03,+2.552724532961E+00,+90.228328183E-03
+3.110245000E-03,+72.876726688E-03,+2.552724532961E+00,+89.973303060E-03
+3.110250000E-03,+57.433887678E-03,+2.552724532961E+00,+89.401695025E-03
+3.110255000E-03,+42.042870213E-03,+2.552724532961E+00,+89.107097036E-03
+3.110260000E-03,+27.636463346E-03,+2.552724532961E+00,+88.548679962E-03
+3.110265000E-03,+11.157192165E-03,+2.552724532961E+00,+88.091393527E-03
+3.110270000E-03,-2.782820256E-03,+2.552724532961E+00,+87.598931225E-03
+3.110275000E-03,-16.981940743E-03,+2.552724532961E+00,+86.917398571E-03
+3.110280000E-03,-33.150282237E-03,+2.552724532961E+00,+86.609609633E-03
+3.110285000E-03,-48.282191614E-03,+2.552724532961E+00,+85.730212655E-03
+3.110290000E-03,-63.932317088E-03,+2.552724532961E+00,+85.545539287E-03
+3.110295000E-03,-78.546010370E-03,+2.552724532961E+00,+84.494659908E-03
+3.110300000E-03,-94.507065465E-03,+2.552724532961E+00,+84.318780509E-03
+3.110305000E-03,-110.623585416E-03,+2.552724532961E+00,+83.289886050E-03
+3.110310000E-03,-127.310143000E-03,+2.552724532961E+00,+83.109609661E-03
+3.110315000E-03,-141.664728328E-03,+2.552724532961E+00,+82.001569484E-03
+3.110320000E-03,-157.470318601E-03,+2.552724532961E+00,+81.759735303E-03
+3.110325000E-03,-172.654049604E-03,+2.552724532961E+00,+80.796795626E-03
+3.110330000E-03,-187.008634899E-03,+2.552724532961E+00,+80.282348389E-03
+3.110335000E-03,-201.933257839E-03,+2.552724532961E+00,+79.477700164E-03
+3.110340000E-03,-216.961524012E-03,+2.552724532961E+00,+78.848931320E-03
+3.110345000E-03,-234.166297681E-03,+2.552724532961E+00,+78.119031834E-03
+3.110350000E-03,-248.779990989E-03,+2.552724532961E+00,+77.318780585E-03
+3.110355000E-03,-265.311083737E-03,+2.552724532961E+00,+76.584484112E-03
+3.110360000E-03,-280.287528316E-03,+2.552724532961E+00,+75.757850952E-03
+3.110365000E-03,-294.745756815E-03,+2.552724532961E+00,+74.992775582E-03
+3.110370000E-03,-310.862276748E-03,+2.552724532961E+00,+74.223303234E-03
+3.110375000E-03,-326.356937394E-03,+2.552724532961E+00,+73.383479116E-03
+3.110380000E-03,-341.281560341E-03,+2.552724532961E+00,+72.635991695E-03
+3.110385000E-03,-355.636145625E-03,+2.552724532961E+00,+71.624685164E-03
+3.110390000E-03,-370.146195708E-03,+2.552724532961E+00,+70.820036942E-03
+3.110395000E-03,-386.470002071E-03,+2.552724532961E+00,+69.821921366E-03
+3.110400000E-03,-400.617300949E-03,+2.552724532961E+00,+69.083227914E-03
+3.110405000E-03,-415.230994233E-03,+2.552724532961E+00,+68.001569629E-03
+3.110410000E-03,-432.073016666E-03,+2.552724532961E+00,+67.174936479E-03
+3.110415000E-03,-445.909385875E-03,+2.552724532961E+00,+66.211996784E-03
+3.110420000E-03,-460.523079196E-03,+2.552724532961E+00,+65.271042027E-03
+3.110425000E-03,-474.359448373E-03,+2.552724532961E+00,+64.365263131E-03
+3.110430000E-03,-489.232249684E-03,+2.552724532961E+00,+63.349559634E-03
+3.110435000E-03,-503.638656581E-03,+2.552724532961E+00,+62.430589790E-03
+3.110440000E-03,-518.355993117E-03,+2.552724532961E+00,+61.357725486E-03
+3.110445000E-03,-531.777789420E-03,+2.552724532961E+00,+60.465137540E-03
+3.110450000E-03,-544.681369722E-03,+2.552724532961E+00,+59.387876262E-03
+3.110455000E-03,-558.414095703E-03,+2.552724532961E+00,+58.372172744E-03
+3.110460000E-03,-572.613216145E-03,+2.552724532961E+00,+57.404836080E-03
+3.110465000E-03,-585.983190909E-03,+2.552724532961E+00,+56.217650162E-03
+3.110470000E-03,-599.353165624E-03,+2.552724532961E+00,+55.404207962E-03
+3.110475000E-03,-612.412210732E-03,+2.552724532961E+00,+54.133479330E-03
+3.110480000E-03,-625.730363817E-03,+2.552724532961E+00,+53.350816018E-03
+3.110485000E-03,-638.530300904E-03,+2.552724532961E+00,+52.058102467E-03
+3.110490000E-03,-652.418491710E-03,+2.552724532961E+00,+51.249057246E-03
+3.110495000E-03,-665.840288032E-03,+2.552724532961E+00,+49.982725609E-03
+3.110500000E-03,-677.707436149E-03,+2.552724532961E+00,+48.953831138E-03
+3.110505000E-03,-689.574584266E-03,+2.552724532961E+00,+47.819409050E-03
+3.110510000E-03,-702.685450957E-03,+2.552724532961E+00,+46.619032170E-03
+3.110515000E-03,-715.174458388E-03,+2.552724532961E+00,+45.576946762E-03
+3.110520000E-03,-727.559822527E-03,+2.552724532961E+00,+44.279836217E-03
+3.110525000E-03,-740.100651585E-03,+2.552724532961E+00,+43.321293518E-03
+3.110530000E-03,-751.449583646E-03,+2.552724532961E+00,+41.901067396E-03
+3.110535000E-03,-763.575839749E-03,+2.552724532961E+00,+40.960112638E-03
+3.110540000E-03,-774.562020565E-03,+2.552724532961E+00,+39.614635259E-03
+3.110545000E-03,-786.688276711E-03,+2.552724532961E+00,+38.537373968E-03
+3.110550000E-03,-799.332748938E-03,+2.552724532961E+00,+37.271042324E-03
+3.110555000E-03,-809.800713655E-03,+2.552724532961E+00,+36.110238318E-03
+3.110560000E-03,-821.046002499E-03,+2.552724532961E+00,+34.848303657E-03
+3.110565000E-03,-832.032183258E-03,+2.552724532961E+00,+33.542399154E-03
+3.110570000E-03,-842.655612762E-03,+2.552724532961E+00,+32.390389112E-03
+3.110575000E-03,-853.745436769E-03,+2.552724532961E+00,+31.146042391E-03
+3.110580000E-03,-864.109758283E-03,+2.552724532961E+00,+29.888504711E-03
+3.110585000E-03,-874.629544610E-03,+2.552724532961E+00,+28.622173073E-03
+3.110590000E-03,-884.942044492E-03,+2.552724532961E+00,+27.347047452E-03
+3.110595000E-03,-895.824582086E-03,+2.552724532961E+00,+26.107097724E-03
+3.110600000E-03,-906.603476437E-03,+2.552724532961E+00,+24.809987173E-03
+3.110605000E-03,-916.345938683E-03,+2.552724532961E+00,+23.710740964E-03
+3.110610000E-03,-926.606616929E-03,+2.552724532961E+00,+22.308102782E-03
+3.110615000E-03,-935.416290190E-03,+2.552724532961E+00,+21.208856568E-03
+3.110620000E-03,-945.314217217E-03,+2.552724532961E+00,+19.744660601E-03
+3.110625000E-03,-955.626717123E-03,+2.552724532961E+00,+18.658605338E-03
+3.110630000E-03,-964.747320035E-03,+2.552724532961E+00,+17.216394300E-03
+3.110635000E-03,-972.935134073E-03,+2.552724532961E+00,+15.972047577E-03
+3.110640000E-03,-982.314844986E-03,+2.552724532961E+00,+14.745288799E-03
+3.110645000E-03,-990.813588561E-03,+2.552724532961E+00,+13.294283786E-03
+3.110650000E-03,-999.001402608E-03,+2.552724532961E+00,+12.221419477E-03
+3.110655000E-03,-1.007759254225E+00,+2.552724532961E+00,+10.664886829E-03
+3.110660000E-03,-1.015687960215E+00,+2.552724532961E+00,+9.649183326E-03
+3.110665000E-03,-1.024912206339E+00,+2.552724532961E+00,+8.039886858E-03
+3.110670000E-03,-1.032478161048E+00,+2.552724532961E+00,+7.006595412E-03
+3.110675000E-03,-1.040614153412E+00,+2.552724532961E+00,+5.436871816E-03
+3.110680000E-03,-1.047610070440E+00,+2.552724532961E+00,+4.394786392E-03
+3.110685000E-03,-1.055279668319E+00,+2.552724532961E+00,+2.921796464E-03
+3.110690000E-03,-1.061601904461E+00,+2.552724532961E+00,+1.668655771E-03
+3.110695000E-03,-1.069634253612E+00,+2.552724532961E+00,+389.133174E-06
+3.110700000E-03,-1.076267419415E+00,+2.552724532961E+00,-956.344202E-06
+3.110705000E-03,-1.083211514753E+00,+2.552724532961E+00,-2.152324085E-03
+3.110710000E-03,-1.089689215703E+00,+2.552724532961E+00,-3.686871803E-03
+3.110715000E-03,-1.094871376446E+00,+2.552724532961E+00,-4.737751196E-03
+3.110720000E-03,-1.101867293462E+00,+2.552724532961E+00,-6.162374290E-03
+3.110725000E-03,-1.106583059774E+00,+2.552724532961E+00,-7.428705945E-03
+3.110730000E-03,-1.113475333553E+00,+2.552724532961E+00,-8.778580290E-03
+3.110735000E-03,-1.118916602333E+00,+2.552724532961E+00,-10.066896873E-03
+3.110740000E-03,-1.122544114880E+00,+2.552724532961E+00,-11.381595337E-03
+3.110745000E-03,-1.129177280635E+00,+2.552724532961E+00,-12.793027499E-03
+3.110750000E-03,-1.134203976567E+00,+2.363811226880E+00,-13.896670692E-03
+3.110755000E-03,-1.136950521732E+00,+84.053088098E-03,-15.470791284E-03
+3.110760000E-03,-1.142495433733E+00,-173.720161395E-03,-16.332600316E-03
+3.110765000E-03,-1.144671941256E+00,-133.754711021E-03,-18.306846526E-03
+3.110770000E-03,-1.148869491476E+00,+211.173049055E-03,-18.878454558E-03
+3.110775000E-03,-1.153015220087E+00,-38.041768880E-03,-20.865891725E-03
+3.110780000E-03,-1.156279981361E+00,-71.333228114E-03,-21.468278657E-03
+3.110785000E-03,-1.159855672252E+00,-101.641016204E-03,-23.495288681E-03
+3.110790000E-03,-1.163120433546E+00,-31.053706476E-03,-24.277951989E-03
+3.110795000E-03,-1.166592481256E+00,-41.810614682E-03,-25.983982115E-03
+3.110800000E-03,-1.169546312851E+00,-49.191268457E-03,-26.929333876E-03
+3.110805000E-03,-1.172344679693E+00,-57.906720272E-03,-28.468278576E-03
+3.110810000E-03,-1.174262079164E+00,-52.331971980E-03,-29.677449424E-03
+3.110815000E-03,-1.176594051487E+00,-48.563127577E-03,-30.921796137E-03
+3.110820000E-03,-1.177734126900E+00,-51.782348735E-03,-32.236494622E-03
+3.110825000E-03,-1.180117920833E+00,-49.897926544E-03,-33.450062443E-03
+3.110830000E-03,-1.182501714725E+00,-51.154207999E-03,-34.821921730E-03
+3.110835000E-03,-1.184004541334E+00,-47.777951745E-03,-36.022298593E-03
+3.110840000E-03,-1.184833687097E+00,-46.207599994E-03,-37.284233262E-03
+3.110845000E-03,-1.185973762459E+00,-47.306846192E-03,-38.401067415E-03
+3.110850000E-03,-1.186491978542E+00,-47.620916567E-03,-39.777323690E-03
+3.110855000E-03,-1.187321124244E+00,-47.856469297E-03,-41.004082463E-03
+3.110860000E-03,-1.187683875535E+00,-47.306846245E-03,-42.248429189E-03
+3.110865000E-03,-1.188046626749E+00,-47.463881375E-03,-43.343278419E-03
+3.110870000E-03,-1.187942983552E+00,-49.348303509E-03,-44.618404036E-03
+3.110875000E-03,-1.188202091586E+00,-47.542398962E-03,-45.884735673E-03
+3.110880000E-03,-1.186388335336E+00,-46.992775927E-03,-46.918027126E-03
+3.110885000E-03,-1.186181048894E+00,-45.579459333E-03,-48.215137664E-03
+3.110890000E-03,-1.186129227281E+00,-46.207600003E-03,-49.323177852E-03
+3.110895000E-03,-1.184470935853E+00,-45.736494503E-03,-50.593906485E-03
+3.110900000E-03,-1.184315471016E+00,-46.992775874E-03,-51.605213003E-03
+3.110905000E-03,-1.182501714818E+00,-47.620916558E-03,-53.021042139E-03
+3.110910000E-03,-1.181050709756E+00,-48.641645225E-03,-53.799308455E-03
+3.110915000E-03,-1.179806991197E+00,-47.385363805E-03,-55.272298399E-03
+3.110920000E-03,-1.178615094196E+00,-46.600188010E-03,-56.046167726E-03
+3.110925000E-03,-1.175920370639E+00,-45.500941742E-03,-57.646670231E-03
+3.110930000E-03,-1.174210257580E+00,-47.385363823E-03,-58.257851123E-03
+3.110935000E-03,-1.171463712413E+00,-44.951318587E-03,-59.722047097E-03
+3.110940000E-03,-1.168768988815E+00,-45.343906590E-03,-60.500313412E-03
+3.110945000E-03,-1.165970621993E+00,-43.930589986E-03,-61.889760642E-03
+3.110950000E-03,-1.163379541604E+00,-45.736494507E-03,-62.830715393E-03
+3.110955000E-03,-1.160218423550E+00,-44.637248257E-03,-63.951946546E-03
+3.110960000E-03,-1.157109127110E+00,-45.579459306E-03,-65.016016875E-03
+3.110965000E-03,-1.153429792987E+00,-44.166142748E-03,-65.974559589E-03
+3.110970000E-03,-1.149854102083E+00,-44.794283444E-03,-67.122172635E-03
+3.110975000E-03,-1.145812016696E+00,-46.050564824E-03,-67.953202789E-03
+3.110980000E-03,-1.141718109705E+00,-44.480213105E-03,-69.215137437E-03
+3.110985000E-03,-1.137416916277E+00,-45.972047233E-03,-69.848303269E-03
+3.110990000E-03,-1.132960258049E+00,-43.852072444E-03,-71.202574598E-03
+3.110995000E-03,-1.128348135000E+00,-43.616519692E-03,-71.813755511E-03
+3.111000000E-03,-1.122595936528E+00,-43.695037297E-03,-73.088881109E-03
+3.111005000E-03,-1.118294743104E+00,-44.480213078E-03,-73.708855993E-03
+3.111010000E-03,-1.112801652749E+00,-44.951318560E-03,-74.983981593E-03
+3.111015000E-03,-1.107049454339E+00,-45.108353779E-03,-75.603956476E-03
+3.111020000E-03,-1.101245434304E+00,-43.773554839E-03,-76.791142382E-03
+3.111025000E-03,-1.095545057447E+00,-43.459484495E-03,-77.485865997E-03
+3.111030000E-03,-1.089326464564E+00,-43.773554762E-03,-78.567524279E-03
+3.111035000E-03,-1.083315158081E+00,-42.595790983E-03,-79.218278039E-03
+3.111040000E-03,-1.076111954671E+00,-42.595791033E-03,-80.387876012E-03
+3.111045000E-03,-1.069478788921E+00,-43.616519602E-03,-80.897926259E-03
+3.111050000E-03,-1.063260196023E+00,-44.244660321E-03,-82.102700121E-03
+3.111055000E-03,-1.057974392021E+00,-43.223931675E-03,-82.559986546E-03
+3.111060000E-03,-1.049061075603E+00,-44.166142770E-03,-83.760363421E-03
+3.111065000E-03,-1.041443299326E+00,-43.930589954E-03,-84.120916173E-03
+3.111070000E-03,-1.034395560621E+00,-42.517273409E-03,-85.352071946E-03
+3.111075000E-03,-1.026622319505E+00,-42.988378955E-03,-85.756594550E-03
+3.111080000E-03,-1.018589970335E+00,-43.930590000E-03,-86.869031727E-03
+3.111085000E-03,-1.009573010660E+00,-42.360238217E-03,-87.352700061E-03
+3.111090000E-03,-1.001281553481E+00,-43.302449267E-03,-88.188127192E-03
+3.111095000E-03,-992.730988282E-03,-42.909861327E-03,-88.834483965E-03
+3.111100000E-03,-984.439531045E-03,-42.595791038E-03,-89.392901055E-03
+3.111105000E-03,-976.044430590E-03,-41.575062378E-03,-90.311870884E-03
+3.111110000E-03,-965.991038774E-03,-41.182474465E-03,-90.716393496E-03
+3.111115000E-03,-958.373262483E-03,-41.653579905E-03,-91.710112070E-03
+3.111120000E-03,-948.682621850E-03,-40.083228264E-03,-91.943152283E-03
+3.111125000E-03,-937.540976323E-03,-41.967650304E-03,-92.848931156E-03
+3.111130000E-03,-929.094054254E-03,-41.025439324E-03,-93.147926142E-03
+3.111135000E-03,-918.833375978E-03,-43.459484441E-03,-93.974559283E-03
+3.111140000E-03,-908.417232883E-03,-41.810615125E-03,-94.343906029E-03
+3.111145000E-03,-897.275587298E-03,-42.438755813E-03,-95.117775351E-03
+3.111150000E-03,-887.014908983E-03,-42.988378955E-03,-95.513504000E-03
+3.111155000E-03,-877.116981917E-03,-41.889132750E-03,-96.186242677E-03
+3.111160000E-03,-867.426341363E-03,-43.302449290E-03,-96.542398464E-03
+3.111165000E-03,-857.683879143E-03,-41.418027171E-03,-97.179961267E-03
+3.111170000E-03,-848.252346557E-03,-41.182474429E-03,-97.575689906E-03
+3.111175000E-03,-836.851592931E-03,-41.653579956E-03,-98.204458745E-03
+3.111180000E-03,-825.347196070E-03,-42.595790973E-03,-98.512247686E-03
+3.111185000E-03,-814.153728868E-03,-40.868404099E-03,-99.167398433E-03
+3.111190000E-03,-802.701153574E-03,-41.182474396E-03,-99.242147172E-03
+3.111195000E-03,-790.108502992E-03,-41.575062411E-03,-100.042398424E-03
+3.111200000E-03,-778.396819701E-03,-41.889132754E-03,-99.914885865E-03
+3.111205000E-03,-766.633314780E-03,-40.083228223E-03,-100.745916009E-03
+3.111210000E-03,-755.025274700E-03,-42.517273423E-03,-100.697549174E-03
+3.111215000E-03,-742.795375380E-03,-40.946921630E-03,-101.462624533E-03
+3.111220000E-03,-730.720940818E-03,-41.967650323E-03,-101.374684841E-03
+3.111225000E-03,-718.853792704E-03,-39.926193058E-03,-102.007850665E-03
+3.111230000E-03,-706.779358166E-03,-41.810615111E-03,-102.051820513E-03
+3.111235000E-03,-694.083064369E-03,-40.711368920E-03,-102.513503922E-03
+3.111240000E-03,-681.697700125E-03,-39.926193082E-03,-102.658604424E-03
+3.111245000E-03,-669.519622381E-03,-41.025439254E-03,-102.882850653E-03
+3.111250000E-03,-655.631431594E-03,-40.161745806E-03,-103.155463715E-03
+3.111255000E-03,-642.261456891E-03,-41.339509570E-03,-103.331343111E-03
+3.111260000E-03,-628.839660500E-03,-40.868404052E-03,-103.533604416E-03
+3.111265000E-03,-615.884258656E-03,-40.632851352E-03,-103.595162204E-03
+3.111270000E-03,-603.343429636E-03,-40.632851333E-03,-103.779835571E-03
+3.111275000E-03,-590.025276531E-03,-40.554333746E-03,-104.008478783E-03
+3.111280000E-03,-576.396193759E-03,-41.339509598E-03,-103.907348137E-03
+3.111285000E-03,-564.010829511E-03,-41.025439254E-03,-104.237121997E-03
+3.111290000E-03,-549.500779443E-03,-41.260992063E-03,-104.061242606E-03
+3.111295000E-03,-536.130804740E-03,-41.260991992E-03,-104.483353148E-03
+3.111300000E-03,-522.035327542E-03,-39.690640241E-03,-104.087624519E-03
+3.111305000E-03,-509.131747266E-03,-40.161745801E-03,-104.575689828E-03
+3.111310000E-03,-494.569875541E-03,-38.748429290E-03,-104.109609445E-03
+3.111315000E-03,-480.940792810E-03,-40.868404047E-03,-104.584483797E-03
+3.111320000E-03,-466.378921078E-03,-39.376569958E-03,-104.127197385E-03
+3.111325000E-03,-451.402476503E-03,-40.554333703E-03,-104.478956158E-03
+3.111330000E-03,-438.136144940E-03,-41.103956822E-03,-104.096418494E-03
+3.111335000E-03,-421.967803429E-03,-39.455087508E-03,-104.289885812E-03
+3.111340000E-03,-407.095002084E-03,-40.083228162E-03,-104.039257682E-03
+3.111345000E-03,-393.465919325E-03,-40.083228247E-03,-104.118403402E-03
+3.111350000E-03,-378.955869248E-03,-41.889132712E-03,-103.771041607E-03
+3.111355000E-03,-364.031246264E-03,-40.475816145E-03,-103.841393360E-03
+3.111360000E-03,-349.676661019E-03,-41.575062378E-03,-103.507222510E-03
+3.111365000E-03,-333.560141123E-03,-39.533605090E-03,-103.564383313E-03
+3.111370000E-03,-319.723771859E-03,-41.182474395E-03,-103.089508950E-03
+3.111375000E-03,-304.488219249E-03,-40.397298529E-03,-103.221418499E-03
+3.111380000E-03,-290.755493268E-03,-40.318781066E-03,-102.636619504E-03
+3.111385000E-03,-275.209011035E-03,-39.298052333E-03,-102.772926043E-03
+3.111390000E-03,-259.921636888E-03,-39.926193107E-03,-102.170539106E-03
+3.111395000E-03,-244.737905875E-03,-40.240263364E-03,-102.298051674E-03
+3.111400000E-03,-228.880493966E-03,-39.219534818E-03,-101.603328059E-03
+3.111405000E-03,-213.852227834E-03,-40.711368887E-03,-101.638503942E-03
+3.111410000E-03,-199.653107294E-03,-40.789886527E-03,-101.049307961E-03
+3.111415000E-03,-184.832127595E-03,-40.475816082E-03,-100.895413498E-03
+3.111420000E-03,-169.182002179E-03,-39.298052391E-03,-100.429333094E-03
+3.111425000E-03,-154.931060066E-03,-40.868404075E-03,-100.086368282E-03
+3.111430000E-03,-138.659075310E-03,-40.083228127E-03,-99.668654709E-03
+3.111435000E-03,-123.734452341E-03,-41.103956909E-03,-99.228956232E-03
+3.111440000E-03,-107.203359598E-03,-40.711368901E-03,-98.921167282E-03
+3.111445000E-03,-92.641487853E-03,-40.554333722E-03,-98.340765292E-03
+3.111450000E-03,-78.183259407E-03,-41.653579932E-03,-97.971418547E-03
+3.111455000E-03,-62.792242016E-03,-39.141017183E-03,-97.562498967E-03
+3.111460000E-03,-48.074905429E-03,-39.926193020E-03,-97.012875843E-03
+3.111465000E-03,-33.150282454E-03,-39.298052362E-03,-96.630338172E-03
+3.111470000E-03,-18.536589147E-03,-41.732097519E-03,-95.860865810E-03
+3.111475000E-03,-3.249214990E-03,-39.298052309E-03,-95.645413557E-03
+3.111480000E-03,+12.504553708E-03,-40.632851314E-03,-94.853956271E-03
+3.111485000E-03,+27.791927954E-03,-40.318780931E-03,-94.554961306E-03
+3.111490000E-03,+42.405621230E-03,-40.632851290E-03,-93.759107038E-03
+3.111495000E-03,+57.744817032E-03,-39.847675472E-03,-93.358981414E-03
+3.111500000E-03,+72.876726408E-03,-40.946921682E-03,-92.563127156E-03
+3.111505000E-03,+87.853170971E-03,-40.789886522E-03,-92.013504042E-03
+3.111510000E-03,+104.487906984E-03,-41.182474448E-03,-91.353956318E-03
+3.111515000E-03,+118.168811347E-03,-40.318780980E-03,-90.646041750E-03
+3.111520000E-03,+133.404363947E-03,-39.455087576E-03,-90.197549296E-03
+3.111525000E-03,+149.209954230E-03,-41.182474438E-03,-89.225815631E-03
+3.111530000E-03,+164.238220420E-03,-39.612122706E-03,-88.966393527E-03
+3.111535000E-03,+179.111021703E-03,-40.868404085E-03,-87.766016655E-03
+3.111540000E-03,+195.434828152E-03,-39.769157870E-03,-87.598931230E-03
+3.111545000E-03,+209.426662160E-03,-39.376569930E-03,-86.323805617E-03
+3.111550000E-03,+224.662214777E-03,-40.632851353E-03,-86.169911137E-03
+3.111555000E-03,+238.654048762E-03,-39.533605139E-03,-84.943152361E-03
+3.111560000E-03,+253.734136537E-03,-40.240263383E-03,-84.446293073E-03
+3.111565000E-03,+269.436083624E-03,-41.260992015E-03,-83.373428759E-03
+3.111570000E-03,+284.360706544E-03,-39.298052313E-03,-82.832599623E-03
+3.111575000E-03,+299.544437589E-03,-39.690640249E-03,-81.768529282E-03
+3.111580000E-03,+313.536271613E-03,-40.083228194E-03,-81.065011708E-03
+3.111585000E-03,+327.579927225E-03,-39.926193025E-03,-80.040514225E-03
+3.111590000E-03,+343.489160681E-03,-40.240263413E-03,-79.363378558E-03
+3.111595000E-03,+356.444562578E-03,-40.083228244E-03,-78.347675044E-03
+3.111600000E-03,+370.488218223E-03,-39.141017218E-03,-77.600187626E-03
+3.111605000E-03,+384.739160333E-03,-39.533605050E-03,-76.461368530E-03
+3.111610000E-03,+400.441107300E-03,-39.455087522E-03,-75.894157488E-03
+3.111615000E-03,+413.914725285E-03,-41.025439219E-03,-74.561871067E-03
+3.111620000E-03,+427.595629697E-03,-40.868404055E-03,-73.985866049E-03
+3.111625000E-03,+442.157501348E-03,-40.868404090E-03,-72.666770586E-03
+3.111630000E-03,+455.423832857E-03,-40.161745821E-03,-72.064383664E-03
+3.111635000E-03,+469.001094048E-03,-39.690640298E-03,-70.859609798E-03
+3.111640000E-03,+482.733820068E-03,-40.397298592E-03,-70.032976650E-03
+3.111645000E-03,+496.881118888E-03,-40.946921692E-03,-68.990891232E-03
+3.111650000E-03,+510.147450424E-03,-41.732097558E-03,-68.014760587E-03
+3.111655000E-03,+524.191106023E-03,-40.868404100E-03,-67.012248037E-03
+3.111660000E-03,+538.182940070E-03,-41.182474488E-03,-66.000941513E-03
+3.111665000E-03,+551.708379581E-03,-41.025439229E-03,-64.906092278E-03
+3.111670000E-03,+564.819246264E-03,-42.046167856E-03,-63.881594802E-03
+3.111675000E-03,+577.567361765E-03,-40.946921702E-03,-62.716393809E-03
+3.111680000E-03,+591.040979685E-03,-40.083228249E-03,-61.713881262E-03
+3.111685000E-03,+603.840916733E-03,-38.983981979E-03,-60.544283278E-03
+3.111690000E-03,+618.040037148E-03,-39.769157815E-03,-59.616519475E-03
+3.111695000E-03,+630.788152566E-03,-41.575062309E-03,-58.433730539E-03
+3.111700000E-03,+642.551657501E-03,-40.318780965E-03,-57.580715473E-03
+3.111705000E-03,+654.107875984E-03,-41.575062324E-03,-56.164886343E-03
+3.111710000E-03,+665.819559282E-03,-39.690640263E-03,-55.281092381E-03
+3.111715000E-03,+677.375777761E-03,-39.690640354E-03,-53.865263259E-03
+3.111720000E-03,+689.553855530E-03,-40.004710597E-03,-52.937499437E-03
+3.111725000E-03,+701.783754886E-03,-39.769157946E-03,-51.614007003E-03
+3.111730000E-03,+713.650903007E-03,-42.281720673E-03,-50.448805995E-03
+3.111735000E-03,+724.688905411E-03,-41.810615155E-03,-49.274811051E-03
+3.111740000E-03,+736.970626392E-03,-40.632851359E-03,-48.017273353E-03
+3.111745000E-03,+747.853163994E-03,-41.889132667E-03,-47.058730673E-03
+3.111750000E-03,+759.461204024E-03,-41.418027225E-03,-45.598931677E-03
+3.111755000E-03,+770.291919954E-03,-40.868404024E-03,-44.697549785E-03
+3.111760000E-03,+781.692673614E-03,-40.789886508E-03,-43.141017136E-03
+3.111765000E-03,+792.471568001E-03,-41.260992025E-03,-42.301193030E-03
+3.111770000E-03,+803.354105607E-03,-42.438755842E-03,-40.762248317E-03
+3.111775000E-03,+814.081178319E-03,-40.868404065E-03,-39.728956869E-03
+3.111780000E-03,+824.134570208E-03,-41.025439264E-03,-38.462625226E-03
+3.111785000E-03,+834.136140439E-03,-40.711368957E-03,-37.068781020E-03
+3.111790000E-03,+844.863213189E-03,-40.397298522E-03,-36.013504655E-03
+3.111795000E-03,+854.502032201E-03,-40.397298542E-03,-34.448178033E-03
+3.111800000E-03,+865.021818463E-03,-42.281720663E-03,-33.555590104E-03
+3.111805000E-03,+875.386139981E-03,-41.575062287E-03,-31.902323792E-03
+3.111810000E-03,+884.454921294E-03,-41.496544858E-03,-31.000941889E-03
+3.111815000E-03,+894.456491579E-03,-42.674308511E-03,-29.387248444E-03
+3.111820000E-03,+902.955235203E-03,-40.083228255E-03,-28.406720817E-03
+3.111825000E-03,+913.060448619E-03,-41.182474454E-03,-26.880967059E-03
+3.111830000E-03,+922.543802795E-03,-41.339509664E-03,-25.742147976E-03
+3.111835000E-03,+930.835260020E-03,-41.182474449E-03,-24.352700752E-03
+3.111840000E-03,+939.644933296E-03,-41.418027220E-03,-22.985238463E-03
+3.111845000E-03,+947.936390480E-03,-42.595790981E-03,-21.815640476E-03
+3.111850000E-03,+955.761453213E-03,-42.674308501E-03,-20.294283721E-03
+3.111855000E-03,+964.208375203E-03,-41.103956810E-03,-19.137876688E-03
+3.111860000E-03,+972.240724383E-03,-40.632851329E-03,-17.739635509E-03
+3.111865000E-03,+980.480359949E-03,-42.517273404E-03,-16.451318925E-03
+3.111870000E-03,+988.460887509E-03,-40.789886570E-03,-15.092650618E-03
+3.111875000E-03,+995.612269359E-03,-39.847675499E-03,-13.830715942E-03
+3.111880000E-03,+1.003333688884E+00,-40.397298604E-03,-12.696293849E-03
+3.111885000E-03,+1.010692357174E+00,-41.418027220E-03,-11.166143111E-03
+3.111890000E-03,+1.017066414871E+00,-41.418027195E-03,-10.018530062E-03
+3.111895000E-03,+1.023440472646E+00,-41.496544782E-03,-8.580716007E-03
+3.111900000E-03,+1.030021816749E+00,-40.868404111E-03,-7.336369280E-03
+3.111905000E-03,+1.036603160893E+00,-41.103956862E-03,-6.061243675E-03
+3.111910000E-03,+1.041837143273E+00,-41.182474418E-03,-4.632223579E-03
+3.111915000E-03,+1.048314844191E+00,-41.025439280E-03,-3.554962290E-03
+3.111920000E-03,+1.054896188311E+00,-41.653579987E-03,-1.928077875E-03
+3.111925000E-03,+1.059974705906E+00,-41.103956799E-03,-1.088253773E-03
+3.111930000E-03,+1.066763336456E+00,-42.517273424E-03,+732.097976E-06
+3.111935000E-03,+1.071168173092E+00,-41.418027195E-03,+1.422424594E-03
+3.111940000E-03,+1.078267733287E+00,+72.432468371E-03,+3.524183372E-03
+3.111945000E-03,+1.082361640357E+00,+2.402677409687E+00,+4.091394416E-03
+3.111950000E-03,+1.087025584986E+00,+2.552724532961E+00,+5.999685853E-03
+3.111955000E-03,+1.092259567342E+00,+2.552724532961E+00,+6.852700912E-03
+3.111960000E-03,+1.096094366316E+00,+2.552724532961E+00,+8.303705934E-03
+3.111965000E-03,+1.099566414056E+00,+2.552724532961E+00,+9.548052648E-03
+3.111970000E-03,+1.104126715528E+00,+2.552724532961E+00,+10.840766215E-03
+3.111975000E-03,+1.108324265676E+00,+2.552724532961E+00,+12.436871703E-03
+3.111980000E-03,+1.111537205343E+00,+2.552724532961E+00,+13.413002362E-03
+3.111985000E-03,+1.114439215390E+00,+2.552724532961E+00,+15.000313883E-03
+3.111990000E-03,+1.117755798262E+00,+2.552724532961E+00,+15.950062645E-03
+3.111995000E-03,+1.121279667568E+00,+2.552724532961E+00,+17.550565115E-03
+3.112000000E-03,+1.123818926314E+00,+2.552724532961E+00,+18.526695782E-03
+3.112005000E-03,+1.126876401173E+00,+2.552724532961E+00,+20.012876647E-03
+3.112010000E-03,+1.129312016711E+00,+2.552724532961E+00,+21.164886709E-03
+3.112015000E-03,+1.131229416243E+00,+2.552724532961E+00,+22.532348982E-03
+3.112020000E-03,+1.133302280494E+00,+2.552724532961E+00,+23.728328888E-03
+3.112025000E-03,+1.135167858398E+00,+2.552724532961E+00,+25.073806245E-03
+3.112030000E-03,+1.137137079486E+00,+2.552724532961E+00,+26.230213280E-03
+3.112035000E-03,+1.138432619645E+00,+2.552724532961E+00,+27.646042405E-03
+3.112040000E-03,+1.140609127111E+00,+2.552724532961E+00,+28.776067520E-03
+3.112045000E-03,+1.141023700051E+00,+2.552724532961E+00,+30.218278562E-03
+3.112050000E-03,+1.142474705060E+00,+2.552724532961E+00,+31.190012215E-03
+3.112055000E-03,+1.143355672409E+00,+2.552724532961E+00,+32.724559941E-03
+3.112060000E-03,+1.143822066855E+00,+2.552724532961E+00,+33.507223244E-03
+3.112065000E-03,+1.144599390953E+00,+2.552724532961E+00,+35.266017197E-03
+3.112070000E-03,+1.144443926145E+00,+2.552724532961E+00,+36.022298592E-03
+3.112075000E-03,+1.143925710073E+00,+2.552724532961E+00,+37.693152852E-03
+3.112080000E-03,+1.145791287897E+00,+2.552724532961E+00,+38.357097566E-03
+3.112085000E-03,+1.144288461319E+00,+2.552724532961E+00,+40.019157849E-03
+3.112090000E-03,+1.143303850819E+00,+2.552724532961E+00,+40.898554827E-03
+3.112095000E-03,+1.143303850794E+00,+2.552724532961E+00,+42.252826168E-03
+3.112100000E-03,+1.142630169858E+00,+2.552724532961E+00,+43.330087461E-03
+3.112105000E-03,+1.140764592052E+00,+2.552724532961E+00,+44.438127660E-03
+3.112110000E-03,+1.139469051837E+00,+2.552724532961E+00,+45.730841202E-03
+3.112115000E-03,+1.138121689996E+00,+2.552724532961E+00,+46.645414065E-03
+3.112120000E-03,+1.136567041856E+00,+2.552724532961E+00,+48.017273338E-03
+3.112125000E-03,+1.134494177539E+00,+2.552724532961E+00,+48.914258266E-03
+3.112130000E-03,+1.133250458900E+00,+2.552724532961E+00,+50.277323564E-03
+3.112135000E-03,+1.130348448934E+00,+2.552724532961E+00,+51.090765780E-03
+3.112140000E-03,+1.127861011721E+00,+2.552724532961E+00,+52.343906456E-03
+3.112145000E-03,+1.125373574626E+00,+2.552724532961E+00,+53.364006961E-03
+3.112150000E-03,+1.122989780642E+00,+2.552724532961E+00,+54.379710458E-03
+3.112155000E-03,+1.119828662611E+00,+2.552724532961E+00,+55.549308444E-03
+3.112160000E-03,+1.115734755662E+00,+2.552724532961E+00,+56.433102397E-03
+3.112165000E-03,+1.112936388815E+00,+2.552724532961E+00,+57.677449118E-03
+3.112170000E-03,+1.108376087364E+00,+2.552724532961E+00,+58.446921476E-03
+3.112175000E-03,+1.104178537168E+00,+2.552724532961E+00,+59.686871204E-03
+3.112180000E-03,+1.099462770866E+00,+2.552724532961E+00,+60.473931507E-03
+3.112185000E-03,+1.096094366390E+00,+2.552724532961E+00,+61.533604857E-03
+3.112190000E-03,+1.091274956929E+00,+2.552724532961E+00,+62.531720431E-03
+3.112195000E-03,+1.086973763447E+00,+2.552724532961E+00,+63.415514388E-03
+3.112200000E-03,+1.081480673136E+00,+2.552724532961E+00,+64.690640006E-03
+3.112205000E-03,+1.076194869180E+00,+2.552724532961E+00,+65.271042003E-03
+3.112210000E-03,+1.070598135564E+00,+2.552724532961E+00,+66.585740489E-03
+3.112215000E-03,+1.066037834081E+00,+2.552724532961E+00,+67.135363587E-03
+3.112220000E-03,+1.059974706016E+00,+2.552724532961E+00,+68.450062070E-03
+3.112225000E-03,+1.055051653269E+00,+2.552724532961E+00,+68.942524386E-03
+3.112230000E-03,+1.049092168454E+00,+2.552724532961E+00,+70.142901247E-03
+3.112235000E-03,+1.042459002675E+00,+2.552724532961E+00,+70.859609785E-03
+3.112240000E-03,+1.035877658546E+00,+2.552724532961E+00,+71.875313291E-03
+3.112245000E-03,+1.029140849594E+00,+2.552724532961E+00,+72.517273087E-03
+3.112250000E-03,+1.022559505437E+00,+2.552724532961E+00,+73.405464028E-03
+3.112255000E-03,+1.014993550730E+00,+2.552724532961E+00,+74.240891159E-03
+3.112260000E-03,+1.008049455312E+00,+2.552724532961E+00,+75.032348435E-03
+3.112265000E-03,+1.000638965492E+00,+2.552724532961E+00,+75.858981595E-03
+3.112270000E-03,+992.502973067E-03,+2.552724532961E+00,+76.566896159E-03
+3.112275000E-03,+986.077093764E-03,+2.552724532961E+00,+77.485865995E-03
+3.112280000E-03,+977.163777273E-03,+2.552724532961E+00,+78.092649912E-03
+3.112285000E-03,+968.820498450E-03,+2.552724532961E+00,+78.910489091E-03
+3.112290000E-03,+961.150900535E-03,+2.552724532961E+00,+79.600815724E-03
+3.112295000E-03,+953.377659452E-03,+2.552724532961E+00,+80.308730287E-03
+3.112300000E-03,+945.500775100E-03,+2.552724532961E+00,+80.994659929E-03
+3.112305000E-03,+936.017420923E-03,+2.552724532961E+00,+81.575061939E-03
+3.112310000E-03,+927.155926061E-03,+2.552724532961E+00,+82.344534279E-03
+3.112315000E-03,+917.672571938E-03,+2.552724532961E+00,+82.960112174E-03
+3.112320000E-03,+909.381114715E-03,+2.552724532961E+00,+83.478956384E-03
+3.112325000E-03,+899.483187639E-03,+2.552724532961E+00,+84.270413664E-03
+3.112330000E-03,+889.326152615E-03,+2.552724532961E+00,+84.652951341E-03
+3.112335000E-03,+880.412836088E-03,+2.552724532961E+00,+85.475187520E-03
+3.112340000E-03,+870.514909058E-03,+2.552724532961E+00,+85.739006609E-03
+3.112345000E-03,+859.995122772E-03,+2.552724532961E+00,+86.684358365E-03
+3.112350000E-03,+850.978163047E-03,+2.552724532961E+00,+86.860237758E-03
+3.112355000E-03,+840.199268716E-03,+2.552724532961E+00,+87.739634730E-03
+3.112360000E-03,+829.368552763E-03,+2.552724532961E+00,+87.845162379E-03
+3.112365000E-03,+818.745123217E-03,+2.552724532961E+00,+88.632222660E-03
+3.112370000E-03,+807.499834371E-03,+2.552724532961E+00,+88.904835728E-03
+3.112375000E-03,+796.358188769E-03,+2.552724532961E+00,+89.489634705E-03
+3.112380000E-03,+785.786580846E-03,+2.552724532961E+00,+89.973303056E-03
+3.112385000E-03,+775.577724190E-03,+2.552724532961E+00,+90.294282945E-03
+3.112390000E-03,+763.814219291E-03,+2.552724532961E+00,+90.870287972E-03
+3.112395000E-03,+752.413465626E-03,+2.552724532961E+00,+91.054961324E-03
+3.112400000E-03,+739.924458222E-03,+2.552724532961E+00,+91.692524145E-03
+3.112405000E-03,+729.145563894E-03,+2.552724532961E+00,+91.837624631E-03
+3.112410000E-03,+717.485702203E-03,+2.552724532961E+00,+92.426820622E-03
+3.112415000E-03,+705.359446052E-03,+2.552724532961E+00,+92.549936186E-03
+3.112420000E-03,+693.751405975E-03,+2.552724532961E+00,+92.954458806E-03
+3.112425000E-03,+681.832436235E-03,+2.552724532961E+00,+93.156720100E-03
+3.112430000E-03,+668.203353492E-03,+2.552724532961E+00,+93.526066837E-03
+3.112435000E-03,+655.869810881E-03,+2.552724532961E+00,+93.763504011E-03
+3.112440000E-03,+644.158127594E-03,+2.552724532961E+00,+93.869031669E-03
+3.112445000E-03,+631.358190563E-03,+2.552724532961E+00,+94.225187426E-03
+3.112450000E-03,+618.040037410E-03,+2.552724532961E+00,+94.365890954E-03
+3.112455000E-03,+606.846570145E-03,+2.552724532961E+00,+94.647297969E-03
+3.112460000E-03,+593.372952299E-03,+2.552724532961E+00,+94.752825627E-03
+3.112465000E-03,+580.780301654E-03,+2.552724532961E+00,+94.889132140E-03
+3.112470000E-03,+567.047575715E-03,+2.552724532961E+00,+95.144157278E-03
+3.112475000E-03,+554.558568263E-03,+2.552724532961E+00,+95.082599478E-03
+3.112480000E-03,+541.292236751E-03,+2.552724532961E+00,+95.333227629E-03
+3.112485000E-03,+527.041294711E-03,+2.552724532961E+00,+95.342021583E-03
+3.112490000E-03,+512.790352653E-03,+2.552724532961E+00,+95.491519077E-03
+3.112495000E-03,+498.850340206E-03,+2.552724532961E+00,+95.539885899E-03
+3.112500000E-03,+485.324900693E-03,+2.552724532961E+00,+95.526694956E-03
+3.112505000E-03,+470.918493864E-03,+2.552724532961E+00,+95.684986408E-03
+3.112510000E-03,+457.030302999E-03,+2.552724532961E+00,+95.465137173E-03
+3.112515000E-03,+443.142112197E-03,+2.552724532961E+00,+95.768529126E-03
+3.112520000E-03,+429.253921402E-03,+2.552724532961E+00,+95.328830646E-03
+3.112525000E-03,+415.417552178E-03,+2.552724532961E+00,+95.698177365E-03
+3.112530000E-03,+400.389286033E-03,+2.552724532961E+00,+95.174936176E-03
+3.112535000E-03,+385.775592681E-03,+2.552724532961E+00,+95.641016551E-03
+3.112540000E-03,+371.213720993E-03,+2.552724532961E+00,+95.038629648E-03
+3.112545000E-03,+356.289098071E-03,+2.552724532961E+00,+95.364006504E-03
+3.112550000E-03,+341.571761564E-03,+2.552724532961E+00,+94.823177388E-03
+3.112555000E-03,+327.009889790E-03,+2.552724532961E+00,+95.100187419E-03
+3.112560000E-03,+311.567050823E-03,+2.552724532961E+00,+94.594534172E-03
+3.112565000E-03,+297.160643950E-03,+2.552724532961E+00,+94.739634658E-03
+3.112570000E-03,+283.116988254E-03,+2.552724532961E+00,+94.264760304E-03
+3.112575000E-03,+267.104111578E-03,+2.552724532961E+00,+94.304333161E-03
+3.112580000E-03,+252.231310182E-03,+2.552724532961E+00,+93.759107045E-03
+3.112585000E-03,+237.513973686E-03,+2.552724532961E+00,+93.851443723E-03
+3.112590000E-03,+222.641172341E-03,+2.552724532961E+00,+93.174308045E-03
+3.112595000E-03,+206.783760489E-03,+2.552724532961E+00,+93.350187453E-03
+3.112600000E-03,+191.289099839E-03,+2.552724532961E+00,+92.483981430E-03
+3.112605000E-03,+175.379866379E-03,+2.552724532961E+00,+92.813755290E-03
+3.112610000E-03,+160.144313685E-03,+2.552724532961E+00,+91.868403540E-03
+3.112615000E-03,+143.975972213E-03,+2.552724532961E+00,+92.171795504E-03
+3.112620000E-03,+128.274025149E-03,+2.552724532961E+00,+91.120916113E-03
+3.112625000E-03,+112.934829315E-03,+2.552724532961E+00,+91.301192497E-03
+3.112630000E-03,+97.388347107E-03,+2.552724532961E+00,+90.408604569E-03
+3.112635000E-03,+82.826475317E-03,+2.552724532961E+00,+90.487750290E-03
+3.112640000E-03,+67.279993128E-03,+2.552724532961E+00,+89.749056830E-03
+3.112645000E-03,+51.733510871E-03,+2.552724532961E+00,+89.392901060E-03
+3.112650000E-03,+35.876098981E-03,+2.552724532961E+00,+88.970790511E-03
+3.112655000E-03,+20.070508691E-03,+2.552724532961E+00,+88.407976444E-03
+3.112660000E-03,+6.026853070E-03,+2.552724532961E+00,+88.016644785E-03
+3.112665000E-03,-8.742305086E-03,+2.552724532961E+00,+87.304333247E-03
+3.112670000E-03,-24.081500936E-03,+2.552724532961E+00,+87.005338262E-03
+3.112675000E-03,-40.094377569E-03,+2.552724532961E+00,+86.284232750E-03
+3.112680000E-03,-53.464352323E-03,+2.552724532961E+00,+85.752197577E-03
+3.112685000E-03,-70.254553095E-03,+2.552724532961E+00,+85.154207639E-03
+3.112690000E-03,-85.075532892E-03,+2.552724532961E+00,+84.569408647E-03
+3.112695000E-03,-99.533761354E-03,+2.552724532961E+00,+84.028579509E-03
+3.112700000E-03,-115.598459712E-03,+2.552724532961E+00,+83.215137309E-03
+3.112705000E-03,-132.440482133E-03,+2.552724532961E+00,+82.823805651E-03
+3.112710000E-03,-147.468748277E-03,+2.552724532961E+00,+81.953202651E-03
+3.112715000E-03,-162.497014486E-03,+2.552724532961E+00,+81.605840836E-03
+3.112720000E-03,-178.561712806E-03,+2.552724532961E+00,+80.603328300E-03
+3.112725000E-03,-193.227227744E-03,+2.552724532961E+00,+80.128453919E-03
+3.112730000E-03,-208.255493872E-03,+2.552724532961E+00,+79.341393638E-03
+3.112735000E-03,-224.268370528E-03,+2.552724532961E+00,+78.664257947E-03
+3.112740000E-03,-240.436712097E-03,+2.552724532961E+00,+77.885991651E-03
+3.112745000E-03,-255.205870257E-03,+2.552724532961E+00,+77.081343395E-03
+3.112750000E-03,-270.285958032E-03,+2.552724532961E+00,+76.443780604E-03
+3.112755000E-03,-284.692364878E-03,+2.552724532961E+00,+75.507222813E-03
+3.112760000E-03,-300.187025516E-03,+2.552724532961E+00,+74.865263026E-03
+3.112765000E-03,-315.267113348E-03,+2.552724532961E+00,+73.893529368E-03
+3.112770000E-03,-330.502665871E-03,+2.552724532961E+00,+73.216393693E-03
+3.112775000E-03,-345.168180812E-03,+2.552724532961E+00,+72.315011801E-03
+3.112780000E-03,-360.144625383E-03,+2.552724532961E+00,+71.470790698E-03
+3.112785000E-03,-374.447389134E-03,+2.552724532961E+00,+70.718906289E-03
+3.112790000E-03,-389.061082398E-03,+2.552724532961E+00,+69.628454031E-03
+3.112795000E-03,-403.830240516E-03,+2.552724532961E+00,+68.929333444E-03
+3.112800000E-03,-419.532187561E-03,+2.552724532961E+00,+67.733353556E-03
+3.112805000E-03,-435.026848237E-03,+2.552724532961E+00,+67.117775674E-03
+3.112810000E-03,-450.055114431E-03,+2.552724532961E+00,+65.816268152E-03
+3.112815000E-03,-463.995126814E-03,+2.552724532961E+00,+65.196293282E-03
+3.112820000E-03,-478.401533690E-03,+2.552724532961E+00,+63.987122441E-03
+3.112825000E-03,-492.963405359E-03,+2.552724532961E+00,+63.235238028E-03
+3.112830000E-03,-507.628920331E-03,+2.552724532961E+00,+62.175564670E-03
+3.112835000E-03,-520.480679046E-03,+2.552724532961E+00,+61.129082277E-03
+3.112840000E-03,-534.990729103E-03,+2.552724532961E+00,+60.346418958E-03
+3.112845000E-03,-548.205239042E-03,+2.552724532961E+00,+59.159233050E-03
+3.112850000E-03,-561.575213781E-03,+2.552724532961E+00,+58.240263199E-03
+3.112855000E-03,-575.722512562E-03,+2.552724532961E+00,+57.149810961E-03
+3.112860000E-03,-588.159698374E-03,+2.552724532961E+00,+56.142901415E-03
+3.112865000E-03,-602.514283663E-03,+2.552724532961E+00,+55.048052197E-03
+3.112870000E-03,-615.521507107E-03,+2.552724532961E+00,+54.014760730E-03
+3.112875000E-03,-628.373265821E-03,+2.552724532961E+00,+53.016645179E-03
+3.112880000E-03,-642.883315863E-03,+2.552724532961E+00,+51.974559746E-03
+3.112885000E-03,-655.527788073E-03,+2.552724532961E+00,+50.826946712E-03
+3.112890000E-03,-666.824898536E-03,+2.552724532961E+00,+49.820037161E-03
+3.112895000E-03,-679.728478870E-03,+2.552724532961E+00,+48.566896482E-03
+3.112900000E-03,-692.787523878E-03,+2.552724532961E+00,+47.590765830E-03
+3.112905000E-03,-705.121066479E-03,+2.552724532961E+00,+46.254082430E-03
+3.112910000E-03,-717.558252252E-03,+2.552724532961E+00,+45.475816104E-03
+3.112915000E-03,-730.513654108E-03,+2.552724532961E+00,+43.831343774E-03
+3.112920000E-03,-742.277159042E-03,+2.552724532961E+00,+43.259735723E-03
+3.112925000E-03,-754.299772029E-03,+2.552724532961E+00,+41.448177963E-03
+3.112930000E-03,-766.011455341E-03,+2.552724532961E+00,+40.942524700E-03
+3.112935000E-03,-777.671316970E-03,+2.552724532961E+00,+39.034233271E-03
+3.112940000E-03,-789.953037916E-03,+2.552724532961E+00,+38.607725728E-03
+3.112945000E-03,-801.457434841E-03,+2.552724532961E+00,+36.589509680E-03
+3.112950000E-03,-812.339972405E-03,+2.552724532961E+00,+36.171796098E-03
+3.112955000E-03,-823.170688330E-03,+2.552724532961E+00,+34.219534824E-03
+3.112960000E-03,-835.089658051E-03,+2.552724532961E+00,+33.630338843E-03
+3.112965000E-03,-846.283125248E-03,+2.552724532961E+00,+31.884735859E-03
+3.112970000E-03,-855.818301077E-03,+2.552724532961E+00,+30.983353948E-03
+3.112975000E-03,-867.219054723E-03,+2.552724532961E+00,+29.519157988E-03
+3.112980000E-03,-877.065160138E-03,+2.552724532961E+00,+28.402323835E-03
+3.112985000E-03,-888.569556979E-03,+2.552724532961E+00,+27.065640424E-03
+3.112990000E-03,-899.192986518E-03,+2.552724532961E+00,+25.764132914E-03
+3.112995000E-03,-909.505486380E-03,+2.552724532961E+00,+24.625313816E-03
+3.113000000E-03,-919.558878236E-03,+2.552724532961E+00,+23.306218364E-03
+3.113005000E-03,-928.783124415E-03,+2.552724532961E+00,+22.154208308E-03
+3.113010000E-03,-938.991981086E-03,+2.552724532961E+00,+20.733982215E-03
+3.113015000E-03,-948.060762372E-03,+2.552724532961E+00,+19.590766124E-03
+3.113020000E-03,-958.269619086E-03,+2.552724532961E+00,+18.174937015E-03
+3.113025000E-03,-967.234757209E-03,+2.552724532961E+00,+17.014132988E-03
+3.113030000E-03,-975.681679161E-03,+2.552724532961E+00,+15.659861656E-03
+3.113035000E-03,-984.439530858E-03,+2.552724532961E+00,+14.419911916E-03
+3.113040000E-03,-993.404668937E-03,+2.552724532961E+00,+12.973303906E-03
+3.113045000E-03,-1.002214342253E+00,+2.552724532961E+00,+11.909233551E-03
+3.113050000E-03,-1.010713085873E+00,+2.552724532961E+00,+10.405464726E-03
+3.113055000E-03,-1.019989153569E+00,+2.552724532961E+00,+9.319409463E-03
+3.113060000E-03,-1.026466854512E+00,+2.552724532961E+00,+7.679334101E-03
+3.113065000E-03,-1.035069241343E+00,+2.552724532961E+00,+6.742776323E-03
+3.113070000E-03,-1.042583374504E+00,+2.552724532961E+00,+5.071922068E-03
+3.113075000E-03,-1.049682934729E+00,+2.552724532961E+00,+4.122173337E-03
+3.113080000E-03,-1.056678851704E+00,+2.552724532961E+00,+2.455716063E-03
+3.113085000E-03,-1.063933876704E+00,+2.552724532961E+00,+1.532349243E-03
+3.113090000E-03,-1.070722507360E+00,+2.552724532961E+00,-129.711038E-06
+3.113095000E-03,-1.077770245978E+00,+2.552724532961E+00,-1.132223589E-03
+3.113100000E-03,-1.083937017229E+00,+2.552724532961E+00,-2.679962273E-03
+3.113105000E-03,-1.090362896541E+00,+2.552724532961E+00,-3.774811491E-03
+3.113110000E-03,-1.096996062331E+00,+2.552724532961E+00,-5.234610490E-03
+3.113115000E-03,-1.103473763242E+00,+2.552724532961E+00,-6.408605435E-03
+3.113120000E-03,-1.108759567230E+00,+2.552724532961E+00,-7.864007442E-03
+3.113125000E-03,-1.114097192849E+00,+2.552724532961E+00,-9.130339076E-03
+3.113130000E-03,-1.119486640007E+00,+2.552724532961E+00,-10.497801386E-03
+3.113135000E-03,-1.124254227868E+00,+2.552724532961E+00,-11.750942066E-03
+3.113140000E-03,-1.129177280603E+00,+2.552724532961E+00,-13.162374216E-03
+3.113145000E-03,-1.135344051902E+00,+1.884775445834E+00,-14.309987266E-03
+3.113150000E-03,-1.137572381040E+00,-97.479577412E-03,-15.708228463E-03
+3.113155000E-03,-1.141614466391E+00,-175.683100956E-03,-16.807474673E-03
+3.113160000E-03,-1.146174767842E+00,-67.093281840E-03,-18.473931952E-03
+3.113165000E-03,-1.150113210023E+00,+198.139132464E-03,-19.410489723E-03
+3.113170000E-03,-1.154155295431E+00,-75.730211324E-03,-20.971419362E-03
+3.113175000E-03,-1.157420056719E+00,-71.019157396E-03,-21.960740956E-03
+3.113180000E-03,-1.160684817994E+00,-100.777323188E-03,-23.530464556E-03
+3.113185000E-03,-1.163897757662E+00,-18.647927421E-03,-24.673680630E-03
+3.113190000E-03,-1.167266162125E+00,-52.489006613E-03,-26.159861505E-03
+3.113195000E-03,-1.169390848100E+00,-48.484610021E-03,-27.417399192E-03
+3.113200000E-03,-1.173432933411E+00,-61.282976638E-03,-28.630967004E-03
+3.113205000E-03,-1.175920370627E+00,-48.798680542E-03,-29.989635351E-03
+3.113210000E-03,-1.177423197220E+00,-51.939383774E-03,-31.159233314E-03
+3.113215000E-03,-1.179599704698E+00,-50.054961837E-03,-32.663002143E-03
+3.113220000E-03,-1.180325207260E+00,-50.840137449E-03,-33.669911680E-03
+3.113225000E-03,-1.183071752473E+00,-49.897926651E-03,-35.081343835E-03
+3.113230000E-03,-1.184108184549E+00,-47.620916569E-03,-36.149811155E-03
+3.113235000E-03,-1.185403724760E+00,-47.856469312E-03,-37.556846323E-03
+3.113240000E-03,-1.186854729766E+00,-48.013504474E-03,-38.735238257E-03
+3.113245000E-03,-1.187113837763E+00,-46.521670307E-03,-40.036745793E-03
+3.113250000E-03,-1.187113837807E+00,-48.798680308E-03,-41.232725668E-03
+3.113255000E-03,-1.188461199667E+00,-48.170539654E-03,-42.415514612E-03
+3.113260000E-03,-1.188720307668E+00,-49.191268330E-03,-43.646670371E-03
+3.113265000E-03,-1.189445810177E+00,-47.699434162E-03,-44.886620115E-03
+3.113270000E-03,-1.189083058949E+00,-48.563127614E-03,-46.047424109E-03
+3.113275000E-03,-1.187994805147E+00,-46.129082495E-03,-47.331343704E-03
+3.113280000E-03,-1.187735697122E+00,-46.757223148E-03,-48.404208006E-03
+3.113285000E-03,-1.187062016224E+00,-45.500941686E-03,-49.696921566E-03
+3.113290000E-03,-1.185662832818E+00,-47.777951787E-03,-50.668655219E-03
+3.113295000E-03,-1.183849076597E+00,-47.149811034E-03,-52.097675311E-03
+3.113300000E-03,-1.183019930849E+00,-48.092022042E-03,-53.029836110E-03
+3.113305000E-03,-1.181413461029E+00,-48.249057341E-03,-54.406092367E-03
+3.113310000E-03,-1.179185131911E+00,-48.013504548E-03,-55.364635077E-03
+3.113315000E-03,-1.177475018881E+00,-46.600187974E-03,-56.604584794E-03
+3.113320000E-03,-1.174573008821E+00,-45.893529659E-03,-57.620288326E-03
+3.113325000E-03,-1.173173825439E+00,-46.050564833E-03,-58.600815936E-03
+3.113330000E-03,-1.169805420952E+00,-46.678705505E-03,-59.990263170E-03
+3.113335000E-03,-1.167888021537E+00,-45.579459436E-03,-60.702574711E-03
+3.113340000E-03,-1.165607870693E+00,-46.914258260E-03,-62.311871187E-03
+3.113345000E-03,-1.161980358222E+00,-47.228328609E-03,-62.861494283E-03
+3.113350000E-03,-1.158352845715E+00,-46.521670306E-03,-64.501569647E-03
+3.113355000E-03,-1.155347192477E+00,-45.736494473E-03,-64.919283210E-03
+3.113360000E-03,-1.152393360854E+00,-45.736494516E-03,-66.519785705E-03
+3.113365000E-03,-1.147625772994E+00,-42.988378980E-03,-67.034232942E-03
+3.113370000E-03,-1.143998260466E+00,-45.815012147E-03,-68.441268097E-03
+3.113375000E-03,-1.139956175066E+00,-45.029836201E-03,-69.188755535E-03
+3.113380000E-03,-1.134618549470E+00,-46.129082433E-03,-70.279207775E-03
+3.113385000E-03,-1.130161891247E+00,-44.244660286E-03,-71.224559536E-03
+3.113390000E-03,-1.125238838603E+00,-43.695037321E-03,-72.117147449E-03
+3.113395000E-03,-1.120523072288E+00,-44.872801040E-03,-73.286745435E-03
+3.113400000E-03,-1.115185446705E+00,-43.145414142E-03,-74.016644920E-03
+3.113405000E-03,-1.110366037221E+00,-43.616519633E-03,-75.195036872E-03
+3.113410000E-03,-1.104613838807E+00,-43.380966922E-03,-75.828202691E-03
+3.113415000E-03,-1.098757997128E+00,-44.637248272E-03,-77.037373536E-03
+3.113420000E-03,-1.092539404230E+00,-43.302449373E-03,-77.696921269E-03
+3.113425000E-03,-1.086528097778E+00,-44.558730697E-03,-78.769785575E-03
+3.113430000E-03,-1.081086829009E+00,-42.595791077E-03,-79.451318234E-03
+3.113435000E-03,-1.075023700908E+00,-43.066896517E-03,-80.528579531E-03
+3.113440000E-03,-1.068338713526E+00,-43.145414212E-03,-81.157348367E-03
+3.113445000E-03,-1.061809191025E+00,-43.223931711E-03,-82.203830774E-03
+3.113450000E-03,-1.054865095630E+00,-45.972047183E-03,-82.819408646E-03
+3.113455000E-03,-1.048231929889E+00,-43.695037208E-03,-83.945036782E-03
+3.113460000E-03,-1.039370435000E+00,-44.087625264E-03,-84.331971442E-03
+3.113465000E-03,-1.032167231531E+00,-43.695037220E-03,-85.629081989E-03
+3.113470000E-03,-1.024912206479E+00,-44.323177917E-03,-85.901695048E-03
+3.113475000E-03,-1.015791603587E+00,-41.967650260E-03,-87.194408608E-03
+3.113480000E-03,-1.007551967975E+00,-43.145414066E-03,-87.308730211E-03
+3.113485000E-03,-999.882370097E-03,-43.616519544E-03,-88.627825678E-03
+3.113490000E-03,-991.020875221E-03,-43.145414130E-03,-88.746544263E-03
+3.113495000E-03,-982.522131619E-03,-42.517273408E-03,-89.907348277E-03
+3.113500000E-03,-973.867923115E-03,-43.066896600E-03,-90.171167370E-03
+3.113505000E-03,-964.643677024E-03,-42.203203091E-03,-91.112122129E-03
+3.113510000E-03,-954.642106775E-03,-42.438755808E-03,-91.608981425E-03
+3.113515000E-03,-946.454292759E-03,-41.810615136E-03,-92.334483926E-03
+3.113520000E-03,-936.556365746E-03,-41.339509550E-03,-92.910488944E-03
+3.113525000E-03,-926.865725138E-03,-42.124685466E-03,-93.376569348E-03
+3.113530000E-03,-916.345938874E-03,-41.575062490E-03,-94.119659786E-03
+3.113535000E-03,-905.307936484E-03,-41.653579981E-03,-94.502197477E-03
+3.113540000E-03,-896.394619954E-03,-42.438755763E-03,-95.271669818E-03
+3.113545000E-03,-885.823012010E-03,-40.240263471E-03,-95.680589425E-03
+3.113550000E-03,-874.629544832E-03,-41.103956859E-03,-96.296167295E-03
+3.113555000E-03,-866.286265972E-03,-40.946921717E-03,-96.749056750E-03
+3.113560000E-03,-854.989155578E-03,-40.318781071E-03,-97.228328089E-03
+3.113565000E-03,-844.728477275E-03,-41.653579949E-03,-97.830715031E-03
+3.113570000E-03,-833.120437245E-03,-42.517273420E-03,-98.103328090E-03
+3.113575000E-03,-822.030613239E-03,-41.260991995E-03,-98.714508987E-03
+3.113580000E-03,-811.199897274E-03,-40.632851362E-03,-99.039885868E-03
+3.113585000E-03,-799.850965184E-03,-40.161745833E-03,-99.479584357E-03
+3.113590000E-03,-787.672887523E-03,-40.868404053E-03,-99.945664753E-03
+3.113595000E-03,-775.598452996E-03,-41.732097640E-03,-100.213880821E-03
+3.113600000E-03,-762.539407885E-03,-41.260992014E-03,-100.851443641E-03
+3.113605000E-03,-751.242297406E-03,-42.360238201E-03,-100.789885843E-03
+3.113610000E-03,-739.893365375E-03,-41.339509614E-03,-101.726443627E-03
+3.113615000E-03,-727.559822790E-03,-42.281720717E-03,-101.348302931E-03
+3.113620000E-03,-716.210890738E-03,-39.533605124E-03,-102.289257693E-03
+3.113625000E-03,-703.359132124E-03,-41.889132627E-03,-101.915513979E-03
+3.113630000E-03,-690.973767914E-03,-40.868404111E-03,-102.838880803E-03
+3.113635000E-03,-678.640225354E-03,-40.475816169E-03,-102.425564233E-03
+3.113640000E-03,-665.218428994E-03,-40.711368917E-03,-103.164257686E-03
+3.113645000E-03,-652.884886413E-03,-39.769157878E-03,-102.953202421E-03
+3.113650000E-03,-638.996695607E-03,-41.260991969E-03,-103.538001397E-03
+3.113655000E-03,-625.574899247E-03,-41.025439201E-03,-103.379709949E-03
+3.113660000E-03,-612.826783805E-03,-41.182474427E-03,-103.731468740E-03
+3.113665000E-03,-598.731306647E-03,-41.575062317E-03,-103.815011446E-03
+3.113670000E-03,-586.397763997E-03,-41.260992053E-03,-103.929333058E-03
+3.113675000E-03,-572.250465200E-03,-40.868404078E-03,-104.070036566E-03
+3.113680000E-03,-559.450528160E-03,-42.046167950E-03,-104.144785323E-03
+3.113685000E-03,-545.665980574E-03,-40.711368859E-03,-104.237121992E-03
+3.113690000E-03,-531.829611349E-03,-41.653579904E-03,-104.303076776E-03
+3.113695000E-03,-518.355993390E-03,-40.475816078E-03,-104.298679783E-03
+3.113700000E-03,-503.483192034E-03,-41.339509607E-03,-104.474559187E-03
+3.113705000E-03,-489.750466093E-03,-39.926193007E-03,-104.267900889E-03
+3.113710000E-03,-476.121383282E-03,-39.690640318E-03,-104.391016466E-03
+3.113715000E-03,-461.714976457E-03,-39.455087576E-03,-104.197549138E-03
+3.113720000E-03,-446.738531855E-03,-40.083228266E-03,-104.316267724E-03
+3.113725000E-03,-432.332124992E-03,-41.260991955E-03,-104.215137079E-03
+3.113730000E-03,-418.495755771E-03,-39.769157722E-03,-104.144785312E-03
+3.113735000E-03,-403.933884103E-03,-40.161745808E-03,-104.166770249E-03
+3.113740000E-03,-389.786585272E-03,-39.690640311E-03,-103.898554163E-03
+3.113745000E-03,-375.069248799E-03,-40.240263408E-03,-103.916142113E-03
+3.113750000E-03,-359.626409712E-03,-41.418027227E-03,-103.590765223E-03
+3.113755000E-03,-345.686397242E-03,-39.769157898E-03,-103.621544117E-03
+3.113760000E-03,-329.725342228E-03,-39.769157846E-03,-103.326946126E-03
+3.113765000E-03,-314.282503167E-03,-40.397298523E-03,-103.304961210E-03
+3.113770000E-03,-300.187025892E-03,-40.946921665E-03,-102.957599402E-03
+3.113775000E-03,-284.640543708E-03,-41.025439272E-03,-102.680589356E-03
+3.113780000E-03,-270.441423213E-03,-42.360238207E-03,-102.671795384E-03
+3.113785000E-03,-255.257692277E-03,-40.083228201E-03,-102.034232578E-03
+3.113790000E-03,-240.022139633E-03,-41.418027320E-03,-102.324433583E-03
+3.113795000E-03,-225.201159862E-03,-39.847675420E-03,-101.436242628E-03
+3.113800000E-03,-208.514602291E-03,-41.182474479E-03,-101.704458716E-03
+3.113805000E-03,-194.885519574E-03,-39.455087478E-03,-100.614006462E-03
+3.113810000E-03,-179.909074920E-03,-40.789886557E-03,-101.115262741E-03
+3.113815000E-03,-164.310771028E-03,-40.240263428E-03,-100.016016521E-03
+3.113820000E-03,-149.697077700E-03,-39.219534822E-03,-100.411745158E-03
+3.113825000E-03,-134.409703544E-03,-40.004710581E-03,-99.242147185E-03
+3.113830000E-03,-118.396826870E-03,-40.868404131E-03,-99.519157227E-03
+3.113835000E-03,-102.953987814E-03,-39.298052297E-03,-98.459483876E-03
+3.113840000E-03,-89.169440201E-03,-38.355841430E-03,-98.630966288E-03
+3.113845000E-03,-73.519314802E-03,-40.789886445E-03,-97.659232624E-03
+3.113850000E-03,-58.594691776E-03,-39.298052423E-03,-97.676820563E-03
+3.113855000E-03,-44.240106529E-03,-40.240263401E-03,-96.797423588E-03
+3.113860000E-03,-29.522770025E-03,-40.397298496E-03,-96.603956261E-03
+3.113865000E-03,-14.339039032E-03,-41.810615157E-03,-95.728956262E-03
+3.113870000E-03,+1.622016073E-03,-39.612122725E-03,-95.509107036E-03
+3.113875000E-03,+16.961211880E-03,-39.376569930E-03,-94.673679885E-03
+3.113880000E-03,+32.507694112E-03,-39.141017235E-03,-94.401066844E-03
+3.113885000E-03,+47.639603546E-03,-40.318780942E-03,-93.605212571E-03
+3.113890000E-03,+62.564226506E-03,-40.475816109E-03,-93.143529167E-03
+3.113895000E-03,+77.955243934E-03,-40.711368884E-03,-92.448805541E-03
+3.113900000E-03,+93.398082920E-03,-41.810615157E-03,-91.842021643E-03
+3.113905000E-03,+108.840921955E-03,-40.789886538E-03,-91.182473905E-03
+3.113910000E-03,+123.765544990E-03,-41.182474433E-03,-90.386619653E-03
+3.113915000E-03,+138.171951778E-03,-39.769157879E-03,-90.061242756E-03
+3.113920000E-03,+154.133006941E-03,-40.475816149E-03,-89.023554338E-03
+3.113925000E-03,+169.264916291E-03,-40.240263348E-03,-88.856468898E-03
+3.113930000E-03,+184.966863332E-03,-40.318780975E-03,-87.620916166E-03
+3.113935000E-03,+198.181373321E-03,-41.732097503E-03,-87.396669917E-03
+3.113940000E-03,+214.505179599E-03,-39.847675459E-03,-86.143529249E-03
+3.113945000E-03,+228.600656901E-03,-41.418027208E-03,-85.857725211E-03
+3.113950000E-03,+243.110706988E-03,-39.455087490E-03,-84.639760422E-03
+3.113955000E-03,+258.398081174E-03,-40.397298535E-03,-84.217649856E-03
+3.113960000E-03,+273.996384956E-03,-42.438755874E-03,-83.162373502E-03
+3.113965000E-03,+288.454613528E-03,-39.455087457E-03,-82.450061941E-03
+3.113970000E-03,+303.949274188E-03,-43.145414010E-03,-81.583855927E-03
+3.113975000E-03,+318.407502641E-03,-41.103956718E-03,-80.717649902E-03
+3.113980000E-03,+331.984763842E-03,-41.418027161E-03,-80.009735326E-03
+3.113985000E-03,+347.168494853E-03,-40.161745808E-03,-79.016016762E-03
+3.113990000E-03,+361.782188097E-03,-40.789886538E-03,-78.316896149E-03
+3.113995000E-03,+375.981308521E-03,-40.475816116E-03,-77.204458993E-03
+3.114000000E-03,+389.610391343E-03,-41.182474467E-03,-76.426192652E-03
+3.114005000E-03,+405.519624828E-03,-40.475816102E-03,-75.370916304E-03
+3.114010000E-03,+419.926031699E-03,-39.141017189E-03,-74.469534374E-03
+3.114015000E-03,+432.881433606E-03,-41.260992020E-03,-73.594534406E-03
+3.114020000E-03,+447.287840487E-03,-40.554333770E-03,-72.565639928E-03
+3.114025000E-03,+461.020566395E-03,-41.260992034E-03,-71.734609806E-03
+3.114030000E-03,+474.183254758E-03,-39.533605131E-03,-70.674936435E-03
+3.114035000E-03,+488.226910364E-03,-41.889132737E-03,-69.747172638E-03
+3.114040000E-03,+502.270566011E-03,-40.397298501E-03,-68.793026908E-03
+3.114045000E-03,+514.241357344E-03,-40.240263436E-03,-67.627825926E-03
+3.114050000E-03,+527.818618545E-03,-42.438755752E-03,-66.831971659E-03
+3.114055000E-03,+541.654987717E-03,-40.789886539E-03,-65.490891274E-03
+3.114060000E-03,+555.128605623E-03,-40.632851391E-03,-64.910489269E-03
+3.114065000E-03,+567.824899483E-03,-40.554333737E-03,-63.288001845E-03
+3.114070000E-03,+581.246695858E-03,-40.083228295E-03,-62.821921447E-03
+3.114075000E-03,+595.031243417E-03,-39.533605009E-03,-61.045539567E-03
+3.114080000E-03,+607.364785913E-03,-41.732097509E-03,-60.728956639E-03
+3.114085000E-03,+620.682939019E-03,-41.732097434E-03,-58.974559687E-03
+3.114090000E-03,+632.342800851E-03,-41.418027188E-03,-58.482097372E-03
+3.114095000E-03,+645.453667505E-03,-40.868404092E-03,-56.828831073E-03
+3.114100000E-03,+657.528102062E-03,-41.182474420E-03,-56.230841113E-03
+3.114105000E-03,+669.758001437E-03,-39.690640244E-03,-54.691896416E-03
+3.114110000E-03,+682.039722407E-03,-40.161745876E-03,-53.799308485E-03
+3.114115000E-03,+693.129546368E-03,-41.339509621E-03,-52.510991919E-03
+3.114120000E-03,+705.307624159E-03,-40.711368959E-03,-51.376569815E-03
+3.114125000E-03,+716.708377787E-03,-41.889132697E-03,-50.136620081E-03
+3.114130000E-03,+728.471882767E-03,-40.161745815E-03,-48.945037183E-03
+3.114135000E-03,+740.598138878E-03,-40.711368849E-03,-47.832600001E-03
+3.114140000E-03,+751.532498103E-03,-39.690640251E-03,-46.649811082E-03
+3.114145000E-03,+763.710575812E-03,-40.475816191E-03,-45.392273391E-03
+3.114150000E-03,+774.955864591E-03,-39.847675514E-03,-44.328203065E-03
+3.114155000E-03,+786.563904649E-03,-39.141017244E-03,-42.872801068E-03
+3.114160000E-03,+797.135512626E-03,-41.496544802E-03,-41.971419164E-03
+3.114165000E-03,+807.758942170E-03,-40.554333695E-03,-40.489635264E-03
+3.114170000E-03,+817.864155670E-03,-42.360238178E-03,-39.434358885E-03
+3.114175000E-03,+828.435763583E-03,-40.554333682E-03,-37.956971978E-03
+3.114180000E-03,+838.696441820E-03,-39.455087579E-03,-36.901695589E-03
+3.114185000E-03,+848.231617574E-03,-41.889132648E-03,-35.569409192E-03
+3.114190000E-03,+858.025901434E-03,-41.418027305E-03,-34.263504663E-03
+3.114195000E-03,+868.804795828E-03,-40.475816191E-03,-33.230213239E-03
+3.114200000E-03,+879.324582133E-03,-43.145414000E-03,-31.607725801E-03
+3.114205000E-03,+888.289720265E-03,-40.475816170E-03,-30.767901702E-03
+3.114210000E-03,+898.602220090E-03,-41.810615137E-03,-29.026695679E-03
+3.114215000E-03,+908.033752680E-03,-41.732097474E-03,-28.191268565E-03
+3.114220000E-03,+916.584317915E-03,-40.789886601E-03,-26.379710791E-03
+3.114225000E-03,+925.860385591E-03,-41.653579984E-03,-25.588253512E-03
+3.114230000E-03,+934.100021236E-03,-40.632851414E-03,-23.754710820E-03
+3.114235000E-03,+942.080548779E-03,-41.575062307E-03,-22.831343992E-03
+3.114240000E-03,+951.356616551E-03,-40.789886477E-03,-21.296796274E-03
+3.114245000E-03,+959.388965688E-03,-41.653580046E-03,-20.078831461E-03
+3.114250000E-03,+967.576779680E-03,-41.260992104E-03,-18.816896802E-03
+3.114255000E-03,+975.764593626E-03,-40.789886442E-03,-17.445037515E-03
+3.114260000E-03,+984.004229285E-03,-42.674308595E-03,-16.213881752E-03
+3.114265000E-03,+990.896503099E-03,-40.004710710E-03,-14.732097852E-03
+3.114270000E-03,+998.410636161E-03,-42.124685499E-03,-13.663630522E-03
+3.114275000E-03,+1.006753915003E+00,-40.161745780E-03,-12.168655675E-03
+3.114280000E-03,+1.012609756635E+00,-41.260992013E-03,-10.999057684E-03
+3.114285000E-03,+1.021056678646E+00,-40.868404008E-03,-9.657977306E-03
+3.114290000E-03,+1.026394304171E+00,-41.182474545E-03,-8.264133095E-03
+3.114295000E-03,+1.033493864474E+00,-42.831343741E-03,-7.059359242E-03
+3.114300000E-03,+1.039712457285E+00,-41.418027209E-03,-5.705087897E-03
+3.114305000E-03,+1.046449266336E+00,-41.418027271E-03,-4.412374336E-03
+3.114310000E-03,+1.052305107977E+00,-41.889132696E-03,-3.075690949E-03
+3.114315000E-03,+1.057020874259E+00,-42.517273407E-03,-1.857726112E-03
+3.114320000E-03,+1.064016791195E+00,-41.025439287E-03,-556.218618E-06
+3.114325000E-03,+1.068680735975E+00,-40.240263318E-03,+868.404508E-06
+3.114330000E-03,+1.076143047301E+00,-38.277323746E-03,+1.888504981E-03
+3.114335000E-03,+1.080651527295E+00,+435.576289715E-03,+3.629711007E-03
+3.114340000E-03,+1.085574579955E+00,+2.541182442396E+00,+4.522298927E-03
+3.114345000E-03,+1.089461200581E+00,+2.552724532961E+00,+6.140389372E-03
+3.114350000E-03,+1.095161577307E+00,+2.552724532961E+00,+7.323178291E-03
+3.114355000E-03,+1.099514592382E+00,+2.552724532961E+00,+8.607097881E-03
+3.114360000E-03,+1.103401213027E+00,+2.552724532961E+00,+9.965766205E-03
+3.114365000E-03,+1.107702406416E+00,+2.552724532961E+00,+11.065012432E-03
+3.114370000E-03,+1.111278097304E+00,+2.552724532961E+00,+12.709484769E-03
+3.114375000E-03,+1.113661891304E+00,+2.552724532961E+00,+13.654836522E-03
+3.114380000E-03,+1.118481300745E+00,+2.552724532961E+00,+15.396042519E-03
+3.114385000E-03,+1.121176024334E+00,+2.552724532961E+00,+16.042399323E-03
+3.114390000E-03,+1.124648072077E+00,+2.552724532961E+00,+18.012248530E-03
+3.114395000E-03,+1.126461828363E+00,+2.552724532961E+00,+18.698178189E-03
+3.114400000E-03,+1.129415659947E+00,+2.552724532961E+00,+20.646042456E-03
+3.114405000E-03,+1.131229416233E+00,+2.552724532961E+00,+21.248429419E-03
+3.114410000E-03,+1.133613210163E+00,+2.552724532961E+00,+23.059987155E-03
+3.114415000E-03,+1.135530609659E+00,+2.552724532961E+00,+23.860238436E-03
+3.114420000E-03,+1.137188901070E+00,+2.552724532961E+00,+25.482725822E-03
+3.114425000E-03,+1.139831803024E+00,+2.552724532961E+00,+26.559987150E-03
+3.114430000E-03,+1.140920056888E+00,+2.552724532961E+00,+27.953831326E-03
+3.114435000E-03,+1.142215596996E+00,+2.552724532961E+00,+29.048680595E-03
+3.114440000E-03,+1.143148385968E+00,+2.552724532961E+00,+30.433730801E-03
+3.114445000E-03,+1.144962142235E+00,+2.552724532961E+00,+31.467022267E-03
+3.114450000E-03,+1.145480358305E+00,+2.552724532961E+00,+32.878454399E-03
+3.114455000E-03,+1.145739466357E+00,+2.552724532961E+00,+33.880966961E-03
+3.114460000E-03,+1.146983184908E+00,+2.552724532961E+00,+35.428705628E-03
+3.114465000E-03,+1.146361325646E+00,+2.552724532961E+00,+36.286117686E-03
+3.114470000E-03,+1.146827720118E+00,+2.552724532961E+00,+38.058102590E-03
+3.114475000E-03,+1.146309504020E+00,+2.552724532961E+00,+38.559358877E-03
+3.114480000E-03,+1.145739466338E+00,+2.552724532961E+00,+40.559986978E-03
+3.114485000E-03,+1.146257682356E+00,+2.552724532961E+00,+40.916142768E-03
+3.114490000E-03,+1.144443926155E+00,+2.552724532961E+00,+42.890388968E-03
+3.114495000E-03,+1.143148385959E+00,+2.552724532961E+00,+43.299308576E-03
+3.114500000E-03,+1.143044742744E+00,+2.552724532961E+00,+45.071293466E-03
+3.114505000E-03,+1.140712770463E+00,+2.552724532961E+00,+45.660489452E-03
+3.114510000E-03,+1.139728159907E+00,+2.552724532961E+00,+47.252197971E-03
+3.114515000E-03,+1.138432619635E+00,+2.552724532961E+00,+47.955715560E-03
+3.114520000E-03,+1.135737896107E+00,+2.552724532961E+00,+49.424308508E-03
+3.114525000E-03,+1.133457745411E+00,+2.552724532961E+00,+50.206971811E-03
+3.114530000E-03,+1.131177594635E+00,+2.552724532961E+00,+51.574434112E-03
+3.114535000E-03,+1.128586514326E+00,+2.552724532961E+00,+52.414258211E-03
+3.114540000E-03,+1.124803536975E+00,+2.552724532961E+00,+53.711368761E-03
+3.114545000E-03,+1.122886137442E+00,+2.552724532961E+00,+54.533604919E-03
+3.114550000E-03,+1.119051338516E+00,+2.552724532961E+00,+55.821921503E-03
+3.114555000E-03,+1.116408436530E+00,+2.552724532961E+00,+56.534233046E-03
+3.114560000E-03,+1.111899956716E+00,+2.552724532961E+00,+57.884107413E-03
+3.114565000E-03,+1.107650584860E+00,+2.552724532961E+00,+58.635991814E-03
+3.114570000E-03,+1.103867607594E+00,+2.552724532961E+00,+59.867147590E-03
+3.114575000E-03,+1.099670057350E+00,+2.552724532961E+00,+60.663001849E-03
+3.114580000E-03,+1.095057934303E+00,+2.552724532961E+00,+61.815011880E-03
+3.114585000E-03,+1.091067670493E+00,+2.552724532961E+00,+62.751569665E-03
+3.114590000E-03,+1.085781866520E+00,+2.552724532961E+00,+63.635363624E-03
+3.114595000E-03,+1.080651527398E+00,+2.552724532961E+00,+64.800564621E-03
+3.114600000E-03,+1.076039404361E+00,+2.552724532961E+00,+65.482097273E-03
+3.114605000E-03,+1.069924454625E+00,+2.552724532961E+00,+66.836368625E-03
+3.114610000E-03,+1.064068613017E+00,+2.552724532961E+00,+67.372800765E-03
+3.114615000E-03,+1.059663776305E+00,+2.552724532961E+00,+68.683102265E-03
+3.114620000E-03,+1.054067042792E+00,+2.552724532961E+00,+69.021670100E-03
+3.114625000E-03,+1.047382055412E+00,+2.552724532961E+00,+70.402323359E-03
+3.114630000E-03,+1.041785321889E+00,+2.552724532961E+00,+70.868403755E-03
+3.114635000E-03,+1.034633939952E+00,+2.552724532961E+00,+72.086368565E-03
+3.114640000E-03,+1.028156239073E+00,+2.552724532961E+00,+72.644785642E-03
+3.114645000E-03,+1.020797570753E+00,+2.552724532961E+00,+73.708855991E-03
+3.114650000E-03,+1.014941729165E+00,+2.552724532961E+00,+74.447549433E-03
+3.114655000E-03,+1.008204920158E+00,+2.552724532961E+00,+75.362122301E-03
+3.114660000E-03,+999.757998186E-03,+2.552724532961E+00,+76.092021782E-03
+3.114665000E-03,+991.829292246E-03,+2.552724532961E+00,+76.857097161E-03
+3.114670000E-03,+985.196126464E-03,+2.552724532961E+00,+77.666142360E-03
+3.114675000E-03,+976.801025999E-03,+2.552724532961E+00,+78.290514240E-03
+3.114680000E-03,+968.250460816E-03,+2.552724532961E+00,+79.081971494E-03
+3.114685000E-03,+959.959003652E-03,+2.552724532961E+00,+79.785489094E-03
+3.114690000E-03,+952.185762486E-03,+2.552724532961E+00,+80.396669979E-03
+3.114695000E-03,+943.635197270E-03,+2.552724532961E+00,+81.135363452E-03
+3.114700000E-03,+934.773702367E-03,+2.552724532961E+00,+81.720162424E-03
+3.114705000E-03,+925.497634651E-03,+2.552724532961E+00,+82.458855896E-03
+3.114710000E-03,+917.257999046E-03,+2.552724532961E+00,+82.982097100E-03
+3.114715000E-03,+907.671001686E-03,+2.552724532961E+00,+83.663629752E-03
+3.114720000E-03,+898.446755544E-03,+2.552724532961E+00,+84.309986530E-03
+3.114725000E-03,+888.082434095E-03,+2.552724532961E+00,+84.864006615E-03
+3.114730000E-03,+877.666290957E-03,+2.552724532961E+00,+85.624685011E-03
+3.114735000E-03,+867.768363893E-03,+2.552724532961E+00,+85.936870920E-03
+3.114740000E-03,+858.906868985E-03,+2.552724532961E+00,+86.816267912E-03
+3.114745000E-03,+848.335261067E-03,+2.552724532961E+00,+86.939383480E-03
+3.114750000E-03,+836.934507488E-03,+2.552724532961E+00,+87.889132218E-03
+3.114755000E-03,+827.347510075E-03,+2.552724532961E+00,+87.889132216E-03
+3.114760000E-03,+816.361329346E-03,+2.552724532961E+00,+88.847674920E-03
+3.114765000E-03,+805.375148515E-03,+2.552724532961E+00,+88.975187484E-03
+3.114770000E-03,+794.440789288E-03,+2.552724532961E+00,+89.665514113E-03
+3.114775000E-03,+783.247322134E-03,+2.552724532961E+00,+90.004081941E-03
+3.114780000E-03,+772.779357412E-03,+2.552724532961E+00,+90.351443756E-03
+3.114785000E-03,+761.844998257E-03,+2.552724532961E+00,+90.997800524E-03
+3.114790000E-03,+749.770563636E-03,+2.552724532961E+00,+91.156091979E-03
+3.114795000E-03,+737.644307523E-03,+2.552724532961E+00,+91.872800515E-03
+3.114800000E-03,+726.606305153E-03,+2.552724532961E+00,+91.780463840E-03
+3.114805000E-03,+715.361016290E-03,+2.552724532961E+00,+92.664257794E-03
+3.114810000E-03,+703.131117045E-03,+2.552724532961E+00,+92.387247758E-03
+3.114815000E-03,+690.072071954E-03,+2.552724532961E+00,+93.319408538E-03
+3.114820000E-03,+677.893994132E-03,+2.552724532961E+00,+93.024810558E-03
+3.114825000E-03,+665.145878744E-03,+2.552724532961E+00,+93.728328135E-03
+3.114830000E-03,+652.035012007E-03,+2.552724532961E+00,+93.517272864E-03
+3.114835000E-03,+640.426971818E-03,+2.552724532961E+00,+94.225187431E-03
+3.114840000E-03,+627.264283629E-03,+2.552724532961E+00,+94.053705024E-03
+3.114845000E-03,+613.946130544E-03,+2.552724532961E+00,+94.528579395E-03
+3.114850000E-03,+601.146193452E-03,+2.552724532961E+00,+94.559358270E-03
+3.114855000E-03,+587.568932315E-03,+2.552724532961E+00,+94.924308032E-03
+3.114860000E-03,+575.494497732E-03,+2.552724532961E+00,+94.788001482E-03
+3.114865000E-03,+561.709950161E-03,+2.552724532961E+00,+95.214509039E-03
+3.114870000E-03,+549.324585962E-03,+2.552724532961E+00,+94.990262790E-03
+3.114875000E-03,+534.866357430E-03,+2.552724532961E+00,+95.473931142E-03
+3.114880000E-03,+519.527161653E-03,+2.552724532961E+00,+95.240890920E-03
+3.114885000E-03,+507.141797528E-03,+2.552724532961E+00,+95.583855770E-03
+3.114890000E-03,+493.201785139E-03,+2.552724532961E+00,+95.434358263E-03
+3.114895000E-03,+480.194561582E-03,+2.552724532961E+00,+95.689383405E-03
+3.114900000E-03,+465.995441097E-03,+2.552724532961E+00,+95.557473841E-03
+3.114905000E-03,+451.433569428E-03,+2.552724532961E+00,+95.610237668E-03
+3.114910000E-03,+437.597200210E-03,+2.552724532961E+00,+95.570664799E-03
+3.114915000E-03,+423.916295922E-03,+2.552724532961E+00,+95.447549241E-03
+3.114920000E-03,+409.613532207E-03,+2.552724532961E+00,+95.689383389E-03
+3.114925000E-03,+394.896195692E-03,+2.552724532961E+00,+95.271669844E-03
+3.114930000E-03,+379.297891922E-03,+2.552724532961E+00,+95.553076865E-03
+3.114935000E-03,+364.580555367E-03,+2.552724532961E+00,+94.963880902E-03
+3.114940000E-03,+349.604110750E-03,+2.552724532961E+00,+95.403579376E-03
+3.114945000E-03,+334.990417410E-03,+2.552724532961E+00,+94.752825630E-03
+3.114950000E-03,+320.324902521E-03,+2.552724532961E+00,+95.113378368E-03
+3.114955000E-03,+305.970317262E-03,+2.552724532961E+00,+94.418654784E-03
+3.114960000E-03,+291.201159095E-03,+2.552724532961E+00,+94.673679884E-03
+3.114965000E-03,+276.328357742E-03,+2.552724532961E+00,+94.150438704E-03
+3.114970000E-03,+261.300091601E-03,+2.552724532961E+00,+94.247172349E-03
+3.114975000E-03,+246.064538971E-03,+2.552724532961E+00,+93.789885933E-03
+3.114980000E-03,+231.709953722E-03,+2.552724532961E+00,+93.671167343E-03
+3.114985000E-03,+216.629865939E-03,+2.552724532961E+00,+93.306217596E-03
+3.114990000E-03,+201.912529384E-03,+2.552724532961E+00,+93.103956298E-03
+3.114995000E-03,+186.469690412E-03,+2.552724532961E+00,+92.730212572E-03
