x-axis,1,2,3
second,Volt,Volt,Volt
+3.105000000E-03,+348.153105523E-03,-40.789886498E-03,-80.233981553E-03
+3.105005000E-03,+362.144939544E-03,-40.318780975E-03,-78.576318254E-03
+3.105010000E-03,+378.468745902E-03,-40.789886498E-03,-78.382850919E-03
+3.105015000E-03,+392.719687960E-03,-39.533605104E-03,-76.808730333E-03
+3.105020000E-03,+409.250780748E-03,-40.554333736E-03,-76.377825815E-03
+3.105025000E-03,+423.709009236E-03,-38.983981994E-03,-75.142273065E-03
+3.105030000E-03,+439.721885949E-03,-40.711368910E-03,-74.306845938E-03
+3.105035000E-03,+453.921006400E-03,-40.240263388E-03,-73.423051978E-03
+3.105040000E-03,+467.861018813E-03,-40.789886498E-03,-72.380966561E-03
+3.105045000E-03,+482.526533731E-03,-41.182474433E-03,-71.602700238E-03
+3.105050000E-03,+496.984762220E-03,-39.455087517E-03,-70.327574624E-03
+3.105055000E-03,+511.183882670E-03,-40.868404086E-03,-69.782348499E-03
+3.105060000E-03,+525.849397589E-03,-40.789886499E-03,-68.357725399E-03
+3.105065000E-03,+539.478480357E-03,-40.397298563E-03,-67.790514349E-03
+3.105070000E-03,+553.003919911E-03,-41.103956847E-03,-66.405464113E-03
+3.105075000E-03,+566.943932325E-03,-39.769157866E-03,-65.631594775E-03
+3.105080000E-03,+580.832123130E-03,-40.397298562E-03,-64.418026949E-03
+3.105085000E-03,+595.238530011E-03,-39.612122691E-03,-63.362750578E-03
+3.105090000E-03,+608.660326350E-03,-40.397298563E-03,-62.272298328E-03
+3.105095000E-03,+622.963090015E-03,-40.318780975E-03,-61.225815927E-03
+3.105100000E-03,+635.607562242E-03,-41.810615130E-03,-60.249685285E-03
+3.105105000E-03,+649.029358580E-03,-40.083228214E-03,-59.128454141E-03
+3.105110000E-03,+661.622009199E-03,-41.418027194E-03,-58.095162695E-03
+3.105115000E-03,+673.074584454E-03,-39.612122690E-03,-56.929961702E-03
+3.105120000E-03,+686.548202399E-03,-41.496544783E-03,-55.914258195E-03
+3.105125000E-03,+699.348139449E-03,-39.769157866E-03,-54.678705445E-03
+3.105130000E-03,+711.681682031E-03,-40.789886498E-03,-53.473931589E-03
+3.105135000E-03,+723.807938181E-03,-40.318780975E-03,-52.379082354E-03
+3.105140000E-03,+737.385199341E-03,-41.732097542E-03,-51.117147694E-03
+3.105145000E-03,+748.993239418E-03,-41.260992019E-03,-49.978328611E-03
+3.105150000E-03,+761.067673964E-03,-40.946921671E-03,-48.857097467E-03
+3.105155000E-03,+773.867611010E-03,-40.004710626E-03,-47.542398989E-03
+3.105160000E-03,+785.320186267E-03,-39.769157867E-03,-46.570665331E-03
+3.105165000E-03,+797.601907240E-03,-39.690640277E-03,-45.097675397E-03
+3.105170000E-03,+808.484444811E-03,-41.418027195E-03,-44.213881437E-03
+3.105175000E-03,+819.833376851E-03,-40.711368911E-03,-42.688127684E-03
+3.105180000E-03,+831.078665673E-03,-41.810615130E-03,-41.782348799E-03
+3.105185000E-03,+841.442987173E-03,-41.182474433E-03,-40.265389017E-03
+3.105190000E-03,+852.273703136E-03,-41.967650302E-03,-39.276067419E-03
+3.105195000E-03,+863.000775884E-03,-39.062499581E-03,-37.794283515E-03
+3.105200000E-03,+874.401529532E-03,-38.826946819E-03,-36.699434281E-03
+3.105205000E-03,+885.543175141E-03,-41.496544783E-03,-35.323178014E-03
+3.105210000E-03,+895.907496640E-03,-40.240263387E-03,-34.052449384E-03
+3.105215000E-03,+906.427282960E-03,-41.418027197E-03,-32.983982060E-03
+3.105220000E-03,+916.169745166E-03,-43.459484457E-03,-31.445037352E-03
+3.105225000E-03,+926.274958624E-03,-40.318780975E-03,-30.504082588E-03
+3.105230000E-03,+936.483815299E-03,-43.459484460E-03,-28.859610244E-03
+3.105235000E-03,+946.744493581E-03,-39.612122690E-03,-27.931846435E-03
+3.105240000E-03,+955.709631677E-03,-42.517273413E-03,-26.300565045E-03
+3.105245000E-03,+964.519304951E-03,-40.711368912E-03,-25.311243448E-03
+3.105250000E-03,+974.002659118E-03,-41.103956847E-03,-23.675565074E-03
+3.105255000E-03,+982.501402746E-03,-39.219534760E-03,-22.620288703E-03
+3.105260000E-03,+991.207432804E-03,-41.182474434E-03,-21.090137966E-03
+3.105265000E-03,+1.000224392504E+00,-42.124685480E-03,-19.942524912E-03
+3.105270000E-03,+1.008515849705E+00,-41.810615128E-03,-18.588253570E-03
+3.105275000E-03,+1.017014593331E+00,-41.418027195E-03,-17.124057606E-03
+3.105280000E-03,+1.024943299278E+00,-43.538002042E-03,-16.064384251E-03
+3.105285000E-03,+1.032457432362E+00,-39.455087518E-03,-14.485866679E-03
+3.105290000E-03,+1.039919743839E+00,-40.161745805E-03,-13.478957143E-03
+3.105295000E-03,+1.046863839245E+00,-42.438755827E-03,-11.904836556E-03
+3.105300000E-03,+1.053859756254E+00,-42.124685476E-03,-10.902324005E-03
+3.105305000E-03,+1.061995748629E+00,-40.475816150E-03,-9.266645630E-03
+3.105310000E-03,+1.068473449564E+00,-41.260992022E-03,-8.277324033E-03
+3.105315000E-03,+1.076194869080E+00,-40.946921672E-03,-6.654836613E-03
+3.105320000E-03,+1.083242607695E+00,-40.868404087E-03,-5.749057728E-03
+3.105325000E-03,+1.088372946840E+00,-40.397298563E-03,-4.078203474E-03
+3.105330000E-03,+1.096094366354E+00,-42.046167887E-03,-3.128454741E-03
+3.105335000E-03,+1.102312959253E+00,-39.062499586E-03,-1.470791442E-03
+3.105340000E-03,+1.106510509460E+00,-41.496544782E-03,-411.118087E-06
+3.105345000E-03,+1.113402783254E+00,-39.455087516E-03,+1.092650741E-03
+3.105350000E-03,+1.118688587215E+00,-37.727700607E-03,+2.284233643E-03
+3.105355000E-03,+1.124440785649E+00,+771.396033009E-03,+3.774811517E-03
+3.105360000E-03,+1.127239152452E+00,+2.552331944978E+00,+4.852072812E-03
+3.105365000E-03,+1.131177594624E+00,+2.552567497787E+00,+6.131595411E-03
+3.105370000E-03,+1.136670685016E+00,+2.552567497787E+00,+7.732097906E-03
+3.105375000E-03,+1.140712770398E+00,+2.552567497787E+00,+8.633479806E-03
+3.105380000E-03,+1.145635823111E+00,+2.552567497787E+00,+10.361494863E-03
+3.105385000E-03,+1.149574265280E+00,+2.552567497787E+00,+11.148555156E-03
+3.105390000E-03,+1.153149956197E+00,+2.552567497787E+00,+12.942524986E-03
+3.105395000E-03,+1.156622003895E+00,+2.552567497787E+00,+13.936243568E-03
+3.105400000E-03,+1.160042229991E+00,+2.552567497787E+00,+15.497173200E-03
+3.105405000E-03,+1.163203348050E+00,+2.552567497787E+00,+16.499685752E-03
+3.105410000E-03,+1.166260822889E+00,+2.552567497787E+00,+18.051821414E-03
+3.105415000E-03,+1.168333687188E+00,+2.552567497787E+00,+19.133479694E-03
+3.105420000E-03,+1.171183875602E+00,+2.552567497787E+00,+20.500941991E-03
+3.105425000E-03,+1.174034064015E+00,+2.552567497787E+00,+21.885992227E-03
+3.105430000E-03,+1.176521501174E+00,+2.552646015374E+00,+22.875313825E-03
+3.105435000E-03,+1.177817041361E+00,+2.552724532961E+00,+24.537374108E-03
+3.105440000E-03,+1.180511764947E+00,+2.552724532961E+00,+25.342022341E-03
+3.105445000E-03,+1.181703661921E+00,+2.552724532961E+00,+27.153580110E-03
+3.105450000E-03,+1.182273699603E+00,+2.552724532961E+00,+27.795539903E-03
+3.105455000E-03,+1.184139277474E+00,+2.552724532961E+00,+29.585112747E-03
+3.105460000E-03,+1.185279352840E+00,+2.552724532961E+00,+30.385363996E-03
+3.105465000E-03,+1.186160320167E+00,+2.552724532961E+00,+31.999057445E-03
+3.105470000E-03,+1.186678536242E+00,+2.552724532961E+00,+32.931218239E-03
+3.105475000E-03,+1.186263963382E+00,+2.552724532961E+00,+34.443781037E-03
+3.105480000E-03,+1.186315784991E+00,+2.552724532961E+00,+35.428705650E-03
+3.105485000E-03,+1.187144930711E+00,+2.552724532961E+00,+36.752198098E-03
+3.105490000E-03,+1.186885822671E+00,+2.552724532961E+00,+37.970162909E-03
+3.105495000E-03,+1.185486639270E+00,+2.552724532961E+00,+39.060615158E-03
+3.105500000E-03,+1.185642104088E+00,+2.552724532961E+00,+40.454459365E-03
+3.105505000E-03,+1.184968423192E+00,+2.552724532961E+00,+41.355841264E-03
+3.105510000E-03,+1.183154666934E+00,+2.552724532961E+00,+42.802449290E-03
+3.105515000E-03,+1.182429164427E+00,+2.552724532961E+00,+43.756595008E-03
+3.105520000E-03,+1.180563586561E+00,+2.552724532961E+00,+45.071293486E-03
+3.105525000E-03,+1.179734440841E+00,+2.552724532961E+00,+46.078203023E-03
+3.105530000E-03,+1.178335257437E+00,+2.552724532961E+00,+47.287373864E-03
+3.105535000E-03,+1.176573322781E+00,+2.552724532961E+00,+48.311871341E-03
+3.105540000E-03,+1.174759566521E+00,+2.552724532961E+00,+49.499057258E-03
+3.105545000E-03,+1.172375772580E+00,+2.552724532961E+00,+50.620288401E-03
+3.105550000E-03,+1.170406551492E+00,+2.552724532961E+00,+51.671167788E-03
+3.105555000E-03,+1.167349076650E+00,+2.552724532961E+00,+52.748429083E-03
+3.105560000E-03,+1.164757996276E+00,+2.552724532961E+00,+53.794911484E-03
+3.105565000E-03,+1.160612267678E+00,+2.552724532961E+00,+54.854584838E-03
+3.105570000E-03,+1.156673825510E+00,+2.552724532961E+00,+55.975815983E-03
+3.105575000E-03,+1.152631740124E+00,+2.552724532961E+00,+56.806846124E-03
+3.105580000E-03,+1.148589654743E+00,+2.552724532961E+00,+57.985238071E-03
+3.105585000E-03,+1.144443926146E+00,+2.552724532961E+00,+58.895413941E-03
+3.105590000E-03,+1.140039089512E+00,+2.552724532961E+00,+59.985866191E-03
+3.105595000E-03,+1.135064215191E+00,+2.552724532961E+00,+61.001569698E-03
+3.105600000E-03,+1.129882054446E+00,+2.552724532961E+00,+61.845790793E-03
+3.105605000E-03,+1.124492607265E+00,+2.552724532961E+00,+63.068152591E-03
+3.105610000E-03,+1.119258624910E+00,+2.552724532961E+00,+63.626569669E-03
+3.105615000E-03,+1.113040032011E+00,+2.552724532961E+00,+65.165514377E-03
+3.105620000E-03,+1.107339655188E+00,+2.552724532961E+00,+65.420539499E-03
+3.105625000E-03,+1.101224705502E+00,+2.552724532961E+00,+67.210112345E-03
+3.105630000E-03,+1.095835258325E+00,+2.552724532961E+00,+67.284861088E-03
+3.105635000E-03,+1.087958373988E+00,+2.552724532961E+00,+69.162373630E-03
+3.105640000E-03,+1.082050710733E+00,+2.552724532961E+00,+69.026067100E-03
+3.105645000E-03,+1.075469366584E+00,+2.552724532961E+00,+70.864006777E-03
+3.105650000E-03,+1.068991665651E+00,+2.552724532961E+00,+71.013504265E-03
+3.105655000E-03,+1.062617607926E+00,+2.552724532961E+00,+72.416142438E-03
+3.105660000E-03,+1.056502658248E+00,+2.552724532961E+00,+72.776695201E-03
+3.105665000E-03,+1.048159379444E+00,+2.552724532961E+00,+73.840765539E-03
+3.105670000E-03,+1.041629856897E+00,+2.552724532961E+00,+74.623428850E-03
+3.105675000E-03,+1.034426653454E+00,+2.552724532961E+00,+75.309358488E-03
+3.105680000E-03,+1.026497947509E+00,+2.552724532961E+00,+76.434986619E-03
+3.105685000E-03,+1.018310133531E+00,+2.552724532961E+00,+76.764760483E-03
+3.105690000E-03,+1.009241352219E+00,+2.552724532961E+00,+77.995916250E-03
+3.105695000E-03,+1.001001716630E+00,+2.552724532961E+00,+78.268529312E-03
+3.105700000E-03,+992.969367469E-03,+2.552724532961E+00,+79.530463972E-03
+3.105705000E-03,+983.537834912E-03,+2.552724532961E+00,+79.706343367E-03
+3.105710000E-03,+974.883626455E-03,+2.552724532961E+00,+80.774810692E-03
+3.105715000E-03,+965.452093896E-03,+2.552724532961E+00,+81.148554407E-03
+3.105720000E-03,+957.264279913E-03,+2.552724532961E+00,+82.027951382E-03
+3.105725000E-03,+947.832747351E-03,+2.552724532961E+00,+82.573177507E-03
+3.105730000E-03,+938.401214789E-03,+2.552724532961E+00,+83.254710163E-03
+3.105735000E-03,+928.399644553E-03,+2.552724532961E+00,+83.813127242E-03
+3.105740000E-03,+918.501717510E-03,+2.552724532961E+00,+84.463881004E-03
+3.105745000E-03,+908.137396018E-03,+2.552724532961E+00,+85.048679992E-03
+3.105750000E-03,+897.047572019E-03,+2.552724532961E+00,+85.721418680E-03
+3.105755000E-03,+887.305109810E-03,+2.552724532961E+00,+86.095162394E-03
+3.105760000E-03,+876.111642599E-03,+2.552724532961E+00,+86.869031733E-03
+3.105765000E-03,+865.280926628E-03,+2.552724532961E+00,+87.128453840E-03
+3.105770000E-03,+854.191102626E-03,+2.552724532961E+00,+87.902323179E-03
+3.105775000E-03,+844.915034890E-03,+2.552724532961E+00,+88.069408605E-03
+3.105780000E-03,+832.374205874E-03,+2.552724532961E+00,+88.948805579E-03
+3.105785000E-03,+820.662522587E-03,+2.552724532961E+00,+89.093906081E-03
+3.105790000E-03,+809.106304123E-03,+2.552724532961E+00,+89.779835721E-03
+3.105795000E-03,+797.031869571E-03,+2.552724532961E+00,+90.135991496E-03
+3.105800000E-03,+784.594683778E-03,+2.552724532961E+00,+90.452574407E-03
+3.105805000E-03,+772.520249234E-03,+2.552724532961E+00,+91.076946261E-03
+3.105810000E-03,+760.704922735E-03,+2.552724532961E+00,+91.208855806E-03
+3.105815000E-03,+747.490412825E-03,+2.552724532961E+00,+91.907976402E-03
+3.105820000E-03,+736.245123990E-03,+2.552724532961E+00,+91.916770373E-03
+3.105825000E-03,+723.497008552E-03,+2.552724532961E+00,+92.620287952E-03
+3.105830000E-03,+711.111644367E-03,+2.552724532961E+00,+92.620287953E-03
+3.105835000E-03,+699.192674645E-03,+2.552724532961E+00,+93.306217593E-03
+3.105840000E-03,+686.703667239E-03,+2.552724532961E+00,+93.284232670E-03
+3.105845000E-03,+673.540978941E-03,+2.552724532961E+00,+93.710740201E-03
+3.105850000E-03,+659.549144918E-03,+2.552724532961E+00,+93.917398492E-03
+3.105855000E-03,+646.179170193E-03,+2.552724532961E+00,+94.049308037E-03
+3.105860000E-03,+633.638341173E-03,+2.552724532961E+00,+94.484609541E-03
+3.105865000E-03,+620.475652871E-03,+2.552724532961E+00,+94.335112054E-03
+3.105870000E-03,+607.261142963E-03,+2.552724532961E+00,+94.950689938E-03
+3.105875000E-03,+593.321130552E-03,+2.552724532961E+00,+94.717649739E-03
+3.105880000E-03,+580.417550282E-03,+2.552724532961E+00,+95.161745212E-03
+3.105885000E-03,+565.389284123E-03,+2.552724532961E+00,+94.950689938E-03
+3.105890000E-03,+552.226595814E-03,+2.552724532961E+00,+95.482725108E-03
+3.105895000E-03,+537.975653763E-03,+2.552724532961E+00,+95.289257773E-03
+3.105900000E-03,+523.828354920E-03,+2.552724532961E+00,+95.654207517E-03
+3.105905000E-03,+509.681056070E-03,+2.552724532961E+00,+95.478328123E-03
+3.105910000E-03,+495.533757232E-03,+2.552724532961E+00,+95.641016564E-03
+3.105915000E-03,+480.712777496E-03,+2.552724532961E+00,+95.658604503E-03
+3.105920000E-03,+466.461835427E-03,+2.552724532961E+00,+95.689383397E-03
+3.105925000E-03,+451.899963732E-03,+2.552724532961E+00,+95.663001488E-03
+3.105930000E-03,+436.975340771E-03,+2.552724532961E+00,+95.759735154E-03
+3.105935000E-03,+422.154361036E-03,+2.552724532961E+00,+95.561870836E-03
+3.105940000E-03,+407.955240579E-03,+2.552724532961E+00,+95.698177367E-03
+3.105945000E-03,+392.667866380E-03,+2.552724532961E+00,+95.368403501E-03
+3.105950000E-03,+377.795065034E-03,+2.552724532961E+00,+95.570664806E-03
+3.105955000E-03,+361.678545095E-03,+2.552724532961E+00,+95.223303000E-03
+3.105960000E-03,+346.702100539E-03,+2.552724532961E+00,+95.346418577E-03
+3.105965000E-03,+331.362904716E-03,+2.552724532961E+00,+95.012247726E-03
+3.105970000E-03,+317.578357128E-03,+2.552724532961E+00,+95.043026620E-03
+3.105975000E-03,+301.617302023E-03,+2.552724532961E+00,+94.620916072E-03
+3.105980000E-03,+286.278106214E-03,+2.552724532961E+00,+94.673679891E-03
+3.105985000E-03,+270.524337535E-03,+2.552724532961E+00,+94.233981404E-03
+3.105990000E-03,+254.874212070E-03,+2.552724532961E+00,+94.132850751E-03
+3.105995000E-03,+239.845945903E-03,+2.552724532961E+00,+93.939383416E-03
+3.106000000E-03,+223.884890794E-03,+2.552724532961E+00,+93.622800506E-03
+3.106005000E-03,+209.374840705E-03,+2.552724532961E+00,+93.442524125E-03
+3.106010000E-03,+193.102855951E-03,+2.552724532961E+00,+93.139132169E-03
+3.106015000E-03,+177.660016924E-03,+2.552724532961E+00,+92.695036696E-03
+3.106020000E-03,+162.268999497E-03,+2.552724532961E+00,+92.593906044E-03
+3.106025000E-03,+146.152479577E-03,+2.552724532961E+00,+92.017901023E-03
+3.106030000E-03,+129.932316428E-03,+2.552724532961E+00,+91.912373389E-03
+3.106035000E-03,+113.245758820E-03,+2.552724532961E+00,+91.204458822E-03
+3.106040000E-03,+97.543811759E-03,+2.552724532961E+00,+91.230840732E-03
+3.106045000E-03,+82.878296832E-03,+2.552724532961E+00,+90.461368379E-03
+3.106050000E-03,+65.880809576E-03,+2.552724532961E+00,+90.382222651E-03
+3.106055000E-03,+51.008008221E-03,+2.552724532961E+00,+89.498428691E-03
+3.106060000E-03,+35.668812410E-03,+2.552724532961E+00,+89.529207584E-03
+3.106065000E-03,+20.018686952E-03,+2.552724532961E+00,+88.610237747E-03
+3.106070000E-03,+3.591237386E-03,+2.552724532961E+00,+88.500313123E-03
+3.106075000E-03,-11.696136822E-03,+2.552724532961E+00,+87.722046801E-03
+3.106080000E-03,-26.983511028E-03,+2.552724532961E+00,+87.260363387E-03
+3.106085000E-03,-41.804490788E-03,+2.552724532961E+00,+86.745916158E-03
+3.106090000E-03,-57.610081060E-03,+2.552724532961E+00,+86.139132243E-03
+3.106095000E-03,-73.467492950E-03,+2.552724532961E+00,+85.633478985E-03
+3.106100000E-03,-88.236651090E-03,+2.552724532961E+00,+84.987122205E-03
+3.106105000E-03,-104.871387093E-03,+2.552724532961E+00,+84.578202613E-03
+3.106110000E-03,-121.298836658E-03,+2.552724532961E+00,+83.817524229E-03
+3.106115000E-03,-137.311713368E-03,+2.552724532961E+00,+83.311870968E-03
+3.106120000E-03,-152.961838830E-03,+2.552724532961E+00,+82.529207660E-03
+3.106125000E-03,-168.663785903E-03,+2.552724532961E+00,+81.887247869E-03
+3.106130000E-03,-184.262089753E-03,+2.552724532961E+00,+81.289257924E-03
+3.106135000E-03,-199.031247887E-03,+2.552724532961E+00,+80.510991602E-03
+3.106140000E-03,-214.474086919E-03,+2.552724532961E+00,+79.974559446E-03
+3.106145000E-03,-230.538785236E-03,+2.552724532961E+00,+79.134735334E-03
+3.106150000E-03,-246.810769989E-03,+2.552724532961E+00,+78.611494134E-03
+3.106155000E-03,-261.683571333E-03,+2.552724532961E+00,+77.701318265E-03
+3.106160000E-03,-277.903734474E-03,+2.552724532961E+00,+76.989006715E-03
+3.106165000E-03,-293.294751905E-03,+2.552724532961E+00,+76.144785618E-03
+3.106170000E-03,-308.944877367E-03,+2.552724532961E+00,+75.419283113E-03
+3.106175000E-03,-324.387716392E-03,+2.552724532961E+00,+74.513504228E-03
+3.106180000E-03,-339.312339350E-03,+2.552724532961E+00,+73.823177603E-03
+3.106185000E-03,-354.651535160E-03,+2.552724532961E+00,+72.948177612E-03
+3.106190000E-03,-369.576158124E-03,+2.552724532961E+00,+72.090765562E-03
+3.106195000E-03,-385.070818763E-03,+2.552724532961E+00,+71.250941448E-03
+3.106200000E-03,-400.099084934E-03,+2.552724532961E+00,+70.353956537E-03
+3.106205000E-03,-414.194562170E-03,+2.552724532961E+00,+69.395413830E-03
+3.106210000E-03,-429.948330844E-03,+2.552724532961E+00,+68.740263085E-03
+3.106215000E-03,-444.872953793E-03,+2.552724532961E+00,+67.469534454E-03
+3.106220000E-03,-459.486647111E-03,+2.552724532961E+00,+66.950690240E-03
+3.106225000E-03,-473.633945950E-03,+2.552724532961E+00,+65.565640003E-03
+3.106230000E-03,-487.314850332E-03,+2.552724532961E+00,+65.051192772E-03
+3.106235000E-03,-502.964975786E-03,+2.552724532961E+00,+63.666142536E-03
+3.106240000E-03,-517.267739452E-03,+2.552724532961E+00,+62.953830986E-03
+3.106245000E-03,-531.466859902E-03,+2.552724532961E+00,+61.819408888E-03
+3.106250000E-03,-545.044121058E-03,+2.552724532961E+00,+61.005966683E-03
+3.106255000E-03,-558.776847046E-03,+2.552724532961E+00,+59.985866195E-03
+3.106260000E-03,-572.716859463E-03,+2.552724532961E+00,+58.811871230E-03
+3.106265000E-03,-585.464974910E-03,+2.552724532961E+00,+58.016016970E-03
+3.106270000E-03,-599.767738572E-03,+2.552724532961E+00,+56.727700398E-03
+3.106275000E-03,-613.707750979E-03,+2.552724532961E+00,+56.054961714E-03
+3.106280000E-03,-627.077725702E-03,+2.552724532961E+00,+54.485238112E-03
+3.106285000E-03,-640.395878833E-03,+2.552724532961E+00,+53.948805957E-03
+3.106290000E-03,-653.610388749E-03,+2.552724532961E+00,+52.537373810E-03
+3.106295000E-03,-666.669433837E-03,+2.552724532961E+00,+51.675564775E-03
+3.106300000E-03,-679.365727660E-03,+2.552724532961E+00,+50.418027102E-03
+3.106305000E-03,-692.839345612E-03,+2.552724532961E+00,+49.468278367E-03
+3.106310000E-03,-705.224709795E-03,+2.552724532961E+00,+48.329459284E-03
+3.106315000E-03,-719.631116679E-03,+2.552724532961E+00,+47.190640201E-03
+3.106320000E-03,-731.550086401E-03,+2.552724532961E+00,+46.108981920E-03
+3.106325000E-03,-743.417234523E-03,+2.552724532961E+00,+44.882223140E-03
+3.106330000E-03,-756.165349972E-03,+2.552724532961E+00,+43.844534708E-03
+3.106335000E-03,-768.343427726E-03,+2.552724532961E+00,+42.565012111E-03
+3.106340000E-03,-780.625148694E-03,+2.552724532961E+00,+41.408605086E-03
+3.106345000E-03,-792.233188772E-03,+2.552724532961E+00,+40.375313641E-03
+3.106350000E-03,-804.152158492E-03,+2.552724532961E+00,+38.955087524E-03
+3.106355000E-03,-815.967484996E-03,+2.552724532961E+00,+38.071293564E-03
+3.106360000E-03,-826.746379359E-03,+2.552724532961E+00,+36.356469463E-03
+3.106365000E-03,-837.369808893E-03,+2.552724532961E+00,+35.644157912E-03
+3.106370000E-03,-849.806994682E-03,+2.552724532961E+00,+34.048052402E-03
+3.106375000E-03,-860.637710651E-03,+2.552724532961E+00,+33.107097636E-03
+3.106380000E-03,-871.468426617E-03,+2.552724532961E+00,+31.770414237E-03
+3.106385000E-03,-882.610072221E-03,+2.552724532961E+00,+30.460112742E-03
+3.106390000E-03,-893.233501755E-03,+2.552724532961E+00,+29.422424311E-03
+3.106395000E-03,-905.204293084E-03,+2.552724532961E+00,+27.892273573E-03
+3.106400000E-03,-916.035009055E-03,+2.552724532961E+00,+27.004082628E-03
+3.106405000E-03,-925.622006445E-03,+2.552724532961E+00,+25.196921844E-03
+3.106410000E-03,-935.260825434E-03,+2.552724532961E+00,+24.642901747E-03
+3.106415000E-03,-945.314217290E-03,+2.552724532961E+00,+22.607097752E-03
+3.106420000E-03,-956.248576465E-03,+2.552724532961E+00,+22.114635442E-03
+3.106425000E-03,-966.301968323E-03,+2.552724532961E+00,+20.135992252E-03
+3.106430000E-03,-975.059819982E-03,+2.552724532961E+00,+19.366519893E-03
+3.106435000E-03,-983.817671657E-03,+2.552724532961E+00,+17.814384237E-03
+3.106440000E-03,-993.301025813E-03,+2.552724532961E+00,+16.552449572E-03
+3.106445000E-03,-1.001644304623E+00,+2.552724532961E+00,+15.396042554E-03
+3.106450000E-03,-1.011334945228E+00,+2.552724532961E+00,+13.848303873E-03
+3.106455000E-03,-1.019833688857E+00,+2.552724532961E+00,+12.907349113E-03
+3.106460000E-03,-1.028591540507E+00,+2.552724532961E+00,+11.166143098E-03
+3.106465000E-03,-1.036831176105E+00,+2.552724532961E+00,+10.471419488E-03
+3.106470000E-03,-1.045692670980E+00,+2.552724532961E+00,+8.558731067E-03
+3.106475000E-03,-1.053569555320E+00,+2.552724532961E+00,+7.784861727E-03
+3.106480000E-03,-1.060047256266E+00,+2.552724532961E+00,+6.056846672E-03
+3.106485000E-03,-1.067768675779E+00,+2.552724532961E+00,+5.102700952E-03
+3.106490000E-03,-1.076267419404E+00,+2.552724532961E+00,+3.638504991E-03
+3.106495000E-03,-1.083315158027E+00,+2.552724532961E+00,+2.262248721E-03
+3.106500000E-03,-1.089844680563E+00,+2.552724532961E+00,+1.268530142E-03
+3.106505000E-03,-1.097047884010E+00,+2.552724532961E+00,-516.645722E-06
+3.106510000E-03,-1.103318298514E+00,+2.552724532961E+00,-1.255339179E-03
+3.106515000E-03,-1.108655924083E+00,+2.552724532961E+00,-3.150439663E-03
+3.106520000E-03,-1.115340911447E+00,+2.552724532961E+00,-3.911118045E-03
+3.106525000E-03,-1.121041288270E+00,+2.552724532961E+00,-5.731469785E-03
+3.106530000E-03,-1.127622632426E+00,+2.552724532961E+00,-6.531721033E-03
+3.106535000E-03,-1.132545685134E+00,+2.552724532961E+00,-8.369660710E-03
+3.106540000E-03,-1.138246061968E+00,+2.552724532961E+00,-9.262248642E-03
+3.106545000E-03,-1.143842795560E+00,+2.552724532961E+00,-10.897927015E-03
+3.106550000E-03,-1.149128599530E+00,+2.552724532961E+00,-11.997173236E-03
+3.106555000E-03,-1.154932619562E+00,+2.552724532961E+00,-13.588881759E-03
+3.106560000E-03,-1.158456488872E+00,+939.188125062E-03,-14.630967178E-03
+3.106565000E-03,-1.163172255156E+00,-164.376568376E-03,-16.059987261E-03
+3.106570000E-03,-1.167732556617E+00,-180.001568430E-03,-17.027323937E-03
+3.106575000E-03,-1.172396501312E+00,+74.238377533E-03,-18.847675674E-03
+3.106580000E-03,-1.176386765078E+00,+98.107725876E-03,-19.735866620E-03
+3.106585000E-03,-1.180480672058E+00,-82.247172502E-03,-21.358354039E-03
+3.106590000E-03,-1.184937330302E+00,-83.660488943E-03,-22.198178152E-03
+3.106595000E-03,-1.188202091583E+00,-76.358353670E-03,-23.970163056E-03
+3.106600000E-03,-1.191155923211E+00,-21.553077604E-03,-24.902323854E-03
+3.106605000E-03,-1.193643360379E+00,-55.786745628E-03,-26.485238406E-03
+3.106610000E-03,-1.196959943248E+00,-50.447549677E-03,-27.637248446E-03
+3.106615000E-03,-1.199136450761E+00,-60.811871219E-03,-28.960740891E-03
+3.106620000E-03,-1.201209315059E+00,-47.385363834E-03,-30.341394146E-03
+3.106625000E-03,-1.203282179358E+00,-51.625313514E-03,-31.392273529E-03
+3.106630000E-03,-1.205614151699E+00,-49.662373840E-03,-33.019157936E-03
+3.106635000E-03,-1.207635194394E+00,-49.897926595E-03,-33.872173001E-03
+3.106640000E-03,-1.208567983336E+00,-48.249057277E-03,-35.714509665E-03
+3.106645000E-03,-1.209863523517E+00,-46.600187961E-03,-36.360866444E-03
+3.106650000E-03,-1.212506425488E+00,-47.463881402E-03,-38.071293559E-03
+3.106655000E-03,-1.212143674241E+00,-46.678705539E-03,-38.981469430E-03
+3.106660000E-03,-1.213542857653E+00,-48.720162780E-03,-40.428077452E-03
+3.106665000E-03,-1.214164716933E+00,-46.914258299E-03,-41.540514629E-03
+3.106670000E-03,-1.214475646580E+00,-49.426821062E-03,-42.767273407E-03
+3.106675000E-03,-1.215097505871E+00,-47.463881415E-03,-44.073177918E-03
+3.106680000E-03,-1.214734754621E+00,-50.133479355E-03,-44.992147756E-03
+3.106685000E-03,-1.213076463190E+00,-46.835740695E-03,-46.548680403E-03
+3.106690000E-03,-1.213801965687E+00,-47.699434174E-03,-47.366519591E-03
+3.106695000E-03,-1.213231928004E+00,-45.500941722E-03,-48.949434146E-03
+3.106700000E-03,-1.213387392829E+00,-46.050564826E-03,-49.754082379E-03
+3.106705000E-03,-1.211314528534E+00,-45.029836182E-03,-51.244660251E-03
+3.106710000E-03,-1.210070809949E+00,-47.149811044E-03,-52.229584864E-03
+3.106715000E-03,-1.209293485835E+00,-46.521670360E-03,-53.526695403E-03
+3.106720000E-03,-1.207583372792E+00,-46.521670365E-03,-54.590765744E-03
+3.106725000E-03,-1.205199578858E+00,-46.286117596E-03,-55.654836083E-03
+3.106730000E-03,-1.203904038658E+00,-46.129082431E-03,-56.806846123E-03
+3.106735000E-03,-1.200742920607E+00,-46.050564833E-03,-57.906092340E-03
+3.106740000E-03,-1.200017418097E+00,-46.364635187E-03,-59.009735547E-03
+3.106745000E-03,-1.196959943253E+00,-46.286117576E-03,-60.016645082E-03
+3.106750000E-03,-1.193591538780E+00,-45.500941729E-03,-61.142273213E-03
+3.106755000E-03,-1.191000458392E+00,-45.108353779E-03,-62.232725461E-03
+3.106760000E-03,-1.187372945871E+00,-44.951318637E-03,-63.433102332E-03
+3.106765000E-03,-1.184730043893E+00,-45.422424118E-03,-64.338881218E-03
+3.106770000E-03,-1.180687958528E+00,-44.872801035E-03,-65.512876180E-03
+3.106775000E-03,-1.177008624385E+00,-44.244660334E-03,-66.559358580E-03
+3.106780000E-03,-1.173951149540E+00,-46.521670344E-03,-67.566268118E-03
+3.106785000E-03,-1.169028096833E+00,-44.872801036E-03,-68.436871124E-03
+3.106790000E-03,-1.164208687342E+00,-45.500941720E-03,-69.628454025E-03
+3.106795000E-03,-1.160840282842E+00,-43.852072406E-03,-70.389132409E-03
+3.106800000E-03,-1.156435446209E+00,-44.951318629E-03,-71.549936419E-03
+3.106805000E-03,-1.151719679936E+00,-42.752826206E-03,-72.240263043E-03
+3.106810000E-03,-1.147366664890E+00,-44.872801035E-03,-73.449433885E-03
+3.106815000E-03,-1.142236325763E+00,-42.281720657E-03,-74.232097193E-03
+3.106820000E-03,-1.135551338392E+00,-45.186871393E-03,-75.436871047E-03
+3.106825000E-03,-1.130783750506E+00,-43.616519626E-03,-76.171167525E-03
+3.106830000E-03,-1.125135195297E+00,-44.166142740E-03,-77.120916256E-03
+3.106835000E-03,-1.118864780797E+00,-42.752826181E-03,-78.009107203E-03
+3.106840000E-03,-1.112957117528E+00,-43.773554826E-03,-78.866519252E-03
+3.106845000E-03,-1.105961200531E+00,-41.732097540E-03,-79.882222761E-03
+3.106850000E-03,-1.099794429230E+00,-43.930589976E-03,-80.392273007E-03
+3.106855000E-03,-1.092487582585E+00,-41.889132727E-03,-81.623428771E-03
+3.106860000E-03,-1.085439843960E+00,-43.145414105E-03,-82.093906155E-03
+3.106865000E-03,-1.079169429452E+00,-43.459484462E-03,-83.355840812E-03
+3.106870000E-03,-1.071707117985E+00,-44.087625156E-03,-83.725187544E-03
+3.106875000E-03,-1.064918487406E+00,-42.124685500E-03,-84.885991549E-03
+3.106880000E-03,-1.057922570386E+00,-43.302449289E-03,-85.418026724E-03
+3.106885000E-03,-1.049009253910E+00,-41.339509629E-03,-86.376569421E-03
+3.106890000E-03,-1.041495120822E+00,-44.087625160E-03,-87.027323189E-03
+3.106895000E-03,-1.032581804337E+00,-42.517273428E-03,-87.823177446E-03
+3.106900000E-03,-1.024601276774E+00,-43.302449278E-03,-88.561870911E-03
+3.106905000E-03,-1.014806992979E+00,-42.281720656E-03,-89.071921151E-03
+3.106910000E-03,-1.006930108635E+00,-43.380966853E-03,-90.017272906E-03
+3.106915000E-03,-997.757684104E-03,-41.496544792E-03,-90.338252797E-03
+3.106920000E-03,-988.067043504E-03,-43.538002064E-03,-91.380338218E-03
+3.106925000E-03,-978.324581302E-03,-42.203203069E-03,-91.547423639E-03
+3.106930000E-03,-969.411264798E-03,-41.889132720E-03,-92.681845742E-03
+3.106935000E-03,-958.787835278E-03,-41.575062364E-03,-92.831343223E-03
+3.106940000E-03,-949.978162011E-03,-42.909861357E-03,-93.710740202E-03
+3.106945000E-03,-939.769305333E-03,-40.711368926E-03,-94.044911051E-03
+3.106950000E-03,-929.715913502E-03,-43.380966865E-03,-94.792398481E-03
+3.106955000E-03,-919.351591982E-03,-41.810615126E-03,-95.148554256E-03
+3.106960000E-03,-908.313589593E-03,-42.674308582E-03,-95.913629623E-03
+3.106965000E-03,-895.980047017E-03,-40.632851327E-03,-96.155463796E-03
+3.106970000E-03,-885.874833550E-03,-42.988378940E-03,-96.942524085E-03
+3.106975000E-03,-875.044117593E-03,-40.868404094E-03,-97.311870818E-03
+3.106980000E-03,-865.249833772E-03,-42.674308597E-03,-97.861493923E-03
+3.106985000E-03,-855.351906739E-03,-42.203203072E-03,-98.248428597E-03
+3.106990000E-03,-843.122007379E-03,-42.281720638E-03,-98.745287884E-03
+3.106995000E-03,-832.705864270E-03,-38.983981981E-03,-99.149810498E-03
+3.107000000E-03,-820.372321698E-03,-42.360238235E-03,-99.642272799E-03
+3.107005000E-03,-806.795060539E-03,-42.517273408E-03,-99.967649685E-03
+3.107010000E-03,-796.119809392E-03,-42.124685465E-03,-100.341393395E-03
+3.107015000E-03,-783.216229133E-03,-42.674308577E-03,-100.785488871E-03
+3.107020000E-03,-771.141794587E-03,-41.103956848E-03,-100.926192383E-03
+3.107025000E-03,-759.326468084E-03,-40.789886501E-03,-101.493403436E-03
+3.107030000E-03,-746.008314956E-03,-42.752826172E-03,-101.449433585E-03
+3.107035000E-03,-734.037523626E-03,-40.946921658E-03,-102.056217500E-03
+3.107040000E-03,-720.926656928E-03,-42.831343761E-03,-102.056217499E-03
+3.107045000E-03,-708.385827932E-03,-40.946921667E-03,-102.548679805E-03
+3.107050000E-03,-695.689534091E-03,-41.339509584E-03,-102.557473777E-03
+3.107055000E-03,-682.630489008E-03,-41.025439279E-03,-103.027951154E-03
+3.107060000E-03,-670.037838376E-03,-41.653579943E-03,-103.093905933E-03
+3.107065000E-03,-657.186079731E-03,-41.339509600E-03,-103.309358188E-03
+3.107070000E-03,-642.572386408E-03,-40.868404085E-03,-103.555589345E-03
+3.107075000E-03,-629.150590081E-03,-40.554333741E-03,-103.502825523E-03
+3.107080000E-03,-616.195188204E-03,-39.062499615E-03,-104.012875773E-03
+3.107085000E-03,-601.892424539E-03,-41.496544807E-03,-103.665513962E-03
+3.107090000E-03,-587.589660869E-03,-41.889132711E-03,-104.307473758E-03
+3.107095000E-03,-574.116042938E-03,-40.397298575E-03,-103.797423511E-03
+3.107100000E-03,-560.331495347E-03,-43.773554779E-03,-104.461368229E-03
+3.107105000E-03,-546.546947746E-03,-40.632851325E-03,-103.999684816E-03
+3.107110000E-03,-532.503292111E-03,-41.103956861E-03,-104.478956166E-03
+3.107115000E-03,-518.096885249E-03,-39.533605114E-03,-104.026066728E-03
+3.107120000E-03,-503.327727116E-03,-41.339509617E-03,-104.465765210E-03
+3.107125000E-03,-488.714033791E-03,-40.711368907E-03,-104.201946122E-03
+3.107130000E-03,-474.981307819E-03,-41.810615119E-03,-104.316267725E-03
+3.107135000E-03,-459.175717521E-03,-40.240263395E-03,-104.201946122E-03
+3.107140000E-03,-444.095629753E-03,-41.653579932E-03,-104.105212451E-03
+3.107145000E-03,-429.067363576E-03,-39.769157875E-03,-104.171167228E-03
+3.107150000E-03,-413.520881337E-03,-41.025439256E-03,-103.845790344E-03
+3.107155000E-03,-398.751723210E-03,-38.748429238E-03,-103.916142105E-03
+3.107160000E-03,-384.500781139E-03,-42.124685472E-03,-103.687498889E-03
+3.107165000E-03,-368.436082829E-03,-40.711368927E-03,-103.683101906E-03
+3.107170000E-03,-352.734135759E-03,-40.475816138E-03,-103.467649646E-03
+3.107175000E-03,-337.084010306E-03,-38.983982013E-03,-103.274182313E-03
+3.107180000E-03,-322.625781813E-03,-39.926193045E-03,-103.115890855E-03
+3.107185000E-03,-306.405618677E-03,-39.219534757E-03,-102.904835582E-03
+3.107190000E-03,-290.859136430E-03,-41.025439236E-03,-102.768529050E-03
+3.107195000E-03,-276.349086324E-03,-39.141017184E-03,-102.350815490E-03
+3.107200000E-03,-260.595317650E-03,-39.298052368E-03,-102.245287848E-03
+3.107205000E-03,-244.686084155E-03,-40.004710640E-03,-101.726443636E-03
+3.107210000E-03,-228.880493883E-03,-40.318780982E-03,-101.612122027E-03
+3.107215000E-03,-211.727541808E-03,-38.434358887E-03,-101.238378316E-03
+3.107220000E-03,-197.372956520E-03,-41.103956831E-03,-100.904207461E-03
+3.107225000E-03,-183.070192847E-03,-40.397298559E-03,-100.583227569E-03
+3.107230000E-03,-166.694564909E-03,-40.868404093E-03,-100.174307972E-03
+3.107235000E-03,-151.562655500E-03,-38.826946829E-03,-99.844534107E-03
+3.107240000E-03,-134.720633087E-03,-40.711368924E-03,-99.466393410E-03
+3.107245000E-03,-119.329615664E-03,-40.083228228E-03,-98.991519041E-03
+3.107250000E-03,-103.627668593E-03,-40.632851315E-03,-98.692524072E-03
+3.107255000E-03,-88.184829558E-03,-40.004710635E-03,-97.989006488E-03
+3.107260000E-03,-72.741990524E-03,-41.418027186E-03,-97.826318051E-03
+3.107265000E-03,-57.195508279E-03,-39.219534758E-03,-96.951318059E-03
+3.107270000E-03,-41.959955681E-03,-41.025439247E-03,-96.982096953E-03
+3.107275000E-03,-26.413473432E-03,-39.690640265E-03,-95.909232641E-03
+3.107280000E-03,-10.970634399E-03,-41.182474456E-03,-96.098302992E-03
+3.107285000E-03,+5.249528741E-03,-39.062499589E-03,-94.770413561E-03
+3.107290000E-03,+21.262405443E-03,-40.083228212E-03,-94.871544210E-03
+3.107295000E-03,+37.586211801E-03,-38.826946806E-03,-93.754710055E-03
+3.107300000E-03,+54.013661383E-03,-41.025439254E-03,-93.671167338E-03
+3.107305000E-03,+68.575533086E-03,-39.141017176E-03,-92.668654792E-03
+3.107310000E-03,+84.847517837E-03,-39.926193055E-03,-92.330086949E-03
+3.107315000E-03,+100.653108130E-03,-40.083228214E-03,-91.578202542E-03
+3.107320000E-03,+116.821449635E-03,-40.397298573E-03,-90.958227668E-03
+3.107325000E-03,+131.849715822E-03,-39.533605101E-03,-90.399810594E-03
+3.107330000E-03,+147.603484504E-03,-39.847675451E-03,-89.577574417E-03
+3.107335000E-03,+163.823647652E-03,-39.533605120E-03,-89.159860857E-03
+3.107340000E-03,+179.162843448E-03,-41.339509606E-03,-88.139760364E-03
+3.107345000E-03,+194.812968924E-03,-39.376569926E-03,-87.730840773E-03
+3.107350000E-03,+211.136775258E-03,-41.025439272E-03,-86.767901082E-03
+3.107355000E-03,+226.631435911E-03,-39.062499576E-03,-86.240262898E-03
+3.107360000E-03,+241.970631750E-03,-40.004710623E-03,-85.343277984E-03
+3.107365000E-03,+257.361649154E-03,-39.612122700E-03,-84.652951356E-03
+3.107370000E-03,+273.374525865E-03,-40.240263388E-03,-83.821921216E-03
+3.107375000E-03,+288.869186513E-03,-42.124685496E-03,-83.030463936E-03
+3.107380000E-03,+304.830241604E-03,-40.397298582E-03,-82.234609676E-03
+3.107385000E-03,+320.065794206E-03,-39.455087535E-03,-81.324433803E-03
+3.107390000E-03,+335.249525228E-03,-41.025439236E-03,-80.616519238E-03
+3.107395000E-03,+349.396824057E-03,-40.004710616E-03,-79.570036840E-03
+3.107400000E-03,+364.217803810E-03,-40.083228219E-03,-78.818152425E-03
+3.107405000E-03,+379.349713171E-03,-39.847675447E-03,-77.749685100E-03
+3.107410000E-03,+393.807941663E-03,-41.260992024E-03,-76.984609733E-03
+3.107415000E-03,+408.577099814E-03,-40.083228205E-03,-76.017273057E-03
+3.107420000E-03,+425.730051869E-03,-41.575062363E-03,-75.071921309E-03
+3.107425000E-03,+439.462777861E-03,-40.475816148E-03,-74.174936396E-03
+3.107430000E-03,+454.180114402E-03,-42.046167886E-03,-73.168026858E-03
+3.107435000E-03,+468.897450916E-03,-39.141017171E-03,-72.244660035E-03
+3.107440000E-03,+483.044749755E-03,-40.161745823E-03,-71.391644967E-03
+3.107445000E-03,+496.777475755E-03,-39.612122697E-03,-70.358353522E-03
+3.107450000E-03,+511.132061011E-03,-40.868404092E-03,-69.443780667E-03
+3.107455000E-03,+525.642111108E-03,-41.103956839E-03,-68.419283190E-03
+3.107460000E-03,+540.411269239E-03,-40.475816172E-03,-67.434358578E-03
+3.107465000E-03,+554.921319326E-03,-40.318780992E-03,-66.383479193E-03
+3.107470000E-03,+568.239472451E-03,-40.789886483E-03,-65.257851064E-03
+3.107475000E-03,+581.868555220E-03,-39.690640314E-03,-64.211368665E-03
+3.107480000E-03,+595.860389264E-03,-40.083228191E-03,-63.160489276E-03
+3.107485000E-03,+610.007688097E-03,-40.868404096E-03,-62.078830998E-03
+3.107490000E-03,+623.118554793E-03,-39.926193042E-03,-61.041142566E-03
+3.107495000E-03,+636.695815959E-03,-40.318780966E-03,-60.086996847E-03
+3.107500000E-03,+650.013969053E-03,-41.810615132E-03,-58.877826006E-03
+3.107505000E-03,+662.192046853E-03,-39.376569951E-03,-57.980841091E-03
+3.107510000E-03,+674.836519078E-03,-40.868404096E-03,-56.674936583E-03
+3.107515000E-03,+688.724709866E-03,-39.376569930E-03,-55.685614987E-03
+3.107520000E-03,+700.540036379E-03,-40.868404064E-03,-54.568780827E-03
+3.107525000E-03,+713.599081472E-03,-40.004710646E-03,-53.421167771E-03
+3.107530000E-03,+725.362586357E-03,-40.240263394E-03,-52.058102465E-03
+3.107535000E-03,+737.955236984E-03,-39.455087527E-03,-50.972047197E-03
+3.107540000E-03,+750.340601180E-03,-42.438755815E-03,-49.723303494E-03
+3.107545000E-03,+763.140538232E-03,-40.004710627E-03,-48.580087422E-03
+3.107550000E-03,+775.577724038E-03,-40.318780995E-03,-47.348931661E-03
+3.107555000E-03,+786.874834440E-03,-39.926193018E-03,-46.245288453E-03
+3.107560000E-03,+798.379231312E-03,-41.418027191E-03,-45.150439220E-03
+3.107565000E-03,+809.883628175E-03,-40.789886492E-03,-43.853328679E-03
+3.107570000E-03,+822.165349149E-03,-41.889132692E-03,-42.692524675E-03
+3.107575000E-03,+832.736957068E-03,-41.653579944E-03,-41.514132724E-03
+3.107580000E-03,+843.256743403E-03,-41.889132713E-03,-40.129082491E-03
+3.107585000E-03,+854.087459367E-03,-39.612122697E-03,-38.977072449E-03
+3.107590000E-03,+865.177283366E-03,-41.496544778E-03,-37.745916686E-03
+3.107595000E-03,+876.474393797E-03,-38.669911638E-03,-36.396042329E-03
+3.107600000E-03,+887.512396173E-03,-42.124685461E-03,-35.323178019E-03
+3.107605000E-03,+897.410323222E-03,-41.575062357E-03,-33.850188086E-03
+3.107610000E-03,+907.774644712E-03,-42.203203072E-03,-32.733353926E-03
+3.107615000E-03,+916.791604417E-03,-42.909861351E-03,-31.317524795E-03
+3.107620000E-03,+927.311390743E-03,-40.711368917E-03,-30.249057469E-03
+3.107625000E-03,+935.810134380E-03,-41.496544788E-03,-28.727700704E-03
+3.107630000E-03,+945.863526221E-03,-41.182474421E-03,-27.725188149E-03
+3.107635000E-03,+954.569556271E-03,-40.868404121E-03,-26.014761037E-03
+3.107640000E-03,+963.845624032E-03,-40.554333719E-03,-25.126570085E-03
+3.107645000E-03,+972.862583731E-03,-41.967650280E-03,-23.376570109E-03
+3.107650000E-03,+980.843111285E-03,-41.339509620E-03,-22.356469612E-03
+3.107655000E-03,+991.051967956E-03,-40.789886502E-03,-20.945037473E-03
+3.107660000E-03,+999.136138710E-03,-41.810615134E-03,-19.727072655E-03
+3.107665000E-03,+1.007842168782E+00,-40.554333728E-03,-18.364007349E-03
+3.107670000E-03,+1.015978161174E+00,-40.554333716E-03,-17.018529972E-03
+3.107675000E-03,+1.023647759068E+00,-41.653579972E-03,-15.844535012E-03
+3.107680000E-03,+1.031576465000E+00,-41.653579970E-03,-14.446293818E-03
+3.107685000E-03,+1.039608814180E+00,-40.397298566E-03,-13.171168207E-03
+3.107690000E-03,+1.046190158323E+00,-42.046167873E-03,-11.737751136E-03
+3.107695000E-03,+1.054326150692E+00,-41.103956863E-03,-10.594535066E-03
+3.107700000E-03,+1.061166602884E+00,-41.889132695E-03,-9.183102924E-03
+3.107705000E-03,+1.067696125423E+00,-40.554333734E-03,-7.973932078E-03
+3.107710000E-03,+1.075365723330E+00,-42.124685483E-03,-6.562499938E-03
+3.107715000E-03,+1.082568926793E+00,-39.298052347E-03,-5.326947182E-03
+3.107720000E-03,+1.089616665393E+00,-42.595791015E-03,-4.082600466E-03
+3.107725000E-03,+1.095938901501E+00,-41.732097541E-03,-2.653580377E-03
+3.107730000E-03,+1.102053851202E+00,-41.496544784E-03,-1.479585419E-03
+3.107735000E-03,+1.107598763193E+00,-41.732097553E-03,-90.138193E-06
+3.107740000E-03,+1.112314529485E+00,-42.124685472E-03,+1.132223600E-03
+3.107745000E-03,+1.118274014334E+00,-35.372173015E-03,+2.512876853E-03
+3.107750000E-03,+1.123093423842E+00,+1.248704433889E+00,+3.757223573E-03
+3.107755000E-03,+1.125943612258E+00,+2.552567497787E+00,+5.142273810E-03
+3.107760000E-03,+1.132006740308E+00,+2.552567497787E+00,+6.272298923E-03
+3.107765000E-03,+1.136100647320E+00,+2.552567497787E+00,+7.903580311E-03
+3.107770000E-03,+1.141127343242E+00,+2.552567497787E+00,+8.932474773E-03
+3.107775000E-03,+1.145739466309E+00,+2.552567497787E+00,+10.471419481E-03
+3.107780000E-03,+1.149470622037E+00,+2.552567497787E+00,+11.526695850E-03
+3.107785000E-03,+1.153253599410E+00,+2.552567497787E+00,+13.030464681E-03
+3.107790000E-03,+1.156466539058E+00,+2.552567497787E+00,+14.120916929E-03
+3.107795000E-03,+1.159990408380E+00,+2.552567497787E+00,+15.668655605E-03
+3.107800000E-03,+1.163617920898E+00,+2.552567497787E+00,+16.512876704E-03
+3.107805000E-03,+1.166934503773E+00,+2.552567497787E+00,+18.320037487E-03
+3.107810000E-03,+1.169266476117E+00,+2.552567497787E+00,+19.133479689E-03
+3.107815000E-03,+1.172168486123E+00,+2.552567497787E+00,+20.870288714E-03
+3.107820000E-03,+1.174241350430E+00,+2.552567497787E+00,+21.679333935E-03
+3.107825000E-03,+1.175640533833E+00,+2.552646015374E+00,+23.473303762E-03
+3.107830000E-03,+1.177817041338E+00,+2.552724532961E+00,+24.185615316E-03
+3.107835000E-03,+1.179941727264E+00,+2.552724532961E+00,+26.005967051E-03
+3.107840000E-03,+1.181289089066E+00,+2.552724532961E+00,+26.757851470E-03
+3.107845000E-03,+1.182947380501E+00,+2.552724532961E+00,+28.521042400E-03
+3.107850000E-03,+1.183517418181E+00,+2.552724532961E+00,+29.431218273E-03
+3.107855000E-03,+1.184812958375E+00,+2.552724532961E+00,+30.825062480E-03
+3.107860000E-03,+1.185901212114E+00,+2.552724532961E+00,+31.972675531E-03
+3.107865000E-03,+1.186730357828E+00,+2.552724532961E+00,+33.344534813E-03
+3.107870000E-03,+1.186471249815E+00,+2.552724532961E+00,+34.395414199E-03
+3.107875000E-03,+1.186782179441E+00,+2.552724532961E+00,+35.758479510E-03
+3.107880000E-03,+1.186574893035E+00,+2.552724532961E+00,+36.840137790E-03
+3.107885000E-03,+1.187196752319E+00,+2.552724532961E+00,+38.159233258E-03
+3.107890000E-03,+1.186212141771E+00,+2.552724532961E+00,+39.284861378E-03
+3.107895000E-03,+1.186523071418E+00,+2.552724532961E+00,+40.581971926E-03
+3.107900000E-03,+1.185020244812E+00,+2.552724532961E+00,+41.597675426E-03
+3.107905000E-03,+1.184087455873E+00,+2.552724532961E+00,+43.031092501E-03
+3.107910000E-03,+1.183672882993E+00,+2.552724532961E+00,+43.778579929E-03
+3.107915000E-03,+1.181651840306E+00,+2.552724532961E+00,+45.471419105E-03
+3.107920000E-03,+1.179786262458E+00,+2.552724532961E+00,+46.029836183E-03
+3.107925000E-03,+1.178179792624E+00,+2.552724532961E+00,+47.634735666E-03
+3.107930000E-03,+1.176003285092E+00,+2.552724532961E+00,+48.329459277E-03
+3.107935000E-03,+1.173101275098E+00,+2.552724532961E+00,+49.745288406E-03
+3.107940000E-03,+1.171080232398E+00,+2.552724532961E+00,+50.585112523E-03
+3.107945000E-03,+1.168489152004E+00,+2.552724532961E+00,+51.882223055E-03
+3.107950000E-03,+1.164861639501E+00,+2.552724532961E+00,+52.946293400E-03
+3.107955000E-03,+1.162166915917E+00,+2.552724532961E+00,+53.970790872E-03
+3.107960000E-03,+1.158280295347E+00,+2.552724532961E+00,+54.995288355E-03
+3.107965000E-03,+1.154808247658E+00,+2.552724532961E+00,+56.081343614E-03
+3.107970000E-03,+1.151491664759E+00,+2.552724532961E+00,+57.154207929E-03
+3.107975000E-03,+1.147553222596E+00,+2.552724532961E+00,+58.055589824E-03
+3.107980000E-03,+1.143407494006E+00,+2.552724532961E+00,+59.194408910E-03
+3.107985000E-03,+1.139158122191E+00,+2.552724532961E+00,+60.082599853E-03
+3.107990000E-03,+1.134131426261E+00,+2.552724532961E+00,+61.173052105E-03
+3.107995000E-03,+1.129208373560E+00,+2.552724532961E+00,+62.034861139E-03
+3.108000000E-03,+1.123352531928E+00,+2.552724532961E+00,+63.054961634E-03
+3.108005000E-03,+1.119465911351E+00,+2.552724532961E+00,+64.088253074E-03
+3.108010000E-03,+1.114542858640E+00,+2.552724532961E+00,+64.994031964E-03
+3.108015000E-03,+1.108376087339E+00,+2.552724532961E+00,+65.956971649E-03
+3.108020000E-03,+1.102675710535E+00,+2.552724532961E+00,+66.897926419E-03
+3.108025000E-03,+1.095887079953E+00,+2.552724532961E+00,+67.768529419E-03
+3.108030000E-03,+1.089357557427E+00,+2.552724532961E+00,+68.911745490E-03
+3.108035000E-03,+1.082568926825E+00,+2.552724532961E+00,+69.571293221E-03
+3.108040000E-03,+1.076713085189E+00,+2.552724532961E+00,+70.578202759E-03
+3.108045000E-03,+1.069820811393E+00,+2.552724532961E+00,+71.259735412E-03
+3.108050000E-03,+1.062099391876E+00,+2.552724532961E+00,+72.416142438E-03
+3.108055000E-03,+1.055569869323E+00,+2.552724532961E+00,+72.921795699E-03
+3.108060000E-03,+1.048522130717E+00,+2.552724532961E+00,+74.170539400E-03
+3.108065000E-03,+1.040748889599E+00,+2.552724532961E+00,+74.517901211E-03
+3.108070000E-03,+1.032405610794E+00,+2.552724532961E+00,+75.608353455E-03
+3.108075000E-03,+1.024736012864E+00,+2.552724532961E+00,+76.377825813E-03
+3.108080000E-03,+1.015252658716E+00,+2.552724532961E+00,+76.980212736E-03
+3.108085000E-03,+1.007427595978E+00,+2.552724532961E+00,+77.987122278E-03
+3.108090000E-03,+998.566101118E-03,+2.552724532961E+00,+78.435614733E-03
+3.108095000E-03,+990.015535888E-03,+2.552724532961E+00,+79.446921259E-03
+3.108100000E-03,+981.205862603E-03,+2.552724532961E+00,+79.750313214E-03
+3.108105000E-03,+972.810762189E-03,+2.552724532961E+00,+80.911117220E-03
+3.108110000E-03,+963.275586417E-03,+2.552724532961E+00,+81.157348376E-03
+3.108115000E-03,+953.792232230E-03,+2.552724532961E+00,+82.221418710E-03
+3.108120000E-03,+944.723450937E-03,+2.552724532961E+00,+82.529207657E-03
+3.108125000E-03,+935.032810339E-03,+2.552724532961E+00,+83.430589552E-03
+3.108130000E-03,+925.342169730E-03,+2.552724532961E+00,+83.936242820E-03
+3.108135000E-03,+914.977848234E-03,+2.552724532961E+00,+84.477071956E-03
+3.108140000E-03,+905.598137281E-03,+2.552724532961E+00,+85.237750345E-03
+3.108145000E-03,+895.648388647E-03,+2.552724532961E+00,+85.501569431E-03
+3.108150000E-03,+884.558564650E-03,+2.552724532961E+00,+86.534860885E-03
+3.108155000E-03,+874.038778334E-03,+2.552724532961E+00,+86.587624698E-03
+3.108160000E-03,+863.518991989E-03,+2.552724532961E+00,+87.506594538E-03
+3.108165000E-03,+852.791919246E-03,+2.552724532961E+00,+87.634107100E-03
+3.108170000E-03,+841.391165645E-03,+2.552724532961E+00,+88.544282968E-03
+3.108175000E-03,+830.249520016E-03,+2.552724532961E+00,+88.500313122E-03
+3.108180000E-03,+818.745123156E-03,+2.552724532961E+00,+89.524810596E-03
+3.108185000E-03,+807.240726297E-03,+2.552724532961E+00,+89.581971402E-03
+3.108190000E-03,+795.580864610E-03,+2.552724532961E+00,+90.294282951E-03
+3.108195000E-03,+784.594683794E-03,+2.552724532961E+00,+90.522926163E-03
+3.108200000E-03,+772.312962836E-03,+2.552724532961E+00,+91.112122138E-03
+3.108205000E-03,+760.912209193E-03,+2.552724532961E+00,+91.384735199E-03
+3.108210000E-03,+746.557623956E-03,+2.552724532961E+00,+92.000313082E-03
+3.108215000E-03,+735.156870287E-03,+2.552724532961E+00,+92.061870872E-03
+3.108220000E-03,+722.512398055E-03,+2.552724532961E+00,+92.712624632E-03
+3.108225000E-03,+710.904357972E-03,+2.552724532961E+00,+92.615890969E-03
+3.108230000E-03,+698.881745045E-03,+2.552724532961E+00,+93.398554273E-03
+3.108235000E-03,+686.081807975E-03,+2.552724532961E+00,+93.319408546E-03
+3.108240000E-03,+671.830865938E-03,+2.552724532961E+00,+93.785488942E-03
+3.108245000E-03,+658.512712809E-03,+2.552724532961E+00,+93.882222613E-03
+3.108250000E-03,+644.728165227E-03,+2.552724532961E+00,+94.194408537E-03
+3.108255000E-03,+632.342801015E-03,+2.552724532961E+00,+94.392272859E-03
+3.108260000E-03,+618.921004697E-03,+2.552724532961E+00,+94.572549237E-03
+3.108265000E-03,+605.861959598E-03,+2.552724532961E+00,+94.853956268E-03
+3.108270000E-03,+592.181055219E-03,+2.552724532961E+00,+94.805589439E-03
+3.108275000E-03,+579.173831735E-03,+2.552724532961E+00,+95.205715057E-03
+3.108280000E-03,+564.819246496E-03,+2.552724532961E+00,+95.021041699E-03
+3.108285000E-03,+551.501093361E-03,+2.552724532961E+00,+95.429961286E-03
+3.108290000E-03,+537.042864885E-03,+2.552724532961E+00,+95.315639686E-03
+3.108295000E-03,+521.392739419E-03,+2.552724532961E+00,+95.447549226E-03
+3.108300000E-03,+507.815478245E-03,+2.552724532961E+00,+95.645413554E-03
+3.108305000E-03,+493.823644234E-03,+2.552724532961E+00,+95.434358269E-03
+3.108310000E-03,+479.469058951E-03,+2.552724532961E+00,+95.816895963E-03
+3.108315000E-03,+465.943619384E-03,+2.552724532961E+00,+95.390388423E-03
+3.108320000E-03,+450.500780368E-03,+2.552724532961E+00,+95.948805507E-03
+3.108325000E-03,+436.612589553E-03,+2.552724532961E+00,+95.320036670E-03
+3.108330000E-03,+421.843431439E-03,+2.552724532961E+00,+95.891644701E-03
+3.108335000E-03,+407.177916516E-03,+2.552724532961E+00,+95.306845715E-03
+3.108340000E-03,+392.823331264E-03,+2.552724532961E+00,+95.843277864E-03
+3.108345000E-03,+377.276849026E-03,+2.552724532961E+00,+95.113378382E-03
+3.108350000E-03,+362.144939625E-03,+2.552724532961E+00,+95.566267817E-03
+3.108355000E-03,+346.442992551E-03,+2.552724532961E+00,+94.999056776E-03
+3.108360000E-03,+330.844688718E-03,+2.552724532961E+00,+95.139760285E-03
+3.108365000E-03,+316.230995407E-03,+2.552724532961E+00,+94.748428640E-03
+3.108370000E-03,+301.772766890E-03,+2.552724532961E+00,+94.801192450E-03
+3.108375000E-03,+286.485392674E-03,+2.552724532961E+00,+94.414257786E-03
+3.108380000E-03,+269.954299910E-03,+2.552724532961E+00,+94.480212553E-03
+3.108385000E-03,+255.133320154E-03,+2.552724532961E+00,+93.956971359E-03
+3.108390000E-03,+238.964978635E-03,+2.552724532961E+00,+93.917398494E-03
+3.108395000E-03,+223.003923525E-03,+2.552724532961E+00,+93.473303021E-03
+3.108400000E-03,+207.612906111E-03,+2.552724532961E+00,+93.451318094E-03
+3.108405000E-03,+192.118245473E-03,+2.552724532961E+00,+92.945664838E-03
+3.108410000E-03,+176.571763227E-03,+2.552724532961E+00,+92.862122119E-03
+3.108415000E-03,+161.439853828E-03,+2.552724532961E+00,+92.325689973E-03
+3.108420000E-03,+145.012404245E-03,+2.552724532961E+00,+92.123428661E-03
+3.108425000E-03,+128.429489872E-03,+2.552724532961E+00,+91.767272891E-03
+3.108430000E-03,+112.364791555E-03,+2.552724532961E+00,+91.283604551E-03
+3.108435000E-03,+97.025595726E-03,+2.552724532961E+00,+91.125313096E-03
+3.108440000E-03,+81.271827070E-03,+2.552724532961E+00,+90.364634712E-03
+3.108445000E-03,+65.984452879E-03,+2.552724532961E+00,+90.391016624E-03
+3.108450000E-03,+50.437970602E-03,+2.552724532961E+00,+89.397298039E-03
+3.108455000E-03,+34.736023522E-03,+2.552724532961E+00,+89.485237735E-03
+3.108460000E-03,+19.085898062E-03,+2.552724532961E+00,+88.539885992E-03
+3.108465000E-03,+2.813913331E-03,+2.552724532961E+00,+88.447549303E-03
+3.108470000E-03,-11.955244832E-03,+2.552724532961E+00,+87.713252834E-03
+3.108475000E-03,-28.019943111E-03,+2.552724532961E+00,+87.238378464E-03
+3.108480000E-03,-42.685458036E-03,+2.552724532961E+00,+86.719534252E-03
+3.108485000E-03,-57.765545821E-03,+2.552724532961E+00,+85.958855867E-03
+3.108490000E-03,-73.985708974E-03,+2.552724532961E+00,+85.853328230E-03
+3.108495000E-03,-90.361336920E-03,+2.552724532961E+00,+84.630966438E-03
+3.108500000E-03,-106.011462394E-03,+2.552724532961E+00,+84.701318187E-03
+3.108505000E-03,-122.646198379E-03,+2.552724532961E+00,+83.443780521E-03
+3.108510000E-03,-138.296323859E-03,+2.552724532961E+00,+83.483353376E-03
+3.108515000E-03,-154.309200558E-03,+2.552724532961E+00,+82.221418727E-03
+3.108520000E-03,-168.767429071E-03,+2.552724532961E+00,+82.076318212E-03
+3.108525000E-03,-185.661273119E-03,+2.552724532961E+00,+80.990262965E-03
+3.108530000E-03,-200.482252834E-03,+2.552724532961E+00,+80.576946368E-03
+3.108535000E-03,-214.733194911E-03,+2.552724532961E+00,+79.728328305E-03
+3.108540000E-03,-231.782503747E-03,+2.552724532961E+00,+79.121544377E-03
+3.108545000E-03,-248.209953341E-03,+2.552724532961E+00,+78.409232837E-03
+3.108550000E-03,-262.927289867E-03,+2.552724532961E+00,+77.521041886E-03
+3.108555000E-03,-278.266485693E-03,+2.552724532961E+00,+76.918654961E-03
+3.108560000E-03,-294.123897550E-03,+2.552724532961E+00,+75.986494163E-03
+3.108565000E-03,-309.774023037E-03,+2.552724532961E+00,+75.340137388E-03
+3.108570000E-03,-325.165040453E-03,+2.552724532961E+00,+74.491519304E-03
+3.108575000E-03,-340.918809075E-03,+2.552724532961E+00,+73.546167560E-03
+3.108580000E-03,-355.739788851E-03,+2.552724532961E+00,+72.864634904E-03
+3.108585000E-03,-370.353482165E-03,+2.552724532961E+00,+71.985237926E-03
+3.108590000E-03,-386.107250830E-03,+2.552724532961E+00,+71.123428893E-03
+3.108595000E-03,-400.461836135E-03,+2.552724532961E+00,+70.248428899E-03
+3.108600000E-03,-415.697388714E-03,+2.552724532961E+00,+69.307474137E-03
+3.108605000E-03,-430.829298111E-03,+2.552724532961E+00,+68.450062088E-03
+3.108610000E-03,-447.204926069E-03,+2.552724532961E+00,+67.451946515E-03
+3.108615000E-03,-461.093116894E-03,+2.552724532961E+00,+66.682474165E-03
+3.108620000E-03,-476.017739836E-03,+2.552724532961E+00,+65.389760614E-03
+3.108625000E-03,-489.232249764E-03,+2.552724532961E+00,+64.804961622E-03
+3.108630000E-03,-504.364159146E-03,+2.552724532961E+00,+63.490263143E-03
+3.108635000E-03,-519.133317276E-03,+2.552724532961E+00,+62.989006866E-03
+3.108640000E-03,-532.710578438E-03,+2.552724532961E+00,+61.559986784E-03
+3.108645000E-03,-545.614158711E-03,+2.552724532961E+00,+61.036745578E-03
+3.108650000E-03,-560.279673624E-03,+2.552724532961E+00,+59.752826001E-03
+3.108655000E-03,-574.686080487E-03,+2.552724532961E+00,+58.820665203E-03
+3.108660000E-03,-587.952412026E-03,+2.552724532961E+00,+57.747800896E-03
+3.108665000E-03,-601.892424427E-03,+2.552724532961E+00,+56.578202915E-03
+3.108670000E-03,-615.106934339E-03,+2.552724532961E+00,+55.887876291E-03
+3.108675000E-03,-629.616984420E-03,+2.552724532961E+00,+54.410489372E-03
+3.108680000E-03,-642.313278260E-03,+2.552724532961E+00,+53.750941643E-03
+3.108685000E-03,-655.890539417E-03,+2.552724532961E+00,+52.247172814E-03
+3.108690000E-03,-669.208692561E-03,+2.552724532961E+00,+51.671167791E-03
+3.108695000E-03,-681.386770334E-03,+2.552724532961E+00,+50.114635154E-03
+3.108700000E-03,-694.808566662E-03,+2.552724532961E+00,+49.424308518E-03
+3.108705000E-03,-708.644935827E-03,+2.552724532961E+00,+48.008479395E-03
+3.108710000E-03,-720.926656803E-03,+2.552724532961E+00,+47.129082412E-03
+3.108715000E-03,-734.607561192E-03,+2.552724532961E+00,+45.919911579E-03
+3.108720000E-03,-746.785638964E-03,+2.552724532961E+00,+44.666770882E-03
+3.108725000E-03,-758.341857453E-03,+2.552724532961E+00,+43.686243260E-03
+3.108730000E-03,-771.400902519E-03,+2.552724532961E+00,+42.331971911E-03
+3.108735000E-03,-783.527158672E-03,+2.552724532961E+00,+41.386620168E-03
+3.108740000E-03,-794.461517859E-03,+2.552724532961E+00,+39.931218171E-03
+3.108745000E-03,-807.313276512E-03,+2.552724532961E+00,+39.038630239E-03
+3.108750000E-03,-818.454922115E-03,+2.552724532961E+00,+37.499685535E-03
+3.108755000E-03,-829.337459693E-03,+2.552724532961E+00,+36.576318708E-03
+3.108760000E-03,-841.981931915E-03,+2.552724532961E+00,+35.160489584E-03
+3.108765000E-03,-852.294431825E-03,+2.552724532961E+00,+34.135992102E-03
+3.108770000E-03,-863.591542246E-03,+2.552724532961E+00,+32.869660459E-03
+3.108775000E-03,-873.696755732E-03,+2.552724532961E+00,+31.515389114E-03
+3.108780000E-03,-885.149330954E-03,+2.552724532961E+00,+30.451318777E-03
+3.108785000E-03,-896.290976586E-03,+2.552724532961E+00,+29.013504719E-03
+3.108790000E-03,-907.225335737E-03,+2.552724532961E+00,+27.949434383E-03
+3.108795000E-03,-917.071441187E-03,+2.552724532961E+00,+26.573178111E-03
+3.108800000E-03,-927.435762697E-03,+2.552724532961E+00,+25.368404260E-03
+3.108805000E-03,-938.577408278E-03,+2.552724532961E+00,+24.071293717E-03
+3.108810000E-03,-947.853476024E-03,+2.552724532961E+00,+22.875313831E-03
+3.108815000E-03,-958.580548775E-03,+2.552724532961E+00,+21.463881685E-03
+3.108820000E-03,-967.493865262E-03,+2.552724532961E+00,+20.267901801E-03
+3.108825000E-03,-976.821754608E-03,+2.552724532961E+00,+18.909233474E-03
+3.108830000E-03,-985.372319850E-03,+2.552724532961E+00,+17.792399314E-03
+3.108835000E-03,-996.099392600E-03,+2.552724532961E+00,+16.438127968E-03
+3.108840000E-03,-1.003613525694E+00,+2.552724532961E+00,+15.088253612E-03
+3.108845000E-03,-1.013200523077E+00,+2.552724532961E+00,+13.852700864E-03
+3.108850000E-03,-1.022113839524E+00,+2.552724532961E+00,+12.599560171E-03
+3.108855000E-03,-1.030198010288E+00,+2.552724532961E+00,+11.232097879E-03
+3.108860000E-03,-1.037971251455E+00,+2.552724532961E+00,+9.939384321E-03
+3.108865000E-03,-1.047091854317E+00,+2.552724532961E+00,+8.690640620E-03
+3.108870000E-03,-1.055694241194E+00,+2.552724532961E+00,+7.318781334E-03
+3.108875000E-03,-1.063260195877E+00,+2.552724532961E+00,+6.162374317E-03
+3.108880000E-03,-1.070515220938E+00,+2.552724532961E+00,+4.561871816E-03
+3.108885000E-03,-1.077977532445E+00,+2.552724532961E+00,+3.546168314E-03
+3.108890000E-03,-1.084973449428E+00,+2.552724532961E+00,+1.976444709E-03
+3.108895000E-03,-1.091502971985E+00,+2.552724532961E+00,+1.004711053E-03
+3.108900000E-03,-1.098498888995E+00,+2.552724532961E+00,-626.570339E-06
+3.108905000E-03,-1.105598449234E+00,+2.552724532961E+00,-1.607097964E-03
+3.108910000E-03,-1.110573323545E+00,+2.552724532961E+00,-3.260364275E-03
+3.108915000E-03,-1.117569240552E+00,+2.552724532961E+00,-4.144158242E-03
+3.108920000E-03,-1.124046941495E+00,+2.552724532961E+00,-5.911746157E-03
+3.108925000E-03,-1.129695496688E+00,+2.552724532961E+00,-6.874685850E-03
+3.108930000E-03,-1.134411262988E+00,+2.552724532961E+00,-8.435615473E-03
+3.108935000E-03,-1.140111639829E+00,+2.552724532961E+00,-9.741519991E-03
+3.108940000E-03,-1.145449265379E+00,+2.552724532961E+00,-10.911117964E-03
+3.108945000E-03,-1.150424139685E+00,+2.552724532961E+00,-12.353329013E-03
+3.108950000E-03,-1.156020873309E+00,+2.549976417517E+00,-13.461369193E-03
+3.108955000E-03,-1.160373888352E+00,+553.038639116E-03,-15.057474710E-03
+3.108960000E-03,-1.163897757673E+00,-170.186869846E-03,-15.906092786E-03
+3.108965000E-03,-1.168976275196E+00,-171.992774818E-03,-17.620916888E-03
+3.108970000E-03,-1.173847506274E+00,+137.916139280E-03,-18.588253562E-03
+3.108975000E-03,-1.178045056500E+00,+43.852074425E-03,-20.303077663E-03
+3.108980000E-03,-1.181465282600E+00,-79.577574695E-03,-21.191268613E-03
+3.108985000E-03,-1.185507367958E+00,-90.020413333E-03,-22.919283661E-03
+3.108990000E-03,-1.188461199623E+00,-60.105213585E-03,-23.948178131E-03
+3.108995000E-03,-1.192192355328E+00,-25.478956797E-03,-25.372801228E-03
+3.109000000E-03,-1.195405295018E+00,-54.294911569E-03,-26.713881616E-03
+3.109005000E-03,-1.197685445743E+00,-50.290514395E-03,-27.896670546E-03
+3.109010000E-03,-1.200380169338E+00,-59.712625031E-03,-29.198178075E-03
+3.109015000E-03,-1.201468423079E+00,-46.364635182E-03,-30.521670518E-03
+3.109020000E-03,-1.204111325073E+00,-55.001569769E-03,-31.744032316E-03
+3.109025000E-03,-1.205821438124E+00,-49.426821048E-03,-33.085112703E-03
+3.109030000E-03,-1.206857870268E+00,-52.489006966E-03,-34.219534803E-03
+3.109035000E-03,-1.209604415466E+00,-47.856469352E-03,-35.622172977E-03
+3.109040000E-03,-1.210899955660E+00,-48.563127633E-03,-36.760992065E-03
+3.109045000E-03,-1.211366350139E+00,-46.992775894E-03,-38.124057370E-03
+3.109050000E-03,-1.212040031048E+00,-49.505338623E-03,-39.293655352E-03
+3.109055000E-03,-1.213024641554E+00,-47.071293444E-03,-40.599559855E-03
+3.109060000E-03,-1.213905608918E+00,-49.662373849E-03,-41.720791009E-03
+3.109065000E-03,-1.215252970654E+00,-48.641645192E-03,-42.956343750E-03
+3.109070000E-03,-1.214112895342E+00,-48.249057251E-03,-44.284233189E-03
+3.109075000E-03,-1.214268360156E+00,-47.620916566E-03,-45.273554782E-03
+3.109080000E-03,-1.214216538559E+00,-49.034233134E-03,-46.720162813E-03
+3.109085000E-03,-1.213491036056E+00,-45.893529675E-03,-47.612750732E-03
+3.109090000E-03,-1.213231928039E+00,-46.286117570E-03,-49.142901478E-03
+3.109095000E-03,-1.212040031040E+00,-45.579459345E-03,-49.934358753E-03
+3.109100000E-03,-1.211677279790E+00,-46.364635207E-03,-51.438127580E-03
+3.109105000E-03,-1.210537204430E+00,-46.364635222E-03,-52.352700438E-03
+3.109110000E-03,-1.209138021017E+00,-48.955715525E-03,-53.720162733E-03
+3.109115000E-03,-1.208567983339E+00,-45.579459339E-03,-54.661117502E-03
+3.109120000E-03,-1.206598762253E+00,-47.542399022E-03,-55.936243109E-03
+3.109125000E-03,-1.204214968310E+00,-44.166142780E-03,-57.004710438E-03
+3.109130000E-03,-1.202660320088E+00,-48.092022039E-03,-57.950062187E-03
+3.109135000E-03,-1.199706488461E+00,-43.773554804E-03,-59.295539561E-03
+3.109140000E-03,-1.197322694527E+00,-47.149811040E-03,-60.078202869E-03
+3.109145000E-03,-1.194524327723E+00,-43.459484462E-03,-61.639132500E-03
+3.109150000E-03,-1.190741350381E+00,-45.893529659E-03,-62.232725460E-03
+3.109155000E-03,-1.187735697149E+00,-42.909861393E-03,-63.745288253E-03
+3.109160000E-03,-1.184367292650E+00,-45.186871413E-03,-64.470790759E-03
+3.109165000E-03,-1.179962456047E+00,-44.087625153E-03,-65.864634962E-03
+3.109170000E-03,-1.176956802794E+00,-44.087625147E-03,-66.603328428E-03
+3.109175000E-03,-1.171878285267E+00,-44.480213076E-03,-67.878454036E-03
+3.109180000E-03,-1.169339026481E+00,-45.029836229E-03,-68.581971625E-03
+3.109185000E-03,-1.164415973770E+00,-45.186871388E-03,-69.751569597E-03
+3.109190000E-03,-1.160581174822E+00,-45.500941758E-03,-70.582599742E-03
+3.109195000E-03,-1.155969051790E+00,-44.401695498E-03,-71.695036915E-03
+3.109200000E-03,-1.151253285465E+00,-44.637248259E-03,-72.512876102E-03
+3.109205000E-03,-1.146226589555E+00,-44.480213060E-03,-73.541770565E-03
+3.109210000E-03,-1.142029039349E+00,-44.637248275E-03,-74.407976588E-03
+3.109215000E-03,-1.136328662522E+00,-44.166142743E-03,-75.546795666E-03
+3.109220000E-03,-1.129850961603E+00,-44.951318620E-03,-76.241519280E-03
+3.109225000E-03,-1.123839655139E+00,-43.380966872E-03,-77.283604693E-03
+3.109230000E-03,-1.117102846172E+00,-44.951318573E-03,-78.079458960E-03
+3.109235000E-03,-1.110936074862E+00,-42.438755894E-03,-78.985237844E-03
+3.109240000E-03,-1.104769303572E+00,-44.087625146E-03,-79.921795623E-03
+3.109245000E-03,-1.097358813716E+00,-42.909861401E-03,-80.634107168E-03
+3.109250000E-03,-1.090932934382E+00,-43.380966878E-03,-81.698177516E-03
+3.109255000E-03,-1.084714341475E+00,-42.752826236E-03,-82.208227754E-03
+3.109260000E-03,-1.076578349140E+00,-44.558730685E-03,-83.430589554E-03
+3.109265000E-03,-1.069841540152E+00,-43.852072385E-03,-83.817524222E-03
+3.109270000E-03,-1.061809190999E+00,-44.166142743E-03,-85.163001594E-03
+3.109275000E-03,-1.055642419663E+00,-42.674308588E-03,-85.360865918E-03
+3.109280000E-03,-1.046884568024E+00,-44.323177901E-03,-86.776695040E-03
+3.109285000E-03,-1.039836829397E+00,-42.988378924E-03,-86.891016655E-03
+3.109290000E-03,-1.030353475217E+00,-43.302449301E-03,-88.078202566E-03
+3.109295000E-03,-1.021854731617E+00,-41.967650308E-03,-88.478328197E-03
+3.109300000E-03,-1.012319555883E+00,-42.360238262E-03,-89.401695013E-03
+3.109305000E-03,-1.004287206682E+00,-41.889132733E-03,-90.004081948E-03
+3.109310000E-03,-994.181993250E-03,-43.302449288E-03,-90.562499025E-03
+3.109315000E-03,-985.735071202E-03,-40.397298566E-03,-91.305589475E-03
+3.109320000E-03,-977.702722014E-03,-43.066896507E-03,-91.771669868E-03
+3.109325000E-03,-966.612898032E-03,-41.732097523E-03,-92.576318101E-03
+3.109330000E-03,-957.492295087E-03,-42.674308591E-03,-93.042398496E-03
+3.109335000E-03,-947.749832933E-03,-41.810615133E-03,-93.759107034E-03
+3.109340000E-03,-937.437333029E-03,-42.360238214E-03,-94.176820599E-03
+3.109345000E-03,-926.399330660E-03,-40.711368894E-03,-94.801192446E-03
+3.109350000E-03,-916.605046798E-03,-40.711368917E-03,-95.407976361E-03
+3.109355000E-03,-905.722509274E-03,-39.533605130E-03,-95.764132139E-03
+3.109360000E-03,-895.202722955E-03,-39.612122741E-03,-96.608353231E-03
+3.109365000E-03,-883.024645178E-03,-40.475816143E-03,-96.727071824E-03
+3.109370000E-03,-873.230361357E-03,-42.203203036E-03,-97.584483876E-03
+3.109375000E-03,-862.917861455E-03,-41.103956892E-03,-97.690011516E-03
+3.109380000E-03,-852.449896758E-03,-41.653579926E-03,-98.547423565E-03
+3.109385000E-03,-840.945499905E-03,-40.240263391E-03,-98.701318039E-03
+3.109390000E-03,-829.337459815E-03,-40.711368884E-03,-99.347674810E-03
+3.109395000E-03,-817.833062980E-03,-40.554333687E-03,-99.567524059E-03
+3.109400000E-03,-805.965914818E-03,-43.066896481E-03,-100.174307967E-03
+3.109405000E-03,-793.425085839E-03,-41.653579959E-03,-100.402951185E-03
+3.109410000E-03,-781.350651280E-03,-42.517273344E-03,-100.706343142E-03
+3.109415000E-03,-768.343427825E-03,-40.475816153E-03,-101.062498916E-03
+3.109420000E-03,-755.698955603E-03,-42.360238233E-03,-101.401066750E-03
+3.109425000E-03,-743.209948175E-03,-41.025439242E-03,-101.695664738E-03
+3.109430000E-03,-731.135513631E-03,-40.397298536E-03,-102.025438605E-03
+3.109435000E-03,-717.817360543E-03,-40.240263368E-03,-102.210111970E-03
+3.109440000E-03,-705.742925953E-03,-41.182474410E-03,-102.605840608E-03
+3.109445000E-03,-693.046632163E-03,-40.004710664E-03,-102.636619499E-03
+3.109450000E-03,-679.676657412E-03,-41.653579949E-03,-103.120287838E-03
+3.109455000E-03,-666.669433933E-03,-41.260992024E-03,-103.102699897E-03
+3.109460000E-03,-653.921318503E-03,-40.083228247E-03,-103.450061703E-03
+3.109465000E-03,-639.929484469E-03,-39.612122698E-03,-103.463252659E-03
+3.109470000E-03,-626.714974574E-03,-41.103956843E-03,-103.819408433E-03
+3.109475000E-03,-612.567675719E-03,-39.926193016E-03,-103.836996373E-03
+3.109480000E-03,-598.886771337E-03,-39.612122698E-03,-104.048051648E-03
+3.109485000E-03,-584.998580524E-03,-40.632851327E-03,-104.092021493E-03
+3.109490000E-03,-570.954924922E-03,-40.711368955E-03,-104.149182301E-03
+3.109495000E-03,-556.548518033E-03,-41.025439262E-03,-104.316267725E-03
+3.109500000E-03,-543.334008133E-03,-40.083228183E-03,-104.166770244E-03
+3.109505000E-03,-529.342174112E-03,-39.612122722E-03,-104.395413451E-03
+3.109510000E-03,-516.283129037E-03,-41.496544748E-03,-104.289885818E-03
+3.109515000E-03,-501.047576457E-03,-40.711368887E-03,-104.219534057E-03
+3.109520000E-03,-486.330239902E-03,-41.103956863E-03,-104.311870747E-03
+3.109525000E-03,-472.027476243E-03,-40.004710630E-03,-104.179961193E-03
+3.109530000E-03,-457.413782919E-03,-41.339509597E-03,-104.303076779E-03
+3.109535000E-03,-442.851911195E-03,-40.004710654E-03,-104.061242600E-03
+3.109540000E-03,-427.149964199E-03,-40.004710617E-03,-104.144785321E-03
+3.109545000E-03,-411.499838728E-03,-39.926193067E-03,-103.867775265E-03
+3.109550000E-03,-397.974399129E-03,-41.025439228E-03,-104.056845622E-03
+3.109555000E-03,-383.308884233E-03,-40.632851296E-03,-103.485237590E-03
+3.109560000E-03,-367.036899497E-03,-40.789886532E-03,-103.788629541E-03
+3.109565000E-03,-351.334952395E-03,-40.004710613E-03,-103.278579297E-03
+3.109570000E-03,-335.373897314E-03,-41.810615147E-03,-103.428076782E-03
+3.109575000E-03,-319.361020606E-03,-40.240263357E-03,-103.023554174E-03
+3.109580000E-03,-304.799148908E-03,-40.711368924E-03,-102.931217488E-03
+3.109585000E-03,-289.097201824E-03,-38.748429285E-03,-102.544282823E-03
+3.109590000E-03,-273.654362757E-03,-40.632851303E-03,-102.407976290E-03
+3.109595000E-03,-258.211523760E-03,-39.533605052E-03,-102.003453688E-03
+3.109600000E-03,-241.576787769E-03,-41.653579946E-03,-101.933101919E-03
+3.109605000E-03,-225.926662268E-03,-39.455087514E-03,-101.458227561E-03
+3.109610000E-03,-210.328358454E-03,-40.554333733E-03,-101.304333087E-03
+3.109615000E-03,-196.491989212E-03,-39.062499609E-03,-100.803076819E-03
+3.109620000E-03,-179.701788428E-03,-40.240263447E-03,-100.614006456E-03
+3.109625000E-03,-165.088095090E-03,-38.198806124E-03,-100.112750193E-03
+3.109630000E-03,-148.194251095E-03,-40.946921686E-03,-99.800564255E-03
+3.109635000E-03,-132.544125619E-03,-39.769157872E-03,-99.338880854E-03
+3.109640000E-03,-115.753924838E-03,-41.575062376E-03,-99.044282855E-03
+3.109645000E-03,-99.637404862E-03,-41.496544782E-03,-98.578202469E-03
+3.109650000E-03,-85.334641196E-03,-39.612122667E-03,-98.028579352E-03
+3.109655000E-03,-70.461839829E-03,-40.632851317E-03,-97.764760265E-03
+3.109660000E-03,-54.915357607E-03,-40.083228196E-03,-96.990890922E-03
+3.109665000E-03,-39.161588934E-03,-39.533605101E-03,-96.836996454E-03
+3.109670000E-03,-24.133322749E-03,-41.810615105E-03,-95.944408524E-03
+3.109675000E-03,-7.757694793E-03,-40.554333782E-03,-95.830086915E-03
+3.109680000E-03,+8.099717062E-03,-40.554333701E-03,-94.889132157E-03
+3.109685000E-03,+23.957128992E-03,-40.318781010E-03,-94.704458784E-03
+3.109690000E-03,+39.866362471E-03,-39.298052325E-03,-93.754710060E-03
+3.109695000E-03,+54.739163826E-03,-39.769157890E-03,-93.512875880E-03
+3.109700000E-03,+71.995759107E-03,-40.240263388E-03,-92.659860824E-03
+3.109705000E-03,+87.853171012E-03,-38.120288536E-03,-92.268529162E-03
+3.109710000E-03,+103.399653259E-03,-41.967650329E-03,-91.415514109E-03
+3.109715000E-03,+119.101600358E-03,-40.318780965E-03,-90.808730187E-03
+3.109720000E-03,+134.959012229E-03,-41.732097543E-03,-90.254710097E-03
+3.109725000E-03,+152.371072300E-03,-39.219534735E-03,-89.546795525E-03
+3.109730000E-03,+167.140230491E-03,-41.025439263E-03,-88.900438752E-03
+3.109735000E-03,+182.842177538E-03,-39.376569926E-03,-88.183730216E-03
+3.109740000E-03,+197.766800489E-03,-41.732097536E-03,-87.462624694E-03
+3.109745000E-03,+213.831498831E-03,-38.669911660E-03,-86.745916163E-03
+3.109750000E-03,+230.518056424E-03,-41.103956785E-03,-85.941267929E-03
+3.109755000E-03,+244.768998461E-03,-40.632851302E-03,-85.272926232E-03
+3.109760000E-03,+260.108194307E-03,-39.690640268E-03,-84.503453868E-03
+3.109765000E-03,+276.276535869E-03,-40.161745762E-03,-83.773554390E-03
+3.109770000E-03,+292.393055780E-03,-41.025439223E-03,-82.766644844E-03
+3.109775000E-03,+308.198646063E-03,-41.025439263E-03,-82.225815712E-03
+3.109780000E-03,+322.967804172E-03,-40.632851331E-03,-81.016644864E-03
+3.109785000E-03,+338.669751247E-03,-40.318780936E-03,-80.532976534E-03
+3.109790000E-03,+353.698017435E-03,-41.260992031E-03,-79.328202673E-03
+3.109795000E-03,+367.741673053E-03,-38.826946856E-03,-78.756594643E-03
+3.109800000E-03,+383.080868886E-03,-41.025439284E-03,-77.622172539E-03
+3.109805000E-03,+398.057313470E-03,-41.025439255E-03,-76.936242900E-03
+3.109810000E-03,+413.862903729E-03,-41.732097529E-03,-75.762247941E-03
+3.109815000E-03,+428.269310612E-03,-39.612122738E-03,-75.093906238E-03
+3.109820000E-03,+443.193933549E-03,-41.889132692E-03,-73.994660017E-03
+3.109825000E-03,+458.377664547E-03,-39.769157884E-03,-73.093278119E-03
+3.109830000E-03,+472.680428208E-03,-41.339509644E-03,-72.103956520E-03
+3.109835000E-03,+486.361332601E-03,-40.083228265E-03,-71.215765578E-03
+3.109840000E-03,+500.456809851E-03,-40.554333700E-03,-70.353956540E-03
+3.109845000E-03,+515.536897547E-03,-39.926193062E-03,-69.311871124E-03
+3.109850000E-03,+529.632374831E-03,-42.203203062E-03,-68.366519379E-03
+3.109855000E-03,+543.157814399E-03,-41.103956850E-03,-67.355212852E-03
+3.109860000E-03,+556.735075572E-03,-41.339509644E-03,-66.264760606E-03
+3.109865000E-03,+571.452412055E-03,-41.418027173E-03,-65.227072173E-03
+3.109870000E-03,+585.185138062E-03,-40.475816164E-03,-64.158604847E-03
+3.109875000E-03,+598.606934406E-03,-39.533605108E-03,-63.006594811E-03
+3.109880000E-03,+611.925087549E-03,-40.868404125E-03,-62.043655124E-03
+3.109885000E-03,+625.450527051E-03,-39.690640249E-03,-60.781720461E-03
+3.109890000E-03,+638.768680216E-03,-40.554333703E-03,-59.963881278E-03
+3.109895000E-03,+651.102222805E-03,-41.025439248E-03,-58.688755658E-03
+3.109900000E-03,+665.042235194E-03,-41.653579923E-03,-57.831343612E-03
+3.109905000E-03,+676.494810460E-03,-40.632851301E-03,-56.481469250E-03
+3.109910000E-03,+689.035639486E-03,-39.926193077E-03,-55.729584836E-03
+3.109915000E-03,+702.353792595E-03,-40.083228192E-03,-54.111494404E-03
+3.109920000E-03,+714.635513562E-03,-40.789886494E-03,-53.368403958E-03
+3.109925000E-03,+727.020877780E-03,-41.025439241E-03,-51.781092419E-03
+3.109930000E-03,+738.939847440E-03,-42.438755749E-03,-50.826946702E-03
+3.109935000E-03,+751.377033315E-03,-40.632851320E-03,-49.578202997E-03
+3.109940000E-03,+764.487899984E-03,-41.182474482E-03,-48.338253259E-03
+3.109945000E-03,+775.733188781E-03,-39.926193043E-03,-47.331343725E-03
+3.109950000E-03,+787.393050480E-03,-41.103956850E-03,-45.902323635E-03
+3.109955000E-03,+799.208376996E-03,-40.083228203E-03,-45.080087467E-03
+3.109960000E-03,+810.868238653E-03,-40.083228214E-03,-43.514760849E-03
+3.109965000E-03,+822.424457118E-03,-41.025439244E-03,-42.771670402E-03
+3.109970000E-03,+833.980675619E-03,-41.103956846E-03,-40.889760882E-03
+3.109975000E-03,+844.863213173E-03,-39.612122688E-03,-40.260992037E-03
+3.109980000E-03,+855.175713075E-03,-40.318780975E-03,-38.453831262E-03
+3.109985000E-03,+866.213715452E-03,-38.355841301E-03,-37.776695578E-03
+3.109990000E-03,+877.666290733E-03,-39.455087483E-03,-36.075062442E-03
+3.109995000E-03,+888.445185125E-03,-39.847675460E-03,-35.116519727E-03
+3.110000000E-03,+898.343112130E-03,-42.046167861E-03,-33.705087594E-03
+3.110005000E-03,+908.085574339E-03,-40.711368952E-03,-32.504710711E-03
+3.110010000E-03,+918.605360641E-03,-44.087625133E-03,-31.251570027E-03
+3.110015000E-03,+928.088714804E-03,-39.769157835E-03,-29.954459485E-03
+3.110020000E-03,+937.675712218E-03,-42.674308603E-03,-28.670539907E-03
+3.110025000E-03,+947.884568845E-03,-39.847675464E-03,-27.355841422E-03
+3.110030000E-03,+956.694242173E-03,-41.575062410E-03,-26.076318825E-03
+3.110035000E-03,+966.177596327E-03,-41.025439252E-03,-24.686871603E-03
+3.110040000E-03,+974.987269597E-03,-41.810615153E-03,-23.499685686E-03
+3.110045000E-03,+983.900586060E-03,-41.103956842E-03,-22.004710828E-03
+3.110050000E-03,+992.917545782E-03,-41.575062369E-03,-20.839509838E-03
+3.110055000E-03,+1.001468111019E+00,-41.732097524E-03,-19.445665625E-03
+3.110060000E-03,+1.009915033017E+00,-41.653579983E-03,-18.333228459E-03
+3.110065000E-03,+1.017791917372E+00,-39.926193032E-03,-16.671168173E-03
+3.110070000E-03,+1.024995120825E+00,-41.182474456E-03,-15.774183258E-03
+3.110075000E-03,+1.033597507660E+00,-39.612122726E-03,-14.032977246E-03
+3.110080000E-03,+1.040489781486E+00,-41.418027198E-03,-13.285489820E-03
+3.110085000E-03,+1.048107557773E+00,-42.124685505E-03,-11.302449637E-03
+3.110090000E-03,+1.056088085313E+00,-40.632851324E-03,-10.695665723E-03
+3.110095000E-03,+1.063187645559E+00,-42.281720630E-03,-8.791771269E-03
+3.110100000E-03,+1.070960886654E+00,-40.554333737E-03,-7.929962233E-03
+3.110105000E-03,+1.077024014765E+00,-41.025439248E-03,-6.254711001E-03
+3.110110000E-03,+1.083346250891E+00,-42.046167841E-03,-5.212625580E-03
+3.110115000E-03,+1.091015848758E+00,-40.789886505E-03,-3.770414544E-03
+3.110120000E-03,+1.096094366337E+00,-42.909861346E-03,-2.517273848E-03
+3.110125000E-03,+1.103453034577E+00,-39.690640294E-03,-1.294912057E-03
+3.110130000E-03,+1.108376087306E+00,-42.281720633E-03,+331.972347E-06
+3.110135000E-03,+1.114750144991E+00,-41.025439255E-03,+1.075062794E-03
+3.110140000E-03,+1.120554165035E+00,-34.744032396E-03,+3.115263774E-03
+3.110145000E-03,+1.124855358494E+00,+1.720516603594E+00,+3.656092922E-03
+3.110150000E-03,+1.129519303137E+00,+2.552567497787E+00,+5.647927058E-03
+3.110155000E-03,+1.133198637299E+00,+2.552567497787E+00,+6.206344151E-03
+3.110160000E-03,+1.137396187480E+00,+2.552567497787E+00,+8.163002408E-03
+3.110165000E-03,+1.142992921091E+00,+2.552567497787E+00,+9.090766231E-03
+3.110170000E-03,+1.146672255217E+00,+2.552567497787E+00,+10.550565199E-03
+3.110175000E-03,+1.150196124567E+00,+2.552567497787E+00,+11.728957160E-03
+3.110180000E-03,+1.154756425982E+00,+2.552567497787E+00,+13.065640550E-03
+3.110185000E-03,+1.157969365646E+00,+2.552567497787E+00,+14.525439541E-03
+3.110190000E-03,+1.161752343021E+00,+2.552567497787E+00,+15.571921930E-03
+3.110195000E-03,+1.164447066620E+00,+2.552567497787E+00,+17.247173174E-03
+3.110200000E-03,+1.167245433432E+00,+2.552567497787E+00,+18.021042511E-03
+3.110205000E-03,+1.170199265038E+00,+2.552567497787E+00,+19.819409321E-03
+3.110210000E-03,+1.172272129332E+00,+2.552567497787E+00,+20.694409320E-03
+3.110215000E-03,+1.174863209720E+00,+2.552567497787E+00,+22.206972112E-03
+3.110220000E-03,+1.176780609207E+00,+2.552646015374E+00,+23.433730894E-03
+3.110225000E-03,+1.179371689571E+00,+2.552724532961E+00,+24.651695702E-03
+3.110230000E-03,+1.181340910655E+00,+2.552724532961E+00,+26.080715796E-03
+3.110235000E-03,+1.182221877993E+00,+2.552724532961E+00,+27.135992158E-03
+3.110240000E-03,+1.183102845328E+00,+2.552724532961E+00,+28.595791142E-03
+3.110245000E-03,+1.184605671948E+00,+2.552724532961E+00,+29.624685604E-03
+3.110250000E-03,+1.185538460885E+00,+2.552724532961E+00,+31.132851416E-03
+3.110255000E-03,+1.186263963392E+00,+2.552724532961E+00,+32.104585077E-03
+3.110260000E-03,+1.187870433209E+00,+2.552724532961E+00,+33.450062445E-03
+3.110265000E-03,+1.187663146747E+00,+2.552724532961E+00,+34.668027257E-03
+3.110270000E-03,+1.187974076424E+00,+2.552724532961E+00,+35.749685536E-03
+3.110275000E-03,+1.188181362859E+00,+2.552724532961E+00,+37.293027226E-03
+3.110280000E-03,+1.187455860349E+00,+2.552724532961E+00,+38.146042298E-03
+3.110285000E-03,+1.187455860357E+00,+2.552724532961E+00,+39.641017149E-03
+3.110290000E-03,+1.186937644269E+00,+2.552724532961E+00,+40.564383981E-03
+3.110295000E-03,+1.186160320209E+00,+2.552724532961E+00,+41.835112606E-03
+3.110300000E-03,+1.184035634247E+00,+2.552724532961E+00,+43.031092497E-03
+3.110305000E-03,+1.183310131784E+00,+2.552724532961E+00,+44.169911574E-03
+3.110310000E-03,+1.182014591560E+00,+2.552724532961E+00,+45.431846240E-03
+3.110315000E-03,+1.180252656914E+00,+2.552724532961E+00,+46.289258287E-03
+3.110320000E-03,+1.178231614256E+00,+2.552724532961E+00,+47.713881388E-03
+3.110325000E-03,+1.176158749943E+00,+2.552724532961E+00,+48.637248215E-03
+3.110330000E-03,+1.173982242432E+00,+2.552724532961E+00,+50.004710510E-03
+3.110335000E-03,+1.172634880603E+00,+2.552724532961E+00,+50.787373826E-03
+3.110340000E-03,+1.168644616855E+00,+2.552724532961E+00,+52.036117516E-03
+3.110345000E-03,+1.165742606858E+00,+2.552724532961E+00,+53.038630088E-03
+3.110350000E-03,+1.162270559140E+00,+2.552724532961E+00,+54.036745637E-03
+3.110355000E-03,+1.159524013941E+00,+2.552724532961E+00,+55.505338596E-03
+3.110360000E-03,+1.156000144608E+00,+2.552724532961E+00,+55.905464217E-03
+3.110365000E-03,+1.151854416028E+00,+2.552724532961E+00,+57.615891336E-03
+3.110370000E-03,+1.148382368292E+00,+2.552724532961E+00,+57.950062185E-03
+3.110375000E-03,+1.144132996499E+00,+2.552724532961E+00,+59.607725483E-03
+3.110380000E-03,+1.138536262973E+00,+2.552724532961E+00,+59.977072220E-03
+3.110385000E-03,+1.134442355921E+00,+2.552724532961E+00,+61.573177714E-03
+3.110390000E-03,+1.129674768064E+00,+2.552724532961E+00,+62.052449084E-03
+3.110395000E-03,+1.124492607292E+00,+2.552724532961E+00,+63.472675181E-03
+3.110400000E-03,+1.119621376196E+00,+2.552724532961E+00,+64.075062131E-03
+3.110405000E-03,+1.114387393835E+00,+2.552724532961E+00,+65.222675163E-03
+3.110410000E-03,+1.108116979332E+00,+2.552724532961E+00,+66.176820900E-03
+3.110415000E-03,+1.101950208038E+00,+2.552724532961E+00,+66.990263086E-03
+3.110420000E-03,+1.096094366376E+00,+2.552724532961E+00,+68.107097258E-03
+3.110425000E-03,+1.089150271049E+00,+2.552724532961E+00,+68.788629901E-03
+3.110430000E-03,+1.082672570076E+00,+2.552724532961E+00,+69.887876134E-03
+3.110435000E-03,+1.076505798750E+00,+2.552724532961E+00,+70.679333402E-03
+3.110440000E-03,+1.069509881785E+00,+2.552724532961E+00,+71.532348480E-03
+3.110445000E-03,+1.063032180809E+00,+2.552724532961E+00,+72.376569568E-03
+3.110450000E-03,+1.055103474869E+00,+2.552724532961E+00,+73.229584638E-03
+3.110455000E-03,+1.047071125725E+00,+2.552724532961E+00,+74.012247943E-03
+3.110460000E-03,+1.041111640859E+00,+2.552724532961E+00,+74.816896180E-03
+3.110465000E-03,+1.032561075654E+00,+2.552724532961E+00,+75.621544407E-03
+3.110470000E-03,+1.024632369739E+00,+2.552724532961E+00,+76.430589628E-03
+3.110475000E-03,+1.016237269264E+00,+2.552724532961E+00,+77.178077053E-03
+3.110480000E-03,+1.006805736742E+00,+2.552724532961E+00,+78.070664988E-03
+3.110485000E-03,+999.032495606E-03,+2.552724532961E+00,+78.593906187E-03
+3.110490000E-03,+990.222822361E-03,+2.552724532961E+00,+79.574433818E-03
+3.110495000E-03,+981.257684211E-03,+2.552724532961E+00,+79.895413713E-03
+3.110500000E-03,+973.018048638E-03,+2.552724532961E+00,+81.038629777E-03
+3.110505000E-03,+963.638337694E-03,+2.552724532961E+00,+81.201318222E-03
+3.110510000E-03,+953.844053915E-03,+2.552724532961E+00,+82.322549354E-03
+3.110515000E-03,+944.101591683E-03,+2.552724532961E+00,+82.612750372E-03
+3.110520000E-03,+934.877345562E-03,+2.552724532961E+00,+83.496544322E-03
+3.110525000E-03,+926.326780280E-03,+2.552724532961E+00,+84.024182524E-03
+3.110530000E-03,+915.962458783E-03,+2.552724532961E+00,+84.507850842E-03
+3.110535000E-03,+904.924456509E-03,+2.552724532961E+00,+85.369659892E-03
+3.110540000E-03,+893.834632524E-03,+2.552724532961E+00,+85.589509125E-03
+3.110545000E-03,+883.625775762E-03,+2.552724532961E+00,+86.565639772E-03
+3.110550000E-03,+872.380486938E-03,+2.552724532961E+00,+86.649182485E-03
+3.110555000E-03,+862.171630225E-03,+2.552724532961E+00,+87.686870911E-03
+3.110560000E-03,+851.444557486E-03,+2.552724532961E+00,+87.651695037E-03
+3.110565000E-03,+840.562019942E-03,+2.552724532961E+00,+88.667398541E-03
+3.110570000E-03,+830.042233603E-03,+2.552724532961E+00,+88.750941262E-03
+3.110575000E-03,+817.967799073E-03,+2.552724532961E+00,+89.454458832E-03
+3.110580000E-03,+805.064218823E-03,+2.552724532961E+00,+89.858981451E-03
+3.110585000E-03,+793.508000349E-03,+2.552724532961E+00,+90.298679929E-03
+3.110590000E-03,+782.936392391E-03,+2.552724532961E+00,+90.751569377E-03
+3.110595000E-03,+770.810136240E-03,+2.552724532961E+00,+91.125313085E-03
+3.110600000E-03,+758.476593661E-03,+2.552724532961E+00,+91.547423641E-03
+3.110605000E-03,+746.920375239E-03,+2.552724532961E+00,+91.872800519E-03
+3.110610000E-03,+733.757686941E-03,+2.552724532961E+00,+92.228956299E-03
+3.110615000E-03,+722.512398086E-03,+2.552724532961E+00,+92.589509057E-03
+3.110620000E-03,+710.023390699E-03,+2.552724532961E+00,+92.835740211E-03
+3.110625000E-03,+696.342486342E-03,+2.552724532961E+00,+93.262247738E-03
+3.110630000E-03,+684.268051734E-03,+2.552724532961E+00,+93.315011561E-03
+3.110635000E-03,+670.068931342E-03,+2.552724532961E+00,+93.904207534E-03
+3.110640000E-03,+658.098139966E-03,+2.552724532961E+00,+93.781091962E-03
+3.110645000E-03,+645.142738131E-03,+2.552724532961E+00,+94.339509040E-03
+3.110650000E-03,+630.736331261E-03,+2.552724532961E+00,+94.286745220E-03
+3.110655000E-03,+617.729107752E-03,+2.552724532961E+00,+94.651694962E-03
+3.110660000E-03,+604.462776261E-03,+2.552724532961E+00,+94.796795470E-03
+3.110665000E-03,+591.144623115E-03,+2.552724532961E+00,+94.941895965E-03
+3.110670000E-03,+577.619183589E-03,+2.552724532961E+00,+95.170539185E-03
+3.110675000E-03,+564.508316868E-03,+2.552724532961E+00,+95.078202497E-03
+3.110680000E-03,+549.998266806E-03,+2.552724532961E+00,+95.487122095E-03
+3.110685000E-03,+535.643681535E-03,+2.552724532961E+00,+95.298051742E-03
+3.110690000E-03,+521.392739463E-03,+2.552724532961E+00,+95.689383396E-03
+3.110695000E-03,+506.675402974E-03,+2.552724532961E+00,+95.403579385E-03
+3.110700000E-03,+493.201784946E-03,+2.552724532961E+00,+95.777323090E-03
+3.110705000E-03,+478.639913282E-03,+2.552724532961E+00,+95.513504007E-03
+3.110710000E-03,+463.404360730E-03,+2.552724532961E+00,+95.720162286E-03
+3.110715000E-03,+449.153418626E-03,+2.552724532961E+00,+95.720162293E-03
+3.110720000E-03,+434.073330876E-03,+2.552724532961E+00,+95.570664805E-03
+3.110725000E-03,+419.977853604E-03,+2.552724532961E+00,+95.689383395E-03
+3.110730000E-03,+404.638657794E-03,+2.552724532961E+00,+95.504710032E-03
+3.110735000E-03,+389.195818777E-03,+2.552724532961E+00,+95.535488928E-03
+3.110740000E-03,+374.478482266E-03,+2.552724532961E+00,+95.425564312E-03
+3.110745000E-03,+358.569248774E-03,+2.552724532961E+00,+95.192524104E-03
+3.110750000E-03,+344.162841856E-03,+2.552724532961E+00,+95.214509033E-03
+3.110755000E-03,+328.616359613E-03,+2.552724532961E+00,+94.853956266E-03
+3.110760000E-03,+314.469060724E-03,+2.552724532961E+00,+95.188127129E-03
+3.110765000E-03,+298.508005648E-03,+2.552724532961E+00,+94.467021598E-03
+3.110770000E-03,+283.324274680E-03,+2.552724532961E+00,+94.875941197E-03
+3.110775000E-03,+268.088722131E-03,+2.552724532961E+00,+93.992147238E-03
+3.110780000E-03,+253.008634282E-03,+2.552724532961E+00,+94.431845723E-03
+3.110785000E-03,+237.617616864E-03,+2.552724532961E+00,+93.446921113E-03
+3.110790000E-03,+223.003923551E-03,+2.552724532961E+00,+93.789885928E-03
+3.110795000E-03,+206.783760414E-03,+2.552724532961E+00,+93.007222628E-03
+3.110800000E-03,+191.029991718E-03,+2.552724532961E+00,+93.117147242E-03
+3.110805000E-03,+175.172579856E-03,+2.552724532961E+00,+92.593906055E-03
+3.110810000E-03,+158.589665487E-03,+2.552724532961E+00,+92.413629659E-03
+3.110815000E-03,+142.991361637E-03,+2.552724532961E+00,+92.088252792E-03
+3.110820000E-03,+127.133949727E-03,+2.552724532961E+00,+91.503453793E-03
+3.110825000E-03,+111.017429808E-03,+2.552724532961E+00,+91.485865858E-03
+3.110830000E-03,+95.730055617E-03,+2.552724532961E+00,+90.632850792E-03
+3.110835000E-03,+79.302606012E-03,+2.552724532961E+00,+90.703202548E-03
+3.110840000E-03,+63.445194168E-03,+2.552724532961E+00,+89.722674928E-03
+3.110845000E-03,+48.416927914E-03,+2.552724532961E+00,+89.749056833E-03
+3.110850000E-03,+31.574905487E-03,+2.552724532961E+00,+88.935614625E-03
+3.110855000E-03,+16.287531299E-03,+2.552724532961E+00,+88.711368402E-03
+3.110860000E-03,+1.311086727E-03,+2.552724532961E+00,+88.065011628E-03
+3.110865000E-03,-14.390860288E-03,+2.552724532961E+00,+87.726443788E-03
+3.110870000E-03,-28.900910390E-03,+2.552724532961E+00,+87.088880982E-03
+3.110875000E-03,-45.121073535E-03,+2.552724532961E+00,+86.728328221E-03
+3.110880000E-03,-61.341236664E-03,+2.552724532961E+00,+85.923679987E-03
+3.110885000E-03,-75.903108431E-03,+2.552724532961E+00,+85.659860896E-03
+3.110890000E-03,-92.175093134E-03,+2.552724532961E+00,+84.736494067E-03
+3.110895000E-03,-107.980683417E-03,+2.552724532961E+00,+84.459484025E-03
+3.110900000E-03,-124.719062594E-03,+2.552724532961E+00,+83.456971478E-03
+3.110905000E-03,-140.524652889E-03,+2.552724532961E+00,+83.254710169E-03
+3.110910000E-03,-155.656562333E-03,+2.552724532961E+00,+82.129082044E-03
+3.110915000E-03,-172.394941553E-03,+2.552724532961E+00,+82.067524242E-03
+3.110920000E-03,-187.423207738E-03,+2.552724532961E+00,+80.766016735E-03
+3.110925000E-03,-202.762403489E-03,+2.552724532961E+00,+80.669283053E-03
+3.110930000E-03,-217.531561655E-03,+2.552724532961E+00,+79.548051929E-03
+3.110935000E-03,-234.218119227E-03,+2.552724532961E+00,+79.152323265E-03
+3.110940000E-03,-248.002666877E-03,+2.552724532961E+00,+78.233353450E-03
+3.110945000E-03,-265.414726962E-03,+2.552724532961E+00,+77.411117261E-03
+3.110950000E-03,-280.080241921E-03,+2.552724532961E+00,+76.936242909E-03
+3.110955000E-03,-295.523080928E-03,+2.552724532961E+00,+75.793026824E-03
+3.110960000E-03,-312.365103337E-03,+2.552724532961E+00,+75.436871062E-03
+3.110965000E-03,-327.600655973E-03,+2.552724532961E+00,+74.060614789E-03
+3.110970000E-03,-343.095316608E-03,+2.552724532961E+00,+73.897926353E-03
+3.110975000E-03,-357.709009919E-03,+2.552724532961E+00,+72.332599734E-03
+3.110980000E-03,-372.478168037E-03,+2.552724532961E+00,+72.174308274E-03
+3.110985000E-03,-388.283758303E-03,+2.552724532961E+00,+70.648554530E-03
+3.110990000E-03,-402.431057193E-03,+2.552724532961E+00,+70.349559550E-03
+3.110995000E-03,-417.355680146E-03,+2.552724532961E+00,+69.052449018E-03
+3.111000000E-03,-432.798519129E-03,+2.552724532961E+00,+68.423680176E-03
+3.111005000E-03,-449.174147058E-03,+2.552724532961E+00,+67.320036977E-03
+3.111010000E-03,-464.046948454E-03,+2.552724532961E+00,+66.489006833E-03
+3.111015000E-03,-477.624209654E-03,+2.552724532961E+00,+65.495288249E-03
+3.111020000E-03,-491.771508473E-03,+2.552724532961E+00,+64.580715400E-03
+3.111025000E-03,-507.214347468E-03,+2.552724532961E+00,+63.560614907E-03
+3.111030000E-03,-520.584322271E-03,+2.552724532961E+00,+62.571293313E-03
+3.111035000E-03,-534.679799492E-03,+2.552724532961E+00,+61.665514421E-03
+3.111040000E-03,-548.567990241E-03,+2.552724532961E+00,+60.548680270E-03
+3.111045000E-03,-562.041608235E-03,+2.552724532961E+00,+59.664886302E-03
+3.111050000E-03,-576.137085453E-03,+2.552724532961E+00,+58.635991849E-03
+3.111055000E-03,-590.180741099E-03,+2.552724532961E+00,+57.567524515E-03
+3.111060000E-03,-604.224396712E-03,+2.552724532961E+00,+56.490263227E-03
+3.111065000E-03,-617.335263439E-03,+2.552724532961E+00,+55.584484333E-03
+3.111070000E-03,-630.964346169E-03,+2.552724532961E+00,+54.458856213E-03
+3.111075000E-03,-645.059823414E-03,+2.552724532961E+00,+53.522298431E-03
+3.111080000E-03,-657.289722789E-03,+2.552724532961E+00,+52.277951716E-03
+3.111085000E-03,-670.452411099E-03,+2.552724532961E+00,+51.512876342E-03
+3.111090000E-03,-683.563277760E-03,+2.552724532961E+00,+50.123429121E-03
+3.111095000E-03,-695.585890726E-03,+2.552724532961E+00,+49.239635158E-03
+3.111100000E-03,-709.422259913E-03,+2.552724532961E+00,+47.880966835E-03
+3.111105000E-03,-721.185764839E-03,+2.552724532961E+00,+47.036745732E-03
+3.111110000E-03,-734.814847556E-03,+2.552724532961E+00,+45.607725656E-03
+3.111115000E-03,-747.925714262E-03,+2.552724532961E+00,+44.671167867E-03
+3.111120000E-03,-759.222824751E-03,+2.552724532961E+00,+43.426821156E-03
+3.111125000E-03,-771.089972856E-03,+2.552724532961E+00,+42.222047296E-03
+3.111130000E-03,-784.304482719E-03,+2.552724532961E+00,+41.140389021E-03
+3.111135000E-03,-796.534382064E-03,+2.552724532961E+00,+39.715765918E-03
+3.111140000E-03,-807.676027725E-03,+2.552724532961E+00,+38.946293564E-03
+3.111145000E-03,-819.180424599E-03,+2.552724532961E+00,+37.293027247E-03
+3.111150000E-03,-830.529356638E-03,+2.552724532961E+00,+36.580715693E-03
+3.111155000E-03,-841.930110276E-03,+2.552724532961E+00,+34.896670493E-03
+3.111160000E-03,-852.398075021E-03,+2.552724532961E+00,+34.048052404E-03
+3.111165000E-03,-863.228790955E-03,+2.552724532961E+00,+32.495916756E-03
+3.111170000E-03,-874.525901377E-03,+2.552724532961E+00,+31.594534844E-03
+3.111175000E-03,-885.408438940E-03,+2.552724532961E+00,+30.002826328E-03
+3.111180000E-03,-896.187333346E-03,+2.552724532961E+00,+28.925565027E-03
+3.111185000E-03,-907.743551772E-03,+2.552724532961E+00,+27.646042427E-03
+3.111190000E-03,-917.486013982E-03,+2.552724532961E+00,+26.410489676E-03
+3.111195000E-03,-927.798513918E-03,+2.552724532961E+00,+25.210112809E-03
+3.111200000E-03,-938.732873048E-03,+2.552724532961E+00,+23.785489712E-03
+3.111205000E-03,-948.371692065E-03,+2.552724532961E+00,+22.668655544E-03
+3.111210000E-03,-957.958689449E-03,+2.552724532961E+00,+21.292399290E-03
+3.111215000E-03,-968.115724541E-03,+2.552724532961E+00,+20.083228431E-03
+3.111220000E-03,-976.614468162E-03,+2.552724532961E+00,+18.865263636E-03
+3.111225000E-03,-986.356930345E-03,+2.552724532961E+00,+17.475816399E-03
+3.111230000E-03,-996.617608605E-03,+2.552724532961E+00,+16.271042556E-03
+3.111235000E-03,-1.004909065815E+00,+2.552724532961E+00,+14.881595322E-03
+3.111240000E-03,-1.014340598350E+00,+2.552724532961E+00,+13.760364187E-03
+3.111245000E-03,-1.022528412403E+00,+2.552724532961E+00,+12.239007416E-03
+3.111250000E-03,-1.031234442473E+00,+2.552724532961E+00,+11.214509941E-03
+3.111255000E-03,-1.040251402126E+00,+2.552724532961E+00,+9.556846644E-03
+3.111260000E-03,-1.047610070432E+00,+2.552724532961E+00,+8.624685846E-03
+3.111265000E-03,-1.055901527611E+00,+2.552724532961E+00,+6.945037626E-03
+3.111270000E-03,-1.063571125494E+00,+2.552724532961E+00,+6.030464773E-03
+3.111275000E-03,-1.071240723411E+00,+2.552724532961E+00,+4.438756242E-03
+3.111280000E-03,-1.079117607774E+00,+2.552724532961E+00,+3.352700981E-03
+3.111285000E-03,-1.085439843899E+00,+2.552724532961E+00,+1.782977384E-03
+3.111290000E-03,-1.092953976972E+00,+2.552724532961E+00,+912.374369E-06
+3.111295000E-03,-1.099328034724E+00,+2.552724532961E+00,-868.404499E-06
+3.111300000E-03,-1.105753913993E+00,+2.552724532961E+00,-1.677449719E-03
+3.111305000E-03,-1.112594366181E+00,+2.552724532961E+00,-3.506595429E-03
+3.111310000E-03,-1.118864780718E+00,+2.552724532961E+00,-4.232097934E-03
+3.111315000E-03,-1.123891476647E+00,+2.552724532961E+00,-6.162374299E-03
+3.111320000E-03,-1.130006426296E+00,+2.552724532961E+00,-6.905464740E-03
+3.111325000E-03,-1.135240408724E+00,+2.552724532961E+00,-8.831344115E-03
+3.111330000E-03,-1.140474391029E+00,+2.552724532961E+00,-9.495288831E-03
+3.111335000E-03,-1.145604730236E+00,+2.552724532961E+00,-11.487122978E-03
+3.111340000E-03,-1.151305106991E+00,+2.552724532961E+00,-12.195037545E-03
+3.111345000E-03,-1.157264591883E+00,+2.506791747266E+00,-14.024183256E-03
+3.111350000E-03,-1.160788461207E+00,+277.913016843E-03,-14.925565154E-03
+3.111355000E-03,-1.165245119432E+00,-172.071292003E-03,-16.372173178E-03
+3.111360000E-03,-1.169546312831E+00,-158.801820848E-03,-17.664886730E-03
+3.111365000E-03,-1.173951149509E+00,+186.282972344E-03,-18.847675668E-03
+3.111370000E-03,-1.178666915802E+00,-3.022924081E-03,-20.364635446E-03
+3.111375000E-03,-1.182812644360E+00,-73.060615116E-03,-21.441896754E-03
+3.111380000E-03,-1.186181048907E+00,-97.008478396E-03,-22.994032398E-03
+3.111385000E-03,-1.189756739811E+00,-43.695038179E-03,-24.146042449E-03
+3.111390000E-03,-1.192917857848E+00,-35.058102102E-03,-25.553077595E-03
+3.111395000E-03,-1.195405294976E+00,-52.489007144E-03,-26.753454484E-03
+3.111400000E-03,-1.198100018625E+00,-54.137876151E-03,-28.142901690E-03
+3.111405000E-03,-1.199965596479E+00,-55.394157857E-03,-29.374057469E-03
+3.111410000E-03,-1.203489465769E+00,-47.934986914E-03,-30.640389104E-03
+3.111415000E-03,-1.205458686840E+00,-51.703831143E-03,-32.047424270E-03
+3.111420000E-03,-1.207427907947E+00,-50.997172739E-03,-33.049936819E-03
+3.111425000E-03,-1.209759880246E+00,-50.447549750E-03,-34.610866453E-03
+3.111430000E-03,-1.209759880335E+00,-49.505338618E-03,-35.657348851E-03
+3.111435000E-03,-1.212299139086E+00,-46.678705550E-03,-37.068780996E-03
+3.111440000E-03,-1.213853787266E+00,-49.269785909E-03,-38.163630237E-03
+3.111445000E-03,-1.214009252114E+00,-46.757223161E-03,-39.588253329E-03
+3.111450000E-03,-1.214164716952E+00,-48.013504492E-03,-40.639132725E-03
+3.111455000E-03,-1.214838397862E+00,-48.013504530E-03,-41.923052298E-03
+3.111460000E-03,-1.215408435522E+00,-49.112750745E-03,-43.163002041E-03
+3.111465000E-03,-1.215563900312E+00,-47.620916493E-03,-44.284233180E-03
+3.111470000E-03,-1.215926651623E+00,-50.840137656E-03,-45.568152769E-03
+3.111475000E-03,-1.215252970696E+00,-45.972047241E-03,-46.654208029E-03
+3.111480000E-03,-1.214631111394E+00,-47.699434177E-03,-48.008479376E-03
+3.111485000E-03,-1.214009252146E+00,-44.637248305E-03,-48.984610013E-03
+3.111490000E-03,-1.213024641591E+00,-46.992775830E-03,-50.334484379E-03
+3.111495000E-03,-1.212558247094E+00,-45.972047237E-03,-51.592022044E-03
+3.111500000E-03,-1.210589026055E+00,-48.170539690E-03,-52.629710486E-03
+3.111505000E-03,-1.209604415516E+00,-46.914258301E-03,-53.794911472E-03
+3.111510000E-03,-1.207946124044E+00,-48.249057297E-03,-54.982097390E-03
+3.111515000E-03,-1.206287832618E+00,-46.286117546E-03,-56.010991850E-03
+3.111520000E-03,-1.204733184377E+00,-45.579459404E-03,-57.189383805E-03
+3.111525000E-03,-1.202660320113E+00,-45.029836235E-03,-58.222675245E-03
+3.111530000E-03,-1.200483812579E+00,-44.872801017E-03,-59.379082274E-03
+3.111535000E-03,-1.197426337770E+00,-45.422424166E-03,-60.443152602E-03
+3.111540000E-03,-1.194679792580E+00,-44.794283474E-03,-61.630338528E-03
+3.111545000E-03,-1.192140533752E+00,-45.108353823E-03,-62.456971686E-03
+3.111550000E-03,-1.188772129265E+00,-45.029836127E-03,-63.798052068E-03
+3.111555000E-03,-1.186025584091E+00,-44.715765833E-03,-64.659861107E-03
+3.111560000E-03,-1.181672569046E+00,-46.286117585E-03,-65.987750537E-03
+3.111565000E-03,-1.177734126906E+00,-44.401695573E-03,-66.757222895E-03
+3.111570000E-03,-1.174106614379E+00,-45.500941669E-03,-67.900438956E-03
+3.111575000E-03,-1.168613524018E+00,-43.695037255E-03,-68.889760566E-03
+3.111580000E-03,-1.165452405991E+00,-46.443152759E-03,-69.698805770E-03
+3.111585000E-03,-1.161721250164E+00,-43.930590051E-03,-70.982725365E-03
+3.111590000E-03,-1.156279981460E+00,-45.265388918E-03,-71.505966558E-03
+3.111595000E-03,-1.150942355879E+00,-42.438755837E-03,-72.978956498E-03
+3.111600000E-03,-1.146382054385E+00,-44.480213077E-03,-73.440639902E-03
+3.111605000E-03,-1.141096250418E+00,-43.459484370E-03,-74.931217777E-03
+3.111610000E-03,-1.135758624850E+00,-45.422424152E-03,-75.256594669E-03
+3.111615000E-03,-1.129021815907E+00,-43.223931698E-03,-76.830715246E-03
+3.111620000E-03,-1.123476903889E+00,-45.186871400E-03,-77.186871030E-03
+3.111625000E-03,-1.117154667750E+00,-43.066896504E-03,-78.360865982E-03
+3.111630000E-03,-1.110676966831E+00,-44.715765883E-03,-79.196293119E-03
+3.111635000E-03,-1.103732871438E+00,-40.868404140E-03,-79.908604660E-03
+3.111640000E-03,-1.097617921725E+00,-43.459484414E-03,-81.021041843E-03
+3.111645000E-03,-1.090103788709E+00,-42.360238335E-03,-81.434358412E-03
+3.111650000E-03,-1.084144303818E+00,-42.517273409E-03,-82.876569463E-03
+3.111655000E-03,-1.076163776249E+00,-42.909861334E-03,-83.078830763E-03
+3.111660000E-03,-1.069945183364E+00,-43.302449230E-03,-84.569408631E-03
+3.111665000E-03,-1.062845623148E+00,-41.339509607E-03,-84.718906119E-03
+3.111670000E-03,-1.054346879528E+00,-42.752826185E-03,-86.099559371E-03
+3.111675000E-03,-1.047195497675E+00,-41.260992010E-03,-86.187499074E-03
+3.111680000E-03,-1.038696754051E+00,-43.616519583E-03,-87.559358346E-03
+3.111685000E-03,-1.029835259210E+00,-42.517273389E-03,-87.748428703E-03
+3.111690000E-03,-1.021543802033E+00,-41.967650344E-03,-88.808102060E-03
+3.111695000E-03,-1.011853161393E+00,-41.810615120E-03,-89.230212605E-03
+3.111700000E-03,-1.003924455471E+00,-42.988378911E-03,-90.118403552E-03
+3.111705000E-03,-994.130171640E-03,-40.946921737E-03,-90.646041736E-03
+3.111710000E-03,-984.957747115E-03,-42.124685463E-03,-91.380338216E-03
+3.111715000E-03,-975.837144211E-03,-41.496544772E-03,-91.921167351E-03
+3.111720000E-03,-965.991038779E-03,-41.810615130E-03,-92.703830664E-03
+3.111725000E-03,-955.989468568E-03,-42.360238275E-03,-93.103956281E-03
+3.111730000E-03,-946.247006334E-03,-43.066896493E-03,-93.904207531E-03
+3.111735000E-03,-936.297257667E-03,-40.711368976E-03,-94.313127122E-03
+3.111740000E-03,-926.243865828E-03,-42.124685458E-03,-94.858353251E-03
+3.111745000E-03,-915.983187550E-03,-40.554333711E-03,-95.526694953E-03
+3.111750000E-03,-903.753288217E-03,-41.967650279E-03,-95.909232629E-03
+3.111755000E-03,-893.388966740E-03,-40.161745781E-03,-96.590765298E-03
+3.111760000E-03,-882.869180400E-03,-42.517273439E-03,-96.850187394E-03
+3.111765000E-03,-872.608502122E-03,-40.946921677E-03,-97.742775336E-03
+3.111770000E-03,-861.881429359E-03,-42.752826191E-03,-97.562498946E-03
+3.111775000E-03,-852.190788732E-03,-41.732097528E-03,-98.824433610E-03
+3.111780000E-03,-839.390851741E-03,-41.575062328E-03,-98.415514017E-03
+3.111785000E-03,-828.093741302E-03,-39.926192989E-03,-99.699433606E-03
+3.111790000E-03,-817.366668496E-03,-41.182474367E-03,-99.264132105E-03
+3.111795000E-03,-804.359445064E-03,-41.182474443E-03,-100.424936106E-03
+3.111800000E-03,-793.010513025E-03,-40.554333737E-03,-100.178704959E-03
+3.111805000E-03,-779.744181522E-03,-42.517273348E-03,-101.000941125E-03
+3.111810000E-03,-767.566103743E-03,-41.496544756E-03,-100.895413499E-03
+3.111815000E-03,-754.921631497E-03,-41.810615181E-03,-101.510991367E-03
+3.111820000E-03,-742.639910523E-03,-40.946921718E-03,-101.739634593E-03
+3.111825000E-03,-730.306367951E-03,-39.298052404E-03,-101.897926041E-03
+3.111830000E-03,-717.610074118E-03,-42.674308547E-03,-102.421167244E-03
+3.111835000E-03,-705.639282816E-03,-41.418027143E-03,-102.350815485E-03
+3.111840000E-03,-693.150275405E-03,-41.967650258E-03,-103.036745124E-03
+3.111845000E-03,-679.002976569E-03,-41.260992056E-03,-102.790513973E-03
+3.111850000E-03,-666.306682738E-03,-42.752826144E-03,-103.419282806E-03
+3.111855000E-03,-652.263027113E-03,-40.318781016E-03,-103.221418494E-03
+3.111860000E-03,-639.670376511E-03,-40.554333752E-03,-103.713880796E-03
+3.111865000E-03,-625.056683187E-03,-40.554333742E-03,-103.612750143E-03
+3.111870000E-03,-611.116670757E-03,-39.926193040E-03,-103.885363205E-03
+3.111875000E-03,-598.524020121E-03,-39.298052338E-03,-103.858981301E-03
+3.111880000E-03,-583.288467568E-03,-42.124685478E-03,-104.061242606E-03
+3.111885000E-03,-569.970314485E-03,-40.397298526E-03,-104.074433557E-03
+3.111890000E-03,-556.859447727E-03,-41.889132645E-03,-104.276694867E-03
+3.111895000E-03,-543.126721747E-03,-39.376569920E-03,-104.272297870E-03
+3.111900000E-03,-529.393995777E-03,-41.653579925E-03,-104.351443607E-03
+3.111905000E-03,-515.713091394E-03,-39.298052312E-03,-104.219534061E-03
+3.111910000E-03,-500.218430760E-03,-40.946921682E-03,-104.373428532E-03
+3.111915000E-03,-486.433883141E-03,-38.748429233E-03,-104.184358182E-03
+3.111920000E-03,-471.975654680E-03,-41.967650309E-03,-104.347046619E-03
+3.111925000E-03,-456.273707630E-03,-41.103956851E-03,-104.153579290E-03
+3.111930000E-03,-441.400906254E-03,-40.946921693E-03,-104.074433557E-03
+3.111935000E-03,-425.180743122E-03,-39.612122712E-03,-104.175564216E-03
+3.111940000E-03,-410.256120156E-03,-41.418027221E-03,-103.815011446E-03
+3.111945000E-03,-395.538783633E-03,-40.946921719E-03,-104.052448641E-03
+3.111950000E-03,-380.355052654E-03,-42.046167844E-03,-103.357725020E-03
+3.111955000E-03,-365.067678443E-03,-40.161745905E-03,-103.902951151E-03
+3.111960000E-03,-350.505806715E-03,-39.376569935E-03,-103.036745133E-03
+3.111965000E-03,-334.078357236E-03,-40.868404074E-03,-103.520413466E-03
+3.111970000E-03,-318.894626181E-03,-38.905464423E-03,-102.676192375E-03
+3.111975000E-03,-303.659073618E-03,-40.868404101E-03,-103.076317991E-03
+3.111980000E-03,-287.438910420E-03,-41.967650304E-03,-102.276066754E-03
+3.111985000E-03,-272.877038724E-03,-39.376569956E-03,-102.495915989E-03
+3.111990000E-03,-257.641486092E-03,-41.732097496E-03,-101.990262731E-03
+3.111995000E-03,-241.317679810E-03,-39.533605136E-03,-101.783604439E-03
+3.112000000E-03,-225.667554288E-03,-41.103956846E-03,-101.559358213E-03
+3.112005000E-03,-209.447391134E-03,-40.240263451E-03,-100.961368267E-03
+3.112010000E-03,-194.470946582E-03,-41.732097496E-03,-100.987750181E-03
+3.112015000E-03,-178.717177948E-03,-40.161745848E-03,-100.332599437E-03
+3.112020000E-03,-163.118874095E-03,-40.397298562E-03,-100.235865764E-03
+3.112025000E-03,-147.935143102E-03,-39.455087507E-03,-99.585112011E-03
+3.112030000E-03,-130.834012684E-03,-41.339509613E-03,-99.413629588E-03
+3.112035000E-03,-115.702103194E-03,-39.769157855E-03,-98.951946183E-03
+3.112040000E-03,-99.274653698E-03,-41.653579903E-03,-98.503453722E-03
+3.112045000E-03,-83.987279490E-03,-39.769157855E-03,-98.094534131E-03
+3.112050000E-03,-68.751726844E-03,-40.946921667E-03,-97.399810517E-03
+3.112055000E-03,-53.516174219E-03,-38.591394101E-03,-97.307473838E-03
+3.112060000E-03,-38.176978432E-03,-40.632851271E-03,-96.366519074E-03
+3.112065000E-03,-23.148712240E-03,-39.847675410E-03,-96.274182387E-03
+3.112070000E-03,-7.135835573E-03,-40.868404085E-03,-95.315639692E-03
+3.112075000E-03,+9.032505980E-03,-40.397298541E-03,-95.117775363E-03
+3.112080000E-03,+25.200847529E-03,-40.711368863E-03,-94.335112068E-03
+3.112085000E-03,+41.265545842E-03,-39.376569882E-03,-93.899810554E-03
+3.112090000E-03,+57.589352211E-03,-40.318780885E-03,-93.213880924E-03
+3.112095000E-03,+72.669439975E-03,-40.789886508E-03,-92.686242729E-03
+3.112100000E-03,+89.304175974E-03,-40.397298552E-03,-92.079458821E-03
+3.112105000E-03,+104.539728634E-03,-41.025439286E-03,-91.380338224E-03
+3.112110000E-03,+120.293497246E-03,-40.946921635E-03,-90.830715115E-03
+3.112115000E-03,+136.461838778E-03,-38.905464402E-03,-90.030463868E-03
+3.112120000E-03,+152.111964228E-03,-40.083228219E-03,-89.450061862E-03
+3.112125000E-03,+168.435770589E-03,-39.219534745E-03,-88.816896041E-03
+3.112130000E-03,+183.878609634E-03,-40.475816144E-03,-88.122172430E-03
+3.112135000E-03,+199.580556737E-03,-39.455087576E-03,-87.449433745E-03
+3.112140000E-03,+215.178860590E-03,-41.182474449E-03,-86.574433762E-03
+3.112145000E-03,+230.725342800E-03,-39.847675474E-03,-86.055589527E-03
+3.112150000E-03,+246.582754669E-03,-40.632851329E-03,-85.123428751E-03
+3.112155000E-03,+262.232880207E-03,-40.083228171E-03,-84.358353366E-03
+3.112160000E-03,+277.261146318E-03,-41.575062288E-03,-83.654835806E-03
+3.112165000E-03,+292.703985380E-03,-40.161745828E-03,-82.643529266E-03
+3.112170000E-03,+308.250467629E-03,-40.161745742E-03,-82.071921250E-03
+3.112175000E-03,+323.848771457E-03,-39.926193034E-03,-80.919911186E-03
+3.112180000E-03,+338.980680857E-03,-41.103956879E-03,-80.467021762E-03
+3.112185000E-03,+354.112590228E-03,-40.318780943E-03,-79.165514229E-03
+3.112190000E-03,+368.518997130E-03,-40.789886487E-03,-78.695036860E-03
+3.112195000E-03,+383.910014504E-03,-40.240263367E-03,-77.353956463E-03
+3.112200000E-03,+399.041923893E-03,-40.318780986E-03,-76.879082101E-03
+3.112205000E-03,+414.329298083E-03,-39.847675469E-03,-75.568780612E-03
+3.112210000E-03,+428.839348268E-03,-40.868404058E-03,-74.878453983E-03
+3.112215000E-03,+443.297576735E-03,-40.554333715E-03,-73.955087160E-03
+3.112220000E-03,+457.652162004E-03,-41.889132690E-03,-72.873428879E-03
+3.112225000E-03,+473.146822582E-03,-39.533605148E-03,-72.165514315E-03
+3.112230000E-03,+487.915980768E-03,-40.475816155E-03,-70.978328394E-03
+3.112235000E-03,+500.975025862E-03,-40.554333758E-03,-70.292398753E-03
+3.112240000E-03,+516.262400048E-03,-40.946921661E-03,-68.986494250E-03
+3.112245000E-03,+530.565163700E-03,-41.653579891E-03,-68.309358570E-03
+3.112250000E-03,+543.883316848E-03,-41.810615076E-03,-67.043026936E-03
+3.112255000E-03,+558.963404580E-03,-41.025439281E-03,-66.190011861E-03
+3.112260000E-03,+572.126092946E-03,-42.752826121E-03,-64.967650074E-03
+3.112265000E-03,+586.377034950E-03,-41.339509564E-03,-63.960740529E-03
+3.112270000E-03,+600.161582602E-03,-41.103956863E-03,-62.923052109E-03
+3.112275000E-03,+613.842486975E-03,-40.789886498E-03,-61.683102368E-03
+3.112280000E-03,+627.056996872E-03,-41.339509624E-03,-60.808102382E-03
+3.112285000E-03,+641.048830875E-03,-40.946921661E-03,-59.585740577E-03
+3.112290000E-03,+654.004232746E-03,-40.789886580E-03,-58.666770745E-03
+3.112295000E-03,+666.389596989E-03,-40.868404068E-03,-57.466393864E-03
+3.112300000E-03,+679.448642079E-03,-41.732097521E-03,-56.433102426E-03
+3.112305000E-03,+692.144935841E-03,-38.277323738E-03,-55.355841127E-03
+3.112310000E-03,+704.063905606E-03,-41.339509624E-03,-54.137876322E-03
+3.112315000E-03,+718.211204398E-03,-39.612122686E-03,-52.994660247E-03
+3.112320000E-03,+730.337460568E-03,-41.182474422E-03,-51.798680369E-03
+3.112325000E-03,+742.930111248E-03,-39.847675475E-03,-50.686243176E-03
+3.112330000E-03,+755.108188982E-03,-41.575062358E-03,-49.331971861E-03
+3.112335000E-03,+768.737271714E-03,-40.397298628E-03,-48.303077372E-03
+3.112340000E-03,+780.915349484E-03,-41.575062275E-03,-47.014760821E-03
+3.112345000E-03,+791.486957458E-03,-39.847675486E-03,-45.809986950E-03
+3.112350000E-03,+803.716856770E-03,-41.496544804E-03,-44.781092509E-03
+3.112355000E-03,+815.324896876E-03,-39.376569947E-03,-43.330087484E-03
+3.112360000E-03,+825.948326435E-03,-42.046167908E-03,-42.490263380E-03
+3.112365000E-03,+837.660009767E-03,-41.339509525E-03,-40.806218167E-03
+3.112370000E-03,+847.609758364E-03,-40.318780959E-03,-40.063127728E-03
+3.112375000E-03,+858.699582355E-03,-40.240263421E-03,-38.357097592E-03
+3.112380000E-03,+869.996692768E-03,-41.025439337E-03,-37.508479508E-03
+3.112385000E-03,+880.464657509E-03,-39.376569963E-03,-35.894786069E-03
+3.112390000E-03,+892.383627213E-03,-41.653580011E-03,-34.931846365E-03
+3.112395000E-03,+902.851591943E-03,-41.496544760E-03,-33.388504693E-03
+3.112400000E-03,+912.801340562E-03,-41.967650354E-03,-32.416771011E-03
+3.112405000E-03,+922.491981202E-03,-41.182474505E-03,-31.014132856E-03
+3.112410000E-03,+932.649016236E-03,-41.810615130E-03,-29.739007226E-03
+3.112415000E-03,+941.458689541E-03,-41.182474456E-03,-28.512248455E-03
+3.112420000E-03,+950.475649229E-03,-42.438755860E-03,-27.105213283E-03
+3.112425000E-03,+960.736327489E-03,-40.711368905E-03,-25.904836423E-03
+3.112430000E-03,+969.753287221E-03,-41.496544726E-03,-24.515389195E-03
+3.112435000E-03,+979.392106154E-03,-39.219534795E-03,-23.209484691E-03
+3.112440000E-03,+987.217168943E-03,-41.810615147E-03,-21.973931939E-03
+3.112445000E-03,+996.078663849E-03,-41.260992009E-03,-20.470163110E-03
+3.112450000E-03,+1.003955548172E+00,-41.653579961E-03,-19.322550067E-03
+3.112455000E-03,+1.013490723934E+00,-40.397298596E-03,-17.845163132E-03
+3.112460000E-03,+1.020849392223E+00,-41.339509619E-03,-16.864635512E-03
+3.112465000E-03,+1.028052595648E+00,-40.868404107E-03,-15.180590295E-03
+3.112470000E-03,+1.036344052835E+00,-42.203202982E-03,-14.305590314E-03
+3.112475000E-03,+1.043858185924E+00,-39.376569919E-03,-12.546796358E-03
+3.112480000E-03,+1.050750459741E+00,-41.182474473E-03,-11.742148125E-03
+3.112485000E-03,+1.058264592853E+00,-39.847675464E-03,-10.000942112E-03
+3.112490000E-03,+1.065571439445E+00,-42.124685405E-03,-8.954459718E-03
+3.112495000E-03,+1.072152783662E+00,-41.182474428E-03,-7.477072792E-03
+3.112500000E-03,+1.079355987095E+00,-40.868404068E-03,-6.276695928E-03
+3.112505000E-03,+1.086766476929E+00,-41.575062290E-03,-4.834484885E-03
+3.112510000E-03,+1.093503285890E+00,-41.182474433E-03,-3.634108020E-03
+3.112515000E-03,+1.098892733087E+00,-40.397298551E-03,-2.205087931E-03
+3.112520000E-03,+1.104385823511E+00,-41.418027127E-03,-1.158605529E-03
+3.112525000E-03,+1.110552594749E+00,-41.025439242E-03,+384.736167E-06
+3.112530000E-03,+1.115890220376E+00,-41.496544799E-03,+1.475188411E-03
+3.112535000E-03,+1.121072381065E+00,-20.846420268E-03,+3.154836643E-03
+3.112540000E-03,+1.125736325791E+00,+2.091276645751E+00,+4.073806474E-03
+3.112545000E-03,+1.129778411245E+00,+2.552567497787E+00,+5.753454700E-03
+3.112550000E-03,+1.134442355848E+00,+2.552567497787E+00,+6.478957202E-03
+3.112555000E-03,+1.138847192477E+00,+2.552567497787E+00,+8.510364215E-03
+3.112560000E-03,+1.142474705038E+00,+2.552567497787E+00,+9.011620499E-03
+3.112565000E-03,+1.147708687375E+00,+2.552567497787E+00,+11.100188305E-03
+3.112570000E-03,+1.150869805466E+00,+2.552567497787E+00,+11.614635546E-03
+3.112575000E-03,+1.155378285306E+00,+2.552567497787E+00,+13.663630483E-03
+3.112580000E-03,+1.158850332977E+00,+2.552567497787E+00,+14.309987280E-03
+3.112585000E-03,+1.162529667120E+00,+2.552567497787E+00,+16.183102813E-03
+3.112590000E-03,+1.164550709834E+00,+2.552567497787E+00,+17.018529964E-03
+3.112595000E-03,+1.168178222373E+00,+2.552567497787E+00,+18.671796260E-03
+3.112600000E-03,+1.170717481140E+00,+2.552567497787E+00,+19.612751040E-03
+3.112605000E-03,+1.174448636860E+00,+2.552567497787E+00,+21.129710811E-03
+3.112610000E-03,+1.174915031331E+00,+2.552567497787E+00,+22.255338950E-03
+3.112615000E-03,+1.176832430789E+00,+2.552646015374E+00,+23.587625361E-03
+3.112620000E-03,+1.179164403130E+00,+2.552724532961E+00,+24.796796209E-03
+3.112625000E-03,+1.180097192091E+00,+2.552724532961E+00,+26.239007242E-03
+3.112630000E-03,+1.182377342805E+00,+2.552724532961E+00,+27.311871555E-03
+3.112635000E-03,+1.182740094043E+00,+2.552724532961E+00,+28.820037365E-03
+3.112640000E-03,+1.184657493497E+00,+2.552724532961E+00,+29.708228309E-03
+3.112645000E-03,+1.185331174440E+00,+2.552724532961E+00,+31.383479549E-03
+3.112650000E-03,+1.186263963321E+00,+2.552724532961E+00,+32.152951902E-03
+3.112655000E-03,+1.186523071416E+00,+2.552724532961E+00,+33.757851381E-03
+3.112660000E-03,+1.186574893027E+00,+2.552724532961E+00,+34.540514698E-03
+3.112665000E-03,+1.186989465902E+00,+2.552724532961E+00,+36.237750849E-03
+3.112670000E-03,+1.186730357834E+00,+2.552724532961E+00,+37.095162908E-03
+3.112675000E-03,+1.187041287483E+00,+2.552724532961E+00,+38.563755849E-03
+3.112680000E-03,+1.185849390522E+00,+2.552724532961E+00,+39.513504596E-03
+3.112685000E-03,+1.185123887972E+00,+2.552724532961E+00,+40.920539744E-03
+3.112690000E-03,+1.183724704607E+00,+2.552724532961E+00,+41.971419139E-03
+3.112695000E-03,+1.183258310125E+00,+2.552724532961E+00,+43.193780931E-03
+3.112700000E-03,+1.181807305157E+00,+2.552724532961E+00,+44.389760820E-03
+3.112705000E-03,+1.180097192122E+00,+2.552724532961E+00,+45.453831160E-03
+3.112710000E-03,+1.178542543931E+00,+2.552724532961E+00,+46.663002001E-03
+3.112715000E-03,+1.176780609239E+00,+2.552724532961E+00,+47.771042187E-03
+3.112720000E-03,+1.174448636898E+00,+2.552724532961E+00,+48.887876348E-03
+3.112725000E-03,+1.171702091705E+00,+2.552724532961E+00,+49.956343678E-03
+3.112730000E-03,+1.169681049010E+00,+2.552724532961E+00,+51.064383863E-03
+3.112735000E-03,+1.167089968628E+00,+2.552724532961E+00,+52.198805963E-03
+3.112740000E-03,+1.163617920930E+00,+2.552724532961E+00,+53.205715505E-03
+3.112745000E-03,+1.159834943603E+00,+2.552724532961E+00,+54.287373776E-03
+3.112750000E-03,+1.156777468753E+00,+2.552724532961E+00,+55.311871258E-03
+3.112755000E-03,+1.153409064278E+00,+2.552724532961E+00,+56.380338581E-03
+3.112760000E-03,+1.149004227631E+00,+2.552724532961E+00,+57.413630024E-03
+3.112765000E-03,+1.145428536687E+00,+2.552724532961E+00,+58.323805897E-03
+3.112770000E-03,+1.141075521712E+00,+2.552724532961E+00,+59.572549600E-03
+3.112775000E-03,+1.136359755404E+00,+2.552724532961E+00,+60.254082266E-03
+3.112780000E-03,+1.131747632354E+00,+2.552724532961E+00,+61.595162643E-03
+3.112785000E-03,+1.126461828406E+00,+2.552724532961E+00,+62.171167668E-03
+3.112790000E-03,+1.122575207813E+00,+2.552724532961E+00,+63.560614885E-03
+3.112795000E-03,+1.117393047069E+00,+2.552724532961E+00,+64.136619914E-03
+3.112800000E-03,+1.110915346137E+00,+2.552724532961E+00,+65.482097271E-03
+3.112805000E-03,+1.105111326122E+00,+2.552724532961E+00,+66.185614865E-03
+3.112810000E-03,+1.099307306057E+00,+2.552724532961E+00,+67.227700263E-03
+3.112815000E-03,+1.092777783575E+00,+2.552724532961E+00,+68.186242985E-03
+3.112820000E-03,+1.087181049940E+00,+2.552724532961E+00,+69.004082158E-03
+3.112825000E-03,+1.079718738493E+00,+2.552724532961E+00,+70.024182661E-03
+3.112830000E-03,+1.072930107916E+00,+2.552724532961E+00,+70.688127371E-03
+3.112835000E-03,+1.066607871776E+00,+2.552724532961E+00,+71.884107253E-03
+3.112840000E-03,+1.059663776338E+00,+2.552724532961E+00,+72.284232893E-03
+3.112845000E-03,+1.051890535235E+00,+2.552724532961E+00,+73.515388647E-03
+3.112850000E-03,+1.044272758946E+00,+2.552724532961E+00,+74.091393675E-03
+3.112855000E-03,+1.036706804257E+00,+2.552724532961E+00,+75.054333348E-03
+3.112860000E-03,+1.029503600798E+00,+2.552724532961E+00,+75.683102205E-03
+3.112865000E-03,+1.021004857189E+00,+2.552724532961E+00,+76.584484086E-03
+3.112870000E-03,+1.012713400011E+00,+2.552724532961E+00,+77.318780584E-03
+3.112875000E-03,+1.004473764417E+00,+2.552724532961E+00,+78.044283066E-03
+3.112880000E-03,+995.404983119E-03,+2.552724532961E+00,+78.879710212E-03
+3.112885000E-03,+986.958061103E-03,+2.552724532961E+00,+79.460112202E-03
+3.112890000E-03,+977.733814947E-03,+2.552724532961E+00,+80.326318234E-03
+3.112895000E-03,+969.597822588E-03,+2.552724532961E+00,+80.845162440E-03
+3.112900000E-03,+960.632684473E-03,+2.552724532961E+00,+81.684986560E-03
+3.112905000E-03,+951.719368021E-03,+2.552724532961E+00,+82.168654889E-03
+3.112910000E-03,+942.650586688E-03,+2.552724532961E+00,+82.863378505E-03
+3.112915000E-03,+933.115410946E-03,+2.552724532961E+00,+83.487750354E-03
+3.112920000E-03,+923.269305504E-03,+2.552724532961E+00,+84.072549348E-03
+3.112925000E-03,+912.956805678E-03,+2.552724532961E+00,+84.798051846E-03
+3.112930000E-03,+902.437019315E-03,+2.552724532961E+00,+85.352071943E-03
+3.112935000E-03,+892.642735512E-03,+2.552724532961E+00,+85.862122189E-03
+3.112940000E-03,+882.382057179E-03,+2.552724532961E+00,+86.512875947E-03
+3.112945000E-03,+871.499519647E-03,+2.552724532961E+00,+86.864634747E-03
+3.112950000E-03,+861.135198193E-03,+2.552724532961E+00,+87.695664883E-03
+3.112955000E-03,+849.786266087E-03,+2.552724532961E+00,+87.893529207E-03
+3.112960000E-03,+838.851906919E-03,+2.552724532961E+00,+88.667398539E-03
+3.112965000E-03,+828.902158286E-03,+2.552724532961E+00,+88.838880958E-03
+3.112970000E-03,+816.154042908E-03,+2.552724532961E+00,+89.617147268E-03
+3.112975000E-03,+804.079608352E-03,+2.552724532961E+00,+89.753453816E-03
+3.112980000E-03,+792.005173789E-03,+2.552724532961E+00,+90.500941229E-03
+3.112985000E-03,+780.241668858E-03,+2.552724532961E+00,+90.654835716E-03
+3.112990000E-03,+768.737271988E-03,+2.552724532961E+00,+91.186870873E-03
+3.112995000E-03,+757.025588725E-03,+2.552724532961E+00,+91.688127162E-03
+3.113000000E-03,+743.914722007E-03,+2.552724532961E+00,+91.762875896E-03
+3.113005000E-03,+731.788465832E-03,+2.552724532961E+00,+92.466393477E-03
+3.113010000E-03,+719.143993621E-03,+2.552724532961E+00,+92.431217600E-03
+3.113015000E-03,+706.654986281E-03,+2.552724532961E+00,+93.152323110E-03
+3.113020000E-03,+694.373265295E-03,+2.552724532961E+00,+93.090765340E-03
+3.113025000E-03,+681.573328223E-03,+2.552724532961E+00,+93.723931139E-03
+3.113030000E-03,+668.203353484E-03,+2.552724532961E+00,+93.596418606E-03
+3.113035000E-03,+655.299773212E-03,+2.552724532961E+00,+94.154835654E-03
+3.113040000E-03,+640.945187998E-03,+2.552724532961E+00,+94.141644733E-03
+3.113045000E-03,+628.767110208E-03,+2.552724532961E+00,+94.528579366E-03
+3.113050000E-03,+615.811708320E-03,+2.552724532961E+00,+94.695664822E-03
+3.113055000E-03,+601.353479852E-03,+2.552724532961E+00,+94.717649727E-03
+3.113060000E-03,+588.398077945E-03,+2.552724532961E+00,+95.038629642E-03
+3.113065000E-03,+574.561708786E-03,+2.552724532961E+00,+95.034232641E-03
+3.113070000E-03,+560.569874762E-03,+2.552724532961E+00,+95.315639685E-03
+3.113075000E-03,+547.044435240E-03,+2.552724532961E+00,+95.315639680E-03
+3.113080000E-03,+532.327098722E-03,+2.552724532961E+00,+95.407976370E-03
+3.113085000E-03,+518.231621454E-03,+2.552724532961E+00,+95.575061787E-03
+3.113090000E-03,+504.187965798E-03,+2.552724532961E+00,+95.548679877E-03
+3.113095000E-03,+489.988845359E-03,+2.552724532961E+00,+95.689383402E-03
+3.113100000E-03,+475.012400804E-03,+2.552724532961E+00,+95.522297978E-03
+3.113105000E-03,+460.502350700E-03,+2.552724532961E+00,+95.808101989E-03
+3.113110000E-03,+446.355051873E-03,+2.552724532961E+00,+95.504710031E-03
+3.113115000E-03,+430.756748068E-03,+2.552724532961E+00,+95.720162293E-03
+3.113120000E-03,+416.972200413E-03,+2.552724532961E+00,+95.478328129E-03
+3.113125000E-03,+402.721258383E-03,+2.552724532961E+00,+95.614634653E-03
+3.113130000E-03,+386.915668072E-03,+2.552724532961E+00,+95.473931137E-03
+3.113135000E-03,+371.524650649E-03,+2.552724532961E+00,+95.245287928E-03
+3.113140000E-03,+356.133633266E-03,+2.552724532961E+00,+95.333227627E-03
+3.113145000E-03,+341.623583102E-03,+2.552724532961E+00,+95.104584410E-03
+3.113150000E-03,+325.662528117E-03,+2.552724532961E+00,+95.016644713E-03
+3.113155000E-03,+311.359764375E-03,+2.552724532961E+00,+94.827574364E-03
+3.113160000E-03,+296.020568608E-03,+2.552724532961E+00,+94.612122103E-03
+3.113165000E-03,+280.370443143E-03,+2.552724532961E+00,+94.568152251E-03
+3.113170000E-03,+265.393998496E-03,+2.552724532961E+00,+94.071292970E-03
+3.113175000E-03,+250.676662055E-03,+2.552724532961E+00,+94.181217588E-03
+3.113180000E-03,+235.026536558E-03,+2.552724532961E+00,+93.464509057E-03
+3.113185000E-03,+219.169124623E-03,+2.552724532961E+00,+93.838252758E-03
+3.113190000E-03,+203.000783148E-03,+2.552724532961E+00,+92.866519120E-03
+3.113195000E-03,+188.231624999E-03,+2.552724532961E+00,+93.389760297E-03
+3.113200000E-03,+171.648710592E-03,+2.552724532961E+00,+92.228956313E-03
+3.113205000E-03,+156.516801198E-03,+2.552724532961E+00,+92.664257798E-03
+3.113210000E-03,+140.503924465E-03,+2.552724532961E+00,+91.701318131E-03
+3.113215000E-03,+123.091864464E-03,+2.552724532961E+00,+91.771669870E-03
+3.113220000E-03,+107.804490203E-03,+2.552724532961E+00,+91.081343258E-03
+3.113225000E-03,+92.879867251E-03,+2.552724532961E+00,+90.940639725E-03
+3.113230000E-03,+76.763347295E-03,+2.552724532961E+00,+90.298679950E-03
+3.113235000E-03,+61.683259464E-03,+2.552724532961E+00,+90.004081950E-03
+3.113240000E-03,+45.100345146E-03,+2.552724532961E+00,+89.608353316E-03
+3.113245000E-03,+29.087468434E-03,+2.552724532961E+00,+88.979584484E-03
+3.113250000E-03,+13.333699701E-03,+2.552724532961E+00,+88.728956334E-03
+3.113255000E-03,-1.487279942E-03,+2.552724532961E+00,+87.999056861E-03
+3.113260000E-03,-16.774654227E-03,+2.552724532961E+00,+87.700061873E-03
+3.113265000E-03,-32.632066097E-03,+2.552724532961E+00,+87.027323203E-03
+3.113270000E-03,-47.193937837E-03,+2.552724532961E+00,+86.587624697E-03
+3.113275000E-03,-63.258636121E-03,+2.552724532961E+00,+85.972046829E-03
+3.113280000E-03,-78.546010345E-03,+2.552724532961E+00,+85.365262902E-03
+3.113285000E-03,-94.092492574E-03,+2.552724532961E+00,+84.824433781E-03
+3.113290000E-03,-110.416298956E-03,+2.552724532961E+00,+84.147298092E-03
+3.113295000E-03,-127.517429402E-03,+2.552724532961E+00,+83.597674999E-03
+3.113300000E-03,-142.649338816E-03,+2.552724532961E+00,+82.841393598E-03
+3.113305000E-03,-158.714037169E-03,+2.552724532961E+00,+82.287373497E-03
+3.113310000E-03,-174.053232940E-03,+2.552724532961E+00,+81.623428791E-03
+3.113315000E-03,-189.340607160E-03,+2.552724532961E+00,+80.959484059E-03
+3.113320000E-03,-204.057943649E-03,+2.552724532961E+00,+80.233981575E-03
+3.113325000E-03,-218.982566559E-03,+2.552724532961E+00,+79.543654930E-03
+3.113330000E-03,-235.669124219E-03,+2.552724532961E+00,+79.011619768E-03
+3.113335000E-03,-252.148395391E-03,+2.552724532961E+00,+78.017901174E-03
+3.113340000E-03,-267.953985669E-03,+2.552724532961E+00,+77.565011751E-03
+3.113345000E-03,-282.515857364E-03,+2.552724532961E+00,+76.470162501E-03
+3.113350000E-03,-297.544123535E-03,+2.552724532961E+00,+75.982097194E-03
+3.113355000E-03,-313.764286711E-03,+2.552724532961E+00,+74.961996689E-03
+3.113360000E-03,-329.725341804E-03,+2.552724532961E+00,+74.394785648E-03
+3.113365000E-03,-343.924462271E-03,+2.552724532961E+00,+73.370288159E-03
+3.113370000E-03,-359.522766136E-03,+2.552724532961E+00,+72.732725364E-03
+3.113375000E-03,-374.654675451E-03,+2.552724532961E+00,+71.686242958E-03
+3.113380000E-03,-390.201157751E-03,+2.552724532961E+00,+71.022298256E-03
+3.113385000E-03,-405.747639921E-03,+2.552724532961E+00,+69.993403777E-03
+3.113390000E-03,-420.309511650E-03,+2.552724532961E+00,+69.206343500E-03
+3.113395000E-03,-434.560453787E-03,+2.552724532961E+00,+68.120288218E-03
+3.113400000E-03,-449.899649573E-03,+2.552724532961E+00,+67.368403822E-03
+3.113405000E-03,-464.461521301E-03,+2.552724532961E+00,+66.176820910E-03
+3.113410000E-03,-479.541608992E-03,+2.552724532961E+00,+65.521670172E-03
+3.113415000E-03,-494.103480729E-03,+2.552724532961E+00,+64.338881225E-03
+3.113420000E-03,-508.095314775E-03,+2.552724532961E+00,+63.622172705E-03
+3.113425000E-03,-523.123580933E-03,+2.552724532961E+00,+62.377825973E-03
+3.113430000E-03,-536.856306908E-03,+2.552724532961E+00,+61.722675234E-03
+3.113435000E-03,-550.692676165E-03,+2.552724532961E+00,+60.421167700E-03
+3.113440000E-03,-565.202726177E-03,+2.552724532961E+00,+59.642901380E-03
+3.113445000E-03,-578.209949710E-03,+2.552724532961E+00,+58.402951643E-03
+3.113450000E-03,-593.549145504E-03,+2.552724532961E+00,+57.563127534E-03
+3.113455000E-03,-607.178228340E-03,+2.552724532961E+00,+56.318780816E-03
+3.113460000E-03,-620.185451806E-03,+2.552724532961E+00,+55.492147658E-03
+3.113465000E-03,-633.814534562E-03,+2.552724532961E+00,+54.256594905E-03
+3.113470000E-03,-647.132687665E-03,+2.552724532961E+00,+53.350816028E-03
+3.113475000E-03,-660.243554409E-03,+2.552724532961E+00,+52.330715531E-03
+3.113480000E-03,-674.079923519E-03,+2.552724532961E+00,+51.077574841E-03
+3.113485000E-03,-686.050714902E-03,+2.552724532961E+00,+50.220162789E-03
+3.113490000E-03,-698.850651968E-03,+2.552724532961E+00,+48.949434163E-03
+3.113495000E-03,-711.391480929E-03,+2.552724532961E+00,+47.836996987E-03
+3.113500000E-03,-723.880488350E-03,+2.552724532961E+00,+46.693780924E-03
+3.113505000E-03,-736.473139010E-03,+2.552724532961E+00,+45.625313592E-03
+3.113510000E-03,-749.376719278E-03,+2.552724532961E+00,+44.416142759E-03
+3.113515000E-03,-761.347510569E-03,+2.552724532961E+00,+43.286117632E-03
+3.113520000E-03,-773.214658700E-03,+2.552724532961E+00,+42.041770923E-03
+3.113525000E-03,-786.429168563E-03,+2.552724532961E+00,+40.885363891E-03
+3.113530000E-03,-798.037208702E-03,+2.552724532961E+00,+39.790514668E-03
+3.113535000E-03,-809.127032717E-03,+2.552724532961E+00,+38.326318693E-03
+3.113540000E-03,-820.735072739E-03,+2.552724532961E+00,+37.578831271E-03
+3.113545000E-03,-832.084004854E-03,+2.552724532961E+00,+35.837625259E-03
+3.113550000E-03,-843.432936855E-03,+2.552724532961E+00,+35.125313710E-03
+3.113555000E-03,-855.300084910E-03,+2.552724532961E+00,+33.388504679E-03
+3.113560000E-03,-864.731617586E-03,+2.552724532961E+00,+32.715765999E-03
+3.113565000E-03,-876.236014422E-03,+2.552724532961E+00,+30.891017270E-03
+3.113570000E-03,-886.963087163E-03,+2.552724532961E+00,+30.354585112E-03
+3.113575000E-03,-897.171943851E-03,+2.552724532961E+00,+28.318781121E-03
+3.113580000E-03,-908.520875902E-03,+2.552724532961E+00,+27.896670571E-03
+3.113585000E-03,-919.766164680E-03,+2.552724532961E+00,+25.847675626E-03
+3.113590000E-03,-929.612270132E-03,+2.552724532961E+00,+25.320037428E-03
+3.113595000E-03,-939.095624289E-03,+2.552724532961E+00,+23.446921876E-03
+3.113600000E-03,-949.200837753E-03,+2.552724532961E+00,+22.677449519E-03
+3.113605000E-03,-958.528727108E-03,+2.552724532961E+00,+21.010992254E-03
+3.113610000E-03,-968.323010944E-03,+2.552724532961E+00,+20.030464623E-03
+3.113615000E-03,-978.531867572E-03,+2.552724532961E+00,+18.500313891E-03
+3.113620000E-03,-986.771503183E-03,+2.552724532961E+00,+17.357097819E-03
+3.113625000E-03,-996.669430179E-03,+2.552724532961E+00,+16.007223464E-03
+3.113630000E-03,-1.006411892429E+00,+2.552724532961E+00,+14.740891819E-03
+3.113635000E-03,-1.015791603358E+00,+2.552724532961E+00,+13.584484793E-03
+3.113640000E-03,-1.024342168627E+00,+2.552724532961E+00,+11.966394367E-03
+3.113645000E-03,-1.032219052922E+00,+2.552724532961E+00,+11.021042611E-03
+3.113650000E-03,-1.039888650881E+00,+2.552724532961E+00,+9.358982333E-03
+3.113655000E-03,-1.048076464885E+00,+2.552724532961E+00,+8.382851679E-03
+3.113660000E-03,-1.056108814002E+00,+2.552724532961E+00,+6.769158244E-03
+3.113665000E-03,-1.064348449597E+00,+2.552724532961E+00,+5.731469801E-03
+3.113670000E-03,-1.071707117902E+00,+2.552724532961E+00,+4.258479879E-03
+3.113675000E-03,-1.079428537405E+00,+2.552724532961E+00,+3.150439677E-03
+3.113680000E-03,-1.086320811217E+00,+2.552724532961E+00,+1.721419593E-03
+3.113685000E-03,-1.093575836244E+00,+2.552724532961E+00,+503.454782E-06
+3.113690000E-03,-1.100157180412E+00,+2.552724532961E+00,-864.007509E-06
+3.113695000E-03,-1.106634881317E+00,+2.552724532961E+00,-2.200690909E-03
+3.113700000E-03,-1.113164403877E+00,+2.552724532961E+00,-3.304334128E-03
+3.113705000E-03,-1.118916602317E+00,+2.552724532961E+00,-4.790515001E-03
+3.113710000E-03,-1.125446124856E+00,+2.552724532961E+00,-5.916143140E-03
+3.113715000E-03,-1.130731928832E+00,+2.552724532961E+00,-7.419911960E-03
+3.113720000E-03,-1.135706803155E+00,+2.552724532961E+00,-8.611494877E-03
+3.113725000E-03,-1.142184504078E+00,+2.552724532961E+00,-10.044911925E-03
+3.113730000E-03,-1.146692983976E+00,+2.552724532961E+00,-11.188128017E-03
+3.113735000E-03,-1.152600647182E+00,+2.552724532961E+00,-12.832600336E-03
+3.113740000E-03,-1.156901840642E+00,+2.360906080719E+00,-13.720791303E-03
+3.113745000E-03,-1.160736639527E+00,+79.970179086E-03,-15.475188254E-03
+3.113750000E-03,-1.166022443516E+00,-172.856467906E-03,-16.205087758E-03
+3.113755000E-03,-1.169753599272E+00,-131.634737002E-03,-18.276067616E-03
+3.113760000E-03,-1.174313900696E+00,+210.387872452E-03,-18.750942007E-03
+3.113765000E-03,-1.177164089134E+00,-38.669908474E-03,-20.918655526E-03
+3.113770000E-03,-1.182709001126E+00,-70.940640239E-03,-21.226444500E-03
+3.113775000E-03,-1.186077405717E+00,-102.269156854E-03,-23.600816298E-03
+3.113780000E-03,-1.189756739714E+00,-31.289259597E-03,-23.934987176E-03
+3.113785000E-03,-1.193125144257E+00,-42.124684820E-03,-26.107097681E-03
+3.113790000E-03,-1.195819867824E+00,-51.154208199E-03,-26.573178111E-03
+3.113795000E-03,-1.197789088965E+00,-56.728956343E-03,-28.547424293E-03
+3.113800000E-03,-1.200846563772E+00,-52.881595201E-03,-29.334484608E-03
+3.113805000E-03,-1.203282179346E+00,-47.071293360E-03,-31.093278530E-03
+3.113810000E-03,-1.204681362735E+00,-51.389760736E-03,-31.893529807E-03
+3.113815000E-03,-1.207116978256E+00,-49.897926568E-03,-33.454459416E-03
+3.113820000E-03,-1.208567983340E+00,-50.133479389E-03,-34.637248365E-03
+3.113825000E-03,-1.210329917950E+00,-47.699434176E-03,-35.907976982E-03
+3.113830000E-03,-1.211936387804E+00,-48.406092466E-03,-37.262248333E-03
+3.113835000E-03,-1.213076463208E+00,-46.286117687E-03,-38.277951833E-03
+3.113840000E-03,-1.213801965696E+00,-48.406092400E-03,-39.860866391E-03
+3.113845000E-03,-1.215304792225E+00,-46.992776018E-03,-40.665514625E-03
+3.113850000E-03,-1.215201149128E+00,-47.542398935E-03,-42.230841236E-03
+3.113855000E-03,-1.215874829912E+00,-47.463881501E-03,-43.290514592E-03
+3.113860000E-03,-1.215460257170E+00,-48.170539751E-03,-44.587625133E-03
+3.113865000E-03,-1.216030294760E+00,-46.678705643E-03,-45.695665322E-03
+3.113870000E-03,-1.215460257135E+00,-48.406092466E-03,-46.900439184E-03
+3.113875000E-03,-1.214164716970E+00,-45.579459351E-03,-48.021670319E-03
+3.113880000E-03,-1.214631111420E+00,-46.050564800E-03,-49.340765799E-03
+3.113885000E-03,-1.213024641570E+00,-46.129082427E-03,-50.457599935E-03
+3.113890000E-03,-1.212869176748E+00,-46.914258252E-03,-51.627197939E-03
+3.113895000E-03,-1.211521814962E+00,-45.972047313E-03,-52.911117492E-03
+3.113900000E-03,-1.210018988336E+00,-48.484610020E-03,-53.944408974E-03
+3.113905000E-03,-1.208930734658E+00,-45.343906463E-03,-55.144785818E-03
+3.113910000E-03,-1.206184189431E+00,-45.972047326E-03,-56.244032059E-03
+3.113915000E-03,-1.204266789896E+00,-43.302449232E-03,-57.272926497E-03
+3.113920000E-03,-1.202971249762E+00,-46.835740758E-03,-58.521670220E-03
+3.113925000E-03,-1.200172882971E+00,-44.323177931E-03,-59.379082263E-03
+3.113930000E-03,-1.198100018663E+00,-45.579459391E-03,-60.619032010E-03
+3.113935000E-03,-1.195975332756E+00,-44.401695457E-03,-61.700690273E-03
+3.113940000E-03,-1.192295998620E+00,-47.385363801E-03,-62.711996810E-03
+3.113945000E-03,-1.189601275022E+00,-44.323177911E-03,-63.850815883E-03
+3.113950000E-03,-1.185714654452E+00,-46.207599967E-03,-64.840137487E-03
+3.113955000E-03,-1.182501714810E+00,-44.480213078E-03,-66.049308321E-03
+3.113960000E-03,-1.178355986229E+00,-44.087625223E-03,-66.959484195E-03
+3.113965000E-03,-1.174210257595E+00,-45.265388969E-03,-68.067524380E-03
+3.113970000E-03,-1.170634566718E+00,-45.579459271E-03,-68.982097247E-03
+3.113975000E-03,-1.166126086880E+00,-45.108353802E-03,-70.068152497E-03
+3.113980000E-03,-1.161876715098E+00,-45.343906536E-03,-70.894785659E-03
+3.113985000E-03,-1.157679164834E+00,-43.852072455E-03,-71.875313284E-03
+3.113990000E-03,-1.152186074489E+00,-44.244660377E-03,-72.904207755E-03
+3.113995000E-03,-1.147470308195E+00,-43.930589921E-03,-73.656092167E-03
+3.114000000E-03,-1.141614466585E+00,-43.695037247E-03,-74.874056978E-03
+3.114005000E-03,-1.136121376142E+00,-44.087625102E-03,-75.502825815E-03
+3.114010000E-03,-1.130939215438E+00,-44.715765792E-03,-76.769157459E-03
+3.114015000E-03,-1.124202406416E+00,-43.302449305E-03,-77.274810720E-03
+3.114020000E-03,-1.118968424038E+00,-44.794283413E-03,-78.510363472E-03
+3.114025000E-03,-1.112387079936E+00,-41.889132724E-03,-79.143529293E-03
+3.114030000E-03,-1.105132054915E+00,-44.794283359E-03,-80.260363446E-03
+3.114035000E-03,-1.098809818767E+00,-42.281720666E-03,-80.853956415E-03
+3.114040000E-03,-1.091865723368E+00,-43.930590002E-03,-81.852071977E-03
+3.114045000E-03,-1.084662519896E+00,-42.438755834E-03,-82.612750362E-03
+3.114050000E-03,-1.077096565230E+00,-42.517273434E-03,-83.505338294E-03
+3.114055000E-03,-1.069893361799E+00,-42.909861411E-03,-84.380338282E-03
+3.114060000E-03,-1.063622947275E+00,-41.889132744E-03,-85.048679983E-03
+3.114065000E-03,-1.054191414776E+00,-42.203203093E-03,-85.928076957E-03
+3.114070000E-03,-1.047091854492E+00,-42.124685526E-03,-86.583227708E-03
+3.114075000E-03,-1.039111326957E+00,-41.653579976E-03,-87.387875939E-03
+3.114080000E-03,-1.030198010443E+00,-43.459484473E-03,-88.104584480E-03
+3.114085000E-03,-1.021699266905E+00,-42.124685560E-03,-88.658604566E-03
+3.114090000E-03,-1.012475020692E+00,-42.360238226E-03,-89.533604569E-03
+3.114095000E-03,-1.002836201795E+00,-40.946921638E-03,-90.092021634E-03
+3.114100000E-03,-994.337458073E-03,-42.438755834E-03,-90.949433697E-03
+3.114105000E-03,-985.372319978E-03,-41.339509614E-03,-91.323177401E-03
+3.114110000E-03,-975.059820156E-03,-42.360238315E-03,-92.228956290E-03
+3.114115000E-03,-965.887395626E-03,-42.203202997E-03,-92.444408548E-03
+3.114120000E-03,-956.611327864E-03,-43.380966852E-03,-93.508478888E-03
+3.114125000E-03,-946.661579204E-03,-41.339509655E-03,-93.605212556E-03
+3.114130000E-03,-936.711830549E-03,-41.967650277E-03,-94.594534156E-03
+3.114135000E-03,-925.311076957E-03,-42.203203025E-03,-94.744031638E-03
+3.114140000E-03,-916.138652428E-03,-42.988378930E-03,-95.706971331E-03
+3.114145000E-03,-904.789720402E-03,-41.967650256E-03,-95.794911024E-03
+3.114150000E-03,-893.492609966E-03,-42.595790967E-03,-96.753453728E-03
+3.114155000E-03,-882.299142781E-03,-41.025439300E-03,-96.806217550E-03
+3.114160000E-03,-872.349394048E-03,-42.988378889E-03,-97.839508993E-03
+3.114165000E-03,-861.518678184E-03,-43.302449278E-03,-97.733981356E-03
+3.114170000E-03,-851.309821496E-03,-42.203203017E-03,-98.784860745E-03
+3.114175000E-03,-840.064532608E-03,-40.868404161E-03,-98.692524061E-03
+3.114180000E-03,-827.990098128E-03,-41.418027195E-03,-99.558730078E-03
+3.114185000E-03,-816.952095670E-03,-38.434359009E-03,-99.580715014E-03
+3.114190000E-03,-804.825839536E-03,-41.339509511E-03,-100.354584338E-03
+3.114195000E-03,-792.906869856E-03,-39.769157838E-03,-100.394157216E-03
+3.114200000E-03,-778.293176568E-03,-42.674308574E-03,-100.965765242E-03
+3.114205000E-03,-766.633314861E-03,-41.496544823E-03,-101.106468772E-03
+3.114210000E-03,-754.299772207E-03,-41.496544671E-03,-101.467021517E-03
+3.114215000E-03,-741.396192075E-03,-39.769157962E-03,-101.893529063E-03
+3.114220000E-03,-729.114471042E-03,-41.339509587E-03,-101.946292872E-03
+3.114225000E-03,-718.335576635E-03,-41.182474454E-03,-102.482725037E-03
+3.114230000E-03,-705.069245123E-03,-43.302449237E-03,-102.447549149E-03
+3.114235000E-03,-692.113843321E-03,-41.496544719E-03,-102.957599399E-03
+3.114240000E-03,-678.743868571E-03,-42.281720701E-03,-102.926820503E-03
+3.114245000E-03,-665.477537110E-03,-42.046167864E-03,-103.384106930E-03
+3.114250000E-03,-652.522135147E-03,-41.732097571E-03,-103.256594375E-03
+3.114255000E-03,-637.442047438E-03,-39.847675439E-03,-103.691895870E-03
+3.114260000E-03,-624.745753526E-03,-41.182474406E-03,-103.603956188E-03
+3.114265000E-03,-610.028417074E-03,-39.769157886E-03,-103.845790341E-03
+3.114270000E-03,-596.399334283E-03,-41.496544678E-03,-103.977699898E-03
+3.114275000E-03,-583.703040412E-03,-40.789886526E-03,-103.902951148E-03
+3.114280000E-03,-569.763028008E-03,-41.575062334E-03,-104.347046621E-03
+3.114285000E-03,-556.341231665E-03,-40.318780975E-03,-104.026066725E-03
+3.114290000E-03,-542.090289638E-03,-40.711368883E-03,-104.377825520E-03
+3.114295000E-03,-527.528417935E-03,-39.847675536E-03,-104.131594359E-03
+3.114300000E-03,-513.588405563E-03,-40.475816115E-03,-104.448177277E-03
+3.114305000E-03,-499.078355444E-03,-40.711368911E-03,-104.237121996E-03
+3.114310000E-03,-483.998267662E-03,-40.789886428E-03,-104.377825513E-03
+3.114315000E-03,-469.125466373E-03,-39.926193026E-03,-104.149182302E-03
+3.114320000E-03,-454.408129806E-03,-41.496544865E-03,-104.325061695E-03
+3.114325000E-03,-439.690793193E-03,-39.376569958E-03,-104.131594363E-03
+3.114330000E-03,-424.299775807E-03,-40.946921616E-03,-104.034860705E-03
+3.114335000E-03,-409.634260916E-03,-40.004710648E-03,-104.017272755E-03
+3.114340000E-03,-393.465919473E-03,-41.496544775E-03,-103.775438591E-03
+3.114345000E-03,-379.318620561E-03,-40.946921693E-03,-103.749056678E-03
+3.114350000E-03,-363.875781470E-03,-42.517273505E-03,-103.480840598E-03
+3.114355000E-03,-348.225656079E-03,-38.355841249E-03,-103.344534074E-03
+3.114360000E-03,-333.145568246E-03,-41.260992069E-03,-103.217021508E-03
+3.114365000E-03,-317.495442841E-03,-39.847675432E-03,-102.983981320E-03
+3.114370000E-03,-301.897138992E-03,-40.554333659E-03,-102.781719999E-03
+3.114375000E-03,-287.594375327E-03,-39.533605153E-03,-102.641016497E-03
+3.114380000E-03,-271.218747357E-03,-41.025439217E-03,-102.188127044E-03
+3.114385000E-03,-255.879551541E-03,-41.025439189E-03,-102.232096903E-03
+3.114390000E-03,-240.540355693E-03,-40.397298633E-03,-101.607725035E-03
+3.114395000E-03,-223.853798106E-03,-40.318780954E-03,-101.664885860E-03
+3.114400000E-03,-207.529991739E-03,-41.260992084E-03,-100.825061736E-03
+3.114405000E-03,-193.123584854E-03,-39.376569937E-03,-101.005338122E-03
+3.114410000E-03,-177.732567426E-03,-41.810615053E-03,-100.139132096E-03
+3.114415000E-03,-162.445193148E-03,-39.926193110E-03,-100.420539133E-03
+3.114420000E-03,-146.484138136E-03,-40.711368882E-03,-99.325689906E-03
+3.114425000E-03,-130.263975012E-03,-39.062499624E-03,-99.593905970E-03
+3.114430000E-03,-114.251098304E-03,-40.868404071E-03,-98.586996442E-03
+3.114435000E-03,-98.393686358E-03,-40.083228193E-03,-98.586996426E-03
+3.114440000E-03,-83.831814678E-03,-41.260991992E-03,-97.835112039E-03
+3.114445000E-03,-68.648083680E-03,-40.868404099E-03,-97.500941156E-03
+3.114450000E-03,-52.531563766E-03,-41.889132689E-03,-96.982096974E-03
+3.114455000E-03,-37.451476026E-03,-39.533605097E-03,-96.463252728E-03
+3.114460000E-03,-21.904993794E-03,-41.575062348E-03,-96.124684918E-03
+3.114465000E-03,-5.322079329E-03,-40.632851309E-03,-95.359609531E-03
+3.114470000E-03,+10.017116501E-03,-41.418027180E-03,-95.108981400E-03
+3.114475000E-03,+25.822706727E-03,-39.926193004E-03,-94.141644721E-03
+3.114480000E-03,+41.783761851E-03,-40.946921615E-03,-94.005338192E-03
+3.114485000E-03,+59.040357177E-03,-40.632851352E-03,-93.033604541E-03
+3.114490000E-03,+73.705872085E-03,-40.632851338E-03,-92.695036708E-03
+3.114495000E-03,+88.682316639E-03,-39.926193011E-03,-91.978328169E-03
+3.114500000E-03,+105.576160651E-03,-41.418027316E-03,-91.406720128E-03
+3.114505000E-03,+121.589037383E-03,-40.946921587E-03,-90.755966371E-03
+3.114510000E-03,+137.601914020E-03,-40.868404007E-03,-89.986494025E-03
+3.114515000E-03,+154.184828458E-03,-38.826946842E-03,-89.502825676E-03
+3.114520000E-03,+169.938597147E-03,-39.769157923E-03,-88.632222686E-03
+3.114525000E-03,+185.018684921E-03,-39.612122691E-03,-88.166142269E-03
+3.114530000E-03,+200.409702325E-03,-42.046167941E-03,-87.251569435E-03
+3.114535000E-03,+216.578043860E-03,-38.669911732E-03,-86.715137259E-03
+3.114540000E-03,+231.813596564E-03,-40.868404071E-03,-85.782976484E-03
+3.114545000E-03,+247.567365164E-03,-39.612122670E-03,-85.070664923E-03
+3.114550000E-03,+262.958382601E-03,-40.554333808E-03,-84.248428759E-03
+3.114555000E-03,+279.852226618E-03,-39.769157837E-03,-83.483353382E-03
+3.114560000E-03,+294.621384779E-03,-39.769157858E-03,-82.643529275E-03
+3.114565000E-03,+309.960580552E-03,-40.789886577E-03,-81.808102152E-03
+3.114570000E-03,+325.247954798E-03,-40.868404035E-03,-80.853956433E-03
+3.114575000E-03,+339.809826520E-03,-39.847675367E-03,-80.286745382E-03
+3.114580000E-03,+355.045379087E-03,-40.868404114E-03,-79.064383583E-03
+3.114585000E-03,+370.021823703E-03,-39.141017162E-03,-78.536745414E-03
+3.114590000E-03,+384.480052144E-03,-40.789886541E-03,-77.266016764E-03
+3.114595000E-03,+399.663783151E-03,-38.905464393E-03,-76.786745428E-03
+3.114600000E-03,+415.002978966E-03,-41.496544868E-03,-75.313755491E-03
+3.114605000E-03,+429.979423563E-03,-39.612122691E-03,-74.909232877E-03
+3.114610000E-03,+443.401219844E-03,-42.124685421E-03,-73.581343450E-03
+3.114615000E-03,+458.740415717E-03,-39.769157873E-03,-72.939383651E-03
+3.114620000E-03,+472.576784877E-03,-41.575062333E-03,-71.712624873E-03
+3.114625000E-03,+488.019623922E-03,-39.612122662E-03,-70.912373633E-03
+3.114630000E-03,+501.752349929E-03,-41.025439317E-03,-70.006594735E-03
+3.114635000E-03,+516.832437664E-03,-40.083228163E-03,-68.889760584E-03
+3.114640000E-03,+530.720628456E-03,-40.789886483E-03,-68.243403800E-03
+3.114645000E-03,+545.282500231E-03,-41.653579920E-03,-66.748428954E-03
+3.114650000E-03,+559.481620605E-03,-40.161745844E-03,-66.146042014E-03
+3.114655000E-03,+573.369811349E-03,-39.690640257E-03,-64.804961632E-03
+3.114660000E-03,+586.947072644E-03,-40.632851345E-03,-63.947549570E-03
+3.114665000E-03,+600.627977015E-03,-39.847675511E-03,-62.650439054E-03
+3.114670000E-03,+614.464346261E-03,-41.496544745E-03,-61.740263159E-03
+3.114675000E-03,+627.886142595E-03,-41.103956832E-03,-60.619032038E-03
+3.114680000E-03,+640.893366045E-03,-40.554333809E-03,-59.524182786E-03
+3.114685000E-03,+654.418805623E-03,-40.711368874E-03,-58.596418992E-03
+3.114690000E-03,+667.011456170E-03,-40.632851331E-03,-57.123429058E-03
+3.114695000E-03,+679.085890761E-03,-40.004710525E-03,-56.485866241E-03
+3.114700000E-03,+692.507687105E-03,-39.141017256E-03,-54.823805973E-03
+3.114705000E-03,+705.566732148E-03,-40.161745786E-03,-54.221419018E-03
+3.114710000E-03,+718.314847531E-03,-40.789886498E-03,-52.660489412E-03
+3.114715000E-03,+729.560136466E-03,-39.141017249E-03,-51.723931613E-03
+3.114720000E-03,+742.463716696E-03,-41.732097543E-03,-50.378454266E-03
+3.114725000E-03,+756.611015501E-03,-40.789886491E-03,-49.222047217E-03
+3.114730000E-03,+767.700839599E-03,-40.789886534E-03,-48.144785940E-03
+3.114735000E-03,+779.619809234E-03,-40.632851345E-03,-46.821293480E-03
+3.114740000E-03,+791.020562977E-03,-41.182474411E-03,-45.805589989E-03
+3.114745000E-03,+801.488527674E-03,-41.260991911E-03,-44.464509595E-03
+3.114750000E-03,+813.562962233E-03,-41.967650341E-03,-43.461997050E-03
+3.114755000E-03,+824.963715822E-03,-41.575062281E-03,-41.967022174E-03
+3.114760000E-03,+836.416291095E-03,-41.339509629E-03,-41.070037273E-03
+3.114765000E-03,+847.247007050E-03,-40.868404129E-03,-39.487122705E-03
+3.114770000E-03,+858.388652698E-03,-41.653580044E-03,-38.502198101E-03
+3.114775000E-03,+869.012082198E-03,-39.455087524E-03,-37.046796095E-03
+3.114780000E-03,+881.449267961E-03,-41.575062230E-03,-36.017901644E-03
+3.114785000E-03,+890.932622150E-03,-40.004710759E-03,-34.522926778E-03
+3.114790000E-03,+901.659695010E-03,-42.360238240E-03,-33.480841374E-03
+3.114795000E-03,+911.298513877E-03,-40.632851236E-03,-31.906720779E-03
+3.114800000E-03,+922.129229981E-03,-41.575062530E-03,-31.093278584E-03
+3.114805000E-03,+931.301654371E-03,-40.318780916E-03,-29.325690658E-03
+3.114810000E-03,+940.888651804E-03,-41.575062413E-03,-28.441896700E-03
+3.114815000E-03,+950.112897941E-03,-39.847675489E-03,-26.810615306E-03
+3.114820000E-03,+959.129857663E-03,-42.203202992E-03,-25.794911799E-03
+3.114825000E-03,+968.405925407E-03,-40.083228207E-03,-24.097675649E-03
+3.114830000E-03,+978.407495637E-03,-41.732097617E-03,-23.253454527E-03
+3.114835000E-03,+985.558877480E-03,-40.240263395E-03,-21.507851567E-03
+3.114840000E-03,+994.368550777E-03,-42.124685501E-03,-20.461369130E-03
+3.114845000E-03,+1.003230045686E+00,-40.868404078E-03,-19.076318920E-03
+3.114850000E-03,+1.011832432489E+00,-40.632851316E-03,-17.669283739E-03
+3.114855000E-03,+1.020849392148E+00,-40.083228207E-03,-16.737122956E-03
+3.114860000E-03,+1.028208060430E+00,-41.653580015E-03,-14.951947088E-03
+3.114865000E-03,+1.035203977426E+00,-41.967650253E-03,-14.169283791E-03
+3.114870000E-03,+1.042821753736E+00,-41.575062354E-03,-12.318153154E-03
+3.114875000E-03,+1.050854102925E+00,-41.182474389E-03,-11.456344115E-03
+3.114880000E-03,+1.057746376687E+00,-40.711368963E-03,-9.776695895E-03
+3.114885000E-03,+1.065364153055E+00,-41.103956891E-03,-8.778580312E-03
+3.114890000E-03,+1.072308248444E+00,-41.260991998E-03,-7.173680858E-03
+3.114895000E-03,+1.078941414226E+00,-40.240263418E-03,-6.078831608E-03
+3.114900000E-03,+1.086662833663E+00,-42.517273288E-03,-4.689384401E-03
+3.114905000E-03,+1.093295999470E+00,-39.926193084E-03,-3.383479871E-03
+3.114910000E-03,+1.098892733083E+00,-41.653580008E-03,-2.205087939E-03
+3.114915000E-03,+1.105422255587E+00,-39.690640234E-03,-723.304024E-06
+3.114920000E-03,+1.110397129925E+00,-42.203203006E-03,+331.972338E-06
+3.114925000E-03,+1.115942041931E+00,-40.161745808E-03,+1.875314037E-03
+3.114930000E-03,+1.121538775603E+00,+38.198800330E-03,+3.097675824E-03
+3.114935000E-03,+1.125580860958E+00,+2.352112073926E+00,+4.443153203E-03
+3.114940000E-03,+1.129882054394E+00,+2.552567497787E+00,+5.652324047E-03
+3.114945000E-03,+1.134079604531E+00,+2.552567497787E+00,+7.015389348E-03
+3.114950000E-03,+1.138950835689E+00,+2.552567497787E+00,+8.325690850E-03
+3.114955000E-03,+1.143977531590E+00,+2.552567497787E+00,+9.548052645E-03
+3.114960000E-03,+1.147501400919E+00,+2.552567497787E+00,+10.915514943E-03
+3.114965000E-03,+1.152009880780E+00,+2.552567497787E+00,+12.129082763E-03
+3.114970000E-03,+1.155067355622E+00,+2.552567497787E+00,+13.558102850E-03
+3.114975000E-03,+1.158383938540E+00,+2.552567497787E+00,+14.648555102E-03
+3.114980000E-03,+1.162063272681E+00,+2.552567497787E+00,+16.125942027E-03
+3.114985000E-03,+1.164706174633E+00,+2.552567497787E+00,+17.313127937E-03
+3.114990000E-03,+1.167452719830E+00,+2.552567497787E+00,+18.663002288E-03
+3.114995000E-03,+1.170147443454E+00,+2.552567497787E+00,+19.946921873E-03
