x-axis,1,2,3
second,Volt,Volt,Volt
+3.105000000E-03,+1.153046312984E+00,+2.552724532961E+00,+27.105213277E-03
+3.105005000E-03,+1.155533750143E+00,+2.552724532961E+00,+28.283605225E-03
+3.105010000E-03,+1.157399328012E+00,+2.552724532961E+00,+29.602700688E-03
+3.105015000E-03,+1.158539403377E+00,+2.552724532961E+00,+30.851444393E-03
+3.105020000E-03,+1.159109441060E+00,+2.552724532961E+00,+32.003454431E-03
+3.105025000E-03,+1.160145873209E+00,+2.552724532961E+00,+33.278580045E-03
+3.105030000E-03,+1.160353159639E+00,+2.552724532961E+00,+34.465765962E-03
+3.105035000E-03,+1.160560446069E+00,+2.552724532961E+00,+35.639760925E-03
+3.105040000E-03,+1.160508624462E+00,+2.552724532961E+00,+37.024811161E-03
+3.105045000E-03,+1.159938586780E+00,+2.552724532961E+00,+37.992147834E-03
+3.105050000E-03,+1.159886765173E+00,+2.552724532961E+00,+39.399182995E-03
+3.105055000E-03,+1.159575835527E+00,+2.552724532961E+00,+40.331343789E-03
+3.105060000E-03,+1.158591224985E+00,+2.552724532961E+00,+41.751569904E-03
+3.105065000E-03,+1.157969365696E+00,+2.552724532961E+00,+42.780464366E-03
+3.105070000E-03,+1.157502971228E+00,+2.552724532961E+00,+44.121544753E-03
+3.105075000E-03,+1.155585571751E+00,+2.552724532961E+00,+45.044911578E-03
+3.105080000E-03,+1.155481928535E+00,+2.552724532961E+00,+46.359610056E-03
+3.105085000E-03,+1.153098134592E+00,+2.552724532961E+00,+47.366519593E-03
+3.105090000E-03,+1.150247946180E+00,+2.552724532961E+00,+48.461368828E-03
+3.105095000E-03,+1.148486011525E+00,+2.552724532961E+00,+49.732097457E-03
+3.105100000E-03,+1.147656865805E+00,+2.552724532961E+00,+50.607097448E-03
+3.105105000E-03,+1.145065785431E+00,+2.552724532961E+00,+51.978956729E-03
+3.105110000E-03,+1.142578348272E+00,+2.552724532961E+00,+52.801192902E-03
+3.105115000E-03,+1.138588084496E+00,+2.552724532961E+00,+54.036745652E-03
+3.105120000E-03,+1.136204290553E+00,+2.552724532961E+00,+54.986494386E-03
+3.105125000E-03,+1.132576778029E+00,+2.552724532961E+00,+56.037373771E-03
+3.105130000E-03,+1.129104730326E+00,+2.552724532961E+00,+57.075062203E-03
+3.105135000E-03,+1.125788147448E+00,+2.552724532961E+00,+58.059986815E-03
+3.105140000E-03,+1.121901526887E+00,+2.552724532961E+00,+59.207599868E-03
+3.105145000E-03,+1.118584944007E+00,+2.552724532961E+00,+59.959484282E-03
+3.105150000E-03,+1.114283750586E+00,+2.552724532961E+00,+61.274182761E-03
+3.105155000E-03,+1.109878913950E+00,+2.552724532961E+00,+61.955715416E-03
+3.105160000E-03,+1.105059504453E+00,+2.552724532961E+00,+63.208856107E-03
+3.105165000E-03,+1.098737268341E+00,+2.552724532961E+00,+63.929961627E-03
+3.105170000E-03,+1.093814215631E+00,+2.552724532961E+00,+65.024810861E-03
+3.105175000E-03,+1.088217482022E+00,+2.552724532961E+00,+65.943780700E-03
+3.105180000E-03,+1.083657180561E+00,+2.552724532961E+00,+66.858353555E-03
+3.105185000E-03,+1.077853160524E+00,+2.552724532961E+00,+67.975187714E-03
+3.105190000E-03,+1.071738210841E+00,+2.552724532961E+00,+68.630338461E-03
+3.105195000E-03,+1.066504228486E+00,+2.552724532961E+00,+69.799936438E-03
+3.105200000E-03,+1.060855673270E+00,+2.552724532961E+00,+70.477072109E-03
+3.105205000E-03,+1.053859756259E+00,+2.552724532961E+00,+71.466393707E-03
+3.105210000E-03,+1.046915660857E+00,+2.552724532961E+00,+72.152323348E-03
+3.105215000E-03,+1.040127030277E+00,+2.552724532961E+00,+73.132850975E-03
+3.105220000E-03,+1.032872005228E+00,+2.552724532961E+00,+73.823177601E-03
+3.105225000E-03,+1.025202407320E+00,+2.552724532961E+00,+74.728956486E-03
+3.105230000E-03,+1.018206490310E+00,+2.552724532961E+00,+75.603956476E-03
+3.105235000E-03,+1.010070497936E+00,+2.552724532961E+00,+76.276695163E-03
+3.105240000E-03,+1.002608186458E+00,+2.552724532961E+00,+77.261619775E-03
+3.105245000E-03,+994.679480513E-03,+2.552724532961E+00,+77.828830824E-03
+3.105250000E-03,+986.595309746E-03,+2.552724532961E+00,+78.760991618E-03
+3.105255000E-03,+978.459317370E-03,+2.552724532961E+00,+79.310614728E-03
+3.105260000E-03,+970.789719461E-03,+2.552724532961E+00,+79.983353415E-03
+3.105265000E-03,+962.135511011E-03,+2.552724532961E+00,+80.673680040E-03
+3.105270000E-03,+953.533124169E-03,+2.552724532961E+00,+81.350815711E-03
+3.105275000E-03,+945.708061437E-03,+2.552724532961E+00,+82.045539322E-03
+3.105280000E-03,+935.913777625E-03,+2.552724532961E+00,+82.700690069E-03
+3.105285000E-03,+926.482245064E-03,+2.552724532961E+00,+83.351443830E-03
+3.105290000E-03,+918.449895902E-03,+2.552724532961E+00,+83.940639805E-03
+3.105295000E-03,+908.189217619E-03,+2.552724532961E+00,+84.507850853E-03
+3.105300000E-03,+896.995750404E-03,+2.552724532961E+00,+85.158604616E-03
+3.105305000E-03,+887.460574627E-03,+2.552724532961E+00,+85.602700088E-03
+3.105310000E-03,+876.422572231E-03,+2.552724532961E+00,+86.394157366E-03
+3.105315000E-03,+866.991039669E-03,+2.552724532961E+00,+86.640388519E-03
+3.105320000E-03,+856.160323706E-03,+2.552724532961E+00,+87.502197556E-03
+3.105325000E-03,+845.588715781E-03,+2.552724532961E+00,+87.673679965E-03
+3.105330000E-03,+836.053540003E-03,+2.552724532961E+00,+88.535489002E-03
+3.105335000E-03,+824.704607963E-03,+2.552724532961E+00,+88.614634729E-03
+3.105340000E-03,+812.837459849E-03,+2.552724532961E+00,+89.388504068E-03
+3.105345000E-03,+801.903100671E-03,+2.552724532961E+00,+89.665514115E-03
+3.105350000E-03,+790.709633452E-03,+2.552724532961E+00,+90.276695013E-03
+3.105355000E-03,+779.049771772E-03,+2.552724532961E+00,+90.584483954E-03
+3.105360000E-03,+768.322699020E-03,+2.552724532961E+00,+91.024182442E-03
+3.105365000E-03,+756.248264476E-03,+2.552724532961E+00,+91.490262839E-03
+3.105370000E-03,+745.417548511E-03,+2.552724532961E+00,+91.485865855E-03
+3.105375000E-03,+732.410325036E-03,+2.552724532961E+00,+92.294911071E-03
+3.105380000E-03,+720.024960847E-03,+2.552724532961E+00,+92.224559314E-03
+3.105385000E-03,+707.950526304E-03,+2.552724532961E+00,+93.016016591E-03
+3.105390000E-03,+697.016167122E-03,+2.552724532961E+00,+92.826946243E-03
+3.105395000E-03,+683.957122039E-03,+2.552724532961E+00,+93.534860807E-03
+3.105400000E-03,+670.587147306E-03,+2.552724532961E+00,+93.534860808E-03
+3.105405000E-03,+658.979107227E-03,+2.552724532961E+00,+93.952574370E-03
+3.105410000E-03,+646.179170177E-03,+2.552724532961E+00,+94.022926129E-03
+3.105415000E-03,+633.068303485E-03,+2.552724532961E+00,+94.405463812E-03
+3.105420000E-03,+620.631117690E-03,+2.552724532961E+00,+94.387875874E-03
+3.105425000E-03,+606.639283669E-03,+2.552724532961E+00,+94.757222603E-03
+3.105430000E-03,+593.891168227E-03,+2.552724532961E+00,+94.774810543E-03
+3.105435000E-03,+580.987587961E-03,+2.552724532961E+00,+95.047423605E-03
+3.105440000E-03,+567.099397157E-03,+2.552724532961E+00,+95.104584409E-03
+3.105445000E-03,+553.936708857E-03,+2.552724532961E+00,+95.320036667E-03
+3.105450000E-03,+540.566734126E-03,+2.552724532961E+00,+95.183730136E-03
+3.105455000E-03,+526.108505640E-03,+2.552724532961E+00,+95.597046715E-03
+3.105460000E-03,+510.821131431E-03,+2.552724532961E+00,+95.311242698E-03
+3.105465000E-03,+497.554799916E-03,+2.552724532961E+00,+95.737750231E-03
+3.105470000E-03,+483.459322678E-03,+2.552724532961E+00,+95.355212547E-03
+3.105475000E-03,+468.949272582E-03,+2.552724532961E+00,+95.764132140E-03
+3.105480000E-03,+454.594687313E-03,+2.552724532961E+00,+95.421167320E-03
+3.105485000E-03,+441.431999009E-03,+2.552724532961E+00,+95.786117064E-03
+3.105490000E-03,+426.611019268E-03,+2.552724532961E+00,+95.342021593E-03
+3.105495000E-03,+412.826471675E-03,+2.552724532961E+00,+95.750941185E-03
+3.105500000E-03,+396.813594966E-03,+2.552724532961E+00,+95.232096971E-03
+3.105505000E-03,+382.044436831E-03,+2.552724532961E+00,+95.517900987E-03
+3.105510000E-03,+366.342489764E-03,+2.552724532961E+00,+95.056217575E-03
+3.105515000E-03,+351.936082880E-03,+2.552724532961E+00,+95.227699985E-03
+3.105520000E-03,+337.581497610E-03,+2.552724532961E+00,+94.862750241E-03
+3.105525000E-03,+322.138658577E-03,+2.552724532961E+00,+94.985865816E-03
+3.105530000E-03,+307.576786876E-03,+2.552724532961E+00,+94.489006526E-03
+3.105535000E-03,+291.356623734E-03,+2.552724532961E+00,+94.629710041E-03
+3.105540000E-03,+277.520254535E-03,+2.552724532961E+00,+94.040514069E-03
+3.105545000E-03,+263.062026045E-03,+2.552724532961E+00,+94.154835675E-03
+3.105550000E-03,+247.152792549E-03,+2.552724532961E+00,+93.631594475E-03
+3.105555000E-03,+231.036272628E-03,+2.552724532961E+00,+93.679961308E-03
+3.105560000E-03,+217.044438597E-03,+2.552724532961E+00,+93.147926138E-03
+3.105565000E-03,+202.119815639E-03,+2.552724532961E+00,+93.121544229E-03
+3.105570000E-03,+186.366046967E-03,+2.552724532961E+00,+92.440011574E-03
+3.105575000E-03,+170.042240611E-03,+2.552724532961E+00,+92.444408558E-03
+3.105580000E-03,+154.288471936E-03,+2.552724532961E+00,+91.736493993E-03
+3.105585000E-03,+139.156562550E-03,+2.552724532961E+00,+91.784860826E-03
+3.105590000E-03,+122.677291373E-03,+2.552724532961E+00,+91.120916110E-03
+3.105595000E-03,+108.115419668E-03,+2.552724532961E+00,+91.015388473E-03
+3.105600000E-03,+92.309829386E-03,+2.552724532961E+00,+90.289885968E-03
+3.105605000E-03,+77.177919997E-03,+2.552724532961E+00,+90.114006572E-03
+3.105610000E-03,+61.735080973E-03,+2.552724532961E+00,+89.502825675E-03
+3.105615000E-03,+45.048523362E-03,+2.552724532961E+00,+89.181845779E-03
+3.105620000E-03,+30.123900403E-03,+2.552724532961E+00,+88.557473927E-03
+3.105625000E-03,+15.302920664E-03,+2.552724532961E+00,+88.210112121E-03
+3.105630000E-03,-969.064087E-06,+2.552724532961E+00,+87.537373435E-03
+3.105635000E-03,-15.790043830E-03,+2.552724532961E+00,+87.102071932E-03
+3.105640000E-03,-30.662845176E-03,+2.552724532961E+00,+86.583227716E-03
+3.105645000E-03,-47.142116358E-03,+2.552724532961E+00,+86.024810637E-03
+3.105650000E-03,-62.533133783E-03,+2.552724532961E+00,+85.448805618E-03
+3.105655000E-03,-78.286902453E-03,+2.552724532961E+00,+84.978328236E-03
+3.105660000E-03,-93.885206308E-03,+2.552724532961E+00,+84.213252867E-03
+3.105665000E-03,-109.794439808E-03,+2.552724532961E+00,+83.830715183E-03
+3.105670000E-03,-126.066424560E-03,+2.552724532961E+00,+82.933730268E-03
+3.105675000E-03,-142.286587695E-03,+2.552724532961E+00,+82.467649871E-03
+3.105680000E-03,-157.729426730E-03,+2.552724532961E+00,+81.680589578E-03
+3.105685000E-03,-173.068622541E-03,+2.552724532961E+00,+81.135363453E-03
+3.105690000E-03,-188.045067110E-03,+2.552724532961E+00,+80.273554418E-03
+3.105695000E-03,-203.073333280E-03,+2.552724532961E+00,+79.737122262E-03
+3.105700000E-03,-218.464350701E-03,+2.552724532961E+00,+78.914886090E-03
+3.105705000E-03,-234.425405810E-03,+2.552724532961E+00,+78.343278056E-03
+3.105710000E-03,-250.801033769E-03,+2.552724532961E+00,+77.437499172E-03
+3.105715000E-03,-266.865732093E-03,+2.552724532961E+00,+76.716393651E-03
+3.105720000E-03,-281.738533441E-03,+2.552724532961E+00,+75.920539389E-03
+3.105725000E-03,-297.077729257E-03,+2.552724532961E+00,+75.190639899E-03
+3.105730000E-03,-311.639600959E-03,+2.552724532961E+00,+74.280464030E-03
+3.105735000E-03,-327.445191247E-03,+2.552724532961E+00,+73.634107252E-03
+3.105740000E-03,-342.369814198E-03,+2.552724532961E+00,+72.653579626E-03
+3.105745000E-03,-356.828042692E-03,+2.552724532961E+00,+71.976443953E-03
+3.105750000E-03,-372.167238505E-03,+2.552724532961E+00,+70.978328386E-03
+3.105755000E-03,-386.884575033E-03,+2.552724532961E+00,+70.134107289E-03
+3.105760000E-03,-401.964662805E-03,+2.552724532961E+00,+69.232725391E-03
+3.105765000E-03,-416.837464154E-03,+2.552724532961E+00,+68.296167610E-03
+3.105770000E-03,-432.694876046E-03,+2.552724532961E+00,+67.324433954E-03
+3.105775000E-03,-447.930428640E-03,+2.552724532961E+00,+66.414258083E-03
+3.105780000E-03,-461.714976234E-03,+2.552724532961E+00,+65.477700305E-03
+3.105785000E-03,-476.225026328E-03,+2.552724532961E+00,+64.470790768E-03
+3.105790000E-03,-491.771508577E-03,+2.552724532961E+00,+63.617775702E-03
+3.105795000E-03,-504.986018491E-03,+2.552724532961E+00,+62.544911391E-03
+3.105800000E-03,-518.977852513E-03,+2.552724532961E+00,+61.683102356E-03
+3.105805000E-03,-533.021508137E-03,+2.552724532961E+00,+60.588253121E-03
+3.105810000E-03,-547.324271806E-03,+2.552724532961E+00,+59.634107403E-03
+3.105815000E-03,-561.160640999E-03,+2.552724532961E+00,+58.679961684E-03
+3.105820000E-03,-574.737902161E-03,+2.552724532961E+00,+57.492775768E-03
+3.105825000E-03,-588.315163318E-03,+2.552724532961E+00,+56.661745625E-03
+3.105830000E-03,-602.358818952E-03,+2.552724532961E+00,+55.439383830E-03
+3.105835000E-03,-614.899647963E-03,+2.552724532961E+00,+54.485238111E-03
+3.105840000E-03,-628.787838768E-03,+2.552724532961E+00,+53.412373802E-03
+3.105845000E-03,-642.209635108E-03,+2.552724532961E+00,+52.467022052E-03
+3.105850000E-03,-655.009572164E-03,+2.552724532961E+00,+51.271042166E-03
+3.105855000E-03,-667.498579566E-03,+2.552724532961E+00,+50.281720568E-03
+3.105860000E-03,-680.557624651E-03,+2.552724532961E+00,+49.085740682E-03
+3.105865000E-03,-693.357561692E-03,+2.552724532961E+00,+47.968906522E-03
+3.105870000E-03,-705.794747490E-03,+2.552724532961E+00,+46.882851259E-03
+3.105875000E-03,-718.439219717E-03,+2.552724532961E+00,+45.730841220E-03
+3.105880000E-03,-730.617297483E-03,+2.552724532961E+00,+44.622801032E-03
+3.105885000E-03,-744.194558631E-03,+2.552724532961E+00,+43.483981947E-03
+3.105890000E-03,-755.958063539E-03,+2.552724532961E+00,+42.252826183E-03
+3.105895000E-03,-767.825211656E-03,+2.552724532961E+00,+41.122801068E-03
+3.105900000E-03,-779.796002985E-03,+2.552724532961E+00,+39.922424198E-03
+3.105905000E-03,-791.663151092E-03,+2.552724532961E+00,+38.836368931E-03
+3.105910000E-03,-802.493867062E-03,+2.552724532961E+00,+37.455715682E-03
+3.105915000E-03,-814.361015179E-03,+2.552724532961E+00,+36.387248355E-03
+3.105920000E-03,-826.124520078E-03,+2.552724532961E+00,+35.028580030E-03
+3.105925000E-03,-836.799771216E-03,+2.552724532961E+00,+34.052449384E-03
+3.105930000E-03,-847.423200754E-03,+2.552724532961E+00,+32.509107695E-03
+3.105935000E-03,-858.616667967E-03,+2.552724532961E+00,+31.576946898E-03
+3.105940000E-03,-868.929167859E-03,+2.552724532961E+00,+30.068781088E-03
+3.105945000E-03,-879.552597394E-03,+2.552724532961E+00,+29.022298684E-03
+3.105950000E-03,-891.678853540E-03,+2.552724532961E+00,+27.637248450E-03
+3.105955000E-03,-900.488526823E-03,+2.552724532961E+00,+26.472047456E-03
+3.105960000E-03,-912.148388498E-03,+2.552724532961E+00,+25.232097722E-03
+3.105965000E-03,-920.958061773E-03,+2.552724532961E+00,+23.820665575E-03
+3.105970000E-03,-930.855988807E-03,+2.552724532961E+00,+22.703831418E-03
+3.105975000E-03,-941.479418334E-03,+2.552724532961E+00,+21.345163088E-03
+3.105980000E-03,-950.340913221E-03,+2.552724532961E+00,+20.184359083E-03
+3.105985000E-03,-959.876088999E-03,+2.552724532961E+00,+18.838881709E-03
+3.105990000E-03,-969.722194414E-03,+2.552724532961E+00,+17.546168156E-03
+3.105995000E-03,-978.376402871E-03,+2.552724532961E+00,+16.271042541E-03
+3.106000000E-03,-986.771503284E-03,+2.552724532961E+00,+14.956344062E-03
+3.106005000E-03,-995.218425300E-03,+2.552724532961E+00,+13.782349100E-03
+3.106010000E-03,-1.004339028214E+00,+2.552724532961E+00,+12.230213439E-03
+3.106015000E-03,-1.012941415061E+00,+2.552724532961E+00,+11.144158174E-03
+3.106020000E-03,-1.021647445117E+00,+2.552724532961E+00,+9.574434574E-03
+3.106025000E-03,-1.030301653573E+00,+2.552724532961E+00,+8.611494885E-03
+3.106030000E-03,-1.038385824331E+00,+2.552724532961E+00,+7.037374299E-03
+3.106035000E-03,-1.045226276526E+00,+2.552724532961E+00,+5.973303958E-03
+3.106040000E-03,-1.052688588005E+00,+2.552724532961E+00,+4.539886889E-03
+3.106045000E-03,-1.060565472336E+00,+2.552724532961E+00,+3.260364289E-03
+3.106050000E-03,-1.068183248644E+00,+2.552724532961E+00,+1.954459780E-03
+3.106055000E-03,-1.075179165657E+00,+2.552724532961E+00,+692.525120E-06
+3.106060000E-03,-1.081449580156E+00,+2.552724532961E+00,-626.570343E-06
+3.106065000E-03,-1.087771816274E+00,+2.552724532961E+00,-1.901695957E-03
+3.106070000E-03,-1.093990409170E+00,+2.552724532961E+00,-3.251570315E-03
+3.106075000E-03,-1.100157180465E+00,+2.552724532961E+00,-4.509107989E-03
+3.106080000E-03,-1.106893989438E+00,+2.552724532961E+00,-5.880967272E-03
+3.106085000E-03,-1.112957117511E+00,+2.552724532961E+00,-7.081344143E-03
+3.106090000E-03,-1.117828348610E+00,+2.552724532961E+00,-8.642273775E-03
+3.106095000E-03,-1.123010509360E+00,+2.552724532961E+00,-9.627198388E-03
+3.106100000E-03,-1.129229102264E+00,+2.552724532961E+00,-11.302449625E-03
+3.106105000E-03,-1.134411263012E+00,+2.552724532961E+00,-12.186243587E-03
+3.106110000E-03,-1.140163461442E+00,+2.534901040880E+00,-13.975816430E-03
+3.106115000E-03,-1.143013649854E+00,+384.461368796E-03,-14.872801348E-03
+3.106120000E-03,-1.146900270422E+00,-171.443151410E-03,-16.310615400E-03
+3.106125000E-03,-1.151823323128E+00,-164.219533555E-03,-17.612122925E-03
+3.106130000E-03,-1.156331802975E+00,+167.909859383E-03,-18.816896780E-03
+3.106135000E-03,-1.159907493894E+00,+16.999058190E-03,-20.426193247E-03
+3.106140000E-03,-1.164001400892E+00,-77.614634909E-03,-21.463881677E-03
+3.106145000E-03,-1.168250772699E+00,-93.946292890E-03,-23.130338946E-03
+3.106150000E-03,-1.171100961103E+00,-51.389760934E-03,-24.018529890E-03
+3.106155000E-03,-1.174210257563E+00,-30.504082506E-03,-25.693781129E-03
+3.106160000E-03,-1.177630483659E+00,-54.844534602E-03,-26.652323833E-03
+3.106165000E-03,-1.180273385636E+00,-52.881594878E-03,-28.226444420E-03
+3.106170000E-03,-1.181620747446E+00,-57.671167757E-03,-29.233353957E-03
+3.106175000E-03,-1.184574579060E+00,-47.620916566E-03,-30.653580070E-03
+3.106180000E-03,-1.185818297644E+00,-53.902323539E-03,-31.985866490E-03
+3.106185000E-03,-1.188875772482E+00,-49.034233145E-03,-33.058730800E-03
+3.106190000E-03,-1.189912204636E+00,-51.703831113E-03,-34.650439325E-03
+3.106195000E-03,-1.191415031247E+00,-48.327574861E-03,-35.591394089E-03
+3.106200000E-03,-1.193125144301E+00,-50.447549704E-03,-37.178705629E-03
+3.106205000E-03,-1.194265219659E+00,-47.542398992E-03,-38.022926726E-03
+3.106210000E-03,-1.195353473413E+00,-48.641645210E-03,-39.702574949E-03
+3.106215000E-03,-1.196234440752E+00,-49.112750730E-03,-40.485238258E-03
+3.106220000E-03,-1.196493548788E+00,-50.447549713E-03,-42.138504570E-03
+3.106225000E-03,-1.196130797539E+00,-48.641645209E-03,-42.938755820E-03
+3.106230000E-03,-1.196752656825E+00,-48.170539682E-03,-44.402951784E-03
+3.106235000E-03,-1.196286262354E+00,-46.521670390E-03,-45.440640215E-03
+3.106240000E-03,-1.195664403069E+00,-48.641645206E-03,-46.702574874E-03
+3.106245000E-03,-1.195042543784E+00,-45.657976901E-03,-47.911745716E-03
+3.106250000E-03,-1.193073322694E+00,-45.500941722E-03,-49.032976860E-03
+3.106255000E-03,-1.193695181991E+00,-47.699434165E-03,-50.220162776E-03
+3.106260000E-03,-1.192140533758E+00,-46.678705534E-03,-51.416142663E-03
+3.106265000E-03,-1.192244176976E+00,-47.542399001E-03,-52.568152701E-03
+3.106270000E-03,-1.189860383020E+00,-49.034233142E-03,-53.768529573E-03
+3.106275000E-03,-1.188046626775E+00,-47.228328651E-03,-54.894157702E-03
+3.106280000E-03,-1.186699264984E+00,-48.641645208E-03,-56.002197890E-03
+3.106285000E-03,-1.184730043886E+00,-45.422424159E-03,-57.180589838E-03
+3.106290000E-03,-1.182294428343E+00,-46.678705522E-03,-58.165514450E-03
+3.106295000E-03,-1.180117920832E+00,-45.265388969E-03,-59.295539566E-03
+3.106300000E-03,-1.177215910808E+00,-47.071293466E-03,-60.342021964E-03
+3.106305000E-03,-1.175091224907E+00,-45.029836209E-03,-61.551192807E-03
+3.106310000E-03,-1.172344679705E+00,-46.992775878E-03,-62.500941538E-03
+3.106315000E-03,-1.169442669683E+00,-44.715765862E-03,-63.798052081E-03
+3.106320000E-03,-1.166385194837E+00,-45.815012088E-03,-64.589509355E-03
+3.106325000E-03,-1.161824893387E+00,-44.323177926E-03,-65.891016881E-03
+3.106330000E-03,-1.159285634616E+00,-45.657976903E-03,-66.726444005E-03
+3.106335000E-03,-1.155243549235E+00,-44.480213100E-03,-67.979584699E-03
+3.106340000E-03,-1.151408750281E+00,-46.757223114E-03,-68.753454034E-03
+3.106345000E-03,-1.147781237760E+00,-46.129082429E-03,-69.905464075E-03
+3.106350000E-03,-1.143842795589E+00,-44.872801013E-03,-70.683730395E-03
+3.106355000E-03,-1.137779667516E+00,-44.558730691E-03,-71.840137421E-03
+3.106360000E-03,-1.134048511773E+00,-45.422424125E-03,-72.614006756E-03
+3.106365000E-03,-1.127881740488E+00,-44.323177911E-03,-73.752825842E-03
+3.106370000E-03,-1.122336828484E+00,-43.695037214E-03,-74.645413769E-03
+3.106375000E-03,-1.117517418988E+00,-44.951318614E-03,-75.476443915E-03
+3.106380000E-03,-1.111506112520E+00,-44.087625161E-03,-76.496544404E-03
+3.106385000E-03,-1.104458373907E+00,-44.794283438E-03,-77.270413745E-03
+3.106390000E-03,-1.098965283504E+00,-44.009107559E-03,-78.237750416E-03
+3.106395000E-03,-1.091710258467E+00,-43.695037229E-03,-79.042398650E-03
+3.106400000E-03,-1.085906238423E+00,-44.323177903E-03,-80.005338337E-03
+3.106405000E-03,-1.079428537485E+00,-44.244660346E-03,-80.805589586E-03
+3.106410000E-03,-1.072225334052E+00,-44.009107563E-03,-81.786117212E-03
+3.106415000E-03,-1.065384881864E+00,-42.595791001E-03,-82.441267960E-03
+3.106420000E-03,-1.058078035204E+00,-43.695037227E-03,-83.474559405E-03
+3.106425000E-03,-1.050771188564E+00,-44.009107570E-03,-84.015388546E-03
+3.106430000E-03,-1.043464341900E+00,-44.009107571E-03,-85.083855871E-03
+3.106435000E-03,-1.035794743987E+00,-42.674308597E-03,-85.593906118E-03
+3.106440000E-03,-1.026881427511E+00,-44.480213079E-03,-86.666770425E-03
+3.106445000E-03,-1.019419116023E+00,-43.066896542E-03,-87.014132234E-03
+3.106450000E-03,-1.009832118649E+00,-43.145414112E-03,-88.139760360E-03
+3.106455000E-03,-1.001851591092E+00,-42.046167897E-03,-88.491519152E-03
+3.106460000E-03,-993.767420314E-03,-41.967650312E-03,-89.551192504E-03
+3.106465000E-03,-984.439530976E-03,-42.360238233E-03,-89.885363359E-03
+3.106470000E-03,-975.681679305E-03,-41.496544784E-03,-90.782348271E-03
+3.106475000E-03,-966.094681924E-03,-41.496544786E-03,-91.411117111E-03
+3.106480000E-03,-956.507684540E-03,-42.517273412E-03,-91.885991476E-03
+3.106485000E-03,-947.749832877E-03,-42.674308601E-03,-92.686242726E-03
+3.106490000E-03,-938.577408356E-03,-43.930589986E-03,-93.055589452E-03
+3.106495000E-03,-928.161265253E-03,-42.281720664E-03,-93.934986431E-03
+3.106500000E-03,-918.677911081E-03,-43.223931691E-03,-94.176820597E-03
+3.106505000E-03,-907.536265475E-03,-41.496544782E-03,-95.016644710E-03
+3.106510000E-03,-898.156554508E-03,-41.810615132E-03,-95.284860787E-03
+3.106515000E-03,-886.703979268E-03,-41.967650312E-03,-96.137875853E-03
+3.106520000E-03,-876.443300986E-03,-42.595791006E-03,-96.318152234E-03
+3.106525000E-03,-866.959946814E-03,-41.025439260E-03,-97.140388405E-03
+3.106530000E-03,-855.921944417E-03,-41.339509613E-03,-97.487750212E-03
+3.106535000E-03,-846.024017388E-03,-41.575062371E-03,-97.923051715E-03
+3.106540000E-03,-835.763339104E-03,-42.124685474E-03,-98.507850702E-03
+3.106545000E-03,-823.118866880E-03,-41.260992016E-03,-98.718905978E-03
+3.106550000E-03,-813.739155922E-03,-41.103956828E-03,-99.457599437E-03
+3.106555000E-03,-801.457434949E-03,-40.789886499E-03,-99.593905969E-03
+3.106560000E-03,-789.642108447E-03,-42.438755819E-03,-100.183101940E-03
+3.106565000E-03,-778.085889970E-03,-40.240263416E-03,-100.323805459E-03
+3.106570000E-03,-765.545060969E-03,-42.360238233E-03,-100.908604444E-03
+3.106575000E-03,-753.626091246E-03,-39.769157869E-03,-101.027323041E-03
+3.106580000E-03,-741.655299928E-03,-41.889132709E-03,-101.484609464E-03
+3.106585000E-03,-729.632686977E-03,-41.418027199E-03,-101.788001424E-03
+3.106590000E-03,-718.231933336E-03,-40.240263394E-03,-101.994659711E-03
+3.106595000E-03,-705.483817880E-03,-40.946921683E-03,-102.465137093E-03
+3.106600000E-03,-693.202096928E-03,-41.889132709E-03,-102.456343123E-03
+3.106605000E-03,-680.609446291E-03,-39.847675459E-03,-102.957599399E-03
+3.106610000E-03,-667.135828361E-03,-40.475816152E-03,-102.918026536E-03
+3.106615000E-03,-655.113215413E-03,-41.103956840E-03,-103.331343114E-03
+3.106620000E-03,-640.965916573E-03,-42.360238243E-03,-103.450061706E-03
+3.106625000E-03,-628.165979512E-03,-40.161745775E-03,-103.621544115E-03
+3.106630000E-03,-613.863215865E-03,-37.727700612E-03,-103.788629542E-03
+3.106635000E-03,-600.648705949E-03,-39.533605108E-03,-103.867775269E-03
+3.106640000E-03,-588.263341769E-03,-40.397298580E-03,-104.030463710E-03
+3.106645000E-03,-573.442362033E-03,-41.182474422E-03,-103.973302907E-03
+3.106650000E-03,-561.005176234E-03,-40.240263387E-03,-104.219534060E-03
+3.106655000E-03,-547.894309527E-03,-41.496544779E-03,-104.175564212E-03
+3.106660000E-03,-533.850653920E-03,-41.339509615E-03,-104.333855666E-03
+3.106665000E-03,-520.584322393E-03,-41.418027205E-03,-104.245915971E-03
+3.106670000E-03,-505.763342650E-03,-39.847675460E-03,-104.298679788E-03
+3.106675000E-03,-492.237903093E-03,-40.397298551E-03,-104.439383304E-03
+3.106680000E-03,-478.038782639E-03,-40.554333744E-03,-104.210740089E-03
+3.106685000E-03,-463.736018978E-03,-41.339509606E-03,-104.483353153E-03
+3.106690000E-03,-448.966860847E-03,-40.789886495E-03,-104.021669741E-03
+3.106695000E-03,-433.834951466E-03,-39.533605106E-03,-104.413001394E-03
+3.106700000E-03,-420.309511906E-03,-40.789886499E-03,-103.938127028E-03
+3.106705000E-03,-405.333067347E-03,-41.575062365E-03,-104.179961196E-03
+3.106710000E-03,-390.978482072E-03,-41.732097538E-03,-103.700689845E-03
+3.106715000E-03,-377.038469655E-03,-41.182474429E-03,-103.938127027E-03
+3.106720000E-03,-361.336522599E-03,-41.182474433E-03,-103.494031555E-03
+3.106725000E-03,-346.619186061E-03,-40.004710641E-03,-103.599559192E-03
+3.106730000E-03,-331.020882212E-03,-40.868404089E-03,-103.230212462E-03
+3.106735000E-03,-315.992616041E-03,-39.769157862E-03,-103.107096888E-03
+3.106740000E-03,-300.860706660E-03,-41.182474431E-03,-102.882850657E-03
+3.106745000E-03,-286.402478171E-03,-40.004710629E-03,-102.654207444E-03
+3.106750000E-03,-271.529676815E-03,-40.554333730E-03,-102.381594381E-03
+3.106755000E-03,-256.397767428E-03,-40.083228211E-03,-102.201318002E-03
+3.106760000E-03,-240.643998770E-03,-40.397298577E-03,-101.735237603E-03
+3.106765000E-03,-225.097516525E-03,-40.554333739E-03,-101.612122029E-03
+3.106770000E-03,-210.742931232E-03,-41.496544784E-03,-101.115262735E-03
+3.106775000E-03,-196.388345955E-03,-39.376569941E-03,-100.983353193E-03
+3.106780000E-03,-180.634577285E-03,-41.339509597E-03,-100.446921035E-03
+3.106785000E-03,-165.088095063E-03,-40.789886487E-03,-100.249056716E-03
+3.106790000E-03,-150.474401730E-03,-39.769157872E-03,-99.743403456E-03
+3.106795000E-03,-134.772454671E-03,-40.868404100E-03,-99.492775316E-03
+3.106800000E-03,-119.070507602E-03,-41.418027196E-03,-98.890388389E-03
+3.106805000E-03,-103.938598223E-03,-41.889132728E-03,-98.573805477E-03
+3.106810000E-03,-88.340294358E-03,-40.161745818E-03,-98.072549203E-03
+3.106815000E-03,-73.260206591E-03,-40.004710641E-03,-97.558101970E-03
+3.106820000E-03,-58.594691654E-03,-40.946921665E-03,-97.223931121E-03
+3.106825000E-03,-44.499214422E-03,-39.612122708E-03,-96.428076857E-03
+3.106830000E-03,-29.730056308E-03,-41.653579939E-03,-96.247800479E-03
+3.106835000E-03,-12.628925836E-03,-39.612122707E-03,-95.495916064E-03
+3.106840000E-03,+2.399340335E-03,-42.203203057E-03,-95.108981394E-03
+3.106845000E-03,+16.805747224E-03,-39.062499600E-03,-94.379081907E-03
+3.106850000E-03,+32.559515903E-03,-39.376569948E-03,-93.983353265E-03
+3.106855000E-03,+47.743246891E-03,-38.669911656E-03,-93.358981414E-03
+3.106860000E-03,+61.994188954E-03,-42.360238234E-03,-92.633478908E-03
+3.106865000E-03,+77.851600838E-03,-41.260992033E-03,-92.132222633E-03
+3.106870000E-03,+94.279050405E-03,-41.967650303E-03,-91.393529173E-03
+3.106875000E-03,+109.048208563E-03,-41.182474433E-03,-90.975815611E-03
+3.106880000E-03,+124.957442037E-03,-42.517273393E-03,-90.043654816E-03
+3.106885000E-03,+139.622956961E-03,-40.789886479E-03,-89.639132207E-03
+3.106890000E-03,+155.480368857E-03,-41.653579944E-03,-88.724559352E-03
+3.106895000E-03,+170.871386272E-03,-41.025439248E-03,-88.262875940E-03
+3.106900000E-03,+186.210582097E-03,-41.182474425E-03,-87.383478965E-03
+3.106905000E-03,+200.513345761E-03,-41.103956843E-03,-86.750313143E-03
+3.106910000E-03,+216.992616942E-03,-40.083228217E-03,-85.928076972E-03
+3.106915000E-03,+230.258948455E-03,-39.690640284E-03,-85.338880998E-03
+3.106920000E-03,+245.701787480E-03,-41.339509599E-03,-84.362750355E-03
+3.106925000E-03,+260.885518475E-03,-41.810615126E-03,-83.690011669E-03
+3.106930000E-03,+276.017427879E-03,-39.376569929E-03,-82.727071980E-03
+3.106935000E-03,+291.408445284E-03,-40.554333731E-03,-82.049936310E-03
+3.106940000E-03,+306.073960207E-03,-41.418027189E-03,-81.100187574E-03
+3.106945000E-03,+321.050404775E-03,-40.318780993E-03,-80.440639846E-03
+3.106950000E-03,+334.783130758E-03,-40.161745810E-03,-79.310614731E-03
+3.106955000E-03,+350.847829071E-03,-39.455087511E-03,-78.782976546E-03
+3.106960000E-03,+365.513343987E-03,-41.025439267E-03,-77.503453945E-03
+3.106965000E-03,+379.401534806E-03,-41.339509607E-03,-76.914257974E-03
+3.106970000E-03,+394.429800952E-03,-39.847675450E-03,-75.709484116E-03
+3.106975000E-03,+408.007062138E-03,-39.612122702E-03,-75.058730353E-03
+3.106980000E-03,+422.879863475E-03,-40.711368917E-03,-73.924308257E-03
+3.106985000E-03,+435.887086969E-03,-40.946921675E-03,-73.018529369E-03
+3.106990000E-03,+450.345315429E-03,-41.496544765E-03,-72.187499230E-03
+3.106995000E-03,+464.751722333E-03,-39.376569930E-03,-71.101443962E-03
+3.107000000E-03,+478.899021162E-03,-41.182474438E-03,-70.336368597E-03
+3.107005000E-03,+492.372639119E-03,-40.554333749E-03,-68.995288207E-03
+3.107010000E-03,+506.209008310E-03,-41.339509615E-03,-68.498428918E-03
+3.107015000E-03,+519.527161440E-03,-40.632851342E-03,-66.831971649E-03
+3.107020000E-03,+533.000779390E-03,-41.496544792E-03,-66.436243011E-03
+3.107025000E-03,+546.629862154E-03,-41.103956852E-03,-64.804961619E-03
+3.107030000E-03,+560.362588145E-03,-40.397298570E-03,-64.286117406E-03
+3.107035000E-03,+573.680741264E-03,-39.926193049E-03,-62.720790788E-03
+3.107040000E-03,+586.532499913E-03,-42.438755821E-03,-62.048052103E-03
+3.107045000E-03,+600.627977151E-03,-40.946921667E-03,-60.680589807E-03
+3.107050000E-03,+613.531557418E-03,-41.889132723E-03,-59.924308407E-03
+3.107055000E-03,+625.243240716E-03,-42.438755821E-03,-58.605212943E-03
+3.107060000E-03,+639.494182774E-03,-40.789886517E-03,-57.730212952E-03
+3.107065000E-03,+651.827725352E-03,-41.653579937E-03,-56.433102412E-03
+3.107070000E-03,+663.643051854E-03,-40.475816176E-03,-55.496544636E-03
+3.107075000E-03,+675.717486408E-03,-40.083228223E-03,-54.309358715E-03
+3.107080000E-03,+687.947385776E-03,-41.496544779E-03,-53.100187877E-03
+3.107085000E-03,+700.540036400E-03,-41.653579951E-03,-51.895414020E-03
+3.107090000E-03,+712.718114151E-03,-41.496544761E-03,-50.717022073E-03
+3.107095000E-03,+725.207121553E-03,-40.397298567E-03,-49.424308520E-03
+3.107100000E-03,+736.504231978E-03,-40.711368911E-03,-48.404208029E-03
+3.107105000E-03,+747.801342404E-03,-40.554333740E-03,-47.098303520E-03
+3.107110000E-03,+760.083063381E-03,-41.025439246E-03,-45.990263331E-03
+3.107115000E-03,+771.950211515E-03,-40.083228235E-03,-44.825062336E-03
+3.107120000E-03,+783.610073187E-03,-43.380966850E-03,-43.554333709E-03
+3.107125000E-03,+794.337145939E-03,-40.946921675E-03,-42.397926685E-03
+3.107130000E-03,+804.286894581E-03,-42.752826159E-03,-41.140389010E-03
+3.107135000E-03,+815.687648218E-03,-40.711368925E-03,-39.935615153E-03
+3.107140000E-03,+826.829293829E-03,-41.260992017E-03,-38.717650344E-03
+3.107145000E-03,+836.830864075E-03,-40.083228220E-03,-37.284233272E-03
+3.107150000E-03,+846.728791102E-03,-40.397298562E-03,-36.255338814E-03
+3.107155000E-03,+857.352220643E-03,-41.260992043E-03,-34.733982042E-03
+3.107160000E-03,+867.872006969E-03,-43.773554781E-03,-33.784233313E-03
+3.107165000E-03,+878.961830963E-03,-42.517273417E-03,-32.183730814E-03
+3.107170000E-03,+888.548828346E-03,-41.418027200E-03,-31.374685600E-03
+3.107175000E-03,+897.824896094E-03,-39.769157856E-03,-29.483982099E-03
+3.107180000E-03,+908.707433668E-03,-41.496544780E-03,-28.943152962E-03
+3.107185000E-03,+917.413463725E-03,-40.554333737E-03,-26.876570067E-03
+3.107190000E-03,+927.777785213E-03,-40.397298574E-03,-26.353328868E-03
+3.107195000E-03,+935.602847961E-03,-40.946921665E-03,-24.269158034E-03
+3.107200000E-03,+944.775272478E-03,-42.988378917E-03,-23.631595229E-03
+3.107205000E-03,+952.755800037E-03,-41.653579963E-03,-21.657349019E-03
+3.107210000E-03,+960.943614014E-03,-41.025439249E-03,-21.019786212E-03
+3.107215000E-03,+970.219681751E-03,-40.475816154E-03,-19.041143016E-03
+3.107220000E-03,+978.822068578E-03,-42.360238230E-03,-18.328831466E-03
+3.107225000E-03,+987.113525794E-03,-41.653579956E-03,-16.499685756E-03
+3.107230000E-03,+995.456804588E-03,-41.339509616E-03,-15.571921952E-03
+3.107235000E-03,+1.002297256769E+00,-42.203203050E-03,-14.002198344E-03
+3.107240000E-03,+1.010225962745E+00,-42.438755818E-03,-12.929334040E-03
+3.107245000E-03,+1.017221879751E+00,-41.575062381E-03,-11.381595357E-03
+3.107250000E-03,+1.025150585690E+00,-41.967650297E-03,-10.392273763E-03
+3.107255000E-03,+1.031731929833E+00,-40.946921675E-03,-8.831344127E-03
+3.107260000E-03,+1.038727846843E+00,-43.223931669E-03,-7.771670779E-03
+3.107265000E-03,+1.045775585473E+00,-42.595791006E-03,-6.105213502E-03
+3.107270000E-03,+1.051372319085E+00,-42.438755832E-03,-5.225816533E-03
+3.107275000E-03,+1.057435447161E+00,-41.182474435E-03,-3.572550213E-03
+3.107280000E-03,+1.064379542558E+00,-42.595790994E-03,-2.592022591E-03
+3.107285000E-03,+1.069872632948E+00,-41.653579937E-03,-991.520092E-06
+3.107290000E-03,+1.077024014786E+00,-42.124685487E-03,+24.183409E-06
+3.107295000E-03,+1.082776213220E+00,-42.438755823E-03,+1.646670834E-03
+3.107300000E-03,+1.088994806105E+00,-27.127826536E-03,+2.750314036E-03
+3.107305000E-03,+1.093606929185E+00,+2.034822519365E+00,+4.324434622E-03
+3.107310000E-03,+1.098944554751E+00,+2.552253427439E+00,+5.370917022E-03
+3.107315000E-03,+1.103193926554E+00,+2.552253427439E+00,+6.738379320E-03
+3.107320000E-03,+1.108272444116E+00,+2.552253427439E+00,+8.004710966E-03
+3.107325000E-03,+1.112729102341E+00,+2.552253427439E+00,+9.323806428E-03
+3.107330000E-03,+1.116252971654E+00,+2.552253427439E+00,+10.660489831E-03
+3.107335000E-03,+1.120865094709E+00,+2.552253427439E+00,+11.922424490E-03
+3.107340000E-03,+1.123611639930E+00,+2.552253427439E+00,+13.267901864E-03
+3.107345000E-03,+1.127550082088E+00,+2.552253427439E+00,+14.538630495E-03
+3.107350000E-03,+1.130711200147E+00,+2.552253427439E+00,+15.870916911E-03
+3.107355000E-03,+1.134805107130E+00,+2.552253427439E+00,+17.128454589E-03
+3.107360000E-03,+1.136670685011E+00,+2.552253427439E+00,+18.306846532E-03
+3.107365000E-03,+1.140142732724E+00,+2.552253427439E+00,+19.828203302E-03
+3.107370000E-03,+1.142837456301E+00,+2.552253427439E+00,+20.725188215E-03
+3.107375000E-03,+1.145894931143E+00,+2.552253427439E+00,+22.514761062E-03
+3.107380000E-03,+1.147708687402E+00,+2.552724532959E+00,+23.103957034E-03
+3.107385000E-03,+1.150403410991E+00,+2.552724532961E+00,+25.148555003E-03
+3.107390000E-03,+1.152476275290E+00,+2.552724532961E+00,+25.702575097E-03
+3.107395000E-03,+1.153875458696E+00,+2.552724532961E+00,+27.654836383E-03
+3.107400000E-03,+1.156259252618E+00,+2.552724532961E+00,+28.323178084E-03
+3.107405000E-03,+1.156362895868E+00,+2.552724532961E+00,+30.143529821E-03
+3.107410000E-03,+1.158487581769E+00,+2.552724532961E+00,+30.763504693E-03
+3.107415000E-03,+1.159524013920E+00,+2.552724532961E+00,+32.557474521E-03
+3.107420000E-03,+1.161234126958E+00,+2.552724532961E+00,+33.278580041E-03
+3.107425000E-03,+1.160612267677E+00,+2.552724532961E+00,+34.905464446E-03
+3.107430000E-03,+1.162063272678E+00,+2.552724532961E+00,+35.815640313E-03
+3.107435000E-03,+1.162166915900E+00,+2.552724532961E+00,+37.213881508E-03
+3.107440000E-03,+1.161804164640E+00,+2.552724532961E+00,+38.238378982E-03
+3.107445000E-03,+1.161804164645E+00,+2.552724532961E+00,+39.645414146E-03
+3.107450000E-03,+1.160975018934E+00,+2.552724532961E+00,+40.647926694E-03
+3.107455000E-03,+1.160612267685E+00,+2.552724532961E+00,+42.068152814E-03
+3.107460000E-03,+1.159886765182E+00,+2.552724532961E+00,+42.885991998E-03
+3.107465000E-03,+1.159316727499E+00,+2.552724532961E+00,+44.477700526E-03
+3.107470000E-03,+1.157606614443E+00,+2.552724532961E+00,+45.207600012E-03
+3.107475000E-03,+1.156155609447E+00,+2.552724532961E+00,+46.680589951E-03
+3.107480000E-03,+1.154497317985E+00,+2.552724532961E+00,+47.463253256E-03
+3.107485000E-03,+1.152320810487E+00,+2.552724532961E+00,+48.892273343E-03
+3.107490000E-03,+1.150766162258E+00,+2.552724532961E+00,+49.736494438E-03
+3.107495000E-03,+1.148382368314E+00,+2.552724532961E+00,+51.077574828E-03
+3.107500000E-03,+1.144910320610E+00,+2.552724532961E+00,+51.939383862E-03
+3.107505000E-03,+1.142733813096E+00,+2.552724532961E+00,+53.223303446E-03
+3.107510000E-03,+1.139417230228E+00,+2.552724532961E+00,+54.195037102E-03
+3.107515000E-03,+1.136411576986E+00,+2.552724532961E+00,+55.179961718E-03
+3.107520000E-03,+1.133768675001E+00,+2.552724532961E+00,+56.349559694E-03
+3.107525000E-03,+1.129415659988E+00,+2.552724532961E+00,+57.325690339E-03
+3.107530000E-03,+1.125788147477E+00,+2.552724532961E+00,+58.323805903E-03
+3.107535000E-03,+1.121383310832E+00,+2.552724532961E+00,+59.489006899E-03
+3.107540000E-03,+1.118274014371E+00,+2.552724532961E+00,+60.245288293E-03
+3.107545000E-03,+1.113040032015E+00,+2.552724532961E+00,+61.467650097E-03
+3.107550000E-03,+1.109516162708E+00,+2.552724532961E+00,+61.999685261E-03
+3.107555000E-03,+1.104437645186E+00,+2.552724532961E+00,+63.556217911E-03
+3.107560000E-03,+1.098322695501E+00,+2.552724532961E+00,+63.947549562E-03
+3.107565000E-03,+1.094384253334E+00,+2.552724532961E+00,+65.592021906E-03
+3.107570000E-03,+1.088994806146E+00,+2.552724532961E+00,+65.803077180E-03
+3.107575000E-03,+1.083346250934E+00,+2.552724532961E+00,+67.456343496E-03
+3.107580000E-03,+1.077594052500E+00,+2.552724532961E+00,+67.684986707E-03
+3.107585000E-03,+1.071116351574E+00,+2.552724532961E+00,+69.325062068E-03
+3.107590000E-03,+1.066037834032E+00,+2.552724532961E+00,+69.536117343E-03
+3.107595000E-03,+1.060233814009E+00,+2.552724532961E+00,+70.934358535E-03
+3.107600000E-03,+1.053756113049E+00,+2.552724532961E+00,+71.347675112E-03
+3.107605000E-03,+1.047226590503E+00,+2.552724532961E+00,+72.587624848E-03
+3.107610000E-03,+1.039660635827E+00,+2.552724532961E+00,+73.058102229E-03
+3.107615000E-03,+1.032405610778E+00,+2.552724532961E+00,+74.271670056E-03
+3.107620000E-03,+1.024373261624E+00,+2.552724532961E+00,+74.764132362E-03
+3.107625000E-03,+1.017740095879E+00,+2.552724532961E+00,+75.841393660E-03
+3.107630000E-03,+1.009034065805E+00,+2.552724532961E+00,+76.320665007E-03
+3.107635000E-03,+1.001779040760E+00,+2.552724532961E+00,+77.380338366E-03
+3.107640000E-03,+993.124832316E-03,+2.552724532961E+00,+77.846418760E-03
+3.107645000E-03,+984.833375124E-03,+2.552724532961E+00,+78.941267997E-03
+3.107650000E-03,+977.630171685E-03,+2.552724532961E+00,+79.227072013E-03
+3.107655000E-03,+968.665033591E-03,+2.552724532961E+00,+80.392273007E-03
+3.107660000E-03,+960.010825132E-03,+2.552724532961E+00,+80.537373505E-03
+3.107665000E-03,+952.133940798E-03,+2.552724532961E+00,+81.702574501E-03
+3.107670000E-03,+943.272445916E-03,+2.552724532961E+00,+81.953202636E-03
+3.107675000E-03,+934.670059083E-03,+2.552724532961E+00,+83.012875991E-03
+3.107680000E-03,+925.601277764E-03,+2.552724532961E+00,+83.281092069E-03
+3.107685000E-03,+915.288777865E-03,+2.552724532961E+00,+84.098931258E-03
+3.107690000E-03,+906.323639778E-03,+2.552724532961E+00,+84.591393565E-03
+3.107695000E-03,+895.959318308E-03,+2.552724532961E+00,+85.299308131E-03
+3.107700000E-03,+885.439531978E-03,+2.552724532961E+00,+85.708227723E-03
+3.107705000E-03,+874.919745661E-03,+2.552724532961E+00,+86.411745305E-03
+3.107710000E-03,+864.969997012E-03,+2.552724532961E+00,+86.855840773E-03
+3.107715000E-03,+854.553853934E-03,+2.552724532961E+00,+87.405463887E-03
+3.107720000E-03,+844.655926868E-03,+2.552724532961E+00,+87.911117146E-03
+3.107725000E-03,+833.410638057E-03,+2.552724532961E+00,+88.443152318E-03
+3.107730000E-03,+822.994494948E-03,+2.552724532961E+00,+88.860865879E-03
+3.107735000E-03,+811.127346853E-03,+2.552724532961E+00,+89.502825675E-03
+3.107740000E-03,+798.949269079E-03,+2.552724532961E+00,+89.665514112E-03
+3.107745000E-03,+788.688590801E-03,+2.552724532961E+00,+90.492147273E-03
+3.107750000E-03,+778.013339647E-03,+2.552724532961E+00,+90.430589482E-03
+3.107755000E-03,+766.612586022E-03,+2.552724532961E+00,+91.239634702E-03
+3.107760000E-03,+754.279043432E-03,+2.552724532961E+00,+91.283604547E-03
+3.107765000E-03,+742.152787292E-03,+2.552724532961E+00,+92.000313085E-03
+3.107770000E-03,+729.922887901E-03,+2.552724532961E+00,+92.000313084E-03
+3.107775000E-03,+719.662209630E-03,+2.552724532961E+00,+92.756594482E-03
+3.107780000E-03,+707.795061520E-03,+2.552724532961E+00,+92.708227647E-03
+3.107785000E-03,+695.565162162E-03,+2.552724532961E+00,+93.398554272E-03
+3.107790000E-03,+682.972511537E-03,+2.552724532961E+00,+93.284232667E-03
+3.107795000E-03,+669.343428780E-03,+2.552724532961E+00,+93.759107035E-03
+3.107800000E-03,+657.683567074E-03,+2.552724532961E+00,+93.798679899E-03
+3.107805000E-03,+644.158127519E-03,+2.552724532961E+00,+94.308730143E-03
+3.107810000E-03,+632.239157789E-03,+2.552724532961E+00,+94.255966326E-03
+3.107815000E-03,+618.972826294E-03,+2.552724532961E+00,+94.682473859E-03
+3.107820000E-03,+606.224710857E-03,+2.552724532961E+00,+94.647297979E-03
+3.107825000E-03,+592.647449684E-03,+2.552724532961E+00,+95.025438681E-03
+3.107830000E-03,+579.899334259E-03,+2.552724532961E+00,+94.924308027E-03
+3.107835000E-03,+566.373894705E-03,+2.552724532961E+00,+95.157348229E-03
+3.107840000E-03,+553.159384788E-03,+2.552724532961E+00,+95.236493954E-03
+3.107845000E-03,+538.752977927E-03,+2.552724532961E+00,+95.377197470E-03
+3.107850000E-03,+525.642111205E-03,+2.552724532961E+00,+95.412373348E-03
+3.107855000E-03,+510.821131467E-03,+2.552724532961E+00,+95.553076867E-03
+3.107860000E-03,+496.362902994E-03,+2.552724532961E+00,+95.539885910E-03
+3.107865000E-03,+482.163782531E-03,+2.552724532961E+00,+95.575061791E-03
+3.107870000E-03,+468.897451033E-03,+2.552724532961E+00,+95.623428623E-03
+3.107875000E-03,+453.713720033E-03,+2.552724532961E+00,+95.522297975E-03
+3.107880000E-03,+438.840918688E-03,+2.552724532961E+00,+95.627825608E-03
+3.107885000E-03,+425.004549511E-03,+2.552724532961E+00,+95.447549229E-03
+3.107890000E-03,+410.183569769E-03,+2.552724532961E+00,+95.517900988E-03
+3.107895000E-03,+395.258946792E-03,+2.552724532961E+00,+95.412373351E-03
+3.107900000E-03,+380.386145455E-03,+2.552724532961E+00,+95.223303002E-03
+3.107905000E-03,+366.135203378E-03,+2.552724532961E+00,+95.298051742E-03
+3.107910000E-03,+351.003293989E-03,+2.552724532961E+00,+94.994659788E-03
+3.107915000E-03,+336.700530332E-03,+2.552724532961E+00,+94.968277878E-03
+3.107920000E-03,+320.998583272E-03,+2.552724532961E+00,+94.735237681E-03
+3.107925000E-03,+307.421322108E-03,+2.552724532961E+00,+94.642900995E-03
+3.107930000E-03,+291.252980586E-03,+2.552724532961E+00,+94.357096983E-03
+3.107935000E-03,+278.349400280E-03,+2.552724532961E+00,+94.233981400E-03
+3.107940000E-03,+261.196448227E-03,+2.552724532961E+00,+93.948177389E-03
+3.107945000E-03,+247.567365456E-03,+2.552724532961E+00,+93.754710050E-03
+3.107950000E-03,+231.761775170E-03,+2.552724532961E+00,+93.508478900E-03
+3.107955000E-03,+215.023395959E-03,+2.552724532961E+00,+93.139132169E-03
+3.107960000E-03,+200.565167461E-03,+2.552724532961E+00,+92.888504033E-03
+3.107965000E-03,+185.692366129E-03,+2.552724532961E+00,+92.611493981E-03
+3.107970000E-03,+169.420381376E-03,+2.552724532961E+00,+92.268529165E-03
+3.107975000E-03,+154.392115223E-03,+2.552724532961E+00,+92.000313086E-03
+3.107980000E-03,+137.912844035E-03,+2.552724532961E+00,+91.371544251E-03
+3.107985000E-03,+122.210896968E-03,+2.552724532961E+00,+91.402323143E-03
+3.107990000E-03,+105.783447390E-03,+2.552724532961E+00,+90.602071897E-03
+3.107995000E-03,+90.703359594E-03,+2.552724532961E+00,+90.602071897E-03
+3.108000000E-03,+75.519628600E-03,+2.552724532961E+00,+89.696293012E-03
+3.108005000E-03,+58.625784552E-03,+2.552724532961E+00,+89.762247782E-03
+3.108010000E-03,+43.390231976E-03,+2.552724532961E+00,+88.711368402E-03
+3.108015000E-03,+28.051036145E-03,+2.552724532961E+00,+88.812499049E-03
+3.108020000E-03,+12.711840340E-03,+2.552724532961E+00,+87.823177456E-03
+3.108025000E-03,-3.041928323E-03,+2.552724532961E+00,+87.708855845E-03
+3.108030000E-03,-17.966551295E-03,+2.552724532961E+00,+86.803076965E-03
+3.108035000E-03,-32.683887818E-03,+2.552724532961E+00,+86.486494047E-03
+3.108040000E-03,-48.385834892E-03,+2.552724532961E+00,+85.919283004E-03
+3.108045000E-03,-63.258636223E-03,+2.552724532961E+00,+85.312499088E-03
+3.108050000E-03,-79.375156175E-03,+2.552724532961E+00,+84.762875983E-03
+3.108055000E-03,-94.869816792E-03,+2.552724532961E+00,+84.125313170E-03
+3.108060000E-03,-111.038158344E-03,+2.552724532961E+00,+83.522926246E-03
+3.108065000E-03,-127.361964705E-03,+2.552724532961E+00,+82.806217709E-03
+3.108070000E-03,-142.493874074E-03,+2.552724532961E+00,+82.296167464E-03
+3.108075000E-03,-157.366675442E-03,+2.552724532961E+00,+81.473931293E-03
+3.108080000E-03,-174.623270719E-03,+2.552724532961E+00,+80.968278029E-03
+3.108085000E-03,-189.599715291E-03,+2.552724532961E+00,+80.203202663E-03
+3.108090000E-03,-203.850657345E-03,+2.552724532961E+00,+79.446921263E-03
+3.108095000E-03,-220.226285279E-03,+2.552724532961E+00,+78.844534333E-03
+3.108100000E-03,-235.980053976E-03,+2.552724532961E+00,+77.956343392E-03
+3.108105000E-03,-251.163784980E-03,+2.552724532961E+00,+77.415514246E-03
+3.108110000E-03,-266.502980794E-03,+2.552724532961E+00,+76.496544412E-03
+3.108115000E-03,-281.997641407E-03,+2.552724532961E+00,+75.854584618E-03
+3.108120000E-03,-296.818621173E-03,+2.552724532961E+00,+74.900438903E-03
+3.108125000E-03,-313.090605914E-03,+2.552724532961E+00,+74.188127349E-03
+3.108130000E-03,-329.051661031E-03,+2.552724532961E+00,+73.269157512E-03
+3.108135000E-03,-343.509889524E-03,+2.552724532961E+00,+72.504082141E-03
+3.108140000E-03,-358.227226058E-03,+2.552724532961E+00,+71.602700245E-03
+3.108145000E-03,-373.359135414E-03,+2.552724532961E+00,+70.859609798E-03
+3.108150000E-03,-389.061082480E-03,+2.552724532961E+00,+69.848303277E-03
+3.108155000E-03,-403.933883820E-03,+2.552724532961E+00,+69.074433940E-03
+3.108160000E-03,-418.184825891E-03,+2.552724532961E+00,+68.014760584E-03
+3.108165000E-03,-433.472200106E-03,+2.552724532961E+00,+67.315639987E-03
+3.108170000E-03,-448.500466276E-03,+2.552724532961E+00,+66.009735480E-03
+3.108175000E-03,-463.425089232E-03,+2.552724532961E+00,+65.534861112E-03
+3.108180000E-03,-476.950528787E-03,+2.552724532961E+00,+64.004710376E-03
+3.108185000E-03,-492.859762280E-03,+2.552724532961E+00,+63.679333494E-03
+3.108190000E-03,-507.266169189E-03,+2.552724532961E+00,+62.017273209E-03
+3.108195000E-03,-521.879862473E-03,+2.552724532961E+00,+61.722675222E-03
+3.108200000E-03,-534.938907588E-03,+2.552724532961E+00,+60.183730518E-03
+3.108205000E-03,-548.257060696E-03,+2.552724532961E+00,+59.704459163E-03
+3.108210000E-03,-562.559824360E-03,+2.552724532961E+00,+58.161117474E-03
+3.108215000E-03,-576.810766400E-03,+2.552724532961E+00,+57.580715467E-03
+3.108220000E-03,-590.647135589E-03,+2.552724532961E+00,+56.120916492E-03
+3.108225000E-03,-604.276218364E-03,+2.552724532961E+00,+55.421795892E-03
+3.108230000E-03,-617.698014733E-03,+2.552724532961E+00,+54.309358720E-03
+3.108235000E-03,-631.482562324E-03,+2.552724532961E+00,+53.201318531E-03
+3.108240000E-03,-645.008001863E-03,+2.552724532961E+00,+52.286745676E-03
+3.108245000E-03,-658.429798189E-03,+2.552724532961E+00,+50.998429108E-03
+3.108250000E-03,-670.504232752E-03,+2.552724532961E+00,+50.110238162E-03
+3.108255000E-03,-682.993240164E-03,+2.552724532961E+00,+48.720790942E-03
+3.108260000E-03,-695.585890762E-03,+2.552724532961E+00,+47.889760797E-03
+3.108265000E-03,-708.904043902E-03,+2.552724532961E+00,+46.517901521E-03
+3.108270000E-03,-721.600337721E-03,+2.552724532961E+00,+45.620916599E-03
+3.108275000E-03,-734.244809950E-03,+2.552724532961E+00,+44.279836217E-03
+3.108280000E-03,-746.526530944E-03,+2.552724532961E+00,+43.277323660E-03
+3.108285000E-03,-758.704608711E-03,+2.552724532961E+00,+41.971419156E-03
+3.108290000E-03,-770.209005563E-03,+2.552724532961E+00,+40.907348811E-03
+3.108295000E-03,-782.127975284E-03,+2.552724532961E+00,+39.583856364E-03
+3.108300000E-03,-794.927912307E-03,+2.552724532961E+00,+38.541770949E-03
+3.108305000E-03,-805.654985099E-03,+2.552724532961E+00,+37.235866439E-03
+3.108310000E-03,-817.573954786E-03,+2.552724532961E+00,+36.123429268E-03
+3.108315000E-03,-828.301027557E-03,+2.552724532961E+00,+34.694409181E-03
+3.108320000E-03,-839.494494755E-03,+2.552724532961E+00,+33.757851405E-03
+3.108325000E-03,-850.169745930E-03,+2.552724532961E+00,+32.254082572E-03
+3.108330000E-03,-861.104105100E-03,+2.552724532961E+00,+31.264760980E-03
+3.108335000E-03,-871.364783372E-03,+2.552724532961E+00,+29.782977072E-03
+3.108340000E-03,-881.573640059E-03,+2.552724532961E+00,+28.727700704E-03
+3.108345000E-03,-892.507999215E-03,+2.552724532961E+00,+27.325062527E-03
+3.108350000E-03,-903.753288045E-03,+2.552724532961E+00,+26.190640430E-03
+3.108355000E-03,-913.081177397E-03,+2.552724532961E+00,+24.796796224E-03
+3.108360000E-03,-921.994493879E-03,+2.552724532961E+00,+23.662374127E-03
+3.108365000E-03,-932.721566618E-03,+2.552724532961E+00,+22.369660569E-03
+3.108370000E-03,-941.583061534E-03,+2.552724532961E+00,+21.037374153E-03
+3.108375000E-03,-950.185448368E-03,+2.552724532961E+00,+19.889761098E-03
+3.108380000E-03,-959.513337722E-03,+2.552724532961E+00,+18.465138002E-03
+3.108385000E-03,-969.463086372E-03,+2.552724532961E+00,+17.392273687E-03
+3.108390000E-03,-978.842797295E-03,+2.552724532961E+00,+15.936871695E-03
+3.108395000E-03,-986.978789665E-03,+2.552724532961E+00,+14.705715926E-03
+3.108400000E-03,-996.358500628E-03,+2.552724532961E+00,+13.465766198E-03
+3.108405000E-03,-1.004287206589E+00,+2.552724532961E+00,+11.997173242E-03
+3.108410000E-03,-1.014029668775E+00,+2.552724532961E+00,+10.840766225E-03
+3.108415000E-03,-1.022528412422E+00,+2.552724532961E+00,+9.249057694E-03
+3.108420000E-03,-1.030819869617E+00,+2.552724532961E+00,+8.334484843E-03
+3.108425000E-03,-1.038489467530E+00,+2.552724532961E+00,+6.698806466E-03
+3.108430000E-03,-1.046573638279E+00,+2.552724532961E+00,+5.836997430E-03
+3.108435000E-03,-1.054450522631E+00,+2.552724532961E+00,+3.946293937E-03
+3.108440000E-03,-1.061809190888E+00,+2.552724532961E+00,+3.282349217E-03
+3.108445000E-03,-1.069686075231E+00,+2.552724532961E+00,+1.391645724E-03
+3.108450000E-03,-1.077096565129E+00,+2.552724532961E+00,+591.394469E-06
+3.108455000E-03,-1.083677909245E+00,+2.552724532961E+00,-1.079459778E-03
+3.108460000E-03,-1.090622004645E+00,+2.552724532961E+00,-1.976444700E-03
+3.108465000E-03,-1.097358813635E+00,+2.552724532961E+00,-3.638504975E-03
+3.108470000E-03,-1.103214655282E+00,+2.552724532961E+00,-4.623429594E-03
+3.108475000E-03,-1.109899642646E+00,+2.552724532961E+00,-6.272298918E-03
+3.108480000E-03,-1.115133625023E+00,+2.552724532961E+00,-7.191268761E-03
+3.108485000E-03,-1.121144931462E+00,+2.552724532961E+00,-8.941268740E-03
+3.108490000E-03,-1.126845308295E+00,+2.552724532961E+00,-9.943781297E-03
+3.108495000E-03,-1.131975647436E+00,+2.552724532961E+00,-11.561871729E-03
+3.108500000E-03,-1.135810446415E+00,+2.552724532961E+00,-12.625942068E-03
+3.108505000E-03,-1.142288147352E+00,+2.348029188878E+00,-14.151695823E-03
+3.108510000E-03,-1.145241978947E+00,+71.961375190E-03,-15.224560132E-03
+3.108515000E-03,-1.148765848303E+00,-171.364633819E-03,-16.732725944E-03
+3.108520000E-03,-1.153377971349E+00,-133.205087397E-03,-17.959484722E-03
+3.108525000E-03,-1.158249202452E+00,+213.214506929E-03,-19.221419384E-03
+3.108530000E-03,-1.160477531572E+00,-42.124684190E-03,-20.610866606E-03
+3.108535000E-03,-1.164882368217E+00,-69.527323483E-03,-21.723303783E-03
+3.108540000E-03,-1.168198951080E+00,-102.504709803E-03,-23.315012308E-03
+3.108545000E-03,-1.171204604341E+00,-31.524811667E-03,-24.357097723E-03
+3.108550000E-03,-1.175350332919E+00,-43.380966545E-03,-25.874057504E-03
+3.108555000E-03,-1.176697694731E+00,-47.777951857E-03,-27.026067544E-03
+3.108560000E-03,-1.180066099225E+00,-57.592650062E-03,-28.419911747E-03
+3.108565000E-03,-1.181828033861E+00,-52.410489517E-03,-29.545539880E-03
+3.108570000E-03,-1.184108184612E+00,-48.327574803E-03,-30.965765993E-03
+3.108575000E-03,-1.185507368000E+00,-50.918655271E-03,-32.100188096E-03
+3.108580000E-03,-1.187994805124E+00,-51.389760710E-03,-33.423680540E-03
+3.108585000E-03,-1.188720307666E+00,-50.369032159E-03,-34.821921730E-03
+3.108590000E-03,-1.190430420656E+00,-48.092022095E-03,-35.890389056E-03
+3.108595000E-03,-1.192451463380E+00,-46.992775914E-03,-37.398554866E-03
+3.108600000E-03,-1.193073322689E+00,-50.211996939E-03,-38.291142802E-03
+3.108605000E-03,-1.194317041269E+00,-49.034233157E-03,-39.940012124E-03
+3.108610000E-03,-1.194317041262E+00,-49.034233143E-03,-40.806218152E-03
+3.108615000E-03,-1.195560759841E+00,-49.819408992E-03,-42.283605066E-03
+3.108620000E-03,-1.195042543775E+00,-49.348303497E-03,-43.294911592E-03
+3.108625000E-03,-1.195457116646E+00,-47.620916575E-03,-44.640388960E-03
+3.108630000E-03,-1.195094365386E+00,-47.542398964E-03,-45.704459307E-03
+3.108635000E-03,-1.195405295019E+00,-46.443152780E-03,-47.085112550E-03
+3.108640000E-03,-1.195301651800E+00,-47.856469334E-03,-48.078831141E-03
+3.108645000E-03,-1.194835257349E+00,-45.972047271E-03,-49.521042172E-03
+3.108650000E-03,-1.193798825210E+00,-46.600187938E-03,-50.444409002E-03
+3.108655000E-03,-1.193539717153E+00,-46.207600010E-03,-51.842650189E-03
+3.108660000E-03,-1.191518674483E+00,-49.112750733E-03,-52.744032096E-03
+3.108665000E-03,-1.189756739814E+00,-47.856469339E-03,-54.181846144E-03
+3.108670000E-03,-1.188823950899E+00,-47.463881390E-03,-54.946921521E-03
+3.108675000E-03,-1.186232870510E+00,-46.835740710E-03,-56.525439083E-03
+3.108680000E-03,-1.184885508723E+00,-45.500941735E-03,-57.004710441E-03
+3.108685000E-03,-1.182087141921E+00,-46.835740707E-03,-58.820665190E-03
+3.108690000E-03,-1.180532493690E+00,-45.186871389E-03,-59.185614942E-03
+3.108695000E-03,-1.178045056535E+00,-46.129082437E-03,-60.948805872E-03
+3.108700000E-03,-1.174832116854E+00,-46.678705466E-03,-61.511619940E-03
+3.108705000E-03,-1.171774642046E+00,-45.265388965E-03,-63.054961627E-03
+3.108710000E-03,-1.168561702384E+00,-46.600187938E-03,-63.732097308E-03
+3.108715000E-03,-1.165452405914E+00,-44.794283451E-03,-65.103956581E-03
+3.108720000E-03,-1.161617606971E+00,-46.129082409E-03,-65.864634971E-03
+3.108725000E-03,-1.158197380872E+00,-44.087625178E-03,-67.095790730E-03
+3.108730000E-03,-1.154103473881E+00,-46.914258258E-03,-68.107097255E-03
+3.108735000E-03,-1.149854102082E+00,-43.773554816E-03,-69.052449003E-03
+3.108740000E-03,-1.145501087046E+00,-47.228328603E-03,-70.134107284E-03
+3.108745000E-03,-1.141614466482E+00,-44.480213114E-03,-70.960740441E-03
+3.108750000E-03,-1.136121376100E+00,-45.029836164E-03,-71.954459023E-03
+3.108755000E-03,-1.131042858561E+00,-43.616519642E-03,-72.930589666E-03
+3.108760000E-03,-1.125912519433E+00,-45.815012064E-03,-73.818780611E-03
+3.108765000E-03,-1.120367607430E+00,-43.773554813E-03,-74.904835877E-03
+3.108770000E-03,-1.114770873824E+00,-44.323177929E-03,-75.568780595E-03
+3.108775000E-03,-1.109122318610E+00,-44.323177914E-03,-76.883479068E-03
+3.108780000E-03,-1.102126401583E+00,-45.265388980E-03,-77.380338366E-03
+3.108785000E-03,-1.096426024782E+00,-43.773554816E-03,-78.686242867E-03
+3.108790000E-03,-1.090000145448E+00,-43.538002075E-03,-79.139132320E-03
+3.108795000E-03,-1.082537833963E+00,-43.459484431E-03,-80.431845861E-03
+3.108800000E-03,-1.076992921952E+00,-45.186871378E-03,-80.845162452E-03
+3.108805000E-03,-1.070722507466E+00,-43.538002055E-03,-82.041142325E-03
+3.108810000E-03,-1.063622947240E+00,-43.695037197E-03,-82.691896097E-03
+3.108815000E-03,-1.056523387002E+00,-43.538002072E-03,-83.514132262E-03
+3.108820000E-03,-1.049682934823E+00,-44.480213091E-03,-84.384735280E-03
+3.108825000E-03,-1.042324266577E+00,-42.517273437E-03,-85.092649832E-03
+3.108830000E-03,-1.034240095785E+00,-42.517273440E-03,-86.090765410E-03
+3.108835000E-03,-1.026674141092E+00,-41.889132746E-03,-86.653579465E-03
+3.108840000E-03,-1.018538148715E+00,-42.674308579E-03,-87.387875949E-03
+3.108845000E-03,-1.009262080994E+00,-41.967650345E-03,-88.192524174E-03
+3.108850000E-03,-1.001696126300E+00,-42.674308574E-03,-88.689383470E-03
+3.108855000E-03,-992.990096240E-03,-41.418027215E-03,-89.678705063E-03
+3.108860000E-03,-983.403098860E-03,-41.967650301E-03,-90.034860843E-03
+3.108865000E-03,-975.007998464E-03,-41.575062383E-03,-91.178076905E-03
+3.108870000E-03,-966.975649254E-03,-42.046167897E-03,-91.138504049E-03
+3.108875000E-03,-956.974079062E-03,-41.967650307E-03,-92.602700006E-03
+3.108880000E-03,-947.387081660E-03,-43.145414108E-03,-92.259735195E-03
+3.108885000E-03,-937.489154626E-03,-42.203203074E-03,-93.754710042E-03
+3.108890000E-03,-927.176654744E-03,-43.223931686E-03,-93.490890961E-03
+3.108895000E-03,-917.641478959E-03,-40.554333760E-03,-94.774810536E-03
+3.108900000E-03,-906.707119790E-03,-41.496544820E-03,-94.752825617E-03
+3.108905000E-03,-896.705549541E-03,-41.732097558E-03,-95.786117055E-03
+3.108910000E-03,-886.393049630E-03,-40.240263415E-03,-95.882850735E-03
+3.108915000E-03,-875.251404037E-03,-42.595791007E-03,-96.766644684E-03
+3.108920000E-03,-866.130801119E-03,-42.046167912E-03,-96.951318059E-03
+3.108925000E-03,-855.766479665E-03,-41.653579962E-03,-97.716393421E-03
+3.108930000E-03,-845.246693326E-03,-42.595791007E-03,-98.015388394E-03
+3.108935000E-03,-834.675085384E-03,-40.475816188E-03,-98.608981352E-03
+3.108940000E-03,-822.497007635E-03,-41.418027206E-03,-98.890388387E-03
+3.108945000E-03,-810.940789174E-03,-42.203203092E-03,-99.563127073E-03
+3.108950000E-03,-799.643678736E-03,-40.318780948E-03,-99.673051692E-03
+3.108955000E-03,-787.310136151E-03,-42.909861338E-03,-100.398554200E-03
+3.108960000E-03,-775.287523206E-03,-41.810615124E-03,-100.293026561E-03
+3.108965000E-03,-763.213088684E-03,-44.009107587E-03,-101.163629568E-03
+3.108970000E-03,-750.827724483E-03,-41.889132684E-03,-100.978956203E-03
+3.108975000E-03,-739.530614032E-03,-41.260992005E-03,-101.774810465E-03
+3.108980000E-03,-726.834320204E-03,-42.909861316E-03,-101.669282832E-03
+3.108985000E-03,-715.018993715E-03,-41.182474430E-03,-102.245287844E-03
+3.108990000E-03,-702.322699870E-03,-39.847675432E-03,-102.293654688E-03
+3.108995000E-03,-690.144622127E-03,-40.397298550E-03,-102.680589347E-03
+3.109000000E-03,-677.344685072E-03,-42.595790959E-03,-102.838880812E-03
+3.109005000E-03,-664.700212857E-03,-40.318781005E-03,-103.089508943E-03
+3.109010000E-03,-651.122951704E-03,-42.124685475E-03,-103.362122010E-03
+3.109015000E-03,-637.856620194E-03,-40.004710651E-03,-103.335740099E-03
+3.109020000E-03,-625.367612773E-03,-41.732097540E-03,-103.779835572E-03
+3.109025000E-03,-611.583065196E-03,-40.868404133E-03,-103.683101900E-03
+3.109030000E-03,-599.249522594E-03,-40.240263370E-03,-103.929333056E-03
+3.109035000E-03,-586.138655907E-03,-40.161745792E-03,-104.100815463E-03
+3.109040000E-03,-572.872324388E-03,-42.831343741E-03,-104.056845620E-03
+3.109045000E-03,-559.398706450E-03,-41.025439256E-03,-104.338252649E-03
+3.109050000E-03,-545.095942797E-03,-41.103956877E-03,-104.052448638E-03
+3.109055000E-03,-532.399648963E-03,-39.141017163E-03,-104.553704909E-03
+3.109060000E-03,-517.423204392E-03,-40.475816162E-03,-104.092021499E-03
+3.109065000E-03,-504.467802512E-03,-41.025439247E-03,-104.619659679E-03
+3.109070000E-03,-490.216860444E-03,-42.595790980E-03,-104.061242609E-03
+3.109075000E-03,-476.639599257E-03,-41.339509555E-03,-104.707599374E-03
+3.109080000E-03,-461.974084395E-03,-41.732097525E-03,-104.012875774E-03
+3.109085000E-03,-447.101283035E-03,-40.004710661E-03,-104.580086812E-03
+3.109090000E-03,-431.710265616E-03,-40.789886482E-03,-104.012875775E-03
+3.109095000E-03,-417.718431583E-03,-41.103956849E-03,-104.232725011E-03
+3.109100000E-03,-402.379235776E-03,-40.946921663E-03,-103.872172259E-03
+3.109105000E-03,-387.972828899E-03,-40.868404057E-03,-103.898554161E-03
+3.109110000E-03,-373.410957183E-03,-41.653579925E-03,-103.696292861E-03
+3.109115000E-03,-357.812653369E-03,-41.810615108E-03,-103.652323009E-03
+3.109120000E-03,-342.473457533E-03,-40.397298587E-03,-103.287373268E-03
+3.109125000E-03,-328.429801870E-03,-40.868404085E-03,-103.260991358E-03
+3.109130000E-03,-312.520568387E-03,-40.789886492E-03,-102.904835582E-03
+3.109135000E-03,-298.476912756E-03,-40.240263429E-03,-102.843277795E-03
+3.109140000E-03,-283.189538554E-03,-41.967650292E-03,-102.469534079E-03
+3.109145000E-03,-268.005807578E-03,-40.475816143E-03,-102.412373279E-03
+3.109150000E-03,-253.599400678E-03,-40.711368901E-03,-101.946292882E-03
+3.109155000E-03,-237.534702350E-03,-39.533605126E-03,-101.977071771E-03
+3.109160000E-03,-220.899966387E-03,-42.046167838E-03,-101.299936103E-03
+3.109165000E-03,-207.063597149E-03,-40.004710646E-03,-101.247172284E-03
+3.109170000E-03,-191.724401373E-03,-41.103956827E-03,-100.772297920E-03
+3.109175000E-03,-176.592491960E-03,-39.062499654E-03,-100.451318021E-03
+3.109180000E-03,-161.978798633E-03,-40.711368889E-03,-100.077574310E-03
+3.109185000E-03,-146.328673181E-03,-40.475816156E-03,-99.664257727E-03
+3.109190000E-03,-130.367618071E-03,-40.397298547E-03,-99.338880851E-03
+3.109195000E-03,-115.183887072E-03,-40.711368892E-03,-98.846418539E-03
+3.109200000E-03,-100.311085728E-03,-42.595791036E-03,-98.529835633E-03
+3.109205000E-03,-84.557317057E-03,-40.161745833E-03,-97.918654731E-03
+3.109210000E-03,-69.891802155E-03,-41.653579950E-03,-97.588880869E-03
+3.109215000E-03,-54.656249563E-03,-39.533605069E-03,-96.898554244E-03
+3.109220000E-03,-39.783448234E-03,-40.868404120E-03,-96.568780376E-03
+3.109225000E-03,-25.791614179E-03,-41.103956865E-03,-95.983981385E-03
+3.109230000E-03,-10.504239961E-03,-40.475816153E-03,-95.509107025E-03
+3.109235000E-03,+5.664101579E-03,-41.496544788E-03,-95.056217577E-03
+3.109240000E-03,+22.195194333E-03,-40.475816169E-03,-94.277951258E-03
+3.109245000E-03,+35.720633928E-03,-39.533605111E-03,-93.987750249E-03
+3.109250000E-03,+51.370759391E-03,-39.533605111E-03,-93.051192478E-03
+3.109255000E-03,+66.917241600E-03,-40.711368895E-03,-92.717021622E-03
+3.109260000E-03,+83.189226355E-03,-41.182474411E-03,-91.842021637E-03
+3.109265000E-03,+98.683886989E-03,-41.418027252E-03,-91.463880929E-03
+3.109270000E-03,+113.660331564E-03,-40.397298540E-03,-90.487750298E-03
+3.109275000E-03,+128.584954467E-03,-39.298052394E-03,-90.232725164E-03
+3.109280000E-03,+144.856939255E-03,-42.203203056E-03,-89.133478955E-03
+3.109285000E-03,+159.107881333E-03,-40.083228278E-03,-88.904835731E-03
+3.109290000E-03,+175.068936440E-03,-41.260992020E-03,-87.818780476E-03
+3.109295000E-03,+189.682629728E-03,-40.397298585E-03,-87.493403587E-03
+3.109300000E-03,+204.607252705E-03,-41.575062395E-03,-86.380966420E-03
+3.109305000E-03,+220.205556562E-03,-40.789886495E-03,-86.046795563E-03
+3.109310000E-03,+234.871071465E-03,-40.083228246E-03,-84.846418701E-03
+3.109315000E-03,+249.588407999E-03,-38.983982004E-03,-84.516644822E-03
+3.109320000E-03,+264.046636483E-03,-41.653579930E-03,-83.267901126E-03
+3.109325000E-03,+280.163156394E-03,-39.298052340E-03,-82.766644845E-03
+3.109330000E-03,+295.865103470E-03,-41.418027172E-03,-81.597046871E-03
+3.109335000E-03,+309.753294289E-03,-38.905464407E-03,-81.144157423E-03
+3.109340000E-03,+324.781560464E-03,-42.203203004E-03,-80.031720253E-03
+3.109345000E-03,+340.068934664E-03,-41.810615137E-03,-79.336996642E-03
+3.109350000E-03,+354.008947107E-03,-40.318780959E-03,-78.330087107E-03
+3.109355000E-03,+368.778105201E-03,-40.240263421E-03,-77.622172540E-03
+3.109360000E-03,+382.666296014E-03,-41.732097517E-03,-76.483353458E-03
+3.109365000E-03,+398.471886314E-03,-41.103956863E-03,-75.718278091E-03
+3.109370000E-03,+413.448330862E-03,-41.182474443E-03,-74.711368550E-03
+3.109375000E-03,+427.751094550E-03,-41.339509601E-03,-73.779207760E-03
+3.109380000E-03,+441.172890869E-03,-40.711368914E-03,-72.855840932E-03
+3.109385000E-03,+454.698330433E-03,-40.868404098E-03,-71.967649991E-03
+3.109390000E-03,+468.741986064E-03,-39.376569923E-03,-70.842021859E-03
+3.109395000E-03,+482.578355284E-03,-40.240263411E-03,-70.147298249E-03
+3.109400000E-03,+496.622010860E-03,-41.260991997E-03,-68.832599770E-03
+3.109405000E-03,+509.888342415E-03,-41.653579966E-03,-68.212624905E-03
+3.109410000E-03,+524.087462853E-03,-41.575062359E-03,-66.788001805E-03
+3.109415000E-03,+537.250151141E-03,-41.339509624E-03,-66.185614876E-03
+3.109420000E-03,+550.620125907E-03,-42.909861343E-03,-64.646670172E-03
+3.109425000E-03,+564.404673452E-03,-40.946921672E-03,-64.083856102E-03
+3.109430000E-03,+578.189221039E-03,-41.732097540E-03,-62.452574723E-03
+3.109435000E-03,+591.248266144E-03,-40.632851334E-03,-62.026067175E-03
+3.109440000E-03,+603.840916772E-03,-40.632851327E-03,-60.377197856E-03
+3.109445000E-03,+616.899961838E-03,-41.103956843E-03,-59.774810919E-03
+3.109450000E-03,+630.166293403E-03,-43.066896530E-03,-58.301820996E-03
+3.109455000E-03,+643.173516846E-03,-39.455087544E-03,-57.554333557E-03
+3.109460000E-03,+654.885200178E-03,-40.318780985E-03,-56.239635085E-03
+3.109465000E-03,+667.322385972E-03,-39.926193020E-03,-55.157976801E-03
+3.109470000E-03,+679.241355662E-03,-39.219534746E-03,-53.878454211E-03
+3.109475000E-03,+692.144935926E-03,-40.318780982E-03,-52.972675317E-03
+3.109480000E-03,+704.633943306E-03,-41.339509581E-03,-51.534861267E-03
+3.109485000E-03,+716.190161801E-03,-41.575062403E-03,-50.576318561E-03
+3.109490000E-03,+727.228164213E-03,-41.496544768E-03,-49.142901491E-03
+3.109495000E-03,+739.665350023E-03,-39.690640312E-03,-48.193152759E-03
+3.109500000E-03,+751.532498133E-03,-39.769157835E-03,-46.768529660E-03
+3.109505000E-03,+763.606932648E-03,-40.475816166E-03,-45.805589971E-03
+3.109510000E-03,+774.852221494E-03,-40.083228275E-03,-44.376569886E-03
+3.109515000E-03,+787.133942450E-03,-40.397298583E-03,-43.523554813E-03
+3.109520000E-03,+797.757371969E-03,-42.360238240E-03,-41.848303582E-03
+3.109525000E-03,+807.707120642E-03,-41.260992051E-03,-41.004082483E-03
+3.109530000E-03,+819.470625530E-03,-41.496544795E-03,-39.517901595E-03
+3.109535000E-03,+829.109444547E-03,-40.711368887E-03,-38.440640298E-03
+3.109540000E-03,+839.784695668E-03,-41.339509604E-03,-37.099559916E-03
+3.109545000E-03,+850.511768391E-03,-41.810615113E-03,-35.872801127E-03
+3.109550000E-03,+860.202408979E-03,-40.240263368E-03,-34.690012200E-03
+3.109555000E-03,+871.188589766E-03,-42.595791022E-03,-33.265389096E-03
+3.109560000E-03,+881.708376103E-03,-42.752826148E-03,-32.258479560E-03
+3.109565000E-03,+891.191730277E-03,-41.025439328E-03,-30.640389129E-03
+3.109570000E-03,+900.726906095E-03,-43.223931663E-03,-29.703831346E-03
+3.109575000E-03,+910.210260247E-03,-39.690640344E-03,-28.107725841E-03
+3.109580000E-03,+919.486328005E-03,-42.281720594E-03,-27.083228353E-03
+3.109585000E-03,+928.969682129E-03,-41.025439252E-03,-25.553077630E-03
+3.109590000E-03,+938.763965935E-03,-40.789886519E-03,-24.339509792E-03
+3.109595000E-03,+947.262709589E-03,-41.732097571E-03,-23.139132930E-03
+3.109600000E-03,+955.709631607E-03,-41.418027150E-03,-21.565012333E-03
+3.109605000E-03,+963.845624014E-03,-39.455087531E-03,-20.646042503E-03
+3.109610000E-03,+972.240724443E-03,-41.496544754E-03,-18.900439501E-03
+3.109615000E-03,+979.392106253E-03,-41.496544775E-03,-18.029836500E-03
+3.109620000E-03,+988.409065942E-03,-42.674308567E-03,-16.266645566E-03
+3.109625000E-03,+996.700523137E-03,-40.318781059E-03,-15.404836528E-03
+3.109630000E-03,+1.003800083394E+00,-42.595790973E-03,-13.769158156E-03
+3.109635000E-03,+1.011521502905E+00,-41.025439270E-03,-12.749057659E-03
+3.109640000E-03,+1.019035635995E+00,-43.459484498E-03,-11.126570244E-03
+3.109645000E-03,+1.025357872087E+00,-40.946921679E-03,-9.978957189E-03
+3.109650000E-03,+1.031939216261E+00,-42.281720681E-03,-8.659861727E-03
+3.109655000E-03,+1.040127030225E+00,-42.203203041E-03,-7.296796411E-03
+3.109660000E-03,+1.045516477410E+00,-42.752826221E-03,-6.171168285E-03
+3.109665000E-03,+1.052460572809E+00,-42.203203101E-03,-4.597047699E-03
+3.109670000E-03,+1.058420057674E+00,-41.025439273E-03,-3.528580372E-03
+3.109675000E-03,+1.064794115402E+00,-40.711368918E-03,-2.029208531E-03
+3.109680000E-03,+1.071530924366E+00,-43.145414086E-03,-890.389443E-06
+3.109685000E-03,+1.077075836383E+00,-40.868404131E-03,+551.821590E-06
+3.109690000E-03,+1.082983499652E+00,-40.789886533E-03,+1.739007516E-03
+3.109695000E-03,+1.089772130165E+00,+70.391013013E-03,+3.137248701E-03
+3.109700000E-03,+1.094125145224E+00,+2.404090730868E+00,+4.513504972E-03
+3.109705000E-03,+1.099410949183E+00,+2.552253427439E+00,+5.568781341E-03
+3.109710000E-03,+1.103867607417E+00,+2.552253427439E+00,+7.169283832E-03
+3.109715000E-03,+1.108635195341E+00,+2.552253427439E+00,+8.039886846E-03
+3.109720000E-03,+1.112625459113E+00,+2.552253427439E+00,+9.833856667E-03
+3.109725000E-03,+1.115890220401E+00,+2.552253427439E+00,+10.735238573E-03
+3.109730000E-03,+1.120243235403E+00,+2.552253427439E+00,+12.340138045E-03
+3.109735000E-03,+1.124596250453E+00,+2.552253427439E+00,+13.417399347E-03
+3.109740000E-03,+1.127809190124E+00,+2.552253427439E+00,+14.745288776E-03
+3.109745000E-03,+1.132162205141E+00,+2.552253427439E+00,+16.174308864E-03
+3.109750000E-03,+1.134649642303E+00,+2.552253427439E+00,+17.286746037E-03
+3.109755000E-03,+1.137033436254E+00,+2.552253427439E+00,+18.825690747E-03
+3.109760000E-03,+1.140712770398E+00,+2.552253427439E+00,+19.793027418E-03
+3.109765000E-03,+1.143511137185E+00,+2.552253427439E+00,+21.428705790E-03
+3.109770000E-03,+1.146102217590E+00,+2.552331945022E+00,+22.325690706E-03
+3.109775000E-03,+1.148952405997E+00,+2.552724532961E+00,+23.956972093E-03
+3.109780000E-03,+1.150299767778E+00,+2.552724532961E+00,+24.875941936E-03
+3.109785000E-03,+1.153253599388E+00,+2.552724532961E+00,+26.441268548E-03
+3.109790000E-03,+1.154290031554E+00,+2.552724532961E+00,+27.540514776E-03
+3.109795000E-03,+1.155585571739E+00,+2.552724532961E+00,+28.837625309E-03
+3.109800000E-03,+1.157088398363E+00,+2.552724532961E+00,+30.213881578E-03
+3.109805000E-03,+1.158332116952E+00,+2.552724532961E+00,+31.233982072E-03
+3.109810000E-03,+1.159472192283E+00,+2.552724532961E+00,+32.583856428E-03
+3.109815000E-03,+1.159109441062E+00,+2.552724532961E+00,+33.709484553E-03
+3.109820000E-03,+1.159938586772E+00,+2.552724532961E+00,+35.094534789E-03
+3.109825000E-03,+1.160404981252E+00,+2.552724532961E+00,+36.198178001E-03
+3.109830000E-03,+1.161648699829E+00,+2.552724532961E+00,+37.442524712E-03
+3.109835000E-03,+1.160612267667E+00,+2.552724532961E+00,+38.537373959E-03
+3.109840000E-03,+1.160715910875E+00,+2.552724532961E+00,+39.887248305E-03
+3.109845000E-03,+1.159938586794E+00,+2.552724532961E+00,+41.030464378E-03
+3.109850000E-03,+1.159213084282E+00,+2.552724532961E+00,+42.081343761E-03
+3.109855000E-03,+1.157865722478E+00,+2.552724532961E+00,+43.391645259E-03
+3.109860000E-03,+1.157606614450E+00,+2.552724532961E+00,+44.433730676E-03
+3.109865000E-03,+1.156362895887E+00,+2.552724532961E+00,+45.752826136E-03
+3.109870000E-03,+1.155585571734E+00,+2.552724532961E+00,+46.750941705E-03
+3.109875000E-03,+1.154082745153E+00,+2.552724532961E+00,+47.850187918E-03
+3.109880000E-03,+1.152165345674E+00,+2.552724532961E+00,+49.151695445E-03
+3.109885000E-03,+1.150092481355E+00,+2.552724532961E+00,+50.017901466E-03
+3.109890000E-03,+1.146983184913E+00,+2.552724532961E+00,+51.385363763E-03
+3.109895000E-03,+1.143562958821E+00,+2.552724532961E+00,+52.216393903E-03
+3.109900000E-03,+1.141541916156E+00,+2.552724532961E+00,+53.509107461E-03
+3.109905000E-03,+1.138743549333E+00,+2.552724532961E+00,+54.274182830E-03
+3.109910000E-03,+1.135375144831E+00,+2.552724532961E+00,+55.641645127E-03
+3.109915000E-03,+1.131540345904E+00,+2.552724532961E+00,+56.314383813E-03
+3.109920000E-03,+1.128793800693E+00,+2.552724532961E+00,+57.703831035E-03
+3.109925000E-03,+1.125062644961E+00,+2.552724532961E+00,+58.464509414E-03
+3.109930000E-03,+1.120450521903E+00,+2.552724532961E+00,+59.686871212E-03
+3.109935000E-03,+1.115631112431E+00,+2.552724532961E+00,+60.500313414E-03
+3.109940000E-03,+1.111381740607E+00,+2.552724532961E+00,+61.533604865E-03
+3.109945000E-03,+1.108116979306E+00,+2.552724532961E+00,+62.527323443E-03
+3.109950000E-03,+1.101639278393E+00,+2.552724532961E+00,+63.477072174E-03
+3.109955000E-03,+1.096612582496E+00,+2.552724532961E+00,+64.479584728E-03
+3.109960000E-03,+1.092518675476E+00,+2.552724532961E+00,+65.499685224E-03
+3.109965000E-03,+1.086403725795E+00,+2.552724532961E+00,+66.374685207E-03
+3.109970000E-03,+1.081066100221E+00,+2.552724532961E+00,+67.311242995E-03
+3.109975000E-03,+1.076194869140E+00,+2.552724532961E+00,+68.247800766E-03
+3.109980000E-03,+1.069820811360E+00,+2.552724532961E+00,+69.162373627E-03
+3.109985000E-03,+1.064016791361E+00,+2.552724532961E+00,+70.090137431E-03
+3.109990000E-03,+1.058005484891E+00,+2.552724532961E+00,+70.912373611E-03
+3.109995000E-03,+1.051061389498E+00,+2.552724532961E+00,+71.717021834E-03
+3.110000000E-03,+1.045257369444E+00,+2.552724532961E+00,+72.710740424E-03
+3.110005000E-03,+1.037950522824E+00,+2.552724532961E+00,+73.471418800E-03
+3.110010000E-03,+1.030177281701E+00,+2.552724532961E+00,+74.227700208E-03
+3.110015000E-03,+1.022404040593E+00,+2.552724532961E+00,+75.111494160E-03
+3.110020000E-03,+1.015615409971E+00,+2.552724532961E+00,+75.876569535E-03
+3.110025000E-03,+1.007842168850E+00,+2.552724532961E+00,+76.676820777E-03
+3.110030000E-03,+999.239782055E-03,+2.552724532961E+00,+77.534232833E-03
+3.110035000E-03,+991.673827335E-03,+2.552724532961E+00,+78.092649912E-03
+3.110040000E-03,+982.967797245E-03,+2.552724532961E+00,+78.994031817E-03
+3.110045000E-03,+975.039091302E-03,+2.552724532961E+00,+79.486494116E-03
+3.110050000E-03,+967.265850197E-03,+2.552724532961E+00,+80.392273006E-03
+3.110055000E-03,+958.352533740E-03,+2.552724532961E+00,+80.915514202E-03
+3.110060000E-03,+950.164719742E-03,+2.552724532961E+00,+81.680589573E-03
+3.110065000E-03,+941.355046485E-03,+2.552724532961E+00,+82.190639815E-03
+3.110070000E-03,+931.716227467E-03,+2.552724532961E+00,+83.012875990E-03
+3.110075000E-03,+924.046629567E-03,+2.552724532961E+00,+83.439383524E-03
+3.110080000E-03,+914.200524153E-03,+2.552724532961E+00,+84.292398594E-03
+3.110085000E-03,+903.939845871E-03,+2.552724532961E+00,+84.674936272E-03
+3.110090000E-03,+894.560134926E-03,+2.552724532961E+00,+85.404835766E-03
+3.110095000E-03,+884.247635024E-03,+2.552724532961E+00,+85.862122194E-03
+3.110100000E-03,+873.209632620E-03,+2.552724532961E+00,+86.495288014E-03
+3.110105000E-03,+863.363527228E-03,+2.552724532961E+00,+87.062499059E-03
+3.110110000E-03,+853.465600142E-03,+2.552724532961E+00,+87.563755343E-03
+3.110115000E-03,+843.153100304E-03,+2.552724532961E+00,+88.078202570E-03
+3.110120000E-03,+832.115097904E-03,+2.552724532961E+00,+88.592649804E-03
+3.110125000E-03,+821.802598002E-03,+2.552724532961E+00,+89.036745268E-03
+3.110130000E-03,+810.194557941E-03,+2.552724532961E+00,+89.441267888E-03
+3.110135000E-03,+798.379231439E-03,+2.552724532961E+00,+89.929333197E-03
+3.110140000E-03,+786.512083310E-03,+2.552724532961E+00,+90.329458831E-03
+3.110145000E-03,+777.391480393E-03,+2.552724532961E+00,+90.760363341E-03
+3.110150000E-03,+765.420689046E-03,+2.552724532961E+00,+91.217649775E-03
+3.110155000E-03,+751.377033489E-03,+2.552724532961E+00,+91.604584440E-03
+3.110160000E-03,+740.805425516E-03,+2.552724532961E+00,+91.973931177E-03
+3.110165000E-03,+728.679169390E-03,+2.552724532961E+00,+92.360865837E-03
+3.110170000E-03,+716.604734841E-03,+2.552724532961E+00,+92.620287955E-03
+3.110175000E-03,+705.307624404E-03,+2.552724532961E+00,+93.095162312E-03
+3.110180000E-03,+691.937649694E-03,+2.552724532961E+00,+93.130338198E-03
+3.110185000E-03,+679.707750309E-03,+2.552724532961E+00,+93.618403518E-03
+3.110190000E-03,+666.700526808E-03,+2.552724532961E+00,+93.600815581E-03
+3.110195000E-03,+653.175087249E-03,+2.552724532961E+00,+94.128453762E-03
+3.110200000E-03,+640.686079871E-03,+2.552724532961E+00,+94.053705024E-03
+3.110205000E-03,+627.523391588E-03,+2.552724532961E+00,+94.524182398E-03
+3.110210000E-03,+614.308881687E-03,+2.552724532961E+00,+94.554961299E-03
+3.110215000E-03,+601.249836554E-03,+2.552724532961E+00,+94.845162296E-03
+3.110220000E-03,+587.724397037E-03,+2.552724532961E+00,+94.871544212E-03
+3.110225000E-03,+574.198957494E-03,+2.552724532961E+00,+95.086996466E-03
+3.110230000E-03,+562.124522890E-03,+2.552724532961E+00,+95.201318078E-03
+3.110235000E-03,+547.873580889E-03,+2.552724532961E+00,+95.148554257E-03
+3.110240000E-03,+534.089033290E-03,+2.552724532961E+00,+95.671795456E-03
+3.110245000E-03,+519.786269635E-03,+2.552724532961E+00,+95.315639684E-03
+3.110250000E-03,+505.742614004E-03,+2.552724532961E+00,+95.759735155E-03
+3.110255000E-03,+492.217174429E-03,+2.552724532961E+00,+95.447549232E-03
+3.110260000E-03,+477.862589161E-03,+2.552724532961E+00,+95.733353239E-03
+3.110265000E-03,+464.544436051E-03,+2.552724532961E+00,+95.561870844E-03
+3.110270000E-03,+449.775277915E-03,+2.552724532961E+00,+95.619031638E-03
+3.110275000E-03,+435.057941413E-03,+2.552724532961E+00,+95.557473856E-03
+3.110280000E-03,+421.895253062E-03,+2.552724532961E+00,+95.491519077E-03
+3.110285000E-03,+406.556057273E-03,+2.552724532961E+00,+95.548679883E-03
+3.110290000E-03,+391.527791131E-03,+2.552724532961E+00,+95.271669836E-03
+3.110295000E-03,+378.209637994E-03,+2.552724532961E+00,+95.447549229E-03
+3.110300000E-03,+362.404047719E-03,+2.552724532961E+00,+95.007850742E-03
+3.110305000E-03,+347.634889570E-03,+2.552724532961E+00,+95.201318074E-03
+3.110310000E-03,+332.710266638E-03,+2.552724532961E+00,+94.788001502E-03
+3.110315000E-03,+318.562967740E-03,+2.552724532961E+00,+94.739634661E-03
+3.110320000E-03,+302.912842298E-03,+2.552724532961E+00,+94.519785431E-03
+3.110325000E-03,+288.558257003E-03,+2.552724532961E+00,+94.282348229E-03
+3.110330000E-03,+272.389915571E-03,+2.552724532961E+00,+94.211996490E-03
+3.110335000E-03,+257.206184464E-03,+2.552724532961E+00,+93.811870848E-03
+3.110340000E-03,+241.296951006E-03,+2.552724532961E+00,+93.803076893E-03
+3.110345000E-03,+226.320506477E-03,+2.552724532961E+00,+93.257850758E-03
+3.110350000E-03,+211.188597039E-03,+2.552724532961E+00,+93.310614582E-03
+3.110355000E-03,+196.419438890E-03,+2.552724532961E+00,+92.664257802E-03
+3.110360000E-03,+180.510205440E-03,+2.552724532961E+00,+92.730212577E-03
+3.110365000E-03,+164.600971926E-03,+2.552724532961E+00,+92.061870871E-03
+3.110370000E-03,+149.417240920E-03,+2.552724532961E+00,+91.850815610E-03
+3.110375000E-03,+132.782504957E-03,+2.552724532961E+00,+91.481468869E-03
+3.110380000E-03,+117.754238749E-03,+2.552724532961E+00,+91.010991495E-03
+3.110385000E-03,+102.518686148E-03,+2.552724532961E+00,+90.782348272E-03
+3.110390000E-03,+86.039415030E-03,+2.552724532961E+00,+90.298679941E-03
+3.110395000E-03,+71.270256838E-03,+2.552724532961E+00,+89.880966375E-03
+3.110400000E-03,+55.775596216E-03,+2.552724532961E+00,+89.458855836E-03
+3.110405000E-03,+40.384578793E-03,+2.552724532961E+00,+88.847674928E-03
+3.110410000E-03,+25.097204612E-03,+2.552724532961E+00,+88.526695041E-03
+3.110415000E-03,+9.602543899E-03,+2.552724532961E+00,+87.788001572E-03
+3.110420000E-03,-5.529365428E-03,+2.552724532961E+00,+87.638504094E-03
+3.110425000E-03,-20.609453211E-03,+2.552724532961E+00,+86.798679974E-03
+3.110430000E-03,-36.155935503E-03,+2.552724532961E+00,+86.671167413E-03
+3.110435000E-03,-50.303234370E-03,+2.552724532961E+00,+85.532348341E-03
+3.110440000E-03,-66.057003011E-03,+2.552724532961E+00,+85.488378483E-03
+3.110445000E-03,-82.225344519E-03,+2.552724532961E+00,+84.393529256E-03
+3.110450000E-03,-97.720005133E-03,+2.552724532961E+00,+84.151695080E-03
+3.110455000E-03,-114.458384356E-03,+2.552724532961E+00,+83.263504141E-03
+3.110460000E-03,-130.678547482E-03,+2.552724532961E+00,+82.757850876E-03
+3.110465000E-03,-145.914100126E-03,+2.552724532961E+00,+81.957599634E-03
+3.110470000E-03,-161.978798403E-03,+2.552724532961E+00,+81.416770489E-03
+3.110475000E-03,-176.385205311E-03,+2.552724532961E+00,+80.792398634E-03
+3.110480000E-03,-192.605368464E-03,+2.552724532961E+00,+80.071293119E-03
+3.110485000E-03,-207.063596963E-03,+2.552724532961E+00,+79.376569504E-03
+3.110490000E-03,-222.661900811E-03,+2.552724532961E+00,+78.677448914E-03
+3.110495000E-03,-239.141172010E-03,+2.552724532961E+00,+77.855212740E-03
+3.110500000E-03,-254.791297443E-03,+2.552724532961E+00,+77.318780588E-03
+3.110505000E-03,-270.648709317E-03,+2.552724532961E+00,+76.285489135E-03
+3.110510000E-03,-285.676975488E-03,+2.552724532961E+00,+75.801820807E-03
+3.110515000E-03,-301.586208988E-03,+2.552724532961E+00,+74.478328355E-03
+3.110520000E-03,-317.132691237E-03,+2.552724532961E+00,+74.249685144E-03
+3.110525000E-03,-332.264600630E-03,+2.552724532961E+00,+72.864634903E-03
+3.110530000E-03,-347.655618062E-03,+2.552724532961E+00,+72.618403753E-03
+3.110535000E-03,-361.440165685E-03,+2.552724532961E+00,+71.321293209E-03
+3.110540000E-03,-377.297577557E-03,+2.552724532961E+00,+70.780464074E-03
+3.110545000E-03,-391.133946766E-03,+2.552724532961E+00,+69.610866096E-03
+3.110550000E-03,-407.561396311E-03,+2.552724532961E+00,+68.942524396E-03
+3.110555000E-03,-422.226911238E-03,+2.552724532961E+00,+67.772926416E-03
+3.110560000E-03,-437.566107042E-03,+2.552724532961E+00,+66.990263120E-03
+3.110565000E-03,-452.127978765E-03,+2.552724532961E+00,+65.948177690E-03
+3.110570000E-03,-465.912526381E-03,+2.552724532961E+00,+65.033604844E-03
+3.110575000E-03,-481.562651753E-03,+2.552724532961E+00,+64.110238006E-03
+3.110580000E-03,-495.399020981E-03,+2.552724532961E+00,+63.138504362E-03
+3.110585000E-03,-509.805427865E-03,+2.552724532961E+00,+62.127197828E-03
+3.110590000E-03,-524.211834757E-03,+2.552724532961E+00,+61.269785788E-03
+3.110595000E-03,-537.374523069E-03,+2.552724532961E+00,+60.122172723E-03
+3.110600000E-03,-550.640854605E-03,+2.552724532961E+00,+59.401067218E-03
+3.110605000E-03,-564.062650951E-03,+2.552724532961E+00,+58.029207926E-03
+3.110610000E-03,-578.054484947E-03,+2.552724532961E+00,+57.347675278E-03
+3.110615000E-03,-592.357248635E-03,+2.552724532961E+00,+55.918655187E-03
+3.110620000E-03,-605.779044960E-03,+2.552724532961E+00,+55.206343640E-03
+3.110625000E-03,-620.029987002E-03,+2.552724532961E+00,+53.878454205E-03
+3.110630000E-03,-633.607248182E-03,+2.552724532961E+00,+53.113378836E-03
+3.110635000E-03,-646.459006819E-03,+2.552724532961E+00,+51.789886390E-03
+3.110640000E-03,-659.103479059E-03,+2.552724532961E+00,+50.980841172E-03
+3.110645000E-03,-671.851594486E-03,+2.552724532961E+00,+49.688127619E-03
+3.110650000E-03,-683.977850680E-03,+2.552724532961E+00,+48.720790949E-03
+3.110655000E-03,-696.881430902E-03,+2.552724532961E+00,+47.595162809E-03
+3.110660000E-03,-710.095940813E-03,+2.552724532961E+00,+46.377198012E-03
+3.110665000E-03,-722.740413022E-03,+2.552724532961E+00,+45.198806058E-03
+3.110670000E-03,-736.162209398E-03,+2.552724532961E+00,+44.073177932E-03
+3.110675000E-03,-748.599395185E-03,+2.552724532961E+00,+42.846419143E-03
+3.110680000E-03,-760.414721726E-03,+2.552724532961E+00,+41.901067405E-03
+3.110685000E-03,-772.748264282E-03,+2.552724532961E+00,+40.441268416E-03
+3.110690000E-03,-784.459947573E-03,+2.552724532961E+00,+39.522298583E-03
+3.110695000E-03,-796.586203733E-03,+2.552724532961E+00,+38.102072464E-03
+3.110700000E-03,-807.572384526E-03,+2.552724532961E+00,+37.068781027E-03
+3.110705000E-03,-818.040349252E-03,+2.552724532961E+00,+35.666142842E-03
+3.110710000E-03,-830.114783796E-03,+2.552724532961E+00,+34.720791095E-03
+3.110715000E-03,-841.567359036E-03,+2.552724532961E+00,+33.217022263E-03
+3.110720000E-03,-851.828037349E-03,+2.552724532961E+00,+32.100188114E-03
+3.110725000E-03,-862.917861317E-03,+2.552724532961E+00,+30.767901685E-03
+3.110730000E-03,-873.800398857E-03,+2.552724532961E+00,+29.598303721E-03
+3.110735000E-03,-884.423828411E-03,+2.552724532961E+00,+28.380338894E-03
+3.110740000E-03,-894.373577105E-03,+2.552724532961E+00,+27.140389170E-03
+3.110745000E-03,-905.929795549E-03,+2.552724532961E+00,+25.944409272E-03
+3.110750000E-03,-917.071441110E-03,+2.552724532961E+00,+24.656092714E-03
+3.110755000E-03,-925.570184814E-03,+2.552724532961E+00,+23.354585180E-03
+3.110760000E-03,-936.193614326E-03,+2.552724532961E+00,+22.198178173E-03
+3.110765000E-03,-945.676968473E-03,+2.552724532961E+00,+20.703203302E-03
+3.110770000E-03,-955.419430668E-03,+2.552724532961E+00,+19.691896788E-03
+3.110775000E-03,-965.006428045E-03,+2.552724532961E+00,+18.108982226E-03
+3.110780000E-03,-974.230674177E-03,+2.552724532961E+00,+17.027323948E-03
+3.110785000E-03,-982.625774604E-03,+2.552724532961E+00,+15.659861646E-03
+3.110790000E-03,-992.109128796E-03,+2.552724532961E+00,+14.485866687E-03
+3.110795000E-03,-1.001074266888E+00,+2.552724532961E+00,+13.056846604E-03
+3.110800000E-03,-1.010091226591E+00,+2.552724532961E+00,+11.882851639E-03
+3.110805000E-03,-1.017968110925E+00,+2.552724532961E+00,+10.462625528E-03
+3.110810000E-03,-1.024964027959E+00,+2.552724532961E+00,+9.174308954E-03
+3.110815000E-03,-1.034654668541E+00,+2.552724532961E+00,+8.057474797E-03
+3.110820000E-03,-1.042272444804E+00,+2.552724532961E+00,+6.474560245E-03
+3.110825000E-03,-1.048594680958E+00,+2.552724532961E+00,+5.445665784E-03
+3.110830000E-03,-1.057507997422E+00,+2.552724532961E+00,+3.911118059E-03
+3.110835000E-03,-1.064037520011E+00,+2.552724532961E+00,+2.789886917E-03
+3.110840000E-03,-1.072069869177E+00,+2.552724532961E+00,+1.325690952E-03
+3.110845000E-03,-1.078236640433E+00,+2.552724532961E+00,+208.856792E-06
+3.110850000E-03,-1.084869806235E+00,+2.552724532961E+00,-1.119032637E-03
+3.110855000E-03,-1.091813901629E+00,+2.552724532961E+00,-2.438128107E-03
+3.110860000E-03,-1.098032494504E+00,+2.552724532961E+00,-3.669283868E-03
+3.110865000E-03,-1.104095622594E+00,+2.552724532961E+00,-5.234610482E-03
+3.110870000E-03,-1.110158750661E+00,+2.552724532961E+00,-6.184359221E-03
+3.110875000E-03,-1.114926338564E+00,+2.552724532961E+00,-7.925565228E-03
+3.110880000E-03,-1.121766790729E+00,+2.552724532961E+00,-8.870916982E-03
+3.110885000E-03,-1.126223449002E+00,+2.552724532961E+00,-10.537374247E-03
+3.110890000E-03,-1.130576464019E+00,+2.552724532961E+00,-11.531092831E-03
+3.110895000E-03,-1.136380484051E+00,+2.552724532961E+00,-13.118404369E-03
+3.110900000E-03,-1.141666288047E+00,+1.923641643602E+00,-14.257223457E-03
+3.110905000E-03,-1.144309189988E+00,-92.218900611E-03,-15.589509879E-03
+3.110910000E-03,-1.148506740235E+00,-177.253452631E-03,-16.886620410E-03
+3.110915000E-03,-1.152652468825E+00,-70.862124902E-03,-18.447550046E-03
+3.110920000E-03,-1.157886451172E+00,+198.767272625E-03,-19.370916859E-03
+3.110925000E-03,-1.161099390842E+00,-73.610236775E-03,-21.010992234E-03
+3.110930000E-03,-1.165037833008E+00,-71.176192558E-03,-21.938756025E-03
+3.110935000E-03,-1.167525270153E+00,-99.835112107E-03,-23.631595225E-03
+3.110940000E-03,-1.172033750027E+00,-19.982726309E-03,-24.673680620E-03
+3.110945000E-03,-1.174469365567E+00,-51.939383495E-03,-26.335740919E-03
+3.110950000E-03,-1.178252342981E+00,-47.777951790E-03,-27.197549943E-03
+3.110955000E-03,-1.180325207234E+00,-58.534861146E-03,-28.864007226E-03
+3.110960000E-03,-1.182916287584E+00,-49.348303630E-03,-29.686243383E-03
+3.110965000E-03,-1.184315471019E+00,-49.426821038E-03,-31.396670513E-03
+3.110970000E-03,-1.186181048894E+00,-49.191268362E-03,-32.337625266E-03
+3.110975000E-03,-1.188979415660E+00,-49.662373786E-03,-33.797424254E-03
+3.110980000E-03,-1.190274955889E+00,-49.897926660E-03,-34.993404135E-03
+3.110985000E-03,-1.191829604161E+00,-48.641645203E-03,-36.264132768E-03
+3.110990000E-03,-1.192917857858E+00,-47.699434145E-03,-37.600816170E-03
+3.110995000E-03,-1.193954289981E+00,-48.720162781E-03,-38.682474446E-03
+3.111000000E-03,-1.194265219650E+00,-47.306846227E-03,-40.133479463E-03
+3.111005000E-03,-1.195768046243E+00,-46.992775937E-03,-41.043655326E-03
+3.111010000E-03,-1.195457116658E+00,-48.955715538E-03,-42.595790989E-03
+3.111015000E-03,-1.195768046294E+00,-48.406092442E-03,-43.286117624E-03
+3.111020000E-03,-1.195405295006E+00,-50.369032038E-03,-45.080087445E-03
+3.111025000E-03,-1.195975332724E+00,-48.406092519E-03,-45.867147738E-03
+3.111030000E-03,-1.194576149304E+00,-48.406092419E-03,-47.414886415E-03
+3.111035000E-03,-1.194161576462E+00,-46.600187984E-03,-48.237122589E-03
+3.111040000E-03,-1.193125144309E+00,-47.934986883E-03,-49.635363777E-03
+3.111045000E-03,-1.192710571431E+00,-46.992775938E-03,-50.743403974E-03
+3.111050000E-03,-1.192192355359E+00,-46.286117608E-03,-51.965765760E-03
+3.111055000E-03,-1.190378599125E+00,-48.170539694E-03,-53.091393900E-03
+3.111060000E-03,-1.188202091604E+00,-48.955715556E-03,-54.159861218E-03
+3.111065000E-03,-1.186543800159E+00,-47.463881383E-03,-55.373429054E-03
+3.111070000E-03,-1.185040973557E+00,-47.228328667E-03,-56.353956674E-03
+3.111075000E-03,-1.182398071587E+00,-46.443152783E-03,-57.760991836E-03
+3.111080000E-03,-1.179288775162E+00,-47.699434167E-03,-58.512876244E-03
+3.111085000E-03,-1.178563272609E+00,-45.422424141E-03,-59.915514424E-03
+3.111090000E-03,-1.174573008851E+00,-45.972047237E-03,-60.764132507E-03
+3.111095000E-03,-1.172033750099E+00,-44.794283486E-03,-62.078830984E-03
+3.111100000E-03,-1.169598134541E+00,-47.149811044E-03,-63.063755595E-03
+3.111105000E-03,-1.165918800370E+00,-44.872800967E-03,-64.119031971E-03
+3.111110000E-03,-1.163483184846E+00,-45.343906568E-03,-65.279835973E-03
+3.111115000E-03,-1.158819240181E+00,-45.343906568E-03,-66.181217877E-03
+3.111120000E-03,-1.155658122146E+00,-46.364635168E-03,-67.298052030E-03
+3.111125000E-03,-1.150890534203E+00,-46.757223150E-03,-68.173052033E-03
+3.111130000E-03,-1.147418486495E+00,-45.815012017E-03,-69.474559539E-03
+3.111135000E-03,-1.143635509164E+00,-44.087625147E-03,-70.090137443E-03
+3.111140000E-03,-1.137986953985E+00,-44.951318642E-03,-71.352072085E-03
+3.111145000E-03,-1.132908436506E+00,-44.951318619E-03,-72.029207769E-03
+3.111150000E-03,-1.129021815865E+00,-43.145414106E-03,-73.299936382E-03
+3.111155000E-03,-1.122595936556E+00,-43.616519656E-03,-74.065011769E-03
+3.111160000E-03,-1.117361954227E+00,-44.872801004E-03,-75.054333353E-03
+3.111165000E-03,-1.112127971834E+00,-43.695037285E-03,-75.960112250E-03
+3.111170000E-03,-1.105909378933E+00,-44.558730734E-03,-76.945036850E-03
+3.111175000E-03,-1.100157180545E+00,-43.930589954E-03,-77.789257956E-03
+3.111180000E-03,-1.093316728351E+00,-44.401695495E-03,-78.695036837E-03
+3.111185000E-03,-1.087409065079E+00,-42.674308584E-03,-79.402951406E-03
+3.111190000E-03,-1.081449580298E+00,-43.380966812E-03,-80.506594609E-03
+3.111195000E-03,-1.075541916981E+00,-43.380966914E-03,-81.051820733E-03
+3.111200000E-03,-1.069271502472E+00,-43.538002070E-03,-82.252197598E-03
+3.111205000E-03,-1.061498261334E+00,-44.323177875E-03,-82.727071969E-03
+3.111210000E-03,-1.053258625753E+00,-43.459484450E-03,-83.936242811E-03
+3.111215000E-03,-1.048594681064E+00,-42.988378993E-03,-84.226443817E-03
+3.111220000E-03,-1.039474078174E+00,-43.616519568E-03,-85.633478974E-03
+3.111225000E-03,-1.031545372226E+00,-43.773554798E-03,-85.822549325E-03
+3.111230000E-03,-1.023772131125E+00,-42.517273479E-03,-87.176820663E-03
+3.111235000E-03,-1.015739781990E+00,-42.595791010E-03,-87.299936245E-03
+3.111240000E-03,-1.007033751877E+00,-44.951318553E-03,-88.500313117E-03
+3.111245000E-03,-998.742294673E-03,-42.124685464E-03,-88.777323165E-03
+3.111250000E-03,-989.673513369E-03,-43.695037174E-03,-89.880966360E-03
+3.111255000E-03,-981.744807464E-03,-42.831343753E-03,-90.157976417E-03
+3.111260000E-03,-972.935134176E-03,-42.909861312E-03,-91.191267859E-03
+3.111265000E-03,-962.933563950E-03,-42.360238254E-03,-91.582599515E-03
+3.111270000E-03,-953.968425846E-03,-41.967650309E-03,-92.387247747E-03
+3.111275000E-03,-944.744179711E-03,-41.260992020E-03,-92.686242721E-03
+3.111280000E-03,-934.276214999E-03,-43.380966858E-03,-93.561242709E-03
+3.111285000E-03,-924.844682474E-03,-41.260992082E-03,-93.939383410E-03
+3.111290000E-03,-913.754858463E-03,-43.459484426E-03,-94.691267822E-03
+3.111295000E-03,-903.597823358E-03,-41.103956922E-03,-94.924308028E-03
+3.111300000E-03,-893.078037042E-03,-43.145414106E-03,-95.865262785E-03
+3.111305000E-03,-881.521818595E-03,-42.595791034E-03,-96.001569322E-03
+3.111310000E-03,-872.712145288E-03,-41.418027176E-03,-96.911745185E-03
+3.111315000E-03,-861.725964529E-03,-42.360238254E-03,-97.008478861E-03
+3.111320000E-03,-852.294431970E-03,-45.029836120E-03,-97.813127085E-03
+3.111325000E-03,-841.049143137E-03,-42.203203118E-03,-98.019785384E-03
+3.111330000E-03,-831.203037680E-03,-43.223931684E-03,-98.789257723E-03
+3.111335000E-03,-819.335889597E-03,-40.711368968E-03,-98.894785377E-03
+3.111340000E-03,-808.246065574E-03,-41.967650323E-03,-99.602699924E-03
+3.111345000E-03,-795.290663734E-03,-40.711368949E-03,-99.778579335E-03
+3.111350000E-03,-784.252661390E-03,-41.575062316E-03,-100.328202435E-03
+3.111355000E-03,-771.556367512E-03,-41.418027147E-03,-100.618403447E-03
+3.111360000E-03,-760.311078713E-03,-43.773554784E-03,-100.996544134E-03
+3.111365000E-03,-747.148390358E-03,-40.083228266E-03,-101.269157207E-03
+3.111370000E-03,-734.659383011E-03,-41.967650295E-03,-101.682473778E-03
+3.111375000E-03,-723.673202228E-03,-39.533605181E-03,-101.792398405E-03
+3.111380000E-03,-711.806054085E-03,-42.203203003E-03,-102.289257692E-03
+3.111385000E-03,-699.524333118E-03,-41.732097543E-03,-102.245287850E-03
+3.111390000E-03,-686.620752848E-03,-41.339509665E-03,-102.856468744E-03
+3.111395000E-03,-674.960891148E-03,-41.496544762E-03,-102.812498899E-03
+3.111400000E-03,-662.212775706E-03,-42.595791030E-03,-103.252197387E-03
+3.111405000E-03,-648.739157783E-03,-41.653579903E-03,-103.230212461E-03
+3.111410000E-03,-634.280929367E-03,-41.025439259E-03,-103.639132050E-03
+3.111415000E-03,-621.636457065E-03,-39.926193093E-03,-103.511619498E-03
+3.111420000E-03,-608.991984829E-03,-40.946921686E-03,-103.951317977E-03
+3.111425000E-03,-594.741042796E-03,-41.653579941E-03,-103.683101909E-03
+3.111430000E-03,-583.288467539E-03,-41.653579903E-03,-104.074433554E-03
+3.111435000E-03,-568.726595810E-03,-40.711368925E-03,-104.083227523E-03
+3.111440000E-03,-555.252977909E-03,-42.360238191E-03,-104.179961199E-03
+3.111445000E-03,-541.209322226E-03,-40.004710690E-03,-104.250312951E-03
+3.111450000E-03,-527.787525878E-03,-41.260992025E-03,-104.307473757E-03
+3.111455000E-03,-515.194875304E-03,-40.397298577E-03,-104.245915972E-03
+3.111460000E-03,-499.855679514E-03,-40.632851353E-03,-104.386619482E-03
+3.111465000E-03,-485.034699789E-03,-41.103956856E-03,-104.215137074E-03
+3.111470000E-03,-471.664725013E-03,-41.339509559E-03,-104.474559183E-03
+3.111475000E-03,-456.688280476E-03,-40.161745845E-03,-104.162373257E-03
+3.111480000E-03,-441.297263066E-03,-42.203203066E-03,-104.307473757E-03
+3.111485000E-03,-427.046320956E-03,-40.161745816E-03,-104.021669746E-03
+3.111490000E-03,-412.484449269E-03,-41.025439240E-03,-104.135991345E-03
+3.111495000E-03,-398.078042420E-03,-39.690640220E-03,-103.858981306E-03
+3.111500000E-03,-384.138029959E-03,-40.789886469E-03,-103.920539086E-03
+3.111505000E-03,-369.472515050E-03,-40.240263417E-03,-103.621544119E-03
+3.111510000E-03,-353.822389641E-03,-40.711368930E-03,-103.599559191E-03
+3.111515000E-03,-338.016799332E-03,-39.847675487E-03,-103.454458692E-03
+3.111520000E-03,-323.143997952E-03,-41.810615145E-03,-103.137875777E-03
+3.111525000E-03,-309.048520729E-03,-40.632851373E-03,-103.107096888E-03
+3.111530000E-03,-294.538470649E-03,-41.889132712E-03,-102.720162216E-03
+3.111535000E-03,-279.251096422E-03,-40.475816120E-03,-102.601443629E-03
+3.111540000E-03,-264.430116717E-03,-41.103956851E-03,-102.227699910E-03
+3.111545000E-03,-248.831812864E-03,-41.260992011E-03,-101.919910974E-03
+3.111550000E-03,-233.544438643E-03,-40.083228199E-03,-101.678076802E-03
+3.111555000E-03,-218.049778028E-03,-41.496544792E-03,-101.423051675E-03
+3.111560000E-03,-202.606938968E-03,-41.889132737E-03,-101.031720025E-03
+3.111565000E-03,-188.200532065E-03,-40.240263354E-03,-100.715137117E-03
+3.111570000E-03,-172.394941811E-03,-40.475816154E-03,-100.411745153E-03
+3.111575000E-03,-157.781248494E-03,-40.083228244E-03,-99.888503963E-03
+3.111580000E-03,-142.286587882E-03,-41.025439284E-03,-99.690639639E-03
+3.111585000E-03,-126.325532741E-03,-40.711368975E-03,-99.044282867E-03
+3.111590000E-03,-110.260834450E-03,-40.946921627E-03,-98.885991403E-03
+3.111595000E-03,-95.336211448E-03,-40.240263413E-03,-98.213252723E-03
+3.111600000E-03,-80.567053328E-03,-42.046167847E-03,-97.896669809E-03
+3.111605000E-03,-65.901538423E-03,-40.554333727E-03,-97.285488914E-03
+3.111610000E-03,-51.443309928E-03,-40.789886518E-03,-97.070036653E-03
+3.111615000E-03,-36.259578978E-03,-38.983982054E-03,-96.256594455E-03
+3.111620000E-03,-22.267744888E-03,-41.339509617E-03,-96.093906007E-03
+3.111625000E-03,-6.669441091E-03,-40.083228164E-03,-95.188127124E-03
+3.111630000E-03,+10.328046190E-03,-40.554333766E-03,-95.016644711E-03
+3.111635000E-03,+25.615420411E-03,-39.612122766E-03,-94.049308046E-03
+3.111640000E-03,+39.140859995E-03,-41.182474393E-03,-93.860237689E-03
+3.111645000E-03,+54.998271855E-03,-39.533605099E-03,-92.928076902E-03
+3.111650000E-03,+70.803862132E-03,-41.025439199E-03,-92.695036693E-03
+3.111655000E-03,+85.987593075E-03,-41.418027170E-03,-91.666142247E-03
+3.111660000E-03,+101.534075354E-03,-41.732097558E-03,-91.362750277E-03
+3.111665000E-03,+116.510519894E-03,-41.732097543E-03,-90.426192508E-03
+3.111670000E-03,+131.072391646E-03,-40.083228274E-03,-89.968906071E-03
+3.111675000E-03,+146.929803520E-03,-39.847675508E-03,-89.199433732E-03
+3.111680000E-03,+162.217177741E-03,-41.810615060E-03,-88.500313117E-03
+3.111685000E-03,+177.141800714E-03,-40.711368901E-03,-87.994659877E-03
+3.111690000E-03,+191.081813114E-03,-41.339509582E-03,-87.031720175E-03
+3.111695000E-03,+208.338408337E-03,-38.355841413E-03,-86.635991549E-03
+3.111700000E-03,+222.641172052E-03,-41.889132677E-03,-85.541142300E-03
+3.111705000E-03,+238.084011116E-03,-41.103956831E-03,-85.127825729E-03
+3.111710000E-03,+252.127666691E-03,-40.397298512E-03,-83.962624736E-03
+3.111715000E-03,+266.534073595E-03,-40.004710677E-03,-83.518529263E-03
+3.111720000E-03,+282.546950321E-03,-40.318780975E-03,-82.296167467E-03
+3.111725000E-03,+298.767113394E-03,-40.004710682E-03,-81.680589582E-03
+3.111730000E-03,+312.448017827E-03,-41.260991990E-03,-80.752825776E-03
+3.111735000E-03,+327.942678461E-03,-40.397298583E-03,-79.741519257E-03
+3.111740000E-03,+342.815479800E-03,-40.632851319E-03,-79.152323282E-03
+3.111745000E-03,+357.170065086E-03,-39.926193090E-03,-78.017901182E-03
+3.111750000E-03,+371.783758397E-03,-41.025439239E-03,-77.534232845E-03
+3.111755000E-03,+386.708381376E-03,-40.554333757E-03,-76.122800699E-03
+3.111760000E-03,+401.736647483E-03,-41.103956826E-03,-75.687499196E-03
+3.111765000E-03,+415.573016698E-03,-39.219534822E-03,-74.258479120E-03
+3.111770000E-03,+430.342174838E-03,-42.281720617E-03,-73.748428862E-03
+3.111775000E-03,+443.867614425E-03,-39.769157896E-03,-72.385363561E-03
+3.111780000E-03,+458.429486098E-03,-41.810615084E-03,-71.813755520E-03
+3.111785000E-03,+471.436709583E-03,-39.926193035E-03,-70.595790714E-03
+3.111790000E-03,+485.584008423E-03,-40.475816124E-03,-69.857097249E-03
+3.111795000E-03,+499.731307290E-03,-39.533605181E-03,-68.762248019E-03
+3.111800000E-03,+512.945817196E-03,-41.810615120E-03,-67.812499289E-03
+3.111805000E-03,+526.678543206E-03,-40.632851344E-03,-66.695665121E-03
+3.111810000E-03,+540.929485251E-03,-42.046167902E-03,-65.860238000E-03
+3.111815000E-03,+553.729422276E-03,-40.318780965E-03,-64.488378719E-03
+3.111820000E-03,+566.684824164E-03,-41.025439269E-03,-63.732097323E-03
+3.111825000E-03,+579.225653209E-03,-40.318780965E-03,-62.342650090E-03
+3.111830000E-03,+593.424773626E-03,-41.182474372E-03,-61.639132521E-03
+3.111835000E-03,+605.965602631E-03,-40.554333726E-03,-60.227700361E-03
+3.111840000E-03,+619.076469379E-03,-42.124685422E-03,-59.515388823E-03
+3.111845000E-03,+631.824584800E-03,-41.418027148E-03,-58.046795876E-03
+3.111850000E-03,+643.847197746E-03,-42.281720622E-03,-57.378454168E-03
+3.111855000E-03,+655.869810652E-03,-39.612122743E-03,-55.923052178E-03
+3.111860000E-03,+668.928855704E-03,-40.554333737E-03,-55.100816005E-03
+3.111865000E-03,+680.433252603E-03,-40.554333757E-03,-53.645414012E-03
+3.111870000E-03,+692.507687171E-03,-41.496544751E-03,-52.603328591E-03
+3.111875000E-03,+704.841229753E-03,-40.554333809E-03,-51.442524584E-03
+3.111880000E-03,+717.278415539E-03,-42.517273373E-03,-50.083856252E-03
+3.111885000E-03,+728.834633950E-03,-40.868404147E-03,-49.138504507E-03
+3.111890000E-03,+740.909068480E-03,-42.203203122E-03,-47.718278392E-03
+3.111895000E-03,+753.190789488E-03,-40.789886513E-03,-46.799308554E-03
+3.111900000E-03,+765.576153691E-03,-41.496544802E-03,-45.370288470E-03
+3.111905000E-03,+777.132372146E-03,-42.046167938E-03,-44.336997024E-03
+3.111910000E-03,+787.341228862E-03,-41.103956841E-03,-42.969534728E-03
+3.111915000E-03,+798.638339321E-03,-41.575062374E-03,-41.909861367E-03
+3.111920000E-03,+809.883628087E-03,-42.360238229E-03,-40.577574959E-03
+3.111925000E-03,+820.403414365E-03,-40.083228183E-03,-39.359610139E-03
+3.111930000E-03,+831.337773582E-03,-42.438755842E-03,-38.168027241E-03
+3.111935000E-03,+841.909381523E-03,-38.826946826E-03,-36.769786051E-03
+3.111940000E-03,+851.496378931E-03,-43.223931703E-03,-35.784861440E-03
+3.111945000E-03,+862.586202933E-03,-42.124685416E-03,-34.118404175E-03
+3.111950000E-03,+872.276843526E-03,-41.025439290E-03,-33.239007192E-03
+3.111955000E-03,+883.522132398E-03,-41.653579972E-03,-31.700062487E-03
+3.111960000E-03,+894.093740287E-03,-41.339509660E-03,-30.618404204E-03
+3.111965000E-03,+903.110699966E-03,-41.810615141E-03,-29.114635384E-03
+3.111970000E-03,+913.060448616E-03,-40.632851329E-03,-28.063755994E-03
+3.111975000E-03,+922.025586687E-03,-41.889132681E-03,-26.564384150E-03
+3.111980000E-03,+931.871692161E-03,-41.732097553E-03,-25.416771097E-03
+3.111985000E-03,+940.007684477E-03,-41.967650283E-03,-24.014132922E-03
+3.111990000E-03,+949.283752304E-03,-41.339509566E-03,-22.809359067E-03
+3.111995000E-03,+957.678852695E-03,-41.732097569E-03,-21.402323902E-03
+3.112000000E-03,+966.695812384E-03,-44.166142680E-03,-20.175565126E-03
+3.112005000E-03,+974.831804721E-03,-40.789886487E-03,-18.786117899E-03
+3.112010000E-03,+983.330548366E-03,-40.868404069E-03,-17.550565156E-03
+3.112015000E-03,+990.948324722E-03,-42.831343768E-03,-16.134736019E-03
+3.112020000E-03,+999.965284386E-03,-42.124685447E-03,-15.079459656E-03
+3.112025000E-03,+1.007686703915E+00,-42.281720632E-03,-13.522926998E-03
+3.112030000E-03,+1.014993550577E+00,-41.339509660E-03,-12.458856666E-03
+3.112035000E-03,+1.020953035452E+00,-41.575062390E-03,-10.994660697E-03
+3.112040000E-03,+1.028415346898E+00,-43.616519575E-03,-9.671168256E-03
+3.112045000E-03,+1.035929479998E+00,-41.182474476E-03,-8.338881831E-03
+3.112050000E-03,+1.043080861817E+00,-42.360238176E-03,-6.949434613E-03
+3.112055000E-03,+1.049765849189E+00,-40.161745780E-03,-5.788630607E-03
+3.112060000E-03,+1.056139906889E+00,-42.438755822E-03,-4.364007505E-03
+3.112065000E-03,+1.062876715918E+00,-41.575062390E-03,-3.291143188E-03
+3.112070000E-03,+1.068784379125E+00,-42.281720658E-03,-1.712625627E-03
+3.112075000E-03,+1.074588399209E+00,-41.339509586E-03,-789.258793E-06
+3.112080000E-03,+1.080755170493E+00,-43.302449290E-03,+925.565304E-06
+3.112085000E-03,+1.086714655357E+00,-39.455087623E-03,+1.928077857E-03
+3.112090000E-03,+1.092207745772E+00,+395.375292109E-03,+3.563756230E-03
+3.112095000E-03,+1.097130798462E+00,+2.537649151698E+00,+4.645414513E-03
+3.112100000E-03,+1.102312959175E+00,+2.552253427439E+00,+5.968906958E-03
+3.112105000E-03,+1.106510509413E+00,+2.552253427439E+00,+7.494660709E-03
+3.112110000E-03,+1.110293486773E+00,+2.552253427439E+00,+8.426821503E-03
+3.112115000E-03,+1.114491036987E+00,+2.552253427439E+00,+10.036117971E-03
+3.112120000E-03,+1.118688587133E+00,+2.552253427439E+00,+11.038630526E-03
+3.112125000E-03,+1.122471564515E+00,+2.552253427439E+00,+12.669911914E-03
+3.112130000E-03,+1.126254541854E+00,+2.552253427439E+00,+13.676821449E-03
+3.112135000E-03,+1.129778411223E+00,+2.552253427439E+00,+15.215766153E-03
+3.112140000E-03,+1.132473134795E+00,+2.552253427439E+00,+16.244660612E-03
+3.112145000E-03,+1.135582431244E+00,+2.552253427439E+00,+17.845163107E-03
+3.112150000E-03,+1.138639906121E+00,+2.552253427439E+00,+18.882851551E-03
+3.112155000E-03,+1.141749202520E+00,+2.552253427439E+00,+20.263504796E-03
+3.112160000E-03,+1.143718423640E+00,+2.552253427439E+00,+21.565012322E-03
+3.112165000E-03,+1.146724076860E+00,+2.552410462608E+00,+22.765389188E-03
+3.112170000E-03,+1.149004227611E+00,+2.552724532961E+00,+24.058102747E-03
+3.112175000E-03,+1.151336199933E+00,+2.552724532961E+00,+25.394786150E-03
+3.112180000E-03,+1.153460885826E+00,+2.552724532961E+00,+26.555590152E-03
+3.112185000E-03,+1.155119177223E+00,+2.552724532961E+00,+27.984610242E-03
+3.112190000E-03,+1.156777468673E+00,+2.552724532961E+00,+29.066268514E-03
+3.112195000E-03,+1.157813900890E+00,+2.552724532961E+00,+30.424936852E-03
+3.112200000E-03,+1.159316727479E+00,+2.552724532961E+00,+31.414258446E-03
+3.112205000E-03,+1.159679478738E+00,+2.552724532961E+00,+32.909233300E-03
+3.112210000E-03,+1.159679478717E+00,+2.552724532961E+00,+33.836997114E-03
+3.112215000E-03,+1.159990408415E+00,+2.552724532961E+00,+35.340765943E-03
+3.112220000E-03,+1.161441413375E+00,+2.552724532961E+00,+36.369660397E-03
+3.112225000E-03,+1.161545056629E+00,+2.552724532961E+00,+37.781092550E-03
+3.112230000E-03,+1.160819554071E+00,+2.552724532961E+00,+38.893529715E-03
+3.112235000E-03,+1.159783121982E+00,+2.552724532961E+00,+40.111494536E-03
+3.112240000E-03,+1.159627657106E+00,+2.552724532961E+00,+41.294283466E-03
+3.112245000E-03,+1.159057619427E+00,+2.552724532961E+00,+42.490263354E-03
+3.112250000E-03,+1.157969365702E+00,+2.552724532961E+00,+43.536745748E-03
+3.112255000E-03,+1.156259252731E+00,+2.552724532961E+00,+44.877826142E-03
+3.112260000E-03,+1.155792858234E+00,+2.552724532961E+00,+45.845162806E-03
+3.112265000E-03,+1.154756426002E+00,+2.552724532961E+00,+47.186243213E-03
+3.112270000E-03,+1.152787204885E+00,+2.552724532961E+00,+48.043655247E-03
+3.112275000E-03,+1.150558875879E+00,+2.552724532961E+00,+49.411117555E-03
+3.112280000E-03,+1.148796941159E+00,+2.552724532961E+00,+50.250941659E-03
+3.112285000E-03,+1.145894931165E+00,+2.552724532961E+00,+51.618403958E-03
+3.112290000E-03,+1.144132996522E+00,+2.552724532961E+00,+52.458228064E-03
+3.112295000E-03,+1.140764592028E+00,+2.552724532961E+00,+53.786117502E-03
+3.112300000E-03,+1.137758938794E+00,+2.552724532961E+00,+54.502826040E-03
+3.112305000E-03,+1.134649642417E+00,+2.552724532961E+00,+55.870288330E-03
+3.112310000E-03,+1.130763021780E+00,+2.552724532961E+00,+56.661745616E-03
+3.112315000E-03,+1.127446438919E+00,+2.552724532961E+00,+57.725815947E-03
+3.112320000E-03,+1.124129856004E+00,+2.552724532961E+00,+58.873429007E-03
+3.112325000E-03,+1.119984127426E+00,+2.552724532961E+00,+59.717650106E-03
+3.112330000E-03,+1.115631112398E+00,+2.552724532961E+00,+60.843278230E-03
+3.112335000E-03,+1.110759881327E+00,+2.552724532961E+00,+61.674308373E-03
+3.112340000E-03,+1.105888650267E+00,+2.552724532961E+00,+62.698805847E-03
+3.112345000E-03,+1.101224705546E+00,+2.552724532961E+00,+63.674936501E-03
+3.112350000E-03,+1.096301652791E+00,+2.552724532961E+00,+64.633479195E-03
+3.112355000E-03,+1.092104102654E+00,+2.552724532961E+00,+65.728328435E-03
+3.112360000E-03,+1.085885509712E+00,+2.552724532961E+00,+66.445036963E-03
+3.112365000E-03,+1.080496062545E+00,+2.552724532961E+00,+67.742147509E-03
+3.112370000E-03,+1.074640220910E+00,+2.552724532961E+00,+68.177449009E-03
+3.112375000E-03,+1.068007055174E+00,+2.552724532961E+00,+69.619660048E-03
+3.112380000E-03,+1.061736640650E+00,+2.552724532961E+00,+69.962624874E-03
+3.112385000E-03,+1.055518047766E+00,+2.552724532961E+00,+71.378454003E-03
+3.112390000E-03,+1.049351276465E+00,+2.552724532961E+00,+71.725815804E-03
+3.112395000E-03,+1.042821753940E+00,+2.552724532961E+00,+72.895413782E-03
+3.112400000E-03,+1.035463085655E+00,+2.552724532961E+00,+73.572549455E-03
+3.112405000E-03,+1.029399957590E+00,+2.552724532961E+00,+74.513504217E-03
+3.112410000E-03,+1.021730359708E+00,+2.552724532961E+00,+75.274182601E-03
+3.112415000E-03,+1.013749832170E+00,+2.552724532961E+00,+75.999685113E-03
+3.112420000E-03,+1.005406553328E+00,+2.552724532961E+00,+76.865891126E-03
+3.112425000E-03,+997.892420276E-03,+2.552724532961E+00,+77.573805705E-03
+3.112430000E-03,+990.222822354E-03,+2.552724532961E+00,+78.440011706E-03
+3.112435000E-03,+982.138651593E-03,+2.552724532961E+00,+79.046795638E-03
+3.112440000E-03,+974.779983301E-03,+2.552724532961E+00,+79.759107170E-03
+3.112445000E-03,+966.747634170E-03,+2.552724532961E+00,+80.453830801E-03
+3.112450000E-03,+957.316101575E-03,+2.552724532961E+00,+80.937499117E-03
+3.112455000E-03,+948.350963535E-03,+2.552724532961E+00,+81.878453904E-03
+3.112460000E-03,+940.888651995E-03,+2.552724532961E+00,+82.247800608E-03
+3.112465000E-03,+931.405297870E-03,+2.552724532961E+00,+83.316267954E-03
+3.112470000E-03,+921.818300496E-03,+2.552724532961E+00,+83.456971454E-03
+3.112475000E-03,+913.164092064E-03,+2.552724532961E+00,+84.516644819E-03
+3.112480000E-03,+902.229732893E-03,+2.552724532961E+00,+84.740891048E-03
+3.112485000E-03,+892.694557067E-03,+2.552724532961E+00,+85.690639776E-03
+3.112490000E-03,+882.485700396E-03,+2.552724532961E+00,+85.958855856E-03
+3.112495000E-03,+872.743238189E-03,+2.552724532961E+00,+86.737122180E-03
+3.112500000E-03,+863.259884038E-03,+2.552724532961E+00,+87.062499064E-03
+3.112505000E-03,+853.258313738E-03,+2.552724532961E+00,+87.673679961E-03
+3.112510000E-03,+842.116668236E-03,+2.552724532961E+00,+88.188127191E-03
+3.112515000E-03,+831.285952246E-03,+2.552724532961E+00,+88.535488995E-03
+3.112520000E-03,+820.766165904E-03,+2.552724532961E+00,+89.186242761E-03
+3.112525000E-03,+808.588088156E-03,+2.552724532961E+00,+89.480840746E-03
+3.112530000E-03,+796.358188801E-03,+2.552724532961E+00,+90.034860841E-03
+3.112535000E-03,+784.905613495E-03,+2.552724532961E+00,+90.448177425E-03
+3.112540000E-03,+774.282184002E-03,+2.552724532961E+00,+90.830715102E-03
+3.112545000E-03,+763.658754449E-03,+2.552724532961E+00,+91.428705051E-03
+3.112550000E-03,+749.511455635E-03,+2.552724532961E+00,+91.525438707E-03
+3.112555000E-03,+738.369810059E-03,+2.552724532961E+00,+92.158604545E-03
+3.112560000E-03,+726.761769912E-03,+2.552724532961E+00,+92.171795489E-03
+3.112565000E-03,+714.480049020E-03,+2.552724532961E+00,+92.853328153E-03
+3.112570000E-03,+703.079295295E-03,+2.552724532961E+00,+92.778579404E-03
+3.112575000E-03,+690.486644695E-03,+2.552724532961E+00,+93.548051760E-03
+3.112580000E-03,+676.961205198E-03,+2.552724532961E+00,+93.271041711E-03
+3.112585000E-03,+663.124835995E-03,+2.552724532961E+00,+94.040514066E-03
+3.112590000E-03,+650.376720502E-03,+2.552724532961E+00,+93.732725118E-03
+3.112595000E-03,+637.732248332E-03,+2.552724532961E+00,+94.379081904E-03
+3.112600000E-03,+625.035954460E-03,+2.552724532961E+00,+94.304333158E-03
+3.112605000E-03,+611.821444582E-03,+2.552724532961E+00,+94.814383407E-03
+3.112610000E-03,+598.140540228E-03,+2.552724532961E+00,+94.603328126E-03
+3.112615000E-03,+584.822387060E-03,+2.552724532961E+00,+95.117775367E-03
+3.112620000E-03,+571.866985139E-03,+2.552724532961E+00,+94.906720083E-03
+3.112625000E-03,+558.807940117E-03,+2.552724532961E+00,+95.412373352E-03
+3.112630000E-03,+543.831495581E-03,+2.552724532961E+00,+95.126569327E-03
+3.112635000E-03,+529.736018281E-03,+2.552724532961E+00,+95.632222599E-03
+3.112640000E-03,+516.469686764E-03,+2.552724532961E+00,+95.276066815E-03
+3.112645000E-03,+502.011458337E-03,+2.552724532961E+00,+95.786117063E-03
+3.112650000E-03,+489.056056405E-03,+2.552724532961E+00,+95.394785407E-03
+3.112655000E-03,+474.494184759E-03,+2.552724532961E+00,+95.900438675E-03
+3.112660000E-03,+460.346885904E-03,+2.552724532961E+00,+95.377197471E-03
+3.112665000E-03,+446.251408634E-03,+2.552724532961E+00,+95.816895957E-03
+3.112670000E-03,+431.274964090E-03,+2.552724532961E+00,+95.372800485E-03
+3.112675000E-03,+417.231308469E-03,+2.552724532961E+00,+95.663001486E-03
+3.112680000E-03,+403.135831210E-03,+2.552724532961E+00,+95.342021597E-03
+3.112685000E-03,+388.522137858E-03,+2.552724532961E+00,+95.443152241E-03
+3.112690000E-03,+372.457439587E-03,+2.552724532961E+00,+95.232096976E-03
+3.112695000E-03,+358.724713588E-03,+2.552724532961E+00,+95.214509032E-03
+3.112700000E-03,+343.437339395E-03,+2.552724532961E+00,+94.933102003E-03
+3.112705000E-03,+328.616359639E-03,+2.552724532961E+00,+94.906720093E-03
+3.112710000E-03,+313.328985473E-03,+2.552724532961E+00,+94.541770348E-03
+3.112715000E-03,+298.352540895E-03,+2.552724532961E+00,+94.581343213E-03
+3.112720000E-03,+283.065166744E-03,+2.552724532961E+00,+94.216393468E-03
+3.112725000E-03,+269.332440688E-03,+2.552724532961E+00,+94.168026634E-03
+3.112730000E-03,+253.889601646E-03,+2.552724532961E+00,+93.741519099E-03
+3.112735000E-03,+238.343119405E-03,+2.552724532961E+00,+93.833855777E-03
+3.112740000E-03,+222.952101978E-03,+2.552724532961E+00,+93.095162324E-03
+3.112745000E-03,+207.664727823E-03,+2.552724532961E+00,+93.354584435E-03
+3.112750000E-03,+192.014602325E-03,+2.552724532961E+00,+92.444408558E-03
+3.112755000E-03,+176.260833684E-03,+2.552724532961E+00,+92.782976391E-03
+3.112760000E-03,+161.128924252E-03,+2.552724532961E+00,+91.850815602E-03
+3.112765000E-03,+145.012404347E-03,+2.552724532961E+00,+92.075061828E-03
+3.112770000E-03,+129.621386905E-03,+2.552724532961E+00,+91.081343255E-03
+3.112775000E-03,+113.401223770E-03,+2.552724532961E+00,+91.380338224E-03
+3.112780000E-03,+97.595633468E-03,+2.552724532961E+00,+90.241519142E-03
+3.112785000E-03,+82.515545740E-03,+2.552724532961E+00,+90.558102047E-03
+3.112790000E-03,+66.139917775E-03,+2.552724532961E+00,+89.370916130E-03
+3.112795000E-03,+51.267116438E-03,+2.552724532961E+00,+89.511619655E-03
+3.112800000E-03,+35.098774864E-03,+2.552724532961E+00,+88.482725187E-03
+3.112805000E-03,+19.085898144E-03,+2.552724532961E+00,+88.610237752E-03
+3.112810000E-03,+5.145885784E-03,+2.552724532961E+00,+87.462624697E-03
+3.112815000E-03,-10.607882895E-03,+2.552724532961E+00,+87.647298062E-03
+3.112820000E-03,-25.895257134E-03,+2.552724532961E+00,+86.402951340E-03
+3.112825000E-03,-40.560772021E-03,+2.552724532961E+00,+86.552448836E-03
+3.112830000E-03,-56.262719116E-03,+2.552724532961E+00,+85.343277983E-03
+3.112835000E-03,-71.912844607E-03,+2.552724532961E+00,+85.334484023E-03
+3.112840000E-03,-88.392115795E-03,+2.552724532961E+00,+84.195664930E-03
+3.112845000E-03,-103.679489976E-03,+2.552724532961E+00,+84.112122221E-03
+3.112850000E-03,-120.469690790E-03,+2.552724532961E+00,+83.030463938E-03
+3.112855000E-03,-135.653421767E-03,+2.552724532961E+00,+82.880966460E-03
+3.112860000E-03,-151.303547239E-03,+2.552724532961E+00,+81.764132292E-03
+3.112865000E-03,-167.471888759E-03,+2.552724532961E+00,+81.544283059E-03
+3.112870000E-03,-182.862906248E-03,+2.552724532961E+00,+80.524182555E-03
+3.112875000E-03,-197.735707553E-03,+2.552724532961E+00,+80.075690112E-03
+3.112880000E-03,-211.986649604E-03,+2.552724532961E+00,+79.165514235E-03
+3.112885000E-03,-228.103169508E-03,+2.552724532961E+00,+78.598303189E-03
+3.112890000E-03,-244.530619116E-03,+2.552724532961E+00,+77.661745409E-03
+3.112895000E-03,-259.766171709E-03,+2.552724532961E+00,+77.142901192E-03
+3.112900000E-03,-275.209010743E-03,+2.552724532961E+00,+76.149182612E-03
+3.112905000E-03,-290.444563332E-03,+2.552724532961E+00,+75.555589653E-03
+3.112910000E-03,-305.991045581E-03,+2.552724532961E+00,+74.605840913E-03
+3.112915000E-03,-320.863846973E-03,+2.552724532961E+00,+73.893529370E-03
+3.112920000E-03,-336.462150865E-03,+2.552724532961E+00,+72.939383656E-03
+3.112925000E-03,-350.816736099E-03,+2.552724532961E+00,+72.231469086E-03
+3.112930000E-03,-365.948645457E-03,+2.552724532961E+00,+71.233353519E-03
+3.112935000E-03,-382.272451787E-03,+2.552724532961E+00,+70.591393719E-03
+3.112940000E-03,-396.056999449E-03,+2.552724532961E+00,+69.461368615E-03
+3.112945000E-03,-411.810768069E-03,+2.552724532961E+00,+68.797423891E-03
+3.112950000E-03,-426.631747778E-03,+2.552724532961E+00,+67.654207825E-03
+3.112955000E-03,-442.022765268E-03,+2.552724532961E+00,+66.796795779E-03
+3.112960000E-03,-456.170064092E-03,+2.552724532961E+00,+65.627197805E-03
+3.112965000E-03,-470.628292553E-03,+2.552724532961E+00,+65.064383727E-03
+3.112970000E-03,-485.190164272E-03,+2.552724532961E+00,+63.727700337E-03
+3.112975000E-03,-500.062965600E-03,+2.552724532961E+00,+63.169283253E-03
+3.112980000E-03,-514.106621260E-03,+2.552724532961E+00,+61.810614927E-03
+3.112985000E-03,-528.098455285E-03,+2.552724532961E+00,+61.186243073E-03
+3.112990000E-03,-540.587462689E-03,+2.552724532961E+00,+59.836368717E-03
+3.112995000E-03,-555.045691189E-03,+2.552724532961E+00,+59.308730527E-03
+3.113000000E-03,-568.104736315E-03,+2.552724532961E+00,+57.690640104E-03
+3.113005000E-03,-582.303856718E-03,+2.552724532961E+00,+57.255338590E-03
+3.113010000E-03,-595.984761090E-03,+2.552724532961E+00,+55.668027057E-03
+3.113015000E-03,-610.494811213E-03,+2.552724532961E+00,+55.109609974E-03
+3.113020000E-03,-623.553856228E-03,+2.552724532961E+00,+53.597047178E-03
+3.113025000E-03,-637.701155107E-03,+2.552724532961E+00,+53.038630097E-03
+3.113030000E-03,-649.723768083E-03,+2.552724532961E+00,+51.574434132E-03
+3.113035000E-03,-662.886456313E-03,+2.552724532961E+00,+50.739007004E-03
+3.113040000E-03,-673.665350769E-03,+2.552724532961E+00,+49.507851241E-03
+3.113045000E-03,-687.501719880E-03,+2.552724532961E+00,+48.465765827E-03
+3.113050000E-03,-700.560765026E-03,+2.552724532961E+00,+47.318152773E-03
+3.113055000E-03,-713.101594010E-03,+2.552724532961E+00,+46.157348769E-03
+3.113060000E-03,-724.761455706E-03,+2.552724532961E+00,+45.049308575E-03
+3.113065000E-03,-737.509571123E-03,+2.552724532961E+00,+43.822549800E-03
+3.113070000E-03,-750.879545782E-03,+2.552724532961E+00,+42.696921666E-03
+3.113075000E-03,-762.798515611E-03,+2.552724532961E+00,+41.474559879E-03
+3.113080000E-03,-774.717485337E-03,+2.552724532961E+00,+40.436871431E-03
+3.113085000E-03,-786.429168601E-03,+2.552724532961E+00,+39.179333775E-03
+3.113090000E-03,-798.244495119E-03,+2.552724532961E+00,+37.917399099E-03
+3.113095000E-03,-809.956178403E-03,+2.552724532961E+00,+36.822549880E-03
+3.113100000E-03,-820.527786341E-03,+2.552724532961E+00,+35.358353904E-03
+3.113105000E-03,-831.876718381E-03,+2.552724532961E+00,+34.496544878E-03
+3.113110000E-03,-842.707434357E-03,+2.552724532961E+00,+32.931218251E-03
+3.113115000E-03,-853.538150353E-03,+2.552724532961E+00,+31.941896660E-03
+3.113120000E-03,-862.762396498E-03,+2.552724532961E+00,+30.508479589E-03
+3.113125000E-03,-873.541290847E-03,+2.552724532961E+00,+29.536745923E-03
+3.113130000E-03,-883.957433899E-03,+2.552724532961E+00,+28.107725851E-03
+3.113135000E-03,-895.306365978E-03,+2.552724532961E+00,+26.863379117E-03
+3.113140000E-03,-906.085260375E-03,+2.552724532961E+00,+25.645414317E-03
+3.113145000E-03,-915.361328079E-03,+2.552724532961E+00,+24.269158040E-03
+3.113150000E-03,-925.984757545E-03,+2.552724532961E+00,+23.174308815E-03
+3.113155000E-03,-933.965285190E-03,+2.552724532961E+00,+21.657349022E-03
+3.113160000E-03,-944.536893044E-03,+2.552724532961E+00,+20.707600295E-03
+3.113165000E-03,-954.486641754E-03,+2.552724532961E+00,+19.089509866E-03
+3.113170000E-03,-963.762709454E-03,+2.552724532961E+00,+18.157349062E-03
+3.113175000E-03,-972.935133999E-03,+2.552724532961E+00,+16.565640547E-03
+3.113180000E-03,-982.729417736E-03,+2.552724532961E+00,+15.457600349E-03
+3.113185000E-03,-991.539091049E-03,+2.552724532961E+00,+14.059359170E-03
+3.113190000E-03,-1.000556050752E+00,+2.552724532961E+00,+12.696293849E-03
+3.113195000E-03,-1.008484756770E+00,+2.552724532961E+00,+11.632223512E-03
+3.113200000E-03,-1.017501716423E+00,+2.552724532961E+00,+10.119660709E-03
+3.113205000E-03,-1.026415032903E+00,+2.552724532961E+00,+8.928077814E-03
+3.113210000E-03,-1.034551025363E+00,+2.552724532961E+00,+7.402324055E-03
+3.113215000E-03,-1.043723449811E+00,+2.552724532961E+00,+6.478957228E-03
+3.113220000E-03,-1.051133939718E+00,+2.552724532961E+00,+4.816896949E-03
+3.113225000E-03,-1.058855359282E+00,+2.552724532961E+00,+3.941896953E-03
+3.113230000E-03,-1.066628600339E+00,+2.552724532961E+00,+2.372173358E-03
+3.113235000E-03,-1.073935446991E+00,+2.552724532961E+00,+1.061871857E-03
+3.113240000E-03,-1.080775899199E+00,+2.552724532961E+00,-156.092944E-06
+3.113245000E-03,-1.087875459408E+00,+2.552724532961E+00,-1.589510020E-03
+3.113250000E-03,-1.093316728227E+00,+2.552724532961E+00,-2.688756235E-03
+3.113255000E-03,-1.099794429125E+00,+2.552724532961E+00,-4.104585371E-03
+3.113260000E-03,-1.105909378825E+00,+2.552724532961E+00,-5.269786360E-03
+3.113265000E-03,-1.110366037150E+00,+2.552724532961E+00,-6.764761214E-03
+3.113270000E-03,-1.116895559600E+00,+2.552724532961E+00,-7.855213478E-03
+3.113275000E-03,-1.122025898769E+00,+2.552724532961E+00,-9.482097862E-03
+3.113280000E-03,-1.127570810778E+00,+2.552724532961E+00,-10.541771235E-03
+3.113285000E-03,-1.131353788137E+00,+2.552724532961E+00,-12.041143067E-03
+3.113290000E-03,-1.137935132275E+00,+2.552724532961E+00,-13.426193307E-03
+3.113295000E-03,-1.140837142348E+00,+1.295657998938E+00,-14.582600328E-03
+3.113300000E-03,-1.144827406058E+00,-153.227068741E-03,-15.901695797E-03
+3.113305000E-03,-1.148817669876E+00,-181.257849662E-03,-16.974560105E-03
+3.113310000E-03,-1.153533436099E+00,+18.569404297E-03,-18.583856580E-03
+3.113315000E-03,-1.156279981366E+00,+140.821295989E-03,-19.801821373E-03
+3.113320000E-03,-1.159441099451E+00,-84.759734855E-03,-21.081343981E-03
+3.113325000E-03,-1.163794114414E+00,-77.143528975E-03,-22.400439443E-03
+3.113330000E-03,-1.166385194842E+00,-88.293027523E-03,-23.578831392E-03
+3.113335000E-03,-1.169909064097E+00,-14.565012438E-03,-25.161745944E-03
+3.113340000E-03,-1.172862895736E+00,-55.865263014E-03,-26.291771064E-03
+3.113345000E-03,-1.175143046499E+00,-46.129082464E-03,-27.760364000E-03
+3.113350000E-03,-1.177008624323E+00,-61.125941563E-03,-28.833228321E-03
+3.113355000E-03,-1.179910634358E+00,-46.992776035E-03,-30.310615232E-03
+3.113360000E-03,-1.182294428315E+00,-53.823805843E-03,-31.330715737E-03
+3.113365000E-03,-1.184160006151E+00,-49.034233262E-03,-32.948806158E-03
+3.113370000E-03,-1.185455546417E+00,-50.840137615E-03,-33.889760931E-03
+3.113375000E-03,-1.188150269948E+00,-47.934987012E-03,-35.375941809E-03
+3.113380000E-03,-1.189653096590E+00,-50.526067248E-03,-36.505966934E-03
+3.113385000E-03,-1.190274955893E+00,-46.835740836E-03,-37.816268424E-03
+3.113390000E-03,-1.192192355328E+00,-49.191268273E-03,-38.963881484E-03
+3.113395000E-03,-1.192451463386E+00,-47.463881376E-03,-40.353328690E-03
+3.113400000E-03,-1.193073322730E+00,-49.505338729E-03,-41.369032212E-03
+3.113405000E-03,-1.194161576467E+00,-48.720162820E-03,-42.793655304E-03
+3.113410000E-03,-1.193747003611E+00,-48.170539666E-03,-43.804961829E-03
+3.113415000E-03,-1.194006111573E+00,-48.327574897E-03,-45.119660311E-03
+3.113420000E-03,-1.193850646826E+00,-48.877197969E-03,-46.223303511E-03
+3.113425000E-03,-1.193798825214E+00,-46.600188019E-03,-47.603956757E-03
+3.113430000E-03,-1.193384252313E+00,-45.343906568E-03,-48.434986910E-03
+3.113435000E-03,-1.192555106668E+00,-45.422424175E-03,-50.017901457E-03
+3.113440000E-03,-1.191985068915E+00,-47.463881401E-03,-50.848931604E-03
+3.113445000E-03,-1.191570496092E+00,-46.992775948E-03,-52.401067257E-03
+3.113450000E-03,-1.190274955876E+00,-48.249057203E-03,-53.148554697E-03
+3.113455000E-03,-1.188875772528E+00,-46.286117671E-03,-54.700690348E-03
+3.113460000E-03,-1.187424767489E+00,-48.641645157E-03,-55.505338592E-03
+3.113465000E-03,-1.185455546384E+00,-47.699434251E-03,-56.916770727E-03
+3.113470000E-03,-1.183175395646E+00,-47.463881312E-03,-57.708228019E-03
+3.113475000E-03,-1.180636136921E+00,-46.286117639E-03,-59.084484269E-03
+3.113480000E-03,-1.178304164585E+00,-46.364635201E-03,-59.902323467E-03
+3.113485000E-03,-1.175039403300E+00,-45.343906575E-03,-61.199434002E-03
+3.113490000E-03,-1.172655609381E+00,-45.736494485E-03,-62.096418918E-03
+3.113495000E-03,-1.170064529041E+00,-44.951318659E-03,-63.459484232E-03
+3.113500000E-03,-1.166022443623E+00,-46.364635233E-03,-64.224559604E-03
+3.113505000E-03,-1.162602217555E+00,-45.500941698E-03,-65.574433953E-03
+3.113510000E-03,-1.158871061761E+00,-44.323177962E-03,-66.247172647E-03
+3.113515000E-03,-1.154673511588E+00,-44.637248202E-03,-67.720162574E-03
+3.113520000E-03,-1.151097820685E+00,-45.500941871E-03,-68.199433935E-03
+3.113525000E-03,-1.147055735259E+00,-44.872800918E-03,-69.690011802E-03
+3.113530000E-03,-1.141199893668E+00,-46.050564808E-03,-70.147298236E-03
+3.113535000E-03,-1.137624202760E+00,-43.773554750E-03,-71.593906250E-03
+3.113540000E-03,-1.132234755607E+00,-45.029836233E-03,-72.288629872E-03
+3.113545000E-03,-1.127104416402E+00,-43.773554820E-03,-73.445036885E-03
+3.113550000E-03,-1.122958687799E+00,-42.752826182E-03,-74.148554481E-03
+3.113555000E-03,-1.116791916576E+00,-43.538002104E-03,-75.296167523E-03
+3.113560000E-03,-1.111091539778E+00,-44.558730659E-03,-76.008479083E-03
+3.113565000E-03,-1.105080233229E+00,-43.930590072E-03,-77.191267999E-03
+3.113570000E-03,-1.098602532357E+00,-43.538002040E-03,-77.951946394E-03
+3.113575000E-03,-1.092591225923E+00,-43.695037272E-03,-78.840137328E-03
+3.113580000E-03,-1.086890849015E+00,-44.480213079E-03,-79.811870990E-03
+3.113585000E-03,-1.079117607918E+00,-43.302449285E-03,-80.484609677E-03
+3.113590000E-03,-1.074246376831E+00,-43.380966879E-03,-81.407976505E-03
+3.113595000E-03,-1.066576778906E+00,-43.459484485E-03,-82.269785536E-03
+3.113600000E-03,-1.060410007633E+00,-44.715765775E-03,-83.017272972E-03
+3.113605000E-03,-1.053103160952E+00,-44.401695511E-03,-83.945036776E-03
+3.113610000E-03,-1.045433563044E+00,-42.595791053E-03,-84.595790538E-03
+3.113615000E-03,-1.037556678758E+00,-42.909861317E-03,-85.567524199E-03
+3.113620000E-03,-1.029265221488E+00,-43.459484414E-03,-86.147926214E-03
+3.113625000E-03,-1.021751088453E+00,-42.438755846E-03,-87.115262869E-03
+3.113630000E-03,-1.013977847318E+00,-43.773554749E-03,-87.642901067E-03
+3.113635000E-03,-1.005893676584E+00,-41.810615091E-03,-88.570664871E-03
+3.113640000E-03,-996.980360076E-03,-44.166142691E-03,-89.019157335E-03
+3.113645000E-03,-987.807935551E-03,-42.124685504E-03,-90.008478924E-03
+3.113650000E-03,-979.620121577E-03,-43.852072401E-03,-90.333855814E-03
+3.113655000E-03,-969.929480943E-03,-41.810615143E-03,-91.318780418E-03
+3.113660000E-03,-960.912521232E-03,-42.831343704E-03,-91.586996503E-03
+3.113665000E-03,-952.310134441E-03,-42.988378950E-03,-92.615890953E-03
+3.113670000E-03,-942.464029006E-03,-40.868404104E-03,-92.831343223E-03
+3.113675000E-03,-933.032496435E-03,-42.438755833E-03,-93.873428630E-03
+3.113680000E-03,-923.238212629E-03,-41.260992053E-03,-93.886619591E-03
+3.113685000E-03,-911.941102172E-03,-41.653579975E-03,-95.007850729E-03
+3.113690000E-03,-901.473137511E-03,-42.438755762E-03,-94.959483902E-03
+3.113695000E-03,-892.197069780E-03,-41.182474420E-03,-96.085112032E-03
+3.113700000E-03,-881.159067282E-03,-41.810615150E-03,-96.001569321E-03
+3.113705000E-03,-871.416605153E-03,-41.889132691E-03,-97.087624573E-03
+3.113710000E-03,-861.207748478E-03,-40.868404144E-03,-97.008478866E-03
+3.113715000E-03,-850.895248606E-03,-41.260992020E-03,-98.068152206E-03
+3.113720000E-03,-839.701781463E-03,-43.459484446E-03,-98.006594431E-03
+3.113725000E-03,-829.078351859E-03,-40.632851396E-03,-98.938755207E-03
+3.113730000E-03,-817.211203711E-03,-41.732097543E-03,-99.092649686E-03
+3.113735000E-03,-806.691417400E-03,-41.889132698E-03,-99.607096914E-03
+3.113740000E-03,-794.098766820E-03,-41.496544808E-03,-99.972046671E-03
+3.113745000E-03,-783.112586033E-03,-41.810615241E-03,-100.297423546E-03
+3.113750000E-03,-770.260827351E-03,-42.595790975E-03,-100.750312992E-03
+3.113755000E-03,-758.756430524E-03,-41.732097576E-03,-101.027323029E-03
+3.113760000E-03,-747.148390426E-03,-42.517273348E-03,-101.418654688E-03
+3.113765000E-03,-735.125777468E-03,-41.025439233E-03,-101.590137103E-03
+3.113770000E-03,-723.103164501E-03,-42.517273375E-03,-101.977071771E-03
+3.113775000E-03,-710.717800416E-03,-40.318781008E-03,-102.192524028E-03
+3.113780000E-03,-698.487901015E-03,-41.810615110E-03,-102.522297890E-03
+3.113785000E-03,-684.910639897E-03,-41.339509607E-03,-102.742147130E-03
+3.113790000E-03,-672.680740500E-03,-42.674308503E-03,-102.957599402E-03
+3.113795000E-03,-659.155300921E-03,-40.318780995E-03,-103.212624515E-03
+3.113800000E-03,-646.562650324E-03,-41.339509575E-03,-103.282976280E-03
+3.113805000E-03,-632.622637910E-03,-39.376569983E-03,-103.568780294E-03
+3.113810000E-03,-619.667235961E-03,-40.475816202E-03,-103.647926028E-03
+3.113815000E-03,-606.556369345E-03,-40.397298536E-03,-103.850187321E-03
+3.113820000E-03,-592.098140827E-03,-41.103956873E-03,-103.938127033E-03
+3.113825000E-03,-578.883630992E-03,-41.653579910E-03,-104.065639577E-03
+3.113830000E-03,-565.772764198E-03,-40.554333697E-03,-104.144785318E-03
+3.113835000E-03,-551.625465420E-03,-40.397298569E-03,-104.232725005E-03
+3.113840000E-03,-537.478166577E-03,-40.632851343E-03,-104.241518991E-03
+3.113845000E-03,-525.455553601E-03,-40.868404032E-03,-104.382222490E-03
+3.113850000E-03,-511.411898025E-03,-39.769157919E-03,-104.285488836E-03
+3.113855000E-03,-497.730993697E-03,-39.847675426E-03,-104.413001388E-03
+3.113860000E-03,-483.324586738E-03,-41.418027208E-03,-104.241518989E-03
+3.113865000E-03,-468.659071890E-03,-40.632851330E-03,-104.505338068E-03
+3.113870000E-03,-454.926345876E-03,-40.789886491E-03,-104.043654677E-03
+3.113875000E-03,-441.400906296E-03,-40.161745881E-03,-104.558101883E-03
+3.113880000E-03,-425.180743153E-03,-40.318780955E-03,-103.709483826E-03
+3.113885000E-03,-410.411585002E-03,-40.946921745E-03,-104.417398374E-03
+3.113890000E-03,-396.264286141E-03,-40.789886385E-03,-103.573177295E-03
+3.113895000E-03,-382.220630605E-03,-40.946921659E-03,-104.149182295E-03
+3.113900000E-03,-366.363218653E-03,-42.203203052E-03,-103.344534078E-03
+3.113905000E-03,-351.904990213E-03,-40.161745861E-03,-103.757850643E-03
+3.113910000E-03,-336.358507986E-03,-39.298052343E-03,-103.098302928E-03
+3.113915000E-03,-319.982879959E-03,-40.868404072E-03,-103.375312959E-03
+3.113920000E-03,-305.887402674E-03,-42.124685432E-03,-102.777323036E-03
+3.113925000E-03,-290.029990930E-03,-39.769157879E-03,-102.816895877E-03
+3.113930000E-03,-275.727227224E-03,-40.711368951E-03,-102.465137100E-03
+3.113935000E-03,-260.802604220E-03,-39.219534796E-03,-102.232096892E-03
+3.113940000E-03,-245.670694856E-03,-42.674308568E-03,-102.007850670E-03
+3.113945000E-03,-229.657818197E-03,-39.612122745E-03,-101.638503941E-03
+3.113950000E-03,-214.266800725E-03,-40.711368931E-03,-101.361493889E-03
+3.113955000E-03,-199.964037064E-03,-39.141017149E-03,-101.044910985E-03
+3.113960000E-03,-184.832127727E-03,-43.380966791E-03,-100.592021538E-03
+3.113965000E-03,-169.959326295E-03,-39.690640332E-03,-100.402951195E-03
+3.113970000E-03,-154.827416922E-03,-40.632851250E-03,-99.782976321E-03
+3.113975000E-03,-140.058258825E-03,-39.926193080E-03,-99.659860747E-03
+3.113980000E-03,-123.838095642E-03,-41.418027154E-03,-98.965137134E-03
+3.113985000E-03,-108.654364613E-03,-41.418027134E-03,-98.789257739E-03
+3.113990000E-03,-93.885206485E-03,-39.926193046E-03,-98.164885897E-03
+3.113995000E-03,-78.701475540E-03,-40.397298630E-03,-97.839509001E-03
+3.114000000E-03,-64.398711835E-03,-39.847675439E-03,-97.250313045E-03
+3.114005000E-03,-49.163159252E-03,-40.632851405E-03,-96.797423585E-03
+3.114010000E-03,-35.015860409E-03,-40.083228167E-03,-96.379710045E-03
+3.114015000E-03,-19.935772639E-03,-40.554333784E-03,-95.632222598E-03
+3.114020000E-03,-3.663787903E-03,-41.260992020E-03,-95.429961306E-03
+3.114025000E-03,+11.830872785E-03,-40.004710539E-03,-94.568152252E-03
+3.114030000E-03,+27.014603702E-03,-39.690640224E-03,-94.247172368E-03
+3.114035000E-03,+41.421010618E-03,-40.397298596E-03,-93.411745236E-03
+3.114040000E-03,+57.174779258E-03,-40.318780955E-03,-93.038001527E-03
+3.114045000E-03,+71.736650930E-03,-39.769157927E-03,-92.299308071E-03
+3.114050000E-03,+88.319565410E-03,-42.674308514E-03,-91.648554306E-03
+3.114055000E-03,+102.725972282E-03,-39.533605111E-03,-91.156091996E-03
+3.114060000E-03,+118.738848986E-03,-41.260992007E-03,-90.245916125E-03
+3.114065000E-03,+132.575218242E-03,-40.397298589E-03,-89.982097036E-03
+3.114070000E-03,+149.209954249E-03,-40.711368904E-03,-88.777323180E-03
+3.114075000E-03,+164.445506774E-03,-41.182474413E-03,-88.728956338E-03
+3.114080000E-03,+179.266486577E-03,-41.967650277E-03,-87.348303101E-03
+3.114085000E-03,+193.983823094E-03,-40.004710654E-03,-87.313127207E-03
+3.114090000E-03,+209.841235002E-03,-40.083228180E-03,-85.932473977E-03
+3.114095000E-03,+224.040355444E-03,-40.240263374E-03,-85.703830742E-03
+3.114100000E-03,+239.379551260E-03,-40.789886552E-03,-84.595790571E-03
+3.114105000E-03,+254.200530978E-03,-40.240263381E-03,-84.125313165E-03
+3.114110000E-03,+269.228797076E-03,-40.240263361E-03,-83.061242855E-03
+3.114115000E-03,+284.723457764E-03,-39.612122705E-03,-82.401695100E-03
+3.114120000E-03,+299.181686275E-03,-41.418027236E-03,-81.399182560E-03
+3.114125000E-03,+314.624525278E-03,-40.475816197E-03,-80.664886070E-03
+3.114130000E-03,+329.549148166E-03,-41.182474474E-03,-79.684358461E-03
+3.114135000E-03,+343.489160670E-03,-39.219534770E-03,-78.972046899E-03
+3.114140000E-03,+358.154675574E-03,-40.475816143E-03,-77.965137369E-03
+3.114145000E-03,+372.664725647E-03,-39.612122746E-03,-77.103328328E-03
+3.114150000E-03,+387.485705356E-03,-41.025439273E-03,-76.074433874E-03
+3.114155000E-03,+401.114788220E-03,-40.083228255E-03,-75.357725337E-03
+3.114160000E-03,+416.713092000E-03,-40.868404064E-03,-74.130966551E-03
+3.114165000E-03,+430.497639659E-03,-40.711368890E-03,-73.480212792E-03
+3.114170000E-03,+445.007689746E-03,-41.653579997E-03,-72.244660046E-03
+3.114175000E-03,+458.844058999E-03,-38.434358940E-03,-71.589509290E-03
+3.114180000E-03,+472.991357752E-03,-40.161745794E-03,-70.411117360E-03
+3.114185000E-03,+486.827726950E-03,-40.318781017E-03,-69.615263078E-03
+3.114190000E-03,+500.404988116E-03,-39.926192998E-03,-68.520413857E-03
+3.114195000E-03,+513.826784450E-03,-41.182474454E-03,-67.619031942E-03
+3.114200000E-03,+527.818618484E-03,-41.653579956E-03,-66.541770670E-03
+3.114205000E-03,+541.603166039E-03,-41.103956867E-03,-65.433730468E-03
+3.114210000E-03,+555.076783966E-03,-40.789886498E-03,-64.444408872E-03
+3.114215000E-03,+567.410326662E-03,-40.711368959E-03,-63.248428982E-03
+3.114220000E-03,+581.350339007E-03,-41.182474475E-03,-62.316268199E-03
+3.114225000E-03,+594.409384125E-03,-40.789886505E-03,-61.243403880E-03
+3.114230000E-03,+608.245753278E-03,-40.632851268E-03,-60.091393854E-03
+3.114235000E-03,+621.304798405E-03,-41.182474406E-03,-59.198805905E-03
+3.114240000E-03,+634.104735431E-03,-42.124685465E-03,-57.879710454E-03
+3.114245000E-03,+645.764597147E-03,-39.455087538E-03,-57.035489353E-03
+3.114250000E-03,+658.098139710E-03,-39.298052433E-03,-55.668027066E-03
+3.114255000E-03,+670.120752624E-03,-39.533605056E-03,-54.718278317E-03
+3.114260000E-03,+682.920689778E-03,-41.496544775E-03,-53.434358746E-03
+3.114265000E-03,+695.306053907E-03,-40.475816205E-03,-52.352700452E-03
+3.114270000E-03,+707.432310095E-03,-40.240263367E-03,-51.038001994E-03
+3.114275000E-03,+719.869495850E-03,-41.732097522E-03,-49.925564798E-03
+3.114280000E-03,+731.788465553E-03,-42.124685409E-03,-48.711996993E-03
+3.114285000E-03,+743.033754400E-03,-40.083228221E-03,-47.524811062E-03
+3.114290000E-03,+754.279043225E-03,-40.711368897E-03,-46.495916603E-03
+3.114295000E-03,+767.027158652E-03,-39.455087524E-03,-45.102072399E-03
+3.114300000E-03,+777.806053041E-03,-41.339509524E-03,-43.994032213E-03
+3.114305000E-03,+789.051341870E-03,-41.103956804E-03,-42.723303575E-03
+3.114310000E-03,+799.778414670E-03,-41.025439315E-03,-41.527323693E-03
+3.114315000E-03,+811.697384327E-03,-40.475816205E-03,-40.296167928E-03
+3.114320000E-03,+822.476278693E-03,-41.732097473E-03,-38.950690551E-03
+3.114325000E-03,+832.011454493E-03,-39.847675578E-03,-37.965765940E-03
+3.114330000E-03,+842.945813650E-03,-40.318780898E-03,-36.391645354E-03
+3.114335000E-03,+853.672886357E-03,-40.868404106E-03,-35.415514706E-03
+3.114340000E-03,+862.534381316E-03,-42.281720597E-03,-33.929333834E-03
+3.114345000E-03,+874.194242935E-03,-41.260992125E-03,-32.948806194E-03
+3.114350000E-03,+884.765850894E-03,-44.323177882E-03,-31.392273559E-03
+3.114355000E-03,+894.041918593E-03,-40.789886554E-03,-30.416142895E-03
+3.114360000E-03,+904.043488920E-03,-42.831343776E-03,-28.956343927E-03
+3.114365000E-03,+912.956805422E-03,-40.711368883E-03,-27.751570073E-03
+3.114370000E-03,+922.440159462E-03,-41.653579984E-03,-26.463253505E-03
+3.114375000E-03,+931.508940873E-03,-40.632851288E-03,-25.016645478E-03
+3.114380000E-03,+940.525900534E-03,-41.889132809E-03,-23.926193227E-03
+3.114385000E-03,+949.646503442E-03,-41.575062376E-03,-22.444409320E-03
+3.114390000E-03,+957.367922981E-03,-39.690640377E-03,-21.301193260E-03
+3.114395000E-03,+966.384882720E-03,-42.517273414E-03,-19.815012361E-03
+3.114400000E-03,+973.795372604E-03,-41.732097458E-03,-18.522298814E-03
+3.114405000E-03,+982.553224195E-03,-39.769158077E-03,-17.150439537E-03
+3.114410000E-03,+988.979103658E-03,-41.103956839E-03,-15.835741055E-03
+3.114415000E-03,+997.892420062E-03,-40.240263430E-03,-14.666143073E-03
+3.114420000E-03,+1.005769304399E+00,-42.360238268E-03,-13.219535059E-03
+3.114425000E-03,+1.013387080713E+00,-42.360238120E-03,-12.168655662E-03
+3.114430000E-03,+1.020331176098E+00,-41.967650325E-03,-10.568153178E-03
+3.114435000E-03,+1.027119806716E+00,-41.418027216E-03,-9.596419496E-03
+3.114440000E-03,+1.034374831763E+00,-41.182474483E-03,-7.925565271E-03
+3.114445000E-03,+1.041888964807E+00,-41.418027223E-03,-6.940640634E-03
+3.114450000E-03,+1.048781238635E+00,-42.281720624E-03,-5.410489917E-03
+3.114455000E-03,+1.054792545192E+00,-40.946921615E-03,-4.223303981E-03
+3.114460000E-03,+1.061322067665E+00,-42.360238219E-03,-2.803077888E-03
+3.114465000E-03,+1.067385195699E+00,-42.517273499E-03,-1.501570344E-03
+3.114470000E-03,+1.074070183073E+00,-41.810615158E-03,-257.223635E-06
+3.114475000E-03,+1.078008625270E+00,-41.967650226E-03,+1.039886907E-03
+3.114480000E-03,+1.085367293496E+00,-38.748429326E-03,+2.490891911E-03
+3.114485000E-03,+1.090704919132E+00,+972.479535875E-03,+3.537374321E-03
+3.114490000E-03,+1.094125145259E+00,+2.552253427169E+00,+5.036746163E-03
+3.114495000E-03,+1.100084630035E+00,+2.552253427439E+00,+6.056846650E-03
+3.114500000E-03,+1.103971250639E+00,+2.552253427439E+00,+7.894786334E-03
+3.114505000E-03,+1.109205233037E+00,+2.552253427439E+00,+8.576318979E-03
+3.114510000E-03,+1.112469994304E+00,+2.552253427439E+00,+10.502198368E-03
+3.114515000E-03,+1.116304793272E+00,+2.552253427439E+00,+11.038630513E-03
+3.114520000E-03,+1.120346878642E+00,+2.552253427439E+00,+13.127198335E-03
+3.114525000E-03,+1.123974391133E+00,+2.552253427439E+00,+13.733982245E-03
+3.114530000E-03,+1.127290974012E+00,+2.552253427439E+00,+15.642273680E-03
+3.114535000E-03,+1.129415659928E+00,+2.552253427439E+00,+16.398555085E-03
+3.114540000E-03,+1.133250458896E+00,+2.552253427439E+00,+17.985866628E-03
+3.114545000E-03,+1.137188901046E+00,+2.552253427439E+00,+19.177449521E-03
+3.114550000E-03,+1.139624516589E+00,+2.552253427439E+00,+20.456972118E-03
+3.114555000E-03,+1.142060132154E+00,+2.552253427439E+00,+21.894786188E-03
+3.114560000E-03,+1.144392104539E+00,+2.552488980193E+00,+22.945665564E-03
+3.114565000E-03,+1.146309503997E+00,+2.552724532961E+00,+24.449434399E-03
+3.114570000E-03,+1.149056049189E+00,+2.552724532961E+00,+25.390389163E-03
+3.114575000E-03,+1.150869805427E+00,+2.552724532961E+00,+27.140389132E-03
+3.114580000E-03,+1.152631740181E+00,+2.552724532961E+00,+27.975816276E-03
+3.114585000E-03,+1.154238209942E+00,+2.552724532961E+00,+29.536745894E-03
+3.114590000E-03,+1.155119177260E+00,+2.552724532961E+00,+30.521670521E-03
+3.114595000E-03,+1.156466539102E+00,+2.552724532961E+00,+31.836368993E-03
+3.114600000E-03,+1.158850333013E+00,+2.552724532961E+00,+33.177449383E-03
+3.114605000E-03,+1.157658436041E+00,+2.552724532961E+00,+34.250313687E-03
+3.114610000E-03,+1.159472192317E+00,+2.552724532961E+00,+35.648554884E-03
+3.114615000E-03,+1.159938586737E+00,+2.552724532961E+00,+36.668655369E-03
+3.114620000E-03,+1.159420370700E+00,+2.552724532961E+00,+38.075690526E-03
+3.114625000E-03,+1.159524013924E+00,+2.552724532961E+00,+39.025439274E-03
+3.114630000E-03,+1.158746689802E+00,+2.552724532961E+00,+40.476444265E-03
+3.114635000E-03,+1.158694868152E+00,+2.552724532961E+00,+41.386620150E-03
+3.114640000E-03,+1.157347506419E+00,+2.552724532961E+00,+42.793655294E-03
+3.114645000E-03,+1.156207431079E+00,+2.552724532961E+00,+43.769785958E-03
+3.114650000E-03,+1.155637393353E+00,+2.552724532961E+00,+45.044911565E-03
+3.114655000E-03,+1.153668172312E+00,+2.552724532961E+00,+46.157348736E-03
+3.114660000E-03,+1.151906237648E+00,+2.552724532961E+00,+47.282976865E-03
+3.114665000E-03,+1.150662519025E+00,+2.552724532961E+00,+48.413001981E-03
+3.114670000E-03,+1.147812330700E+00,+2.552724532961E+00,+49.481469307E-03
+3.114675000E-03,+1.146464968848E+00,+2.552724532961E+00,+50.567524567E-03
+3.114680000E-03,+1.143873888555E+00,+2.552724532961E+00,+51.833856217E-03
+3.114685000E-03,+1.140920056808E+00,+2.552724532961E+00,+52.638504442E-03
+3.114690000E-03,+1.138380798061E+00,+2.552724532961E+00,+54.045539610E-03
+3.114695000E-03,+1.135478788075E+00,+2.552724532961E+00,+54.735866227E-03
+3.114700000E-03,+1.132006740345E+00,+2.552724532961E+00,+56.107725519E-03
+3.114705000E-03,+1.128586514308E+00,+2.552724532961E+00,+56.758479273E-03
+3.114710000E-03,+1.124337142495E+00,+2.552724532961E+00,+58.266645087E-03
+3.114715000E-03,+1.120968737965E+00,+2.552724532961E+00,+58.750313427E-03
+3.114720000E-03,+1.116719366132E+00,+2.552724532961E+00,+60.188127477E-03
+3.114725000E-03,+1.112210886324E+00,+2.552724532961E+00,+60.821293303E-03
+3.114730000E-03,+1.106821439203E+00,+2.552724532961E+00,+62.034861128E-03
+3.114735000E-03,+1.102934818618E+00,+2.552724532961E+00,+63.002197804E-03
+3.114740000E-03,+1.097545371430E+00,+2.552724532961E+00,+63.899182716E-03
+3.114745000E-03,+1.091585886521E+00,+2.552724532961E+00,+65.086368628E-03
+3.114750000E-03,+1.086921941842E+00,+2.552724532961E+00,+65.728328429E-03
+3.114755000E-03,+1.081636137869E+00,+2.552724532961E+00,+66.946293233E-03
+3.114760000E-03,+1.075469366699E+00,+2.552724532961E+00,+67.469534452E-03
+3.114765000E-03,+1.069768989881E+00,+2.552724532961E+00,+68.828202758E-03
+3.114770000E-03,+1.063705861771E+00,+2.552724532961E+00,+69.316268095E-03
+3.114775000E-03,+1.059197381901E+00,+2.552724532961E+00,+70.556217820E-03
+3.114780000E-03,+1.051890535269E+00,+2.552724532961E+00,+71.158604771E-03
+3.114785000E-03,+1.046604731316E+00,+2.552724532961E+00,+72.191896195E-03
+3.114790000E-03,+1.038883311859E+00,+2.552724532961E+00,+72.855840925E-03
+3.114795000E-03,+1.032664718951E+00,+2.552724532961E+00,+73.845162499E-03
+3.114800000E-03,+1.026342482794E+00,+2.552724532961E+00,+74.632222813E-03
+3.114805000E-03,+1.018569241691E+00,+2.552724532961E+00,+75.335740389E-03
+3.114810000E-03,+1.011003286993E+00,+2.552724532961E+00,+76.272298164E-03
+3.114815000E-03,+1.003955548307E+00,+2.552724532961E+00,+76.821921279E-03
+3.114820000E-03,+995.456804723E-03,+2.552724532961E+00,+77.798051912E-03
+3.114825000E-03,+986.750774744E-03,+2.552724532961E+00,+78.466393627E-03
+3.114830000E-03,+978.096566221E-03,+2.552724532961E+00,+79.288629790E-03
+3.114835000E-03,+969.805109028E-03,+2.552724532961E+00,+79.838252906E-03
+3.114840000E-03,+961.047257412E-03,+2.552724532961E+00,+80.612122234E-03
+3.114845000E-03,+951.823011270E-03,+2.552724532961E+00,+81.218906160E-03
+3.114850000E-03,+943.583375621E-03,+2.552724532961E+00,+81.961996589E-03
+3.114855000E-03,+933.478162206E-03,+2.552724532961E+00,+82.542398616E-03
+3.114860000E-03,+923.476592005E-03,+2.552724532961E+00,+83.201946336E-03
+3.114865000E-03,+914.770561933E-03,+2.552724532961E+00,+83.786745331E-03
+3.114870000E-03,+903.421629908E-03,+2.552724532961E+00,+84.441896067E-03
+3.114875000E-03,+894.922886261E-03,+2.552724532961E+00,+84.960740293E-03
+3.114880000E-03,+884.558564691E-03,+2.552724532961E+00,+85.778579470E-03
+3.114885000E-03,+873.365097572E-03,+2.552724532961E+00,+86.064383501E-03
+3.114890000E-03,+864.296316257E-03,+2.552724532961E+00,+86.833855842E-03
+3.114895000E-03,+853.621065096E-03,+2.552724532961E+00,+87.137247811E-03
+3.114900000E-03,+843.360386829E-03,+2.552724532961E+00,+87.858353322E-03
+3.114905000E-03,+833.669746160E-03,+2.552724532961E+00,+88.174936235E-03
+3.114910000E-03,+822.528100522E-03,+2.552724532961E+00,+88.834483964E-03
+3.114915000E-03,+811.645563004E-03,+2.552724532961E+00,+89.049936228E-03
+3.114920000E-03,+800.348452572E-03,+2.552724532961E+00,+89.771041750E-03
+3.114925000E-03,+789.362271815E-03,+2.552724532961E+00,+90.065639730E-03
+3.114930000E-03,+779.049771866E-03,+2.552724532961E+00,+90.558102041E-03
+3.114935000E-03,+768.219055981E-03,+2.552724532961E+00,+90.931845750E-03
+3.114940000E-03,+756.403729494E-03,+2.552724532961E+00,+91.371544246E-03
+3.114945000E-03,+744.795689358E-03,+2.552724532961E+00,+91.714509062E-03
+3.114950000E-03,+732.824898059E-03,+2.552724532961E+00,+92.092649766E-03
+3.114955000E-03,+721.113214797E-03,+2.552724532961E+00,+92.330086940E-03
+3.114960000E-03,+710.852536436E-03,+2.552724532961E+00,+92.901694987E-03
+3.114965000E-03,+698.311707508E-03,+2.552724532961E+00,+92.954458792E-03
+3.114970000E-03,+685.926343344E-03,+2.552724532961E+00,+93.442524129E-03
+3.114975000E-03,+672.608190211E-03,+2.552724532961E+00,+93.402951254E-03
+3.114980000E-03,+661.466544537E-03,+2.552724532961E+00,+93.891016586E-03
+3.114985000E-03,+648.614785866E-03,+2.552724532961E+00,+93.978956272E-03
+3.114990000E-03,+635.400276022E-03,+2.552724532961E+00,+94.493403506E-03
+3.114995000E-03,+623.066733470E-03,+2.552724532961E+00,+94.418654764E-03
