x-axis,1,2,3
second,Volt,Volt,Volt
+3.105000000E-03,-1.175143046503E+00,-48.170539685E-03,-52.480213006E-03
+3.105005000E-03,-1.174313900783E+00,-51.703831104E-03,-53.152951692E-03
+3.105010000E-03,-1.172396501306E+00,-48.327574859E-03,-54.815011976E-03
+3.105015000E-03,-1.169701777717E+00,-47.934986924E-03,-55.351444131E-03
+3.105020000E-03,-1.167525270203E+00,-49.034233143E-03,-57.053077278E-03
+3.105025000E-03,-1.164623260184E+00,-47.934986924E-03,-57.545539585E-03
+3.105030000E-03,-1.162654039099E+00,-47.385363814E-03,-59.291142581E-03
+3.105035000E-03,-1.160011137117E+00,-47.385363813E-03,-59.783604887E-03
+3.105040000E-03,-1.157368235136E+00,-47.463881401E-03,-61.661117430E-03
+3.105045000E-03,-1.155088084406E+00,-47.149811052E-03,-61.867775719E-03
+3.105050000E-03,-1.151926966350E+00,-48.877197968E-03,-63.859609869E-03
+3.105055000E-03,-1.147884880966E+00,-45.579459312E-03,-63.991519415E-03
+3.105060000E-03,-1.144050082012E+00,-46.050564834E-03,-65.869031958E-03
+3.105065000E-03,-1.141303536816E+00,-46.678705529E-03,-66.176820899E-03
+3.105070000E-03,-1.137209629824E+00,-46.286117595E-03,-67.909232941E-03
+3.105075000E-03,-1.133271187656E+00,-47.699434163E-03,-68.199433943E-03
+3.105080000E-03,-1.129073637449E+00,-46.364635181E-03,-69.725187695E-03
+3.105085000E-03,-1.124098763131E+00,-46.678705528E-03,-70.331971608E-03
+3.105090000E-03,-1.120937645074E+00,-45.972047246E-03,-71.589509283E-03
+3.105095000E-03,-1.113682620026E+00,-45.736494485E-03,-72.345790682E-03
+3.105100000E-03,-1.108552280885E+00,-44.951318614E-03,-73.401067053E-03
+3.105105000E-03,-1.103629228174E+00,-45.657976897E-03,-74.385991665E-03
+3.105110000E-03,-1.099120748323E+00,-45.265388963E-03,-75.107097186E-03
+3.105115000E-03,-1.092383939351E+00,-45.579459311E-03,-76.404207724E-03
+3.105120000E-03,-1.087512708246E+00,-45.893529659E-03,-76.931845910E-03
+3.105125000E-03,-1.080983185705E+00,-45.186871376E-03,-78.215765494E-03
+3.105130000E-03,-1.075645560133E+00,-46.129082419E-03,-78.651066997E-03
+3.105135000E-03,-1.069167859197E+00,-42.360238240E-03,-80.022926278E-03
+3.105140000E-03,-1.063622947195E+00,-43.852072394E-03,-80.405463963E-03
+3.105145000E-03,-1.056886138225E+00,-45.029836200E-03,-81.658604653E-03
+3.105150000E-03,-1.049682934783E+00,-45.265388965E-03,-81.970790579E-03
+3.105155000E-03,-1.042427909736E+00,-46.443152769E-03,-83.404207649E-03
+3.105160000E-03,-1.035587457547E+00,-44.401695504E-03,-83.654835787E-03
+3.105165000E-03,-1.026777784276E+00,-44.558730678E-03,-84.960740296E-03
+3.105170000E-03,-1.018797256722E+00,-44.087625155E-03,-85.198177479E-03
+3.105175000E-03,-1.010816729171E+00,-45.343906549E-03,-86.605212640E-03
+3.105180000E-03,-1.003613525729E+00,-44.715765852E-03,-86.776695050E-03
+3.105185000E-03,-994.130171560E-03,-44.166142744E-03,-88.029835740E-03
+3.105190000E-03,-986.253287223E-03,-44.166142743E-03,-88.324433727E-03
+3.105195000E-03,-978.635510922E-03,-44.637248263E-03,-89.384107083E-03
+3.105200000E-03,-970.033124079E-03,-43.930589982E-03,-89.674308085E-03
+3.105205000E-03,-960.653413126E-03,-43.930589983E-03,-90.668026667E-03
+3.105210000E-03,-951.325523776E-03,-43.459484456E-03,-91.090137215E-03
+3.105215000E-03,-941.168488711E-03,-44.637248266E-03,-91.784860826E-03
+3.105220000E-03,-931.788777756E-03,-43.616519633E-03,-92.514760315E-03
+3.105225000E-03,-921.372634651E-03,-44.244660326E-03,-92.875313076E-03
+3.105230000E-03,-910.697383511E-03,-44.166142747E-03,-93.776694975E-03
+3.105235000E-03,-900.540348445E-03,-43.459484459E-03,-94.005338189E-03
+3.105240000E-03,-890.072383732E-03,-42.674308591E-03,-95.069408529E-03
+3.105245000E-03,-879.759883841E-03,-43.695037221E-03,-95.021041696E-03
+3.105250000E-03,-870.431994493E-03,-43.380966871E-03,-96.098302990E-03
+3.105255000E-03,-859.704921745E-03,-42.831343764E-03,-96.168654749E-03
+3.105260000E-03,-849.755173108E-03,-43.930589982E-03,-97.043654739E-03
+3.105265000E-03,-838.406241068E-03,-43.459484457E-03,-97.206343180E-03
+3.105270000E-03,-827.160952244E-03,-44.794283438E-03,-97.984609503E-03
+3.105275000E-03,-815.345625738E-03,-42.831343760E-03,-98.235237641E-03
+3.105280000E-03,-804.359444950E-03,-43.302449285E-03,-98.824433615E-03
+3.105285000E-03,-792.699583271E-03,-40.946921672E-03,-98.982725070E-03
+3.105290000E-03,-780.676970332E-03,-43.773554807E-03,-99.571921044E-03
+3.105295000E-03,-768.602535787E-03,-43.066896522E-03,-99.897297925E-03
+3.105300000E-03,-756.320814813E-03,-43.380966872E-03,-100.363378322E-03
+3.105305000E-03,-745.282812418E-03,-44.715765855E-03,-100.640388369E-03
+3.105310000E-03,-733.001091445E-03,-42.674308587E-03,-101.137247661E-03
+3.105315000E-03,-721.393051369E-03,-42.988378937E-03,-101.286745146E-03
+3.105320000E-03,-708.852222358E-03,-44.323177915E-03,-101.634106952E-03
+3.105325000E-03,-696.518679776E-03,-41.575062372E-03,-101.871544135E-03
+3.105330000E-03,-683.615099512E-03,-43.930589980E-03,-102.183730062E-03
+3.105335000E-03,-671.437021753E-03,-41.810615132E-03,-102.504709957E-03
+3.105340000E-03,-659.828981677E-03,-42.517273412E-03,-102.663001413E-03
+3.105345000E-03,-646.096255694E-03,-43.773554809E-03,-103.063127036E-03
+3.105350000E-03,-632.415351318E-03,-43.930589976E-03,-103.019157188E-03
+3.105355000E-03,-619.356306231E-03,-42.203203066E-03,-103.494031555E-03
+3.105360000E-03,-605.779045071E-03,-41.496544782E-03,-103.252197387E-03
+3.105365000E-03,-591.942675869E-03,-42.203203065E-03,-103.933730042E-03
+3.105370000E-03,-579.142738823E-03,-41.575062369E-03,-103.542398389E-03
+3.105375000E-03,-566.498266597E-03,-41.889132719E-03,-104.162373256E-03
+3.105380000E-03,-553.180113477E-03,-41.496544783E-03,-103.749056678E-03
+3.105385000E-03,-540.898392501E-03,-41.496544780E-03,-104.369031545E-03
+3.105390000E-03,-527.165666516E-03,-42.046167893E-03,-103.924936073E-03
+3.105395000E-03,-513.381118926E-03,-41.575062367E-03,-104.456971243E-03
+3.105400000E-03,-498.819247224E-03,-41.339509609E-03,-104.135991347E-03
+3.105405000E-03,-485.086521238E-03,-41.260992023E-03,-104.355840591E-03
+3.105410000E-03,-470.991044007E-03,-43.380966869E-03,-104.149182302E-03
+3.105415000E-03,-457.206496411E-03,-42.281720653E-03,-104.298679788E-03
+3.105420000E-03,-442.903732746E-03,-42.281720652E-03,-104.223931045E-03
+3.105425000E-03,-428.134574612E-03,-42.124685481E-03,-104.228328030E-03
+3.105430000E-03,-413.520881303E-03,-41.418027194E-03,-104.149182301E-03
+3.105435000E-03,-399.891798534E-03,-41.810615133E-03,-104.052448635E-03
+3.105440000E-03,-385.589034869E-03,-42.517273412E-03,-103.938127027E-03
+3.105445000E-03,-369.731622977E-03,-42.517273413E-03,-103.942524013E-03
+3.105450000E-03,-355.584324138E-03,-44.323177914E-03,-103.625941101E-03
+3.105455000E-03,-340.556057964E-03,-42.909861351E-03,-103.784232557E-03
+3.105460000E-03,-324.957754115E-03,-41.260992023E-03,-103.318152159E-03
+3.105465000E-03,-310.240417584E-03,-41.182474436E-03,-103.436870752E-03
+3.105470000E-03,-294.745756951E-03,-41.260992022E-03,-102.900438596E-03
+3.105475000E-03,-280.546636499E-03,-41.575062370E-03,-102.988378295E-03
+3.105480000E-03,-265.103797468E-03,-41.182474432E-03,-102.513503927E-03
+3.105485000E-03,-250.438282549E-03,-42.046167891E-03,-102.522297898E-03
+3.105490000E-03,-234.684513874E-03,-42.124685477E-03,-102.034232575E-03
+3.105495000E-03,-218.516172344E-03,-42.909861349E-03,-101.831971272E-03
+3.105500000E-03,-204.368873495E-03,-41.889132712E-03,-101.603328058E-03
+3.105505000E-03,-189.288785713E-03,-42.831343759E-03,-101.124056706E-03
+3.105510000E-03,-174.415984371E-03,-43.066896519E-03,-101.058101933E-03
+3.105515000E-03,-159.439539803E-03,-41.496544778E-03,-100.486493899E-03
+3.105520000E-03,-144.255808813E-03,-40.868404082E-03,-100.398554201E-03
+3.105525000E-03,-127.569251208E-03,-41.575062367E-03,-99.686242652E-03
+3.105530000E-03,-112.489163424E-03,-42.360238247E-03,-99.620287878E-03
+3.105535000E-03,-97.357254035E-03,-41.103956848E-03,-98.885991404E-03
+3.105540000E-03,-83.054490371E-03,-42.752826178E-03,-98.732096933E-03
+3.105545000E-03,-66.678862409E-03,-41.496544778E-03,-98.160488899E-03
+3.105550000E-03,-52.738849996E-03,-43.852072389E-03,-97.839509002E-03
+3.105555000E-03,-37.399654179E-03,-40.711368906E-03,-97.272297954E-03
+3.105560000E-03,-22.941425691E-03,-42.360238228E-03,-96.722674844E-03
+3.105565000E-03,-8.016802731E-03,-40.789886498E-03,-96.282976356E-03
+3.105570000E-03,+8.255182014E-03,-41.810615130E-03,-95.658604504E-03
+3.105575000E-03,+23.698021046E-03,-41.182474431E-03,-95.188127121E-03
+3.105580000E-03,+39.037216864E-03,-41.182474434E-03,-94.563755270E-03
+3.105585000E-03,+54.065483035E-03,-39.455087517E-03,-94.058102007E-03
+3.105590000E-03,+69.767430100E-03,-40.789886497E-03,-93.336996489E-03
+3.105595000E-03,+85.987593242E-03,-41.496544779E-03,-92.862122121E-03
+3.105600000E-03,+102.259577989E-03,-40.083228217E-03,-92.180589467E-03
+3.105605000E-03,+115.836839154E-03,-43.695037216E-03,-91.569408566E-03
+3.105610000E-03,+131.227856577E-03,-41.653579959E-03,-90.962624656E-03
+3.105615000E-03,+147.551662933E-03,-43.066896526E-03,-90.232725164E-03
+3.105620000E-03,+162.942680359E-03,-41.103956840E-03,-89.656720147E-03
+3.105625000E-03,+177.919124924E-03,-43.459484459E-03,-88.913629701E-03
+3.105630000E-03,+192.895569485E-03,-41.025439267E-03,-88.346418653E-03
+3.105635000E-03,+206.835581900E-03,-42.360238236E-03,-87.612122177E-03
+3.105640000E-03,+223.573961111E-03,-41.967650309E-03,-86.869031734E-03
+3.105645000E-03,+237.980367995E-03,-40.632851321E-03,-86.117147319E-03
+3.105650000E-03,+252.334953276E-03,-42.360238244E-03,-85.272926224E-03
+3.105655000E-03,+267.829613904E-03,-40.789886501E-03,-84.670539295E-03
+3.105660000E-03,+283.635204188E-03,-42.988378934E-03,-83.646041819E-03
+3.105665000E-03,+297.834324640E-03,-41.653579956E-03,-83.061242829E-03
+3.105670000E-03,+313.277163671E-03,-43.459484456E-03,-82.063127263E-03
+3.105675000E-03,+328.823645918E-03,-42.831343757E-03,-81.438755410E-03
+3.105680000E-03,+342.089977433E-03,-43.145414108E-03,-80.458227782E-03
+3.105685000E-03,+356.910957177E-03,-43.538002044E-03,-79.710740353E-03
+3.105690000E-03,+371.628293698E-03,-41.418027196E-03,-78.624685088E-03
+3.105695000E-03,+385.516484502E-03,-41.889132714E-03,-77.938755448E-03
+3.105700000E-03,+400.181999426E-03,-41.732097546E-03,-76.738378576E-03
+3.105705000E-03,+415.417552025E-03,-41.810615130E-03,-76.193152452E-03
+3.105710000E-03,+429.357564438E-03,-42.752826175E-03,-74.869660003E-03
+3.105715000E-03,+442.883003994E-03,-42.595790997E-03,-74.342021818E-03
+3.105720000E-03,+456.874838016E-03,-42.831343760E-03,-73.049308263E-03
+3.105725000E-03,+470.452099177E-03,-42.124685477E-03,-72.473303246E-03
+3.105730000E-03,+484.806684451E-03,-41.025439263E-03,-71.127825872E-03
+3.105735000E-03,+498.435767218E-03,-42.124685476E-03,-70.573805778E-03
+3.105740000E-03,+512.686709273E-03,-42.438755820E-03,-69.149182678E-03
+3.105745000E-03,+525.693932753E-03,-42.674308582E-03,-68.590765599E-03
+3.105750000E-03,+538.545691405E-03,-43.459484461E-03,-67.236494256E-03
+3.105755000E-03,+552.174774185E-03,-43.695037226E-03,-66.379082205E-03
+3.105760000E-03,+564.456495157E-03,-42.281720653E-03,-65.275439001E-03
+3.105765000E-03,+578.448329171E-03,-42.517273412E-03,-64.215765645E-03
+3.105770000E-03,+592.491984798E-03,-42.438755833E-03,-63.226444048E-03
+3.105775000E-03,+605.188278637E-03,-42.517273421E-03,-61.951318433E-03
+3.105780000E-03,+619.231934267E-03,-42.281720653E-03,-61.181846080E-03
+3.105785000E-03,+631.358190415E-03,-42.438755826E-03,-59.779207904E-03
+3.105790000E-03,+643.484446567E-03,-42.831343762E-03,-59.080087309E-03
+3.105795000E-03,+655.869810757E-03,-41.889132715E-03,-57.651067222E-03
+3.105800000E-03,+668.358818161E-03,-42.203203066E-03,-56.850815976E-03
+3.105805000E-03,+680.122323058E-03,-42.438755831E-03,-55.474559708E-03
+3.105810000E-03,+692.455865641E-03,-42.831343760E-03,-54.595162734E-03
+3.105815000E-03,+704.530300184E-03,-42.438755836E-03,-53.236494406E-03
+3.105820000E-03,+716.190161872E-03,-43.459484459E-03,-52.181218036E-03
+3.105825000E-03,+727.539093910E-03,-43.459484459E-03,-50.958856239E-03
+3.105830000E-03,+740.287209351E-03,-43.616519629E-03,-49.745288414E-03
+3.105835000E-03,+751.636141390E-03,-42.124685479E-03,-48.549308526E-03
+3.105840000E-03,+763.399646283E-03,-41.810615132E-03,-47.348931656E-03
+3.105845000E-03,+776.095940124E-03,-40.240263390E-03,-46.144157798E-03
+3.105850000E-03,+786.252975188E-03,-42.203203060E-03,-45.000941732E-03
+3.105855000E-03,+798.016480086E-03,-41.339509606E-03,-43.800564858E-03
+3.105860000E-03,+807.707120685E-03,-41.653579956E-03,-42.521042261E-03
+3.105865000E-03,+818.226907010E-03,-42.281720651E-03,-41.355841267E-03
+3.105870000E-03,+827.917547612E-03,-42.281720651E-03,-40.067524699E-03
+3.105875000E-03,+839.111014828E-03,-41.967650293E-03,-38.963881492E-03
+3.105880000E-03,+849.371693104E-03,-41.889132723E-03,-37.596419198E-03
+3.105885000E-03,+859.839657817E-03,-40.789886492E-03,-36.567524735E-03
+3.105890000E-03,+870.514908959E-03,-42.674308596E-03,-34.918655408E-03
+3.105895000E-03,+881.034695279E-03,-42.281720658E-03,-34.026067476E-03
+3.105900000E-03,+890.310763021E-03,-42.124685483E-03,-32.385992118E-03
+3.105905000E-03,+898.964971472E-03,-44.872801019E-03,-31.642901672E-03
+3.105910000E-03,+908.862898499E-03,-41.339509613E-03,-29.818152949E-03
+3.105915000E-03,+918.138966232E-03,-42.909861348E-03,-29.053077579E-03
+3.105920000E-03,+925.964028972E-03,-42.360238247E-03,-27.184359008E-03
+3.105925000E-03,+935.395561532E-03,-42.360238245E-03,-26.423680623E-03
+3.105930000E-03,+944.257056413E-03,-44.009107570E-03,-24.581343961E-03
+3.105935000E-03,+952.496692002E-03,-42.831343765E-03,-23.811871605E-03
+3.105940000E-03,+960.425397942E-03,-43.773554804E-03,-22.022298761E-03
+3.105945000E-03,+967.369493356E-03,-41.496544779E-03,-21.037374148E-03
+3.105950000E-03,+976.282809835E-03,-43.145414114E-03,-19.406092759E-03
+3.105955000E-03,+983.019618820E-03,-43.380966877E-03,-18.438756086E-03
+3.105960000E-03,+991.155611190E-03,-42.831343753E-03,-16.904208362E-03
+3.105965000E-03,+998.877030705E-03,-43.380966881E-03,-15.734610387E-03
+3.105970000E-03,+1.005821126109E+00,-44.009107549E-03,-14.296796330E-03
+3.105975000E-03,+1.013179794368E+00,-42.988378944E-03,-13.135992325E-03
+3.105980000E-03,+1.020020246555E+00,-43.616519640E-03,-11.706972237E-03
+3.105985000E-03,+1.026705233925E+00,-43.852072388E-03,-10.550565216E-03
+3.105990000E-03,+1.032301967530E+00,-43.930589988E-03,-9.077575280E-03
+3.105995000E-03,+1.038416917214E+00,-42.831343756E-03,-7.859610472E-03
+3.106000000E-03,+1.045309191010E+00,-42.438755827E-03,-6.553705960E-03
+3.106005000E-03,+1.050232243728E+00,-43.223931699E-03,-5.168655727E-03
+3.106010000E-03,+1.056865409483E+00,-43.459484455E-03,-4.012248701E-03
+3.106015000E-03,+1.063135823984E+00,-43.616519621E-03,-2.517273846E-03
+3.106020000E-03,+1.068525271171E+00,-43.066896520E-03,-1.501570337E-03
+3.106025000E-03,+1.075002972099E+00,-43.930589987E-03,+191.268839E-06
+3.106030000E-03,+1.078785949449E+00,-44.166142740E-03,+960.741195E-06
+3.106035000E-03,+1.086351904143E+00,-36.628454398E-03,+3.088881872E-03
+3.106040000E-03,+1.089979416664E+00,+1.496427428643E+00,+3.550565288E-03
+3.106045000E-03,+1.094280610089E+00,+2.552331945026E+00,+5.581972299E-03
+3.106050000E-03,+1.097959944222E+00,+2.552331945026E+00,+6.061243653E-03
+3.106055000E-03,+1.102209316040E+00,+2.552331945026E+00,+8.281721014E-03
+3.106060000E-03,+1.106095936591E+00,+2.552331945026E+00,+8.747801413E-03
+3.106065000E-03,+1.110138021982E+00,+2.552331945026E+00,+10.726444606E-03
+3.106070000E-03,+1.112936388780E+00,+2.552331945026E+00,+11.509107915E-03
+3.106075000E-03,+1.116252971668E+00,+2.552331945026E+00,+13.122801365E-03
+3.106080000E-03,+1.118377657574E+00,+2.552331945026E+00,+14.068153114E-03
+3.106085000E-03,+1.121590597241E+00,+2.552331945026E+00,+15.734610383E-03
+3.106090000E-03,+1.125477217790E+00,+2.552331945026E+00,+16.851444540E-03
+3.106095000E-03,+1.127861011743E+00,+2.552331945026E+00,+18.254082718E-03
+3.106100000E-03,+1.130141162470E+00,+2.552331945026E+00,+19.428077678E-03
+3.106105000E-03,+1.131384881047E+00,+2.552331945026E+00,+20.808730933E-03
+3.106110000E-03,+1.134338712674E+00,+2.552331945026E+00,+21.947550014E-03
+3.106115000E-03,+1.135582431261E+00,+2.552646015373E+00,+23.354585176E-03
+3.106120000E-03,+1.137448009127E+00,+2.552724532961E+00,+24.453831394E-03
+3.106125000E-03,+1.139728159864E+00,+2.552724532961E+00,+25.966394193E-03
+3.106130000E-03,+1.141179164869E+00,+2.552724532961E+00,+26.955715789E-03
+3.106135000E-03,+1.142111953808E+00,+2.552724532961E+00,+28.521042407E-03
+3.106140000E-03,+1.142578348279E+00,+2.552724532961E+00,+29.532348927E-03
+3.106145000E-03,+1.143252029174E+00,+2.552724532961E+00,+31.018529817E-03
+3.106150000E-03,+1.144703034175E+00,+2.552724532961E+00,+32.029836338E-03
+3.106155000E-03,+1.145376715081E+00,+2.552724532961E+00,+33.414886574E-03
+3.106160000E-03,+1.144910320603E+00,+2.552724532961E+00,+34.470162946E-03
+3.106165000E-03,+1.145013963820E+00,+2.552724532961E+00,+35.767273484E-03
+3.106170000E-03,+1.144443926134E+00,+2.552724532961E+00,+36.976444326E-03
+3.106175000E-03,+1.143355672386E+00,+2.552724532961E+00,+38.128454363E-03
+3.106180000E-03,+1.142578348271E+00,+2.552724532961E+00,+39.443152842E-03
+3.106185000E-03,+1.142422883453E+00,+2.552724532961E+00,+40.494032227E-03
+3.106190000E-03,+1.141697380945E+00,+2.552724532961E+00,+41.887876434E-03
+3.106195000E-03,+1.140194554326E+00,+2.552724532961E+00,+42.885992001E-03
+3.106200000E-03,+1.138847192529E+00,+2.552724532961E+00,+44.108353797E-03
+3.106205000E-03,+1.136929793063E+00,+2.552724532961E+00,+45.295539713E-03
+3.106210000E-03,+1.135375144830E+00,+2.552724532961E+00,+46.289258298E-03
+3.106215000E-03,+1.132784064457E+00,+2.552724532961E+00,+47.533605016E-03
+3.106220000E-03,+1.130607556948E+00,+2.552724532961E+00,+48.536117569E-03
+3.106225000E-03,+1.128171941400E+00,+2.552724532961E+00,+49.885991925E-03
+3.106230000E-03,+1.126099077096E+00,+2.552724532961E+00,+50.703831114E-03
+3.106235000E-03,+1.122730672611E+00,+2.552724532961E+00,+52.031720545E-03
+3.106240000E-03,+1.119621376153E+00,+2.552724532961E+00,+52.805589887E-03
+3.106245000E-03,+1.116045685243E+00,+2.552724532961E+00,+54.151067256E-03
+3.106250000E-03,+1.112521815933E+00,+2.552724532961E+00,+54.986494385E-03
+3.106255000E-03,+1.109205233058E+00,+2.552724532961E+00,+56.261619997E-03
+3.106260000E-03,+1.104541288385E+00,+2.552724532961E+00,+57.105841095E-03
+3.106265000E-03,+1.099100019605E+00,+2.552724532961E+00,+58.244660176E-03
+3.106270000E-03,+1.095576150287E+00,+2.552724532961E+00,+59.115263185E-03
+3.106275000E-03,+1.091223135264E+00,+2.552724532961E+00,+60.258479251E-03
+3.106280000E-03,+1.086300082550E+00,+2.552724532961E+00,+61.159861153E-03
+3.106285000E-03,+1.079407808762E+00,+2.552724532961E+00,+62.179961643E-03
+3.106290000E-03,+1.075780296232E+00,+2.552724532961E+00,+63.081343544E-03
+3.106295000E-03,+1.070805421919E+00,+2.552724532961E+00,+64.127825945E-03
+3.106300000E-03,+1.066037834029E+00,+2.552724532961E+00,+65.038001815E-03
+3.106305000E-03,+1.060130170772E+00,+2.552724532961E+00,+66.080087230E-03
+3.106310000E-03,+1.054637080377E+00,+2.552724532961E+00,+66.955087220E-03
+3.106315000E-03,+1.047848449804E+00,+2.552724532961E+00,+67.983981681E-03
+3.106320000E-03,+1.041940786548E+00,+2.552724532961E+00,+68.762248005E-03
+3.106325000E-03,+1.034633939898E+00,+2.552724532961E+00,+69.733981663E-03
+3.106330000E-03,+1.028208060571E+00,+2.552724532961E+00,+70.503454018E-03
+3.106335000E-03,+1.022041289274E+00,+2.552724532961E+00,+71.497172599E-03
+3.106340000E-03,+1.015511766728E+00,+2.552724532961E+00,+72.341393695E-03
+3.106345000E-03,+1.007738525610E+00,+2.552724532961E+00,+73.146041929E-03
+3.106350000E-03,+1.000742608602E+00,+2.552724532961E+00,+74.007850965E-03
+3.106355000E-03,+992.192043370E-03,+2.552724532961E+00,+74.746544425E-03
+3.106360000E-03,+985.610699216E-03,+2.552724532961E+00,+75.564383610E-03
+3.106365000E-03,+977.371063629E-03,+2.552724532961E+00,+76.364634860E-03
+3.106370000E-03,+969.753287321E-03,+2.552724532961E+00,+77.085740377E-03
+3.106375000E-03,+961.461830122E-03,+2.552724532961E+00,+77.969534340E-03
+3.106380000E-03,+952.496692037E-03,+2.552724532961E+00,+78.589509205E-03
+3.106385000E-03,+945.397131816E-03,+2.552724532961E+00,+79.486494123E-03
+3.106390000E-03,+936.224707288E-03,+2.552724532961E+00,+79.921795624E-03
+3.106395000E-03,+927.052282764E-03,+2.552724532961E+00,+80.889132300E-03
+3.106400000E-03,+918.346252696E-03,+2.552724532961E+00,+81.306845861E-03
+3.106405000E-03,+909.743865854E-03,+2.552724532961E+00,+82.151066959E-03
+3.106410000E-03,+900.312333293E-03,+2.552724532961E+00,+82.603956399E-03
+3.106415000E-03,+889.948011812E-03,+2.552724532961E+00,+83.439383528E-03
+3.106420000E-03,+880.671944063E-03,+2.552724532961E+00,+83.914257894E-03
+3.106425000E-03,+871.292233103E-03,+2.552724532961E+00,+84.608981504E-03
+3.106430000E-03,+861.497949290E-03,+2.552724532961E+00,+85.255338281E-03
+3.106435000E-03,+851.755487090E-03,+2.552724532961E+00,+85.712624709E-03
+3.106440000E-03,+840.251090226E-03,+2.552724532961E+00,+86.345790532E-03
+3.106445000E-03,+830.767736048E-03,+2.552724532961E+00,+86.754710124E-03
+3.106450000E-03,+819.004231145E-03,+2.552724532961E+00,+87.515388509E-03
+3.106455000E-03,+808.225336804E-03,+2.552724532961E+00,+87.730840767E-03
+3.106460000E-03,+797.135512796E-03,+2.552724532961E+00,+88.566267895E-03
+3.106465000E-03,+786.874834517E-03,+2.552724532961E+00,+88.614634727E-03
+3.106470000E-03,+776.821442660E-03,+2.552724532961E+00,+89.538001554E-03
+3.106475000E-03,+765.368867416E-03,+2.552724532961E+00,+89.542398536E-03
+3.106480000E-03,+754.589973049E-03,+2.552724532961E+00,+90.443780438E-03
+3.106485000E-03,+742.826468160E-03,+2.552724532961E+00,+90.320664860E-03
+3.106490000E-03,+731.062963256E-03,+2.552724532961E+00,+91.331971384E-03
+3.106495000E-03,+719.247636743E-03,+2.552724532961E+00,+91.208855805E-03
+3.106500000E-03,+706.603164536E-03,+2.552724532961E+00,+92.070664843E-03
+3.106505000E-03,+695.202410884E-03,+2.552724532961E+00,+91.894785446E-03
+3.106510000E-03,+682.661581868E-03,+2.552724532961E+00,+92.725815591E-03
+3.106515000E-03,+670.846255357E-03,+2.552724532961E+00,+92.523554284E-03
+3.106520000E-03,+657.579923850E-03,+2.552724532961E+00,+93.332599504E-03
+3.106525000E-03,+646.230991805E-03,+2.552724532961E+00,+93.152323120E-03
+3.106530000E-03,+633.171946718E-03,+2.552724532961E+00,+93.921795476E-03
+3.106535000E-03,+620.320188074E-03,+2.552724532961E+00,+93.715137185E-03
+3.106540000E-03,+608.193931908E-03,+2.552724532961E+00,+94.269157283E-03
+3.106545000E-03,+594.823957181E-03,+2.552724532961E+00,+94.150438689E-03
+3.106550000E-03,+581.764912095E-03,+2.552724532961E+00,+94.673679891E-03
+3.106555000E-03,+568.964975044E-03,+2.552724532961E+00,+94.634107025E-03
+3.106560000E-03,+556.320502826E-03,+2.552724532961E+00,+94.977071847E-03
+3.106565000E-03,+541.447701480E-03,+2.552724532961E+00,+94.933101998E-03
+3.106570000E-03,+528.336834788E-03,+2.552724532961E+00,+95.245287925E-03
+3.106575000E-03,+514.241357546E-03,+2.552724532961E+00,+95.280463803E-03
+3.106580000E-03,+500.871382809E-03,+2.552724532961E+00,+95.451946213E-03
+3.106585000E-03,+487.190478428E-03,+2.552724532961E+00,+95.513504003E-03
+3.106590000E-03,+474.079611739E-03,+2.552724532961E+00,+95.632222593E-03
+3.106595000E-03,+460.450528985E-03,+2.552724532961E+00,+95.548679881E-03
+3.106600000E-03,+446.044122101E-03,+2.552724532961E+00,+95.605840683E-03
+3.106605000E-03,+432.363217724E-03,+2.552724532961E+00,+95.557473852E-03
+3.106610000E-03,+418.423205313E-03,+2.552724532961E+00,+95.702574352E-03
+3.106615000E-03,+404.586836109E-03,+2.552724532961E+00,+95.531091943E-03
+3.106620000E-03,+390.957753344E-03,+2.552724532961E+00,+95.698177365E-03
+3.106625000E-03,+375.825843960E-03,+2.552724532961E+00,+95.390388428E-03
+3.106630000E-03,+361.108507425E-03,+2.552724532961E+00,+95.535488925E-03
+3.106635000E-03,+345.976598048E-03,+2.552724532961E+00,+95.280463805E-03
+3.106640000E-03,+332.502980092E-03,+2.552724532961E+00,+95.407976363E-03
+3.106645000E-03,+318.096573218E-03,+2.552724532961E+00,+95.021041700E-03
+3.106650000E-03,+304.415668840E-03,+2.552724532961E+00,+95.065011544E-03
+3.106655000E-03,+289.335581065E-03,+2.552724532961E+00,+94.682473863E-03
+3.106660000E-03,+276.432000795E-03,+2.552724532961E+00,+94.809986420E-03
+3.106665000E-03,+260.522767301E-03,+2.552724532961E+00,+94.374684922E-03
+3.106670000E-03,+245.649965952E-03,+2.552724532961E+00,+94.321921100E-03
+3.106675000E-03,+231.295380679E-03,+2.552724532961E+00,+93.886619599E-03
+3.106680000E-03,+215.956184860E-03,+2.552724532961E+00,+93.851443718E-03
+3.106685000E-03,+201.497956379E-03,+2.552724532961E+00,+93.363378399E-03
+3.106690000E-03,+186.625155027E-03,+2.552724532961E+00,+93.411745230E-03
+3.106695000E-03,+171.130494388E-03,+2.552724532961E+00,+92.747800517E-03
+3.106700000E-03,+155.065796063E-03,+2.552724532961E+00,+92.884107045E-03
+3.106705000E-03,+140.607567592E-03,+2.552724532961E+00,+92.206971374E-03
+3.106710000E-03,+123.921009986E-03,+2.552724532961E+00,+92.171795497E-03
+3.106715000E-03,+109.566424698E-03,+2.552724532961E+00,+91.468277915E-03
+3.106720000E-03,+93.657191206E-03,+2.552724532961E+00,+91.433102037E-03
+3.106725000E-03,+77.799779312E-03,+2.552724532961E+00,+90.694408577E-03
+3.106730000E-03,+63.600658857E-03,+2.552724532961E+00,+90.540514108E-03
+3.106735000E-03,+48.054176617E-03,+2.552724532961E+00,+89.823805571E-03
+3.106740000E-03,+32.507694374E-03,+2.552724532961E+00,+89.722674921E-03
+3.106745000E-03,+18.619503573E-03,+2.552724532961E+00,+88.983981458E-03
+3.106750000E-03,+2.969378100E-03,+2.552724532961E+00,+88.649810611E-03
+3.106755000E-03,-11.799780031E-03,+2.552724532961E+00,+88.091393529E-03
+3.106760000E-03,-26.568938167E-03,+2.552724532961E+00,+87.598931227E-03
+3.106765000E-03,-41.493561112E-03,+2.552724532961E+00,+87.132850823E-03
+3.106770000E-03,-56.573648900E-03,+2.552724532961E+00,+86.534860886E-03
+3.106775000E-03,-71.653736677E-03,+2.552724532961E+00,+86.059986513E-03
+3.106780000E-03,-87.096575703E-03,+2.552724532961E+00,+85.457599591E-03
+3.106785000E-03,-102.591236348E-03,+2.552724532961E+00,+84.929961400E-03
+3.106790000E-03,-118.811399488E-03,+2.552724532961E+00,+84.156092069E-03
+3.106795000E-03,-134.150595289E-03,+2.552724532961E+00,+83.610865938E-03
+3.106800000E-03,-149.593434319E-03,+2.552724532961E+00,+82.920539317E-03
+3.106805000E-03,-163.740733182E-03,+2.552724532961E+00,+82.322549369E-03
+3.106810000E-03,-179.183572217E-03,+2.552724532961E+00,+81.689383550E-03
+3.106815000E-03,-194.315481587E-03,+2.552724532961E+00,+80.968278028E-03
+3.106820000E-03,-208.877353295E-03,+2.552724532961E+00,+80.401066980E-03
+3.106825000E-03,-223.750154650E-03,+2.552724532961E+00,+79.614006685E-03
+3.106830000E-03,-239.141172063E-03,+2.552724532961E+00,+78.967649909E-03
+3.106835000E-03,-254.584011097E-03,+2.552724532961E+00,+78.070664996E-03
+3.106840000E-03,-268.886774773E-03,+2.552724532961E+00,+77.477072035E-03
+3.106845000E-03,-284.174148979E-03,+2.552724532961E+00,+76.610866017E-03
+3.106850000E-03,-299.461523174E-03,+2.552724532961E+00,+75.938127328E-03
+3.106855000E-03,-314.437967740E-03,+2.552724532961E+00,+74.992775583E-03
+3.106860000E-03,-329.310769097E-03,+2.552724532961E+00,+74.425564529E-03
+3.106865000E-03,-344.183570440E-03,+2.552724532961E+00,+73.409861028E-03
+3.106870000E-03,-358.797263752E-03,+2.552724532961E+00,+72.706343441E-03
+3.106875000E-03,-373.410957069E-03,+2.552724532961E+00,+71.681845972E-03
+3.106880000E-03,-388.335580014E-03,+2.552724532961E+00,+71.097046977E-03
+3.106885000E-03,-402.741986894E-03,+2.552724532961E+00,+69.852700263E-03
+3.106890000E-03,-416.785642517E-03,+2.552724532961E+00,+69.338253026E-03
+3.106895000E-03,-431.502979051E-03,+2.552724532961E+00,+68.041142494E-03
+3.106900000E-03,-446.893996472E-03,+2.552724532961E+00,+67.557474150E-03
+3.106905000E-03,-460.782187286E-03,+2.552724532961E+00,+66.110866130E-03
+3.106910000E-03,-474.307626842E-03,+2.552724532961E+00,+65.728328442E-03
+3.106915000E-03,-489.232249778E-03,+2.552724532961E+00,+64.206971679E-03
+3.106920000E-03,-502.654046135E-03,+2.552724532961E+00,+63.864006854E-03
+3.106925000E-03,-516.801344980E-03,+2.552724532961E+00,+62.294283255E-03
+3.106930000E-03,-530.793178998E-03,+2.552724532961E+00,+61.938127478E-03
+3.106935000E-03,-543.437651216E-03,+2.552724532961E+00,+60.205715441E-03
+3.106940000E-03,-557.429485235E-03,+2.552724532961E+00,+59.853956648E-03
+3.106945000E-03,-570.695816763E-03,+2.552724532961E+00,+58.231469229E-03
+3.106950000E-03,-583.651218642E-03,+2.552724532961E+00,+57.743403906E-03
+3.106955000E-03,-596.865728551E-03,+2.552724532961E+00,+56.222047140E-03
+3.106960000E-03,-610.339346496E-03,+2.552724532961E+00,+55.681218000E-03
+3.106965000E-03,-623.242926745E-03,+2.552724532961E+00,+54.260991883E-03
+3.106970000E-03,-635.887398985E-03,+2.552724532961E+00,+53.425564758E-03
+3.106975000E-03,-648.480049602E-03,+2.552724532961E+00,+52.251569793E-03
+3.106980000E-03,-661.694559495E-03,+2.552724532961E+00,+51.183102472E-03
+3.106985000E-03,-674.494496561E-03,+2.552724532961E+00,+50.237750718E-03
+3.106990000E-03,-687.138968783E-03,+2.552724532961E+00,+48.923052247E-03
+3.106995000E-03,-698.798830459E-03,+2.552724532961E+00,+47.933730643E-03
+3.107000000E-03,-711.546945912E-03,+2.552724532961E+00,+46.693780915E-03
+3.107005000E-03,-723.621380443E-03,+2.552724532961E+00,+45.792399006E-03
+3.107010000E-03,-735.695814984E-03,+2.552724532961E+00,+44.350187975E-03
+3.107015000E-03,-748.081179166E-03,+2.552724532961E+00,+43.501569884E-03
+3.107020000E-03,-758.393679085E-03,+2.552724532961E+00,+42.054961871E-03
+3.107025000E-03,-770.260827192E-03,+2.552724532961E+00,+41.061243279E-03
+3.107030000E-03,-783.112585834E-03,+2.552724532961E+00,+39.720162900E-03
+3.107035000E-03,-794.046945023E-03,+2.552724532961E+00,+38.788002096E-03
+3.107040000E-03,-805.240412249E-03,+2.552724532961E+00,+37.293027247E-03
+3.107045000E-03,-816.071128211E-03,+2.552724532961E+00,+36.360866444E-03
+3.107050000E-03,-827.264595420E-03,+2.552724532961E+00,+34.826318730E-03
+3.107055000E-03,-836.955236026E-03,+2.552724532961E+00,+33.929333808E-03
+3.107060000E-03,-847.941416815E-03,+2.552724532961E+00,+32.438755940E-03
+3.107065000E-03,-859.031240815E-03,+2.552724532961E+00,+31.427449413E-03
+3.107070000E-03,-868.255486951E-03,+2.552724532961E+00,+29.866519788E-03
+3.107075000E-03,-878.205235585E-03,+2.552724532961E+00,+28.929962003E-03
+3.107080000E-03,-889.605989225E-03,+2.552724532961E+00,+27.426193178E-03
+3.107085000E-03,-899.452094655E-03,+2.552724532961E+00,+26.581972077E-03
+3.107090000E-03,-909.298200065E-03,+2.552724532961E+00,+24.941896725E-03
+3.107095000E-03,-918.574267824E-03,+2.552724532961E+00,+23.891017334E-03
+3.107100000E-03,-927.539405922E-03,+2.552724532961E+00,+22.435615343E-03
+3.107105000E-03,-938.888337940E-03,+2.552724532961E+00,+21.288002288E-03
+3.107110000E-03,-947.749832838E-03,+2.552724532961E+00,+19.968906826E-03
+3.107115000E-03,-956.974078957E-03,+2.552724532961E+00,+18.768529953E-03
+3.107120000E-03,-965.421000986E-03,+2.552724532961E+00,+17.489007354E-03
+3.107125000E-03,-974.334317468E-03,+2.552724532961E+00,+16.174308877E-03
+3.107130000E-03,-983.040347519E-03,+2.552724532961E+00,+14.842022457E-03
+3.107135000E-03,-990.969053469E-03,+2.552724532961E+00,+13.540514937E-03
+3.107140000E-03,-998.638651392E-03,+2.552724532961E+00,+12.239007408E-03
+3.107145000E-03,-1.007137395006E+00,+2.552724532961E+00,+11.016645618E-03
+3.107150000E-03,-1.015687960241E+00,+2.552724532961E+00,+9.570037588E-03
+3.107155000E-03,-1.023513022975E+00,+2.552724532961E+00,+8.444409462E-03
+3.107160000E-03,-1.030923512849E+00,+2.552724532961E+00,+6.879082843E-03
+3.107165000E-03,-1.038644932352E+00,+2.552724532961E+00,+5.889761249E-03
+3.107170000E-03,-1.044863525263E+00,+2.552724532961E+00,+4.315640660E-03
+3.107175000E-03,-1.052895874431E+00,+2.552724532961E+00,+3.330716049E-03
+3.107180000E-03,-1.059788148212E+00,+2.552724532961E+00,+1.690640689E-03
+3.107185000E-03,-1.066680422011E+00,+2.552724532961E+00,+648.555272E-06
+3.107190000E-03,-1.073520874204E+00,+2.552724532961E+00,-837.625615E-06
+3.107195000E-03,-1.079843110312E+00,+2.552724532961E+00,-1.980841684E-03
+3.107200000E-03,-1.085750773572E+00,+2.552724532961E+00,-3.379082874E-03
+3.107205000E-03,-1.091606615220E+00,+2.552724532961E+00,-4.632223566E-03
+3.107210000E-03,-1.098084316154E+00,+2.552724532961E+00,-5.898555211E-03
+3.107215000E-03,-1.103370120117E+00,+2.552724532961E+00,-7.279208461E-03
+3.107220000E-03,-1.108137708010E+00,+2.552724532961E+00,-8.523555182E-03
+3.107225000E-03,-1.112853474290E+00,+2.552724532961E+00,-9.996545114E-03
+3.107230000E-03,-1.118191099862E+00,+2.552724532961E+00,-11.258479775E-03
+3.107235000E-03,-1.122958687747E+00,+2.552724532961E+00,-12.595163177E-03
+3.107240000E-03,-1.128607242977E+00,+2.454420515915E+00,-13.914258642E-03
+3.107245000E-03,-1.131768361022E+00,+172.071297398E-03,-15.088253604E-03
+3.107250000E-03,-1.136121376061E+00,-173.327573515E-03,-16.420540021E-03
+3.107255000E-03,-1.139800710174E+00,-148.358981251E-03,-17.862751058E-03
+3.107260000E-03,-1.144671941280E+00,+200.416140217E-03,-18.948806325E-03
+3.107265000E-03,-1.147677594519E+00,-22.181217396E-03,-20.514132941E-03
+3.107270000E-03,-1.151616036685E+00,-75.494660076E-03,-21.578203281E-03
+3.107275000E-03,-1.154362581882E+00,-100.541770156E-03,-23.002826384E-03
+3.107280000E-03,-1.158611953689E+00,-39.376570274E-03,-24.304333905E-03
+3.107285000E-03,-1.161358498898E+00,-40.789886307E-03,-25.570665552E-03
+3.107290000E-03,-1.164467795343E+00,-51.782348744E-03,-26.902951968E-03
+3.107295000E-03,-1.166126086791E+00,-57.200062141E-03,-28.182474568E-03
+3.107300000E-03,-1.169079918419E+00,-56.100816052E-03,-29.558730835E-03
+3.107305000E-03,-1.170634566646E+00,-49.348303460E-03,-30.679961978E-03
+3.107310000E-03,-1.173018360601E+00,-53.745288383E-03,-32.205715732E-03
+3.107315000E-03,-1.175091224887E+00,-52.881594902E-03,-33.133479541E-03
+3.107320000E-03,-1.176334943460E+00,-52.410489399E-03,-34.769157914E-03
+3.107325000E-03,-1.178615094175E+00,-50.604584866E-03,-35.604585043E-03
+3.107330000E-03,-1.178977845458E+00,-51.154207998E-03,-37.336997084E-03
+3.107335000E-03,-1.179910634384E+00,-49.662373842E-03,-38.031720694E-03
+3.107340000E-03,-1.180325207251E+00,-49.269785901E-03,-39.874057358E-03
+3.107345000E-03,-1.181309817795E+00,-50.447549693E-03,-40.542399060E-03
+3.107350000E-03,-1.181931677070E+00,-51.939383848E-03,-42.270414116E-03
+3.107355000E-03,-1.181257996198E+00,-51.782348704E-03,-42.991519636E-03
+3.107360000E-03,-1.180947066532E+00,-51.311243151E-03,-44.622801026E-03
+3.107365000E-03,-1.181257996191E+00,-50.918655232E-03,-45.396670364E-03
+3.107370000E-03,-1.180739780118E+00,-49.583856253E-03,-47.023554769E-03
+3.107375000E-03,-1.180532493688E+00,-48.641645220E-03,-47.889760788E-03
+3.107380000E-03,-1.179444239927E+00,-46.914258273E-03,-49.314383891E-03
+3.107385000E-03,-1.178459629391E+00,-49.740891425E-03,-50.237750714E-03
+3.107390000E-03,-1.176386765097E+00,-49.426821079E-03,-51.693152710E-03
+3.107395000E-03,-1.175557619368E+00,-48.877198005E-03,-52.682474304E-03
+3.107400000E-03,-1.174417544012E+00,-49.819409025E-03,-53.931218014E-03
+3.107405000E-03,-1.172655609344E+00,-48.170539689E-03,-55.034861215E-03
+3.107410000E-03,-1.170271815403E+00,-48.327574899E-03,-56.217650148E-03
+3.107415000E-03,-1.167628913426E+00,-46.443152767E-03,-57.237750638E-03
+3.107420000E-03,-1.166281551633E+00,-49.112750721E-03,-58.319408921E-03
+3.107425000E-03,-1.162809503930E+00,-46.678705528E-03,-59.563755637E-03
+3.107430000E-03,-1.160425709990E+00,-47.934986907E-03,-60.465137542E-03
+3.107435000E-03,-1.158249202474E+00,-45.736494476E-03,-61.762248078E-03
+3.107440000E-03,-1.154258938697E+00,-48.092022107E-03,-62.580087267E-03
+3.107445000E-03,-1.151926966359E+00,-46.443152767E-03,-63.947549561E-03
+3.107450000E-03,-1.148143989008E+00,-47.699434174E-03,-64.633479205E-03
+3.107455000E-03,-1.144568298088E+00,-47.228328625E-03,-66.102072151E-03
+3.107460000E-03,-1.140992607174E+00,-45.029836186E-03,-66.612122401E-03
+3.107465000E-03,-1.136484127328E+00,-46.992775892E-03,-68.199433936E-03
+3.107470000E-03,-1.132545685164E+00,-46.992775858E-03,-68.647926401E-03
+3.107475000E-03,-1.128037205304E+00,-48.170539702E-03,-70.195665072E-03
+3.107480000E-03,-1.122440471710E+00,-45.108353777E-03,-70.644157534E-03
+3.107485000E-03,-1.119072067215E+00,-46.835740703E-03,-72.033604751E-03
+3.107490000E-03,-1.113268047187E+00,-46.050564813E-03,-72.657976607E-03
+3.107495000E-03,-1.108085886446E+00,-45.186871389E-03,-73.937499204E-03
+3.107500000E-03,-1.102074579958E+00,-44.872801000E-03,-74.451946438E-03
+3.107505000E-03,-1.096166916715E+00,-46.364635165E-03,-75.797423807E-03
+3.107510000E-03,-1.090311075075E+00,-45.736494477E-03,-76.443780585E-03
+3.107515000E-03,-1.084869806270E+00,-45.657976900E-03,-77.565011730E-03
+3.107520000E-03,-1.078754856601E+00,-45.500941710E-03,-78.233353429E-03
+3.107525000E-03,-1.073209944596E+00,-44.244660361E-03,-79.376569500E-03
+3.107530000E-03,-1.067354102941E+00,-45.343906551E-03,-79.917398638E-03
+3.107535000E-03,-1.059891791461E+00,-44.087625162E-03,-81.161745360E-03
+3.107540000E-03,-1.053673198587E+00,-45.893529655E-03,-81.610237817E-03
+3.107545000E-03,-1.046314530321E+00,-45.108353773E-03,-82.841393582E-03
+3.107550000E-03,-1.038385824389E+00,-46.443152746E-03,-83.289886039E-03
+3.107555000E-03,-1.030819869672E+00,-44.951318637E-03,-84.419911155E-03
+3.107560000E-03,-1.022476590887E+00,-44.009107590E-03,-84.943152353E-03
+3.107565000E-03,-1.015273387438E+00,-44.794283428E-03,-85.844534254E-03
+3.107570000E-03,-1.005997319705E+00,-45.500941685E-03,-86.583227713E-03
+3.107575000E-03,-998.586829816E-03,-44.166142726E-03,-87.273554338E-03
+3.107580000E-03,-989.414405300E-03,-45.343906557E-03,-88.183730207E-03
+3.107585000E-03,-980.915661683E-03,-44.715765829E-03,-88.614634727E-03
+3.107590000E-03,-972.468739672E-03,-44.715765859E-03,-89.705086975E-03
+3.107595000E-03,-964.229104067E-03,-42.595791015E-03,-89.880966373E-03
+3.107600000E-03,-954.538463468E-03,-44.794283430E-03,-91.068152287E-03
+3.107605000E-03,-945.262395749E-03,-43.852072373E-03,-91.151695002E-03
+3.107610000E-03,-935.571755130E-03,-43.538002072E-03,-92.308102023E-03
+3.107615000E-03,-926.192044183E-03,-43.145414129E-03,-92.488378406E-03
+3.107620000E-03,-917.175084469E-03,-43.930589988E-03,-93.442524121E-03
+3.107625000E-03,-905.877974044E-03,-43.066896540E-03,-93.710740201E-03
+3.107630000E-03,-896.239155054E-03,-43.852072395E-03,-94.519785416E-03
+3.107635000E-03,-885.356617494E-03,-41.653579974E-03,-94.985865815E-03
+3.107640000E-03,-876.132371337E-03,-42.517273418E-03,-95.478328125E-03
+3.107645000E-03,-866.078979482E-03,-43.380966866E-03,-96.111493941E-03
+3.107650000E-03,-856.491982121E-03,-43.066896524E-03,-96.542398465E-03
+3.107655000E-03,-846.334947053E-03,-43.616519661E-03,-97.122800463E-03
+3.107660000E-03,-833.794118056E-03,-43.066896522E-03,-97.461368305E-03
+3.107665000E-03,-823.999834199E-03,-44.558730685E-03,-98.032976331E-03
+3.107670000E-03,-812.650902189E-03,-42.517273414E-03,-98.437498949E-03
+3.107675000E-03,-801.301970146E-03,-43.930589982E-03,-98.938755216E-03
+3.107680000E-03,-789.175714004E-03,-42.438755827E-03,-99.356468788E-03
+3.107685000E-03,-777.826781980E-03,-43.066896534E-03,-99.703830586E-03
+3.107690000E-03,-765.648704209E-03,-44.009107548E-03,-100.125941142E-03
+3.107695000E-03,-754.455236972E-03,-42.909861352E-03,-100.451318016E-03
+3.107700000E-03,-742.795375298E-03,-43.773554828E-03,-100.908604447E-03
+3.107705000E-03,-730.565475933E-03,-42.360238240E-03,-101.163629568E-03
+3.107710000E-03,-719.164722288E-03,-43.695037235E-03,-101.550564236E-03
+3.107715000E-03,-705.742925936E-03,-41.575062373E-03,-101.783604435E-03
+3.107720000E-03,-693.513026583E-03,-43.459484447E-03,-102.117775288E-03
+3.107725000E-03,-680.920375964E-03,-42.674308557E-03,-102.355212472E-03
+3.107730000E-03,-668.845941414E-03,-42.595791009E-03,-102.509106943E-03
+3.107735000E-03,-655.527788312E-03,-41.103956848E-03,-102.966393368E-03
+3.107740000E-03,-641.276846229E-03,-41.889132709E-03,-103.027951156E-03
+3.107745000E-03,-628.528730794E-03,-42.124685472E-03,-103.335740098E-03
+3.107750000E-03,-615.210577689E-03,-42.360238240E-03,-103.419282812E-03
+3.107755000E-03,-601.477851676E-03,-41.967650302E-03,-103.586368238E-03
+3.107760000E-03,-588.833379467E-03,-42.831343767E-03,-103.784232555E-03
+3.107765000E-03,-574.737902228E-03,-41.103956842E-03,-103.801820496E-03
+3.107770000E-03,-561.108819470E-03,-42.752826173E-03,-104.105212451E-03
+3.107775000E-03,-547.687023126E-03,-43.538002044E-03,-103.920539088E-03
+3.107780000E-03,-535.405302147E-03,-41.418027192E-03,-104.303076771E-03
+3.107785000E-03,-520.947073653E-03,-43.538002057E-03,-104.074433560E-03
+3.107790000E-03,-505.348769828E-03,-41.810615113E-03,-104.364634559E-03
+3.107795000E-03,-492.341546326E-03,-42.046167868E-03,-104.140388332E-03
+3.107800000E-03,-476.795064109E-03,-41.025439265E-03,-104.421795363E-03
+3.107805000E-03,-462.958694896E-03,-43.145414111E-03,-104.219534059E-03
+3.107810000E-03,-447.878607122E-03,-42.517273401E-03,-104.391016469E-03
+3.107815000E-03,-433.213092194E-03,-42.517273420E-03,-104.232725013E-03
+3.107820000E-03,-418.081182818E-03,-41.653579956E-03,-104.210740092E-03
+3.107825000E-03,-404.348456849E-03,-41.496544805E-03,-104.034860696E-03
+3.107830000E-03,-390.460266023E-03,-41.810615107E-03,-104.078830543E-03
+3.107835000E-03,-375.483821458E-03,-42.124685493E-03,-103.924936072E-03
+3.107840000E-03,-360.766484927E-03,-41.889132709E-03,-103.902951150E-03
+3.107845000E-03,-346.152791606E-03,-41.967650349E-03,-103.674307934E-03
+3.107850000E-03,-330.295379733E-03,-42.595791010E-03,-103.524810454E-03
+3.107855000E-03,-315.992616074E-03,-41.260992007E-03,-103.362122007E-03
+3.107860000E-03,-300.497955436E-03,-41.025439276E-03,-103.278579300E-03
+3.107865000E-03,-285.884262127E-03,-41.182474440E-03,-102.992775278E-03
+3.107870000E-03,-271.166925600E-03,-42.124685472E-03,-102.728956189E-03
+3.107875000E-03,-256.294124248E-03,-42.203203089E-03,-102.579458700E-03
+3.107880000E-03,-240.747642011E-03,-41.810615113E-03,-102.293654685E-03
+3.107885000E-03,-225.926662246E-03,-42.517273423E-03,-102.056217498E-03
+3.107890000E-03,-209.965607146E-03,-42.281720664E-03,-101.713252684E-03
+3.107895000E-03,-195.559200257E-03,-42.438755831E-03,-101.458227554E-03
+3.107900000E-03,-180.945506973E-03,-41.182474457E-03,-101.053704952E-03
+3.107905000E-03,-165.865419188E-03,-42.203203041E-03,-100.851443641E-03
+3.107910000E-03,-150.474401774E-03,-41.496544779E-03,-100.306217523E-03
+3.107915000E-03,-136.119816477E-03,-41.732097565E-03,-100.108353197E-03
+3.107920000E-03,-120.780620685E-03,-41.575062369E-03,-99.659860745E-03
+3.107925000E-03,-105.337781659E-03,-42.988378959E-03,-99.308101951E-03
+3.107930000E-03,-90.309515465E-03,-42.752826189E-03,-98.793654725E-03
+3.107935000E-03,-76.421324677E-03,-42.046167894E-03,-98.406720051E-03
+3.107940000E-03,-61.185772070E-03,-42.203203074E-03,-97.848302976E-03
+3.107945000E-03,-46.364792322E-03,-41.732097530E-03,-97.562498954E-03
+3.107950000E-03,-31.181061328E-03,-41.889132710E-03,-97.008478861E-03
+3.107955000E-03,-16.152795172E-03,-41.260991996E-03,-96.507222589E-03
+3.107960000E-03,-969.064164E-06,-44.009107558E-03,-95.860865808E-03
+3.107965000E-03,+14.473774878E-03,-41.260992043E-03,-95.614634657E-03
+3.107970000E-03,+30.434829966E-03,-43.302449278E-03,-94.695664817E-03
+3.107975000E-03,+45.981312211E-03,-41.810615132E-03,-94.651694968E-03
+3.107980000E-03,+60.543183901E-03,-41.339509612E-03,-93.596418595E-03
+3.107985000E-03,+76.037844555E-03,-41.575062396E-03,-93.398554280E-03
+3.107990000E-03,+91.584326802E-03,-42.124685474E-03,-92.382850768E-03
+3.107995000E-03,+106.508949753E-03,-42.831343731E-03,-92.220162333E-03
+3.108000000E-03,+121.433572717E-03,-42.046167912E-03,-91.107725156E-03
+3.108005000E-03,+137.964665477E-03,-43.145414095E-03,-90.953830687E-03
+3.108010000E-03,+152.630180409E-03,-41.182474461E-03,-89.880966373E-03
+3.108015000E-03,+168.487592314E-03,-41.260992048E-03,-89.533604575E-03
+3.108020000E-03,+182.583069550E-03,-42.988378914E-03,-88.553076941E-03
+3.108025000E-03,+198.440481453E-03,-42.674308568E-03,-88.038629717E-03
+3.108030000E-03,+212.846888311E-03,-42.595791017E-03,-87.321921174E-03
+3.108035000E-03,+228.807943398E-03,-41.496544791E-03,-86.561242799E-03
+3.108040000E-03,+243.266171906E-03,-42.517273400E-03,-85.813755362E-03
+3.108045000E-03,+257.206184333E-03,-41.260992023E-03,-84.960740303E-03
+3.108050000E-03,+272.856309792E-03,-42.281720678E-03,-84.327574474E-03
+3.108055000E-03,+288.143684006E-03,-44.951318584E-03,-83.351443840E-03
+3.108060000E-03,+302.550090885E-03,-40.475816119E-03,-82.718278009E-03
+3.108065000E-03,+317.682000234E-03,-43.223931714E-03,-81.693780540E-03
+3.108070000E-03,+332.295693551E-03,-42.517273437E-03,-81.144157421E-03
+3.108075000E-03,+346.391170804E-03,-42.595790989E-03,-79.965765482E-03
+3.108080000E-03,+361.523080183E-03,-40.868404078E-03,-79.433730307E-03
+3.108085000E-03,+374.893054909E-03,-42.831343748E-03,-78.154207714E-03
+3.108090000E-03,+390.232250722E-03,-41.810615144E-03,-77.674936354E-03
+3.108095000E-03,+404.690479224E-03,-41.025439275E-03,-76.426192653E-03
+3.108100000E-03,+419.770567007E-03,-42.281720643E-03,-75.810614769E-03
+3.108105000E-03,+432.985076920E-03,-39.533605121E-03,-74.526695187E-03
+3.108110000E-03,+446.510516463E-03,-42.909861335E-03,-73.977072075E-03
+3.108115000E-03,+460.813280146E-03,-41.653579932E-03,-72.622800735E-03
+3.108120000E-03,+474.286898084E-03,-42.124685502E-03,-72.077574607E-03
+3.108125000E-03,+488.123267281E-03,-40.475816159E-03,-70.718906285E-03
+3.108130000E-03,+503.151533444E-03,-41.575062350E-03,-70.076946487E-03
+3.108135000E-03,+516.469686550E-03,-40.632851324E-03,-68.797423892E-03
+3.108140000E-03,+529.943304523E-03,-41.810615156E-03,-68.036745504E-03
+3.108145000E-03,+543.261457659E-03,-42.517273388E-03,-66.946293257E-03
+3.108150000E-03,+557.408756494E-03,-43.223931667E-03,-65.895413873E-03
+3.108155000E-03,+571.141482468E-03,-41.339509607E-03,-64.919283230E-03
+3.108160000E-03,+584.096884341E-03,-41.575062369E-03,-63.736494297E-03
+3.108165000E-03,+596.689534958E-03,-41.653579946E-03,-62.804333503E-03
+3.108170000E-03,+610.836833803E-03,-42.281720648E-03,-61.507222965E-03
+3.108175000E-03,+623.274019614E-03,-41.732097560E-03,-60.733353625E-03
+3.108180000E-03,+636.333064684E-03,-42.595791027E-03,-59.449434043E-03
+3.108185000E-03,+648.873893695E-03,-42.909861340E-03,-58.587625005E-03
+3.108190000E-03,+661.362901088E-03,-42.752826195E-03,-57.255338589E-03
+3.108195000E-03,+673.178227614E-03,-43.459484437E-03,-56.301192868E-03
+3.108200000E-03,+685.045375741E-03,-41.575062369E-03,-55.056846152E-03
+3.108205000E-03,+697.171631886E-03,-43.302449297E-03,-53.966393897E-03
+3.108210000E-03,+708.935136797E-03,-42.595790996E-03,-52.783604969E-03
+3.108215000E-03,+721.994181860E-03,-42.360238254E-03,-51.583228097E-03
+3.108220000E-03,+733.809508357E-03,-42.988378929E-03,-50.453202984E-03
+3.108225000E-03,+744.795689150E-03,-41.967650295E-03,-49.248429127E-03
+3.108230000E-03,+757.543804599E-03,-42.203203088E-03,-48.021670344E-03
+3.108235000E-03,+768.167234122E-03,-42.203203068E-03,-46.931218100E-03
+3.108240000E-03,+779.878917412E-03,-42.203203063E-03,-45.590137709E-03
+3.108245000E-03,+789.206806775E-03,-42.124685452E-03,-44.592022141E-03
+3.108250000E-03,+800.607560422E-03,-42.909861330E-03,-43.101444268E-03
+3.108255000E-03,+810.609130668E-03,-41.810615167E-03,-42.226444278E-03
+3.108260000E-03,+821.543489859E-03,-42.517273412E-03,-40.687499569E-03
+3.108265000E-03,+832.063276169E-03,-43.145414113E-03,-39.728956870E-03
+3.108270000E-03,+841.909381587E-03,-42.595790989E-03,-38.255966933E-03
+3.108275000E-03,+851.703665409E-03,-40.240263413E-03,-37.161117699E-03
+3.108280000E-03,+862.067986907E-03,-42.438755805E-03,-35.837625251E-03
+3.108285000E-03,+872.225021982E-03,-42.124685476E-03,-34.610866469E-03
+3.108290000E-03,+882.226592229E-03,-43.538002066E-03,-33.397298644E-03
+3.108295000E-03,+892.694556921E-03,-44.323177907E-03,-31.981469513E-03
+3.108300000E-03,+901.659695017E-03,-42.124685486E-03,-30.873429326E-03
+3.108305000E-03,+911.143049200E-03,-42.909861347E-03,-29.303705726E-03
+3.108310000E-03,+919.952722487E-03,-42.595791016E-03,-28.406720806E-03
+3.108315000E-03,+928.762395765E-03,-42.831343770E-03,-26.665514800E-03
+3.108320000E-03,+937.053852939E-03,-41.967650277E-03,-25.874057513E-03
+3.108325000E-03,+945.397131751E-03,-44.166142738E-03,-24.058102769E-03
+3.108330000E-03,+954.569556256E-03,-41.575062379E-03,-23.271042464E-03
+3.108335000E-03,+962.653727037E-03,-42.752826198E-03,-21.415514857E-03
+3.108340000E-03,+970.945184253E-03,-43.616519628E-03,-20.606469631E-03
+3.108345000E-03,+978.770246961E-03,-42.595791004E-03,-18.843278703E-03
+3.108350000E-03,+986.802596123E-03,-42.517273401E-03,-17.977072672E-03
+3.108355000E-03,+994.316729235E-03,-42.517273452E-03,-16.218278733E-03
+3.108360000E-03,+1.001934505520E+00,-42.203203076E-03,-15.290514914E-03
+3.108365000E-03,+1.008567671319E+00,-42.988378937E-03,-13.597675743E-03
+3.108370000E-03,+1.016910950072E+00,-42.752826173E-03,-12.788630517E-03
+3.108375000E-03,+1.022248575666E+00,-43.773554769E-03,-10.950690845E-03
+3.108380000E-03,+1.030073638395E+00,-41.103956864E-03,-10.137248641E-03
+3.108385000E-03,+1.036188588091E+00,-43.380966864E-03,-8.312499919E-03
+3.108390000E-03,+1.042510824181E+00,-43.773554774E-03,-7.582600426E-03
+3.108395000E-03,+1.049454919604E+00,-42.831343724E-03,-5.757851704E-03
+3.108400000E-03,+1.054948009986E+00,-44.009107551E-03,-4.860866787E-03
+3.108405000E-03,+1.060026527521E+00,-42.674308632E-03,-3.146042686E-03
+3.108410000E-03,+1.066037833964E+00,-43.930589979E-03,-2.253454755E-03
+3.108415000E-03,+1.071634567587E+00,-41.967650271E-03,-644.158291E-06
+3.108420000E-03,+1.076816728349E+00,-42.517273419E-03,+419.912049E-06
+3.108425000E-03,+1.082413461976E+00,-41.339509623E-03,+1.818153241E-03
+3.108430000E-03,+1.088580233216E+00,+72.510988779E-03,+3.194409505E-03
+3.108435000E-03,+1.091171313636E+00,+2.406053673240E+00,+4.473932110E-03
+3.108440000E-03,+1.096094366330E+00,+2.552331945026E+00,+5.683102947E-03
+3.108445000E-03,+1.099566414059E+00,+2.552331945026E+00,+7.147298910E-03
+3.108450000E-03,+1.104178537110E+00,+2.552331945026E+00,+8.211369251E-03
+3.108455000E-03,+1.106976903911E+00,+2.552331945026E+00,+9.820665717E-03
+3.108460000E-03,+1.110811702871E+00,+2.552331945026E+00,+10.849560179E-03
+3.108465000E-03,+1.114231928964E+00,+2.552331945026E+00,+12.410489808E-03
+3.108470000E-03,+1.117185760580E+00,+2.552331945026E+00,+13.465766182E-03
+3.108475000E-03,+1.120191413812E+00,+2.552331945026E+00,+14.881595310E-03
+3.108480000E-03,+1.122367921354E+00,+2.552331945026E+00,+16.064384246E-03
+3.108485000E-03,+1.125736325818E+00,+2.552331945026E+00,+17.414258600E-03
+3.108490000E-03,+1.128275584590E+00,+2.552331945026E+00,+18.733354065E-03
+3.108495000E-03,+1.130503913716E+00,+2.552331945026E+00,+19.880967114E-03
+3.108500000E-03,+1.132473134802E+00,+2.552331945026E+00,+21.353957055E-03
+3.108505000E-03,+1.134286891083E+00,+2.552331945026E+00,+22.492776131E-03
+3.108510000E-03,+1.136722506614E+00,+2.552724532961E+00,+23.948178131E-03
+3.108515000E-03,+1.137914403570E+00,+2.552724532961E+00,+24.950690680E-03
+3.108520000E-03,+1.138691727695E+00,+2.552724532961E+00,+26.388504738E-03
+3.108525000E-03,+1.140298197541E+00,+2.552724532961E+00,+27.628454468E-03
+3.108530000E-03,+1.140816413631E+00,+2.552724532961E+00,+28.881595165E-03
+3.108535000E-03,+1.141697380957E+00,+2.552724532961E+00,+30.161117759E-03
+3.108540000E-03,+1.142578348272E+00,+2.552724532961E+00,+31.321921772E-03
+3.108545000E-03,+1.142992921134E+00,+2.552724532961E+00,+32.627826277E-03
+3.108550000E-03,+1.143873888440E+00,+2.552724532961E+00,+33.727072500E-03
+3.108555000E-03,+1.144081174878E+00,+2.552724532961E+00,+35.191268457E-03
+3.108560000E-03,+1.144288461294E+00,+2.552724532961E+00,+36.149811170E-03
+3.108565000E-03,+1.144081174877E+00,+2.552724532961E+00,+37.605213154E-03
+3.108570000E-03,+1.142422883430E+00,+2.552724532961E+00,+38.598931746E-03
+3.108575000E-03,+1.141801024179E+00,+2.552724532961E+00,+39.988378959E-03
+3.108580000E-03,+1.140816413608E+00,+2.552724532961E+00,+41.061243276E-03
+3.108585000E-03,+1.140505484005E+00,+2.552724532961E+00,+42.301193003E-03
+3.108590000E-03,+1.138432619664E+00,+2.552724532961E+00,+43.444409080E-03
+3.108595000E-03,+1.138432619677E+00,+2.552724532961E+00,+44.556846246E-03
+3.108600000E-03,+1.136307933759E+00,+2.552724532961E+00,+45.735238199E-03
+3.108605000E-03,+1.133354102154E+00,+2.552724532961E+00,+46.803705524E-03
+3.108610000E-03,+1.131747632306E+00,+2.552724532961E+00,+47.916142698E-03
+3.108615000E-03,+1.129778411254E+00,+2.552724532961E+00,+49.094534648E-03
+3.108620000E-03,+1.127083687637E+00,+2.552724532961E+00,+50.158604983E-03
+3.108625000E-03,+1.124648072114E+00,+2.552724532961E+00,+51.354584874E-03
+3.108630000E-03,+1.121590597266E+00,+2.552724532961E+00,+52.269157723E-03
+3.108635000E-03,+1.118274014372E+00,+2.552724532961E+00,+53.641017008E-03
+3.108640000E-03,+1.115164717939E+00,+2.552724532961E+00,+54.247800918E-03
+3.108645000E-03,+1.111537205410E+00,+2.552724532961E+00,+55.931846130E-03
+3.108650000E-03,+1.107028725552E+00,+2.552724532961E+00,+56.309986827E-03
+3.108655000E-03,+1.104074893923E+00,+2.552724532961E+00,+57.954459175E-03
+3.108660000E-03,+1.099877343722E+00,+2.552724532961E+00,+58.275439068E-03
+3.108665000E-03,+1.094902469415E+00,+2.552724532961E+00,+59.968278248E-03
+3.108670000E-03,+1.090083059915E+00,+2.552724532961E+00,+60.302449097E-03
+3.108675000E-03,+1.085833688083E+00,+2.552724532961E+00,+61.911745560E-03
+3.108680000E-03,+1.080547884151E+00,+2.552724532961E+00,+62.298680234E-03
+3.108685000E-03,+1.075365723402E+00,+2.552724532961E+00,+63.850815893E-03
+3.108690000E-03,+1.069768989794E+00,+2.552724532961E+00,+64.352072170E-03
+3.108695000E-03,+1.064224077802E+00,+2.552724532961E+00,+65.706343507E-03
+3.108700000E-03,+1.058109128132E+00,+2.552724532961E+00,+66.269157579E-03
+3.108705000E-03,+1.052512394494E+00,+2.552724532961E+00,+67.416770627E-03
+3.108710000E-03,+1.045309191035E+00,+2.552724532961E+00,+68.181846002E-03
+3.108715000E-03,+1.039764279055E+00,+2.552724532961E+00,+69.267901260E-03
+3.108720000E-03,+1.032768362053E+00,+2.552724532961E+00,+70.063755529E-03
+3.108725000E-03,+1.025098764151E+00,+2.552724532961E+00,+71.017901241E-03
+3.108730000E-03,+1.018880171240E+00,+2.552724532961E+00,+71.892901237E-03
+3.108735000E-03,+1.012039719035E+00,+2.552724532961E+00,+72.653579615E-03
+3.108740000E-03,+1.004732872397E+00,+2.552724532961E+00,+73.502197705E-03
+3.108745000E-03,+997.063274515E-03,+2.552724532961E+00,+74.302448943E-03
+3.108750000E-03,+988.564530886E-03,+2.552724532961E+00,+75.252197686E-03
+3.108755000E-03,+980.998576172E-03,+2.552724532961E+00,+75.898554454E-03
+3.108760000E-03,+972.551654137E-03,+2.552724532961E+00,+76.733981590E-03
+3.108765000E-03,+965.089342678E-03,+2.552724532961E+00,+77.402323282E-03
+3.108770000E-03,+955.968739755E-03,+2.552724532961E+00,+78.290514236E-03
+3.108775000E-03,+947.729104171E-03,+2.552724532961E+00,+78.901695127E-03
+3.108780000E-03,+939.074895723E-03,+2.552724532961E+00,+79.794283064E-03
+3.108785000E-03,+931.198011396E-03,+2.552724532961E+00,+80.273554408E-03
+3.108790000E-03,+921.870122040E-03,+2.552724532961E+00,+81.078202651E-03
+3.108795000E-03,+912.645875924E-03,+2.552724532961E+00,+81.627825752E-03
+3.108800000E-03,+903.939845850E-03,+2.552724532961E+00,+82.353328263E-03
+3.108805000E-03,+894.560134899E-03,+2.552724532961E+00,+83.012875990E-03
+3.108810000E-03,+884.662207888E-03,+2.552724532961E+00,+83.632850859E-03
+3.108815000E-03,+874.556994429E-03,+2.552724532961E+00,+84.270413666E-03
+3.108820000E-03,+866.317358831E-03,+2.552724532961E+00,+84.793654868E-03
+3.108825000E-03,+856.108502149E-03,+2.552724532961E+00,+85.488378478E-03
+3.108830000E-03,+845.485072611E-03,+2.552724532961E+00,+85.892901088E-03
+3.108835000E-03,+836.260826475E-03,+2.552724532961E+00,+86.657976456E-03
+3.108840000E-03,+826.207434613E-03,+2.552724532961E+00,+86.926192535E-03
+3.108845000E-03,+814.806680984E-03,+2.552724532961E+00,+87.726443780E-03
+3.108850000E-03,+803.457748952E-03,+2.552724532961E+00,+87.919911116E-03
+3.108855000E-03,+794.078037982E-03,+2.552724532961E+00,+88.667398547E-03
+3.108860000E-03,+782.988213971E-03,+2.552724532961E+00,+88.891644773E-03
+3.108865000E-03,+771.846568398E-03,+2.552724532961E+00,+89.634735218E-03
+3.108870000E-03,+760.964030801E-03,+2.552724532961E+00,+89.775438735E-03
+3.108875000E-03,+749.459633966E-03,+2.552724532961E+00,+90.558102043E-03
+3.108880000E-03,+737.229734571E-03,+2.552724532961E+00,+90.668026665E-03
+3.108885000E-03,+726.139910592E-03,+2.552724532961E+00,+91.362750275E-03
+3.108890000E-03,+714.946443366E-03,+2.552724532961E+00,+91.472674897E-03
+3.108895000E-03,+702.923830432E-03,+2.552724532961E+00,+92.083855797E-03
+3.108900000E-03,+691.471255183E-03,+2.552724532961E+00,+92.237750265E-03
+3.108905000E-03,+679.344999036E-03,+2.552724532961E+00,+92.629081920E-03
+3.108910000E-03,+666.907813228E-03,+2.552724532961E+00,+92.866519105E-03
+3.108915000E-03,+654.781557082E-03,+2.552724532961E+00,+93.328202515E-03
+3.108920000E-03,+642.862587337E-03,+2.552724532961E+00,+93.420539198E-03
+3.108925000E-03,+629.699899044E-03,+2.552724532961E+00,+93.767901003E-03
+3.108930000E-03,+616.381745934E-03,+2.552724532961E+00,+94.040514066E-03
+3.108935000E-03,+603.581808926E-03,+2.552724532961E+00,+94.277951248E-03
+3.108940000E-03,+591.766482380E-03,+2.552724532961E+00,+94.427448737E-03
+3.108945000E-03,+579.070188529E-03,+2.552724532961E+00,+94.590137175E-03
+3.108950000E-03,+565.855678656E-03,+2.552724532961E+00,+94.823177377E-03
+3.108955000E-03,+553.003919990E-03,+2.552724532961E+00,+94.946292951E-03
+3.108960000E-03,+539.063907590E-03,+2.552724532961E+00,+95.122172350E-03
+3.108965000E-03,+525.227538403E-03,+2.552724532961E+00,+95.148554255E-03
+3.108970000E-03,+511.391169171E-03,+2.552724532961E+00,+95.407976368E-03
+3.108975000E-03,+497.088405521E-03,+2.552724532961E+00,+95.320036665E-03
+3.108980000E-03,+484.340290074E-03,+2.552724532961E+00,+95.592649731E-03
+3.108985000E-03,+470.763028903E-03,+2.552724532961E+00,+95.469534152E-03
+3.108990000E-03,+456.874838101E-03,+2.552724532961E+00,+95.764132142E-03
+3.108995000E-03,+443.297576946E-03,+2.552724532961E+00,+95.473931136E-03
+3.109000000E-03,+428.372954032E-03,+2.552724532961E+00,+95.781720082E-03
+3.109005000E-03,+414.381119980E-03,+2.552724532961E+00,+95.456343197E-03
+3.109010000E-03,+400.026534680E-03,+2.552724532961E+00,+95.750941185E-03
+3.109015000E-03,+385.671949435E-03,+2.552724532961E+00,+95.364006516E-03
+3.109020000E-03,+370.540040060E-03,+2.552724532961E+00,+95.728956258E-03
+3.109025000E-03,+356.859135660E-03,+2.552724532961E+00,+95.236493956E-03
+3.109030000E-03,+341.260831799E-03,+2.552724532961E+00,+95.456343197E-03
+3.109035000E-03,+326.647138498E-03,+2.552724532961E+00,+95.104584408E-03
+3.109040000E-03,+313.277163757E-03,+2.552724532961E+00,+95.188127119E-03
+3.109045000E-03,+298.715292052E-03,+2.552724532961E+00,+94.788001504E-03
+3.109050000E-03,+284.360706788E-03,+2.552724532961E+00,+94.809986420E-03
+3.109055000E-03,+269.384262217E-03,+2.552724532961E+00,+94.563755271E-03
+3.109060000E-03,+253.837779996E-03,+2.552724532961E+00,+94.436242703E-03
+3.109065000E-03,+238.550405758E-03,+2.552724532961E+00,+94.176820603E-03
+3.109070000E-03,+224.506750129E-03,+2.552724532961E+00,+93.943780398E-03
+3.109075000E-03,+209.219375958E-03,+2.552724532961E+00,+93.693152264E-03
+3.109080000E-03,+194.191109771E-03,+2.552724532961E+00,+93.429333171E-03
+3.109085000E-03,+179.318308433E-03,+2.552724532961E+00,+93.117147248E-03
+3.109090000E-03,+163.616361349E-03,+2.552724532961E+00,+92.906091969E-03
+3.109095000E-03,+147.862592683E-03,+2.552724532961E+00,+92.457599515E-03
+3.109100000E-03,+132.886148153E-03,+2.552724532961E+00,+92.308102026E-03
+3.109105000E-03,+117.598773922E-03,+2.552724532961E+00,+91.705715098E-03
+3.109110000E-03,+102.622329347E-03,+2.552724532961E+00,+91.591393491E-03
+3.109115000E-03,+87.542241559E-03,+2.552724532961E+00,+90.997800539E-03
+3.109120000E-03,+72.721261841E-03,+2.552724532961E+00,+90.769157321E-03
+3.109125000E-03,+57.330244405E-03,+2.552724532961E+00,+90.157976424E-03
+3.109130000E-03,+41.161902870E-03,+2.552724532961E+00,+89.946921147E-03
+3.109135000E-03,+26.651852793E-03,+2.552724532961E+00,+89.256594528E-03
+3.109140000E-03,+12.193624272E-03,+2.552724532961E+00,+88.953202568E-03
+3.109145000E-03,-1.850031351E-03,+2.552724532961E+00,+88.443152324E-03
+3.109150000E-03,-18.225659320E-03,+2.552724532961E+00,+87.977071922E-03
+3.109155000E-03,-32.632066174E-03,+2.552724532961E+00,+87.401066908E-03
+3.109160000E-03,-46.883008240E-03,+2.552724532961E+00,+86.908604597E-03
+3.109165000E-03,-62.481312073E-03,+2.552724532961E+00,+86.297423706E-03
+3.109170000E-03,-77.354113421E-03,+2.552724532961E+00,+85.747800592E-03
+3.109175000E-03,-91.967806787E-03,+2.552724532961E+00,+85.136619699E-03
+3.109180000E-03,-107.773397064E-03,+2.552724532961E+00,+84.551820706E-03
+3.109185000E-03,-123.008949642E-03,+2.552724532961E+00,+83.826318204E-03
+3.109190000E-03,-138.659075111E-03,+2.552724532961E+00,+83.351443836E-03
+3.109195000E-03,-152.702730729E-03,+2.552724532961E+00,+82.639132286E-03
+3.109200000E-03,-168.197391387E-03,+2.552724532961E+00,+82.146669976E-03
+3.109205000E-03,-183.743873620E-03,+2.552724532961E+00,+81.276066976E-03
+3.109210000E-03,-198.253923712E-03,+2.552724532961E+00,+80.889132298E-03
+3.109215000E-03,-212.297579334E-03,+2.552724532961E+00,+79.921795635E-03
+3.109220000E-03,-228.310456013E-03,+2.552724532961E+00,+79.468906185E-03
+3.109225000E-03,-243.908759902E-03,+2.552724532961E+00,+78.545539369E-03
+3.109230000E-03,-258.418809993E-03,+2.552724532961E+00,+78.070664988E-03
+3.109235000E-03,-272.928860125E-03,+2.552724532961E+00,+77.120916268E-03
+3.109240000E-03,-288.268055936E-03,+2.552724532961E+00,+76.456971544E-03
+3.109245000E-03,-302.674462800E-03,+2.552724532961E+00,+75.595162516E-03
+3.109250000E-03,-318.842804318E-03,+2.552724532961E+00,+74.926820801E-03
+3.109255000E-03,-333.456497655E-03,+2.552724532961E+00,+73.981469064E-03
+3.109260000E-03,-348.122012552E-03,+2.552724532961E+00,+73.163629871E-03
+3.109265000E-03,-362.113846562E-03,+2.552724532961E+00,+72.271041950E-03
+3.109270000E-03,-378.074901684E-03,+2.552724532961E+00,+71.488378630E-03
+3.109275000E-03,-392.792238210E-03,+2.552724532961E+00,+70.600187694E-03
+3.109280000E-03,-407.198645080E-03,+2.552724532961E+00,+69.725187697E-03
+3.109285000E-03,-422.848770543E-03,+2.552724532961E+00,+68.757851027E-03
+3.109290000E-03,-437.099712612E-03,+2.552724532961E+00,+67.904835963E-03
+3.109295000E-03,-451.402476294E-03,+2.552724532961E+00,+66.915514367E-03
+3.109300000E-03,-466.016169584E-03,+2.552724532961E+00,+66.036117389E-03
+3.109305000E-03,-479.334322729E-03,+2.552724532961E+00,+64.976444037E-03
+3.109310000E-03,-494.673518514E-03,+2.552724532961E+00,+64.145413894E-03
+3.109315000E-03,-507.784385244E-03,+2.552724532961E+00,+63.063755612E-03
+3.109320000E-03,-522.398078534E-03,+2.552724532961E+00,+62.206343563E-03
+3.109325000E-03,-536.545377377E-03,+2.552724532961E+00,+61.089509400E-03
+3.109330000E-03,-549.293492810E-03,+2.552724532961E+00,+60.126569717E-03
+3.109335000E-03,-562.870753962E-03,+2.552724532961E+00,+59.150439071E-03
+3.109340000E-03,-576.448015138E-03,+2.552724532961E+00,+58.174308427E-03
+3.109345000E-03,-589.921633093E-03,+2.552724532961E+00,+57.119032059E-03
+3.109350000E-03,-603.136143023E-03,+2.552724532961E+00,+56.147298396E-03
+3.109355000E-03,-615.676972008E-03,+2.552724532961E+00,+55.096419015E-03
+3.109360000E-03,-629.565162817E-03,+2.552724532961E+00,+53.953202946E-03
+3.109365000E-03,-641.691418985E-03,+2.552724532961E+00,+52.990263257E-03
+3.109370000E-03,-654.802285664E-03,+2.552724532961E+00,+51.833856233E-03
+3.109375000E-03,-667.135828230E-03,+2.552724532961E+00,+50.879710520E-03
+3.109380000E-03,-680.194873344E-03,+2.552724532961E+00,+49.622172840E-03
+3.109385000E-03,-692.321129509E-03,+2.552724532961E+00,+48.716393960E-03
+3.109390000E-03,-704.136455996E-03,+2.552724532961E+00,+47.348931657E-03
+3.109395000E-03,-716.366355351E-03,+2.552724532961E+00,+46.482725647E-03
+3.109400000E-03,-728.233503492E-03,+2.552724532961E+00,+45.044911581E-03
+3.109405000E-03,-741.396191777E-03,+2.552724532961E+00,+44.249057327E-03
+3.109410000E-03,-753.056053462E-03,+2.552724532961E+00,+42.617775927E-03
+3.109415000E-03,-764.197699084E-03,+2.552724532961E+00,+41.989007101E-03
+3.109420000E-03,-775.546631099E-03,+2.552724532961E+00,+40.304961883E-03
+3.109425000E-03,-786.480990313E-03,+2.552724532961E+00,+39.588253359E-03
+3.109430000E-03,-799.073640932E-03,+2.552724532961E+00,+37.864635276E-03
+3.109435000E-03,-809.282497589E-03,+2.552724532961E+00,+37.147926751E-03
+3.109440000E-03,-819.180424645E-03,+2.552724532961E+00,+35.424308671E-03
+3.109445000E-03,-830.373891844E-03,+2.552724532961E+00,+34.720791100E-03
+3.109450000E-03,-841.204607818E-03,+2.552724532961E+00,+33.093906684E-03
+3.109455000E-03,-851.672572552E-03,+2.552724532961E+00,+32.236494644E-03
+3.109460000E-03,-862.140537230E-03,+2.552724532961E+00,+30.701946907E-03
+3.109465000E-03,-871.934821032E-03,+2.552724532961E+00,+29.637876578E-03
+3.109470000E-03,-882.091856114E-03,+2.552724532961E+00,+28.266017286E-03
+3.109475000E-03,-893.907182581E-03,+2.552724532961E+00,+27.188756002E-03
+3.109480000E-03,-902.250461441E-03,+2.552724532961E+00,+25.750941939E-03
+3.109485000E-03,-913.599393476E-03,+2.552724532961E+00,+24.598931908E-03
+3.109490000E-03,-922.823639591E-03,+2.552724532961E+00,+23.310615331E-03
+3.109495000E-03,-932.203350521E-03,+2.552724532961E+00,+21.929962092E-03
+3.109500000E-03,-940.909380592E-03,+2.552724532961E+00,+20.852700782E-03
+3.109505000E-03,-949.770875494E-03,+2.552724532961E+00,+19.375313875E-03
+3.109510000E-03,-959.927910554E-03,+2.552724532961E+00,+18.258479710E-03
+3.109515000E-03,-968.789405425E-03,+2.552724532961E+00,+16.754710887E-03
+3.109520000E-03,-977.080862629E-03,+2.552724532961E+00,+15.804962148E-03
+3.109525000E-03,-985.113211794E-03,+2.552724532961E+00,+14.125313931E-03
+3.109530000E-03,-994.752030804E-03,+2.552724532961E+00,+13.193153132E-03
+3.109535000E-03,-1.002421628705E+00,+2.552724532961E+00,+11.456344107E-03
+3.109540000E-03,-1.011386766784E+00,+2.552724532961E+00,+10.642901901E-03
+3.109545000E-03,-1.018538148635E+00,+2.552724532961E+00,+8.844535092E-03
+3.109550000E-03,-1.026363211365E+00,+2.552724532961E+00,+8.053077808E-03
+3.109555000E-03,-1.034758311746E+00,+2.552724532961E+00,+6.298680847E-03
+3.109560000E-03,-1.041236012714E+00,+2.552724532961E+00,+5.480841658E-03
+3.109565000E-03,-1.047765535293E+00,+2.552724532961E+00,+3.651695949E-03
+3.109570000E-03,-1.054450522624E+00,+2.552724532961E+00,+2.899811535E-03
+3.109575000E-03,-1.061342796431E+00,+2.552724532961E+00,+1.101444720E-03
+3.109580000E-03,-1.068131427019E+00,+2.552724532961E+00,+217.650762E-06
+3.109585000E-03,-1.074557306340E+00,+2.552724532961E+00,-1.545540175E-03
+3.109590000E-03,-1.081138650481E+00,+2.552724532961E+00,-2.354585395E-03
+3.109595000E-03,-1.086528097651E+00,+2.552724532961E+00,-4.130967286E-03
+3.109600000E-03,-1.091502972015E+00,+2.552724532961E+00,-4.997173304E-03
+3.109605000E-03,-1.097410635277E+00,+2.552724532961E+00,-6.773555192E-03
+3.109610000E-03,-1.103473763303E+00,+2.552724532961E+00,-7.639761218E-03
+3.109615000E-03,-1.108396816046E+00,+2.552724532961E+00,-9.350188331E-03
+3.109620000E-03,-1.114045371257E+00,+2.552724532961E+00,-10.211997375E-03
+3.109625000E-03,-1.119123888759E+00,+2.552724532961E+00,-11.931218454E-03
+3.109630000E-03,-1.124409692736E+00,+2.552724532961E+00,-13.070037543E-03
+3.109635000E-03,-1.128969994206E+00,+1.632262876924E+00,-14.543027467E-03
+3.109640000E-03,-1.132079290694E+00,-132.105837623E-03,-15.571921946E-03
+3.109645000E-03,-1.135603160003E+00,-182.435613404E-03,-16.943781213E-03
+3.109650000E-03,-1.140629855888E+00,-31.603331277E-03,-18.487122919E-03
+3.109655000E-03,-1.144309190040E+00,+173.877198003E-03,-19.476444498E-03
+3.109660000E-03,-1.148092167349E+00,-82.639759896E-03,-21.120916858E-03
+3.109665000E-03,-1.151616036688E+00,-75.023554301E-03,-21.903580154E-03
+3.109670000E-03,-1.155191727586E+00,-97.401067091E-03,-23.732725877E-03
+3.109675000E-03,-1.157679164766E+00,-18.961997386E-03,-24.541771081E-03
+3.109680000E-03,-1.160218423512E+00,-55.080087191E-03,-26.458856498E-03
+3.109685000E-03,-1.163068611943E+00,-48.327574863E-03,-27.087625328E-03
+3.109690000E-03,-1.165970621957E+00,-62.225187705E-03,-29.031092644E-03
+3.109695000E-03,-1.168820810378E+00,-49.897926690E-03,-29.730213243E-03
+3.109700000E-03,-1.170271815385E+00,-52.253454119E-03,-31.480213222E-03
+3.109705000E-03,-1.171463712350E+00,-52.489006961E-03,-32.403580050E-03
+3.109710000E-03,-1.173225647054E+00,-52.881594847E-03,-33.924936810E-03
+3.109715000E-03,-1.175143046472E+00,-51.154207949E-03,-35.107725750E-03
+3.109720000E-03,-1.175453976138E+00,-50.683102504E-03,-36.360866434E-03
+3.109725000E-03,-1.176853159526E+00,-49.034233164E-03,-37.657976981E-03
+3.109730000E-03,-1.176697694734E+00,-50.211996935E-03,-38.708856357E-03
+3.109735000E-03,-1.177164089207E+00,-49.505338701E-03,-40.199434234E-03
+3.109740000E-03,-1.177682305263E+00,-51.468278365E-03,-41.188755831E-03
+3.109745000E-03,-1.177164089185E+00,-50.918655184E-03,-42.710112599E-03
+3.109750000E-03,-1.177630483679E+00,-49.348303492E-03,-43.690640226E-03
+3.109755000E-03,-1.178148699744E+00,-50.133479345E-03,-45.053705541E-03
+3.109760000E-03,-1.178252342980E+00,-49.662373844E-03,-46.091393969E-03
+3.109765000E-03,-1.177837770080E+00,-48.170539750E-03,-47.419283403E-03
+3.109770000E-03,-1.177889591700E+00,-48.327574863E-03,-48.492147710E-03
+3.109775000E-03,-1.176438586676E+00,-48.013504489E-03,-49.749685389E-03
+3.109780000E-03,-1.176438586697E+00,-48.406092472E-03,-50.853328589E-03
+3.109785000E-03,-1.175713084223E+00,-49.505338680E-03,-52.102072303E-03
+3.109790000E-03,-1.175143046498E+00,-49.583856238E-03,-53.179333589E-03
+3.109795000E-03,-1.173173825426E+00,-49.112750745E-03,-54.419283333E-03
+3.109800000E-03,-1.171981928444E+00,-49.034233154E-03,-55.426192861E-03
+3.109805000E-03,-1.169857242561E+00,-47.306846241E-03,-56.657348634E-03
+3.109810000E-03,-1.168406237535E+00,-48.484610023E-03,-57.686243089E-03
+3.109815000E-03,-1.165348762698E+00,-45.657976949E-03,-58.877825995E-03
+3.109820000E-03,-1.163845936081E+00,-47.934986913E-03,-59.897926483E-03
+3.109825000E-03,-1.161721250181E+00,-47.934986935E-03,-61.023554617E-03
+3.109830000E-03,-1.157938272827E+00,-48.877197925E-03,-62.105212892E-03
+3.109835000E-03,-1.155502657307E+00,-48.720162791E-03,-63.019785752E-03
+3.109840000E-03,-1.152548825659E+00,-47.228328625E-03,-64.303705332E-03
+3.109845000E-03,-1.148817669898E+00,-47.542398999E-03,-65.174308342E-03
+3.109850000E-03,-1.145345622221E+00,-46.600187925E-03,-66.462624906E-03
+3.109855000E-03,-1.140526212710E+00,-45.422424206E-03,-67.249685202E-03
+3.109860000E-03,-1.137313273068E+00,-48.249057276E-03,-68.441268101E-03
+3.109865000E-03,-1.132234755522E+00,-46.600187950E-03,-69.188755539E-03
+3.109870000E-03,-1.127467167653E+00,-47.620916564E-03,-70.397926374E-03
+3.109875000E-03,-1.122906866206E+00,-45.265389036E-03,-71.149810791E-03
+3.109880000E-03,-1.117569240613E+00,-46.050564830E-03,-72.367775599E-03
+3.109885000E-03,-1.111920685410E+00,-46.521670341E-03,-73.137247959E-03
+3.109890000E-03,-1.105961200559E+00,-44.872801009E-03,-74.210112260E-03
+3.109895000E-03,-1.100364466924E+00,-45.265389007E-03,-75.010363519E-03
+3.109900000E-03,-1.094404982082E+00,-45.579459333E-03,-76.030463999E-03
+3.109905000E-03,-1.087979102752E+00,-47.463881379E-03,-76.905463998E-03
+3.109910000E-03,-1.082848763618E+00,-45.657976883E-03,-77.872800664E-03
+3.109915000E-03,-1.077148386819E+00,-45.972047235E-03,-78.730212719E-03
+3.109920000E-03,-1.069426967279E+00,-43.930589948E-03,-79.723931297E-03
+3.109925000E-03,-1.063052909532E+00,-45.186871412E-03,-80.493403656E-03
+3.109930000E-03,-1.055486954861E+00,-45.265388988E-03,-81.407976508E-03
+3.109935000E-03,-1.048491037829E+00,-44.009107561E-03,-82.133479012E-03
+3.109940000E-03,-1.041339656028E+00,-45.579459315E-03,-83.008479008E-03
+3.109945000E-03,-1.033359128475E+00,-44.558730701E-03,-83.725187539E-03
+3.109950000E-03,-1.026415033050E+00,-45.343906535E-03,-84.692524212E-03
+3.109955000E-03,-1.017138965359E+00,-43.616519626E-03,-85.374056870E-03
+3.109960000E-03,-1.009365724241E+00,-44.087625148E-03,-86.099559375E-03
+3.109965000E-03,-1.001022445424E+00,-43.930590012E-03,-86.838252831E-03
+3.109970000E-03,-992.523701797E-03,-45.500941716E-03,-87.669282977E-03
+3.109975000E-03,-984.957747082E-03,-43.459484500E-03,-88.271669904E-03
+3.109980000E-03,-976.251717019E-03,-45.108353777E-03,-89.041142261E-03
+3.109985000E-03,-967.338400527E-03,-43.302449236E-03,-89.779835715E-03
+3.109990000E-03,-958.684192097E-03,-44.166142739E-03,-90.369031693E-03
+3.109995000E-03,-949.252659537E-03,-43.616519637E-03,-91.002197513E-03
+3.110000000E-03,-940.183878264E-03,-43.616519645E-03,-91.802448763E-03
+3.110005000E-03,-931.322383322E-03,-44.087625156E-03,-92.136619611E-03
+3.110010000E-03,-921.165348288E-03,-44.872801019E-03,-93.081971362E-03
+3.110015000E-03,-911.215599631E-03,-44.244660326E-03,-93.385363316E-03
+3.110020000E-03,-901.058564583E-03,-44.009107497E-03,-94.238378382E-03
+3.110025000E-03,-891.108815939E-03,-43.380966838E-03,-94.502197479E-03
+3.110030000E-03,-881.210888934E-03,-43.852072417E-03,-95.368403496E-03
+3.110035000E-03,-872.815788469E-03,-43.145414103E-03,-95.627825605E-03
+3.110040000E-03,-863.384255902E-03,-43.616519622E-03,-96.410488910E-03
+3.110045000E-03,-851.931680683E-03,-44.794283391E-03,-96.735865795E-03
+3.110050000E-03,-841.930110443E-03,-42.674308592E-03,-97.360237640E-03
+3.110055000E-03,-830.425713559E-03,-44.401695520E-03,-97.808730104E-03
+3.110060000E-03,-820.475964917E-03,-43.145414118E-03,-98.217649692E-03
+3.110065000E-03,-807.727849513E-03,-43.302449266E-03,-98.670539146E-03
+3.110070000E-03,-796.793490347E-03,-43.302449304E-03,-99.026694911E-03
+3.110075000E-03,-784.874520575E-03,-43.616519672E-03,-99.567524061E-03
+3.110080000E-03,-772.748264479E-03,-43.538002042E-03,-99.809358221E-03
+3.110085000E-03,-761.192046000E-03,-44.323177929E-03,-100.336996415E-03
+3.110090000E-03,-749.013968243E-03,-43.538002065E-03,-100.543654694E-03
+3.110095000E-03,-737.146820159E-03,-44.401695501E-03,-100.992147163E-03
+3.110100000E-03,-725.227850438E-03,-43.616519660E-03,-101.273554185E-03
+3.110105000E-03,-713.878918356E-03,-44.872801000E-03,-101.638503939E-03
+3.110110000E-03,-701.338089350E-03,-43.380966830E-03,-101.831971268E-03
+3.110115000E-03,-688.849081930E-03,-42.988378902E-03,-102.249684835E-03
+3.110120000E-03,-675.997323302E-03,-43.066896543E-03,-102.434358192E-03
+3.110125000E-03,-663.767423913E-03,-42.752826171E-03,-102.658604433E-03
+3.110130000E-03,-650.241984382E-03,-44.951318606E-03,-102.944408438E-03
+3.110135000E-03,-637.442047321E-03,-41.496544832E-03,-103.151066736E-03
+3.110140000E-03,-623.605678125E-03,-43.223931682E-03,-103.340137076E-03
+3.110145000E-03,-610.805741071E-03,-42.438755796E-03,-103.516016479E-03
+3.110150000E-03,-597.176658300E-03,-42.517273422E-03,-103.639132051E-03
+3.110155000E-03,-584.428542833E-03,-41.810615107E-03,-103.753453663E-03
+3.110160000E-03,-570.592173688E-03,-42.831343755E-03,-103.973302902E-03
+3.110165000E-03,-558.673203923E-03,-42.360238216E-03,-103.832599394E-03
+3.110170000E-03,-543.541294573E-03,-41.810615134E-03,-104.144785317E-03
+3.110175000E-03,-531.155930349E-03,-43.066896516E-03,-104.065639588E-03
+3.110180000E-03,-517.164096356E-03,-42.752826129E-03,-104.338252653E-03
+3.110185000E-03,-501.980365422E-03,-42.988378917E-03,-104.092021500E-03
+3.110190000E-03,-488.195817780E-03,-42.046167895E-03,-104.487750137E-03
+3.110195000E-03,-473.737589299E-03,-43.773554741E-03,-104.056845621E-03
+3.110200000E-03,-459.175717601E-03,-42.752826207E-03,-104.470162198E-03
+3.110205000E-03,-445.494813210E-03,-42.438755819E-03,-104.048051649E-03
+3.110210000E-03,-429.896509370E-03,-41.418027265E-03,-104.443780287E-03
+3.110215000E-03,-415.438280863E-03,-41.653579944E-03,-104.048051649E-03
+3.110220000E-03,-400.720944363E-03,-41.889132713E-03,-104.223931049E-03
+3.110225000E-03,-387.299148043E-03,-42.203203073E-03,-103.933730044E-03
+3.110230000E-03,-372.115417029E-03,-41.418027195E-03,-103.977699894E-03
+3.110235000E-03,-356.724399611E-03,-42.438755811E-03,-103.753453663E-03
+3.110240000E-03,-341.696133441E-03,-43.066896500E-03,-103.625941104E-03
+3.110245000E-03,-326.719688854E-03,-41.496544801E-03,-103.502825523E-03
+3.110250000E-03,-312.157817141E-03,-41.889132709E-03,-103.243403422E-03
+3.110255000E-03,-296.870442951E-03,-40.554333768E-03,-103.186242611E-03
+3.110260000E-03,-281.479425530E-03,-40.868404089E-03,-102.856468751E-03
+3.110265000E-03,-266.917553838E-03,-41.496544742E-03,-102.733353173E-03
+3.110270000E-03,-251.371071587E-03,-41.418027210E-03,-102.412373280E-03
+3.110275000E-03,-235.928232562E-03,-41.575062357E-03,-102.210111972E-03
+3.110280000E-03,-221.884576933E-03,-41.103956850E-03,-101.924307959E-03
+3.110285000E-03,-206.027165038E-03,-41.810615130E-03,-101.594534089E-03
+3.110290000E-03,-192.087152622E-03,-42.360238268E-03,-101.365890875E-03
+3.110295000E-03,-176.799778393E-03,-40.161745841E-03,-100.961368273E-03
+3.110300000E-03,-161.253296187E-03,-41.889132685E-03,-100.561242644E-03
+3.110305000E-03,-145.395884310E-03,-40.946921616E-03,-100.244659739E-03
+3.110310000E-03,-129.486650809E-03,-42.046167915E-03,-99.796167274E-03
+3.110315000E-03,-114.251098198E-03,-41.339509600E-03,-99.404835633E-03
+3.110320000E-03,-99.171010402E-03,-41.889132721E-03,-99.031091902E-03
+3.110325000E-03,-84.298209048E-03,-42.909861301E-03,-98.696921064E-03
+3.110330000E-03,-69.788159003E-03,-41.732097583E-03,-98.151694929E-03
+3.110335000E-03,-54.915357620E-03,-41.182474441E-03,-97.821921073E-03
+3.110340000E-03,-40.664415554E-03,-42.203203086E-03,-97.223931120E-03
+3.110345000E-03,-25.428862964E-03,-41.810615114E-03,-96.810614549E-03
+3.110350000E-03,-9.830559069E-03,-42.517273382E-03,-96.318152235E-03
+3.110355000E-03,+6.078674400E-03,-43.066896532E-03,-95.772926114E-03
+3.110360000E-03,+21.521513463E-03,-41.339509595E-03,-95.293654760E-03
+3.110365000E-03,+36.497957978E-03,-42.124685499E-03,-94.572549244E-03
+3.110370000E-03,+51.785332220E-03,-41.653579952E-03,-94.229584424E-03
+3.110375000E-03,+67.228171251E-03,-42.046167899E-03,-93.341393477E-03
+3.110380000E-03,+82.567367058E-03,-42.203203057E-03,-93.086368355E-03
+3.110385000E-03,+98.528422148E-03,-43.223931690E-03,-92.083855800E-03
+3.110390000E-03,+113.504866724E-03,-42.438755839E-03,-91.956343241E-03
+3.110395000E-03,+128.481311293E-03,-42.674308568E-03,-90.804333204E-03
+3.110400000E-03,+144.286901501E-03,-41.103956854E-03,-90.690011599E-03
+3.110405000E-03,+159.833383802E-03,-40.946921668E-03,-89.436870910E-03
+3.110410000E-03,+175.224401220E-03,-42.046167904E-03,-89.318152318E-03
+3.110415000E-03,+190.615418637E-03,-42.046167875E-03,-88.130966396E-03
+3.110420000E-03,+204.970003887E-03,-42.046167895E-03,-87.831971429E-03
+3.110425000E-03,+219.739162071E-03,-42.674308588E-03,-86.803076965E-03
+3.110430000E-03,+235.337465908E-03,-41.496544831E-03,-86.398554357E-03
+3.110435000E-03,+249.484764743E-03,-40.946921684E-03,-85.409232757E-03
+3.110440000E-03,+264.772139005E-03,-41.732097559E-03,-84.850815686E-03
+3.110445000E-03,+279.282189093E-03,-40.554333749E-03,-83.857097095E-03
+3.110450000E-03,+295.709638598E-03,-42.752826208E-03,-83.166770476E-03
+3.110455000E-03,+310.426975140E-03,-40.554333741E-03,-82.278579522E-03
+3.110460000E-03,+324.729738838E-03,-42.438755835E-03,-81.487122254E-03
+3.110465000E-03,+339.447075372E-03,-41.732097535E-03,-80.607725270E-03
+3.110470000E-03,+353.024336495E-03,-43.538002030E-03,-79.728328304E-03
+3.110475000E-03,+368.052602701E-03,-41.418027215E-03,-78.976443878E-03
+3.110480000E-03,+382.044436705E-03,-41.967650296E-03,-77.868403701E-03
+3.110485000E-03,+396.554486798E-03,-42.909861341E-03,-77.208855961E-03
+3.110490000E-03,+411.323644926E-03,-41.810615130E-03,-75.999685131E-03
+3.110495000E-03,+425.937338275E-03,-42.360238236E-03,-75.551192657E-03
+3.110500000E-03,+438.685453705E-03,-41.575062389E-03,-74.051820826E-03
+3.110505000E-03,+453.765541429E-03,-42.124685458E-03,-73.722046952E-03
+3.110510000E-03,+466.876408185E-03,-41.182474437E-03,-72.081971605E-03
+3.110515000E-03,+480.971885413E-03,-41.418027257E-03,-71.866519335E-03
+3.110520000E-03,+494.756432957E-03,-40.789886419E-03,-70.204459059E-03
+3.110525000E-03,+508.074586105E-03,-41.339509628E-03,-69.936242967E-03
+3.110530000E-03,+522.118241734E-03,-41.967650308E-03,-68.203830943E-03
+3.110535000E-03,+536.213718981E-03,-42.674308605E-03,-67.957599772E-03
+3.110540000E-03,+548.495440007E-03,-42.909861349E-03,-66.229584733E-03
+3.110545000E-03,+561.917236299E-03,-42.124685474E-03,-65.847047036E-03
+3.110550000E-03,+574.768994958E-03,-43.223931656E-03,-64.075062146E-03
+3.110555000E-03,+587.776218431E-03,-41.418027215E-03,-63.688127465E-03
+3.110560000E-03,+601.405301183E-03,-42.438755814E-03,-62.109609898E-03
+3.110565000E-03,+614.619811108E-03,-42.517273439E-03,-61.507222964E-03
+3.110570000E-03,+627.523391427E-03,-41.418027211E-03,-59.941896353E-03
+3.110575000E-03,+640.945187688E-03,-42.203203049E-03,-59.282348613E-03
+3.110580000E-03,+652.760514220E-03,-43.145414165E-03,-57.866519491E-03
+3.110585000E-03,+664.834948755E-03,-41.810615084E-03,-57.066268239E-03
+3.110590000E-03,+677.013026514E-03,-42.360238261E-03,-55.624057206E-03
+3.110595000E-03,+689.450212294E-03,-41.496544761E-03,-54.749057212E-03
+3.110600000E-03,+700.954609189E-03,-41.339509620E-03,-53.412373811E-03
+3.110605000E-03,+713.029043735E-03,-43.380966775E-03,-52.365891406E-03
+3.110610000E-03,+724.844370236E-03,-43.145414123E-03,-51.108353738E-03
+3.110615000E-03,+735.726907792E-03,-43.302449336E-03,-49.938755757E-03
+3.110620000E-03,+747.645877552E-03,-42.674308614E-03,-48.804333658E-03
+3.110625000E-03,+759.202095996E-03,-43.302449293E-03,-47.507223119E-03
+3.110630000E-03,+771.380173777E-03,-43.380966830E-03,-46.434358812E-03
+3.110635000E-03,+782.159068151E-03,-41.810615164E-03,-45.102072388E-03
+3.110640000E-03,+793.559821767E-03,-41.889132751E-03,-44.152323659E-03
+3.110645000E-03,+803.405927183E-03,-42.674308580E-03,-42.666142767E-03
+3.110650000E-03,+814.547572787E-03,-42.674308567E-03,-41.764760871E-03
+3.110655000E-03,+824.963715917E-03,-42.438755844E-03,-40.159861389E-03
+3.110660000E-03,+835.483502239E-03,-42.203203036E-03,-39.271670444E-03
+3.110665000E-03,+845.070499601E-03,-42.595790967E-03,-37.715137799E-03
+3.110670000E-03,+856.056680382E-03,-40.946921642E-03,-36.791770975E-03
+3.110675000E-03,+865.850964225E-03,-42.909861396E-03,-35.169283554E-03
+3.110680000E-03,+876.318928898E-03,-42.124685474E-03,-34.184358944E-03
+3.110685000E-03,+886.735072013E-03,-44.637248266E-03,-32.676193123E-03
+3.110690000E-03,+895.752031730E-03,-45.108353763E-03,-31.607725811E-03
+3.110695000E-03,+904.717169858E-03,-41.496544824E-03,-30.196293655E-03
+3.110700000E-03,+913.889594341E-03,-42.831343762E-03,-29.031092669E-03
+3.110705000E-03,+923.269305327E-03,-43.459484489E-03,-27.641645442E-03
+3.110710000E-03,+932.027156946E-03,-43.930589952E-03,-26.414886666E-03
+3.110715000E-03,+940.577722238E-03,-42.203203027E-03,-25.003454513E-03
+3.110720000E-03,+948.506428186E-03,-41.339509650E-03,-23.811871619E-03
+3.110725000E-03,+957.108815003E-03,-42.831343741E-03,-22.453203283E-03
+3.110730000E-03,+965.711201823E-03,-41.418027195E-03,-21.186871647E-03
+3.110735000E-03,+973.432621363E-03,-44.480213117E-03,-19.916143008E-03
+3.110740000E-03,+980.843111237E-03,-43.302449246E-03,-18.575062630E-03
+3.110745000E-03,+989.704606122E-03,-42.046167887E-03,-17.255967163E-03
+3.110750000E-03,+996.389593488E-03,-44.558730679E-03,-15.870916932E-03
+3.110755000E-03,+1.003800083350E+00,-42.595790984E-03,-14.705715929E-03
+3.110760000E-03,+1.010847822010E+00,-43.223931711E-03,-13.241519970E-03
+3.110765000E-03,+1.016807306845E+00,-43.302449268E-03,-12.142273744E-03
+3.110770000E-03,+1.024217796713E+00,-43.380966894E-03,-10.660489846E-03
+3.110775000E-03,+1.030332746442E+00,-43.930589973E-03,-9.499685830E-03
+3.110780000E-03,+1.036965912183E+00,-41.025439255E-03,-8.009107969E-03
+3.110785000E-03,+1.043184505078E+00,-44.166142717E-03,-6.839509985E-03
+3.110790000E-03,+1.048988525113E+00,-43.459484429E-03,-5.388504986E-03
+3.110795000E-03,+1.055725334061E+00,-43.773554825E-03,-4.192525088E-03
+3.110800000E-03,+1.060596565196E+00,-42.909861402E-03,-2.833856768E-03
+3.110805000E-03,+1.066296942011E+00,-43.145414119E-03,-1.549937177E-03
+3.110810000E-03,+1.071530924387E+00,-44.558730670E-03,-336.369354E-06
+3.110815000E-03,+1.077231301178E+00,-42.438755788E-03,+1.097047716E-03
+3.110820000E-03,+1.082620748348E+00,-39.376569965E-03,+2.336997444E-03
+3.110825000E-03,+1.087388336291E+00,+937.696260290E-03,+3.744032614E-03
+3.110830000E-03,+1.091637708050E+00,+2.552253427272E+00,+4.887248682E-03
+3.110835000E-03,+1.096612582378E+00,+2.552331945026E+00,+6.298680829E-03
+3.110840000E-03,+1.100136451710E+00,+2.552331945026E+00,+7.652952172E-03
+3.110845000E-03,+1.104230358718E+00,+2.552331945026E+00,+8.804962203E-03
+3.110850000E-03,+1.107909692818E+00,+2.552331945026E+00,+10.273555157E-03
+3.110855000E-03,+1.111796313414E+00,+2.552331945026E+00,+11.364007398E-03
+3.110860000E-03,+1.114076464120E+00,+2.552331945026E+00,+12.946921965E-03
+3.110865000E-03,+1.117600333449E+00,+2.552331945026E+00,+13.865891800E-03
+3.110870000E-03,+1.121124202747E+00,+2.552331945026E+00,+15.567524951E-03
+3.110875000E-03,+1.123352531863E+00,+2.552331945026E+00,+16.473303830E-03
+3.110880000E-03,+1.125580860970E+00,+2.552331945026E+00,+18.113379192E-03
+3.110885000E-03,+1.127809190118E+00,+2.552331945026E+00,+19.102700791E-03
+3.110890000E-03,+1.129726589589E+00,+2.552331945026E+00,+20.725188204E-03
+3.110895000E-03,+1.132214026769E+00,+2.552331945026E+00,+21.727700762E-03
+3.110900000E-03,+1.133665031770E+00,+2.552567497783E+00,+23.103957027E-03
+3.110905000E-03,+1.136100647342E+00,+2.552724532961E+00,+24.392273595E-03
+3.110910000E-03,+1.137707117142E+00,+2.552724532961E+00,+25.557474593E-03
+3.110915000E-03,+1.138225333258E+00,+2.552724532961E+00,+27.105213262E-03
+3.110920000E-03,+1.139209943762E+00,+2.552724532961E+00,+27.997801200E-03
+3.110925000E-03,+1.140920056815E+00,+2.552724532961E+00,+29.571921782E-03
+3.110930000E-03,+1.141801024127E+00,+2.552724532961E+00,+30.468906701E-03
+3.110935000E-03,+1.141749202532E+00,+2.552724532961E+00,+32.034233312E-03
+3.110940000E-03,+1.142163775427E+00,+2.552724532961E+00,+32.957600148E-03
+3.110945000E-03,+1.142267418600E+00,+2.552724532961E+00,+34.500941825E-03
+3.110950000E-03,+1.142733813059E+00,+2.552724532961E+00,+35.349559920E-03
+3.110955000E-03,+1.142319240217E+00,+2.552724532961E+00,+36.892901601E-03
+3.110960000E-03,+1.141904667360E+00,+2.552724532961E+00,+37.891017176E-03
+3.110965000E-03,+1.140868235234E+00,+2.552724532961E+00,+39.245288509E-03
+3.110970000E-03,+1.140868235237E+00,+2.552724532961E+00,+40.278579964E-03
+3.110975000E-03,+1.139676338247E+00,+2.552724532961E+00,+41.676821151E-03
+3.110980000E-03,+1.138950835718E+00,+2.552724532961E+00,+42.525439237E-03
+3.110985000E-03,+1.136567041804E+00,+2.552724532961E+00,+44.002826151E-03
+3.110990000E-03,+1.135271501637E+00,+2.552724532961E+00,+44.987750761E-03
+3.110995000E-03,+1.134805107149E+00,+2.552724532961E+00,+46.333228135E-03
+3.111000000E-03,+1.131799453933E+00,+2.552724532961E+00,+47.151067324E-03
+3.111005000E-03,+1.130711200140E+00,+2.552724532961E+00,+48.562499468E-03
+3.111010000E-03,+1.128171941400E+00,+2.552724532961E+00,+49.331971825E-03
+3.111015000E-03,+1.125788147459E+00,+2.552724532961E+00,+50.774182860E-03
+3.111020000E-03,+1.122005170094E+00,+2.552724532961E+00,+51.618403966E-03
+3.111025000E-03,+1.119725019377E+00,+2.552724532961E+00,+52.884735602E-03
+3.111030000E-03,+1.117133938982E+00,+2.552724532961E+00,+53.790514492E-03
+3.111035000E-03,+1.112418172739E+00,+2.552724532961E+00,+54.933730552E-03
+3.111040000E-03,+1.109464341149E+00,+2.552724532961E+00,+55.958228038E-03
+3.111045000E-03,+1.105318612553E+00,+2.552724532961E+00,+56.943152641E-03
+3.111050000E-03,+1.100395559821E+00,+2.552724532961E+00,+58.103956657E-03
+3.111055000E-03,+1.096716225674E+00,+2.552724532961E+00,+58.855841063E-03
+3.111060000E-03,+1.091534064950E+00,+2.552724532961E+00,+60.192524478E-03
+3.111065000E-03,+1.087595622742E+00,+2.552724532961E+00,+60.737750591E-03
+3.111070000E-03,+1.081273386680E+00,+2.552724532961E+00,+62.250313395E-03
+3.111075000E-03,+1.077127658087E+00,+2.552724532961E+00,+62.755966649E-03
+3.111080000E-03,+1.071841854106E+00,+2.552724532961E+00,+64.215765641E-03
+3.111085000E-03,+1.065830547647E+00,+2.552724532961E+00,+64.703830955E-03
+3.111090000E-03,+1.060648386865E+00,+2.552724532961E+00,+66.128454059E-03
+3.111095000E-03,+1.054274329202E+00,+2.552724532961E+00,+66.629710331E-03
+3.111100000E-03,+1.049817670928E+00,+2.552724532961E+00,+67.918026904E-03
+3.111105000E-03,+1.042821753920E+00,+2.552724532961E+00,+68.555589706E-03
+3.111110000E-03,+1.036188588162E+00,+2.552724532961E+00,+69.632851009E-03
+3.111115000E-03,+1.028985384716E+00,+2.552724532961E+00,+70.397926371E-03
+3.111120000E-03,+1.022196754205E+00,+2.552724532961E+00,+71.400438929E-03
+3.111125000E-03,+1.015615410003E+00,+2.552724532961E+00,+72.112750475E-03
+3.111130000E-03,+1.008256741737E+00,+2.552724532961E+00,+72.983353484E-03
+3.111135000E-03,+1.000794430259E+00,+2.552724532961E+00,+73.845162513E-03
+3.111140000E-03,+992.813902716E-03,+2.552724532961E+00,+74.667398692E-03
+3.111145000E-03,+984.937018405E-03,+2.552724532961E+00,+75.533604711E-03
+3.111150000E-03,+977.215598838E-03,+2.552724532961E+00,+76.109609734E-03
+3.111155000E-03,+969.753287361E-03,+2.552724532961E+00,+77.164886096E-03
+3.111160000E-03,+961.928224600E-03,+2.552724532961E+00,+77.648554442E-03
+3.111165000E-03,+953.274016193E-03,+2.552724532961E+00,+78.699433820E-03
+3.111170000E-03,+944.205234926E-03,+2.552724532961E+00,+79.059986580E-03
+3.111175000E-03,+936.172885720E-03,+2.552724532961E+00,+80.159232803E-03
+3.111180000E-03,+927.570498874E-03,+2.552724532961E+00,+80.440639839E-03
+3.111185000E-03,+919.641792938E-03,+2.552724532961E+00,+81.491519219E-03
+3.111190000E-03,+909.951152344E-03,+2.552724532961E+00,+81.746544350E-03
+3.111195000E-03,+901.659695132E-03,+2.552724532961E+00,+82.757850865E-03
+3.111200000E-03,+891.554481672E-03,+2.552724532961E+00,+83.175564431E-03
+3.111205000E-03,+881.190160200E-03,+2.552724532961E+00,+83.975815678E-03
+3.111210000E-03,+871.240411578E-03,+2.552724532961E+00,+84.411117181E-03
+3.111215000E-03,+861.860700574E-03,+2.552724532961E+00,+85.066267928E-03
+3.111220000E-03,+851.962773569E-03,+2.552724532961E+00,+85.708227717E-03
+3.111225000E-03,+841.650273729E-03,+2.552724532961E+00,+86.152323195E-03
+3.111230000E-03,+830.612271297E-03,+2.552724532961E+00,+86.855840772E-03
+3.111235000E-03,+819.833376968E-03,+2.552724532961E+00,+87.220790516E-03
+3.111240000E-03,+809.261768995E-03,+2.552724532961E+00,+87.911117142E-03
+3.111245000E-03,+799.104733950E-03,+2.552724532961E+00,+88.205715129E-03
+3.111250000E-03,+787.652158702E-03,+2.552724532961E+00,+88.940011607E-03
+3.111255000E-03,+777.236015560E-03,+2.552724532961E+00,+89.146669897E-03
+3.111260000E-03,+766.249834832E-03,+2.552724532961E+00,+89.815011599E-03
+3.111265000E-03,+755.263654027E-03,+2.552724532961E+00,+90.048051791E-03
+3.111270000E-03,+744.122008443E-03,+2.552724532961E+00,+90.733981437E-03
+3.111275000E-03,+732.358503500E-03,+2.552724532961E+00,+90.813127163E-03
+3.111280000E-03,+720.594998616E-03,+2.552724532961E+00,+91.521041731E-03
+3.111285000E-03,+709.867925848E-03,+2.552724532961E+00,+91.569408564E-03
+3.111290000E-03,+697.327096862E-03,+2.552724532961E+00,+92.299308056E-03
+3.111295000E-03,+685.926343212E-03,+2.552724532961E+00,+92.255338203E-03
+3.111300000E-03,+672.297260444E-03,+2.552724532961E+00,+92.985237694E-03
+3.111305000E-03,+660.067361096E-03,+2.552724532961E+00,+92.840137194E-03
+3.111310000E-03,+647.785640097E-03,+2.552724532961E+00,+93.605212563E-03
+3.111315000E-03,+635.452097525E-03,+2.552724532961E+00,+93.411745225E-03
+3.111320000E-03,+622.548517271E-03,+2.552724532961E+00,+94.049308035E-03
+3.111325000E-03,+610.059509867E-03,+2.552724532961E+00,+93.934986432E-03
+3.111330000E-03,+598.036896927E-03,+2.552724532961E+00,+94.497800495E-03
+3.111335000E-03,+584.874208639E-03,+2.552724532961E+00,+94.383478886E-03
+3.111340000E-03,+572.177914818E-03,+2.552724532961E+00,+94.845162300E-03
+3.111345000E-03,+559.118869719E-03,+2.552724532961E+00,+94.752825616E-03
+3.111350000E-03,+545.023392473E-03,+2.552724532961E+00,+95.148554259E-03
+3.111355000E-03,+531.446131331E-03,+2.552724532961E+00,+95.065011537E-03
+3.111360000E-03,+517.609762105E-03,+2.552724532961E+00,+95.372800487E-03
+3.111365000E-03,+504.654360227E-03,+2.552724532961E+00,+95.328830632E-03
+3.111370000E-03,+490.817991057E-03,+2.552724532961E+00,+95.632222597E-03
+3.111375000E-03,+477.707124398E-03,+2.552724532961E+00,+95.460740178E-03
+3.111380000E-03,+464.388971227E-03,+2.552724532961E+00,+95.667398483E-03
+3.111385000E-03,+450.189850811E-03,+2.552724532961E+00,+95.495916057E-03
+3.111390000E-03,+436.353481562E-03,+2.552724532961E+00,+95.733353248E-03
+3.111395000E-03,+421.377037129E-03,+2.552724532961E+00,+95.539885908E-03
+3.111400000E-03,+407.696132677E-03,+2.552724532961E+00,+95.658604507E-03
+3.111405000E-03,+394.585265910E-03,+2.552724532961E+00,+95.548679879E-03
+3.111410000E-03,+379.867929410E-03,+2.552724532961E+00,+95.579458775E-03
+3.111415000E-03,+364.736020097E-03,+2.552724532961E+00,+95.438755262E-03
+3.111420000E-03,+350.329613143E-03,+2.552724532961E+00,+95.364006514E-03
+3.111425000E-03,+334.524022899E-03,+2.552724532961E+00,+95.368403500E-03
+3.111430000E-03,+320.532188852E-03,+2.552724532961E+00,+95.122172352E-03
+3.111435000E-03,+305.711209147E-03,+2.552724532961E+00,+95.100187429E-03
+3.111440000E-03,+291.719375056E-03,+2.552724532961E+00,+94.744031647E-03
+3.111445000E-03,+277.623897845E-03,+2.552724532961E+00,+94.823177379E-03
+3.111450000E-03,+262.025593983E-03,+2.552724532961E+00,+94.317524113E-03
+3.111455000E-03,+246.945506285E-03,+2.552724532961E+00,+94.414257788E-03
+3.111460000E-03,+233.212780240E-03,+2.552724532961E+00,+93.895413569E-03
+3.111465000E-03,+217.666297976E-03,+2.552724532961E+00,+93.847046737E-03
+3.111470000E-03,+202.119815788E-03,+2.552724532961E+00,+93.508478900E-03
+3.111475000E-03,+187.661587277E-03,+2.552724532961E+00,+93.253453783E-03
+3.111480000E-03,+172.270569851E-03,+2.552724532961E+00,+93.112750257E-03
+3.111485000E-03,+157.035017299E-03,+2.552724532961E+00,+92.633478915E-03
+3.111490000E-03,+142.369502358E-03,+2.552724532961E+00,+92.593906039E-03
+3.111495000E-03,+126.252982440E-03,+2.552724532961E+00,+91.824433697E-03
+3.111500000E-03,+110.499213774E-03,+2.552724532961E+00,+91.965137205E-03
+3.111505000E-03,+95.419125973E-03,+2.552724532961E+00,+91.063755317E-03
+3.111510000E-03,+80.701789425E-03,+2.552724532961E+00,+91.156091984E-03
+3.111515000E-03,+65.258950414E-03,+2.552724532961E+00,+90.311870903E-03
+3.111520000E-03,+50.178862626E-03,+2.552724532961E+00,+90.294282945E-03
+3.111525000E-03,+35.098774839E-03,+2.552724532961E+00,+89.406092018E-03
+3.111530000E-03,+19.396827767E-03,+2.552724532961E+00,+89.379710098E-03
+3.111535000E-03,+4.472204828E-03,+2.552724532961E+00,+88.473931224E-03
+3.111540000E-03,-9.260521240E-03,+2.552724532961E+00,+88.390388502E-03
+3.111545000E-03,-25.014289795E-03,+2.552724532961E+00,+87.550564397E-03
+3.111550000E-03,-40.042556001E-03,+2.552724532961E+00,+87.286745304E-03
+3.111555000E-03,-55.019000568E-03,+2.552724532961E+00,+86.508478980E-03
+3.111560000E-03,-71.394628507E-03,+2.552724532961E+00,+86.187499084E-03
+3.111565000E-03,-85.230997741E-03,+2.552724532961E+00,+85.418026728E-03
+3.111570000E-03,-101.399339218E-03,+2.552724532961E+00,+85.083855879E-03
+3.111575000E-03,-116.272140602E-03,+2.552724532961E+00,+84.169283023E-03
+3.111580000E-03,-131.818622837E-03,+2.552724532961E+00,+83.804333281E-03
+3.111585000E-03,-147.157818630E-03,+2.552724532961E+00,+82.982097104E-03
+3.111590000E-03,-162.082441635E-03,+2.552724532961E+00,+82.586368470E-03
+3.111595000E-03,-176.903421375E-03,+2.552724532961E+00,+81.742147373E-03
+3.111600000E-03,-192.864476441E-03,+2.552724532961E+00,+81.227700144E-03
+3.111605000E-03,-207.581812970E-03,+2.552724532961E+00,+80.427448896E-03
+3.111610000E-03,-221.470003789E-03,+2.552724532961E+00,+79.737122266E-03
+3.111615000E-03,-237.431058868E-03,+2.552724532961E+00,+79.103956451E-03
+3.111620000E-03,-252.044752258E-03,+2.552724532961E+00,+78.224559471E-03
+3.111625000E-03,-267.746699303E-03,+2.552724532961E+00,+77.666142395E-03
+3.111630000E-03,-281.893998123E-03,+2.552724532961E+00,+76.751569531E-03
+3.111635000E-03,-297.181372344E-03,+2.552724532961E+00,+76.237122307E-03
+3.111640000E-03,-312.261460165E-03,+2.552724532961E+00,+75.080715283E-03
+3.111645000E-03,-326.667867016E-03,+2.552724532961E+00,+74.698177602E-03
+3.111650000E-03,-341.851597993E-03,+2.552724532961E+00,+73.502197707E-03
+3.111655000E-03,-355.739788852E-03,+2.552724532961E+00,+73.018529378E-03
+3.111660000E-03,-370.923519795E-03,+2.552724532961E+00,+71.822549485E-03
+3.111665000E-03,-385.692677905E-03,+2.552724532961E+00,+71.255338442E-03
+3.111670000E-03,-400.358192847E-03,+2.552724532961E+00,+70.076946493E-03
+3.111675000E-03,-415.127350986E-03,+2.552724532961E+00,+69.483353537E-03
+3.111680000E-03,-429.378293098E-03,+2.552724532961E+00,+68.247800782E-03
+3.111685000E-03,-444.769310504E-03,+2.552724532961E+00,+67.663001798E-03
+3.111690000E-03,-458.139285215E-03,+2.552724532961E+00,+66.471418891E-03
+3.111695000E-03,-472.649335288E-03,+2.552724532961E+00,+65.741519408E-03
+3.111700000E-03,-486.952098930E-03,+2.552724532961E+00,+64.549936501E-03
+3.111705000E-03,-500.684825007E-03,+2.552724532961E+00,+63.833227968E-03
+3.111710000E-03,-514.365729346E-03,+2.552724532961E+00,+62.637248078E-03
+3.111715000E-03,-528.513028156E-03,+2.552724532961E+00,+61.784233017E-03
+3.111720000E-03,-540.846570764E-03,+2.552724532961E+00,+60.812499354E-03
+3.111725000E-03,-554.112902277E-03,+2.552724532961E+00,+59.766016963E-03
+3.111730000E-03,-568.104736315E-03,+2.552724532961E+00,+58.688755663E-03
+3.111735000E-03,-582.303856672E-03,+2.552724532961E+00,+57.747800906E-03
+3.111740000E-03,-595.622009833E-03,+2.552724532961E+00,+56.670539604E-03
+3.111745000E-03,-608.525590146E-03,+2.552724532961E+00,+55.637248161E-03
+3.111750000E-03,-621.066419138E-03,+2.552724532961E+00,+54.705087357E-03
+3.111755000E-03,-633.710891320E-03,+2.552724532961E+00,+53.517901454E-03
+3.111760000E-03,-647.339974102E-03,+2.552724532961E+00,+52.471419046E-03
+3.111765000E-03,-659.466230324E-03,+2.552724532961E+00,+51.407348708E-03
+3.111770000E-03,-672.421632125E-03,+2.552724532961E+00,+50.387248212E-03
+3.111775000E-03,-684.806996330E-03,+2.552724532961E+00,+49.195665321E-03
+3.111780000E-03,-696.622322877E-03,+2.552724532961E+00,+48.162373866E-03
+3.111785000E-03,-709.422259939E-03,+2.552724532961E+00,+46.979584934E-03
+3.111790000E-03,-722.533126593E-03,+2.552724532961E+00,+45.897926652E-03
+3.111795000E-03,-733.882058682E-03,+2.552724532961E+00,+44.618404060E-03
+3.111800000E-03,-746.008314817E-03,+2.552724532961E+00,+43.580715625E-03
+3.111805000E-03,-758.290035791E-03,+2.552724532961E+00,+42.375941769E-03
+3.111810000E-03,-769.276216591E-03,+2.552724532961E+00,+41.364635248E-03
+3.111815000E-03,-780.469683815E-03,+2.552724532961E+00,+40.049936766E-03
+3.111820000E-03,-793.995123358E-03,+2.552724532961E+00,+38.994660399E-03
+3.111825000E-03,-804.100336750E-03,+2.552724532961E+00,+37.609610161E-03
+3.111830000E-03,-814.723766335E-03,+2.552724532961E+00,+36.492776003E-03
+3.111835000E-03,-824.725336570E-03,+2.552724532961E+00,+35.217650385E-03
+3.111840000E-03,-835.815160578E-03,+2.552724532961E+00,+34.166771006E-03
+3.111845000E-03,-846.386768566E-03,+2.552724532961E+00,+32.693781067E-03
+3.111850000E-03,-857.113841251E-03,+2.552724532961E+00,+31.673680583E-03
+3.111855000E-03,-867.063589949E-03,+2.552724532961E+00,+30.218278578E-03
+3.111860000E-03,-877.324268167E-03,+2.552724532961E+00,+29.215766035E-03
+3.111865000E-03,-887.014908790E-03,+2.552724532961E+00,+27.720791165E-03
+3.111870000E-03,-898.156554382E-03,+2.552724532961E+00,+26.744660533E-03
+3.111875000E-03,-907.277157337E-03,+2.552724532961E+00,+25.144158031E-03
+3.111880000E-03,-917.226905988E-03,+2.552724532961E+00,+24.233982168E-03
+3.111885000E-03,-927.643049058E-03,+2.552724532961E+00,+22.589509813E-03
+3.111890000E-03,-936.608187146E-03,+2.552724532961E+00,+21.586997276E-03
+3.111895000E-03,-946.247006125E-03,+2.552724532961E+00,+20.052449545E-03
+3.111900000E-03,-955.885825151E-03,+2.552724532961E+00,+19.019158106E-03
+3.111905000E-03,-964.591855205E-03,+2.552724532961E+00,+17.510992285E-03
+3.111910000E-03,-974.023387784E-03,+2.552724532961E+00,+16.394158134E-03
+3.111915000E-03,-981.692985696E-03,+2.552724532961E+00,+15.048680756E-03
+3.111920000E-03,-990.088086115E-03,+2.552724532961E+00,+13.782349115E-03
+3.111925000E-03,-998.949580964E-03,+2.552724532961E+00,+12.546796360E-03
+3.111930000E-03,-1.007707432608E+00,+2.552724532961E+00,+11.065012459E-03
+3.111935000E-03,-1.015947068226E+00,+2.552724532961E+00,+10.009736086E-03
+3.111940000E-03,-1.023150271656E+00,+2.552724532961E+00,+8.435615505E-03
+3.111945000E-03,-1.031597193642E+00,+2.552724532961E+00,+7.543027570E-03
+3.111950000E-03,-1.039266791584E+00,+2.552724532961E+00,+5.762248699E-03
+3.111955000E-03,-1.046936389505E+00,+2.552724532961E+00,+4.931218546E-03
+3.111960000E-03,-1.053984128109E+00,+2.552724532961E+00,+3.150439680E-03
+3.111965000E-03,-1.060720937151E+00,+2.552724532961E+00,+2.227072852E-03
+3.111970000E-03,-1.066939530019E+00,+2.552724532961E+00,+604.585443E-06
+3.111975000E-03,-1.074557306274E+00,+2.552724532961E+00,-437.499988E-06
+3.111980000E-03,-1.079791288651E+00,+2.552724532961E+00,-1.932474833E-03
+3.111985000E-03,-1.086268989604E+00,+2.552724532961E+00,-3.036118059E-03
+3.111990000E-03,-1.092383939262E+00,+2.552724532961E+00,-4.469535106E-03
+3.111995000E-03,-1.097825208149E+00,+2.552724532961E+00,-5.709484860E-03
+3.112000000E-03,-1.103836514558E+00,+2.552724532961E+00,-7.063756184E-03
+3.112005000E-03,-1.108915032064E+00,+2.552724532961E+00,-8.404836586E-03
+3.112010000E-03,-1.114252657642E+00,+2.552724532961E+00,-9.574434551E-03
+3.112015000E-03,-1.118761137465E+00,+2.552724532961E+00,-11.065012436E-03
+3.112020000E-03,-1.124046941495E+00,+2.552724532961E+00,-12.208228492E-03
+3.112025000E-03,-1.129747318235E+00,+2.547699407724E+00,-13.874685777E-03
+3.112030000E-03,-1.133323009221E+00,+498.468926136E-03,-14.929962130E-03
+3.112035000E-03,-1.137054164952E+00,-171.521668748E-03,-16.231469670E-03
+3.112040000E-03,-1.140992607125E+00,-172.071292676E-03,-17.484610345E-03
+3.112045000E-03,-1.144982870887E+00,+147.102695154E-03,-18.733354072E-03
+3.112050000E-03,-1.149232242746E+00,+34.115895164E-03,-20.259107798E-03
+3.112055000E-03,-1.152859755246E+00,-79.106469367E-03,-21.433102780E-03
+3.112060000E-03,-1.156020873323E+00,-93.553704488E-03,-22.862122852E-03
+3.112065000E-03,-1.158663775284E+00,-60.654837179E-03,-24.049308785E-03
+3.112070000E-03,-1.161824893355E+00,-30.190011736E-03,-25.416771063E-03
+3.112075000E-03,-1.164156865720E+00,-57.121544742E-03,-26.771042419E-03
+3.112080000E-03,-1.167473448588E+00,-54.923051958E-03,-27.923052445E-03
+3.112085000E-03,-1.170012707344E+00,-61.754082344E-03,-29.457600176E-03
+3.112090000E-03,-1.171515533951E+00,-48.641645197E-03,-30.402951920E-03
+3.112095000E-03,-1.173743863094E+00,-54.373429151E-03,-31.981469493E-03
+3.112100000E-03,-1.175453976099E+00,-51.782348628E-03,-32.966394103E-03
+3.112105000E-03,-1.176853159529E+00,-52.567524611E-03,-34.562499612E-03
+3.112110000E-03,-1.177008624376E+00,-50.369032113E-03,-35.490263426E-03
+3.112115000E-03,-1.179236953501E+00,-50.447549786E-03,-37.090765917E-03
+3.112120000E-03,-1.179547883143E+00,-49.112750730E-03,-37.847047329E-03
+3.112125000E-03,-1.181776212261E+00,-49.819409046E-03,-39.522298554E-03
+3.112130000E-03,-1.180791601698E+00,-50.604584939E-03,-40.436871414E-03
+3.112135000E-03,-1.181465282609E+00,-50.997172847E-03,-41.989007077E-03
+3.112140000E-03,-1.181776212240E+00,-51.860866257E-03,-42.798052297E-03
+3.112145000E-03,-1.181413461026E+00,-50.211996944E-03,-44.442524633E-03
+3.112150000E-03,-1.180843423301E+00,-51.468278359E-03,-45.295539704E-03
+3.112155000E-03,-1.180117920839E+00,-49.112750768E-03,-46.821293451E-03
+3.112160000E-03,-1.179703348001E+00,-47.620916597E-03,-47.727072344E-03
+3.112165000E-03,-1.179340596681E+00,-46.757223085E-03,-49.107725586E-03
+3.112170000E-03,-1.178148699709E+00,-48.720162806E-03,-50.237750705E-03
+3.112175000E-03,-1.176853159575E+00,-48.484610033E-03,-51.323805972E-03
+3.112180000E-03,-1.176075835448E+00,-47.699434233E-03,-52.506594907E-03
+3.112185000E-03,-1.174158436000E+00,-50.840137625E-03,-53.698177803E-03
+3.112190000E-03,-1.171567355643E+00,-49.269785888E-03,-54.929333569E-03
+3.112195000E-03,-1.170219993852E+00,-48.720162779E-03,-55.896670242E-03
+3.112200000E-03,-1.168302594365E+00,-46.050564839E-03,-57.224559677E-03
+3.112205000E-03,-1.166696124515E+00,-48.249057218E-03,-58.090765699E-03
+3.112210000E-03,-1.163690471266E+00,-46.050564866E-03,-59.251569706E-03
+3.112215000E-03,-1.160684818072E+00,-47.699434135E-03,-60.298052107E-03
+3.112220000E-03,-1.158922883374E+00,-47.228328678E-03,-61.331343551E-03
+3.112225000E-03,-1.156072694959E+00,-47.777951717E-03,-62.580087266E-03
+3.112230000E-03,-1.153118863354E+00,-47.385363798E-03,-63.393529462E-03
+3.112235000E-03,-1.148143989046E+00,-46.992775868E-03,-64.818152559E-03
+3.112240000E-03,-1.145501087064E+00,-46.050564871E-03,-65.486494263E-03
+3.112245000E-03,-1.141614466464E+00,-45.893529746E-03,-67.025438962E-03
+3.112250000E-03,-1.137209629831E+00,-47.699434114E-03,-67.460740480E-03
+3.112255000E-03,-1.133633938975E+00,-46.521670389E-03,-69.048052007E-03
+3.112260000E-03,-1.128762707897E+00,-46.364635149E-03,-69.417398752E-03
+3.112265000E-03,-1.123165974256E+00,-47.071293460E-03,-70.987122337E-03
+3.112270000E-03,-1.119227532088E+00,-46.443152780E-03,-71.422423858E-03
+3.112275000E-03,-1.114615409025E+00,-44.794283483E-03,-72.855840908E-03
+3.112280000E-03,-1.107930421670E+00,-45.972047295E-03,-73.431845945E-03
+3.112285000E-03,-1.103059190545E+00,-45.343906621E-03,-74.728956469E-03
+3.112290000E-03,-1.097203348906E+00,-46.364635165E-03,-75.318152455E-03
+3.112295000E-03,-1.092539404240E+00,-45.815012127E-03,-76.531720276E-03
+3.112300000E-03,-1.086320811320E+00,-47.149810987E-03,-77.195664990E-03
+3.112305000E-03,-1.080775899283E+00,-45.579459289E-03,-78.299308204E-03
+3.112310000E-03,-1.073624517541E+00,-45.422424159E-03,-78.888504167E-03
+3.112315000E-03,-1.068338713545E+00,-44.087625216E-03,-80.066896125E-03
+3.112320000E-03,-1.061964655817E+00,-44.323177945E-03,-80.629710175E-03
+3.112325000E-03,-1.054916917188E+00,-45.736494491E-03,-81.847675001E-03
+3.112330000E-03,-1.048283751503E+00,-44.401695543E-03,-82.274182524E-03
+3.112335000E-03,-1.040199580735E+00,-45.343906583E-03,-83.505338297E-03
+3.112340000E-03,-1.033980987793E+00,-44.794283462E-03,-83.896669946E-03
+3.112345000E-03,-1.025741352218E+00,-44.244660297E-03,-84.925564413E-03
+3.112350000E-03,-1.017553538228E+00,-45.186871397E-03,-85.567524198E-03
+3.112355000E-03,-1.009262081030E+00,-46.050564800E-03,-86.526066905E-03
+3.112360000E-03,-1.000659694210E+00,-43.302449346E-03,-87.168026692E-03
+3.112365000E-03,-992.575523391E-03,-43.302449307E-03,-87.897926187E-03
+3.112370000E-03,-984.543174267E-03,-44.009107469E-03,-88.676192508E-03
+3.112375000E-03,-975.318928146E-03,-43.616519700E-03,-89.199433716E-03
+3.112380000E-03,-967.545686990E-03,-43.459484481E-03,-90.127197514E-03
+3.112385000E-03,-957.595938360E-03,-45.029836085E-03,-90.553705061E-03
+3.112390000E-03,-949.045373155E-03,-43.538002024E-03,-91.340765345E-03
+3.112395000E-03,-938.525586861E-03,-45.029836201E-03,-91.815639721E-03
+3.112400000E-03,-928.834946265E-03,-42.909861333E-03,-92.624684923E-03
+3.112405000E-03,-918.677911172E-03,-44.951318564E-03,-93.051192473E-03
+3.112410000E-03,-909.453664978E-03,-43.852072428E-03,-93.732725117E-03
+3.112415000E-03,-899.037521921E-03,-42.281720703E-03,-94.335112049E-03
+3.112420000E-03,-887.740411497E-03,-42.909861316E-03,-94.836368324E-03
+3.112425000E-03,-878.101592497E-03,-42.517273397E-03,-95.482725104E-03
+3.112430000E-03,-868.203665453E-03,-43.145414083E-03,-95.852071835E-03
+3.112435000E-03,-857.994808819E-03,-42.988378892E-03,-96.485237655E-03
+3.112440000E-03,-847.371379251E-03,-43.852072389E-03,-96.990890918E-03
+3.112445000E-03,-836.592484968E-03,-42.988378897E-03,-97.443780352E-03
+3.112450000E-03,-825.191731307E-03,-44.323177839E-03,-97.967021559E-03
+3.112455000E-03,-815.138339392E-03,-43.223931720E-03,-98.323177328E-03
+3.112460000E-03,-803.012083344E-03,-43.380966872E-03,-98.811242657E-03
+3.112465000E-03,-791.611329601E-03,-41.496544815E-03,-99.198177321E-03
+3.112470000E-03,-779.588716735E-03,-43.773554757E-03,-99.659860747E-03
+3.112475000E-03,-767.306995757E-03,-43.145414105E-03,-100.055589376E-03
+3.112480000E-03,-756.268993378E-03,-42.595791080E-03,-100.367775303E-03
+3.112485000E-03,-743.883629174E-03,-45.422424092E-03,-100.759106958E-03
+3.112490000E-03,-732.068302642E-03,-41.575062414E-03,-101.018529062E-03
+3.112495000E-03,-721.185765044E-03,-43.302449285E-03,-101.519785338E-03
+3.112500000E-03,-708.385828017E-03,-42.360238189E-03,-101.546167253E-03
+3.112505000E-03,-695.223139672E-03,-42.281720619E-03,-102.100187344E-03
+3.112510000E-03,-683.252348350E-03,-42.988378965E-03,-102.152951168E-03
+3.112515000E-03,-670.452411342E-03,-42.595790995E-03,-102.698177285E-03
+3.112520000E-03,-657.600652705E-03,-41.339509664E-03,-102.689383325E-03
+3.112525000E-03,-644.800715593E-03,-42.831343762E-03,-103.129081803E-03
+3.112530000E-03,-630.238843990E-03,-43.145414099E-03,-103.186242619E-03
+3.112535000E-03,-618.216230986E-03,-42.909861327E-03,-103.370915965E-03
+3.112540000E-03,-605.053542715E-03,-42.517273335E-03,-103.595162208E-03
+3.112545000E-03,-590.491671019E-03,-42.831343734E-03,-103.551192352E-03
+3.112550000E-03,-578.158128397E-03,-41.967650316E-03,-103.973302913E-03
+3.112555000E-03,-564.788153658E-03,-41.260992032E-03,-103.696292856E-03
+3.112560000E-03,-551.470000553E-03,-44.872800965E-03,-104.232725008E-03
+3.112565000E-03,-537.581809725E-03,-41.339509607E-03,-103.894157179E-03
+3.112570000E-03,-524.315478265E-03,-43.616519611E-03,-104.505338065E-03
+3.112575000E-03,-510.582752207E-03,-41.182474467E-03,-104.109609436E-03
+3.112580000E-03,-496.487274993E-03,-41.889132751E-03,-104.478956158E-03
+3.112585000E-03,-481.925403339E-03,-42.124685416E-03,-104.215137086E-03
+3.112590000E-03,-468.089034091E-03,-42.281720630E-03,-104.338252646E-03
+3.112595000E-03,-453.941735289E-03,-42.124685535E-03,-104.355840598E-03
+3.112600000E-03,-439.068933911E-03,-42.281720681E-03,-104.210740081E-03
+3.112605000E-03,-424.662527030E-03,-41.810615090E-03,-104.386619487E-03
+3.112610000E-03,-409.323331264E-03,-42.595790967E-03,-103.973302905E-03
+3.112615000E-03,-394.865102768E-03,-40.711368899E-03,-104.272297880E-03
+3.112620000E-03,-380.769625491E-03,-41.182474445E-03,-103.766644619E-03
+3.112625000E-03,-365.689537822E-03,-42.438755730E-03,-104.030463712E-03
+3.112630000E-03,-351.231309251E-03,-42.909861327E-03,-103.573177285E-03
+3.112635000E-03,-335.943934994E-03,-42.360238257E-03,-103.727071754E-03
+3.112640000E-03,-320.449274401E-03,-41.418027166E-03,-103.340137086E-03
+3.112645000E-03,-306.405618739E-03,-42.438755815E-03,-103.278579300E-03
+3.112650000E-03,-290.496385366E-03,-42.360238274E-03,-103.010363218E-03
+3.112655000E-03,-274.846259879E-03,-41.810615153E-03,-102.891644630E-03
+3.112660000E-03,-260.439852915E-03,-41.575062386E-03,-102.517900906E-03
+3.112665000E-03,-244.789727511E-03,-41.889132757E-03,-102.513503929E-03
+3.112670000E-03,-230.279677419E-03,-42.517273425E-03,-101.994659711E-03
+3.112675000E-03,-214.888659996E-03,-41.889132711E-03,-101.915513987E-03
+3.112680000E-03,-199.342177758E-03,-42.595790949E-03,-101.348302935E-03
+3.112685000E-03,-185.609451741E-03,-42.831343774E-03,-101.317524049E-03
+3.112690000E-03,-170.322077521E-03,-41.810615130E-03,-100.697549178E-03
+3.112695000E-03,-154.982881706E-03,-43.066896518E-03,-100.693152190E-03
+3.112700000E-03,-139.488221083E-03,-41.418027235E-03,-99.994031594E-03
+3.112705000E-03,-124.045382022E-03,-41.889132659E-03,-99.906091900E-03
+3.112710000E-03,-108.395256558E-03,-43.302449273E-03,-99.334483859E-03
+3.112715000E-03,-93.315168780E-03,-41.260991991E-03,-98.978328085E-03
+3.112720000E-03,-78.649653888E-03,-42.360238246E-03,-98.512247693E-03
+3.112725000E-03,-63.362279669E-03,-42.281720618E-03,-97.984609513E-03
+3.112730000E-03,-47.815797500E-03,-42.438755873E-03,-97.646041677E-03
+3.112735000E-03,-33.564855388E-03,-41.182474456E-03,-97.052448712E-03
+3.112740000E-03,-19.054805254E-03,-41.103956910E-03,-96.709483892E-03
+3.112745000E-03,-2.782820550E-03,-42.595791036E-03,-95.983981393E-03
+3.112750000E-03,+12.349088867E-03,-42.438755815E-03,-95.724559279E-03
+3.112755000E-03,+27.584641467E-03,-42.360238164E-03,-94.950689946E-03
+3.112760000E-03,+43.131123659E-03,-41.967650333E-03,-94.532976373E-03
+3.112765000E-03,+57.848460265E-03,-41.732097537E-03,-93.882222621E-03
+3.112770000E-03,+73.757693717E-03,-41.496544822E-03,-93.394157299E-03
+3.112775000E-03,+89.304175928E-03,-42.988378942E-03,-92.717021628E-03
+3.112780000E-03,+104.539728548E-03,-41.575062310E-03,-92.114634696E-03
+3.112785000E-03,+119.412529907E-03,-44.951318526E-03,-91.380338227E-03
+3.112790000E-03,+133.870758442E-03,-41.260992026E-03,-90.905463849E-03
+3.112795000E-03,+150.401851195E-03,-41.810615118E-03,-90.140388495E-03
+3.112800000E-03,+165.015544536E-03,-40.632851388E-03,-89.568780452E-03
+3.112805000E-03,+180.717491600E-03,-42.360238216E-03,-88.733353336E-03
+3.112810000E-03,+196.263973792E-03,-41.418027154E-03,-88.271669909E-03
+3.112815000E-03,+210.877667157E-03,-41.103956893E-03,-87.308730239E-03
+3.112820000E-03,+226.268684564E-03,-41.103956917E-03,-86.737122188E-03
+3.112825000E-03,+241.348772338E-03,-42.124685449E-03,-85.932473970E-03
+3.112830000E-03,+256.687968088E-03,-42.674308571E-03,-85.171795569E-03
+3.112835000E-03,+270.213407715E-03,-40.632851335E-03,-84.455087054E-03
+3.112840000E-03,+286.070819598E-03,-42.595790936E-03,-83.518529256E-03
+3.112845000E-03,+300.580869693E-03,-41.182474463E-03,-82.929333301E-03
+3.112850000E-03,+316.127351920E-03,-42.595790948E-03,-81.755338323E-03
+3.112855000E-03,+331.362904528E-03,-40.083228290E-03,-81.469534315E-03
+3.112860000E-03,+345.458381760E-03,-42.674308576E-03,-79.948177538E-03
+3.112865000E-03,+360.072075055E-03,-41.653579968E-03,-79.745916239E-03
+3.112870000E-03,+373.701157905E-03,-41.967650322E-03,-78.149810730E-03
+3.112875000E-03,+388.003921497E-03,-41.496544746E-03,-78.017901183E-03
+3.112880000E-03,+403.239474101E-03,-42.517273455E-03,-76.430589643E-03
+3.112885000E-03,+417.334951345E-03,-40.318781046E-03,-76.061242907E-03
+3.112890000E-03,+432.570503992E-03,-41.653579950E-03,-74.649810772E-03
+3.112895000E-03,+444.904046582E-03,-42.909861296E-03,-74.108981619E-03
+3.112900000E-03,+460.139599147E-03,-41.732097602E-03,-72.983353499E-03
+3.112905000E-03,+473.250465880E-03,-41.967650245E-03,-72.090765565E-03
+3.112910000E-03,+487.190478258E-03,-40.868404103E-03,-71.101443977E-03
+3.112915000E-03,+500.508631397E-03,-41.653579914E-03,-69.962624886E-03
+3.112920000E-03,+514.552286994E-03,-42.124685455E-03,-69.333856048E-03
+3.112925000E-03,+527.922261776E-03,-42.909861308E-03,-67.992775671E-03
+3.112930000E-03,+541.240414908E-03,-42.124685467E-03,-67.284861096E-03
+3.112935000E-03,+554.610389588E-03,-42.281720682E-03,-65.869031978E-03
+3.112940000E-03,+567.617613082E-03,-42.124685467E-03,-65.196293281E-03
+3.112945000E-03,+580.987587857E-03,-42.124685496E-03,-63.824434009E-03
+3.112950000E-03,+594.616670464E-03,-42.517273408E-03,-63.112122439E-03
+3.112955000E-03,+608.142110065E-03,-41.496544817E-03,-61.815011915E-03
+3.112960000E-03,+621.097511952E-03,-41.496544764E-03,-60.918026987E-03
+3.112965000E-03,+633.949270694E-03,-41.732097597E-03,-59.625313451E-03
+3.112970000E-03,+645.401845921E-03,-42.752826121E-03,-58.785489328E-03
+3.112975000E-03,+658.564534222E-03,-42.988378889E-03,-57.461996883E-03
+3.112980000E-03,+671.105363206E-03,-42.831343756E-03,-56.639760711E-03
+3.112985000E-03,+682.298830411E-03,-41.260992086E-03,-55.171167769E-03
+3.112990000E-03,+694.165978584E-03,-42.281720593E-03,-54.304961743E-03
+3.112995000E-03,+706.758629155E-03,-42.046167891E-03,-52.792398944E-03
+3.113000000E-03,+718.677598916E-03,-42.831343744E-03,-52.154836124E-03
+3.113005000E-03,+730.803855052E-03,-41.967650358E-03,-50.396042195E-03
+3.113010000E-03,+741.841857438E-03,-43.223931752E-03,-49.696921586E-03
+3.113015000E-03,+752.983503083E-03,-41.182474421E-03,-48.135991962E-03
+3.113020000E-03,+765.161580838E-03,-42.124685472E-03,-47.234610054E-03
+3.113025000E-03,+776.873264146E-03,-41.810615100E-03,-45.858353799E-03
+3.113030000E-03,+786.978477581E-03,-43.066896524E-03,-44.662373911E-03
+3.113035000E-03,+798.068301587E-03,-42.438755815E-03,-43.602700554E-03
+3.113040000E-03,+807.862585418E-03,-42.831343762E-03,-42.200062375E-03
+3.113045000E-03,+819.626090217E-03,-42.517273450E-03,-41.289886495E-03
+3.113050000E-03,+830.508627833E-03,-41.575062483E-03,-39.649811153E-03
+3.113055000E-03,+840.613841296E-03,-40.632851390E-03,-38.809987031E-03
+3.113060000E-03,+850.304481920E-03,-41.418027189E-03,-37.046796110E-03
+3.113065000E-03,+859.943300904E-03,-40.868404049E-03,-36.316896606E-03
+3.113070000E-03,+870.825838516E-03,-43.930589970E-03,-34.580087594E-03
+3.113075000E-03,+881.604732885E-03,-43.145414038E-03,-33.753454412E-03
+3.113080000E-03,+890.984443819E-03,-42.595790959E-03,-32.240891639E-03
+3.113085000E-03,+900.675084375E-03,-44.715765871E-03,-31.031720779E-03
+3.113090000E-03,+909.381114484E-03,-42.281720653E-03,-29.739007241E-03
+3.113095000E-03,+918.864468666E-03,-43.538002028E-03,-28.525439398E-03
+3.113100000E-03,+928.866038843E-03,-41.653579962E-03,-27.223931896E-03
+3.113105000E-03,+936.328350409E-03,-42.046167970E-03,-25.750941946E-03
+3.113110000E-03,+945.759882963E-03,-42.752826206E-03,-24.642901763E-03
+3.113115000E-03,+953.999518473E-03,-42.988378979E-03,-23.161117859E-03
+3.113120000E-03,+961.306365196E-03,-42.360238191E-03,-21.987122893E-03
+3.113125000E-03,+969.390535976E-03,-42.517273402E-03,-20.483354072E-03
+3.113130000E-03,+977.526528335E-03,-44.401695571E-03,-19.348931969E-03
+3.113135000E-03,+984.781553423E-03,-43.380966848E-03,-17.875942043E-03
+3.113140000E-03,+992.192043249E-03,-42.124685533E-03,-16.759107873E-03
+3.113145000E-03,+999.239781891E-03,-43.773554765E-03,-15.334484781E-03
+3.113150000E-03,+1.007272131015E+00,-41.810615057E-03,-14.266017446E-03
+3.113155000E-03,+1.014268048030E+00,-42.360238197E-03,-12.700690835E-03
+3.113160000E-03,+1.020953035391E+00,-42.281720604E-03,-11.658605416E-03
+3.113165000E-03,+1.027482557995E+00,-42.831343695E-03,-9.956972282E-03
+3.113170000E-03,+1.033597507674E+00,-43.930589945E-03,-9.121545134E-03
+3.113175000E-03,+1.040075208601E+00,-41.653579962E-03,-7.305590396E-03
+3.113180000E-03,+1.046708374380E+00,-43.302449420E-03,-6.399811499E-03
+3.113185000E-03,+1.052305107960E+00,-43.145414117E-03,-4.627826612E-03
+3.113190000E-03,+1.058212771193E+00,-41.732097580E-03,-3.889133133E-03
+3.113195000E-03,+1.064431364136E+00,-43.380966903E-03,-2.130339197E-03
+3.113200000E-03,+1.070028097720E+00,-42.124685528E-03,-1.264133160E-03
+3.113205000E-03,+1.075728474523E+00,-44.087625094E-03,+477.072837E-06
+3.113210000E-03,+1.080599705642E+00,-42.752826163E-03,+1.396042693E-03
+3.113215000E-03,+1.086611012094E+00,-18.490893018E-03,+3.154836630E-03
+3.113220000E-03,+1.089875773463E+00,+2.132027272234E+00,+4.201319034E-03
+3.113225000E-03,+1.093866037211E+00,+2.552331945026E+00,+5.559987361E-03
+3.113230000E-03,+1.098996376328E+00,+2.552331945026E+00,+6.808731062E-03
+3.113235000E-03,+1.101950207971E+00,+2.552331945026E+00,+8.110238601E-03
+3.113240000E-03,+1.105474077268E+00,+2.552331945026E+00,+9.490891829E-03
+3.113245000E-03,+1.109516162672E+00,+2.552331945026E+00,+10.651695864E-03
+3.113250000E-03,+1.113091853560E+00,+2.552331945026E+00,+11.953203357E-03
+3.113255000E-03,+1.116097506802E+00,+2.552331945026E+00,+13.373429505E-03
+3.113260000E-03,+1.118844052019E+00,+2.552331945026E+00,+14.543027449E-03
+3.113265000E-03,+1.121797883666E+00,+2.552331945026E+00,+16.059987264E-03
+3.113270000E-03,+1.124492607231E+00,+2.552331945026E+00,+17.058102804E-03
+3.113275000E-03,+1.127031866022E+00,+2.552331945026E+00,+18.728957082E-03
+3.113280000E-03,+1.129726589611E+00,+2.552331945026E+00,+19.529208310E-03
+3.113285000E-03,+1.131436702679E+00,+2.552331945026E+00,+21.327575147E-03
+3.113290000E-03,+1.133768675003E+00,+2.552331945026E+00,+22.079459542E-03
+3.113295000E-03,+1.135064215145E+00,+2.552724532955E+00,+23.803077628E-03
+3.113300000E-03,+1.136411577002E+00,+2.552724532961E+00,+24.603328864E-03
+3.113305000E-03,+1.138536262872E+00,+2.552724532961E+00,+26.379710758E-03
+3.113310000E-03,+1.138277154867E+00,+2.552724532961E+00,+27.149183112E-03
+3.113315000E-03,+1.139987267922E+00,+2.552724532961E+00,+28.960740878E-03
+3.113320000E-03,+1.141438272940E+00,+2.552724532961E+00,+29.642273538E-03
+3.113325000E-03,+1.143044742731E+00,+2.552724532961E+00,+31.392273518E-03
+3.113330000E-03,+1.142681991466E+00,+2.552724532961E+00,+32.179333812E-03
+3.113335000E-03,+1.142060132234E+00,+2.552724532961E+00,+33.876569974E-03
+3.113340000E-03,+1.142992921165E+00,+2.552724532961E+00,+34.562499620E-03
+3.113345000E-03,+1.143096564281E+00,+2.552724532961E+00,+36.365263406E-03
+3.113350000E-03,+1.142319240247E+00,+2.552724532961E+00,+36.976444316E-03
+3.113355000E-03,+1.142837456305E+00,+2.552724532961E+00,+38.730841271E-03
+3.113360000E-03,+1.142371061821E+00,+2.552724532961E+00,+39.456343793E-03
+3.113365000E-03,+1.140505484022E+00,+2.552724532961E+00,+41.078831197E-03
+3.113370000E-03,+1.140401840741E+00,+2.552724532961E+00,+41.817524671E-03
+3.113375000E-03,+1.139624516629E+00,+2.552724532961E+00,+43.391645244E-03
+3.113380000E-03,+1.135789717733E+00,+2.552724532961E+00,+44.086368871E-03
+3.113385000E-03,+1.135634252865E+00,+2.552724532961E+00,+45.642901501E-03
+3.113390000E-03,+1.133872318239E+00,+2.552724532961E+00,+46.456343715E-03
+3.113395000E-03,+1.131022129852E+00,+2.552724532961E+00,+47.876569821E-03
+3.113400000E-03,+1.129104730317E+00,+2.552724532961E+00,+48.668027110E-03
+3.113405000E-03,+1.125891790716E+00,+2.552724532961E+00,+50.189383867E-03
+3.113410000E-03,+1.123715283156E+00,+2.552724532961E+00,+50.980841153E-03
+3.113415000E-03,+1.120295057112E+00,+2.552724532961E+00,+52.405464247E-03
+3.113420000E-03,+1.118740408845E+00,+2.552724532961E+00,+53.060614994E-03
+3.113425000E-03,+1.114594680255E+00,+2.552724532961E+00,+54.533604925E-03
+3.113430000E-03,+1.111174454198E+00,+2.552724532961E+00,+55.179961705E-03
+3.113435000E-03,+1.106976903992E+00,+2.552724532961E+00,+56.573805914E-03
+3.113440000E-03,+1.103038461807E+00,+2.552724532961E+00,+57.286117466E-03
+3.113445000E-03,+1.098426338749E+00,+2.552724532961E+00,+58.635991816E-03
+3.113450000E-03,+1.094539718158E+00,+2.552724532961E+00,+59.299936543E-03
+3.113455000E-03,+1.090134881551E+00,+2.552724532961E+00,+60.583856122E-03
+3.113460000E-03,+1.085522758481E+00,+2.552724532961E+00,+61.357725460E-03
+3.113465000E-03,+1.079822381658E+00,+2.552724532961E+00,+62.483353594E-03
+3.113470000E-03,+1.074018361653E+00,+2.552724532961E+00,+63.371544530E-03
+3.113475000E-03,+1.069095308904E+00,+2.552724532961E+00,+64.426820907E-03
+3.113480000E-03,+1.063705861772E+00,+2.552724532961E+00,+65.358981697E-03
+3.113485000E-03,+1.057539090431E+00,+2.552724532961E+00,+66.343906316E-03
+3.113490000E-03,+1.052097821632E+00,+2.552724532961E+00,+67.236494239E-03
+3.113495000E-03,+1.045516477528E+00,+2.552724532961E+00,+68.129082180E-03
+3.113500000E-03,+1.039816100704E+00,+2.552724532961E+00,+69.122800751E-03
+3.113505000E-03,+1.033908437430E+00,+2.552724532961E+00,+69.936242963E-03
+3.113510000E-03,+1.027067985284E+00,+2.552724532961E+00,+70.872800732E-03
+3.113515000E-03,+1.020020246679E+00,+2.552724532961E+00,+71.690639932E-03
+3.113520000E-03,+1.012920686445E+00,+2.552724532961E+00,+72.556845942E-03
+3.113525000E-03,+1.005251088533E+00,+2.552724532961E+00,+73.335112278E-03
+3.113530000E-03,+997.685133819E-03,+2.552724532961E+00,+74.179333362E-03
+3.113535000E-03,+990.741038391E-03,+2.552724532961E+00,+74.944408736E-03
+3.113540000E-03,+982.449581219E-03,+2.552724532961E+00,+75.749056970E-03
+3.113545000E-03,+975.298199394E-03,+2.552724532961E+00,+76.496544394E-03
+3.113550000E-03,+966.592169404E-03,+2.552724532961E+00,+77.406720272E-03
+3.113555000E-03,+959.233501099E-03,+2.552724532961E+00,+77.991519258E-03
+3.113560000E-03,+950.475649396E-03,+2.552724532961E+00,+78.870916232E-03
+3.113565000E-03,+942.132370667E-03,+2.552724532961E+00,+79.455715218E-03
+3.113570000E-03,+934.721880789E-03,+2.552724532961E+00,+80.405463956E-03
+3.113575000E-03,+924.564845734E-03,+2.552724532961E+00,+80.761619724E-03
+3.113580000E-03,+916.221566874E-03,+2.552724532961E+00,+81.812499120E-03
+3.113585000E-03,+906.064531854E-03,+2.552724532961E+00,+82.071921219E-03
+3.113590000E-03,+897.203036944E-03,+2.552724532961E+00,+83.215137296E-03
+3.113595000E-03,+887.253288286E-03,+2.552724532961E+00,+83.311870956E-03
+3.113600000E-03,+878.184506972E-03,+2.552724532961E+00,+84.353956380E-03
+3.113605000E-03,+867.923828720E-03,+2.552724532961E+00,+84.573805614E-03
+3.113610000E-03,+857.766793636E-03,+2.552724532961E+00,+85.470790542E-03
+3.113615000E-03,+847.868866640E-03,+2.552724532961E+00,+85.717021684E-03
+3.113620000E-03,+838.074582855E-03,+2.552724532961E+00,+86.666770424E-03
+3.113625000E-03,+827.451153291E-03,+2.552724532961E+00,+86.811870924E-03
+3.113630000E-03,+816.464972538E-03,+2.552724532961E+00,+87.581343282E-03
+3.113635000E-03,+805.323326929E-03,+2.552724532961E+00,+87.977071909E-03
+3.113640000E-03,+793.922573244E-03,+2.552724532961E+00,+88.579458843E-03
+3.113645000E-03,+784.801970288E-03,+2.552724532961E+00,+88.975187482E-03
+3.113650000E-03,+773.245751836E-03,+2.552724532961E+00,+89.472046780E-03
+3.113655000E-03,+763.710576055E-03,+2.552724532961E+00,+89.964509079E-03
+3.113660000E-03,+750.806995812E-03,+2.552724532961E+00,+90.333855816E-03
+3.113665000E-03,+739.043490948E-03,+2.552724532961E+00,+90.795539214E-03
+3.113670000E-03,+727.953666916E-03,+2.552724532961E+00,+91.076946267E-03
+3.113675000E-03,+716.812021358E-03,+2.552724532961E+00,+91.613378399E-03
+3.113680000E-03,+705.048516412E-03,+2.552724532961E+00,+91.806845764E-03
+3.113685000E-03,+693.492297930E-03,+2.552724532961E+00,+92.312499001E-03
+3.113690000E-03,+680.381431210E-03,+2.552724532961E+00,+92.470790474E-03
+3.113695000E-03,+668.358818313E-03,+2.552724532961E+00,+92.923679899E-03
+3.113700000E-03,+656.180740605E-03,+2.552724532961E+00,+93.046795494E-03
+3.113705000E-03,+644.261770854E-03,+2.552724532961E+00,+93.618403506E-03
+3.113710000E-03,+631.150904199E-03,+2.552724532961E+00,+93.631594477E-03
+3.113715000E-03,+618.610075144E-03,+2.552724532961E+00,+94.124056767E-03
+3.113720000E-03,+607.261143079E-03,+2.552724532961E+00,+94.062499002E-03
+3.113725000E-03,+593.994811606E-03,+2.552724532961E+00,+94.642900981E-03
+3.113730000E-03,+580.158442373E-03,+2.552724532961E+00,+94.453830654E-03
+3.113735000E-03,+568.084007881E-03,+2.552724532961E+00,+94.880338169E-03
+3.113740000E-03,+554.817676296E-03,+2.552724532961E+00,+94.814383419E-03
+3.113745000E-03,+540.670377569E-03,+2.552724532961E+00,+95.152951239E-03
+3.113750000E-03,+527.248581131E-03,+2.552724532961E+00,+95.104584413E-03
+3.113755000E-03,+514.552287289E-03,+2.552724532961E+00,+95.324433646E-03
+3.113760000E-03,+499.679485967E-03,+2.552724532961E+00,+95.394785415E-03
+3.113765000E-03,+486.775905699E-03,+2.552724532961E+00,+95.447549222E-03
+3.113770000E-03,+472.628606829E-03,+2.552724532961E+00,+95.614634657E-03
+3.113775000E-03,+458.688594472E-03,+2.552724532961E+00,+95.513503996E-03
+3.113780000E-03,+444.852225291E-03,+2.552724532961E+00,+95.759735153E-03
+3.113785000E-03,+430.186710377E-03,+2.552724532961E+00,+95.473931137E-03
+3.113790000E-03,+417.749524507E-03,+2.552724532961E+00,+95.764132139E-03
+3.113795000E-03,+403.135831288E-03,+2.552724532961E+00,+95.381594463E-03
+3.113800000E-03,+388.003921837E-03,+2.552724532961E+00,+95.698177363E-03
+3.113805000E-03,+373.182942153E-03,+2.552724532961E+00,+95.394785420E-03
+3.113810000E-03,+358.724713625E-03,+2.552724532961E+00,+95.553076858E-03
+3.113815000E-03,+344.577414773E-03,+2.552724532961E+00,+95.227699998E-03
+3.113820000E-03,+329.497327008E-03,+2.552724532961E+00,+95.284860777E-03
+3.113825000E-03,+315.453671389E-03,+2.552724532961E+00,+94.977071852E-03
+3.113830000E-03,+301.565480504E-03,+2.552724532961E+00,+94.985865817E-03
+3.113835000E-03,+286.174463142E-03,+2.552724532961E+00,+94.686870854E-03
+3.113840000E-03,+271.664413025E-03,+2.552724532961E+00,+94.700061801E-03
+3.113845000E-03,+256.532503678E-03,+2.552724532961E+00,+94.352699996E-03
+3.113850000E-03,+240.986021459E-03,+2.552724532961E+00,+94.308730146E-03
+3.113855000E-03,+225.854112170E-03,+2.552724532961E+00,+93.798679902E-03
+3.113860000E-03,+211.499526796E-03,+2.552724532961E+00,+93.970162310E-03
+3.113865000E-03,+197.144941536E-03,+2.552724532961E+00,+93.271041714E-03
+3.113870000E-03,+182.634891414E-03,+2.552724532961E+00,+93.411745234E-03
+3.113875000E-03,+167.295695572E-03,+2.552724532961E+00,+92.681845747E-03
+3.113880000E-03,+151.956499792E-03,+2.552724532961E+00,+92.844534177E-03
+3.113885000E-03,+136.513660730E-03,+2.552724532961E+00,+92.092649774E-03
+3.113890000E-03,+120.500784114E-03,+2.552724532961E+00,+92.110237708E-03
+3.113895000E-03,+105.783447527E-03,+2.552724532961E+00,+91.393529178E-03
+3.113900000E-03,+91.117932565E-03,+2.552724532961E+00,+91.283604546E-03
+3.113905000E-03,+76.089666421E-03,+2.552724532961E+00,+90.668026676E-03
+3.113910000E-03,+59.765860072E-03,+2.552724532961E+00,+90.377825670E-03
+3.113915000E-03,+45.152166735E-03,+2.552724532961E+00,+89.990891001E-03
+3.113920000E-03,+29.812970906E-03,+2.552724532961E+00,+89.348931212E-03
+3.113925000E-03,+15.924780148E-03,+2.552724532961E+00,+89.142272918E-03
+3.113930000E-03,+67.368293E-06,+2.552724532961E+00,+88.443152329E-03
+3.113935000E-03,-15.427292411E-03,+2.552724532961E+00,+88.183730213E-03
+3.113940000E-03,-29.678234438E-03,+2.552724532961E+00,+87.427448828E-03
+3.113945000E-03,-43.980998131E-03,+2.552724532961E+00,+87.066896048E-03
+3.113950000E-03,-59.372015571E-03,+2.552724532961E+00,+86.429333264E-03
+3.113955000E-03,-75.540357120E-03,+2.552724532961E+00,+85.928076970E-03
+3.113960000E-03,-89.894942406E-03,+2.552724532961E+00,+85.277323229E-03
+3.113965000E-03,-105.130494958E-03,+2.552724532961E+00,+84.657348332E-03
+3.113970000E-03,-121.765230992E-03,+2.552724532961E+00,+84.266016696E-03
+3.113975000E-03,-137.259891603E-03,+2.552724532961E+00,+83.364634793E-03
+3.113980000E-03,-151.821763351E-03,+2.552724532961E+00,+82.982097117E-03
+3.113985000E-03,-167.005494264E-03,+2.552724532961E+00,+82.071921238E-03
+3.113990000E-03,-182.396511687E-03,+2.552724532961E+00,+81.693780547E-03
+3.113995000E-03,-196.543810588E-03,+2.552724532961E+00,+80.792398650E-03
+3.114000000E-03,-210.224715009E-03,+2.552724532961E+00,+80.229584581E-03
+3.114005000E-03,-226.289413289E-03,+2.552724532961E+00,+79.438127299E-03
+3.114010000E-03,-243.131435672E-03,+2.552724532961E+00,+78.717021786E-03
+3.114015000E-03,-258.522453109E-03,+2.552724532961E+00,+78.075061991E-03
+3.114020000E-03,-272.980681691E-03,+2.552724532961E+00,+77.186871041E-03
+3.114025000E-03,-288.216234166E-03,+2.552724532961E+00,+76.650438884E-03
+3.114030000E-03,-303.037213956E-03,+2.552724532961E+00,+75.621544423E-03
+3.114035000E-03,-318.169123328E-03,+2.552724532961E+00,+75.019157493E-03
+3.114040000E-03,-334.182000028E-03,+2.552724532961E+00,+74.016644953E-03
+3.114045000E-03,-348.536585332E-03,+2.552724532961E+00,+73.370288168E-03
+3.114050000E-03,-363.253921871E-03,+2.552724532961E+00,+72.433730388E-03
+3.114055000E-03,-377.919436691E-03,+2.552724532961E+00,+71.567524365E-03
+3.114060000E-03,-391.963092364E-03,+2.552724532961E+00,+70.784861068E-03
+3.114065000E-03,-406.628607278E-03,+2.552724532961E+00,+69.742775644E-03
+3.114070000E-03,-419.946760406E-03,+2.552724532961E+00,+69.039258068E-03
+3.114075000E-03,-435.959637096E-03,+2.552724532961E+00,+67.948805815E-03
+3.114080000E-03,-450.210579128E-03,+2.552724532961E+00,+67.139760605E-03
+3.114085000E-03,-462.958694677E-03,+2.552724532961E+00,+66.009735487E-03
+3.114090000E-03,-478.038782459E-03,+2.552724532961E+00,+65.279836001E-03
+3.114095000E-03,-492.030616503E-03,+2.552724532961E+00,+64.176192790E-03
+3.114100000E-03,-506.074272167E-03,+2.552724532961E+00,+63.349559639E-03
+3.114105000E-03,-519.703354882E-03,+2.552724532961E+00,+62.320665171E-03
+3.114110000E-03,-533.539724049E-03,+2.552724532961E+00,+61.362122477E-03
+3.114115000E-03,-546.080553010E-03,+2.552724532961E+00,+60.324434030E-03
+3.114120000E-03,-559.346884517E-03,+2.552724532961E+00,+59.370288327E-03
+3.114125000E-03,-572.872324148E-03,+2.552724532961E+00,+58.328202891E-03
+3.114130000E-03,-586.605050090E-03,+2.552724532961E+00,+57.308102424E-03
+3.114135000E-03,-599.508630359E-03,+2.552724532961E+00,+56.279207940E-03
+3.114140000E-03,-612.774961952E-03,+2.552724532961E+00,+55.281092403E-03
+3.114145000E-03,-625.626720536E-03,+2.552724532961E+00,+54.102700431E-03
+3.114150000E-03,-638.633944010E-03,+2.552724532961E+00,+53.152951719E-03
+3.114155000E-03,-651.071129824E-03,+2.552724532961E+00,+51.978956730E-03
+3.114160000E-03,-664.078353312E-03,+2.552724532961E+00,+51.011620076E-03
+3.114165000E-03,-675.790036617E-03,+2.552724532961E+00,+49.907976861E-03
+3.114170000E-03,-688.589973620E-03,+2.552724532961E+00,+48.716393975E-03
+3.114175000E-03,-700.457121734E-03,+2.552724532961E+00,+47.753454271E-03
+3.114180000E-03,-712.168805053E-03,+2.552724532961E+00,+46.346419120E-03
+3.114185000E-03,-723.776845234E-03,+2.552724532961E+00,+45.594534700E-03
+3.114190000E-03,-736.369495780E-03,+2.552724532961E+00,+44.002826171E-03
+3.114195000E-03,-748.547573494E-03,+2.552724532961E+00,+43.356469396E-03
+3.114200000E-03,-760.570186444E-03,+2.552724532961E+00,+41.575690532E-03
+3.114205000E-03,-771.089972763E-03,+2.552724532961E+00,+41.166770925E-03
+3.114210000E-03,-784.149017891E-03,+2.552724532961E+00,+39.161745830E-03
+3.114215000E-03,-794.616982607E-03,+2.552724532961E+00,+38.660489550E-03
+3.114220000E-03,-805.344055338E-03,+2.552724532961E+00,+36.857725753E-03
+3.114225000E-03,-817.418489887E-03,+2.552724532961E+00,+36.250941844E-03
+3.114230000E-03,-827.575524958E-03,+2.552724532961E+00,+34.399811209E-03
+3.114235000E-03,-839.287208172E-03,+2.552724532961E+00,+33.793027295E-03
+3.114240000E-03,-849.444243349E-03,+2.552724532961E+00,+32.016645393E-03
+3.114245000E-03,-859.808564828E-03,+2.552724532961E+00,+31.295539889E-03
+3.114250000E-03,-869.343740591E-03,+2.552724532961E+00,+29.523554969E-03
+3.114255000E-03,-880.226278177E-03,+2.552724532961E+00,+28.793655498E-03
+3.114260000E-03,-891.005172579E-03,+2.552724532961E+00,+26.951318816E-03
+3.114265000E-03,-901.628602045E-03,+2.552724532961E+00,+26.287374115E-03
+3.114270000E-03,-910.956491461E-03,+2.552724532961E+00,+24.414258538E-03
+3.114275000E-03,-922.098136942E-03,+2.552724532961E+00,+23.772298764E-03
+3.114280000E-03,-930.752345483E-03,+2.552724532961E+00,+21.877198270E-03
+3.114285000E-03,-939.613840395E-03,+2.552724532961E+00,+21.261620402E-03
+3.114290000E-03,-949.149016196E-03,+2.552724532961E+00,+19.322550061E-03
+3.114295000E-03,-958.010511025E-03,+2.552724532961E+00,+18.711369169E-03
+3.114300000E-03,-966.612897849E-03,+2.552724532961E+00,+16.833856624E-03
+3.114305000E-03,-976.407181655E-03,+2.552724532961E+00,+16.038002357E-03
+3.114310000E-03,-984.284066043E-03,+2.552724532961E+00,+14.349560171E-03
+3.114315000E-03,-992.316415166E-03,+2.552724532961E+00,+13.355841580E-03
+3.114320000E-03,-1.001385196545E+00,+2.552724532961E+00,+11.834484814E-03
+3.114325000E-03,-1.009883940127E+00,+2.552724532961E+00,+10.656092869E-03
+3.114330000E-03,-1.017035321973E+00,+2.552724532961E+00,+9.323806447E-03
+3.114335000E-03,-1.023979417335E+00,+2.552724532961E+00,+7.925565264E-03
+3.114340000E-03,-1.031856301728E+00,+2.552724532961E+00,+6.848303954E-03
+3.114345000E-03,-1.039629542763E+00,+2.552724532961E+00,+5.357726099E-03
+3.114350000E-03,-1.046262708581E+00,+2.552724532961E+00,+4.210113032E-03
+3.114355000E-03,-1.053310447222E+00,+2.552724532961E+00,+2.816268845E-03
+3.114360000E-03,-1.061394617976E+00,+2.552724532961E+00,+1.536746222E-03
+3.114365000E-03,-1.066784065233E+00,+2.552724532961E+00,+257.223646E-06
+3.114370000E-03,-1.072950836468E+00,+2.552724532961E+00,-1.110238675E-03
+3.114375000E-03,-1.079532180609E+00,+2.552724532961E+00,-2.315012506E-03
+3.114380000E-03,-1.085750773489E+00,+2.552724532961E+00,-3.730841654E-03
+3.114385000E-03,-1.091813901588E+00,+2.552724532961E+00,-4.904836608E-03
+3.114390000E-03,-1.097877029673E+00,+2.552724532961E+00,-6.307474802E-03
+3.114395000E-03,-1.103111012015E+00,+2.552724532961E+00,-7.604585325E-03
+3.114400000E-03,-1.108604102418E+00,+2.552724532961E+00,-8.892901902E-03
+3.114405000E-03,-1.112749831049E+00,+2.552724532961E+00,-10.269158162E-03
+3.114410000E-03,-1.117724705372E+00,+2.552724532961E+00,-11.517901878E-03
+3.114415000E-03,-1.123217795770E+00,+2.552724532961E+00,-12.907349087E-03
+3.114420000E-03,-1.128037205234E+00,+2.084524186236E+00,-14.085741050E-03
+3.114425000E-03,-1.130680107239E+00,-52.724548440E-03,-15.497173184E-03
+3.114430000E-03,-1.135551338342E+00,-177.331970265E-03,-16.657977197E-03
+3.114435000E-03,-1.139127029193E+00,-94.181849280E-03,-18.337625399E-03
+3.114440000E-03,-1.143687330741E+00,+207.482724220E-03,-19.265389223E-03
+3.114445000E-03,-1.146900270367E+00,-64.894783558E-03,-20.804333925E-03
+3.114450000E-03,-1.150994177405E+00,-72.039886220E-03,-21.864007289E-03
+3.114455000E-03,-1.153533436130E+00,-104.389131991E-03,-23.367776119E-03
+3.114460000E-03,-1.157523699888E+00,-22.966395119E-03,-24.660489672E-03
+3.114465000E-03,-1.160477531575E+00,-50.761619428E-03,-25.940012268E-03
+3.114470000E-03,-1.163483184744E+00,-47.856469613E-03,-27.316268530E-03
+3.114475000E-03,-1.164934189772E+00,-63.402951355E-03,-28.516645407E-03
+3.114480000E-03,-1.167577091833E+00,-52.096419281E-03,-29.840137850E-03
+3.114485000E-03,-1.170375458647E+00,-50.918655035E-03,-31.159233319E-03
+3.114490000E-03,-1.171722820442E+00,-50.997172849E-03,-32.293655408E-03
+3.114495000E-03,-1.173329290231E+00,-53.431217921E-03,-33.608353901E-03
+3.114500000E-03,-1.175194868040E+00,-50.604584878E-03,-34.777951866E-03
+3.114505000E-03,-1.176283121821E+00,-50.683102415E-03,-36.233353865E-03
+3.114510000E-03,-1.177267732414E+00,-48.955715563E-03,-37.288630238E-03
+3.114515000E-03,-1.177889591676E+00,-49.662373719E-03,-38.748429215E-03
+3.114520000E-03,-1.179392418345E+00,-49.348303470E-03,-39.737750818E-03
+3.114525000E-03,-1.179340596676E+00,-50.290514487E-03,-41.210740741E-03
+3.114530000E-03,-1.179755169583E+00,-52.253454107E-03,-42.226444265E-03
+3.114535000E-03,-1.179496061569E+00,-50.840137689E-03,-43.501569869E-03
+3.114540000E-03,-1.179651526316E+00,-52.331971858E-03,-44.789886450E-03
+3.114545000E-03,-1.179081488620E+00,-49.819409143E-03,-45.867147726E-03
+3.114550000E-03,-1.178355986191E+00,-48.720162823E-03,-47.212625111E-03
+3.114555000E-03,-1.177164089190E+00,-48.327574852E-03,-48.201946696E-03
+3.114560000E-03,-1.177164089181E+00,-48.406092403E-03,-49.666142671E-03
+3.114565000E-03,-1.176334943480E+00,-47.856469373E-03,-50.549936628E-03
+3.114570000E-03,-1.175246689689E+00,-49.426821086E-03,-51.948177826E-03
+3.114575000E-03,-1.172811074185E+00,-49.976444196E-03,-52.941896400E-03
+3.114580000E-03,-1.171826463633E+00,-49.348303549E-03,-54.181846134E-03
+3.114585000E-03,-1.169701777703E+00,-49.505338572E-03,-55.369032057E-03
+3.114590000E-03,-1.167939843034E+00,-47.463881444E-03,-56.336368729E-03
+3.114595000E-03,-1.166022443600E+00,-48.406092295E-03,-57.651067206E-03
+3.114600000E-03,-1.163379541680E+00,-47.699434227E-03,-58.521670209E-03
+3.114605000E-03,-1.160892104482E+00,-46.914258205E-03,-59.880338539E-03
+3.114610000E-03,-1.158301024194E+00,-47.856469344E-03,-60.676192804E-03
+3.114615000E-03,-1.155709943672E+00,-45.657976862E-03,-62.070037002E-03
+3.114620000E-03,-1.152911576949E+00,-48.092022055E-03,-62.830715397E-03
+3.114625000E-03,-1.148040345869E+00,-46.992775778E-03,-64.088253066E-03
+3.114630000E-03,-1.146122946297E+00,-47.777951692E-03,-65.068780706E-03
+3.114635000E-03,-1.142495433816E+00,-45.736494579E-03,-66.071293255E-03
+3.114640000E-03,-1.137986953974E+00,-46.129082428E-03,-67.276067107E-03
+3.114645000E-03,-1.134152155020E+00,-47.463881380E-03,-68.005966591E-03
+3.114650000E-03,-1.128296313355E+00,-47.463881466E-03,-69.408604761E-03
+3.114655000E-03,-1.123995120020E+00,-46.364635254E-03,-69.989006776E-03
+3.114660000E-03,-1.119434818504E+00,-46.207600037E-03,-71.338881128E-03
+3.114665000E-03,-1.114563587477E+00,-45.657976876E-03,-71.848931391E-03
+3.114670000E-03,-1.109899642741E+00,-45.893529652E-03,-73.194408735E-03
+3.114675000E-03,-1.103836514665E+00,-45.265389078E-03,-73.831971569E-03
+3.114680000E-03,-1.098602532391E+00,-44.715765903E-03,-75.063127315E-03
+3.114685000E-03,-1.094042230836E+00,-45.736494608E-03,-75.775438887E-03
+3.114690000E-03,-1.087616351504E+00,-44.480213179E-03,-76.857097143E-03
+3.114695000E-03,-1.081864153077E+00,-45.265388919E-03,-77.692524283E-03
+3.114700000E-03,-1.075282808984E+00,-45.186871332E-03,-78.642273006E-03
+3.114705000E-03,-1.069945183404E+00,-44.166142787E-03,-79.402951408E-03
+3.114710000E-03,-1.062845623217E+00,-45.500941716E-03,-80.321921237E-03
+3.114715000E-03,-1.057093424719E+00,-45.422424173E-03,-81.100187560E-03
+3.114720000E-03,-1.049682934849E+00,-43.380966938E-03,-82.085112180E-03
+3.114725000E-03,-1.042531553035E+00,-45.186871419E-03,-82.661117196E-03
+3.114730000E-03,-1.034343739129E+00,-45.972047239E-03,-83.799936277E-03
+3.114735000E-03,-1.028591540564E+00,-45.029836230E-03,-84.288001600E-03
+3.114740000E-03,-1.019470937743E+00,-44.480213164E-03,-85.422423696E-03
+3.114745000E-03,-1.011438588611E+00,-44.401695519E-03,-85.818152339E-03
+3.114750000E-03,-1.003820812326E+00,-45.343906506E-03,-87.022926188E-03
+3.114755000E-03,-995.373890224E-03,-43.145414096E-03,-87.273554340E-03
+3.114760000E-03,-987.082433055E-03,-43.930589996E-03,-88.377197537E-03
+3.114765000E-03,-978.376402973E-03,-44.872801020E-03,-88.764132207E-03
+3.114770000E-03,-969.929481002E-03,-43.773554866E-03,-89.744659831E-03
+3.114775000E-03,-961.741666908E-03,-45.108353774E-03,-90.162373398E-03
+3.114780000E-03,-952.310134404E-03,-44.401695490E-03,-91.037373376E-03
+3.114785000E-03,-942.204921002E-03,-44.087625178E-03,-91.503453789E-03
+3.114790000E-03,-933.654355782E-03,-43.223931713E-03,-92.233353277E-03
+3.114795000E-03,-923.600963915E-03,-44.794283344E-03,-92.800564318E-03
+3.114800000E-03,-913.081177591E-03,-43.538002120E-03,-93.455715072E-03
+3.114805000E-03,-903.027785768E-03,-43.380966916E-03,-93.891016570E-03
+3.114810000E-03,-893.129858695E-03,-44.558730693E-03,-94.638504006E-03
+3.114815000E-03,-882.713715629E-03,-43.616519655E-03,-95.016644694E-03
+3.114820000E-03,-873.178539813E-03,-43.145414067E-03,-95.755338167E-03
+3.114825000E-03,-863.747007265E-03,-43.695037117E-03,-96.080715046E-03
+3.114830000E-03,-853.123577745E-03,-42.674308522E-03,-96.762247710E-03
+3.114835000E-03,-843.640223571E-03,-43.538002032E-03,-97.162373316E-03
+3.114840000E-03,-831.513967415E-03,-44.558730590E-03,-97.676820566E-03
+3.114845000E-03,-821.253289113E-03,-43.223931668E-03,-98.173679843E-03
+3.114850000E-03,-809.956178715E-03,-43.538002032E-03,-98.490262762E-03
+3.114855000E-03,-797.985387460E-03,-42.517273370E-03,-99.145413506E-03
+3.114860000E-03,-786.999206551E-03,-40.946921679E-03,-99.228956220E-03
+3.114865000E-03,-773.940161518E-03,-42.360238173E-03,-100.121544143E-03
+3.114870000E-03,-762.176656644E-03,-43.695037235E-03,-99.923679837E-03
+3.114875000E-03,-750.620438140E-03,-42.909861261E-03,-100.873428561E-03
+3.114880000E-03,-738.960576442E-03,-43.930590034E-03,-100.684358221E-03
+3.114885000E-03,-727.248893160E-03,-43.538001987E-03,-101.489006444E-03
+3.114890000E-03,-714.656242522E-03,-42.517273481E-03,-101.264760220E-03
+3.114895000E-03,-702.270878391E-03,-41.025439252E-03,-102.108981311E-03
+3.114900000E-03,-690.248265426E-03,-42.124685434E-03,-101.911116995E-03
+3.114905000E-03,-677.292863559E-03,-41.496544819E-03,-102.623428540E-03
+3.114910000E-03,-665.062964203E-03,-42.517273451E-03,-102.583855674E-03
+3.114915000E-03,-652.263027159E-03,-42.281720601E-03,-102.979584329E-03
+3.114920000E-03,-637.804798695E-03,-41.575062391E-03,-103.023554158E-03
+3.114925000E-03,-625.471256030E-03,-41.418027209E-03,-103.300564229E-03
+3.114930000E-03,-611.634886861E-03,-43.145414148E-03,-103.436870740E-03
+3.114935000E-03,-599.145879482E-03,-40.946921650E-03,-103.678704929E-03
+3.114940000E-03,-585.620439840E-03,-41.732097550E-03,-103.832599377E-03
+3.114945000E-03,-571.939535547E-03,-40.240263403E-03,-103.929333064E-03
+3.114950000E-03,-559.035955284E-03,-42.281720660E-03,-104.043654647E-03
+3.114955000E-03,-545.251407752E-03,-42.203203073E-03,-104.026066738E-03
+3.114960000E-03,-531.570503336E-03,-42.752826108E-03,-104.228328014E-03
+3.114965000E-03,-519.236960775E-03,-42.281720720E-03,-104.065639610E-03
+3.114970000E-03,-503.224084165E-03,-41.889132672E-03,-104.386619471E-03
+3.114975000E-03,-489.854109257E-03,-42.517273392E-03,-104.162373263E-03
+3.114980000E-03,-474.981307998E-03,-41.732097536E-03,-104.505338062E-03
+3.114985000E-03,-462.492300475E-03,-44.244660323E-03,-104.026066736E-03
+3.114990000E-03,-446.842175138E-03,-42.046167914E-03,-104.500941086E-03
+3.114995000E-03,-432.280303425E-03,-43.380966805E-03,-104.052448641E-03
