x-axis,1,2,3
second,Volt,Volt,Volt
+3.105000000E-03,-1.174573008820E+00,-53.666770782E-03,-34.311871492E-03
+3.105005000E-03,-1.176179478653E+00,-50.133479363E-03,-35.463881530E-03
+3.105010000E-03,-1.176283121867E+00,-52.017901452E-03,-36.840137796E-03
+3.105015000E-03,-1.177734126877E+00,-48.249057272E-03,-37.952574970E-03
+3.105020000E-03,-1.178563272597E+00,-48.641645208E-03,-39.306846313E-03
+3.105025000E-03,-1.179340596709E+00,-48.877197970E-03,-40.463253335E-03
+3.105030000E-03,-1.179962455999E+00,-51.389760755E-03,-41.571293525E-03
+3.105035000E-03,-1.180169742429E+00,-49.740891426E-03,-42.991519640E-03
+3.105040000E-03,-1.179703347962E+00,-48.170539686E-03,-43.923680434E-03
+3.105045000E-03,-1.180221564037E+00,-51.625313518E-03,-45.458228156E-03
+3.105050000E-03,-1.179340596709E+00,-49.191268318E-03,-46.495916587E-03
+3.105055000E-03,-1.177837770093E+00,-47.934986923E-03,-47.902951748E-03
+3.105060000E-03,-1.177734126878E+00,-46.050564834E-03,-48.755966814E-03
+3.105065000E-03,-1.176801337942E+00,-49.740891428E-03,-50.097047202E-03
+3.105070000E-03,-1.175194868111E+00,-48.406092445E-03,-51.200690406E-03
+3.105075000E-03,-1.174417543998E+00,-46.286117595E-03,-52.418655217E-03
+3.105080000E-03,-1.172344679699E+00,-51.546795932E-03,-53.588253195E-03
+3.105085000E-03,-1.170582745045E+00,-46.600187942E-03,-54.520413989E-03
+3.105090000E-03,-1.169339026464E+00,-50.211996948E-03,-56.028579802E-03
+3.105095000E-03,-1.167266162165E+00,-47.071293465E-03,-56.688127533E-03
+3.105100000E-03,-1.165763335548E+00,-47.777951752E-03,-58.262248119E-03
+3.105105000E-03,-1.162498574277E+00,-47.699434163E-03,-58.934986806E-03
+3.105110000E-03,-1.159907493903E+00,-49.191268316E-03,-60.451946588E-03
+3.105115000E-03,-1.156124516557E+00,-46.364635180E-03,-61.155464169E-03
+3.105120000E-03,-1.154207117079E+00,-47.542398990E-03,-62.571293299E-03
+3.105125000E-03,-1.151771501528E+00,-47.620916575E-03,-63.384735502E-03
+3.105130000E-03,-1.147366664891E+00,-46.521670357E-03,-64.642273177E-03
+3.105135000E-03,-1.144464654872E+00,-45.736494485E-03,-65.583227941E-03
+3.105140000E-03,-1.140370747881E+00,-44.480213094E-03,-66.691268130E-03
+3.105145000E-03,-1.136069554461E+00,-48.327574861E-03,-67.619031939E-03
+3.105150000E-03,-1.132856614796E+00,-48.327574857E-03,-68.630338461E-03
+3.105155000E-03,-1.128399956552E+00,-44.715765854E-03,-69.632851013E-03
+3.105160000E-03,-1.122285006872E+00,-46.914258293E-03,-70.604584671E-03
+3.105165000E-03,-1.119020245598E+00,-46.364635180E-03,-71.549936419E-03
+3.105170000E-03,-1.113527155203E+00,-48.013504509E-03,-72.592021835E-03
+3.105175000E-03,-1.108034064811E+00,-43.695037221E-03,-73.445036902E-03
+3.105180000E-03,-1.103318298530E+00,-45.029836202E-03,-74.517901212E-03
+3.105185000E-03,-1.097566100099E+00,-47.306846227E-03,-75.296167535E-03
+3.105190000E-03,-1.091036577555E+00,-46.050564830E-03,-76.307474057E-03
+3.105195000E-03,-1.085906238414E+00,-45.265388963E-03,-77.178077063E-03
+3.105200000E-03,-1.079843110341E+00,-43.930589982E-03,-78.176192630E-03
+3.105205000E-03,-1.074194555124E+00,-44.401695507E-03,-78.906092120E-03
+3.105210000E-03,-1.067146816506E+00,-44.401695504E-03,-79.789886080E-03
+3.105215000E-03,-1.061342796468E+00,-42.046167890E-03,-80.783604662E-03
+3.105220000E-03,-1.054087771419E+00,-42.517273416E-03,-81.478328273E-03
+3.105225000E-03,-1.047454605662E+00,-46.129082421E-03,-82.502825749E-03
+3.105230000E-03,-1.039785007754E+00,-47.149811046E-03,-83.105212678E-03
+3.105235000E-03,-1.031856301808E+00,-42.595791001E-03,-84.239634776E-03
+3.105240000E-03,-1.025274957658E+00,-45.736494487E-03,-84.736494067E-03
+3.105245000E-03,-1.016620749210E+00,-43.066896522E-03,-85.734609634E-03
+3.105250000E-03,-1.008018362367E+00,-47.306846222E-03,-86.275438774E-03
+3.105255000E-03,-1.000037834813E+00,-42.517273413E-03,-87.269157356E-03
+3.105260000E-03,-991.901842437E-03,-42.674308591E-03,-87.735237754E-03
+3.105265000E-03,-983.506742025E-03,-44.951318613E-03,-88.614634729E-03
+3.105270000E-03,-974.645247148E-03,-43.380966872E-03,-89.142272914E-03
+3.105275000E-03,-966.042860304E-03,-43.223931696E-03,-89.929333207E-03
+3.105280000E-03,-957.025900603E-03,-43.145414111E-03,-90.619659833E-03
+3.105285000E-03,-947.542546432E-03,-43.538002043E-03,-91.191267867E-03
+3.105290000E-03,-938.059192263E-03,-44.794283438E-03,-91.802448765E-03
+3.105295000E-03,-929.249518990E-03,-41.732097544E-03,-92.536745240E-03
+3.105300000E-03,-919.351591960E-03,-43.459484461E-03,-93.007222622E-03
+3.105305000E-03,-908.572697603E-03,-46.207600010E-03,-93.772297990E-03
+3.105310000E-03,-898.052911284E-03,-42.988378939E-03,-94.172423614E-03
+3.105315000E-03,-887.584946571E-03,-42.674308586E-03,-94.959483907E-03
+3.105320000E-03,-877.583376330E-03,-42.281720655E-03,-95.258478879E-03
+3.105325000E-03,-869.136454308E-03,-43.538002042E-03,-95.931217565E-03
+3.105330000E-03,-859.186705670E-03,-44.637248260E-03,-96.353328114E-03
+3.105335000E-03,-848.874205782E-03,-42.517273413E-03,-96.946921071E-03
+3.105340000E-03,-837.266165706E-03,-43.930589983E-03,-97.320664787E-03
+3.105345000E-03,-825.969055277E-03,-44.637248268E-03,-97.852699956E-03
+3.105350000E-03,-814.879231274E-03,-41.889132715E-03,-98.283604475E-03
+3.105355000E-03,-804.463088166E-03,-42.438755824E-03,-98.815639644E-03
+3.105360000E-03,-792.647761661E-03,-40.632851332E-03,-99.202574314E-03
+3.105365000E-03,-780.884256762E-03,-45.186871374E-03,-99.523554210E-03
+3.105370000E-03,-768.809822219E-03,-44.401695498E-03,-99.976443653E-03
+3.105375000E-03,-756.735387672E-03,-40.632851327E-03,-100.389760231E-03
+3.105380000E-03,-745.179169204E-03,-44.166142747E-03,-100.627197415E-03
+3.105385000E-03,-731.964659298E-03,-42.752826177E-03,-101.097674797E-03
+3.105390000E-03,-720.667548863E-03,-43.930589979E-03,-101.119659721E-03
+3.105395000E-03,-709.214973609E-03,-41.810615130E-03,-101.955086847E-03
+3.105400000E-03,-696.052285311E-03,-41.339509608E-03,-101.576946148E-03
+3.105405000E-03,-682.941418617E-03,-42.909861350E-03,-102.561870761E-03
+3.105410000E-03,-671.696129793E-03,-41.967650303E-03,-102.130966243E-03
+3.105415000E-03,-658.118868634E-03,-41.103956848E-03,-103.067524022E-03
+3.105420000E-03,-645.163466759E-03,-42.517273420E-03,-102.588252670E-03
+3.105425000E-03,-632.881745784E-03,-43.380966870E-03,-103.498428539E-03
+3.105430000E-03,-618.527160512E-03,-43.459484457E-03,-103.058730052E-03
+3.105435000E-03,-606.297261145E-03,-41.810615126E-03,-103.889760193E-03
+3.105440000E-03,-591.839032656E-03,-41.418027195E-03,-103.441267736E-03
+3.105445000E-03,-579.142738824E-03,-42.124685480E-03,-103.968905921E-03
+3.105450000E-03,-565.720942488E-03,-43.145414105E-03,-103.823805421E-03
+3.105455000E-03,-552.558254183E-03,-40.475816148E-03,-104.065639589E-03
+3.105460000E-03,-538.773706595E-03,-42.517273419E-03,-104.100815468E-03
+3.105465000E-03,-524.367299713E-03,-42.595790993E-03,-104.215137075E-03
+3.105470000E-03,-511.774649096E-03,-41.732097540E-03,-104.127197377E-03
+3.105475000E-03,-497.627350253E-03,-40.004710626E-03,-104.382222500E-03
+3.105480000E-03,-482.339976043E-03,-40.475816147E-03,-104.166770240E-03
+3.105485000E-03,-469.021822920E-03,-43.066896523E-03,-104.408604410E-03
+3.105490000E-03,-453.993556746E-03,-41.889132714E-03,-104.179961195E-03
+3.105495000E-03,-438.550717720E-03,-41.025439258E-03,-104.316267728E-03
+3.105500000E-03,-424.507062093E-03,-41.732097546E-03,-104.012875770E-03
+3.105505000E-03,-409.634260744E-03,-41.967650303E-03,-104.263503909E-03
+3.105510000E-03,-394.761459393E-03,-43.930589972E-03,-103.793026526E-03
+3.105515000E-03,-381.028733413E-03,-40.789886493E-03,-104.153579287E-03
+3.105520000E-03,-366.466861708E-03,-40.397298573E-03,-103.727071753E-03
+3.105525000E-03,-351.386773930E-03,-43.380966872E-03,-103.801820497E-03
+3.105530000E-03,-336.513972580E-03,-42.517273406E-03,-103.463252661E-03
+3.105535000E-03,-321.019311947E-03,-39.690640281E-03,-103.450061707E-03
+3.105540000E-03,-305.939224169E-03,-41.967650304E-03,-103.212624522E-03
+3.105545000E-03,-291.740103714E-03,-42.988378937E-03,-102.975187340E-03
+3.105550000E-03,-276.452729506E-03,-41.339509602E-03,-102.733353171E-03
+3.105555000E-03,-261.268998510E-03,-41.339509607E-03,-102.654207444E-03
+3.105560000E-03,-245.411586625E-03,-41.889132720E-03,-102.196921016E-03
+3.105565000E-03,-230.227855632E-03,-42.281720652E-03,-102.227699910E-03
+3.105570000E-03,-214.940481424E-03,-41.810615123E-03,-101.607725042E-03
+3.105575000E-03,-199.964036864E-03,-41.182474428E-03,-101.700061725E-03
+3.105580000E-03,-186.231310873E-03,-42.046167896E-03,-100.934986356E-03
+3.105585000E-03,-169.855682913E-03,-41.025439257E-03,-101.088880827E-03
+3.105590000E-03,-155.397454425E-03,-44.558730672E-03,-100.152323049E-03
+3.105595000E-03,-139.850972179E-03,-40.240263385E-03,-100.517272793E-03
+3.105600000E-03,-124.097203505E-03,-41.025439267E-03,-99.360865770E-03
+3.105605000E-03,-109.120758940E-03,-42.046167885E-03,-99.642272803E-03
+3.105610000E-03,-93.729741511E-03,-43.223931701E-03,-98.670539145E-03
+3.105615000E-03,-79.167869811E-03,-41.575062372E-03,-98.740890902E-03
+3.105620000E-03,-64.450533287E-03,-39.847675456E-03,-97.940639656E-03
+3.105625000E-03,-49.059515869E-03,-44.872801026E-03,-97.646041668E-03
+3.105630000E-03,-34.549465770E-03,-40.554333740E-03,-97.109609514E-03
+3.105635000E-03,-19.676664419E-03,-40.318780981E-03,-96.599559267E-03
+3.105640000E-03,-4.389290216E-03,-41.732097542E-03,-96.168654749E-03
+3.105645000E-03,+12.297267390E-03,-42.046167889E-03,-95.487122093E-03
+3.105650000E-03,+26.962782319E-03,-40.161745805E-03,-95.205715062E-03
+3.105655000E-03,+43.079302246E-03,-40.868404084E-03,-94.330715071E-03
+3.105660000E-03,+57.796638766E-03,-39.455087526E-03,-94.115262811E-03
+3.105665000E-03,+72.462153686E-03,-42.831343758E-03,-93.134735184E-03
+3.105670000E-03,+88.319565578E-03,-42.595790991E-03,-92.857725137E-03
+3.105675000E-03,+104.073334253E-03,-39.298052346E-03,-91.960740222E-03
+3.105680000E-03,+118.013346670E-03,-43.459484473E-03,-91.701318114E-03
+3.105685000E-03,+134.026223376E-03,-42.517273403E-03,-90.646041744E-03
+3.105690000E-03,+149.054489549E-03,-40.946921668E-03,-90.320664863E-03
+3.105695000E-03,+165.637403944E-03,-42.517273405E-03,-89.436870902E-03
+3.105700000E-03,+180.354740472E-03,-41.103956850E-03,-89.036745279E-03
+3.105705000E-03,+196.263973967E-03,-42.438755825E-03,-87.985865892E-03
+3.105710000E-03,+210.566737637E-03,-42.595790987E-03,-87.682473937E-03
+3.105715000E-03,+225.232252555E-03,-40.475816145E-03,-86.561242792E-03
+3.105720000E-03,+240.571448365E-03,-41.103956851E-03,-86.174308124E-03
+3.105725000E-03,+255.236963287E-03,-43.459484460E-03,-84.934358387E-03
+3.105730000E-03,+270.368872672E-03,-40.789886499E-03,-84.648554372E-03
+3.105735000E-03,+286.537214202E-03,-40.632851322E-03,-83.386619710E-03
+3.105740000E-03,+301.358193948E-03,-41.575062381E-03,-83.008479012E-03
+3.105745000E-03,+315.090919929E-03,-43.380966862E-03,-81.825690078E-03
+3.105750000E-03,+329.860078060E-03,-43.223931695E-03,-81.245288076E-03
+3.105755000E-03,+344.836522628E-03,-41.260992020E-03,-80.308730297E-03
+3.105760000E-03,+358.983821469E-03,-41.967650312E-03,-79.446921261E-03
+3.105765000E-03,+373.442049962E-03,-42.203203064E-03,-78.615891119E-03
+3.105770000E-03,+387.796635233E-03,-45.108353771E-03,-77.529835855E-03
+3.105775000E-03,+402.513971763E-03,-41.182474433E-03,-76.980212744E-03
+3.105780000E-03,+417.853167576E-03,-41.732097549E-03,-75.683102206E-03
+3.105785000E-03,+432.466860882E-03,-42.831343757E-03,-75.234609747E-03
+3.105790000E-03,+445.111333116E-03,-41.182474429E-03,-73.673680118E-03
+3.105795000E-03,+459.103167133E-03,-41.967650301E-03,-73.383479114E-03
+3.105800000E-03,+472.887714720E-03,-42.203203072E-03,-71.778579636E-03
+3.105805000E-03,+486.361332673E-03,-39.612122702E-03,-71.382850995E-03
+3.105810000E-03,+500.508631510E-03,-45.579459291E-03,-70.010991715E-03
+3.105815000E-03,+513.826784640E-03,-40.632851320E-03,-69.448177649E-03
+3.105820000E-03,+527.870440260E-03,-41.732097560E-03,-68.032348519E-03
+3.105825000E-03,+541.654987859E-03,-43.852072388E-03,-67.311242998E-03
+3.105830000E-03,+554.610389727E-03,-41.653579951E-03,-66.022926431E-03
+3.105835000E-03,+567.928542856E-03,-41.810615132E-03,-65.257851061E-03
+3.105840000E-03,+581.868555266E-03,-41.810615129E-03,-64.039886250E-03
+3.105845000E-03,+593.994811416E-03,-42.203203071E-03,-62.949434000E-03
+3.105850000E-03,+608.401218300E-03,-42.281720641E-03,-61.924936524E-03
+3.105855000E-03,+620.579296059E-03,-40.711368906E-03,-60.948805881E-03
+3.105860000E-03,+633.482876324E-03,-40.789886513E-03,-59.682474237E-03
+3.105865000E-03,+645.764597298E-03,-44.794283445E-03,-58.833856155E-03
+3.105870000E-03,+657.424458977E-03,-41.496544780E-03,-57.444408935E-03
+3.105875000E-03,+669.084320664E-03,-41.339509604E-03,-56.617775777E-03
+3.105880000E-03,+681.573328072E-03,-40.397298568E-03,-55.175564738E-03
+3.105885000E-03,+693.855049047E-03,-42.124685478E-03,-54.304961731E-03
+3.105890000E-03,+705.774018761E-03,-43.852072381E-03,-52.889132602E-03
+3.105895000E-03,+718.211204560E-03,-40.711368909E-03,-52.071293413E-03
+3.105900000E-03,+729.145563740E-03,-42.360238261E-03,-50.567524586E-03
+3.105905000E-03,+740.805425418E-03,-43.538002041E-03,-49.648554745E-03
+3.105910000E-03,+752.620751930E-03,-42.438755811E-03,-48.210740693E-03
+3.105915000E-03,+763.917862367E-03,-42.595790994E-03,-47.269785926E-03
+3.105920000E-03,+775.888653693E-03,-41.103956860E-03,-45.933102526E-03
+3.105925000E-03,+786.408440013E-03,-42.988378939E-03,-44.763504546E-03
+3.105930000E-03,+797.342799192E-03,-44.244660314E-03,-43.677449283E-03
+3.105935000E-03,+808.380801582E-03,-41.496544774E-03,-42.402323667E-03
+3.105940000E-03,+818.900587898E-03,-42.909861362E-03,-41.118404086E-03
+3.105945000E-03,+829.731303872E-03,-44.872801026E-03,-39.887248316E-03
+3.105950000E-03,+839.214658034E-03,-42.752826167E-03,-38.559358887E-03
+3.105955000E-03,+848.594368996E-03,-40.711368909E-03,-37.433730756E-03
+3.105960000E-03,+860.668803534E-03,-40.240263397E-03,-36.132223234E-03
+3.105965000E-03,+869.944871274E-03,-43.930589984E-03,-34.909861436E-03
+3.105970000E-03,+879.324582235E-03,-44.401695472E-03,-33.625941854E-03
+3.105975000E-03,+890.414406238E-03,-41.653579950E-03,-32.473931813E-03
+3.105980000E-03,+899.379544328E-03,-43.773554826E-03,-30.983353942E-03
+3.105985000E-03,+908.551968853E-03,-44.087625145E-03,-29.892901691E-03
+3.105990000E-03,+917.361642135E-03,-43.145414100E-03,-28.397926835E-03
+3.105995000E-03,+926.534066653E-03,-40.868404079E-03,-27.408605235E-03
+3.106000000E-03,+935.188275106E-03,-42.674308598E-03,-25.742147969E-03
+3.106005000E-03,+943.220624268E-03,-43.145414106E-03,-24.704459536E-03
+3.106010000E-03,+951.563903073E-03,-42.517273408E-03,-23.183102770E-03
+3.106015000E-03,+960.269933125E-03,-42.988378922E-03,-22.163002276E-03
+3.106020000E-03,+967.732244612E-03,-40.318780993E-03,-20.487751040E-03
+3.106025000E-03,+975.557307337E-03,-45.736494497E-03,-19.586369138E-03
+3.106030000E-03,+982.967797208E-03,-43.695037193E-03,-17.845163128E-03
+3.106035000E-03,+991.777470475E-03,-39.926193040E-03,-17.040514895E-03
+3.106040000E-03,+999.136138743E-03,-43.930590012E-03,-15.070665670E-03
+3.106045000E-03,+1.006857558251E+00,-42.046167882E-03,-14.323178240E-03
+3.106050000E-03,+1.013024329551E+00,-42.517273407E-03,-12.581972229E-03
+3.106055000E-03,+1.019864781743E+00,-42.517273408E-03,-11.803705906E-03
+3.106060000E-03,+1.026808877141E+00,-42.438755835E-03,-9.987751151E-03
+3.106065000E-03,+1.032664718785E+00,-43.459484463E-03,-9.090766237E-03
+3.106070000E-03,+1.038313273999E+00,-42.988378927E-03,-7.415514998E-03
+3.106075000E-03,+1.045827407090E+00,-41.967650304E-03,-6.452575310E-03
+3.106080000E-03,+1.051320497478E+00,-42.046167905E-03,-4.926821557E-03
+3.106085000E-03,+1.056658123054E+00,-42.909861356E-03,-3.660489913E-03
+3.106090000E-03,+1.062513964696E+00,-43.538002040E-03,-2.438128116E-03
+3.106095000E-03,+1.068680735990E+00,-41.575062369E-03,-1.097047731E-03
+3.106100000E-03,+1.074484756030E+00,-43.066896540E-03,+116.520099E-06
+3.106105000E-03,+1.080081489641E+00,-42.752826180E-03,+1.580716060E-03
+3.106110000E-03,+1.086662833781E+00,-34.429961976E-03,+2.882223586E-03
+3.106115000E-03,+1.089461200597E+00,+1.917360213277E+00,+4.152952212E-03
+3.106120000E-03,+1.093503285974E+00,+2.552724532961E+00,+5.428077831E-03
+3.106125000E-03,+1.098789089939E+00,+2.552724532961E+00,+6.777952184E-03
+3.106130000E-03,+1.103038461751E+00,+2.552724532961E+00,+8.048680818E-03
+3.106135000E-03,+1.107339655179E+00,+2.552724532961E+00,+9.336997382E-03
+3.106140000E-03,+1.110034378766E+00,+2.552724532961E+00,+10.598932047E-03
+3.106145000E-03,+1.113195496827E+00,+2.552724532961E+00,+12.005967204E-03
+3.106150000E-03,+1.116408436486E+00,+2.552724532961E+00,+13.250313928E-03
+3.106155000E-03,+1.119932305798E+00,+2.552724532961E+00,+14.481469691E-03
+3.106160000E-03,+1.122678850993E+00,+2.552724532961E+00,+15.892901839E-03
+3.106165000E-03,+1.124907180113E+00,+2.552724532961E+00,+17.141645543E-03
+3.106170000E-03,+1.127290974066E+00,+2.552724532961E+00,+18.403580203E-03
+3.106175000E-03,+1.130555735329E+00,+2.552724532961E+00,+19.762248529E-03
+3.106180000E-03,+1.132939529277E+00,+2.552724532961E+00,+20.918655553E-03
+3.106185000E-03,+1.134701463932E+00,+2.552724532961E+00,+22.382851516E-03
+3.106190000E-03,+1.135634252865E+00,+2.552724532961E+00,+23.372173115E-03
+3.106195000E-03,+1.137655295560E+00,+2.552724532961E+00,+24.871544956E-03
+3.106200000E-03,+1.139728159854E+00,+2.552724532961E+00,+26.058730875E-03
+3.106205000E-03,+1.140971878439E+00,+2.552724532961E+00,+27.360238398E-03
+3.106210000E-03,+1.141438272911E+00,+2.552724532961E+00,+28.512248437E-03
+3.106215000E-03,+1.142474705054E+00,+2.552724532961E+00,+29.813755959E-03
+3.106220000E-03,+1.144184818100E+00,+2.552724532961E+00,+31.066896651E-03
+3.106225000E-03,+1.143044742748E+00,+2.552724532961E+00,+32.240891612E-03
+3.106230000E-03,+1.143770245242E+00,+2.552724532961E+00,+33.634735818E-03
+3.106235000E-03,+1.144806677404E+00,+2.552724532961E+00,+34.711997113E-03
+3.106240000E-03,+1.143770245247E+00,+2.552724532961E+00,+36.013504638E-03
+3.106245000E-03,+1.143511137204E+00,+2.552724532961E+00,+37.218278494E-03
+3.106250000E-03,+1.141697380948E+00,+2.552724532961E+00,+38.313127729E-03
+3.106255000E-03,+1.142474705052E+00,+2.552724532961E+00,+39.627826206E-03
+3.106260000E-03,+1.140971878438E+00,+2.552724532961E+00,+40.674308607E-03
+3.106265000E-03,+1.139676338258E+00,+2.552724532961E+00,+42.054961859E-03
+3.106270000E-03,+1.138121690025E+00,+2.552724532961E+00,+43.039886471E-03
+3.106275000E-03,+1.136359755382E+00,+2.552724532961E+00,+44.372172890E-03
+3.106280000E-03,+1.135219680011E+00,+2.552724532961E+00,+45.370288456E-03
+3.106285000E-03,+1.133405923745E+00,+2.552724532961E+00,+46.715765829E-03
+3.106290000E-03,+1.131488524269E+00,+2.552724532961E+00,+47.621544715E-03
+3.106295000E-03,+1.129778411221E+00,+2.552724532961E+00,+48.782348720E-03
+3.106300000E-03,+1.126461828341E+00,+2.552724532961E+00,+49.938755745E-03
+3.106305000E-03,+1.124751715299E+00,+2.552724532961E+00,+50.901695431E-03
+3.106310000E-03,+1.121176024395E+00,+2.552724532961E+00,+52.220790896E-03
+3.106315000E-03,+1.118118549551E+00,+2.552724532961E+00,+52.977072294E-03
+3.106320000E-03,+1.114231928994E+00,+2.552724532961E+00,+54.388504442E-03
+3.106325000E-03,+1.111329918961E+00,+2.552724532961E+00,+55.034861217E-03
+3.106330000E-03,+1.107495120012E+00,+2.552724532961E+00,+56.521042106E-03
+3.106335000E-03,+1.103504856241E+00,+2.552724532961E+00,+57.044283306E-03
+3.106340000E-03,+1.099203662821E+00,+2.552724532961E+00,+58.627197862E-03
+3.106345000E-03,+1.094332431715E+00,+2.552724532961E+00,+59.172423988E-03
+3.106350000E-03,+1.089564843825E+00,+2.552724532961E+00,+60.588253118E-03
+3.106355000E-03,+1.085160007185E+00,+2.552724532961E+00,+61.177449092E-03
+3.106360000E-03,+1.080029668053E+00,+2.552724532961E+00,+62.518529479E-03
+3.106365000E-03,+1.075832117833E+00,+2.552724532961E+00,+63.204459121E-03
+3.106370000E-03,+1.069924454593E+00,+2.552724532961E+00,+64.483981718E-03
+3.106375000E-03,+1.064638650632E+00,+2.552724532961E+00,+65.130338496E-03
+3.106380000E-03,+1.058264592908E+00,+2.552724532961E+00,+66.374685217E-03
+3.106385000E-03,+1.052564216079E+00,+2.552724532961E+00,+66.977072146E-03
+3.106390000E-03,+1.046812017653E+00,+2.552724532961E+00,+68.318152532E-03
+3.106395000E-03,+1.041111640824E+00,+2.552724532961E+00,+68.709484187E-03
+3.106400000E-03,+1.033856615778E+00,+2.552724532961E+00,+70.076946483E-03
+3.106405000E-03,+1.027067985192E+00,+2.552724532961E+00,+70.529835927E-03
+3.106410000E-03,+1.019761138541E+00,+2.552724532961E+00,+71.848931389E-03
+3.106415000E-03,+1.013594367254E+00,+2.552724532961E+00,+72.271041939E-03
+3.106420000E-03,+1.004784693985E+00,+2.552724532961E+00,+73.502197702E-03
+3.106425000E-03,+997.115096069E-03,+2.552724532961E+00,+73.985866042E-03
+3.106430000E-03,+989.704606210E-03,+2.552724532961E+00,+75.049936379E-03
+3.106435000E-03,+983.226905269E-03,+2.552724532961E+00,+75.630338386E-03
+3.106440000E-03,+975.039091288E-03,+2.552724532961E+00,+76.544911238E-03
+3.106445000E-03,+967.006742126E-03,+2.552724532961E+00,+77.327574549E-03
+3.106450000E-03,+958.870749754E-03,+2.552724532961E+00,+78.004710217E-03
+3.106455000E-03,+951.874832741E-03,+2.552724532961E+00,+78.866519254E-03
+3.106460000E-03,+942.702408222E-03,+2.552724532961E+00,+79.442524272E-03
+3.106465000E-03,+933.996378165E-03,+2.552724532961E+00,+80.348303157E-03
+3.106470000E-03,+926.482245072E-03,+2.552724532961E+00,+80.788001646E-03
+3.106475000E-03,+916.739782867E-03,+2.552724532961E+00,+81.641016712E-03
+3.106480000E-03,+908.759255313E-03,+2.552724532961E+00,+82.173051884E-03
+3.106485000E-03,+898.239469003E-03,+2.552724532961E+00,+82.902951370E-03
+3.106490000E-03,+889.015222875E-03,+2.552724532961E+00,+83.531720211E-03
+3.106495000E-03,+878.391793336E-03,+2.552724532961E+00,+83.984609650E-03
+3.106500000E-03,+868.804795946E-03,+2.552724532961E+00,+84.837624721E-03
+3.106505000E-03,+859.165976965E-03,+2.552724532961E+00,+85.061870946E-03
+3.106510000E-03,+850.045374042E-03,+2.552724532961E+00,+86.183102092E-03
+3.106515000E-03,+839.421944510E-03,+2.552724532961E+00,+86.090765407E-03
+3.106520000E-03,+828.902158194E-03,+2.552724532961E+00,+87.321921175E-03
+3.106525000E-03,+817.605047754E-03,+2.552724532961E+00,+87.150438764E-03
+3.106530000E-03,+806.981618219E-03,+2.552724532961E+00,+88.429961364E-03
+3.106535000E-03,+796.617296731E-03,+2.552724532961E+00,+88.113378451E-03
+3.106540000E-03,+784.750148612E-03,+2.552724532961E+00,+89.414885975E-03
+3.106545000E-03,+774.178540685E-03,+2.552724532961E+00,+89.045539248E-03
+3.106550000E-03,+763.917862391E-03,+2.552724532961E+00,+90.320664861E-03
+3.106555000E-03,+751.584319830E-03,+2.552724532961E+00,+89.951318131E-03
+3.106560000E-03,+739.924458134E-03,+2.552724532961E+00,+91.208855806E-03
+3.106565000E-03,+729.301028600E-03,+2.552724532961E+00,+90.808730182E-03
+3.106570000E-03,+717.744810141E-03,+2.552724532961E+00,+91.877197506E-03
+3.106575000E-03,+706.344056494E-03,+2.552724532961E+00,+91.617775400E-03
+3.106580000E-03,+693.699584261E-03,+2.552724532961E+00,+92.615890967E-03
+3.106585000E-03,+681.366041693E-03,+2.552724532961E+00,+92.290514086E-03
+3.106590000E-03,+669.447071960E-03,+2.552724532961E+00,+93.398554274E-03
+3.106595000E-03,+656.128918845E-03,+2.552724532961E+00,+92.818152273E-03
+3.106600000E-03,+644.002662692E-03,+2.552724532961E+00,+93.851443717E-03
+3.106605000E-03,+631.772763325E-03,+2.552724532961E+00,+93.442524125E-03
+3.106610000E-03,+619.387399123E-03,+2.552724532961E+00,+94.264760294E-03
+3.106615000E-03,+607.312964586E-03,+2.552724532961E+00,+93.952574371E-03
+3.106620000E-03,+593.580238609E-03,+2.552724532961E+00,+94.673679890E-03
+3.106625000E-03,+581.039409592E-03,+2.552724532961E+00,+94.335112057E-03
+3.106630000E-03,+568.187650933E-03,+2.552724532961E+00,+95.043026619E-03
+3.106635000E-03,+554.714032997E-03,+2.552724532961E+00,+94.849559285E-03
+3.106640000E-03,+541.240415050E-03,+2.552724532961E+00,+95.271669833E-03
+3.106645000E-03,+527.663153878E-03,+2.552724532961E+00,+95.214509030E-03
+3.106650000E-03,+513.826784693E-03,+2.552724532961E+00,+95.342021592E-03
+3.106655000E-03,+500.145880321E-03,+2.552724532961E+00,+95.407976365E-03
+3.106660000E-03,+486.361332725E-03,+2.552724532961E+00,+95.522297972E-03
+3.106665000E-03,+472.576785125E-03,+2.552724532961E+00,+95.557473851E-03
+3.106670000E-03,+458.533129504E-03,+2.552724532961E+00,+95.658604503E-03
+3.106675000E-03,+445.163154764E-03,+2.552724532961E+00,+95.641016564E-03
+3.106680000E-03,+431.119499153E-03,+2.552724532961E+00,+95.759735156E-03
+3.106685000E-03,+417.697702802E-03,+2.552724532961E+00,+95.623428624E-03
+3.106690000E-03,+402.773079849E-03,+2.552724532961E+00,+95.698177367E-03
+3.106695000E-03,+387.952100102E-03,+2.552724532961E+00,+95.482725109E-03
+3.106700000E-03,+373.804801271E-03,+2.552724532961E+00,+95.583855761E-03
+3.106705000E-03,+359.761145632E-03,+2.552724532961E+00,+95.451946214E-03
+3.106710000E-03,+344.421949822E-03,+2.552724532961E+00,+95.421167320E-03
+3.106715000E-03,+330.067364546E-03,+2.552724532961E+00,+95.223303001E-03
+3.106720000E-03,+316.541924983E-03,+2.552724532961E+00,+95.196921091E-03
+3.106725000E-03,+301.461837213E-03,+2.552724532961E+00,+95.078202498E-03
+3.106730000E-03,+287.521824800E-03,+2.552724532961E+00,+94.726443710E-03
+3.106735000E-03,+272.804488276E-03,+2.552724532961E+00,+94.730840695E-03
+3.106740000E-03,+256.687968357E-03,+2.552724532961E+00,+94.361493965E-03
+3.106745000E-03,+242.592491115E-03,+2.552724532961E+00,+94.383478889E-03
+3.106750000E-03,+227.356938517E-03,+2.552724532961E+00,+93.996544220E-03
+3.106755000E-03,+212.743245194E-03,+2.552724532961E+00,+93.737122113E-03
+3.106760000E-03,+198.129551896E-03,+2.552724532961E+00,+93.526066838E-03
+3.106765000E-03,+182.272140021E-03,+2.552724532961E+00,+93.240262820E-03
+3.106770000E-03,+166.932944187E-03,+2.552724532961E+00,+92.972046743E-03
+3.106775000E-03,+151.593748377E-03,+2.552724532961E+00,+92.545539210E-03
+3.106780000E-03,+135.995444524E-03,+2.552724532961E+00,+92.352071877E-03
+3.106785000E-03,+120.397140659E-03,+2.552724532961E+00,+91.934358312E-03
+3.106790000E-03,+105.783447332E-03,+2.552724532961E+00,+91.692524145E-03
+3.106795000E-03,+89.615105832E-03,+2.552724532961E+00,+91.059358323E-03
+3.106800000E-03,+75.001412516E-03,+2.552724532961E+00,+90.887875912E-03
+3.106805000E-03,+60.750470451E-03,+2.552724532961E+00,+90.325061849E-03
+3.106810000E-03,+44.271199291E-03,+2.552724532961E+00,+89.982097027E-03
+3.106815000E-03,+29.139289890E-03,+2.552724532961E+00,+89.428076934E-03
+3.106820000E-03,+14.525596567E-03,+2.552724532961E+00,+89.054333219E-03
+3.106825000E-03,+430.119332E-06,+2.552724532961E+00,+88.592649806E-03
+3.106830000E-03,-15.116362907E-03,+2.552724532961E+00,+88.157348304E-03
+3.106835000E-03,-30.092807472E-03,+2.552724532961E+00,+87.546167405E-03
+3.106840000E-03,-44.136463085E-03,+2.552724532961E+00,+87.071293041E-03
+3.106845000E-03,-59.631123738E-03,+2.552724532961E+00,+86.521669927E-03
+3.106850000E-03,-74.348460265E-03,+2.552724532961E+00,+86.042398578E-03
+3.106855000E-03,-89.843120905E-03,+2.552724532961E+00,+85.286117177E-03
+3.106860000E-03,-105.907819220E-03,+2.552724532961E+00,+84.934358390E-03
+3.106865000E-03,-121.920695933E-03,+2.552724532961E+00,+84.125313169E-03
+3.106870000E-03,-136.689854067E-03,+2.552724532961E+00,+83.698805638E-03
+3.106875000E-03,-152.184514706E-03,+2.552724532961E+00,+82.722674996E-03
+3.106880000E-03,-166.953672848E-03,+2.552724532961E+00,+82.441267962E-03
+3.106885000E-03,-181.360079722E-03,+2.552724532961E+00,+81.579458927E-03
+3.106890000E-03,-196.854740365E-03,+2.552724532961E+00,+80.968278028E-03
+3.106895000E-03,-211.157504008E-03,+2.552724532961E+00,+80.229584571E-03
+3.106900000E-03,-227.118559118E-03,+2.552724532961E+00,+79.473303171E-03
+3.106905000E-03,-242.820506201E-03,+2.552724532961E+00,+78.910489107E-03
+3.106910000E-03,-258.056058797E-03,+2.552724532961E+00,+78.022298159E-03
+3.106915000E-03,-273.395254617E-03,+2.552724532961E+00,+77.446293142E-03
+3.106920000E-03,-286.920694174E-03,+2.552724532961E+00,+76.500941394E-03
+3.106925000E-03,-302.311711589E-03,+2.552724532961E+00,+75.964509239E-03
+3.106930000E-03,-316.977226511E-03,+2.552724532961E+00,+74.940011763E-03
+3.106935000E-03,-333.041924831E-03,+2.552724532961E+00,+74.271670061E-03
+3.106940000E-03,-346.360077956E-03,+2.552724532961E+00,+73.462624843E-03
+3.106945000E-03,-360.921949652E-03,+2.552724532961E+00,+72.495288171E-03
+3.106950000E-03,-376.623896707E-03,+2.552724532961E+00,+71.826946469E-03
+3.106955000E-03,-389.942049839E-03,+2.552724532961E+00,+70.679333417E-03
+3.106960000E-03,-404.866672797E-03,+2.552724532961E+00,+70.112122365E-03
+3.106965000E-03,-419.532187733E-03,+2.552724532961E+00,+68.920539467E-03
+3.106970000E-03,-434.560453886E-03,+2.552724532961E+00,+68.274182686E-03
+3.106975000E-03,-449.847828105E-03,+2.552724532961E+00,+66.999057077E-03
+3.106980000E-03,-463.114159628E-03,+2.552724532961E+00,+66.299936477E-03
+3.106985000E-03,-477.209636857E-03,+2.552724532961E+00,+65.275439005E-03
+3.106990000E-03,-490.579611574E-03,+2.552724532961E+00,+64.294911373E-03
+3.106995000E-03,-504.623267216E-03,+2.552724532961E+00,+63.477072189E-03
+3.107000000E-03,-519.029674103E-03,+2.552724532961E+00,+62.355841042E-03
+3.107005000E-03,-531.311395073E-03,+2.552724532961E+00,+61.691896327E-03
+3.107010000E-03,-544.836834629E-03,+2.552724532961E+00,+60.328831015E-03
+3.107015000E-03,-557.429485244E-03,+2.552724532961E+00,+59.563755646E-03
+3.107020000E-03,-572.302286586E-03,+2.552724532961E+00,+58.376569730E-03
+3.107025000E-03,-584.687650782E-03,+2.552724532961E+00,+57.426820995E-03
+3.107030000E-03,-598.213090320E-03,+2.552724532961E+00,+56.485866233E-03
+3.107035000E-03,-610.909384178E-03,+2.552724532961E+00,+55.228328556E-03
+3.107040000E-03,-624.227537288E-03,+2.552724532961E+00,+54.441268266E-03
+3.107045000E-03,-636.820187925E-03,+2.552724532961E+00,+53.073805965E-03
+3.107050000E-03,-649.257373713E-03,+2.552724532961E+00,+52.409861251E-03
+3.107055000E-03,-662.730991653E-03,+2.552724532961E+00,+50.910489406E-03
+3.107060000E-03,-674.339031722E-03,+2.552724532961E+00,+50.303705495E-03
+3.107065000E-03,-685.998893410E-03,+2.552724532961E+00,+48.747172848E-03
+3.107070000E-03,-698.332435990E-03,+2.552724532961E+00,+48.012876373E-03
+3.107075000E-03,-710.873264999E-03,+2.552724532961E+00,+46.460740713E-03
+3.107080000E-03,-722.844056338E-03,+2.552724532961E+00,+45.585740721E-03
+3.107085000E-03,-735.540350161E-03,+2.552724532961E+00,+44.389760833E-03
+3.107090000E-03,-747.200211850E-03,+2.552724532961E+00,+43.167399038E-03
+3.107095000E-03,-759.015538349E-03,+2.552724532961E+00,+42.116519651E-03
+3.107100000E-03,-770.830864867E-03,+2.552724532961E+00,+40.832600072E-03
+3.107105000E-03,-782.024332077E-03,+2.552724532961E+00,+39.772926711E-03
+3.107110000E-03,-795.031555563E-03,+2.552724532961E+00,+38.471419194E-03
+3.107115000E-03,-805.551341882E-03,+2.552724532961E+00,+37.227072465E-03
+3.107120000E-03,-815.812020164E-03,+2.552724532961E+00,+36.154208165E-03
+3.107125000E-03,-827.679168277E-03,+2.552724532961E+00,+34.773554903E-03
+3.107130000E-03,-837.888024957E-03,+2.552724532961E+00,+33.696293619E-03
+3.107135000E-03,-849.288778606E-03,+2.552724532961E+00,+32.188127795E-03
+3.107140000E-03,-859.238527242E-03,+2.552724532961E+00,+31.352700677E-03
+3.107145000E-03,-869.084632673E-03,+2.552724532961E+00,+29.717022296E-03
+3.107150000E-03,-880.589029506E-03,+2.552724532961E+00,+28.899183114E-03
+3.107155000E-03,-890.746064585E-03,+2.552724532961E+00,+27.188755991E-03
+3.107160000E-03,-900.643991626E-03,+2.552724532961E+00,+26.313756006E-03
+3.107165000E-03,-910.645561871E-03,+2.552724532961E+00,+24.889132900E-03
+3.107170000E-03,-920.077094418E-03,+2.552724532961E+00,+23.565640458E-03
+3.107175000E-03,-928.368551614E-03,+2.552724532961E+00,+22.444409310E-03
+3.107180000E-03,-939.043802777E-03,+2.552724532961E+00,+20.975816365E-03
+3.107185000E-03,-948.164405691E-03,+2.552724532961E+00,+20.109610339E-03
+3.107190000E-03,-956.974078965E-03,+2.552724532961E+00,+18.284861619E-03
+3.107195000E-03,-966.923827604E-03,+2.552724532961E+00,+17.471419412E-03
+3.107200000E-03,-975.215284810E-03,+2.552724532961E+00,+15.778580240E-03
+3.107205000E-03,-982.781239490E-03,+2.552724532961E+00,+15.017901849E-03
+3.107210000E-03,-993.197382595E-03,+2.552724532961E+00,+13.201947104E-03
+3.107215000E-03,-1.000348764431E+00,+2.552724532961E+00,+12.335741074E-03
+3.107220000E-03,-1.007966540738E+00,+2.552724532961E+00,+10.568153163E-03
+3.107225000E-03,-1.016931678829E+00,+2.552724532961E+00,+9.657977283E-03
+3.107230000E-03,-1.024445811912E+00,+2.552724532961E+00,+8.061871781E-03
+3.107235000E-03,-1.031182620897E+00,+2.552724532961E+00,+7.002198418E-03
+3.107240000E-03,-1.038541289158E+00,+2.552724532961E+00,+5.529208492E-03
+3.107245000E-03,-1.046625459907E+00,+2.552724532961E+00,+4.500314023E-03
+3.107250000E-03,-1.053414090498E+00,+2.552724532961E+00,+2.886620579E-03
+3.107255000E-03,-1.060824580367E+00,+2.552724532961E+00,+1.835741187E-03
+3.107260000E-03,-1.068027783807E+00,+2.552724532961E+00,+182.474878E-06
+3.107265000E-03,-1.074764592773E+00,+2.552724532961E+00,-688.128131E-06
+3.107270000E-03,-1.081190472122E+00,+2.552724532961E+00,-2.380967306E-03
+3.107275000E-03,-1.086942670551E+00,+2.552724532961E+00,-3.313128104E-03
+3.107280000E-03,-1.091295685577E+00,+2.552724532961E+00,-4.983982351E-03
+3.107285000E-03,-1.098084316148E+00,+2.552724532961E+00,-5.894158226E-03
+3.107290000E-03,-1.103111012086E+00,+2.552724532961E+00,-7.622173280E-03
+3.107295000E-03,-1.109329604998E+00,+2.552724532961E+00,-8.549937092E-03
+3.107300000E-03,-1.113319868770E+00,+2.552724532961E+00,-10.308731038E-03
+3.107305000E-03,-1.119331175210E+00,+2.552724532961E+00,-11.170540080E-03
+3.107310000E-03,-1.124150584709E+00,+2.552724532961E+00,-12.960112921E-03
+3.107315000E-03,-1.128710886192E+00,+2.287256575425E+00,-13.967022460E-03
+3.107320000E-03,-1.131820182631E+00,+27.284865385E-03,-15.479585255E-03
+3.107325000E-03,-1.136276840876E+00,-175.683101082E-03,-16.429333992E-03
+3.107330000E-03,-1.139230672495E+00,-124.489635024E-03,-18.249685728E-03
+3.107335000E-03,-1.144620119689E+00,+213.528577757E-03,-18.887248538E-03
+3.107340000E-03,-1.147418486487E+00,-48.563126863E-03,-20.848303793E-03
+3.107345000E-03,-1.152186074373E+00,-74.238378653E-03,-21.538630417E-03
+3.107350000E-03,-1.155813586886E+00,-105.331342993E-03,-23.508479645E-03
+3.107355000E-03,-1.158767418530E+00,-27.913002494E-03,-24.247173103E-03
+3.107360000E-03,-1.161410320511E+00,-46.207599882E-03,-26.058730873E-03
+3.107365000E-03,-1.164260508916E+00,-50.290514565E-03,-26.731469558E-03
+3.107370000E-03,-1.166229730013E+00,-60.733353527E-03,-28.516645421E-03
+3.107375000E-03,-1.169028096798E+00,-54.137876368E-03,-29.413630336E-03
+3.107380000E-03,-1.170116350557E+00,-49.112750750E-03,-31.080087603E-03
+3.107385000E-03,-1.171774642023E+00,-53.117147710E-03,-31.999057442E-03
+3.107390000E-03,-1.174417543994E+00,-54.923052127E-03,-33.502826270E-03
+3.107395000E-03,-1.176179478649E+00,-49.819409058E-03,-34.632851385E-03
+3.107400000E-03,-1.176853159547E+00,-51.154207988E-03,-36.053077499E-03
+3.107405000E-03,-1.178355986160E+00,-51.468278321E-03,-37.174308645E-03
+3.107410000E-03,-1.179444239908E+00,-48.013504516E-03,-38.449434258E-03
+3.107415000E-03,-1.179392418317E+00,-48.955715554E-03,-39.689383995E-03
+3.107420000E-03,-1.179755169574E+00,-48.484610037E-03,-41.004082471E-03
+3.107425000E-03,-1.180273385634E+00,-51.075690408E-03,-42.072549798E-03
+3.107430000E-03,-1.180273385645E+00,-51.311243147E-03,-43.461997018E-03
+3.107435000E-03,-1.179910634398E+00,-50.604584848E-03,-44.508479420E-03
+3.107440000E-03,-1.180014277620E+00,-51.311243182E-03,-45.889132670E-03
+3.107445000E-03,-1.179236953508E+00,-49.348303490E-03,-46.768529647E-03
+3.107450000E-03,-1.179340596719E+00,-49.662373823E-03,-48.377826109E-03
+3.107455000E-03,-1.179496061533E+00,-45.186871364E-03,-49.156092435E-03
+3.107460000E-03,-1.177526840456E+00,-47.463881455E-03,-50.778579853E-03
+3.107465000E-03,-1.176490408302E+00,-49.740891446E-03,-51.482097436E-03
+3.107470000E-03,-1.175194868115E+00,-51.311243117E-03,-53.126569776E-03
+3.107475000E-03,-1.173329290238E+00,-48.013504535E-03,-53.816896406E-03
+3.107480000E-03,-1.172137393269E+00,-50.447549703E-03,-55.316268245E-03
+3.107485000E-03,-1.171152782734E+00,-48.327574852E-03,-56.112122511E-03
+3.107490000E-03,-1.166955232539E+00,-50.211996914E-03,-57.457599882E-03
+3.107495000E-03,-1.164675081805E+00,-46.050564822E-03,-58.394157663E-03
+3.107500000E-03,-1.162602217503E+00,-46.050564881E-03,-59.642901366E-03
+3.107505000E-03,-1.159181991407E+00,-48.092022092E-03,-60.676192815E-03
+3.107510000E-03,-1.157316413535E+00,-47.934986888E-03,-61.731469183E-03
+3.107515000E-03,-1.153844365850E+00,-46.207600015E-03,-62.931846057E-03
+3.107520000E-03,-1.150527782970E+00,-47.463881411E-03,-63.824433985E-03
+3.107525000E-03,-1.146744805631E+00,-47.228328636E-03,-65.033604825E-03
+3.107530000E-03,-1.143220936303E+00,-48.484610022E-03,-65.842650046E-03
+3.107535000E-03,-1.139541602177E+00,-44.794283386E-03,-67.210112340E-03
+3.107540000E-03,-1.136017732860E+00,-46.992775929E-03,-67.812499272E-03
+3.107545000E-03,-1.131146501753E+00,-47.699434176E-03,-69.263504277E-03
+3.107550000E-03,-1.126275270665E+00,-46.992775848E-03,-69.821921361E-03
+3.107555000E-03,-1.122233185276E+00,-44.872801017E-03,-71.272926366E-03
+3.107560000E-03,-1.117051024547E+00,-45.657976933E-03,-71.743403752E-03
+3.107565000E-03,-1.112283436632E+00,-46.129082417E-03,-73.150438910E-03
+3.107570000E-03,-1.106168486958E+00,-45.500941706E-03,-73.625313280E-03
+3.107575000E-03,-1.101504542302E+00,-44.951318591E-03,-75.129082105E-03
+3.107580000E-03,-1.095441414202E+00,-44.794283491E-03,-75.441268034E-03
+3.107585000E-03,-1.090362896679E+00,-46.757223084E-03,-76.874685103E-03
+3.107590000E-03,-1.083937017354E+00,-44.087625152E-03,-77.345162486E-03
+3.107595000E-03,-1.078184818927E+00,-44.009107539E-03,-78.796167495E-03
+3.107600000E-03,-1.072277155685E+00,-43.930589988E-03,-79.064383572E-03
+3.107605000E-03,-1.065695811520E+00,-43.616519612E-03,-80.436242856E-03
+3.107610000E-03,-1.059062645763E+00,-46.835740645E-03,-80.783604660E-03
+3.107615000E-03,-1.052170371974E+00,-42.674308556E-03,-82.129082033E-03
+3.107620000E-03,-1.045848135839E+00,-43.930590027E-03,-82.546795594E-03
+3.107625000E-03,-1.037556678666E+00,-48.327574865E-03,-83.694408651E-03
+3.107630000E-03,-1.029524329496E+00,-46.129082375E-03,-84.200061907E-03
+3.107635000E-03,-1.021543801938E+00,-43.459484457E-03,-85.356468934E-03
+3.107640000E-03,-1.014703349759E+00,-43.223931712E-03,-85.739006613E-03
+3.107645000E-03,-1.006100962914E+00,-44.401695532E-03,-86.781092036E-03
+3.107650000E-03,-997.187646442E-03,-44.401695476E-03,-87.330715138E-03
+3.107655000E-03,-989.466226905E-03,-43.380966852E-03,-88.245288000E-03
+3.107660000E-03,-979.931051119E-03,-44.637248274E-03,-88.781720146E-03
+3.107665000E-03,-971.691415543E-03,-45.815012060E-03,-89.647926177E-03
+3.107670000E-03,-963.037207107E-03,-44.637248249E-03,-90.039257824E-03
+3.107675000E-03,-952.931993640E-03,-42.203203074E-03,-91.076946261E-03
+3.107680000E-03,-944.433250018E-03,-43.380966905E-03,-91.336368362E-03
+3.107685000E-03,-935.209003883E-03,-44.166142745E-03,-92.215765346E-03
+3.107690000E-03,-924.533752753E-03,-46.286117550E-03,-92.637875887E-03
+3.107695000E-03,-914.273074470E-03,-41.810615120E-03,-93.402951263E-03
+3.107700000E-03,-904.789720300E-03,-43.616519670E-03,-93.781091955E-03
+3.107705000E-03,-894.114469157E-03,-44.637248274E-03,-94.576946222E-03
+3.107710000E-03,-884.423828572E-03,-43.773554779E-03,-94.902323102E-03
+3.107715000E-03,-874.474079896E-03,-41.967650282E-03,-95.645413548E-03
+3.107720000E-03,-864.731617699E-03,-42.909861360E-03,-95.988378365E-03
+3.107725000E-03,-854.263653000E-03,-44.872801010E-03,-96.489634645E-03
+3.107730000E-03,-843.847509895E-03,-42.595790993E-03,-97.135991420E-03
+3.107735000E-03,-833.483188397E-03,-43.852072382E-03,-97.505338151E-03
+3.107740000E-03,-821.823326725E-03,-42.674308625E-03,-98.129710001E-03
+3.107745000E-03,-809.645248977E-03,-43.538002038E-03,-98.362750201E-03
+3.107750000E-03,-799.332749079E-03,-46.286117576E-03,-99.026694917E-03
+3.107755000E-03,-787.206492922E-03,-40.004710596E-03,-99.286117027E-03
+3.107760000E-03,-774.769307148E-03,-42.281720674E-03,-99.804961239E-03
+3.107765000E-03,-763.264910247E-03,-45.422424137E-03,-99.928076822E-03
+3.107770000E-03,-751.760513385E-03,-44.166142689E-03,-100.627197410E-03
+3.107775000E-03,-739.789722048E-03,-42.046167933E-03,-100.737122039E-03
+3.107780000E-03,-726.937963427E-03,-42.831343777E-03,-101.335111975E-03
+3.107785000E-03,-715.485388175E-03,-43.459484468E-03,-101.471418512E-03
+3.107790000E-03,-703.721883242E-03,-40.711368955E-03,-101.858353177E-03
+3.107795000E-03,-690.818302990E-03,-42.517273397E-03,-102.051820517E-03
+3.107800000E-03,-679.158441296E-03,-41.810615166E-03,-102.429961212E-03
+3.107805000E-03,-665.633001762E-03,-44.009107562E-03,-102.544282822E-03
+3.107810000E-03,-653.040351143E-03,-43.380966870E-03,-102.882850655E-03
+3.107815000E-03,-639.722198025E-03,-41.575062390E-03,-102.926820509E-03
+3.107820000E-03,-626.300401691E-03,-42.046167921E-03,-103.348931050E-03
+3.107825000E-03,-612.619497327E-03,-41.575062384E-03,-103.282976281E-03
+3.107830000E-03,-600.182311503E-03,-41.260992008E-03,-103.656719993E-03
+3.107835000E-03,-586.864158364E-03,-41.418027188E-03,-103.713880800E-03
+3.107840000E-03,-573.442362036E-03,-40.318781003E-03,-103.836996371E-03
+3.107845000E-03,-560.176030522E-03,-43.538002053E-03,-103.982096880E-03
+3.107850000E-03,-546.080553297E-03,-41.653579930E-03,-104.030463706E-03
+3.107855000E-03,-533.073329846E-03,-40.789886491E-03,-104.201946123E-03
+3.107860000E-03,-518.666922948E-03,-41.418027218E-03,-104.127197372E-03
+3.107865000E-03,-504.986018550E-03,-41.418027197E-03,-104.391016472E-03
+3.107870000E-03,-490.942362930E-03,-42.124685437E-03,-103.982096874E-03
+3.107875000E-03,-477.313280155E-03,-41.339509592E-03,-104.562498883E-03
+3.107880000E-03,-463.062338122E-03,-42.046167913E-03,-103.973302903E-03
+3.107885000E-03,-447.308569447E-03,-43.066896480E-03,-104.505338078E-03
+3.107890000E-03,-434.094059517E-03,-42.046167911E-03,-104.004081800E-03
+3.107895000E-03,-418.703042098E-03,-41.575062362E-03,-104.470162198E-03
+3.107900000E-03,-404.192992008E-03,-40.240263395E-03,-103.951317980E-03
+3.107905000E-03,-390.356622818E-03,-42.674308606E-03,-104.109609436E-03
+3.107910000E-03,-375.535643059E-03,-42.752826138E-03,-103.898554168E-03
+3.107915000E-03,-360.973771354E-03,-40.161745783E-03,-103.872172254E-03
+3.107920000E-03,-345.634575549E-03,-42.360238271E-03,-103.595162209E-03
+3.107925000E-03,-330.399022966E-03,-44.087625103E-03,-103.472046630E-03
+3.107930000E-03,-315.629864819E-03,-39.847675437E-03,-103.392900904E-03
+3.107935000E-03,-301.016171488E-03,-41.182474416E-03,-103.010363219E-03
+3.107940000E-03,-286.713407833E-03,-40.397298576E-03,-103.177448643E-03
+3.107945000E-03,-270.700531132E-03,-42.438755840E-03,-102.544282822E-03
+3.107950000E-03,-255.050405679E-03,-41.889132686E-03,-102.605840611E-03
+3.107955000E-03,-239.659388238E-03,-40.789886489E-03,-102.218905941E-03
+3.107960000E-03,-223.957441204E-03,-43.145414158E-03,-101.968277804E-03
+3.107965000E-03,-209.136461429E-03,-42.124685483E-03,-101.647297908E-03
+3.107970000E-03,-194.678232920E-03,-43.145414091E-03,-101.343905952E-03
+3.107975000E-03,-180.168182854E-03,-41.418027195E-03,-101.194408464E-03
+3.107980000E-03,-165.139916709E-03,-39.455087522E-03,-100.614006462E-03
+3.107985000E-03,-149.127040002E-03,-42.752826196E-03,-100.385363247E-03
+3.107990000E-03,-134.357881824E-03,-42.752826139E-03,-99.857725066E-03
+3.107995000E-03,-118.552291553E-03,-40.711368913E-03,-99.791770290E-03
+3.108000000E-03,-102.280306810E-03,-42.124685508E-03,-98.951946181E-03
+3.108005000E-03,-88.184829548E-03,-43.302449260E-03,-98.885991405E-03
+3.108010000E-03,-73.156563412E-03,-41.889132722E-03,-98.186870812E-03
+3.108015000E-03,-58.439226853E-03,-41.260992011E-03,-98.019785382E-03
+3.108020000E-03,-43.618247124E-03,-41.732097602E-03,-97.298679864E-03
+3.108025000E-03,-28.693624166E-03,-43.145414086E-03,-97.087624589E-03
+3.108030000E-03,-13.406249986E-03,-42.674308565E-03,-96.199433649E-03
+3.108035000E-03,+2.088410671E-03,-41.182474431E-03,-96.129081886E-03
+3.108040000E-03,+17.272141663E-03,-42.988378962E-03,-95.086996474E-03
+3.108045000E-03,+32.870445531E-03,-42.674308600E-03,-95.047423606E-03
+3.108050000E-03,+48.416927770E-03,-42.517273398E-03,-94.027323116E-03
+3.108055000E-03,+63.289729128E-03,-40.240263372E-03,-93.978956281E-03
+3.108060000E-03,+78.525281725E-03,-40.083228251E-03,-92.760991472E-03
+3.108065000E-03,+94.175407181E-03,-44.480213128E-03,-92.778579408E-03
+3.108070000E-03,+109.514602983E-03,-42.988378911E-03,-91.538629678E-03
+3.108075000E-03,+124.905620386E-03,-41.575062387E-03,-91.499056810E-03
+3.108080000E-03,+140.037529802E-03,-44.323177920E-03,-90.347046773E-03
+3.108085000E-03,+155.480368819E-03,-42.831343744E-03,-90.188755317E-03
+3.108090000E-03,+170.715921433E-03,-42.595790973E-03,-89.063127193E-03
+3.108095000E-03,+185.899652411E-03,-40.789886517E-03,-88.772926188E-03
+3.108100000E-03,+200.150594485E-03,-41.653579975E-03,-87.673679969E-03
+3.108105000E-03,+216.681687260E-03,-42.831343760E-03,-87.260363391E-03
+3.108110000E-03,+230.777164505E-03,-41.810615116E-03,-86.240262900E-03
+3.108115000E-03,+246.168181926E-03,-41.025439231E-03,-85.796167428E-03
+3.108120000E-03,+260.522767201E-03,-42.831343762E-03,-84.688127236E-03
+3.108125000E-03,+276.276535867E-03,-43.616519612E-03,-84.200061918E-03
+3.108130000E-03,+290.838407583E-03,-43.852072347E-03,-83.184358408E-03
+3.108135000E-03,+305.607565737E-03,-39.847675446E-03,-82.612750378E-03
+3.108140000E-03,+320.739475111E-03,-41.339509650E-03,-81.451946366E-03
+3.108145000E-03,+334.886773944E-03,-42.517273409E-03,-80.985865974E-03
+3.108150000E-03,+348.930429586E-03,-42.124685464E-03,-79.732725279E-03
+3.108155000E-03,+363.181371630E-03,-42.674308560E-03,-79.358981567E-03
+3.108160000E-03,+377.898708143E-03,-41.418027218E-03,-77.907976552E-03
+3.108165000E-03,+392.667866299E-03,-42.124685476E-03,-77.582599677E-03
+3.108170000E-03,+407.540667655E-03,-42.595790948E-03,-76.197549438E-03
+3.108175000E-03,+422.776220220E-03,-41.182474417E-03,-75.661117286E-03
+3.108180000E-03,+436.301659788E-03,-41.339509620E-03,-74.429961517E-03
+3.108185000E-03,+449.619812934E-03,-42.360238235E-03,-73.713252984E-03
+3.108190000E-03,+464.492614271E-03,-41.025439257E-03,-72.543655004E-03
+3.108195000E-03,+477.396194514E-03,-42.438755844E-03,-71.848931397E-03
+3.108200000E-03,+491.336206950E-03,-38.826946852E-03,-70.762876129E-03
+3.108205000E-03,+504.550716857E-03,-43.616519614E-03,-69.751569612E-03
+3.108210000E-03,+518.749837300E-03,-43.145414070E-03,-68.920539464E-03
+3.108215000E-03,+533.415352218E-03,-41.339509605E-03,-67.671795766E-03
+3.108220000E-03,+545.800716405E-03,-42.438755858E-03,-66.963881192E-03
+3.108225000E-03,+558.548831866E-03,-43.852072380E-03,-65.622800814E-03
+3.108230000E-03,+572.540665862E-03,-42.595790962E-03,-64.752197803E-03
+3.108235000E-03,+585.081494891E-03,-42.595791011E-03,-63.648554601E-03
+3.108240000E-03,+598.399648015E-03,-42.046167913E-03,-62.698805860E-03
+3.108245000E-03,+612.287838827E-03,-42.360238252E-03,-61.331343572E-03
+3.108250000E-03,+624.725024600E-03,-44.323177856E-03,-60.548680258E-03
+3.108255000E-03,+638.146820971E-03,-41.260992023E-03,-59.326318466E-03
+3.108260000E-03,+649.288466572E-03,-41.889132749E-03,-58.398554653E-03
+3.108265000E-03,+661.881117184E-03,-42.203203046E-03,-57.141016984E-03
+3.108270000E-03,+674.162838138E-03,-41.496544782E-03,-56.072549655E-03
+3.108275000E-03,+686.029986257E-03,-42.046167869E-03,-54.960112484E-03
+3.108280000E-03,+697.586204748E-03,-40.554333771E-03,-53.852072292E-03
+3.108285000E-03,+709.194244854E-03,-42.124685508E-03,-52.576946680E-03
+3.108290000E-03,+721.735073831E-03,-44.794283358E-03,-51.468906489E-03
+3.108295000E-03,+733.135827479E-03,-41.418027182E-03,-50.277323586E-03
+3.108300000E-03,+744.899332358E-03,-42.988378971E-03,-49.112122596E-03
+3.108305000E-03,+756.714658881E-03,-42.595790979E-03,-47.863378888E-03
+3.108310000E-03,+767.804482909E-03,-43.145414043E-03,-46.755338702E-03
+3.108315000E-03,+779.619809394E-03,-40.789886495E-03,-45.581343738E-03
+3.108320000E-03,+788.999520369E-03,-41.967650334E-03,-44.336997019E-03
+3.108325000E-03,+800.141165970E-03,-43.773554770E-03,-43.079459345E-03
+3.108330000E-03,+811.127346754E-03,-42.438755802E-03,-41.870288504E-03
+3.108335000E-03,+823.149959662E-03,-42.438755814E-03,-40.603956856E-03
+3.108340000E-03,+832.011454550E-03,-41.653580009E-03,-39.504710640E-03
+3.108345000E-03,+843.204921780E-03,-43.380966859E-03,-38.093278488E-03
+3.108350000E-03,+853.258313622E-03,-41.732097533E-03,-36.950062430E-03
+3.108355000E-03,+862.223451759E-03,-40.161745740E-03,-35.547424244E-03
+3.108360000E-03,+873.676026986E-03,-39.690640370E-03,-34.606469488E-03
+3.108365000E-03,+883.366667561E-03,-44.715765853E-03,-32.891645380E-03
+3.108370000E-03,+893.160951394E-03,-43.302449247E-03,-32.152951925E-03
+3.108375000E-03,+901.556051836E-03,-41.339509625E-03,-30.424936862E-03
+3.108380000E-03,+910.832119559E-03,-41.967650368E-03,-29.611494667E-03
+3.108385000E-03,+921.040976241E-03,-42.831343803E-03,-27.676821316E-03
+3.108390000E-03,+929.954292721E-03,-44.558730625E-03,-26.960112787E-03
+3.108395000E-03,+937.312960998E-03,-41.025439264E-03,-25.232097724E-03
+3.108400000E-03,+946.692671927E-03,-42.595791027E-03,-24.352700750E-03
+3.108405000E-03,+954.828664311E-03,-42.831343747E-03,-22.563127907E-03
+3.108410000E-03,+962.290975787E-03,-43.380966882E-03,-21.666142992E-03
+3.108415000E-03,+970.737897808E-03,-41.889132707E-03,-20.034861601E-03
+3.108420000E-03,+978.511138952E-03,-41.496544838E-03,-19.080715881E-03
+3.108425000E-03,+986.077093655E-03,-44.244660340E-03,-17.409861628E-03
+3.108430000E-03,+993.953977970E-03,-43.930589930E-03,-16.468906866E-03
+3.108435000E-03,+1.001312646242E+00,-39.690640299E-03,-14.820037537E-03
+3.108440000E-03,+1.009241352165E+00,-42.674308617E-03,-13.892273727E-03
+3.108445000E-03,+1.015200837041E+00,-44.087625112E-03,-12.045540077E-03
+3.108450000E-03,+1.022404040503E+00,-42.281720619E-03,-11.364007425E-03
+3.108455000E-03,+1.027897130890E+00,-42.595790985E-03,-9.398555182E-03
+3.108460000E-03,+1.035203977538E+00,-41.025439290E-03,-8.752198405E-03
+3.108465000E-03,+1.040748889539E+00,-43.773554818E-03,-6.672424558E-03
+3.108470000E-03,+1.047485698490E+00,-42.438755829E-03,-6.149183359E-03
+3.108475000E-03,+1.053600648201E+00,-42.046167868E-03,-4.108982377E-03
+3.108480000E-03,+1.059145560217E+00,-41.025439280E-03,-3.559359263E-03
+3.108485000E-03,+1.064586828991E+00,-44.637248276E-03,-1.567525117E-03
+3.108490000E-03,+1.070546313843E+00,-44.401695457E-03,-877.198488E-06
+3.108495000E-03,+1.076091225847E+00,-41.889132707E-03,+881.595459E-06
+3.108500000E-03,+1.081014278555E+00,-40.554333771E-03,+1.822550227E-03
+3.108505000E-03,+1.087181049848E+00,+238.889752305E-03,+3.550565281E-03
+3.108510000E-03,+1.091223135242E+00,+2.506870258180E+00,+4.575062756E-03
+3.108515000E-03,+1.095731615074E+00,+2.552724532961E+00,+5.920540132E-03
+3.108520000E-03,+1.099359127622E+00,+2.552724532961E+00,+7.397927046E-03
+3.108525000E-03,+1.103712142649E+00,+2.552724532961E+00,+8.360866740E-03
+3.108530000E-03,+1.107132368724E+00,+2.552724532961E+00,+9.921796365E-03
+3.108535000E-03,+1.111070810916E+00,+2.552724532961E+00,+10.946293851E-03
+3.108540000E-03,+1.113402783242E+00,+2.552724532961E+00,+12.511620459E-03
+3.108545000E-03,+1.117082117380E+00,+2.552724532961E+00,+13.773555127E-03
+3.108550000E-03,+1.120035949009E+00,+2.552724532961E+00,+15.070665655E-03
+3.108555000E-03,+1.122989780618E+00,+2.552724532961E+00,+16.358982236E-03
+3.108560000E-03,+1.126720936337E+00,+2.552724532961E+00,+17.537374170E-03
+3.108565000E-03,+1.127964654943E+00,+2.552724532961E+00,+19.049936978E-03
+3.108570000E-03,+1.130244805674E+00,+2.552724532961E+00,+20.043655556E-03
+3.108575000E-03,+1.132006740348E+00,+2.552724532961E+00,+21.595791223E-03
+3.108580000E-03,+1.134131426261E+00,+2.552724532961E+00,+22.659861557E-03
+3.108585000E-03,+1.135841539286E+00,+2.552724532961E+00,+24.110866571E-03
+3.108590000E-03,+1.138173511621E+00,+2.552724532961E+00,+25.276067559E-03
+3.108595000E-03,+1.137914403611E+00,+2.552724532961E+00,+26.573178102E-03
+3.108600000E-03,+1.140505483947E+00,+2.552724532961E+00,+27.870288639E-03
+3.108605000E-03,+1.141490094482E+00,+2.552724532961E+00,+29.053077574E-03
+3.108610000E-03,+1.141282808058E+00,+2.552724532961E+00,+30.420539865E-03
+3.108615000E-03,+1.142319240227E+00,+2.552724532961E+00,+31.449434336E-03
+3.108620000E-03,+1.142008310584E+00,+2.552724532961E+00,+32.786117730E-03
+3.108625000E-03,+1.141956488995E+00,+2.552724532961E+00,+33.964509683E-03
+3.108630000E-03,+1.143459315590E+00,+2.552724532961E+00,+35.296796092E-03
+3.108635000E-03,+1.142267418623E+00,+2.552724532961E+00,+36.510363926E-03
+3.108640000E-03,+1.141852845794E+00,+2.552724532961E+00,+37.561243307E-03
+3.108645000E-03,+1.140609127184E+00,+2.552724532961E+00,+39.007851338E-03
+3.108650000E-03,+1.140764592014E+00,+2.552724532961E+00,+39.944409111E-03
+3.108655000E-03,+1.140090911103E+00,+2.552724532961E+00,+41.364635232E-03
+3.108660000E-03,+1.138432619691E+00,+2.552724532961E+00,+42.279208085E-03
+3.108665000E-03,+1.137448009140E+00,+2.552724532961E+00,+43.686243245E-03
+3.108670000E-03,+1.135167858418E+00,+2.552724532961E+00,+44.666770872E-03
+3.108675000E-03,+1.133768675016E+00,+2.552724532961E+00,+46.007851259E-03
+3.108680000E-03,+1.131333059479E+00,+2.552724532961E+00,+46.940012057E-03
+3.108685000E-03,+1.129882054436E+00,+2.552724532961E+00,+48.223931637E-03
+3.108690000E-03,+1.127342795660E+00,+2.552724532961E+00,+49.200062282E-03
+3.108695000E-03,+1.123767104777E+00,+2.552724532961E+00,+50.422424076E-03
+3.108700000E-03,+1.122523386188E+00,+2.552724532961E+00,+51.301821054E-03
+3.108705000E-03,+1.119517732950E+00,+2.552724532961E+00,+52.713253197E-03
+3.108710000E-03,+1.114698323456E+00,+2.552724532961E+00,+53.460740628E-03
+3.108715000E-03,+1.111899956661E+00,+2.552724532961E+00,+54.779836092E-03
+3.108720000E-03,+1.108065157702E+00,+2.552724532961E+00,+55.404207946E-03
+3.108725000E-03,+1.104126715529E+00,+2.552724532961E+00,+57.061871237E-03
+3.108730000E-03,+1.100706489455E+00,+2.552724532961E+00,+57.404836067E-03
+3.108735000E-03,+1.096457117632E+00,+2.552724532961E+00,+59.102072225E-03
+3.108740000E-03,+1.092259567396E+00,+2.552724532961E+00,+59.357097354E-03
+3.108745000E-03,+1.087543801147E+00,+2.552724532961E+00,+61.115891295E-03
+3.108750000E-03,+1.081532494716E+00,+2.552724532961E+00,+61.476444066E-03
+3.108755000E-03,+1.077127658037E+00,+2.552724532961E+00,+63.024182732E-03
+3.108760000E-03,+1.071323638000E+00,+2.552724532961E+00,+63.411117414E-03
+3.108765000E-03,+1.066089655661E+00,+2.552724532961E+00,+64.980841003E-03
+3.108770000E-03,+1.060078349208E+00,+2.552724532961E+00,+65.407348546E-03
+3.108775000E-03,+1.054740723622E+00,+2.552724532961E+00,+66.823177666E-03
+3.108780000E-03,+1.048988525182E+00,+2.552724532961E+00,+67.267273151E-03
+3.108785000E-03,+1.043080861932E+00,+2.552724532961E+00,+68.665514333E-03
+3.108790000E-03,+1.037069555457E+00,+2.552724532961E+00,+69.206343476E-03
+3.108795000E-03,+1.029710887213E+00,+2.552724532961E+00,+70.424308285E-03
+3.108800000E-03,+1.023906867172E+00,+2.552724532961E+00,+70.864006777E-03
+3.108805000E-03,+1.016081804457E+00,+2.552724532961E+00,+72.205087160E-03
+3.108810000E-03,+1.009293173860E+00,+2.552724532961E+00,+72.508479121E-03
+3.108815000E-03,+1.002193613638E+00,+2.552724532961E+00,+73.893529351E-03
+3.108820000E-03,+994.368550876E-03,+2.552724532961E+00,+74.249685132E-03
+3.108825000E-03,+986.802596211E-03,+2.552724532961E+00,+75.555589633E-03
+3.108830000E-03,+979.184819915E-03,+2.552724532961E+00,+75.771041903E-03
+3.108835000E-03,+971.877973221E-03,+2.552724532961E+00,+76.980212733E-03
+3.108840000E-03,+963.897445695E-03,+2.552724532961E+00,+77.446293141E-03
+3.108845000E-03,+955.657810098E-03,+2.552724532961E+00,+78.475187593E-03
+3.108850000E-03,+947.366352908E-03,+2.552724532961E+00,+78.950061968E-03
+3.108855000E-03,+938.038463593E-03,+2.552724532961E+00,+79.785489087E-03
+3.108860000E-03,+930.420687285E-03,+2.552724532961E+00,+80.445036826E-03
+3.108865000E-03,+921.300084337E-03,+2.552724532961E+00,+81.161745355E-03
+3.108870000E-03,+912.438589455E-03,+2.552724532961E+00,+81.869659925E-03
+3.108875000E-03,+902.437019255E-03,+2.552724532961E+00,+82.375313184E-03
+3.108880000E-03,+894.249205255E-03,+2.552724532961E+00,+83.078830767E-03
+3.108885000E-03,+883.314846097E-03,+2.552724532961E+00,+83.725187543E-03
+3.108890000E-03,+874.556994391E-03,+2.552724532961E+00,+84.222046834E-03
+3.108895000E-03,+864.762710581E-03,+2.552724532961E+00,+85.039886019E-03
+3.108900000E-03,+853.931994641E-03,+2.552724532961E+00,+85.316896067E-03
+3.108905000E-03,+845.433251010E-03,+2.552724532961E+00,+86.293026713E-03
+3.108910000E-03,+835.328037537E-03,+2.552724532961E+00,+86.411745301E-03
+3.108915000E-03,+824.238213539E-03,+2.552724532961E+00,+87.405463885E-03
+3.108920000E-03,+812.837459896E-03,+2.552724532961E+00,+87.414257856E-03
+3.108925000E-03,+801.022133407E-03,+2.552724532961E+00,+88.583855832E-03
+3.108930000E-03,+790.243239049E-03,+2.552724532961E+00,+88.342021666E-03
+3.108935000E-03,+780.448955236E-03,+2.552724532961E+00,+89.551192504E-03
+3.108940000E-03,+770.188276930E-03,+2.552724532961E+00,+89.177448791E-03
+3.108945000E-03,+758.528415258E-03,+2.552724532961E+00,+90.487750282E-03
+3.108950000E-03,+746.661267140E-03,+2.552724532961E+00,+90.131594512E-03
+3.108955000E-03,+734.690475797E-03,+2.552724532961E+00,+91.235237713E-03
+3.108960000E-03,+723.911581454E-03,+2.552724532961E+00,+90.909860838E-03
+3.108965000E-03,+713.599081571E-03,+2.552724532961E+00,+92.070664837E-03
+3.108970000E-03,+701.110074173E-03,+2.552724532961E+00,+91.617775403E-03
+3.108975000E-03,+688.310137148E-03,+2.552724532961E+00,+92.831343220E-03
+3.108980000E-03,+676.909383483E-03,+2.552724532961E+00,+92.308102028E-03
+3.108985000E-03,+663.383943906E-03,+2.552724532961E+00,+93.438127137E-03
+3.108990000E-03,+650.946758129E-03,+2.552724532961E+00,+92.914885940E-03
+3.108995000E-03,+638.820501972E-03,+2.552724532961E+00,+93.869031654E-03
+3.109000000E-03,+626.746067448E-03,+2.552724532961E+00,+93.561242719E-03
+3.109005000E-03,+613.324271099E-03,+2.552724532961E+00,+94.405463809E-03
+3.109010000E-03,+600.731620477E-03,+2.552724532961E+00,+94.066895981E-03
+3.109015000E-03,+587.931683432E-03,+2.552724532961E+00,+94.805589432E-03
+3.109020000E-03,+575.235389614E-03,+2.552724532961E+00,+94.484609543E-03
+3.109025000E-03,+562.176344520E-03,+2.552724532961E+00,+95.056217569E-03
+3.109030000E-03,+549.013656213E-03,+2.552724532961E+00,+94.858353256E-03
+3.109035000E-03,+535.177287014E-03,+2.552724532961E+00,+95.148554258E-03
+3.109040000E-03,+521.755490656E-03,+2.552724532961E+00,+95.214509030E-03
+3.109045000E-03,+508.022764696E-03,+2.552724532961E+00,+95.364006517E-03
+3.109050000E-03,+494.756433184E-03,+2.552724532961E+00,+95.447549222E-03
+3.109055000E-03,+480.712777528E-03,+2.552724532961E+00,+95.627825612E-03
+3.109060000E-03,+467.601910860E-03,+2.552724532961E+00,+95.535488920E-03
+3.109065000E-03,+452.832752715E-03,+2.552724532961E+00,+95.711368325E-03
+3.109070000E-03,+439.618242808E-03,+2.552724532961E+00,+95.570664798E-03
+3.109075000E-03,+425.315479153E-03,+2.552724532961E+00,+95.772926114E-03
+3.109080000E-03,+411.064537119E-03,+2.552724532961E+00,+95.531091936E-03
+3.109085000E-03,+396.865416654E-03,+2.552724532961E+00,+95.834483902E-03
+3.109090000E-03,+382.718117794E-03,+2.552724532961E+00,+95.473931132E-03
+3.109095000E-03,+368.052602874E-03,+2.552724532961E+00,+95.702574357E-03
+3.109100000E-03,+352.972515102E-03,+2.552724532961E+00,+95.240890936E-03
+3.109105000E-03,+338.307000208E-03,+2.552724532961E+00,+95.531091946E-03
+3.109110000E-03,+323.900593297E-03,+2.552724532961E+00,+95.117775359E-03
+3.109115000E-03,+309.494186416E-03,+2.552724532961E+00,+95.144157276E-03
+3.109120000E-03,+295.502352391E-03,+2.552724532961E+00,+94.849559283E-03
+3.109125000E-03,+280.214978172E-03,+2.552724532961E+00,+94.836368335E-03
+3.109130000E-03,+265.238533626E-03,+2.552724532961E+00,+94.484609537E-03
+3.109135000E-03,+250.521197112E-03,+2.552724532961E+00,+94.401066831E-03
+3.109140000E-03,+236.840292724E-03,+2.552724532961E+00,+94.106468841E-03
+3.109145000E-03,+221.449275326E-03,+2.552724532961E+00,+93.877825633E-03
+3.109150000E-03,+206.783760379E-03,+2.552724532961E+00,+93.675564322E-03
+3.109155000E-03,+191.185456555E-03,+2.552724532961E+00,+93.358981416E-03
+3.109160000E-03,+176.416298407E-03,+2.552724532961E+00,+93.125941215E-03
+3.109165000E-03,+161.128924187E-03,+2.552724532961E+00,+92.760991471E-03
+3.109170000E-03,+144.805117887E-03,+2.552724532961E+00,+92.523554284E-03
+3.109175000E-03,+129.465922047E-03,+2.552724532961E+00,+92.110237711E-03
+3.109180000E-03,+115.059515155E-03,+2.552724532961E+00,+91.899182434E-03
+3.109185000E-03,+100.290356979E-03,+2.552724532961E+00,+91.419911085E-03
+3.109190000E-03,+85.365734050E-03,+2.552724532961E+00,+91.120916111E-03
+3.109195000E-03,+69.663787018E-03,+2.552724532961E+00,+90.478956321E-03
+3.109200000E-03,+52.925407783E-03,+2.552724532961E+00,+90.338252805E-03
+3.109205000E-03,+38.415357667E-03,+2.552724532961E+00,+89.683102055E-03
+3.109210000E-03,+24.838096514E-03,+2.552724532961E+00,+89.507222663E-03
+3.109215000E-03,+9.395257509E-03,+2.552724532961E+00,+88.684986489E-03
+3.109220000E-03,-5.529365474E-03,+2.552724532961E+00,+88.592649811E-03
+3.109225000E-03,-20.609453267E-03,+2.552724532961E+00,+87.722046802E-03
+3.109230000E-03,-35.534076195E-03,+2.552724532961E+00,+87.651695042E-03
+3.109235000E-03,-49.474088634E-03,+2.552724532961E+00,+86.618403597E-03
+3.109240000E-03,-64.968749240E-03,+2.552724532961E+00,+86.477700083E-03
+3.109245000E-03,-80.204301854E-03,+2.552724532961E+00,+85.571921199E-03
+3.109250000E-03,-95.388032815E-03,+2.552724532961E+00,+85.272926226E-03
+3.109255000E-03,-112.022768843E-03,+2.552724532961E+00,+84.534232765E-03
+3.109260000E-03,-126.480997327E-03,+2.552724532961E+00,+84.037373473E-03
+3.109265000E-03,-141.716549946E-03,+2.552724532961E+00,+83.329458909E-03
+3.109270000E-03,-157.159388947E-03,+2.552724532961E+00,+82.647926253E-03
+3.109275000E-03,-172.913157633E-03,+2.552724532961E+00,+82.085112189E-03
+3.109280000E-03,-187.164099696E-03,+2.552724532961E+00,+81.333227777E-03
+3.109285000E-03,-202.088722666E-03,+2.552724532961E+00,+80.766016726E-03
+3.109290000E-03,-216.443307950E-03,+2.552724532961E+00,+79.886619749E-03
+3.109295000E-03,-232.300719817E-03,+2.552724532961E+00,+79.385363476E-03
+3.109300000E-03,-247.691737221E-03,+2.552724532961E+00,+78.501569515E-03
+3.109305000E-03,-262.875468244E-03,+2.552724532961E+00,+77.947549418E-03
+3.109310000E-03,-276.867302299E-03,+2.552724532961E+00,+77.094534353E-03
+3.109315000E-03,-292.724714168E-03,+2.552724532961E+00,+76.325061999E-03
+3.109320000E-03,-306.872012994E-03,+2.552724532961E+00,+75.559986632E-03
+3.109325000E-03,-322.988532924E-03,+2.552724532961E+00,+74.654207747E-03
+3.109330000E-03,-337.654047821E-03,+2.552724532961E+00,+73.990263029E-03
+3.109335000E-03,-350.713092950E-03,+2.552724532961E+00,+72.926192692E-03
+3.109340000E-03,-366.259575159E-03,+2.552724532961E+00,+72.218278125E-03
+3.109345000E-03,-380.821446894E-03,+2.552724532961E+00,+71.198177637E-03
+3.109350000E-03,-395.538783392E-03,+2.552724532961E+00,+70.586996734E-03
+3.109355000E-03,-410.048833470E-03,+2.552724532961E+00,+69.377825898E-03
+3.109360000E-03,-424.662526801E-03,+2.552724532961E+00,+68.771041982E-03
+3.109365000E-03,-439.120755326E-03,+2.552724532961E+00,+67.737750539E-03
+3.109370000E-03,-453.630805413E-03,+2.552724532961E+00,+66.889132452E-03
+3.109375000E-03,-467.104423350E-03,+2.552724532961E+00,+65.847047040E-03
+3.109380000E-03,-482.184511122E-03,+2.552724532961E+00,+64.985238003E-03
+3.109385000E-03,-495.761772255E-03,+2.552724532961E+00,+63.921167665E-03
+3.109390000E-03,-510.530930414E-03,+2.552724532961E+00,+63.063755607E-03
+3.109395000E-03,-524.211834781E-03,+2.552724532961E+00,+62.030464165E-03
+3.109400000E-03,-537.322701455E-03,+2.552724532961E+00,+61.111494327E-03
+3.109405000E-03,-550.433568192E-03,+2.552724532961E+00,+60.078202881E-03
+3.109410000E-03,-564.218115797E-03,+2.552724532961E+00,+59.084484300E-03
+3.109415000E-03,-578.002663330E-03,+2.552724532961E+00,+58.011619988E-03
+3.109420000E-03,-591.528102902E-03,+2.552724532961E+00,+57.070665226E-03
+3.109425000E-03,-604.949899253E-03,+2.552724532961E+00,+55.914258202E-03
+3.109430000E-03,-617.542549857E-03,+2.552724532961E+00,+54.968906452E-03
+3.109435000E-03,-630.705238182E-03,+2.552724532961E+00,+53.856469279E-03
+3.109440000E-03,-643.246067189E-03,+2.552724532961E+00,+52.779207986E-03
+3.109445000E-03,-656.667863503E-03,+2.552724532961E+00,+51.869032115E-03
+3.109450000E-03,-668.586833269E-03,+2.552724532961E+00,+50.479584896E-03
+3.109455000E-03,-680.505802988E-03,+2.552724532961E+00,+49.736494452E-03
+3.109460000E-03,-692.839345547E-03,+2.552724532961E+00,+48.127197985E-03
+3.109465000E-03,-705.276531353E-03,+2.552724532961E+00,+47.669911557E-03
+3.109470000E-03,-718.076468384E-03,+2.552724532961E+00,+45.897926651E-03
+3.109475000E-03,-729.425400421E-03,+2.552724532961E+00,+45.392273390E-03
+3.109480000E-03,-741.551656594E-03,+2.552724532961E+00,+43.519157833E-03
+3.109485000E-03,-753.626091129E-03,+2.552724532961E+00,+43.163002058E-03
+3.109490000E-03,-765.752347307E-03,+2.552724532961E+00,+41.153579969E-03
+3.109495000E-03,-776.842171298E-03,+2.552724532961E+00,+40.793027208E-03
+3.109500000E-03,-787.776530500E-03,+2.552724532961E+00,+38.867147833E-03
+3.109505000E-03,-799.332748953E-03,+2.552724532961E+00,+38.335112660E-03
+3.109510000E-03,-811.148075444E-03,+2.552724532961E+00,+36.527951879E-03
+3.109515000E-03,-821.771504999E-03,+2.552724532961E+00,+35.806846358E-03
+3.109520000E-03,-832.135826469E-03,+2.552724532961E+00,+34.114007181E-03
+3.109525000E-03,-843.329293706E-03,+2.552724532961E+00,+33.344534827E-03
+3.109530000E-03,-853.641793591E-03,+2.552724532961E+00,+31.686871525E-03
+3.109535000E-03,-864.524331171E-03,+2.552724532961E+00,+30.803077571E-03
+3.109540000E-03,-874.422258181E-03,+2.552724532961E+00,+29.316896675E-03
+3.109545000E-03,-884.890222897E-03,+2.552724532961E+00,+28.314384131E-03
+3.109550000E-03,-894.995436352E-03,+2.552724532961E+00,+26.749057507E-03
+3.109555000E-03,-905.515222676E-03,+2.552724532961E+00,+25.693781149E-03
+3.109560000E-03,-914.635825627E-03,+2.552724532961E+00,+24.229585175E-03
+3.109565000E-03,-924.326466211E-03,+2.552724532961E+00,+23.253454538E-03
+3.109570000E-03,-934.431679650E-03,+2.552724532961E+00,+21.710112837E-03
+3.109575000E-03,-943.137709733E-03,+2.552724532961E+00,+20.703203309E-03
+3.109580000E-03,-953.502031236E-03,+2.552724532961E+00,+19.260992261E-03
+3.109585000E-03,-961.119807548E-03,+2.552724532961E+00,+18.108982229E-03
+3.109590000E-03,-970.395875299E-03,+2.552724532961E+00,+16.833856610E-03
+3.109595000E-03,-978.790975696E-03,+2.552724532961E+00,+15.391645579E-03
+3.109600000E-03,-987.600648934E-03,+2.552724532961E+00,+14.358354122E-03
+3.109605000E-03,-995.632998096E-03,+2.552724532961E+00,+12.713881784E-03
+3.109610000E-03,-1.004598136207E+00,+2.552724532961E+00,+11.816896862E-03
+3.109615000E-03,-1.012112269302E+00,+2.552724532961E+00,+10.018530057E-03
+3.109620000E-03,-1.020455548093E+00,+2.552724532961E+00,+9.266645636E-03
+3.109625000E-03,-1.027244178690E+00,+2.552724532961E+00,+7.406721040E-03
+3.109630000E-03,-1.035121063037E+00,+2.552724532961E+00,+6.698806460E-03
+3.109635000E-03,-1.042220623269E+00,+2.552724532961E+00,+4.715766295E-03
+3.109640000E-03,-1.049320183476E+00,+2.552724532961E+00,+4.082600459E-03
+3.109645000E-03,-1.056523386923E+00,+2.552724532961E+00,+2.218278890E-03
+3.109650000E-03,-1.063519303913E+00,+2.552724532961E+00,+1.453203503E-03
+3.109655000E-03,-1.069426967175E+00,+2.552724532961E+00,-375.942188E-06
+3.109660000E-03,-1.076319240987E+00,+2.552724532961E+00,-1.246545211E-03
+3.109665000E-03,-1.081449580119E+00,+2.552724532961E+00,-2.860238645E-03
+3.109670000E-03,-1.089067356438E+00,+2.552724532961E+00,-3.809987395E-03
+3.109675000E-03,-1.094197695583E+00,+2.552724532961E+00,-5.551193389E-03
+3.109680000E-03,-1.100571753299E+00,+2.552724532961E+00,-6.549308976E-03
+3.109685000E-03,-1.105650270858E+00,+2.552724532961E+00,-8.119032560E-03
+3.109690000E-03,-1.110055107474E+00,+2.552724532961E+00,-9.213881810E-03
+3.109695000E-03,-1.114874516986E+00,+2.552724532961E+00,-10.700062684E-03
+3.109700000E-03,-1.119538461639E+00,+2.552724532961E+00,-11.856469718E-03
+3.109705000E-03,-1.125446124901E+00,+2.552724532961E+00,-13.325062657E-03
+3.109710000E-03,-1.130265534402E+00,+1.274536752910E+00,-14.569409388E-03
+3.109715000E-03,-1.133426652449E+00,-153.776692911E-03,-15.734610372E-03
+3.109720000E-03,-1.137572381025E+00,-182.671166314E-03,-17.190012369E-03
+3.109725000E-03,-1.140733499121E+00,+17.941265795E-03,-18.267273670E-03
+3.109730000E-03,-1.144568298035E+00,+136.895415231E-03,-20.004082688E-03
+3.109735000E-03,-1.148351275402E+00,-84.681217497E-03,-20.786746006E-03
+3.109740000E-03,-1.152756112036E+00,-79.342021557E-03,-22.782977122E-03
+3.109745000E-03,-1.155450835644E+00,-90.334484414E-03,-23.257851512E-03
+3.109750000E-03,-1.159026526530E+00,-19.040514814E-03,-25.267273583E-03
+3.109755000E-03,-1.161306677269E+00,-56.179333494E-03,-26.054333896E-03
+3.109760000E-03,-1.162498574262E+00,-50.761620095E-03,-27.936243396E-03
+3.109765000E-03,-1.166799767662E+00,-63.559986760E-03,-28.608982108E-03
+3.109770000E-03,-1.168458059118E+00,-50.604584925E-03,-30.328203172E-03
+3.109775000E-03,-1.170219993759E+00,-51.703831036E-03,-31.326318760E-03
+3.109780000E-03,-1.172344679675E+00,-51.703831166E-03,-32.825690584E-03
+3.109785000E-03,-1.174002971141E+00,-52.881594915E-03,-33.894157929E-03
+3.109790000E-03,-1.176024013811E+00,-52.960112505E-03,-35.244032270E-03
+3.109795000E-03,-1.175868548989E+00,-48.720162816E-03,-36.475188049E-03
+3.109800000E-03,-1.177215910798E+00,-51.075690462E-03,-37.767901592E-03
+3.109805000E-03,-1.177993234917E+00,-50.526067276E-03,-38.977072443E-03
+3.109810000E-03,-1.178252342983E+00,-50.761620005E-03,-40.304961869E-03
+3.109815000E-03,-1.179133310262E+00,-49.740891420E-03,-41.377826186E-03
+3.109820000E-03,-1.179340596726E+00,-50.054961815E-03,-42.828831188E-03
+3.109825000E-03,-1.179081488679E+00,-49.191268350E-03,-43.778579929E-03
+3.109830000E-03,-1.178874202235E+00,-52.331971761E-03,-45.229584933E-03
+3.109835000E-03,-1.178770559029E+00,-49.583856257E-03,-46.157348746E-03
+3.109840000E-03,-1.178718737460E+00,-49.191268314E-03,-47.599559784E-03
+3.109845000E-03,-1.177785948513E+00,-47.228328691E-03,-48.382223095E-03
+3.109850000E-03,-1.176904981179E+00,-50.211996877E-03,-50.158604979E-03
+3.109855000E-03,-1.176697694727E+00,-46.678705475E-03,-50.844534625E-03
+3.109860000E-03,-1.174935760080E+00,-46.757223179E-03,-52.370288372E-03
+3.109865000E-03,-1.172655609385E+00,-53.352700357E-03,-53.196921536E-03
+3.109870000E-03,-1.172137393300E+00,-48.720162791E-03,-54.683102416E-03
+3.109875000E-03,-1.170012707362E+00,-48.484610022E-03,-55.452574778E-03
+3.109880000E-03,-1.167991664701E+00,-49.034233125E-03,-56.912373749E-03
+3.109885000E-03,-1.165607870735E+00,-48.641645252E-03,-57.598303399E-03
+3.109890000E-03,-1.163483184824E+00,-48.955715501E-03,-59.190011919E-03
+3.109895000E-03,-1.161513963739E+00,-47.149811016E-03,-59.761619959E-03
+3.109900000E-03,-1.158249202502E+00,-46.521670411E-03,-61.287373703E-03
+3.109905000E-03,-1.155450835654E+00,-48.955715508E-03,-61.946921444E-03
+3.109910000E-03,-1.152911576950E+00,-46.678705538E-03,-63.582599812E-03
+3.109915000E-03,-1.149076777930E+00,-47.620916557E-03,-64.158604837E-03
+3.109920000E-03,-1.145241979008E+00,-44.480213140E-03,-65.688755562E-03
+3.109925000E-03,-1.141407180081E+00,-47.856469392E-03,-66.115263108E-03
+3.109930000E-03,-1.137365094702E+00,-49.662373747E-03,-67.755338459E-03
+3.109935000E-03,-1.132493863569E+00,-44.794283421E-03,-68.234609819E-03
+3.109940000E-03,-1.129332745510E+00,-46.914258362E-03,-69.681217834E-03
+3.109945000E-03,-1.124357871194E+00,-47.228328644E-03,-70.195665076E-03
+3.109950000E-03,-1.119642104894E+00,-47.385363747E-03,-71.549936410E-03
+3.109955000E-03,-1.114770873800E+00,-45.422424114E-03,-72.244660028E-03
+3.109960000E-03,-1.109329605031E+00,-45.579459352E-03,-73.445036891E-03
+3.109965000E-03,-1.104147444297E+00,-44.244660349E-03,-74.139760509E-03
+3.109970000E-03,-1.098706175497E+00,-47.149811030E-03,-75.296167526E-03
+3.109975000E-03,-1.093109441906E+00,-43.852072402E-03,-76.017273050E-03
+3.109980000E-03,-1.087046313823E+00,-46.678705613E-03,-77.125313236E-03
+3.109985000E-03,-1.081605045022E+00,-46.129082424E-03,-77.771670019E-03
+3.109990000E-03,-1.075127344116E+00,-47.620916605E-03,-78.954458946E-03
+3.109995000E-03,-1.069219680865E+00,-44.794283447E-03,-79.592021754E-03
+3.110000000E-03,-1.063208374382E+00,-44.323177951E-03,-80.788001643E-03
+3.110005000E-03,-1.055435133272E+00,-46.364635219E-03,-81.117775508E-03
+3.110010000E-03,-1.048957432354E+00,-47.071293349E-03,-82.502825744E-03
+3.110015000E-03,-1.040614153524E+00,-43.538001986E-03,-82.740262929E-03
+3.110020000E-03,-1.033151842056E+00,-44.087625288E-03,-84.160489044E-03
+3.110025000E-03,-1.025896817028E+00,-47.777951750E-03,-84.204458895E-03
+3.110030000E-03,-1.018693613530E+00,-43.302449277E-03,-85.804961387E-03
+3.110035000E-03,-1.010039405093E+00,-42.360238213E-03,-85.941267921E-03
+3.110040000E-03,-1.001903412732E+00,-45.815012072E-03,-87.330715138E-03
+3.110045000E-03,-993.715598752E-03,-44.401695463E-03,-87.343906096E-03
+3.110050000E-03,-985.838714410E-03,-47.463881340E-03,-88.742147287E-03
+3.110055000E-03,-977.702722027E-03,-44.244660326E-03,-88.860865874E-03
+3.110060000E-03,-968.271189460E-03,-43.223931751E-03,-90.135991493E-03
+3.110065000E-03,-959.668802640E-03,-45.815012164E-03,-90.140388476E-03
+3.110070000E-03,-949.926340470E-03,-45.108353769E-03,-91.389132187E-03
+3.110075000E-03,-940.805737515E-03,-42.595790971E-03,-91.525438707E-03
+3.110080000E-03,-931.218740138E-03,-43.930590012E-03,-92.580715084E-03
+3.110085000E-03,-922.201780433E-03,-44.794283409E-03,-92.624684933E-03
+3.110090000E-03,-910.075524315E-03,-45.500941674E-03,-93.811870855E-03
+3.110095000E-03,-900.954921357E-03,-42.831343762E-03,-93.851443712E-03
+3.110100000E-03,-889.916918978E-03,-42.124685563E-03,-94.911117071E-03
+3.110105000E-03,-879.086203001E-03,-43.380966880E-03,-94.955086915E-03
+3.110110000E-03,-870.017421714E-03,-46.521670283E-03,-95.940011535E-03
+3.110115000E-03,-860.378602706E-03,-42.752826168E-03,-96.168654746E-03
+3.110120000E-03,-850.480675687E-03,-46.207600035E-03,-96.938127095E-03
+3.110125000E-03,-839.028100443E-03,-43.538002000E-03,-97.303076846E-03
+3.110130000E-03,-827.834633234E-03,-45.265388920E-03,-97.755966286E-03
+3.110135000E-03,-816.796630814E-03,-44.558730652E-03,-98.358353216E-03
+3.110140000E-03,-806.017736457E-03,-41.889132737E-03,-98.551820546E-03
+3.110145000E-03,-793.684193876E-03,-42.752826276E-03,-99.382850687E-03
+3.110150000E-03,-781.454294520E-03,-45.265388858E-03,-99.202574311E-03
+3.110155000E-03,-770.053540853E-03,-40.161745778E-03,-100.332599422E-03
+3.110160000E-03,-757.927284773E-03,-42.595791083E-03,-99.826946165E-03
+3.110165000E-03,-745.852850198E-03,-45.815012072E-03,-101.080086849E-03
+3.110170000E-03,-733.519307599E-03,-42.046167907E-03,-100.587624553E-03
+3.110175000E-03,-722.740413245E-03,-43.066896512E-03,-101.682473780E-03
+3.110180000E-03,-709.681368163E-03,-41.810615181E-03,-101.282348162E-03
+3.110185000E-03,-696.881431140E-03,-41.810615146E-03,-102.262875780E-03
+3.110190000E-03,-684.910639819E-03,-43.852072348E-03,-101.823177305E-03
+3.110195000E-03,-672.991670080E-03,-41.653579890E-03,-102.702574275E-03
+3.110200000E-03,-659.828981802E-03,-41.967650363E-03,-102.346418504E-03
+3.110205000E-03,-646.562650257E-03,-44.009107616E-03,-103.186242609E-03
+3.110210000E-03,-632.778102646E-03,-42.909861318E-03,-102.900438595E-03
+3.110215000E-03,-619.615414386E-03,-43.380966872E-03,-103.577574264E-03
+3.110220000E-03,-606.349082847E-03,-41.182474457E-03,-103.269785324E-03
+3.110225000E-03,-593.600967392E-03,-41.889132713E-03,-103.819408438E-03
+3.110230000E-03,-580.075527852E-03,-42.674308553E-03,-103.533604413E-03
+3.110235000E-03,-566.446445070E-03,-40.475816134E-03,-104.193152153E-03
+3.110240000E-03,-553.646508050E-03,-41.810615225E-03,-103.687498885E-03
+3.110245000E-03,-539.602852406E-03,-43.616519610E-03,-104.395413458E-03
+3.110250000E-03,-526.336520869E-03,-43.223931690E-03,-103.902951145E-03
+3.110255000E-03,-512.500151673E-03,-41.810615126E-03,-104.536116972E-03
+3.110260000E-03,-498.352852838E-03,-41.025439338E-03,-104.030463706E-03
+3.110265000E-03,-483.946445967E-03,-41.025439279E-03,-104.522926017E-03
+3.110270000E-03,-469.747325551E-03,-42.909861314E-03,-104.034860694E-03
+3.110275000E-03,-455.185453832E-03,-41.025439311E-03,-104.514132047E-03
+3.110280000E-03,-441.711835893E-03,-42.517273426E-03,-104.039257679E-03
+3.110285000E-03,-426.165353614E-03,-42.831343719E-03,-104.263503916E-03
+3.110290000E-03,-412.380806049E-03,-41.967650257E-03,-103.968905921E-03
+3.110295000E-03,-397.870755935E-03,-41.653579900E-03,-104.184358186E-03
+3.110300000E-03,-383.982565137E-03,-40.946921772E-03,-103.828202400E-03
+3.110305000E-03,-368.850655767E-03,-43.930589930E-03,-103.880966229E-03
+3.110310000E-03,-354.081497597E-03,-45.186871272E-03,-103.612750145E-03
+3.110315000E-03,-339.415982703E-03,-41.575062381E-03,-103.766644618E-03
+3.110320000E-03,-323.610392412E-03,-42.752826215E-03,-103.230212460E-03
+3.110325000E-03,-309.152163926E-03,-42.360238208E-03,-103.392900909E-03
+3.110330000E-03,-294.123897756E-03,-41.575062373E-03,-102.821292870E-03
+3.110335000E-03,-279.302918044E-03,-41.732097479E-03,-103.115890861E-03
+3.110340000E-03,-264.430116680E-03,-41.260992077E-03,-102.447549151E-03
+3.110345000E-03,-249.505493650E-03,-43.459484495E-03,-102.689383324E-03
+3.110350000E-03,-233.648081834E-03,-43.695037096E-03,-101.744031580E-03
+3.110355000E-03,-216.650594582E-03,-41.260992028E-03,-102.188127045E-03
+3.110360000E-03,-202.969690185E-03,-42.988378916E-03,-101.277951178E-03
+3.110365000E-03,-189.599715440E-03,-43.223931621E-03,-101.484609463E-03
+3.110370000E-03,-173.068622695E-03,-41.339509620E-03,-100.741519027E-03
+3.110375000E-03,-158.558572567E-03,-41.339509583E-03,-100.825061734E-03
+3.110380000E-03,-143.893057646E-03,-40.868404117E-03,-99.967649692E-03
+3.110385000E-03,-127.983824170E-03,-41.732097547E-03,-100.086368272E-03
+3.110390000E-03,-112.592806710E-03,-42.674308507E-03,-99.259735125E-03
+3.110395000E-03,-97.201789332E-03,-40.161745797E-03,-99.224559240E-03
+3.110400000E-03,-82.743560817E-03,-42.595791046E-03,-98.406720057E-03
+3.110405000E-03,-67.767116240E-03,-40.554333712E-03,-98.257222571E-03
+3.110410000E-03,-51.650596348E-03,-43.538002014E-03,-97.549308008E-03
+3.110415000E-03,-37.917870361E-03,-41.418027162E-03,-97.399810519E-03
+3.110420000E-03,-23.252355406E-03,-41.810615220E-03,-96.480840686E-03
+3.110425000E-03,-7.861338004E-03,-44.087625123E-03,-96.384107009E-03
+3.110430000E-03,+8.617933211E-03,-42.124685495E-03,-95.487122101E-03
+3.110435000E-03,+24.060772209E-03,-41.732097543E-03,-95.385991445E-03
+3.110440000E-03,+39.192681589E-03,-41.496544814E-03,-94.510991452E-03
+3.110445000E-03,+55.257379921E-03,-40.632851397E-03,-94.075689954E-03
+3.110450000E-03,+69.715608379E-03,-41.889132648E-03,-93.319408559E-03
+3.110455000E-03,+84.795696157E-03,-39.926193019E-03,-92.998428652E-03
+3.110460000E-03,+101.482253775E-03,-39.376570061E-03,-92.193780427E-03
+3.110465000E-03,+115.785017463E-03,-43.930589978E-03,-91.683730178E-03
+3.110470000E-03,+130.968748423E-03,-40.946921725E-03,-90.945036720E-03
+3.110475000E-03,+146.048836231E-03,-41.339509612E-03,-90.382222654E-03
+3.110480000E-03,+162.165356135E-03,-41.418027256E-03,-89.656720146E-03
+3.110485000E-03,+176.882692658E-03,-42.124685483E-03,-88.913629711E-03
+3.110490000E-03,+192.014602041E-03,-42.988378883E-03,-88.218906094E-03
+3.110495000E-03,+208.234765205E-03,-41.810615126E-03,-87.656092035E-03
+3.110500000E-03,+222.485707250E-03,-41.260992066E-03,-86.847046807E-03
+3.110505000E-03,+237.669438235E-03,-42.438755831E-03,-86.297423707E-03
+3.110510000E-03,+253.319563706E-03,-42.909861279E-03,-85.167398586E-03
+3.110515000E-03,+266.896824870E-03,-40.397298583E-03,-84.864006634E-03
+3.110520000E-03,+282.857879986E-03,-40.711369039E-03,-83.483353382E-03
+3.110525000E-03,+298.974399867E-03,-42.831343754E-03,-83.166770473E-03
+3.110530000E-03,+312.707125900E-03,-42.517273364E-03,-81.926820738E-03
+3.110535000E-03,+327.994500119E-03,-42.203203024E-03,-81.610237822E-03
+3.110540000E-03,+342.089977316E-03,-42.988378970E-03,-80.242775532E-03
+3.110545000E-03,+357.325529920E-03,-43.773554787E-03,-79.842649902E-03
+3.110550000E-03,+371.524650382E-03,-43.302449252E-03,-78.541142385E-03
+3.110555000E-03,+385.153733180E-03,-41.653579935E-03,-78.101443893E-03
+3.110560000E-03,+400.752037042E-03,-40.868404135E-03,-76.760363510E-03
+3.110565000E-03,+414.743871029E-03,-43.066896524E-03,-76.188755469E-03
+3.110570000E-03,+428.217488970E-03,-41.732097530E-03,-75.001569560E-03
+3.110575000E-03,+442.572074249E-03,-40.475816145E-03,-74.421167548E-03
+3.110580000E-03,+456.719373081E-03,-41.025439330E-03,-73.062499233E-03
+3.110585000E-03,+470.659385519E-03,-40.789886506E-03,-72.455715303E-03
+3.110590000E-03,+484.547576295E-03,-42.281720632E-03,-71.127825888E-03
+3.110595000E-03,+498.643053544E-03,-41.182474316E-03,-70.688127387E-03
+3.110600000E-03,+512.168493129E-03,-40.632851391E-03,-69.109609828E-03
+3.110605000E-03,+526.315791916E-03,-44.009107598E-03,-68.700690217E-03
+3.110610000E-03,+540.514912370E-03,-43.302449230E-03,-67.188127440E-03
+3.110615000E-03,+553.314849455E-03,-41.182474400E-03,-66.673680185E-03
+3.110620000E-03,+566.529359358E-03,-42.203203120E-03,-65.117147562E-03
+3.110625000E-03,+580.262085322E-03,-42.203203074E-03,-64.501569653E-03
+3.110630000E-03,+592.543806324E-03,-42.595791005E-03,-62.993403870E-03
+3.110635000E-03,+606.069245830E-03,-40.789886502E-03,-62.347047069E-03
+3.110640000E-03,+618.972826093E-03,-42.281720648E-03,-60.887248111E-03
+3.110645000E-03,+631.980049628E-03,-41.889132794E-03,-60.210112420E-03
+3.110650000E-03,+644.624521838E-03,-43.459484374E-03,-58.811871246E-03
+3.110655000E-03,+656.854421207E-03,-41.418027216E-03,-58.055589827E-03
+3.110660000E-03,+668.721569307E-03,-42.831343809E-03,-56.644157699E-03
+3.110665000E-03,+680.485074234E-03,-42.752826209E-03,-55.843906434E-03
+3.110670000E-03,+692.093114313E-03,-43.380966778E-03,-54.173052204E-03
+3.110675000E-03,+704.012084038E-03,-40.789886502E-03,-53.619032094E-03
+3.110680000E-03,+715.568302495E-03,-42.203203100E-03,-51.741519563E-03
+3.110685000E-03,+728.005488280E-03,-43.538002042E-03,-51.227072320E-03
+3.110690000E-03,+739.717171595E-03,-43.616519556E-03,-49.424308535E-03
+3.110695000E-03,+750.858817207E-03,-42.281720631E-03,-48.896670336E-03
+3.110700000E-03,+762.622322128E-03,-41.810615177E-03,-47.120288460E-03
+3.110705000E-03,+773.712146091E-03,-43.066896562E-03,-46.566268343E-03
+3.110710000E-03,+784.542862066E-03,-42.988378838E-03,-44.750313611E-03
+3.110715000E-03,+795.010826772E-03,-41.182474446E-03,-44.086368877E-03
+3.110720000E-03,+806.981618099E-03,-42.988378962E-03,-42.419911621E-03
+3.110725000E-03,+817.345939615E-03,-42.831343792E-03,-41.540514636E-03
+3.110730000E-03,+828.124833969E-03,-42.674308571E-03,-40.089509638E-03
+3.110735000E-03,+836.882685654E-03,-41.653579939E-03,-39.007851347E-03
+3.110740000E-03,+846.366039832E-03,-41.732097608E-03,-37.679961919E-03
+3.110745000E-03,+857.144934149E-03,-43.538002124E-03,-36.396042329E-03
+3.110750000E-03,+868.027471738E-03,-46.364635035E-03,-35.160489586E-03
+3.110755000E-03,+878.702722926E-03,-39.062499569E-03,-33.924936831E-03
+3.110760000E-03,+888.030612233E-03,-42.988379131E-03,-32.680590113E-03
+3.110765000E-03,+897.410323202E-03,-46.050564768E-03,-31.431846409E-03
+3.110770000E-03,+906.841855759E-03,-42.438755775E-03,-29.963253462E-03
+3.110775000E-03,+915.340599383E-03,-43.538002012E-03,-28.885992165E-03
+3.110780000E-03,+925.653099239E-03,-41.575062399E-03,-27.351444443E-03
+3.110785000E-03,+933.944556476E-03,-44.951318662E-03,-26.318152993E-03
+3.110790000E-03,+942.080548863E-03,-43.773554725E-03,-24.739635428E-03
+3.110795000E-03,+949.905611607E-03,-41.496544777E-03,-23.803077638E-03
+3.110800000E-03,+958.870749651E-03,-41.810615204E-03,-22.097047517E-03
+3.110805000E-03,+966.488525980E-03,-41.496544825E-03,-21.054962093E-03
+3.110810000E-03,+974.520875143E-03,-45.579459245E-03,-19.520414381E-03
+3.110815000E-03,+983.123261936E-03,-40.711368893E-03,-18.416771163E-03
+3.110820000E-03,+989.497319663E-03,-40.946921738E-03,-17.071293801E-03
+3.110825000E-03,+996.441415120E-03,-45.893529655E-03,-15.686243557E-03
+3.110830000E-03,+1.005147445137E+00,-41.418027155E-03,-14.503454635E-03
+3.110835000E-03,+1.012506113423E+00,-40.946921606E-03,-13.109610418E-03
+3.110840000E-03,+1.019087457591E+00,-43.145414185E-03,-11.931218478E-03
+3.110845000E-03,+1.025357872117E+00,-43.066896515E-03,-10.453831555E-03
+3.110850000E-03,+1.031524643405E+00,-43.538001989E-03,-9.231469766E-03
+3.110855000E-03,+1.037795057882E+00,-41.732097503E-03,-7.872801430E-03
+3.110860000E-03,+1.044376402026E+00,-42.281720727E-03,-6.575690895E-03
+3.110865000E-03,+1.050594994960E+00,-43.695037176E-03,-5.322550199E-03
+3.110870000E-03,+1.056347193350E+00,-45.265388918E-03,-3.889133136E-03
+3.110875000E-03,+1.062254856606E+00,-42.046167861E-03,-2.803077863E-03
+3.110880000E-03,+1.068525271123E+00,-42.517273485E-03,-1.268530153E-03
+3.110885000E-03,+1.073448323834E+00,-43.930590004E-03,-230.841713E-06
+3.110890000E-03,+1.079926024738E+00,-41.496544764E-03,+1.343278860E-03
+3.110895000E-03,+1.085367293579E+00,-37.021042348E-03,+2.460113034E-03
+3.110900000E-03,+1.089409378975E+00,+1.301075649717E+00,+3.977072801E-03
+3.110905000E-03,+1.092570497046E+00,+2.552724532961E+00,+5.019158239E-03
+3.110910000E-03,+1.097700836157E+00,+2.552724532961E+00,+6.483354185E-03
+3.110915000E-03,+1.101431991870E+00,+2.552724532961E+00,+7.736494897E-03
+3.110920000E-03,+1.105577720489E+00,+2.552724532961E+00,+9.011620488E-03
+3.110925000E-03,+1.109360697850E+00,+2.552724532961E+00,+10.326318983E-03
+3.110930000E-03,+1.112936388770E+00,+2.552724532961E+00,+11.689384272E-03
+3.110935000E-03,+1.116304793245E+00,+2.552724532961E+00,+12.898555138E-03
+3.110940000E-03,+1.118792230401E+00,+2.552724532961E+00,+14.244032498E-03
+3.110945000E-03,+1.121331489182E+00,+2.552724532961E+00,+15.523555106E-03
+3.110950000E-03,+1.124285320812E+00,+2.552724532961E+00,+16.948178195E-03
+3.110955000E-03,+1.127135509167E+00,+2.552724532961E+00,+17.994660604E-03
+3.110960000E-03,+1.129208373526E+00,+2.552724532961E+00,+19.599560077E-03
+3.110965000E-03,+1.131281237816E+00,+2.552724532961E+00,+20.540514848E-03
+3.110970000E-03,+1.133924139804E+00,+2.552724532961E+00,+22.250941953E-03
+3.110975000E-03,+1.135323323206E+00,+2.552724532961E+00,+22.989635427E-03
+3.110980000E-03,+1.137758938764E+00,+2.552724532961E+00,+24.761620321E-03
+3.110985000E-03,+1.138691727687E+00,+2.552724532961E+00,+25.645414297E-03
+3.110990000E-03,+1.140401840769E+00,+2.552724532961E+00,+27.311871546E-03
+3.110995000E-03,+1.141127343239E+00,+2.552724532961E+00,+28.208856476E-03
+3.111000000E-03,+1.142889277938E+00,+2.552724532961E+00,+29.664258459E-03
+3.111005000E-03,+1.142630169894E+00,+2.552724532961E+00,+30.829459462E-03
+3.111010000E-03,+1.143096564341E+00,+2.552724532961E+00,+32.073806177E-03
+3.111015000E-03,+1.143770245223E+00,+2.552724532961E+00,+33.384107677E-03
+3.111020000E-03,+1.144599390952E+00,+2.552724532961E+00,+34.391017208E-03
+3.111025000E-03,+1.144392104525E+00,+2.552724532961E+00,+35.872801121E-03
+3.111030000E-03,+1.143562958832E+00,+2.552724532961E+00,+36.831343812E-03
+3.111035000E-03,+1.143562958832E+00,+2.552724532961E+00,+38.313127722E-03
+3.111040000E-03,+1.142422883467E+00,+2.552724532961E+00,+39.148554849E-03
+3.111045000E-03,+1.141490094557E+00,+2.552724532961E+00,+40.793027194E-03
+3.111050000E-03,+1.140557305586E+00,+2.552724532961E+00,+41.549308585E-03
+3.111055000E-03,+1.140039089496E+00,+2.552724532961E+00,+43.149811085E-03
+3.111060000E-03,+1.137448009161E+00,+2.552724532961E+00,+43.848931678E-03
+3.111065000E-03,+1.136100647342E+00,+2.552724532961E+00,+45.506594979E-03
+3.111070000E-03,+1.134442355909E+00,+2.552724532961E+00,+46.166142703E-03
+3.111075000E-03,+1.131695810757E+00,+2.552724532961E+00,+47.599559787E-03
+3.111080000E-03,+1.129778411232E+00,+2.552724532961E+00,+48.272298465E-03
+3.111085000E-03,+1.127653725337E+00,+2.552724532961E+00,+50.079459256E-03
+3.111090000E-03,+1.125269931348E+00,+2.552724532961E+00,+50.453202962E-03
+3.111095000E-03,+1.121797883688E+00,+2.552724532961E+00,+52.181218030E-03
+3.111100000E-03,+1.119621376177E+00,+2.552724532961E+00,+52.656092387E-03
+3.111105000E-03,+1.115734755637E+00,+2.552724532961E+00,+54.326946649E-03
+3.111110000E-03,+1.113143675226E+00,+2.552724532961E+00,+54.815011963E-03
+3.111115000E-03,+1.108842481802E+00,+2.552724532961E+00,+56.327574768E-03
+3.111120000E-03,+1.104644931644E+00,+2.552724532961E+00,+56.916770738E-03
+3.111125000E-03,+1.100654667850E+00,+2.552724532961E+00,+58.293027008E-03
+3.111130000E-03,+1.095835258351E+00,+2.552724532961E+00,+59.084484278E-03
+3.111135000E-03,+1.091223135269E+00,+2.552724532961E+00,+60.205715430E-03
+3.111140000E-03,+1.086714655430E+00,+2.552724532961E+00,+61.269785762E-03
+3.111145000E-03,+1.081117921825E+00,+2.552724532961E+00,+61.986494308E-03
+3.111150000E-03,+1.076713085170E+00,+2.552724532961E+00,+63.288001819E-03
+3.111155000E-03,+1.070546313932E+00,+2.552724532961E+00,+63.780464142E-03
+3.111160000E-03,+1.065830547641E+00,+2.552724532961E+00,+65.235866121E-03
+3.111165000E-03,+1.059560133114E+00,+2.552724532961E+00,+65.789886231E-03
+3.111170000E-03,+1.054067042709E+00,+2.552724532961E+00,+67.188127400E-03
+3.111175000E-03,+1.048159379434E+00,+2.552724532961E+00,+67.720162593E-03
+3.111180000E-03,+1.041422570513E+00,+2.552724532961E+00,+68.995288184E-03
+3.111185000E-03,+1.035411264051E+00,+2.552724532961E+00,+69.610866091E-03
+3.111190000E-03,+1.028156238997E+00,+2.552724532961E+00,+70.626569576E-03
+3.111195000E-03,+1.020590284341E+00,+2.552724532961E+00,+71.413629889E-03
+3.111200000E-03,+1.014423513044E+00,+2.552724532961E+00,+72.332599713E-03
+3.111205000E-03,+1.007272131217E+00,+2.552724532961E+00,+73.273554489E-03
+3.111210000E-03,+999.965284528E-03,+2.552724532961E+00,+73.919911257E-03
+3.111215000E-03,+991.725648956E-03,+2.552724532961E+00,+74.918026835E-03
+3.111220000E-03,+984.470623890E-03,+2.552724532961E+00,+75.507222797E-03
+3.111225000E-03,+975.971880247E-03,+2.552724532961E+00,+76.452574559E-03
+3.111230000E-03,+968.354103999E-03,+2.552724532961E+00,+77.200061981E-03
+3.111235000E-03,+959.959003587E-03,+2.552724532961E+00,+77.855212727E-03
+3.111240000E-03,+952.703978489E-03,+2.552724532961E+00,+78.708227793E-03
+3.111245000E-03,+944.205234908E-03,+2.552724532961E+00,+79.358981552E-03
+3.111250000E-03,+935.447383240E-03,+2.552724532961E+00,+80.124056922E-03
+3.111255000E-03,+926.171315532E-03,+2.552724532961E+00,+80.708855915E-03
+3.111260000E-03,+917.620750231E-03,+2.552724532961E+00,+81.526695100E-03
+3.111265000E-03,+907.878288049E-03,+2.552724532961E+00,+81.997172491E-03
+3.111270000E-03,+898.861328334E-03,+2.552724532961E+00,+82.823805635E-03
+3.111275000E-03,+889.015222903E-03,+2.552724532961E+00,+83.241519208E-03
+3.111280000E-03,+879.480047166E-03,+2.552724532961E+00,+84.037373464E-03
+3.111285000E-03,+870.411265859E-03,+2.552724532961E+00,+84.569408639E-03
+3.111290000E-03,+860.772446886E-03,+2.552724532961E+00,+85.184986521E-03
+3.111295000E-03,+850.667233392E-03,+2.552724532961E+00,+85.686242797E-03
+3.111300000E-03,+840.406555113E-03,+2.552724532961E+00,+86.341393543E-03
+3.111305000E-03,+829.575839177E-03,+2.552724532961E+00,+86.767901081E-03
+3.111310000E-03,+818.486015141E-03,+2.552724532961E+00,+87.515388503E-03
+3.111315000E-03,+807.862585622E-03,+2.552724532961E+00,+87.651695042E-03
+3.111320000E-03,+797.912836963E-03,+2.552724532961E+00,+88.627825674E-03
+3.111325000E-03,+784.750148709E-03,+2.552724532961E+00,+88.680589502E-03
+3.111330000E-03,+775.733188994E-03,+2.552724532961E+00,+89.555589481E-03
+3.111335000E-03,+765.368867469E-03,+2.552724532961E+00,+89.573177432E-03
+3.111340000E-03,+752.102536000E-03,+2.552724532961E+00,+90.483353291E-03
+3.111345000E-03,+740.546317499E-03,+2.552724532961E+00,+90.496544263E-03
+3.111350000E-03,+729.819244747E-03,+2.552724532961E+00,+91.261619613E-03
+3.111355000E-03,+718.729420736E-03,+2.552724532961E+00,+91.380338216E-03
+3.111360000E-03,+707.639596762E-03,+2.552724532961E+00,+91.872800513E-03
+3.111365000E-03,+695.357875750E-03,+2.552724532961E+00,+92.171795498E-03
+3.111370000E-03,+682.920689976E-03,+2.552724532961E+00,+92.426820611E-03
+3.111375000E-03,+670.898077074E-03,+2.552724532961E+00,+92.923679910E-03
+3.111380000E-03,+657.890853608E-03,+2.552724532961E+00,+93.011619603E-03
+3.111385000E-03,+645.764597435E-03,+2.552724532961E+00,+93.570036687E-03
+3.111390000E-03,+633.845627694E-03,+2.552724532961E+00,+93.521669853E-03
+3.111395000E-03,+621.201155493E-03,+2.552724532961E+00,+93.961368337E-03
+3.111400000E-03,+608.453040039E-03,+2.552724532961E+00,+94.124056785E-03
+3.111405000E-03,+595.964032610E-03,+2.552724532961E+00,+94.423051745E-03
+3.111410000E-03,+583.526846782E-03,+2.552724532961E+00,+94.590137180E-03
+3.111415000E-03,+570.623266572E-03,+2.552724532961E+00,+94.673679885E-03
+3.111420000E-03,+557.356935050E-03,+2.552724532961E+00,+94.981468836E-03
+3.111425000E-03,+544.505176406E-03,+2.552724532961E+00,+95.021041689E-03
+3.111430000E-03,+529.891483102E-03,+2.552724532961E+00,+95.218906020E-03
+3.111435000E-03,+516.210578716E-03,+2.552724532961E+00,+95.245287925E-03
+3.111440000E-03,+502.840604014E-03,+2.552724532961E+00,+95.438755261E-03
+3.111445000E-03,+489.107878043E-03,+2.552724532961E+00,+95.513504001E-03
+3.111450000E-03,+475.634260056E-03,+2.552724532961E+00,+95.460740185E-03
+3.111455000E-03,+462.056998920E-03,+2.552724532961E+00,+95.715765303E-03
+3.111460000E-03,+447.754235258E-03,+2.552724532961E+00,+95.517900990E-03
+3.111465000E-03,+434.487903719E-03,+2.552724532961E+00,+95.830086907E-03
+3.111470000E-03,+420.185140041E-03,+2.552724532961E+00,+95.465137174E-03
+3.111475000E-03,+406.504235671E-03,+2.552724532961E+00,+95.755338160E-03
+3.111480000E-03,+391.735077567E-03,+2.552724532961E+00,+95.443152256E-03
+3.111485000E-03,+377.276849056E-03,+2.552724532961E+00,+95.711368315E-03
+3.111490000E-03,+363.233193479E-03,+2.552724532961E+00,+95.350815570E-03
+3.111495000E-03,+347.427603167E-03,+2.552724532961E+00,+95.451946204E-03
+3.111500000E-03,+333.487590725E-03,+2.552724532961E+00,+95.254081907E-03
+3.111505000E-03,+318.822075810E-03,+2.552724532961E+00,+95.196921079E-03
+3.111510000E-03,+304.933884988E-03,+2.552724532961E+00,+95.069408535E-03
+3.111515000E-03,+289.542867636E-03,+2.552724532961E+00,+94.752825613E-03
+3.111520000E-03,+274.773709470E-03,+2.552724532961E+00,+94.678076888E-03
+3.111525000E-03,+260.367302583E-03,+2.552724532961E+00,+94.515388431E-03
+3.111530000E-03,+245.442679650E-03,+2.552724532961E+00,+94.190011559E-03
+3.111535000E-03,+230.725343105E-03,+2.552724532961E+00,+94.181217581E-03
+3.111540000E-03,+215.178860824E-03,+2.552724532961E+00,+93.640388453E-03
+3.111545000E-03,+198.906876142E-03,+2.552724532961E+00,+93.794282911E-03
+3.111550000E-03,+184.500469235E-03,+2.552724532961E+00,+93.086368358E-03
+3.111555000E-03,+168.902165415E-03,+2.552724532961E+00,+93.235865831E-03
+3.111560000E-03,+154.392115260E-03,+2.552724532961E+00,+92.356468878E-03
+3.111565000E-03,+138.327416995E-03,+2.552724532961E+00,+92.681845735E-03
+3.111570000E-03,+123.350972419E-03,+2.552724532961E+00,+91.613378431E-03
+3.111575000E-03,+107.182630894E-03,+2.552724532961E+00,+91.938755291E-03
+3.111580000E-03,+92.828045578E-03,+2.552724532961E+00,+91.024182459E-03
+3.111585000E-03,+77.437028168E-03,+2.552724532961E+00,+91.173679920E-03
+3.111590000E-03,+62.978799706E-03,+2.552724532961E+00,+90.272298041E-03
+3.111595000E-03,+47.639603858E-03,+2.552724532961E+00,+90.223931192E-03
+3.111600000E-03,+32.300408042E-03,+2.552724532961E+00,+89.498428701E-03
+3.111605000E-03,+16.702104206E-03,+2.552724532961E+00,+89.331343262E-03
+3.111610000E-03,+2.036589311E-03,+2.552724532961E+00,+88.579458856E-03
+3.111615000E-03,-12.577104059E-03,+2.552724532961E+00,+88.320036745E-03
+3.111620000E-03,-27.449905348E-03,+2.552724532961E+00,+87.576946298E-03
+3.111625000E-03,-41.649025822E-03,+2.552724532961E+00,+87.299936265E-03
+3.111630000E-03,-56.988221644E-03,+2.552724532961E+00,+86.512875955E-03
+3.111635000E-03,-72.690168722E-03,+2.552724532961E+00,+86.253453860E-03
+3.111640000E-03,-86.733824324E-03,+2.552724532961E+00,+85.286117179E-03
+3.111645000E-03,-102.383949811E-03,+2.552724532961E+00,+85.180589554E-03
+3.111650000E-03,-118.811399347E-03,+2.552724532961E+00,+83.967021718E-03
+3.111655000E-03,-134.046951951E-03,+2.552724532961E+00,+84.032976500E-03
+3.111660000E-03,-148.505180472E-03,+2.552724532961E+00,+82.718278010E-03
+3.111665000E-03,-163.118873753E-03,+2.552724532961E+00,+82.753453895E-03
+3.111670000E-03,-177.991675114E-03,+2.552724532961E+00,+81.487122246E-03
+3.111675000E-03,-193.849087008E-03,+2.552724532961E+00,+81.320036826E-03
+3.111680000E-03,-207.167240148E-03,+2.552724532961E+00,+80.198805683E-03
+3.111685000E-03,-222.869187226E-03,+2.552724532961E+00,+79.882222774E-03
+3.111690000E-03,-238.156561401E-03,+2.552724532961E+00,+78.826946397E-03
+3.111695000E-03,-254.324902949E-03,+2.552724532961E+00,+78.330087110E-03
+3.111700000E-03,-268.731309850E-03,+2.552724532961E+00,+77.446293145E-03
+3.111705000E-03,-284.485078486E-03,+2.552724532961E+00,+76.755966527E-03
+3.111710000E-03,-298.839663776E-03,+2.552724532961E+00,+76.004082099E-03
+3.111715000E-03,-314.178859614E-03,+2.552724532961E+00,+75.129082121E-03
+3.111720000E-03,-329.777163427E-03,+2.552724532961E+00,+74.320036897E-03
+3.111725000E-03,-344.131748687E-03,+2.552724532961E+00,+73.568152493E-03
+3.111730000E-03,-358.123582762E-03,+2.552724532961E+00,+72.644785658E-03
+3.111735000E-03,-372.374524816E-03,+2.552724532961E+00,+71.906092206E-03
+3.111740000E-03,-387.869185438E-03,+2.552724532961E+00,+70.899182668E-03
+3.111745000E-03,-401.653733072E-03,+2.552724532961E+00,+70.204459057E-03
+3.111750000E-03,-416.163783145E-03,+2.552724532961E+00,+69.153579664E-03
+3.111755000E-03,-430.829298046E-03,+2.552724532961E+00,+68.362122394E-03
+3.111760000E-03,-445.442991377E-03,+2.552724532961E+00,+67.245288239E-03
+3.111765000E-03,-460.937651965E-03,+2.552724532961E+00,+66.528579697E-03
+3.111770000E-03,-473.893053836E-03,+2.552724532961E+00,+65.442524437E-03
+3.111775000E-03,-488.040352739E-03,+2.552724532961E+00,+64.585112384E-03
+3.111780000E-03,-502.135829955E-03,+2.552724532961E+00,+63.507851090E-03
+3.111785000E-03,-515.764912714E-03,+2.552724532961E+00,+62.637248085E-03
+3.111790000E-03,-530.015854792E-03,+2.552724532961E+00,+61.656720452E-03
+3.111795000E-03,-543.023078237E-03,+2.552724532961E+00,+60.601444087E-03
+3.111800000E-03,-555.771193705E-03,+2.552724532961E+00,+59.761619976E-03
+3.111805000E-03,-568.933882060E-03,+2.552724532961E+00,+58.631594860E-03
+3.111810000E-03,-582.562964809E-03,+2.552724532961E+00,+57.593906428E-03
+3.111815000E-03,-595.984761127E-03,+2.552724532961E+00,+56.626569758E-03
+3.111820000E-03,-610.287524789E-03,+2.552724532961E+00,+55.505338611E-03
+3.111825000E-03,-622.672888975E-03,+2.552724532961E+00,+54.612750681E-03
+3.111830000E-03,-634.488215519E-03,+2.552724532961E+00,+53.346419038E-03
+3.111835000E-03,-648.376406277E-03,+2.552724532961E+00,+52.405464274E-03
+3.111840000E-03,-661.746381052E-03,+2.552724532961E+00,+51.213881380E-03
+3.111845000E-03,-673.613529116E-03,+2.552724532961E+00,+50.356469309E-03
+3.111850000E-03,-685.998893342E-03,+2.552724532961E+00,+49.046167828E-03
+3.111855000E-03,-698.332435903E-03,+2.552724532961E+00,+48.039258289E-03
+3.111860000E-03,-711.080551358E-03,+2.552724532961E+00,+46.830087455E-03
+3.111865000E-03,-722.792234625E-03,+2.552724532961E+00,+45.801192980E-03
+3.111870000E-03,-734.400274756E-03,+2.552724532961E+00,+44.684358832E-03
+3.111875000E-03,-746.474709270E-03,+2.552724532961E+00,+43.360866377E-03
+3.111880000E-03,-758.082749343E-03,+2.552724532961E+00,+42.481469411E-03
+3.111885000E-03,-770.260827057E-03,+2.552724532961E+00,+40.898554846E-03
+3.111890000E-03,-781.091543070E-03,+2.552724532961E+00,+40.181846317E-03
+3.111895000E-03,-793.632372077E-03,+2.552724532961E+00,+38.462625230E-03
+3.111900000E-03,-803.996693561E-03,+2.552724532961E+00,+37.803077493E-03
+3.111905000E-03,-814.464658331E-03,+2.552724532961E+00,+36.061871484E-03
+3.111910000E-03,-826.331806414E-03,+2.552724532961E+00,+35.367147873E-03
+3.111915000E-03,-836.799771129E-03,+2.552724532961E+00,+33.577575032E-03
+3.111920000E-03,-847.785951909E-03,+2.552724532961E+00,+32.935615232E-03
+3.111925000E-03,-856.958376472E-03,+2.552724532961E+00,+31.185615257E-03
+3.111930000E-03,-867.789092409E-03,+2.552724532961E+00,+30.420539887E-03
+3.111935000E-03,-877.635197831E-03,+2.552724532961E+00,+28.718906740E-03
+3.111940000E-03,-887.999519311E-03,+2.552724532961E+00,+27.861494691E-03
+3.111945000E-03,-897.327408696E-03,+2.552724532961E+00,+26.282977116E-03
+3.111950000E-03,-908.158124667E-03,+2.552724532961E+00,+25.385992202E-03
+3.111955000E-03,-918.263338140E-03,+2.552724532961E+00,+23.622801273E-03
+3.111960000E-03,-928.057621903E-03,+2.552724532961E+00,+22.936871629E-03
+3.111965000E-03,-937.437332906E-03,+2.552724532961E+00,+21.046168127E-03
+3.111970000E-03,-947.387081530E-03,+2.552724532961E+00,+20.307474666E-03
+3.111975000E-03,-955.834003512E-03,+2.552724532961E+00,+18.447550064E-03
+3.111980000E-03,-965.680108885E-03,+2.552724532961E+00,+17.757223441E-03
+3.111985000E-03,-972.416917965E-03,+2.552724532961E+00,+16.038002350E-03
+3.111990000E-03,-981.330234501E-03,+2.552724532961E+00,+15.123429499E-03
+3.111995000E-03,-990.399015704E-03,+2.552724532961E+00,+13.439384292E-03
+3.112000000E-03,-998.586829721E-03,+2.552724532961E+00,+12.454459681E-03
+3.112005000E-03,-1.006360070823E+00,+2.552724532961E+00,+10.915514968E-03
+3.112010000E-03,-1.015169744102E+00,+2.552724532961E+00,+9.759107954E-03
+3.112015000E-03,-1.022787520389E+00,+2.552724532961E+00,+8.479585347E-03
+3.112020000E-03,-1.030508939939E+00,+2.552724532961E+00,+7.050565269E-03
+3.112025000E-03,-1.037660321733E+00,+2.552724532961E+00,+6.043655720E-03
+3.112030000E-03,-1.044967168410E+00,+2.552724532961E+00,+4.306846705E-03
+3.112035000E-03,-1.051393047766E+00,+2.552724532961E+00,+3.475816550E-03
+3.112040000E-03,-1.058440786366E+00,+2.552724532961E+00,+1.602701012E-03
+3.112045000E-03,-1.065592168216E+00,+2.552724532961E+00,+877.198490E-06
+3.112050000E-03,-1.072069869152E+00,+2.552724532961E+00,-916.771321E-06
+3.112055000E-03,-1.077925710861E+00,+2.552724532961E+00,-1.721419579E-03
+3.112060000E-03,-1.084817984576E+00,+2.552724532961E+00,-3.462625566E-03
+3.112065000E-03,-1.091451150344E+00,+2.552724532961E+00,-4.271670810E-03
+3.112070000E-03,-1.096063273410E+00,+2.552724532961E+00,-5.986494889E-03
+3.112075000E-03,-1.102281866337E+00,+2.552724532961E+00,-7.032977310E-03
+3.112080000E-03,-1.107308562287E+00,+2.552724532961E+00,-8.637876769E-03
+3.112085000E-03,-1.112179793384E+00,+2.552724532961E+00,-9.649183307E-03
+3.112090000E-03,-1.117102846081E+00,+2.552724532961E+00,-11.254082778E-03
+3.112095000E-03,-1.122025898785E+00,+2.552724532961E+00,-12.300565184E-03
+3.112100000E-03,-1.127985383603E+00,+2.512445013507E+00,-13.984610383E-03
+3.112105000E-03,-1.131042858491E+00,+287.884752632E-03,-14.899183249E-03
+3.112110000E-03,-1.134877657448E+00,-173.720161291E-03,-16.345791274E-03
+3.112115000E-03,-1.137727845870E+00,-161.000313403E-03,-17.664886731E-03
+3.112120000E-03,-1.142702720185E+00,+180.943776056E-03,-18.812499784E-03
+3.112125000E-03,-1.147055735225E+00,+274.814858E-06,-20.355841474E-03
+3.112130000E-03,-1.150579604453E+00,-78.085740701E-03,-21.441896747E-03
+3.112135000E-03,-1.153740722601E+00,-98.971417842E-03,-23.095163053E-03
+3.112140000E-03,-1.157782807914E+00,-48.484611244E-03,-24.009735909E-03
+3.112145000E-03,-1.159389277799E+00,-37.492147255E-03,-25.676193174E-03
+3.112150000E-03,-1.162913147101E+00,-52.489007249E-03,-26.533605237E-03
+3.112155000E-03,-1.165037833029E+00,-57.278579563E-03,-28.327575058E-03
+3.112160000E-03,-1.166851589298E+00,-58.142273408E-03,-29.154208228E-03
+3.112165000E-03,-1.169598134466E+00,-49.740891368E-03,-30.829459447E-03
+3.112170000E-03,-1.171204604288E+00,-54.844534594E-03,-31.770414234E-03
+3.112175000E-03,-1.173847506259E+00,-50.997172783E-03,-33.252198115E-03
+3.112180000E-03,-1.174417543963E+00,-53.745288391E-03,-34.369032294E-03
+3.112185000E-03,-1.174935760084E+00,-51.075690402E-03,-35.815640297E-03
+3.112190000E-03,-1.176956802772E+00,-51.154207946E-03,-37.038002110E-03
+3.112195000E-03,-1.178822380574E+00,-48.484610006E-03,-38.150439272E-03
+3.112200000E-03,-1.178355986174E+00,-49.662373975E-03,-39.561871427E-03
+3.112205000E-03,-1.179547883132E+00,-50.604584864E-03,-40.538002063E-03
+3.112210000E-03,-1.179651526368E+00,-51.860866187E-03,-42.068152804E-03
+3.112215000E-03,-1.179962456003E+00,-49.819409139E-03,-43.026695504E-03
+3.112220000E-03,-1.180480672052E+00,-51.625313517E-03,-44.460112575E-03
+3.112225000E-03,-1.180532493699E+00,-50.997172902E-03,-45.532976883E-03
+3.112230000E-03,-1.179858812820E+00,-48.955715654E-03,-46.728956771E-03
+3.112235000E-03,-1.179496061507E+00,-48.406092392E-03,-47.968906514E-03
+3.112240000E-03,-1.178252342988E+00,-45.500941849E-03,-48.887876345E-03
+3.112245000E-03,-1.178252342952E+00,-49.583856269E-03,-50.457599951E-03
+3.112250000E-03,-1.176490408301E+00,-49.740891253E-03,-51.284233104E-03
+3.112255000E-03,-1.174417544041E+00,-47.777951663E-03,-52.840765757E-03
+3.112260000E-03,-1.173277468633E+00,-51.232725653E-03,-53.517901424E-03
+3.112265000E-03,-1.170790031496E+00,-48.798680366E-03,-55.215137586E-03
+3.112270000E-03,-1.168976275216E+00,-49.426821090E-03,-55.747172765E-03
+3.112275000E-03,-1.167266162183E+00,-45.893529637E-03,-57.440011935E-03
+3.112280000E-03,-1.164675081820E+00,-48.092022202E-03,-58.064383789E-03
+3.112285000E-03,-1.161410320512E+00,-48.170539740E-03,-59.563755636E-03
+3.112290000E-03,-1.158974704975E+00,-50.761619983E-03,-60.280464165E-03
+3.112295000E-03,-1.155709943736E+00,-45.500941713E-03,-61.678705365E-03
+3.112300000E-03,-1.153792544205E+00,-47.856469402E-03,-62.434986751E-03
+3.112305000E-03,-1.150372318183E+00,-46.286117578E-03,-63.912373683E-03
+3.112310000E-03,-1.147522129739E+00,-46.521670340E-03,-64.457599796E-03
+3.112315000E-03,-1.143842795589E+00,-46.992775747E-03,-66.207599788E-03
+3.112320000E-03,-1.140111639868E+00,-44.558730761E-03,-66.458227915E-03
+3.112325000E-03,-1.135240408779E+00,-48.327574876E-03,-68.212624901E-03
+3.112330000E-03,-1.131509253040E+00,-47.463881242E-03,-68.494031917E-03
+3.112335000E-03,-1.127622632479E+00,-46.757223128E-03,-70.160489194E-03
+3.112340000E-03,-1.122285006937E+00,-45.343906632E-03,-70.472675111E-03
+3.112345000E-03,-1.117310132611E+00,-46.757223161E-03,-72.200690167E-03
+3.112350000E-03,-1.112387079944E+00,-47.149810976E-03,-72.438127355E-03
+3.112355000E-03,-1.107204919133E+00,-44.558730717E-03,-73.999056986E-03
+3.112360000E-03,-1.102230044851E+00,-43.380966927E-03,-74.487122310E-03
+3.112365000E-03,-1.096374203213E+00,-46.914258264E-03,-75.551192652E-03
+3.112370000E-03,-1.091451150516E+00,-44.872800955E-03,-76.522926304E-03
+3.112375000E-03,-1.085543487212E+00,-44.637248221E-03,-77.380338358E-03
+3.112380000E-03,-1.079584002359E+00,-45.186871420E-03,-78.457599652E-03
+3.112385000E-03,-1.073728160727E+00,-45.657976865E-03,-78.963252918E-03
+3.112390000E-03,-1.067146816551E+00,-46.992775818E-03,-80.198805659E-03
+3.112395000E-03,-1.059580861902E+00,-42.281720619E-03,-80.735237830E-03
+3.112400000E-03,-1.052947696119E+00,-43.852072478E-03,-81.865262922E-03
+3.112405000E-03,-1.046210887138E+00,-45.736494441E-03,-82.392901137E-03
+3.112410000E-03,-1.039214970102E+00,-47.699434057E-03,-83.483353355E-03
+3.112415000E-03,-1.030457118481E+00,-42.752826209E-03,-84.160489056E-03
+3.112420000E-03,-1.022632055755E+00,-44.087625256E-03,-84.987122185E-03
+3.112425000E-03,-1.015636138810E+00,-44.558730745E-03,-85.840137275E-03
+3.112430000E-03,-1.006930108746E+00,-44.715765814E-03,-86.398554335E-03
+3.112435000E-03,-999.675083621E-03,-43.616519605E-03,-87.502197557E-03
+3.112440000E-03,-990.502659114E-03,-43.616519583E-03,-87.849559341E-03
+3.112445000E-03,-982.833061159E-03,-44.087625212E-03,-88.812499055E-03
+3.112450000E-03,-973.712458263E-03,-43.302449218E-03,-89.282976419E-03
+3.112455000E-03,-965.161893028E-03,-42.517273347E-03,-90.149182454E-03
+3.112460000E-03,-956.404041382E-03,-43.302449335E-03,-90.707599514E-03
+3.112465000E-03,-945.573325421E-03,-44.401695521E-03,-91.415514097E-03
+3.112470000E-03,-936.297257748E-03,-44.637248221E-03,-91.960740204E-03
+3.112475000E-03,-926.502973893E-03,-42.046167886E-03,-92.681845744E-03
+3.112480000E-03,-916.449582052E-03,-44.166142878E-03,-93.121544211E-03
+3.112485000E-03,-905.981617314E-03,-44.872801016E-03,-93.781091973E-03
+3.112490000E-03,-895.876403895E-03,-44.951318597E-03,-94.361493945E-03
+3.112495000E-03,-886.652157726E-03,-42.595791007E-03,-94.968277889E-03
+3.112500000E-03,-877.116981915E-03,-41.967650394E-03,-95.306845691E-03
+3.112505000E-03,-865.457120283E-03,-45.265388979E-03,-96.093906015E-03
+3.112510000E-03,-856.802911833E-03,-43.695037164E-03,-96.274182370E-03
+3.112515000E-03,-846.542233506E-03,-41.653579916E-03,-97.215137157E-03
+3.112520000E-03,-835.245123142E-03,-43.616519690E-03,-97.259106982E-03
+3.112525000E-03,-824.414407192E-03,-44.715765853E-03,-98.054961270E-03
+3.112530000E-03,-811.873578170E-03,-43.223931670E-03,-98.274810489E-03
+3.112535000E-03,-801.872007865E-03,-43.616519526E-03,-98.960740147E-03
+3.112540000E-03,-790.523075875E-03,-41.103956931E-03,-99.237750186E-03
+3.112545000E-03,-777.204922755E-03,-45.579459345E-03,-99.598302954E-03
+3.112550000E-03,-766.270563527E-03,-45.108353601E-03,-100.125941131E-03
+3.112555000E-03,-754.299772235E-03,-41.182474377E-03,-100.310614505E-03
+3.112560000E-03,-741.655300039E-03,-45.579459368E-03,-101.014132071E-03
+3.112565000E-03,-729.425400650E-03,-42.438755799E-03,-100.891016516E-03
+3.112570000E-03,-717.713717359E-03,-43.066896495E-03,-101.792398392E-03
+3.112575000E-03,-705.846569230E-03,-42.909861304E-03,-101.445036609E-03
+3.112580000E-03,-693.564848271E-03,-42.360238331E-03,-102.315639588E-03
+3.112585000E-03,-680.764911312E-03,-43.066896581E-03,-101.972674795E-03
+3.112590000E-03,-668.431368671E-03,-43.773554705E-03,-102.759735065E-03
+3.112595000E-03,-655.683253226E-03,-41.182474325E-03,-102.627825548E-03
+3.112600000E-03,-642.157813672E-03,-41.653579996E-03,-103.102699883E-03
+3.112605000E-03,-629.150590205E-03,-43.223931658E-03,-103.085111977E-03
+3.112610000E-03,-616.091545069E-03,-41.103956863E-03,-103.432473753E-03
+3.112615000E-03,-602.514283995E-03,-40.789886475E-03,-103.568780312E-03
+3.112620000E-03,-589.973454867E-03,-42.203203123E-03,-103.678704911E-03
+3.112625000E-03,-576.966231445E-03,-42.909861367E-03,-103.784232564E-03
+3.112630000E-03,-563.440791921E-03,-42.517273374E-03,-103.955714954E-03
+3.112635000E-03,-550.070817138E-03,-41.732097560E-03,-104.144785320E-03
+3.112640000E-03,-535.819875125E-03,-41.653580070E-03,-104.109609431E-03
+3.112645000E-03,-523.900905335E-03,-44.558730673E-03,-104.171167229E-03
+3.112650000E-03,-508.458066373E-03,-41.418027143E-03,-104.329458682E-03
+3.112655000E-03,-494.258945876E-03,-40.632851324E-03,-104.219534063E-03
+3.112660000E-03,-479.800717418E-03,-41.418027281E-03,-104.369031543E-03
+3.112665000E-03,-465.549775326E-03,-43.930589970E-03,-104.254709939E-03
+3.112670000E-03,-452.179800621E-03,-40.868404010E-03,-104.298679788E-03
+3.112675000E-03,-436.426031973E-03,-42.360238199E-03,-104.219534065E-03
+3.112680000E-03,-421.553230640E-03,-42.203203037E-03,-104.109609439E-03
+3.112685000E-03,-406.784072499E-03,-41.025439282E-03,-104.105212454E-03
+3.112690000E-03,-392.222200735E-03,-46.914258072E-03,-103.960111953E-03
+3.112695000E-03,-377.297577867E-03,-40.397298447E-03,-104.070036568E-03
+3.112700000E-03,-362.424776458E-03,-41.339509752E-03,-103.687498892E-03
+3.112705000E-03,-348.018369623E-03,-45.186871375E-03,-103.749056679E-03
+3.112710000E-03,-333.093746659E-03,-40.632851306E-03,-103.441267739E-03
+3.112715000E-03,-317.391799565E-03,-41.182474451E-03,-103.546795366E-03
+3.112720000E-03,-302.467176601E-03,-40.868404050E-03,-103.142272773E-03
+3.112725000E-03,-288.112591340E-03,-41.182474503E-03,-103.089508943E-03
+3.112730000E-03,-273.343433203E-03,-42.595790978E-03,-102.693780319E-03
+3.112735000E-03,-257.019626864E-03,-41.732097479E-03,-102.583855680E-03
+3.112740000E-03,-242.613220037E-03,-41.732097618E-03,-102.245287859E-03
+3.112745000E-03,-227.014916111E-03,-45.108353829E-03,-102.012247645E-03
+3.112750000E-03,-212.245758001E-03,-42.046167903E-03,-101.642900931E-03
+3.112755000E-03,-197.891172747E-03,-42.281720624E-03,-101.497800423E-03
+3.112760000E-03,-183.588409035E-03,-43.380966837E-03,-101.075689872E-03
+3.112765000E-03,-167.523710726E-03,-41.182474427E-03,-100.732725056E-03
+3.112770000E-03,-152.599087748E-03,-42.046167851E-03,-100.402951191E-03
+3.112775000E-03,-135.808886930E-03,-40.711368911E-03,-100.183101951E-03
+3.112780000E-03,-121.039728808E-03,-37.884735903E-03,-99.519157227E-03
+3.112785000E-03,-105.804176243E-03,-44.951318655E-03,-99.396041653E-03
+3.112790000E-03,-89.843121099E-03,-41.182474328E-03,-98.727699952E-03
+3.112795000E-03,-75.695822240E-03,-40.475816190E-03,-98.569408498E-03
+3.112800000E-03,-59.527480739E-03,-41.575062445E-03,-97.804333124E-03
+3.112805000E-03,-46.105684339E-03,-41.496544764E-03,-97.500941175E-03
+3.112810000E-03,-31.284704614E-03,-42.752826175E-03,-97.043654741E-03
+3.112815000E-03,-15.738222415E-03,-40.946921625E-03,-96.546795461E-03
+3.112820000E-03,-347.205031E-06,-42.281720670E-03,-96.063127113E-03
+3.112825000E-03,+15.458385318E-03,-43.380966866E-03,-95.438755269E-03
+3.112830000E-03,+31.574905230E-03,-41.967650304E-03,-94.959483915E-03
+3.112835000E-03,+46.499528085E-03,-41.418027212E-03,-94.392272871E-03
+3.112840000E-03,+61.268686377E-03,-39.298052496E-03,-93.921795473E-03
+3.112845000E-03,+76.037844456E-03,-40.397298651E-03,-93.143529167E-03
+3.112850000E-03,+91.998899542E-03,-43.302449150E-03,-92.629081923E-03
+3.112855000E-03,+107.700846602E-03,-39.141017169E-03,-92.009107069E-03
+3.112860000E-03,+122.936399203E-03,-43.930589982E-03,-91.331971384E-03
+3.112865000E-03,+138.793811054E-03,-42.281720647E-03,-90.879081954E-03
+3.112870000E-03,+153.459326070E-03,-42.046167832E-03,-89.797423666E-03
+3.112875000E-03,+169.731310734E-03,-40.946921613E-03,-89.634735239E-03
+3.112880000E-03,+183.878609613E-03,-42.831343745E-03,-88.399182474E-03
+3.112885000E-03,+198.595946174E-03,-42.124685473E-03,-88.236494042E-03
+3.112890000E-03,+213.468747537E-03,-42.046167826E-03,-86.978956363E-03
+3.112895000E-03,+229.377980941E-03,-41.732097519E-03,-86.851443802E-03
+3.112900000E-03,+243.266171810E-03,-40.397298669E-03,-85.545539295E-03
+3.112905000E-03,+258.553546014E-03,-43.302449285E-03,-85.374056876E-03
+3.112910000E-03,+273.478168966E-03,-42.517273289E-03,-84.010991581E-03
+3.112915000E-03,+288.299148726E-03,-39.926193004E-03,-83.835112168E-03
+3.112920000E-03,+304.104738977E-03,-40.711369000E-03,-82.410489081E-03
+3.112925000E-03,+318.718432280E-03,-44.009107498E-03,-82.076318222E-03
+3.112930000E-03,+332.036585447E-03,-41.260991937E-03,-80.801192614E-03
+3.112935000E-03,+347.945818933E-03,-41.967650298E-03,-80.379082063E-03
+3.112940000E-03,+362.300404187E-03,-41.418027284E-03,-79.077574539E-03
+3.112945000E-03,+376.862275878E-03,-42.046167969E-03,-78.668654948E-03
+3.112950000E-03,+391.165039603E-03,-41.260991949E-03,-77.208855966E-03
+3.112955000E-03,+405.778732851E-03,-41.418027111E-03,-77.028579588E-03
+3.112960000E-03,+420.029674917E-03,-41.967650268E-03,-75.278579598E-03
+3.112965000E-03,+433.296006437E-03,-42.517273390E-03,-75.208227848E-03
+3.112970000E-03,+446.976910841E-03,-44.166142665E-03,-73.277951490E-03
+3.112975000E-03,+461.746068970E-03,-41.967650322E-03,-73.304333400E-03
+3.112980000E-03,+475.271508527E-03,-41.260992074E-03,-71.475187682E-03
+3.112985000E-03,+489.159699298E-03,-40.161745849E-03,-71.431217829E-03
+3.112990000E-03,+503.255176537E-03,-42.595791013E-03,-69.646041982E-03
+3.112995000E-03,+516.521508030E-03,-40.397298508E-03,-69.417398753E-03
+3.113000000E-03,+530.357877272E-03,-41.810615190E-03,-67.654207837E-03
+3.113005000E-03,+543.624208820E-03,-44.715765781E-03,-67.192524419E-03
+3.113010000E-03,+556.527789095E-03,-42.752826061E-03,-65.763504336E-03
+3.113015000E-03,+570.312336686E-03,-41.653579962E-03,-65.068780724E-03
+3.113020000E-03,+583.993241038E-03,-41.418027177E-03,-63.754082243E-03
+3.113025000E-03,+596.585891617E-03,-42.438755839E-03,-62.879082256E-03
+3.113030000E-03,+609.593115156E-03,-40.397298562E-03,-61.502825983E-03
+3.113035000E-03,+622.911268243E-03,-41.260991930E-03,-60.830087306E-03
+3.113040000E-03,+634.415665177E-03,-42.360238294E-03,-59.313127511E-03
+3.113045000E-03,+648.044747834E-03,-44.323177947E-03,-58.750313461E-03
+3.113050000E-03,+659.704609613E-03,-41.653579962E-03,-57.044283320E-03
+3.113055000E-03,+671.830865745E-03,-42.281720677E-03,-56.670539613E-03
+3.113060000E-03,+684.060765083E-03,-40.554333857E-03,-54.696293397E-03
+3.113065000E-03,+695.513340330E-03,-43.852072383E-03,-54.432474303E-03
+3.113070000E-03,+707.484131655E-03,-44.087625035E-03,-52.370288405E-03
+3.113075000E-03,+718.677598907E-03,-40.868404127E-03,-52.093278350E-03
+3.113080000E-03,+730.959319853E-03,-42.674308667E-03,-50.079459277E-03
+3.113085000E-03,+742.671003157E-03,-44.166142658E-03,-49.644157765E-03
+3.113090000E-03,+755.211832176E-03,-42.909861356E-03,-47.876569859E-03
+3.113095000E-03,+766.249834606E-03,-42.674308515E-03,-47.133479401E-03
+3.113100000E-03,+776.976907308E-03,-40.475816247E-03,-45.664886460E-03
+3.113105000E-03,+788.118552965E-03,-43.066896578E-03,-44.587625155E-03
+3.113110000E-03,+798.845625682E-03,-44.480212927E-03,-43.338881464E-03
+3.113115000E-03,+809.054482369E-03,-41.260992075E-03,-42.169283474E-03
+3.113120000E-03,+820.558879238E-03,-43.852072474E-03,-40.911745812E-03
+3.113125000E-03,+830.664092698E-03,-42.281720683E-03,-39.583856373E-03
+3.113130000E-03,+840.769306174E-03,-44.087625071E-03,-38.383479507E-03
+3.113135000E-03,+851.237270918E-03,-41.496544751E-03,-37.174308655E-03
+3.113140000E-03,+860.150587361E-03,-39.533605257E-03,-35.947549882E-03
+3.113145000E-03,+870.929481746E-03,-46.129082530E-03,-34.632851405E-03
+3.113150000E-03,+881.812019330E-03,-46.050564632E-03,-33.441268506E-03
+3.113155000E-03,+892.124519171E-03,-40.161745752E-03,-32.078203190E-03
+3.113160000E-03,+901.296943700E-03,-45.657977045E-03,-30.816268534E-03
+3.113165000E-03,+909.536579294E-03,-42.988378900E-03,-29.413630354E-03
+3.113170000E-03,+918.812647066E-03,-41.967650298E-03,-28.389132886E-03
+3.113175000E-03,+927.777785112E-03,-41.810615044E-03,-26.964509769E-03
+3.113180000E-03,+936.950209649E-03,-42.674308625E-03,-25.874057530E-03
+3.113185000E-03,+945.345310070E-03,-43.852072419E-03,-24.185615330E-03
+3.113190000E-03,+952.963086346E-03,-45.108353733E-03,-23.196293742E-03
+3.113195000E-03,+961.202722001E-03,-42.438755735E-03,-21.604585209E-03
+3.113200000E-03,+968.872319913E-03,-42.752826317E-03,-20.575690746E-03
+3.113205000E-03,+976.749204214E-03,-45.500941767E-03,-18.940012381E-03
+3.113210000E-03,+985.144304630E-03,-45.500941533E-03,-17.853957112E-03
+3.113215000E-03,+992.710259352E-03,-41.182474483E-03,-16.570037528E-03
+3.113220000E-03,+1.000587143726E+00,-43.773555011E-03,-15.110238539E-03
+3.113225000E-03,+1.008153098402E+00,-44.323177948E-03,-14.046168210E-03
+3.113230000E-03,+1.015097193765E+00,-44.637248284E-03,-12.291771240E-03
+3.113235000E-03,+1.021885824357E+00,-43.459484496E-03,-11.684987330E-03
+3.113240000E-03,+1.028052595644E+00,-43.302449328E-03,-9.552449661E-03
+3.113245000E-03,+1.034374831741E+00,-43.773554826E-03,-9.033605450E-03
+3.113250000E-03,+1.041163462338E+00,-44.323177862E-03,-6.918655724E-03
+3.113255000E-03,+1.047330233673E+00,-42.438755845E-03,-6.522927070E-03
+3.113260000E-03,+1.053807934588E+00,-41.653580005E-03,-4.271670836E-03
+3.113265000E-03,+1.059301024941E+00,-42.595791094E-03,-3.845163281E-03
+3.113270000E-03,+1.064275899313E+00,-45.186871258E-03,-1.791771363E-03
+3.113275000E-03,+1.070287205769E+00,-42.360238227E-03,-1.237751242E-03
+3.113280000E-03,+1.075262080124E+00,-43.930590069E-03,+701.319061E-06
+3.113285000E-03,+1.081428851308E+00,-44.558730685E-03,+1.558731142E-03
+3.113290000E-03,+1.086455547312E+00,+15.664254941E-03,+3.295540135E-03
+3.113295000E-03,+1.090031238261E+00,+2.307906673979E+00,+4.302449700E-03
+3.113300000E-03,+1.094436074898E+00,+2.552724532961E+00,+5.643530066E-03
+3.113305000E-03,+1.098374517066E+00,+2.552724532961E+00,+6.975816496E-03
+3.113310000E-03,+1.102934818463E+00,+2.552724532961E+00,+8.171796382E-03
+3.113315000E-03,+1.106821439049E+00,+2.552724532961E+00,+9.715138075E-03
+3.113320000E-03,+1.109878913965E+00,+2.552724532961E+00,+10.770414442E-03
+3.113325000E-03,+1.113040031948E+00,+2.552724532961E+00,+12.375313923E-03
+3.113330000E-03,+1.116823009282E+00,+2.552724532961E+00,+13.395414404E-03
+3.113335000E-03,+1.120191413789E+00,+2.552724532961E+00,+14.894786267E-03
+3.113340000E-03,+1.122678850932E+00,+2.552724532961E+00,+15.963253578E-03
+3.113345000E-03,+1.124648072090E+00,+2.552724532961E+00,+17.537374171E-03
+3.113350000E-03,+1.127290974060E+00,+2.552724532961E+00,+18.561871635E-03
+3.113355000E-03,+1.129104730334E+00,+2.552724532961E+00,+19.990891737E-03
+3.113360000E-03,+1.131695810717E+00,+2.552724532961E+00,+21.046168092E-03
+3.113365000E-03,+1.132887707643E+00,+2.552724532961E+00,+22.800565073E-03
+3.113370000E-03,+1.135116036765E+00,+2.552724532961E+00,+23.556846461E-03
+3.113375000E-03,+1.136256112109E+00,+2.552724532961E+00,+25.324434394E-03
+3.113380000E-03,+1.137655295573E+00,+2.552724532961E+00,+26.001570056E-03
+3.113385000E-03,+1.139313587054E+00,+2.552724532961E+00,+27.887876577E-03
+3.113390000E-03,+1.139728159860E+00,+2.552724532961E+00,+28.573806207E-03
+3.113395000E-03,+1.140660948762E+00,+2.552724532961E+00,+30.315012222E-03
+3.113400000E-03,+1.141749202552E+00,+2.552724532961E+00,+31.062499658E-03
+3.113405000E-03,+1.141749202565E+00,+2.552724532961E+00,+32.794911696E-03
+3.113410000E-03,+1.142111953804E+00,+2.552724532961E+00,+33.595162944E-03
+3.113415000E-03,+1.142422883483E+00,+2.552724532961E+00,+35.160489559E-03
+3.113420000E-03,+1.141749202594E+00,+2.552724532961E+00,+36.105841303E-03
+3.113425000E-03,+1.140401840757E+00,+2.552724532961E+00,+37.473303609E-03
+3.113430000E-03,+1.140712770402E+00,+2.552724532961E+00,+38.598931730E-03
+3.113435000E-03,+1.140194554315E+00,+2.552724532961E+00,+39.790514640E-03
+3.113440000E-03,+1.139728159869E+00,+2.552724532961E+00,+41.074434207E-03
+3.113445000E-03,+1.138432619669E+00,+2.552724532961E+00,+42.274811100E-03
+3.113450000E-03,+1.138069868408E+00,+2.552724532961E+00,+43.321293488E-03
+3.113455000E-03,+1.135841539349E+00,+2.552724532961E+00,+44.592022135E-03
+3.113460000E-03,+1.134597820728E+00,+2.552724532961E+00,+45.647298479E-03
+3.113465000E-03,+1.131540345894E+00,+2.552724532961E+00,+46.772926638E-03
+3.113470000E-03,+1.129985697678E+00,+2.552724532961E+00,+47.907348703E-03
+3.113475000E-03,+1.127964654982E+00,+2.552724532961E+00,+49.076946708E-03
+3.113480000E-03,+1.124596250508E+00,+2.552724532961E+00,+50.044283362E-03
+3.113485000E-03,+1.121849705316E+00,+2.552724532961E+00,+51.262248190E-03
+3.113490000E-03,+1.119621376202E+00,+2.552724532961E+00,+52.238378816E-03
+3.113495000E-03,+1.117185760625E+00,+2.552724532961E+00,+53.425564752E-03
+3.113500000E-03,+1.112366351179E+00,+2.552724532961E+00,+54.335740601E-03
+3.113505000E-03,+1.109308876342E+00,+2.552724532961E+00,+55.465765734E-03
+3.113510000E-03,+1.105577720612E+00,+2.552724532961E+00,+56.600187816E-03
+3.113515000E-03,+1.100758311128E+00,+2.552724532961E+00,+57.488378782E-03
+3.113520000E-03,+1.096457117652E+00,+2.552724532961E+00,+58.609609909E-03
+3.113525000E-03,+1.092570497099E+00,+2.552724532961E+00,+59.572549603E-03
+3.113530000E-03,+1.087647444409E+00,+2.552724532961E+00,+60.583856122E-03
+3.113535000E-03,+1.083346251009E+00,+2.552724532961E+00,+61.564383753E-03
+3.113540000E-03,+1.078734127837E+00,+2.552724532961E+00,+62.492147557E-03
+3.113545000E-03,+1.073500145536E+00,+2.552724532961E+00,+63.450690265E-03
+3.113550000E-03,+1.068007055156E+00,+2.552724532961E+00,+64.527951548E-03
+3.113555000E-03,+1.062721251163E+00,+2.552724532961E+00,+65.438127431E-03
+3.113560000E-03,+1.057072696002E+00,+2.552724532961E+00,+66.427449026E-03
+3.113565000E-03,+1.051942356801E+00,+2.552724532961E+00,+67.328830921E-03
+3.113570000E-03,+1.044739153416E+00,+2.552724532961E+00,+68.212624880E-03
+3.113575000E-03,+1.038831490180E+00,+2.552724532961E+00,+69.114006788E-03
+3.113580000E-03,+1.032509254029E+00,+2.552724532961E+00,+69.989006777E-03
+3.113585000E-03,+1.025306050682E+00,+2.552724532961E+00,+70.938755510E-03
+3.113590000E-03,+1.018569241632E+00,+2.552724532961E+00,+71.844534398E-03
+3.113595000E-03,+1.011106930235E+00,+2.552724532961E+00,+72.530464034E-03
+3.113600000E-03,+1.004525586055E+00,+2.552724532961E+00,+73.537373577E-03
+3.113605000E-03,+996.752344975E-03,+2.552724532961E+00,+74.227700198E-03
+3.113610000E-03,+989.082747029E-03,+2.552724532961E+00,+75.177448932E-03
+3.113615000E-03,+981.931365127E-03,+2.552724532961E+00,+75.907348422E-03
+3.113620000E-03,+973.536264728E-03,+2.552724532961E+00,+76.619659972E-03
+3.113625000E-03,+966.592169333E-03,+2.552724532961E+00,+77.468278067E-03
+3.113630000E-03,+958.818928228E-03,+2.552724532961E+00,+78.075061958E-03
+3.113635000E-03,+950.682935818E-03,+2.552724532961E+00,+78.980840863E-03
+3.113640000E-03,+941.925084209E-03,+2.552724532961E+00,+79.402951398E-03
+3.113645000E-03,+932.545373318E-03,+2.552724532961E+00,+80.594534310E-03
+3.113650000E-03,+925.031240169E-03,+2.552724532961E+00,+80.678077015E-03
+3.113655000E-03,+916.273388423E-03,+2.552724532961E+00,+82.023554399E-03
+3.113660000E-03,+905.960888644E-03,+2.552724532961E+00,+81.904835796E-03
+3.113665000E-03,+896.114783308E-03,+2.552724532961E+00,+83.443780512E-03
+3.113670000E-03,+887.097823507E-03,+2.552724532961E+00,+83.232725224E-03
+3.113675000E-03,+876.370750753E-03,+2.552724532961E+00,+84.582599601E-03
+3.113680000E-03,+867.872007049E-03,+2.552724532961E+00,+84.428705112E-03
+3.113685000E-03,+857.611328865E-03,+2.552724532961E+00,+85.765388521E-03
+3.113690000E-03,+848.127974704E-03,+2.552724532961E+00,+85.602700082E-03
+3.113695000E-03,+837.970939594E-03,+2.552724532961E+00,+86.833855846E-03
+3.113700000E-03,+827.399331702E-03,+2.552724532961E+00,+86.728328202E-03
+3.113705000E-03,+815.584005208E-03,+2.552724532961E+00,+87.941896041E-03
+3.113710000E-03,+804.286894759E-03,+2.552724532961E+00,+87.827574420E-03
+3.113715000E-03,+793.922573301E-03,+2.552724532961E+00,+88.940011611E-03
+3.113720000E-03,+783.869181372E-03,+2.552724532961E+00,+88.764132199E-03
+3.113725000E-03,+772.883000615E-03,+2.552724532961E+00,+89.977700041E-03
+3.113730000E-03,+761.741354954E-03,+2.552724532961E+00,+89.617147265E-03
+3.113735000E-03,+749.977850102E-03,+2.552724532961E+00,+90.887875910E-03
+3.113740000E-03,+738.162523656E-03,+2.552724532961E+00,+90.311870885E-03
+3.113745000E-03,+727.331807627E-03,+2.552724532961E+00,+91.705715096E-03
+3.113750000E-03,+715.464659539E-03,+2.552724532961E+00,+91.050564356E-03
+3.113755000E-03,+703.908441040E-03,+2.552724532961E+00,+92.457599507E-03
+3.113760000E-03,+690.953039164E-03,+2.552724532961E+00,+91.872800525E-03
+3.113765000E-03,+679.604107151E-03,+2.552724532961E+00,+93.064383412E-03
+3.113770000E-03,+667.063278183E-03,+2.552724532961E+00,+92.642272880E-03
+3.113775000E-03,+654.677913959E-03,+2.552724532961E+00,+93.521669842E-03
+3.113780000E-03,+641.929798470E-03,+2.552724532961E+00,+93.319408555E-03
+3.113785000E-03,+630.114472068E-03,+2.552724532961E+00,+93.917398478E-03
+3.113790000E-03,+616.433567605E-03,+2.552724532961E+00,+94.053705029E-03
+3.113795000E-03,+604.255489851E-03,+2.552724532961E+00,+94.207599487E-03
+3.113800000E-03,+591.144623200E-03,+2.552724532961E+00,+94.480212557E-03
+3.113805000E-03,+579.640226348E-03,+2.552724532961E+00,+94.603328132E-03
+3.113810000E-03,+566.218429983E-03,+2.552724532961E+00,+94.809986415E-03
+3.113815000E-03,+552.952098462E-03,+2.552724532961E+00,+95.021041695E-03
+3.113820000E-03,+539.530302154E-03,+2.552724532961E+00,+95.056217566E-03
+3.113825000E-03,+524.502035966E-03,+2.552724532961E+00,+95.390388428E-03
+3.113830000E-03,+511.339347674E-03,+2.552724532961E+00,+95.218906010E-03
+3.113835000E-03,+497.606621734E-03,+2.552724532961E+00,+95.667398478E-03
+3.113840000E-03,+483.822074126E-03,+2.552724532961E+00,+95.293654749E-03
+3.113845000E-03,+470.659385790E-03,+2.552724532961E+00,+95.874056764E-03
+3.113850000E-03,+456.615730170E-03,+2.552724532961E+00,+95.381594451E-03
+3.113855000E-03,+443.142112250E-03,+2.552724532961E+00,+95.869659783E-03
+3.113860000E-03,+427.802916373E-03,+2.552724532961E+00,+95.425564306E-03
+3.113865000E-03,+415.158444191E-03,+2.552724532961E+00,+95.816895963E-03
+3.113870000E-03,+400.337464415E-03,+2.552724532961E+00,+95.513504003E-03
+3.113875000E-03,+385.879235980E-03,+2.552724532961E+00,+95.627825612E-03
+3.113880000E-03,+371.369185897E-03,+2.552724532961E+00,+95.412373356E-03
+3.113885000E-03,+356.392741316E-03,+2.552724532961E+00,+95.416770339E-03
+3.113890000E-03,+343.230052958E-03,+2.552724532961E+00,+95.364006506E-03
+3.113895000E-03,+327.165354655E-03,+2.552724532961E+00,+95.210112052E-03
+3.113900000E-03,+313.899023130E-03,+2.552724532961E+00,+95.065011538E-03
+3.113905000E-03,+298.767113811E-03,+2.552724532961E+00,+95.043026632E-03
+3.113910000E-03,+283.013345166E-03,+2.552724532961E+00,+94.695664806E-03
+3.113915000E-03,+268.710581404E-03,+2.552724532961E+00,+94.669282918E-03
+3.113920000E-03,+254.563282595E-03,+2.552724532961E+00,+94.168026620E-03
+3.113925000E-03,+238.602227561E-03,+2.552724532961E+00,+94.462624624E-03
+3.113930000E-03,+224.143998989E-03,+2.552724532961E+00,+93.666770350E-03
+3.113935000E-03,+209.996700141E-03,+2.552724532961E+00,+94.066895977E-03
+3.113940000E-03,+194.553861097E-03,+2.552724532961E+00,+93.196292980E-03
+3.113945000E-03,+180.043810993E-03,+2.552724532961E+00,+93.402951257E-03
+3.113950000E-03,+164.341863982E-03,+2.552724532961E+00,+92.690639718E-03
+3.113955000E-03,+149.417241027E-03,+2.552724532961E+00,+92.589509060E-03
+3.113960000E-03,+133.611650708E-03,+2.552724532961E+00,+92.127825665E-03
+3.113965000E-03,+118.376098117E-03,+2.552724532961E+00,+91.859609563E-03
+3.113970000E-03,+103.555118363E-03,+2.552724532961E+00,+91.569408579E-03
+3.113975000E-03,+88.941425083E-03,+2.552724532961E+00,+90.918654807E-03
+3.113980000E-03,+73.187656416E-03,+2.552724532961E+00,+90.883478937E-03
+3.113985000E-03,+58.573963088E-03,+2.552724532961E+00,+90.179961345E-03
+3.113990000E-03,+42.250156766E-03,+2.552724532961E+00,+90.100815625E-03
+3.113995000E-03,+27.429177003E-03,+2.552724532961E+00,+89.142272921E-03
+3.114000000E-03,+12.608197320E-03,+2.552724532961E+00,+89.124684984E-03
+3.114005000E-03,-2.627355338E-03,+2.552724532961E+00,+88.443152326E-03
+3.114010000E-03,-17.344691868E-03,+2.552724532961E+00,+87.994659867E-03
+3.114015000E-03,-32.010206845E-03,+2.552724532961E+00,+87.532976456E-03
+3.114020000E-03,-47.453045826E-03,+2.552724532961E+00,+86.767901095E-03
+3.114025000E-03,-62.118560650E-03,+2.552724532961E+00,+86.578830732E-03
+3.114030000E-03,-77.509578203E-03,+2.552724532961E+00,+85.756594569E-03
+3.114035000E-03,-92.123271518E-03,+2.552724532961E+00,+85.365262908E-03
+3.114040000E-03,-107.151537662E-03,+2.552724532961E+00,+84.529835797E-03
+3.114045000E-03,-123.578987226E-03,+2.552724532961E+00,+84.217649848E-03
+3.114050000E-03,-138.244502162E-03,+2.552724532961E+00,+83.333855911E-03
+3.114055000E-03,-154.205557196E-03,+2.552724532961E+00,+82.841393585E-03
+3.114060000E-03,-169.233823353E-03,+2.552724532961E+00,+82.137876026E-03
+3.114065000E-03,-183.743873525E-03,+2.552724532961E+00,+81.495916206E-03
+3.114070000E-03,-199.497642146E-03,+2.552724532961E+00,+80.977072013E-03
+3.114075000E-03,-214.059513867E-03,+2.552724532961E+00,+80.102072009E-03
+3.114080000E-03,-228.673207133E-03,+2.552724532961E+00,+79.508479069E-03
+3.114085000E-03,-244.737905507E-03,+2.552724532961E+00,+78.673051925E-03
+3.114090000E-03,-259.714350156E-03,+2.552724532961E+00,+77.907976573E-03
+3.114095000E-03,-274.431686632E-03,+2.552724532961E+00,+77.323177563E-03
+3.114100000E-03,-289.926347283E-03,+2.552724532961E+00,+76.347046940E-03
+3.114105000E-03,-304.643683773E-03,+2.552724532961E+00,+75.863378587E-03
+3.114110000E-03,-319.620128390E-03,+2.552724532961E+00,+74.715765547E-03
+3.114115000E-03,-334.285643300E-03,+2.552724532961E+00,+74.271670063E-03
+3.114120000E-03,-349.728482298E-03,+2.552724532961E+00,+73.036117333E-03
+3.114125000E-03,-363.513029871E-03,+2.552724532961E+00,+72.684358513E-03
+3.114130000E-03,-378.489474412E-03,+2.552724532961E+00,+71.294911325E-03
+3.114135000E-03,-393.154989384E-03,+2.552724532961E+00,+70.885991694E-03
+3.114140000E-03,-407.768682668E-03,+2.552724532961E+00,+69.562499284E-03
+3.114145000E-03,-423.004235205E-03,+2.552724532961E+00,+69.034861068E-03
+3.114150000E-03,-436.685139658E-03,+2.552724532961E+00,+67.808102314E-03
+3.114155000E-03,-451.506119358E-03,+2.552724532961E+00,+67.086996770E-03
+3.114160000E-03,-465.497953456E-03,+2.552724532961E+00,+65.996544545E-03
+3.114165000E-03,-479.437965865E-03,+2.552724532961E+00,+65.275438994E-03
+3.114170000E-03,-493.274335018E-03,+2.552724532961E+00,+64.026695312E-03
+3.114175000E-03,-507.991671534E-03,+2.552724532961E+00,+63.349559632E-03
+3.114180000E-03,-521.672575956E-03,+2.552724532961E+00,+61.977700366E-03
+3.114185000E-03,-534.213404913E-03,+2.552724532961E+00,+61.454459147E-03
+3.114190000E-03,-547.531558100E-03,+2.552724532961E+00,+59.950690332E-03
+3.114195000E-03,-560.849711183E-03,+2.552724532961E+00,+59.532976758E-03
+3.114200000E-03,-574.478794006E-03,+2.552724532961E+00,+57.884107449E-03
+3.114205000E-03,-587.589660649E-03,+2.552724532961E+00,+57.637876269E-03
+3.114210000E-03,-600.441419292E-03,+2.552724532961E+00,+55.751569778E-03
+3.114215000E-03,-614.277788477E-03,+2.552724532961E+00,+55.531720515E-03
+3.114220000E-03,-626.818617552E-03,+2.552724532961E+00,+53.667398951E-03
+3.114225000E-03,-639.722197806E-03,+2.552724532961E+00,+53.443152696E-03
+3.114230000E-03,-652.988529336E-03,+2.552724532961E+00,+51.684358765E-03
+3.114235000E-03,-664.233818119E-03,+2.552724532961E+00,+51.143529607E-03
+3.114240000E-03,-677.500149603E-03,+2.552724532961E+00,+49.617775871E-03
+3.114245000E-03,-689.833692176E-03,+2.552724532961E+00,+48.918655267E-03
+3.114250000E-03,-702.115413250E-03,+2.552724532961E+00,+47.450062323E-03
+3.114255000E-03,-713.775274920E-03,+2.552724532961E+00,+46.623429161E-03
+3.114260000E-03,-726.160639137E-03,+2.552724532961E+00,+45.110866372E-03
+3.114265000E-03,-738.235073672E-03,+2.552724532961E+00,+44.336997031E-03
+3.114270000E-03,-750.931367478E-03,+2.552724532961E+00,+42.762876431E-03
+3.114275000E-03,-762.539407532E-03,+2.552724532961E+00,+42.103328710E-03
+3.114280000E-03,-774.562020441E-03,+2.552724532961E+00,+40.331343803E-03
+3.114285000E-03,-786.532811783E-03,+2.552724532961E+00,+39.777323718E-03
+3.114290000E-03,-796.586203649E-03,+2.552724532961E+00,+37.847047350E-03
+3.114295000E-03,-807.416919646E-03,+2.552724532961E+00,+37.398554888E-03
+3.114300000E-03,-818.558565278E-03,+2.552724532961E+00,+35.371544866E-03
+3.114305000E-03,-829.285638032E-03,+2.552724532961E+00,+34.953831300E-03
+3.114310000E-03,-840.582748477E-03,+2.552724532961E+00,+33.067524796E-03
+3.114315000E-03,-851.309821167E-03,+2.552724532961E+00,+32.421168009E-03
+3.114320000E-03,-861.622321088E-03,+2.552724532961E+00,+30.649183112E-03
+3.114325000E-03,-871.209318436E-03,+2.552724532961E+00,+29.954459488E-03
+3.114330000E-03,-881.159067115E-03,+2.552724532961E+00,+28.230841421E-03
+3.114335000E-03,-891.989783079E-03,+2.552724532961E+00,+27.298680625E-03
+3.114340000E-03,-902.509569329E-03,+2.552724532961E+00,+25.825690698E-03
+3.114345000E-03,-911.733815549E-03,+2.552724532961E+00,+24.783605276E-03
+3.114350000E-03,-921.320812948E-03,+2.552724532961E+00,+23.315012332E-03
+3.114355000E-03,-930.648702337E-03,+2.552724532961E+00,+22.198178177E-03
+3.114360000E-03,-939.510197194E-03,+2.552724532961E+00,+20.786746027E-03
+3.114365000E-03,-949.563589083E-03,+2.552724532961E+00,+19.709484732E-03
+3.114370000E-03,-958.010511029E-03,+2.552724532961E+00,+18.139761128E-03
+3.114375000E-03,-967.131113983E-03,+2.552724532961E+00,+17.163630483E-03
+3.114380000E-03,-975.267106335E-03,+2.552724532961E+00,+15.549937040E-03
+3.114385000E-03,-984.491352407E-03,+2.552724532961E+00,+14.608982273E-03
+3.114390000E-03,-993.145560838E-03,+2.552724532961E+00,+12.999685815E-03
+3.114395000E-03,-1.000504229227E+00,+2.552724532961E+00,+11.900439580E-03
+3.114400000E-03,-1.009780296920E+00,+2.552724532961E+00,+10.427449665E-03
+3.114405000E-03,-1.016154354655E+00,+2.552724532961E+00,+9.301821511E-03
+3.114410000E-03,-1.023616666128E+00,+2.552724532961E+00,+7.903580346E-03
+3.114415000E-03,-1.032426339335E+00,+2.552724532961E+00,+6.571293921E-03
+3.114420000E-03,-1.039007683537E+00,+2.552724532961E+00,+5.454459765E-03
+3.114425000E-03,-1.046159065421E+00,+2.552724532961E+00,+3.977072838E-03
+3.114430000E-03,-1.053517733651E+00,+2.552724532961E+00,+2.895414556E-03
+3.114435000E-03,-1.060254542620E+00,+2.552724532961E+00,+1.259736184E-03
+3.114440000E-03,-1.066576778700E+00,+2.552724532961E+00,+160.489969E-06
+3.114445000E-03,-1.073831803771E+00,+2.552724532961E+00,-1.031092934E-03
+3.114450000E-03,-1.079584002239E+00,+2.552724532961E+00,-2.534861776E-03
+3.114455000E-03,-1.085491665516E+00,+2.552724532961E+00,-3.656092907E-03
+3.114460000E-03,-1.092228474508E+00,+2.552724532961E+00,-5.309359226E-03
+3.114465000E-03,-1.097462456836E+00,+2.552724532961E+00,-6.122801416E-03
+3.114470000E-03,-1.103681049729E+00,+2.552724532961E+00,-8.035489852E-03
+3.114475000E-03,-1.108915032052E+00,+2.552724532961E+00,-8.717022501E-03
+3.114480000E-03,-1.114408122408E+00,+2.552724532961E+00,-10.682474735E-03
+3.114485000E-03,-1.118242921409E+00,+2.552724532961E+00,-11.306846603E-03
+3.114490000E-03,-1.123580546910E+00,+2.552724532961E+00,-13.369032492E-03
+3.114495000E-03,-1.128296313280E+00,+1.854310627206E+00,-14.041771195E-03
+3.114500000E-03,-1.131561074589E+00,-102.347667275E-03,-15.721419408E-03
+3.114505000E-03,-1.135499516716E+00,-178.902321962E-03,-16.732725941E-03
+3.114510000E-03,-1.140474391058E+00,-64.031096653E-03,-18.355213352E-03
+3.114515000E-03,-1.143480044320E+00,+194.056218318E-03,-19.476444501E-03
+3.114520000E-03,-1.146952092017E+00,-76.829457421E-03,-20.764761068E-03
+3.114525000E-03,-1.151875144657E+00,-73.924307997E-03,-22.083856528E-03
+3.114530000E-03,-1.154569868322E+00,-101.169911227E-03,-23.402951999E-03
+3.114535000E-03,-1.157679164743E+00,-19.119032887E-03,-24.761620319E-03
+3.114540000E-03,-1.160632996336E+00,-55.708227589E-03,-26.054333878E-03
+3.114545000E-03,-1.163638649632E+00,-49.034233243E-03,-27.307474564E-03
+3.114550000E-03,-1.165763335491E+00,-63.559986606E-03,-28.630967019E-03
+3.114555000E-03,-1.167162518931E+00,-51.075690551E-03,-29.844534840E-03
+3.114560000E-03,-1.170530923371E+00,-51.311243133E-03,-31.225188088E-03
+3.114565000E-03,-1.171463712405E+00,-52.960112520E-03,-32.302449392E-03
+3.114570000E-03,-1.172137393231E+00,-53.902323507E-03,-33.762248355E-03
+3.114575000E-03,-1.173743863030E+00,-51.546795916E-03,-34.892273496E-03
+3.114580000E-03,-1.175453976134E+00,-49.897926723E-03,-36.259735760E-03
+3.114585000E-03,-1.176853159498E+00,-49.269786048E-03,-37.618404116E-03
+3.114590000E-03,-1.177734126849E+00,-51.389760699E-03,-38.563755836E-03
+3.114595000E-03,-1.177889591695E+00,-47.934986802E-03,-40.203831222E-03
+3.114600000E-03,-1.179236953475E+00,-49.505338788E-03,-40.977700534E-03
+3.114605000E-03,-1.179392418331E+00,-50.290514508E-03,-42.661745770E-03
+3.114610000E-03,-1.179029667102E+00,-49.426821057E-03,-43.352072377E-03
+3.114615000E-03,-1.178666915812E+00,-48.798680389E-03,-45.093278405E-03
+3.114620000E-03,-1.179288775064E+00,-50.054961804E-03,-45.796795972E-03
+3.114625000E-03,-1.177578662069E+00,-47.777951872E-03,-47.445665304E-03
+3.114630000E-03,-1.177993234867E+00,-49.034233085E-03,-48.254710523E-03
+3.114635000E-03,-1.176697694685E+00,-46.129082370E-03,-49.661745685E-03
+3.114640000E-03,-1.176231300279E+00,-46.521670486E-03,-50.791770793E-03
+3.114645000E-03,-1.174624830490E+00,-51.939383779E-03,-51.820665262E-03
+3.114650000E-03,-1.173225647059E+00,-50.840137393E-03,-53.416770772E-03
+3.114655000E-03,-1.171981928441E+00,-47.856469438E-03,-53.856469259E-03
+3.114660000E-03,-1.170479101853E+00,-49.034233194E-03,-55.817524506E-03
+3.114665000E-03,-1.168250772736E+00,-47.306846270E-03,-55.984609937E-03
+3.114670000E-03,-1.166229730030E+00,-49.426821028E-03,-57.910489317E-03
+3.114675000E-03,-1.164415973792E+00,-45.186871404E-03,-58.301820975E-03
+3.114680000E-03,-1.162135823091E+00,-46.443152805E-03,-60.117775712E-03
+3.114685000E-03,-1.159700207530E+00,-47.071293480E-03,-60.539886289E-03
+3.114690000E-03,-1.156798197491E+00,-48.798680324E-03,-62.263504336E-03
+3.114695000E-03,-1.154258938758E+00,-45.422424202E-03,-62.777951587E-03
+3.114700000E-03,-1.150890534281E+00,-47.542398952E-03,-64.325690238E-03
+3.114705000E-03,-1.146796627247E+00,-45.657976934E-03,-64.950062113E-03
+3.114710000E-03,-1.142443612242E+00,-47.934986866E-03,-66.299936456E-03
+3.114715000E-03,-1.137883310807E+00,-45.500941600E-03,-67.100187717E-03
+3.114720000E-03,-1.134618549493E+00,-45.500941920E-03,-68.287373620E-03
+3.114725000E-03,-1.130317356067E+00,-46.600187936E-03,-69.048052013E-03
+3.114730000E-03,-1.125135195309E+00,-47.385363741E-03,-70.463881136E-03
+3.114735000E-03,-1.120834001911E+00,-45.422424049E-03,-70.925564551E-03
+3.114740000E-03,-1.116066414047E+00,-45.815012189E-03,-72.411745436E-03
+3.114745000E-03,-1.110625145246E+00,-47.228328684E-03,-72.737122325E-03
+3.114750000E-03,-1.105028411657E+00,-45.815011970E-03,-74.293654968E-03
+3.114755000E-03,-1.099483499642E+00,-44.401695424E-03,-74.706971556E-03
+3.114760000E-03,-1.093886766029E+00,-46.050564921E-03,-76.166770515E-03
+3.114765000E-03,-1.088030924388E+00,-46.757223008E-03,-76.514132346E-03
+3.114770000E-03,-1.082641477209E+00,-46.364635138E-03,-77.916770503E-03
+3.114775000E-03,-1.076941100386E+00,-44.087625127E-03,-78.505966502E-03
+3.114780000E-03,-1.070152469820E+00,-43.380966901E-03,-79.649182541E-03
+3.114785000E-03,-1.063519304091E+00,-46.678705596E-03,-80.313127278E-03
+3.114790000E-03,-1.058078035325E+00,-48.641644958E-03,-81.258479005E-03
+3.114795000E-03,-1.050667545386E+00,-44.087625075E-03,-82.102700126E-03
+3.114800000E-03,-1.043308877114E+00,-45.343906704E-03,-82.806217687E-03
+3.114805000E-03,-1.035587457647E+00,-47.777951669E-03,-83.663629756E-03
+3.114810000E-03,-1.027606930119E+00,-45.108353707E-03,-84.547423696E-03
+3.114815000E-03,-1.020248261798E+00,-44.401695423E-03,-85.264132251E-03
+3.114820000E-03,-1.011853161400E+00,-43.380966975E-03,-86.139132228E-03
+3.114825000E-03,-1.003872633808E+00,-45.108353751E-03,-86.653579462E-03
+3.114830000E-03,-994.855674174E-03,-45.736494478E-03,-87.678076943E-03
+3.114835000E-03,-986.926968204E-03,-44.244660279E-03,-88.104584472E-03
+3.114840000E-03,-978.065473426E-03,-44.323177984E-03,-89.133478931E-03
+3.114845000E-03,-969.307621757E-03,-42.595791045E-03,-89.463252807E-03
+3.114850000E-03,-960.549770014E-03,-46.207599912E-03,-90.624056792E-03
+3.114855000E-03,-951.532810385E-03,-42.595790986E-03,-90.799936214E-03
+3.114860000E-03,-942.049456142E-03,-43.852072528E-03,-91.701318095E-03
+3.114865000E-03,-931.788777909E-03,-44.401695534E-03,-92.167398512E-03
+3.114870000E-03,-923.290034252E-03,-44.715765764E-03,-92.804961301E-03
+3.114875000E-03,-911.837459007E-03,-42.203203029E-03,-93.517272866E-03
+3.114880000E-03,-902.405926460E-03,-43.380966924E-03,-93.851443696E-03
+3.114885000E-03,-890.538778385E-03,-44.166142728E-03,-94.735237680E-03
+3.114890000E-03,-881.677283446E-03,-43.302449233E-03,-94.950689930E-03
+3.114895000E-03,-871.623891589E-03,-41.182474426E-03,-95.860865810E-03
+3.114900000E-03,-862.917861503E-03,-42.517273577E-03,-96.032348210E-03
+3.114905000E-03,-851.620751115E-03,-45.500941664E-03,-96.841393421E-03
+3.114910000E-03,-841.671002439E-03,-42.203203051E-03,-97.039257746E-03
+3.114915000E-03,-830.892108062E-03,-44.009107532E-03,-97.791142168E-03
+3.114920000E-03,-818.973138493E-03,-42.517273600E-03,-98.050564269E-03
+3.114925000E-03,-808.453352080E-03,-43.616519514E-03,-98.626569285E-03
+3.114930000E-03,-796.845312028E-03,-45.108353766E-03,-99.057473804E-03
+3.114935000E-03,-785.496379954E-03,-41.103956690E-03,-99.378453705E-03
+3.114940000E-03,-774.199269537E-03,-40.711369067E-03,-99.866519018E-03
+3.114945000E-03,-761.399332518E-03,-46.364635271E-03,-100.187498923E-03
+3.114950000E-03,-749.480362747E-03,-44.480212950E-03,-100.600815492E-03
+3.114955000E-03,-737.354106783E-03,-41.732097677E-03,-101.031720021E-03
+3.114960000E-03,-725.383315306E-03,-43.852072424E-03,-101.194408445E-03
+3.114965000E-03,-712.946129476E-03,-43.380966880E-03,-101.603328069E-03
+3.114970000E-03,-701.493554212E-03,-42.281720623E-03,-101.748428549E-03
+3.114975000E-03,-689.626406107E-03,-42.674308603E-03,-102.258478801E-03
+3.114980000E-03,-676.515539424E-03,-41.103957085E-03,-102.311242618E-03
+3.114985000E-03,-663.819245629E-03,-43.773554823E-03,-102.702574276E-03
+3.114990000E-03,-651.174773398E-03,-44.951318509E-03,-102.790513975E-03
+3.114995000E-03,-637.597512247E-03,-42.046167899E-03,-103.111493866E-03
