x-axis,1,2,3
second,Volt,Volt,Volt
+3.105000000E-03,-1.129332745486E+00,+390.271666764E-03,-14.670540044E-03
+3.105005000E-03,-1.133633938907E+00,-173.327573519E-03,-16.504082738E-03
+3.105010000E-03,-1.137209629824E+00,-165.318779643E-03,-17.396670668E-03
+3.105015000E-03,-1.141925396104E+00,+166.732096175E-03,-19.045539997E-03
+3.105020000E-03,-1.144205546834E+00,+16.842022461E-03,-20.012876670E-03
+3.105025000E-03,-1.148558561863E+00,-78.792398656E-03,-21.582600271E-03
+3.105030000E-03,-1.152237895994E+00,-96.537373332E-03,-22.897298750E-03
+3.105035000E-03,-1.155865408518E+00,-52.174936639E-03,-24.110866576E-03
+3.105040000E-03,-1.158145559247E+00,-32.074434324E-03,-25.478328873E-03
+3.105045000E-03,-1.160166601939E+00,-53.509735610E-03,-26.713881623E-03
+3.105050000E-03,-1.163275898388E+00,-54.451946651E-03,-28.094534875E-03
+3.105055000E-03,-1.165607870726E+00,-57.592650139E-03,-29.268529837E-03
+3.105060000E-03,-1.167680735025E+00,-49.191268317E-03,-30.688755952E-03
+3.105065000E-03,-1.169598134502E+00,-53.195665261E-03,-31.801193127E-03
+3.105070000E-03,-1.171722820409E+00,-49.819409014E-03,-33.115891605E-03
+3.105075000E-03,-1.172862895773E+00,-52.803077323E-03,-34.417399129E-03
+3.105080000E-03,-1.174883938465E+00,-50.211996950E-03,-35.613379015E-03
+3.105085000E-03,-1.175661262578E+00,-49.269785905E-03,-36.928077494E-03
+3.105090000E-03,-1.176594051513E+00,-49.034233143E-03,-38.027323713E-03
+3.105095000E-03,-1.176749516335E+00,-48.013504511E-03,-39.429961889E-03
+3.105100000E-03,-1.178096878130E+00,-49.819409013E-03,-40.546796048E-03
+3.105105000E-03,-1.178096878129E+00,-48.406092448E-03,-41.848303572E-03
+3.105110000E-03,-1.178407807774E+00,-49.348303492E-03,-43.061871398E-03
+3.105115000E-03,-1.177837770092E+00,-50.054961775E-03,-44.081971889E-03
+3.105120000E-03,-1.178407807775E+00,-49.740891427E-03,-45.638504536E-03
+3.105125000E-03,-1.177423197232E+00,-48.013504514E-03,-46.289258298E-03
+3.105130000E-03,-1.176231300261E+00,-47.620916576E-03,-48.175564810E-03
+3.105135000E-03,-1.176283121868E+00,-46.129082420E-03,-48.681218071E-03
+3.105140000E-03,-1.174728473644E+00,-48.249057273E-03,-50.593906493E-03
+3.105145000E-03,-1.174054792745E+00,-47.856469337E-03,-50.985238147E-03
+3.105150000E-03,-1.172344679699E+00,-46.600187945E-03,-52.853956720E-03
+3.105155000E-03,-1.171411890765E+00,-48.641645207E-03,-53.333228072E-03
+3.105160000E-03,-1.169235383250E+00,-48.327574860E-03,-55.105212977E-03
+3.105165000E-03,-1.166592481268E+00,-48.955715557E-03,-55.769157694E-03
+3.105170000E-03,-1.165193297866E+00,-47.542398988E-03,-57.206971749E-03
+3.105175000E-03,-1.162964968745E+00,-48.013504514E-03,-58.090765709E-03
+3.105180000E-03,-1.160166601941E+00,-47.542398987E-03,-59.339509414E-03
+3.105185000E-03,-1.157782807997E+00,-47.071293464E-03,-60.372800861E-03
+3.105190000E-03,-1.155709943696E+00,-44.794283439E-03,-61.564383762E-03
+3.105195000E-03,-1.152341539212E+00,-47.228328640E-03,-62.571293299E-03
+3.105200000E-03,-1.149698637228E+00,-46.600187942E-03,-63.688127458E-03
+3.105205000E-03,-1.146692983994E+00,-46.678705528E-03,-64.629082222E-03
+3.105210000E-03,-1.143272757901E+00,-46.521670357E-03,-65.891016882E-03
+3.105215000E-03,-1.138816099657E+00,-45.029836200E-03,-66.603328432E-03
+3.105220000E-03,-1.134670371059E+00,-47.228328640E-03,-68.093906305E-03
+3.105225000E-03,-1.131405609787E+00,-46.443152770E-03,-68.476443990E-03
+3.105230000E-03,-1.126119805824E+00,-46.286117596E-03,-70.072549500E-03
+3.105235000E-03,-1.122025898831E+00,-45.579459312E-03,-70.402323366E-03
+3.105240000E-03,-1.116221878795E+00,-45.186871376E-03,-71.998428877E-03
+3.105245000E-03,-1.111557934119E+00,-46.521670356E-03,-72.411745455E-03
+3.105250000E-03,-1.107101275877E+00,-45.343906553E-03,-73.831971570E-03
+3.105255000E-03,-1.100882682978E+00,-45.815012072E-03,-74.359609756E-03
+3.105260000E-03,-1.095959630268E+00,-44.558730679E-03,-75.498428839E-03
+3.105265000E-03,-1.090259253443E+00,-45.422424137E-03,-76.408604709E-03
+3.105270000E-03,-1.084092482152E+00,-46.443152768E-03,-77.235237866E-03
+3.105275000E-03,-1.078029354079E+00,-44.401695503E-03,-78.334484085E-03
+3.105280000E-03,-1.072691728508E+00,-45.186871374E-03,-79.038001666E-03
+3.105285000E-03,-1.066576778825E+00,-44.794283439E-03,-80.071293112E-03
+3.105290000E-03,-1.060254542711E+00,-44.558730678E-03,-80.875941344E-03
+3.105295000E-03,-1.054398701064E+00,-43.695037221E-03,-81.667398622E-03
+3.105300000E-03,-1.045951779046E+00,-44.480213090E-03,-82.564383538E-03
+3.105305000E-03,-1.038955862035E+00,-45.893529657E-03,-83.237122224E-03
+3.105310000E-03,-1.030301653587E+00,-45.736494486E-03,-84.380338292E-03
+3.105315000E-03,-1.023253914968E+00,-43.930589980E-03,-84.674936278E-03
+3.105320000E-03,-1.015584317059E+00,-45.029836202E-03,-86.024810636E-03
+3.105325000E-03,-1.008432935226E+00,-43.066896526E-03,-86.169911137E-03
+3.105330000E-03,-999.519618741E-03,-44.087625157E-03,-87.550564388E-03
+3.105335000E-03,-992.316415299E-03,-44.087625155E-03,-87.673679966E-03
+3.105340000E-03,-983.869493280E-03,-44.323177915E-03,-88.882850806E-03
+3.105345000E-03,-974.127031074E-03,-43.538002046E-03,-89.151066884E-03
+3.105350000E-03,-965.991038698E-03,-44.480213089E-03,-90.144785466E-03
+3.105355000E-03,-956.611327742E-03,-43.066896525E-03,-90.588880939E-03
+3.105360000E-03,-947.749832862E-03,-43.380966871E-03,-91.331971383E-03
+3.105365000E-03,-938.525586730E-03,-44.872801026E-03,-91.934358312E-03
+3.105370000E-03,-927.073011477E-03,-42.674308588E-03,-92.488378406E-03
+3.105375000E-03,-918.418803027E-03,-43.616519628E-03,-93.222674880E-03
+3.105380000E-03,-907.691730279E-03,-44.166142743E-03,-93.737122111E-03
+3.105385000E-03,-898.001089679E-03,-42.909861345E-03,-94.194408539E-03
+3.105390000E-03,-887.999519437E-03,-43.380966874E-03,-94.985865817E-03
+3.105395000E-03,-877.168803467E-03,-42.595791001E-03,-95.262875864E-03
+3.105400000E-03,-867.581806089E-03,-44.323177914E-03,-96.208227612E-03
+3.105405000E-03,-857.632057448E-03,-41.810615133E-03,-96.164257764E-03
+3.105410000E-03,-847.889595240E-03,-42.752826178E-03,-97.294282877E-03
+3.105415000E-03,-838.043489816E-03,-42.517273410E-03,-97.096418558E-03
+3.105420000E-03,-825.658125630E-03,-44.323177913E-03,-98.244031611E-03
+3.105425000E-03,-814.412836807E-03,-44.244660328E-03,-98.019785383E-03
+3.105430000E-03,-802.701153514E-03,-42.831343756E-03,-99.114634616E-03
+3.105435000E-03,-791.611329511E-03,-41.889132720E-03,-99.070664768E-03
+3.105440000E-03,-779.174143721E-03,-41.810615134E-03,-99.756594409E-03
+3.105445000E-03,-767.928854893E-03,-44.009107568E-03,-100.020413502E-03
+3.105450000E-03,-754.973453026E-03,-41.810615126E-03,-100.446921034E-03
+3.105455000E-03,-743.209948123E-03,-45.029836199E-03,-100.825061734E-03
+3.105460000E-03,-732.690161800E-03,-42.909861347E-03,-101.128453690E-03
+3.105465000E-03,-720.304797609E-03,-43.380966870E-03,-101.475815496E-03
+3.105470000E-03,-707.919433424E-03,-41.418027194E-03,-101.686870770E-03
+3.105475000E-03,-695.223139593E-03,-41.732097545E-03,-102.069408454E-03
+3.105480000E-03,-682.526845759E-03,-41.810615130E-03,-102.262875789E-03
+3.105485000E-03,-669.415979065E-03,-42.674308589E-03,-102.513503927E-03
+3.105490000E-03,-657.237901308E-03,-42.281720651E-03,-102.816895884E-03
+3.105495000E-03,-643.505175326E-03,-42.281720653E-03,-102.860865732E-03
+3.105500000E-03,-629.616984517E-03,-42.752826174E-03,-103.256594371E-03
+3.105505000E-03,-616.557939431E-03,-43.695037217E-03,-103.274182311E-03
+3.105510000E-03,-603.550715950E-03,-42.124685479E-03,-103.573177282E-03
+3.105515000E-03,-589.610703538E-03,-41.260992021E-03,-103.674307935E-03
+3.105520000E-03,-576.603480056E-03,-42.046167894E-03,-103.727071753E-03
+3.105525000E-03,-562.818932470E-03,-41.182474435E-03,-103.982096877E-03
+3.105530000E-03,-549.656244169E-03,-42.281720652E-03,-103.845790344E-03
+3.105535000E-03,-536.597199078E-03,-40.475816151E-03,-104.289885818E-03
+3.105540000E-03,-523.279045957E-03,-41.732097544E-03,-103.968905921E-03
+3.105545000E-03,-508.509887825E-03,-41.810615127E-03,-104.439383304E-03
+3.105550000E-03,-495.399021126E-03,-41.889132718E-03,-103.995287831E-03
+3.105555000E-03,-479.697074063E-03,-40.161745806E-03,-104.448177273E-03
+3.105560000E-03,-465.757061655E-03,-41.810615130E-03,-104.092021498E-03
+3.105565000E-03,-451.609762808E-03,-42.046167887E-03,-104.316267727E-03
+3.105570000E-03,-437.255177532E-03,-41.260992021E-03,-104.245915969E-03
+3.105575000E-03,-423.107878687E-03,-40.868404087E-03,-104.135991347E-03
+3.105580000E-03,-408.235077343E-03,-40.868404090E-03,-104.259106924E-03
+3.105585000E-03,-393.310454388E-03,-41.339509606E-03,-103.784232557E-03
+3.105590000E-03,-379.577728404E-03,-42.046167885E-03,-104.219534060E-03
+3.105595000E-03,-364.808570268E-03,-41.103956848E-03,-103.516016479E-03
+3.105600000E-03,-349.158444810E-03,-42.674308589E-03,-104.153579286E-03
+3.105605000E-03,-333.611962562E-03,-42.203203061E-03,-103.164257690E-03
+3.105610000E-03,-318.790982828E-03,-41.260992015E-03,-103.709483814E-03
+3.105615000E-03,-304.073646299E-03,-40.632851328E-03,-102.979584325E-03
+3.105620000E-03,-288.941736911E-03,-40.397298567E-03,-103.142272764E-03
+3.105625000E-03,-274.328043604E-03,-40.868404088E-03,-102.645413474E-03
+3.105630000E-03,-258.833382963E-03,-40.868404084E-03,-102.619031564E-03
+3.105635000E-03,-243.701473580E-03,-40.475816152E-03,-102.355212472E-03
+3.105640000E-03,-228.362277760E-03,-41.260992021E-03,-101.937498908E-03
+3.105645000E-03,-213.696762842E-03,-41.025439267E-03,-101.792398408E-03
+3.105650000E-03,-198.823961496E-03,-41.653579957E-03,-101.374684844E-03
+3.105655000E-03,-183.692052113E-03,-41.260992019E-03,-101.207599419E-03
+3.105660000E-03,-168.715607545E-03,-41.339509608E-03,-100.701946159E-03
+3.105665000E-03,-153.324590128E-03,-42.517273412E-03,-100.442524050E-03
+3.105670000E-03,-137.933572702E-03,-42.203203063E-03,-100.064383351E-03
+3.105675000E-03,-123.008949750E-03,-40.475816150E-03,-99.646669787E-03
+3.105680000E-03,-106.944251433E-03,-43.145414105E-03,-99.418026574E-03
+3.105685000E-03,-91.501412396E-03,-42.124685483E-03,-98.864006479E-03
+3.105690000E-03,-77.354113553E-03,-41.496544782E-03,-98.591393416E-03
+3.105695000E-03,-62.533133813E-03,-40.789886494E-03,-97.980212519E-03
+3.105700000E-03,-48.385834973E-03,-41.260992018E-03,-97.562498955E-03
+3.105705000E-03,-33.823963265E-03,-40.397298561E-03,-97.030463786E-03
+3.105710000E-03,-18.070194594E-03,-41.339509605E-03,-96.533604493E-03
+3.105715000E-03,-3.663787711E-03,-41.103956847E-03,-96.203830629E-03
+3.105720000E-03,+12.089980966E-03,-41.418027195E-03,-95.407976365E-03
+3.105725000E-03,+28.569252139E-03,-41.889132711E-03,-95.174936168E-03
+3.105730000E-03,+42.198334913E-03,-41.025439266E-03,-94.220790448E-03
+3.105735000E-03,+57.952103592E-03,-39.926193034E-03,-94.084483917E-03
+3.105740000E-03,+73.291299409E-03,-41.260992026E-03,-93.042398501E-03
+3.105745000E-03,+88.371387177E-03,-42.203203060E-03,-92.774182424E-03
+3.105750000E-03,+104.436085500E-03,-41.025439264E-03,-91.842021631E-03
+3.105755000E-03,+118.946135599E-03,-40.789886502E-03,-91.472674900E-03
+3.105760000E-03,+134.544439453E-03,-42.124685476E-03,-90.711996518E-03
+3.105765000E-03,+150.609137774E-03,-41.182474435E-03,-90.100815618E-03
+3.105770000E-03,+166.000155199E-03,-40.632851328E-03,-89.538001555E-03
+3.105775000E-03,+180.872956546E-03,-40.789886496E-03,-88.597046791E-03
+3.105780000E-03,+196.004865929E-03,-40.946921673E-03,-88.210112121E-03
+3.105785000E-03,+211.862277820E-03,-41.889132715E-03,-87.264760373E-03
+3.105790000E-03,+226.216863098E-03,-40.789886503E-03,-86.781092036E-03
+3.105795000E-03,+241.141486048E-03,-42.203203064E-03,-85.835740288E-03
+3.105800000E-03,+256.428860256E-03,-41.025439260E-03,-85.202574465E-03
+3.105805000E-03,+271.301661605E-03,-40.946921675E-03,-84.266016687E-03
+3.105810000E-03,+287.366359920E-03,-41.575062371E-03,-83.641644834E-03
+3.105815000E-03,+301.099085912E-03,-39.533605106E-03,-82.705087055E-03
+3.105820000E-03,+315.920065655E-03,-41.653579959E-03,-82.027951384E-03
+3.105825000E-03,+332.036585572E-03,-40.711368908E-03,-80.937499134E-03
+3.105830000E-03,+345.510203526E-03,-41.732097546E-03,-80.401066980E-03
+3.105835000E-03,+359.294751117E-03,-40.240263396E-03,-79.169911213E-03
+3.105840000E-03,+373.856622823E-03,-41.418027192E-03,-78.739006697E-03
+3.105845000E-03,+387.848456835E-03,-41.575062375E-03,-77.208855957E-03
+3.105850000E-03,+402.358506938E-03,-42.281720645E-03,-77.094534352E-03
+3.105855000E-03,+417.956810787E-03,-40.397298569E-03,-75.278579596E-03
+3.105860000E-03,+431.482250347E-03,-42.674308579E-03,-75.362122310E-03
+3.105865000E-03,+445.422262753E-03,-42.124685483E-03,-73.273554493E-03
+3.105870000E-03,+459.725026417E-03,-42.203203061E-03,-73.493403737E-03
+3.105875000E-03,+472.369498648E-03,-41.496544780E-03,-71.440011799E-03
+3.105880000E-03,+486.879548746E-03,-40.554333743E-03,-71.558730390E-03
+3.105885000E-03,+501.285955621E-03,-42.046167889E-03,-69.624057044E-03
+3.105890000E-03,+513.464033382E-03,-41.182474435E-03,-69.439383680E-03
+3.105895000E-03,+527.611332224E-03,-41.260992025E-03,-67.838881184E-03
+3.105900000E-03,+541.551344643E-03,-42.360238242E-03,-67.443152545E-03
+3.105905000E-03,+554.869497760E-03,-41.889132726E-03,-65.869031959E-03
+3.105910000E-03,+567.773078027E-03,-40.946921672E-03,-65.125941515E-03
+3.105915000E-03,+580.935766332E-03,-41.418027195E-03,-63.828830976E-03
+3.105920000E-03,+594.616670696E-03,-41.889132715E-03,-62.909861137E-03
+3.105925000E-03,+607.105678110E-03,-42.752826172E-03,-61.705087279E-03
+3.105930000E-03,+619.750150336E-03,-42.752826171E-03,-60.896042063E-03
+3.105935000E-03,+632.705552208E-03,-41.575062372E-03,-59.506594841E-03
+3.105940000E-03,+646.023705331E-03,-43.773554814E-03,-58.741519474E-03
+3.105945000E-03,+657.372637373E-03,-42.281720652E-03,-57.255338584E-03
+3.105950000E-03,+669.447071918E-03,-42.281720648E-03,-56.644157687E-03
+3.105955000E-03,+681.262398426E-03,-40.868404083E-03,-55.004082326E-03
+3.105960000E-03,+694.269621895E-03,-42.203203075E-03,-54.375313490E-03
+3.105965000E-03,+705.722197154E-03,-41.418027197E-03,-52.678077327E-03
+3.105970000E-03,+717.692988486E-03,-41.967650307E-03,-51.987750701E-03
+3.105975000E-03,+729.352850169E-03,-43.223931690E-03,-50.374057251E-03
+3.105980000E-03,+741.582749531E-03,-43.380966872E-03,-49.485866305E-03
+3.105985000E-03,+752.413465500E-03,-41.182474435E-03,-48.114007024E-03
+3.105990000E-03,+764.280613615E-03,-42.203203065E-03,-47.058730653E-03
+3.105995000E-03,+774.852221545E-03,-41.653579953E-03,-45.867147752E-03
+3.106000000E-03,+786.771191262E-03,-42.438755826E-03,-44.565640229E-03
+3.106005000E-03,+795.839972576E-03,-42.046167886E-03,-43.505966873E-03
+3.106010000E-03,+807.862585513E-03,-42.595791000E-03,-42.094534728E-03
+3.106015000E-03,+818.071442182E-03,-41.575062373E-03,-41.087625189E-03
+3.106020000E-03,+828.332120467E-03,-42.909861355E-03,-39.684987015E-03
+3.106025000E-03,+837.867296250E-03,-41.653579964E-03,-38.541770945E-03
+3.106030000E-03,+848.801655420E-03,-40.318780986E-03,-37.266645333E-03
+3.106035000E-03,+858.492296026E-03,-41.653579955E-03,-35.925564942E-03
+3.106040000E-03,+868.493866268E-03,-42.203203076E-03,-34.892273500E-03
+3.106045000E-03,+878.443614905E-03,-42.988378939E-03,-33.282977031E-03
+3.106050000E-03,+888.704293186E-03,-41.889132717E-03,-32.469534831E-03
+3.106055000E-03,+898.861328250E-03,-42.752826179E-03,-30.609610226E-03
+3.106060000E-03,+907.515536712E-03,-43.145414098E-03,-29.963253451E-03
+3.106065000E-03,+917.257998908E-03,-41.810615128E-03,-28.103328847E-03
+3.106070000E-03,+925.031240034E-03,-42.124685471E-03,-27.377826342E-03
+3.106075000E-03,+934.514594204E-03,-41.339509609E-03,-25.535489679E-03
+3.106080000E-03,+942.754229803E-03,-43.066896524E-03,-24.744032400E-03
+3.106085000E-03,+951.045686989E-03,-41.653579963E-03,-23.002826390E-03
+3.106090000E-03,+959.648073831E-03,-42.281720656E-03,-21.982725897E-03
+3.106095000E-03,+967.369493351E-03,-42.752826160E-03,-20.474560084E-03
+3.106100000E-03,+973.743551081E-03,-43.930589980E-03,-19.252198289E-03
+3.106105000E-03,+982.553224341E-03,-43.145414107E-03,-17.818781219E-03
+3.106110000E-03,+989.030925286E-03,-42.831343756E-03,-16.701947059E-03
+3.106115000E-03,+997.788776947E-03,-41.653579974E-03,-15.127826474E-03
+3.106120000E-03,+1.005043801989E+00,-43.302449287E-03,-14.169283770E-03
+3.106125000E-03,+1.011832432576E+00,-42.517273414E-03,-12.476444592E-03
+3.106130000E-03,+1.018051025478E+00,-42.831343766E-03,-11.698178268E-03
+3.106135000E-03,+1.025254228911E+00,-41.575062371E-03,-9.776695878E-03
+3.106140000E-03,+1.031472821817E+00,-42.595791010E-03,-9.099560206E-03
+3.106145000E-03,+1.039038776498E+00,-43.773554798E-03,-7.072550180E-03
+3.106150000E-03,+1.045153726189E+00,-41.339509615E-03,-6.584484855E-03
+3.106155000E-03,+1.050439530158E+00,-43.066896525E-03,-4.513504980E-03
+3.106160000E-03,+1.056865409480E+00,-43.223931694E-03,-3.906721064E-03
+3.106165000E-03,+1.062254856663E+00,-43.773554808E-03,-1.906092949E-03
+3.106170000E-03,+1.069198952052E+00,-42.752826170E-03,-1.167399486E-03
+3.106175000E-03,+1.074432934409E+00,-42.517273416E-03,+573.806523E-06
+3.106180000E-03,+1.079770559986E+00,-42.517273420E-03,+1.514761289E-03
+3.106185000E-03,+1.085678223244E+00,-10.010992634E-03,+3.242776343E-03
+3.106190000E-03,+1.089720308627E+00,+2.198610211201E+00,+4.144158246E-03
+3.106195000E-03,+1.093451464369E+00,+2.552724532961E+00,+5.656721041E-03
+3.106200000E-03,+1.098167230646E+00,+2.552724532961E+00,+6.764761231E-03
+3.106205000E-03,+1.102364780853E+00,+2.552724532961E+00,+8.250942121E-03
+3.106210000E-03,+1.106303223023E+00,+2.552724532961E+00,+9.407349142E-03
+3.106215000E-03,+1.109827092332E+00,+2.552724532961E+00,+10.906720988E-03
+3.106220000E-03,+1.112729102355E+00,+2.552724532961E+00,+12.001570220E-03
+3.106225000E-03,+1.117133938988E+00,+2.552724532961E+00,+13.602072717E-03
+3.106230000E-03,+1.119984127398E+00,+2.552724532961E+00,+14.389133009E-03
+3.106235000E-03,+1.122730672608E+00,+2.552724532961E+00,+16.257851583E-03
+3.106240000E-03,+1.125477217794E+00,+2.552724532961E+00,+17.040514890E-03
+3.106245000E-03,+1.127083687631E+00,+2.552724532961E+00,+18.790514871E-03
+3.106250000E-03,+1.129363838361E+00,+2.552724532961E+00,+19.696293757E-03
+3.106255000E-03,+1.131125773020E+00,+2.552724532961E+00,+21.235238464E-03
+3.106260000E-03,+1.133613210181E+00,+2.552724532961E+00,+22.391645486E-03
+3.106265000E-03,+1.134338712680E+00,+2.552724532961E+00,+23.693153009E-03
+3.106270000E-03,+1.137137079476E+00,+2.552724532961E+00,+25.029836412E-03
+3.106275000E-03,+1.138069868415E+00,+2.552724532961E+00,+26.054333889E-03
+3.106280000E-03,+1.138950835746E+00,+2.552724532961E+00,+27.698806232E-03
+3.106285000E-03,+1.139831803066E+00,+2.552724532961E+00,+28.512248437E-03
+3.106290000E-03,+1.141282808085E+00,+2.552724532961E+00,+30.196293643E-03
+3.106295000E-03,+1.141282808083E+00,+2.552724532961E+00,+31.018529817E-03
+3.106300000E-03,+1.141593737734E+00,+2.552724532961E+00,+32.610238340E-03
+3.106305000E-03,+1.142733813092E+00,+2.552724532961E+00,+33.559987078E-03
+3.106310000E-03,+1.142474705054E+00,+2.552724532961E+00,+34.953831280E-03
+3.106315000E-03,+1.142630169887E+00,+2.552724532961E+00,+36.149811169E-03
+3.106320000E-03,+1.141334629701E+00,+2.552724532961E+00,+37.288630251E-03
+3.106325000E-03,+1.141127343261E+00,+2.552724532961E+00,+38.730841291E-03
+3.106330000E-03,+1.140764592003E+00,+2.552724532961E+00,+39.641017161E-03
+3.106335000E-03,+1.140090911119E+00,+2.552724532961E+00,+41.162373928E-03
+3.106340000E-03,+1.138743549325E+00,+2.552724532961E+00,+41.940640253E-03
+3.106345000E-03,+1.138588084501E+00,+2.552724532961E+00,+43.338881442E-03
+3.106350000E-03,+1.136826149846E+00,+2.552724532961E+00,+44.336997012E-03
+3.106355000E-03,+1.135271501612E+00,+2.552724532961E+00,+45.594534683E-03
+3.106360000E-03,+1.133198637316E+00,+2.552724532961E+00,+46.737750755E-03
+3.106365000E-03,+1.130607556948E+00,+2.552724532961E+00,+47.687499486E-03
+3.106370000E-03,+1.128171941397E+00,+2.552724532961E+00,+49.076946709E-03
+3.106375000E-03,+1.126099077096E+00,+2.552724532961E+00,+49.789258259E-03
+3.106380000E-03,+1.123248888675E+00,+2.552724532961E+00,+51.310615025E-03
+3.106385000E-03,+1.119725019379E+00,+2.552724532961E+00,+52.053705470E-03
+3.106390000E-03,+1.116926652572E+00,+2.552724532961E+00,+53.311243145E-03
+3.106395000E-03,+1.114283750588E+00,+2.552724532961E+00,+54.252197911E-03
+3.106400000E-03,+1.110086200383E+00,+2.552724532961E+00,+55.289886340E-03
+3.106405000E-03,+1.107080547147E+00,+2.552724532961E+00,+56.521042107E-03
+3.106410000E-03,+1.102468424088E+00,+2.552724532961E+00,+57.272926519E-03
+3.106415000E-03,+1.097493549770E+00,+2.552724532961E+00,+58.710740576E-03
+3.106420000E-03,+1.093606929205E+00,+2.552724532961E+00,+59.141645093E-03
+3.106425000E-03,+1.088580233284E+00,+2.552724532961E+00,+60.755338544E-03
+3.106430000E-03,+1.084330861472E+00,+2.552724532961E+00,+61.164258137E-03
+3.106435000E-03,+1.079874203229E+00,+2.552724532961E+00,+62.615263147E-03
+3.106440000E-03,+1.073603788719E+00,+2.552724532961E+00,+63.270413893E-03
+3.106445000E-03,+1.068577092799E+00,+2.552724532961E+00,+64.563127447E-03
+3.106450000E-03,+1.062669429538E+00,+2.552724532961E+00,+65.301820906E-03
+3.106455000E-03,+1.057487268797E+00,+2.552724532961E+00,+66.357097278E-03
+3.106460000E-03,+1.051890535188E+00,+2.552724532961E+00,+67.320036965E-03
+3.106465000E-03,+1.044583688533E+00,+2.552724532961E+00,+68.089509320E-03
+3.106470000E-03,+1.038831490101E+00,+2.552724532961E+00,+69.166770614E-03
+3.106475000E-03,+1.032664718806E+00,+2.552724532961E+00,+69.879082165E-03
+3.106480000E-03,+1.026705233952E+00,+2.552724532961E+00,+70.912373609E-03
+3.106485000E-03,+1.019657495334E+00,+2.552724532961E+00,+71.637876117E-03
+3.106490000E-03,+1.011625146166E+00,+2.552724532961E+00,+72.596418817E-03
+3.106495000E-03,+1.005510196492E+00,+2.552724532961E+00,+73.317524341E-03
+3.106500000E-03,+997.529668935E-03,+2.552724532961E+00,+74.179333374E-03
+3.106505000E-03,+989.238211738E-03,+2.552724532961E+00,+75.014760502E-03
+3.106510000E-03,+982.812332410E-03,+2.552724532961E+00,+75.793026825E-03
+3.106515000E-03,+974.469053608E-03,+2.552724532961E+00,+76.509735360E-03
+3.106520000E-03,+966.903098915E-03,+2.552724532961E+00,+77.411117260E-03
+3.106525000E-03,+958.715284932E-03,+2.552724532961E+00,+77.973931324E-03
+3.106530000E-03,+949.905611670E-03,+2.552724532961E+00,+79.064383575E-03
+3.106535000E-03,+942.184192143E-03,+2.552724532961E+00,+79.319408696E-03
+3.106540000E-03,+933.996378160E-03,+2.552724532961E+00,+80.568152401E-03
+3.106545000E-03,+924.979418461E-03,+2.552724532961E+00,+80.603328281E-03
+3.106550000E-03,+915.340599482E-03,+2.552724532961E+00,+81.948805652E-03
+3.106555000E-03,+906.634569412E-03,+2.552724532961E+00,+81.918026762E-03
+3.106560000E-03,+896.995750422E-03,+2.552724532961E+00,+83.303076993E-03
+3.106565000E-03,+887.408753031E-03,+2.552724532961E+00,+83.351443831E-03
+3.106570000E-03,+878.029042085E-03,+2.552724532961E+00,+84.296795576E-03
+3.106575000E-03,+868.027471830E-03,+2.552724532961E+00,+84.705715174E-03
+3.106580000E-03,+858.336831249E-03,+2.552724532961E+00,+85.312499083E-03
+3.106585000E-03,+849.216228317E-03,+2.552724532961E+00,+85.989634757E-03
+3.106590000E-03,+838.851906831E-03,+2.552724532961E+00,+86.301820683E-03
+3.106595000E-03,+828.435763708E-03,+2.552724532961E+00,+87.207599568E-03
+3.106600000E-03,+816.931366862E-03,+2.552724532961E+00,+87.291142280E-03
+3.106605000E-03,+806.877975001E-03,+2.552724532961E+00,+88.254081968E-03
+3.106610000E-03,+794.959005287E-03,+2.552724532961E+00,+88.385991515E-03
+3.106615000E-03,+784.231932535E-03,+2.552724532961E+00,+89.146669897E-03
+3.106620000E-03,+774.230362302E-03,+2.552724532961E+00,+89.362122159E-03
+3.106625000E-03,+763.555111143E-03,+2.552724532961E+00,+89.863378433E-03
+3.106630000E-03,+750.599709277E-03,+2.552724532961E+00,+90.399810589E-03
+3.106635000E-03,+738.836204375E-03,+2.552724532961E+00,+90.624056817E-03
+3.106640000E-03,+727.228164309E-03,+2.552724532961E+00,+91.327574398E-03
+3.106645000E-03,+716.552913156E-03,+2.552724532961E+00,+91.345162338E-03
+3.106650000E-03,+704.996694699E-03,+2.552724532961E+00,+92.141016599E-03
+3.106655000E-03,+692.974081751E-03,+2.552724532961E+00,+92.189383435E-03
+3.106660000E-03,+681.003290435E-03,+2.552724532961E+00,+92.624684935E-03
+3.106665000E-03,+666.804169986E-03,+2.552724532961E+00,+92.840137198E-03
+3.106670000E-03,+656.284383656E-03,+2.552724532961E+00,+93.134735180E-03
+3.106675000E-03,+642.499836083E-03,+2.552724532961E+00,+93.640388446E-03
+3.106680000E-03,+630.114471896E-03,+2.552724532961E+00,+93.627197486E-03
+3.106685000E-03,+617.625464479E-03,+2.552724532961E+00,+94.172423615E-03
+3.106690000E-03,+604.825527425E-03,+2.552724532961E+00,+94.071292961E-03
+3.106695000E-03,+592.543806463E-03,+2.552724532961E+00,+94.620916070E-03
+3.106700000E-03,+579.018366900E-03,+2.552724532961E+00,+94.541770345E-03
+3.106705000E-03,+566.477537897E-03,+2.552724532961E+00,+94.871544209E-03
+3.106710000E-03,+553.055741551E-03,+2.552724532961E+00,+95.016644712E-03
+3.106715000E-03,+540.359447712E-03,+2.552724532961E+00,+95.029835664E-03
+3.106720000E-03,+525.279359951E-03,+2.552724532961E+00,+95.359609533E-03
+3.106725000E-03,+512.634887712E-03,+2.552724532961E+00,+95.104584408E-03
+3.106730000E-03,+499.575842633E-03,+2.552724532961E+00,+95.654207518E-03
+3.106735000E-03,+485.480365396E-03,+2.552724532961E+00,+95.293654758E-03
+3.106740000E-03,+472.058569063E-03,+2.552724532961E+00,+95.764132138E-03
+3.106745000E-03,+458.118556635E-03,+2.552724532961E+00,+95.447549230E-03
+3.106750000E-03,+443.867614576E-03,+2.552724532961E+00,+95.702574351E-03
+3.106755000E-03,+430.238531830E-03,+2.552724532961E+00,+95.715765307E-03
+3.106760000E-03,+416.972200302E-03,+2.552724532961E+00,+95.557473849E-03
+3.106765000E-03,+401.011145215E-03,+2.552724532961E+00,+95.768529128E-03
+3.106770000E-03,+387.226597614E-03,+2.552724532961E+00,+95.320036667E-03
+3.106775000E-03,+373.390228402E-03,+2.552724532961E+00,+95.768529127E-03
+3.106780000E-03,+358.258319005E-03,+2.552724532961E+00,+95.117775363E-03
+3.106785000E-03,+343.955555348E-03,+2.552724532961E+00,+95.654207519E-03
+3.106790000E-03,+329.341862045E-03,+2.552724532961E+00,+94.897926121E-03
+3.106795000E-03,+315.194563198E-03,+2.552724532961E+00,+95.443152244E-03
+3.106800000E-03,+301.099085966E-03,+2.552724532961E+00,+94.757222604E-03
+3.106805000E-03,+286.537214254E-03,+2.552724532961E+00,+94.941895967E-03
+3.106810000E-03,+272.389915415E-03,+2.552724532961E+00,+94.524182406E-03
+3.106815000E-03,+256.998897980E-03,+2.552724532961E+00,+94.493403510E-03
+3.106820000E-03,+243.162528795E-03,+2.552724532961E+00,+94.088880904E-03
+3.106825000E-03,+228.186084228E-03,+2.552724532961E+00,+94.009735175E-03
+3.106830000E-03,+214.038785380E-03,+2.552724532961E+00,+93.675564324E-03
+3.106835000E-03,+198.129551894E-03,+2.552724532961E+00,+93.600815582E-03
+3.106840000E-03,+183.464036980E-03,+2.552724532961E+00,+92.976443728E-03
+3.106845000E-03,+167.502981866E-03,+2.552724532961E+00,+93.112750261E-03
+3.106850000E-03,+152.837466957E-03,+2.552724532961E+00,+92.259735193E-03
+3.106855000E-03,+137.757379175E-03,+2.552724532961E+00,+92.576318106E-03
+3.106860000E-03,+121.433572823E-03,+2.552724532961E+00,+91.512247765E-03
+3.106865000E-03,+106.353485037E-03,+2.552724532961E+00,+92.022298010E-03
+3.106870000E-03,+91.947078167E-03,+2.552724532961E+00,+90.628453806E-03
+3.106875000E-03,+76.089666269E-03,+2.552724532961E+00,+91.252825656E-03
+3.106880000E-03,+61.631437795E-03,+2.552724532961E+00,+89.960112105E-03
+3.106885000E-03,+45.359453044E-03,+2.552724532961E+00,+90.289885966E-03
+3.106890000E-03,+31.160332579E-03,+2.552724532961E+00,+89.124684978E-03
+3.106895000E-03,+16.598460855E-03,+2.552724532961E+00,+89.269785475E-03
+3.106900000E-03,+1.466551488E-03,+2.552724532961E+00,+88.320036744E-03
+3.106905000E-03,-13.354428261E-03,+2.552724532961E+00,+88.183730212E-03
+3.106910000E-03,-29.004553709E-03,+2.552724532961E+00,+87.357097055E-03
+3.106915000E-03,-43.255495776E-03,+2.552724532961E+00,+87.093277964E-03
+3.106920000E-03,-58.024653901E-03,+2.552724532961E+00,+86.332599579E-03
+3.106925000E-03,-73.467492926E-03,+2.552724532961E+00,+86.073177473E-03
+3.106930000E-03,-87.770256607E-03,+2.552724532961E+00,+85.039886023E-03
+3.106935000E-03,-103.472203667E-03,+2.552724532961E+00,+84.934358391E-03
+3.106940000E-03,-119.796010018E-03,+2.552724532961E+00,+83.804333274E-03
+3.106945000E-03,-134.565168149E-03,+2.552724532961E+00,+83.857097095E-03
+3.106950000E-03,-149.956185577E-03,+2.552724532961E+00,+82.441267961E-03
+3.106955000E-03,-164.777165337E-03,+2.552724532961E+00,+82.564383539E-03
+3.106960000E-03,-180.323647579E-03,+2.552724532961E+00,+81.201318228E-03
+3.106965000E-03,-195.248270520E-03,+2.552724532961E+00,+81.183730286E-03
+3.106970000E-03,-209.291926155E-03,+2.552724532961E+00,+80.044911206E-03
+3.106975000E-03,-225.512089298E-03,+2.552724532961E+00,+79.627197641E-03
+3.106980000E-03,-240.540355455E-03,+2.552724532961E+00,+78.673051924E-03
+3.106985000E-03,-255.516800028E-03,+2.552724532961E+00,+77.960740372E-03
+3.106990000E-03,-270.648709412E-03,+2.552724532961E+00,+77.358353445E-03
+3.106995000E-03,-285.210581124E-03,+2.552724532961E+00,+76.307474059E-03
+3.107000000E-03,-300.290668891E-03,+2.552724532961E+00,+75.924936375E-03
+3.107005000E-03,-315.578043102E-03,+2.552724532961E+00,+74.654207746E-03
+3.107010000E-03,-329.569877130E-03,+2.552724532961E+00,+74.311242923E-03
+3.107015000E-03,-344.546321693E-03,+2.552724532961E+00,+73.141644949E-03
+3.107020000E-03,-359.004550156E-03,+2.552724532961E+00,+72.574433898E-03
+3.107025000E-03,-373.980994736E-03,+2.552724532961E+00,+71.497172606E-03
+3.107030000E-03,-387.765542337E-03,+2.552724532961E+00,+70.815639946E-03
+3.107035000E-03,-402.690165278E-03,+2.552724532961E+00,+69.782348503E-03
+3.107040000E-03,-417.873896264E-03,+2.552724532961E+00,+68.858981677E-03
+3.107045000E-03,-431.865730300E-03,+2.552724532961E+00,+68.001569626E-03
+3.107050000E-03,-446.790353268E-03,+2.552724532961E+00,+67.056217878E-03
+3.107055000E-03,-460.885830493E-03,+2.552724532961E+00,+66.198805826E-03
+3.107060000E-03,-475.551345407E-03,+2.552724532961E+00,+65.143529457E-03
+3.107065000E-03,-489.491357828E-03,+2.552724532961E+00,+64.268529463E-03
+3.107070000E-03,-504.260515948E-03,+2.552724532961E+00,+63.305589779E-03
+3.107075000E-03,-517.371382652E-03,+2.552724532961E+00,+62.197549587E-03
+3.107080000E-03,-531.000465428E-03,+2.552724532961E+00,+61.379710403E-03
+3.107085000E-03,-543.437651212E-03,+2.552724532961E+00,+60.232097345E-03
+3.107090000E-03,-557.533128445E-03,+2.552724532961E+00,+59.418655148E-03
+3.107095000E-03,-570.384887104E-03,+2.552724532961E+00,+58.275439075E-03
+3.107100000E-03,-584.687650770E-03,+2.552724532961E+00,+57.338881301E-03
+3.107105000E-03,-598.161268731E-03,+2.552724532961E+00,+56.226444123E-03
+3.107110000E-03,-611.479421854E-03,+2.552724532961E+00,+55.228328560E-03
+3.107115000E-03,-624.331180505E-03,+2.552724532961E+00,+54.217022034E-03
+3.107120000E-03,-637.182939153E-03,+2.552724532961E+00,+53.060615014E-03
+3.107125000E-03,-649.931054600E-03,+2.552724532961E+00,+52.198805974E-03
+3.107130000E-03,-662.471883630E-03,+2.552724532961E+00,+50.796167803E-03
+3.107135000E-03,-674.028102092E-03,+2.552724532961E+00,+49.960740671E-03
+3.107140000E-03,-687.449898417E-03,+2.552724532961E+00,+48.681218079E-03
+3.107145000E-03,-698.850652084E-03,+2.552724532961E+00,+47.700690445E-03
+3.107150000E-03,-711.754232338E-03,+2.552724532961E+00,+46.434358806E-03
+3.107155000E-03,-724.398704554E-03,+2.552724532961E+00,+45.357097504E-03
+3.107160000E-03,-737.043176779E-03,+2.552724532961E+00,+44.187499533E-03
+3.107165000E-03,-748.340287231E-03,+2.552724532961E+00,+43.017901551E-03
+3.107170000E-03,-761.399332302E-03,+2.552724532961E+00,+41.980213123E-03
+3.107175000E-03,-772.022761841E-03,+2.552724532961E+00,+40.599559869E-03
+3.107180000E-03,-783.371693878E-03,+2.552724532961E+00,+39.513504607E-03
+3.107185000E-03,-795.964344485E-03,+2.552724532961E+00,+38.308730750E-03
+3.107190000E-03,-806.173201175E-03,+2.552724532961E+00,+37.064384028E-03
+3.107195000E-03,-816.382057866E-03,+2.552724532961E+00,+36.013504644E-03
+3.107200000E-03,-827.316417028E-03,+2.552724532961E+00,+34.571293603E-03
+3.107205000E-03,-838.561705857E-03,+2.552724532961E+00,+33.647926781E-03
+3.107210000E-03,-849.444243425E-03,+2.552724532961E+00,+31.985866495E-03
+3.107215000E-03,-858.979419216E-03,+2.552724532961E+00,+31.185615247E-03
+3.107220000E-03,-870.535637670E-03,+2.552724532961E+00,+29.545539888E-03
+3.107225000E-03,-879.759883807E-03,+2.552724532961E+00,+28.692524821E-03
+3.107230000E-03,-890.538778174E-03,+2.552724532961E+00,+27.127198207E-03
+3.107235000E-03,-901.058564478E-03,+2.552724532961E+00,+26.164258516E-03
+3.107240000E-03,-911.889280425E-03,+2.552724532961E+00,+24.792399237E-03
+3.107245000E-03,-920.698953723E-03,+2.552724532961E+00,+23.424936938E-03
+3.107250000E-03,-930.285951100E-03,+2.552724532961E+00,+22.374057553E-03
+3.107255000E-03,-939.821126884E-03,+2.552724532961E+00,+20.698806315E-03
+3.107260000E-03,-948.993551395E-03,+2.552724532961E+00,+19.955715870E-03
+3.107265000E-03,-958.217797538E-03,+2.552724532961E+00,+18.078203328E-03
+3.107270000E-03,-967.079292427E-03,+2.552724532961E+00,+17.506595294E-03
+3.107275000E-03,-975.992608919E-03,+2.552724532961E+00,+15.360866676E-03
+3.107280000E-03,-984.750460578E-03,+2.552724532961E+00,+14.894786277E-03
+3.107285000E-03,-993.249204215E-03,+2.552724532961E+00,+12.801821477E-03
+3.107290000E-03,-1.001437018193E+00,+2.552724532961E+00,+12.322550121E-03
+3.107295000E-03,-1.010143048231E+00,+2.552724532961E+00,+10.251570249E-03
+3.107300000E-03,-1.017138965255E+00,+2.552724532961E+00,+9.618404422E-03
+3.107305000E-03,-1.024653098341E+00,+2.552724532961E+00,+7.776067761E-03
+3.107310000E-03,-1.032478161076E+00,+2.552724532961E+00,+6.962625557E-03
+3.107315000E-03,-1.040510510205E+00,+2.552724532961E+00,+5.098303972E-03
+3.107320000E-03,-1.046832746349E+00,+2.552724532961E+00,+4.385992418E-03
+3.107325000E-03,-1.053103160840E+00,+2.552724532961E+00,+2.556846712E-03
+3.107330000E-03,-1.060772758750E+00,+2.552724532961E+00,+1.774183404E-03
+3.107335000E-03,-1.067665032558E+00,+2.552724532961E+00,-68.153263E-06
+3.107340000E-03,-1.073624517422E+00,+2.552724532961E+00,-815.640691E-06
+3.107345000E-03,-1.079946753528E+00,+2.552724532961E+00,-2.662374340E-03
+3.107350000E-03,-1.086476276079E+00,+2.552724532961E+00,-3.361494935E-03
+3.107355000E-03,-1.091192042356E+00,+2.552724532961E+00,-5.309359233E-03
+3.107360000E-03,-1.098291602578E+00,+2.552724532961E+00,-6.061243649E-03
+3.107365000E-03,-1.103111012082E+00,+2.552724532961E+00,-7.846419509E-03
+3.107370000E-03,-1.108189529604E+00,+2.552724532961E+00,-8.831344122E-03
+3.107375000E-03,-1.114200836071E+00,+2.552724532961E+00,-10.330715964E-03
+3.107380000E-03,-1.118709315948E+00,+2.552724532961E+00,-11.557474749E-03
+3.107385000E-03,-1.123321438988E+00,+2.552724532961E+00,-12.986494829E-03
+3.107390000E-03,-1.128659064584E+00,+2.039298037696E+00,-14.279208386E-03
+3.107395000E-03,-1.131509252988E+00,-64.109607159E-03,-15.365263651E-03
+3.107400000E-03,-1.135240408730E+00,-177.174935239E-03,-16.934987253E-03
+3.107405000E-03,-1.138764278042E+00,-89.156721095E-03,-18.166143018E-03
+3.107410000E-03,-1.142910006649E+00,+206.933100981E-03,-19.384107828E-03
+3.107415000E-03,-1.146122946312E+00,-68.663629383E-03,-20.676821382E-03
+3.107420000E-03,-1.148817669891E+00,-72.275438912E-03,-22.013504784E-03
+3.107425000E-03,-1.152756112057E+00,-102.190639626E-03,-23.372173112E-03
+3.107430000E-03,-1.155865408506E+00,-22.102700965E-03,-24.620916817E-03
+3.107435000E-03,-1.159337456211E+00,-50.290514371E-03,-26.093906750E-03
+3.107440000E-03,-1.162135823008E+00,-48.406092489E-03,-27.043655486E-03
+3.107445000E-03,-1.164312330538E+00,-62.225187722E-03,-28.710112751E-03
+3.107450000E-03,-1.166747946082E+00,-51.546796029E-03,-29.541142898E-03
+3.107455000E-03,-1.168458059129E+00,-50.211996922E-03,-31.374685586E-03
+3.107460000E-03,-1.170012707368E+00,-52.724559780E-03,-32.051821264E-03
+3.107465000E-03,-1.172241036491E+00,-51.860866273E-03,-33.779836314E-03
+3.107470000E-03,-1.173692041475E+00,-52.017901472E-03,-34.615263449E-03
+3.107475000E-03,-1.174469365604E+00,-48.955715584E-03,-36.413630254E-03
+3.107480000E-03,-1.176490408290E+00,-49.426821092E-03,-37.218278496E-03
+3.107485000E-03,-1.176024013841E+00,-50.290514552E-03,-38.941896557E-03
+3.107490000E-03,-1.178200521328E+00,-49.191268334E-03,-39.680590028E-03
+3.107495000E-03,-1.178615094202E+00,-49.583856268E-03,-41.329459348E-03
+3.107500000E-03,-1.179029667059E+00,-49.583856253E-03,-42.138504572E-03
+3.107505000E-03,-1.179288775100E+00,-50.211996948E-03,-43.884107562E-03
+3.107510000E-03,-1.178615094202E+00,-50.054961764E-03,-44.574434191E-03
+3.107515000E-03,-1.177889591682E+00,-48.955715585E-03,-46.183730656E-03
+3.107520000E-03,-1.177164089199E+00,-47.777951767E-03,-46.887248240E-03
+3.107525000E-03,-1.177164089192E+00,-47.777951753E-03,-48.654836156E-03
+3.107530000E-03,-1.175246689738E+00,-47.071293450E-03,-49.226444193E-03
+3.107535000E-03,-1.174002971150E+00,-46.835740706E-03,-51.042398944E-03
+3.107540000E-03,-1.172396501296E+00,-48.327574863E-03,-51.416142664E-03
+3.107545000E-03,-1.170686388257E+00,-49.034233155E-03,-53.355212989E-03
+3.107550000E-03,-1.169649956103E+00,-48.720162818E-03,-53.816896408E-03
+3.107555000E-03,-1.168043486281E+00,-49.034233141E-03,-55.553705430E-03
+3.107560000E-03,-1.165711513951E+00,-47.620916587E-03,-56.120916485E-03
+3.107565000E-03,-1.164053222528E+00,-46.757223131E-03,-57.721418974E-03
+3.107570000E-03,-1.161358498935E+00,-47.463881403E-03,-58.451318469E-03
+3.107575000E-03,-1.159130169798E+00,-45.893529646E-03,-59.818780758E-03
+3.107580000E-03,-1.157316413546E+00,-47.149811059E-03,-60.733353621E-03
+3.107585000E-03,-1.154777154774E+00,-47.071293464E-03,-61.982097318E-03
+3.107590000E-03,-1.151978787969E+00,-46.757223113E-03,-62.984609877E-03
+3.107595000E-03,-1.147625772931E+00,-45.972047254E-03,-64.017901318E-03
+3.107600000E-03,-1.144101903623E+00,-47.306846215E-03,-65.152323421E-03
+3.107605000E-03,-1.141044428800E+00,-46.521670356E-03,-66.106469135E-03
+3.107610000E-03,-1.138038775564E+00,-44.401695532E-03,-67.170539481E-03
+3.107615000E-03,-1.133426652494E+00,-46.521670372E-03,-68.142273133E-03
+3.107620000E-03,-1.128710886221E+00,-46.914258276E-03,-69.153579658E-03
+3.107625000E-03,-1.124046941549E+00,-46.129082428E-03,-70.213253012E-03
+3.107630000E-03,-1.119175710441E+00,-46.129082413E-03,-71.048680142E-03
+3.107635000E-03,-1.113941728081E+00,-45.265388972E-03,-72.235866056E-03
+3.107640000E-03,-1.109329605015E+00,-44.794283420E-03,-72.921795700E-03
+3.107645000E-03,-1.104147444268E+00,-44.323177925E-03,-74.271670053E-03
+3.107650000E-03,-1.098706175477E+00,-44.480213083E-03,-74.790514272E-03
+3.107655000E-03,-1.093731301165E+00,-43.773554802E-03,-76.043654958E-03
+3.107660000E-03,-1.088290032364E+00,-46.207600028E-03,-76.593278075E-03
+3.107665000E-03,-1.082330547521E+00,-45.029836191E-03,-77.837624788E-03
+3.107670000E-03,-1.075904668191E+00,-45.186871375E-03,-78.431217753E-03
+3.107675000E-03,-1.070463399397E+00,-43.223931720E-03,-79.548051906E-03
+3.107680000E-03,-1.063830233657E+00,-45.029836203E-03,-80.198805674E-03
+3.107685000E-03,-1.057559819151E+00,-44.794283456E-03,-81.214509176E-03
+3.107690000E-03,-1.050823010174E+00,-44.637248288E-03,-81.948805655E-03
+3.107695000E-03,-1.043049769047E+00,-44.715765851E-03,-82.880966443E-03
+3.107700000E-03,-1.035691100811E+00,-45.657976890E-03,-83.641644830E-03
+3.107705000E-03,-1.027814216479E+00,-44.480213104E-03,-84.516644819E-03
+3.107710000E-03,-1.019833688909E+00,-43.616519631E-03,-85.171795566E-03
+3.107715000E-03,-1.012164090996E+00,-42.909861372E-03,-86.143529223E-03
+3.107720000E-03,-1.004649957915E+00,-43.616519644E-03,-86.631594548E-03
+3.107725000E-03,-996.254857495E-03,-43.538002040E-03,-87.695664886E-03
+3.107730000E-03,-988.585259588E-03,-43.695037229E-03,-88.025438754E-03
+3.107735000E-03,-979.361013465E-03,-43.616519602E-03,-89.203830698E-03
+3.107740000E-03,-970.395875356E-03,-43.302449295E-03,-89.388504068E-03
+3.107745000E-03,-962.415347805E-03,-44.401695492E-03,-90.509735206E-03
+3.107750000E-03,-953.605674523E-03,-42.360238231E-03,-90.791142243E-03
+3.107755000E-03,-943.137709823E-03,-43.695037195E-03,-91.718906048E-03
+3.107760000E-03,-934.328036550E-03,-43.145414115E-03,-92.092649769E-03
+3.107765000E-03,-924.274644702E-03,-43.066896501E-03,-92.897297996E-03
+3.107770000E-03,-914.117609655E-03,-43.066896513E-03,-93.424936185E-03
+3.107775000E-03,-904.426969052E-03,-42.281720665E-03,-93.978956278E-03
+3.107780000E-03,-893.285323431E-03,-43.302449287E-03,-94.598931147E-03
+3.107785000E-03,-883.076466764E-03,-42.360238214E-03,-95.029835664E-03
+3.107790000E-03,-873.748577393E-03,-42.281720648E-03,-95.728956258E-03
+3.107795000E-03,-862.814218230E-03,-43.066896528E-03,-96.054333141E-03
+3.107800000E-03,-853.693615303E-03,-43.930589982E-03,-96.744659765E-03
+3.107805000E-03,-843.692045070E-03,-43.223931713E-03,-97.127197451E-03
+3.107810000E-03,-832.394934644E-03,-43.380966853E-03,-97.610865786E-03
+3.107815000E-03,-820.372321707E-03,-42.124685470E-03,-98.204458746E-03
+3.107820000E-03,-810.526216277E-03,-43.459484442E-03,-98.450689899E-03
+3.107825000E-03,-798.969997813E-03,-43.538002038E-03,-99.061870795E-03
+3.107830000E-03,-786.429168810E-03,-43.066896511E-03,-99.294910997E-03
+3.107835000E-03,-773.940161412E-03,-40.946921683E-03,-99.875312996E-03
+3.107840000E-03,-762.694872574E-03,-43.930589975E-03,-100.095162247E-03
+3.107845000E-03,-751.812334995E-03,-42.831343767E-03,-100.539257713E-03
+3.107850000E-03,-739.064219553E-03,-43.538002051E-03,-100.996544146E-03
+3.107855000E-03,-726.937963411E-03,-41.967650311E-03,-101.119659716E-03
+3.107860000E-03,-714.967172103E-03,-42.674308584E-03,-101.704458716E-03
+3.107865000E-03,-702.581807900E-03,-42.046167885E-03,-101.629709962E-03
+3.107870000E-03,-690.921946203E-03,-42.909861328E-03,-102.315639610E-03
+3.107875000E-03,-677.603793102E-03,-42.046167870E-03,-102.183730057E-03
+3.107880000E-03,-666.462147487E-03,-42.046167885E-03,-102.856468747E-03
+3.107885000E-03,-652.159383827E-03,-44.087625141E-03,-102.680589351E-03
+3.107890000E-03,-639.359446754E-03,-42.438755855E-03,-103.168654674E-03
+3.107895000E-03,-625.212147941E-03,-42.988378937E-03,-103.181845628E-03
+3.107900000E-03,-612.256746054E-03,-41.889132739E-03,-103.406091857E-03
+3.107905000E-03,-599.612273839E-03,-42.909861334E-03,-103.661116978E-03
+3.107910000E-03,-584.946758927E-03,-40.632851335E-03,-103.608353163E-03
+3.107915000E-03,-572.613216334E-03,-41.260992003E-03,-103.973302902E-03
+3.107920000E-03,-557.895879798E-03,-41.967650295E-03,-103.810614468E-03
+3.107925000E-03,-544.836834735E-03,-41.889132726E-03,-104.232725011E-03
+3.107930000E-03,-532.399648924E-03,-41.575062340E-03,-104.012875774E-03
+3.107935000E-03,-518.200528485E-03,-41.025439270E-03,-104.351443601E-03
+3.107940000E-03,-504.001408015E-03,-41.732097516E-03,-104.188755170E-03
+3.107945000E-03,-490.994184517E-03,-41.260992040E-03,-104.237121996E-03
+3.107950000E-03,-476.225026393E-03,-41.575062351E-03,-104.351443610E-03
+3.107955000E-03,-462.751408438E-03,-41.575062360E-03,-104.223931042E-03
+3.107960000E-03,-447.619499072E-03,-42.203203043E-03,-104.351443608E-03
+3.107965000E-03,-432.591232917E-03,-41.496544784E-03,-104.092021497E-03
+3.107970000E-03,-418.340290851E-03,-41.810615135E-03,-104.294282801E-03
+3.107975000E-03,-404.296635202E-03,-40.475816163E-03,-104.105212452E-03
+3.107980000E-03,-389.527477084E-03,-41.653579981E-03,-103.990890847E-03
+3.107985000E-03,-375.224713423E-03,-40.868404085E-03,-104.021669743E-03
+3.107990000E-03,-360.248268858E-03,-42.517273387E-03,-103.581971253E-03
+3.107995000E-03,-345.064537862E-03,-41.732097514E-03,-103.938127026E-03
+3.108000000E-03,-329.828985252E-03,-41.810615130E-03,-103.142272766E-03
+3.108005000E-03,-314.023394994E-03,-40.554333730E-03,-103.709483813E-03
+3.108010000E-03,-299.357880075E-03,-41.575062376E-03,-102.781720009E-03
+3.108015000E-03,-284.485078733E-03,-40.632851326E-03,-103.287373265E-03
+3.108020000E-03,-270.026850212E-03,-41.653579967E-03,-102.416770264E-03
+3.108025000E-03,-255.205870507E-03,-41.103956862E-03,-102.711368245E-03
+3.108030000E-03,-239.970317875E-03,-40.868404087E-03,-102.056217505E-03
+3.108035000E-03,-224.372014037E-03,-41.496544773E-03,-102.069408454E-03
+3.108040000E-03,-208.773710195E-03,-40.711368888E-03,-101.656091880E-03
+3.108045000E-03,-195.403735443E-03,-41.732097550E-03,-101.326318007E-03
+3.108050000E-03,-180.064539648E-03,-40.789886500E-03,-101.062498921E-03
+3.108055000E-03,-164.932630254E-03,-40.397298553E-03,-100.556845658E-03
+3.108060000E-03,-149.800720862E-03,-40.789886461E-03,-100.332599428E-03
+3.108065000E-03,-133.476914506E-03,-42.438755797E-03,-99.945664762E-03
+3.108070000E-03,-118.137718726E-03,-40.161745801E-03,-99.519157224E-03
+3.108075000E-03,-103.005809302E-03,-41.260992023E-03,-99.215765273E-03
+3.108080000E-03,-88.236651184E-03,-42.360238242E-03,-98.507850702E-03
+3.108085000E-03,-73.830244294E-03,-40.083228258E-03,-98.477071815E-03
+3.108090000E-03,-58.491048478E-03,-40.632851321E-03,-97.518529107E-03
+3.108095000E-03,-43.048209454E-03,-39.769157901E-03,-97.602071822E-03
+3.108100000E-03,-29.004553815E-03,-41.103956853E-03,-96.559986406E-03
+3.108105000E-03,-13.458071574E-03,-40.711368913E-03,-96.643529119E-03
+3.108110000E-03,+3.021199612E-03,-40.789886512E-03,-95.667398475E-03
+3.108115000E-03,+17.686714532E-03,-39.769157861E-03,-95.513504003E-03
+3.108120000E-03,+33.285018365E-03,-40.789886512E-03,-94.651694969E-03
+3.108125000E-03,+48.468749372E-03,-39.219534782E-03,-94.220790450E-03
+3.108130000E-03,+63.186085899E-03,-41.496544777E-03,-93.706343220E-03
+3.108135000E-03,+78.836211364E-03,-39.612122696E-03,-92.914885942E-03
+3.108140000E-03,+94.123585564E-03,-43.223931684E-03,-92.637875893E-03
+3.108145000E-03,+109.359138190E-03,-43.773554796E-03,-91.630966362E-03
+3.108150000E-03,+123.765545061E-03,-41.967650309E-03,-91.288001535E-03
+3.108155000E-03,+139.933886589E-03,-40.475816178E-03,-90.439383459E-03
+3.108160000E-03,+155.687655250E-03,-41.025439266E-03,-89.894157330E-03
+3.108165000E-03,+169.886775695E-03,-41.260992025E-03,-89.243403575E-03
+3.108170000E-03,+185.847830816E-03,-40.789886512E-03,-88.364006589E-03
+3.108175000E-03,+200.876096982E-03,-40.161745811E-03,-88.003453835E-03
+3.108180000E-03,+215.852541526E-03,-41.732097543E-03,-86.895413644E-03
+3.108185000E-03,+230.725342899E-03,-40.632851345E-03,-86.592021689E-03
+3.108190000E-03,+245.649965847E-03,-40.946921670E-03,-85.308102106E-03
+3.108195000E-03,+260.056372732E-03,-40.004710612E-03,-85.044283009E-03
+3.108200000E-03,+275.188282124E-03,-41.025439271E-03,-83.905463932E-03
+3.108205000E-03,+291.149337225E-03,-40.632851343E-03,-83.342649861E-03
+3.108210000E-03,+306.384889816E-03,-39.690640278E-03,-82.392901137E-03
+3.108215000E-03,+320.687653478E-03,-40.789886522E-03,-81.491519227E-03
+3.108220000E-03,+334.886773953E-03,-41.260992037E-03,-80.862750398E-03
+3.108225000E-03,+349.552288868E-03,-40.632851333E-03,-79.684358442E-03
+3.108230000E-03,+364.269625363E-03,-41.103956832E-03,-79.240262978E-03
+3.108235000E-03,+378.365102604E-03,-40.946921670E-03,-77.929961479E-03
+3.108240000E-03,+392.356936656E-03,-42.124685444E-03,-77.375941388E-03
+3.108245000E-03,+407.696132463E-03,-40.554333754E-03,-76.162373560E-03
+3.108250000E-03,+422.050717741E-03,-40.475816179E-03,-75.414886131E-03
+3.108255000E-03,+436.353481399E-03,-41.653579939E-03,-74.465137398E-03
+3.108260000E-03,+450.189850593E-03,-42.517273436E-03,-73.387876101E-03
+3.108265000E-03,+463.870754964E-03,-42.046167874E-03,-72.807474101E-03
+3.108270000E-03,+478.121697038E-03,-42.517273412E-03,-71.286117333E-03
+3.108275000E-03,+492.372639106E-03,-40.632851333E-03,-71.009107280E-03
+3.108280000E-03,+505.638970606E-03,-41.182474443E-03,-69.285489215E-03
+3.108285000E-03,+518.542550844E-03,-41.182474453E-03,-69.056845997E-03
+3.108290000E-03,+533.881746667E-03,-41.653579956E-03,-67.390388735E-03
+3.108295000E-03,+546.370754069E-03,-41.575062359E-03,-66.963881192E-03
+3.108300000E-03,+559.999836856E-03,-42.281720675E-03,-65.556846040E-03
+3.108305000E-03,+571.970628197E-03,-42.046167889E-03,-64.620288253E-03
+3.108310000E-03,+585.755175794E-03,-42.281720655E-03,-63.525439027E-03
+3.108315000E-03,+598.814220872E-03,-41.103956844E-03,-62.311871194E-03
+3.108320000E-03,+612.028730781E-03,-42.203203068E-03,-61.564383770E-03
+3.108325000E-03,+625.139597474E-03,-42.281720660E-03,-60.095790818E-03
+3.108330000E-03,+637.680426462E-03,-41.810615150E-03,-59.462624995E-03
+3.108335000E-03,+650.376720308E-03,-41.025439297E-03,-57.967650142E-03
+3.108340000E-03,+661.984760419E-03,-41.810615095E-03,-57.228956673E-03
+3.108345000E-03,+674.473767805E-03,-42.674308586E-03,-55.839509461E-03
+3.108350000E-03,+685.926343059E-03,-39.376569938E-03,-54.858981826E-03
+3.108355000E-03,+697.586204741E-03,-41.025439307E-03,-53.680589888E-03
+3.108360000E-03,+709.349709620E-03,-41.967650294E-03,-52.418655221E-03
+3.108365000E-03,+721.320500981E-03,-41.732097520E-03,-51.350187899E-03
+3.108370000E-03,+732.721254608E-03,-42.988378919E-03,-50.053077357E-03
+3.108375000E-03,+744.588402723E-03,-41.496544810E-03,-48.993404005E-03
+3.108380000E-03,+756.766480477E-03,-42.752826193E-03,-47.718278389E-03
+3.108385000E-03,+768.270877352E-03,-40.161745834E-03,-46.557474382E-03
+3.108390000E-03,+778.272447607E-03,-41.103956862E-03,-45.436243238E-03
+3.108395000E-03,+790.398703733E-03,-41.810615120E-03,-44.099559834E-03
+3.108400000E-03,+800.141165952E-03,-41.339509597E-03,-43.114635225E-03
+3.108405000E-03,+810.868238708E-03,-41.260992026E-03,-41.531720669E-03
+3.108410000E-03,+821.077095402E-03,-41.182474433E-03,-40.749057356E-03
+3.108415000E-03,+831.700524922E-03,-40.946921669E-03,-39.016645320E-03
+3.108420000E-03,+842.997635357E-03,-42.281720632E-03,-38.194409143E-03
+3.108425000E-03,+852.895562372E-03,-39.298052353E-03,-36.686243337E-03
+3.108430000E-03,+863.104419039E-03,-42.674308529E-03,-35.608982034E-03
+3.108435000E-03,+872.535951622E-03,-41.575062340E-03,-34.184358939E-03
+3.108440000E-03,+882.900273121E-03,-43.695037197E-03,-32.904836334E-03
+3.108445000E-03,+891.761767987E-03,-44.480213089E-03,-31.827575045E-03
+3.108450000E-03,+901.607873418E-03,-41.889132715E-03,-30.306218275E-03
+3.108455000E-03,+910.987584359E-03,-42.517273411E-03,-29.360866525E-03
+3.108460000E-03,+920.522760179E-03,-42.438755793E-03,-27.738379110E-03
+3.108465000E-03,+929.021503800E-03,-42.203203071E-03,-26.749057504E-03
+3.108470000E-03,+938.608501170E-03,-41.967650286E-03,-25.139761048E-03
+3.108475000E-03,+945.241666951E-03,-42.438755824E-03,-23.965766076E-03
+3.108480000E-03,+954.517734675E-03,-42.124685502E-03,-22.677449516E-03
+3.108485000E-03,+962.239154199E-03,-42.595790983E-03,-21.279208316E-03
+3.108490000E-03,+970.271503335E-03,-44.323177909E-03,-20.166771151E-03
+3.108495000E-03,+978.718425360E-03,-41.575062387E-03,-18.500313875E-03
+3.108500000E-03,+986.284380056E-03,-42.124685481E-03,-17.629710874E-03
+3.108505000E-03,+993.591226722E-03,-42.517273435E-03,-15.840138028E-03
+3.108510000E-03,+1.000898073378E+00,-42.752826170E-03,-14.956344069E-03
+3.108515000E-03,+1.008464028049E+00,-40.946921667E-03,-13.399811421E-03
+3.108520000E-03,+1.015770874717E+00,-42.360238211E-03,-12.181846613E-03
+3.108525000E-03,+1.022144932434E+00,-42.438755867E-03,-10.897927027E-03
+3.108530000E-03,+1.028363525350E+00,-41.889132691E-03,-9.499685834E-03
+3.108535000E-03,+1.035566728782E+00,-41.103956886E-03,-8.470791373E-03
+3.108540000E-03,+1.041992608104E+00,-43.380966867E-03,-6.725188380E-03
+3.108545000E-03,+1.048055736175E+00,-41.339509591E-03,-5.872173309E-03
+3.108550000E-03,+1.053859756227E+00,-42.752826189E-03,-4.104585395E-03
+3.108555000E-03,+1.059871062687E+00,-41.103956844E-03,-3.238379368E-03
+3.108560000E-03,+1.065312331513E+00,-42.752826194E-03,-1.615891952E-03
+3.108565000E-03,+1.071530924372E+00,-42.831343757E-03,-538.630648E-06
+3.108570000E-03,+1.076505798700E+00,-41.575062388E-03,+824.434654E-06
+3.108575000E-03,+1.081273386572E+00,-38.669911749E-03,+2.293027610E-03
+3.108580000E-03,+1.087543801119E+00,+462.978942346E-03,+3.383479856E-03
+3.108585000E-03,+1.091171313636E+00,+2.544009079017E+00,+5.041143154E-03
+3.108590000E-03,+1.094902469359E+00,+2.552724532961E+00,+5.828203449E-03
+3.108595000E-03,+1.099307305972E+00,+2.552724532961E+00,+7.934359199E-03
+3.108600000E-03,+1.103401213011E+00,+2.552724532961E+00,+8.250942118E-03
+3.108605000E-03,+1.107909692846E+00,+2.552724532961E+00,+10.374685807E-03
+3.108610000E-03,+1.110552594815E+00,+2.552724532961E+00,+10.902324003E-03
+3.108615000E-03,+1.114231928958E+00,+2.552724532961E+00,+12.894158142E-03
+3.108620000E-03,+1.116719366128E+00,+2.552724532961E+00,+13.742776233E-03
+3.108625000E-03,+1.119776840971E+00,+2.552724532961E+00,+15.286117915E-03
+3.108630000E-03,+1.121849705285E+00,+2.552724532961E+00,+16.482097812E-03
+3.108635000E-03,+1.126306363496E+00,+2.552724532961E+00,+17.669283721E-03
+3.108640000E-03,+1.127394617275E+00,+2.552724532961E+00,+19.076318888E-03
+3.108645000E-03,+1.129519303160E+00,+2.552724532961E+00,+20.215137965E-03
+3.108650000E-03,+1.132214026751E+00,+2.552724532961E+00,+21.802449507E-03
+3.108655000E-03,+1.133820496592E+00,+2.552724532961E+00,+22.774183165E-03
+3.108660000E-03,+1.135789717679E+00,+2.552724532961E+00,+24.247173101E-03
+3.108665000E-03,+1.137707117165E+00,+2.552724532961E+00,+25.333228366E-03
+3.108670000E-03,+1.138899014128E+00,+2.552724532961E+00,+26.766645435E-03
+3.108675000E-03,+1.139158122171E+00,+2.552724532961E+00,+27.971419293E-03
+3.108680000E-03,+1.139883624661E+00,+2.552724532961E+00,+29.233353952E-03
+3.108685000E-03,+1.140401840752E+00,+2.552724532961E+00,+30.473303688E-03
+3.108690000E-03,+1.141490094511E+00,+2.552724532961E+00,+31.739635331E-03
+3.108695000E-03,+1.141334629683E+00,+2.552724532961E+00,+32.922424261E-03
+3.108700000E-03,+1.141645559354E+00,+2.552724532961E+00,+34.237122745E-03
+3.108705000E-03,+1.142215596995E+00,+2.552724532961E+00,+35.252826249E-03
+3.108710000E-03,+1.141282808063E+00,+2.552724532961E+00,+36.725816184E-03
+3.108715000E-03,+1.141334629692E+00,+2.552724532961E+00,+37.666770944E-03
+3.108720000E-03,+1.139728159868E+00,+2.552724532961E+00,+39.183730732E-03
+3.108725000E-03,+1.138950835766E+00,+2.552724532961E+00,+39.979584990E-03
+3.108730000E-03,+1.138432619662E+00,+2.552724532961E+00,+41.434986989E-03
+3.108735000E-03,+1.137292544305E+00,+2.552724532961E+00,+42.402323662E-03
+3.108740000E-03,+1.135945182527E+00,+2.552724532961E+00,+43.813755805E-03
+3.108745000E-03,+1.133768675020E+00,+2.552724532961E+00,+44.811871373E-03
+3.108750000E-03,+1.132628599657E+00,+2.552724532961E+00,+45.959484424E-03
+3.108755000E-03,+1.130192984098E+00,+2.552724532961E+00,+47.239007024E-03
+3.108760000E-03,+1.127861011752E+00,+2.552724532961E+00,+48.166770834E-03
+3.108765000E-03,+1.125218109776E+00,+2.552724532961E+00,+49.494660269E-03
+3.108770000E-03,+1.122730672641E+00,+2.552724532961E+00,+50.272926594E-03
+3.108775000E-03,+1.120035949021E+00,+2.552724532961E+00,+51.662373810E-03
+3.108780000E-03,+1.116926652597E+00,+2.552724532961E+00,+52.616519532E-03
+3.108785000E-03,+1.114231928985E+00,+2.552724532961E+00,+53.750941625E-03
+3.108790000E-03,+1.110345308450E+00,+2.552724532961E+00,+54.740263232E-03
+3.108795000E-03,+1.107546941623E+00,+2.552724532961E+00,+55.742775777E-03
+3.108800000E-03,+1.103349391440E+00,+2.552724532961E+00,+56.943152655E-03
+3.108805000E-03,+1.098322695529E+00,+2.552724532961E+00,+57.703831034E-03
+3.108810000E-03,+1.094643361382E+00,+2.552724532961E+00,+59.049308408E-03
+3.108815000E-03,+1.090860384015E+00,+2.552724532961E+00,+59.700062170E-03
+3.108820000E-03,+1.086196439341E+00,+2.552724532961E+00,+61.067524461E-03
+3.108825000E-03,+1.081532494671E+00,+2.552724532961E+00,+61.674308380E-03
+3.108830000E-03,+1.077231301243E+00,+2.552724532961E+00,+62.923052081E-03
+3.108835000E-03,+1.071168173205E+00,+2.552724532961E+00,+63.776067155E-03
+3.108840000E-03,+1.065675082814E+00,+2.552724532961E+00,+64.690640005E-03
+3.108845000E-03,+1.059767419526E+00,+2.552724532961E+00,+65.891016880E-03
+3.108850000E-03,+1.054326150769E+00,+2.552724532961E+00,+66.493403802E-03
+3.108855000E-03,+1.049558562872E+00,+2.552724532961E+00,+67.869660074E-03
+3.108860000E-03,+1.042251716217E+00,+2.552724532961E+00,+68.177449015E-03
+3.108865000E-03,+1.037017733857E+00,+2.552724532961E+00,+69.769157538E-03
+3.108870000E-03,+1.029348135959E+00,+2.552724532961E+00,+70.046167591E-03
+3.108875000E-03,+1.023803223939E+00,+2.552724532961E+00,+71.365263050E-03
+3.108880000E-03,+1.016133626031E+00,+2.552724532961E+00,+71.888504256E-03
+3.108885000E-03,+1.008723136199E+00,+2.552724532961E+00,+73.027323330E-03
+3.108890000E-03,+1.001571754341E+00,+2.552724532961E+00,+73.686871069E-03
+3.108895000E-03,+994.990410189E-03,+2.552724532961E+00,+74.561871053E-03
+3.108900000E-03,+987.217169070E-03,+2.552724532961E+00,+75.392901201E-03
+3.108905000E-03,+978.252031002E-03,+2.552724532961E+00,+76.034860988E-03
+3.108910000E-03,+971.722508432E-03,+2.552724532961E+00,+77.032976559E-03
+3.108915000E-03,+963.793802502E-03,+2.552724532961E+00,+77.543026802E-03
+3.108920000E-03,+956.383312636E-03,+2.552724532961E+00,+78.488378552E-03
+3.108925000E-03,+947.780925778E-03,+2.552724532961E+00,+79.046795631E-03
+3.108930000E-03,+940.007684649E-03,+2.552724532961E+00,+79.842649894E-03
+3.108935000E-03,+930.835260115E-03,+2.552724532961E+00,+80.493403659E-03
+3.108940000E-03,+921.818300426E-03,+2.552724532961E+00,+81.113378523E-03
+3.108945000E-03,+913.060448747E-03,+2.552724532961E+00,+81.944408667E-03
+3.108950000E-03,+903.162521743E-03,+2.552724532961E+00,+82.419283035E-03
+3.108955000E-03,+894.352848485E-03,+2.552724532961E+00,+83.223931265E-03
+3.108960000E-03,+883.366667678E-03,+2.552724532961E+00,+83.668026740E-03
+3.108965000E-03,+874.297886359E-03,+2.552724532961E+00,+84.512247833E-03
+3.108970000E-03,+864.607245767E-03,+2.552724532961E+00,+84.969534267E-03
+3.108975000E-03,+854.812961974E-03,+2.552724532961E+00,+85.536745309E-03
+3.108980000E-03,+844.189532436E-03,+2.552724532961E+00,+86.218277972E-03
+3.108985000E-03,+834.757999863E-03,+2.552724532961E+00,+86.587624695E-03
+3.108990000E-03,+822.683565309E-03,+2.552724532961E+00,+87.392272935E-03
+3.108995000E-03,+811.697384558E-03,+2.552724532961E+00,+87.480212627E-03
+3.109000000E-03,+800.244809280E-03,+2.552724532961E+00,+88.495916137E-03
+3.109005000E-03,+789.932309419E-03,+2.552724532961E+00,+88.482725182E-03
+3.109010000E-03,+780.293490377E-03,+2.552724532961E+00,+89.454458839E-03
+3.109015000E-03,+769.566417645E-03,+2.552724532961E+00,+89.414885975E-03
+3.109020000E-03,+757.647447942E-03,+2.552724532961E+00,+90.276695009E-03
+3.109025000E-03,+746.039407875E-03,+2.552724532961E+00,+90.254710090E-03
+3.109030000E-03,+734.120438130E-03,+2.552724532961E+00,+91.103328162E-03
+3.109035000E-03,+723.652473416E-03,+2.552724532961E+00,+91.252825656E-03
+3.109040000E-03,+711.526217294E-03,+2.552724532961E+00,+91.762875897E-03
+3.109045000E-03,+700.591858121E-03,+2.552724532961E+00,+91.960740223E-03
+3.109050000E-03,+687.532813025E-03,+2.552724532961E+00,+92.418026644E-03
+3.109055000E-03,+675.458378471E-03,+2.552724532961E+00,+92.760991467E-03
+3.109060000E-03,+662.088403776E-03,+2.552724532961E+00,+93.046795485E-03
+3.109065000E-03,+651.050401348E-03,+2.552724532961E+00,+93.354584423E-03
+3.109070000E-03,+638.716858752E-03,+2.552724532961E+00,+93.561242717E-03
+3.109075000E-03,+625.865100134E-03,+2.552724532961E+00,+93.829458793E-03
+3.109080000E-03,+613.116984681E-03,+2.552724532961E+00,+94.071292964E-03
+3.109085000E-03,+600.627977277E-03,+2.552724532961E+00,+94.321921098E-03
+3.109090000E-03,+587.361645769E-03,+2.552724532961E+00,+94.524182406E-03
+3.109095000E-03,+575.701784053E-03,+2.552724532961E+00,+94.695664811E-03
+3.109100000E-03,+562.383630931E-03,+2.552724532961E+00,+94.950689941E-03
+3.109105000E-03,+549.117299437E-03,+2.552724532961E+00,+94.990262797E-03
+3.109110000E-03,+536.213719147E-03,+2.552724532961E+00,+95.161745214E-03
+3.109115000E-03,+521.600025873E-03,+2.552724532961E+00,+95.342021588E-03
+3.109120000E-03,+508.178229524E-03,+2.552724532961E+00,+95.399182398E-03
+3.109125000E-03,+495.119184444E-03,+2.552724532961E+00,+95.495916058E-03
+3.109130000E-03,+481.179172035E-03,+2.552724532961E+00,+95.583855762E-03
+3.109135000E-03,+467.550089242E-03,+2.552724532961E+00,+95.715765304E-03
+3.109140000E-03,+453.921006467E-03,+2.552724532961E+00,+95.645413552E-03
+3.109145000E-03,+440.499210151E-03,+2.552724532961E+00,+95.715765300E-03
+3.109150000E-03,+426.351911326E-03,+2.552724532961E+00,+95.632222598E-03
+3.109155000E-03,+411.997326045E-03,+2.552724532961E+00,+95.676192439E-03
+3.109160000E-03,+396.969059862E-03,+2.552724532961E+00,+95.597046718E-03
+3.109165000E-03,+382.977225829E-03,+2.552724532961E+00,+95.531091941E-03
+3.109170000E-03,+368.104424505E-03,+2.552724532961E+00,+95.487122096E-03
+3.109175000E-03,+352.972515138E-03,+2.552724532961E+00,+95.364006515E-03
+3.109180000E-03,+338.358821774E-03,+2.552724532961E+00,+95.328830639E-03
+3.109185000E-03,+323.693306866E-03,+2.552724532961E+00,+95.122172343E-03
+3.109190000E-03,+309.442364841E-03,+2.552724532961E+00,+95.126569333E-03
+3.109195000E-03,+295.035957941E-03,+2.552724532961E+00,+94.853956272E-03
+3.109200000E-03,+279.800405345E-03,+2.552724532961E+00,+94.739634664E-03
+3.109205000E-03,+266.430430606E-03,+2.552724532961E+00,+94.502197485E-03
+3.109210000E-03,+251.091234765E-03,+2.552724532961E+00,+94.269157282E-03
+3.109215000E-03,+235.959325442E-03,+2.552724532961E+00,+94.154835678E-03
+3.109220000E-03,+221.604740123E-03,+2.552724532961E+00,+93.789885931E-03
+3.109225000E-03,+206.317365919E-03,+2.552724532961E+00,+93.684358298E-03
+3.109230000E-03,+191.651851009E-03,+2.552724532961E+00,+93.279835687E-03
+3.109235000E-03,+175.949903952E-03,+2.552724532961E+00,+93.108353276E-03
+3.109240000E-03,+161.336210616E-03,+2.552724532961E+00,+92.760991472E-03
+3.109245000E-03,+146.618874105E-03,+2.552724532961E+00,+92.396041725E-03
+3.109250000E-03,+130.709640609E-03,+2.552724532961E+00,+92.167398515E-03
+3.109255000E-03,+115.474088006E-03,+2.552724532961E+00,+91.622172388E-03
+3.109260000E-03,+100.031248993E-03,+2.552724532961E+00,+91.569408567E-03
+3.109265000E-03,+84.484766739E-03,+2.552724532961E+00,+90.747172398E-03
+3.109270000E-03,+69.404678972E-03,+2.552724532961E+00,+90.887875912E-03
+3.109275000E-03,+54.324591168E-03,+2.552724532961E+00,+89.898554318E-03
+3.109280000E-03,+39.192681816E-03,+2.552724532961E+00,+90.056845768E-03
+3.109285000E-03,+24.889918106E-03,+2.552724532961E+00,+88.983981464E-03
+3.109290000E-03,+9.291614262E-03,+2.552724532961E+00,+89.080715128E-03
+3.109295000E-03,-6.306689564E-03,+2.552724532961E+00,+88.113378461E-03
+3.109300000E-03,-21.386777363E-03,+2.552724532961E+00,+88.029835741E-03
+3.109305000E-03,-35.637719419E-03,+2.552724532961E+00,+87.141644804E-03
+3.109310000E-03,-50.095947908E-03,+2.552724532961E+00,+86.869031731E-03
+3.109315000E-03,-66.108824590E-03,+2.552724532961E+00,+86.130338282E-03
+3.109320000E-03,-80.722517937E-03,+2.552724532961E+00,+85.677448835E-03
+3.109325000E-03,-96.528108212E-03,+2.552724532961E+00,+85.101443817E-03
+3.109330000E-03,-111.089979924E-03,+2.552724532961E+00,+84.437499103E-03
+3.109335000E-03,-127.672894306E-03,+2.552724532961E+00,+83.843906139E-03
+3.109340000E-03,-142.131122837E-03,+2.552724532961E+00,+83.175564447E-03
+3.109345000E-03,-157.003924151E-03,+2.552724532961E+00,+82.621544339E-03
+3.109350000E-03,-172.394941548E-03,+2.552724532961E+00,+81.953202650E-03
+3.109355000E-03,-187.423207734E-03,+2.552724532961E+00,+81.166142348E-03
+3.109360000E-03,-202.244187481E-03,+2.552724532961E+00,+80.669283064E-03
+3.109365000E-03,-216.132378291E-03,+2.552724532961E+00,+79.741519243E-03
+3.109370000E-03,-231.937968572E-03,+2.552724532961E+00,+79.288629813E-03
+3.109375000E-03,-247.328985960E-03,+2.552724532961E+00,+78.294911223E-03
+3.109380000E-03,-262.149965720E-03,+2.552724532961E+00,+77.806845908E-03
+3.109385000E-03,-277.748269580E-03,+2.552724532961E+00,+76.909860985E-03
+3.109390000E-03,-292.776535737E-03,+2.552724532961E+00,+76.149182612E-03
+3.109395000E-03,-306.509261755E-03,+2.552724532961E+00,+75.388504223E-03
+3.109400000E-03,-322.522138429E-03,+2.552724532961E+00,+74.667398701E-03
+3.109405000E-03,-337.809512663E-03,+2.552724532961E+00,+73.902323330E-03
+3.109410000E-03,-351.645881846E-03,+2.552724532961E+00,+72.882222847E-03
+3.109415000E-03,-365.585894277E-03,+2.552724532961E+00,+72.227072093E-03
+3.109420000E-03,-380.044122774E-03,+2.552724532961E+00,+71.136619851E-03
+3.109425000E-03,-394.761459302E-03,+2.552724532961E+00,+70.433102261E-03
+3.109430000E-03,-409.737903819E-03,+2.552724532961E+00,+69.461368613E-03
+3.109435000E-03,-423.885202717E-03,+2.552724532961E+00,+68.625941477E-03
+3.109440000E-03,-438.550717605E-03,+2.552724532961E+00,+67.794911345E-03
+3.109445000E-03,-452.957124525E-03,+2.552724532961E+00,+66.594534468E-03
+3.109450000E-03,-467.415353005E-03,+2.552724532961E+00,+66.009735483E-03
+3.109455000E-03,-482.391797521E-03,+2.552724532961E+00,+64.602700320E-03
+3.109460000E-03,-496.228166749E-03,+2.552724532961E+00,+64.101444040E-03
+3.109465000E-03,-510.116357566E-03,+2.552724532961E+00,+62.676820942E-03
+3.109470000E-03,-523.071759446E-03,+2.552724532961E+00,+62.096418937E-03
+3.109475000E-03,-535.560766845E-03,+2.552724532961E+00,+60.733353629E-03
+3.109480000E-03,-549.604422438E-03,+2.552724532961E+00,+60.065011924E-03
+3.109485000E-03,-563.233505193E-03,+2.552724532961E+00,+58.794283295E-03
+3.109490000E-03,-576.396193501E-03,+2.552724532961E+00,+57.994032047E-03
+3.109495000E-03,-589.507060239E-03,+2.552724532961E+00,+56.828831055E-03
+3.109500000E-03,-602.669748509E-03,+2.552724532961E+00,+55.927449156E-03
+3.109505000E-03,-615.884258409E-03,+2.552724532961E+00,+54.744660221E-03
+3.109510000E-03,-628.321444263E-03,+2.552724532961E+00,+53.799308480E-03
+3.109515000E-03,-641.846883756E-03,+2.552724532961E+00,+52.559358738E-03
+3.109520000E-03,-654.335891212E-03,+2.552724532961E+00,+51.715137648E-03
+3.109525000E-03,-666.824898607E-03,+2.552724532961E+00,+50.325690419E-03
+3.109530000E-03,-679.365727613E-03,+2.552724532961E+00,+49.657348725E-03
+3.109535000E-03,-691.336518951E-03,+2.552724532961E+00,+48.078831147E-03
+3.109540000E-03,-703.566418322E-03,+2.552724532961E+00,+47.511620102E-03
+3.109545000E-03,-716.210890510E-03,+2.552724532961E+00,+45.730841223E-03
+3.109550000E-03,-728.492611504E-03,+2.552724532961E+00,+45.255966860E-03
+3.109555000E-03,-741.137083735E-03,+2.552724532961E+00,+43.453203062E-03
+3.109560000E-03,-753.315161472E-03,+2.552724532961E+00,+42.828831205E-03
+3.109565000E-03,-763.679482998E-03,+2.552724532961E+00,+41.223931730E-03
+3.109570000E-03,-775.494809480E-03,+2.552724532961E+00,+40.375313641E-03
+3.109575000E-03,-787.258314394E-03,+2.552724532961E+00,+38.959484520E-03
+3.109580000E-03,-798.607246429E-03,+2.552724532961E+00,+37.811871461E-03
+3.109585000E-03,-809.489784046E-03,+2.552724532961E+00,+36.747801123E-03
+3.109590000E-03,-820.838716063E-03,+2.552724532961E+00,+35.305590084E-03
+3.109595000E-03,-831.980361656E-03,+2.552724532961E+00,+34.391017223E-03
+3.109600000E-03,-843.432936924E-03,+2.552724532961E+00,+32.878454435E-03
+3.109605000E-03,-852.916291080E-03,+2.552724532961E+00,+31.875941871E-03
+3.109610000E-03,-862.606931703E-03,+2.552724532961E+00,+30.468906727E-03
+3.109615000E-03,-872.660323539E-03,+2.552724532961E+00,+29.215766024E-03
+3.109620000E-03,-882.921001814E-03,+2.552724532961E+00,+28.239635389E-03
+3.109625000E-03,-894.269933894E-03,+2.552724532961E+00,+26.590766047E-03
+3.109630000E-03,-903.805109651E-03,+2.552724532961E+00,+25.790514812E-03
+3.109635000E-03,-914.480360765E-03,+2.552724532961E+00,+23.948178140E-03
+3.109640000E-03,-924.274644619E-03,+2.552724532961E+00,+23.350188202E-03
+3.109645000E-03,-932.514280200E-03,+2.552724532961E+00,+21.314384204E-03
+3.109650000E-03,-941.997634390E-03,+2.552724532961E+00,+20.773555063E-03
+3.109655000E-03,-951.999204579E-03,+2.552724532961E+00,+18.896042522E-03
+3.109660000E-03,-960.187018603E-03,+2.552724532961E+00,+18.205715892E-03
+3.109665000E-03,-969.825837575E-03,+2.552724532961E+00,+16.350188279E-03
+3.109670000E-03,-977.754543545E-03,+2.552724532961E+00,+15.413630494E-03
+3.109675000E-03,-986.201465565E-03,+2.552724532961E+00,+13.931846595E-03
+3.109680000E-03,-994.700209191E-03,+2.552724532961E+00,+12.709484800E-03
+3.109685000E-03,-1.002991666386E+00,+2.552724532961E+00,+11.434359178E-03
+3.109690000E-03,-1.011853161247E+00,+2.552724532961E+00,+10.080087844E-03
+3.109695000E-03,-1.018693613456E+00,+2.552724532961E+00,+8.787374278E-03
+3.109700000E-03,-1.027710573173E+00,+2.552724532961E+00,+7.538630588E-03
+3.109705000E-03,-1.034240095688E+00,+2.552724532961E+00,+6.052449685E-03
+3.109710000E-03,-1.041184191093E+00,+2.552724532961E+00,+5.076319058E-03
+3.109715000E-03,-1.048335572935E+00,+2.552724532961E+00,+3.304334136E-03
+3.109720000E-03,-1.055435133184E+00,+2.552724532961E+00,+2.618404512E-03
+3.109725000E-03,-1.062534693393E+00,+2.552724532961E+00,+692.525119E-06
+3.109730000E-03,-1.069012394345E+00,+2.552724532961E+00,+94.535190E-06
+3.109735000E-03,-1.075386452045E+00,+2.552724532961E+00,-1.936871835E-03
+3.109740000E-03,-1.081864153013E+00,+2.552724532961E+00,-2.473303982E-03
+3.109745000E-03,-1.087409065014E+00,+2.552724532961E+00,-4.491520047E-03
+3.109750000E-03,-1.093109441809E+00,+2.552724532961E+00,-5.335741134E-03
+3.109755000E-03,-1.099846250794E+00,+2.552724532961E+00,-7.041771273E-03
+3.109760000E-03,-1.104924768339E+00,+2.552724532961E+00,-8.075062715E-03
+3.109765000E-03,-1.109122318536E+00,+2.552724532961E+00,-9.464509944E-03
+3.109770000E-03,-1.114978160153E+00,+2.552724532961E+00,-10.858354141E-03
+3.109775000E-03,-1.118916602353E+00,+2.552724532961E+00,-11.935615448E-03
+3.109780000E-03,-1.125135195244E+00,+2.552724532961E+00,-13.597675720E-03
+3.109785000E-03,-1.128866351014E+00,+929.451958328E-03,-14.565012403E-03
+3.109790000E-03,-1.132390220287E+00,-165.554331713E-03,-16.064384234E-03
+3.109795000E-03,-1.136587770515E+00,-180.315638808E-03,-17.132851571E-03
+3.109800000E-03,-1.140888963917E+00,+74.081340301E-03,-18.627826422E-03
+3.109805000E-03,-1.145138335767E+00,+96.144787845E-03,-19.960112842E-03
+3.109810000E-03,-1.147470308070E+00,-83.817524260E-03,-21.116519867E-03
+3.109815000E-03,-1.151460571861E+00,-83.581971181E-03,-22.734610297E-03
+3.109820000E-03,-1.155761765263E+00,-77.457600354E-03,-23.684359037E-03
+3.109825000E-03,-1.158508310510E+00,-21.553077481E-03,-25.258479616E-03
+3.109830000E-03,-1.160529353168E+00,-57.043027024E-03,-26.472047452E-03
+3.109835000E-03,-1.164053222482E+00,-49.348303426E-03,-27.769157979E-03
+3.109840000E-03,-1.166074265198E+00,-62.774810904E-03,-29.171796167E-03
+3.109845000E-03,-1.168976275200E+00,-46.286117657E-03,-30.147926798E-03
+3.109850000E-03,-1.169649956090E+00,-54.530464182E-03,-31.840765982E-03
+3.109855000E-03,-1.171826463609E+00,-49.662373855E-03,-32.526695622E-03
+3.109860000E-03,-1.174002971155E+00,-53.588253166E-03,-34.386620229E-03
+3.109865000E-03,-1.175246689686E+00,-50.526067342E-03,-35.098931777E-03
+3.109870000E-03,-1.176645873074E+00,-50.604584889E-03,-36.950062407E-03
+3.109875000E-03,-1.176645873096E+00,-47.542399018E-03,-37.561243316E-03
+3.109880000E-03,-1.177630483650E+00,-49.191268325E-03,-39.328831225E-03
+3.109885000E-03,-1.178822380612E+00,-49.426821057E-03,-40.243404090E-03
+3.109890000E-03,-1.177785948497E+00,-50.133479344E-03,-41.646042253E-03
+3.109895000E-03,-1.178977845466E+00,-49.505338677E-03,-42.802449293E-03
+3.109900000E-03,-1.179236953494E+00,-48.877197973E-03,-43.932474389E-03
+3.109905000E-03,-1.178977845454E+00,-48.955715508E-03,-45.361494487E-03
+3.109910000E-03,-1.178511451009E+00,-48.013504507E-03,-46.262876375E-03
+3.109915000E-03,-1.177734126889E+00,-47.149811049E-03,-47.753454261E-03
+3.109920000E-03,-1.177785948482E+00,-47.149811023E-03,-48.615263285E-03
+3.109925000E-03,-1.175609440985E+00,-48.013504503E-03,-50.105841167E-03
+3.109930000E-03,-1.175557619363E+00,-47.071293447E-03,-51.077574817E-03
+3.109935000E-03,-1.174780295250E+00,-47.777951727E-03,-52.409861242E-03
+3.109940000E-03,-1.173225647041E+00,-50.211996901E-03,-53.456343640E-03
+3.109945000E-03,-1.170479101837E+00,-48.013504522E-03,-54.621544635E-03
+3.109950000E-03,-1.169235383245E+00,-47.149811090E-03,-55.835112456E-03
+3.109955000E-03,-1.167525270210E+00,-46.678705530E-03,-56.710112453E-03
+3.109960000E-03,-1.164260508941E+00,-48.484610015E-03,-58.086368711E-03
+3.109965000E-03,-1.161980358216E+00,-47.385363829E-03,-58.869032032E-03
+3.109970000E-03,-1.159544742684E+00,-47.071293466E-03,-60.320037027E-03
+3.109975000E-03,-1.156746375853E+00,-45.579459277E-03,-61.089509396E-03
+3.109980000E-03,-1.153999830671E+00,-46.443152795E-03,-62.404207857E-03
+3.109985000E-03,-1.151356928660E+00,-46.914258288E-03,-63.389132483E-03
+3.109990000E-03,-1.147677594521E+00,-46.600187951E-03,-64.374057087E-03
+3.109995000E-03,-1.143842795614E+00,-45.422424133E-03,-65.605212861E-03
+3.110000000E-03,-1.140629855960E+00,-45.579459307E-03,-66.392273149E-03
+3.110005000E-03,-1.135551338407E+00,-46.600187913E-03,-67.645413841E-03
+3.110010000E-03,-1.132027469105E+00,-46.521670371E-03,-68.419283178E-03
+3.110015000E-03,-1.128140848529E+00,-46.678705481E-03,-69.668026881E-03
+3.110020000E-03,-1.123010509393E+00,-45.657976875E-03,-70.516644968E-03
+3.110025000E-03,-1.118242921539E+00,-45.422424095E-03,-71.510363545E-03
+3.110030000E-03,-1.113578976833E+00,-45.422424182E-03,-72.543654999E-03
+3.110035000E-03,-1.107567670365E+00,-44.401695519E-03,-73.427448953E-03
+3.110040000E-03,-1.102748260879E+00,-45.579459254E-03,-74.553077089E-03
+3.110045000E-03,-1.096840597600E+00,-44.166142766E-03,-75.168654963E-03
+3.110050000E-03,-1.091762080099E+00,-44.323177955E-03,-76.386619780E-03
+3.110055000E-03,-1.085491665616E+00,-45.579459303E-03,-76.971418767E-03
+3.110060000E-03,-1.079946753608E+00,-44.558730724E-03,-78.158604686E-03
+3.110065000E-03,-1.074609128029E+00,-44.794283436E-03,-78.826946388E-03
+3.110070000E-03,-1.067509567806E+00,-42.909861376E-03,-79.807474013E-03
+3.110075000E-03,-1.061290974908E+00,-44.244660303E-03,-80.713252896E-03
+3.110080000E-03,-1.054709630773E+00,-45.422424152E-03,-81.460740324E-03
+3.110085000E-03,-1.047454605743E+00,-44.951318660E-03,-82.366519211E-03
+3.110090000E-03,-1.040044115845E+00,-45.186871337E-03,-83.061242823E-03
+3.110095000E-03,-1.031908123464E+00,-43.459484455E-03,-84.068152356E-03
+3.110100000E-03,-1.024912206441E+00,-44.401695508E-03,-84.701318184E-03
+3.110105000E-03,-1.017968111069E+00,-43.930589982E-03,-85.580715157E-03
+3.110110000E-03,-1.009780297071E+00,-44.323177902E-03,-86.218277968E-03
+3.110115000E-03,-1.001281553469E+00,-43.852072383E-03,-87.040514134E-03
+3.110120000E-03,-993.611955531E-03,-44.951318591E-03,-87.805589507E-03
+3.110125000E-03,-985.216855131E-03,-43.459484498E-03,-88.385991511E-03
+3.110130000E-03,-975.940787406E-03,-43.459484463E-03,-89.304961349E-03
+3.110135000E-03,-967.338400564E-03,-41.732097562E-03,-89.753453809E-03
+3.110140000E-03,-958.321440872E-03,-43.145414115E-03,-90.672423646E-03
+3.110145000E-03,-950.237270066E-03,-42.360238236E-03,-90.980212597E-03
+3.110150000E-03,-940.287521434E-03,-42.988378902E-03,-91.907976393E-03
+3.110155000E-03,-930.493237627E-03,-42.124685459E-03,-92.343277908E-03
+3.110160000E-03,-920.336202560E-03,-42.909861330E-03,-93.152323111E-03
+3.110165000E-03,-910.230989128E-03,-44.009107557E-03,-93.657976384E-03
+3.110170000E-03,-900.436705288E-03,-42.203203077E-03,-94.190011547E-03
+3.110175000E-03,-888.880486834E-03,-42.674308600E-03,-94.919911040E-03
+3.110180000E-03,-878.827094959E-03,-43.302449246E-03,-95.117775363E-03
+3.110185000E-03,-870.069243328E-03,-44.009107561E-03,-95.983981379E-03
+3.110190000E-03,-859.964029863E-03,-42.203203081E-03,-96.340137160E-03
+3.110195000E-03,-849.755173183E-03,-42.674308584E-03,-96.920539156E-03
+3.110200000E-03,-838.561705979E-03,-42.831343778E-03,-97.382222576E-03
+3.110205000E-03,-828.663778940E-03,-42.752826152E-03,-97.764760256E-03
+3.110210000E-03,-816.589344396E-03,-42.360238295E-03,-98.353956237E-03
+3.110215000E-03,-806.380487687E-03,-42.203203066E-03,-98.617775319E-03
+3.110220000E-03,-794.202409949E-03,-41.653579976E-03,-99.352071797E-03
+3.110225000E-03,-782.024332172E-03,-42.517273363E-03,-99.444408479E-03
+3.110230000E-03,-769.535324818E-03,-42.046167848E-03,-100.178704956E-03
+3.110235000E-03,-757.512711886E-03,-42.517273469E-03,-100.196292892E-03
+3.110240000E-03,-746.060136617E-03,-43.066896579E-03,-100.833855696E-03
+3.110245000E-03,-734.659382954E-03,-41.732097563E-03,-101.000941130E-03
+3.110250000E-03,-722.325840365E-03,-42.595790970E-03,-101.299936099E-03
+3.110255000E-03,-710.095941025E-03,-41.810615083E-03,-101.827574287E-03
+3.110260000E-03,-698.228792903E-03,-40.946921676E-03,-101.708855694E-03
+3.110265000E-03,-684.236958945E-03,-42.203203081E-03,-102.456343122E-03
+3.110270000E-03,-672.317989168E-03,-41.810615098E-03,-102.218905938E-03
+3.110275000E-03,-660.139911404E-03,-40.161745825E-03,-103.076317985E-03
+3.110280000E-03,-646.925401545E-03,-41.339509564E-03,-102.605840612E-03
+3.110285000E-03,-633.762713202E-03,-40.789886466E-03,-103.428076774E-03
+3.110290000E-03,-620.029987221E-03,-42.124685478E-03,-102.975187350E-03
+3.110295000E-03,-607.022763722E-03,-40.318780995E-03,-103.784232546E-03
+3.110300000E-03,-594.171005102E-03,-41.103956834E-03,-103.489634578E-03
+3.110305000E-03,-580.282814330E-03,-41.339509611E-03,-103.889760186E-03
+3.110310000E-03,-567.120125985E-03,-41.967650288E-03,-103.836996382E-03
+3.110315000E-03,-553.335578359E-03,-41.025439263E-03,-103.942524005E-03
+3.110320000E-03,-540.794749348E-03,-40.475816173E-03,-104.144785324E-03
+3.110325000E-03,-527.839347490E-03,-42.438755815E-03,-104.008478782E-03
+3.110330000E-03,-512.914724529E-03,-40.789886514E-03,-104.360237577E-03
+3.110335000E-03,-499.233820150E-03,-42.595790997E-03,-104.201946117E-03
+3.110340000E-03,-485.345629347E-03,-40.789886474E-03,-104.373428529E-03
+3.110345000E-03,-470.213720030E-03,-42.438755787E-03,-104.254709940E-03
+3.110350000E-03,-456.740102053E-03,-41.418027166E-03,-104.259106925E-03
+3.110355000E-03,-442.230051938E-03,-39.926193080E-03,-104.259106925E-03
+3.110360000E-03,-427.668180222E-03,-42.360238220E-03,-104.078830544E-03
+3.110365000E-03,-413.935454249E-03,-41.260992073E-03,-104.241518985E-03
+3.110370000E-03,-398.544436852E-03,-41.339509579E-03,-103.924936079E-03
+3.110375000E-03,-384.345316402E-03,-40.554333785E-03,-104.087624512E-03
+3.110380000E-03,-369.420693427E-03,-41.653579964E-03,-103.797423513E-03
+3.110385000E-03,-354.444248915E-03,-43.459484423E-03,-103.740262708E-03
+3.110390000E-03,-339.364161113E-03,-42.831343746E-03,-103.630338088E-03
+3.110395000E-03,-324.491359759E-03,-40.318780983E-03,-103.318152161E-03
+3.110400000E-03,-309.670380024E-03,-41.025439235E-03,-103.472046632E-03
+3.110405000E-03,-294.383005824E-03,-40.554333761E-03,-102.821292873E-03
+3.110410000E-03,-279.872955680E-03,-42.674308564E-03,-103.076317990E-03
+3.110415000E-03,-264.067365435E-03,-41.418027268E-03,-102.412373280E-03
+3.110420000E-03,-249.660958527E-03,-41.732097543E-03,-102.566267744E-03
+3.110425000E-03,-233.803546661E-03,-41.732097576E-03,-101.809986352E-03
+3.110430000E-03,-218.982566912E-03,-40.868404101E-03,-102.104584331E-03
+3.110435000E-03,-204.265230387E-03,-41.653579915E-03,-101.339508969E-03
+3.110440000E-03,-189.029677759E-03,-43.145414094E-03,-101.396669766E-03
+3.110445000E-03,-174.519627682E-03,-41.182474466E-03,-100.754709983E-03
+3.110450000E-03,-159.024967055E-03,-42.909861329E-03,-100.596418523E-03
+3.110455000E-03,-143.582127992E-03,-41.418027211E-03,-100.139132094E-03
+3.110460000E-03,-128.450218642E-03,-41.810615097E-03,-99.835740139E-03
+3.110465000E-03,-112.903736364E-03,-41.967650366E-03,-99.312498938E-03
+3.110470000E-03,-96.942681302E-03,-39.455087542E-03,-99.083855728E-03
+3.110475000E-03,-82.588096031E-03,-41.103956817E-03,-98.463880859E-03
+3.110480000E-03,-68.233510742E-03,-41.496544757E-03,-98.235237650E-03
+3.110485000E-03,-53.671639038E-03,-41.496544765E-03,-97.487750205E-03
+3.110490000E-03,-37.866048766E-03,-40.632851311E-03,-97.360237661E-03
+3.110495000E-03,-23.718749904E-03,-41.025439243E-03,-96.502825598E-03
+3.110500000E-03,-8.638662112E-03,-42.281720665E-03,-96.445664805E-03
+3.110505000E-03,+7.840609005E-03,-42.674308621E-03,-95.368403503E-03
+3.110510000E-03,+23.024340006E-03,-40.946921668E-03,-95.364006526E-03
+3.110515000E-03,+38.311714250E-03,-42.674308563E-03,-94.392272858E-03
+3.110520000E-03,+53.961839694E-03,-41.810615109E-03,-94.062499000E-03
+3.110525000E-03,+68.886462680E-03,-41.260991995E-03,-93.275438703E-03
+3.110530000E-03,+84.173836857E-03,-41.653580002E-03,-92.831343234E-03
+3.110535000E-03,+100.083070380E-03,-40.161745813E-03,-92.184986453E-03
+3.110540000E-03,+115.681374197E-03,-42.674308580E-03,-91.450689983E-03
+3.110545000E-03,+131.486964513E-03,-41.418027199E-03,-91.006594502E-03
+3.110550000E-03,+146.411587463E-03,-42.124685433E-03,-90.184358343E-03
+3.110555000E-03,+162.372642546E-03,-40.318780933E-03,-89.678705061E-03
+3.110560000E-03,+177.452730355E-03,-41.339509653E-03,-88.830087001E-03
+3.110565000E-03,+192.532818125E-03,-40.711368911E-03,-88.214509102E-03
+3.110570000E-03,+208.234765198E-03,-41.889132717E-03,-87.537373447E-03
+3.110575000E-03,+222.174777620E-03,-40.240263367E-03,-86.732725197E-03
+3.110580000E-03,+237.565795043E-03,-41.967650325E-03,-86.161117184E-03
+3.110585000E-03,+251.816737065E-03,-42.988378890E-03,-85.088252855E-03
+3.110590000E-03,+267.363219322E-03,-42.674308618E-03,-84.718906142E-03
+3.110595000E-03,+282.339663885E-03,-40.397298609E-03,-83.421795591E-03
+3.110600000E-03,+297.316108456E-03,-40.554333804E-03,-83.171167458E-03
+3.110605000E-03,+312.396196256E-03,-41.810615147E-03,-81.882850885E-03
+3.110610000E-03,+327.009889523E-03,-40.004710644E-03,-81.394785568E-03
+3.110615000E-03,+341.571761231E-03,-40.789886527E-03,-80.357097137E-03
+3.110620000E-03,+355.615416885E-03,-41.889132679E-03,-79.578830812E-03
+3.110625000E-03,+369.970002153E-03,-41.496544777E-03,-78.659860972E-03
+3.110630000E-03,+384.842803501E-03,-41.182474391E-03,-77.732097164E-03
+3.110635000E-03,+399.456496828E-03,-40.554333728E-03,-76.887876067E-03
+3.110640000E-03,+414.122011741E-03,-42.360238202E-03,-75.757850959E-03
+3.110645000E-03,+428.165667369E-03,-42.674308592E-03,-75.120288145E-03
+3.110650000E-03,+441.898393327E-03,-41.575062356E-03,-73.977072081E-03
+3.110655000E-03,+456.874837860E-03,-41.967650343E-03,-73.146041934E-03
+3.110660000E-03,+469.622953363E-03,-40.868404098E-03,-72.156720343E-03
+3.110665000E-03,+483.511144171E-03,-41.182474489E-03,-71.171795726E-03
+3.110670000E-03,+497.710264628E-03,-40.161745827E-03,-70.318780668E-03
+3.110675000E-03,+511.183882585E-03,-41.103956833E-03,-69.144785698E-03
+3.110680000E-03,+524.450214104E-03,-43.380966782E-03,-68.511619875E-03
+3.110685000E-03,+537.768367194E-03,-42.517273444E-03,-67.003454065E-03
+3.110690000E-03,+551.138341959E-03,-40.868404106E-03,-66.436243013E-03
+3.110695000E-03,+564.871067934E-03,-39.847675483E-03,-64.954459117E-03
+3.110700000E-03,+577.774648206E-03,-41.418027177E-03,-64.347675193E-03
+3.110705000E-03,+591.818303829E-03,-41.418027212E-03,-62.914258137E-03
+3.110710000E-03,+604.359132803E-03,-41.182474408E-03,-62.105212904E-03
+3.110715000E-03,+617.055426671E-03,-40.789886472E-03,-60.865263183E-03
+3.110720000E-03,+630.166293328E-03,-43.145414098E-03,-59.889132524E-03
+3.110725000E-03,+642.862587196E-03,-42.124685466E-03,-58.785489338E-03
+3.110730000E-03,+654.626092118E-03,-41.810615104E-03,-57.721418983E-03
+3.110735000E-03,+667.218742728E-03,-40.789886502E-03,-56.666142624E-03
+3.110740000E-03,+678.619496369E-03,-40.711368932E-03,-55.474559715E-03
+3.110745000E-03,+690.693930890E-03,-42.281720592E-03,-54.309358730E-03
+3.110750000E-03,+702.820187067E-03,-41.339509659E-03,-53.258479337E-03
+3.110755000E-03,+714.894621588E-03,-41.103956859E-03,-51.904207996E-03
+3.110760000E-03,+726.088088796E-03,-41.653579965E-03,-50.994032128E-03
+3.110765000E-03,+738.110701787E-03,-41.810615160E-03,-49.406720588E-03
+3.110770000E-03,+750.755173971E-03,-41.575062377E-03,-48.707599986E-03
+3.110775000E-03,+762.052284437E-03,-41.339509638E-03,-47.067524633E-03
+3.110780000E-03,+773.763967682E-03,-41.496544782E-03,-46.368404033E-03
+3.110785000E-03,+784.542862039E-03,-42.124685448E-03,-44.657976923E-03
+3.110790000E-03,+794.751718742E-03,-42.124685422E-03,-43.967650286E-03
+3.110795000E-03,+805.945185942E-03,-41.732097573E-03,-42.397926695E-03
+3.110800000E-03,+816.464972293E-03,-43.773554764E-03,-41.342650319E-03
+3.110805000E-03,+825.844683253E-03,-42.438755805E-03,-39.992775966E-03
+3.110810000E-03,+836.779042415E-03,-42.752826210E-03,-38.827574968E-03
+3.110815000E-03,+846.469683015E-03,-40.711368919E-03,-37.534861420E-03
+3.110820000E-03,+856.937647713E-03,-41.967650247E-03,-36.215765956E-03
+3.110825000E-03,+866.887396379E-03,-43.145414133E-03,-35.015389085E-03
+3.110830000E-03,+876.526215353E-03,-42.909861306E-03,-33.898554922E-03
+3.110835000E-03,+886.735072016E-03,-42.909861297E-03,-32.438755943E-03
+3.110840000E-03,+896.632999075E-03,-44.087625165E-03,-31.418655456E-03
+3.110845000E-03,+905.131742711E-03,-42.674308557E-03,-29.703831353E-03
+3.110850000E-03,+914.252345585E-03,-42.438755862E-03,-28.982725827E-03
+3.110855000E-03,+923.217483717E-03,-42.046167865E-03,-26.995288668E-03
+3.110860000E-03,+931.975335406E-03,-43.145414111E-03,-26.370916807E-03
+3.110865000E-03,+940.888651847E-03,-41.889132752E-03,-24.370288699E-03
+3.110870000E-03,+948.402784961E-03,-41.182474469E-03,-23.781092713E-03
+3.110875000E-03,+957.160636565E-03,-41.967650273E-03,-21.894786217E-03
+3.110880000E-03,+964.519304927E-03,-40.946921659E-03,-21.085740978E-03
+3.110885000E-03,+973.277156551E-03,-42.124685505E-03,-19.318153082E-03
+3.110890000E-03,+981.050397662E-03,-41.810615174E-03,-18.240891769E-03
+3.110895000E-03,+989.082746869E-03,-42.281720591E-03,-16.847047580E-03
+3.110900000E-03,+996.130485425E-03,-44.637248279E-03,-15.563127977E-03
+3.110905000E-03,+1.003696440138E+00,-42.595790935E-03,-14.375942072E-03
+3.110910000E-03,+1.010485070742E+00,-42.281720666E-03,-12.916143083E-03
+3.110915000E-03,+1.017429166148E+00,-41.653580009E-03,-11.667399388E-03
+3.110920000E-03,+1.023440472614E+00,-41.967650327E-03,-10.321922010E-03
+3.110925000E-03,+1.030695497623E+00,-41.653579943E-03,-9.020414490E-03
+3.110930000E-03,+1.037639593029E+00,-41.339509599E-03,-7.855213496E-03
+3.110935000E-03,+1.044013650762E+00,-42.595790988E-03,-6.311871802E-03
+3.110940000E-03,+1.049973135652E+00,-43.223931734E-03,-5.335741159E-03
+3.110945000E-03,+1.054948009979E+00,-42.674308570E-03,-3.669283893E-03
+3.110950000E-03,+1.060596565171E+00,-43.380966877E-03,-2.851444702E-03
+3.110955000E-03,+1.066659693244E+00,-42.203203034E-03,-1.004711058E-03
+3.110960000E-03,+1.072411891696E+00,-43.223931693E-03,-226.444735E-06
+3.110965000E-03,+1.078008625283E+00,-43.459484450E-03,+1.558731125E-03
+3.110970000E-03,+1.084071753389E+00,-35.058102868E-03,+2.517273836E-03
+3.110975000E-03,+1.088062017150E+00,+1.637130921917E+00,+4.179334108E-03
+3.110980000E-03,+1.092311388964E+00,+2.552724532961E+00,+5.186243657E-03
+3.110985000E-03,+1.096405295991E+00,+2.552724532961E+00,+6.580087850E-03
+3.110990000E-03,+1.100395559773E+00,+2.552724532961E+00,+8.004710967E-03
+3.110995000E-03,+1.105318612428E+00,+2.552724532961E+00,+9.108354153E-03
+3.111000000E-03,+1.108116979279E+00,+2.552724532961E+00,+10.607726011E-03
+3.111005000E-03,+1.111381740554E+00,+2.552724532961E+00,+11.693781264E-03
+3.111010000E-03,+1.115320182702E+00,+2.552724532961E+00,+13.175565178E-03
+3.111015000E-03,+1.118636765584E+00,+2.552724532961E+00,+14.261620439E-03
+3.111020000E-03,+1.121176024354E+00,+2.552724532961E+00,+15.769786254E-03
+3.111025000E-03,+1.123922569562E+00,+2.552724532961E+00,+16.974560108E-03
+3.111030000E-03,+1.125995433865E+00,+2.552724532961E+00,+18.236494770E-03
+3.111035000E-03,+1.129156551876E+00,+2.552724532961E+00,+19.533605304E-03
+3.111040000E-03,+1.130607556940E+00,+2.552724532961E+00,+20.773555048E-03
+3.111045000E-03,+1.133354102101E+00,+2.552724532961E+00,+22.198178137E-03
+3.111050000E-03,+1.134183247829E+00,+2.552724532961E+00,+23.363379139E-03
+3.111055000E-03,+1.135737896099E+00,+2.552724532961E+00,+24.717650470E-03
+3.111060000E-03,+1.137137079432E+00,+2.552724532961E+00,+26.019158006E-03
+3.111065000E-03,+1.138743549297E+00,+2.552724532961E+00,+27.144786126E-03
+3.111070000E-03,+1.138743549330E+00,+2.552724532961E+00,+28.617776071E-03
+3.111075000E-03,+1.139676338253E+00,+2.552724532961E+00,+29.483982081E-03
+3.111080000E-03,+1.140142732735E+00,+2.552724532961E+00,+31.229585082E-03
+3.111085000E-03,+1.141541916140E+00,+2.552724532961E+00,+31.897926781E-03
+3.111090000E-03,+1.141541916122E+00,+2.552724532961E+00,+33.731469484E-03
+3.111095000E-03,+1.141697380942E+00,+2.552724532961E+00,+34.373429271E-03
+3.111100000E-03,+1.140350019162E+00,+2.552724532961E+00,+36.176193067E-03
+3.111105000E-03,+1.141023700011E+00,+2.552724532961E+00,+36.809358895E-03
+3.111110000E-03,+1.140246375935E+00,+2.552724532961E+00,+38.497801081E-03
+3.111115000E-03,+1.139676338283E+00,+2.552724532961E+00,+39.355213139E-03
+3.111120000E-03,+1.139728159851E+00,+2.552724532961E+00,+40.762248295E-03
+3.111125000E-03,+1.138484441308E+00,+2.552724532961E+00,+41.799936729E-03
+3.111130000E-03,+1.137033436295E+00,+2.552724532961E+00,+43.039886466E-03
+3.111135000E-03,+1.135323323257E+00,+2.552724532961E+00,+44.222675390E-03
+3.111140000E-03,+1.133302280572E+00,+2.552724532961E+00,+45.233981921E-03
+3.111145000E-03,+1.131954918750E+00,+2.552724532961E+00,+46.429961800E-03
+3.111150000E-03,+1.129830232827E+00,+2.552724532961E+00,+47.524811051E-03
+3.111155000E-03,+1.127601903724E+00,+2.552724532961E+00,+48.711996946E-03
+3.111160000E-03,+1.125736325876E+00,+2.552724532961E+00,+49.846419063E-03
+3.111165000E-03,+1.123197067100E+00,+2.552724532961E+00,+50.774182862E-03
+3.111170000E-03,+1.120502343511E+00,+2.552724532961E+00,+52.040514514E-03
+3.111175000E-03,+1.117703976697E+00,+2.552724532961E+00,+52.968278314E-03
+3.111180000E-03,+1.113506426522E+00,+2.552724532961E+00,+54.111494390E-03
+3.111185000E-03,+1.110708059681E+00,+2.552724532961E+00,+55.131594874E-03
+3.111190000E-03,+1.106406866269E+00,+2.552724532961E+00,+56.244032049E-03
+3.111195000E-03,+1.102312959302E+00,+2.552724532961E+00,+57.224559676E-03
+3.111200000E-03,+1.098270873912E+00,+2.552724532961E+00,+58.209484292E-03
+3.111205000E-03,+1.093710572472E+00,+2.552724532961E+00,+59.453831010E-03
+3.111210000E-03,+1.089253914210E+00,+2.552724532961E+00,+60.135363670E-03
+3.111215000E-03,+1.084849077561E+00,+2.552724532961E+00,+61.375313404E-03
+3.111220000E-03,+1.079045057526E+00,+2.552724532961E+00,+62.109609879E-03
+3.111225000E-03,+1.073707432001E+00,+2.552724532961E+00,+63.371544540E-03
+3.111230000E-03,+1.068991665665E+00,+2.552724532961E+00,+64.097047045E-03
+3.111235000E-03,+1.062824894383E+00,+2.552724532961E+00,+65.196293265E-03
+3.111240000E-03,+1.057383625628E+00,+2.552724532961E+00,+66.141645013E-03
+3.111245000E-03,+1.052408751269E+00,+2.552724532961E+00,+66.928705300E-03
+3.111250000E-03,+1.046915660913E+00,+2.552724532961E+00,+68.137876150E-03
+3.111255000E-03,+1.040075208682E+00,+2.552724532961E+00,+68.581971625E-03
+3.111260000E-03,+1.033856615811E+00,+2.552724532961E+00,+70.129710294E-03
+3.111265000E-03,+1.026757055601E+00,+2.552724532961E+00,+70.173680149E-03
+3.111270000E-03,+1.019709316965E+00,+2.552724532961E+00,+71.906092185E-03
+3.111275000E-03,+1.013024329609E+00,+2.552724532961E+00,+71.923680132E-03
+3.111280000E-03,+1.005769304579E+00,+2.552724532961E+00,+73.722046936E-03
+3.111285000E-03,+998.410636282E-03,+2.552724532961E+00,+73.656092176E-03
+3.111290000E-03,+990.015535938E-03,+2.552724532961E+00,+75.199433857E-03
+3.111295000E-03,+983.382370146E-03,+2.552724532961E+00,+75.282976581E-03
+3.111300000E-03,+974.831804867E-03,+2.552724532961E+00,+76.690011732E-03
+3.111305000E-03,+967.991352745E-03,+2.552724532961E+00,+76.984609722E-03
+3.111310000E-03,+959.907181943E-03,+2.552724532961E+00,+78.136619750E-03
+3.111315000E-03,+951.408438265E-03,+2.552724532961E+00,+78.607097140E-03
+3.111320000E-03,+941.665976174E-03,+2.552724532961E+00,+79.451318240E-03
+3.111325000E-03,+934.151843067E-03,+2.552724532961E+00,+80.106468976E-03
+3.111330000E-03,+925.134883346E-03,+2.552724532961E+00,+80.814383557E-03
+3.111335000E-03,+915.703350802E-03,+2.552724532961E+00,+81.465137305E-03
+3.111340000E-03,+907.152785523E-03,+2.552724532961E+00,+82.080715208E-03
+3.111345000E-03,+898.394933849E-03,+2.552724532961E+00,+82.815011659E-03
+3.111350000E-03,+887.616039549E-03,+2.552724532961E+00,+83.254710167E-03
+3.111355000E-03,+879.169117494E-03,+2.552724532961E+00,+84.068152349E-03
+3.111360000E-03,+868.908439225E-03,+2.552724532961E+00,+84.547423722E-03
+3.111365000E-03,+859.632371507E-03,+2.552724532961E+00,+85.334483996E-03
+3.111370000E-03,+848.905298786E-03,+2.552724532961E+00,+85.571921198E-03
+3.111375000E-03,+839.318301366E-03,+2.552724532961E+00,+86.526066901E-03
+3.111380000E-03,+829.368552714E-03,+2.552724532961E+00,+86.697549322E-03
+3.111385000E-03,+817.242296562E-03,+2.552724532961E+00,+87.704458851E-03
+3.111390000E-03,+807.033439884E-03,+2.552724532961E+00,+87.647298056E-03
+3.111395000E-03,+795.684507861E-03,+2.552724532961E+00,+88.693780454E-03
+3.111400000E-03,+785.268364750E-03,+2.552724532961E+00,+88.544282973E-03
+3.111405000E-03,+774.385827159E-03,+2.552724532961E+00,+89.744659833E-03
+3.111410000E-03,+763.451467993E-03,+2.552724532961E+00,+89.467649798E-03
+3.111415000E-03,+751.895249559E-03,+2.552724532961E+00,+90.558102038E-03
+3.111420000E-03,+739.768993407E-03,+2.552724532961E+00,+90.448177424E-03
+3.111425000E-03,+728.679169425E-03,+2.552724532961E+00,+91.367147255E-03
+3.111430000E-03,+718.211204687E-03,+2.552724532961E+00,+91.353956309E-03
+3.111435000E-03,+706.499521386E-03,+2.552724532961E+00,+92.044282930E-03
+3.111440000E-03,+695.616983824E-03,+2.552724532961E+00,+92.057473885E-03
+3.111445000E-03,+682.039722647E-03,+2.552724532961E+00,+92.659860813E-03
+3.111450000E-03,+670.224396143E-03,+2.552724532961E+00,+92.690639709E-03
+3.111455000E-03,+657.217172716E-03,+2.552724532961E+00,+93.205086943E-03
+3.111460000E-03,+645.660954196E-03,+2.552724532961E+00,+93.279835681E-03
+3.111465000E-03,+632.757373974E-03,+2.552724532961E+00,+93.816267838E-03
+3.111470000E-03,+620.112901702E-03,+2.552724532961E+00,+93.816267835E-03
+3.111475000E-03,+606.431997378E-03,+2.552724532961E+00,+94.321921100E-03
+3.111480000E-03,+594.616670804E-03,+2.552724532961E+00,+94.198805525E-03
+3.111485000E-03,+581.557625782E-03,+2.552724532961E+00,+94.796795461E-03
+3.111490000E-03,+568.498580676E-03,+2.552724532961E+00,+94.581343210E-03
+3.111495000E-03,+556.113216481E-03,+2.552724532961E+00,+95.126569329E-03
+3.111500000E-03,+542.276847315E-03,+2.552724532961E+00,+94.831971348E-03
+3.111505000E-03,+528.647764501E-03,+2.552724532961E+00,+95.372800482E-03
+3.111510000E-03,+516.210578682E-03,+2.552724532961E+00,+95.130966324E-03
+3.111515000E-03,+501.700528641E-03,+2.552724532961E+00,+95.566267815E-03
+3.111520000E-03,+487.915981015E-03,+2.552724532961E+00,+95.390388427E-03
+3.111525000E-03,+474.805114315E-03,+2.552724532961E+00,+95.601443695E-03
+3.111530000E-03,+461.331496375E-03,+2.552724532961E+00,+95.513504005E-03
+3.111535000E-03,+447.806056857E-03,+2.552724532961E+00,+95.601443702E-03
+3.111540000E-03,+433.399649954E-03,+2.552724532961E+00,+95.671795453E-03
+3.111545000E-03,+420.444248099E-03,+2.552724532961E+00,+95.601443704E-03
+3.111550000E-03,+405.986019633E-03,+2.552724532961E+00,+95.610237665E-03
+3.111555000E-03,+390.335894205E-03,+2.552724532961E+00,+95.658604508E-03
+3.111560000E-03,+376.965919383E-03,+2.552724532961E+00,+95.403579377E-03
+3.111565000E-03,+362.455869291E-03,+2.552724532961E+00,+95.553076870E-03
+3.111570000E-03,+347.531246384E-03,+2.552724532961E+00,+95.205715055E-03
+3.111575000E-03,+333.383947515E-03,+2.552724532961E+00,+95.364006523E-03
+3.111580000E-03,+319.081183842E-03,+2.552724532961E+00,+94.941895961E-03
+3.111585000E-03,+304.052917727E-03,+2.552724532961E+00,+95.179333155E-03
+3.111590000E-03,+289.750154025E-03,+2.552724532961E+00,+94.572549236E-03
+3.111595000E-03,+275.551033588E-03,+2.552724532961E+00,+94.897926127E-03
+3.111600000E-03,+260.781875451E-03,+2.552724532961E+00,+94.291142207E-03
+3.111605000E-03,+246.116360458E-03,+2.552724532961E+00,+94.449433665E-03
+3.111610000E-03,+230.880807926E-03,+2.552724532961E+00,+93.855840703E-03
+3.111615000E-03,+215.697076933E-03,+2.552724532961E+00,+94.000941205E-03
+3.111620000E-03,+201.083383635E-03,+2.552724532961E+00,+93.380966340E-03
+3.111625000E-03,+185.692366245E-03,+2.552724532961E+00,+93.319408553E-03
+3.111630000E-03,+171.130494470E-03,+2.552724532961E+00,+92.914885944E-03
+3.111635000E-03,+155.687655472E-03,+2.552724532961E+00,+92.734609564E-03
+3.111640000E-03,+139.312027546E-03,+2.552724532961E+00,+92.360865846E-03
+3.111645000E-03,+123.143686008E-03,+2.552724532961E+00,+91.947549272E-03
+3.111650000E-03,+109.307316710E-03,+2.552724532961E+00,+91.595790481E-03
+3.111655000E-03,+94.434515418E-03,+2.552724532961E+00,+91.296795513E-03
+3.111660000E-03,+79.198962795E-03,+2.552724532961E+00,+90.751569385E-03
+3.111665000E-03,+63.652480559E-03,+2.552724532961E+00,+90.483353306E-03
+3.111670000E-03,+48.313284787E-03,+2.552724532961E+00,+89.924936226E-03
+3.111675000E-03,+33.751413050E-03,+2.552724532961E+00,+89.700689994E-03
+3.111680000E-03,+18.256752402E-03,+2.552724532961E+00,+88.944408604E-03
+3.111685000E-03,+3.953988710E-03,+2.552724532961E+00,+88.746544277E-03
+3.111690000E-03,-11.177920652E-03,+2.552724532961E+00,+88.047423685E-03
+3.111695000E-03,-25.428862711E-03,+2.552724532961E+00,+87.656092029E-03
+3.111700000E-03,-40.146199233E-03,+2.552724532961E+00,+87.053705107E-03
+3.111705000E-03,-54.811714174E-03,+2.552724532961E+00,+86.627197567E-03
+3.111710000E-03,-70.824590774E-03,+2.552724532961E+00,+86.016016678E-03
+3.111715000E-03,-85.904678576E-03,+2.552724532961E+00,+85.475187527E-03
+3.111720000E-03,-100.829301621E-03,+2.552724532961E+00,+84.820036788E-03
+3.111725000E-03,-116.323962222E-03,+2.552724532961E+00,+84.200061916E-03
+3.111730000E-03,-132.855055010E-03,+2.552724532961E+00,+83.571293080E-03
+3.111735000E-03,-147.935142771E-03,+2.552724532961E+00,+82.986494093E-03
+3.111740000E-03,-162.082441642E-03,+2.552724532961E+00,+82.282976512E-03
+3.111745000E-03,-177.525280672E-03,+2.552724532961E+00,+81.768529289E-03
+3.111750000E-03,-192.242617188E-03,+2.552724532961E+00,+80.766016731E-03
+3.111755000E-03,-205.975343195E-03,+2.552724532961E+00,+80.510991607E-03
+3.111760000E-03,-220.589036489E-03,+2.552724532961E+00,+79.398554431E-03
+3.111765000E-03,-236.601913181E-03,+2.552724532961E+00,+79.165514238E-03
+3.111770000E-03,-251.785644181E-03,+2.552724532961E+00,+77.855212743E-03
+3.111775000E-03,-267.176661597E-03,+2.552724532961E+00,+77.701318267E-03
+3.111780000E-03,-280.702101191E-03,+2.552724532961E+00,+76.391016783E-03
+3.111785000E-03,-295.989475426E-03,+2.552724532961E+00,+76.153579590E-03
+3.111790000E-03,-311.950530451E-03,+2.552724532961E+00,+74.869660014E-03
+3.111795000E-03,-326.564223788E-03,+2.552724532961E+00,+74.575062020E-03
+3.111800000E-03,-341.126095508E-03,+2.552724532961E+00,+73.273554506E-03
+3.111805000E-03,-355.791610403E-03,+2.552724532961E+00,+72.737122341E-03
+3.111810000E-03,-370.612590134E-03,+2.552724532961E+00,+71.721418835E-03
+3.111815000E-03,-386.003607536E-03,+2.552724532961E+00,+70.960740453E-03
+3.111820000E-03,-399.321760687E-03,+2.552724532961E+00,+70.006594736E-03
+3.111825000E-03,-414.298205260E-03,+2.552724532961E+00,+69.074433946E-03
+3.111830000E-03,-429.689222612E-03,+2.552724532961E+00,+68.181846013E-03
+3.111835000E-03,-444.613845622E-03,+2.552724532961E+00,+67.364006827E-03
+3.111840000E-03,-458.139285216E-03,+2.552724532961E+00,+66.361494268E-03
+3.111845000E-03,-471.975654360E-03,+2.552724532961E+00,+65.468906352E-03
+3.111850000E-03,-486.433882848E-03,+2.552724532961E+00,+64.303705344E-03
+3.111855000E-03,-500.529360111E-03,+2.552724532961E+00,+63.688127473E-03
+3.111860000E-03,-514.002978037E-03,+2.552724532961E+00,+62.311871197E-03
+3.111865000E-03,-527.891168877E-03,+2.552724532961E+00,+61.727072218E-03
+3.111870000E-03,-540.691105950E-03,+2.552724532961E+00,+60.289258160E-03
+3.111875000E-03,-553.905615875E-03,+2.552724532961E+00,+59.744032028E-03
+3.111880000E-03,-566.964660890E-03,+2.552724532961E+00,+58.332599893E-03
+3.111885000E-03,-580.697386880E-03,+2.552724532961E+00,+57.607097382E-03
+3.111890000E-03,-594.792864157E-03,+2.552724532961E+00,+56.419911472E-03
+3.111895000E-03,-607.592801182E-03,+2.552724532961E+00,+55.456971776E-03
+3.111900000E-03,-620.755489520E-03,+2.552724532961E+00,+54.419283349E-03
+3.111905000E-03,-633.969999374E-03,+2.552724532961E+00,+53.245288383E-03
+3.111910000E-03,-646.459006768E-03,+2.552724532961E+00,+52.440640155E-03
+3.111915000E-03,-659.466230274E-03,+2.552724532961E+00,+51.042398964E-03
+3.111920000E-03,-670.607875900E-03,+2.552724532961E+00,+50.246544694E-03
+3.111925000E-03,-683.304169731E-03,+2.552724532961E+00,+49.006594969E-03
+3.111930000E-03,-695.482247479E-03,+2.552724532961E+00,+47.968906529E-03
+3.111935000E-03,-707.815790088E-03,+2.552724532961E+00,+46.821293484E-03
+3.111940000E-03,-720.615727130E-03,+2.552724532961E+00,+45.598931678E-03
+3.111945000E-03,-733.415664199E-03,+2.552724532961E+00,+44.614007081E-03
+3.111950000E-03,-745.852849996E-03,+2.552724532961E+00,+43.092650292E-03
+3.111955000E-03,-755.750777019E-03,+2.552724532961E+00,+42.375941776E-03
+3.111960000E-03,-767.566103546E-03,+2.552724532961E+00,+40.647926710E-03
+3.111965000E-03,-780.055110929E-03,+2.552724532961E+00,+40.133479482E-03
+3.111970000E-03,-790.885826931E-03,+2.552724532961E+00,+38.277951866E-03
+3.111975000E-03,-802.079294151E-03,+2.552724532961E+00,+37.640389051E-03
+3.111980000E-03,-812.910010081E-03,+2.552724532961E+00,+35.951946861E-03
+3.111985000E-03,-824.414406926E-03,+2.552724532961E+00,+35.156092597E-03
+3.111990000E-03,-834.778728405E-03,+2.552724532961E+00,+33.577575031E-03
+3.111995000E-03,-845.868552421E-03,+2.552724532961E+00,+32.570665495E-03
+3.112000000E-03,-855.870122655E-03,+2.552724532961E+00,+31.233982090E-03
+3.112005000E-03,-865.405298470E-03,+2.552724532961E+00,+30.046796170E-03
+3.112010000E-03,-875.665976780E-03,+2.552724532961E+00,+28.890389147E-03
+3.112015000E-03,-886.496692720E-03,+2.552724532961E+00,+27.439384148E-03
+3.112020000E-03,-897.690159878E-03,+2.552724532961E+00,+26.322549975E-03
+3.112025000E-03,-906.862584493E-03,+2.552724532961E+00,+24.902323873E-03
+3.112030000E-03,-916.760511488E-03,+2.552724532961E+00,+23.833856535E-03
+3.112035000E-03,-926.088400835E-03,+2.552724532961E+00,+22.501570127E-03
+3.112040000E-03,-936.089971073E-03,+2.552724532961E+00,+21.217650531E-03
+3.112045000E-03,-945.055109167E-03,+2.552724532961E+00,+19.911746035E-03
+3.112050000E-03,-954.279355300E-03,+2.552724532961E+00,+18.579459606E-03
+3.112055000E-03,-963.348136627E-03,+2.552724532961E+00,+17.370288777E-03
+3.112060000E-03,-971.276842576E-03,+2.552724532961E+00,+16.112751100E-03
+3.112065000E-03,-980.034694255E-03,+2.552724532961E+00,+14.824434529E-03
+3.112070000E-03,-989.777156409E-03,+2.552724532961E+00,+13.584484792E-03
+3.112075000E-03,-997.550397543E-03,+2.552724532961E+00,+12.107097875E-03
+3.112080000E-03,-1.005686389935E+00,+2.552724532961E+00,+11.073806425E-03
+3.112085000E-03,-1.014288776781E+00,+2.552724532961E+00,+9.411746146E-03
+3.112090000E-03,-1.020818299268E+00,+2.552724532961E+00,+8.492776300E-03
+3.112095000E-03,-1.028850648505E+00,+2.552724532961E+00,+6.817525067E-03
+3.112100000E-03,-1.036882997623E+00,+2.552724532961E+00,+5.916143159E-03
+3.112105000E-03,-1.043827093065E+00,+2.552724532961E+00,+4.249685904E-03
+3.112110000E-03,-1.051082118081E+00,+2.552724532961E+00,+3.233982386E-03
+3.112115000E-03,-1.058026213502E+00,+2.552724532961E+00,+1.699434677E-03
+3.112120000E-03,-1.065177595342E+00,+2.552724532961E+00,+547.424625E-06
+3.112125000E-03,-1.072121690766E+00,+2.552724532961E+00,-767.273841E-06
+3.112130000E-03,-1.078081175637E+00,+2.552724532961E+00,-2.205087909E-03
+3.112135000E-03,-1.083781552436E+00,+2.552724532961E+00,-3.379082855E-03
+3.112140000E-03,-1.089741037282E+00,+2.552724532961E+00,-4.834484866E-03
+3.112145000E-03,-1.095804165401E+00,+2.552724532961E+00,-5.819409472E-03
+3.112150000E-03,-1.101763650191E+00,+2.552724532961E+00,-7.490263728E-03
+3.112155000E-03,-1.107049454214E+00,+2.552724532961E+00,-8.589509939E-03
+3.112160000E-03,-1.111713398923E+00,+2.552724532961E+00,-10.066896867E-03
+3.112165000E-03,-1.116740094853E+00,+2.552724532961E+00,-11.293655643E-03
+3.112170000E-03,-1.121818612340E+00,+2.552724532961E+00,-12.559987289E-03
+3.112175000E-03,-1.127208059512E+00,+2.423249039768E+00,-13.975816420E-03
+3.112180000E-03,-1.130939215304E+00,+134.853971450E-03,-15.105841538E-03
+3.112185000E-03,-1.134411262998E+00,-173.877196625E-03,-16.512876686E-03
+3.112190000E-03,-1.138505169950E+00,-144.354585380E-03,-17.941896779E-03
+3.112195000E-03,-1.142702720206E+00,+204.106465343E-03,-18.940012336E-03
+3.112200000E-03,-1.146278411123E+00,-29.875939018E-03,-20.597675660E-03
+3.112205000E-03,-1.149180421092E+00,-74.002826213E-03,-21.437499753E-03
+3.112210000E-03,-1.152393360781E+00,-102.033604024E-03,-23.442524869E-03
+3.112215000E-03,-1.155709943660E+00,-36.471420301E-03,-24.106469564E-03
+3.112220000E-03,-1.158974704903E+00,-41.889132176E-03,-26.058730867E-03
+3.112225000E-03,-1.161565785317E+00,-52.253454426E-03,-26.608353966E-03
+3.112230000E-03,-1.163742292838E+00,-58.456343308E-03,-28.565012239E-03
+3.112235000E-03,-1.166955232466E+00,-55.708228231E-03,-29.198178070E-03
+3.112240000E-03,-1.168820810357E+00,-50.840137527E-03,-31.031720757E-03
+3.112245000E-03,-1.170479101797E+00,-54.059358826E-03,-31.880338842E-03
+3.112250000E-03,-1.172137393211E+00,-51.939383850E-03,-33.353328781E-03
+3.112255000E-03,-1.173484755092E+00,-50.369032189E-03,-34.681218209E-03
+3.112260000E-03,-1.175194868035E+00,-50.918655288E-03,-35.701318700E-03
+3.112265000E-03,-1.175816727418E+00,-49.269785954E-03,-37.293027223E-03
+3.112270000E-03,-1.176645873116E+00,-49.740891427E-03,-38.040514662E-03
+3.112275000E-03,-1.178666915765E+00,-49.583856269E-03,-39.900439252E-03
+3.112280000E-03,-1.178407807756E+00,-49.426821106E-03,-40.511620170E-03
+3.112285000E-03,-1.178511450957E+00,-49.662373884E-03,-42.327574902E-03
+3.112290000E-03,-1.179444239957E+00,-50.290514613E-03,-42.916770899E-03
+3.112295000E-03,-1.179081488675E+00,-49.191268317E-03,-44.657976888E-03
+3.112300000E-03,-1.178304164574E+00,-49.426821101E-03,-45.462625142E-03
+3.112305000E-03,-1.178770559009E+00,-49.348303486E-03,-46.909233141E-03
+3.112310000E-03,-1.177837770107E+00,-48.563127588E-03,-47.995288429E-03
+3.112315000E-03,-1.177837770081E+00,-45.657976903E-03,-49.248429100E-03
+3.112320000E-03,-1.177112267569E+00,-48.955715584E-03,-50.488378846E-03
+3.112325000E-03,-1.175868549058E+00,-47.620916570E-03,-51.561243153E-03
+3.112330000E-03,-1.174158435953E+00,-47.934986924E-03,-52.788001936E-03
+3.112335000E-03,-1.172396501350E+00,-48.955715584E-03,-53.940011977E-03
+3.112340000E-03,-1.169960885769E+00,-49.269785899E-03,-54.990891351E-03
+3.112345000E-03,-1.167939843070E+00,-48.092022131E-03,-56.283604918E-03
+3.112350000E-03,-1.167058875728E+00,-46.678705503E-03,-57.149810926E-03
+3.112355000E-03,-1.164571438616E+00,-47.856469331E-03,-58.548052136E-03
+3.112360000E-03,-1.162032179780E+00,-45.500941779E-03,-59.269157631E-03
+3.112365000E-03,-1.159026526600E+00,-47.071293526E-03,-60.808102357E-03
+3.112370000E-03,-1.156487267830E+00,-46.992775840E-03,-61.551192787E-03
+3.112375000E-03,-1.153274328181E+00,-47.856469414E-03,-62.909861131E-03
+3.112380000E-03,-1.149957745294E+00,-46.286117617E-03,-63.705715380E-03
+3.112385000E-03,-1.145552908691E+00,-47.228328596E-03,-64.945665132E-03
+3.112390000E-03,-1.143013649895E+00,-44.951318614E-03,-65.895413851E-03
+3.112395000E-03,-1.139127029330E+00,-45.579459289E-03,-66.836368628E-03
+3.112400000E-03,-1.134877657564E+00,-47.699434140E-03,-68.146670103E-03
+3.112405000E-03,-1.131146501770E+00,-45.579459383E-03,-68.793026898E-03
+3.112410000E-03,-1.125964341051E+00,-45.815012122E-03,-70.142901238E-03
+3.112415000E-03,-1.121663147622E+00,-44.715765881E-03,-70.696921357E-03
+3.112420000E-03,-1.116014592439E+00,-44.715765847E-03,-72.046795689E-03
+3.112425000E-03,-1.112076150252E+00,-45.579459311E-03,-72.723931388E-03
+3.112430000E-03,-1.107412205531E+00,-45.657976881E-03,-73.871544414E-03
+3.112435000E-03,-1.100882683039E+00,-44.558730656E-03,-74.755338396E-03
+3.112440000E-03,-1.095130484601E+00,-45.186871375E-03,-75.669911229E-03
+3.112445000E-03,-1.090207431879E+00,-45.422424181E-03,-76.641644908E-03
+3.112450000E-03,-1.084610698311E+00,-44.009107586E-03,-77.340765491E-03
+3.112455000E-03,-1.078340283802E+00,-44.558730656E-03,-78.510363467E-03
+3.112460000E-03,-1.071655296429E+00,-45.657976909E-03,-79.077574523E-03
+3.112465000E-03,-1.065747633187E+00,-43.773554774E-03,-80.203202644E-03
+3.112470000E-03,-1.059010824225E+00,-44.401695510E-03,-80.950690086E-03
+3.112475000E-03,-1.051963085585E+00,-44.872801005E-03,-81.838881018E-03
+3.112480000E-03,-1.045018990196E+00,-44.715765836E-03,-82.753453886E-03
+3.112485000E-03,-1.037919429945E+00,-45.500941735E-03,-83.333855875E-03
+3.112490000E-03,-1.029679794403E+00,-45.108353816E-03,-84.446293068E-03
+3.112495000E-03,-1.021543802021E+00,-43.695037192E-03,-84.815639783E-03
+3.112500000E-03,-1.013977847287E+00,-45.108353833E-03,-86.055589521E-03
+3.112505000E-03,-1.006100962983E+00,-43.538001979E-03,-86.354584492E-03
+3.112510000E-03,-998.275900193E-03,-43.459484527E-03,-87.440639757E-03
+3.112515000E-03,-990.347194248E-03,-43.302449246E-03,-87.937499053E-03
+3.112520000E-03,-980.190159259E-03,-44.087625122E-03,-88.772926171E-03
+3.112525000E-03,-971.639594035E-03,-43.616519684E-03,-89.630338231E-03
+3.112530000E-03,-964.436390531E-03,-44.166142732E-03,-89.894157317E-03
+3.112535000E-03,-954.797571539E-03,-43.930589987E-03,-91.054961333E-03
+3.112540000E-03,-946.039719930E-03,-42.831343757E-03,-91.090137206E-03
+3.112545000E-03,-935.416290362E-03,-43.616519605E-03,-92.303705036E-03
+3.112550000E-03,-926.347509052E-03,-42.988378869E-03,-92.321292977E-03
+3.112555000E-03,-915.413149925E-03,-44.401695442E-03,-93.552448732E-03
+3.112560000E-03,-905.981617356E-03,-42.360238313E-03,-93.552448751E-03
+3.112565000E-03,-895.202723033E-03,-42.360238240E-03,-94.541770330E-03
+3.112570000E-03,-885.460260751E-03,-41.653579950E-03,-94.906720086E-03
+3.112575000E-03,-875.769620162E-03,-41.182474467E-03,-95.478328113E-03
+3.112580000E-03,-866.597195667E-03,-42.909861349E-03,-96.111493941E-03
+3.112585000E-03,-855.766479718E-03,-44.401695396E-03,-96.419282877E-03
+3.112590000E-03,-846.231303948E-03,-42.281720738E-03,-97.215137141E-03
+3.112595000E-03,-835.245123120E-03,-42.831343768E-03,-97.439383382E-03
+3.112600000E-03,-824.621693582E-03,-42.674308639E-03,-98.081343157E-03
+3.112605000E-03,-812.650902272E-03,-42.988378925E-03,-98.419911008E-03
+3.112610000E-03,-801.975651108E-03,-42.281720636E-03,-98.881594405E-03
+3.112615000E-03,-789.642108526E-03,-40.161745807E-03,-99.466393412E-03
+3.112620000E-03,-777.204922779E-03,-43.145414082E-03,-99.541142133E-03
+3.112625000E-03,-765.959633921E-03,-44.166142703E-03,-100.398554204E-03
+3.112630000E-03,-754.662523493E-03,-42.517273385E-03,-100.222674798E-03
+3.112635000E-03,-742.484445764E-03,-43.459484408E-03,-101.172423540E-03
+3.112640000E-03,-730.980048857E-03,-43.302449245E-03,-100.877825550E-03
+3.112645000E-03,-719.009257577E-03,-42.281720635E-03,-101.752825540E-03
+3.112650000E-03,-706.623893339E-03,-43.695037117E-03,-101.484609465E-03
+3.112655000E-03,-695.015853259E-03,-41.339509625E-03,-102.311242618E-03
+3.112660000E-03,-681.749521788E-03,-42.281720578E-03,-102.170539106E-03
+3.112665000E-03,-669.001406313E-03,-41.889132775E-03,-102.654207446E-03
+3.112670000E-03,-656.875150180E-03,-41.025439299E-03,-102.830086834E-03
+3.112675000E-03,-643.608818645E-03,-41.575062415E-03,-103.080714975E-03
+3.112680000E-03,-630.808881600E-03,-42.517273437E-03,-103.234609442E-03
+3.112685000E-03,-616.195188331E-03,-41.967650322E-03,-103.450061702E-03
+3.112690000E-03,-604.120753795E-03,-41.182474416E-03,-103.472046623E-03
+3.112695000E-03,-590.906243871E-03,-41.260992084E-03,-103.819408435E-03
+3.112700000E-03,-578.106306758E-03,-41.967650229E-03,-103.700689838E-03
+3.112705000E-03,-565.099083317E-03,-42.046167851E-03,-104.162373257E-03
+3.112710000E-03,-550.485390037E-03,-42.281720647E-03,-103.850187324E-03
+3.112715000E-03,-536.856307268E-03,-41.025439300E-03,-104.391016469E-03
+3.112720000E-03,-524.263656642E-03,-41.339509625E-03,-103.960111953E-03
+3.112725000E-03,-510.116357783E-03,-41.103956754E-03,-104.575689829E-03
+3.112730000E-03,-495.450842911E-03,-41.496544811E-03,-104.012875777E-03
+3.112735000E-03,-481.873581673E-03,-38.983981995E-03,-104.505338070E-03
+3.112740000E-03,-466.223456301E-03,-41.418027247E-03,-104.114006434E-03
+3.112745000E-03,-452.335265461E-03,-41.653579863E-03,-104.373428523E-03
+3.112750000E-03,-437.669750569E-03,-40.632851283E-03,-104.175564216E-03
+3.112755000E-03,-422.848770829E-03,-40.868404056E-03,-104.171167220E-03
+3.112760000E-03,-408.597828740E-03,-39.926192976E-03,-104.122800402E-03
+3.112765000E-03,-394.450529896E-03,-40.868404114E-03,-103.990890840E-03
+3.112770000E-03,-379.888658201E-03,-40.083228272E-03,-103.946921008E-03
+3.112775000E-03,-364.704927184E-03,-41.496544747E-03,-103.815011450E-03
+3.112780000E-03,-349.002980167E-03,-42.988378972E-03,-103.617147134E-03
+3.112785000E-03,-334.233821976E-03,-41.810615113E-03,-103.573177287E-03
+3.112790000E-03,-320.086523163E-03,-41.575062433E-03,-103.239006436E-03
+3.112795000E-03,-305.213721780E-03,-41.575062433E-03,-103.392900897E-03
+3.112800000E-03,-288.527164270E-03,-40.475816196E-03,-102.684986343E-03
+3.112805000E-03,-273.550719653E-03,-41.967650252E-03,-103.001569249E-03
+3.112810000E-03,-259.144312730E-03,-40.946921672E-03,-102.276066753E-03
+3.112815000E-03,-243.131436056E-03,-41.025439195E-03,-102.469534078E-03
+3.112820000E-03,-227.274024177E-03,-42.988378907E-03,-101.809986358E-03
+3.112825000E-03,-213.074903676E-03,-41.260992020E-03,-101.933101916E-03
+3.112830000E-03,-197.580243026E-03,-41.418027218E-03,-101.299936110E-03
+3.112835000E-03,-182.707441736E-03,-40.397298551E-03,-101.225187347E-03
+3.112840000E-03,-167.938283549E-03,-41.103956770E-03,-100.723931091E-03
+3.112845000E-03,-152.650909403E-03,-41.418027200E-03,-100.398554203E-03
+3.112850000E-03,-136.223459896E-03,-40.868404108E-03,-100.055589389E-03
+3.112855000E-03,-120.521512774E-03,-39.847675535E-03,-99.620287886E-03
+3.112860000E-03,-105.078673732E-03,-41.496544782E-03,-99.312498935E-03
+3.112865000E-03,-89.791299555E-03,-40.083228232E-03,-98.850815529E-03
+3.112870000E-03,-75.592179003E-03,-41.732097555E-03,-98.358353218E-03
+3.112875000E-03,-61.393058579E-03,-40.554333677E-03,-97.984609512E-03
+3.112880000E-03,-45.691111453E-03,-40.711368917E-03,-97.373428603E-03
+3.112885000E-03,-31.491991068E-03,-40.868404079E-03,-97.197549222E-03
+3.112890000E-03,-14.909076693E-03,-39.376570019E-03,-96.353328118E-03
+3.112895000E-03,+430.119107E-06,-42.124685443E-03,-96.208227618E-03
+3.112900000E-03,+15.613850143E-03,-42.281720617E-03,-95.236493955E-03
+3.112905000E-03,+31.004867574E-03,-42.909861332E-03,-95.065011551E-03
+3.112910000E-03,+45.307631271E-03,-41.653580075E-03,-94.159232670E-03
+3.112915000E-03,+61.113221499E-03,-40.632851264E-03,-93.895413566E-03
+3.112920000E-03,+75.519628427E-03,-41.339509637E-03,-93.090765347E-03
+3.112925000E-03,+92.206185951E-03,-41.889132723E-03,-92.633478903E-03
+3.112930000E-03,+106.975344096E-03,-40.161745819E-03,-91.956343248E-03
+3.112935000E-03,+121.018999724E-03,-41.339509631E-03,-91.270413602E-03
+3.112940000E-03,+135.943622762E-03,-42.517273331E-03,-90.738378441E-03
+3.112945000E-03,+152.526537075E-03,-41.260991967E-03,-89.929333208E-03
+3.112950000E-03,+168.435770549E-03,-40.318780981E-03,-89.555589505E-03
+3.112955000E-03,+183.671323205E-03,-40.789886474E-03,-88.495916142E-03
+3.112960000E-03,+197.818622083E-03,-40.161745813E-03,-88.108981479E-03
+3.112965000E-03,+212.587780169E-03,-40.397298592E-03,-87.088880979E-03
+3.112970000E-03,+228.445192052E-03,-40.475816114E-03,-86.561242801E-03
+3.112975000E-03,+243.991674321E-03,-40.475816179E-03,-85.668654864E-03
+3.112980000E-03,+258.553545997E-03,-41.418027165E-03,-85.026695081E-03
+3.112985000E-03,+273.478168913E-03,-41.182474439E-03,-84.191267955E-03
+3.112990000E-03,+287.988219091E-03,-41.418027183E-03,-83.355840828E-03
+3.112995000E-03,+302.757377201E-03,-39.455087553E-03,-82.647926250E-03
+3.113000000E-03,+318.407502638E-03,-41.103956846E-03,-81.684986576E-03
+3.113005000E-03,+332.036585442E-03,-41.182474385E-03,-81.003453909E-03
+3.113010000E-03,+347.375781225E-03,-41.025439247E-03,-80.062499156E-03
+3.113015000E-03,+360.797577568E-03,-40.004710687E-03,-79.279835839E-03
+3.113020000E-03,+375.722200492E-03,-42.046167915E-03,-78.272926320E-03
+3.113025000E-03,+390.076785785E-03,-42.674308546E-03,-77.547423798E-03
+3.113030000E-03,+404.172263057E-03,-42.438755857E-03,-76.478956485E-03
+3.113035000E-03,+419.096885945E-03,-41.732097531E-03,-75.599559502E-03
+3.113040000E-03,+432.466860727E-03,-42.517273336E-03,-74.627825849E-03
+3.113045000E-03,+447.028732458E-03,-42.281720689E-03,-73.735237909E-03
+3.113050000E-03,+460.657815191E-03,-41.260992008E-03,-72.776695213E-03
+3.113055000E-03,+474.183254749E-03,-41.967650250E-03,-71.875313307E-03
+3.113060000E-03,+487.760515969E-03,-40.397298599E-03,-70.859609807E-03
+3.113065000E-03,+501.804171550E-03,-41.810615088E-03,-70.019785689E-03
+3.113070000E-03,+515.951470381E-03,-41.575062296E-03,-68.832599785E-03
+3.113075000E-03,+529.528731558E-03,-41.732097507E-03,-67.979584707E-03
+3.113080000E-03,+543.624208746E-03,-41.575062345E-03,-66.911117388E-03
+3.113085000E-03,+556.061394603E-03,-41.575062417E-03,-65.891016891E-03
+3.113090000E-03,+569.483190917E-03,-41.653579938E-03,-64.800564654E-03
+3.113095000E-03,+583.008630467E-03,-42.203203053E-03,-63.630966664E-03
+3.113100000E-03,+595.342173096E-03,-41.418027091E-03,-62.786745577E-03
+3.113105000E-03,+609.437650384E-03,-42.438755760E-03,-61.498428997E-03
+3.113110000E-03,+622.082122590E-03,-41.889132748E-03,-60.772926498E-03
+3.113115000E-03,+635.607562136E-03,-41.103956804E-03,-59.198805912E-03
+3.113120000E-03,+647.267423736E-03,-42.988378930E-03,-58.622800896E-03
+3.113125000E-03,+659.704609528E-03,-42.517273426E-03,-57.009107447E-03
+3.113130000E-03,+671.934508979E-03,-42.438755821E-03,-56.472675283E-03
+3.113135000E-03,+683.127976127E-03,-41.418027213E-03,-54.775439125E-03
+3.113140000E-03,+695.150589056E-03,-41.810615130E-03,-54.186243149E-03
+3.113145000E-03,+707.121380401E-03,-41.810615100E-03,-52.480213029E-03
+3.113150000E-03,+719.351279807E-03,-41.653580023E-03,-51.763504477E-03
+3.113155000E-03,+730.130174172E-03,-39.690640358E-03,-50.149811035E-03
+3.113160000E-03,+741.893679035E-03,-42.674308564E-03,-49.375941692E-03
+3.113165000E-03,+754.330864771E-03,-41.339509626E-03,-47.841393971E-03
+3.113170000E-03,+765.213402415E-03,-41.732097629E-03,-47.023554786E-03
+3.113175000E-03,+777.132372169E-03,-40.946921690E-03,-45.475816108E-03
+3.113180000E-03,+788.792233825E-03,-41.575062418E-03,-44.556846275E-03
+3.113185000E-03,+798.068301601E-03,-41.810615075E-03,-43.119032208E-03
+3.113190000E-03,+809.106303999E-03,-40.789886565E-03,-42.090137770E-03
+3.113195000E-03,+820.092484725E-03,-41.025439284E-03,-40.643529715E-03
+3.113200000E-03,+830.612271110E-03,-41.496544745E-03,-39.715765939E-03
+3.113205000E-03,+840.302911701E-03,-40.711368892E-03,-38.172424215E-03
+3.113210000E-03,+850.097195577E-03,-40.475816156E-03,-37.222675514E-03
+3.113215000E-03,+861.083376262E-03,-42.046167867E-03,-35.705715696E-03
+3.113220000E-03,+872.121378656E-03,-42.281720603E-03,-34.694409202E-03
+3.113225000E-03,+881.604732822E-03,-44.087625088E-03,-33.159861452E-03
+3.113230000E-03,+890.984443891E-03,-42.988378875E-03,-32.130967019E-03
+3.113235000E-03,+900.986014025E-03,-42.203203146E-03,-30.693152932E-03
+3.113240000E-03,+910.313903397E-03,-41.889132711E-03,-29.519158005E-03
+3.113245000E-03,+918.657182222E-03,-41.810615161E-03,-28.204459500E-03
+3.113250000E-03,+927.933250007E-03,-42.203203035E-03,-26.757851502E-03
+3.113255000E-03,+936.431993581E-03,-41.182474446E-03,-25.706972089E-03
+3.113260000E-03,+944.827093982E-03,-42.046167904E-03,-24.075690728E-03
+3.113265000E-03,+952.548513501E-03,-42.203203146E-03,-23.165514834E-03
+3.113270000E-03,+960.321754636E-03,-41.810615142E-03,-21.463881703E-03
+3.113275000E-03,+968.561390222E-03,-42.831343731E-03,-20.522926916E-03
+3.113280000E-03,+975.609128873E-03,-42.046167953E-03,-18.781720931E-03
+3.113285000E-03,+983.693299632E-03,-42.752826200E-03,-17.950690768E-03
+3.113290000E-03,+991.466540767E-03,-42.046167941E-03,-16.279836538E-03
+3.113295000E-03,+999.913462746E-03,-41.339509651E-03,-15.206972210E-03
+3.113300000E-03,+1.006909379789E+00,-43.852072388E-03,-13.588881793E-03
+3.113305000E-03,+1.012713399873E+00,-42.203202978E-03,-12.590766206E-03
+3.113310000E-03,+1.020020246458E+00,-43.616519596E-03,-11.144158195E-03
+3.113315000E-03,+1.026238839324E+00,-41.260992033E-03,-9.860238606E-03
+3.113320000E-03,+1.034063902128E+00,-42.281720715E-03,-8.545540131E-03
+3.113325000E-03,+1.039660635757E+00,-43.066896455E-03,-7.213253705E-03
+3.113330000E-03,+1.045775585444E+00,-41.575062406E-03,-6.034861757E-03
+3.113335000E-03,+1.052149643161E+00,-42.360238190E-03,-4.509108011E-03
+3.113340000E-03,+1.058575522435E+00,-41.496544769E-03,-3.335113042E-03
+3.113345000E-03,+1.063809504816E+00,-44.558730597E-03,-1.976444726E-03
+3.113350000E-03,+1.068732557564E+00,-43.223931660E-03,-732.097991E-06
+3.113355000E-03,+1.073966539891E+00,-41.810615168E-03,+569.409521E-06
+3.113360000E-03,+1.078578662995E+00,-42.360238334E-03,+1.910489918E-03
+3.113365000E-03,+1.085730044799E+00,+95.281083750E-03,+3.255967283E-03
+3.113370000E-03,+1.088787519624E+00,+2.428980800003E+00,+4.561871791E-03
+3.113375000E-03,+1.092518675458E+00,+2.552724532961E+00,+5.727072791E-03
+3.113380000E-03,+1.097286263263E+00,+2.552724532961E+00,+7.239635574E-03
+3.113385000E-03,+1.101535635052E+00,+2.552724532961E+00,+8.224560203E-03
+3.113390000E-03,+1.105318612432E+00,+2.552724532961E+00,+9.833856650E-03
+3.113395000E-03,+1.109982557093E+00,+2.552724532961E+00,+10.840766214E-03
+3.113400000E-03,+1.112418172703E+00,+2.552724532961E+00,+12.428077730E-03
+3.113405000E-03,+1.115423825891E+00,+2.552724532961E+00,+13.514133017E-03
+3.113410000E-03,+1.118688587138E+00,+2.552724532961E+00,+14.868404341E-03
+3.113415000E-03,+1.121849705261E+00,+2.552724532961E+00,+16.213881725E-03
+3.113420000E-03,+1.124285320784E+00,+2.552724532961E+00,+17.374685726E-03
+3.113425000E-03,+1.126099077092E+00,+2.552724532961E+00,+18.816896771E-03
+3.113430000E-03,+1.128793800681E+00,+2.552724532961E+00,+19.907349015E-03
+3.113435000E-03,+1.131436702621E+00,+2.552724532961E+00,+21.397926897E-03
+3.113440000E-03,+1.133198637288E+00,+2.552724532961E+00,+22.501570094E-03
+3.113445000E-03,+1.134960571913E+00,+2.552724532961E+00,+23.842650485E-03
+3.113450000E-03,+1.136463398480E+00,+2.552724532961E+00,+25.086997199E-03
+3.113455000E-03,+1.138484441255E+00,+2.552724532961E+00,+26.436871563E-03
+3.113460000E-03,+1.139624516658E+00,+2.552724532961E+00,+27.663630341E-03
+3.113465000E-03,+1.139987267906E+00,+2.552724532961E+00,+29.048680580E-03
+3.113470000E-03,+1.141438272844E+00,+2.552724532961E+00,+30.099559963E-03
+3.113475000E-03,+1.141593737734E+00,+2.552724532961E+00,+31.532977033E-03
+3.113480000E-03,+1.141852845801E+00,+2.552724532961E+00,+32.487122752E-03
+3.113485000E-03,+1.142941099478E+00,+2.552724532961E+00,+33.933730783E-03
+3.113490000E-03,+1.142578348272E+00,+2.552724532961E+00,+34.945037299E-03
+3.113495000E-03,+1.141645559367E+00,+2.552724532961E+00,+36.549936786E-03
+3.113500000E-03,+1.141852845784E+00,+2.552724532961E+00,+37.416142798E-03
+3.113505000E-03,+1.141282808123E+00,+2.552724532961E+00,+38.871544796E-03
+3.113510000E-03,+1.140401840690E+00,+2.552724532961E+00,+39.786117654E-03
+3.113515000E-03,+1.139417230211E+00,+2.552724532961E+00,+41.276695520E-03
+3.113520000E-03,+1.138691727753E+00,+2.552724532961E+00,+42.195665362E-03
+3.113525000E-03,+1.137085257887E+00,+2.552724532961E+00,+43.497172889E-03
+3.113530000E-03,+1.135582431282E+00,+2.552724532961E+00,+44.495288458E-03
+3.113535000E-03,+1.133768675020E+00,+2.552724532961E+00,+45.796795979E-03
+3.113540000E-03,+1.131851275556E+00,+2.552724532961E+00,+46.944409029E-03
+3.113545000E-03,+1.130192984053E+00,+2.552724532961E+00,+47.951318572E-03
+3.113550000E-03,+1.127394617313E+00,+2.552724532961E+00,+49.208856241E-03
+3.113555000E-03,+1.124648072150E+00,+2.552724532961E+00,+50.105841165E-03
+3.113560000E-03,+1.122056991716E+00,+2.552724532961E+00,+51.341393905E-03
+3.113565000E-03,+1.119517733000E+00,+2.552724532961E+00,+52.374685369E-03
+3.113570000E-03,+1.116512079779E+00,+2.552724532961E+00,+53.456343624E-03
+3.113575000E-03,+1.113506426511E+00,+2.552724532961E+00,+54.538001932E-03
+3.113580000E-03,+1.110086200430E+00,+2.552724532961E+00,+55.478956673E-03
+3.113585000E-03,+1.105007682943E+00,+2.552724532961E+00,+56.749685324E-03
+3.113590000E-03,+1.101172883955E+00,+2.552724532961E+00,+57.431217964E-03
+3.113595000E-03,+1.098374517151E+00,+2.552724532961E+00,+58.750313436E-03
+3.113600000E-03,+1.092881426728E+00,+2.552724532961E+00,+59.502197837E-03
+3.113605000E-03,+1.088476590113E+00,+2.552724532961E+00,+60.728956626E-03
+3.113610000E-03,+1.084693612749E+00,+2.552724532961E+00,+61.599559624E-03
+3.113615000E-03,+1.079304165626E+00,+2.552724532961E+00,+62.562499321E-03
+3.113620000E-03,+1.073033751116E+00,+2.552724532961E+00,+63.661745538E-03
+3.113625000E-03,+1.068473449649E+00,+2.552724532961E+00,+64.501569651E-03
+3.113630000E-03,+1.062254856764E+00,+2.552724532961E+00,+65.644785713E-03
+3.113635000E-03,+1.057020874399E+00,+2.552724532961E+00,+66.269157582E-03
+3.113640000E-03,+1.050387708586E+00,+2.552724532961E+00,+67.588253020E-03
+3.113645000E-03,+1.044790975020E+00,+2.552724532961E+00,+68.159861077E-03
+3.113650000E-03,+1.037950522879E+00,+2.552724532961E+00,+69.421795719E-03
+3.113655000E-03,+1.032457432404E+00,+2.552724532961E+00,+69.980212814E-03
+3.113660000E-03,+1.024995120952E+00,+2.552724532961E+00,+71.035489175E-03
+3.113665000E-03,+1.017273701416E+00,+2.552724532961E+00,+71.844534398E-03
+3.113670000E-03,+1.011106930138E+00,+2.552724532961E+00,+72.684358509E-03
+3.113675000E-03,+1.004111013200E+00,+2.552724532961E+00,+73.524182627E-03
+3.113680000E-03,+996.285950431E-03,+2.552724532961E+00,+74.333227835E-03
+3.113685000E-03,+988.512709347E-03,+2.552724532961E+00,+75.195036874E-03
+3.113690000E-03,+980.687646557E-03,+2.552724532961E+00,+75.885363507E-03
+3.113695000E-03,+973.536264763E-03,+2.552724532961E+00,+76.676820774E-03
+3.113700000E-03,+966.281239680E-03,+2.552724532961E+00,+77.569408705E-03
+3.113705000E-03,+958.145247344E-03,+2.552724532961E+00,+78.264132310E-03
+3.113710000E-03,+948.506428369E-03,+2.552724532961E+00,+79.103956434E-03
+3.113715000E-03,+940.888652060E-03,+2.552724532961E+00,+79.653579531E-03
+3.113720000E-03,+931.716227566E-03,+2.552724532961E+00,+80.524182551E-03
+3.113725000E-03,+923.632056755E-03,+2.552724532961E+00,+80.893529279E-03
+3.113730000E-03,+915.029669921E-03,+2.552724532961E+00,+81.847674995E-03
+3.113735000E-03,+904.976278086E-03,+2.552724532961E+00,+82.221418710E-03
+3.113740000E-03,+895.492923917E-03,+2.552724532961E+00,+83.109609653E-03
+3.113745000E-03,+885.439532064E-03,+2.552724532961E+00,+83.593277999E-03
+3.113750000E-03,+876.007999498E-03,+2.552724532961E+00,+84.279207631E-03
+3.113755000E-03,+866.628288556E-03,+2.552724532961E+00,+84.929961400E-03
+3.113760000E-03,+856.212145408E-03,+2.552724532961E+00,+85.369659876E-03
+3.113765000E-03,+847.972509779E-03,+2.552724532961E+00,+86.103956360E-03
+3.113770000E-03,+836.209004937E-03,+2.552724532961E+00,+86.394157357E-03
+3.113775000E-03,+825.792861863E-03,+2.552724532961E+00,+87.190011618E-03
+3.113780000E-03,+814.236643393E-03,+2.552724532961E+00,+87.519785490E-03
+3.113785000E-03,+803.250462611E-03,+2.552724532961E+00,+88.201318137E-03
+3.113790000E-03,+792.108816984E-03,+2.552724532961E+00,+88.500313124E-03
+3.113795000E-03,+782.055425106E-03,+2.552724532961E+00,+89.036745266E-03
+3.113800000E-03,+771.483817188E-03,+2.552724532961E+00,+89.590765370E-03
+3.113805000E-03,+760.083063572E-03,+2.552724532961E+00,+89.902951294E-03
+3.113810000E-03,+748.734131493E-03,+2.552724532961E+00,+90.522926164E-03
+3.113815000E-03,+737.281556222E-03,+2.552724532961E+00,+90.632850785E-03
+3.113820000E-03,+726.088089092E-03,+2.552724532961E+00,+91.340765343E-03
+3.113825000E-03,+715.361016347E-03,+2.552724532961E+00,+91.380338223E-03
+3.113830000E-03,+703.390225005E-03,+2.552724532961E+00,+92.132222612E-03
+3.113835000E-03,+690.590288000E-03,+2.552724532961E+00,+92.211368363E-03
+3.113840000E-03,+678.982247884E-03,+2.552724532961E+00,+92.664257793E-03
+3.113845000E-03,+666.596883704E-03,+2.552724532961E+00,+92.897298004E-03
+3.113850000E-03,+654.626092366E-03,+2.552724532961E+00,+93.262247734E-03
+3.113855000E-03,+642.085263263E-03,+2.552724532961E+00,+93.596418600E-03
+3.113860000E-03,+629.181683043E-03,+2.552724532961E+00,+93.723931150E-03
+3.113865000E-03,+617.262713300E-03,+2.552724532961E+00,+94.058102000E-03
+3.113870000E-03,+604.825527512E-03,+2.552724532961E+00,+94.247172358E-03
+3.113875000E-03,+591.973768895E-03,+2.552724532961E+00,+94.436242697E-03
+3.113880000E-03,+579.018367073E-03,+2.552724532961E+00,+94.770413561E-03
+3.113885000E-03,+567.047575708E-03,+2.552724532961E+00,+94.730840680E-03
+3.113890000E-03,+552.278417566E-03,+2.552724532961E+00,+95.161745220E-03
+3.113895000E-03,+539.478480500E-03,+2.552724532961E+00,+94.862750232E-03
+3.113900000E-03,+526.315792195E-03,+2.552724532961E+00,+95.487122094E-03
+3.113905000E-03,+512.168493364E-03,+2.552724532961E+00,+95.100187412E-03
+3.113910000E-03,+498.850340272E-03,+2.552724532961E+00,+95.715765311E-03
+3.113915000E-03,+485.635830385E-03,+2.552724532961E+00,+95.245287915E-03
+3.113920000E-03,+471.229423434E-03,+2.552724532961E+00,+95.786117068E-03
+3.113925000E-03,+458.066735163E-03,+2.552724532961E+00,+95.478328118E-03
+3.113930000E-03,+444.230365983E-03,+2.552724532961E+00,+95.715765313E-03
+3.113935000E-03,+430.912212802E-03,+2.552724532961E+00,+95.649810522E-03
+3.113940000E-03,+415.210265862E-03,+2.552724532961E+00,+95.614634666E-03
+3.113945000E-03,+402.151220652E-03,+2.552724532961E+00,+95.684986396E-03
+3.113950000E-03,+387.433884170E-03,+2.552724532961E+00,+95.487122110E-03
+3.113955000E-03,+372.923834101E-03,+2.552724532961E+00,+95.645413537E-03
+3.113960000E-03,+357.791924680E-03,+2.552724532961E+00,+95.302448749E-03
+3.113965000E-03,+342.763658567E-03,+2.552724532961E+00,+95.377197454E-03
+3.113970000E-03,+329.030932513E-03,+2.552724532961E+00,+95.139760309E-03
+3.113975000E-03,+315.609136188E-03,+2.552724532961E+00,+95.095790423E-03
+3.113980000E-03,+300.477226829E-03,+2.552724532961E+00,+95.016644733E-03
+3.113985000E-03,+286.226284726E-03,+2.552724532961E+00,+94.642900984E-03
+3.113990000E-03,+270.783445758E-03,+2.552724532961E+00,+94.739634678E-03
+3.113995000E-03,+255.910644387E-03,+2.552724532961E+00,+94.291142194E-03
+3.114000000E-03,+241.141486294E-03,+2.552724532961E+00,+94.313127145E-03
+3.114005000E-03,+225.957755314E-03,+2.552724532961E+00,+93.816267836E-03
+3.114010000E-03,+211.965921271E-03,+2.552724532961E+00,+93.759107041E-03
+3.114015000E-03,+197.041298253E-03,+2.552724532961E+00,+93.301820610E-03
+3.114020000E-03,+182.272140129E-03,+2.552724532961E+00,+93.196292980E-03
+3.114025000E-03,+166.155620241E-03,+2.552724532961E+00,+92.844534185E-03
+3.114030000E-03,+150.764602805E-03,+2.552724532961E+00,+92.435614599E-03
+3.114035000E-03,+135.995444654E-03,+2.552724532961E+00,+92.233353283E-03
+3.114040000E-03,+120.293497573E-03,+2.552724532961E+00,+91.718906063E-03
+3.114045000E-03,+104.954301847E-03,+2.552724532961E+00,+91.529835704E-03
+3.114050000E-03,+89.874214086E-03,+2.552724532961E+00,+91.015388486E-03
+3.114055000E-03,+74.172266925E-03,+2.552724532961E+00,+90.685614598E-03
+3.114060000E-03,+58.470319866E-03,+2.552724532961E+00,+90.320664882E-03
+3.114065000E-03,+43.960269734E-03,+2.552724532961E+00,+89.757850785E-03
+3.114070000E-03,+29.139290056E-03,+2.552724532961E+00,+89.524810613E-03
+3.114075000E-03,+13.126413312E-03,+2.552724532961E+00,+88.693780458E-03
+3.114080000E-03,-1.435458387E-03,+2.552724532961E+00,+88.663001575E-03
+3.114085000E-03,-16.360081356E-03,+2.552724532961E+00,+87.620916151E-03
+3.114090000E-03,-31.336525937E-03,+2.552724532961E+00,+87.686870927E-03
+3.114095000E-03,-44.861965500E-03,+2.552724532961E+00,+86.649182491E-03
+3.114100000E-03,-60.356626057E-03,+2.552724532961E+00,+86.539257869E-03
+3.114105000E-03,-75.384892227E-03,+2.552724532961E+00,+85.668654867E-03
+3.114110000E-03,-90.102228789E-03,+2.552724532961E+00,+85.233353361E-03
+3.114115000E-03,-106.322391918E-03,+2.552724532961E+00,+84.696921209E-03
+3.114120000E-03,-122.231625461E-03,+2.552724532961E+00,+83.909860924E-03
+3.114125000E-03,-138.710896578E-03,+2.552724532961E+00,+83.500941322E-03
+3.114130000E-03,-153.531876323E-03,+2.552724532961E+00,+82.507222751E-03
+3.114135000E-03,-168.197391255E-03,+2.552724532961E+00,+82.234609674E-03
+3.114140000E-03,-183.692051898E-03,+2.552724532961E+00,+81.170539353E-03
+3.114145000E-03,-197.372956305E-03,+2.552724532961E+00,+80.849559431E-03
+3.114150000E-03,-211.312968687E-03,+2.552724532961E+00,+80.000941379E-03
+3.114155000E-03,-227.222202121E-03,+2.552724532961E+00,+79.323805676E-03
+3.114160000E-03,-242.924149275E-03,+2.552724532961E+00,+78.712624808E-03
+3.114165000E-03,-257.952415450E-03,+2.552724532961E+00,+77.758479059E-03
+3.114170000E-03,-273.187968033E-03,+2.552724532961E+00,+77.345162508E-03
+3.114175000E-03,-288.423520620E-03,+2.552724532961E+00,+76.162373563E-03
+3.114180000E-03,-302.829927491E-03,+2.552724532961E+00,+75.784232872E-03
+3.114185000E-03,-316.666296726E-03,+2.552724532961E+00,+74.495916296E-03
+3.114190000E-03,-332.471887023E-03,+2.552724532961E+00,+74.240891178E-03
+3.114195000E-03,-346.619185857E-03,+2.552724532961E+00,+72.934986667E-03
+3.114200000E-03,-361.025592724E-03,+2.552724532961E+00,+72.495288178E-03
+3.114205000E-03,-376.261145284E-03,+2.552724532961E+00,+71.325690203E-03
+3.114210000E-03,-390.771195379E-03,+2.552724532961E+00,+70.529835938E-03
+3.114215000E-03,-403.985705320E-03,+2.552724532961E+00,+69.610866102E-03
+3.114220000E-03,-419.221257948E-03,+2.552724532961E+00,+68.713881187E-03
+3.114225000E-03,-434.819561714E-03,+2.552724532961E+00,+67.860866115E-03
+3.114230000E-03,-449.225968677E-03,+2.552724532961E+00,+66.845162619E-03
+3.114235000E-03,-462.647765057E-03,+2.552724532961E+00,+65.996544528E-03
+3.114240000E-03,-476.484134251E-03,+2.552724532961E+00,+64.985238019E-03
+3.114245000E-03,-491.253292370E-03,+2.552724532961E+00,+64.017901333E-03
+3.114250000E-03,-505.245126318E-03,+2.552724532961E+00,+63.239635023E-03
+3.114255000E-03,-518.407814678E-03,+2.552724532961E+00,+62.026067178E-03
+3.114260000E-03,-531.881432647E-03,+2.552724532961E+00,+61.340137551E-03
+3.114265000E-03,-545.303228954E-03,+2.552724532961E+00,+60.003454142E-03
+3.114270000E-03,-558.569560502E-03,+2.552724532961E+00,+59.418655151E-03
+3.114275000E-03,-572.146821654E-03,+2.552724532961E+00,+57.923680303E-03
+3.114280000E-03,-585.361331512E-03,+2.552724532961E+00,+57.387248135E-03
+3.114285000E-03,-598.264911863E-03,+2.552724532961E+00,+55.817524548E-03
+3.114290000E-03,-611.686708160E-03,+2.552724532961E+00,+55.109609969E-03
+3.114295000E-03,-624.849396452E-03,+2.552724532961E+00,+53.821293416E-03
+3.114300000E-03,-637.804798287E-03,+2.552724532961E+00,+52.955087384E-03
+3.114305000E-03,-650.241984111E-03,+2.552724532961E+00,+51.750313541E-03
+3.114310000E-03,-662.212775536E-03,+2.552724532961E+00,+50.879710513E-03
+3.114315000E-03,-674.494496487E-03,+2.552724532961E+00,+49.630966829E-03
+3.114320000E-03,-687.035325448E-03,+2.552724532961E+00,+48.720790946E-03
+3.114325000E-03,-700.405300225E-03,+2.552724532961E+00,+47.335740716E-03
+3.114330000E-03,-711.495124195E-03,+2.552724532961E+00,+46.539886457E-03
+3.114335000E-03,-724.554169225E-03,+2.552724532961E+00,+44.921796020E-03
+3.114340000E-03,-736.317674180E-03,+2.552724532961E+00,+44.372172910E-03
+3.114345000E-03,-748.599395121E-03,+2.552724532961E+00,+42.490263375E-03
+3.114350000E-03,-760.207435189E-03,+2.552724532961E+00,+42.063755845E-03
+3.114355000E-03,-771.245437643E-03,+2.552724532961E+00,+40.093906625E-03
+3.114360000E-03,-782.438904864E-03,+2.552724532961E+00,+39.689384014E-03
+3.114365000E-03,-795.238841835E-03,+2.552724532961E+00,+37.693152881E-03
+3.114370000E-03,-806.069557841E-03,+2.552724532961E+00,+37.213881524E-03
+3.114375000E-03,-816.071128029E-03,+2.552724532961E+00,+35.340765968E-03
+3.114380000E-03,-827.523703293E-03,+2.552724532961E+00,+34.786745866E-03
+3.114385000E-03,-837.214343962E-03,+2.552724532961E+00,+33.080715745E-03
+3.114390000E-03,-848.304167913E-03,+2.552724532961E+00,+32.161745898E-03
+3.114395000E-03,-858.461203045E-03,+2.552724532961E+00,+30.657977071E-03
+3.114400000E-03,-868.670059691E-03,+2.552724532961E+00,+29.567524826E-03
+3.114405000E-03,-879.811705282E-03,+2.552724532961E+00,+28.340766038E-03
+3.114410000E-03,-889.657810755E-03,+2.552724532961E+00,+27.030464558E-03
+3.114415000E-03,-899.711202575E-03,+2.552724532961E+00,+25.878454502E-03
+3.114420000E-03,-910.127345749E-03,+2.552724532961E+00,+24.515389210E-03
+3.114425000E-03,-919.973451083E-03,+2.552724532961E+00,+23.306218352E-03
+3.114430000E-03,-929.508626865E-03,+2.552724532961E+00,+22.035489741E-03
+3.114435000E-03,-939.769305133E-03,+2.552724532961E+00,+20.725188227E-03
+3.114440000E-03,-948.319870438E-03,+2.552724532961E+00,+19.454459613E-03
+3.114445000E-03,-958.010511023E-03,+2.552724532961E+00,+18.100188267E-03
+3.114450000E-03,-966.716541081E-03,+2.552724532961E+00,+16.908605366E-03
+3.114455000E-03,-974.593425479E-03,+2.552724532961E+00,+15.615891808E-03
+3.114460000E-03,-983.973136373E-03,+2.552724532961E+00,+14.266017453E-03
+3.114465000E-03,-992.834631248E-03,+2.552724532961E+00,+13.043655663E-03
+3.114470000E-03,-1.000866980413E+00,+2.552724532961E+00,+11.632223508E-03
+3.114475000E-03,-1.008847507980E+00,+2.552724532961E+00,+10.524183321E-03
+3.114480000E-03,-1.017138965177E+00,+2.552724532961E+00,+8.910489871E-03
+3.114485000E-03,-1.025015849510E+00,+2.552724532961E+00,+7.903580332E-03
+3.114490000E-03,-1.032426339353E+00,+2.552724532961E+00,+6.333856742E-03
+3.114495000E-03,-1.039318613181E+00,+2.552724532961E+00,+5.322550205E-03
+3.114500000E-03,-1.046832746243E+00,+2.552724532961E+00,+3.818781384E-03
+3.114505000E-03,-1.054035949711E+00,+2.552724532961E+00,+2.688756258E-03
+3.114510000E-03,-1.060980045091E+00,+2.552724532961E+00,+1.352072873E-03
+3.114515000E-03,-1.067924140494E+00,+2.552724532961E+00,-90.138172E-06
+3.114520000E-03,-1.074816414313E+00,+2.552724532961E+00,-1.127826602E-03
+3.114525000E-03,-1.079428537417E+00,+2.552724532961E+00,-2.811871818E-03
+3.114530000E-03,-1.086372632796E+00,+2.552724532961E+00,-3.594535120E-03
+3.114535000E-03,-1.092280296054E+00,+2.552724532961E+00,-5.472047658E-03
+3.114540000E-03,-1.097151527106E+00,+2.552724532961E+00,-6.285489870E-03
+3.114545000E-03,-1.102385509575E+00,+2.552724532961E+00,-8.066268736E-03
+3.114550000E-03,-1.108604102431E+00,+2.552724532961E+00,-8.928077783E-03
+3.114555000E-03,-1.114563587282E+00,+2.552724532961E+00,-10.651695835E-03
+3.114560000E-03,-1.118605672685E+00,+2.552724532961E+00,-11.588253638E-03
+3.114565000E-03,-1.124409692676E+00,+2.552724532961E+00,-13.250313899E-03
+3.114570000E-03,-1.128348134915E+00,+1.619071941037E+00,-14.323178229E-03
+3.114575000E-03,-1.131561074603E+00,-132.419905370E-03,-15.620288753E-03
+3.114580000E-03,-1.136276840818E+00,-180.080085688E-03,-16.961369158E-03
+3.114585000E-03,-1.140059818169E+00,-28.933735893E-03,-18.421168131E-03
+3.114590000E-03,-1.143998260309E+00,+171.835742390E-03,-19.639132935E-03
+3.114595000E-03,-1.147366664791E+00,-82.482724162E-03,-20.953831415E-03
+3.114600000E-03,-1.151667858231E+00,-74.866518989E-03,-22.123429384E-03
+3.114605000E-03,-1.154258938620E+00,-97.479584995E-03,-23.592022350E-03
+3.114610000E-03,-1.156487267780E+00,-16.842022706E-03,-24.761620321E-03
+3.114615000E-03,-1.159855672200E+00,-55.080087069E-03,-26.340137896E-03
+3.114620000E-03,-1.162394931038E+00,-48.563127678E-03,-27.245916775E-03
+3.114625000E-03,-1.164726903417E+00,-63.245916322E-03,-29.017901677E-03
+3.114630000E-03,-1.167628913403E+00,-48.013504821E-03,-29.782977052E-03
+3.114635000E-03,-1.169598134464E+00,-51.939383700E-03,-31.594534808E-03
+3.114640000E-03,-1.170012707371E+00,-51.311243183E-03,-32.364007185E-03
+3.114645000E-03,-1.173225646964E+00,-52.253454178E-03,-34.004082523E-03
+3.114650000E-03,-1.172707430946E+00,-48.877198070E-03,-34.945037305E-03
+3.114655000E-03,-1.175298511311E+00,-49.819409058E-03,-36.457600085E-03
+3.114660000E-03,-1.175609440980E+00,-48.563127613E-03,-37.614007127E-03
+3.114665000E-03,-1.176749516316E+00,-49.897926601E-03,-38.836368910E-03
+3.114670000E-03,-1.177371375634E+00,-49.740891347E-03,-40.133479455E-03
+3.114675000E-03,-1.178045056556E+00,-49.269785991E-03,-41.188755826E-03
+3.114680000E-03,-1.178045056512E+00,-50.918655161E-03,-42.666142743E-03
+3.114685000E-03,-1.178563272606E+00,-50.290514588E-03,-43.695037211E-03
+3.114690000E-03,-1.178355986181E+00,-50.133479428E-03,-44.974559797E-03
+3.114695000E-03,-1.178045056503E+00,-48.641645222E-03,-46.122172860E-03
+3.114700000E-03,-1.177785948513E+00,-49.034233187E-03,-47.370916564E-03
+3.114705000E-03,-1.176853159569E+00,-47.306846249E-03,-48.474559771E-03
+3.114710000E-03,-1.175609440999E+00,-47.463881423E-03,-49.710112508E-03
+3.114715000E-03,-1.174158436013E+00,-48.092022054E-03,-50.844534615E-03
+3.114720000E-03,-1.172914717400E+00,-48.406092505E-03,-52.062499419E-03
+3.114725000E-03,-1.172137393264E+00,-49.191268245E-03,-53.166142632E-03
+3.114730000E-03,-1.170530923432E+00,-48.249057294E-03,-54.458856188E-03
+3.114735000E-03,-1.168406237563E+00,-47.777951771E-03,-55.364635062E-03
+3.114740000E-03,-1.166799767703E+00,-47.542398988E-03,-56.811243096E-03
+3.114745000E-03,-1.164415973758E+00,-48.092022091E-03,-57.475187808E-03
+3.114750000E-03,-1.162239466273E+00,-47.385363792E-03,-59.154836034E-03
+3.114755000E-03,-1.160114780347E+00,-45.657976832E-03,-59.581343560E-03
+3.114760000E-03,-1.156435446225E+00,-46.678705457E-03,-61.423680232E-03
+3.114765000E-03,-1.153948009133E+00,-46.364635255E-03,-61.669911387E-03
+3.114770000E-03,-1.151512393470E+00,-45.579459369E-03,-63.547423929E-03
+3.114775000E-03,-1.147884881038E+00,-46.050564863E-03,-63.907976691E-03
+3.114780000E-03,-1.145138335822E+00,-46.914258328E-03,-65.556846010E-03
+3.114785000E-03,-1.141199893644E+00,-46.992775967E-03,-66.110866113E-03
+3.114790000E-03,-1.136225019373E+00,-46.364635108E-03,-67.469534432E-03
+3.114795000E-03,-1.132234755646E+00,-48.484609901E-03,-68.274182668E-03
+3.114800000E-03,-1.128710886274E+00,-46.207600030E-03,-69.289886181E-03
+3.114805000E-03,-1.124046941571E+00,-46.600188039E-03,-70.393529382E-03
+3.114810000E-03,-1.119434818514E+00,-44.166142772E-03,-71.110237924E-03
+3.114815000E-03,-1.113216225757E+00,-44.087625237E-03,-72.429333375E-03
+3.114820000E-03,-1.108552281025E+00,-45.265388859E-03,-72.978956503E-03
+3.114825000E-03,-1.104043801116E+00,-44.323177903E-03,-74.385991636E-03
+3.114830000E-03,-1.098395245856E+00,-44.009107591E-03,-74.803705228E-03
+3.114835000E-03,-1.091917544993E+00,-45.029836209E-03,-76.263504175E-03
+3.114840000E-03,-1.087098135454E+00,-45.500941606E-03,-76.690011743E-03
+3.114845000E-03,-1.081190472239E+00,-45.343906513E-03,-77.987122253E-03
+3.114850000E-03,-1.075956489849E+00,-46.050564819E-03,-78.589509211E-03
+3.114855000E-03,-1.069789718607E+00,-44.166142750E-03,-79.759107162E-03
+3.114860000E-03,-1.063363839235E+00,-45.422424159E-03,-80.365891096E-03
+3.114865000E-03,-1.056678851894E+00,-44.323177976E-03,-81.337624741E-03
+3.114870000E-03,-1.050097507709E+00,-45.029836201E-03,-82.142272978E-03
+3.114875000E-03,-1.042013337000E+00,-43.302449315E-03,-83.052448852E-03
+3.114880000E-03,-1.034551025532E+00,-44.637248236E-03,-83.694408635E-03
+3.114885000E-03,-1.026311389928E+00,-43.695037287E-03,-84.718906116E-03
+3.114890000E-03,-1.018900900043E+00,-43.380966931E-03,-85.272926200E-03
+3.114895000E-03,-1.011179480513E+00,-41.575062413E-03,-86.372172436E-03
+3.114900000E-03,-1.003872633803E+00,-44.480213091E-03,-86.737122174E-03
+3.114905000E-03,-995.218425417E-03,-43.930590019E-03,-87.884735235E-03
+3.114910000E-03,-987.548827529E-03,-43.302449300E-03,-88.148554323E-03
+3.114915000E-03,-977.961830208E-03,-43.616519552E-03,-89.247800539E-03
+3.114920000E-03,-969.411264870E-03,-43.302449270E-03,-89.599559332E-03
+3.114925000E-03,-960.808878042E-03,-44.794283447E-03,-90.571292996E-03
+3.114930000E-03,-952.310134429E-03,-43.538002083E-03,-90.945036710E-03
+3.114935000E-03,-942.464029012E-03,-42.909861349E-03,-91.749684934E-03
+3.114940000E-03,-932.099707510E-03,-43.145414126E-03,-92.215765345E-03
+3.114945000E-03,-923.341855904E-03,-43.852072410E-03,-92.954458792E-03
+3.114950000E-03,-912.562961474E-03,-43.145414297E-03,-93.556845723E-03
+3.114955000E-03,-901.265851072E-03,-42.988378959E-03,-94.049308031E-03
+3.114960000E-03,-891.523388889E-03,-43.302449307E-03,-94.590137166E-03
+3.114965000E-03,-881.107245726E-03,-42.046167944E-03,-95.201318070E-03
+3.114970000E-03,-870.950210658E-03,-41.889132672E-03,-95.623428621E-03
+3.114975000E-03,-862.503288673E-03,-42.360238359E-03,-96.331343181E-03
+3.114980000E-03,-852.138967166E-03,-44.244660233E-03,-96.573177353E-03
+3.114985000E-03,-840.945499994E-03,-42.595790979E-03,-97.377825586E-03
+3.114990000E-03,-830.011140810E-03,-43.695037191E-03,-97.549307996E-03
+3.114995000E-03,-818.662208726E-03,-42.438755849E-03,-98.336368278E-03
