x-axis,1,2,3
second,Volt,Volt,Volt
+3.105000000E-03,-752.900588713E-03,+2.552724532961E+00,+41.861494527E-03
+3.105005000E-03,-765.337774510E-03,+2.552724532961E+00,+40.511620169E-03
+3.105010000E-03,-776.479420119E-03,+2.552724532961E+00,+39.592650330E-03
+3.105015000E-03,-788.709319485E-03,+2.552724532961E+00,+38.097675472E-03
+3.105020000E-03,-798.969997767E-03,+2.552724532961E+00,+37.213881511E-03
+3.105025000E-03,-810.837145881E-03,+2.552724532961E+00,+35.648554895E-03
+3.105030000E-03,-820.942359340E-03,+2.552724532961E+00,+34.861494602E-03
+3.105035000E-03,-831.721253698E-03,+2.552724532961E+00,+33.168655424E-03
+3.105040000E-03,-842.551969662E-03,+2.552724532961E+00,+32.368404176E-03
+3.105045000E-03,-852.864469551E-03,+2.552724532961E+00,+30.750313741E-03
+3.105050000E-03,-863.176969441E-03,+2.552724532961E+00,+29.897298675E-03
+3.105055000E-03,-873.489469330E-03,+2.552724532961E+00,+28.270414270E-03
+3.105060000E-03,-883.646504398E-03,+2.552724532961E+00,+27.329459506E-03
+3.105065000E-03,-894.529041970E-03,+2.552724532961E+00,+25.852072588E-03
+3.105070000E-03,-904.893363466E-03,+2.552724532961E+00,+24.752826368E-03
+3.105075000E-03,-914.221252814E-03,+2.552724532961E+00,+23.284233419E-03
+3.105080000E-03,-924.792860740E-03,+2.552724532961E+00,+22.290514837E-03
+3.105085000E-03,-933.550712406E-03,+2.552724532961E+00,+20.769158069E-03
+3.105090000E-03,-942.412207285E-03,+2.552724532961E+00,+19.788630441E-03
+3.105095000E-03,-951.688275025E-03,+2.552724532961E+00,+18.152952067E-03
+3.105100000E-03,-960.290661868E-03,+2.552724532961E+00,+17.146042530E-03
+3.105105000E-03,-969.670372822E-03,+2.552724532961E+00,+15.571921944E-03
+3.105110000E-03,-978.324581272E-03,+2.552724532961E+00,+14.644158135E-03
+3.105115000E-03,-987.289719367E-03,+2.552724532961E+00,+13.087625488E-03
+3.105120000E-03,-995.632998172E-03,+2.552724532961E+00,+11.975188314E-03
+3.105125000E-03,-1.003043488043E+00,+2.552724532961E+00,+10.497801396E-03
+3.105130000E-03,-1.010609442735E+00,+2.552724532961E+00,+9.271042614E-03
+3.105135000E-03,-1.018797256718E+00,+2.552724532961E+00,+7.960741121E-03
+3.105140000E-03,-1.026104103373E+00,+2.552724532961E+00,+6.558102945E-03
+3.105145000E-03,-1.033514593244E+00,+2.552724532961E+00,+5.551193408E-03
+3.105150000E-03,-1.040976904721E+00,+2.552724532961E+00,+3.783605487E-03
+3.105155000E-03,-1.048646502629E+00,+2.552724532961E+00,+3.036118058E-03
+3.105160000E-03,-1.055227846780E+00,+2.552724532961E+00,+1.127826621E-03
+3.105165000E-03,-1.062327407005E+00,+2.552724532961E+00,+389.133162E-06
+3.105170000E-03,-1.068390535081E+00,+2.552724532961E+00,-1.488379381E-03
+3.105175000E-03,-1.074816414410E+00,+2.552724532961E+00,-2.178706006E-03
+3.105180000E-03,-1.080983185700E+00,+2.552724532961E+00,-4.025439655E-03
+3.105185000E-03,-1.087305421812E+00,+2.552724532961E+00,-4.865263767E-03
+3.105190000E-03,-1.093109441852E+00,+2.552724532961E+00,-6.584484854E-03
+3.105195000E-03,-1.097877029741E+00,+2.552724532961E+00,-7.556218511E-03
+3.105200000E-03,-1.103421941742E+00,+2.552724532961E+00,-9.059987340E-03
+3.105205000E-03,-1.108863210527E+00,+2.552724532961E+00,-10.343906924E-03
+3.105210000E-03,-1.114097192884E+00,+2.552724532961E+00,-11.645414448E-03
+3.105215000E-03,-1.119331175239E+00,+2.552724532961E+00,-13.004082774E-03
+3.105220000E-03,-1.123580547054E+00,+1.951515369335E+00,-14.257223465E-03
+3.105225000E-03,-1.128140848511E+00,-85.623428479E-03,-15.541143049E-03
+3.105230000E-03,-1.132338398720E+00,-178.352699085E-03,-16.794283740E-03
+3.105235000E-03,-1.135551338383E+00,-78.164258072E-03,-18.311243521E-03
+3.105240000E-03,-1.140318926273E+00,+198.924306953E-03,-19.467650545E-03
+3.105245000E-03,-1.142961828255E+00,-74.709484069E-03,-20.782349023E-03
+3.105250000E-03,-1.146744805600E+00,-72.039886165E-03,-22.000313835E-03
+3.105255000E-03,-1.150424139731E+00,-102.190639615E-03,-23.407348995E-03
+3.105260000E-03,-1.153429792965E+00,-20.924936981E-03,-24.717650489E-03
+3.105265000E-03,-1.155761765301E+00,-53.038630067E-03,-26.041142936E-03
+3.105270000E-03,-1.158611953713E+00,-48.720162800E-03,-27.298680612E-03
+3.105275000E-03,-1.161047569265E+00,-62.931846053E-03,-28.586997180E-03
+3.105280000E-03,-1.163535006426E+00,-50.211996958E-03,-29.734610234E-03
+3.105285000E-03,-1.164830546613E+00,-51.782348689E-03,-31.255967001E-03
+3.105290000E-03,-1.166437016444E+00,-51.782348696E-03,-32.284861463E-03
+3.105295000E-03,-1.168820810387E+00,-52.646042146E-03,-33.683102653E-03
+3.105300000E-03,-1.170479101829E+00,-51.703831104E-03,-34.821921738E-03
+3.105305000E-03,-1.172396501306E+00,-50.290514534E-03,-36.215765943E-03
+3.105310000E-03,-1.172759252558E+00,-48.170539681E-03,-37.376569951E-03
+3.105315000E-03,-1.175143046501E+00,-49.269785906E-03,-38.713253353E-03
+3.105320000E-03,-1.174883938465E+00,-50.526067297E-03,-40.054333742E-03
+3.105325000E-03,-1.175194868110E+00,-49.112750729E-03,-41.184358854E-03
+3.105330000E-03,-1.175609440973E+00,-49.426821078E-03,-42.521042258E-03
+3.105335000E-03,-1.176127657045E+00,-50.211996949E-03,-43.409233202E-03
+3.105340000E-03,-1.175350332931E+00,-51.546795930E-03,-45.022926653E-03
+3.105345000E-03,-1.175091224896E+00,-49.348303492E-03,-45.818780915E-03
+3.105350000E-03,-1.175505797753E+00,-47.777951752E-03,-47.388504517E-03
+3.105355000E-03,-1.175194868110E+00,-49.034233143E-03,-48.263504507E-03
+3.105360000E-03,-1.174521187215E+00,-48.092022098E-03,-49.652951729E-03
+3.105365000E-03,-1.173899327924E+00,-46.914258297E-03,-50.681846190E-03
+3.105370000E-03,-1.172707430953E+00,-48.641645206E-03,-51.952574819E-03
+3.105375000E-03,-1.171256425942E+00,-49.662373835E-03,-53.073805964E-03
+3.105380000E-03,-1.168924453607E+00,-48.563127625E-03,-54.080715500E-03
+3.105385000E-03,-1.167732556634E+00,-48.798680384E-03,-55.522926541E-03
+3.105390000E-03,-1.165348762687E+00,-48.955715555E-03,-56.261620000E-03
+3.105395000E-03,-1.164675081790E+00,-47.228328642E-03,-57.769785813E-03
+3.105400000E-03,-1.163120433564E+00,-47.777951745E-03,-58.433730529E-03
+3.105405000E-03,-1.159285634615E+00,-48.092022098E-03,-59.937499357E-03
+3.105410000E-03,-1.157005483885E+00,-47.071293467E-03,-60.658604878E-03
+3.105415000E-03,-1.154725333154E+00,-47.071293466E-03,-62.043655113E-03
+3.105420000E-03,-1.151926966350E+00,-47.071293465E-03,-63.041770681E-03
+3.105425000E-03,-1.148558561868E+00,-46.286117599E-03,-63.951946550E-03
+3.105430000E-03,-1.145345622201E+00,-47.306846227E-03,-65.293026939E-03
+3.105435000E-03,-1.140215283062E+00,-47.777951747E-03,-65.956971654E-03
+3.105440000E-03,-1.137624202687E+00,-46.443152764E-03,-67.509107317E-03
+3.105445000E-03,-1.133219366051E+00,-46.443152770E-03,-67.913629925E-03
+3.105450000E-03,-1.128710886198E+00,-45.422424134E-03,-69.571293224E-03
+3.105455000E-03,-1.124513335991E+00,-46.364635182E-03,-69.905464075E-03
+3.105460000E-03,-1.119745748105E+00,-45.422424139E-03,-71.549936419E-03
+3.105465000E-03,-1.113734441635E+00,-44.951318617E-03,-71.906092194E-03
+3.105470000E-03,-1.108655924104E+00,-45.500941726E-03,-73.321921325E-03
+3.105475000E-03,-1.102489152810E+00,-44.166142744E-03,-73.858353480E-03
+3.105480000E-03,-1.096996062421E+00,-46.521670357E-03,-75.098303215E-03
+3.105485000E-03,-1.091762080062E+00,-45.500941725E-03,-75.836996674E-03
+3.105490000E-03,-1.085284379126E+00,-46.914258288E-03,-76.874685106E-03
+3.105495000E-03,-1.079532180696E+00,-45.265388961E-03,-77.622172535E-03
+3.105500000E-03,-1.073624517447E+00,-46.286117599E-03,-78.721418755E-03
+3.105505000E-03,-1.067457746154E+00,-44.009107572E-03,-79.310614727E-03
+3.105510000E-03,-1.061135510044E+00,-44.637248263E-03,-80.480212706E-03
+3.105515000E-03,-1.054657809108E+00,-45.422424134E-03,-80.906720238E-03
+3.105520000E-03,-1.048646502635E+00,-44.244660329E-03,-82.304961430E-03
+3.105525000E-03,-1.041080547943E+00,-44.794283439E-03,-82.581971476E-03
+3.105530000E-03,-1.034240095755E+00,-43.459484464E-03,-84.010991563E-03
+3.105535000E-03,-1.026363211417E+00,-43.773554808E-03,-84.068152365E-03
+3.105540000E-03,-1.019160007984E+00,-43.538002048E-03,-85.712624710E-03
+3.105545000E-03,-1.011594053282E+00,-42.595791003E-03,-85.681845815E-03
+3.105550000E-03,-1.003095309659E+00,-42.517273417E-03,-87.198805598E-03
+3.105555000E-03,-995.995749434E-03,-43.695037218E-03,-87.233981477E-03
+3.105560000E-03,-988.377973135E-03,-41.967650305E-03,-88.513504076E-03
+3.105565000E-03,-979.257370217E-03,-43.616519631E-03,-88.772926184E-03
+3.105570000E-03,-970.654983374E-03,-42.674308586E-03,-89.731468887E-03
+3.105575000E-03,-962.674455819E-03,-44.087625156E-03,-90.250313103E-03
+3.105580000E-03,-952.828350400E-03,-42.831343761E-03,-91.063755305E-03
+3.105585000E-03,-945.106930883E-03,-43.773554805E-03,-91.635363340E-03
+3.105590000E-03,-935.571755106E-03,-43.459484458E-03,-92.259735192E-03
+3.105595000E-03,-925.466541647E-03,-43.695037220E-03,-92.831343226E-03
+3.105600000E-03,-915.205863366E-03,-44.872801023E-03,-93.433730155E-03
+3.105605000E-03,-905.774330802E-03,-43.302449286E-03,-93.948177385E-03
+3.105610000E-03,-894.788150018E-03,-42.909861355E-03,-94.651694966E-03
+3.105615000E-03,-884.942044594E-03,-42.831343764E-03,-95.060614559E-03
+3.105620000E-03,-874.836831134E-03,-41.967650304E-03,-95.847674852E-03
+3.105625000E-03,-864.783439280E-03,-42.281720657E-03,-96.049936156E-03
+3.105630000E-03,-854.989155468E-03,-41.810615127E-03,-96.920539163E-03
+3.105635000E-03,-843.277472182E-03,-41.967650311E-03,-96.973302981E-03
+3.105640000E-03,-833.327723538E-03,-42.517273412E-03,-97.896669805E-03
+3.105645000E-03,-821.512397040E-03,-41.967650303E-03,-97.949433624E-03
+3.105650000E-03,-810.111643394E-03,-42.831343758E-03,-98.762875826E-03
+3.105655000E-03,-798.814532960E-03,-42.595791005E-03,-98.903579343E-03
+3.105660000E-03,-785.910952694E-03,-42.281720653E-03,-99.646669786E-03
+3.105665000E-03,-775.391166369E-03,-42.281720651E-03,-99.721418530E-03
+3.105670000E-03,-762.746694148E-03,-43.695037214E-03,-100.385363246E-03
+3.105675000E-03,-749.843113882E-03,-43.459484458E-03,-100.477699928E-03
+3.105680000E-03,-738.856933094E-03,-44.401695504E-03,-101.102071781E-03
+3.105685000E-03,-726.575212124E-03,-41.025439260E-03,-101.080086857E-03
+3.105690000E-03,-713.930739898E-03,-42.831343766E-03,-101.761619512E-03
+3.105695000E-03,-702.892737501E-03,-42.438755827E-03,-101.629709967E-03
+3.105700000E-03,-689.574584377E-03,-42.203203068E-03,-102.337624531E-03
+3.105705000E-03,-676.981933761E-03,-41.889132721E-03,-102.113378303E-03
+3.105710000E-03,-664.959320825E-03,-42.046167895E-03,-102.918026535E-03
+3.105715000E-03,-652.211205383E-03,-43.380966871E-03,-102.592649655E-03
+3.105720000E-03,-639.463089942E-03,-41.653579959E-03,-103.265388341E-03
+3.105725000E-03,-625.160326279E-03,-42.988378932E-03,-103.085111961E-03
+3.105730000E-03,-612.464032440E-03,-43.066896525E-03,-103.669910949E-03
+3.105735000E-03,-598.783128069E-03,-41.182474434E-03,-103.436870752E-03
+3.105740000E-03,-586.345942268E-03,-42.752826169E-03,-103.889760193E-03
+3.105745000E-03,-573.079610755E-03,-41.653579955E-03,-103.762247633E-03
+3.105750000E-03,-560.435138526E-03,-41.025439261E-03,-104.056845619E-03
+3.105755000E-03,-546.546947723E-03,-42.831343761E-03,-104.114006422E-03
+3.105760000E-03,-533.954297101E-03,-42.281720649E-03,-104.114006423E-03
+3.105765000E-03,-520.221571117E-03,-42.124685480E-03,-104.320664712E-03
+3.105770000E-03,-505.866985846E-03,-41.496544782E-03,-104.263503909E-03
+3.105775000E-03,-491.978795040E-03,-40.868404084E-03,-104.373428530E-03
+3.105780000E-03,-476.795064051E-03,-42.988378928E-03,-104.272297879E-03
+3.105785000E-03,-463.476910928E-03,-42.595791004E-03,-104.364634560E-03
+3.105790000E-03,-449.225968866E-03,-42.046167892E-03,-104.263503910E-03
+3.105795000E-03,-433.886773048E-03,-41.810615133E-03,-104.259106922E-03
+3.105800000E-03,-419.843117421E-03,-41.182474435E-03,-104.140388333E-03
+3.105805000E-03,-404.400278399E-03,-40.789886507E-03,-104.061242604E-03
+3.105810000E-03,-390.252979547E-03,-41.182474440E-03,-103.973302908E-03
+3.105815000E-03,-376.468431958E-03,-41.339509605E-03,-103.885363208E-03
+3.105820000E-03,-360.559198461E-03,-42.046167891E-03,-103.749056678E-03
+3.105825000E-03,-346.256434795E-03,-41.496544786E-03,-103.647926025E-03
+3.105830000E-03,-330.761774156E-03,-41.418027197E-03,-103.436870752E-03
+3.105835000E-03,-315.578043166E-03,-41.103956846E-03,-103.410488842E-03
+3.105840000E-03,-300.912528254E-03,-41.339509607E-03,-103.063127037E-03
+3.105845000E-03,-285.780618858E-03,-40.868404078E-03,-103.014760203E-03
+3.105850000E-03,-270.545066264E-03,-42.203203060E-03,-102.522297898E-03
+3.105855000E-03,-256.086837770E-03,-41.260992025E-03,-102.619031564E-03
+3.105860000E-03,-240.903106779E-03,-41.182474435E-03,-102.205714986E-03
+3.105865000E-03,-224.579300425E-03,-42.438755830E-03,-101.968277803E-03
+3.105870000E-03,-209.654677462E-03,-41.025439256E-03,-101.673679816E-03
+3.105875000E-03,-195.196448971E-03,-41.967650302E-03,-101.317524041E-03
+3.105880000E-03,-182.137403889E-03,-41.496544783E-03,-101.066895903E-03
+3.105885000E-03,-165.658132714E-03,-41.653579957E-03,-100.640388370E-03
+3.105890000E-03,-149.334326356E-03,-41.339509608E-03,-100.477699929E-03
+3.105895000E-03,-134.254238569E-03,-41.732097539E-03,-99.862122048E-03
+3.105900000E-03,-119.536902047E-03,-41.575062367E-03,-99.747800438E-03
+3.105905000E-03,-103.627668556E-03,-40.711368921E-03,-99.017900951E-03
+3.105910000E-03,-89.273083277E-03,-41.810615132E-03,-98.811242661E-03
+3.105915000E-03,-73.778422641E-03,-39.769157870E-03,-98.191267795E-03
+3.105920000E-03,-59.682945399E-03,-41.732097544E-03,-97.945036639E-03
+3.105925000E-03,-43.825533512E-03,-39.455087519E-03,-97.347046698E-03
+3.105930000E-03,-30.714666818E-03,-41.496544784E-03,-96.889760269E-03
+3.105935000E-03,-15.271827787E-03,-40.632851329E-03,-96.362122085E-03
+3.105940000E-03,+533.762488E-06,-42.360238241E-03,-95.852071837E-03
+3.105945000E-03,+15.872958303E-03,-41.182474434E-03,-95.240890941E-03
+3.105950000E-03,+30.849402874E-03,-41.653579952E-03,-94.840765316E-03
+3.105955000E-03,+44.893058496E-03,-39.141017175E-03,-94.088880903E-03
+3.105960000E-03,+61.009578429E-03,-41.103956854E-03,-93.789885931E-03
+3.105965000E-03,+76.089666211E-03,-39.141017170E-03,-92.901694987E-03
+3.105970000E-03,+91.843434878E-03,-42.281720658E-03,-92.558730166E-03
+3.105975000E-03,+106.871701054E-03,-41.732097532E-03,-91.626569372E-03
+3.105980000E-03,+120.189854182E-03,-42.909861357E-03,-91.433102036E-03
+3.105985000E-03,+135.736336417E-03,-41.182474428E-03,-90.386619636E-03
+3.105990000E-03,+151.645569916E-03,-42.046167885E-03,-90.008478936E-03
+3.105995000E-03,+167.036587337E-03,-41.810615130E-03,-89.164257840E-03
+3.106000000E-03,+182.272139943E-03,-41.810615129E-03,-88.504710107E-03
+3.106005000E-03,+197.196762900E-03,-40.632851324E-03,-87.867147302E-03
+3.106010000E-03,+212.017742638E-03,-41.182474438E-03,-86.965765401E-03
+3.106015000E-03,+227.356938456E-03,-41.260992018E-03,-86.539257868E-03
+3.106020000E-03,+241.866988552E-03,-41.889132720E-03,-85.435614664E-03
+3.106025000E-03,+256.998897936E-03,-40.946921678E-03,-85.105840798E-03
+3.106030000E-03,+272.182628931E-03,-40.711368914E-03,-83.795539306E-03
+3.106035000E-03,+286.951787059E-03,-43.302449281E-03,-83.514132271E-03
+3.106040000E-03,+301.928231628E-03,-41.182474438E-03,-82.107097114E-03
+3.106045000E-03,+316.749211360E-03,-41.889132713E-03,-81.755338320E-03
+3.106050000E-03,+331.207439854E-03,-41.496544778E-03,-80.634107179E-03
+3.106055000E-03,+345.095630664E-03,-42.281720657E-03,-79.864634823E-03
+3.106060000E-03,+358.931999863E-03,-41.732097532E-03,-79.042398654E-03
+3.106065000E-03,+373.545693166E-03,-42.595791005E-03,-78.044283085E-03
+3.106070000E-03,+387.952100050E-03,-41.418027194E-03,-77.389132338E-03
+3.106075000E-03,+403.498582296E-03,-42.752826172E-03,-76.210740391E-03
+3.106080000E-03,+417.231308281E-03,-42.909861345E-03,-75.454458993E-03
+3.106085000E-03,+431.585893551E-03,-42.124685478E-03,-74.429961517E-03
+3.106090000E-03,+444.904046678E-03,-42.046167885E-03,-73.559358509E-03
+3.106095000E-03,+459.621383202E-03,-39.612122700E-03,-72.684358521E-03
+3.106100000E-03,+473.354109180E-03,-42.674308585E-03,-71.497172601E-03
+3.106105000E-03,+487.086835169E-03,-39.141017168E-03,-70.872800753E-03
+3.106110000E-03,+501.545063659E-03,-42.517273413E-03,-69.430589709E-03
+3.106115000E-03,+515.277789645E-03,-41.496544790E-03,-69.122800770E-03
+3.106120000E-03,+528.336834721E-03,-40.554333740E-03,-67.293655059E-03
+3.106125000E-03,+541.914095886E-03,-43.852072395E-03,-67.174936469E-03
+3.106130000E-03,+555.284070614E-03,-40.946921673E-03,-65.222675181E-03
+3.106135000E-03,+567.980364459E-03,-41.103956851E-03,-64.945665136E-03
+3.106140000E-03,+580.987587933E-03,-42.752826174E-03,-63.156092289E-03
+3.106145000E-03,+594.875778735E-03,-41.496544775E-03,-62.668026969E-03
+3.106150000E-03,+607.831180607E-03,-41.496544792E-03,-61.243403868E-03
+3.106155000E-03,+621.201155343E-03,-42.281720646E-03,-60.447549606E-03
+3.106160000E-03,+633.171946669E-03,-41.418027194E-03,-59.194408915E-03
+3.106165000E-03,+645.246381197E-03,-41.732097550E-03,-58.130338577E-03
+3.106170000E-03,+657.476280577E-03,-41.653579949E-03,-57.180589840E-03
+3.106175000E-03,+669.343428699E-03,-41.496544796E-03,-55.826318501E-03
+3.106180000E-03,+680.951468774E-03,-40.946921675E-03,-54.920539613E-03
+3.106185000E-03,+692.093114386E-03,-40.946921688E-03,-53.509107471E-03
+3.106190000E-03,+705.670375546E-03,-42.988378930E-03,-52.541770794E-03
+3.106195000E-03,+717.382058829E-03,-42.831343763E-03,-51.284233124E-03
+3.106200000E-03,+728.575526057E-03,-43.695037207E-03,-50.070665294E-03
+3.106205000E-03,+740.131744518E-03,-42.203203076E-03,-49.015388926E-03
+3.106210000E-03,+752.102535851E-03,-42.831343756E-03,-47.599559792E-03
+3.106215000E-03,+763.917862360E-03,-43.066896514E-03,-46.803705531E-03
+3.106220000E-03,+775.318616001E-03,-42.360238242E-03,-45.198806051E-03
+3.106225000E-03,+785.786580723E-03,-42.203203053E-03,-44.354584954E-03
+3.106230000E-03,+796.824583119E-03,-41.575062369E-03,-42.846419142E-03
+3.106235000E-03,+806.307937280E-03,-42.752826172E-03,-41.901067393E-03
+3.106240000E-03,+818.382371820E-03,-41.889132714E-03,-40.375313641E-03
+3.106245000E-03,+828.798514931E-03,-41.653579956E-03,-39.456343801E-03
+3.106250000E-03,+837.815474639E-03,-42.203203071E-03,-37.855841306E-03
+3.106255000E-03,+847.298828806E-03,-39.376569928E-03,-36.901695586E-03
+3.106260000E-03,+857.818615127E-03,-43.145414126E-03,-35.463881532E-03
+3.106265000E-03,+867.923828580E-03,-41.339509614E-03,-34.426193102E-03
+3.106270000E-03,+878.754544536E-03,-42.752826180E-03,-32.922424272E-03
+3.106275000E-03,+887.875147466E-03,-44.323177919E-03,-31.959484585E-03
+3.106280000E-03,+896.581177526E-03,-43.223931694E-03,-30.112750935E-03
+3.106285000E-03,+906.012710088E-03,-43.223931701E-03,-29.523554963E-03
+3.106290000E-03,+914.511453713E-03,-41.732097544E-03,-27.461369054E-03
+3.106295000E-03,+924.668488770E-03,-42.831343759E-03,-26.986494690E-03
+3.106300000E-03,+933.944556515E-03,-43.302449281E-03,-24.744032400E-03
+3.106305000E-03,+941.873262464E-03,-43.459484459E-03,-24.475816323E-03
+3.106310000E-03,+949.905611623E-03,-43.459484449E-03,-22.114635444E-03
+3.106315000E-03,+957.160636676E-03,-42.909861342E-03,-21.903580170E-03
+3.106320000E-03,+965.400272269E-03,-43.852072398E-03,-19.568781200E-03
+3.106325000E-03,+973.432621423E-03,-42.674308581E-03,-19.181846531E-03
+3.106330000E-03,+981.309505772E-03,-43.302449281E-03,-16.934987258E-03
+3.106335000E-03,+989.082746880E-03,-44.166142730E-03,-16.420540029E-03
+3.106340000E-03,+996.493236752E-03,-41.575062374E-03,-14.494660650E-03
+3.106345000E-03,+1.002660008056E+00,-42.674308589E-03,-13.804334026E-03
+3.106350000E-03,+1.009915033102E+00,-42.281720654E-03,-11.940012436E-03
+3.106355000E-03,+1.016237269217E+00,-43.066896531E-03,-11.130967223E-03
+3.106360000E-03,+1.023440472658E+00,-43.066896508E-03,-9.306218494E-03
+3.106365000E-03,+1.029348135904E+00,-43.459484465E-03,-8.602700918E-03
+3.106370000E-03,+1.035825836841E+00,-43.223931691E-03,-6.602072794E-03
+3.106375000E-03,+1.042044429737E+00,-42.752826178E-03,-5.995288886E-03
+3.106380000E-03,+1.048625773885E+00,-43.616519646E-03,-3.955087898E-03
+3.106385000E-03,+1.054377972312E+00,-42.203203069E-03,-3.401067808E-03
+3.106390000E-03,+1.059767419492E+00,-42.517273431E-03,-1.338881897E-03
+3.106395000E-03,+1.064897758642E+00,-42.831343759E-03,-855.213563E-06
+3.106400000E-03,+1.070339027421E+00,-43.223931680E-03,+1.308102999E-03
+3.106405000E-03,+1.075262080135E+00,-39.141017188E-03,+1.686243697E-03
+3.106410000E-03,+1.081687959469E+00,+508.833218980E-03,+3.788002470E-03
+3.106415000E-03,+1.085160007170E+00,+2.546992748485E+00,+4.443153215E-03
+3.106420000E-03,+1.089772130238E+00,+2.552724532961E+00,+6.237123046E-03
+3.106425000E-03,+1.093762394010E+00,+2.552724532961E+00,+7.402324037E-03
+3.106430000E-03,+1.097027155287E+00,+2.552724532961E+00,+8.571922017E-03
+3.106435000E-03,+1.100861954243E+00,+2.552724532961E+00,+9.978957176E-03
+3.106440000E-03,+1.106044114982E+00,+2.552724532961E+00,+11.245288821E-03
+3.106445000E-03,+1.108894303397E+00,+2.552724532961E+00,+12.727072725E-03
+3.106450000E-03,+1.111122632531E+00,+2.552724532961E+00,+13.879082763E-03
+3.106455000E-03,+1.114750145042E+00,+2.552724532961E+00,+15.277323953E-03
+3.106460000E-03,+1.117289403817E+00,+2.552724532961E+00,+16.385364144E-03
+3.106465000E-03,+1.120657808300E+00,+2.552724532961E+00,+17.801193273E-03
+3.106470000E-03,+1.122471564566E+00,+2.552724532961E+00,+19.045539995E-03
+3.106475000E-03,+1.125166288160E+00,+2.552724532961E+00,+20.272298775E-03
+3.106480000E-03,+1.127290974053E+00,+2.552724532961E+00,+21.670539967E-03
+3.106485000E-03,+1.129571124790E+00,+2.552724532961E+00,+22.787374124E-03
+3.106490000E-03,+1.131125773010E+00,+2.552724532961E+00,+24.269158028E-03
+3.106495000E-03,+1.132835886056E+00,+2.552724532961E+00,+25.469534900E-03
+3.106500000E-03,+1.133561388563E+00,+2.552724532961E+00,+26.731469561E-03
+3.106505000E-03,+1.135219679999E+00,+2.552724532961E+00,+27.931846432E-03
+3.106510000E-03,+1.135789717687E+00,+2.552724532961E+00,+29.145414257E-03
+3.106515000E-03,+1.136877971451E+00,+2.552724532961E+00,+30.460112737E-03
+3.106520000E-03,+1.137603473959E+00,+2.552724532961E+00,+31.669283579E-03
+3.106525000E-03,+1.137914403602E+00,+2.552724532961E+00,+32.896042358E-03
+3.106530000E-03,+1.138432619665E+00,+2.552724532961E+00,+34.162374004E-03
+3.106535000E-03,+1.138899014137E+00,+2.552724532961E+00,+35.279208161E-03
+3.106540000E-03,+1.137862581991E+00,+2.552724532961E+00,+36.686243324E-03
+3.106545000E-03,+1.137914403597E+00,+2.552724532961E+00,+37.644786025E-03
+3.106550000E-03,+1.137137079491E+00,+2.552724532961E+00,+39.196921688E-03
+3.106555000E-03,+1.137758938773E+00,+2.552724532961E+00,+39.882851329E-03
+3.106560000E-03,+1.136463398591E+00,+2.552724532961E+00,+41.632851310E-03
+3.106565000E-03,+1.134960571973E+00,+2.552724532961E+00,+42.191268390E-03
+3.106570000E-03,+1.133975961425E+00,+2.552724532961E+00,+43.976444250E-03
+3.106575000E-03,+1.131695810705E+00,+2.552724532961E+00,+44.543655300E-03
+3.106580000E-03,+1.130089340866E+00,+2.552724532961E+00,+46.236494476E-03
+3.106585000E-03,+1.128068298181E+00,+2.552724532961E+00,+46.918027134E-03
+3.106590000E-03,+1.126047255487E+00,+2.552724532961E+00,+48.355841186E-03
+3.106595000E-03,+1.123248888687E+00,+2.552724532961E+00,+49.200062286E-03
+3.106600000E-03,+1.121124202783E+00,+2.552724532961E+00,+50.488378851E-03
+3.106605000E-03,+1.118895873661E+00,+2.552724532961E+00,+51.451318543E-03
+3.106610000E-03,+1.115423825964E+00,+2.552724532961E+00,+52.585740640E-03
+3.106615000E-03,+1.112573637546E+00,+2.552724532961E+00,+53.680589875E-03
+3.106620000E-03,+1.109257054670E+00,+2.552724532961E+00,+54.749057200E-03
+3.106625000E-03,+1.105422255724E+00,+2.552724532961E+00,+55.716393874E-03
+3.106630000E-03,+1.101483813539E+00,+2.552724532961E+00,+56.833228031E-03
+3.106635000E-03,+1.097234441725E+00,+2.552724532961E+00,+57.642273249E-03
+3.106640000E-03,+1.092207745818E+00,+2.552724532961E+00,+59.040514440E-03
+3.106645000E-03,+1.088787519710E+00,+2.552724532961E+00,+59.554961672E-03
+3.106650000E-03,+1.084071753432E+00,+2.552724532961E+00,+61.076318438E-03
+3.106655000E-03,+1.078267733399E+00,+2.552724532961E+00,+61.507222958E-03
+3.106660000E-03,+1.073603788719E+00,+2.552724532961E+00,+63.063755602E-03
+3.106665000E-03,+1.068058876732E+00,+2.552724532961E+00,+63.499057109E-03
+3.106670000E-03,+1.062928537586E+00,+2.552724532961E+00,+64.936871159E-03
+3.106675000E-03,+1.057072695931E+00,+2.552724532961E+00,+65.565640001E-03
+3.106680000E-03,+1.051735070359E+00,+2.552724532961E+00,+66.748428929E-03
+3.106685000E-03,+1.046604731215E+00,+2.552724532961E+00,+67.588253044E-03
+3.106690000E-03,+1.040282495114E+00,+2.552724532961E+00,+68.485237957E-03
+3.106695000E-03,+1.034219367039E+00,+2.552724532961E+00,+69.527323376E-03
+3.106700000E-03,+1.027171628420E+00,+2.552724532961E+00,+70.098931407E-03
+3.106705000E-03,+1.020797570696E+00,+2.552724532961E+00,+71.316896219E-03
+3.106710000E-03,+1.013957118506E+00,+2.552724532961E+00,+71.835740435E-03
+3.106715000E-03,+1.005821126135E+00,+2.552724532961E+00,+73.075690170E-03
+3.106720000E-03,+999.032495550E-03,+2.552724532961E+00,+73.607725341E-03
+3.106725000E-03,+991.570184071E-03,+2.552724532961E+00,+74.588252966E-03
+3.106730000E-03,+983.952407777E-03,+2.552724532961E+00,+75.375313263E-03
+3.106735000E-03,+975.816415410E-03,+2.552724532961E+00,+76.034860991E-03
+3.106740000E-03,+968.924141602E-03,+2.552724532961E+00,+77.063755454E-03
+3.106745000E-03,+961.306365309E-03,+2.552724532961E+00,+77.437499169E-03
+3.106750000E-03,+952.859443297E-03,+2.552724532961E+00,+78.642273025E-03
+3.106755000E-03,+945.189845380E-03,+2.552724532961E+00,+78.853328301E-03
+3.106760000E-03,+936.898388193E-03,+2.552724532961E+00,+80.128453912E-03
+3.106765000E-03,+928.244179738E-03,+2.552724532961E+00,+80.264760448E-03
+3.106770000E-03,+919.849079332E-03,+2.552724532961E+00,+81.315639829E-03
+3.106775000E-03,+910.365725155E-03,+2.552724532961E+00,+81.698177518E-03
+3.106780000E-03,+901.607873494E-03,+2.552724532961E+00,+82.529207655E-03
+3.106785000E-03,+891.865411285E-03,+2.552724532961E+00,+83.193152376E-03
+3.106790000E-03,+883.055738001E-03,+2.552724532961E+00,+83.637247843E-03
+3.106795000E-03,+873.935135091E-03,+2.552724532961E+00,+84.437499097E-03
+3.106800000E-03,+863.985386455E-03,+2.552724532961E+00,+84.824433762E-03
+3.106805000E-03,+854.450210687E-03,+2.552724532961E+00,+85.664257876E-03
+3.106810000E-03,+845.018678128E-03,+2.552724532961E+00,+85.958855860E-03
+3.106815000E-03,+835.638967158E-03,+2.552724532961E+00,+86.710740277E-03
+3.106820000E-03,+825.171002453E-03,+2.552724532961E+00,+87.132850824E-03
+3.106825000E-03,+813.770248810E-03,+2.552724532961E+00,+87.691267904E-03
+3.106830000E-03,+803.509570520E-03,+2.552724532961E+00,+88.280463878E-03
+3.106835000E-03,+792.264281697E-03,+2.552724532961E+00,+88.548679955E-03
+3.106840000E-03,+782.314533052E-03,+2.552724532961E+00,+89.401695020E-03
+3.106845000E-03,+771.121065854E-03,+2.552724532961E+00,+89.362122159E-03
+3.106850000E-03,+759.720312207E-03,+2.552724532961E+00,+90.316267875E-03
+3.106855000E-03,+748.889596230E-03,+2.552724532961E+00,+90.289885968E-03
+3.106860000E-03,+736.815161704E-03,+2.552724532961E+00,+91.002197515E-03
+3.106865000E-03,+725.569872864E-03,+2.552724532961E+00,+91.156091989E-03
+3.106870000E-03,+715.101908157E-03,+2.552724532961E+00,+91.674936202E-03
+3.106875000E-03,+703.649332897E-03,+2.552724532961E+00,+92.017901025E-03
+3.106880000E-03,+690.486644617E-03,+2.552724532961E+00,+92.299308055E-03
+3.106885000E-03,+677.945815589E-03,+2.552724532961E+00,+92.822549258E-03
+3.106890000E-03,+665.301343368E-03,+2.552724532961E+00,+92.809358302E-03
+3.106895000E-03,+653.330552027E-03,+2.552724532961E+00,+93.556845729E-03
+3.106900000E-03,+640.997009463E-03,+2.552724532961E+00,+93.332599503E-03
+3.106905000E-03,+628.559823662E-03,+2.552724532961E+00,+94.080086930E-03
+3.106910000E-03,+615.811708222E-03,+2.552724532961E+00,+93.851443719E-03
+3.106915000E-03,+603.581808863E-03,+2.552724532961E+00,+94.427448734E-03
+3.106920000E-03,+589.797261277E-03,+2.552724532961E+00,+94.348303011E-03
+3.106925000E-03,+577.515540297E-03,+2.552724532961E+00,+94.726443706E-03
+3.106930000E-03,+564.922889665E-03,+2.552724532961E+00,+94.770413559E-03
+3.106935000E-03,+550.205553161E-03,+2.552724532961E+00,+94.959483906E-03
+3.106940000E-03,+538.597513060E-03,+2.552724532961E+00,+95.065011545E-03
+3.106945000E-03,+523.569246913E-03,+2.552724532961E+00,+95.192524105E-03
+3.106950000E-03,+509.940164137E-03,+2.552724532961E+00,+95.262875864E-03
+3.106955000E-03,+496.570189406E-03,+2.552724532961E+00,+95.500313048E-03
+3.106960000E-03,+483.148393061E-03,+2.552724532961E+00,+95.407976363E-03
+3.106965000E-03,+470.296634387E-03,+2.552724532961E+00,+95.702574352E-03
+3.106970000E-03,+456.045692359E-03,+2.552724532961E+00,+95.359609532E-03
+3.106975000E-03,+442.779360829E-03,+2.552724532961E+00,+95.882850733E-03
+3.106980000E-03,+428.683883590E-03,+2.552724532961E+00,+95.293654758E-03
+3.106985000E-03,+415.210265631E-03,+2.552724532961E+00,+95.874056763E-03
+3.106990000E-03,+400.130177874E-03,+2.552724532961E+00,+95.240890941E-03
+3.106995000E-03,+385.309198147E-03,+2.552724532961E+00,+95.786117065E-03
+3.107000000E-03,+370.954612858E-03,+2.552724532961E+00,+95.192524106E-03
+3.107005000E-03,+356.755492411E-03,+2.552724532961E+00,+95.487122091E-03
+3.107010000E-03,+341.934512669E-03,+2.552724532961E+00,+95.069408530E-03
+3.107015000E-03,+327.631748995E-03,+2.552724532961E+00,+95.232096971E-03
+3.107020000E-03,+313.018055690E-03,+2.552724532961E+00,+94.999056772E-03
+3.107025000E-03,+298.870756852E-03,+2.552724532961E+00,+94.814383407E-03
+3.107030000E-03,+283.738847464E-03,+2.552724532961E+00,+94.823177376E-03
+3.107035000E-03,+268.296008452E-03,+2.552724532961E+00,+94.431845724E-03
+3.107040000E-03,+254.666925673E-03,+2.552724532961E+00,+94.427448736E-03
+3.107045000E-03,+239.483194668E-03,+2.552724532961E+00,+93.917398493E-03
+3.107050000E-03,+225.024966191E-03,+2.552724532961E+00,+93.943780400E-03
+3.107055000E-03,+209.893056787E-03,+2.552724532961E+00,+93.512875885E-03
+3.107060000E-03,+195.486649909E-03,+2.552724532961E+00,+93.209483925E-03
+3.107065000E-03,+180.821134985E-03,+2.552724532961E+00,+93.125941215E-03
+3.107070000E-03,+164.652793460E-03,+2.552724532961E+00,+92.703830664E-03
+3.107075000E-03,+149.572705694E-03,+2.552724532961E+00,+92.488378408E-03
+3.107080000E-03,+134.181688262E-03,+2.552724532961E+00,+91.965137206E-03
+3.107085000E-03,+118.116989948E-03,+2.552724532961E+00,+91.811242736E-03
+3.107090000E-03,+103.606939834E-03,+2.552724532961E+00,+91.301192492E-03
+3.107095000E-03,+88.319565653E-03,+2.552724532961E+00,+90.967021638E-03
+3.107100000E-03,+73.446764291E-03,+2.552724532961E+00,+90.522926169E-03
+3.107105000E-03,+59.714038296E-03,+2.552724532961E+00,+90.056845770E-03
+3.107110000E-03,+43.701161590E-03,+2.552724532961E+00,+89.854584466E-03
+3.107115000E-03,+28.310144187E-03,+2.552724532961E+00,+89.063127187E-03
+3.107120000E-03,+14.007380515E-03,+2.552724532961E+00,+88.979584476E-03
+3.107125000E-03,-1.642744951E-03,+2.552724532961E+00,+88.082599560E-03
+3.107130000E-03,-15.738222191E-03,+2.552724532961E+00,+88.065011622E-03
+3.107135000E-03,-30.870131572E-03,+2.552724532961E+00,+87.062499069E-03
+3.107140000E-03,-44.810143994E-03,+2.552724532961E+00,+86.838252842E-03
+3.107145000E-03,-59.838410162E-03,+2.552724532961E+00,+86.016016668E-03
+3.107150000E-03,-75.644000448E-03,+2.552724532961E+00,+85.673051850E-03
+3.107155000E-03,-91.242304292E-03,+2.552724532961E+00,+85.039886025E-03
+3.107160000E-03,-105.804176001E-03,+2.552724532961E+00,+84.437499098E-03
+3.107165000E-03,-120.728798954E-03,+2.552724532961E+00,+83.861494078E-03
+3.107170000E-03,-135.705243525E-03,+2.552724532961E+00,+83.074433787E-03
+3.107175000E-03,-151.666298614E-03,+2.552724532961E+00,+82.784232779E-03
+3.107180000E-03,-165.761775858E-03,+2.552724532961E+00,+81.803705159E-03
+3.107185000E-03,-181.411901318E-03,+2.552724532961E+00,+81.399182544E-03
+3.107190000E-03,-196.077416250E-03,+2.552724532961E+00,+80.326318241E-03
+3.107195000E-03,-210.639287960E-03,+2.552724532961E+00,+80.009735324E-03
+3.107200000E-03,-226.600343037E-03,+2.552724532961E+00,+78.998428807E-03
+3.107205000E-03,-241.628609207E-03,+2.552724532961E+00,+78.554333327E-03
+3.107210000E-03,-256.708696995E-03,+2.552724532961E+00,+77.586996662E-03
+3.107215000E-03,-271.270568680E-03,+2.552724532961E+00,+77.032976561E-03
+3.107220000E-03,-286.506121295E-03,+2.552724532961E+00,+75.995288136E-03
+3.107225000E-03,-301.016171398E-03,+2.552724532961E+00,+75.568780598E-03
+3.107230000E-03,-316.407188820E-03,+2.552724532961E+00,+74.394785641E-03
+3.107235000E-03,-331.228168548E-03,+2.552724532961E+00,+73.977072073E-03
+3.107240000E-03,-345.323645802E-03,+2.552724532961E+00,+72.653579628E-03
+3.107245000E-03,-359.678231077E-03,+2.552724532961E+00,+72.345790683E-03
+3.107250000E-03,-375.121070104E-03,+2.552724532961E+00,+70.973931403E-03
+3.107255000E-03,-388.853796076E-03,+2.552724532961E+00,+70.573805776E-03
+3.107260000E-03,-403.622954202E-03,+2.552724532961E+00,+69.197549516E-03
+3.107265000E-03,-418.443933952E-03,+2.552724532961E+00,+68.608353537E-03
+3.107270000E-03,-433.213092100E-03,+2.552724532961E+00,+67.469534457E-03
+3.107275000E-03,-447.412212557E-03,+2.552724532961E+00,+66.700062101E-03
+3.107280000E-03,-462.285013892E-03,+2.552724532961E+00,+65.741519400E-03
+3.107285000E-03,-475.810453434E-03,+2.552724532961E+00,+64.589509361E-03
+3.107290000E-03,-490.009573900E-03,+2.552724532961E+00,+63.943152585E-03
+3.107295000E-03,-504.571445601E-03,+2.552724532961E+00,+62.654836014E-03
+3.107300000E-03,-517.837777114E-03,+2.552724532961E+00,+62.052449087E-03
+3.107305000E-03,-531.570503103E-03,+2.552724532961E+00,+60.645413927E-03
+3.107310000E-03,-544.422261758E-03,+2.552724532961E+00,+60.056217952E-03
+3.107315000E-03,-558.154987724E-03,+2.552724532961E+00,+58.706343598E-03
+3.107320000E-03,-570.799459962E-03,+2.552724532961E+00,+58.090765711E-03
+3.107325000E-03,-584.480364339E-03,+2.552724532961E+00,+56.701318492E-03
+3.107330000E-03,-597.591231044E-03,+2.552724532961E+00,+55.909861213E-03
+3.107335000E-03,-610.650276119E-03,+2.552724532961E+00,+54.669911479E-03
+3.107340000E-03,-624.227537280E-03,+2.552724532961E+00,+53.759735609E-03
+3.107345000E-03,-636.405615049E-03,+2.552724532961E+00,+52.598931600E-03
+3.107350000E-03,-649.671946567E-03,+2.552724532961E+00,+51.706343670E-03
+3.107355000E-03,-662.212775564E-03,+2.552724532961E+00,+50.286117554E-03
+3.107360000E-03,-674.701782977E-03,+2.552724532961E+00,+49.648554748E-03
+3.107365000E-03,-686.154358250E-03,+2.552724532961E+00,+47.951318586E-03
+3.107370000E-03,-699.161581712E-03,+2.552724532961E+00,+47.524811056E-03
+3.107375000E-03,-711.598767512E-03,+2.552724532961E+00,+45.537373887E-03
+3.107380000E-03,-723.465915624E-03,+2.552724532961E+00,+45.365891479E-03
+3.107385000E-03,-736.265852668E-03,+2.552724532961E+00,+43.224559842E-03
+3.107390000E-03,-747.614784699E-03,+2.552724532961E+00,+43.132223159E-03
+3.107395000E-03,-758.341857459E-03,+2.552724532961E+00,+40.832600071E-03
+3.107400000E-03,-770.986329685E-03,+2.552724532961E+00,+40.753454339E-03
+3.107405000E-03,-782.490726544E-03,+2.552724532961E+00,+38.493404117E-03
+3.107410000E-03,-794.357874640E-03,+2.552724532961E+00,+38.185615170E-03
+3.107415000E-03,-805.033125800E-03,+2.552724532961E+00,+36.369660422E-03
+3.107420000E-03,-815.086517657E-03,+2.552724532961E+00,+35.556218214E-03
+3.107425000E-03,-826.331806496E-03,+2.552724532961E+00,+34.105213207E-03
+3.107430000E-03,-837.784381732E-03,+2.552724532961E+00,+32.940012212E-03
+3.107435000E-03,-847.993238411E-03,+2.552724532961E+00,+31.748429314E-03
+3.107440000E-03,-858.253916694E-03,+2.552724532961E+00,+30.354585107E-03
+3.107445000E-03,-867.633627648E-03,+2.552724532961E+00,+29.330087629E-03
+3.107450000E-03,-878.257057202E-03,+2.552724532961E+00,+27.848303729E-03
+3.107455000E-03,-889.035951546E-03,+2.552724532961E+00,+26.793027352E-03
+3.107460000E-03,-898.622948926E-03,+2.552724532961E+00,+25.412374108E-03
+3.107465000E-03,-908.883627216E-03,+2.552724532961E+00,+24.190012306E-03
+3.107470000E-03,-918.366981382E-03,+2.552724532961E+00,+22.994032426E-03
+3.107475000E-03,-927.332119472E-03,+2.552724532961E+00,+21.543027409E-03
+3.107480000E-03,-936.297257571E-03,+2.552724532961E+00,+20.518529939E-03
+3.107485000E-03,-946.298827817E-03,+2.552724532961E+00,+18.913630454E-03
+3.107490000E-03,-956.248576441E-03,+2.552724532961E+00,+17.977072678E-03
+3.107495000E-03,-964.850963299E-03,+2.552724532961E+00,+16.464509878E-03
+3.107500000E-03,-973.453350119E-03,+2.552724532961E+00,+15.334484766E-03
+3.107505000E-03,-981.174769657E-03,+2.552724532961E+00,+14.024183271E-03
+3.107510000E-03,-989.880799711E-03,+2.552724532961E+00,+12.573178261E-03
+3.107515000E-03,-997.550397626E-03,+2.552724532961E+00,+11.588253650E-03
+3.107520000E-03,-1.005893676415E+00,+2.552724532961E+00,+9.838253669E-03
+3.107525000E-03,-1.014236955223E+00,+2.552724532961E+00,+9.064384330E-03
+3.107530000E-03,-1.021802909916E+00,+2.552724532961E+00,+7.217650683E-03
+3.107535000E-03,-1.029887080705E+00,+2.552724532961E+00,+6.500942144E-03
+3.107540000E-03,-1.036882997718E+00,+2.552724532961E+00,+4.623429605E-03
+3.107545000E-03,-1.043878914726E+00,+2.552724532961E+00,+3.788002476E-03
+3.107550000E-03,-1.051341226202E+00,+2.552724532961E+00,+2.064384406E-03
+3.107555000E-03,-1.058699894448E+00,+2.552724532961E+00,+1.079459791E-03
+3.107560000E-03,-1.065488525032E+00,+2.552724532961E+00,-309.987428E-06
+3.107565000E-03,-1.071240723471E+00,+2.552724532961E+00,-1.651067819E-03
+3.107570000E-03,-1.078806678151E+00,+2.552724532961E+00,-2.776695946E-03
+3.107575000E-03,-1.084455233365E+00,+2.552724532961E+00,-4.359610500E-03
+3.107580000E-03,-1.089689215731E+00,+2.552724532961E+00,-5.287374313E-03
+3.107585000E-03,-1.094715911677E+00,+2.552724532961E+00,-7.054962228E-03
+3.107590000E-03,-1.100830861351E+00,+2.552724532961E+00,-7.991520013E-03
+3.107595000E-03,-1.106375773338E+00,+2.552724532961E+00,-9.666771245E-03
+3.107600000E-03,-1.110055107492E+00,+2.552724532961E+00,-10.642901894E-03
+3.107605000E-03,-1.115548197866E+00,+2.552724532961E+00,-12.239007398E-03
+3.107610000E-03,-1.122181363628E+00,+2.552724532961E+00,-13.536117941E-03
+3.107615000E-03,-1.124720622411E+00,+938.010365858E-03,-14.714509886E-03
+3.107620000E-03,-1.128244491710E+00,-165.789884788E-03,-16.059987263E-03
+3.107625000E-03,-1.131716539425E+00,-180.708226746E-03,-17.321921918E-03
+3.107630000E-03,-1.136484127287E+00,+72.275437158E-03,-18.605841508E-03
+3.107635000E-03,-1.140215283059E+00,+98.814384676E-03,-20.004082694E-03
+3.107640000E-03,-1.143324579492E+00,-84.759735297E-03,-21.125313842E-03
+3.107645000E-03,-1.147263021680E+00,-83.660488874E-03,-22.796168088E-03
+3.107650000E-03,-1.150320496508E+00,-78.870916590E-03,-23.644786175E-03
+3.107655000E-03,-1.154051652222E+00,-21.003454454E-03,-25.364007261E-03
+3.107660000E-03,-1.155658122080E+00,-58.220790846E-03,-26.212625343E-03
+3.107665000E-03,-1.158456488894E+00,-50.918655159E-03,-27.927449445E-03
+3.107670000E-03,-1.161358498893E+00,-61.675564706E-03,-28.824434363E-03
+3.107675000E-03,-1.163742292845E+00,-48.249057305E-03,-30.504082583E-03
+3.107680000E-03,-1.165089654629E+00,-54.137876282E-03,-31.317524788E-03
+3.107685000E-03,-1.167007054112E+00,-49.426821107E-03,-33.111494614E-03
+3.107690000E-03,-1.169287204857E+00,-53.980841132E-03,-34.012876517E-03
+3.107695000E-03,-1.170064528964E+00,-50.997172821E-03,-35.499057403E-03
+3.107700000E-03,-1.171774642003E+00,-50.761620061E-03,-36.576318698E-03
+3.107705000E-03,-1.173173825413E+00,-48.484610025E-03,-37.873429238E-03
+3.107710000E-03,-1.173640219875E+00,-49.112750730E-03,-39.095791033E-03
+3.107715000E-03,-1.175039403288E+00,-49.897926616E-03,-40.366519666E-03
+3.107720000E-03,-1.175350332938E+00,-50.054961769E-03,-41.584484472E-03
+3.107725000E-03,-1.176127657053E+00,-50.526067290E-03,-42.890388985E-03
+3.107730000E-03,-1.175661262585E+00,-49.112750708E-03,-43.928077412E-03
+3.107735000E-03,-1.176024013823E+00,-50.683102472E-03,-45.396670364E-03
+3.107740000E-03,-1.175661262585E+00,-49.897926620E-03,-46.271670350E-03
+3.107745000E-03,-1.175143046492E+00,-47.934986920E-03,-47.797424106E-03
+3.107750000E-03,-1.174469365607E+00,-46.678705534E-03,-48.632851232E-03
+3.107755000E-03,-1.174210257545E+00,-48.249057276E-03,-50.127826094E-03
+3.107760000E-03,-1.173588398284E+00,-48.406092469E-03,-50.941268296E-03
+3.107765000E-03,-1.172033750058E+00,-47.463881405E-03,-52.581343651E-03
+3.107770000E-03,-1.170945496306E+00,-48.955715529E-03,-53.407976814E-03
+3.107775000E-03,-1.169390848089E+00,-46.835740698E-03,-54.674308451E-03
+3.107780000E-03,-1.166696124487E+00,-49.269785886E-03,-55.760363723E-03
+3.107785000E-03,-1.165245119476E+00,-44.872801031E-03,-56.780464207E-03
+3.107790000E-03,-1.162498574285E+00,-47.306846216E-03,-58.169911436E-03
+3.107795000E-03,-1.160684818012E+00,-46.992775898E-03,-58.829459162E-03
+3.107800000E-03,-1.159026526596E+00,-47.071293470E-03,-60.425564677E-03
+3.107805000E-03,-1.155917230140E+00,-44.794283446E-03,-60.970790800E-03
+3.107810000E-03,-1.153222506545E+00,-47.699434135E-03,-62.672423947E-03
+3.107815000E-03,-1.148869491528E+00,-46.992775874E-03,-63.085740528E-03
+3.107820000E-03,-1.145967481506E+00,-46.757223096E-03,-64.782976687E-03
+3.107825000E-03,-1.142754541837E+00,-44.244660371E-03,-65.315011860E-03
+3.107830000E-03,-1.138764278057E+00,-46.050564823E-03,-66.726444005E-03
+3.107835000E-03,-1.135603160003E+00,-45.815012085E-03,-67.456343497E-03
+3.107840000E-03,-1.132442041944E+00,-47.071293483E-03,-68.661117348E-03
+3.107845000E-03,-1.126016162630E+00,-46.050564857E-03,-69.606469100E-03
+3.107850000E-03,-1.121559504382E+00,-46.129082438E-03,-70.503454013E-03
+3.107855000E-03,-1.116947381307E+00,-45.343906567E-03,-71.681845965E-03
+3.107860000E-03,-1.112179793430E+00,-45.422424154E-03,-72.367775601E-03
+3.107865000E-03,-1.107153097488E+00,-46.129082414E-03,-73.550564536E-03
+3.107870000E-03,-1.101608185500E+00,-45.657976876E-03,-74.210112266E-03
+3.107875000E-03,-1.095855987068E+00,-45.815012066E-03,-75.498428839E-03
+3.107880000E-03,-1.090103788648E+00,-43.616519644E-03,-76.017273049E-03
+3.107885000E-03,-1.084507055036E+00,-45.265388960E-03,-77.318780578E-03
+3.107890000E-03,-1.079169429471E+00,-46.129082405E-03,-77.811242881E-03
+3.107895000E-03,-1.073831803900E+00,-45.265388962E-03,-79.218278046E-03
+3.107900000E-03,-1.066991351717E+00,-43.616519631E-03,-79.570036828E-03
+3.107905000E-03,-1.060099077913E+00,-44.087625169E-03,-80.955087071E-03
+3.107910000E-03,-1.053569555360E+00,-45.736494483E-03,-81.223303144E-03
+3.107915000E-03,-1.046573638366E+00,-45.029836208E-03,-82.718278009E-03
+3.107920000E-03,-1.039681364553E+00,-44.715765855E-03,-82.788629760E-03
+3.107925000E-03,-1.032115409885E+00,-44.558730696E-03,-84.441896078E-03
+3.107930000E-03,-1.024134882329E+00,-43.538002051E-03,-84.424308135E-03
+3.107935000E-03,-1.016309819596E+00,-43.459484459E-03,-85.941267922E-03
+3.107940000E-03,-1.007966540779E+00,-44.951318625E-03,-86.068780480E-03
+3.107945000E-03,-1.000607872519E+00,-43.695037205E-03,-87.308730218E-03
+3.107950000E-03,-991.176339966E-03,-44.401695507E-03,-87.607725187E-03
+3.107955000E-03,-983.040347619E-03,-44.558730687E-03,-88.601443771E-03
+3.107960000E-03,-975.163463260E-03,-43.459484475E-03,-89.142272910E-03
+3.107965000E-03,-965.991038731E-03,-42.517273432E-03,-89.898554311E-03
+3.107970000E-03,-957.285008660E-03,-44.166142725E-03,-90.628453799E-03
+3.107975000E-03,-948.371692176E-03,-43.380966872E-03,-91.068152290E-03
+3.107980000E-03,-939.251089266E-03,-43.695037227E-03,-92.053076897E-03
+3.107985000E-03,-929.301340636E-03,-43.145414129E-03,-92.281720118E-03
+3.107990000E-03,-919.403413616E-03,-44.323177904E-03,-93.257850754E-03
+3.107995000E-03,-909.712772992E-03,-44.009107571E-03,-93.446921109E-03
+3.108000000E-03,-899.348451506E-03,-42.438755827E-03,-94.405463807E-03
+3.108005000E-03,-888.517735552E-03,-43.538002039E-03,-94.739634664E-03
+3.108010000E-03,-878.930738167E-03,-42.517273425E-03,-95.403579374E-03
+3.108015000E-03,-869.395562379E-03,-44.087625174E-03,-95.830086914E-03
+3.108020000E-03,-859.704921769E-03,-42.674308613E-03,-96.463252731E-03
+3.108025000E-03,-849.288778674E-03,-43.538002065E-03,-96.797423587E-03
+3.108030000E-03,-839.028100402E-03,-42.674308600E-03,-97.382222573E-03
+3.108035000E-03,-828.093741197E-03,-43.695037232E-03,-97.716393423E-03
+3.108040000E-03,-816.796630797E-03,-42.831343776E-03,-98.309986381E-03
+3.108045000E-03,-806.069558033E-03,-41.418027206E-03,-98.556217535E-03
+3.108050000E-03,-793.891480271E-03,-42.124685469E-03,-99.418026571E-03
+3.108055000E-03,-782.905299498E-03,-42.909861352E-03,-99.360865771E-03
+3.108060000E-03,-770.727221736E-03,-42.517273398E-03,-100.235865757E-03
+3.108065000E-03,-759.222824876E-03,-41.575062429E-03,-100.077574306E-03
+3.108070000E-03,-748.029357657E-03,-44.244660349E-03,-100.974559215E-03
+3.108075000E-03,-735.022134159E-03,-42.360238258E-03,-100.803076812E-03
+3.108080000E-03,-723.569558932E-03,-42.595791008E-03,-101.502197400E-03
+3.108085000E-03,-711.339659552E-03,-42.438755815E-03,-101.647297908E-03
+3.108090000E-03,-698.436079319E-03,-41.339509624E-03,-101.928704934E-03
+3.108095000E-03,-686.776217610E-03,-43.380966863E-03,-102.306845643E-03
+3.108100000E-03,-673.043491635E-03,-42.831343755E-03,-102.315639602E-03
+3.108105000E-03,-660.917235503E-03,-41.418027176E-03,-102.856468753E-03
+3.108110000E-03,-647.495439143E-03,-42.752826175E-03,-102.711368241E-03
+3.108115000E-03,-634.229107618E-03,-40.397298576E-03,-103.353328040E-03
+3.108120000E-03,-621.170062530E-03,-41.889132717E-03,-103.080714974E-03
+3.108125000E-03,-608.421947104E-03,-41.575062371E-03,-103.656719996E-03
+3.108130000E-03,-595.414723608E-03,-41.653579958E-03,-103.529207433E-03
+3.108135000E-03,-582.303856918E-03,-41.496544803E-03,-103.819408435E-03
+3.108140000E-03,-568.467487749E-03,-42.046167901E-03,-103.990890846E-03
+3.108145000E-03,-555.356621030E-03,-42.281720667E-03,-103.898554163E-03
+3.108150000E-03,-541.986646316E-03,-40.946921684E-03,-104.342649634E-03
+3.108155000E-03,-528.616671600E-03,-42.438755820E-03,-103.916142103E-03
+3.108160000E-03,-514.832123991E-03,-38.905464455E-03,-104.606468727E-03
+3.108165000E-03,-500.684825137E-03,-41.575062366E-03,-103.960111954E-03
+3.108170000E-03,-486.226596645E-03,-40.789886495E-03,-104.584483802E-03
+3.108175000E-03,-472.960265140E-03,-41.732097550E-03,-103.960111957E-03
+3.108180000E-03,-457.828355761E-03,-41.810615128E-03,-104.628453649E-03
+3.108185000E-03,-443.111019229E-03,-41.967650304E-03,-103.942524016E-03
+3.108190000E-03,-428.549147529E-03,-42.281720653E-03,-104.500941087E-03
+3.108195000E-03,-413.002665290E-03,-41.025439259E-03,-103.995287834E-03
+3.108200000E-03,-398.803544836E-03,-40.397298579E-03,-104.219534057E-03
+3.108205000E-03,-385.226283662E-03,-41.418027190E-03,-103.924936078E-03
+3.108210000E-03,-369.472514985E-03,-42.281720619E-03,-103.973302906E-03
+3.108215000E-03,-355.480680979E-03,-42.438755824E-03,-103.740262709E-03
+3.108220000E-03,-339.934198754E-03,-42.752826190E-03,-103.779835570E-03
+3.108225000E-03,-325.527791848E-03,-41.653579958E-03,-103.291770251E-03
+3.108230000E-03,-311.380493017E-03,-41.418027185E-03,-103.568780299E-03
+3.108235000E-03,-295.626724353E-03,-42.203203068E-03,-102.843277796E-03
+3.108240000E-03,-281.168495850E-03,-43.538002002E-03,-103.181845632E-03
+3.108245000E-03,-266.140229670E-03,-42.046167891E-03,-102.298051669E-03
+3.108250000E-03,-250.645569042E-03,-41.653579978E-03,-102.689383325E-03
+3.108255000E-03,-235.306373225E-03,-42.752826153E-03,-101.792398410E-03
+3.108260000E-03,-219.448961342E-03,-42.752826178E-03,-102.249684834E-03
+3.108265000E-03,-204.990732856E-03,-41.810615113E-03,-101.159232587E-03
+3.108270000E-03,-189.962466661E-03,-42.438755839E-03,-101.515388362E-03
+3.108275000E-03,-175.918811047E-03,-40.397298570E-03,-100.631594403E-03
+3.108280000E-03,-161.046009710E-03,-42.203203051E-03,-100.785488870E-03
+3.108285000E-03,-145.603170678E-03,-41.732097538E-03,-100.033604458E-03
+3.108290000E-03,-129.849402031E-03,-42.203203056E-03,-99.840137123E-03
+3.108295000E-03,-114.510206166E-03,-41.339509598E-03,-99.396041650E-03
+3.108300000E-03,-98.963723940E-03,-41.339509617E-03,-99.009106986E-03
+3.108305000E-03,-85.179176354E-03,-42.909861337E-03,-98.613378342E-03
+3.108310000E-03,-70.461839804E-03,-40.318781013E-03,-98.090137145E-03
+3.108315000E-03,-54.656249557E-03,-42.046167881E-03,-97.690011513E-03
+3.108320000E-03,-40.301664244E-03,-39.612122709E-03,-97.184358264E-03
+3.108325000E-03,-26.517116647E-03,-41.967650287E-03,-96.643529110E-03
+3.108330000E-03,-11.126099239E-03,-41.496544767E-03,-96.243403501E-03
+3.108335000E-03,+6.337782474E-03,-41.810615140E-03,-95.566267817E-03
+3.108340000E-03,+20.381438112E-03,-41.732097523E-03,-95.302448735E-03
+3.108345000E-03,+34.684201791E-03,-41.339509607E-03,-94.401066828E-03
+3.108350000E-03,+50.800721696E-03,-40.004710627E-03,-94.229584424E-03
+3.108355000E-03,+66.036274301E-03,-41.103956834E-03,-93.244659806E-03
+3.108360000E-03,+82.204615823E-03,-41.967650269E-03,-92.976443733E-03
+3.108365000E-03,+96.870130755E-03,-40.632851364E-03,-92.211368360E-03
+3.108370000E-03,+112.727542658E-03,-43.066896539E-03,-91.547423649E-03
+3.108375000E-03,+126.667555057E-03,-40.868404085E-03,-90.940639732E-03
+3.108380000E-03,+143.665042268E-03,-42.909861337E-03,-90.281092002E-03
+3.108385000E-03,+158.175092394E-03,-40.318780985E-03,-89.656720147E-03
+3.108390000E-03,+174.032504291E-03,-40.318780985E-03,-88.918026692E-03
+3.108395000E-03,+188.127981549E-03,-42.517273378E-03,-88.346418652E-03
+3.108400000E-03,+203.881750202E-03,-42.674308578E-03,-87.572549320E-03
+3.108405000E-03,+219.946448523E-03,-40.711368882E-03,-86.956971430E-03
+3.108410000E-03,+234.819249881E-03,-41.889132691E-03,-86.227071945E-03
+3.108415000E-03,+248.862905528E-03,-42.752826173E-03,-85.264132254E-03
+3.108420000E-03,+264.513030968E-03,-42.203203097E-03,-84.710112162E-03
+3.108425000E-03,+279.955869978E-03,-41.103956836E-03,-83.602071974E-03
+3.108430000E-03,+294.880492949E-03,-40.318781014E-03,-83.193152381E-03
+3.108435000E-03,+309.390543076E-03,-42.595790991E-03,-81.957599627E-03
+3.108440000E-03,+324.211522777E-03,-41.418027182E-03,-81.531092093E-03
+3.108445000E-03,+338.928859308E-03,-42.517273393E-03,-80.269157440E-03
+3.108450000E-03,+352.713406919E-03,-42.831343762E-03,-79.776695127E-03
+3.108455000E-03,+366.601597729E-03,-41.260992028E-03,-78.637876049E-03
+3.108460000E-03,+381.215291013E-03,-42.124685492E-03,-77.885991626E-03
+3.108465000E-03,+395.777162727E-03,-42.360238261E-03,-76.914257981E-03
+3.108470000E-03,+410.598142483E-03,-41.575062369E-03,-76.026067023E-03
+3.108475000E-03,+425.367300582E-03,-41.339509576E-03,-75.129082118E-03
+3.108480000E-03,+438.633632127E-03,-41.732097506E-03,-74.065011770E-03
+3.108485000E-03,+452.159071679E-03,-40.318780988E-03,-73.313127365E-03
+3.108490000E-03,+465.736332828E-03,-42.281720616E-03,-72.139132396E-03
+3.108495000E-03,+480.194561328E-03,-41.182474465E-03,-71.303705274E-03
+3.108500000E-03,+493.927287294E-03,-41.732097551E-03,-70.371544477E-03
+3.108505000E-03,+506.157186689E-03,-41.260992028E-03,-69.241519364E-03
+3.108510000E-03,+520.459950332E-03,-43.145414079E-03,-68.498428918E-03
+3.108515000E-03,+533.829925082E-03,-42.203203084E-03,-67.100187729E-03
+3.108520000E-03,+546.578040532E-03,-43.066896521E-03,-66.568152557E-03
+3.108525000E-03,+560.310766503E-03,-42.438755835E-03,-64.976444033E-03
+3.108530000E-03,+572.488844266E-03,-42.517273382E-03,-64.558730467E-03
+3.108535000E-03,+586.014283821E-03,-40.868404106E-03,-62.795539534E-03
+3.108540000E-03,+598.244183193E-03,-41.810615103E-03,-62.478956623E-03
+3.108545000E-03,+612.495125223E-03,-41.025439251E-03,-60.654207900E-03
+3.108550000E-03,+624.673203008E-03,-42.203203047E-03,-60.368403880E-03
+3.108555000E-03,+637.317675233E-03,-42.438755830E-03,-58.490891342E-03
+3.108560000E-03,+649.599396189E-03,-41.339509621E-03,-58.033604912E-03
+3.108565000E-03,+662.088403593E-03,-42.124685476E-03,-56.380338594E-03
+3.108570000E-03,+673.437335666E-03,-40.397298549E-03,-55.861494386E-03
+3.108575000E-03,+685.978164643E-03,-41.810615114E-03,-54.036745657E-03
+3.108580000E-03,+698.000777575E-03,-42.517273427E-03,-53.627826066E-03
+3.108585000E-03,+709.660639262E-03,-42.046167883E-03,-51.701946683E-03
+3.108590000E-03,+721.786895410E-03,-41.732097551E-03,-51.288630115E-03
+3.108595000E-03,+731.892108905E-03,-42.124685497E-03,-49.309986911E-03
+3.108600000E-03,+745.054797167E-03,-42.281720620E-03,-49.041770843E-03
+3.108605000E-03,+756.351907620E-03,-41.653579937E-03,-46.808102516E-03
+3.108610000E-03,+767.700839681E-03,-41.496544790E-03,-46.676192978E-03
+3.108615000E-03,+778.946128489E-03,-42.438755824E-03,-44.398554806E-03
+3.108620000E-03,+789.932309272E-03,-42.438755849E-03,-44.293027170E-03
+3.108625000E-03,+799.363841854E-03,-42.046167894E-03,-42.081343773E-03
+3.108630000E-03,+810.505487453E-03,-41.496544798E-03,-41.733981971E-03
+3.108635000E-03,+821.958062698E-03,-42.752826164E-03,-39.803705610E-03
+3.108640000E-03,+831.182308844E-03,-42.124685470E-03,-39.122172953E-03
+3.108645000E-03,+840.147446947E-03,-40.789886539E-03,-37.451318704E-03
+3.108650000E-03,+850.822698081E-03,-41.339509580E-03,-36.519157905E-03
+3.108655000E-03,+860.927911532E-03,-41.339509613E-03,-34.997801142E-03
+3.108660000E-03,+870.774016974E-03,-42.360238229E-03,-33.845791099E-03
+3.108665000E-03,+881.915662576E-03,-42.752826192E-03,-32.614635337E-03
+3.108670000E-03,+891.139908699E-03,-43.380966855E-03,-31.348303690E-03
+3.108675000E-03,+900.467798055E-03,-42.124685462E-03,-30.095163001E-03
+3.108680000E-03,+908.966541683E-03,-43.302449282E-03,-28.767273567E-03
+3.108685000E-03,+918.657182275E-03,-41.653579961E-03,-27.492147954E-03
+3.108690000E-03,+927.725963581E-03,-43.616519608E-03,-26.177449474E-03
+3.108695000E-03,+935.758312767E-03,-42.281720622E-03,-24.801193209E-03
+3.108700000E-03,+944.619807629E-03,-42.438755824E-03,-23.662374122E-03
+3.108705000E-03,+951.926654288E-03,-41.182474428E-03,-22.039886707E-03
+3.108710000E-03,+960.580862738E-03,-41.496544771E-03,-20.971419379E-03
+3.108715000E-03,+968.094995825E-03,-42.360238243E-03,-19.445665630E-03
+3.108720000E-03,+976.282809809E-03,-40.554333767E-03,-18.254082725E-03
+3.108725000E-03,+984.107872525E-03,-42.124685470E-03,-16.930590281E-03
+3.108730000E-03,+991.984756848E-03,-43.695037226E-03,-15.681846571E-03
+3.108735000E-03,+999.447068357E-03,-42.360238195E-03,-14.393530007E-03
+3.108740000E-03,+1.006805736614E+00,-41.889132737E-03,-12.964509916E-03
+3.108745000E-03,+1.013335259165E+00,-42.674308568E-03,-11.759736063E-03
+3.108750000E-03,+1.019294744014E+00,-41.810615119E-03,-10.348303917E-03
+3.108755000E-03,+1.025306050510E+00,-43.223931681E-03,-9.187499909E-03
+3.108760000E-03,+1.033234756435E+00,-42.203203074E-03,-7.806846661E-03
+3.108765000E-03,+1.039297884500E+00,-41.496544810E-03,-6.514133100E-03
+3.108770000E-03,+1.045568299016E+00,-42.281720644E-03,-5.243404477E-03
+3.108775000E-03,+1.051372319072E+00,-42.281720641E-03,-3.744032629E-03
+3.108780000E-03,+1.056969052688E+00,-42.752826195E-03,-2.803077868E-03
+3.108785000E-03,+1.063343110397E+00,-42.438755821E-03,-1.013505019E-03
+3.108790000E-03,+1.068214341502E+00,-42.988378925E-03,-358.354276E-06
+3.108795000E-03,+1.074277469578E+00,-41.653579962E-03,+1.695037663E-03
+3.108800000E-03,+1.079407808719E+00,-35.215137880E-03,+2.293027606E-03
+3.108805000E-03,+1.084227218223E+00,+1.584602666036E+00,+4.276067782E-03
+3.108810000E-03,+1.088735698059E+00,+2.552724532961E+00,+4.856469794E-03
+3.108815000E-03,+1.092674140235E+00,+2.552724532961E+00,+6.694409466E-03
+3.108820000E-03,+1.097234441696E+00,+2.552724532961E+00,+7.780464742E-03
+3.108825000E-03,+1.101017419050E+00,+2.552724532961E+00,+9.156720995E-03
+3.108830000E-03,+1.104437645174E+00,+2.552724532961E+00,+10.497801392E-03
+3.108835000E-03,+1.108272444080E+00,+2.552724532961E+00,+11.553077754E-03
+3.108840000E-03,+1.111744491812E+00,+2.552724532961E+00,+13.232725983E-03
+3.108845000E-03,+1.114387393800E+00,+2.552724532961E+00,+14.059359139E-03
+3.108850000E-03,+1.117496690222E+00,+2.552724532961E+00,+15.941268665E-03
+3.108855000E-03,+1.119932305787E+00,+2.552724532961E+00,+16.578831476E-03
+3.108860000E-03,+1.122005170094E+00,+2.552724532961E+00,+18.381595269E-03
+3.108865000E-03,+1.124337142426E+00,+2.552724532961E+00,+19.234610344E-03
+3.108870000E-03,+1.126720936379E+00,+2.552724532961E+00,+20.936243481E-03
+3.108875000E-03,+1.128379227815E+00,+2.552724532961E+00,+21.947550013E-03
+3.108880000E-03,+1.130244805687E+00,+2.552724532961E+00,+23.372173104E-03
+3.108885000E-03,+1.131281237834E+00,+2.552724532961E+00,+24.559359028E-03
+3.108890000E-03,+1.132110383552E+00,+2.552724532961E+00,+25.865263534E-03
+3.108895000E-03,+1.134649642305E+00,+2.552724532961E+00,+27.153580105E-03
+3.108900000E-03,+1.135997004092E+00,+2.552724532961E+00,+28.327575068E-03
+3.108905000E-03,+1.136929793048E+00,+2.552724532961E+00,+29.593906709E-03
+3.108910000E-03,+1.136722506626E+00,+2.552724532961E+00,+30.992147902E-03
+3.108915000E-03,+1.137033436273E+00,+2.552724532961E+00,+31.937499649E-03
+3.108920000E-03,+1.137862581997E+00,+2.552724532961E+00,+33.555590088E-03
+3.108925000E-03,+1.138380798073E+00,+2.552724532961E+00,+34.342650378E-03
+3.108930000E-03,+1.139002657342E+00,+2.552724532961E+00,+36.110238301E-03
+3.108935000E-03,+1.137344365933E+00,+2.552724532961E+00,+36.708228240E-03
+3.108940000E-03,+1.137862581987E+00,+2.552724532961E+00,+38.462625212E-03
+3.108945000E-03,+1.137344365916E+00,+2.552724532961E+00,+39.170539774E-03
+3.108950000E-03,+1.136204290535E+00,+2.552724532961E+00,+40.810615133E-03
+3.108955000E-03,+1.135012393587E+00,+2.552724532961E+00,+41.610866385E-03
+3.108960000E-03,+1.135219680029E+00,+2.552724532961E+00,+42.969534707E-03
+3.108965000E-03,+1.133146815686E+00,+2.552724532961E+00,+44.103956809E-03
+3.108970000E-03,+1.130970308221E+00,+2.552724532961E+00,+45.119660315E-03
+3.108975000E-03,+1.129208373529E+00,+2.552724532961E+00,+46.575062305E-03
+3.108980000E-03,+1.127601903728E+00,+2.552724532961E+00,+47.203831150E-03
+3.108985000E-03,+1.125477217822E+00,+2.552724532961E+00,+48.914258261E-03
+3.108990000E-03,+1.122886137435E+00,+2.552724532961E+00,+49.375941682E-03
+3.108995000E-03,+1.119414089754E+00,+2.552724532961E+00,+51.121544666E-03
+3.109000000E-03,+1.117548511851E+00,+2.552724532961E+00,+51.679961758E-03
+3.109005000E-03,+1.115009253116E+00,+2.552724532961E+00,+53.170539617E-03
+3.109010000E-03,+1.111226275737E+00,+2.552724532961E+00,+53.940011988E-03
+3.109015000E-03,+1.108479730547E+00,+2.552724532961E+00,+55.157976783E-03
+3.109020000E-03,+1.105007682863E+00,+2.552724532961E+00,+56.147298393E-03
+3.109025000E-03,+1.100240094978E+00,+2.552724532961E+00,+57.114635054E-03
+3.109030000E-03,+1.095731615151E+00,+2.552724532961E+00,+58.332599873E-03
+3.109035000E-03,+1.092363210629E+00,+2.552724532961E+00,+59.036117453E-03
+3.109040000E-03,+1.088062017226E+00,+2.552724532961E+00,+60.333227990E-03
+3.109045000E-03,+1.083760823766E+00,+2.552724532961E+00,+61.089509392E-03
+3.109050000E-03,+1.078889592715E+00,+2.552724532961E+00,+62.232725457E-03
+3.109055000E-03,+1.074018361601E+00,+2.552724532961E+00,+63.142901334E-03
+3.109060000E-03,+1.068110698346E+00,+2.552724532961E+00,+64.083856089E-03
+3.109065000E-03,+1.062462143122E+00,+2.552724532961E+00,+65.165514375E-03
+3.109070000E-03,+1.057487268830E+00,+2.552724532961E+00,+65.855840994E-03
+3.109075000E-03,+1.052097821629E+00,+2.552724532961E+00,+67.157348525E-03
+3.109080000E-03,+1.045723763917E+00,+2.552724532961E+00,+67.737750525E-03
+3.109085000E-03,+1.039349706194E+00,+2.552724532961E+00,+68.933730412E-03
+3.109090000E-03,+1.033286578122E+00,+2.552724532961E+00,+69.470162568E-03
+3.109095000E-03,+1.026653412366E+00,+2.552724532961E+00,+70.666142455E-03
+3.109100000E-03,+1.019916603383E+00,+2.552724532961E+00,+71.365263049E-03
+3.109105000E-03,+1.012091540694E+00,+2.552724532961E+00,+72.376569573E-03
+3.109110000E-03,+1.005924769387E+00,+2.552724532961E+00,+73.168026846E-03
+3.109115000E-03,+998.099706642E-03,+2.552724532961E+00,+73.906720311E-03
+3.109120000E-03,+991.103789625E-03,+2.552724532961E+00,+74.794911249E-03
+3.109125000E-03,+983.589656544E-03,+2.552724532961E+00,+75.564383614E-03
+3.109130000E-03,+975.609129016E-03,+2.552724532961E+00,+76.281092140E-03
+3.109135000E-03,+967.110385407E-03,+2.552724532961E+00,+77.226443898E-03
+3.109140000E-03,+960.373576405E-03,+2.552724532961E+00,+77.740891118E-03
+3.109145000E-03,+951.978475995E-03,+2.552724532961E+00,+78.844534333E-03
+3.109150000E-03,+943.790662016E-03,+2.552724532961E+00,+79.068780549E-03
+3.109155000E-03,+934.980988744E-03,+2.552724532961E+00,+80.392273006E-03
+3.109160000E-03,+926.637709933E-03,+2.552724532961E+00,+80.330715211E-03
+3.109165000E-03,+918.242609518E-03,+2.552724532961E+00,+81.856468971E-03
+3.109170000E-03,+909.381114632E-03,+2.552724532961E+00,+81.649810680E-03
+3.109175000E-03,+900.830549376E-03,+2.552724532961E+00,+83.122800611E-03
+3.109180000E-03,+890.828979175E-03,+2.552724532961E+00,+82.872172480E-03
+3.109185000E-03,+881.138338555E-03,+2.552724532961E+00,+84.296795571E-03
+3.109190000E-03,+871.395876356E-03,+2.552724532961E+00,+84.270413672E-03
+3.109195000E-03,+861.964343788E-03,+2.552724532961E+00,+85.374056865E-03
+3.109200000E-03,+851.548200677E-03,+2.552724532961E+00,+85.580715163E-03
+3.109205000E-03,+842.064846518E-03,+2.552724532961E+00,+86.394157357E-03
+3.109210000E-03,+831.545060204E-03,+2.552724532961E+00,+86.877825702E-03
+3.109215000E-03,+821.284381941E-03,+2.552724532961E+00,+87.374684986E-03
+3.109220000E-03,+809.831806672E-03,+2.552724532961E+00,+87.845162374E-03
+3.109225000E-03,+799.312020361E-03,+2.552724532961E+00,+88.377197543E-03
+3.109230000E-03,+788.895877225E-03,+2.552724532961E+00,+88.874056833E-03
+3.109235000E-03,+778.116982949E-03,+2.552724532961E+00,+89.357725170E-03
+3.109240000E-03,+767.286266940E-03,+2.552724532961E+00,+89.630338232E-03
+3.109245000E-03,+756.196442898E-03,+2.552724532961E+00,+90.417398524E-03
+3.109250000E-03,+744.432938037E-03,+2.552724532961E+00,+90.355840737E-03
+3.109255000E-03,+733.187649185E-03,+2.552724532961E+00,+91.349559321E-03
+3.109260000E-03,+722.305111603E-03,+2.552724532961E+00,+91.098931183E-03
+3.109265000E-03,+710.178855488E-03,+2.552724532961E+00,+92.141016599E-03
+3.109270000E-03,+698.778101832E-03,+2.552724532961E+00,+91.846418613E-03
+3.109275000E-03,+685.615413559E-03,+2.552724532961E+00,+92.778579403E-03
+3.109280000E-03,+673.281870999E-03,+2.552724532961E+00,+92.549936196E-03
+3.109285000E-03,+661.984760529E-03,+2.552724532961E+00,+93.323805530E-03
+3.109290000E-03,+648.925715477E-03,+2.552724532961E+00,+93.205086938E-03
+3.109295000E-03,+636.695816125E-03,+2.552724532961E+00,+93.811870851E-03
+3.109300000E-03,+624.517738341E-03,+2.552724532961E+00,+93.754710047E-03
+3.109305000E-03,+612.028730901E-03,+2.552724532961E+00,+94.242775373E-03
+3.109310000E-03,+598.762399374E-03,+2.552724532961E+00,+94.198805522E-03
+3.109315000E-03,+585.858819155E-03,+2.552724532961E+00,+94.669282910E-03
+3.109320000E-03,+573.525276582E-03,+2.552724532961E+00,+94.603328128E-03
+3.109325000E-03,+560.932625925E-03,+2.552724532961E+00,+95.016644714E-03
+3.109330000E-03,+547.614472829E-03,+2.552724532961E+00,+94.875941187E-03
+3.109335000E-03,+533.311709157E-03,+2.552724532961E+00,+95.333227627E-03
+3.109340000E-03,+520.926344959E-03,+2.552724532961E+00,+95.051820585E-03
+3.109345000E-03,+506.882689340E-03,+2.552724532961E+00,+95.517900992E-03
+3.109350000E-03,+492.994498506E-03,+2.552724532961E+00,+95.254081891E-03
+3.109355000E-03,+479.624523811E-03,+2.552724532961E+00,+95.641016566E-03
+3.109360000E-03,+466.358192291E-03,+2.552724532961E+00,+95.456343198E-03
+3.109365000E-03,+453.713720036E-03,+2.552724532961E+00,+95.649810530E-03
+3.109370000E-03,+438.996383528E-03,+2.552724532961E+00,+95.641016562E-03
+3.109375000E-03,+424.589976630E-03,+2.552724532961E+00,+95.451946214E-03
+3.109380000E-03,+409.820818538E-03,+2.552724532961E+00,+95.720162291E-03
+3.109385000E-03,+395.207125225E-03,+2.552724532961E+00,+95.302448727E-03
+3.109390000E-03,+380.904361529E-03,+2.552724532961E+00,+95.764132141E-03
+3.109395000E-03,+366.705241095E-03,+2.552724532961E+00,+95.078202499E-03
+3.109400000E-03,+352.039726208E-03,+2.552724532961E+00,+95.684986412E-03
+3.109405000E-03,+337.477854487E-03,+2.552724532961E+00,+94.924308029E-03
+3.109410000E-03,+323.434198868E-03,+2.552724532961E+00,+95.394785413E-03
+3.109415000E-03,+309.235078412E-03,+2.552724532961E+00,+94.629710046E-03
+3.109420000E-03,+294.621385071E-03,+2.552724532961E+00,+95.007850741E-03
+3.109425000E-03,+279.593118920E-03,+2.552724532961E+00,+94.392272860E-03
+3.109430000E-03,+264.357566331E-03,+2.552724532961E+00,+94.594534166E-03
+3.109435000E-03,+250.054802641E-03,+2.552724532961E+00,+94.058102007E-03
+3.109440000E-03,+234.611963621E-03,+2.552724532961E+00,+94.040514076E-03
+3.109445000E-03,+220.412843130E-03,+2.552724532961E+00,+93.570036684E-03
+3.109450000E-03,+205.695506667E-03,+2.552724532961E+00,+93.570036693E-03
+3.109455000E-03,+190.615418864E-03,+2.552724532961E+00,+93.090765332E-03
+3.109460000E-03,+174.758006967E-03,+2.552724532961E+00,+93.038001523E-03
+3.109465000E-03,+159.418811176E-03,+2.552724532961E+00,+92.497172372E-03
+3.109470000E-03,+144.027793729E-03,+2.552724532961E+00,+92.387247766E-03
+3.109475000E-03,+129.154992394E-03,+2.552724532961E+00,+91.732097006E-03
+3.109480000E-03,+113.919439782E-03,+2.552724532961E+00,+91.674936213E-03
+3.109485000E-03,+99.253924835E-03,+2.552724532961E+00,+91.059358320E-03
+3.109490000E-03,+83.759264190E-03,+2.552724532961E+00,+90.896669887E-03
+3.109495000E-03,+68.627354867E-03,+2.552724532961E+00,+90.395413605E-03
+3.109500000E-03,+53.236337431E-03,+2.552724532961E+00,+89.938127183E-03
+3.109505000E-03,+37.638033569E-03,+2.552724532961E+00,+89.608353311E-03
+3.109510000E-03,+22.713410622E-03,+2.552724532961E+00,+88.830086997E-03
+3.109515000E-03,+8.721576586E-03,+2.552724532961E+00,+88.755338244E-03
+3.109520000E-03,-6.824905673E-03,+2.552724532961E+00,+87.867147311E-03
+3.109525000E-03,-22.008636657E-03,+2.552724532961E+00,+87.858353325E-03
+3.109530000E-03,-36.829616384E-03,+2.552724532961E+00,+86.750313155E-03
+3.109535000E-03,-51.184201682E-03,+2.552724532961E+00,+86.829458863E-03
+3.109540000E-03,-66.264289431E-03,+2.552724532961E+00,+85.651066939E-03
+3.109545000E-03,-80.670696330E-03,+2.552724532961E+00,+85.668654854E-03
+3.109550000E-03,-96.320821763E-03,+2.552724532961E+00,+84.657348353E-03
+3.109555000E-03,-112.592806548E-03,+2.552724532961E+00,+84.406720197E-03
+3.109560000E-03,-127.776537522E-03,+2.552724532961E+00,+83.487750375E-03
+3.109565000E-03,-142.286587598E-03,+2.552724532961E+00,+82.977700114E-03
+3.109570000E-03,-157.988534659E-03,+2.552724532961E+00,+82.348931288E-03
+3.109575000E-03,-173.638660135E-03,+2.552724532961E+00,+81.632222744E-03
+3.109580000E-03,-187.941423846E-03,+2.552724532961E+00,+80.963881050E-03
+3.109585000E-03,-201.777793004E-03,+2.552724532961E+00,+80.299936328E-03
+3.109590000E-03,-217.013345563E-03,+2.552724532961E+00,+79.508479053E-03
+3.109595000E-03,-231.834325347E-03,+2.552724532961E+00,+78.998428807E-03
+3.109600000E-03,-247.069877966E-03,+2.552724532961E+00,+78.101443889E-03
+3.109605000E-03,-262.564538558E-03,+2.552724532961E+00,+77.503453950E-03
+3.109610000E-03,-277.385518343E-03,+2.552724532961E+00,+76.421795668E-03
+3.109615000E-03,-292.102854839E-03,+2.552724532961E+00,+76.083227831E-03
+3.109620000E-03,-307.442050670E-03,+2.552724532961E+00,+74.852072071E-03
+3.109625000E-03,-321.278419896E-03,+2.552724532961E+00,+74.469534382E-03
+3.109630000E-03,-336.773080523E-03,+2.552724532961E+00,+73.383479121E-03
+3.109635000E-03,-350.713092936E-03,+2.552724532961E+00,+72.662373596E-03
+3.109640000E-03,-365.585894273E-03,+2.552724532961E+00,+71.844534417E-03
+3.109645000E-03,-380.458695618E-03,+2.552724532961E+00,+70.679333420E-03
+3.109650000E-03,-394.865102497E-03,+2.552724532961E+00,+70.367147497E-03
+3.109655000E-03,-408.390542053E-03,+2.552724532961E+00,+68.775438964E-03
+3.109660000E-03,-423.418808235E-03,+2.552724532961E+00,+68.542398770E-03
+3.109665000E-03,-438.291609553E-03,+2.552724532961E+00,+66.831971653E-03
+3.109670000E-03,-453.682626967E-03,+2.552724532961E+00,+66.766016880E-03
+3.109675000E-03,-466.586207235E-03,+2.552724532961E+00,+64.989634992E-03
+3.109680000E-03,-482.080867871E-03,+2.552724532961E+00,+64.870916392E-03
+3.109685000E-03,-496.331809943E-03,+2.552724532961E+00,+63.112122447E-03
+3.109690000E-03,-508.717174153E-03,+2.552724532961E+00,+62.843906365E-03
+3.109695000E-03,-523.538153886E-03,+2.552724532961E+00,+61.296167695E-03
+3.109700000E-03,-537.167236629E-03,+2.552724532961E+00,+60.649810912E-03
+3.109705000E-03,-548.982563171E-03,+2.552724532961E+00,+59.475815953E-03
+3.109710000E-03,-563.233505203E-03,+2.552724532961E+00,+58.578831040E-03
+3.109715000E-03,-575.618869420E-03,+2.552724532961E+00,+57.501569744E-03
+3.109720000E-03,-588.988844163E-03,+2.552724532961E+00,+56.547424026E-03
+3.109725000E-03,-602.306997296E-03,+2.552724532961E+00,+55.531720510E-03
+3.109730000E-03,-616.454296102E-03,+2.552724532961E+00,+54.450062241E-03
+3.109735000E-03,-628.425087464E-03,+2.552724532961E+00,+53.298052193E-03
+3.109740000E-03,-642.157813445E-03,+2.552724532961E+00,+52.436243167E-03
+3.109745000E-03,-654.232248001E-03,+2.552724532961E+00,+51.125941664E-03
+3.109750000E-03,-666.876720210E-03,+2.552724532961E+00,+50.281720577E-03
+3.109755000E-03,-679.106619558E-03,+2.552724532961E+00,+48.861494457E-03
+3.109760000E-03,-691.647448583E-03,+2.552724532961E+00,+48.061243211E-03
+3.109765000E-03,-703.151845431E-03,+2.552724532961E+00,+46.645414082E-03
+3.109770000E-03,-716.159068957E-03,+2.552724532961E+00,+45.788002027E-03
+3.109775000E-03,-728.337146678E-03,+2.552724532961E+00,+44.438127674E-03
+3.109780000E-03,-740.929797275E-03,+2.552724532961E+00,+43.347675420E-03
+3.109785000E-03,-752.537837378E-03,+2.552724532961E+00,+42.160489510E-03
+3.109790000E-03,-763.731304573E-03,+2.552724532961E+00,+40.907348812E-03
+3.109795000E-03,-775.080236629E-03,+2.552724532961E+00,+39.909233253E-03
+3.109800000E-03,-786.843741545E-03,+2.552724532961E+00,+38.445037283E-03
+3.109805000E-03,-797.259884659E-03,+2.552724532961E+00,+37.543655389E-03
+3.109810000E-03,-808.712459920E-03,+2.552724532961E+00,+36.088253390E-03
+3.109815000E-03,-820.165035143E-03,+2.552724532961E+00,+35.068152897E-03
+3.109820000E-03,-830.632999860E-03,+2.552724532961E+00,+33.661117740E-03
+3.109825000E-03,-841.204607797E-03,+2.552724532961E+00,+32.491519760E-03
+3.109830000E-03,-851.413464514E-03,+2.552724532961E+00,+31.343906713E-03
+3.109835000E-03,-861.466856347E-03,+2.552724532961E+00,+29.853328837E-03
+3.109840000E-03,-871.675712981E-03,+2.552724532961E+00,+28.978328847E-03
+3.109845000E-03,-881.884569662E-03,+2.552724532961E+00,+27.289886652E-03
+3.109850000E-03,-892.818928856E-03,+2.552724532961E+00,+26.608353991E-03
+3.109855000E-03,-902.975963952E-03,+2.552724532961E+00,+24.761620349E-03
+3.109860000E-03,-912.770247738E-03,+2.552724532961E+00,+24.075690700E-03
+3.109865000E-03,-922.460888325E-03,+2.552724532961E+00,+22.281720879E-03
+3.109870000E-03,-930.700523964E-03,+2.552724532961E+00,+21.499057561E-03
+3.109875000E-03,-940.702094177E-03,+2.552724532961E+00,+19.735866640E-03
+3.109880000E-03,-949.719053887E-03,+2.552724532961E+00,+18.878454574E-03
+3.109885000E-03,-959.461516091E-03,+2.552724532961E+00,+17.282349076E-03
+3.109890000E-03,-968.063902931E-03,+2.552724532961E+00,+16.147926969E-03
+3.109895000E-03,-976.873576199E-03,+2.552724532961E+00,+14.754082772E-03
+3.109900000E-03,-984.905925379E-03,+2.552724532961E+00,+13.637248602E-03
+3.109905000E-03,-993.974706676E-03,+2.552724532961E+00,+12.177449628E-03
+3.109910000E-03,-1.001903412612E+00,+2.552724532961E+00,+11.003454660E-03
+3.109915000E-03,-1.008951151283E+00,+2.552724532961E+00,+9.482097901E-03
+3.109920000E-03,-1.017294430040E+00,+2.552724532961E+00,+8.532349160E-03
+3.109925000E-03,-1.025015849557E+00,+2.552724532961E+00,+6.813128078E-03
+3.109930000E-03,-1.032374517825E+00,+2.552724532961E+00,+5.929334114E-03
+3.109935000E-03,-1.040251402160E+00,+2.552724532961E+00,+4.122173336E-03
+3.109940000E-03,-1.047610070403E+00,+2.552724532961E+00,+3.339510019E-03
+3.109945000E-03,-1.054502344236E+00,+2.552724532961E+00,+1.602701001E-03
+3.109950000E-03,-1.061705547664E+00,+2.552724532961E+00,+793.655773E-06
+3.109955000E-03,-1.068701464689E+00,+2.552724532961E+00,-943.153241E-06
+3.109960000E-03,-1.074660949547E+00,+2.552724532961E+00,-1.901695956E-03
+3.109965000E-03,-1.081553223367E+00,+2.552724532961E+00,-3.515389397E-03
+3.109970000E-03,-1.086268989644E+00,+2.552724532961E+00,-4.592650699E-03
+3.109975000E-03,-1.092228474457E+00,+2.552724532961E+00,-6.030464747E-03
+3.109980000E-03,-1.098032494518E+00,+2.552724532961E+00,-7.239635596E-03
+3.109985000E-03,-1.103266476911E+00,+2.552724532961E+00,-8.673052657E-03
+3.109990000E-03,-1.108811388909E+00,+2.552724532961E+00,-9.974560184E-03
+3.109995000E-03,-1.113319868743E+00,+2.552724532961E+00,-11.346419464E-03
+3.110000000E-03,-1.118294743064E+00,+2.552724532961E+00,-12.436871719E-03
+3.110005000E-03,-1.124979730400E+00,+2.458267879911E+00,-14.138504862E-03
+3.110010000E-03,-1.127778097242E+00,+183.220801330E-03,-15.017901842E-03
+3.110015000E-03,-1.131923825835E+00,-171.914256953E-03,-16.618404336E-03
+3.110020000E-03,-1.136225019237E+00,-149.772298338E-03,-17.809987238E-03
+3.110025000E-03,-1.139437958938E+00,+199.159857738E-03,-19.085112849E-03
+3.110030000E-03,-1.143065471445E+00,-20.689382022E-03,-20.298680684E-03
+3.110035000E-03,-1.147573951273E+00,-75.573177832E-03,-21.740891713E-03
+3.110040000E-03,-1.151253285440E+00,-101.248428253E-03,-23.046796231E-03
+3.110045000E-03,-1.154103473856E+00,-39.926193749E-03,-24.396670578E-03
+3.110050000E-03,-1.156487267773E+00,-39.690639815E-03,-25.649811282E-03
+3.110055000E-03,-1.160425709927E+00,-52.174936684E-03,-26.960112758E-03
+3.110060000E-03,-1.162135823012E+00,-57.121544489E-03,-28.270414267E-03
+3.110065000E-03,-1.163845936096E+00,-56.728956789E-03,-29.444409222E-03
+3.110070000E-03,-1.165815157123E+00,-50.054961688E-03,-30.882223283E-03
+3.110075000E-03,-1.168924453610E+00,-53.195665301E-03,-32.025439344E-03
+3.110080000E-03,-1.170582745021E+00,-50.133479324E-03,-33.401695619E-03
+3.110085000E-03,-1.171567355602E+00,-50.211996984E-03,-34.584484543E-03
+3.110090000E-03,-1.172811074169E+00,-50.211996934E-03,-35.899183027E-03
+3.110095000E-03,-1.174054792753E+00,-48.249057295E-03,-37.143529739E-03
+3.110100000E-03,-1.174883938443E+00,-50.604584858E-03,-38.273554866E-03
+3.110105000E-03,-1.175557619368E+00,-46.992775936E-03,-39.557474438E-03
+3.110110000E-03,-1.175920370635E+00,-49.976444146E-03,-40.858981970E-03
+3.110115000E-03,-1.176645873140E+00,-49.583856257E-03,-42.094534711E-03
+3.110120000E-03,-1.176697694755E+00,-49.662373828E-03,-43.202574911E-03
+3.110125000E-03,-1.177112267569E+00,-49.112750680E-03,-44.508479407E-03
+3.110130000E-03,-1.177060445952E+00,-49.034233170E-03,-45.744032167E-03
+3.110135000E-03,-1.176594051540E+00,-49.034233108E-03,-46.750941695E-03
+3.110140000E-03,-1.175713084200E+00,-49.191268290E-03,-48.166770834E-03
+3.110145000E-03,-1.174469365626E+00,-46.129082432E-03,-49.103328610E-03
+3.110150000E-03,-1.173847506316E+00,-47.934986916E-03,-50.589509506E-03
+3.110155000E-03,-1.173381111876E+00,-48.406092443E-03,-51.411745669E-03
+3.110160000E-03,-1.172085571664E+00,-48.484610072E-03,-52.805589884E-03
+3.110165000E-03,-1.169235383293E+00,-48.955715544E-03,-53.847675294E-03
+3.110170000E-03,-1.168561702365E+00,-48.406092439E-03,-55.197549653E-03
+3.110175000E-03,-1.166126086824E+00,-48.170539638E-03,-56.107725526E-03
+3.110180000E-03,-1.164415973769E+00,-46.443152788E-03,-57.215765710E-03
+3.110185000E-03,-1.162084001406E+00,-46.757223113E-03,-58.411745596E-03
+3.110190000E-03,-1.160011137174E+00,-45.579459350E-03,-59.396670214E-03
+3.110195000E-03,-1.157730986398E+00,-47.699434186E-03,-60.641016929E-03
+3.110200000E-03,-1.154880798007E+00,-47.463881382E-03,-61.476444065E-03
+3.110205000E-03,-1.151097820640E+00,-47.542398973E-03,-62.843906350E-03
+3.110210000E-03,-1.148662205081E+00,-46.521670391E-03,-63.683730471E-03
+3.110215000E-03,-1.144723762945E+00,-46.443152769E-03,-64.928077184E-03
+3.110220000E-03,-1.141199893631E+00,-46.757223121E-03,-65.917398788E-03
+3.110225000E-03,-1.137676024317E+00,-44.244660318E-03,-66.884735453E-03
+3.110230000E-03,-1.133167544484E+00,-47.934986884E-03,-68.027951534E-03
+3.110235000E-03,-1.128710886238E+00,-46.207600090E-03,-68.845790706E-03
+3.110240000E-03,-1.125187016872E+00,-47.463881346E-03,-70.041770602E-03
+3.110245000E-03,-1.119538461731E+00,-46.129082456E-03,-70.754082144E-03
+3.110250000E-03,-1.114511765808E+00,-46.757223121E-03,-72.020413800E-03
+3.110255000E-03,-1.110158750813E+00,-45.579459287E-03,-72.587624843E-03
+3.110260000E-03,-1.105028411609E+00,-45.736494501E-03,-74.012247946E-03
+3.110265000E-03,-1.099328034802E+00,-44.323177905E-03,-74.531092158E-03
+3.110270000E-03,-1.093834944372E+00,-45.893529635E-03,-75.784232854E-03
+3.110275000E-03,-1.088860070092E+00,-44.480213068E-03,-76.536117262E-03
+3.110280000E-03,-1.082486012366E+00,-45.029836221E-03,-77.543026807E-03
+3.110285000E-03,-1.077666602876E+00,-44.244660298E-03,-78.356468996E-03
+3.110290000E-03,-1.070981615536E+00,-44.087625168E-03,-79.253453924E-03
+3.110295000E-03,-1.065384881902E+00,-43.930589982E-03,-80.176820736E-03
+3.110300000E-03,-1.058233500077E+00,-43.930590002E-03,-80.928705166E-03
+3.110305000E-03,-1.051393047897E+00,-43.695037228E-03,-81.838881015E-03
+3.110310000E-03,-1.043878914838E+00,-42.909861357E-03,-82.713881025E-03
+3.110315000E-03,-1.037038462589E+00,-45.029836237E-03,-83.417398585E-03
+3.110320000E-03,-1.029990723982E+00,-45.815012012E-03,-84.393529247E-03
+3.110325000E-03,-1.021958374856E+00,-43.459484447E-03,-85.022298068E-03
+3.110330000E-03,-1.014755171386E+00,-43.223931686E-03,-85.976443811E-03
+3.110335000E-03,-1.006930108624E+00,-43.695037208E-03,-86.451318159E-03
+3.110340000E-03,-998.897759512E-03,-44.009107589E-03,-87.541770420E-03
+3.110345000E-03,-990.917231933E-03,-44.401695488E-03,-87.990262862E-03
+3.110350000E-03,-981.278412996E-03,-44.323177897E-03,-88.900438748E-03
+3.110355000E-03,-973.297885454E-03,-44.166142719E-03,-89.480840739E-03
+3.110360000E-03,-964.747320190E-03,-44.637248181E-03,-90.039257832E-03
+3.110365000E-03,-955.004857983E-03,-42.674308628E-03,-90.971418614E-03
+3.110370000E-03,-946.661579173E-03,-43.538002038E-03,-91.261619626E-03
+3.110375000E-03,-937.074581793E-03,-44.166142731E-03,-92.422423623E-03
+3.110380000E-03,-927.539406011E-03,-44.715765804E-03,-92.352071880E-03
+3.110385000E-03,-917.123262914E-03,-42.909861406E-03,-93.706343209E-03
+3.110390000E-03,-906.862584576E-03,-42.831343799E-03,-93.407348245E-03
+3.110395000E-03,-896.653727963E-03,-42.831343779E-03,-94.963880874E-03
+3.110400000E-03,-886.548514525E-03,-41.653580009E-03,-94.458227642E-03
+3.110405000E-03,-876.080549768E-03,-41.653579940E-03,-95.997172322E-03
+3.110410000E-03,-866.234444367E-03,-43.459484451E-03,-95.623428633E-03
+3.110415000E-03,-857.372949479E-03,-42.517273426E-03,-96.973302963E-03
+3.110420000E-03,-846.749519947E-03,-45.029836173E-03,-96.788629626E-03
+3.110425000E-03,-834.934193441E-03,-42.124685511E-03,-97.786745166E-03
+3.110430000E-03,-824.155299076E-03,-43.930590018E-03,-97.830715045E-03
+3.110435000E-03,-812.961831878E-03,-43.616519642E-03,-98.604584358E-03
+3.110440000E-03,-801.042862183E-03,-42.674308535E-03,-98.767272814E-03
+3.110445000E-03,-789.745751722E-03,-42.360238199E-03,-99.523554200E-03
+3.110450000E-03,-777.826781973E-03,-42.124685491E-03,-99.585112001E-03
+3.110455000E-03,-766.011455499E-03,-43.773554816E-03,-100.288629575E-03
+3.110460000E-03,-754.247950595E-03,-42.438755872E-03,-100.380966258E-03
+3.110465000E-03,-742.328980865E-03,-43.145414168E-03,-101.053704944E-03
+3.110470000E-03,-730.410011190E-03,-42.674308531E-03,-100.956971281E-03
+3.110475000E-03,-719.061079124E-03,-41.575062385E-03,-101.783604431E-03
+3.110480000E-03,-706.675714962E-03,-42.438755876E-03,-101.489006454E-03
+3.110485000E-03,-694.290350762E-03,-41.575062356E-03,-102.372800406E-03
+3.110490000E-03,-681.231305649E-03,-41.810615142E-03,-102.086996393E-03
+3.110495000E-03,-669.934195209E-03,-42.360238219E-03,-102.913629546E-03
+3.110500000E-03,-657.134258166E-03,-42.360238207E-03,-102.627825533E-03
+3.110505000E-03,-643.194245812E-03,-41.967650358E-03,-103.212624516E-03
+3.110510000E-03,-630.446130294E-03,-42.203203045E-03,-103.089508951E-03
+3.110515000E-03,-616.557939554E-03,-43.223931681E-03,-103.489634566E-03
+3.110520000E-03,-603.809824066E-03,-41.103956842E-03,-103.564383310E-03
+3.110525000E-03,-589.662525264E-03,-42.046167891E-03,-103.705086827E-03
+3.110530000E-03,-576.966231439E-03,-40.946921701E-03,-103.942524011E-03
+3.110535000E-03,-563.544435064E-03,-42.360238215E-03,-103.845790346E-03
+3.110540000E-03,-550.381746769E-03,-41.732097568E-03,-104.157976271E-03
+3.110545000E-03,-536.078983119E-03,-42.360238248E-03,-103.982096879E-03
+3.110550000E-03,-522.294435495E-03,-41.889132717E-03,-104.311870738E-03
+3.110555000E-03,-508.354423104E-03,-40.868404060E-03,-104.201946125E-03
+3.110560000E-03,-493.792551426E-03,-41.575062398E-03,-104.325061696E-03
+3.110565000E-03,-478.971571660E-03,-40.711368944E-03,-104.237121998E-03
+3.110570000E-03,-464.254235107E-03,-41.967650346E-03,-104.325061698E-03
+3.110575000E-03,-450.573330761E-03,-41.260992054E-03,-104.250312954E-03
+3.110580000E-03,-435.389599738E-03,-42.124685462E-03,-104.307473758E-03
+3.110585000E-03,-420.724084828E-03,-41.810615071E-03,-104.122800388E-03
+3.110590000E-03,-405.592175489E-03,-41.653579943E-03,-104.219534066E-03
+3.110595000E-03,-391.030303803E-03,-43.852072315E-03,-103.876569235E-03
+3.110600000E-03,-377.297577783E-03,-41.418027249E-03,-104.052448643E-03
+3.110605000E-03,-363.202100522E-03,-42.674308584E-03,-103.691895870E-03
+3.110610000E-03,-348.484764030E-03,-43.145414136E-03,-103.889760200E-03
+3.110615000E-03,-334.700216453E-03,-41.967650334E-03,-103.331343113E-03
+3.110620000E-03,-319.620128655E-03,-41.732097551E-03,-103.590765227E-03
+3.110625000E-03,-305.369186603E-03,-41.575062394E-03,-102.997172262E-03
+3.110630000E-03,-291.688282218E-03,-41.575062369E-03,-103.190639600E-03
+3.110635000E-03,-277.851912989E-03,-41.418027216E-03,-102.649810457E-03
+3.110640000E-03,-262.927290050E-03,-42.203203078E-03,-102.627825538E-03
+3.110645000E-03,-247.847202303E-03,-40.789886532E-03,-102.298051667E-03
+3.110650000E-03,-232.870757701E-03,-41.967650330E-03,-102.056217505E-03
+3.110655000E-03,-218.205242774E-03,-40.554333728E-03,-101.814383336E-03
+3.110660000E-03,-203.747014314E-03,-42.360238244E-03,-101.405463742E-03
+3.110665000E-03,-189.755180307E-03,-41.025439319E-03,-101.159232586E-03
+3.110670000E-03,-174.519627692E-03,-40.946921659E-03,-100.684358223E-03
+3.110675000E-03,-159.543183135E-03,-41.339509629E-03,-100.517272790E-03
+3.110680000E-03,-144.255808887E-03,-42.046167866E-03,-99.936870795E-03
+3.110685000E-03,-127.776537761E-03,-42.124685461E-03,-99.791770288E-03
+3.110690000E-03,-112.022769054E-03,-41.182474425E-03,-99.277323066E-03
+3.110695000E-03,-97.149967709E-03,-41.889132713E-03,-98.833227584E-03
+3.110700000E-03,-81.914415145E-03,-42.595790958E-03,-98.490262767E-03
+3.110705000E-03,-67.093435357E-03,-41.575062360E-03,-97.870287897E-03
+3.110710000E-03,-51.857882762E-03,-41.732097560E-03,-97.619659766E-03
+3.110715000E-03,-36.829616574E-03,-41.889132752E-03,-96.832599473E-03
+3.110720000E-03,-20.920383088E-03,-40.475816106E-03,-96.590765302E-03
+3.110725000E-03,-4.907506434E-03,-41.967650309E-03,-95.843277875E-03
+3.110730000E-03,+10.846262301E-03,-41.732097543E-03,-95.570664807E-03
+3.110735000E-03,+26.807317372E-03,-40.868404111E-03,-94.831971353E-03
+3.110740000E-03,+41.628297144E-03,-42.203203066E-03,-94.532976374E-03
+3.110745000E-03,+57.744817020E-03,-40.318781014E-03,-93.688755285E-03
+3.110750000E-03,+73.498585741E-03,-40.711368906E-03,-93.306217598E-03
+3.110755000E-03,+88.993246339E-03,-42.203203031E-03,-92.431217612E-03
+3.110760000E-03,+104.539728642E-03,-41.575062326E-03,-92.127825653E-03
+3.110765000E-03,+119.567994790E-03,-42.203203074E-03,-91.151695006E-03
+3.110770000E-03,+134.803547390E-03,-41.575062325E-03,-90.958227675E-03
+3.110775000E-03,+149.831813555E-03,-39.062499599E-03,-89.832599548E-03
+3.110780000E-03,+165.896511884E-03,-41.575062417E-03,-89.771041760E-03
+3.110785000E-03,+181.494815760E-03,-41.496544756E-03,-88.350815646E-03
+3.110790000E-03,+195.486649755E-03,-42.281720592E-03,-88.412373434E-03
+3.110795000E-03,+210.722202347E-03,-41.889132704E-03,-86.842649830E-03
+3.110800000E-03,+225.439538901E-03,-43.223931676E-03,-87.000941284E-03
+3.110805000E-03,+240.778734659E-03,-40.868404076E-03,-85.334484024E-03
+3.110810000E-03,+255.392428007E-03,-40.946921685E-03,-85.413629746E-03
+3.110815000E-03,+269.591548473E-03,-40.868404067E-03,-83.918654892E-03
+3.110820000E-03,+284.775279483E-03,-40.946921742E-03,-83.799936294E-03
+3.110825000E-03,+299.285329576E-03,-40.554333706E-03,-82.357725256E-03
+3.110830000E-03,+313.639914829E-03,-41.575062386E-03,-82.036745357E-03
+3.110835000E-03,+328.564537791E-03,-41.653579930E-03,-80.726443868E-03
+3.110840000E-03,+342.193620536E-03,-42.046167922E-03,-80.291142367E-03
+3.110845000E-03,+355.356308837E-03,-40.554333767E-03,-79.183102167E-03
+3.110850000E-03,+369.244499666E-03,-41.260992025E-03,-78.620288112E-03
+3.110855000E-03,+383.599084942E-03,-40.554333758E-03,-77.274810737E-03
+3.110860000E-03,+397.850026977E-03,-41.339509647E-03,-76.804333361E-03
+3.110865000E-03,+411.686396182E-03,-40.397298584E-03,-75.353328343E-03
+3.110870000E-03,+425.730051822E-03,-42.988378884E-03,-75.036745445E-03
+3.110875000E-03,+439.721885843E-03,-41.810615143E-03,-73.436242933E-03
+3.110880000E-03,+454.439222360E-03,-41.653579951E-03,-73.211996718E-03
+3.110885000E-03,+466.772764941E-03,-41.496544773E-03,-71.501569589E-03
+3.110890000E-03,+481.593744699E-03,-40.004710653E-03,-71.374057033E-03
+3.110895000E-03,+495.481935482E-03,-41.810615166E-03,-69.553705289E-03
+3.110900000E-03,+509.318304683E-03,-42.046167896E-03,-69.434986700E-03
+3.110905000E-03,+524.139284397E-03,-40.475816203E-03,-67.588253056E-03
+3.110910000E-03,+537.094686277E-03,-41.496544737E-03,-67.232097278E-03
+3.110915000E-03,+549.894623364E-03,-42.831343745E-03,-65.728328451E-03
+3.110920000E-03,+563.005490034E-03,-41.339509621E-03,-65.033604838E-03
+3.110925000E-03,+577.049145627E-03,-42.360238204E-03,-63.749685258E-03
+3.110930000E-03,+589.330866657E-03,-41.025439228E-03,-62.755966673E-03
+3.110935000E-03,+603.685451904E-03,-42.046167878E-03,-61.749057138E-03
+3.110940000E-03,+616.848140182E-03,-42.595791032E-03,-60.579459157E-03
+3.110945000E-03,+629.440790815E-03,-42.046167842E-03,-59.700062184E-03
+3.110950000E-03,+642.758943959E-03,-44.009107493E-03,-58.336996874E-03
+3.110955000E-03,+654.729735285E-03,-41.810615081E-03,-57.567524516E-03
+3.110960000E-03,+666.700526629E-03,-42.988378892E-03,-56.178077299E-03
+3.110965000E-03,+678.153101863E-03,-41.025439219E-03,-55.329459215E-03
+3.110970000E-03,+690.383001267E-03,-42.124685496E-03,-53.816896413E-03
+3.110975000E-03,+703.182938290E-03,-41.653579929E-03,-52.990263262E-03
+3.110980000E-03,+715.309194456E-03,-41.967650367E-03,-51.548052224E-03
+3.110985000E-03,+727.228164136E-03,-41.732097530E-03,-50.637876353E-03
+3.110990000E-03,+737.955236965E-03,-41.260992034E-03,-49.103328623E-03
+3.110995000E-03,+749.355990597E-03,-42.674308584E-03,-48.413002006E-03
+3.111000000E-03,+761.326781908E-03,-41.260991975E-03,-46.597047247E-03
+3.111005000E-03,+773.660324466E-03,-40.554333768E-03,-46.034233195E-03
+3.111010000E-03,+783.454608286E-03,-41.653579906E-03,-44.156720639E-03
+3.111015000E-03,+794.181681003E-03,-42.203203075E-03,-43.717022161E-03
+3.111020000E-03,+804.494180964E-03,-42.909861363E-03,-41.681218151E-03
+3.111025000E-03,+815.635826552E-03,-42.674308597E-03,-41.311871426E-03
+3.111030000E-03,+826.155612893E-03,-42.360238231E-03,-39.293655366E-03
+3.111035000E-03,+835.898075085E-03,-41.418027186E-03,-38.827574974E-03
+3.111040000E-03,+845.329607644E-03,-42.124685474E-03,-36.822549869E-03
+3.111045000E-03,+854.502032190E-03,-42.674308570E-03,-36.158605147E-03
+3.111050000E-03,+864.607245673E-03,-40.946921690E-03,-34.439384065E-03
+3.111055000E-03,+875.593426418E-03,-42.438755863E-03,-33.489635329E-03
+3.111060000E-03,+885.180423797E-03,-42.595790987E-03,-32.126570019E-03
+3.111065000E-03,+893.730989095E-03,-42.909861349E-03,-30.723931843E-03
+3.111070000E-03,+904.147132142E-03,-43.459484423E-03,-29.703831349E-03
+3.111075000E-03,+912.645875782E-03,-40.711368988E-03,-28.107725845E-03
+3.111080000E-03,+921.092797826E-03,-43.773554712E-03,-27.223931877E-03
+3.111085000E-03,+929.798827877E-03,-41.496544850E-03,-25.539886678E-03
+3.111090000E-03,+939.023073992E-03,-43.145414088E-03,-24.585740946E-03
+3.111095000E-03,+947.366352809E-03,-42.674308552E-03,-22.866519877E-03
+3.111100000E-03,+955.657810009E-03,-43.145414129E-03,-21.855213337E-03
+3.111105000E-03,+963.275586276E-03,-42.988378914E-03,-20.325062620E-03
+3.111110000E-03,+970.841540987E-03,-42.674308551E-03,-19.164258590E-03
+3.111115000E-03,+978.977533405E-03,-43.380966932E-03,-17.774811388E-03
+3.111120000E-03,+987.268990545E-03,-42.831343776E-03,-16.451318922E-03
+3.111125000E-03,+994.731302032E-03,-42.595791001E-03,-15.268530008E-03
+3.111130000E-03,+1.001779040665E+00,-42.517273391E-03,-13.813127996E-03
+3.111135000E-03,+1.008982244114E+00,-42.517273409E-03,-12.586369231E-03
+3.111140000E-03,+1.014527156127E+00,-42.360238231E-03,-11.240891845E-03
+3.111145000E-03,+1.021626716368E+00,-42.203203070E-03,-9.943781318E-03
+3.111150000E-03,+1.028104417288E+00,-41.575062346E-03,-8.695037602E-03
+3.111155000E-03,+1.034944869458E+00,-42.360238226E-03,-7.301193407E-03
+3.111160000E-03,+1.040852532724E+00,-42.674308560E-03,-6.184359231E-03
+3.111165000E-03,+1.047174768852E+00,-42.046167896E-03,-4.641017558E-03
+3.111170000E-03,+1.053134253670E+00,-41.260992081E-03,-3.603329108E-03
+3.111175000E-03,+1.058575522483E+00,-43.538002065E-03,-2.002826635E-03
+3.111180000E-03,+1.063498575213E+00,-43.380966849E-03,-951.947225E-06
+3.111185000E-03,+1.070028097737E+00,-42.281720681E-03,+499.057763E-06
+3.111190000E-03,+1.075158436881E+00,-41.260992048E-03,+1.765389430E-03
+3.111195000E-03,+1.081687959412E+00,+44.087621166E-03,+3.066896931E-03
+3.111200000E-03,+1.084538147885E+00,+2.365852661223E+00,+4.583856737E-03
+3.111205000E-03,+1.088942984506E+00,+2.552724532961E+00,+5.401695906E-03
+3.111210000E-03,+1.093399642713E+00,+2.552724532961E+00,+7.371545142E-03
+3.111215000E-03,+1.097959944190E+00,+2.552724532961E+00,+7.837625535E-03
+3.111220000E-03,+1.101431991852E+00,+2.552724532961E+00,+9.974560183E-03
+3.111225000E-03,+1.105059504422E+00,+2.552724532961E+00,+10.493404402E-03
+3.111230000E-03,+1.108635195357E+00,+2.552724532961E+00,+12.529208391E-03
+3.111235000E-03,+1.111485383759E+00,+2.552724532961E+00,+13.197550103E-03
+3.111240000E-03,+1.114076464112E+00,+2.552724532961E+00,+15.009107863E-03
+3.111245000E-03,+1.117807619848E+00,+2.552724532961E+00,+15.941268667E-03
+3.111250000E-03,+1.120502343489E+00,+2.552724532961E+00,+17.414258590E-03
+3.111255000E-03,+1.123300710256E+00,+2.552724532961E+00,+18.693781197E-03
+3.111260000E-03,+1.124544428855E+00,+2.552724532961E+00,+19.771042488E-03
+3.111265000E-03,+1.126980044382E+00,+2.552724532961E+00,+21.393529906E-03
+3.111270000E-03,+1.128741979058E+00,+2.552724532961E+00,+22.360866586E-03
+3.111275000E-03,+1.131177594634E+00,+2.552724532961E+00,+23.961369073E-03
+3.111280000E-03,+1.131903097114E+00,+2.552724532961E+00,+24.950690679E-03
+3.111285000E-03,+1.132835886055E+00,+2.552724532961E+00,+26.463253466E-03
+3.111290000E-03,+1.134960571962E+00,+2.552724532961E+00,+27.536117792E-03
+3.111295000E-03,+1.135323323249E+00,+2.552724532961E+00,+28.776067512E-03
+3.111300000E-03,+1.136048825682E+00,+2.552724532961E+00,+30.183102688E-03
+3.111305000E-03,+1.137137079458E+00,+2.552724532961E+00,+31.203203167E-03
+3.111310000E-03,+1.136981614673E+00,+2.552724532961E+00,+32.654208185E-03
+3.111315000E-03,+1.138743549274E+00,+2.552724532961E+00,+33.621544854E-03
+3.111320000E-03,+1.137551652377E+00,+2.552724532961E+00,+35.200062425E-03
+3.111325000E-03,+1.137655295564E+00,+2.552724532961E+00,+36.022298601E-03
+3.111330000E-03,+1.137499830748E+00,+2.552724532961E+00,+37.548052345E-03
+3.111335000E-03,+1.136877971445E+00,+2.552724532961E+00,+38.537373955E-03
+3.111340000E-03,+1.136152468931E+00,+2.552724532961E+00,+39.830087500E-03
+3.111345000E-03,+1.135530609666E+00,+2.552724532961E+00,+41.026067395E-03
+3.111350000E-03,+1.134545999121E+00,+2.552724532961E+00,+42.138504556E-03
+3.111355000E-03,+1.134338712704E+00,+2.552724532961E+00,+43.321293502E-03
+3.111360000E-03,+1.132732242856E+00,+2.552724532961E+00,+44.517273377E-03
+3.111365000E-03,+1.130970308246E+00,+2.552724532961E+00,+45.607725641E-03
+3.111370000E-03,+1.128638335893E+00,+2.552724532961E+00,+46.821293453E-03
+3.111375000E-03,+1.127083687624E+00,+2.552724532961E+00,+47.784233153E-03
+3.111380000E-03,+1.125010823303E+00,+2.552724532961E+00,+49.116519562E-03
+3.111385000E-03,+1.121953348521E+00,+2.552724532961E+00,+49.890388913E-03
+3.111390000E-03,+1.120139592272E+00,+2.552724532961E+00,+51.460112495E-03
+3.111395000E-03,+1.117185760639E+00,+2.552724532961E+00,+52.084484368E-03
+3.111400000E-03,+1.113558248137E+00,+2.552724532961E+00,+53.667398903E-03
+3.111405000E-03,+1.110863524529E+00,+2.552724532961E+00,+54.186243141E-03
+3.111410000E-03,+1.108065157709E+00,+2.552724532961E+00,+55.747172748E-03
+3.111415000E-03,+1.104074893961E+00,+2.552724532961E+00,+56.309986835E-03
+3.111420000E-03,+1.099980986957E+00,+2.552724532961E+00,+57.730212927E-03
+3.111425000E-03,+1.095317042287E+00,+2.552724532961E+00,+58.468906408E-03
+3.111430000E-03,+1.091534064915E+00,+2.552724532961E+00,+59.647298337E-03
+3.111435000E-03,+1.086507369018E+00,+2.552724532961E+00,+60.429961665E-03
+3.111440000E-03,+1.082620748485E+00,+2.552724532961E+00,+61.603956616E-03
+3.111445000E-03,+1.077127658092E+00,+2.552724532961E+00,+62.443780732E-03
+3.111450000E-03,+1.072100962162E+00,+2.552724532961E+00,+63.516645041E-03
+3.111455000E-03,+1.067333374226E+00,+2.552724532961E+00,+64.356469147E-03
+3.111460000E-03,+1.062099391870E+00,+2.552724532961E+00,+65.578830948E-03
+3.111465000E-03,+1.055932620592E+00,+2.552724532961E+00,+66.132851041E-03
+3.111470000E-03,+1.050491351851E+00,+2.552724532961E+00,+67.451946510E-03
+3.111475000E-03,+1.044635510154E+00,+2.552724532961E+00,+67.953202778E-03
+3.111480000E-03,+1.038468738882E+00,+2.552724532961E+00,+69.360237947E-03
+3.111485000E-03,+1.032250146000E+00,+2.552724532961E+00,+69.786745471E-03
+3.111490000E-03,+1.024995120943E+00,+2.552724532961E+00,+71.154207773E-03
+3.111495000E-03,+1.018880171243E+00,+2.552724532961E+00,+71.497172592E-03
+3.111500000E-03,+1.010640535673E+00,+2.552724532961E+00,+72.789886147E-03
+3.111505000E-03,+1.004059191522E+00,+2.552724532961E+00,+73.317524331E-03
+3.111510000E-03,+997.426025722E-03,+2.552724532961E+00,+74.293654971E-03
+3.111515000E-03,+989.186390200E-03,+2.552724532961E+00,+75.023554461E-03
+3.111520000E-03,+981.102219432E-03,+2.552724532961E+00,+75.889760486E-03
+3.111525000E-03,+973.277156705E-03,+2.552724532961E+00,+76.725187609E-03
+3.111530000E-03,+965.763023620E-03,+2.552724532961E+00,+77.353956458E-03
+3.111535000E-03,+957.316101548E-03,+2.552724532961E+00,+78.268529302E-03
+3.111540000E-03,+950.527471000E-03,+2.552724532961E+00,+78.796167499E-03
+3.111545000E-03,+941.406868105E-03,+2.552724532961E+00,+79.679961443E-03
+3.111550000E-03,+932.649016453E-03,+2.552724532961E+00,+80.335112204E-03
+3.111555000E-03,+923.010197477E-03,+2.552724532961E+00,+80.928705154E-03
+3.111560000E-03,+915.288777900E-03,+2.552724532961E+00,+81.724559425E-03
+3.111565000E-03,+905.960888566E-03,+2.552724532961E+00,+82.111494087E-03
+3.111570000E-03,+896.114783141E-03,+2.552724532961E+00,+82.968906150E-03
+3.111575000E-03,+887.097823448E-03,+2.552724532961E+00,+83.413001607E-03
+3.111580000E-03,+877.459004469E-03,+2.552724532961E+00,+84.288001602E-03
+3.111585000E-03,+866.731931736E-03,+2.552724532961E+00,+84.661745319E-03
+3.111590000E-03,+857.870436849E-03,+2.552724532961E+00,+85.400438775E-03
+3.111595000E-03,+848.127974626E-03,+2.552724532961E+00,+86.007222693E-03
+3.111600000E-03,+838.230047567E-03,+2.552724532961E+00,+86.442524186E-03
+3.111605000E-03,+827.554796481E-03,+2.552724532961E+00,+87.190011629E-03
+3.111610000E-03,+817.138653370E-03,+2.552724532961E+00,+87.361494034E-03
+3.111615000E-03,+805.530613280E-03,+2.552724532961E+00,+88.293654834E-03
+3.111620000E-03,+796.047259114E-03,+2.552724532961E+00,+88.298051812E-03
+3.111625000E-03,+785.112899934E-03,+2.552724532961E+00,+89.344534213E-03
+3.111630000E-03,+773.763967948E-03,+2.552724532961E+00,+89.181845779E-03
+3.111635000E-03,+763.555111293E-03,+2.552724532961E+00,+90.241519130E-03
+3.111640000E-03,+752.050714379E-03,+2.552724532961E+00,+90.122800542E-03
+3.111645000E-03,+740.442674292E-03,+2.552724532961E+00,+90.989006553E-03
+3.111650000E-03,+729.819244758E-03,+2.552724532961E+00,+91.019785456E-03
+3.111655000E-03,+717.952096696E-03,+2.552724532961E+00,+91.666142228E-03
+3.111660000E-03,+706.551343017E-03,+2.552724532961E+00,+91.776066855E-03
+3.111665000E-03,+695.046946145E-03,+2.552724532961E+00,+92.334483932E-03
+3.111670000E-03,+682.661581930E-03,+2.552724532961E+00,+92.519157299E-03
+3.111675000E-03,+669.809823317E-03,+2.552724532961E+00,+93.011619605E-03
+3.111680000E-03,+657.320815910E-03,+2.552724532961E+00,+93.191895979E-03
+3.111685000E-03,+646.179170218E-03,+2.552724532961E+00,+93.539257790E-03
+3.111690000E-03,+632.809195569E-03,+2.552724532961E+00,+93.605212564E-03
+3.111695000E-03,+620.009258511E-03,+2.552724532961E+00,+94.137247732E-03
+3.111700000E-03,+607.261143059E-03,+2.552724532961E+00,+93.987750254E-03
+3.111705000E-03,+594.720314095E-03,+2.552724532961E+00,+94.572549233E-03
+3.111710000E-03,+581.402160954E-03,+2.552724532961E+00,+94.445036680E-03
+3.111715000E-03,+569.327726354E-03,+2.552724532961E+00,+94.959483905E-03
+3.111720000E-03,+556.061394894E-03,+2.552724532961E+00,+94.814383412E-03
+3.111725000E-03,+542.328668901E-03,+2.552724532961E+00,+95.262875849E-03
+3.111730000E-03,+527.974083661E-03,+2.552724532961E+00,+95.161745221E-03
+3.111735000E-03,+515.174146606E-03,+2.552724532961E+00,+95.407976350E-03
+3.111740000E-03,+501.441420602E-03,+2.552724532961E+00,+95.342021602E-03
+3.111745000E-03,+488.434197143E-03,+2.552724532961E+00,+95.416770327E-03
+3.111750000E-03,+474.960579151E-03,+2.552724532961E+00,+95.592649735E-03
+3.111755000E-03,+460.968745200E-03,+2.552724532961E+00,+95.522297965E-03
+3.111760000E-03,+447.132375968E-03,+2.552724532961E+00,+95.649810537E-03
+3.111765000E-03,+433.710579629E-03,+2.552724532961E+00,+95.583855751E-03
+3.111770000E-03,+419.666923968E-03,+2.552724532961E+00,+95.592649738E-03
+3.111775000E-03,+405.986019612E-03,+2.552724532961E+00,+95.610237662E-03
+3.111780000E-03,+390.128607735E-03,+2.552724532961E+00,+95.421167320E-03
+3.111785000E-03,+376.240416942E-03,+2.552724532961E+00,+95.645413542E-03
+3.111790000E-03,+361.471258772E-03,+2.552724532961E+00,+95.161745216E-03
+3.111795000E-03,+347.013030307E-03,+2.552724532961E+00,+95.438755259E-03
+3.111800000E-03,+332.762088266E-03,+2.552724532961E+00,+94.955086926E-03
+3.111805000E-03,+319.029362256E-03,+2.552724532961E+00,+95.328830630E-03
+3.111810000E-03,+304.104739310E-03,+2.552724532961E+00,+94.766016576E-03
+3.111815000E-03,+289.542867671E-03,+2.552724532961E+00,+94.955086920E-03
+3.111820000E-03,+275.758319985E-03,+2.552724532961E+00,+94.396669851E-03
+3.111825000E-03,+260.781875422E-03,+2.552724532961E+00,+94.502197484E-03
+3.111830000E-03,+245.753609258E-03,+2.552724532961E+00,+94.040514072E-03
+3.111835000E-03,+230.258948641E-03,+2.552724532961E+00,+93.992147235E-03
+3.111840000E-03,+215.748898535E-03,+2.552724532961E+00,+93.657976390E-03
+3.111845000E-03,+201.290669992E-03,+2.552724532961E+00,+93.460112071E-03
+3.111850000E-03,+186.366047077E-03,+2.552724532961E+00,+93.099559310E-03
+3.111855000E-03,+170.508635269E-03,+2.552724532961E+00,+92.923679911E-03
+3.111860000E-03,+155.532190651E-03,+2.552724532961E+00,+92.440011571E-03
+3.111865000E-03,+140.503924497E-03,+2.552724532961E+00,+92.312499020E-03
+3.111870000E-03,+124.283761321E-03,+2.552724532961E+00,+91.666142224E-03
+3.111875000E-03,+108.892743905E-03,+2.552724532961E+00,+91.674936207E-03
+3.111880000E-03,+93.812656116E-03,+2.552724532961E+00,+90.830715109E-03
+3.111885000E-03,+78.525281970E-03,+2.552724532961E+00,+90.940639736E-03
+3.111890000E-03,+63.600658946E-03,+2.552724532961E+00,+89.999684970E-03
+3.111895000E-03,+47.587782305E-03,+2.552724532961E+00,+90.118403563E-03
+3.111900000E-03,+33.336840209E-03,+2.552724532961E+00,+89.080715133E-03
+3.111905000E-03,+17.842179625E-03,+2.552724532961E+00,+89.164257840E-03
+3.111910000E-03,+2.710270199E-03,+2.552724532961E+00,+88.342021675E-03
+3.111915000E-03,-12.007066334E-03,+2.552724532961E+00,+88.034232727E-03
+3.111920000E-03,-26.206186836E-03,+2.552724532961E+00,+87.493403598E-03
+3.111925000E-03,-40.871701730E-03,+2.552724532961E+00,+86.723931236E-03
+3.111930000E-03,-56.418183938E-03,+2.552724532961E+00,+86.530463903E-03
+3.111935000E-03,-71.187342122E-03,+2.552724532961E+00,+85.589509136E-03
+3.111940000E-03,-85.282819348E-03,+2.552724532961E+00,+85.492775469E-03
+3.111945000E-03,-101.658447272E-03,+2.552724532961E+00,+84.235237802E-03
+3.111950000E-03,-117.049464702E-03,+2.552724532961E+00,+84.292398595E-03
+3.111955000E-03,-133.528735851E-03,+2.552724532961E+00,+82.999685058E-03
+3.111960000E-03,-147.883321107E-03,+2.552724532961E+00,+83.201946338E-03
+3.111965000E-03,-163.118873780E-03,+2.552724532961E+00,+81.702574521E-03
+3.111970000E-03,-178.458069578E-03,+2.552724532961E+00,+81.896041834E-03
+3.111975000E-03,-193.330870947E-03,+2.552724532961E+00,+80.392273022E-03
+3.111980000E-03,-207.219061739E-03,+2.552724532961E+00,+80.370288087E-03
+3.111985000E-03,-222.558257537E-03,+2.552724532961E+00,+79.011619767E-03
+3.111990000E-03,-238.571134188E-03,+2.552724532961E+00,+79.059986587E-03
+3.111995000E-03,-253.081184363E-03,+2.552724532961E+00,+77.538629833E-03
+3.112000000E-03,-268.472201762E-03,+2.552724532961E+00,+77.617775552E-03
+3.112005000E-03,-282.567679036E-03,+2.552724532961E+00,+75.933730354E-03
+3.112010000E-03,-299.098771758E-03,+2.552724532961E+00,+76.114006724E-03
+3.112015000E-03,-312.416924958E-03,+2.552724532961E+00,+74.262876100E-03
+3.112020000E-03,-328.792552919E-03,+2.552724532961E+00,+74.513504232E-03
+3.112025000E-03,-343.095316557E-03,+2.552724532961E+00,+72.649182649E-03
+3.112030000E-03,-357.294437043E-03,+2.552724532961E+00,+72.864634902E-03
+3.112035000E-03,-370.301660522E-03,+2.552724532961E+00,+70.956343478E-03
+3.112040000E-03,-386.521823654E-03,+2.552724532961E+00,+71.097046979E-03
+3.112045000E-03,-400.565479247E-03,+2.552724532961E+00,+69.237122389E-03
+3.112050000E-03,-415.541923783E-03,+2.552724532961E+00,+69.184358558E-03
+3.112055000E-03,-429.896509070E-03,+2.552724532961E+00,+67.548680192E-03
+3.112060000E-03,-444.043807969E-03,+2.552724532961E+00,+67.236494262E-03
+3.112065000E-03,-458.346571638E-03,+2.552724532961E+00,+65.816268148E-03
+3.112070000E-03,-471.872011160E-03,+2.552724532961E+00,+65.306217902E-03
+3.112075000E-03,-485.604737165E-03,+2.552724532961E+00,+63.916770674E-03
+3.112080000E-03,-499.752035977E-03,+2.552724532961E+00,+63.358353611E-03
+3.112085000E-03,-513.381118738E-03,+2.552724532961E+00,+62.021670189E-03
+3.112090000E-03,-526.751093525E-03,+2.552724532961E+00,+61.353328509E-03
+3.112095000E-03,-539.861960209E-03,+2.552724532961E+00,+60.056217951E-03
+3.112100000E-03,-553.180113311E-03,+2.552724532961E+00,+59.387876266E-03
+3.112105000E-03,-566.912839298E-03,+2.552724532961E+00,+57.985238074E-03
+3.112110000E-03,-580.127349249E-03,+2.552724532961E+00,+57.378454180E-03
+3.112115000E-03,-593.082751039E-03,+2.552724532961E+00,+55.861494379E-03
+3.112120000E-03,-606.297260958E-03,+2.552724532961E+00,+55.184358726E-03
+3.112125000E-03,-619.304484444E-03,+2.552724532961E+00,+53.794911487E-03
+3.112130000E-03,-633.089032053E-03,+2.552724532961E+00,+53.091393924E-03
+3.112135000E-03,-645.008001820E-03,+2.552724532961E+00,+51.754710507E-03
+3.112140000E-03,-657.445187616E-03,+2.552724532961E+00,+50.972047213E-03
+3.112145000E-03,-670.918805509E-03,+2.552724532961E+00,+49.644157765E-03
+3.112150000E-03,-683.304169716E-03,+2.552724532961E+00,+48.698806032E-03
+3.112155000E-03,-694.601280169E-03,+2.552724532961E+00,+47.388504529E-03
+3.112160000E-03,-707.556682051E-03,+2.552724532961E+00,+46.487122635E-03
+3.112165000E-03,-719.216543731E-03,+2.552724532961E+00,+45.110866359E-03
+3.112170000E-03,-732.016480752E-03,+2.552724532961E+00,+44.183102559E-03
+3.112175000E-03,-743.520877645E-03,+2.552724532961E+00,+42.815640244E-03
+3.112180000E-03,-755.180739336E-03,+2.552724532961E+00,+41.896670422E-03
+3.112185000E-03,-768.084319575E-03,+2.552724532961E+00,+40.511620175E-03
+3.112190000E-03,-778.966857168E-03,+2.552724532961E+00,+39.531092557E-03
+3.112195000E-03,-789.745751504E-03,+2.552724532961E+00,+38.044911661E-03
+3.112200000E-03,-801.664721289E-03,+2.552724532961E+00,+37.055590073E-03
+3.112205000E-03,-812.132685955E-03,+2.552724532961E+00,+35.652951889E-03
+3.112210000E-03,-822.030612981E-03,+2.552724532961E+00,+34.685615219E-03
+3.112215000E-03,-833.379544999E-03,+2.552724532961E+00,+33.217022270E-03
+3.112220000E-03,-844.262082599E-03,+2.552724532961E+00,+32.091394139E-03
+3.112225000E-03,-855.611014635E-03,+2.552724532961E+00,+30.869032346E-03
+3.112230000E-03,-864.627974369E-03,+2.552724532961E+00,+29.470791152E-03
+3.112235000E-03,-875.821441586E-03,+2.552724532961E+00,+28.477072574E-03
+3.112240000E-03,-886.082119821E-03,+2.552724532961E+00,+26.938127865E-03
+3.112245000E-03,-895.358187568E-03,+2.552724532961E+00,+26.071921843E-03
+3.112250000E-03,-907.018049285E-03,+2.552724532961E+00,+24.326318850E-03
+3.112255000E-03,-916.915976289E-03,+2.552724532961E+00,+23.556846493E-03
+3.112260000E-03,-925.725649515E-03,+2.552724532961E+00,+21.740891748E-03
+3.112265000E-03,-935.675398231E-03,+2.552724532961E+00,+21.019786217E-03
+3.112270000E-03,-944.174141844E-03,+2.552724532961E+00,+19.252198305E-03
+3.112275000E-03,-953.087458350E-03,+2.552724532961E+00,+18.465137999E-03
+3.112280000E-03,-963.710887873E-03,+2.552724532961E+00,+16.763504863E-03
+3.112285000E-03,-971.276842562E-03,+2.552724532961E+00,+15.796168176E-03
+3.112290000E-03,-979.412834941E-03,+2.552724532961E+00,+14.266017455E-03
+3.112295000E-03,-988.118865002E-03,+2.552724532961E+00,+13.179962175E-03
+3.112300000E-03,-995.581176466E-03,+2.552724532961E+00,+11.610238592E-03
+3.112305000E-03,-1.004079920071E+00,+2.552724532961E+00,+10.440640597E-03
+3.112310000E-03,-1.012993236566E+00,+2.552724532961E+00,+9.191896903E-03
+3.112315000E-03,-1.019989153631E+00,+2.552724532961E+00,+7.929962234E-03
+3.112320000E-03,-1.027606929924E+00,+2.552724532961E+00,+6.531721058E-03
+3.112325000E-03,-1.034913776586E+00,+2.552724532961E+00,+5.243404478E-03
+3.112330000E-03,-1.042427909617E+00,+2.552724532961E+00,+3.906721087E-03
+3.112335000E-03,-1.051133939667E+00,+2.552724532961E+00,+2.701947220E-03
+3.112340000E-03,-1.056627030130E+00,+2.552724532961E+00,+1.237751265E-03
+3.112345000E-03,-1.064141163204E+00,+2.552724532961E+00,+191.268849E-06
+3.112350000E-03,-1.070152469676E+00,+2.552724532961E+00,-1.334484894E-03
+3.112355000E-03,-1.076111954559E+00,+2.552724532961E+00,-2.433731119E-03
+3.112360000E-03,-1.083315157912E+00,+2.552724532961E+00,-3.862751200E-03
+3.112365000E-03,-1.088756426752E+00,+2.552724532961E+00,-5.023555213E-03
+3.112370000E-03,-1.094145873985E+00,+2.552724532961E+00,-6.522927053E-03
+3.112375000E-03,-1.099742607546E+00,+2.552724532961E+00,-7.718906938E-03
+3.112380000E-03,-1.105339341136E+00,+2.552724532961E+00,-9.108354165E-03
+3.112385000E-03,-1.110417858677E+00,+2.552724532961E+00,-10.436243588E-03
+3.112390000E-03,-1.114978160165E+00,+2.552724532961E+00,-11.882851617E-03
+3.112395000E-03,-1.120574893777E+00,+2.552724532961E+00,-13.030464663E-03
+3.112400000E-03,-1.125290660098E+00,+1.803117154187E+00,-14.455087776E-03
+3.112405000E-03,-1.128659064559E+00,-110.906086307E-03,-15.558730965E-03
+3.112410000E-03,-1.133167544396E+00,-179.216392308E-03,-16.970163125E-03
+3.112415000E-03,-1.137002343364E+00,-57.200065710E-03,-18.267273662E-03
+3.112420000E-03,-1.141407179971E+00,+189.031092587E-03,-19.581972141E-03
+3.112425000E-03,-1.144257368390E+00,-79.263502923E-03,-20.786745998E-03
+3.112430000E-03,-1.148143988930E+00,-74.473931207E-03,-22.272926877E-03
+3.112435000E-03,-1.150994177356E+00,-100.463252944E-03,-23.460112806E-03
+3.112440000E-03,-1.154155295420E+00,-19.276067901E-03,-24.862750974E-03
+3.112445000E-03,-1.156642732616E+00,-54.294911116E-03,-26.199434383E-03
+3.112450000E-03,-1.159855672258E+00,-48.170539802E-03,-27.263504715E-03
+3.112455000E-03,-1.162809503840E+00,-64.188127381E-03,-28.864007221E-03
+3.112460000E-03,-1.163845936056E+00,-50.526067522E-03,-29.796168006E-03
+3.112465000E-03,-1.166851589239E+00,-52.960112386E-03,-31.458228298E-03
+3.112470000E-03,-1.168561702315E+00,-52.017901520E-03,-32.302449384E-03
+3.112475000E-03,-1.169287204853E+00,-53.195665181E-03,-33.990891583E-03
+3.112480000E-03,-1.171308247530E+00,-51.311243214E-03,-34.813127754E-03
+3.112485000E-03,-1.173173825367E+00,-49.348303525E-03,-36.593906628E-03
+3.112490000E-03,-1.173536576697E+00,-49.740891427E-03,-37.345791048E-03
+3.112495000E-03,-1.174883938484E+00,-50.054961742E-03,-38.990263387E-03
+3.112500000E-03,-1.175713084148E+00,-50.761620071E-03,-39.926821168E-03
+3.112505000E-03,-1.175661262559E+00,-49.112750803E-03,-41.382223163E-03
+3.112510000E-03,-1.176283121838E+00,-50.604584936E-03,-42.468278428E-03
+3.112515000E-03,-1.176231300275E+00,-50.211996910E-03,-43.673052284E-03
+3.112520000E-03,-1.176542229916E+00,-50.290514542E-03,-44.921795988E-03
+3.112525000E-03,-1.176645873127E+00,-48.955715601E-03,-46.034233169E-03
+3.112530000E-03,-1.176334943501E+00,-47.306846255E-03,-47.357725603E-03
+3.112535000E-03,-1.176283121871E+00,-47.071293494E-03,-48.413001990E-03
+3.112540000E-03,-1.174780295236E+00,-47.071293488E-03,-49.723303468E-03
+3.112545000E-03,-1.173951149531E+00,-47.620916558E-03,-50.769785883E-03
+3.112550000E-03,-1.172914717366E+00,-47.699434213E-03,-51.939383850E-03
+3.112555000E-03,-1.171878285276E+00,-50.133479272E-03,-53.271670274E-03
+3.112560000E-03,-1.170219993818E+00,-48.406092548E-03,-54.181846135E-03
+3.112565000E-03,-1.167939843085E+00,-48.327574865E-03,-55.536117495E-03
+3.112570000E-03,-1.165866978759E+00,-47.934986929E-03,-56.397926517E-03
+3.112575000E-03,-1.164208687323E+00,-48.170539696E-03,-57.765388820E-03
+3.112580000E-03,-1.161617606957E+00,-47.306846204E-03,-58.653579753E-03
+3.112585000E-03,-1.159337456284E+00,-46.678705490E-03,-59.924308390E-03
+3.112590000E-03,-1.156331803035E+00,-46.521670310E-03,-60.896042051E-03
+3.112595000E-03,-1.153585257797E+00,-46.521670396E-03,-61.982097316E-03
+3.112600000E-03,-1.150735069430E+00,-48.877197929E-03,-63.125313382E-03
+3.112605000E-03,-1.147366664917E+00,-47.463881390E-03,-64.110237997E-03
+3.112610000E-03,-1.144568298102E+00,-46.678705587E-03,-65.315011846E-03
+3.112615000E-03,-1.140837142374E+00,-46.914258217E-03,-66.176820893E-03
+3.112620000E-03,-1.136795057024E+00,-45.422424142E-03,-67.416770610E-03
+3.112625000E-03,-1.132286577203E+00,-48.170539731E-03,-68.142273136E-03
+3.112630000E-03,-1.128659064687E+00,-45.422424160E-03,-69.303077130E-03
+3.112635000E-03,-1.123062331022E+00,-47.071293454E-03,-70.252825878E-03
+3.112640000E-03,-1.119901212958E+00,-44.794283486E-03,-71.136619826E-03
+3.112645000E-03,-1.115029981896E+00,-45.815012095E-03,-72.301820835E-03
+3.112650000E-03,-1.110055107528E+00,-45.500941701E-03,-72.961368546E-03
+3.112655000E-03,-1.104354730792E+00,-44.951318660E-03,-74.333227845E-03
+3.112660000E-03,-1.097877029830E+00,-46.129082443E-03,-74.768529332E-03
+3.112665000E-03,-1.092124831395E+00,-44.401695510E-03,-76.338252944E-03
+3.112670000E-03,-1.086476276122E+00,-46.050564799E-03,-76.602072032E-03
+3.112675000E-03,-1.080775899329E+00,-44.951318637E-03,-78.158604682E-03
+3.112680000E-03,-1.075490095335E+00,-45.657976881E-03,-78.334484077E-03
+3.112685000E-03,-1.069686075305E+00,-44.087625098E-03,-79.833855922E-03
+3.112690000E-03,-1.062845623117E+00,-45.108353811E-03,-80.132850893E-03
+3.112695000E-03,-1.056316100600E+00,-44.244660290E-03,-81.531092083E-03
+3.112700000E-03,-1.049423826831E+00,-44.794283486E-03,-81.869659921E-03
+3.112705000E-03,-1.041495120875E+00,-44.715765835E-03,-83.096418698E-03
+3.112710000E-03,-1.033980987824E+00,-44.637248318E-03,-83.571293068E-03
+3.112715000E-03,-1.026052281879E+00,-45.343906497E-03,-84.749685015E-03
+3.112720000E-03,-1.019574580932E+00,-43.145414105E-03,-85.193780486E-03
+3.112725000E-03,-1.011490410130E+00,-43.773554813E-03,-86.288629727E-03
+3.112730000E-03,-1.003198952955E+00,-44.244660371E-03,-86.618403586E-03
+3.112735000E-03,-994.337458056E-03,-43.852072435E-03,-87.748428709E-03
+3.112740000E-03,-986.512395326E-03,-45.579459334E-03,-88.122172412E-03
+3.112745000E-03,-978.272759778E-03,-44.244660313E-03,-89.265388484E-03
+3.112750000E-03,-970.033124184E-03,-44.009107557E-03,-89.502825666E-03
+3.112755000E-03,-961.741666971E-03,-45.343906555E-03,-90.580086966E-03
+3.112760000E-03,-952.102848013E-03,-43.538002058E-03,-90.760363345E-03
+3.112765000E-03,-942.878601862E-03,-44.244660336E-03,-91.824433687E-03
+3.112770000E-03,-933.136139651E-03,-44.244660301E-03,-92.097046740E-03
+3.112775000E-03,-924.171001575E-03,-42.752826187E-03,-92.989634678E-03
+3.112780000E-03,-913.703036848E-03,-45.108353812E-03,-93.438127130E-03
+3.112785000E-03,-902.665034481E-03,-42.124685449E-03,-94.159232661E-03
+3.112790000E-03,-892.456177822E-03,-43.302449267E-03,-94.598931140E-03
+3.112795000E-03,-882.454607511E-03,-42.046167897E-03,-95.179333152E-03
+3.112800000E-03,-873.178539756E-03,-42.595790937E-03,-95.742147202E-03
+3.112805000E-03,-862.606931906E-03,-42.752826193E-03,-96.230212536E-03
+3.112810000E-03,-853.071756083E-03,-42.831343751E-03,-96.744659756E-03
+3.112815000E-03,-843.225650607E-03,-41.653579991E-03,-97.188755245E-03
+3.112820000E-03,-832.032183463E-03,-44.166142696E-03,-97.769157233E-03
+3.112825000E-03,-820.527786613E-03,-43.616519604E-03,-98.204458748E-03
+3.112830000E-03,-809.541605811E-03,-42.988378960E-03,-98.666142146E-03
+3.112835000E-03,-797.881744146E-03,-41.103956870E-03,-99.083855720E-03
+3.112840000E-03,-785.600023223E-03,-42.046167921E-03,-99.448805457E-03
+3.112845000E-03,-773.991983057E-03,-41.810615142E-03,-99.980840634E-03
+3.112850000E-03,-761.554797292E-03,-42.517273385E-03,-100.240262742E-03
+3.112855000E-03,-751.242297363E-03,-41.889132735E-03,-100.679961228E-03
+3.112860000E-03,-738.649646725E-03,-42.674308600E-03,-101.102071775E-03
+3.112865000E-03,-727.041606656E-03,-41.967650357E-03,-101.229584334E-03
+3.112870000E-03,-715.018993802E-03,-43.145414087E-03,-101.827574285E-03
+3.112875000E-03,-702.322699917E-03,-41.732097519E-03,-101.766016493E-03
+3.112880000E-03,-689.781870925E-03,-42.752826158E-03,-102.355212479E-03
+3.112885000E-03,-676.463717735E-03,-41.889132729E-03,-102.205714980E-03
+3.112890000E-03,-664.544748111E-03,-41.575062286E-03,-102.988378293E-03
+3.112895000E-03,-651.952097477E-03,-43.459484471E-03,-102.583855685E-03
+3.112900000E-03,-638.219371494E-03,-41.889132735E-03,-103.322549141E-03
+3.112905000E-03,-625.730364062E-03,-42.438755779E-03,-103.054333064E-03
+3.112910000E-03,-611.790351723E-03,-41.653579956E-03,-103.625941100E-03
+3.112915000E-03,-598.627663367E-03,-42.124685496E-03,-103.494031551E-03
+3.112920000E-03,-585.309510283E-03,-41.418027177E-03,-103.806217485E-03
+3.112925000E-03,-572.457751611E-03,-42.595790954E-03,-103.832599389E-03
+3.112930000E-03,-559.605992963E-03,-42.438755821E-03,-103.920539092E-03
+3.112935000E-03,-545.251407658E-03,-42.831343786E-03,-104.140388329E-03
+3.112940000E-03,-532.814221858E-03,-42.595790959E-03,-103.960111960E-03
+3.112945000E-03,-519.133317541E-03,-41.810615184E-03,-104.391016457E-03
+3.112950000E-03,-505.141483473E-03,-42.124685425E-03,-104.140388346E-03
+3.112955000E-03,-491.046006319E-03,-41.810615166E-03,-104.404207414E-03
+3.112960000E-03,-477.054172231E-03,-42.203202994E-03,-104.105212472E-03
+3.112965000E-03,-462.699586990E-03,-42.438755833E-03,-104.518529014E-03
+3.112970000E-03,-448.448644880E-03,-41.810615070E-03,-104.135991365E-03
+3.112975000E-03,-434.819562060E-03,-42.046167891E-03,-104.360237563E-03
+3.112980000E-03,-419.791295961E-03,-41.810615160E-03,-104.052448648E-03
+3.112985000E-03,-405.022137764E-03,-43.145414105E-03,-104.206343090E-03
+3.112990000E-03,-391.496698235E-03,-42.909861284E-03,-103.832599409E-03
+3.112995000E-03,-375.794751285E-03,-41.889132723E-03,-104.114006404E-03
+3.113000000E-03,-361.491987540E-03,-43.459484435E-03,-103.630338102E-03
+3.113005000E-03,-346.722829463E-03,-41.967650334E-03,-103.836996368E-03
+3.113010000E-03,-331.642741669E-03,-42.046167915E-03,-103.278579313E-03
+3.113015000E-03,-316.303545829E-03,-41.967650310E-03,-103.568780288E-03
+3.113020000E-03,-302.518998250E-03,-41.575062405E-03,-102.909232578E-03
+3.113025000E-03,-286.972515977E-03,-40.789886516E-03,-103.212624514E-03
+3.113030000E-03,-272.617930712E-03,-40.554333712E-03,-102.509106956E-03
+3.113035000E-03,-257.745129336E-03,-41.732097555E-03,-102.759735065E-03
+3.113040000E-03,-241.732252687E-03,-40.318780939E-03,-101.968277819E-03
+3.113045000E-03,-225.719376014E-03,-42.360238204E-03,-102.135363217E-03
+3.113050000E-03,-211.727541893E-03,-41.418027183E-03,-101.475815506E-03
+3.113055000E-03,-196.595632607E-03,-41.182474536E-03,-101.445036599E-03
+3.113060000E-03,-181.878296014E-03,-40.632851372E-03,-100.873428580E-03
+3.113065000E-03,-168.145570042E-03,-41.653579974E-03,-100.772297911E-03
+3.113070000E-03,-152.599087733E-03,-41.025439314E-03,-100.235865772E-03
+3.113075000E-03,-136.638032720E-03,-42.203202987E-03,-99.945664758E-03
+3.113080000E-03,-120.936085620E-03,-41.653579938E-03,-99.475187377E-03
+3.113085000E-03,-104.094063187E-03,-42.674308625E-03,-99.180589394E-03
+3.113090000E-03,-90.257693949E-03,-41.967650310E-03,-98.657348199E-03
+3.113095000E-03,-75.644000646E-03,-41.889132687E-03,-98.296795442E-03
+3.113100000E-03,-61.289415341E-03,-42.360238234E-03,-97.769157244E-03
+3.113105000E-03,-45.587468257E-03,-40.868404115E-03,-97.360237663E-03
+3.113110000E-03,-30.559202206E-03,-40.868404018E-03,-96.863378354E-03
+3.113115000E-03,-16.100973642E-03,-40.946921678E-03,-96.379710037E-03
+3.113120000E-03,-554.491372E-06,-43.066896536E-03,-95.808101990E-03
+3.113125000E-03,+15.665671646E-03,-41.575062357E-03,-95.271669846E-03
+3.113130000E-03,+30.383008268E-03,-42.281720671E-03,-94.761619595E-03
+3.113135000E-03,+46.136776891E-03,-40.004710676E-03,-94.119659801E-03
+3.113140000E-03,+60.543183804E-03,-41.182474415E-03,-93.701946241E-03
+3.113145000E-03,+76.089666054E-03,-40.475816156E-03,-92.818152274E-03
+3.113150000E-03,+91.584326724E-03,-42.438755833E-03,-92.602700020E-03
+3.113155000E-03,+106.871700891E-03,-42.281720592E-03,-91.481468876E-03
+3.113160000E-03,+122.366361513E-03,-43.930589976E-03,-91.349559329E-03
+3.113165000E-03,+138.016486970E-03,-42.517273420E-03,-90.175564371E-03
+3.113170000E-03,+152.941109945E-03,-41.339509681E-03,-90.070036731E-03
+3.113175000E-03,+168.798521824E-03,-42.046167891E-03,-88.869659868E-03
+3.113180000E-03,+183.930431225E-03,-42.124685423E-03,-88.715765384E-03
+3.113185000E-03,+198.336838147E-03,-40.711368954E-03,-87.489006619E-03
+3.113190000E-03,+214.505179617E-03,-41.575062307E-03,-87.225187518E-03
+3.113195000E-03,+228.652478505E-03,-40.946921666E-03,-86.081971453E-03
+3.113200000E-03,+242.747955737E-03,-41.732097531E-03,-85.673051855E-03
+3.113205000E-03,+258.035329860E-03,-41.103956846E-03,-84.661745336E-03
+3.113210000E-03,+273.685455365E-03,-41.496544776E-03,-84.208855888E-03
+3.113215000E-03,+289.076472747E-03,-42.360238234E-03,-83.118403648E-03
+3.113220000E-03,+304.104738946E-03,-40.789886516E-03,-82.639132286E-03
+3.113225000E-03,+318.044751437E-03,-41.496544794E-03,-81.342021748E-03
+3.113230000E-03,+332.502979876E-03,-41.418027219E-03,-81.021041852E-03
+3.113235000E-03,+347.634889282E-03,-41.810615124E-03,-79.517273028E-03
+3.113240000E-03,+361.263972083E-03,-40.475816156E-03,-79.350187601E-03
+3.113245000E-03,+376.447703044E-03,-40.475816081E-03,-77.688127326E-03
+3.113250000E-03,+390.128607456E-03,-40.789886504E-03,-77.556217770E-03
+3.113255000E-03,+405.208695218E-03,-41.339509601E-03,-75.801820823E-03
+3.113260000E-03,+419.148707652E-03,-41.889132748E-03,-75.779835875E-03
+3.113265000E-03,+433.658757695E-03,-41.025439309E-03,-73.994660034E-03
+3.113270000E-03,+447.287840443E-03,-41.967650273E-03,-73.884735389E-03
+3.113275000E-03,+460.968744880E-03,-41.418027182E-03,-72.249057042E-03
+3.113280000E-03,+475.478794943E-03,-41.025439234E-03,-71.835740439E-03
+3.113285000E-03,+488.900591196E-03,-40.475816131E-03,-70.455087208E-03
+3.113290000E-03,+503.462462985E-03,-42.124685460E-03,-69.791142475E-03
+3.113295000E-03,+515.847827215E-03,-41.260992114E-03,-68.502825921E-03
+3.113300000E-03,+529.891482827E-03,-42.360238227E-03,-67.755338474E-03
+3.113305000E-03,+543.261457521E-03,-42.438755814E-03,-66.528579701E-03
+3.113310000E-03,+556.424145888E-03,-43.380966810E-03,-65.745916393E-03
+3.113315000E-03,+569.016796457E-03,-41.575062375E-03,-64.369660118E-03
+3.113320000E-03,+582.853165705E-03,-40.240263382E-03,-63.622172712E-03
+3.113325000E-03,+596.067675573E-03,-41.889132686E-03,-62.149182754E-03
+3.113330000E-03,+609.230363882E-03,-41.025439209E-03,-61.639132526E-03
+3.113335000E-03,+620.734760744E-03,-42.674308576E-03,-59.911117448E-03
+3.113340000E-03,+633.482876205E-03,-41.339509620E-03,-59.647298378E-03
+3.113345000E-03,+646.179170047E-03,-42.360238246E-03,-57.651067233E-03
+3.113350000E-03,+657.528102078E-03,-41.260991970E-03,-57.519157691E-03
+3.113355000E-03,+669.654358222E-03,-42.517273445E-03,-55.320665257E-03
+3.113360000E-03,+681.987900811E-03,-41.025439259E-03,-55.201946660E-03
+3.113365000E-03,+694.062335330E-03,-41.496544738E-03,-53.183730601E-03
+3.113370000E-03,+705.255802543E-03,-42.046167860E-03,-52.788001957E-03
+3.113375000E-03,+717.641166736E-03,-43.538002071E-03,-50.862122588E-03
+3.113380000E-03,+728.109131527E-03,-43.459484334E-03,-50.277323595E-03
+3.113385000E-03,+740.183566037E-03,-41.810615193E-03,-48.597675378E-03
+3.113390000E-03,+751.895249354E-03,-41.339509563E-03,-47.867775884E-03
+3.113395000E-03,+763.451467757E-03,-41.653579918E-03,-46.372801028E-03
+3.113400000E-03,+775.266794242E-03,-40.554333781E-03,-45.427449280E-03
+3.113405000E-03,+785.268364545E-03,-41.339509633E-03,-44.064383959E-03
+3.113410000E-03,+795.788150815E-03,-42.281720697E-03,-42.991519665E-03
+3.113415000E-03,+806.411580407E-03,-41.889132679E-03,-41.558102585E-03
+3.113420000E-03,+816.983188288E-03,-41.496544801E-03,-40.634735766E-03
+3.113425000E-03,+828.176655447E-03,-41.653580013E-03,-39.025439288E-03
+3.113430000E-03,+837.089971967E-03,-41.810615092E-03,-38.291142829E-03
+3.113435000E-03,+845.899645348E-03,-41.418027119E-03,-36.505966952E-03
+3.113440000E-03,+857.404042118E-03,-41.810615092E-03,-35.736494609E-03
+3.113445000E-03,+867.820185214E-03,-41.418027087E-03,-33.968906683E-03
+3.113450000E-03,+877.148074628E-03,-43.852072255E-03,-33.159861468E-03
+3.113455000E-03,+887.305109699E-03,-43.852072433E-03,-31.489007218E-03
+3.113460000E-03,+895.803853360E-03,-42.281720710E-03,-30.477700690E-03
+3.113465000E-03,+905.442672390E-03,-42.281720602E-03,-29.048680611E-03
+3.113470000E-03,+914.666918460E-03,-42.281720703E-03,-27.804333883E-03
+3.113475000E-03,+924.202094191E-03,-42.360238221E-03,-26.630338925E-03
+3.113480000E-03,+932.182621832E-03,-41.732097568E-03,-25.060615330E-03
+3.113485000E-03,+940.370435751E-03,-42.203203148E-03,-24.146042464E-03
+3.113490000E-03,+948.713714619E-03,-42.909861286E-03,-22.259735969E-03
+3.113495000E-03,+957.627031052E-03,-41.103956916E-03,-21.516645504E-03
+3.113500000E-03,+965.192985749E-03,-43.066896530E-03,-19.718278711E-03
+3.113505000E-03,+973.173513277E-03,-42.203202989E-03,-18.750942019E-03
+3.113510000E-03,+980.376716763E-03,-42.674308677E-03,-17.273555119E-03
+3.113515000E-03,+988.046314642E-03,-44.244660305E-03,-16.108354095E-03
+3.113520000E-03,+995.456804482E-03,-42.046167949E-03,-14.771670730E-03
+3.113525000E-03,+1.003540975246E+00,-42.438755795E-03,-13.408605388E-03
+3.113530000E-03,+1.008930422487E+00,-43.302449234E-03,-12.217022507E-03
+3.113535000E-03,+1.016651842007E+00,-41.418027233E-03,-10.682474767E-03
+3.113540000E-03,+1.022922256479E+00,-42.674308531E-03,-9.583228565E-03
+3.113545000E-03,+1.029503600718E+00,-41.496544795E-03,-8.149811472E-03
+3.113550000E-03,+1.036914090470E+00,-43.695037169E-03,-6.967022565E-03
+3.113555000E-03,+1.042562645779E+00,-41.732097633E-03,-5.546796432E-03
+3.113560000E-03,+1.048677595420E+00,-43.538002033E-03,-4.267273847E-03
+3.113565000E-03,+1.053911577818E+00,-40.711368943E-03,-3.062499976E-03
+3.113570000E-03,+1.059611954608E+00,-42.203203027E-03,-1.598304026E-03
+3.113575000E-03,+1.065105045022E+00,-43.380966808E-03,-393.530156E-06
+3.113580000E-03,+1.070546313914E+00,-41.810615201E-03,+1.017901973E-03
+3.113585000E-03,+1.077127657933E+00,-38.355841414E-03,+2.147927106E-03
+3.113590000E-03,+1.082309818745E+00,+663.434323022E-03,+3.629710996E-03
+3.113595000E-03,+1.087440157874E+00,+2.551546767274E+00,+4.777324062E-03
+3.113600000E-03,+1.090342167927E+00,+2.552724532961E+00,+6.179962216E-03
+3.113605000E-03,+1.095524328565E+00,+2.552724532961E+00,+7.586997398E-03
+3.113610000E-03,+1.101017418949E+00,+2.552724532961E+00,+8.598303907E-03
+3.113615000E-03,+1.103608499392E+00,+2.552724532961E+00,+10.119660688E-03
+3.113620000E-03,+1.105525898877E+00,+2.552724532961E+00,+11.152952122E-03
+3.113625000E-03,+1.109775270700E+00,+2.552724532961E+00,+12.757851615E-03
+3.113630000E-03,+1.113454604848E+00,+2.552724532961E+00,+13.980213401E-03
+3.113635000E-03,+1.116356614837E+00,+2.552724532961E+00,+15.220163136E-03
+3.113640000E-03,+1.119310446498E+00,+2.552724532961E+00,+16.657977185E-03
+3.113645000E-03,+1.120968737938E+00,+2.552724532961E+00,+17.607725931E-03
+3.113650000E-03,+1.124337142377E+00,+2.552724532961E+00,+19.406092740E-03
+3.113655000E-03,+1.126410006694E+00,+2.552724532961E+00,+20.114007304E-03
+3.113660000E-03,+1.128327406192E+00,+2.552724532961E+00,+22.075062564E-03
+3.113665000E-03,+1.129933876028E+00,+2.552724532961E+00,+22.514761056E-03
+3.113670000E-03,+1.131177594659E+00,+2.552724532961E+00,+24.638504743E-03
+3.113675000E-03,+1.133665031793E+00,+2.552724532961E+00,+25.060615302E-03
+3.113680000E-03,+1.133561388660E+00,+2.552724532961E+00,+27.232725818E-03
+3.113685000E-03,+1.135530609598E+00,+2.552724532961E+00,+27.566896683E-03
+3.113690000E-03,+1.136152468974E+00,+2.552724532961E+00,+29.681846393E-03
+3.113695000E-03,+1.137396187498E+00,+2.552724532961E+00,+30.222675543E-03
+3.113700000E-03,+1.137551652367E+00,+2.552724532961E+00,+32.025439331E-03
+3.113705000E-03,+1.138225333252E+00,+2.552724532961E+00,+32.750941848E-03
+3.113710000E-03,+1.137240722692E+00,+2.552724532961E+00,+34.461368952E-03
+3.113715000E-03,+1.138432619660E+00,+2.552724532961E+00,+35.173680516E-03
+3.113720000E-03,+1.136826149880E+00,+2.552724532961E+00,+36.774183010E-03
+3.113725000E-03,+1.137551652389E+00,+2.552724532961E+00,+37.596419186E-03
+3.113730000E-03,+1.136152468918E+00,+2.552724532961E+00,+39.280464385E-03
+3.113735000E-03,+1.135478788033E+00,+2.552724532961E+00,+40.001569909E-03
+3.113740000E-03,+1.135116036842E+00,+2.552724532961E+00,+41.588881450E-03
+3.113745000E-03,+1.134027783020E+00,+2.552724532961E+00,+42.406720631E-03
+3.113750000E-03,+1.131954918794E+00,+2.552724532961E+00,+43.932474387E-03
+3.113755000E-03,+1.131022129755E+00,+2.552724532961E+00,+44.763504534E-03
+3.113760000E-03,+1.129104730330E+00,+2.552724532961E+00,+46.196921598E-03
+3.113765000E-03,+1.127394617283E+00,+2.552724532961E+00,+47.115891447E-03
+3.113770000E-03,+1.125632682685E+00,+2.552724532961E+00,+48.298680369E-03
+3.113775000E-03,+1.122005170126E+00,+2.552724532961E+00,+49.494660260E-03
+3.113780000E-03,+1.120657808353E+00,+2.552724532961E+00,+50.382851210E-03
+3.113785000E-03,+1.116823009452E+00,+2.552724532961E+00,+51.820665260E-03
+3.113790000E-03,+1.115268361227E+00,+2.552724532961E+00,+52.554961733E-03
+3.113795000E-03,+1.111174454184E+00,+2.552724532961E+00,+53.961996888E-03
+3.113800000E-03,+1.108635195404E+00,+2.552724532961E+00,+54.595162725E-03
+3.113805000E-03,+1.105836828574E+00,+2.552724532961E+00,+56.085740585E-03
+3.113810000E-03,+1.101328348801E+00,+2.552724532961E+00,+56.688127525E-03
+3.113815000E-03,+1.096819868919E+00,+2.552724532961E+00,+58.130338549E-03
+3.113820000E-03,+1.092881426685E+00,+2.552724532961E+00,+58.679961680E-03
+3.113825000E-03,+1.088062017293E+00,+2.552724532961E+00,+60.065011899E-03
+3.113830000E-03,+1.084382683123E+00,+2.552724532961E+00,+60.803705365E-03
+3.113835000E-03,+1.078993235975E+00,+2.552724532961E+00,+61.986494297E-03
+3.113840000E-03,+1.074951150543E+00,+2.552724532961E+00,+62.799936501E-03
+3.113845000E-03,+1.068784379279E+00,+2.552724532961E+00,+63.916770658E-03
+3.113850000E-03,+1.064431364254E+00,+2.552724532961E+00,+64.677449045E-03
+3.113855000E-03,+1.057539090533E+00,+2.552724532961E+00,+65.895413859E-03
+3.113860000E-03,+1.053445183424E+00,+2.552724532961E+00,+66.440639980E-03
+3.113865000E-03,+1.047330233736E+00,+2.552724532961E+00,+67.931217854E-03
+3.113870000E-03,+1.041370748880E+00,+2.552724532961E+00,+68.221418854E-03
+3.113875000E-03,+1.035255799210E+00,+2.552724532961E+00,+69.821921350E-03
+3.113880000E-03,+1.028933563180E+00,+2.552724532961E+00,+69.958227885E-03
+3.113885000E-03,+1.021263965219E+00,+2.552724532961E+00,+71.646670069E-03
+3.113890000E-03,+1.014371691419E+00,+2.552724532961E+00,+71.624685152E-03
+3.113895000E-03,+1.006805736775E+00,+2.552724532961E+00,+73.313127336E-03
+3.113900000E-03,+1.000224392541E+00,+2.552724532961E+00,+73.335112278E-03
+3.113905000E-03,+992.762081186E-03,+2.552724532961E+00,+74.935614763E-03
+3.113910000E-03,+986.388023404E-03,+2.552724532961E+00,+74.983981603E-03
+3.113915000E-03,+977.630171744E-03,+2.552724532961E+00,+76.478956446E-03
+3.113920000E-03,+969.856930634E-03,+2.552724532961E+00,+76.676820782E-03
+3.113925000E-03,+963.223764850E-03,+2.552724532961E+00,+77.916770502E-03
+3.113930000E-03,+954.362270040E-03,+2.552724532961E+00,+78.264132323E-03
+3.113935000E-03,+946.278099202E-03,+2.552724532961E+00,+79.315011696E-03
+3.113940000E-03,+937.053853052E-03,+2.552724532961E+00,+79.697549386E-03
+3.113945000E-03,+929.384255157E-03,+2.552724532961E+00,+80.748428772E-03
+3.113950000E-03,+920.937333217E-03,+2.552724532961E+00,+81.113378518E-03
+3.113955000E-03,+911.713087076E-03,+2.552724532961E+00,+81.940011682E-03
+3.113960000E-03,+903.007056970E-03,+2.552724532961E+00,+82.410489051E-03
+3.113965000E-03,+893.057308319E-03,+2.552724532961E+00,+83.245916193E-03
+3.113970000E-03,+884.143991863E-03,+2.552724532961E+00,+83.562499090E-03
+3.113975000E-03,+873.520562302E-03,+2.552724532961E+00,+84.551820704E-03
+3.113980000E-03,+864.296316219E-03,+2.552724532961E+00,+84.740891042E-03
+3.113985000E-03,+854.812962084E-03,+2.552724532961E+00,+85.730212655E-03
+3.113990000E-03,+844.707748576E-03,+2.552724532961E+00,+85.954458857E-03
+3.113995000E-03,+834.032497430E-03,+2.552724532961E+00,+86.772298069E-03
+3.114000000E-03,+823.460889463E-03,+2.552724532961E+00,+87.115262874E-03
+3.114005000E-03,+813.200211207E-03,+2.552724532961E+00,+87.766016647E-03
+3.114010000E-03,+801.747635949E-03,+2.552724532961E+00,+88.148554325E-03
+3.114015000E-03,+791.590600851E-03,+2.552724532961E+00,+88.768529196E-03
+3.114020000E-03,+780.863528208E-03,+2.552724532961E+00,+89.155463860E-03
+3.114025000E-03,+770.965601098E-03,+2.552724532961E+00,+89.643529189E-03
+3.114030000E-03,+759.046631426E-03,+2.552724532961E+00,+90.070036714E-03
+3.114035000E-03,+747.438591309E-03,+2.552724532961E+00,+90.487750281E-03
+3.114040000E-03,+736.400588973E-03,+2.552724532961E+00,+90.993403536E-03
+3.114045000E-03,+725.518051374E-03,+2.552724532961E+00,+91.288001535E-03
+3.114050000E-03,+714.272762555E-03,+2.552724532961E+00,+91.661745240E-03
+3.114055000E-03,+702.664722523E-03,+2.552724532961E+00,+92.132222632E-03
+3.114060000E-03,+689.968428698E-03,+2.552724532961E+00,+92.272926140E-03
+3.114065000E-03,+678.153102129E-03,+2.552724532961E+00,+92.822549248E-03
+3.114070000E-03,+665.508629920E-03,+2.552724532961E+00,+92.818152271E-03
+3.114075000E-03,+653.278730531E-03,+2.552724532961E+00,+93.539257779E-03
+3.114080000E-03,+641.567047258E-03,+2.552724532961E+00,+93.402951266E-03
+3.114085000E-03,+628.352537381E-03,+2.552724532961E+00,+93.974559281E-03
+3.114090000E-03,+616.018994763E-03,+2.552724532961E+00,+93.952574377E-03
+3.114095000E-03,+603.685452168E-03,+2.552724532961E+00,+94.326318071E-03
+3.114100000E-03,+590.211834258E-03,+2.552724532961E+00,+94.379081912E-03
+3.114105000E-03,+577.360075562E-03,+2.552724532961E+00,+94.722046714E-03
+3.114110000E-03,+564.715603394E-03,+2.552724532961E+00,+94.805589448E-03
+3.114115000E-03,+551.915666305E-03,+2.552724532961E+00,+94.875941188E-03
+3.114120000E-03,+537.664724332E-03,+2.552724532961E+00,+95.144157279E-03
+3.114125000E-03,+523.569247051E-03,+2.552724532961E+00,+95.139760280E-03
+3.114130000E-03,+510.821131569E-03,+2.552724532961E+00,+95.342021599E-03
+3.114135000E-03,+497.606621683E-03,+2.552724532961E+00,+95.434358269E-03
+3.114140000E-03,+483.303857995E-03,+2.552724532961E+00,+95.482725115E-03
+3.114145000E-03,+469.415667193E-03,+2.552724532961E+00,+95.601443700E-03
+3.114150000E-03,+456.304800518E-03,+2.552724532961E+00,+95.482725111E-03
+3.114155000E-03,+441.794750404E-03,+2.552724532961E+00,+95.808101979E-03
+3.114160000E-03,+428.165667635E-03,+2.552724532961E+00,+95.394785419E-03
+3.114165000E-03,+414.743871355E-03,+2.552724532961E+00,+95.808101979E-03
+3.114170000E-03,+400.648394065E-03,+2.552724532961E+00,+95.311242714E-03
+3.114175000E-03,+384.790982198E-03,+2.552724532961E+00,+95.755338156E-03
+3.114180000E-03,+370.902791364E-03,+2.552724532961E+00,+95.214509049E-03
+3.114185000E-03,+356.133633268E-03,+2.552724532961E+00,+95.575061775E-03
+3.114190000E-03,+341.260831910E-03,+2.552724532961E+00,+95.082599502E-03
+3.114195000E-03,+327.424462694E-03,+2.552724532961E+00,+95.262875838E-03
+3.114200000E-03,+313.069877457E-03,+2.552724532961E+00,+94.919911061E-03
+3.114205000E-03,+298.611649032E-03,+2.552724532961E+00,+94.884735144E-03
+3.114210000E-03,+284.308885262E-03,+2.552724532961E+00,+94.691267847E-03
+3.114215000E-03,+270.161586532E-03,+2.552724532961E+00,+94.506594451E-03
+3.114220000E-03,+255.288785075E-03,+2.552724532961E+00,+94.238378408E-03
+3.114225000E-03,+240.105054082E-03,+2.552724532961E+00,+94.071292945E-03
+3.114230000E-03,+224.662215156E-03,+2.552724532961E+00,+93.833855792E-03
+3.114235000E-03,+210.359451417E-03,+2.552724532961E+00,+93.640388434E-03
+3.114240000E-03,+195.590293321E-03,+2.552724532961E+00,+93.183102037E-03
+3.114245000E-03,+181.442994409E-03,+2.552724532961E+00,+93.187498991E-03
+3.114250000E-03,+165.533760915E-03,+2.552724532961E+00,+92.519157317E-03
+3.114255000E-03,+150.039100355E-03,+2.552724532961E+00,+92.598303014E-03
+3.114260000E-03,+134.337153242E-03,+2.552724532961E+00,+91.828830698E-03
+3.114265000E-03,+119.205243888E-03,+2.552724532961E+00,+91.912373375E-03
+3.114270000E-03,+103.917869639E-03,+2.552724532961E+00,+91.213252811E-03
+3.114275000E-03,+88.267744197E-03,+2.552724532961E+00,+91.129710070E-03
+3.114280000E-03,+73.498586077E-03,+2.552724532961E+00,+90.377825687E-03
+3.114285000E-03,+58.366676706E-03,+2.552724532961E+00,+90.122800534E-03
+3.114290000E-03,+43.493875307E-03,+2.552724532961E+00,+89.639132221E-03
+3.114295000E-03,+28.828360343E-03,+2.552724532961E+00,+89.177448790E-03
+3.114300000E-03,+13.592807839E-03,+2.552724532961E+00,+88.746544287E-03
+3.114305000E-03,-1.072707093E-03,+2.552724532961E+00,+88.254081970E-03
+3.114310000E-03,-16.360081301E-03,+2.552724532961E+00,+87.770413650E-03
+3.114315000E-03,-31.181061037E-03,+2.552724532961E+00,+87.220790534E-03
+3.114320000E-03,-45.535646320E-03,+2.552724532961E+00,+86.635991546E-03
+3.114325000E-03,-60.978485373E-03,+2.552724532961E+00,+86.139132258E-03
+3.114330000E-03,-76.058573156E-03,+2.552724532961E+00,+85.457599598E-03
+3.114335000E-03,-90.724088116E-03,+2.552724532961E+00,+85.105840807E-03
+3.114340000E-03,-105.441424632E-03,+2.552724532961E+00,+84.164886041E-03
+3.114345000E-03,-122.076160547E-03,+2.552724532961E+00,+83.997800613E-03
+3.114350000E-03,-137.156248357E-03,+2.552724532961E+00,+82.850187571E-03
+3.114355000E-03,-152.391800958E-03,+2.552724532961E+00,+82.757850876E-03
+3.114360000E-03,-166.746386180E-03,+2.552724532961E+00,+81.597046876E-03
+3.114365000E-03,-182.189225336E-03,+2.552724532961E+00,+81.421167473E-03
+3.114370000E-03,-195.973772862E-03,+2.552724532961E+00,+80.269157448E-03
+3.114375000E-03,-209.810142037E-03,+2.552724532961E+00,+79.978956424E-03
+3.114380000E-03,-225.719375577E-03,+2.552724532961E+00,+78.954458973E-03
+3.114385000E-03,-241.369501046E-03,+2.552724532961E+00,+78.470790621E-03
+3.114390000E-03,-256.812339989E-03,+2.552724532961E+00,+77.499056973E-03
+3.114395000E-03,-271.736962991E-03,+2.552724532961E+00,+76.997800684E-03
+3.114400000E-03,-286.091548301E-03,+2.552724532961E+00,+75.973303218E-03
+3.114405000E-03,-301.378922467E-03,+2.552724532961E+00,+75.432474074E-03
+3.114410000E-03,-317.495442479E-03,+2.552724532961E+00,+74.447549463E-03
+3.114415000E-03,-332.264600458E-03,+2.552724532961E+00,+73.867147449E-03
+3.114420000E-03,-347.292866662E-03,+2.552724532961E+00,+72.763504265E-03
+3.114425000E-03,-361.595630337E-03,+2.552724532961E+00,+72.213881135E-03
+3.114430000E-03,-375.898394054E-03,+2.552724532961E+00,+70.987122379E-03
+3.114435000E-03,-390.874838603E-03,+2.552724532961E+00,+70.433102266E-03
+3.114440000E-03,-404.607564614E-03,+2.552724532961E+00,+69.263504307E-03
+3.114445000E-03,-419.376722748E-03,+2.552724532961E+00,+68.551192737E-03
+3.114450000E-03,-433.990416100E-03,+2.552724532961E+00,+67.482725430E-03
+3.114455000E-03,-448.189536504E-03,+2.552724532961E+00,+66.612122404E-03
+3.114460000E-03,-462.699586572E-03,+2.552724532961E+00,+65.715137513E-03
+3.114465000E-03,-475.810453327E-03,+2.552724532961E+00,+64.730212877E-03
+3.114470000E-03,-490.268681731E-03,+2.552724532961E+00,+63.846418932E-03
+3.114475000E-03,-503.742299808E-03,+2.552724532961E+00,+62.650439035E-03
+3.114480000E-03,-518.148706562E-03,+2.552724532961E+00,+61.880966689E-03
+3.114485000E-03,-531.104108489E-03,+2.552724532961E+00,+60.689383791E-03
+3.114490000E-03,-543.800402365E-03,+2.552724532961E+00,+59.840765700E-03
+3.114495000E-03,-557.999522765E-03,+2.552724532961E+00,+58.864635075E-03
+3.114500000E-03,-570.851281416E-03,+2.552724532961E+00,+57.681846127E-03
+3.114505000E-03,-584.065791306E-03,+2.552724532961E+00,+56.973931572E-03
+3.114510000E-03,-597.280301299E-03,+2.552724532961E+00,+55.558102425E-03
+3.114515000E-03,-610.287524726E-03,+2.552724532961E+00,+54.955715516E-03
+3.114520000E-03,-622.983818574E-03,+2.552724532961E+00,+53.377197930E-03
+3.114525000E-03,-636.820187697E-03,+2.552724532961E+00,+52.902323574E-03
+3.114530000E-03,-649.361016850E-03,+2.552724532961E+00,+51.249057248E-03
+3.114535000E-03,-662.834634721E-03,+2.552724532961E+00,+50.739007010E-03
+3.114540000E-03,-674.442674825E-03,+2.552724532961E+00,+49.028579896E-03
+3.114545000E-03,-685.687963621E-03,+2.552724532961E+00,+48.413002005E-03
+3.114550000E-03,-698.747008750E-03,+2.552724532961E+00,+46.931218105E-03
+3.114555000E-03,-710.510513668E-03,+2.552724532961E+00,+46.065012073E-03
+3.114560000E-03,-723.673201922E-03,+2.552724532961E+00,+44.829459332E-03
+3.114565000E-03,-736.369495798E-03,+2.552724532961E+00,+43.615891508E-03
+3.114570000E-03,-747.977535790E-03,+2.552724532961E+00,+42.578203080E-03
+3.114575000E-03,-759.741040736E-03,+2.552724532961E+00,+41.166770934E-03
+3.114580000E-03,-771.089972837E-03,+2.552724532961E+00,+40.274182998E-03
+3.114585000E-03,-782.905299286E-03,+2.552724532961E+00,+38.752826241E-03
+3.114590000E-03,-793.891480059E-03,+2.552724532961E+00,+37.917399101E-03
+3.114595000E-03,-805.447698476E-03,+2.552724532961E+00,+36.369660442E-03
+3.114600000E-03,-815.604733685E-03,+2.552724532961E+00,+35.569409171E-03
+3.114605000E-03,-826.228163196E-03,+2.552724532961E+00,+33.924936848E-03
+3.114610000E-03,-837.369808701E-03,+2.552724532961E+00,+32.966394130E-03
+3.114615000E-03,-848.252346329E-03,+2.552724532961E+00,+31.462625319E-03
+3.114620000E-03,-857.891165336E-03,+2.552724532961E+00,+30.526067525E-03
+3.114625000E-03,-868.307308407E-03,+2.552724532961E+00,+28.995916804E-03
+3.114630000E-03,-878.775273195E-03,+2.552724532961E+00,+28.125313772E-03
+3.114635000E-03,-888.880486617E-03,+2.552724532961E+00,+26.445665569E-03
+3.114640000E-03,-899.296629735E-03,+2.552724532961E+00,+25.676193206E-03
+3.114645000E-03,-908.676340743E-03,+2.552724532961E+00,+23.842650517E-03
+3.114650000E-03,-917.486013953E-03,+2.552724532961E+00,+23.165514838E-03
+3.114655000E-03,-927.124832998E-03,+2.552724532961E+00,+21.266017387E-03
+3.114660000E-03,-936.867295152E-03,+2.552724532961E+00,+20.663630443E-03
+3.114665000E-03,-946.402471006E-03,+2.552724532961E+00,+18.755339019E-03
+3.114670000E-03,-956.041289955E-03,+2.552724532961E+00,+18.126570162E-03
+3.114675000E-03,-964.591855157E-03,+2.552724532961E+00,+16.218278749E-03
+3.114680000E-03,-973.971566087E-03,+2.552724532961E+00,+15.457600351E-03
+3.114685000E-03,-982.003915310E-03,+2.552724532961E+00,+13.650439585E-03
+3.114690000E-03,-990.191729336E-03,+2.552724532961E+00,+12.683102890E-03
+3.114695000E-03,-998.327721696E-03,+2.552724532961E+00,+11.298052662E-03
+3.114700000E-03,-1.007085573323E+00,+2.552724532961E+00,+9.987751166E-03
+3.114705000E-03,-1.016724392267E+00,+2.552724532961E+00,+8.712625555E-03
+3.114710000E-03,-1.023927595755E+00,+2.552724532961E+00,+7.358354206E-03
+3.114715000E-03,-1.031027155966E+00,+2.552724532961E+00,+6.184359247E-03
+3.114720000E-03,-1.037919429834E+00,+2.552724532961E+00,+4.772927107E-03
+3.114725000E-03,-1.044915346845E+00,+2.552724532961E+00,+3.537374340E-03
+3.114730000E-03,-1.052118550290E+00,+2.552724532961E+00,+2.125942216E-03
+3.114735000E-03,-1.059010824023E+00,+2.552724532961E+00,+855.213562E-06
+3.114740000E-03,-1.065333060160E+00,+2.552724532961E+00,-340.766295E-06
+3.114745000E-03,-1.072328977156E+00,+2.552724532961E+00,-1.787374347E-03
+3.114750000E-03,-1.079169429344E+00,+2.552724532961E+00,-2.899811494E-03
+3.114755000E-03,-1.084351590112E+00,+2.552724532961E+00,-4.421168290E-03
+3.114760000E-03,-1.089792858927E+00,+2.552724532961E+00,-5.423680819E-03
+3.114765000E-03,-1.095493235803E+00,+2.552724532961E+00,-7.186871774E-03
+3.114770000E-03,-1.101556363811E+00,+2.552724532961E+00,-8.097047617E-03
+3.114775000E-03,-1.106893989319E+00,+2.552724532961E+00,-9.803077773E-03
+3.114780000E-03,-1.111817042103E+00,+2.552724532961E+00,-10.748429506E-03
+3.114785000E-03,-1.117154667664E+00,+2.552724532961E+00,-12.375313921E-03
+3.114790000E-03,-1.122647758028E+00,+2.552724532961E+00,-13.505339033E-03
+3.114795000E-03,-1.125031552074E+00,+765.978361470E-03,-14.912374199E-03
+3.114800000E-03,-1.130058247923E+00,-169.244658162E-03,-16.011620416E-03
+3.114805000E-03,-1.133271187597E+00,-178.038629143E-03,-17.436243517E-03
+3.114810000E-03,-1.136950521752E+00,+99.599552769E-03,-18.588253552E-03
+3.114815000E-03,-1.141148071939E+00,+73.688760616E-03,-20.197550017E-03
+3.114820000E-03,-1.145293800494E+00,-83.346418985E-03,-21.222047494E-03
+3.114825000E-03,-1.148195810547E+00,-87.272297501E-03,-22.835740939E-03
+3.114830000E-03,-1.152186074377E+00,-72.118405260E-03,-23.825062531E-03
+3.114835000E-03,-1.155139905989E+00,-23.673051995E-03,-25.342022326E-03
+3.114840000E-03,-1.158456488839E+00,-56.571921453E-03,-26.489635376E-03
+3.114845000E-03,-1.160840282783E+00,-51.625313355E-03,-27.967022299E-03
+3.114850000E-03,-1.162602217482E+00,-61.832600076E-03,-29.026695655E-03
+3.114855000E-03,-1.165815157053E+00,-47.856469396E-03,-30.341394135E-03
+3.114860000E-03,-1.167214340548E+00,-54.766017060E-03,-31.744032303E-03
+3.114865000E-03,-1.168509880755E+00,-51.311243147E-03,-32.909233296E-03
+3.114870000E-03,-1.170686388230E+00,-52.724559715E-03,-34.386620212E-03
+3.114875000E-03,-1.171204604271E+00,-49.112750738E-03,-35.323177994E-03
+3.114880000E-03,-1.173329290197E+00,-49.269785875E-03,-37.055590038E-03
+3.114885000E-03,-1.174883938426E+00,-48.720162780E-03,-37.754710639E-03
+3.114890000E-03,-1.175350332899E+00,-49.034233158E-03,-39.557474430E-03
+3.114895000E-03,-1.176438586705E+00,-49.348303551E-03,-40.155464375E-03
+3.114900000E-03,-1.176645873140E+00,-51.939383769E-03,-42.041770891E-03
+3.114905000E-03,-1.177319554052E+00,-50.447549704E-03,-42.595790995E-03
+3.114910000E-03,-1.177164089165E+00,-49.897926690E-03,-44.385363822E-03
+3.114915000E-03,-1.176904981157E+00,-49.740891434E-03,-45.185615076E-03
+3.114920000E-03,-1.177423197242E+00,-48.563127665E-03,-46.676192944E-03
+3.114925000E-03,-1.176127657050E+00,-47.934986916E-03,-47.625941687E-03
+3.114930000E-03,-1.175505797745E+00,-45.815012102E-03,-48.799936650E-03
+3.114935000E-03,-1.174365722454E+00,-47.934986887E-03,-50.141017037E-03
+3.114940000E-03,-1.172655609314E+00,-47.542399026E-03,-51.108353712E-03
+3.114945000E-03,-1.172396501345E+00,-48.249057265E-03,-52.475816001E-03
+3.114950000E-03,-1.171152782692E+00,-50.840137632E-03,-53.403579816E-03
+3.114955000E-03,-1.169339026474E+00,-48.013504548E-03,-54.907348631E-03
+3.114960000E-03,-1.167732556637E+00,-49.269785890E-03,-55.632851162E-03
+3.114965000E-03,-1.164571438645E+00,-45.657976995E-03,-57.119032019E-03
+3.114970000E-03,-1.162964968783E+00,-48.249057287E-03,-57.897298372E-03
+3.114975000E-03,-1.161099390914E+00,-47.228328655E-03,-59.168026972E-03
+3.114980000E-03,-1.158352845707E+00,-48.170539625E-03,-60.174936535E-03
+3.114985000E-03,-1.155554478898E+00,-46.600187883E-03,-61.300564637E-03
+3.114990000E-03,-1.152497004126E+00,-47.856469307E-03,-62.382222950E-03
+3.114995000E-03,-1.148454918707E+00,-46.835740772E-03,-63.468278180E-03
