x-axis,1,2,3
second,Volt,Volt,Volt
+3.105000000E-03,-1.180791601719E+00,-45.657976898E-03,-59.097675246E-03
+3.105005000E-03,-1.178200521345E+00,-47.385363814E-03,-60.232097345E-03
+3.105010000E-03,-1.175661262578E+00,-45.422424136E-03,-61.313755625E-03
+3.105015000E-03,-1.172292858091E+00,-46.757223117E-03,-62.474559632E-03
+3.105020000E-03,-1.169546312895E+00,-43.930589982E-03,-63.529836003E-03
+3.105025000E-03,-1.165400584296E+00,-45.815012072E-03,-64.585112374E-03
+3.105030000E-03,-1.161358498912E+00,-45.657976898E-03,-65.640388744E-03
+3.105035000E-03,-1.156279981379E+00,-44.951318614E-03,-66.585740493E-03
+3.105040000E-03,-1.151926966350E+00,-43.459484459E-03,-67.706971637E-03
+3.105045000E-03,-1.148299453826E+00,-45.265388962E-03,-68.621544491E-03
+3.105050000E-03,-1.144671941302E+00,-44.323177917E-03,-69.672423877E-03
+3.105055000E-03,-1.138246061974E+00,-45.265388962E-03,-70.666142459E-03
+3.105060000E-03,-1.133115722834E+00,-43.616519633E-03,-71.571921344E-03
+3.105065000E-03,-1.128399956552E+00,-44.951318614E-03,-72.631594699E-03
+3.105070000E-03,-1.123321439018E+00,-44.480213092E-03,-73.401067053E-03
+3.105075000E-03,-1.117102846121E+00,-45.579459310E-03,-74.654207743E-03
+3.105080000E-03,-1.110262393933E+00,-45.265388961E-03,-75.265388641E-03
+3.105085000E-03,-1.106013022119E+00,-43.852072394E-03,-76.527323301E-03
+3.105090000E-03,-1.098498889033E+00,-44.951318614E-03,-77.041770531E-03
+3.105095000E-03,-1.092746690602E+00,-43.145414111E-03,-78.316896146E-03
+3.105100000E-03,-1.085854416807E+00,-43.616519633E-03,-78.800564482E-03
+3.105105000E-03,-1.079428537479E+00,-40.868404085E-03,-80.080087082E-03
+3.105110000E-03,-1.072795371720E+00,-44.637248265E-03,-80.502197630E-03
+3.105115000E-03,-1.065592168281E+00,-43.773554808E-03,-81.728956411E-03
+3.105120000E-03,-1.057870748766E+00,-42.752826176E-03,-82.296167460E-03
+3.105125000E-03,-1.051444869438E+00,-44.872801029E-03,-83.294283027E-03
+3.105130000E-03,-1.042997947419E+00,-42.595791001E-03,-83.927448850E-03
+3.105135000E-03,-1.035172884687E+00,-43.852072394E-03,-84.846418689E-03
+3.105140000E-03,-1.026415033023E+00,-42.831343763E-03,-85.589509133E-03
+3.105145000E-03,-1.017864467787E+00,-42.438755827E-03,-86.411745306E-03
+3.105150000E-03,-1.010143048272E+00,-42.360238242E-03,-87.106468916E-03
+3.105155000E-03,-1.001126088570E+00,-42.124685478E-03,-87.845162376E-03
+3.105160000E-03,-991.798199223E-03,-43.223931697E-03,-88.526695031E-03
+3.105165000E-03,-982.729417912E-03,-43.459484459E-03,-89.309358340E-03
+3.105170000E-03,-973.660636603E-03,-41.182474436E-03,-89.828202555E-03
+3.105175000E-03,-964.280925649E-03,-43.459484460E-03,-90.733981440E-03
+3.105180000E-03,-954.331177011E-03,-41.418027194E-03,-91.129710079E-03
+3.105185000E-03,-945.003287665E-03,-42.752826173E-03,-91.925564342E-03
+3.105190000E-03,-934.846252597E-03,-43.066896523E-03,-92.356468860E-03
+3.105195000E-03,-925.103790390E-03,-42.752826176E-03,-93.165514077E-03
+3.105200000E-03,-914.843112109E-03,-43.930589981E-03,-93.570036686E-03
+3.105205000E-03,-903.960574536E-03,-43.695037221E-03,-94.379081904E-03
+3.105210000E-03,-892.715285713E-03,-42.595791000E-03,-94.704458784E-03
+3.105215000E-03,-881.936391356E-03,-42.203203065E-03,-95.465137169E-03
+3.105220000E-03,-871.882999504E-03,-40.868404086E-03,-95.821292943E-03
+3.105225000E-03,-862.088715688E-03,-42.124685476E-03,-96.476443690E-03
+3.105230000E-03,-851.309821332E-03,-41.575062370E-03,-96.740262783E-03
+3.105235000E-03,-840.064532507E-03,-42.124685476E-03,-97.593277849E-03
+3.105240000E-03,-828.922886898E-03,-42.124685481E-03,-97.650438653E-03
+3.105245000E-03,-817.159381999E-03,-42.438755827E-03,-98.534232613E-03
+3.105250000E-03,-806.328666036E-03,-40.789886497E-03,-98.595790401E-03
+3.105255000E-03,-794.409696314E-03,-39.298052343E-03,-99.347674815E-03
+3.105260000E-03,-781.765224086E-03,-40.632851326E-03,-99.514760240E-03
+3.105265000E-03,-769.638967936E-03,-41.575062366E-03,-100.209483851E-03
+3.105270000E-03,-756.942674104E-03,-40.868404087E-03,-100.262247670E-03
+3.105275000E-03,-745.593742065E-03,-42.517273414E-03,-100.913001431E-03
+3.105280000E-03,-733.778415557E-03,-41.182474435E-03,-101.022926054E-03
+3.105285000E-03,-720.978478509E-03,-41.889132718E-03,-101.484609466E-03
+3.105290000E-03,-708.541292712E-03,-42.281720655E-03,-101.761619513E-03
+3.105295000E-03,-696.518679775E-03,-42.046167890E-03,-101.981468757E-03
+3.105300000E-03,-683.718742727E-03,-41.182474433E-03,-102.342021517E-03
+3.105305000E-03,-671.281556931E-03,-41.810615128E-03,-102.614634579E-03
+3.105310000E-03,-658.015225415E-03,-40.946921674E-03,-102.759735080E-03
+3.105315000E-03,-643.971569787E-03,-42.595791003E-03,-103.067524022E-03
+3.105320000E-03,-629.824270944E-03,-40.868404085E-03,-103.107096885E-03
+3.105325000E-03,-616.972512286E-03,-41.967650304E-03,-103.533604419E-03
+3.105330000E-03,-602.980678265E-03,-40.475816149E-03,-103.348931054E-03
+3.105335000E-03,-589.507060322E-03,-41.339509610E-03,-104.004081801E-03
+3.105340000E-03,-575.307939869E-03,-40.554333731E-03,-103.647926025E-03
+3.105345000E-03,-562.093429964E-03,-40.161745801E-03,-104.289885818E-03
+3.105350000E-03,-548.464347193E-03,-41.103956849E-03,-103.784232557E-03
+3.105355000E-03,-534.679799600E-03,-41.339509606E-03,-104.421795364E-03
+3.105360000E-03,-519.962463076E-03,-40.711368911E-03,-104.087624513E-03
+3.105365000E-03,-505.763342627E-03,-41.418027194E-03,-104.487750137E-03
+3.105370000E-03,-491.616043783E-03,-40.632851323E-03,-104.118403408E-03
+3.105375000E-03,-477.105993685E-03,-39.612122693E-03,-104.377825515E-03
+3.105380000E-03,-462.129549126E-03,-40.632851326E-03,-104.355840591E-03
+3.105385000E-03,-447.256747775E-03,-40.554333737E-03,-104.342649636E-03
+3.105390000E-03,-433.264913751E-03,-40.161745798E-03,-104.421795364E-03
+3.105395000E-03,-417.718431509E-03,-40.868404084E-03,-104.179961196E-03
+3.105400000E-03,-402.690165338E-03,-40.632851326E-03,-104.250312954E-03
+3.105405000E-03,-388.439223281E-03,-38.512876469E-03,-104.092021499E-03
+3.105410000E-03,-373.929173184E-03,-40.711368911E-03,-104.070036573E-03
+3.105415000E-03,-357.294437185E-03,-38.748429233E-03,-103.924936073E-03
+3.105420000E-03,-342.939851910E-03,-40.789886495E-03,-103.722674768E-03
+3.105425000E-03,-326.408759121E-03,-41.889132717E-03,-103.841393361E-03
+3.105430000E-03,-310.758633660E-03,-40.789886497E-03,-103.300564220E-03
+3.105435000E-03,-296.507691601E-03,-39.847675450E-03,-103.568780298E-03
+3.105440000E-03,-281.479425429E-03,-39.455087521E-03,-102.913629551E-03
+3.105445000E-03,-265.414727109E-03,-40.632851322E-03,-103.124684826E-03
+3.105450000E-03,-250.438282548E-03,-40.083228217E-03,-102.438755184E-03
+3.105455000E-03,-234.529049048E-03,-41.103956849E-03,-102.654207444E-03
+3.105460000E-03,-218.360707517E-03,-40.397298563E-03,-102.047423530E-03
+3.105465000E-03,-203.850657417E-03,-40.868404088E-03,-102.069408455E-03
+3.105470000E-03,-188.407818387E-03,-39.690640278E-03,-101.502197406E-03
+3.105475000E-03,-173.638660255E-03,-40.868404083E-03,-101.313127056E-03
+3.105480000E-03,-157.988534793E-03,-40.475816148E-03,-101.044910978E-03
+3.105485000E-03,-141.612906833E-03,-40.240263390E-03,-100.574433597E-03
+3.105490000E-03,-126.066424585E-03,-40.632851325E-03,-100.319408473E-03
+3.105495000E-03,-110.260834302E-03,-40.789886493E-03,-99.765388380E-03
+3.105500000E-03,-94.403422413E-03,-40.554333737E-03,-99.576318028E-03
+3.105505000E-03,-80.204301959E-03,-40.318780979E-03,-98.991519041E-03
+3.105510000E-03,-64.865106144E-03,-40.083228216E-03,-98.740890902E-03
+3.105515000E-03,-48.696764611E-03,-39.533605103E-03,-98.279207491E-03
+3.105520000E-03,-33.357568793E-03,-41.339509605E-03,-97.755966290E-03
+3.105525000E-03,-18.018372977E-03,-40.240263387E-03,-97.338252727E-03
+3.105530000E-03,-2.523712339E-03,-40.083228215E-03,-96.749056753E-03
+3.105535000E-03,+12.763661869E-03,-39.533605103E-03,-96.379710024E-03
+3.105540000E-03,+28.517430544E-03,-40.711368910E-03,-95.689383398E-03
+3.105545000E-03,+44.012091181E-03,-41.339509605E-03,-95.337624607E-03
+3.105550000E-03,+59.921324675E-03,-40.711368908E-03,-94.625313057E-03
+3.105555000E-03,+74.949590850E-03,-39.141017170E-03,-94.102071857E-03
+3.105560000E-03,+91.117932382E-03,-40.868404086E-03,-93.543654778E-03
+3.105565000E-03,+106.301663378E-03,-39.690640275E-03,-92.901694985E-03
+3.105570000E-03,+121.796324015E-03,-41.575062362E-03,-92.338880921E-03
+3.105575000E-03,+138.223773584E-03,-42.124685475E-03,-91.582599522E-03
+3.105580000E-03,+153.407504581E-03,-40.946921673E-03,-91.116519125E-03
+3.105585000E-03,+169.316738078E-03,-40.632851324E-03,-90.338252802E-03
+3.105590000E-03,+184.915041928E-03,-39.219534754E-03,-89.762247783E-03
+3.105595000E-03,+200.254237749E-03,-40.632851320E-03,-89.036745279E-03
+3.105600000E-03,+214.919752670E-03,-40.397298560E-03,-88.407976441E-03
+3.105605000E-03,+230.725342946E-03,-41.103956840E-03,-87.695664890E-03
+3.105610000E-03,+245.753609116E-03,-40.397298562E-03,-86.886619673E-03
+3.105615000E-03,+260.885518505E-03,-40.161745800E-03,-86.358981488E-03
+3.105620000E-03,+275.084638955E-03,-39.612122693E-03,-85.343277981E-03
+3.105625000E-03,+291.252980483E-03,-39.298052347E-03,-84.925564418E-03
+3.105630000E-03,+306.384889875E-03,-39.690640274E-03,-83.637247848E-03
+3.105635000E-03,+321.620442482E-03,-40.554333736E-03,-83.360237802E-03
+3.105640000E-03,+335.767741315E-03,-40.397298561E-03,-81.979584549E-03
+3.105645000E-03,+350.174148202E-03,-40.397298564E-03,-81.689383549E-03
+3.105650000E-03,+365.150592770E-03,-40.397298562E-03,-80.326318236E-03
+3.105655000E-03,+379.505178037E-03,-41.025439264E-03,-79.970162461E-03
+3.105660000E-03,+394.844373851E-03,-39.926193041E-03,-78.703830816E-03
+3.105665000E-03,+410.753607348E-03,-41.182474433E-03,-78.171795647E-03
+3.105670000E-03,+424.538154944E-03,-40.554333733E-03,-76.901067015E-03
+3.105675000E-03,+438.737275396E-03,-41.182474430E-03,-76.329458983E-03
+3.105680000E-03,+452.832752630E-03,-41.025439259E-03,-75.085112261E-03
+3.105685000E-03,+466.513657009E-03,-40.789886495E-03,-74.390388652E-03
+3.105690000E-03,+481.438279963E-03,-41.182474425E-03,-73.339509265E-03
+3.105695000E-03,+495.326470767E-03,-40.397298564E-03,-72.565639928E-03
+3.105700000E-03,+509.836520861E-03,-40.318780980E-03,-71.365263055E-03
+3.105705000E-03,+524.242927743E-03,-41.418027184E-03,-70.573805778E-03
+3.105710000E-03,+536.680113547E-03,-40.083228214E-03,-69.496544482E-03
+3.105715000E-03,+550.205553096E-03,-40.554333740E-03,-68.555589720E-03
+3.105720000E-03,+564.301030325E-03,-40.240263390E-03,-67.535489227E-03
+3.105725000E-03,+578.344685960E-03,-40.946921669E-03,-66.515388736E-03
+3.105730000E-03,+591.248266223E-03,-41.260992018E-03,-65.521670154E-03
+3.105735000E-03,+606.276532393E-03,-40.475816151E-03,-64.352072176E-03
+3.105740000E-03,+618.402788546E-03,-40.789886491E-03,-63.446293291E-03
+3.105745000E-03,+631.876406488E-03,-41.810615129E-03,-62.188755617E-03
+3.105750000E-03,+644.779986758E-03,-40.554333743E-03,-61.304961656E-03
+3.105755000E-03,+656.750778089E-03,-40.789886511E-03,-60.038630012E-03
+3.105760000E-03,+669.654358348E-03,-41.182474431E-03,-59.247172734E-03
+3.105765000E-03,+681.417863247E-03,-42.831343757E-03,-57.844534557E-03
+3.105770000E-03,+694.062335476E-03,-40.632851322E-03,-56.956343613E-03
+3.105775000E-03,+706.654986093E-03,-42.595790999E-03,-55.681217997E-03
+3.105780000E-03,+718.418490992E-03,-40.083228207E-03,-54.700690370E-03
+3.105785000E-03,+731.477536073E-03,-40.475816156E-03,-53.421167771E-03
+3.105790000E-03,+742.878289722E-03,-40.711368913E-03,-52.304333613E-03
+3.105795000E-03,+755.367297132E-03,-41.653579955E-03,-51.143529604E-03
+3.105800000E-03,+767.078980421E-03,-42.360238241E-03,-49.868403990E-03
+3.105805000E-03,+779.360701395E-03,-41.103956842E-03,-48.879082392E-03
+3.105810000E-03,+789.880487717E-03,-40.711368911E-03,-47.419283414E-03
+3.105815000E-03,+800.659382072E-03,-40.711368907E-03,-46.513504528E-03
+3.105820000E-03,+812.008314112E-03,-41.732097539E-03,-45.062499519E-03
+3.105825000E-03,+823.512710967E-03,-41.575062370E-03,-44.249057316E-03
+3.105830000E-03,+833.928854076E-03,-41.967650306E-03,-42.600187988E-03
+3.105835000E-03,+844.396818789E-03,-42.046167893E-03,-41.821921664E-03
+3.105840000E-03,+855.642107614E-03,-41.418027195E-03,-40.199434245E-03
+3.105845000E-03,+864.969996961E-03,-41.025439265E-03,-39.403579980E-03
+3.105850000E-03,+876.474393825E-03,-40.397298572E-03,-37.622801107E-03
+3.105855000E-03,+887.046001754E-03,-39.376569916E-03,-36.892901615E-03
+3.105860000E-03,+898.032182536E-03,-42.281720656E-03,-35.222047363E-03
+3.105865000E-03,+906.479104560E-03,-41.025439253E-03,-34.347047372E-03
+3.105870000E-03,+916.480674800E-03,-40.475816164E-03,-32.649811210E-03
+3.105875000E-03,+926.326780225E-03,-43.459484456E-03,-31.849559961E-03
+3.105880000E-03,+935.861955999E-03,-40.554333735E-03,-30.169911739E-03
+3.105885000E-03,+944.775272494E-03,-41.732097544E-03,-29.198178081E-03
+3.105890000E-03,+952.289405577E-03,-40.789886489E-03,-27.566896691E-03
+3.105895000E-03,+962.290975819E-03,-41.810615127E-03,-26.586369064E-03
+3.105900000E-03,+970.426968195E-03,-40.554333730E-03,-24.990263553E-03
+3.105905000E-03,+978.925711823E-03,-41.418027200E-03,-23.934987183E-03
+3.105910000E-03,+986.802596162E-03,-41.418027197E-03,-22.347675642E-03
+3.105915000E-03,+995.715912646E-03,-40.083228218E-03,-21.230841483E-03
+3.105920000E-03,+1.002504543235E+00,-41.810615129E-03,-19.850188231E-03
+3.105925000E-03,+1.010796000429E+00,-41.496544787E-03,-18.623429452E-03
+3.105930000E-03,+1.018465598339E+00,-41.182474433E-03,-17.220791274E-03
+3.105935000E-03,+1.025616980168E+00,-41.575062372E-03,-15.963253601E-03
+3.105940000E-03,+1.033182934863E+00,-40.632851321E-03,-14.630967181E-03
+3.105945000E-03,+1.040437959905E+00,-42.124685475E-03,-13.377826493E-03
+3.105950000E-03,+1.046863839239E+00,-41.653579953E-03,-11.975188315E-03
+3.105955000E-03,+1.052875145708E+00,-41.732097545E-03,-10.722047627E-03
+3.105960000E-03,+1.060285635582E+00,-40.632851333E-03,-9.385364222E-03
+3.105965000E-03,+1.067022444545E+00,-40.711368911E-03,-8.193781322E-03
+3.105970000E-03,+1.073137394237E+00,-42.517273411E-03,-6.738379326E-03
+3.105975000E-03,+1.079045057491E+00,-40.946921677E-03,-5.625942153E-03
+3.105980000E-03,+1.086870120204E+00,-40.318780974E-03,-4.232097946E-03
+3.105985000E-03,+1.092000459362E+00,-40.711368911E-03,-3.027324090E-03
+3.105990000E-03,+1.097649014575E+00,-42.281720648E-03,-1.576319081E-03
+3.105995000E-03,+1.101742921566E+00,-41.810615129E-03,-402.324118E-06
+3.106000000E-03,+1.107391476780E+00,-40.475816160E-03,+991.520087E-06
+3.106005000E-03,+1.112366351101E+00,-38.198806133E-03,+2.358982385E-03
+3.106010000E-03,+1.116926652560E+00,+843.867763331E-03,+3.519786392E-03
+3.106015000E-03,+1.120865094731E+00,+2.552646015303E+00,+4.966394418E-03
+3.106020000E-03,+1.124492607246E+00,+2.552724532961E+00,+6.034861742E-03
+3.106025000E-03,+1.127705546918E+00,+2.552724532961E+00,+7.784861725E-03
+3.106030000E-03,+1.132732242839E+00,+2.552724532961E+00,+8.519158197E-03
+3.106035000E-03,+1.134908750358E+00,+2.552724532961E+00,+10.343906924E-03
+3.106040000E-03,+1.139054478961E+00,+2.552724532961E+00,+11.056218471E-03
+3.106045000E-03,+1.142008310580E+00,+2.552724532961E+00,+12.832600365E-03
+3.106050000E-03,+1.145687644721E+00,+2.552724532961E+00,+13.835112915E-03
+3.106055000E-03,+1.147812330627E+00,+2.552724532961E+00,+15.461997321E-03
+3.106060000E-03,+1.151284378327E+00,+2.552724532961E+00,+16.508479719E-03
+3.106065000E-03,+1.154186388340E+00,+2.552724532961E+00,+17.788002321E-03
+3.106070000E-03,+1.156155609430E+00,+2.552724532961E+00,+19.190640495E-03
+3.106075000E-03,+1.158176652124E+00,+2.552724532961E+00,+20.377826415E-03
+3.106080000E-03,+1.160301338035E+00,+2.552724532961E+00,+21.705715845E-03
+3.106085000E-03,+1.161493235001E+00,+2.552724532961E+00,+22.950062567E-03
+3.106090000E-03,+1.162685131976E+00,+2.552724532961E+00,+24.291142952E-03
+3.106095000E-03,+1.164395245017E+00,+2.552724532961E+00,+25.469534902E-03
+3.106100000E-03,+1.165379855566E+00,+2.552724532961E+00,+26.731469560E-03
+3.106105000E-03,+1.165535320386E+00,+2.552724532961E+00,+28.178077587E-03
+3.106110000E-03,+1.166779038961E+00,+2.552724532961E+00,+29.057474561E-03
+3.106115000E-03,+1.166364466112E+00,+2.552724532961E+00,+30.842650422E-03
+3.106120000E-03,+1.166830860577E+00,+2.552724532961E+00,+31.510992122E-03
+3.106125000E-03,+1.167245433438E+00,+2.552724532961E+00,+33.265389089E-03
+3.106130000E-03,+1.167141790226E+00,+2.552724532961E+00,+33.920539836E-03
+3.106135000E-03,+1.166416287724E+00,+2.552724532961E+00,+35.718906649E-03
+3.106140000E-03,+1.166986325398E+00,+2.552724532961E+00,+36.426821217E-03
+3.106145000E-03,+1.166519930927E+00,+2.552724532961E+00,+38.124057378E-03
+3.106150000E-03,+1.165794428423E+00,+2.552724532961E+00,+38.774811142E-03
+3.106155000E-03,+1.164136136992E+00,+2.552724532961E+00,+40.419283485E-03
+3.106160000E-03,+1.162840596804E+00,+2.552724532961E+00,+41.263504582E-03
+3.106165000E-03,+1.161337770182E+00,+2.552724532961E+00,+42.714509590E-03
+3.106170000E-03,+1.160923197319E+00,+2.552724532961E+00,+43.721419128E-03
+3.106175000E-03,+1.158435760165E+00,+2.552724532961E+00,+44.930589970E-03
+3.106180000E-03,+1.155844679792E+00,+2.552724532961E+00,+45.959484430E-03
+3.106185000E-03,+1.153305421026E+00,+2.552724532961E+00,+47.195037181E-03
+3.106190000E-03,+1.150869805474E+00,+2.552724532961E+00,+48.127197975E-03
+3.106195000E-03,+1.148019617068E+00,+2.552724532961E+00,+49.437499469E-03
+3.106200000E-03,+1.145687644731E+00,+2.552724532961E+00,+50.312499459E-03
+3.106205000E-03,+1.143200207570E+00,+2.552724532961E+00,+51.781092409E-03
+3.106210000E-03,+1.139831803073E+00,+2.552724532961E+00,+52.453831094E-03
+3.106215000E-03,+1.136100647341E+00,+2.552724532961E+00,+53.961996908E-03
+3.106220000E-03,+1.132576778030E+00,+2.552724532961E+00,+54.546795897E-03
+3.106225000E-03,+1.128223762998E+00,+2.552724532961E+00,+55.997800906E-03
+3.106230000E-03,+1.123870747982E+00,+2.552724532961E+00,+56.696921501E-03
+3.106235000E-03,+1.119725019376E+00,+2.552724532961E+00,+58.024810934E-03
+3.106240000E-03,+1.115268361131E+00,+2.552724532961E+00,+58.715137561E-03
+3.106245000E-03,+1.110138021992E+00,+2.552724532961E+00,+59.963881265E-03
+3.106250000E-03,+1.105059504463E+00,+2.552724532961E+00,+60.838881256E-03
+3.106255000E-03,+1.099307306034E+00,+2.552724532961E+00,+61.911745565E-03
+3.106260000E-03,+1.093866037254E+00,+2.552724532961E+00,+62.738378723E-03
+3.106265000E-03,+1.088580233277E+00,+2.552724532961E+00,+63.798052079E-03
+3.106270000E-03,+1.083968110213E+00,+2.552724532961E+00,+64.760991767E-03
+3.106275000E-03,+1.077956803745E+00,+2.552724532961E+00,+65.772298289E-03
+3.106280000E-03,+1.070909065136E+00,+2.552724532961E+00,+66.546167627E-03
+3.106285000E-03,+1.064742293847E+00,+2.552724532961E+00,+67.781720378E-03
+3.106290000E-03,+1.059145560231E+00,+2.552724532961E+00,+68.348931427E-03
+3.106295000E-03,+1.051424140724E+00,+2.552724532961E+00,+69.716393724E-03
+3.106300000E-03,+1.045879228715E+00,+2.552724532961E+00,+69.993403772E-03
+3.106305000E-03,+1.038105987593E+00,+2.552724532961E+00,+71.519157523E-03
+3.106310000E-03,+1.030591854511E+00,+2.552724532961E+00,+71.651067071E-03
+3.106315000E-03,+1.023388651069E+00,+2.552724532961E+00,+73.335112277E-03
+3.106320000E-03,+1.014993550666E+00,+2.552724532961E+00,+73.264760521E-03
+3.106325000E-03,+1.006494807043E+00,+2.552724532961E+00,+74.891644924E-03
+3.106330000E-03,+998.825209123E-03,+2.552724532961E+00,+74.983981608E-03
+3.106335000E-03,+990.689216754E-03,+2.552724532961E+00,+76.426192646E-03
+3.106340000E-03,+982.397759551E-03,+2.552724532961E+00,+76.610866013E-03
+3.106345000E-03,+973.847194311E-03,+2.552724532961E+00,+77.890388611E-03
+3.106350000E-03,+965.555737118E-03,+2.552724532961E+00,+78.158604689E-03
+3.106355000E-03,+956.901528670E-03,+2.552724532961E+00,+79.288629803E-03
+3.106360000E-03,+948.869179508E-03,+2.552724532961E+00,+79.543654926E-03
+3.106365000E-03,+938.971252479E-03,+2.552724532961E+00,+80.651695115E-03
+3.106370000E-03,+929.332433493E-03,+2.552724532961E+00,+80.933102147E-03
+3.106375000E-03,+919.227220030E-03,+2.552724532961E+00,+82.102700124E-03
+3.106380000E-03,+911.402157296E-03,+2.552724532961E+00,+82.190639822E-03
+3.106385000E-03,+900.726906165E-03,+2.552724532961E+00,+83.448177497E-03
+3.106390000E-03,+891.191730371E-03,+2.552724532961E+00,+83.377825740E-03
+3.106395000E-03,+880.412836024E-03,+2.552724532961E+00,+84.718906127E-03
+3.106400000E-03,+870.722195417E-03,+2.552724532961E+00,+84.622172460E-03
+3.106405000E-03,+859.476906601E-03,+2.552724532961E+00,+85.888504103E-03
+3.106410000E-03,+849.786266001E-03,+2.552724532961E+00,+85.778579483E-03
+3.106415000E-03,+839.784695760E-03,+2.552724532961E+00,+86.882222686E-03
+3.106420000E-03,+828.694871754E-03,+2.552724532961E+00,+86.930589521E-03
+3.106425000E-03,+817.035010066E-03,+2.552724532961E+00,+87.933102072E-03
+3.106430000E-03,+805.426969996E-03,+2.552724532961E+00,+87.999056846E-03
+3.106435000E-03,+793.404357051E-03,+2.552724532961E+00,+88.865262865E-03
+3.106440000E-03,+782.832749131E-03,+2.552724532961E+00,+89.001569398E-03
+3.106445000E-03,+771.017422626E-03,+2.552724532961E+00,+89.797423660E-03
+3.106450000E-03,+760.134885053E-03,+2.552724532961E+00,+89.955715118E-03
+3.106455000E-03,+746.816731938E-03,+2.552724532961E+00,+90.597674907E-03
+3.106460000E-03,+735.001405428E-03,+2.552724532961E+00,+90.786745259E-03
+3.106465000E-03,+723.756116596E-03,+2.552724532961E+00,+91.380338215E-03
+3.106470000E-03,+711.008001166E-03,+2.552724532961E+00,+91.547423643E-03
+3.106475000E-03,+700.591858053E-03,+2.552724532961E+00,+92.233353281E-03
+3.106480000E-03,+687.273704932E-03,+2.552724532961E+00,+92.149810571E-03
+3.106485000E-03,+673.851908598E-03,+2.552724532961E+00,+92.813755285E-03
+3.106490000E-03,+661.362901196E-03,+2.552724532961E+00,+92.791770364E-03
+3.106495000E-03,+649.547574689E-03,+2.552724532961E+00,+93.473303016E-03
+3.106500000E-03,+636.229421562E-03,+2.552724532961E+00,+93.385363322E-03
+3.106505000E-03,+623.740414153E-03,+2.552724532961E+00,+93.987750248E-03
+3.106510000E-03,+609.644936918E-03,+2.552724532961E+00,+93.956971356E-03
+3.106515000E-03,+597.207751112E-03,+2.552724532961E+00,+94.370287932E-03
+3.106520000E-03,+584.355992459E-03,+2.552724532961E+00,+94.348303011E-03
+3.106525000E-03,+570.830552912E-03,+2.552724532961E+00,+94.752825616E-03
+3.106530000E-03,+557.771507839E-03,+2.552724532961E+00,+94.779207529E-03
+3.106535000E-03,+543.105992917E-03,+2.552724532961E+00,+95.034232648E-03
+3.106540000E-03,+529.321445328E-03,+2.552724532961E+00,+95.095790440E-03
+3.106545000E-03,+514.293179149E-03,+2.552724532961E+00,+95.276066816E-03
+3.106550000E-03,+500.301345137E-03,+2.552724532961E+00,+95.359609531E-03
+3.106555000E-03,+486.050403077E-03,+2.552724532961E+00,+95.416770335E-03
+3.106560000E-03,+472.680428347E-03,+2.552724532961E+00,+95.399182397E-03
+3.106565000E-03,+459.517740039E-03,+2.552724532961E+00,+95.575061789E-03
+3.106570000E-03,+445.214976368E-03,+2.552724532961E+00,+95.482725110E-03
+3.106575000E-03,+429.823958961E-03,+2.552724532961E+00,+95.575061790E-03
+3.106580000E-03,+416.143054575E-03,+2.552724532961E+00,+95.561870837E-03
+3.106585000E-03,+401.114788410E-03,+2.552724532961E+00,+95.553076866E-03
+3.106590000E-03,+386.967489559E-03,+2.552724532961E+00,+95.478328125E-03
+3.106595000E-03,+372.146509819E-03,+2.552724532961E+00,+95.482725108E-03
+3.106600000E-03,+357.999210976E-03,+2.552724532961E+00,+95.372800486E-03
+3.106605000E-03,+343.022766407E-03,+2.552724532961E+00,+95.271669833E-03
+3.106610000E-03,+328.616359540E-03,+2.552724532961E+00,+95.258478880E-03
+3.106615000E-03,+312.810769256E-03,+2.552724532961E+00,+95.038629636E-03
+3.106620000E-03,+298.300719152E-03,+2.552724532961E+00,+94.990262803E-03
+3.106625000E-03,+282.546950495E-03,+2.552724532961E+00,+94.805589438E-03
+3.106630000E-03,+267.259576278E-03,+2.552724532961E+00,+94.673679892E-03
+3.106635000E-03,+252.594061349E-03,+2.552724532961E+00,+94.484609540E-03
+3.106640000E-03,+237.203043945E-03,+2.552724532961E+00,+94.269157283E-03
+3.106645000E-03,+221.656561692E-03,+2.552724532961E+00,+94.080086932E-03
+3.106650000E-03,+207.457441230E-03,+2.552724532961E+00,+93.825061810E-03
+3.106655000E-03,+191.392742926E-03,+2.552724532961E+00,+93.640388444E-03
+3.106660000E-03,+176.001725493E-03,+2.552724532961E+00,+93.328202520E-03
+3.106665000E-03,+159.781562366E-03,+2.552724532961E+00,+93.051192470E-03
+3.106670000E-03,+144.390544928E-03,+2.552724532961E+00,+92.725815593E-03
+3.106675000E-03,+128.844062680E-03,+2.552724532961E+00,+92.431217602E-03
+3.106680000E-03,+112.416613112E-03,+2.552724532961E+00,+92.070664845E-03
+3.106685000E-03,+97.077417302E-03,+2.552724532961E+00,+91.670539219E-03
+3.106690000E-03,+81.738221473E-03,+2.552724532961E+00,+91.450689979E-03
+3.106695000E-03,+66.450847272E-03,+2.552724532961E+00,+90.927448774E-03
+3.106700000E-03,+51.318937885E-03,+2.552724532961E+00,+90.597674913E-03
+3.106705000E-03,+35.046953141E-03,+2.552724532961E+00,+90.092021648E-03
+3.106710000E-03,+20.536903034E-03,+2.552724532961E+00,+89.779835725E-03
+3.106715000E-03,+4.834955964E-03,+2.552724532961E+00,+89.256594521E-03
+3.106720000E-03,-10.866991087E-03,+2.552724532961E+00,+88.874056839E-03
+3.106725000E-03,-25.325219578E-03,+2.552724532961E+00,+88.381594530E-03
+3.106730000E-03,-40.198020932E-03,+2.552724532961E+00,+87.730840771E-03
+3.106735000E-03,-54.656249422E-03,+2.552724532961E+00,+87.471418660E-03
+3.106740000E-03,-70.824590960E-03,+2.552724532961E+00,+86.635991538E-03
+3.106745000E-03,-87.459326952E-03,+2.552724532961E+00,+86.455715153E-03
+3.106750000E-03,-102.383949913E-03,+2.552724532961E+00,+85.483981501E-03
+3.106755000E-03,-119.174150745E-03,+2.552724532961E+00,+85.228956373E-03
+3.106760000E-03,-134.254238514E-03,+2.552724532961E+00,+84.318780507E-03
+3.106765000E-03,-149.437969514E-03,+2.552724532961E+00,+84.090137290E-03
+3.106770000E-03,-165.036273355E-03,+2.552724532961E+00,+83.056845848E-03
+3.106775000E-03,-179.805431500E-03,+2.552724532961E+00,+82.634735295E-03
+3.106780000E-03,-196.232881062E-03,+2.552724532961E+00,+81.935614704E-03
+3.106785000E-03,-209.810142232E-03,+2.552724532961E+00,+81.284860939E-03
+3.106790000E-03,-225.460267687E-03,+2.552724532961E+00,+80.647298134E-03
+3.106795000E-03,-241.939538862E-03,+2.552724532961E+00,+79.895413718E-03
+3.106800000E-03,-257.693307545E-03,+2.552724532961E+00,+79.297423776E-03
+3.106805000E-03,-272.099714433E-03,+2.552724532961E+00,+78.365262982E-03
+3.106810000E-03,-287.905304704E-03,+2.552724532961E+00,+77.978328311E-03
+3.106815000E-03,-302.881749285E-03,+2.552724532961E+00,+76.830715262E-03
+3.106820000E-03,-318.894625990E-03,+2.552724532961E+00,+76.377825815E-03
+3.106825000E-03,-333.663784134E-03,+2.552724532961E+00,+75.375313265E-03
+3.106830000E-03,-347.811082972E-03,+2.552724532961E+00,+74.693780609E-03
+3.106835000E-03,-363.616673243E-03,+2.552724532961E+00,+73.783604741E-03
+3.106840000E-03,-378.593117811E-03,+2.552724532961E+00,+73.075690173E-03
+3.106845000E-03,-393.310454334E-03,+2.552724532961E+00,+72.174308275E-03
+3.106850000E-03,-407.872326036E-03,+2.552724532961E+00,+71.303705269E-03
+3.106855000E-03,-424.144310782E-03,+2.552724532961E+00,+70.450690201E-03
+3.106860000E-03,-437.877036777E-03,+2.552724532961E+00,+69.496544486E-03
+3.106865000E-03,-452.853481342E-03,+2.552724532961E+00,+68.551192734E-03
+3.106870000E-03,-467.104423386E-03,+2.552724532961E+00,+67.777323399E-03
+3.106875000E-03,-481.459008673E-03,+2.552724532961E+00,+66.669283206E-03
+3.106880000E-03,-496.279988387E-03,+2.552724532961E+00,+66.036117386E-03
+3.106885000E-03,-510.168179218E-03,+2.552724532961E+00,+64.677449056E-03
+3.106890000E-03,-524.419121282E-03,+2.552724532961E+00,+64.123428965E-03
+3.106895000E-03,-537.944560821E-03,+2.552724532961E+00,+62.698805863E-03
+3.106900000E-03,-551.314535561E-03,+2.552724532961E+00,+62.206343558E-03
+3.106905000E-03,-565.202726371E-03,+2.552724532961E+00,+60.768529502E-03
+3.106910000E-03,-578.935452348E-03,+2.552724532961E+00,+60.262876242E-03
+3.106915000E-03,-592.460891901E-03,+2.552724532961E+00,+58.798680277E-03
+3.106920000E-03,-606.038153072E-03,+2.552724532961E+00,+58.103956667E-03
+3.106925000E-03,-619.667235828E-03,+2.552724532961E+00,+56.850815976E-03
+3.106930000E-03,-632.311708060E-03,+2.552724532961E+00,+55.975815987E-03
+3.106935000E-03,-645.733504391E-03,+2.552724532961E+00,+54.863378812E-03
+3.106940000E-03,-658.948014294E-03,+2.552724532961E+00,+53.847675306E-03
+3.106945000E-03,-671.696129754E-03,+2.552724532961E+00,+52.814383858E-03
+3.106950000E-03,-683.563277859E-03,+2.552724532961E+00,+51.732725581E-03
+3.106955000E-03,-696.725966152E-03,+2.552724532961E+00,+50.695037147E-03
+3.106960000E-03,-709.836832863E-03,+2.552724532961E+00,+49.490263295E-03
+3.106965000E-03,-721.548516153E-03,+2.552724532961E+00,+48.413001996E-03
+3.106970000E-03,-734.192988382E-03,+2.552724532961E+00,+47.419283417E-03
+3.106975000E-03,-746.474709354E-03,+2.552724532961E+00,+46.139760815E-03
+3.106980000E-03,-758.549143910E-03,+2.552724532961E+00,+45.194409070E-03
+3.106985000E-03,-771.452724144E-03,+2.552724532961E+00,+43.791770890E-03
+3.106990000E-03,-782.957121014E-03,+2.552724532961E+00,+42.872801054E-03
+3.106995000E-03,-794.720625913E-03,+2.552724532961E+00,+41.377826192E-03
+3.107000000E-03,-805.914093133E-03,+2.552724532961E+00,+40.568780975E-03
+3.107005000E-03,-817.003917143E-03,+2.552724532961E+00,+39.021042299E-03
+3.107010000E-03,-828.560135607E-03,+2.552724532961E+00,+38.093278491E-03
+3.107015000E-03,-839.494494789E-03,+2.552724532961E+00,+36.800564936E-03
+3.107020000E-03,-850.947070037E-03,+2.552724532961E+00,+35.591394095E-03
+3.107025000E-03,-861.311391543E-03,+2.552724532961E+00,+34.386620238E-03
+3.107030000E-03,-871.157496962E-03,+2.552724532961E+00,+33.093906684E-03
+3.107035000E-03,-882.143677757E-03,+2.552724532961E+00,+32.082600160E-03
+3.107040000E-03,-893.026215316E-03,+2.552724532961E+00,+30.504082594E-03
+3.107045000E-03,-903.338715209E-03,+2.552724532961E+00,+29.541142902E-03
+3.107050000E-03,-914.273074393E-03,+2.552724532961E+00,+27.997801213E-03
+3.107055000E-03,-923.393677318E-03,+2.552724532961E+00,+27.087625341E-03
+3.107060000E-03,-933.498890763E-03,+2.552724532961E+00,+25.517901743E-03
+3.107065000E-03,-943.604104240E-03,+2.552724532961E+00,+24.524183156E-03
+3.107070000E-03,-953.346566425E-03,+2.552724532961E+00,+23.073178152E-03
+3.107075000E-03,-962.622634177E-03,+2.552724532961E+00,+21.978328912E-03
+3.107080000E-03,-972.313274785E-03,+2.552724532961E+00,+20.553705816E-03
+3.107085000E-03,-981.692985733E-03,+2.552724532961E+00,+19.278580198E-03
+3.107090000E-03,-990.658123838E-03,+2.552724532961E+00,+18.130967148E-03
+3.107095000E-03,-999.156867446E-03,+2.552724532961E+00,+16.785489772E-03
+3.107100000E-03,-1.007189216624E+00,+2.552724532961E+00,+15.637876722E-03
+3.107105000E-03,-1.016206176319E+00,+2.552724532961E+00,+14.125313924E-03
+3.107110000E-03,-1.024653098343E+00,+2.552724532961E+00,+12.968906901E-03
+3.107115000E-03,-1.033048198747E+00,+2.552724532961E+00,+11.531092844E-03
+3.107120000E-03,-1.041443299165E+00,+2.552724532961E+00,+10.326318989E-03
+3.107125000E-03,-1.049216540294E+00,+2.552724532961E+00,+8.892901919E-03
+3.107130000E-03,-1.056989781417E+00,+2.552724532961E+00,+7.758479820E-03
+3.107135000E-03,-1.063778411996E+00,+2.552724532961E+00,+6.254710992E-03
+3.107140000E-03,-1.070774329001E+00,+2.552724532961E+00,+5.111494924E-03
+3.107145000E-03,-1.078599391733E+00,+2.552724532961E+00,+3.757223581E-03
+3.107150000E-03,-1.086061703221E+00,+2.552724532961E+00,+2.578831634E-03
+3.107155000E-03,-1.091658436820E+00,+2.552724532961E+00,+1.119032655E-03
+3.107160000E-03,-1.097928851321E+00,+2.552724532961E+00,-112.123109E-06
+3.107165000E-03,-1.104458373878E+00,+2.552724532961E+00,-1.549937166E-03
+3.107170000E-03,-1.110210572311E+00,+2.552724532961E+00,-2.614007504E-03
+3.107175000E-03,-1.116740094844E+00,+2.552724532961E+00,-4.095791410E-03
+3.107180000E-03,-1.123580547031E+00,+2.552724532961E+00,-5.208228583E-03
+3.107185000E-03,-1.129021815815E+00,+2.552724532961E+00,-6.733982334E-03
+3.107190000E-03,-1.133737582089E+00,+2.552724532961E+00,-7.868404433E-03
+3.107195000E-03,-1.138660634817E+00,+2.552724532961E+00,-9.301821504E-03
+3.107200000E-03,-1.143687330745E+00,+2.552724532961E+00,-10.563756165E-03
+3.107205000E-03,-1.149024956309E+00,+2.552724532961E+00,-11.847675748E-03
+3.107210000E-03,-1.154258938662E+00,+2.552724532961E+00,-13.272298849E-03
+3.107215000E-03,-1.158352845670E+00,+1.578478320874E+00,-14.419911903E-03
+3.107220000E-03,-1.162084001415E+00,-135.874683308E-03,-15.875313894E-03
+3.107225000E-03,-1.165711513933E+00,-180.315638676E-03,-16.886620419E-03
+3.107230000E-03,-1.169131740033E+00,-22.024184410E-03,-18.597047537E-03
+3.107235000E-03,-1.174262079160E+00,+168.852071811E-03,-19.472047525E-03
+3.107240000E-03,-1.176801337924E+00,-81.304961210E-03,-21.208856553E-03
+3.107245000E-03,-1.180169742420E+00,-74.945036795E-03,-22.092650513E-03
+3.107250000E-03,-1.183589968506E+00,-93.789257947E-03,-23.767901749E-03
+3.107255000E-03,-1.186388335321E+00,-17.391645601E-03,-24.831972094E-03
+3.107260000E-03,-1.188875772482E+00,-55.786745563E-03,-26.357725844E-03
+3.107265000E-03,-1.191829604114E+00,-48.170539711E-03,-27.364635383E-03
+3.107270000E-03,-1.194161576435E+00,-61.597047058E-03,-28.921168026E-03
+3.107275000E-03,-1.196389905571E+00,-48.955715606E-03,-29.888504701E-03
+3.107280000E-03,-1.197063586466E+00,-51.075690403E-03,-31.436243376E-03
+3.107285000E-03,-1.198773699509E+00,-52.253454223E-03,-32.570665476E-03
+3.107290000E-03,-1.199447380409E+00,-52.410489361E-03,-33.841394106E-03
+3.107295000E-03,-1.201416601497E+00,-50.211996978E-03,-35.112122736E-03
+3.107300000E-03,-1.201675709532E+00,-50.211996948E-03,-36.457600107E-03
+3.107305000E-03,-1.202453033634E+00,-46.914258292E-03,-37.596419194E-03
+3.107310000E-03,-1.203437644189E+00,-49.112750729E-03,-38.867147819E-03
+3.107315000E-03,-1.203489465798E+00,-47.463881405E-03,-40.076318661E-03
+3.107320000E-03,-1.203955860275E+00,-47.228328638E-03,-41.347047293E-03
+3.107325000E-03,-1.203437644213E+00,-48.641645192E-03,-42.499057330E-03
+3.107330000E-03,-1.203126714554E+00,-48.877197957E-03,-43.756595006E-03
+3.107335000E-03,-1.204007681865E+00,-48.955715551E-03,-44.842650269E-03
+3.107340000E-03,-1.202245747201E+00,-46.521670367E-03,-46.166142719E-03
+3.107345000E-03,-1.201364779877E+00,-47.699434150E-03,-47.296167829E-03
+3.107350000E-03,-1.199291915594E+00,-46.050564826E-03,-48.575690433E-03
+3.107355000E-03,-1.198721877915E+00,-46.129082417E-03,-49.688127600E-03
+3.107360000E-03,-1.196804478454E+00,-46.207600011E-03,-50.967650206E-03
+3.107365000E-03,-1.195871689512E+00,-47.463881419E-03,-51.987750692E-03
+3.107370000E-03,-1.194057933231E+00,-46.835740713E-03,-53.315640131E-03
+3.107375000E-03,-1.192347820193E+00,-46.914258301E-03,-54.173052177E-03
+3.107380000E-03,-1.189653096605E+00,-46.914258273E-03,-55.637248147E-03
+3.107385000E-03,-1.187424767467E+00,-46.757223121E-03,-56.433102403E-03
+3.107390000E-03,-1.184833687118E+00,-46.207600004E-03,-57.826946614E-03
+3.107395000E-03,-1.181465282633E+00,-45.736494527E-03,-58.578831025E-03
+3.107400000E-03,-1.178615094213E+00,-45.422424109E-03,-60.069408902E-03
+3.107405000E-03,-1.176075835442E+00,-46.207600004E-03,-60.869660147E-03
+3.107410000E-03,-1.173536576680E+00,-44.715765876E-03,-62.237122447E-03
+3.107415000E-03,-1.168302594346E+00,-45.893529645E-03,-63.041770676E-03
+3.107420000E-03,-1.165400584308E+00,-45.815012054E-03,-64.387248050E-03
+3.107425000E-03,-1.161824893389E+00,-45.422424148E-03,-65.231469145E-03
+3.107430000E-03,-1.157627343186E+00,-43.695037233E-03,-66.291142505E-03
+3.107435000E-03,-1.154103473869E+00,-44.872801021E-03,-67.390388721E-03
+3.107440000E-03,-1.150009566870E+00,-46.129082443E-03,-68.243403789E-03
+3.107445000E-03,-1.144101903651E+00,-45.893529652E-03,-69.434986689E-03
+3.107450000E-03,-1.140681677544E+00,-44.794283427E-03,-70.134107286E-03
+3.107455000E-03,-1.135810446435E+00,-45.108353807E-03,-71.378454006E-03
+3.107460000E-03,-1.130835572104E+00,-44.401695504E-03,-72.121544450E-03
+3.107465000E-03,-1.124876087257E+00,-45.893529633E-03,-73.343906246E-03
+3.107470000E-03,-1.119175710446E+00,-44.087625158E-03,-74.016644932E-03
+3.107475000E-03,-1.113112582364E+00,-45.657976890E-03,-75.208227833E-03
+3.107480000E-03,-1.107826778399E+00,-44.872801029E-03,-75.973303202E-03
+3.107485000E-03,-1.100882683008E+00,-43.930589967E-03,-77.015388619E-03
+3.107490000E-03,-1.094612268490E+00,-43.538002022E-03,-77.754082081E-03
+3.107495000E-03,-1.088393675594E+00,-43.852072402E-03,-78.760991616E-03
+3.107500000E-03,-1.080672256086E+00,-42.203203088E-03,-79.578830803E-03
+3.107505000E-03,-1.074609128002E+00,-43.380966887E-03,-80.423051901E-03
+3.107510000E-03,-1.068027783874E+00,-42.909861370E-03,-81.333227768E-03
+3.107515000E-03,-1.060410007567E+00,-44.166142732E-03,-82.124685046E-03
+3.107520000E-03,-1.053932306621E+00,-43.380966891E-03,-82.960112174E-03
+3.107525000E-03,-1.046469995131E+00,-44.323177919E-03,-83.804333271E-03
+3.107530000E-03,-1.038385824365E+00,-43.695037217E-03,-84.534232762E-03
+3.107535000E-03,-1.031234442534E+00,-43.302449281E-03,-85.360865916E-03
+3.107540000E-03,-1.021751088362E+00,-43.066896516E-03,-86.209484000E-03
+3.107545000E-03,-1.013615095991E+00,-43.380966876E-03,-86.798679971E-03
+3.107550000E-03,-1.005168173971E+00,-42.988378935E-03,-87.704458860E-03
+3.107555000E-03,-997.187646424E-03,-43.302449283E-03,-88.113378450E-03
+3.107560000E-03,-986.512395285E-03,-42.831343753E-03,-89.173051809E-03
+3.107565000E-03,-978.117294871E-03,-42.203203066E-03,-89.511619638E-03
+3.107570000E-03,-968.944870344E-03,-42.517273402E-03,-90.536117121E-03
+3.107575000E-03,-960.031553863E-03,-42.281720641E-03,-90.839509074E-03
+3.107580000E-03,-950.600021308E-03,-42.438755835E-03,-91.872800523E-03
+3.107585000E-03,-940.546629452E-03,-41.260992042E-03,-92.110237704E-03
+3.107590000E-03,-930.959632066E-03,-42.517273414E-03,-93.016016591E-03
+3.107595000E-03,-919.662521649E-03,-42.831343749E-03,-93.451318091E-03
+3.107600000E-03,-908.883627286E-03,-43.145414109E-03,-94.009735173E-03
+3.107605000E-03,-898.622949007E-03,-41.339509629E-03,-94.590137175E-03
+3.107610000E-03,-887.429481796E-03,-40.554333768E-03,-95.043026618E-03
+3.107615000E-03,-877.842484401E-03,-41.653579954E-03,-95.856468819E-03
+3.107620000E-03,-866.649017183E-03,-42.438755831E-03,-96.049936158E-03
+3.107625000E-03,-857.113841417E-03,-42.674308562E-03,-96.920539157E-03
+3.107630000E-03,-846.386768652E-03,-41.810615128E-03,-97.021669816E-03
+3.107635000E-03,-835.348766265E-03,-42.517273412E-03,-97.914257740E-03
+3.107640000E-03,-823.326153344E-03,-41.496544776E-03,-98.054961262E-03
+3.107645000E-03,-812.910010224E-03,-42.438755811E-03,-98.780463762E-03
+3.107650000E-03,-801.042862110E-03,-39.533605132E-03,-99.031091905E-03
+3.107655000E-03,-788.553854703E-03,-40.789886512E-03,-99.527951191E-03
+3.107660000E-03,-776.479420159E-03,-40.161745833E-03,-99.844534107E-03
+3.107665000E-03,-764.145877599E-03,-41.418027199E-03,-100.275438622E-03
+3.107670000E-03,-751.915978201E-03,-41.182474413E-03,-100.675564247E-03
+3.107675000E-03,-739.116041167E-03,-41.575062373E-03,-100.961368263E-03
+3.107680000E-03,-726.678855381E-03,-40.789886504E-03,-101.396669767E-03
+3.107685000E-03,-714.811707254E-03,-41.732097543E-03,-101.559358209E-03
+3.107690000E-03,-702.633629479E-03,-41.339509612E-03,-101.902323028E-03
+3.107695000E-03,-689.367297992E-03,-40.711368925E-03,-102.183730061E-03
+3.107700000E-03,-675.686393615E-03,-41.025439255E-03,-102.504709956E-03
+3.107705000E-03,-663.508315848E-03,-42.046167879E-03,-102.693780308E-03
+3.107710000E-03,-649.879233091E-03,-41.732097555E-03,-102.935614473E-03
+3.107715000E-03,-636.250150315E-03,-40.554333741E-03,-103.173051658E-03
+3.107720000E-03,-622.672889166E-03,-40.946921678E-03,-103.313755176E-03
+3.107725000E-03,-609.872952090E-03,-41.967650306E-03,-103.388503918E-03
+3.107730000E-03,-594.896507543E-03,-39.847675446E-03,-103.740262707E-03
+3.107735000E-03,-581.008316733E-03,-40.240263386E-03,-103.661116979E-03
+3.107740000E-03,-567.223769137E-03,-40.475816154E-03,-104.096418483E-03
+3.107745000E-03,-553.905616024E-03,-41.103956842E-03,-103.823805419E-03
+3.107750000E-03,-539.861960405E-03,-41.260992031E-03,-104.399810439E-03
+3.107755000E-03,-526.284699225E-03,-40.004710635E-03,-103.810614464E-03
+3.107760000E-03,-511.930113985E-03,-39.298052366E-03,-104.593277775E-03
+3.107765000E-03,-497.471885480E-03,-41.732097551E-03,-103.911745119E-03
+3.107770000E-03,-482.858192172E-03,-40.946921666E-03,-104.676820488E-03
+3.107775000E-03,-469.280931011E-03,-40.475816168E-03,-103.951317982E-03
+3.107780000E-03,-453.838091993E-03,-41.339509624E-03,-104.681217473E-03
+3.107785000E-03,-438.861647406E-03,-40.475816141E-03,-104.052448634E-03
+3.107790000E-03,-424.662526957E-03,-40.161745814E-03,-104.522926018E-03
+3.107795000E-03,-409.478795947E-03,-41.260992025E-03,-104.096418484E-03
+3.107800000E-03,-393.880492128E-03,-39.455087521E-03,-104.364634561E-03
+3.107805000E-03,-380.510517374E-03,-40.004710663E-03,-103.982096877E-03
+3.107810000E-03,-364.393997443E-03,-40.083228218E-03,-103.977699893E-03
+3.107815000E-03,-349.573017717E-03,-41.339509612E-03,-103.907348131E-03
+3.107820000E-03,-334.596573145E-03,-41.339509601E-03,-103.683101906E-03
+3.107825000E-03,-319.568306986E-03,-40.711368902E-03,-103.652323008E-03
+3.107830000E-03,-303.555430269E-03,-38.905464388E-03,-103.362122011E-03
+3.107835000E-03,-288.734450537E-03,-39.847675472E-03,-103.269785322E-03
+3.107840000E-03,-273.291611505E-03,-40.161745795E-03,-102.953202419E-03
+3.107845000E-03,-258.159702105E-03,-41.339509625E-03,-102.878453669E-03
+3.107850000E-03,-242.924149523E-03,-39.612122698E-03,-102.390388355E-03
+3.107855000E-03,-226.963094413E-03,-40.789886498E-03,-102.355212468E-03
+3.107860000E-03,-211.727541809E-03,-42.046167885E-03,-101.977071776E-03
+3.107865000E-03,-196.647454029E-03,-40.789886474E-03,-101.849559210E-03
+3.107870000E-03,-181.826474264E-03,-39.219534760E-03,-101.247172287E-03
+3.107875000E-03,-166.694564917E-03,-41.103956853E-03,-101.141644645E-03
+3.107880000E-03,-150.733509806E-03,-40.475816136E-03,-100.679961236E-03
+3.107885000E-03,-135.757065233E-03,-40.318780980E-03,-100.460111989E-03
+3.107890000E-03,-119.225972463E-03,-39.769157874E-03,-99.875313004E-03
+3.107895000E-03,-103.264917339E-03,-39.298052334E-03,-99.752197426E-03
+3.107900000E-03,-87.459327066E-03,-40.318780997E-03,-99.176192407E-03
+3.107905000E-03,-73.415671420E-03,-40.397298536E-03,-98.921167283E-03
+3.107910000E-03,-57.661902739E-03,-39.690640289E-03,-98.301192417E-03
+3.107915000E-03,-43.566425509E-03,-40.161745821E-03,-97.852699961E-03
+3.107920000E-03,-28.227229708E-03,-39.847675450E-03,-97.404207501E-03
+3.107925000E-03,-11.851601734E-03,-40.397298578E-03,-96.911745194E-03
+3.107930000E-03,+4.834955834E-03,-39.769157857E-03,-96.388503994E-03
+3.107935000E-03,+19.915043660E-03,-41.025439232E-03,-95.856468826E-03
+3.107940000E-03,+35.513347490E-03,-39.847675466E-03,-95.377197472E-03
+3.107945000E-03,+52.303548324E-03,-40.789886498E-03,-94.823177379E-03
+3.107950000E-03,+67.487279322E-03,-39.062499599E-03,-94.269157285E-03
+3.107955000E-03,+82.360080654E-03,-40.789886498E-03,-93.706343220E-03
+3.107960000E-03,+98.062027730E-03,-38.120288577E-03,-93.134735185E-03
+3.107965000E-03,+114.437655698E-03,-41.182474415E-03,-92.479584442E-03
+3.107970000E-03,+129.673208279E-03,-41.496544764E-03,-91.842021633E-03
+3.107975000E-03,+144.390544845E-03,-41.418027183E-03,-91.261619628E-03
+3.107980000E-03,+161.180745642E-03,-40.004710647E-03,-90.562499033E-03
+3.107985000E-03,+176.209011809E-03,-40.161745808E-03,-89.995287980E-03
+3.107990000E-03,+191.600029250E-03,-40.397298576E-03,-89.304961360E-03
+3.107995000E-03,+206.783760246E-03,-39.769157886E-03,-88.570664882E-03
+3.108000000E-03,+222.174777659E-03,-40.161745821E-03,-87.999056851E-03
+3.108005000E-03,+237.099400623E-03,-40.318780991E-03,-87.088880979E-03
+3.108010000E-03,+252.283131624E-03,-39.690640292E-03,-86.565639782E-03
+3.108015000E-03,+266.326787252E-03,-41.339509596E-03,-85.593906120E-03
+3.108020000E-03,+283.531560927E-03,-40.632851324E-03,-84.965137288E-03
+3.108025000E-03,+297.834324597E-03,-39.926193031E-03,-84.103328245E-03
+3.108030000E-03,+313.639914851E-03,-41.182474438E-03,-83.448177502E-03
+3.108035000E-03,+328.564537805E-03,-40.475816159E-03,-82.428077009E-03
+3.108040000E-03,+343.281874370E-03,-40.554333743E-03,-81.790514204E-03
+3.108045000E-03,+358.465605310E-03,-40.554333741E-03,-80.831971499E-03
+3.108050000E-03,+372.094688135E-03,-41.182474431E-03,-80.014132315E-03
+3.108055000E-03,+387.019311060E-03,-41.025439252E-03,-79.169911216E-03
+3.108060000E-03,+401.736647590E-03,-40.789886484E-03,-78.259735348E-03
+3.108065000E-03,+416.557627345E-03,-39.690640283E-03,-77.490262989E-03
+3.108070000E-03,+431.585893502E-03,-41.260992000E-03,-76.395413759E-03
+3.108075000E-03,+444.800403404E-03,-41.810615128E-03,-75.524810751E-03
+3.108080000E-03,+459.517739934E-03,-40.240263386E-03,-74.517901218E-03
+3.108085000E-03,+473.146822724E-03,-41.260992006E-03,-73.656092180E-03
+3.108090000E-03,+487.138656730E-03,-40.240263402E-03,-72.649182646E-03
+3.108095000E-03,+501.752350028E-03,-41.810615123E-03,-71.739006771E-03
+3.108100000E-03,+515.070503178E-03,-40.318780980E-03,-70.877197739E-03
+3.108105000E-03,+529.114158796E-03,-41.967650307E-03,-69.826318352E-03
+3.108110000E-03,+542.691419989E-03,-40.946921651E-03,-68.955715346E-03
+3.108115000E-03,+556.475967557E-03,-41.653579965E-03,-67.786117369E-03
+3.108120000E-03,+569.949585509E-03,-41.182474426E-03,-66.985866121E-03
+3.108125000E-03,+584.355992392E-03,-41.260992032E-03,-65.715137495E-03
+3.108130000E-03,+597.829610314E-03,-41.103956834E-03,-64.857725439E-03
+3.108135000E-03,+611.510514697E-03,-40.554333770E-03,-63.696921433E-03
+3.108140000E-03,+624.776846235E-03,-40.004710646E-03,-62.716393805E-03
+3.108145000E-03,+637.784069702E-03,-40.868404080E-03,-61.581971710E-03
+3.108150000E-03,+651.413152450E-03,-41.103956870E-03,-60.513504383E-03
+3.108155000E-03,+662.606619691E-03,-40.868404092E-03,-59.383479267E-03
+3.108160000E-03,+675.147448705E-03,-40.632851336E-03,-58.402951645E-03
+3.108165000E-03,+687.740099348E-03,-41.575062397E-03,-57.409233056E-03
+3.108170000E-03,+699.659069036E-03,-40.946921677E-03,-56.169283324E-03
+3.108175000E-03,+713.029043764E-03,-40.868404092E-03,-55.096419009E-03
+3.108180000E-03,+724.067046160E-03,-40.475816157E-03,-53.922424054E-03
+3.108185000E-03,+736.452410377E-03,-41.418027199E-03,-52.651695418E-03
+3.108190000E-03,+748.993239368E-03,-40.397298572E-03,-51.539258250E-03
+3.108195000E-03,+759.979420164E-03,-41.418027202E-03,-50.259735646E-03
+3.108200000E-03,+772.520249174E-03,-41.182474450E-03,-49.204459281E-03
+3.108205000E-03,+783.350965135E-03,-41.025439262E-03,-47.938127629E-03
+3.108210000E-03,+794.492610740E-03,-40.711368908E-03,-46.812499509E-03
+3.108215000E-03,+806.152472436E-03,-40.711368903E-03,-45.612122629E-03
+3.108220000E-03,+816.568615547E-03,-40.789886483E-03,-44.433730687E-03
+3.108225000E-03,+827.917547570E-03,-41.182474419E-03,-43.281720645E-03
+3.108230000E-03,+838.748263535E-03,-41.260992008E-03,-41.936243278E-03
+3.108235000E-03,+848.335260916E-03,-40.868404097E-03,-40.793027205E-03
+3.108240000E-03,+858.440474400E-03,-40.946921667E-03,-39.465137776E-03
+3.108245000E-03,+869.737584815E-03,-40.868404075E-03,-38.361494567E-03
+3.108250000E-03,+880.982873646E-03,-39.533605087E-03,-36.822549867E-03
+3.108255000E-03,+890.880800684E-03,-42.046167864E-03,-35.868404141E-03
+3.108260000E-03,+900.623262873E-03,-40.397298565E-03,-34.426193109E-03
+3.108265000E-03,+910.676654691E-03,-42.517273394E-03,-33.252198139E-03
+3.108270000E-03,+919.123576752E-03,-40.946921682E-03,-31.990263485E-03
+3.108275000E-03,+929.125146952E-03,-41.575062376E-03,-30.605213245E-03
+3.108280000E-03,+937.572069020E-03,-42.281720648E-03,-29.501570043E-03
+3.108285000E-03,+946.899958380E-03,-41.732097545E-03,-28.019786136E-03
+3.108290000E-03,+955.813274861E-03,-40.789886520E-03,-26.968906754E-03
+3.108295000E-03,+963.949267244E-03,-40.004710667E-03,-25.333228378E-03
+3.108300000E-03,+973.069870155E-03,-42.046167871E-03,-24.396670601E-03
+3.108305000E-03,+981.620435385E-03,-41.810615098E-03,-22.668655543E-03
+3.108310000E-03,+989.186390063E-03,-41.182474433E-03,-21.714509823E-03
+3.108315000E-03,+997.218739228E-03,-41.260992000E-03,-20.127198284E-03
+3.108320000E-03,+1.005147445173E+00,-41.182474448E-03,-19.102700808E-03
+3.108325000E-03,+1.013076151132E+00,-41.575062346E-03,-17.532977205E-03
+3.108330000E-03,+1.020590284233E+00,-42.046167881E-03,-16.442524955E-03
+3.108335000E-03,+1.027119806782E+00,-40.397298577E-03,-15.009107883E-03
+3.108340000E-03,+1.034893047881E+00,-40.711368918E-03,-13.879082773E-03
+3.108345000E-03,+1.042510824160E+00,-40.946921669E-03,-12.467650626E-03
+3.108350000E-03,+1.048729417095E+00,-42.360238252E-03,-11.372801394E-03
+3.108355000E-03,+1.055103474810E+00,-41.810615153E-03,-9.785489849E-03
+3.108360000E-03,+1.061632997340E+00,-41.103956861E-03,-8.734610466E-03
+3.108365000E-03,+1.068421627935E+00,-42.517273419E-03,-7.090138121E-03
+3.108370000E-03,+1.074692042426E+00,-41.653579971E-03,-6.061243664E-03
+3.108375000E-03,+1.080496062466E+00,-41.260992033E-03,-4.399183373E-03
+3.108380000E-03,+1.085730044830E+00,-42.438755817E-03,-3.642901979E-03
+3.108385000E-03,+1.091689529716E+00,-41.025439257E-03,-1.844535158E-03
+3.108390000E-03,+1.097752657758E+00,-41.575062353E-03,-1.061871856E-03
+3.108395000E-03,+1.102623888897E+00,-41.260992023E-03,+820.037676E-06
+3.108400000E-03,+1.107598763219E+00,-39.926193086E-03,+1.585113040E-03
+3.108405000E-03,+1.113454604838E+00,+141.527946391E-03,+3.453831618E-03
+3.108410000E-03,+1.115890220403E+00,+2.463371513504E+00,+4.315640650E-03
+3.108415000E-03,+1.120502343478E+00,+2.552724532961E+00,+5.929334102E-03
+3.108420000E-03,+1.124440785652E+00,+2.552724532961E+00,+6.980213483E-03
+3.108425000E-03,+1.128949265473E+00,+2.552724532961E+00,+8.343278799E-03
+3.108430000E-03,+1.132214026775E+00,+2.552724532961E+00,+9.732726018E-03
+3.108435000E-03,+1.134908750333E+00,+2.552724532961E+00,+10.849560182E-03
+3.108440000E-03,+1.139469051816E+00,+2.552724532961E+00,+12.331344082E-03
+3.108445000E-03,+1.141593737718E+00,+2.552724532961E+00,+13.456972213E-03
+3.108450000E-03,+1.144651212568E+00,+2.552724532961E+00,+14.991519930E-03
+3.108455000E-03,+1.148693297926E+00,+2.552724532961E+00,+16.046796305E-03
+3.108460000E-03,+1.150040659755E+00,+2.552724532961E+00,+17.550565130E-03
+3.108465000E-03,+1.152994491382E+00,+2.552724532961E+00,+18.645414369E-03
+3.108470000E-03,+1.155119177266E+00,+2.552724532961E+00,+19.999685709E-03
+3.108475000E-03,+1.157658436031E+00,+2.552724532961E+00,+21.331972127E-03
+3.108480000E-03,+1.158798511399E+00,+2.552724532961E+00,+22.532348996E-03
+3.108485000E-03,+1.160301338046E+00,+2.552724532961E+00,+23.956972098E-03
+3.108490000E-03,+1.162374202309E+00,+2.552724532961E+00,+25.034233393E-03
+3.108495000E-03,+1.162529667162E+00,+2.552724532961E+00,+26.502826342E-03
+3.108500000E-03,+1.163410634486E+00,+2.552724532961E+00,+27.505338897E-03
+3.108505000E-03,+1.164861639490E+00,+2.552724532961E+00,+29.053077570E-03
+3.108510000E-03,+1.165638963592E+00,+2.552724532961E+00,+29.980841383E-03
+3.108515000E-03,+1.166053536454E+00,+2.552724532961E+00,+31.568152921E-03
+3.108520000E-03,+1.166830860573E+00,+2.552724532961E+00,+32.377198141E-03
+3.108525000E-03,+1.165224390757E+00,+2.552724532961E+00,+33.938127769E-03
+3.108530000E-03,+1.165587142013E+00,+2.552724532961E+00,+34.892273492E-03
+3.108535000E-03,+1.164395245037E+00,+2.552724532961E+00,+36.435615178E-03
+3.108540000E-03,+1.164291601799E+00,+2.552724532961E+00,+37.253454372E-03
+3.108545000E-03,+1.163928850568E+00,+2.552724532961E+00,+38.788002090E-03
+3.108550000E-03,+1.163566099302E+00,+2.552724532961E+00,+39.777323692E-03
+3.108555000E-03,+1.160819554123E+00,+2.552724532961E+00,+41.223931711E-03
+3.108560000E-03,+1.160042230001E+00,+2.552724532961E+00,+42.072549795E-03
+3.108565000E-03,+1.158591224992E+00,+2.552724532961E+00,+43.523554803E-03
+3.108570000E-03,+1.156362895893E+00,+2.552724532961E+00,+44.301821131E-03
+3.108575000E-03,+1.154445496402E+00,+2.552724532961E+00,+45.827574880E-03
+3.108580000E-03,+1.153357242647E+00,+2.552724532961E+00,+46.663002007E-03
+3.108585000E-03,+1.148952406000E+00,+2.552724532961E+00,+48.078831135E-03
+3.108590000E-03,+1.147138649718E+00,+2.552724532961E+00,+48.945037161E-03
+3.108595000E-03,+1.144184818127E+00,+2.552724532961E+00,+50.290514531E-03
+3.108600000E-03,+1.141541916135E+00,+2.552724532961E+00,+51.143529597E-03
+3.108605000E-03,+1.137188901115E+00,+2.552724532961E+00,+52.423052196E-03
+3.108610000E-03,+1.134079604669E+00,+2.552724532961E+00,+53.311243144E-03
+3.108615000E-03,+1.130089340904E+00,+2.552724532961E+00,+54.555589861E-03
+3.108620000E-03,+1.127083687630E+00,+2.552724532961E+00,+55.478956687E-03
+3.108625000E-03,+1.122108813328E+00,+2.552724532961E+00,+56.543027029E-03
+3.108630000E-03,+1.118170371188E+00,+2.552724532961E+00,+57.567524505E-03
+3.108635000E-03,+1.113869177754E+00,+2.552724532961E+00,+58.504082283E-03
+3.108640000E-03,+1.109205233088E+00,+2.552724532961E+00,+59.563755638E-03
+3.108645000E-03,+1.103349391455E+00,+2.552724532961E+00,+60.548680250E-03
+3.108650000E-03,+1.097182620162E+00,+2.552724532961E+00,+61.551192806E-03
+3.108655000E-03,+1.092155924212E+00,+2.552724532961E+00,+62.474559627E-03
+3.108660000E-03,+1.087440157953E+00,+2.552724532961E+00,+63.485866150E-03
+3.108665000E-03,+1.082361640394E+00,+2.552724532961E+00,+64.457599808E-03
+3.108670000E-03,+1.076194869122E+00,+2.552724532961E+00,+65.486494268E-03
+3.108675000E-03,+1.070753600354E+00,+2.552724532961E+00,+66.330715365E-03
+3.108680000E-03,+1.064690472258E+00,+2.552724532961E+00,+67.306846007E-03
+3.108685000E-03,+1.058264592919E+00,+2.552724532961E+00,+68.217021874E-03
+3.108690000E-03,+1.051320497536E+00,+2.552724532961E+00,+69.109609814E-03
+3.108695000E-03,+1.044583688554E+00,+2.552724532961E+00,+70.010991708E-03
+3.108700000E-03,+1.037846879587E+00,+2.552724532961E+00,+70.899182655E-03
+3.108705000E-03,+1.030280924875E+00,+2.552724532961E+00,+71.787373595E-03
+3.108710000E-03,+1.022818613392E+00,+2.552724532961E+00,+72.508479122E-03
+3.108715000E-03,+1.015511766757E+00,+2.552724532961E+00,+73.484609759E-03
+3.108720000E-03,+1.007790347220E+00,+2.552724532961E+00,+74.240891163E-03
+3.108725000E-03,+999.913462915E-03,+2.552724532961E+00,+75.155464012E-03
+3.108730000E-03,+991.622005703E-03,+2.552724532961E+00,+75.828202705E-03
+3.108735000E-03,+982.553224417E-03,+2.552724532961E+00,+76.676820777E-03
+3.108740000E-03,+974.779983276E-03,+2.552724532961E+00,+77.393529321E-03
+3.108745000E-03,+965.503915549E-03,+2.552724532961E+00,+78.250941367E-03
+3.108750000E-03,+956.797885508E-03,+2.552724532961E+00,+78.818152420E-03
+3.108755000E-03,+949.076465956E-03,+2.552724532961E+00,+79.666770498E-03
+3.108760000E-03,+939.074895719E-03,+2.552724532961E+00,+80.172423763E-03
+3.108765000E-03,+930.679795310E-03,+2.552724532961E+00,+81.016644852E-03
+3.108770000E-03,+921.662835587E-03,+2.552724532961E+00,+81.517901134E-03
+3.108775000E-03,+913.008627167E-03,+2.552724532961E+00,+82.384107155E-03
+3.108780000E-03,+902.955235304E-03,+2.552724532961E+00,+82.832599613E-03
+3.108785000E-03,+892.539092218E-03,+2.552724532961E+00,+83.615262919E-03
+3.108790000E-03,+883.003916403E-03,+2.552724532961E+00,+84.098931260E-03
+3.108795000E-03,+871.810449234E-03,+2.552724532961E+00,+84.833227728E-03
+3.108800000E-03,+862.430738249E-03,+2.552724532961E+00,+85.325690037E-03
+3.108805000E-03,+852.895562488E-03,+2.552724532961E+00,+85.892901088E-03
+3.108810000E-03,+842.220311356E-03,+2.552724532961E+00,+86.394157363E-03
+3.108815000E-03,+830.871379304E-03,+2.552724532961E+00,+86.943780475E-03
+3.108820000E-03,+819.574268878E-03,+2.552724532961E+00,+87.484609611E-03
+3.108825000E-03,+807.448012751E-03,+2.552724532961E+00,+87.959483983E-03
+3.108830000E-03,+796.150902315E-03,+2.552724532961E+00,+88.495916134E-03
+3.108835000E-03,+785.320186326E-03,+2.552724532961E+00,+89.005966383E-03
+3.108840000E-03,+773.919432693E-03,+2.552724532961E+00,+89.401695020E-03
+3.108845000E-03,+763.088716713E-03,+2.552724532961E+00,+89.889760342E-03
+3.108850000E-03,+751.221568613E-03,+2.552724532961E+00,+90.285488979E-03
+3.108855000E-03,+739.250777280E-03,+2.552724532961E+00,+90.769157316E-03
+3.108860000E-03,+727.331807564E-03,+2.552724532961E+00,+91.050564350E-03
+3.108865000E-03,+715.723767486E-03,+2.552724532961E+00,+91.582599520E-03
+3.108870000E-03,+704.271192224E-03,+2.552724532961E+00,+91.943152279E-03
+3.108875000E-03,+691.004860735E-03,+2.552724532961E+00,+92.281720113E-03
+3.108880000E-03,+678.204923651E-03,+2.552724532961E+00,+92.655463829E-03
+3.108885000E-03,+665.353165007E-03,+2.552724532961E+00,+92.840137191E-03
+3.108890000E-03,+653.019622429E-03,+2.552724532961E+00,+93.297423624E-03
+3.108895000E-03,+639.390539678E-03,+2.552724532961E+00,+93.336996485E-03
+3.108900000E-03,+626.590602606E-03,+2.552724532961E+00,+93.838252763E-03
+3.108905000E-03,+614.205238405E-03,+2.552724532961E+00,+93.860237687E-03
+3.108910000E-03,+600.835263690E-03,+2.552724532961E+00,+94.392272858E-03
+3.108915000E-03,+587.931683438E-03,+2.552724532961E+00,+94.269157280E-03
+3.108920000E-03,+574.820816738E-03,+2.552724532961E+00,+94.686870844E-03
+3.108925000E-03,+562.176344504E-03,+2.552724532961E+00,+94.594534163E-03
+3.108930000E-03,+547.096256744E-03,+2.552724532961E+00,+95.051820588E-03
+3.108935000E-03,+534.037211638E-03,+2.552724532961E+00,+94.893529133E-03
+3.108940000E-03,+519.164410302E-03,+2.552724532961E+00,+95.262875864E-03
+3.108945000E-03,+505.742613947E-03,+2.552724532961E+00,+95.108981394E-03
+3.108950000E-03,+491.543493514E-03,+2.552724532961E+00,+95.504710033E-03
+3.108955000E-03,+478.121697187E-03,+2.552724532961E+00,+95.311242695E-03
+3.108960000E-03,+464.078041547E-03,+2.552724532961E+00,+95.676192444E-03
+3.108965000E-03,+449.153418586E-03,+2.552724532961E+00,+95.328830640E-03
+3.108970000E-03,+436.301659902E-03,+2.552724532961E+00,+95.834483895E-03
+3.108975000E-03,+420.806999311E-03,+2.552724532961E+00,+95.460740184E-03
+3.108980000E-03,+406.452414028E-03,+2.552724532961E+00,+95.834483892E-03
+3.108985000E-03,+392.875152837E-03,+2.552724532961E+00,+95.350815564E-03
+3.108990000E-03,+376.344060065E-03,+2.552724532961E+00,+95.781720074E-03
+3.108995000E-03,+361.626723540E-03,+2.552724532961E+00,+95.271669840E-03
+3.109000000E-03,+347.427603111E-03,+2.552724532961E+00,+95.495916056E-03
+3.109005000E-03,+332.606623366E-03,+2.552724532961E+00,+95.223303006E-03
+3.109010000E-03,+317.941108450E-03,+2.552724532961E+00,+95.232096969E-03
+3.109015000E-03,+302.083696579E-03,+2.552724532961E+00,+95.113378383E-03
+3.109020000E-03,+287.107252020E-03,+2.552724532961E+00,+94.845162296E-03
+3.109025000E-03,+273.219061207E-03,+2.552724532961E+00,+94.796795470E-03
+3.109030000E-03,+257.465292523E-03,+2.552724532961E+00,+94.374684918E-03
+3.109035000E-03,+241.918810260E-03,+2.552724532961E+00,+94.515388439E-03
+3.109040000E-03,+226.424149644E-03,+2.552724532961E+00,+93.970162310E-03
+3.109045000E-03,+210.307629722E-03,+2.552724532961E+00,+94.124056780E-03
+3.109050000E-03,+196.315795685E-03,+2.552724532961E+00,+93.666770355E-03
+3.109055000E-03,+181.494815954E-03,+2.552724532961E+00,+93.517272867E-03
+3.109060000E-03,+164.393685464E-03,+2.552724532961E+00,+93.222674883E-03
+3.109065000E-03,+147.914414335E-03,+2.552724532961E+00,+92.818152275E-03
+3.109070000E-03,+132.782504931E-03,+2.552724532961E+00,+92.633478910E-03
+3.109075000E-03,+117.339665878E-03,+2.552724532961E+00,+91.982725152E-03
+3.109080000E-03,+101.430432372E-03,+2.552724532961E+00,+91.995916099E-03
+3.109085000E-03,+86.453987813E-03,+2.552724532961E+00,+91.257222644E-03
+3.109090000E-03,+70.492932728E-03,+2.552724532961E+00,+91.345162335E-03
+3.109095000E-03,+55.153736903E-03,+2.552724532961E+00,+90.597674914E-03
+3.109100000E-03,+40.177292301E-03,+2.552724532961E+00,+90.474559330E-03
+3.109105000E-03,+23.490734713E-03,+2.552724532961E+00,+89.740262864E-03
+3.109110000E-03,+9.498900696E-03,+2.552724532961E+00,+89.502825671E-03
+3.109115000E-03,-4.959327812E-03,+2.552724532961E+00,+88.869659861E-03
+3.109120000E-03,-20.764918093E-03,+2.552724532961E+00,+88.601443773E-03
+3.109125000E-03,-35.223146592E-03,+2.552724532961E+00,+87.941896051E-03
+3.109130000E-03,-50.510520792E-03,+2.552724532961E+00,+87.497800569E-03
+3.109135000E-03,-66.937970350E-03,+2.552724532961E+00,+86.829458879E-03
+3.109140000E-03,-82.795382224E-03,+2.552724532961E+00,+86.416142289E-03
+3.109145000E-03,-97.720005184E-03,+2.552724532961E+00,+85.747800599E-03
+3.109150000E-03,-113.888346711E-03,+2.552724532961E+00,+85.330087024E-03
+3.109155000E-03,-129.745758613E-03,+2.552724532961E+00,+84.556217692E-03
+3.109160000E-03,-145.862278547E-03,+2.552724532961E+00,+84.235237788E-03
+3.109165000E-03,-160.683258284E-03,+2.552724532961E+00,+83.245916203E-03
+3.109170000E-03,-176.696134991E-03,+2.552724532961E+00,+82.999685041E-03
+3.109175000E-03,-192.138974038E-03,+2.552724532961E+00,+81.953202649E-03
+3.109180000E-03,-206.545380912E-03,+2.552724532961E+00,+81.698177515E-03
+3.109185000E-03,-221.832755122E-03,+2.552724532961E+00,+80.656092109E-03
+3.109190000E-03,-237.431058952E-03,+2.552724532961E+00,+80.269157432E-03
+3.109195000E-03,-253.858508556E-03,+2.552724532961E+00,+79.402951416E-03
+3.109200000E-03,-268.834953130E-03,+2.552724532961E+00,+78.752197652E-03
+3.109205000E-03,-283.396824806E-03,+2.552724532961E+00,+77.907976560E-03
+3.109210000E-03,-299.357879899E-03,+2.552724532961E+00,+77.261619780E-03
+3.109215000E-03,-315.733507868E-03,+2.552724532961E+00,+76.478956471E-03
+3.109220000E-03,-330.554487573E-03,+2.552724532961E+00,+75.718278090E-03
+3.109225000E-03,-344.753608064E-03,+2.552724532961E+00,+74.847675081E-03
+3.109230000E-03,-358.797263717E-03,+2.552724532961E+00,+74.223303230E-03
+3.109235000E-03,-374.654675574E-03,+2.552724532961E+00,+73.154835903E-03
+3.109240000E-03,-389.164725689E-03,+2.552724532961E+00,+72.574433905E-03
+3.109245000E-03,-403.674775772E-03,+2.552724532961E+00,+71.444408784E-03
+3.109250000E-03,-419.221258019E-03,+2.552724532961E+00,+70.811242969E-03
+3.109255000E-03,-433.161270462E-03,+2.552724532961E+00,+69.571293228E-03
+3.109260000E-03,-449.381433599E-03,+2.552724532961E+00,+69.114006805E-03
+3.109265000E-03,-463.891483692E-03,+2.552724532961E+00,+67.790514354E-03
+3.109270000E-03,-477.779674481E-03,+2.552724532961E+00,+67.276067127E-03
+3.109275000E-03,-492.393367807E-03,+2.552724532961E+00,+65.930589751E-03
+3.109280000E-03,-506.592488271E-03,+2.552724532961E+00,+65.363378702E-03
+3.109285000E-03,-520.687965458E-03,+2.552724532961E+00,+64.119031980E-03
+3.109290000E-03,-533.643367384E-03,+2.552724532961E+00,+63.411117416E-03
+3.109295000E-03,-547.116985313E-03,+2.552724532961E+00,+62.184358635E-03
+3.109300000E-03,-561.471570578E-03,+2.552724532961E+00,+61.353328496E-03
+3.109305000E-03,-574.686080499E-03,+2.552724532961E+00,+60.249685291E-03
+3.109310000E-03,-588.729736108E-03,+2.552724532961E+00,+59.365891331E-03
+3.109315000E-03,-600.855992283E-03,+2.552724532961E+00,+58.323805914E-03
+3.109320000E-03,-615.262399160E-03,+2.552724532961E+00,+57.286117483E-03
+3.109325000E-03,-628.787838675E-03,+2.552724532961E+00,+56.266016989E-03
+3.109330000E-03,-641.276846104E-03,+2.552724532961E+00,+55.228328562E-03
+3.109335000E-03,-655.320501729E-03,+2.552724532961E+00,+54.159861234E-03
+3.109340000E-03,-667.498579498E-03,+2.552724532961E+00,+53.038630094E-03
+3.109345000E-03,-679.417549226E-03,+2.552724532961E+00,+52.053705479E-03
+3.109350000E-03,-691.440162161E-03,+2.552724532961E+00,+50.914886396E-03
+3.109355000E-03,-704.706493670E-03,+2.552724532961E+00,+49.987122586E-03
+3.109360000E-03,-717.817360357E-03,+2.552724532961E+00,+48.764760791E-03
+3.109365000E-03,-729.839973326E-03,+2.552724532961E+00,+47.806218090E-03
+3.109370000E-03,-742.328980721E-03,+2.552724532961E+00,+46.429961819E-03
+3.109375000E-03,-754.040663987E-03,+2.552724532961E+00,+45.572549773E-03
+3.109380000E-03,-766.063276950E-03,+2.552724532961E+00,+44.103956821E-03
+3.109385000E-03,-778.811392373E-03,+2.552724532961E+00,+43.277323669E-03
+3.109390000E-03,-790.419432467E-03,+2.552724532961E+00,+41.707600062E-03
+3.109395000E-03,-801.509256443E-03,+2.552724532961E+00,+40.907348817E-03
+3.109400000E-03,-813.790977432E-03,+2.552724532961E+00,+39.416770943E-03
+3.109405000E-03,-824.466228572E-03,+2.552724532961E+00,+38.484610151E-03
+3.109410000E-03,-835.763339004E-03,+2.552724532961E+00,+37.130338805E-03
+3.109415000E-03,-846.542233387E-03,+2.552724532961E+00,+36.053077510E-03
+3.109420000E-03,-857.321127724E-03,+2.552724532961E+00,+34.672424260E-03
+3.109425000E-03,-867.529984403E-03,+2.552724532961E+00,+33.458856436E-03
+3.109430000E-03,-878.412521983E-03,+2.552724532961E+00,+32.320037351E-03
+3.109435000E-03,-889.865097229E-03,+2.552724532961E+00,+31.000941885E-03
+3.109440000E-03,-900.125775502E-03,+2.552724532961E+00,+29.884107725E-03
+3.109445000E-03,-910.904669863E-03,+2.552724532961E+00,+28.411117795E-03
+3.109450000E-03,-920.491667257E-03,+2.552724532961E+00,+27.527323832E-03
+3.109455000E-03,-930.804167148E-03,+2.552724532961E+00,+25.988379129E-03
+3.109460000E-03,-940.650272564E-03,+2.552724532961E+00,+24.937499741E-03
+3.109465000E-03,-950.289091567E-03,+2.552724532961E+00,+23.416142971E-03
+3.109470000E-03,-960.601591432E-03,+2.552724532961E+00,+22.418027406E-03
+3.109475000E-03,-968.841227071E-03,+2.552724532961E+00,+20.870288729E-03
+3.109480000E-03,-978.220938010E-03,+2.552724532961E+00,+19.880967132E-03
+3.109485000E-03,-987.237897688E-03,+2.552724532961E+00,+18.328831470E-03
+3.109490000E-03,-995.943927763E-03,+2.552724532961E+00,+17.304333993E-03
+3.109495000E-03,-1.004753601025E+00,+2.552724532961E+00,+15.818153103E-03
+3.109500000E-03,-1.012889593418E+00,+2.552724532961E+00,+14.679334027E-03
+3.109505000E-03,-1.021181050626E+00,+2.552724532961E+00,+13.210741071E-03
+3.109510000E-03,-1.030146188706E+00,+2.552724532961E+00,+12.120288827E-03
+3.109515000E-03,-1.038178537872E+00,+2.552724532961E+00,+10.594535072E-03
+3.109520000E-03,-1.046210887019E+00,+2.552724532961E+00,+9.473303929E-03
+3.109525000E-03,-1.053414090453E+00,+2.552724532961E+00,+8.075062735E-03
+3.109530000E-03,-1.061290974795E+00,+2.552724532961E+00,+6.927449685E-03
+3.109535000E-03,-1.068545999872E+00,+2.552724532961E+00,+5.467650700E-03
+3.109540000E-03,-1.075023700792E+00,+2.552724532961E+00,+4.298052728E-03
+3.109545000E-03,-1.082486012249E+00,+2.552724532961E+00,+2.908605506E-03
+3.109550000E-03,-1.088704605159E+00,+2.552724532961E+00,+1.620288938E-03
+3.109555000E-03,-1.095337770921E+00,+2.552724532961E+00,+393.530154E-06
+3.109560000E-03,-1.101815471862E+00,+2.552724532961E+00,-965.138172E-06
+3.109565000E-03,-1.107671313532E+00,+2.552724532961E+00,-2.174309015E-03
+3.109570000E-03,-1.114770873726E+00,+2.552724532961E+00,-3.563756236E-03
+3.109575000E-03,-1.119590283247E+00,+2.552724532961E+00,-4.830087879E-03
+3.109580000E-03,-1.126067984160E+00,+2.552724532961E+00,-6.096419526E-03
+3.109585000E-03,-1.130680107253E+00,+2.552724532961E+00,-7.516645642E-03
+3.109590000E-03,-1.135965911244E+00,+2.552724532961E+00,-8.695037586E-03
+3.109595000E-03,-1.140318926252E+00,+2.552724532961E+00,-10.299937068E-03
+3.109600000E-03,-1.144723762884E+00,+2.552724532961E+00,-11.232097859E-03
+3.109605000E-03,-1.150786890937E+00,+2.552724532961E+00,-12.982097841E-03
+3.109610000E-03,-1.154880797967E+00,+2.324473915020E+00,-13.786746076E-03
+3.109615000E-03,-1.158871061723E+00,+57.514140827E-03,-15.585112888E-03
+3.109620000E-03,-1.162809503882E+00,-171.992774495E-03,-16.279836500E-03
+3.109625000E-03,-1.166281551600E+00,-129.200690848E-03,-18.447550040E-03
+3.109630000E-03,-1.170323636965E+00,+211.644155088E-03,-18.759735971E-03
+3.109635000E-03,-1.174624830421E+00,-44.323176310E-03,-20.914258561E-03
+3.109640000E-03,-1.177215910788E+00,-70.548052127E-03,-21.411117856E-03
+3.109645000E-03,-1.180947066550E+00,-102.818780131E-03,-23.583228381E-03
+3.109650000E-03,-1.184367292624E+00,-29.483354575E-03,-24.181218324E-03
+3.109655000E-03,-1.186129227297E+00,-45.186871022E-03,-26.089509760E-03
+3.109660000E-03,-1.189497631755E+00,-49.583856333E-03,-26.815012268E-03
+3.109665000E-03,-1.191207744828E+00,-57.749685241E-03,-28.573806222E-03
+3.109670000E-03,-1.193487895543E+00,-53.195665428E-03,-29.444409222E-03
+3.109675000E-03,-1.194783435721E+00,-49.740891395E-03,-31.044911717E-03
+3.109680000E-03,-1.196286262368E+00,-51.546795966E-03,-32.086997135E-03
+3.109685000E-03,-1.196959943270E+00,-50.683102433E-03,-33.432474514E-03
+3.109690000E-03,-1.199084629194E+00,-50.918655255E-03,-34.606469466E-03
+3.109695000E-03,-1.198514591460E+00,-47.934986952E-03,-36.088253376E-03
+3.109700000E-03,-1.200172882916E+00,-48.249057297E-03,-37.187499589E-03
+3.109705000E-03,-1.201623887916E+00,-47.071293441E-03,-38.585740786E-03
+3.109710000E-03,-1.201623887932E+00,-46.757223114E-03,-39.706971923E-03
+3.109715000E-03,-1.201882995975E+00,-48.798680385E-03,-40.990891517E-03
+3.109720000E-03,-1.202297568830E+00,-48.563127606E-03,-42.248429186E-03
+3.109725000E-03,-1.203385822585E+00,-48.406092429E-03,-43.343278425E-03
+3.109730000E-03,-1.201986639178E+00,-48.563127567E-03,-44.565640222E-03
+3.109735000E-03,-1.201312958297E+00,-49.426821075E-03,-45.647298499E-03
+3.109740000E-03,-1.199965596498E+00,-46.914258284E-03,-47.089509536E-03
+3.109745000E-03,-1.199654666876E+00,-48.720162784E-03,-47.929333651E-03
+3.109750000E-03,-1.198048197018E+00,-45.736494503E-03,-49.507851221E-03
+3.109755000E-03,-1.197581802544E+00,-47.385363803E-03,-50.290514527E-03
+3.109760000E-03,-1.196078975915E+00,-46.521670370E-03,-51.913001946E-03
+3.109765000E-03,-1.194576149305E+00,-47.385363821E-03,-52.704459227E-03
+3.109770000E-03,-1.191207744878E+00,-47.385363836E-03,-54.208228051E-03
+3.109775000E-03,-1.190067669447E+00,-48.013504500E-03,-55.034861211E-03
+3.109780000E-03,-1.187165659480E+00,-46.600187940E-03,-56.349559689E-03
+3.109785000E-03,-1.185818297642E+00,-46.443152740E-03,-57.299308425E-03
+3.109790000E-03,-1.182449893184E+00,-46.443152773E-03,-58.508479265E-03
+3.109795000E-03,-1.179806991181E+00,-45.186871343E-03,-59.502197845E-03
+3.109800000E-03,-1.176956802786E+00,-46.835740701E-03,-60.619032013E-03
+3.109805000E-03,-1.173847506316E+00,-45.893529594E-03,-61.727072193E-03
+3.109810000E-03,-1.170271815414E+00,-46.521670323E-03,-62.755966660E-03
+3.109815000E-03,-1.166229730054E+00,-45.972047272E-03,-63.916770660E-03
+3.109820000E-03,-1.162498574310E+00,-46.600187878E-03,-64.932474174E-03
+3.109825000E-03,-1.158767418564E+00,-45.579459271E-03,-66.075690236E-03
+3.109830000E-03,-1.154984441217E+00,-44.637248262E-03,-66.972675161E-03
+3.109835000E-03,-1.150527782986E+00,-47.934986920E-03,-67.961996751E-03
+3.109840000E-03,-1.146537519202E+00,-45.422424137E-03,-69.087624886E-03
+3.109845000E-03,-1.142132682564E+00,-47.385363789E-03,-70.019785669E-03
+3.109850000E-03,-1.137157808255E+00,-45.343906550E-03,-71.035489185E-03
+3.109855000E-03,-1.131250145006E+00,-44.872801001E-03,-71.936871081E-03
+3.109860000E-03,-1.126793486765E+00,-43.852072398E-03,-72.965765543E-03
+3.109865000E-03,-1.119953034582E+00,-44.244660341E-03,-73.933102216E-03
+3.109870000E-03,-1.115289089879E+00,-43.145414085E-03,-74.733353463E-03
+3.109875000E-03,-1.107464027176E+00,-44.637248299E-03,-75.775438881E-03
+3.109880000E-03,-1.102644617660E+00,-43.459484437E-03,-76.536117263E-03
+3.109885000E-03,-1.096218738337E+00,-44.794283451E-03,-77.679333331E-03
+3.109890000E-03,-1.089844680626E+00,-44.009107521E-03,-78.268529309E-03
+3.109895000E-03,-1.083159693273E+00,-44.166142725E-03,-79.446921253E-03
+3.109900000E-03,-1.076941100374E+00,-43.930589952E-03,-80.014132303E-03
+3.109905000E-03,-1.070877972296E+00,-43.852072365E-03,-81.170539327E-03
+3.109910000E-03,-1.063208374410E+00,-44.087625149E-03,-81.790514194E-03
+3.109915000E-03,-1.056108814153E+00,-44.401695471E-03,-82.793026744E-03
+3.109920000E-03,-1.047921000190E+00,-44.087625156E-03,-83.492147338E-03
+3.109925000E-03,-1.040044115835E+00,-43.930589985E-03,-84.331971450E-03
+3.109930000E-03,-1.031856301877E+00,-41.889132758E-03,-85.163001594E-03
+3.109935000E-03,-1.023461201453E+00,-43.223931702E-03,-85.888504102E-03
+3.109940000E-03,-1.015791603545E+00,-43.538002028E-03,-86.671167407E-03
+3.109945000E-03,-1.006619179035E+00,-42.438755827E-03,-87.361494037E-03
+3.109950000E-03,-997.964970582E-03,-43.302449322E-03,-88.117775429E-03
+3.109955000E-03,-989.051654058E-03,-43.930589967E-03,-88.834483968E-03
+3.109960000E-03,-979.723764750E-03,-42.517273414E-03,-89.524810592E-03
+3.109965000E-03,-970.292232171E-03,-42.281720623E-03,-90.241519131E-03
+3.109970000E-03,-960.601591615E-03,-41.967650297E-03,-90.755966358E-03
+3.109975000E-03,-951.636453479E-03,-41.418027157E-03,-91.595790469E-03
+3.109980000E-03,-942.723137023E-03,-42.281720664E-03,-92.070664839E-03
+3.109985000E-03,-932.980674779E-03,-43.302449244E-03,-92.760991467E-03
+3.109990000E-03,-921.787207565E-03,-42.752826202E-03,-93.213880911E-03
+3.109995000E-03,-910.697383578E-03,-42.517273455E-03,-93.921795472E-03
+3.110000000E-03,-900.592170121E-03,-42.674308603E-03,-94.392272857E-03
+3.110005000E-03,-889.709632551E-03,-41.967650293E-03,-95.012247717E-03
+3.110010000E-03,-879.189846215E-03,-41.575062395E-03,-95.526694957E-03
+3.110015000E-03,-868.980989545E-03,-41.339509585E-03,-95.992775346E-03
+3.110020000E-03,-858.720311266E-03,-42.046167888E-03,-96.652323085E-03
+3.110025000E-03,-847.837773666E-03,-42.046167895E-03,-96.938127100E-03
+3.110030000E-03,-837.214344182E-03,-40.946921680E-03,-97.672423574E-03
+3.110035000E-03,-825.295374463E-03,-41.967650316E-03,-97.993403471E-03
+3.110040000E-03,-813.790977581E-03,-41.967650274E-03,-98.595790399E-03
+3.110045000E-03,-802.649331997E-03,-42.360238221E-03,-98.850815520E-03
+3.110050000E-03,-790.367611021E-03,-41.103956865E-03,-99.360865768E-03
+3.110055000E-03,-777.774960397E-03,-40.475816149E-03,-99.787373301E-03
+3.110060000E-03,-766.011455448E-03,-42.124685406E-03,-100.161117015E-03
+3.110065000E-03,-753.626091331E-03,-41.418027187E-03,-100.627197417E-03
+3.110070000E-03,-741.292548735E-03,-43.695037220E-03,-100.737122033E-03
+3.110075000E-03,-729.839973483E-03,-41.339509585E-03,-101.273554190E-03
+3.110080000E-03,-717.454609274E-03,-41.182474471E-03,-101.427448661E-03
+3.110085000E-03,-704.551029043E-03,-41.496544793E-03,-101.968277799E-03
+3.110090000E-03,-692.528416072E-03,-40.004710638E-03,-101.919910967E-03
+3.110095000E-03,-678.018365991E-03,-40.475816165E-03,-102.526694883E-03
+3.110100000E-03,-666.099396270E-03,-41.496544763E-03,-102.495915985E-03
+3.110105000E-03,-652.677599939E-03,-40.318780964E-03,-102.966393372E-03
+3.110110000E-03,-639.566733255E-03,-41.103956865E-03,-103.041142110E-03
+3.110115000E-03,-625.367612812E-03,-41.260991982E-03,-103.322549149E-03
+3.110120000E-03,-612.308567690E-03,-40.868404120E-03,-103.388503917E-03
+3.110125000E-03,-599.042236179E-03,-40.318780956E-03,-103.678704920E-03
+3.110130000E-03,-585.050402186E-03,-40.554333744E-03,-103.696292855E-03
+3.110135000E-03,-571.628605855E-03,-40.397298570E-03,-103.894157183E-03
+3.110140000E-03,-557.740415006E-03,-41.418027164E-03,-104.008478780E-03
+3.110145000E-03,-543.852224256E-03,-41.103956835E-03,-104.157976275E-03
+3.110150000E-03,-531.207751969E-03,-40.475816153E-03,-104.096418477E-03
+3.110155000E-03,-516.231307469E-03,-42.124685509E-03,-104.320664718E-03
+3.110160000E-03,-502.809511082E-03,-39.455087521E-03,-104.303076764E-03
+3.110165000E-03,-487.418493703E-03,-41.025439259E-03,-104.417398383E-03
+3.110170000E-03,-472.182941115E-03,-40.946921703E-03,-104.285488831E-03
+3.110175000E-03,-458.191107051E-03,-41.103956889E-03,-104.413001398E-03
+3.110180000E-03,-442.903732848E-03,-40.161745793E-03,-104.267900891E-03
+3.110185000E-03,-427.668180255E-03,-42.203203038E-03,-104.338252655E-03
+3.110190000E-03,-413.158130121E-03,-41.103956827E-03,-104.241518979E-03
+3.110195000E-03,-398.337150419E-03,-40.083228249E-03,-104.281091851E-03
+3.110200000E-03,-384.241673159E-03,-40.475816142E-03,-104.127197374E-03
+3.110205000E-03,-367.814223605E-03,-40.554333717E-03,-104.061242609E-03
+3.110210000E-03,-353.666924790E-03,-40.789886439E-03,-103.731468735E-03
+3.110215000E-03,-337.394940032E-03,-40.946921645E-03,-103.858981305E-03
+3.110220000E-03,-322.625781896E-03,-41.103956815E-03,-103.480840600E-03
+3.110225000E-03,-307.752980494E-03,-40.083228214E-03,-103.586368243E-03
+3.110230000E-03,-292.465606312E-03,-39.926193032E-03,-103.102699900E-03
+3.110235000E-03,-277.385518580E-03,-39.376569985E-03,-103.256594378E-03
+3.110240000E-03,-262.098144351E-03,-38.669911654E-03,-102.724559202E-03
+3.110245000E-03,-246.292554087E-03,-40.161745766E-03,-102.856468752E-03
+3.110250000E-03,-230.746071800E-03,-39.141017165E-03,-102.130966241E-03
+3.110255000E-03,-214.214979015E-03,-40.868404034E-03,-102.293654690E-03
+3.110260000E-03,-200.171323373E-03,-39.455087580E-03,-101.669282831E-03
+3.110265000E-03,-185.091235611E-03,-40.475816145E-03,-101.629709971E-03
+3.110270000E-03,-169.182002142E-03,-39.926193103E-03,-101.009735099E-03
+3.110275000E-03,-154.620130415E-03,-40.240263380E-03,-100.917398421E-03
+3.110280000E-03,-139.021826578E-03,-39.847675457E-03,-100.424936110E-03
+3.110285000E-03,-122.076160951E-03,-40.632851304E-03,-100.257850686E-03
+3.110290000E-03,-106.944251529E-03,-39.769157850E-03,-99.739006467E-03
+3.110295000E-03,-92.123271759E-03,-40.554333752E-03,-99.365262755E-03
+3.110300000E-03,-76.835897596E-03,-40.711368879E-03,-98.991519038E-03
+3.110305000E-03,-61.030307311E-03,-41.653579932E-03,-98.415514032E-03
+3.110310000E-03,-46.986651672E-03,-38.512876484E-03,-98.085740150E-03
+3.110315000E-03,-31.491991026E-03,-40.318780975E-03,-97.474559270E-03
+3.110320000E-03,-17.033762553E-03,-39.690640298E-03,-97.188755236E-03
+3.110325000E-03,-709.956159E-06,-40.083228222E-03,-96.559986415E-03
+3.110330000E-03,+15.251098918E-03,-40.475816129E-03,-96.129081882E-03
+3.110335000E-03,+31.419440411E-03,-39.690640310E-03,-95.614634659E-03
+3.110340000E-03,+47.017744295E-03,-39.455087537E-03,-95.021041694E-03
+3.110345000E-03,+62.305118506E-03,-41.182474413E-03,-94.484609548E-03
+3.110350000E-03,+77.333384668E-03,-39.219534740E-03,-93.913001510E-03
+3.110355000E-03,+93.242618196E-03,-40.083228162E-03,-93.328202526E-03
+3.110360000E-03,+109.307316521E-03,-40.318780979E-03,-92.752197503E-03
+3.110365000E-03,+123.869188216E-03,-39.769157886E-03,-92.101443745E-03
+3.110370000E-03,+139.985708107E-03,-41.889132766E-03,-91.419911087E-03
+3.110375000E-03,+155.635833589E-03,-41.103956866E-03,-90.874684960E-03
+3.110380000E-03,+171.648710317E-03,-40.083228194E-03,-90.157976424E-03
+3.110385000E-03,+186.417868448E-03,-40.711368927E-03,-89.436870904E-03
+3.110390000E-03,+202.430745105E-03,-40.004710667E-03,-88.904835737E-03
+3.110395000E-03,+217.251724917E-03,-40.946921672E-03,-88.043026700E-03
+3.110400000E-03,+232.435455908E-03,-39.690640327E-03,-87.471418668E-03
+3.110405000E-03,+247.981938156E-03,-40.554333712E-03,-86.732725208E-03
+3.110410000E-03,+262.958382695E-03,-40.240263384E-03,-86.011619691E-03
+3.110415000E-03,+278.608508142E-03,-40.789886486E-03,-85.290514168E-03
+3.110420000E-03,+293.429487931E-03,-40.711368870E-03,-84.323177495E-03
+3.110425000E-03,+308.975970160E-03,-40.711368886E-03,-83.729584536E-03
+3.110430000E-03,+324.056057960E-03,-39.769157914E-03,-82.639132289E-03
+3.110435000E-03,+338.980680875E-03,-40.946921656E-03,-82.190639829E-03
+3.110440000E-03,+352.506120480E-03,-39.612122716E-03,-80.845162463E-03
+3.110445000E-03,+367.897137860E-03,-40.946921660E-03,-80.598931299E-03
+3.110450000E-03,+381.785328679E-03,-39.219534752E-03,-79.103956452E-03
+3.110455000E-03,+396.450843587E-03,-39.769157878E-03,-78.818152423E-03
+3.110460000E-03,+411.841861018E-03,-39.847675420E-03,-77.393529337E-03
+3.110465000E-03,+427.647451255E-03,-40.004710594E-03,-77.050564499E-03
+3.110470000E-03,+441.328355666E-03,-40.397298542E-03,-75.568780609E-03
+3.110475000E-03,+454.801973628E-03,-40.946921672E-03,-75.093906231E-03
+3.110480000E-03,+469.467488557E-03,-40.632851344E-03,-73.818780627E-03
+3.110485000E-03,+484.081181841E-03,-41.575062344E-03,-73.146041937E-03
+3.110490000E-03,+498.176659107E-03,-39.298052339E-03,-71.901695218E-03
+3.110495000E-03,+513.723141317E-03,-39.847675473E-03,-71.198177634E-03
+3.110500000E-03,+526.834008021E-03,-40.004710623E-03,-70.090137445E-03
+3.110505000E-03,+540.359447596E-03,-40.083228251E-03,-69.325062080E-03
+3.110510000E-03,+554.195816800E-03,-40.318780988E-03,-68.036745511E-03
+3.110515000E-03,+567.462148300E-03,-39.690640295E-03,-67.346418885E-03
+3.110520000E-03,+581.091231069E-03,-41.260992041E-03,-65.974559596E-03
+3.110525000E-03,+595.393994710E-03,-40.240263363E-03,-65.271042030E-03
+3.110530000E-03,+606.794748392E-03,-40.632851295E-03,-63.811243043E-03
+3.110535000E-03,+621.512084899E-03,-41.025439272E-03,-63.244031996E-03
+3.110540000E-03,+634.415665138E-03,-39.219534818E-03,-61.643529499E-03
+3.110545000E-03,+647.319245451E-03,-40.004710627E-03,-61.014760664E-03
+3.110550000E-03,+659.652788002E-03,-39.926193065E-03,-59.581343591E-03
+3.110555000E-03,+671.882687390E-03,-41.339509599E-03,-58.908604907E-03
+3.110560000E-03,+683.542549041E-03,-40.161745793E-03,-57.400439095E-03
+3.110565000E-03,+697.067988592E-03,-41.339509620E-03,-56.604584829E-03
+3.110570000E-03,+708.779671911E-03,-40.868404043E-03,-55.259107458E-03
+3.110575000E-03,+720.387711988E-03,-40.475816187E-03,-54.309358725E-03
+3.110580000E-03,+732.617611357E-03,-39.769157845E-03,-53.012248187E-03
+3.110585000E-03,+744.743867511E-03,-40.789886519E-03,-51.992147693E-03
+3.110590000E-03,+756.973766914E-03,-40.004710656E-03,-50.554333642E-03
+3.110595000E-03,+768.737271777E-03,-41.025439335E-03,-49.608981890E-03
+3.110600000E-03,+780.397133483E-03,-40.868404085E-03,-48.281092461E-03
+3.110605000E-03,+791.797887144E-03,-40.632851319E-03,-47.313755784E-03
+3.110610000E-03,+802.317673438E-03,-41.182474438E-03,-45.796796007E-03
+3.110615000E-03,+813.407497470E-03,-40.789886485E-03,-44.930589980E-03
+3.110620000E-03,+825.015537500E-03,-41.025439276E-03,-43.413630201E-03
+3.110625000E-03,+835.328037422E-03,-40.789886498E-03,-42.661745774E-03
+3.110630000E-03,+845.692358894E-03,-41.260992020E-03,-40.898554858E-03
+3.110635000E-03,+855.693929142E-03,-41.496544773E-03,-40.111494546E-03
+3.110640000E-03,+865.850964228E-03,-41.182474391E-03,-38.510992072E-03
+3.110645000E-03,+876.733501795E-03,-41.182474429E-03,-37.596419197E-03
+3.110650000E-03,+887.875147421E-03,-38.120288511E-03,-36.132223248E-03
+3.110655000E-03,+897.099393561E-03,-41.103956872E-03,-34.993404152E-03
+3.110660000E-03,+906.893677368E-03,-42.595790925E-03,-33.687499655E-03
+3.110665000E-03,+916.169745085E-03,-41.339509607E-03,-32.443152923E-03
+3.110670000E-03,+925.653099277E-03,-43.616519684E-03,-31.203203198E-03
+3.110675000E-03,+935.240096636E-03,-40.475816184E-03,-29.879710744E-03
+3.110680000E-03,+944.619807619E-03,-41.339509629E-03,-28.573806243E-03
+3.110685000E-03,+951.926654263E-03,-42.438755823E-03,-27.272298712E-03
+3.110690000E-03,+960.788149172E-03,-41.025439268E-03,-25.970791188E-03
+3.110695000E-03,+970.375146556E-03,-40.632851328E-03,-24.774811299E-03
+3.110700000E-03,+978.303852479E-03,-41.889132709E-03,-23.266645492E-03
+3.110705000E-03,+986.802596095E-03,-42.124685500E-03,-22.237751032E-03
+3.110710000E-03,+994.938588493E-03,-41.418027186E-03,-20.610866626E-03
+3.110715000E-03,+1.002349078366E+00,-41.889132743E-03,-19.634735983E-03
+3.110720000E-03,+1.010122319489E+00,-40.946921620E-03,-17.919911883E-03
+3.110725000E-03,+1.017377344500E+00,-41.025439268E-03,-16.983354098E-03
+3.110730000E-03,+1.024891477639E+00,-41.732097608E-03,-15.325690804E-03
+3.110735000E-03,+1.032975648330E+00,-40.240263349E-03,-14.406720956E-03
+3.110740000E-03,+1.039401527709E+00,-40.868404111E-03,-12.797424498E-03
+3.110745000E-03,+1.045827407040E+00,-42.046167865E-03,-11.680590330E-03
+3.110750000E-03,+1.051994178334E+00,-41.810615130E-03,-10.247173270E-03
+3.110755000E-03,+1.059352846574E+00,-42.674308605E-03,-9.007223527E-03
+3.110760000E-03,+1.066141477148E+00,-41.496544786E-03,-7.635364255E-03
+3.110765000E-03,+1.072463713250E+00,-42.281720683E-03,-6.382223555E-03
+3.110770000E-03,+1.078889592647E+00,-42.046167861E-03,-5.041143177E-03
+3.110775000E-03,+1.084227218201E+00,-41.810615104E-03,-3.708856752E-03
+3.110780000E-03,+1.090445811084E+00,-41.575062364E-03,-2.504082898E-03
+3.110785000E-03,+1.096042544650E+00,-42.438755818E-03,-1.202575367E-03
+3.110790000E-03,+1.101328348696E+00,-42.124685452E-03,+116.520086E-06
+3.110795000E-03,+1.105836828528E+00,-41.260992055E-03,+1.422424599E-03
+3.110800000E-03,+1.112210886219E+00,-28.933731160E-03,+2.895414525E-03
+3.110805000E-03,+1.115061074694E+00,+1.945626525429E+00,+4.065012508E-03
+3.110810000E-03,+1.119206803264E+00,+2.552724532961E+00,+5.406092892E-03
+3.110815000E-03,+1.122316099711E+00,+2.552724532961E+00,+6.641645649E-03
+3.110820000E-03,+1.126306363484E+00,+2.552724532961E+00,+7.982726033E-03
+3.110825000E-03,+1.131229416189E+00,+2.552724532961E+00,+9.257851649E-03
+3.110830000E-03,+1.134494177469E+00,+2.552724532961E+00,+10.453831535E-03
+3.110835000E-03,+1.137758938738E+00,+2.552724532961E+00,+11.931218457E-03
+3.110840000E-03,+1.141282808053E+00,+2.552724532961E+00,+13.017273716E-03
+3.110845000E-03,+1.144236639697E+00,+2.552724532961E+00,+14.437499838E-03
+3.110850000E-03,+1.147864152215E+00,+2.552724532961E+00,+15.690640525E-03
+3.110855000E-03,+1.150092481296E+00,+2.552724532961E+00,+17.031720913E-03
+3.110860000E-03,+1.152061702459E+00,+2.552724532961E+00,+18.372801297E-03
+3.110865000E-03,+1.154808247635E+00,+2.552724532961E+00,+19.507223401E-03
+3.110870000E-03,+1.156570182313E+00,+2.552724532961E+00,+20.923052532E-03
+3.110875000E-03,+1.157917544093E+00,+2.552724532961E+00,+22.092650510E-03
+3.110880000E-03,+1.159627657091E+00,+2.552724532961E+00,+23.521670589E-03
+3.110885000E-03,+1.160249516418E+00,+2.552724532961E+00,+24.537374098E-03
+3.110890000E-03,+1.162944240022E+00,+2.552724532961E+00,+26.164258498E-03
+3.110895000E-03,+1.163669742492E+00,+2.552724532961E+00,+27.012876589E-03
+3.110900000E-03,+1.164187958614E+00,+2.552724532961E+00,+28.635363998E-03
+3.110905000E-03,+1.165276212353E+00,+2.552724532961E+00,+29.514760984E-03
+3.110910000E-03,+1.166053536480E+00,+2.552724532961E+00,+31.124057442E-03
+3.110915000E-03,+1.165172569127E+00,+2.552724532961E+00,+32.007851411E-03
+3.110920000E-03,+1.165794428387E+00,+2.552724532961E+00,+33.520414199E-03
+3.110925000E-03,+1.165846250033E+00,+2.552724532961E+00,+34.443781028E-03
+3.110930000E-03,+1.165742606841E+00,+2.552724532961E+00,+35.982725731E-03
+3.110935000E-03,+1.165172569147E+00,+2.552724532961E+00,+36.897298587E-03
+3.110940000E-03,+1.164965282664E+00,+2.552724532961E+00,+38.299936766E-03
+3.110945000E-03,+1.164239780212E+00,+2.552724532961E+00,+39.429961885E-03
+3.110950000E-03,+1.162426023953E+00,+2.552724532961E+00,+40.753454324E-03
+3.110955000E-03,+1.160353159633E+00,+2.552724532961E+00,+41.755966881E-03
+3.110960000E-03,+1.160094051596E+00,+2.552724532961E+00,+43.053077414E-03
+3.110965000E-03,+1.157710257663E+00,+2.552724532961E+00,+44.117147757E-03
+3.110970000E-03,+1.157192041565E+00,+2.552724532961E+00,+45.370288450E-03
+3.110975000E-03,+1.153460885915E+00,+2.552724532961E+00,+46.390388943E-03
+3.110980000E-03,+1.151543486432E+00,+2.552724532961E+00,+47.573177873E-03
+3.110985000E-03,+1.148745119571E+00,+2.552724532961E+00,+48.641645199E-03
+3.110990000E-03,+1.145894931204E+00,+2.552724532961E+00,+49.776067295E-03
+3.110995000E-03,+1.142681991528E+00,+2.552724532961E+00,+50.936871305E-03
+3.111000000E-03,+1.139054478972E+00,+2.552724532961E+00,+51.891017024E-03
+3.111005000E-03,+1.136722506626E+00,+2.552724532961E+00,+53.086996911E-03
+3.111010000E-03,+1.132524956423E+00,+2.552724532961E+00,+54.063127554E-03
+3.111015000E-03,+1.129104730353E+00,+2.552724532961E+00,+55.228328547E-03
+3.111020000E-03,+1.124648072133E+00,+2.552724532961E+00,+56.032976777E-03
+3.111025000E-03,+1.120761451521E+00,+2.552724532961E+00,+57.325690331E-03
+3.111030000E-03,+1.115942042036E+00,+2.552724532961E+00,+58.147926504E-03
+3.111035000E-03,+1.111278097405E+00,+2.552724532961E+00,+59.370288298E-03
+3.111040000E-03,+1.106406866313E+00,+2.552724532961E+00,+60.100187794E-03
+3.111045000E-03,+1.101380170363E+00,+2.552724532961E+00,+61.269785768E-03
+3.111050000E-03,+1.095317042314E+00,+2.552724532961E+00,+62.074434004E-03
+3.111055000E-03,+1.089772130280E+00,+2.552724532961E+00,+63.164886246E-03
+3.111060000E-03,+1.084071753496E+00,+2.552724532961E+00,+64.105841015E-03
+3.111065000E-03,+1.078319555029E+00,+2.552724532961E+00,+65.218278180E-03
+3.111070000E-03,+1.072411891806E+00,+2.552724532961E+00,+66.088881195E-03
+3.111075000E-03,+1.067229731052E+00,+2.552724532961E+00,+67.025438974E-03
+3.111080000E-03,+1.060441100489E+00,+2.552724532961E+00,+67.957599764E-03
+3.111085000E-03,+1.053652469900E+00,+2.552724532961E+00,+68.836996744E-03
+3.111090000E-03,+1.047122947381E+00,+2.552724532961E+00,+69.777951509E-03
+3.111095000E-03,+1.040697068016E+00,+2.552724532961E+00,+70.661745461E-03
+3.111100000E-03,+1.032301967610E+00,+2.552724532961E+00,+71.409232900E-03
+3.111105000E-03,+1.025824266668E+00,+2.552724532961E+00,+72.407348464E-03
+3.111110000E-03,+1.017636452698E+00,+2.552724532961E+00,+73.159232877E-03
+3.111115000E-03,+1.009707746756E+00,+2.552724532961E+00,+73.950690157E-03
+3.111120000E-03,+1.001934505657E+00,+2.552724532961E+00,+74.764132358E-03
+3.111125000E-03,+994.057621265E-03,+2.552724532961E+00,+75.639132349E-03
+3.111130000E-03,+985.662520837E-03,+2.552724532961E+00,+76.408604700E-03
+3.111135000E-03,+977.941101364E-03,+2.552724532961E+00,+77.244031830E-03
+3.111140000E-03,+968.924141674E-03,+2.552724532961E+00,+77.828830817E-03
+3.111145000E-03,+960.321754798E-03,+2.552724532961E+00,+78.752197645E-03
+3.111150000E-03,+952.133940794E-03,+2.552724532961E+00,+79.257850903E-03
+3.111155000E-03,+943.324267561E-03,+2.552724532961E+00,+80.181217729E-03
+3.111160000E-03,+932.908124469E-03,+2.552724532961E+00,+80.528579536E-03
+3.111165000E-03,+924.823953702E-03,+2.552724532961E+00,+81.583855902E-03
+3.111170000E-03,+915.288777894E-03,+2.552724532961E+00,+81.834484042E-03
+3.111175000E-03,+905.701780549E-03,+2.552724532961E+00,+82.885363428E-03
+3.111180000E-03,+896.270247981E-03,+2.552724532961E+00,+83.144785534E-03
+3.111185000E-03,+884.765851097E-03,+2.552724532961E+00,+84.204458889E-03
+3.111190000E-03,+875.489783410E-03,+2.552724532961E+00,+84.375941304E-03
+3.111195000E-03,+864.348137797E-03,+2.552724532961E+00,+85.409232747E-03
+3.111200000E-03,+854.657497179E-03,+2.552724532961E+00,+85.479584513E-03
+3.111205000E-03,+844.085889243E-03,+2.552724532961E+00,+86.539257854E-03
+3.111210000E-03,+833.669746117E-03,+2.552724532961E+00,+86.609609626E-03
+3.111215000E-03,+822.372635741E-03,+2.552724532961E+00,+87.581343270E-03
+3.111220000E-03,+810.609130845E-03,+2.552724532961E+00,+87.651695046E-03
+3.111225000E-03,+799.622950071E-03,+2.552724532961E+00,+88.535488992E-03
+3.111230000E-03,+788.014909976E-03,+2.552724532961E+00,+88.623428699E-03
+3.111235000E-03,+777.598766834E-03,+2.552724532961E+00,+89.472046766E-03
+3.111240000E-03,+765.627975520E-03,+2.552724532961E+00,+89.603956334E-03
+3.111245000E-03,+753.605362615E-03,+2.552724532961E+00,+90.333855805E-03
+3.111250000E-03,+741.064533607E-03,+2.552724532961E+00,+90.544911093E-03
+3.111255000E-03,+729.663779976E-03,+2.552724532961E+00,+91.015388467E-03
+3.111260000E-03,+718.573955890E-03,+2.552724532961E+00,+91.380338220E-03
+3.111265000E-03,+705.981305287E-03,+2.552724532961E+00,+91.762875893E-03
+3.111270000E-03,+693.233189880E-03,+2.552724532961E+00,+92.092649767E-03
+3.111275000E-03,+681.003290563E-03,+2.552724532961E+00,+92.488378395E-03
+3.111280000E-03,+668.358818268E-03,+2.552724532961E+00,+92.747800518E-03
+3.111285000E-03,+655.558881210E-03,+2.552724532961E+00,+93.143529149E-03
+3.111290000E-03,+642.758944221E-03,+2.552724532961E+00,+93.275438703E-03
+3.111295000E-03,+630.218115194E-03,+2.552724532961E+00,+93.745916072E-03
+3.111300000E-03,+617.159070098E-03,+2.552724532961E+00,+93.635991463E-03
+3.111305000E-03,+603.426344105E-03,+2.552724532961E+00,+94.335112050E-03
+3.111310000E-03,+590.781871907E-03,+2.552724532961E+00,+94.036117084E-03
+3.111315000E-03,+577.360075547E-03,+2.552724532961E+00,+94.915514048E-03
+3.111320000E-03,+564.352852099E-03,+2.552724532961E+00,+94.352700000E-03
+3.111325000E-03,+550.412839692E-03,+2.552724532961E+00,+95.210112038E-03
+3.111330000E-03,+536.628292082E-03,+2.552724532961E+00,+94.660488937E-03
+3.111335000E-03,+522.377350037E-03,+2.552724532961E+00,+95.500313037E-03
+3.111340000E-03,+508.696445626E-03,+2.552724532961E+00,+94.849559291E-03
+3.111345000E-03,+495.274649306E-03,+2.552724532961E+00,+95.790514044E-03
+3.111350000E-03,+479.883631893E-03,+2.552724532961E+00,+95.016644718E-03
+3.111355000E-03,+467.239159613E-03,+2.552724532961E+00,+95.940011529E-03
+3.111360000E-03,+453.610076848E-03,+2.552724532961E+00,+95.130966321E-03
+3.111365000E-03,+438.840918730E-03,+2.552724532961E+00,+95.988378363E-03
+3.111370000E-03,+424.382690251E-03,+2.552724532961E+00,+95.236493960E-03
+3.111375000E-03,+409.665353757E-03,+2.552724532961E+00,+95.931217564E-03
+3.111380000E-03,+394.999838846E-03,+2.552724532961E+00,+95.196921096E-03
+3.111385000E-03,+379.867929409E-03,+2.552724532961E+00,+95.926820579E-03
+3.111390000E-03,+364.684198426E-03,+2.552724532961E+00,+95.034232656E-03
+3.111395000E-03,+349.759575502E-03,+2.552724532961E+00,+95.803705001E-03
+3.111400000E-03,+335.042238967E-03,+2.552724532961E+00,+94.902323110E-03
+3.111405000E-03,+320.480367276E-03,+2.552724532961E+00,+95.566267816E-03
+3.111410000E-03,+307.058570884E-03,+2.552724532961E+00,+94.656091959E-03
+3.111415000E-03,+291.460267066E-03,+2.552724532961E+00,+95.240890935E-03
+3.111420000E-03,+276.742930594E-03,+2.552724532961E+00,+94.484609548E-03
+3.111425000E-03,+261.092805070E-03,+2.552724532961E+00,+94.889132148E-03
+3.111430000E-03,+245.649966059E-03,+2.552724532961E+00,+94.159232667E-03
+3.111435000E-03,+231.139915985E-03,+2.552724532961E+00,+94.396669841E-03
+3.111440000E-03,+215.437968876E-03,+2.552724532961E+00,+93.838252763E-03
+3.111445000E-03,+200.668810778E-03,+2.552724532961E+00,+93.807473870E-03
+3.111450000E-03,+185.485079785E-03,+2.552724532961E+00,+93.372172374E-03
+3.111455000E-03,+169.627667869E-03,+2.552724532961E+00,+93.293026643E-03
+3.111460000E-03,+153.770255991E-03,+2.552724532961E+00,+92.888504038E-03
+3.111465000E-03,+137.653736038E-03,+2.552724532961E+00,+92.664257800E-03
+3.111470000E-03,+122.729113114E-03,+2.552724532961E+00,+92.154207564E-03
+3.111475000E-03,+107.182630833E-03,+2.552724532961E+00,+92.105840725E-03
+3.111480000E-03,+91.066110963E-03,+2.552724532961E+00,+91.419911084E-03
+3.111485000E-03,+75.312342253E-03,+2.552724532961E+00,+91.411117112E-03
+3.111490000E-03,+60.284076069E-03,+2.552724532961E+00,+90.602071902E-03
+3.111495000E-03,+44.323021044E-03,+2.552724532961E+00,+90.685614601E-03
+3.111500000E-03,+28.983825171E-03,+2.552724532961E+00,+89.634735237E-03
+3.111505000E-03,+13.851915769E-03,+2.552724532961E+00,+89.753453810E-03
+3.111510000E-03,-1.072707209E-03,+2.552724532961E+00,+88.799308110E-03
+3.111515000E-03,-16.826475833E-03,+2.552724532961E+00,+88.940011602E-03
+3.111520000E-03,-31.543812375E-03,+2.552724532961E+00,+87.792398572E-03
+3.111525000E-03,-46.157505669E-03,+2.552724532961E+00,+87.853956338E-03
+3.111530000E-03,-62.740420051E-03,+2.552724532961E+00,+86.877825717E-03
+3.111535000E-03,-77.872329469E-03,+2.552724532961E+00,+86.794282982E-03
+3.111540000E-03,-92.537844387E-03,+2.552724532961E+00,+85.760991558E-03
+3.111545000E-03,-108.550721139E-03,+2.552724532961E+00,+85.677448828E-03
+3.111550000E-03,-124.770884243E-03,+2.552724532961E+00,+84.617775491E-03
+3.111555000E-03,-141.094690636E-03,+2.552724532961E+00,+84.459484024E-03
+3.111560000E-03,-155.656562314E-03,+2.552724532961E+00,+83.399810677E-03
+3.111565000E-03,-172.343119859E-03,+2.552724532961E+00,+83.237122225E-03
+3.111570000E-03,-187.475029283E-03,+2.552724532961E+00,+82.173051890E-03
+3.111575000E-03,-202.451473866E-03,+2.552724532961E+00,+81.896041839E-03
+3.111580000E-03,-216.546951092E-03,+2.552724532961E+00,+80.779207689E-03
+3.111585000E-03,-233.285330316E-03,+2.552724532961E+00,+80.541770498E-03
+3.111590000E-03,-248.987277371E-03,+2.552724532961E+00,+79.468906194E-03
+3.111595000E-03,-264.015543568E-03,+2.552724532961E+00,+79.143529307E-03
+3.111600000E-03,-279.665668930E-03,+2.552724532961E+00,+78.075061986E-03
+3.111605000E-03,-293.398395031E-03,+2.552724532961E+00,+77.578202693E-03
+3.111610000E-03,-310.084952612E-03,+2.552724532961E+00,+76.615263006E-03
+3.111615000E-03,-324.802289151E-03,+2.552724532961E+00,+76.056845924E-03
+3.111620000E-03,-340.141484881E-03,+2.552724532961E+00,+75.164257997E-03
+3.111625000E-03,-354.858821433E-03,+2.552724532961E+00,+74.355212780E-03
+3.111630000E-03,-369.109763563E-03,+2.552724532961E+00,+73.502197716E-03
+3.111635000E-03,-383.930743298E-03,+2.552724532961E+00,+72.649182650E-03
+3.111640000E-03,-398.492615027E-03,+2.552724532961E+00,+71.853328381E-03
+3.111645000E-03,-413.365416313E-03,+2.552724532961E+00,+71.022298247E-03
+3.111650000E-03,-428.186396086E-03,+2.552724532961E+00,+70.063755539E-03
+3.111655000E-03,-443.784699903E-03,+2.552724532961E+00,+69.245916355E-03
+3.111660000E-03,-457.258317885E-03,+2.552724532961E+00,+68.256594757E-03
+3.111665000E-03,-471.820189572E-03,+2.552724532961E+00,+67.509107326E-03
+3.111670000E-03,-486.226596476E-03,+2.552724532961E+00,+66.321921414E-03
+3.111675000E-03,-500.425716894E-03,+2.552724532961E+00,+65.684358596E-03
+3.111680000E-03,-514.883945399E-03,+2.552724532961E+00,+64.444408874E-03
+3.111685000E-03,-528.098455274E-03,+2.552724532961E+00,+63.582599829E-03
+3.111690000E-03,-540.898392356E-03,+2.552724532961E+00,+62.628454122E-03
+3.111695000E-03,-555.149334437E-03,+2.552724532961E+00,+61.691896324E-03
+3.111700000E-03,-568.726595602E-03,+2.552724532961E+00,+60.645413944E-03
+3.111705000E-03,-582.562964807E-03,+2.552724532961E+00,+59.603328510E-03
+3.111710000E-03,-595.777474692E-03,+2.552724532961E+00,+58.710740597E-03
+3.111715000E-03,-609.821130361E-03,+2.552724532961E+00,+57.620288326E-03
+3.111720000E-03,-623.502034683E-03,+2.552724532961E+00,+56.727700419E-03
+3.111725000E-03,-636.872009374E-03,+2.552724532961E+00,+55.470162723E-03
+3.111730000E-03,-649.982876088E-03,+2.552724532961E+00,+54.608353704E-03
+3.111735000E-03,-663.093742832E-03,+2.552724532961E+00,+53.407976818E-03
+3.111740000E-03,-675.168177372E-03,+2.552724532961E+00,+52.449434126E-03
+3.111745000E-03,-687.968114381E-03,+2.552724532961E+00,+51.319409004E-03
+3.111750000E-03,-700.405300194E-03,+2.552724532961E+00,+50.189383906E-03
+3.111755000E-03,-712.168805100E-03,+2.552724532961E+00,+49.178077367E-03
+3.111760000E-03,-725.797887872E-03,+2.552724532961E+00,+47.995288444E-03
+3.111765000E-03,-737.872322442E-03,+2.552724532961E+00,+47.019157789E-03
+3.111770000E-03,-751.138653965E-03,+2.552724532961E+00,+45.809986962E-03
+3.111775000E-03,-763.057623697E-03,+2.552724532961E+00,+44.710740732E-03
+3.111780000E-03,-775.546631094E-03,+2.552724532961E+00,+43.382851314E-03
+3.111785000E-03,-786.325525427E-03,+2.552724532961E+00,+42.266017144E-03
+3.111790000E-03,-798.192673548E-03,+2.552724532961E+00,+41.127198073E-03
+3.111795000E-03,-810.059821645E-03,+2.552724532961E+00,+39.909233250E-03
+3.111800000E-03,-820.475964770E-03,+2.552724532961E+00,+38.770414174E-03
+3.111805000E-03,-831.876718420E-03,+2.552724532961E+00,+37.473303628E-03
+3.111810000E-03,-843.173828875E-03,+2.552724532961E+00,+36.312499629E-03
+3.111815000E-03,-854.678225720E-03,+2.552724532961E+00,+35.116519734E-03
+3.111820000E-03,-864.627974350E-03,+2.552724532961E+00,+33.973303669E-03
+3.111825000E-03,-875.976906410E-03,+2.552724532961E+00,+32.627826297E-03
+3.111830000E-03,-887.429481610E-03,+2.552724532961E+00,+31.453831336E-03
+3.111835000E-03,-897.223765431E-03,+2.552724532961E+00,+30.143529841E-03
+3.111840000E-03,-909.453664804E-03,+2.552724532961E+00,+29.026695683E-03
+3.111845000E-03,-918.937018998E-03,+2.552724532961E+00,+27.694409263E-03
+3.111850000E-03,-928.834946034E-03,+2.552724532961E+00,+26.599560030E-03
+3.111855000E-03,-938.370121788E-03,+2.552724532961E+00,+25.130967083E-03
+3.111860000E-03,-948.682621660E-03,+2.552724532961E+00,+24.022926896E-03
+3.111865000E-03,-958.321440649E-03,+2.552724532961E+00,+22.668655547E-03
+3.111870000E-03,-968.115724555E-03,+2.552724532961E+00,+21.565012344E-03
+3.111875000E-03,-977.132684213E-03,+2.552724532961E+00,+20.012876681E-03
+3.111880000E-03,-986.253287127E-03,+2.552724532961E+00,+19.049937001E-03
+3.111885000E-03,-995.373890055E-03,+2.552724532961E+00,+17.401067669E-03
+3.111890000E-03,-1.002628915093E+00,+2.552724532961E+00,+16.521670692E-03
+3.111895000E-03,-1.012785950184E+00,+2.552724532961E+00,+14.784861664E-03
+3.111900000E-03,-1.022269304281E+00,+2.552724532961E+00,+13.923052627E-03
+3.111905000E-03,-1.029368864562E+00,+2.552724532961E+00,+12.247801392E-03
+3.111910000E-03,-1.037815786619E+00,+2.552724532961E+00,+11.311243612E-03
+3.111915000E-03,-1.045381741206E+00,+2.552724532961E+00,+9.741520009E-03
+3.111920000E-03,-1.053621376916E+00,+2.552724532961E+00,+8.585112985E-03
+3.111925000E-03,-1.060720937107E+00,+2.552724532961E+00,+7.200062745E-03
+3.111930000E-03,-1.067768675773E+00,+2.552724532961E+00,+5.924937138E-03
+3.111935000E-03,-1.074971879158E+00,+2.552724532961E+00,+4.592650721E-03
+3.111940000E-03,-1.082589655459E+00,+2.552724532961E+00,+3.453831632E-03
+3.111945000E-03,-1.087668173009E+00,+2.552724532961E+00,+2.051193457E-03
+3.111950000E-03,-1.095078662894E+00,+2.552724532961E+00,+802.449755E-06
+3.111955000E-03,-1.101349077403E+00,+2.552724532961E+00,-507.851745E-06
+3.111960000E-03,-1.107723135158E+00,+2.552724532961E+00,-1.831344186E-03
+3.111965000E-03,-1.113838084813E+00,+2.552724532961E+00,-3.132851716E-03
+3.111970000E-03,-1.119693926442E+00,+2.552724532961E+00,-4.399183359E-03
+3.111975000E-03,-1.124461514303E+00,+2.552724532961E+00,-5.740263743E-03
+3.111980000E-03,-1.131146501696E+00,+2.552724532961E+00,-7.129710966E-03
+3.111985000E-03,-1.135344051906E+00,+2.552724532961E+00,-8.382851653E-03
+3.111990000E-03,-1.140318926204E+00,+2.552724532961E+00,-9.732726013E-03
+3.111995000E-03,-1.144620119642E+00,+2.552724532961E+00,-11.034233538E-03
+3.112000000E-03,-1.150009566789E+00,+2.552724532961E+00,-12.384107892E-03
+3.112005000E-03,-1.154984441160E+00,+2.550447523088E+00,-13.650439541E-03
+3.112010000E-03,-1.157627343135E+00,+559.634127499E-03,-15.114635501E-03
+3.112015000E-03,-1.161617606925E+00,-169.951317044E-03,-16.108354092E-03
+3.112020000E-03,-1.166126086738E+00,-173.249056444E-03,-17.642901803E-03
+3.112025000E-03,-1.169753599258E+00,+136.188750528E-03,-18.566268641E-03
+3.112030000E-03,-1.172500144483E+00,+45.422427733E-03,-20.320665593E-03
+3.112035000E-03,-1.176801337901E+00,-79.499057265E-03,-21.230841475E-03
+3.112040000E-03,-1.179703347958E+00,-90.255965847E-03,-22.914886667E-03
+3.112045000E-03,-1.183745433317E+00,-61.597048168E-03,-23.952575110E-03
+3.112050000E-03,-1.185300081559E+00,-27.520413807E-03,-25.359610261E-03
+3.112055000E-03,-1.188668486050E+00,-54.608981870E-03,-26.652323830E-03
+3.112060000E-03,-1.190119491139E+00,-51.075690191E-03,-27.861494661E-03
+3.112065000E-03,-1.192555106565E+00,-60.026695496E-03,-29.356469524E-03
+3.112070000E-03,-1.194368862859E+00,-46.521670372E-03,-30.341394129E-03
+3.112075000E-03,-1.195664403049E+00,-53.431218015E-03,-31.924308687E-03
+3.112080000E-03,-1.197270872871E+00,-50.211996923E-03,-32.891645365E-03
+3.112085000E-03,-1.198670056312E+00,-51.546795946E-03,-34.544911669E-03
+3.112090000E-03,-1.199602845225E+00,-48.327574897E-03,-35.441896598E-03
+3.112095000E-03,-1.200431990956E+00,-49.662373813E-03,-36.950062397E-03
+3.112100000E-03,-1.200276526133E+00,-47.699434131E-03,-38.040514666E-03
+3.112105000E-03,-1.201209315103E+00,-49.112750746E-03,-39.359610114E-03
+3.112110000E-03,-1.201831174368E+00,-48.720162725E-03,-40.516017144E-03
+3.112115000E-03,-1.202763963268E+00,-48.877198001E-03,-41.707600036E-03
+3.112120000E-03,-1.201364779890E+00,-49.269785963E-03,-43.000313604E-03
+3.112125000E-03,-1.201468423098E+00,-49.112750720E-03,-44.086368860E-03
+3.112130000E-03,-1.200639277396E+00,-47.934986988E-03,-45.458228146E-03
+3.112135000E-03,-1.199654666865E+00,-48.406092473E-03,-46.517901497E-03
+3.112140000E-03,-1.199602845201E+00,-47.777951798E-03,-47.836996962E-03
+3.112145000E-03,-1.197944553835E+00,-47.542399053E-03,-48.940640161E-03
+3.112150000E-03,-1.196804478421E+00,-47.542398956E-03,-50.158604981E-03
+3.112155000E-03,-1.195301651854E+00,-48.877197964E-03,-51.328202952E-03
+3.112160000E-03,-1.193798825198E+00,-47.071293460E-03,-52.493403952E-03
+3.112165000E-03,-1.191881425770E+00,-49.505338655E-03,-53.698177801E-03
+3.112170000E-03,-1.190015847897E+00,-47.463881337E-03,-54.757851159E-03
+3.112175000E-03,-1.187321124290E+00,-47.856469358E-03,-55.940640095E-03
+3.112180000E-03,-1.185403724845E+00,-45.343906560E-03,-56.929961693E-03
+3.112185000E-03,-1.182242606725E+00,-46.678705509E-03,-58.218278256E-03
+3.112190000E-03,-1.180584315342E+00,-45.029836271E-03,-59.106469207E-03
+3.112195000E-03,-1.176594051537E+00,-46.678705546E-03,-60.302449091E-03
+3.112200000E-03,-1.173173825443E+00,-46.050564839E-03,-61.309358629E-03
+3.112205000E-03,-1.170427280250E+00,-45.500941745E-03,-62.593278208E-03
+3.112210000E-03,-1.167680735071E+00,-46.914258259E-03,-63.433102325E-03
+3.112215000E-03,-1.162757682350E+00,-45.736494458E-03,-64.730212863E-03
+3.112220000E-03,-1.159648385904E+00,-44.637248325E-03,-65.508479189E-03
+3.112225000E-03,-1.156746375874E+00,-46.443152763E-03,-66.853956559E-03
+3.112230000E-03,-1.151564215151E+00,-44.401695477E-03,-67.504710325E-03
+3.112235000E-03,-1.147522129771E+00,-46.521670416E-03,-68.823805785E-03
+3.112240000E-03,-1.142858185108E+00,-44.558730689E-03,-69.553705271E-03
+3.112245000E-03,-1.137572381137E+00,-46.050564855E-03,-70.846418830E-03
+3.112250000E-03,-1.131716539506E+00,-44.872801027E-03,-71.404835911E-03
+3.112255000E-03,-1.127829918890E+00,-44.872801098E-03,-72.723931371E-03
+3.112260000E-03,-1.122233185347E+00,-42.988378953E-03,-73.374685137E-03
+3.112265000E-03,-1.116221878868E+00,-43.145414149E-03,-74.605840895E-03
+3.112270000E-03,-1.109847821140E+00,-43.538002046E-03,-75.366519284E-03
+3.112275000E-03,-1.104095622691E+00,-43.223931671E-03,-76.408604695E-03
+3.112280000E-03,-1.097203348935E+00,-44.087625156E-03,-77.257222780E-03
+3.112285000E-03,-1.091295685700E+00,-43.852072427E-03,-78.066268000E-03
+3.112290000E-03,-1.084921627954E+00,-42.752826214E-03,-79.161117229E-03
+3.112295000E-03,-1.078858499875E+00,-42.438755745E-03,-79.807474012E-03
+3.112300000E-03,-1.071758939628E+00,-42.909861432E-03,-80.915514200E-03
+3.112305000E-03,-1.065384881925E+00,-43.302449258E-03,-81.407976514E-03
+3.112310000E-03,-1.057767105621E+00,-43.930589910E-03,-82.634735283E-03
+3.112315000E-03,-1.050460258973E+00,-43.616519699E-03,-83.056845842E-03
+3.112320000E-03,-1.042272444983E+00,-43.223931720E-03,-84.270413659E-03
+3.112325000E-03,-1.034499203864E+00,-43.930589938E-03,-84.736494067E-03
+3.112330000E-03,-1.026777784316E+00,-43.145414116E-03,-85.804961383E-03
+3.112335000E-03,-1.018123575874E+00,-43.302449268E-03,-86.227071946E-03
+3.112340000E-03,-1.009417545863E+00,-43.380966916E-03,-87.260363373E-03
+3.112345000E-03,-1.000245121317E+00,-43.223931626E-03,-87.792398552E-03
+3.112350000E-03,-992.368237019E-03,-41.260992076E-03,-88.658604562E-03
+3.112355000E-03,-983.143990810E-03,-42.752826186E-03,-89.199433712E-03
+3.112360000E-03,-973.246063872E-03,-41.810615169E-03,-90.056845762E-03
+3.112365000E-03,-964.125460922E-03,-42.831343735E-03,-90.553705056E-03
+3.112370000E-03,-955.419430809E-03,-41.418027222E-03,-91.331971378E-03
+3.112375000E-03,-946.195184703E-03,-42.752826159E-03,-91.811242728E-03
+3.112380000E-03,-934.742609514E-03,-42.674308583E-03,-92.593906038E-03
+3.112385000E-03,-924.792860844E-03,-42.674308572E-03,-92.994031659E-03
+3.112390000E-03,-913.910323294E-03,-43.223931703E-03,-93.807473863E-03
+3.112395000E-03,-904.530612358E-03,-42.203203066E-03,-94.062498981E-03
+3.112400000E-03,-893.544431535E-03,-41.732097604E-03,-94.906720087E-03
+3.112405000E-03,-882.350964347E-03,-42.674308566E-03,-95.258478866E-03
+3.112410000E-03,-872.971253345E-03,-42.831343773E-03,-95.909232646E-03
+3.112415000E-03,-862.244180621E-03,-41.575062369E-03,-96.340137145E-03
+3.112420000E-03,-851.828037542E-03,-43.066896496E-03,-96.955715047E-03
+3.112425000E-03,-841.256429535E-03,-41.025439315E-03,-97.417398439E-03
+3.112430000E-03,-829.752032721E-03,-42.517273397E-03,-97.892272825E-03
+3.112435000E-03,-817.470311795E-03,-41.575062330E-03,-98.428704957E-03
+3.112440000E-03,-806.484131001E-03,-41.339509669E-03,-98.815639651E-03
+3.112445000E-03,-794.927912535E-03,-40.554333753E-03,-99.277323044E-03
+3.112450000E-03,-783.216229210E-03,-40.083228259E-03,-99.637875823E-03
+3.112455000E-03,-771.970940394E-03,-41.418027178E-03,-100.165513984E-03
+3.112460000E-03,-758.393679207E-03,-41.889132768E-03,-100.402951191E-03
+3.112465000E-03,-746.267423144E-03,-42.517273408E-03,-100.767900916E-03
+3.112470000E-03,-734.089345307E-03,-39.690640346E-03,-101.080086863E-03
+3.112475000E-03,-722.274018808E-03,-41.025439287E-03,-101.379081818E-03
+3.112480000E-03,-710.044119431E-03,-39.847675453E-03,-101.779207458E-03
+3.112485000E-03,-697.088717641E-03,-40.632851346E-03,-101.994659704E-03
+3.112490000E-03,-683.874207666E-03,-39.926193079E-03,-102.306845640E-03
+3.112495000E-03,-671.074270628E-03,-40.946921644E-03,-102.495915978E-03
+3.112500000E-03,-658.585263239E-03,-40.161745812E-03,-102.772926035E-03
+3.112505000E-03,-645.267110104E-03,-40.868404096E-03,-103.001569246E-03
+3.112510000E-03,-630.912524846E-03,-41.496544849E-03,-103.225815476E-03
+3.112515000E-03,-618.008944586E-03,-41.418027257E-03,-103.406091855E-03
+3.112520000E-03,-603.291608068E-03,-41.025439293E-03,-103.555589343E-03
+3.112525000E-03,-590.854422264E-03,-41.339509574E-03,-103.700689848E-03
+3.112530000E-03,-576.914409854E-03,-39.455087495E-03,-103.832599387E-03
+3.112535000E-03,-562.559824596E-03,-40.946921712E-03,-104.026066729E-03
+3.112540000E-03,-548.723455379E-03,-40.632851290E-03,-104.056845616E-03
+3.112545000E-03,-534.887086113E-03,-40.868404091E-03,-104.206343104E-03
+3.112550000E-03,-520.428857699E-03,-41.653579899E-03,-104.188755165E-03
+3.112555000E-03,-506.799774942E-03,-40.240263422E-03,-104.351443610E-03
+3.112560000E-03,-492.652476043E-03,-41.339509590E-03,-104.342649636E-03
+3.112565000E-03,-477.209637031E-03,-40.475816132E-03,-104.443780287E-03
+3.112570000E-03,-462.544122184E-03,-41.260991998E-03,-104.311870738E-03
+3.112575000E-03,-448.863217763E-03,-41.496544753E-03,-104.452574256E-03
+3.112580000E-03,-432.332124960E-03,-41.575062374E-03,-104.355840592E-03
+3.112585000E-03,-417.407502027E-03,-41.260991941E-03,-104.386619483E-03
+3.112590000E-03,-403.104738328E-03,-40.318780998E-03,-104.201946119E-03
+3.112595000E-03,-389.216547556E-03,-39.769157871E-03,-104.215137070E-03
+3.112600000E-03,-373.825530117E-03,-41.575062420E-03,-103.986493869E-03
+3.112605000E-03,-358.071761442E-03,-39.690640216E-03,-104.017272752E-03
+3.112610000E-03,-342.628922404E-03,-40.318780970E-03,-103.625941114E-03
+3.112615000E-03,-328.326158723E-03,-40.789886532E-03,-103.731468733E-03
+3.112620000E-03,-312.468746882E-03,-41.967650299E-03,-103.392900915E-03
+3.112625000E-03,-298.321448023E-03,-40.789886406E-03,-103.362122002E-03
+3.112630000E-03,-283.189538638E-03,-41.653579893E-03,-103.010363231E-03
+3.112635000E-03,-268.264915660E-03,-41.810615142E-03,-103.054333059E-03
+3.112640000E-03,-251.837466113E-03,-41.182474445E-03,-102.553076806E-03
+3.112645000E-03,-237.223772772E-03,-41.496544753E-03,-102.491518995E-03
+3.112650000E-03,-220.122642378E-03,-39.769157860E-03,-102.069408466E-03
+3.112655000E-03,-205.716235437E-03,-41.418027241E-03,-102.003453672E-03
+3.112660000E-03,-190.273396395E-03,-40.397298608E-03,-101.537373296E-03
+3.112665000E-03,-175.141487047E-03,-41.103956852E-03,-101.370287855E-03
+3.112670000E-03,-159.180431915E-03,-40.004710546E-03,-100.873428580E-03
+3.112675000E-03,-143.271198417E-03,-41.967650299E-03,-100.706343142E-03
+3.112680000E-03,-127.154678524E-03,-40.475816149E-03,-100.169910994E-03
+3.112685000E-03,-110.571764129E-03,-40.397298510E-03,-100.007222549E-03
+3.112690000E-03,-96.320821991E-03,-40.318780998E-03,-99.325689901E-03
+3.112695000E-03,-81.188912651E-03,-40.083228191E-03,-99.228956222E-03
+3.112700000E-03,-65.849716854E-03,-41.025439201E-03,-98.490262777E-03
+3.112705000E-03,-50.925093872E-03,-39.141017169E-03,-98.380338147E-03
+3.112710000E-03,-36.104114127E-03,-40.475816213E-03,-97.571292936E-03
+3.112715000E-03,-20.557631932E-03,-40.397298632E-03,-97.355840675E-03
+3.112720000E-03,-5.166614535E-03,-40.475816132E-03,-96.718277873E-03
+3.112725000E-03,+10.431689386E-03,-40.004710592E-03,-96.313755255E-03
+3.112730000E-03,+26.081814828E-03,-40.475816097E-03,-95.706971346E-03
+3.112735000E-03,+41.317367447E-03,-39.690640342E-03,-95.223303006E-03
+3.112740000E-03,+56.708384828E-03,-40.554333760E-03,-94.691267836E-03
+3.112745000E-03,+73.343120884E-03,-39.455087540E-03,-94.088880905E-03
+3.112750000E-03,+88.112278987E-03,-39.847675505E-03,-93.583227644E-03
+3.112755000E-03,+103.140545184E-03,-41.025439242E-03,-92.822549261E-03
+3.112760000E-03,+119.205243466E-03,-39.847675598E-03,-92.374056804E-03
+3.112765000E-03,+134.648082485E-03,-41.260992020E-03,-91.512247775E-03
+3.112770000E-03,+150.401851184E-03,-40.946921666E-03,-91.112122147E-03
+3.112775000E-03,+167.088408771E-03,-41.496544793E-03,-90.250313114E-03
+3.112780000E-03,+181.598458878E-03,-40.240263376E-03,-89.902951305E-03
+3.112785000E-03,+196.626725110E-03,-40.240263406E-03,-88.913629703E-03
+3.112790000E-03,+212.121385636E-03,-39.533605128E-03,-88.473931218E-03
+3.112795000E-03,+227.408759910E-03,-41.025439247E-03,-87.528579473E-03
+3.112800000E-03,+242.540669319E-03,-40.161745807E-03,-87.049308120E-03
+3.112805000E-03,+257.672578727E-03,-40.004710598E-03,-86.029207630E-03
+3.112810000E-03,+273.581812156E-03,-41.339509631E-03,-85.598303113E-03
+3.112815000E-03,+289.646510472E-03,-40.632851365E-03,-84.485865936E-03
+3.112820000E-03,+303.482879740E-03,-40.240263318E-03,-84.085740315E-03
+3.112825000E-03,+318.459324280E-03,-41.575062316E-03,-82.836996612E-03
+3.112830000E-03,+333.280304032E-03,-39.376569989E-03,-82.441267972E-03
+3.112835000E-03,+347.634889298E-03,-40.946921678E-03,-81.166142353E-03
+3.112840000E-03,+362.870441836E-03,-40.240263400E-03,-80.823177534E-03
+3.112845000E-03,+376.603167870E-03,-41.025439247E-03,-79.552448903E-03
+3.112850000E-03,+391.527790822E-03,-39.690640255E-03,-79.016016755E-03
+3.112855000E-03,+407.592489061E-03,-41.182474457E-03,-77.771670033E-03
+3.112860000E-03,+421.480679948E-03,-39.376569954E-03,-77.261619781E-03
+3.112865000E-03,+435.783443637E-03,-40.789886510E-03,-76.012876081E-03
+3.112870000E-03,+450.448958501E-03,-41.182474421E-03,-75.282976591E-03
+3.112875000E-03,+463.870754925E-03,-40.240263400E-03,-74.161745448E-03
+3.112880000E-03,+478.225340125E-03,-40.554333731E-03,-73.379082141E-03
+3.112885000E-03,+491.802601329E-03,-40.946921631E-03,-72.341393703E-03
+3.112890000E-03,+506.001721772E-03,-39.612122679E-03,-71.378454028E-03
+3.112895000E-03,+519.682626191E-03,-38.905464461E-03,-70.485866080E-03
+3.112900000E-03,+533.778103360E-03,-39.847675500E-03,-69.536117362E-03
+3.112905000E-03,+547.718115746E-03,-39.141017115E-03,-68.516016863E-03
+3.112910000E-03,+561.917236252E-03,-41.182474522E-03,-67.548680200E-03
+3.112915000E-03,+575.909070288E-03,-43.852072335E-03,-66.440640003E-03
+3.112920000E-03,+588.864472136E-03,-41.025439277E-03,-65.460112381E-03
+3.112925000E-03,+602.959949399E-03,-40.632851389E-03,-64.352072180E-03
+3.112930000E-03,+616.744496935E-03,-40.554333725E-03,-63.384735522E-03
+3.112935000E-03,+629.751720457E-03,-41.182474398E-03,-62.175564670E-03
+3.112940000E-03,+643.173516772E-03,-41.025439253E-03,-61.357725487E-03
+3.112945000E-03,+655.869810637E-03,-42.046167879E-03,-60.003454138E-03
+3.112950000E-03,+668.877034041E-03,-41.496544853E-03,-59.238378776E-03
+3.112955000E-03,+680.485074220E-03,-42.046167868E-03,-57.818152657E-03
+3.112960000E-03,+693.233189697E-03,-40.475816197E-03,-57.039886340E-03
+3.112965000E-03,+705.929483456E-03,-42.124685467E-03,-55.544911475E-03
+3.112970000E-03,+717.641166720E-03,-40.083228226E-03,-54.797424052E-03
+3.112975000E-03,+729.974709289E-03,-41.496544806E-03,-53.223303460E-03
+3.112980000E-03,+742.619181535E-03,-41.418027141E-03,-52.502197944E-03
+3.112985000E-03,+753.968113606E-03,-41.889132615E-03,-50.844534642E-03
+3.112990000E-03,+766.664407448E-03,-41.103956858E-03,-50.110238166E-03
+3.112995000E-03,+777.650588227E-03,-41.025439223E-03,-48.452574871E-03
+3.113000000E-03,+789.258628351E-03,-40.868404109E-03,-47.753454276E-03
+3.113005000E-03,+800.296630702E-03,-41.339509632E-03,-46.100187963E-03
+3.113010000E-03,+811.023703479E-03,-40.240263484E-03,-45.467022129E-03
+3.113015000E-03,+822.476278729E-03,-41.182474511E-03,-43.760992011E-03
+3.113020000E-03,+833.099708259E-03,-41.103956858E-03,-43.061871411E-03
+3.113025000E-03,+842.479419218E-03,-41.103956876E-03,-41.386620170E-03
+3.113030000E-03,+853.983816064E-03,-40.868404037E-03,-40.625941787E-03
+3.113035000E-03,+864.140851127E-03,-41.496544776E-03,-38.867147839E-03
+3.113040000E-03,+874.712459070E-03,-40.240263382E-03,-38.119660403E-03
+3.113045000E-03,+885.543175002E-03,-39.533605122E-03,-36.387248370E-03
+3.113050000E-03,+896.840285474E-03,-40.240263503E-03,-35.437499631E-03
+3.113055000E-03,+905.442672324E-03,-41.810615082E-03,-33.823806189E-03
+3.113060000E-03,+915.392420929E-03,-41.418027201E-03,-33.005966994E-03
+3.113065000E-03,+924.720310284E-03,-42.438755815E-03,-31.370288631E-03
+3.113070000E-03,+934.929167011E-03,-40.397298574E-03,-30.402951947E-03
+3.113075000E-03,+943.272445784E-03,-40.240263424E-03,-28.885992171E-03
+3.113080000E-03,+952.185762295E-03,-40.868404091E-03,-27.852700717E-03
+3.113085000E-03,+960.839970689E-03,-41.418027176E-03,-26.296168078E-03
+3.113090000E-03,+968.872319937E-03,-40.946921636E-03,-25.095791207E-03
+3.113095000E-03,+977.889279576E-03,-43.145414044E-03,-23.653580166E-03
+3.113100000E-03,+985.817985565E-03,-41.260991972E-03,-22.514761079E-03
+3.113105000E-03,+995.042231673E-03,-42.046167849E-03,-20.984610347E-03
+3.113110000E-03,+1.001882683857E+00,-42.203203120E-03,-19.872173173E-03
+3.113115000E-03,+1.009811389831E+00,-41.967650292E-03,-18.456344039E-03
+3.113120000E-03,+1.017636452509E+00,-40.554333767E-03,-17.313127973E-03
+3.113125000E-03,+1.024943299212E+00,-42.203203102E-03,-15.743404369E-03
+3.113130000E-03,+1.031110070531E+00,-40.946921599E-03,-14.754082773E-03
+3.113135000E-03,+1.038676025151E+00,-41.260991996E-03,-13.175565206E-03
+3.113140000E-03,+1.046345623087E+00,-41.418027176E-03,-12.151067731E-03
+3.113145000E-03,+1.053445183345E+00,-42.046167818E-03,-10.559359200E-03
+3.113150000E-03,+1.059767419426E+00,-40.946921654E-03,-9.512876798E-03
+3.113155000E-03,+1.066141477090E+00,-41.339509663E-03,-7.925565261E-03
+3.113160000E-03,+1.072204605222E+00,-42.124685497E-03,-6.914258730E-03
+3.113165000E-03,+1.079200522245E+00,-41.732097506E-03,-5.375314028E-03
+3.113170000E-03,+1.085211828660E+00,-41.025439241E-03,-4.298052724E-03
+3.113175000E-03,+1.091015848780E+00,-42.046167830E-03,-2.781092955E-03
+3.113180000E-03,+1.096249831119E+00,-41.339509663E-03,-1.629082910E-03
+3.113185000E-03,+1.101587456707E+00,-41.889132717E-03,-274.811572E-06
+3.113190000E-03,+1.106614152600E+00,-41.967650224E-03,+1.009108019E-03
+3.113195000E-03,+1.111796313336E+00,-38.198806185E-03,+2.389761259E-03
+3.113200000E-03,+1.115579290756E+00,+938.010320929E-03,+3.664886882E-03
+3.113205000E-03,+1.118947695181E+00,+2.552724532808E+00,+4.935615513E-03
+3.113210000E-03,+1.122056991667E+00,+2.552724532961E+00,+6.197550173E-03
+3.113215000E-03,+1.126565471494E+00,+2.552724532961E+00,+7.683731056E-03
+3.113220000E-03,+1.130192984010E+00,+2.552724532961E+00,+8.734610445E-03
+3.113225000E-03,+1.133457745310E+00,+2.552724532961E+00,+10.190012445E-03
+3.113230000E-03,+1.137240722652E+00,+2.552724532961E+00,+11.311243577E-03
+3.113235000E-03,+1.139935446298E+00,+2.552724532961E+00,+12.850188290E-03
+3.113240000E-03,+1.143355672364E+00,+2.552724532961E+00,+13.958228478E-03
+3.113245000E-03,+1.146724076814E+00,+2.552724532961E+00,+15.448806351E-03
+3.113250000E-03,+1.148848762773E+00,+2.552724532961E+00,+16.552449555E-03
+3.113255000E-03,+1.151854416012E+00,+2.552724532961E+00,+17.959484711E-03
+3.113260000E-03,+1.154186388328E+00,+2.552724532961E+00,+19.111494762E-03
+3.113265000E-03,+1.156414717438E+00,+2.552724532961E+00,+20.527323883E-03
+3.113270000E-03,+1.158383938506E+00,+2.552724532961E+00,+21.758479659E-03
+3.113275000E-03,+1.159472192304E+00,+2.552724532961E+00,+23.068781140E-03
+3.113280000E-03,+1.160612267628E+00,+2.552724532961E+00,+24.286745961E-03
+3.113285000E-03,+1.162270559100E+00,+2.552724532961E+00,+25.605841414E-03
+3.113290000E-03,+1.162581488720E+00,+2.552724532961E+00,+26.819409254E-03
+3.113295000E-03,+1.164447066639E+00,+2.552724532961E+00,+28.164886611E-03
+3.113300000E-03,+1.165017104301E+00,+2.552724532961E+00,+29.215766018E-03
+3.113305000E-03,+1.165328033950E+00,+2.552724532961E+00,+30.710740857E-03
+3.113310000E-03,+1.165379855582E+00,+2.552724532961E+00,+31.669283572E-03
+3.113315000E-03,+1.166209001244E+00,+2.552724532961E+00,+33.181846356E-03
+3.113320000E-03,+1.166260822847E+00,+2.552724532961E+00,+34.083228268E-03
+3.113325000E-03,+1.165794428458E+00,+2.552724532961E+00,+35.644157882E-03
+3.113330000E-03,+1.164084315444E+00,+2.552724532961E+00,+36.567524725E-03
+3.113335000E-03,+1.163980672233E+00,+2.552724532961E+00,+38.066896554E-03
+3.113340000E-03,+1.163462456084E+00,+2.552724532961E+00,+38.972675452E-03
+3.113345000E-03,+1.162374202406E+00,+2.552724532961E+00,+40.472047288E-03
+3.113350000E-03,+1.161130483752E+00,+2.552724532961E+00,+41.320665375E-03
+3.113355000E-03,+1.160145873209E+00,+2.552724532961E+00,+42.754082442E-03
+3.113360000E-03,+1.157865722472E+00,+2.552724532961E+00,+43.695037210E-03
+3.113365000E-03,+1.156518360714E+00,+2.552724532961E+00,+45.027323623E-03
+3.113370000E-03,+1.153927280290E+00,+2.552724532961E+00,+45.946293468E-03
+3.113375000E-03,+1.151647129590E+00,+2.552724532961E+00,+47.309358780E-03
+3.113380000E-03,+1.150507054246E+00,+2.552724532961E+00,+48.175564789E-03
+3.113385000E-03,+1.146775898511E+00,+2.552724532961E+00,+49.547424079E-03
+3.113390000E-03,+1.143718423653E+00,+2.552724532961E+00,+50.382851204E-03
+3.113395000E-03,+1.141023700101E+00,+2.552724532961E+00,+51.710740640E-03
+3.113400000E-03,+1.136826149899E+00,+2.552724532961E+00,+52.695665246E-03
+3.113405000E-03,+1.134183247876E+00,+2.552724532961E+00,+53.772926554E-03
+3.113410000E-03,+1.130192984137E+00,+2.552724532961E+00,+54.828202909E-03
+3.113415000E-03,+1.126565471601E+00,+2.552724532961E+00,+55.909861202E-03
+3.113420000E-03,+1.122834315833E+00,+2.552724532961E+00,+56.912373743E-03
+3.113425000E-03,+1.118481300795E+00,+2.552724532961E+00,+57.813755663E-03
+3.113430000E-03,+1.114076464213E+00,+2.552724532961E+00,+59.053705378E-03
+3.113435000E-03,+1.108997946676E+00,+2.552724532961E+00,+59.779207900E-03
+3.113440000E-03,+1.103971250750E+00,+2.552724532961E+00,+61.014760634E-03
+3.113445000E-03,+1.098478160381E+00,+2.552724532961E+00,+61.793026970E-03
+3.113450000E-03,+1.093192356422E+00,+2.552724532961E+00,+62.980212876E-03
+3.113455000E-03,+1.087906552454E+00,+2.552724532961E+00,+63.705715395E-03
+3.113460000E-03,+1.081947067594E+00,+2.552724532961E+00,+64.800564614E-03
+3.113465000E-03,+1.076091225952E+00,+2.552724532961E+00,+65.710740497E-03
+3.113470000E-03,+1.070028097818E+00,+2.552724532961E+00,+66.735237962E-03
+3.113475000E-03,+1.063964969805E+00,+2.552724532961E+00,+67.579459069E-03
+3.113480000E-03,+1.057279982364E+00,+2.552724532961E+00,+68.590765588E-03
+3.113485000E-03,+1.051165032773E+00,+2.552724532961E+00,+69.448177634E-03
+3.113490000E-03,+1.043650899683E+00,+2.552724532961E+00,+70.362750498E-03
+3.113495000E-03,+1.036395874619E+00,+2.552724532961E+00,+71.154207764E-03
+3.113500000E-03,+1.030591854597E+00,+2.552724532961E+00,+72.108353495E-03
+3.113505000E-03,+1.022455862163E+00,+2.552724532961E+00,+72.767901217E-03
+3.113510000E-03,+1.014475334691E+00,+2.552724532961E+00,+73.836368552E-03
+3.113515000E-03,+1.007375774377E+00,+2.552724532961E+00,+74.425564519E-03
+3.113520000E-03,+997.581490642E-03,+2.552724532961E+00,+75.472046925E-03
+3.113525000E-03,+990.689216851E-03,+2.552724532961E+00,+75.995288121E-03
+3.113530000E-03,+980.894933057E-03,+2.552724532961E+00,+77.059358468E-03
+3.113535000E-03,+973.069870251E-03,+2.552724532961E+00,+77.503453933E-03
+3.113540000E-03,+965.400272411E-03,+2.552724532961E+00,+78.554333317E-03
+3.113545000E-03,+955.865096634E-03,+2.552724532961E+00,+78.980840855E-03
+3.113550000E-03,+947.055423353E-03,+2.552724532961E+00,+79.930589589E-03
+3.113555000E-03,+939.489468635E-03,+2.552724532961E+00,+80.480212697E-03
+3.113560000E-03,+928.606931097E-03,+2.552724532961E+00,+81.179333296E-03
+3.113565000E-03,+919.123576965E-03,+2.552724532961E+00,+81.843278002E-03
+3.113570000E-03,+910.313903642E-03,+2.552724532961E+00,+82.524810666E-03
+3.113575000E-03,+900.830549493E-03,+2.552724532961E+00,+83.162373470E-03
+3.113580000E-03,+890.569871228E-03,+2.552724532961E+00,+83.676820711E-03
+3.113585000E-03,+879.998263297E-03,+2.552724532961E+00,+84.397926219E-03
+3.113590000E-03,+869.841228192E-03,+2.552724532961E+00,+84.943152357E-03
+3.113595000E-03,+860.150587597E-03,+2.552724532961E+00,+85.549936255E-03
+3.113600000E-03,+849.838087720E-03,+2.552724532961E+00,+86.130338267E-03
+3.113605000E-03,+839.214658194E-03,+2.552724532961E+00,+86.587624695E-03
+3.113610000E-03,+827.710261354E-03,+2.552724532961E+00,+87.211996545E-03
+3.113615000E-03,+816.620437326E-03,+2.552724532961E+00,+87.638504085E-03
+3.113620000E-03,+804.908754043E-03,+2.552724532961E+00,+88.223303065E-03
+3.113625000E-03,+792.937962693E-03,+2.552724532961E+00,+88.553076945E-03
+3.113630000E-03,+782.469997947E-03,+2.552724532961E+00,+89.168654808E-03
+3.113635000E-03,+771.276530756E-03,+2.552724532961E+00,+89.617147283E-03
+3.113640000E-03,+759.513025904E-03,+2.552724532961E+00,+90.065639720E-03
+3.113645000E-03,+746.713088842E-03,+2.552724532961E+00,+90.478956326E-03
+3.113650000E-03,+735.260513588E-03,+2.552724532961E+00,+90.909860819E-03
+3.113655000E-03,+722.771506171E-03,+2.552724532961E+00,+91.266016614E-03
+3.113660000E-03,+712.044433426E-03,+2.552724532961E+00,+91.613378402E-03
+3.113665000E-03,+698.881745142E-03,+2.552724532961E+00,+92.070664843E-03
+3.113670000E-03,+685.874521689E-03,+2.552724532961E+00,+92.312499005E-03
+3.113675000E-03,+674.059195161E-03,+2.552724532961E+00,+92.677448754E-03
+3.113680000E-03,+661.207436518E-03,+2.552724532961E+00,+92.980840709E-03
+3.113685000E-03,+648.303856267E-03,+2.552724532961E+00,+93.161117091E-03
+3.113690000E-03,+635.814848859E-03,+2.552724532961E+00,+93.644785423E-03
+3.113695000E-03,+622.652160511E-03,+2.552724532961E+00,+93.640388442E-03
+3.113700000E-03,+609.334007417E-03,+2.552724532961E+00,+94.154835672E-03
+3.113705000E-03,+595.808567885E-03,+2.552724532961E+00,+94.058102011E-03
+3.113710000E-03,+582.179485104E-03,+2.552724532961E+00,+94.664885917E-03
+3.113715000E-03,+569.638656058E-03,+2.552724532961E+00,+94.405463813E-03
+3.113720000E-03,+556.268681387E-03,+2.552724532961E+00,+94.972674859E-03
+3.113725000E-03,+542.691420226E-03,+2.552724532961E+00,+94.739634671E-03
+3.113730000E-03,+528.595942908E-03,+2.552724532961E+00,+95.227699981E-03
+3.113735000E-03,+513.464033613E-03,+2.552724532961E+00,+95.135363303E-03
+3.113740000E-03,+500.767739659E-03,+2.552724532961E+00,+95.368403499E-03
+3.113745000E-03,+485.843116794E-03,+2.552724532961E+00,+95.385991447E-03
+3.113750000E-03,+472.421320460E-03,+2.552724532961E+00,+95.478328120E-03
+3.113755000E-03,+458.740416053E-03,+2.552724532961E+00,+95.539885915E-03
+3.113760000E-03,+443.815793154E-03,+2.552724532961E+00,+95.561870831E-03
+3.113765000E-03,+429.564851061E-03,+2.552724532961E+00,+95.663001489E-03
+3.113770000E-03,+414.640228136E-03,+2.552724532961E+00,+95.460740187E-03
+3.113775000E-03,+400.181999565E-03,+2.552724532961E+00,+95.641016563E-03
+3.113780000E-03,+385.671949495E-03,+2.552724532961E+00,+95.451946219E-03
+3.113785000E-03,+369.607251262E-03,+2.552724532961E+00,+95.482725108E-03
+3.113790000E-03,+355.459952358E-03,+2.552724532961E+00,+95.385991446E-03
+3.113795000E-03,+340.172578202E-03,+2.552724532961E+00,+95.377197476E-03
+3.113800000E-03,+326.336208986E-03,+2.552724532961E+00,+95.254081900E-03
+3.113805000E-03,+311.256121212E-03,+2.552724532961E+00,+95.148554259E-03
+3.113810000E-03,+296.176033426E-03,+2.552724532961E+00,+94.955086925E-03
+3.113815000E-03,+280.629551211E-03,+2.552724532961E+00,+94.836368335E-03
+3.113820000E-03,+266.948646795E-03,+2.552724532961E+00,+94.581343215E-03
+3.113825000E-03,+251.194878172E-03,+2.552724532961E+00,+94.502197478E-03
+3.113830000E-03,+235.907503899E-03,+2.552724532961E+00,+94.269157287E-03
+3.113835000E-03,+220.775594518E-03,+2.552724532961E+00,+94.124056786E-03
+3.113840000E-03,+205.384577095E-03,+2.552724532961E+00,+93.816267844E-03
+3.113845000E-03,+190.304489308E-03,+2.552724532961E+00,+93.578830662E-03
+3.113850000E-03,+174.706185507E-03,+2.552724532961E+00,+93.389760313E-03
+3.113855000E-03,+159.315168063E-03,+2.552724532961E+00,+93.016016590E-03
+3.113860000E-03,+143.613220933E-03,+2.552724532961E+00,+92.752197504E-03
+3.113865000E-03,+127.444879424E-03,+2.552724532961E+00,+92.325689965E-03
+3.113870000E-03,+111.224716352E-03,+2.552724532961E+00,+92.101443748E-03
+3.113875000E-03,+97.129239024E-03,+2.552724532961E+00,+91.683730170E-03
+3.113880000E-03,+81.686399985E-03,+2.552724532961E+00,+91.428705058E-03
+3.113885000E-03,+66.606312290E-03,+2.552724532961E+00,+90.799936222E-03
+3.113890000E-03,+49.971576305E-03,+2.552724532961E+00,+90.716393506E-03
+3.113895000E-03,+35.668812564E-03,+2.552724532961E+00,+89.986494018E-03
+3.113900000E-03,+19.655935909E-03,+2.552724532961E+00,+89.858981455E-03
+3.113905000E-03,+5.145885778E-03,+2.552724532961E+00,+89.177448802E-03
+3.113910000E-03,-10.711526148E-03,+2.552724532961E+00,+88.904835735E-03
+3.113915000E-03,-25.636149059E-03,+2.552724532961E+00,+88.249684991E-03
+3.113920000E-03,-39.576161548E-03,+2.552724532961E+00,+87.836368406E-03
+3.113925000E-03,-55.174465326E-03,+2.552724532961E+00,+87.273554347E-03
+3.113930000E-03,-70.824590835E-03,+2.552724532961E+00,+86.798679981E-03
+3.113935000E-03,-86.474716260E-03,+2.552724532961E+00,+86.253453859E-03
+3.113940000E-03,-102.487592920E-03,+2.552724532961E+00,+85.725815667E-03
+3.113945000E-03,-118.811399215E-03,+2.552724532961E+00,+85.004710153E-03
+3.113950000E-03,-133.943308711E-03,+2.552724532961E+00,+84.507850859E-03
+3.113955000E-03,-149.127039665E-03,+2.552724532961E+00,+83.865891071E-03
+3.113960000E-03,-164.621700342E-03,+2.552724532961E+00,+83.267901124E-03
+3.113965000E-03,-180.634576998E-03,+2.552724532961E+00,+82.542398627E-03
+3.113970000E-03,-195.403735184E-03,+2.552724532961E+00,+81.988378522E-03
+3.113975000E-03,-209.499212469E-03,+2.552724532961E+00,+81.188127282E-03
+3.113980000E-03,-224.838408258E-03,+2.552724532961E+00,+80.660489087E-03
+3.113985000E-03,-241.473144256E-03,+2.552724532961E+00,+79.820664984E-03
+3.113990000E-03,-256.605053610E-03,+2.552724532961E+00,+79.271041870E-03
+3.113995000E-03,-272.047892645E-03,+2.552724532961E+00,+78.338881081E-03
+3.114000000E-03,-286.609764366E-03,+2.552724532961E+00,+77.859609719E-03
+3.114005000E-03,-302.311711438E-03,+2.552724532961E+00,+76.835112258E-03
+3.114010000E-03,-318.169123320E-03,+2.552724532961E+00,+76.311871052E-03
+3.114015000E-03,-332.575530165E-03,+2.552724532961E+00,+75.326946443E-03
+3.114020000E-03,-347.033758671E-03,+2.552724532961E+00,+74.720162527E-03
+3.114025000E-03,-362.010203297E-03,+2.552724532961E+00,+73.673680136E-03
+3.114030000E-03,-376.883004587E-03,+2.552724532961E+00,+73.115263042E-03
+3.114035000E-03,-392.118557178E-03,+2.552724532961E+00,+72.002825875E-03
+3.114040000E-03,-406.006747989E-03,+2.552724532961E+00,+71.435614812E-03
+3.114045000E-03,-421.190479040E-03,+2.552724532961E+00,+70.151695248E-03
+3.114050000E-03,-436.529674851E-03,+2.552724532961E+00,+69.681217858E-03
+3.114055000E-03,-450.832438544E-03,+2.552724532961E+00,+68.428077169E-03
+3.114060000E-03,-464.979737333E-03,+2.552724532961E+00,+67.869660090E-03
+3.114065000E-03,-480.267111492E-03,+2.552724532961E+00,+66.572549550E-03
+3.114070000E-03,-494.258945585E-03,+2.552724532961E+00,+65.939383727E-03
+3.114075000E-03,-509.235390098E-03,+2.552724532961E+00,+64.681846056E-03
+3.114080000E-03,-523.019937712E-03,+2.552724532961E+00,+64.031092292E-03
+3.114085000E-03,-536.286269286E-03,+2.552724532961E+00,+62.791142554E-03
+3.114090000E-03,-549.604422410E-03,+2.552724532961E+00,+62.105212913E-03
+3.114095000E-03,-563.596256363E-03,+2.552724532961E+00,+60.878454137E-03
+3.114100000E-03,-577.484447196E-03,+2.552724532961E+00,+60.012248115E-03
+3.114105000E-03,-591.735389246E-03,+2.552724532961E+00,+58.926192849E-03
+3.114110000E-03,-603.550715811E-03,+2.552724532961E+00,+58.068780796E-03
+3.114115000E-03,-618.112587491E-03,+2.552724532961E+00,+56.881594883E-03
+3.114120000E-03,-630.549773265E-03,+2.552724532961E+00,+55.984609966E-03
+3.114125000E-03,-643.608818428E-03,+2.552724532961E+00,+54.793027062E-03
+3.114130000E-03,-657.186079494E-03,+2.552724532961E+00,+53.852072304E-03
+3.114135000E-03,-669.726908542E-03,+2.552724532961E+00,+52.691268291E-03
+3.114140000E-03,-682.267737594E-03,+2.552724532961E+00,+51.719534649E-03
+3.114145000E-03,-694.860388231E-03,+2.552724532961E+00,+50.497172839E-03
+3.114150000E-03,-707.245752420E-03,+2.552724532961E+00,+49.613378888E-03
+3.114155000E-03,-720.252975817E-03,+2.552724532961E+00,+48.285489446E-03
+3.114160000E-03,-733.104734432E-03,+2.552724532961E+00,+47.458856291E-03
+3.114165000E-03,-745.438277054E-03,+2.552724532961E+00,+45.999057315E-03
+3.114170000E-03,-757.979106088E-03,+2.552724532961E+00,+45.190012096E-03
+3.114175000E-03,-769.120751689E-03,+2.552724532961E+00,+43.655464370E-03
+3.114180000E-03,-781.661580714E-03,+2.552724532961E+00,+42.828831210E-03
+3.114185000E-03,-793.528728878E-03,+2.552724532961E+00,+41.386620176E-03
+3.114190000E-03,-804.981304059E-03,+2.552724532961E+00,+40.564383993E-03
+3.114195000E-03,-816.796630620E-03,+2.552724532961E+00,+39.021042315E-03
+3.114200000E-03,-827.990097832E-03,+2.552724532961E+00,+38.080087538E-03
+3.114205000E-03,-840.219997185E-03,+2.552724532961E+00,+36.576318726E-03
+3.114210000E-03,-850.377032252E-03,+2.552724532961E+00,+35.714509674E-03
+3.114215000E-03,-861.155926604E-03,+2.552724532961E+00,+34.092022272E-03
+3.114220000E-03,-869.758313474E-03,+2.552724532961E+00,+33.230213223E-03
+3.114225000E-03,-881.780926411E-03,+2.552724532961E+00,+31.634107723E-03
+3.114230000E-03,-892.663463909E-03,+2.552724532961E+00,+30.873429336E-03
+3.114235000E-03,-903.494179915E-03,+2.552724532961E+00,+29.136620310E-03
+3.114240000E-03,-913.495750178E-03,+2.552724532961E+00,+28.485866540E-03
+3.114245000E-03,-924.222822932E-03,+2.552724532961E+00,+26.542399239E-03
+3.114250000E-03,-933.343425849E-03,+2.552724532961E+00,+25.957600232E-03
+3.114255000E-03,-943.344996148E-03,+2.552724532961E+00,+24.036117859E-03
+3.114260000E-03,-952.828350259E-03,+2.552724532961E+00,+23.451318854E-03
+3.114265000E-03,-963.244493326E-03,+2.552724532961E+00,+21.556218385E-03
+3.114270000E-03,-972.416917897E-03,+2.552724532961E+00,+20.865891742E-03
+3.114275000E-03,-979.931050992E-03,+2.552724532961E+00,+19.115891777E-03
+3.114280000E-03,-989.258940343E-03,+2.552724532961E+00,+18.196921930E-03
+3.114285000E-03,-998.483186480E-03,+2.552724532961E+00,+16.592022454E-03
+3.114290000E-03,-1.007396502931E+00,+2.552724532961E+00,+15.554334026E-03
+3.114295000E-03,-1.015532495297E+00,+2.552724532961E+00,+14.024183283E-03
+3.114300000E-03,-1.023668487713E+00,+2.552724532961E+00,+12.938128022E-03
+3.114305000E-03,-1.031493550434E+00,+2.552724532961E+00,+11.495916973E-03
+3.114310000E-03,-1.040251402127E+00,+2.552724532961E+00,+10.313128056E-03
+3.114315000E-03,-1.047869178455E+00,+2.552724532961E+00,+8.853329057E-03
+3.114320000E-03,-1.054813273849E+00,+2.552724532961E+00,+7.745288890E-03
+3.114325000E-03,-1.062327406934E+00,+2.552724532961E+00,+6.197550191E-03
+3.114330000E-03,-1.069686075187E+00,+2.552724532961E+00,+5.142273844E-03
+3.114335000E-03,-1.077096565021E+00,+2.552724532961E+00,+3.541771326E-03
+3.114340000E-03,-1.082848763502E+00,+2.552724532961E+00,+2.657977383E-03
+3.114345000E-03,-1.089844680513E+00,+2.552724532961E+00,+973.932161E-06
+3.114350000E-03,-1.096633311019E+00,+2.552724532961E+00,+41.771376E-06
+3.114355000E-03,-1.102540974347E+00,+2.552724532961E+00,-1.505967303E-03
+3.114360000E-03,-1.109485069717E+00,+2.552724532961E+00,-2.539258750E-03
+3.114365000E-03,-1.114667230507E+00,+2.552724532961E+00,-4.069409491E-03
+3.114370000E-03,-1.121144931360E+00,+2.552724532961E+00,-5.239007462E-03
+3.114375000E-03,-1.126327092164E+00,+2.552724532961E+00,-6.566896898E-03
+3.114380000E-03,-1.131250144889E+00,+2.552724532961E+00,-8.022298891E-03
+3.114385000E-03,-1.136328662404E+00,+2.552724532961E+00,-9.200690834E-03
+3.114390000E-03,-1.140370747843E+00,+2.552724532961E+00,-10.704459671E-03
+3.114395000E-03,-1.145604730153E+00,+2.552724532961E+00,-11.759736036E-03
+3.114400000E-03,-1.150268674831E+00,+2.552724532961E+00,-13.408605365E-03
+3.114405000E-03,-1.155450835607E+00,+1.488418677490E+00,-14.389132986E-03
+3.114410000E-03,-1.158767418505E+00,-142.156087276E-03,-15.892901821E-03
+3.114415000E-03,-1.162705860637E+00,-180.786743978E-03,-16.934987237E-03
+3.114420000E-03,-1.166955232497E+00,-8.911751598E-03,-18.592650552E-03
+3.114425000E-03,-1.170375458619E+00,+158.644788270E-03,-19.656720865E-03
+3.114430000E-03,-1.174365722288E+00,-83.896041144E-03,-20.993404289E-03
+3.114435000E-03,-1.177785948447E+00,-74.866518903E-03,-22.352072589E-03
+3.114440000E-03,-1.180532493583E+00,-92.454459488E-03,-23.552449500E-03
+3.114445000E-03,-1.182138963457E+00,-17.705716039E-03,-25.073806234E-03
+3.114450000E-03,-1.185870119215E+00,-54.766016754E-03,-26.208228362E-03
+3.114455000E-03,-1.188513021220E+00,-47.934986810E-03,-27.624057459E-03
+3.114460000E-03,-1.190326777445E+00,-62.774810765E-03,-28.767273553E-03
+3.114465000E-03,-1.193280609071E+00,-48.327574987E-03,-30.086368997E-03
+3.114470000E-03,-1.194265219707E+00,-51.311243084E-03,-31.365891619E-03
+3.114475000E-03,-1.196234440740E+00,-50.526067326E-03,-32.632223251E-03
+3.114480000E-03,-1.197789088955E+00,-52.881594861E-03,-33.942524750E-03
+3.114485000E-03,-1.198151840222E+00,-50.369032159E-03,-35.138504628E-03
+3.114490000E-03,-1.199343737203E+00,-50.369032074E-03,-36.558730740E-03
+3.114495000E-03,-1.200276526096E+00,-48.798680261E-03,-37.754710633E-03
+3.114500000E-03,-1.201053850189E+00,-48.484610098E-03,-38.941896545E-03
+3.114505000E-03,-1.201727531124E+00,-48.877197926E-03,-40.221419156E-03
+3.114510000E-03,-1.200535634180E+00,-48.955715556E-03,-41.338253298E-03
+3.114515000E-03,-1.201779352727E+00,-49.269785847E-03,-42.740891490E-03
+3.114520000E-03,-1.201468423110E+00,-48.170539728E-03,-43.752197994E-03
+3.114525000E-03,-1.200328347755E+00,-49.897926573E-03,-45.176821117E-03
+3.114530000E-03,-1.200587455830E+00,-49.034233093E-03,-46.122172849E-03
+3.114535000E-03,-1.200794742208E+00,-47.228328783E-03,-47.511620084E-03
+3.114540000E-03,-1.198670056339E+00,-46.678705530E-03,-48.536117546E-03
+3.114545000E-03,-1.198721877852E+00,-46.757223017E-03,-49.824434131E-03
+3.114550000E-03,-1.197011764885E+00,-46.600187929E-03,-50.897298431E-03
+3.114555000E-03,-1.195975332702E+00,-48.249057251E-03,-52.018529584E-03
+3.114560000E-03,-1.193539717203E+00,-48.249057272E-03,-53.385991876E-03
+3.114565000E-03,-1.192244176959E+00,-47.856469351E-03,-54.247800914E-03
+3.114570000E-03,-1.189497631861E+00,-46.678705595E-03,-55.650439086E-03
+3.114575000E-03,-1.188150269972E+00,-46.050564919E-03,-56.490263196E-03
+3.114580000E-03,-1.184833687126E+00,-45.893529580E-03,-57.958856141E-03
+3.114585000E-03,-1.182346249986E+00,-45.579459261E-03,-58.565640067E-03
+3.114590000E-03,-1.179755169550E+00,-45.343906557E-03,-60.174936524E-03
+3.114595000E-03,-1.176490408335E+00,-44.558730794E-03,-60.865263156E-03
+3.114600000E-03,-1.173018360667E+00,-44.715765860E-03,-62.360238010E-03
+3.114605000E-03,-1.169753599367E+00,-45.265388962E-03,-62.953830966E-03
+3.114610000E-03,-1.166074265202E+00,-44.715765846E-03,-64.365263118E-03
+3.114615000E-03,-1.162602217525E+00,-46.443152711E-03,-65.231469124E-03
+3.114620000E-03,-1.157627343206E+00,-44.087625178E-03,-66.480212848E-03
+3.114625000E-03,-1.154103473892E+00,-43.616519619E-03,-67.192524389E-03
+3.114630000E-03,-1.149905923705E+00,-44.558730707E-03,-68.538001772E-03
+3.114635000E-03,-1.143790974046E+00,-43.538001981E-03,-69.223931401E-03
+3.114640000E-03,-1.139075207750E+00,-46.521670262E-03,-70.468278134E-03
+3.114645000E-03,-1.134255798283E+00,-45.736494427E-03,-71.184986654E-03
+3.114650000E-03,-1.129384567175E+00,-43.066896596E-03,-72.380966557E-03
+3.114655000E-03,-1.123373260773E+00,-45.815012058E-03,-73.093278094E-03
+3.114660000E-03,-1.117672883907E+00,-43.773554786E-03,-74.227700205E-03
+3.114665000E-03,-1.111765220658E+00,-43.459484416E-03,-75.115891131E-03
+3.114670000E-03,-1.105650270966E+00,-42.595791059E-03,-76.061242895E-03
+3.114675000E-03,-1.098913462002E+00,-43.066896516E-03,-76.967021775E-03
+3.114680000E-03,-1.092953977180E+00,-42.988378987E-03,-77.824433839E-03
+3.114685000E-03,-1.086268989752E+00,-43.930589975E-03,-78.778579550E-03
+3.114690000E-03,-1.079584002406E+00,-44.166142700E-03,-79.460112205E-03
+3.114695000E-03,-1.072536263836E+00,-43.852072373E-03,-80.722046856E-03
+3.114700000E-03,-1.065747633217E+00,-43.695037155E-03,-81.188127263E-03
+3.114705000E-03,-1.059839969868E+00,-43.852072307E-03,-82.357725233E-03
+3.114710000E-03,-1.051082118308E+00,-43.538002054E-03,-82.678705142E-03
+3.114715000E-03,-1.044345309278E+00,-43.223931749E-03,-84.019785518E-03
+3.114720000E-03,-1.035587457670E+00,-42.595791030E-03,-84.397926228E-03
+3.114725000E-03,-1.027606930151E+00,-41.967650406E-03,-85.646669915E-03
+3.114730000E-03,-1.019367294576E+00,-42.124685442E-03,-85.989634756E-03
+3.114735000E-03,-1.011438588577E+00,-44.558730657E-03,-87.031720158E-03
+3.114740000E-03,-1.001903412815E+00,-42.360238247E-03,-87.528579460E-03
+3.114745000E-03,-993.767420411E-03,-43.695037147E-03,-88.500313102E-03
+3.114750000E-03,-985.424141644E-03,-42.046167884E-03,-88.970790499E-03
+3.114755000E-03,-976.562646731E-03,-42.517273363E-03,-89.784232693E-03
+3.114760000E-03,-966.198325277E-03,-41.967650297E-03,-90.391016612E-03
+3.114765000E-03,-957.492295147E-03,-42.046167950E-03,-90.997800523E-03
+3.114770000E-03,-947.179795364E-03,-41.575062391E-03,-91.657348257E-03
+3.114775000E-03,-937.540976338E-03,-41.889132703E-03,-92.321292974E-03
+3.114780000E-03,-928.005800585E-03,-41.575062449E-03,-92.958855781E-03
+3.114785000E-03,-917.589657427E-03,-42.438755776E-03,-93.486493963E-03
+3.114790000E-03,-905.877974174E-03,-41.967650392E-03,-94.154835668E-03
+3.114795000E-03,-895.254544606E-03,-41.810615123E-03,-94.625313043E-03
+3.114800000E-03,-885.460260772E-03,-41.967650282E-03,-95.271669829E-03
+3.114805000E-03,-874.422258397E-03,-42.281720601E-03,-95.706971325E-03
+3.114810000E-03,-864.368866579E-03,-41.103956883E-03,-96.392900969E-03
+3.114815000E-03,-853.849080303E-03,-41.889132592E-03,-96.678704991E-03
+3.114820000E-03,-843.536580370E-03,-41.339509644E-03,-97.404207490E-03
+3.114825000E-03,-831.824897113E-03,-41.653579993E-03,-97.668026592E-03
+3.114830000E-03,-820.786894738E-03,-42.831343740E-03,-98.305589382E-03
+3.114835000E-03,-808.401530471E-03,-41.418027239E-03,-98.573805472E-03
+3.114840000E-03,-797.674457809E-03,-40.789886557E-03,-99.145413499E-03
+3.114845000E-03,-785.755488034E-03,-41.339509585E-03,-99.492775316E-03
+3.114850000E-03,-773.577410241E-03,-40.161745749E-03,-99.862122036E-03
+3.114855000E-03,-760.725651648E-03,-41.810615167E-03,-100.301820538E-03
+3.114860000E-03,-748.340287435E-03,-42.124685419E-03,-100.631594390E-03
+3.114865000E-03,-737.354106653E-03,-42.281720682E-03,-101.124056701E-03
+3.114870000E-03,-724.139596754E-03,-41.575062332E-03,-101.255966247E-03
+3.114875000E-03,-712.583378251E-03,-43.145414066E-03,-101.704458708E-03
+3.114880000E-03,-699.368868304E-03,-40.475816238E-03,-101.862750169E-03
+3.114885000E-03,-686.776217773E-03,-42.438755782E-03,-102.311242617E-03
+3.114890000E-03,-674.079923905E-03,-40.554333840E-03,-102.399182320E-03
+3.114895000E-03,-660.502662758E-03,-41.260992035E-03,-102.680589352E-03
+3.114900000E-03,-647.754547376E-03,-42.046167906E-03,-102.970790356E-03
+3.114905000E-03,-633.555426866E-03,-40.318781027E-03,-103.137875769E-03
+3.114910000E-03,-620.081808935E-03,-41.732097536E-03,-103.458855673E-03
+3.114915000E-03,-606.245439717E-03,-40.554333811E-03,-103.480840594E-03
+3.114920000E-03,-592.979108235E-03,-41.889132747E-03,-103.858981297E-03
+3.114925000E-03,-579.868241507E-03,-41.025439259E-03,-103.718277780E-03
+3.114930000E-03,-565.461834661E-03,-41.182474418E-03,-104.021669743E-03
+3.114935000E-03,-551.780930299E-03,-41.025439274E-03,-103.911745114E-03
+3.114940000E-03,-538.048204277E-03,-40.475816202E-03,-104.316267729E-03
+3.114945000E-03,-523.641797371E-03,-42.046167869E-03,-104.034860694E-03
+3.114950000E-03,-510.168179430E-03,-40.711368963E-03,-104.417398374E-03
+3.114955000E-03,-494.880805306E-03,-42.046167817E-03,-104.184358182E-03
+3.114960000E-03,-481.562652118E-03,-40.397298570E-03,-104.426192349E-03
+3.114965000E-03,-465.964348349E-03,-42.203202924E-03,-104.259106926E-03
+3.114970000E-03,-452.542551917E-03,-41.732097506E-03,-104.395413453E-03
+3.114975000E-03,-436.736961639E-03,-40.161745801E-03,-104.245915971E-03
+3.114980000E-03,-422.226911583E-03,-40.161745808E-03,-104.316267729E-03
+3.114985000E-03,-408.027791092E-03,-40.554333699E-03,-104.175564210E-03
+3.114990000E-03,-392.636773704E-03,-39.769157836E-03,-104.219534061E-03
+3.114995000E-03,-377.712150723E-03,-40.475816164E-03,-103.999684820E-03
