x-axis,1,2,3
second,Volt,Volt,Volt
+3.105000000E-03,-110.209012683E-03,-40.397298562E-03,-99.184986375E-03
+3.105005000E-03,-94.507065615E-03,-39.847675453E-03,-98.450689900E-03
+3.105010000E-03,-79.012404978E-03,-39.690640278E-03,-98.327574324E-03
+3.105015000E-03,-63.880495592E-03,-41.103956846E-03,-97.659232622E-03
+3.105020000E-03,-48.023083702E-03,-39.141017169E-03,-97.193152225E-03
+3.105025000E-03,-32.632066279E-03,-39.926193040E-03,-96.700689919E-03
+3.105030000E-03,-17.655621715E-03,-39.926193040E-03,-96.164257764E-03
+3.105035000E-03,-2.264604292E-03,-40.083228214E-03,-95.794911034E-03
+3.105040000E-03,+14.681061355E-03,-40.161745802E-03,-94.990262802E-03
+3.105045000E-03,+30.227543601E-03,-41.339509608E-03,-94.801192452E-03
+3.105050000E-03,+46.551349958E-03,-38.748429234E-03,-93.789885930E-03
+3.105055000E-03,+61.372329699E-03,-40.868404085E-03,-93.675564323E-03
+3.105060000E-03,+77.540671234E-03,-40.004710628E-03,-92.730212575E-03
+3.105065000E-03,+94.019942414E-03,-40.083228214E-03,-92.303705042E-03
+3.105070000E-03,+109.255495015E-03,-41.025439260E-03,-91.499056809E-03
+3.105075000E-03,+124.646512438E-03,-41.732097542E-03,-91.032976412E-03
+3.105080000E-03,+140.089351468E-03,-40.083228214E-03,-90.210740240E-03
+3.105085000E-03,+157.086838724E-03,-41.967650303E-03,-89.603956327E-03
+3.105090000E-03,+172.581499361E-03,-40.240263389E-03,-89.027951308E-03
+3.105095000E-03,+187.713408747E-03,-41.025439259E-03,-88.249684985E-03
+3.105100000E-03,+202.845318132E-03,-40.554333737E-03,-87.603328207E-03
+3.105105000E-03,+218.754551630E-03,-39.612122692E-03,-86.763504096E-03
+3.105110000E-03,+234.404677090E-03,-40.554333736E-03,-86.125941288E-03
+3.105115000E-03,+249.899337728E-03,-41.103956844E-03,-85.272926223E-03
+3.105120000E-03,+266.171322478E-03,-40.868404086E-03,-84.595790551E-03
+3.105125000E-03,+281.510518294E-03,-40.004710627E-03,-83.720790561E-03
+3.105130000E-03,+296.849714110E-03,-40.475816152E-03,-82.977700116E-03
+3.105135000E-03,+312.137088318E-03,-40.161745800E-03,-82.111494096E-03
+3.105140000E-03,+327.994500208E-03,-40.475816150E-03,-81.359609681E-03
+3.105145000E-03,+342.608193519E-03,-41.339509607E-03,-80.352700145E-03
+3.105150000E-03,+357.636459689E-03,-40.946921672E-03,-79.622800655E-03
+3.105155000E-03,+372.250153001E-03,-40.161745801E-03,-78.620288103E-03
+3.105160000E-03,+386.449273452E-03,-40.161745800E-03,-77.987122280E-03
+3.105165000E-03,+402.358506949E-03,-40.946921672E-03,-76.742775560E-03
+3.105170000E-03,+417.542237943E-03,-39.690640279E-03,-76.122800692E-03
+3.105175000E-03,+432.052288039E-03,-41.575062366E-03,-74.882850957E-03
+3.105180000E-03,+446.769624564E-03,-42.203203065E-03,-74.311242923E-03
+3.105185000E-03,+461.331496266E-03,-41.889132718E-03,-72.926192687E-03
+3.105190000E-03,+476.100654401E-03,-41.182474434E-03,-72.398554501E-03
+3.105195000E-03,+491.284385394E-03,-41.025439259E-03,-71.092649993E-03
+3.105200000E-03,+505.898078703E-03,-40.632851318E-03,-70.490263064E-03
+3.105205000E-03,+519.475339865E-03,-40.475816150E-03,-69.298680163E-03
+3.105210000E-03,+533.778103532E-03,-41.260992021E-03,-68.388504293E-03
+3.105215000E-03,+547.873580767E-03,-40.397298563E-03,-67.377197771E-03
+3.105220000E-03,+561.917236397E-03,-42.438755828E-03,-66.343906325E-03
+3.105225000E-03,+575.649962379E-03,-39.612122693E-03,-65.284232970E-03
+3.105230000E-03,+589.900904437E-03,-41.575062368E-03,-64.202574690E-03
+3.105235000E-03,+604.255489710E-03,-40.632851323E-03,-63.138504349E-03
+3.105240000E-03,+617.314534798E-03,-40.711368913E-03,-62.026067175E-03
+3.105245000E-03,+631.150903995E-03,-41.260992020E-03,-61.001569699E-03
+3.105250000E-03,+644.728165156E-03,-41.418027195E-03,-59.933102374E-03
+3.105255000E-03,+655.973453982E-03,-42.046167890E-03,-58.917398867E-03
+3.105260000E-03,+670.224396039E-03,-41.182474434E-03,-57.787373753E-03
+3.105265000E-03,+681.780614507E-03,-41.418027192E-03,-56.630966731E-03
+3.105270000E-03,+695.616983707E-03,-41.025439259E-03,-55.580087345E-03
+3.105275000E-03,+708.572385576E-03,-42.281720653E-03,-54.397298413E-03
+3.105280000E-03,+720.957749767E-03,-39.847675454E-03,-53.188127572E-03
+3.105285000E-03,+732.721254664E-03,-41.025439262E-03,-52.146042156E-03
+3.105290000E-03,+745.313905284E-03,-41.496544781E-03,-50.730213025E-03
+3.105295000E-03,+757.802912690E-03,-41.103956845E-03,-49.793655246E-03
+3.105300000E-03,+770.343741701E-03,-40.318780975E-03,-48.298680388E-03
+3.105305000E-03,+782.366354635E-03,-40.946921672E-03,-47.511620095E-03
+3.105310000E-03,+793.352535425E-03,-41.496544783E-03,-45.919911569E-03
+3.105315000E-03,+805.012397108E-03,-40.946921674E-03,-45.216393989E-03
+3.105320000E-03,+816.620437185E-03,-40.946921671E-03,-43.488378932E-03
+3.105325000E-03,+828.487585300E-03,-41.025439259E-03,-42.881595019E-03
+3.105330000E-03,+839.525587692E-03,-41.496544783E-03,-40.955715642E-03
+3.105335000E-03,+850.097195620E-03,-41.732097544E-03,-40.357725699E-03
+3.105340000E-03,+861.446127659E-03,-40.632851325E-03,-38.581343809E-03
+3.105345000E-03,+872.639594876E-03,-39.926193041E-03,-37.798680500E-03
+3.105350000E-03,+882.952094766E-03,-39.690640278E-03,-36.255338808E-03
+3.105355000E-03,+894.404670020E-03,-42.752826175E-03,-35.178077513E-03
+3.105360000E-03,+903.888024189E-03,-42.438755829E-03,-33.757851398E-03
+3.105365000E-03,+914.563275330E-03,-40.083228215E-03,-32.702575027E-03
+3.105370000E-03,+923.839343072E-03,-43.145414112E-03,-31.198806199E-03
+3.105375000E-03,+933.322697242E-03,-41.967650302E-03,-30.064384101E-03
+3.105380000E-03,+943.479732308E-03,-41.260992021E-03,-28.710112759E-03
+3.105385000E-03,+952.600335223E-03,-40.083228212E-03,-27.448178099E-03
+3.105390000E-03,+961.254543678E-03,-40.946921674E-03,-26.137876605E-03
+3.105395000E-03,+971.152470704E-03,-41.575062371E-03,-24.840766067E-03
+3.105400000E-03,+979.236641473E-03,-40.711368914E-03,-23.521670603E-03
+3.105405000E-03,+987.787206708E-03,-42.360238238E-03,-22.255338959E-03
+3.105410000E-03,+995.715912656E-03,-40.632851320E-03,-20.896670631E-03
+3.105415000E-03,+1.004784693963E+00,-42.203203063E-03,-19.621545017E-03
+3.105420000E-03,+1.012091540620E+00,-41.418027200E-03,-18.333228448E-03
+3.105425000E-03,+1.020797570677E+00,-41.418027193E-03,-16.820665650E-03
+3.105430000E-03,+1.027793487686E+00,-43.380966871E-03,-15.747801340E-03
+3.105435000E-03,+1.035877658455E+00,-41.967650303E-03,-14.248429497E-03
+3.105440000E-03,+1.043910007613E+00,-39.926193042E-03,-13.184359156E-03
+3.105445000E-03,+1.051009567840E+00,-42.909861348E-03,-11.684987313E-03
+3.105450000E-03,+1.057798198420E+00,-39.847675453E-03,-10.480213456E-03
+3.105455000E-03,+1.064794115431E+00,-41.418027192E-03,-9.064384327E-03
+3.105460000E-03,+1.071530924403E+00,-40.318780978E-03,-7.881595393E-03
+3.105465000E-03,+1.079459630345E+00,-42.046167891E-03,-6.395414506E-03
+3.105470000E-03,+1.085730044857E+00,-41.418027193E-03,-5.177449694E-03
+3.105475000E-03,+1.092518675437E+00,-42.281720652E-03,-3.915515035E-03
+3.105480000E-03,+1.098374517080E+00,-41.103956844E-03,-2.495288919E-03
+3.105485000E-03,+1.103971250692E+00,-42.124685479E-03,-1.404836670E-03
+3.105490000E-03,+1.110811702877E+00,-41.496544781E-03,+142.902008E-06
+3.105495000E-03,+1.115993863627E+00,-42.124685476E-03,+1.070665817E-03
+3.105500000E-03,+1.122056991700E+00,-35.921796100E-03,+2.926193435E-03
+3.105505000E-03,+1.126099077091E+00,+1.515978310366E+00,+3.691268804E-03
+3.105510000E-03,+1.129415659965E+00,+2.552567497787E+00,+5.436871800E-03
+3.105515000E-03,+1.133716853385E+00,+2.552567497787E+00,+6.219535108E-03
+3.105520000E-03,+1.137758938773E+00,+2.552567497787E+00,+8.127826545E-03
+3.105525000E-03,+1.143148385951E+00,+2.552567497787E+00,+8.765389353E-03
+3.105530000E-03,+1.146879541688E+00,+2.552567497787E+00,+10.673680789E-03
+3.105535000E-03,+1.151750772794E+00,+2.552567497787E+00,+11.346419475E-03
+3.105540000E-03,+1.154652782812E+00,+2.552567497787E+00,+13.237122972E-03
+3.105545000E-03,+1.159057619447E+00,+2.552567497787E+00,+14.138504873E-03
+3.105550000E-03,+1.161959629466E+00,+2.552567497787E+00,+15.857725959E-03
+3.105555000E-03,+1.165587141994E+00,+2.552567497787E+00,+16.710741027E-03
+3.105560000E-03,+1.168540973622E+00,+2.552567497787E+00,+18.284861612E-03
+3.105565000E-03,+1.171702091678E+00,+2.552567497787E+00,+19.260992255E-03
+3.105570000E-03,+1.173153096687E+00,+2.552567497787E+00,+20.997801281E-03
+3.105575000E-03,+1.176106928311E+00,+2.552567497787E+00,+21.806846499E-03
+3.105580000E-03,+1.178024327792E+00,+2.552724532961E+00,+23.534861556E-03
+3.105585000E-03,+1.179475332804E+00,+2.552724532961E+00,+24.396670592E-03
+3.105590000E-03,+1.180978159417E+00,+2.552724532961E+00,+26.133479618E-03
+3.105595000E-03,+1.182584629248E+00,+2.552724532961E+00,+26.933730866E-03
+3.105600000E-03,+1.183310131755E+00,+2.552724532961E+00,+28.648554969E-03
+3.105605000E-03,+1.185020244803E+00,+2.552724532961E+00,+29.391645413E-03
+3.105610000E-03,+1.185382996052E+00,+2.552724532961E+00,+31.211997153E-03
+3.105615000E-03,+1.185849390521E+00,+2.552724532961E+00,+31.902323777E-03
+3.105620000E-03,+1.186263963383E+00,+2.552724532961E+00,+33.542399137E-03
+3.105625000E-03,+1.186212141772E+00,+2.552724532961E+00,+34.333856414E-03
+3.105630000E-03,+1.185849390521E+00,+2.552724532961E+00,+35.938755896E-03
+3.105635000E-03,+1.186471249814E+00,+2.552724532961E+00,+36.822549855E-03
+3.105640000E-03,+1.187144930710E+00,+2.552724532961E+00,+38.357097578E-03
+3.105645000E-03,+1.185849390524E+00,+2.552724532961E+00,+39.196921689E-03
+3.105650000E-03,+1.185123888019E+00,+2.552724532961E+00,+40.705087503E-03
+3.105655000E-03,+1.184398385516E+00,+2.552724532961E+00,+41.650439251E-03
+3.105660000E-03,+1.183102845327E+00,+2.552724532961E+00,+43.009107579E-03
+3.105665000E-03,+1.180874516205E+00,+2.552724532961E+00,+44.038002039E-03
+3.105670000E-03,+1.179786262449E+00,+2.552724532961E+00,+45.260363836E-03
+3.105675000E-03,+1.176728787612E+00,+2.552724532961E+00,+46.311243221E-03
+3.105680000E-03,+1.176003285103E+00,+2.552724532961E+00,+47.467650244E-03
+3.105685000E-03,+1.173671312766E+00,+2.552724532961E+00,+48.668027115E-03
+3.105690000E-03,+1.170613837928E+00,+2.552724532961E+00,+49.696921577E-03
+3.105695000E-03,+1.167763649511E+00,+2.552724532961E+00,+50.831343675E-03
+3.105700000E-03,+1.165379855566E+00,+2.552724532961E+00,+51.934986880E-03
+3.105705000E-03,+1.162477845547E+00,+2.552724532961E+00,+53.104584857E-03
+3.105710000E-03,+1.158487581777E+00,+2.552724532961E+00,+53.966393893E-03
+3.105715000E-03,+1.156000144616E+00,+2.552724532961E+00,+55.272298402E-03
+3.105720000E-03,+1.152320810485E+00,+2.552724532961E+00,+56.103328544E-03
+3.105725000E-03,+1.148175081889E+00,+2.552724532961E+00,+57.268529536E-03
+3.105730000E-03,+1.144754855785E+00,+2.552724532961E+00,+58.174308421E-03
+3.105735000E-03,+1.139365408614E+00,+2.552724532961E+00,+59.242775746E-03
+3.105740000E-03,+1.135997004122E+00,+2.552724532961E+00,+60.201318450E-03
+3.105745000E-03,+1.131125773026E+00,+2.552724532961E+00,+61.291770699E-03
+3.105750000E-03,+1.125632682628E+00,+2.552724532961E+00,+62.127197826E-03
+3.105755000E-03,+1.121797883674E+00,+2.552724532961E+00,+63.138504349E-03
+3.105760000E-03,+1.115216539526E+00,+2.552724532961E+00,+64.123428960E-03
+3.105765000E-03,+1.109049768236E+00,+2.552724532961E+00,+65.007222921E-03
+3.105770000E-03,+1.103815785881E+00,+2.552724532961E+00,+66.132851049E-03
+3.105775000E-03,+1.097597192982E+00,+2.552724532961E+00,+66.955087222E-03
+3.105780000E-03,+1.091585886512E+00,+2.552724532961E+00,+67.997172636E-03
+3.105785000E-03,+1.085470936833E+00,+2.552724532961E+00,+68.828202780E-03
+3.105790000E-03,+1.078785949467E+00,+2.552724532961E+00,+69.791142467E-03
+3.105795000E-03,+1.072152783711E+00,+2.552724532961E+00,+70.543026883E-03
+3.105800000E-03,+1.066245120452E+00,+2.552724532961E+00,+71.532348478E-03
+3.105805000E-03,+1.058005484866E+00,+2.552724532961E+00,+72.161117318E-03
+3.105810000E-03,+1.052149643217E+00,+2.552724532961E+00,+73.286745444E-03
+3.105815000E-03,+1.043858186022E+00,+2.552724532961E+00,+73.831971570E-03
+3.105820000E-03,+1.035877658470E+00,+2.552724532961E+00,+74.900438895E-03
+3.105825000E-03,+1.028881741458E+00,+2.552724532961E+00,+75.463252960E-03
+3.105830000E-03,+1.020123889794E+00,+2.552724532961E+00,+76.500941390E-03
+3.105835000E-03,+1.012350648669E+00,+2.552724532961E+00,+76.989006712E-03
+3.105840000E-03,+1.002400900038E+00,+2.552724532961E+00,+78.110237856E-03
+3.105845000E-03,+994.316729267E-03,+2.552724532961E+00,+78.426820767E-03
+3.105850000E-03,+985.247947960E-03,+2.552724532961E+00,+79.627197639E-03
+3.105855000E-03,+976.697382725E-03,+2.552724532961E+00,+79.811871004E-03
+3.105860000E-03,+967.524958198E-03,+2.552724532961E+00,+81.043026770E-03
+3.105865000E-03,+958.922571351E-03,+2.552724532961E+00,+81.262876013E-03
+3.105870000E-03,+950.061076478E-03,+2.552724532961E+00,+82.379710172E-03
+3.105875000E-03,+940.266792661E-03,+2.552724532961E+00,+82.511619718E-03
+3.105880000E-03,+930.006114383E-03,+2.552724532961E+00,+83.580087044E-03
+3.105885000E-03,+920.522760212E-03,+2.552724532961E+00,+83.751569454E-03
+3.105890000E-03,+910.728476389E-03,+2.552724532961E+00,+84.732097082E-03
+3.105895000E-03,+899.897760430E-03,+2.552724532961E+00,+85.026695068E-03
+3.105900000E-03,+889.792546977E-03,+2.552724532961E+00,+85.835740286E-03
+3.105905000E-03,+879.324582265E-03,+2.552724532961E+00,+86.297423698E-03
+3.105910000E-03,+868.234758262E-03,+2.552724532961E+00,+86.816267914E-03
+3.105915000E-03,+858.077723189E-03,+2.552724532961E+00,+87.436242781E-03
+3.105920000E-03,+846.676969550E-03,+2.552724532961E+00,+87.809986496E-03
+3.105925000E-03,+835.742610373E-03,+2.552724532961E+00,+88.447549303E-03
+3.105930000E-03,+824.238213512E-03,+2.552724532961E+00,+88.772926185E-03
+3.105935000E-03,+812.681995037E-03,+2.552724532961E+00,+89.357725173E-03
+3.105940000E-03,+801.436706214E-03,+2.552724532961E+00,+89.709483963E-03
+3.105945000E-03,+790.087774170E-03,+2.552724532961E+00,+90.329458830E-03
+3.105950000E-03,+777.495123557E-03,+2.552724532961E+00,+90.553705061E-03
+3.105955000E-03,+766.094369910E-03,+2.552724532961E+00,+91.063755306E-03
+3.105960000E-03,+753.294432855E-03,+2.552724532961E+00,+91.419911081E-03
+3.105965000E-03,+741.582749569E-03,+2.552724532961E+00,+91.776066856E-03
+3.105970000E-03,+728.679169306E-03,+2.552724532961E+00,+92.158604540E-03
+3.105975000E-03,+717.796631734E-03,+2.552724532961E+00,+92.431217603E-03
+3.105980000E-03,+705.307624329E-03,+2.552724532961E+00,+92.862122120E-03
+3.105985000E-03,+692.404044065E-03,+2.552724532961E+00,+93.121544229E-03
+3.105990000E-03,+679.448642192E-03,+2.552724532961E+00,+93.464509047E-03
+3.105995000E-03,+665.923202640E-03,+2.552724532961E+00,+93.635991460E-03
+3.106000000E-03,+652.449584696E-03,+2.552724532961E+00,+93.952574369E-03
+3.106005000E-03,+638.924145144E-03,+2.552724532961E+00,+94.159232661E-03
+3.106010000E-03,+626.486959341E-03,+2.552724532961E+00,+94.396669841E-03
+3.106015000E-03,+613.687022293E-03,+2.552724532961E+00,+94.576946224E-03
+3.106020000E-03,+600.109761136E-03,+2.552724532961E+00,+94.722046723E-03
+3.106025000E-03,+585.288781402E-03,+2.552724532961E+00,+94.867147226E-03
+3.106030000E-03,+571.711520238E-03,+2.552724532961E+00,+95.060614559E-03
+3.106035000E-03,+558.704296754E-03,+2.552724532961E+00,+95.126569333E-03
+3.106040000E-03,+544.505176311E-03,+2.552724532961E+00,+95.359609531E-03
+3.106045000E-03,+530.046947818E-03,+2.552724532961E+00,+95.271669833E-03
+3.106050000E-03,+516.573329867E-03,+2.552724532961E+00,+95.641016564E-03
+3.106055000E-03,+501.130490843E-03,+2.552724532961E+00,+95.258478880E-03
+3.106060000E-03,+486.931370390E-03,+2.552724532961E+00,+95.900438671E-03
+3.106065000E-03,+473.561395656E-03,+2.552724532961E+00,+95.333227622E-03
+3.106070000E-03,+458.377664664E-03,+2.552724532961E+00,+95.970790429E-03
+3.106075000E-03,+444.126722611E-03,+2.552724532961E+00,+95.214509032E-03
+3.106080000E-03,+430.186710194E-03,+2.552724532961E+00,+95.970790429E-03
+3.106085000E-03,+415.935768139E-03,+2.552724532961E+00,+95.223303001E-03
+3.106090000E-03,+400.130177852E-03,+2.552724532961E+00,+95.935614550E-03
+3.106095000E-03,+385.153733290E-03,+2.552724532961E+00,+95.117775364E-03
+3.106100000E-03,+369.762715871E-03,+2.552724532961E+00,+95.711368321E-03
+3.106105000E-03,+354.630806490E-03,+2.552724532961E+00,+95.113378378E-03
+3.106110000E-03,+340.898080498E-03,+2.552724532961E+00,+95.394785410E-03
+3.106115000E-03,+325.144311826E-03,+2.552724532961E+00,+94.840765317E-03
+3.106120000E-03,+310.530618512E-03,+2.552724532961E+00,+95.034232650E-03
+3.106125000E-03,+295.243244299E-03,+2.552724532961E+00,+94.510991451E-03
+3.106130000E-03,+279.074902775E-03,+2.552724532961E+00,+94.660488935E-03
+3.106135000E-03,+264.357566245E-03,+2.552724532961E+00,+94.247172358E-03
+3.106140000E-03,+248.396511145E-03,+2.552724532961E+00,+94.084483917E-03
+3.106145000E-03,+233.264601754E-03,+2.552724532961E+00,+93.847046735E-03
+3.106150000E-03,+217.459011469E-03,+2.552724532961E+00,+93.627197489E-03
+3.106155000E-03,+202.327102087E-03,+2.552724532961E+00,+93.372172368E-03
+3.106160000E-03,+186.884263045E-03,+2.552724532961E+00,+92.928076894E-03
+3.106165000E-03,+170.353170267E-03,+2.552724532961E+00,+92.695036698E-03
+3.106170000E-03,+154.651223200E-03,+2.552724532961E+00,+92.206971374E-03
+3.106175000E-03,+138.845632921E-03,+2.552724532961E+00,+92.119031678E-03
+3.106180000E-03,+123.558258715E-03,+2.552724532961E+00,+91.450689976E-03
+3.106185000E-03,+107.027165921E-03,+2.552724532961E+00,+91.485865856E-03
+3.106190000E-03,+91.480683679E-03,+2.552724532961E+00,+90.711996516E-03
+3.106195000E-03,+76.089666252E-03,+2.552724532961E+00,+90.668026669E-03
+3.106200000E-03,+60.284075976E-03,+2.552724532961E+00,+89.902951298E-03
+3.106205000E-03,+44.789415327E-03,+2.552724532961E+00,+89.757850798E-03
+3.106210000E-03,+27.947392909E-03,+2.552724532961E+00,+89.080715127E-03
+3.106215000E-03,+13.126413163E-03,+2.552724532961E+00,+88.755338247E-03
+3.106220000E-03,-1.383636943E-03,+2.552724532961E+00,+88.139760363E-03
+3.106225000E-03,-17.448335252E-03,+2.552724532961E+00,+87.726443786E-03
+3.106230000E-03,-33.046639108E-03,+2.552724532961E+00,+87.115262887E-03
+3.106235000E-03,-48.178548493E-03,+2.552724532961E+00,+86.627197566E-03
+3.106240000E-03,-64.398711635E-03,+2.552724532961E+00,+86.147926213E-03
+3.106245000E-03,-79.271512984E-03,+2.552724532961E+00,+85.461996574E-03
+3.106250000E-03,-95.958070599E-03,+2.552724532961E+00,+85.026695069E-03
+3.106255000E-03,-111.504552834E-03,+2.552724532961E+00,+84.301192566E-03
+3.106260000E-03,-127.413786332E-03,+2.552724532961E+00,+83.777951363E-03
+3.106265000E-03,-143.426663058E-03,+2.552724532961E+00,+83.008479012E-03
+3.106270000E-03,-158.558572437E-03,+2.552724532961E+00,+82.529207659E-03
+3.106275000E-03,-174.623270761E-03,+2.552724532961E+00,+81.698177519E-03
+3.106280000E-03,-189.858823359E-03,+2.552724532961E+00,+81.166142347E-03
+3.106285000E-03,-204.835267916E-03,+2.552724532961E+00,+80.370288086E-03
+3.106290000E-03,-221.107252663E-03,+2.552724532961E+00,+79.842649899E-03
+3.106295000E-03,-237.482880632E-03,+2.552724532961E+00,+78.778579561E-03
+3.106300000E-03,-253.236649316E-03,+2.552724532961E+00,+78.505966496E-03
+3.106305000E-03,-268.213093878E-03,+2.552724532961E+00,+77.301192643E-03
+3.106310000E-03,-284.018684159E-03,+2.552724532961E+00,+76.984609729E-03
+3.106315000E-03,-298.943307117E-03,+2.552724532961E+00,+75.705087132E-03
+3.106320000E-03,-314.956183826E-03,+2.552724532961E+00,+75.559986628E-03
+3.106325000E-03,-329.984450002E-03,+2.552724532961E+00,+74.148554486E-03
+3.106330000E-03,-345.841861895E-03,+2.552724532961E+00,+73.823177601E-03
+3.106335000E-03,-360.559198419E-03,+2.552724532961E+00,+72.482097217E-03
+3.106340000E-03,-374.654675653E-03,+2.552724532961E+00,+72.130338422E-03
+3.106345000E-03,-391.444876468E-03,+2.552724532961E+00,+70.943152510E-03
+3.106350000E-03,-406.317677824E-03,+2.552724532961E+00,+70.208856032E-03
+3.106355000E-03,-422.382376139E-03,+2.552724532961E+00,+69.237122379E-03
+3.106360000E-03,-437.047891058E-03,+2.552724532961E+00,+68.212624898E-03
+3.106365000E-03,-451.868870802E-03,+2.552724532961E+00,+67.509107319E-03
+3.106370000E-03,-466.482564116E-03,+2.552724532961E+00,+66.295539491E-03
+3.106375000E-03,-480.422576522E-03,+2.552724532961E+00,+65.671167641E-03
+3.106380000E-03,-496.331810020E-03,+2.552724532961E+00,+64.286117403E-03
+3.106385000E-03,-510.375465658E-03,+2.552724532961E+00,+63.714509370E-03
+3.106390000E-03,-524.367299672E-03,+2.552724532961E+00,+62.456971694E-03
+3.106395000E-03,-538.514598521E-03,+2.552724532961E+00,+61.749057130E-03
+3.106400000E-03,-552.661897360E-03,+2.552724532961E+00,+60.649810910E-03
+3.106405000E-03,-565.150904765E-03,+2.552724532961E+00,+59.739635041E-03
+3.106410000E-03,-579.712776477E-03,+2.552724532961E+00,+58.666770731E-03
+3.106415000E-03,-593.652788889E-03,+2.552724532961E+00,+57.651067224E-03
+3.106420000E-03,-607.489158089E-03,+2.552724532961E+00,+56.604584823E-03
+3.106425000E-03,-621.584635318E-03,+2.552724532961E+00,+55.632851167E-03
+3.106430000E-03,-634.229107547E-03,+2.552724532961E+00,+54.379710473E-03
+3.106435000E-03,-648.842800859E-03,+2.552724532961E+00,+53.684986866E-03
+3.106440000E-03,-661.383629869E-03,+2.552724532961E+00,+52.229584868E-03
+3.106445000E-03,-673.872637272E-03,+2.552724532961E+00,+51.530464277E-03
+3.106450000E-03,-686.879860742E-03,+2.552724532961E+00,+49.943152731E-03
+3.106455000E-03,-699.679797795E-03,+2.552724532961E+00,+49.459484400E-03
+3.106460000E-03,-712.790664483E-03,+2.552724532961E+00,+47.595162808E-03
+3.106465000E-03,-725.486958323E-03,+2.552724532961E+00,+47.304961809E-03
+3.106470000E-03,-738.131430556E-03,+2.552724532961E+00,+45.418655294E-03
+3.106475000E-03,-750.568616351E-03,+2.552724532961E+00,+44.934986959E-03
+3.106480000E-03,-762.953980531E-03,+2.552724532961E+00,+43.246544765E-03
+3.106485000E-03,-775.183879910E-03,+2.552724532961E+00,+42.485866382E-03
+3.106490000E-03,-786.377347120E-03,+2.552724532961E+00,+41.021670418E-03
+3.106495000E-03,-798.399960069E-03,+2.552724532961E+00,+39.979585002E-03
+3.106500000E-03,-810.888967470E-03,+2.552724532961E+00,+38.704459387E-03
+3.106505000E-03,-821.616040214E-03,+2.552724532961E+00,+37.548052364E-03
+3.106510000E-03,-833.586831533E-03,+2.552724532961E+00,+36.378454385E-03
+3.106515000E-03,-844.158439467E-03,+2.552724532961E+00,+35.151695607E-03
+3.106520000E-03,-854.781869014E-03,+2.552724532961E+00,+33.863379036E-03
+3.106525000E-03,-866.234444254E-03,+2.552724532961E+00,+32.693781062E-03
+3.106530000E-03,-877.116981839E-03,+2.552724532961E+00,+31.317524791E-03
+3.106535000E-03,-888.621378682E-03,+2.552724532961E+00,+30.367776061E-03
+3.106540000E-03,-899.244808227E-03,+2.552724532961E+00,+28.701318791E-03
+3.106545000E-03,-910.490097057E-03,+2.552724532961E+00,+27.967022318E-03
+3.106550000E-03,-920.232559269E-03,+2.552724532961E+00,+26.186243440E-03
+3.106555000E-03,-930.596880750E-03,+2.552724532961E+00,+25.443152998E-03
+3.106560000E-03,-940.132056530E-03,+2.552724532961E+00,+23.715137939E-03
+3.106565000E-03,-950.962772508E-03,+2.552724532961E+00,+22.906092723E-03
+3.106570000E-03,-960.135197019E-03,+2.552724532961E+00,+21.222047514E-03
+3.106575000E-03,-969.566729588E-03,+2.552724532961E+00,+20.276695766E-03
+3.106580000E-03,-978.790975718E-03,+2.552724532961E+00,+18.720163120E-03
+3.106585000E-03,-987.704292220E-03,+2.552724532961E+00,+17.572550067E-03
+3.106590000E-03,-996.513965482E-03,+2.552724532961E+00,+16.266645556E-03
+3.106595000E-03,-1.005945498038E+00,+2.552724532961E+00,+14.934359141E-03
+3.106600000E-03,-1.015014279354E+00,+2.552724532961E+00,+13.676821464E-03
+3.106605000E-03,-1.023564844581E+00,+2.552724532961E+00,+12.269786305E-03
+3.106610000E-03,-1.033100020365E+00,+2.552724532961E+00,+11.144158175E-03
+3.106615000E-03,-1.040406867016E+00,+2.552724532961E+00,+9.723932061E-03
+3.106620000E-03,-1.048801967435E+00,+2.552724532961E+00,+8.470791368E-03
+3.106625000E-03,-1.056523386959E+00,+2.552724532961E+00,+7.160489878E-03
+3.106630000E-03,-1.063985698436E+00,+2.552724532961E+00,+5.845791397E-03
+3.106635000E-03,-1.071966225978E+00,+2.552724532961E+00,+4.597047692E-03
+3.106640000E-03,-1.079998575139E+00,+2.552724532961E+00,+3.282349214E-03
+3.106645000E-03,-1.086631740903E+00,+2.552724532961E+00,+1.945665811E-03
+3.106650000E-03,-1.093575836318E+00,+2.552724532961E+00,+718.907031E-06
+3.106655000E-03,-1.100001715630E+00,+2.552724532961E+00,-670.540192E-06
+3.106660000E-03,-1.105857557284E+00,+2.552724532961E+00,-1.857726106E-03
+3.106665000E-03,-1.113319868753E+00,+2.552724532961E+00,-3.326319058E-03
+3.106670000E-03,-1.119123888802E+00,+2.552724532961E+00,-4.394786382E-03
+3.106675000E-03,-1.125549768121E+00,+2.552724532961E+00,-5.898555210E-03
+3.106680000E-03,-1.131612896197E+00,+2.552724532961E+00,-7.041771277E-03
+3.106685000E-03,-1.136743235336E+00,+2.552724532961E+00,-8.598303924E-03
+3.106690000E-03,-1.142132682522E+00,+2.552724532961E+00,-9.754710946E-03
+3.106695000E-03,-1.147573951296E+00,+2.552724532961E+00,-11.152952139E-03
+3.106700000E-03,-1.152134252777E+00,+2.552724532961E+00,-12.533605392E-03
+3.106705000E-03,-1.158560132097E+00,+2.539140990618E+00,-13.597675731E-03
+3.106710000E-03,-1.162446752658E+00,+402.363380575E-03,-15.321293803E-03
+3.106715000E-03,-1.165711513931E+00,-173.249055875E-03,-15.928077716E-03
+3.106720000E-03,-1.171411890747E+00,-167.203201925E-03,-18.069409350E-03
+3.106725000E-03,-1.174883938454E+00,+165.004708304E-03,-18.500313870E-03
+3.106730000E-03,-1.179340596713E+00,+20.846420244E-03,-20.632851534E-03
+3.106735000E-03,-1.183123574042E+00,-78.399810790E-03,-21.002198267E-03
+3.106740000E-03,-1.186854729785E+00,-95.202574236E-03,-23.323806277E-03
+3.106745000E-03,-1.190741350343E+00,-52.489007267E-03,-23.745916829E-03
+3.106750000E-03,-1.194938900547E+00,-30.190012115E-03,-25.768529870E-03
+3.106755000E-03,-1.196389905567E+00,-54.451946669E-03,-26.463253483E-03
+3.106760000E-03,-1.200639277377E+00,-53.588253168E-03,-28.327575069E-03
+3.106765000E-03,-1.202867606506E+00,-60.183730553E-03,-29.127826318E-03
+3.106770000E-03,-1.204992292396E+00,-48.170539668E-03,-30.803077557E-03
+3.106775000E-03,-1.206443297419E+00,-53.195665254E-03,-31.678077547E-03
+3.106780000E-03,-1.208775269758E+00,-49.505338681E-03,-33.318152908E-03
+3.106785000E-03,-1.210640847621E+00,-51.703831117E-03,-34.285489578E-03
+3.106790000E-03,-1.212091852638E+00,-48.641645213E-03,-35.894786045E-03
+3.106795000E-03,-1.213024641565E+00,-51.075690413E-03,-36.765389049E-03
+3.106800000E-03,-1.214890219454E+00,-48.406092423E-03,-38.405464411E-03
+3.106805000E-03,-1.215408435516E+00,-48.484610033E-03,-39.201318672E-03
+3.106810000E-03,-1.216082116417E+00,-49.505338660E-03,-40.823806093E-03
+3.106815000E-03,-1.216030294809E+00,-48.641645205E-03,-41.685615128E-03
+3.106820000E-03,-1.216289402846E+00,-49.740891442E-03,-43.246544760E-03
+3.106825000E-03,-1.217066726957E+00,-48.249057279E-03,-44.125941735E-03
+3.106830000E-03,-1.215874829998E+00,-48.092022111E-03,-45.634107549E-03
+3.106835000E-03,-1.216600332492E+00,-48.955715570E-03,-46.588253267E-03
+3.106840000E-03,-1.215823008376E+00,-46.364635187E-03,-47.898554760E-03
+3.106845000E-03,-1.215615721952E+00,-46.443152758E-03,-48.997800980E-03
+3.106850000E-03,-1.214631111409E+00,-46.757223143E-03,-50.286117548E-03
+3.106855000E-03,-1.214216538545E+00,-47.542398985E-03,-51.416142662E-03
+3.106860000E-03,-1.211936387822E+00,-46.443152787E-03,-52.594534609E-03
+3.106865000E-03,-1.210951777278E+00,-48.563127631E-03,-53.684986859E-03
+3.106870000E-03,-1.208516161718E+00,-45.343906565E-03,-54.960112473E-03
+3.106875000E-03,-1.208101588862E+00,-47.542398967E-03,-55.839509447E-03
+3.106880000E-03,-1.205095935630E+00,-44.480213113E-03,-57.237750640E-03
+3.106885000E-03,-1.202504855261E+00,-47.306846218E-03,-58.029207917E-03
+3.106890000E-03,-1.199965596490E+00,-45.893529672E-03,-59.467021973E-03
+3.106895000E-03,-1.196856300059E+00,-46.914258280E-03,-60.174936539E-03
+3.106900000E-03,-1.194783435752E+00,-45.422424128E-03,-61.779836017E-03
+3.106905000E-03,-1.191155923222E+00,-47.620916578E-03,-62.272298327E-03
+3.106910000E-03,-1.188461199631E+00,-46.286117563E-03,-63.868403833E-03
+3.106915000E-03,-1.184730043887E+00,-47.071293464E-03,-64.470790766E-03
+3.106920000E-03,-1.181206174596E+00,-44.637248283E-03,-65.978956574E-03
+3.106925000E-03,-1.177475018848E+00,-44.323177928E-03,-66.682474160E-03
+3.106930000E-03,-1.173432933477E+00,-44.872801025E-03,-67.935614844E-03
+3.106935000E-03,-1.169390848081E+00,-46.129082401E-03,-68.731469114E-03
+3.106940000E-03,-1.164364152162E+00,-44.715765873E-03,-69.804333418E-03
+3.106945000E-03,-1.160632996427E+00,-45.186871386E-03,-70.674936428E-03
+3.106950000E-03,-1.156487267819E+00,-44.951318620E-03,-71.743403750E-03
+3.106955000E-03,-1.151253285461E+00,-45.029836195E-03,-72.605212790E-03
+3.106960000E-03,-1.145967481498E+00,-44.872801019E-03,-73.726443930E-03
+3.106965000E-03,-1.140785320748E+00,-44.715765838E-03,-74.553077089E-03
+3.106970000E-03,-1.135395873569E+00,-43.930589988E-03,-75.621544413E-03
+3.106975000E-03,-1.129177280688E+00,-45.265388917E-03,-76.360237873E-03
+3.106980000E-03,-1.122906866188E+00,-43.459484480E-03,-77.516644896E-03
+3.106985000E-03,-1.117102846135E+00,-44.872801027E-03,-78.097046900E-03
+3.106990000E-03,-1.110573323588E+00,-43.773554820E-03,-79.372172515E-03
+3.106995000E-03,-1.103629228196E+00,-42.752826174E-03,-79.723931304E-03
+3.107000000E-03,-1.096944240827E+00,-43.380966861E-03,-81.161745360E-03
+3.107005000E-03,-1.089378286130E+00,-41.967650330E-03,-81.491519224E-03
+3.107010000E-03,-1.083107871634E+00,-44.009107572E-03,-82.731468962E-03
+3.107015000E-03,-1.075749203362E+00,-43.852072384E-03,-83.162373479E-03
+3.107020000E-03,-1.067872319020E+00,-43.538002062E-03,-84.349559396E-03
+3.107025000E-03,-1.060876402019E+00,-43.852072387E-03,-84.793654868E-03
+3.107030000E-03,-1.052792231244E+00,-42.752826177E-03,-85.840137271E-03
+3.107035000E-03,-1.044189844416E+00,-43.145414105E-03,-86.416142288E-03
+3.107040000E-03,-1.036986640965E+00,-43.223931692E-03,-87.286745296E-03
+3.107045000E-03,-1.027244178773E+00,-42.360238254E-03,-87.999056844E-03
+3.107050000E-03,-1.018227219056E+00,-42.674308591E-03,-88.623428698E-03
+3.107055000E-03,-1.010091226690E+00,-42.517273411E-03,-89.366519140E-03
+3.107060000E-03,-1.000918802174E+00,-41.967650312E-03,-90.052448782E-03
+3.107065000E-03,-991.798199229E-03,-41.810615121E-03,-90.676820635E-03
+3.107070000E-03,-982.211201857E-03,-41.182474438E-03,-91.323177414E-03
+3.107075000E-03,-972.727847705E-03,-42.909861342E-03,-91.951946247E-03
+3.107080000E-03,-963.710887988E-03,-41.260992046E-03,-92.673051770E-03
+3.107085000E-03,-953.864782577E-03,-41.889132716E-03,-93.165514074E-03
+3.107090000E-03,-943.552282687E-03,-41.653579970E-03,-93.798679898E-03
+3.107095000E-03,-933.032496349E-03,-41.653579956E-03,-94.238378386E-03
+3.107100000E-03,-922.409066828E-03,-41.732097540E-03,-94.990262799E-03
+3.107105000E-03,-911.992923730E-03,-41.889132709E-03,-95.337624608E-03
+3.107110000E-03,-900.851278114E-03,-42.046167901E-03,-96.010363291E-03
+3.107115000E-03,-889.087773215E-03,-41.260992012E-03,-96.467649720E-03
+3.107120000E-03,-879.552597434E-03,-42.595791004E-03,-96.990890918E-03
+3.107125000E-03,-868.566416646E-03,-40.868404077E-03,-97.483353229E-03
+3.107130000E-03,-857.994808723E-03,-42.517273401E-03,-97.967021561E-03
+3.107135000E-03,-847.423200809E-03,-42.438755827E-03,-98.529835627E-03
+3.107140000E-03,-837.007057693E-03,-41.339509604E-03,-98.811242657E-03
+3.107145000E-03,-824.673515114E-03,-40.240263395E-03,-99.330086877E-03
+3.107150000E-03,-812.961831818E-03,-41.418027190E-03,-99.655463756E-03
+3.107155000E-03,-800.991040499E-03,-43.066896511E-03,-100.051192397E-03
+3.107160000E-03,-788.553854700E-03,-41.103956858E-03,-100.482096912E-03
+3.107165000E-03,-776.479420158E-03,-44.794283425E-03,-100.723931082E-03
+3.107170000E-03,-764.094055976E-03,-41.182474440E-03,-101.255966251E-03
+3.107175000E-03,-751.812335007E-03,-42.046167898E-03,-101.326318011E-03
+3.107180000E-03,-739.634257231E-03,-41.653579949E-03,-102.007850664E-03
+3.107185000E-03,-727.404357864E-03,-41.103956841E-03,-101.757222529E-03
+3.107190000E-03,-714.500777597E-03,-41.103956841E-03,-102.583855683E-03
+3.107195000E-03,-701.649018940E-03,-41.575062369E-03,-102.223302927E-03
+3.107200000E-03,-689.367297970E-03,-40.711368914E-03,-103.190639594E-03
+3.107205000E-03,-675.738215216E-03,-41.810615142E-03,-102.750941112E-03
+3.107210000E-03,-663.093742968E-03,-42.517273407E-03,-103.472046627E-03
+3.107215000E-03,-649.723768257E-03,-41.182474433E-03,-103.234609450E-03
+3.107220000E-03,-635.939220654E-03,-41.575062372E-03,-103.718277781E-03
+3.107225000E-03,-622.621067542E-03,-41.575062365E-03,-103.603956180E-03
+3.107230000E-03,-608.007374232E-03,-41.653579936E-03,-103.933730041E-03
+3.107235000E-03,-594.896507539E-03,-42.674308561E-03,-103.986493863E-03
+3.107240000E-03,-580.645565477E-03,-42.203203072E-03,-104.008478785E-03
+3.107245000E-03,-567.120125948E-03,-41.339509619E-03,-104.245915969E-03
+3.107250000E-03,-552.454611020E-03,-41.575062386E-03,-104.140388331E-03
+3.107255000E-03,-539.965603599E-03,-40.632851327E-03,-104.329458681E-03
+3.107260000E-03,-524.315478151E-03,-40.711368909E-03,-104.259106923E-03
+3.107265000E-03,-511.411897881E-03,-40.161745791E-03,-104.333855665E-03
+3.107270000E-03,-495.917237249E-03,-41.575062338E-03,-104.364634560E-03
+3.107275000E-03,-481.614473572E-03,-40.711368923E-03,-104.285488833E-03
+3.107280000E-03,-465.601596873E-03,-40.632851313E-03,-104.333855666E-03
+3.107285000E-03,-451.609762844E-03,-41.260992003E-03,-104.215137075E-03
+3.107290000E-03,-436.011458982E-03,-39.926193038E-03,-104.303076773E-03
+3.107295000E-03,-421.086836026E-03,-41.103956850E-03,-103.995287833E-03
+3.107300000E-03,-405.747640214E-03,-40.397298582E-03,-104.087624512E-03
+3.107305000E-03,-390.978482082E-03,-39.926193040E-03,-103.779835574E-03
+3.107310000E-03,-374.810140535E-03,-41.653579966E-03,-103.793026527E-03
+3.107315000E-03,-360.300090462E-03,-41.810615120E-03,-103.568780299E-03
+3.107320000E-03,-344.494500174E-03,-40.868404097E-03,-103.419282812E-03
+3.107325000E-03,-329.725342048E-03,-40.868404083E-03,-103.309358191E-03
+3.107330000E-03,-313.401535684E-03,-40.475816165E-03,-102.944408447E-03
+3.107335000E-03,-298.839663969E-03,-42.124685486E-03,-102.979584325E-03
+3.107340000E-03,-282.671322452E-03,-39.847675465E-03,-102.561870762E-03
+3.107345000E-03,-268.213093948E-03,-40.475816141E-03,-102.478328047E-03
+3.107350000E-03,-251.163785099E-03,-41.182474415E-03,-102.029835592E-03
+3.107355000E-03,-236.912843044E-03,-42.124685459E-03,-101.862750166E-03
+3.107360000E-03,-219.863534175E-03,-40.004710634E-03,-101.568152180E-03
+3.107365000E-03,-204.317051936E-03,-41.103956846E-03,-101.159232585E-03
+3.107370000E-03,-188.926034528E-03,-39.298052352E-03,-100.908604449E-03
+3.107375000E-03,-174.312341208E-03,-41.889132703E-03,-100.389760235E-03
+3.107380000E-03,-157.988534835E-03,-41.103956841E-03,-100.271041640E-03
+3.107385000E-03,-142.804803834E-03,-39.141017183E-03,-99.655463760E-03
+3.107390000E-03,-125.807316598E-03,-41.810615114E-03,-99.510363255E-03
+3.107395000E-03,-109.379867018E-03,-39.847675458E-03,-98.925564271E-03
+3.107400000E-03,-93.574276729E-03,-41.653579960E-03,-98.600187384E-03
+3.107405000E-03,-78.390545747E-03,-41.732097538E-03,-98.050564282E-03
+3.107410000E-03,-62.895885088E-03,-40.946921670E-03,-97.470162271E-03
+3.107415000E-03,-47.038473199E-03,-39.690640258E-03,-97.228328110E-03
+3.107420000E-03,-31.181061335E-03,-40.632851335E-03,-96.498428612E-03
+3.107425000E-03,-16.515546398E-03,-40.475816148E-03,-96.282976361E-03
+3.107430000E-03,-243.561655E-06,-40.318780973E-03,-95.495916063E-03
+3.107435000E-03,+16.391174341E-03,-40.632851318E-03,-95.188127126E-03
+3.107440000E-03,+32.714980717E-03,-41.182474437E-03,-94.471418586E-03
+3.107445000E-03,+47.017744370E-03,-39.847675456E-03,-94.062498995E-03
+3.107450000E-03,+64.274339666E-03,-40.318780962E-03,-93.293026640E-03
+3.107455000E-03,+79.043497780E-03,-41.653579941E-03,-92.760991472E-03
+3.107460000E-03,+95.626412188E-03,-39.847675462E-03,-92.215765345E-03
+3.107465000E-03,+111.121072840E-03,-42.752826173E-03,-91.362750281E-03
+3.107470000E-03,+126.460268658E-03,-41.653579947E-03,-91.046167369E-03
+3.107475000E-03,+142.784075000E-03,-41.103956842E-03,-89.986494015E-03
+3.107480000E-03,+159.418811006E-03,-39.533605123E-03,-89.779835722E-03
+3.107485000E-03,+175.638974150E-03,-39.847675451E-03,-88.684986490E-03
+3.107490000E-03,+190.874526762E-03,-39.612122661E-03,-88.390388501E-03
+3.107495000E-03,+206.628295417E-03,-42.046167884E-03,-87.361494041E-03
+3.107500000E-03,+222.278420895E-03,-41.575062371E-03,-87.022926206E-03
+3.107505000E-03,+237.928546333E-03,-40.004710619E-03,-85.928076972E-03
+3.107510000E-03,+253.993244659E-03,-40.789886509E-03,-85.435614665E-03
+3.107515000E-03,+269.176975656E-03,-40.554333727E-03,-84.389132264E-03
+3.107520000E-03,+284.516171486E-03,-39.455087525E-03,-83.799936293E-03
+3.107525000E-03,+300.321761752E-03,-40.083228212E-03,-82.815011677E-03
+3.107530000E-03,+315.764600796E-03,-40.475816136E-03,-82.111494099E-03
+3.107535000E-03,+330.585580532E-03,-39.847675455E-03,-81.196921243E-03
+3.107540000E-03,+346.805743665E-03,-40.946921689E-03,-80.383479043E-03
+3.107545000E-03,+360.693934482E-03,-40.318780966E-03,-79.446921263E-03
+3.107550000E-03,+375.359449412E-03,-40.397298560E-03,-78.567524289E-03
+3.107555000E-03,+389.973142701E-03,-41.810615126E-03,-77.806845904E-03
+3.107560000E-03,+405.260516933E-03,-40.161745809E-03,-76.654835867E-03
+3.107565000E-03,+420.755177548E-03,-41.496544772E-03,-76.056845921E-03
+3.107570000E-03,+434.176973904E-03,-40.240263398E-03,-74.724559506E-03
+3.107575000E-03,+448.894310420E-03,-39.847675437E-03,-74.232097199E-03
+3.107580000E-03,+464.181684630E-03,-41.103956848E-03,-72.864634901E-03
+3.107585000E-03,+478.380805083E-03,-40.554333756E-03,-72.354584655E-03
+3.107590000E-03,+492.217174289E-03,-39.847675449E-03,-70.868403767E-03
+3.107595000E-03,+507.141797226E-03,-40.946921635E-03,-70.538629901E-03
+3.107600000E-03,+521.703668935E-03,-40.554333737E-03,-68.951318362E-03
+3.107605000E-03,+535.229108487E-03,-38.983982000E-03,-68.555589721E-03
+3.107610000E-03,+549.998266628E-03,-41.339509602E-03,-66.994660090E-03
+3.107615000E-03,+562.746382077E-03,-41.889132711E-03,-66.396670147E-03
+3.107620000E-03,+576.738216101E-03,-40.711368923E-03,-64.998428956E-03
+3.107625000E-03,+590.367298866E-03,-39.847675469E-03,-64.070665149E-03
+3.107630000E-03,+604.618240914E-03,-40.397298538E-03,-62.953830989E-03
+3.107635000E-03,+619.076469403E-03,-40.318780981E-03,-61.880966681E-03
+3.107640000E-03,+632.550087341E-03,-39.926193064E-03,-60.874057139E-03
+3.107645000E-03,+645.142737971E-03,-41.810615106E-03,-59.783604893E-03
+3.107650000E-03,+657.839031812E-03,-41.967650270E-03,-58.706343593E-03
+3.107655000E-03,+670.638968845E-03,-41.889132713E-03,-57.703831049E-03
+3.107660000E-03,+682.661581800E-03,-40.946921668E-03,-56.499057183E-03
+3.107665000E-03,+696.083378128E-03,-40.632851338E-03,-55.610866247E-03
+3.107670000E-03,+709.556996060E-03,-39.847675449E-03,-54.098303441E-03
+3.107675000E-03,+721.527787407E-03,-41.653579954E-03,-53.403579840E-03
+3.107680000E-03,+733.239470700E-03,-41.967650304E-03,-51.715137637E-03
+3.107685000E-03,+746.868553465E-03,-43.066896514E-03,-51.086368805E-03
+3.107690000E-03,+758.735701589E-03,-40.946921668E-03,-49.213253244E-03
+3.107695000E-03,+770.240098450E-03,-40.475816156E-03,-48.610866321E-03
+3.107700000E-03,+783.454608367E-03,-41.810615144E-03,-47.054333669E-03
+3.107705000E-03,+794.544432362E-03,-41.575062361E-03,-46.196921623E-03
+3.107710000E-03,+806.100650826E-03,-41.575062379E-03,-44.635991989E-03
+3.107715000E-03,+817.397761263E-03,-41.732097535E-03,-43.651067377E-03
+3.107720000E-03,+829.264909388E-03,-41.260992012E-03,-42.415514625E-03
+3.107725000E-03,+839.525587658E-03,-41.260992031E-03,-41.083228209E-03
+3.107730000E-03,+851.392735757E-03,-40.711368929E-03,-40.027951838E-03
+3.107735000E-03,+861.031554743E-03,-41.575062375E-03,-38.493404116E-03
+3.107740000E-03,+873.624205375E-03,-40.004710648E-03,-37.640389047E-03
+3.107745000E-03,+883.988526889E-03,-40.868404064E-03,-36.004710676E-03
+3.107750000E-03,+895.233815709E-03,-40.868404108E-03,-35.151695606E-03
+3.107755000E-03,+905.028099531E-03,-42.124685435E-03,-33.581972009E-03
+3.107760000E-03,+915.288777809E-03,-41.967650290E-03,-32.482725785E-03
+3.107765000E-03,+925.186704825E-03,-42.046167921E-03,-31.137248417E-03
+3.107770000E-03,+934.462772567E-03,-41.339509595E-03,-29.782977073E-03
+3.107775000E-03,+943.894305133E-03,-41.967650311E-03,-28.771670551E-03
+3.107780000E-03,+952.652156812E-03,-41.889132713E-03,-27.210740919E-03
+3.107785000E-03,+962.861013483E-03,-41.653579945E-03,-26.168655502E-03
+3.107790000E-03,+972.240724440E-03,-41.025439261E-03,-24.414258542E-03
+3.107795000E-03,+979.962143935E-03,-41.732097518E-03,-23.592022363E-03
+3.107800000E-03,+988.979103656E-03,-41.103956863E-03,-21.846419373E-03
+3.107805000E-03,+998.047884955E-03,-40.397298581E-03,-20.962625404E-03
+3.107810000E-03,+1.006598450197E+00,-42.831343758E-03,-19.221419403E-03
+3.107815000E-03,+1.014475334532E+00,-40.475816137E-03,-18.161746038E-03
+3.107820000E-03,+1.023440472621E+00,-41.260992001E-03,-16.697550081E-03
+3.107825000E-03,+1.030643676055E+00,-41.025439244E-03,-15.470791294E-03
+3.107830000E-03,+1.037743236310E+00,-41.025439289E-03,-14.129710912E-03
+3.107835000E-03,+1.045464655818E+00,-41.260992012E-03,-12.938128004E-03
+3.107840000E-03,+1.053600648182E+00,-41.810615137E-03,-11.566268726E-03
+3.107845000E-03,+1.060078349119E+00,-42.203203096E-03,-10.251570246E-03
+3.107850000E-03,+1.066296942041E+00,-42.046167896E-03,-8.879710966E-03
+3.107855000E-03,+1.073603788688E+00,-41.967650285E-03,-7.696922035E-03
+3.107860000E-03,+1.081636137839E+00,-41.418027195E-03,-6.206344158E-03
+3.107865000E-03,+1.087491979491E+00,-40.946921640E-03,-5.133479851E-03
+3.107870000E-03,+1.093244177927E+00,-39.926193048E-03,-3.616520064E-03
+3.107875000E-03,+1.099514592432E+00,-41.889132717E-03,-2.631595454E-03
+3.107880000E-03,+1.106665974246E+00,-42.281720622E-03,-1.048680899E-03
+3.107885000E-03,+1.112210886261E+00,-43.066896511E-03,-37.374378E-06
+3.107890000E-03,+1.116823009337E+00,-40.946921685E-03,+1.607097968E-03
+3.107895000E-03,+1.122264278126E+00,-31.681846523E-03,+2.759108004E-03
+3.107900000E-03,+1.126928222807E+00,+1.905347014813E+00,+4.157349197E-03
+3.107905000E-03,+1.130970308175E+00,+2.552567497787E+00,+5.335741143E-03
+3.107910000E-03,+1.135478788033E+00,+2.552567497787E+00,+6.553705953E-03
+3.107915000E-03,+1.138484441272E+00,+2.552567497787E+00,+8.114635588E-03
+3.107920000E-03,+1.143303850761E+00,+2.552567497787E+00,+9.183102910E-03
+3.107925000E-03,+1.147138649728E+00,+2.552567497787E+00,+10.656092846E-03
+3.107930000E-03,+1.152165345627E+00,+2.552567497787E+00,+11.733354139E-03
+3.107935000E-03,+1.155585571739E+00,+2.552567497787E+00,+13.338253620E-03
+3.107940000E-03,+1.159005797845E+00,+2.552567497787E+00,+14.367148083E-03
+3.107945000E-03,+1.162322380718E+00,+2.552567497787E+00,+15.945665652E-03
+3.107950000E-03,+1.165120747538E+00,+2.552567497787E+00,+16.921796299E-03
+3.107955000E-03,+1.168800081649E+00,+2.552567497787E+00,+18.381595274E-03
+3.107960000E-03,+1.171235697199E+00,+2.552567497787E+00,+19.621545013E-03
+3.107965000E-03,+1.173464026335E+00,+2.552567497787E+00,+20.909861578E-03
+3.107970000E-03,+1.175381425800E+00,+2.552567497787E+00,+22.193781168E-03
+3.107975000E-03,+1.176780609212E+00,+2.552724532961E+00,+23.385364063E-03
+3.107980000E-03,+1.178749830298E+00,+2.552724532961E+00,+24.713253501E-03
+3.107985000E-03,+1.181133624242E+00,+2.552724532961E+00,+25.992776095E-03
+3.107990000E-03,+1.181651840307E+00,+2.552724532961E+00,+27.303077593E-03
+3.107995000E-03,+1.183206488537E+00,+2.552724532961E+00,+28.485866523E-03
+3.108000000E-03,+1.185175709613E+00,+2.552724532961E+00,+29.822549929E-03
+3.108005000E-03,+1.185745747295E+00,+2.552724532961E+00,+30.996544887E-03
+3.108010000E-03,+1.186056676944E+00,+2.552724532961E+00,+32.368404172E-03
+3.108015000E-03,+1.186937644260E+00,+2.552724532961E+00,+33.348931795E-03
+3.108020000E-03,+1.187144930682E+00,+2.552724532961E+00,+34.843906659E-03
+3.108025000E-03,+1.186471249831E+00,+2.552724532961E+00,+35.723303631E-03
+3.108030000E-03,+1.186056676956E+00,+2.552724532961E+00,+37.372172962E-03
+3.108035000E-03,+1.186937644269E+00,+2.552724532961E+00,+38.066896573E-03
+3.108040000E-03,+1.185538460868E+00,+2.552724532961E+00,+39.790514644E-03
+3.108045000E-03,+1.185693925695E+00,+2.552724532961E+00,+40.370916648E-03
+3.108050000E-03,+1.183776526242E+00,+2.552724532961E+00,+42.195665372E-03
+3.108055000E-03,+1.183154666937E+00,+2.552724532961E+00,+42.749685468E-03
+3.108060000E-03,+1.181703661920E+00,+2.552724532961E+00,+44.561243234E-03
+3.108065000E-03,+1.179838084063E+00,+2.552724532961E+00,+45.141645243E-03
+3.108070000E-03,+1.178127971028E+00,+2.552724532961E+00,+46.742147732E-03
+3.108075000E-03,+1.176314214734E+00,+2.552724532961E+00,+47.397298485E-03
+3.108080000E-03,+1.173412204744E+00,+2.552724532961E+00,+48.993403989E-03
+3.108085000E-03,+1.171391162037E+00,+2.552724532961E+00,+49.648554744E-03
+3.108090000E-03,+1.168903724879E+00,+2.552724532961E+00,+51.156720549E-03
+3.108095000E-03,+1.166053536478E+00,+2.552724532961E+00,+51.934986880E-03
+3.108100000E-03,+1.162685131988E+00,+2.552724532961E+00,+53.223303445E-03
+3.108105000E-03,+1.159057619460E+00,+2.552724532961E+00,+54.054333588E-03
+3.108110000E-03,+1.155948323020E+00,+2.552724532961E+00,+55.289886337E-03
+3.108115000E-03,+1.152113524058E+00,+2.552724532961E+00,+56.169283314E-03
+3.108120000E-03,+1.147812330647E+00,+2.552724532961E+00,+57.440011942E-03
+3.108125000E-03,+1.144392104567E+00,+2.552724532961E+00,+58.099559676E-03
+3.108130000E-03,+1.139469051837E+00,+2.552724532961E+00,+59.546167700E-03
+3.108135000E-03,+1.134338712711E+00,+2.552724532961E+00,+60.007851112E-03
+3.108140000E-03,+1.130141162510E+00,+2.552724532961E+00,+61.410489289E-03
+3.108145000E-03,+1.125010823352E+00,+2.552724532961E+00,+62.034861141E-03
+3.108150000E-03,+1.119984127432E+00,+2.552724532961E+00,+63.499057103E-03
+3.108155000E-03,+1.114801966691E+00,+2.552724532961E+00,+64.000313380E-03
+3.108160000E-03,+1.109360697910E+00,+2.552724532961E+00,+65.345790751E-03
+3.108165000E-03,+1.102623888921E+00,+2.552724532961E+00,+66.005338486E-03
+3.108170000E-03,+1.096923512095E+00,+2.552724532961E+00,+67.205715355E-03
+3.108175000E-03,+1.090964027232E+00,+2.552724532961E+00,+67.966393741E-03
+3.108180000E-03,+1.084330861485E+00,+2.552724532961E+00,+68.885363579E-03
+3.108185000E-03,+1.077490409307E+00,+2.552724532961E+00,+69.848303268E-03
+3.108190000E-03,+1.072360070133E+00,+2.552724532961E+00,+70.630966575E-03
+3.108195000E-03,+1.064690472257E+00,+2.552724532961E+00,+71.651067067E-03
+3.108200000E-03,+1.058575522578E+00,+2.552724532961E+00,+72.363378619E-03
+3.108205000E-03,+1.051320497521E+00,+2.552724532961E+00,+73.264760517E-03
+3.108210000E-03,+1.043495434791E+00,+2.552724532961E+00,+74.056217796E-03
+3.108215000E-03,+1.034893047979E+00,+2.552724532961E+00,+74.887247937E-03
+3.108220000E-03,+1.027845309330E+00,+2.552724532961E+00,+75.669911248E-03
+3.108225000E-03,+1.020123889833E+00,+2.552724532961E+00,+76.456971540E-03
+3.108230000E-03,+1.011936075855E+00,+2.552724532961E+00,+77.327574548E-03
+3.108235000E-03,+1.002763651333E+00,+2.552724532961E+00,+77.916770517E-03
+3.108240000E-03,+994.264907699E-03,+2.552724532961E+00,+78.826946391E-03
+3.108245000E-03,+985.766164061E-03,+2.552724532961E+00,+79.297423772E-03
+3.108250000E-03,+977.371063635E-03,+2.552724532961E+00,+80.220790597E-03
+3.108255000E-03,+968.768676799E-03,+2.552724532961E+00,+80.673680035E-03
+3.108260000E-03,+958.663463369E-03,+2.552724532961E+00,+81.583855907E-03
+3.108265000E-03,+949.594682072E-03,+2.552724532961E+00,+81.961996607E-03
+3.108270000E-03,+940.214971103E-03,+2.552724532961E+00,+82.872172478E-03
+3.108275000E-03,+931.301654594E-03,+2.552724532961E+00,+83.267901117E-03
+3.108280000E-03,+920.989154700E-03,+2.552724532961E+00,+84.160489046E-03
+3.108285000E-03,+911.298514134E-03,+2.552724532961E+00,+84.472674971E-03
+3.108290000E-03,+900.934192606E-03,+2.552724532961E+00,+85.470790540E-03
+3.108295000E-03,+890.258941486E-03,+2.552724532961E+00,+85.571921191E-03
+3.108300000E-03,+879.531868717E-03,+2.552724532961E+00,+86.622800579E-03
+3.108305000E-03,+868.649331160E-03,+2.552724532961E+00,+86.627197563E-03
+3.108310000E-03,+858.025901625E-03,+2.552724532961E+00,+87.708855840E-03
+3.108315000E-03,+848.231617819E-03,+2.552724532961E+00,+87.572549313E-03
+3.108320000E-03,+836.053540071E-03,+2.552724532961E+00,+88.632222664E-03
+3.108325000E-03,+824.911894434E-03,+2.552724532961E+00,+88.592649804E-03
+3.108330000E-03,+813.614784009E-03,+2.552724532961E+00,+89.709483958E-03
+3.108335000E-03,+800.555738926E-03,+2.552724532961E+00,+89.599559344E-03
+3.108340000E-03,+789.103163670E-03,+2.552724532961E+00,+90.527323145E-03
+3.108345000E-03,+777.598766819E-03,+2.552724532961E+00,+90.540514109E-03
+3.108350000E-03,+765.731618706E-03,+2.552724532961E+00,+91.217649771E-03
+3.108355000E-03,+754.330865051E-03,+2.552724532961E+00,+91.415514099E-03
+3.108360000E-03,+740.753603882E-03,+2.552724532961E+00,+91.925564338E-03
+3.108365000E-03,+729.560136667E-03,+2.552724532961E+00,+92.154207558E-03
+3.108370000E-03,+717.174772476E-03,+2.552724532961E+00,+92.580715084E-03
+3.108375000E-03,+705.152159547E-03,+2.552724532961E+00,+92.831343226E-03
+3.108380000E-03,+691.315790345E-03,+2.552724532961E+00,+93.222674880E-03
+3.108385000E-03,+677.945815649E-03,+2.552724532961E+00,+93.398554277E-03
+3.108390000E-03,+664.834948939E-03,+2.552724532961E+00,+93.759107033E-03
+3.108395000E-03,+651.983190255E-03,+2.552724532961E+00,+93.820664826E-03
+3.108400000E-03,+638.716858746E-03,+2.552724532961E+00,+94.330715067E-03
+3.108405000E-03,+626.797889035E-03,+2.552724532961E+00,+94.185614571E-03
+3.108410000E-03,+612.391482152E-03,+2.552724532961E+00,+94.805589432E-03
+3.108415000E-03,+599.280615460E-03,+2.552724532961E+00,+94.594534165E-03
+3.108420000E-03,+585.858819116E-03,+2.552724532961E+00,+95.065011540E-03
+3.108425000E-03,+571.296947439E-03,+2.552724532961E+00,+94.897926122E-03
+3.108430000E-03,+557.771507870E-03,+2.552724532961E+00,+95.276066817E-03
+3.108435000E-03,+543.986960293E-03,+2.552724532961E+00,+95.179333155E-03
+3.108440000E-03,+530.409699109E-03,+2.552724532961E+00,+95.561870830E-03
+3.108445000E-03,+515.070503313E-03,+2.552724532961E+00,+95.421167323E-03
+3.108450000E-03,+500.560453203E-03,+2.552724532961E+00,+95.645413546E-03
+3.108455000E-03,+486.931370433E-03,+2.552724532961E+00,+95.495916063E-03
+3.108460000E-03,+472.369498731E-03,+2.552724532961E+00,+95.548679883E-03
+3.108465000E-03,+458.429486320E-03,+2.552724532961E+00,+95.684986411E-03
+3.108470000E-03,+443.038468900E-03,+2.552724532961E+00,+95.627825608E-03
+3.108475000E-03,+429.046634897E-03,+2.552724532961E+00,+95.658604503E-03
+3.108480000E-03,+414.018368704E-03,+2.552724532961E+00,+95.610237669E-03
+3.108485000E-03,+398.471886481E-03,+2.552724532961E+00,+95.513504002E-03
+3.108490000E-03,+384.169122797E-03,+2.552724532961E+00,+95.566267820E-03
+3.108495000E-03,+368.363532515E-03,+2.552724532961E+00,+95.293654757E-03
+3.108500000E-03,+353.231623117E-03,+2.552724532961E+00,+95.227699985E-03
+3.108505000E-03,+337.322389628E-03,+2.552724532961E+00,+95.139760287E-03
+3.108510000E-03,+322.864161162E-03,+2.552724532961E+00,+94.928705013E-03
+3.108515000E-03,+308.457754252E-03,+2.552724532961E+00,+94.937498982E-03
+3.108520000E-03,+292.600342388E-03,+2.552724532961E+00,+94.537373357E-03
+3.108525000E-03,+277.105681725E-03,+2.552724532961E+00,+94.546167331E-03
+3.108530000E-03,+262.440166821E-03,+2.552724532961E+00,+94.141644718E-03
+3.108535000E-03,+246.634576524E-03,+2.552724532961E+00,+94.154835677E-03
+3.108540000E-03,+231.036272687E-03,+2.552724532961E+00,+93.578830657E-03
+3.108545000E-03,+216.059828094E-03,+2.552724532961E+00,+93.789885932E-03
+3.108550000E-03,+200.409702679E-03,+2.552724532961E+00,+92.967649759E-03
+3.108555000E-03,+183.878609890E-03,+2.552724532961E+00,+93.103956292E-03
+3.108560000E-03,+167.813911546E-03,+2.552724532961E+00,+92.422423636E-03
+3.108565000E-03,+152.267429317E-03,+2.552724532961E+00,+92.422423639E-03
+3.108570000E-03,+136.306374201E-03,+2.552724532961E+00,+91.943152282E-03
+3.108575000E-03,+120.759891952E-03,+2.552724532961E+00,+91.551820631E-03
+3.108580000E-03,+103.969691154E-03,+2.552724532961E+00,+91.292398520E-03
+3.108585000E-03,+88.889603343E-03,+2.552724532961E+00,+90.690011595E-03
+3.108590000E-03,+73.757693965E-03,+2.552724532961E+00,+90.615262847E-03
+3.108595000E-03,+57.900282060E-03,+2.552724532961E+00,+89.819408590E-03
+3.108600000E-03,+41.680118914E-03,+2.552724532961E+00,+89.775438738E-03
+3.108605000E-03,+26.651852763E-03,+2.552724532961E+00,+88.764132224E-03
+3.108610000E-03,+10.690797674E-03,+2.552724532961E+00,+88.882850804E-03
+3.108615000E-03,-4.700219762E-03,+2.552724532961E+00,+87.809986505E-03
+3.108620000E-03,-19.521199504E-03,+2.552724532961E+00,+87.831971416E-03
+3.108625000E-03,-35.274968165E-03,+2.552724532961E+00,+86.829458879E-03
+3.108630000E-03,-49.940483107E-03,+2.552724532961E+00,+86.750313137E-03
+3.108635000E-03,-66.523397467E-03,+2.552724532961E+00,+85.875313159E-03
+3.108640000E-03,-82.069879758E-03,+2.552724532961E+00,+85.448805615E-03
+3.108645000E-03,-97.201789115E-03,+2.552724532961E+00,+84.802448848E-03
+3.108650000E-03,-113.577417105E-03,+2.552724532961E+00,+84.309986534E-03
+3.108655000E-03,-129.953045058E-03,+2.552724532961E+00,+83.522926248E-03
+3.108660000E-03,-145.344062468E-03,+2.552724532961E+00,+82.942524239E-03
+3.108665000E-03,-160.942366343E-03,+2.552724532961E+00,+82.366519224E-03
+3.108670000E-03,-177.058886271E-03,+2.552724532961E+00,+81.548680034E-03
+3.108675000E-03,-192.657190104E-03,+2.552724532961E+00,+81.113378533E-03
+3.108680000E-03,-206.752667361E-03,+2.552724532961E+00,+80.220790603E-03
+3.108685000E-03,-223.542868183E-03,+2.552724532961E+00,+79.719534327E-03
+3.108690000E-03,-240.229425773E-03,+2.552724532961E+00,+78.818152427E-03
+3.108695000E-03,-256.138659272E-03,+2.552724532961E+00,+78.246544391E-03
+3.108700000E-03,-270.959639004E-03,+2.552724532961E+00,+77.296795660E-03
+3.108705000E-03,-287.076158950E-03,+2.552724532961E+00,+76.830715258E-03
+3.108710000E-03,-302.985392418E-03,+2.552724532961E+00,+75.775438892E-03
+3.108715000E-03,-318.480053091E-03,+2.552724532961E+00,+75.151067038E-03
+3.108720000E-03,-334.182000169E-03,+2.552724532961E+00,+74.210112277E-03
+3.108725000E-03,-349.210266341E-03,+2.552724532961E+00,+73.568152478E-03
+3.108730000E-03,-365.274964613E-03,+2.552724532961E+00,+72.526067069E-03
+3.108735000E-03,-379.370441886E-03,+2.552724532961E+00,+71.879710286E-03
+3.108740000E-03,-395.020567343E-03,+2.552724532961E+00,+70.784861060E-03
+3.108745000E-03,-409.737903852E-03,+2.552724532961E+00,+70.129710305E-03
+3.108750000E-03,-424.196132344E-03,+2.552724532961E+00,+68.995288215E-03
+3.108755000E-03,-439.846257810E-03,+2.552724532961E+00,+68.291770628E-03
+3.108760000E-03,-454.304486333E-03,+2.552724532961E+00,+67.245288231E-03
+3.108765000E-03,-469.229109280E-03,+2.552724532961E+00,+66.440639996E-03
+3.108770000E-03,-484.464661865E-03,+2.552724532961E+00,+65.249057097E-03
+3.108775000E-03,-497.782815006E-03,+2.552724532961E+00,+64.475187756E-03
+3.108780000E-03,-512.603794720E-03,+2.552724532961E+00,+63.389132494E-03
+3.108785000E-03,-527.113844831E-03,+2.552724532961E+00,+62.593278230E-03
+3.108790000E-03,-539.551030635E-03,+2.552724532961E+00,+61.467650098E-03
+3.108795000E-03,-554.009259082E-03,+2.552724532961E+00,+60.676192826E-03
+3.108800000E-03,-567.171947417E-03,+2.552724532961E+00,+59.392273235E-03
+3.108805000E-03,-580.593743769E-03,+2.552724532961E+00,+58.671167722E-03
+3.108810000E-03,-594.481934548E-03,+2.552724532961E+00,+57.356469236E-03
+3.108815000E-03,-607.644622872E-03,+2.552724532961E+00,+56.701318499E-03
+3.108820000E-03,-620.340916694E-03,+2.552724532961E+00,+55.193152677E-03
+3.108825000E-03,-634.643680375E-03,+2.552724532961E+00,+54.599559729E-03
+3.108830000E-03,-648.324584736E-03,+2.552724532961E+00,+53.069408978E-03
+3.108835000E-03,-662.057310729E-03,+2.552724532961E+00,+52.462625075E-03
+3.108840000E-03,-674.649961317E-03,+2.552724532961E+00,+51.016017043E-03
+3.108845000E-03,-686.776217484E-03,+2.552724532961E+00,+50.286117560E-03
+3.108850000E-03,-700.249835442E-03,+2.552724532961E+00,+48.931846210E-03
+3.108855000E-03,-712.583378006E-03,+2.552724532961E+00,+47.898554775E-03
+3.108860000E-03,-726.056995956E-03,+2.552724532961E+00,+46.715765838E-03
+3.108865000E-03,-738.442360181E-03,+2.552724532961E+00,+45.664886453E-03
+3.108870000E-03,-751.449583641E-03,+2.552724532961E+00,+44.552449272E-03
+3.108875000E-03,-763.886769439E-03,+2.552724532961E+00,+43.246544770E-03
+3.108880000E-03,-775.339344706E-03,+2.552724532961E+00,+42.235238247E-03
+3.108885000E-03,-787.465600858E-03,+2.552724532961E+00,+40.775439272E-03
+3.108890000E-03,-799.591856998E-03,+2.552724532961E+00,+39.944409121E-03
+3.108895000E-03,-812.806366885E-03,+2.552724532961E+00,+38.528579996E-03
+3.108900000E-03,-822.704293928E-03,+2.552724532961E+00,+37.398554883E-03
+3.108905000E-03,-834.415977241E-03,+2.552724532961E+00,+36.193781026E-03
+3.108910000E-03,-845.816730865E-03,+2.552724532961E+00,+34.958228273E-03
+3.108915000E-03,-856.543803628E-03,+2.552724532961E+00,+33.806218238E-03
+3.108920000E-03,-868.359130115E-03,+2.552724532961E+00,+32.544283575E-03
+3.108925000E-03,-878.671630024E-03,+2.552724532961E+00,+31.295539874E-03
+3.108930000E-03,-889.450524376E-03,+2.552724532961E+00,+29.994032355E-03
+3.108935000E-03,-900.022132311E-03,+2.552724532961E+00,+28.802449441E-03
+3.108940000E-03,-911.474707556E-03,+2.552724532961E+00,+27.553705745E-03
+3.108945000E-03,-921.787207420E-03,+2.552724532961E+00,+26.375313790E-03
+3.108950000E-03,-931.840599299E-03,+2.552724532961E+00,+25.051821351E-03
+3.108955000E-03,-942.308564013E-03,+2.552724532961E+00,+23.745916837E-03
+3.108960000E-03,-952.517420680E-03,+2.552724532961E+00,+22.580715846E-03
+3.108965000E-03,-961.275272358E-03,+2.552724532961E+00,+21.195665608E-03
+3.108970000E-03,-971.535950632E-03,+2.552724532961E+00,+19.960112860E-03
+3.108975000E-03,-980.812018378E-03,+2.552724532961E+00,+18.689384228E-03
+3.108980000E-03,-989.777156483E-03,+2.552724532961E+00,+17.370288766E-03
+3.108985000E-03,-998.172256899E-03,+2.552724532961E+00,+16.253454608E-03
+3.108990000E-03,-1.007396503018E+00,+2.552724532961E+00,+14.639761158E-03
+3.108995000E-03,-1.016776213994E+00,+2.552724532961E+00,+13.755967195E-03
+3.109000000E-03,-1.024653098334E+00,+2.552724532961E+00,+11.992776261E-03
+3.109005000E-03,-1.033462771591E+00,+2.552724532961E+00,+11.183731045E-03
+3.109010000E-03,-1.041080547921E+00,+2.552724532961E+00,+9.363379305E-03
+3.109015000E-03,-1.050045685974E+00,+2.552724532961E+00,+8.571922022E-03
+3.109020000E-03,-1.057352532627E+00,+2.552724532961E+00,+6.703203457E-03
+3.109025000E-03,-1.065281238566E+00,+2.552724532961E+00,+5.902952202E-03
+3.109030000E-03,-1.072588085264E+00,+2.552724532961E+00,+4.205716046E-03
+3.109035000E-03,-1.080050396717E+00,+2.552724532961E+00,+3.260364292E-03
+3.109040000E-03,-1.087253600174E+00,+2.552724532961E+00,+1.664258786E-03
+3.109045000E-03,-1.094612268405E+00,+2.552724532961E+00,+648.555275E-06
+3.109050000E-03,-1.101141790968E+00,+2.552724532961E+00,-784.861789E-06
+3.109055000E-03,-1.108344994412E+00,+2.552724532961E+00,-2.125942181E-03
+3.109060000E-03,-1.113578976817E+00,+2.552724532961E+00,-3.348303974E-03
+3.109065000E-03,-1.119849391312E+00,+2.552724532961E+00,-4.702575319E-03
+3.109070000E-03,-1.126275270616E+00,+2.552724532961E+00,-5.955716010E-03
+3.109075000E-03,-1.132649328349E+00,+2.552724532961E+00,-7.345163229E-03
+3.109080000E-03,-1.137676024261E+00,+2.552724532961E+00,-8.580715984E-03
+3.109085000E-03,-1.142547255387E+00,+2.552724532961E+00,-10.040514955E-03
+3.109090000E-03,-1.148143988966E+00,+2.552724532961E+00,-11.232097866E-03
+3.109095000E-03,-1.153585257720E+00,+2.552724532961E+00,-12.577575232E-03
+3.109100000E-03,-1.159233812995E+00,+2.470516622378E+00,-13.949434517E-03
+3.109105000E-03,-1.163068611928E+00,+199.395422426E-03,-15.294911886E-03
+3.109110000E-03,-1.167836199805E+00,-173.484608673E-03,-16.341394292E-03
+3.109115000E-03,-1.172033750039E+00,-150.478956431E-03,-18.082600296E-03
+3.109120000E-03,-1.176231300242E+00,+198.060611781E-03,-18.874057582E-03
+3.109125000E-03,-1.180739780083E+00,-15.821292024E-03,-20.698806299E-03
+3.109130000E-03,-1.183693611709E+00,-74.395413932E-03,-21.353957056E-03
+3.109135000E-03,-1.187372945849E+00,-99.599558958E-03,-23.389761046E-03
+3.109140000E-03,-1.191207744809E+00,-40.554334360E-03,-24.066896722E-03
+3.109145000E-03,-1.193487895551E+00,-37.492147484E-03,-25.860866548E-03
+3.109150000E-03,-1.197219051279E+00,-48.955715697E-03,-26.700690666E-03
+3.109155000E-03,-1.199758310025E+00,-57.592649987E-03,-28.468278577E-03
+3.109160000E-03,-1.202193925596E+00,-55.865263324E-03,-29.343278577E-03
+3.109165000E-03,-1.204370433110E+00,-48.641645164E-03,-30.904208200E-03
+3.109170000E-03,-1.206806048666E+00,-52.331971830E-03,-31.906720760E-03
+3.109175000E-03,-1.207738837603E+00,-52.410489319E-03,-33.366519735E-03
+3.109180000E-03,-1.210122631535E+00,-51.154208077E-03,-34.522926758E-03
+3.109185000E-03,-1.211159063701E+00,-49.426821085E-03,-35.837625235E-03
+3.109190000E-03,-1.211936387811E+00,-47.934986984E-03,-37.174308636E-03
+3.109195000E-03,-1.213283749618E+00,-49.191268302E-03,-38.304333754E-03
+3.109200000E-03,-1.214423824960E+00,-48.327574840E-03,-39.548680472E-03
+3.109205000E-03,-1.214838397847E+00,-50.683102441E-03,-40.815012120E-03
+3.109210000E-03,-1.215719365149E+00,-47.856469346E-03,-41.909861352E-03
+3.109215000E-03,-1.215563900339E+00,-49.819409011E-03,-43.378454301E-03
+3.109220000E-03,-1.216548510867E+00,-47.385363865E-03,-44.306218110E-03
+3.109225000E-03,-1.215978473178E+00,-49.583856272E-03,-45.774811061E-03
+3.109230000E-03,-1.215563900331E+00,-47.149811066E-03,-46.764132657E-03
+3.109235000E-03,-1.215408435540E+00,-48.955715572E-03,-48.162373848E-03
+3.109240000E-03,-1.214423824977E+00,-46.286117607E-03,-49.094534645E-03
+3.109245000E-03,-1.212920998368E+00,-46.286117620E-03,-50.418027088E-03
+3.109250000E-03,-1.212454603877E+00,-47.463881353E-03,-51.622800949E-03
+3.109255000E-03,-1.210692669242E+00,-48.484609998E-03,-52.629710485E-03
+3.109260000E-03,-1.209448950688E+00,-48.877197988E-03,-54.014760721E-03
+3.109265000E-03,-1.208049767247E+00,-46.443152782E-03,-54.766645134E-03
+3.109270000E-03,-1.205769616541E+00,-48.406092411E-03,-56.468278283E-03
+3.109275000E-03,-1.203541287437E+00,-46.286117575E-03,-56.925564710E-03
+3.109280000E-03,-1.201468423097E+00,-46.364635249E-03,-58.631594840E-03
+3.109285000E-03,-1.198618234717E+00,-46.129082388E-03,-59.146042075E-03
+3.109290000E-03,-1.196493548817E+00,-46.521670359E-03,-60.860866173E-03
+3.109295000E-03,-1.194109754845E+00,-46.050564791E-03,-61.410489289E-03
+3.109300000E-03,-1.190793171985E+00,-46.286117591E-03,-62.901067155E-03
+3.109305000E-03,-1.186284692129E+00,-45.815012095E-03,-63.604584748E-03
+3.109310000E-03,-1.184056363001E+00,-45.893529701E-03,-64.976444015E-03
+3.109315000E-03,-1.180428850490E+00,-45.422424111E-03,-65.904207833E-03
+3.109320000E-03,-1.175557619378E+00,-43.930590027E-03,-66.911117366E-03
+3.109325000E-03,-1.172603787747E+00,-46.364635175E-03,-68.071921374E-03
+3.109330000E-03,-1.168302594336E+00,-44.637248295E-03,-68.810614836E-03
+3.109335000E-03,-1.163845936099E+00,-46.286117611E-03,-70.032976627E-03
+3.109340000E-03,-1.159026526612E+00,-45.579459308E-03,-70.894785667E-03
+3.109345000E-03,-1.154621689967E+00,-44.637248253E-03,-71.963252985E-03
+3.109350000E-03,-1.149698637271E+00,-44.323177921E-03,-72.842649969E-03
+3.109355000E-03,-1.144464654934E+00,-45.108353798E-03,-73.713252971E-03
+3.109360000E-03,-1.139127029346E+00,-43.145414101E-03,-74.702574574E-03
+3.109365000E-03,-1.134255798210E+00,-45.343906550E-03,-75.656720284E-03
+3.109370000E-03,-1.128710886244E+00,-43.930589995E-03,-76.575690131E-03
+3.109375000E-03,-1.122025898863E+00,-45.265388916E-03,-77.468278058E-03
+3.109380000E-03,-1.115807305969E+00,-43.380966912E-03,-78.321293124E-03
+3.109385000E-03,-1.109277783444E+00,-43.145414140E-03,-79.262247887E-03
+3.109390000E-03,-1.102748260877E+00,-41.653579946E-03,-80.018529288E-03
+3.109395000E-03,-1.095700522263E+00,-43.302449298E-03,-81.078202643E-03
+3.109400000E-03,-1.088445497204E+00,-42.909861359E-03,-81.698177513E-03
+3.109405000E-03,-1.082330547528E+00,-43.852072428E-03,-82.819408652E-03
+3.109410000E-03,-1.074453663210E+00,-45.186871392E-03,-83.237122221E-03
+3.109415000E-03,-1.066421314074E+00,-44.323177887E-03,-84.441896075E-03
+3.109420000E-03,-1.059269932210E+00,-43.852072381E-03,-84.938755367E-03
+3.109425000E-03,-1.052481301649E+00,-43.616519640E-03,-85.866519173E-03
+3.109430000E-03,-1.044604417294E+00,-42.124685515E-03,-86.521669925E-03
+3.109435000E-03,-1.035535635993E+00,-42.831343752E-03,-87.282348307E-03
+3.109440000E-03,-1.026985070749E+00,-42.438755874E-03,-88.100187496E-03
+3.109445000E-03,-1.018797256804E+00,-42.517273417E-03,-88.680589499E-03
+3.109450000E-03,-1.010661264396E+00,-41.967650321E-03,-89.625941247E-03
+3.109455000E-03,-1.001385196663E+00,-41.103956823E-03,-89.933730192E-03
+3.109460000E-03,-991.798199302E-03,-42.752826172E-03,-91.006594494E-03
+3.109465000E-03,-983.092169247E-03,-42.595790944E-03,-91.169282944E-03
+3.109470000E-03,-973.919744689E-03,-42.360238270E-03,-92.352071865E-03
+3.109475000E-03,-963.866352846E-03,-43.852072327E-03,-92.440011575E-03
+3.109480000E-03,-952.828350467E-03,-42.752826175E-03,-93.468906024E-03
+3.109485000E-03,-943.915033975E-03,-43.930589982E-03,-93.688755277E-03
+3.109490000E-03,-933.861642090E-03,-42.831343783E-03,-94.546167323E-03
+3.109495000E-03,-922.927282960E-03,-43.066896497E-03,-94.928705011E-03
+3.109500000E-03,-912.614783059E-03,-41.182474484E-03,-95.645413540E-03
+3.109505000E-03,-901.524959053E-03,-43.695037227E-03,-95.922423596E-03
+3.109510000E-03,-889.035951662E-03,-41.889132727E-03,-96.678704991E-03
+3.109515000E-03,-880.537208008E-03,-43.459484425E-03,-96.823805494E-03
+3.109520000E-03,-869.240097587E-03,-42.752826209E-03,-97.716393423E-03
+3.109525000E-03,-858.098452012E-03,-43.930589941E-03,-97.839509003E-03
+3.109530000E-03,-847.734130492E-03,-42.124685506E-03,-98.635363264E-03
+3.109535000E-03,-835.918803995E-03,-43.066896534E-03,-98.771669793E-03
+3.109540000E-03,-824.207120656E-03,-41.025439232E-03,-99.585111996E-03
+3.109545000E-03,-812.599080622E-03,-40.946921679E-03,-99.483981342E-03
+3.109550000E-03,-799.954608380E-03,-42.909861288E-03,-100.336996410E-03
+3.109555000E-03,-787.931995453E-03,-41.418027157E-03,-100.271041637E-03
+3.109560000E-03,-775.546631273E-03,-44.009107545E-03,-101.040513990E-03
+3.109565000E-03,-763.161267080E-03,-41.418027239E-03,-101.075689871E-03
+3.109570000E-03,-751.242297349E-03,-41.496544785E-03,-101.590137100E-03
+3.109575000E-03,-737.302284967E-03,-43.145414121E-03,-101.695664736E-03
+3.109580000E-03,-725.590601633E-03,-41.653579946E-03,-102.152951165E-03
+3.109585000E-03,-712.946129443E-03,-41.653579949E-03,-102.320036590E-03
+3.109590000E-03,-699.887084352E-03,-41.025439249E-03,-102.583855683E-03
+3.109595000E-03,-687.035325687E-03,-40.946921624E-03,-102.882850654E-03
+3.109600000E-03,-673.976280614E-03,-41.653579970E-03,-103.023554176E-03
+3.109605000E-03,-660.295376224E-03,-41.260991993E-03,-103.318152154E-03
+3.109610000E-03,-647.443617589E-03,-39.533605135E-03,-103.414885829E-03
+3.109615000E-03,-632.933567514E-03,-41.260992003E-03,-103.612750147E-03
+3.109620000E-03,-619.719057566E-03,-41.025439273E-03,-103.779835572E-03
+3.109625000E-03,-605.209007496E-03,-40.711368921E-03,-103.876569238E-03
+3.109630000E-03,-591.476281489E-03,-40.711368939E-03,-104.008478788E-03
+3.109635000E-03,-577.277161025E-03,-41.260992066E-03,-104.039257678E-03
+3.109640000E-03,-563.855364686E-03,-40.789886491E-03,-104.254709939E-03
+3.109645000E-03,-550.174460315E-03,-41.967650290E-03,-104.285488829E-03
+3.109650000E-03,-536.182626268E-03,-40.946921676E-03,-104.347046618E-03
+3.109655000E-03,-521.879862672E-03,-40.632851306E-03,-104.303076772E-03
+3.109660000E-03,-506.022450763E-03,-39.690640289E-03,-104.443780284E-03
+3.109665000E-03,-492.859762446E-03,-41.653579924E-03,-104.333855668E-03
+3.109670000E-03,-478.453355560E-03,-40.161745819E-03,-104.391016470E-03
+3.109675000E-03,-463.580554231E-03,-40.318780996E-03,-104.311870742E-03
+3.109680000E-03,-448.448644843E-03,-40.397298573E-03,-104.298679786E-03
+3.109685000E-03,-433.213092217E-03,-39.769157894E-03,-104.210740091E-03
+3.109690000E-03,-417.044750742E-03,-40.004710644E-03,-104.162373254E-03
+3.109695000E-03,-403.674775992E-03,-41.182474363E-03,-103.990890853E-03
+3.109700000E-03,-387.869185705E-03,-40.632851348E-03,-104.012875763E-03
+3.109705000E-03,-373.203670763E-03,-40.083228221E-03,-103.757850654E-03
+3.109710000E-03,-357.916296557E-03,-41.339509604E-03,-103.625941097E-03
+3.109715000E-03,-343.250781653E-03,-40.711368904E-03,-103.423679804E-03
+3.109720000E-03,-326.253294403E-03,-40.554333729E-03,-103.252197383E-03
+3.109725000E-03,-311.328671440E-03,-40.240263367E-03,-103.151066739E-03
+3.109730000E-03,-295.834010807E-03,-40.475816153E-03,-102.777323017E-03
+3.109735000E-03,-280.857566230E-03,-41.732097514E-03,-102.733353179E-03
+3.109740000E-03,-265.311083989E-03,-40.475816206E-03,-102.240890861E-03
+3.109745000E-03,-249.920066561E-03,-42.517273385E-03,-102.232096903E-03
+3.109750000E-03,-233.907189882E-03,-38.983982034E-03,-101.774810465E-03
+3.109755000E-03,-218.308885998E-03,-42.046167899E-03,-101.620916003E-03
+3.109760000E-03,-201.829614825E-03,-40.240263413E-03,-101.066895903E-03
+3.109765000E-03,-187.371386337E-03,-41.103956864E-03,-100.895413497E-03
+3.109770000E-03,-172.187655355E-03,-40.083228228E-03,-100.433730086E-03
+3.109775000E-03,-157.159389173E-03,-40.083228196E-03,-100.130338127E-03
+3.109780000E-03,-140.110080320E-03,-40.475816157E-03,-99.752197426E-03
+3.109785000E-03,-124.822706100E-03,-40.632851284E-03,-99.255338132E-03
+3.109790000E-03,-108.758007782E-03,-40.475816160E-03,-99.026694923E-03
+3.109795000E-03,-92.278736623E-03,-42.124685482E-03,-98.292398449E-03
+3.109800000E-03,-78.856940244E-03,-41.339509607E-03,-98.252825584E-03
+3.109805000E-03,-61.859453004E-03,-40.632851392E-03,-97.399810517E-03
+3.109810000E-03,-46.261149170E-03,-39.926193051E-03,-97.382222576E-03
+3.109815000E-03,-32.062028686E-03,-40.083228236E-03,-96.397297969E-03
+3.109820000E-03,-17.085584125E-03,-40.868404103E-03,-96.282976356E-03
+3.109825000E-03,-554.491383E-06,-40.397298530E-03,-95.355212551E-03
+3.109830000E-03,+17.323963185E-03,-40.946921687E-03,-95.144157274E-03
+3.109835000E-03,+32.248586167E-03,-40.789886440E-03,-94.229584423E-03
+3.109840000E-03,+47.691425226E-03,-39.533605148E-03,-93.965765329E-03
+3.109845000E-03,+63.756123525E-03,-40.397298581E-03,-93.222674887E-03
+3.109850000E-03,+79.924465075E-03,-41.732097576E-03,-92.686242733E-03
+3.109855000E-03,+95.833698587E-03,-40.240263388E-03,-92.075061831E-03
+3.109860000E-03,+112.468434558E-03,-40.868404078E-03,-91.441896010E-03
+3.109865000E-03,+127.185771079E-03,-41.575062358E-03,-90.782348281E-03
+3.109870000E-03,+143.043182989E-03,-41.418027198E-03,-90.219534214E-03
+3.109875000E-03,+159.159702893E-03,-40.632851287E-03,-89.480840751E-03
+3.109880000E-03,+174.602541974E-03,-39.612122710E-03,-88.878453825E-03
+3.109885000E-03,+191.289099555E-03,-40.789886479E-03,-88.034232729E-03
+3.109890000E-03,+206.472830524E-03,-40.397298562E-03,-87.405463896E-03
+3.109895000E-03,+222.330242416E-03,-40.083228210E-03,-86.666770435E-03
+3.109900000E-03,+237.306687009E-03,-40.946921665E-03,-85.967649833E-03
+3.109905000E-03,+252.801347639E-03,-40.946921654E-03,-85.132222714E-03
+3.109910000E-03,+269.228797222E-03,-40.868404066E-03,-84.362750358E-03
+3.109915000E-03,+283.997955355E-03,-41.339509534E-03,-83.558102131E-03
+3.109920000E-03,+300.114475263E-03,-39.690640349E-03,-82.665514190E-03
+3.109925000E-03,+316.645568066E-03,-41.182474404E-03,-82.036745363E-03
+3.109930000E-03,+330.585580476E-03,-39.219534797E-03,-80.897926270E-03
+3.109935000E-03,+346.339349147E-03,-41.103956824E-03,-80.379082063E-03
+3.109940000E-03,+361.419436947E-03,-40.240263403E-03,-79.174308201E-03
+3.109945000E-03,+376.447703103E-03,-40.240263403E-03,-78.699433840E-03
+3.109950000E-03,+391.320504444E-03,-40.632851309E-03,-77.358353446E-03
+3.109955000E-03,+405.519624887E-03,-42.909861275E-03,-76.927448932E-03
+3.109960000E-03,+420.651534312E-03,-40.397298600E-03,-75.533604725E-03
+3.109965000E-03,+436.457124561E-03,-41.889132713E-03,-75.032348448E-03
+3.109970000E-03,+450.293493801E-03,-40.789886464E-03,-73.691268063E-03
+3.109975000E-03,+464.440792632E-03,-41.260992017E-03,-73.084484146E-03
+3.109980000E-03,+479.054485915E-03,-40.789886479E-03,-72.002825870E-03
+3.109985000E-03,+494.030930456E-03,-39.376569915E-03,-71.070665072E-03
+3.109990000E-03,+508.074586127E-03,-40.161745809E-03,-70.107725390E-03
+3.109995000E-03,+523.517425137E-03,-40.554333763E-03,-69.061242986E-03
+3.110000000E-03,+537.146507916E-03,-40.161745910E-03,-68.217021890E-03
+3.110005000E-03,+550.309196259E-03,-40.632851320E-03,-66.981469134E-03
+3.110010000E-03,+564.715603105E-03,-41.967650312E-03,-66.225187742E-03
+3.110015000E-03,+578.292864274E-03,-40.161745812E-03,-64.875313386E-03
+3.110020000E-03,+591.662838980E-03,-41.339509641E-03,-64.114634999E-03
+3.110025000E-03,+605.861959463E-03,-41.732097513E-03,-62.769157631E-03
+3.110030000E-03,+620.475652754E-03,-41.103956846E-03,-61.867775723E-03
+3.110035000E-03,+632.964660178E-03,-41.967650293E-03,-60.636619969E-03
+3.110040000E-03,+646.645564541E-03,-40.240263422E-03,-59.726444087E-03
+3.110045000E-03,+659.497323182E-03,-41.889132687E-03,-58.561243103E-03
+3.110050000E-03,+671.623579339E-03,-40.868404051E-03,-57.514760691E-03
+3.110055000E-03,+684.630802845E-03,-41.339509619E-03,-56.468278300E-03
+3.110060000E-03,+698.000777556E-03,-40.161745828E-03,-55.303077304E-03
+3.110065000E-03,+710.023390495E-03,-40.789886559E-03,-54.151067269E-03
+3.110070000E-03,+722.408754722E-03,-39.926193051E-03,-52.981469289E-03
+3.110075000E-03,+735.415978155E-03,-41.182474426E-03,-51.833856239E-03
+3.110080000E-03,+747.956807174E-03,-40.240263426E-03,-50.651067306E-03
+3.110085000E-03,+760.653101015E-03,-41.810615119E-03,-49.419911538E-03
+3.110090000E-03,+772.312962689E-03,-41.182474429E-03,-48.320665318E-03
+3.110095000E-03,+784.024645991E-03,-41.339509596E-03,-46.966393980E-03
+3.110100000E-03,+796.358188590E-03,-42.595791009E-03,-46.104584941E-03
+3.110105000E-03,+807.033439719E-03,-41.496544736E-03,-44.530464354E-03
+3.110110000E-03,+818.641479806E-03,-41.653579948E-03,-43.681846277E-03
+3.110115000E-03,+829.834947038E-03,-41.889132709E-03,-42.063755841E-03
+3.110120000E-03,+840.821127827E-03,-41.732097505E-03,-41.241519670E-03
+3.110125000E-03,+851.755487004E-03,-41.103956865E-03,-39.636620183E-03
+3.110130000E-03,+862.378916541E-03,-40.240263438E-03,-38.691268441E-03
+3.110135000E-03,+873.727848527E-03,-40.240263357E-03,-37.200690563E-03
+3.110140000E-03,+885.439531851E-03,-40.711368876E-03,-36.158605156E-03
+3.110145000E-03,+895.337458868E-03,-39.847675491E-03,-34.760363955E-03
+3.110150000E-03,+904.820813053E-03,-42.203203042E-03,-33.630338849E-03
+3.110155000E-03,+915.806993835E-03,-41.418027152E-03,-32.223303680E-03
+3.110160000E-03,+925.342169622E-03,-40.475816173E-03,-31.044911741E-03
+3.110165000E-03,+936.121063954E-03,-42.831343720E-03,-29.747801195E-03
+3.110170000E-03,+943.946126732E-03,-40.240263388E-03,-28.384735889E-03
+3.110175000E-03,+953.636767299E-03,-42.674308538E-03,-27.105213286E-03
+3.110180000E-03,+962.342797410E-03,-40.161745828E-03,-25.799308778E-03
+3.110185000E-03,+971.359757071E-03,-42.124685447E-03,-24.423052510E-03
+3.110190000E-03,+981.205862504E-03,-41.575062400E-03,-23.147926898E-03
+3.110195000E-03,+989.393676468E-03,-42.281720680E-03,-21.885992240E-03
+3.110200000E-03,+998.721565823E-03,-42.360238248E-03,-20.588881694E-03
+3.110205000E-03,+1.006339342090E+00,-41.182474406E-03,-19.282977191E-03
+3.110210000E-03,+1.015667231481E+00,-42.281720668E-03,-17.937499813E-03
+3.110215000E-03,+1.023285007781E+00,-41.575062334E-03,-16.684359131E-03
+3.110220000E-03,+1.029866351953E+00,-42.988378995E-03,-15.281720944E-03
+3.110225000E-03,+1.037898701116E+00,-42.203203007E-03,-14.094535039E-03
+3.110230000E-03,+1.046086515085E+00,-40.632851304E-03,-12.639133038E-03
+3.110235000E-03,+1.053600648152E+00,-42.595791021E-03,-11.544283812E-03
+3.110240000E-03,+1.060026527478E+00,-41.182474429E-03,-10.053705925E-03
+3.110245000E-03,+1.067955233428E+00,-42.831343762E-03,-8.818153185E-03
+3.110250000E-03,+1.076402155446E+00,-41.810615079E-03,-7.406721032E-03
+3.110255000E-03,+1.082102532248E+00,-42.831343743E-03,-6.219535122E-03
+3.110260000E-03,+1.088217481963E+00,-41.418027214E-03,-4.940012517E-03
+3.110265000E-03,+1.094228788467E+00,-41.732097587E-03,-3.532977361E-03
+3.110270000E-03,+1.101328348672E+00,-42.124685431E-03,-2.323806521E-03
+3.110275000E-03,+1.106717795863E+00,-41.967650292E-03,-934.359296E-06
+3.110280000E-03,+1.112262707851E+00,-41.732097563E-03,+239.635664E-06
+3.110285000E-03,+1.117496690199E+00,-42.752826223E-03,+1.673052736E-03
+3.110290000E-03,+1.123715283108E+00,-12.130968292E-03,+2.934987395E-03
+3.110295000E-03,+1.126772757968E+00,+2.175918614679E+00,+4.403580339E-03
+3.110300000E-03,+1.131073951365E+00,+2.552567497787E+00,+5.445665763E-03
+3.110305000E-03,+1.134805107131E+00,+2.552567497787E+00,+6.887876796E-03
+3.110310000E-03,+1.138536262849E+00,+2.552567497787E+00,+8.163002417E-03
+3.110315000E-03,+1.143252029124E+00,+2.552567497787E+00,+9.592022495E-03
+3.110320000E-03,+1.147242292919E+00,+2.552567497787E+00,+10.722047612E-03
+3.110325000E-03,+1.151491664720E+00,+2.552567497787E+00,+12.102700864E-03
+3.110330000E-03,+1.154963712445E+00,+2.552567497787E+00,+13.391017433E-03
+3.110335000E-03,+1.158953976208E+00,+2.552567497787E+00,+14.639761141E-03
+3.110340000E-03,+1.161700521407E+00,+2.552567497787E+00,+15.870916904E-03
+3.110345000E-03,+1.165587141971E+00,+2.552567497787E+00,+17.343906839E-03
+3.110350000E-03,+1.169059189660E+00,+2.552567497787E+00,+18.355213360E-03
+3.110355000E-03,+1.170821124327E+00,+2.552567497787E+00,+19.977700780E-03
+3.110360000E-03,+1.172945810205E+00,+2.552567497787E+00,+20.940640469E-03
+3.110365000E-03,+1.176003285089E+00,+2.552567497787E+00,+22.510364075E-03
+3.110370000E-03,+1.176987895626E+00,+2.552724532961E+00,+23.411745969E-03
+3.110375000E-03,+1.179319867952E+00,+2.552724532961E+00,+25.144158008E-03
+3.110380000E-03,+1.181651840260E+00,+2.552724532961E+00,+25.948806246E-03
+3.110385000E-03,+1.181910948353E+00,+2.552724532961E+00,+27.672424318E-03
+3.110390000E-03,+1.183154666954E+00,+2.552724532961E+00,+28.543027325E-03
+3.110395000E-03,+1.183880169432E+00,+2.552724532961E+00,+30.051193136E-03
+3.110400000E-03,+1.186212141766E+00,+2.552724532961E+00,+31.036117750E-03
+3.110405000E-03,+1.186004855385E+00,+2.552724532961E+00,+32.500313715E-03
+3.110410000E-03,+1.186523071387E+00,+2.552724532961E+00,+33.577575008E-03
+3.110415000E-03,+1.186212141734E+00,+2.552724532961E+00,+34.887876504E-03
+3.110420000E-03,+1.186678536212E+00,+2.552724532961E+00,+36.083856385E-03
+3.110425000E-03,+1.186212141772E+00,+2.552724532961E+00,+37.380966931E-03
+3.110430000E-03,+1.185538460891E+00,+2.552724532961E+00,+38.497801086E-03
+3.110435000E-03,+1.185693925673E+00,+2.552724532961E+00,+39.803705597E-03
+3.110440000E-03,+1.185382996079E+00,+2.552724532961E+00,+40.845791008E-03
+3.110445000E-03,+1.184191099112E+00,+2.552724532961E+00,+42.147298535E-03
+3.110450000E-03,+1.182273699606E+00,+2.552724532961E+00,+43.136620133E-03
+3.110455000E-03,+1.181910948361E+00,+2.552724532961E+00,+44.442524641E-03
+3.110460000E-03,+1.179578976027E+00,+2.552724532961E+00,+45.453831167E-03
+3.110465000E-03,+1.177868862994E+00,+2.552724532961E+00,+46.720162801E-03
+3.110470000E-03,+1.175899641920E+00,+2.552724532961E+00,+47.696293456E-03
+3.110475000E-03,+1.173464026382E+00,+2.552724532961E+00,+48.874685395E-03
+3.110480000E-03,+1.171080232419E+00,+2.552724532961E+00,+49.907976854E-03
+3.110485000E-03,+1.167660006349E+00,+2.552724532961E+00,+51.038001949E-03
+3.110490000E-03,+1.165379855560E+00,+2.552724532961E+00,+52.242775824E-03
+3.110495000E-03,+1.161234127021E+00,+2.552724532961E+00,+53.170539617E-03
+3.110500000E-03,+1.158798511434E+00,+2.552724532961E+00,+54.441268257E-03
+3.110505000E-03,+1.154808247682E+00,+2.552724532961E+00,+55.298680303E-03
+3.110510000E-03,+1.151750772816E+00,+2.552724532961E+00,+56.371544619E-03
+3.110515000E-03,+1.147864152260E+00,+2.552724532961E+00,+57.470790828E-03
+3.110520000E-03,+1.142371061864E+00,+2.552724532961E+00,+58.416142586E-03
+3.110525000E-03,+1.138691727743E+00,+2.552724532961E+00,+59.524182773E-03
+3.110530000E-03,+1.133924139838E+00,+2.552724532961E+00,+60.315640055E-03
+3.110535000E-03,+1.128897443940E+00,+2.552724532961E+00,+61.581971693E-03
+3.110540000E-03,+1.123248888727E+00,+2.552724532961E+00,+62.184358627E-03
+3.110545000E-03,+1.119154981752E+00,+2.552724532961E+00,+63.578202820E-03
+3.110550000E-03,+1.113143675259E+00,+2.552724532961E+00,+64.202574687E-03
+3.110555000E-03,+1.107339655226E+00,+2.552724532961E+00,+65.446921395E-03
+3.110560000E-03,+1.100602846275E+00,+2.552724532961E+00,+66.119660098E-03
+3.110565000E-03,+1.095265220712E+00,+2.552724532961E+00,+67.249685196E-03
+3.110570000E-03,+1.088321125309E+00,+2.552724532961E+00,+68.129082180E-03
+3.110575000E-03,+1.082154353980E+00,+2.552724532961E+00,+68.924936439E-03
+3.110580000E-03,+1.075469366642E+00,+2.552724532961E+00,+70.050564571E-03
+3.110585000E-03,+1.068836200890E+00,+2.552724532961E+00,+70.679333404E-03
+3.110590000E-03,+1.062565786376E+00,+2.552724532961E+00,+71.822549474E-03
+3.110595000E-03,+1.055258939734E+00,+2.552724532961E+00,+72.310614802E-03
+3.110600000E-03,+1.048418487524E+00,+2.552724532961E+00,+73.497800706E-03
+3.110605000E-03,+1.039919743910E+00,+2.552724532961E+00,+74.034232876E-03
+3.110610000E-03,+1.033701151009E+00,+2.552724532961E+00,+75.054333353E-03
+3.110615000E-03,+1.025927909887E+00,+2.552724532961E+00,+75.740263009E-03
+3.110620000E-03,+1.017325523075E+00,+2.552724532961E+00,+76.518529318E-03
+3.110625000E-03,+1.010122319604E+00,+2.552724532961E+00,+77.472675048E-03
+3.110630000E-03,+999.602533326E-03,+2.552724532961E+00,+77.943152421E-03
+3.110635000E-03,+992.969367540E-03,+2.552724532961E+00,+78.892901167E-03
+3.110640000E-03,+983.693299792E-03,+2.552724532961E+00,+79.372172509E-03
+3.110645000E-03,+974.935448141E-03,+2.552724532961E+00,+80.335112199E-03
+3.110650000E-03,+965.866666840E-03,+2.552724532961E+00,+80.770413705E-03
+3.110655000E-03,+956.901528717E-03,+2.552724532961E+00,+81.575061923E-03
+3.110660000E-03,+947.625460997E-03,+2.552724532961E+00,+82.260991584E-03
+3.110665000E-03,+937.105674680E-03,+2.552724532961E+00,+82.749056887E-03
+3.110670000E-03,+928.296001388E-03,+2.552724532961E+00,+83.747172472E-03
+3.110675000E-03,+919.641792935E-03,+2.552724532961E+00,+83.755966430E-03
+3.110680000E-03,+909.795687527E-03,+2.552724532961E+00,+85.110237780E-03
+3.110685000E-03,+899.638652480E-03,+2.552724532961E+00,+84.828830742E-03
+3.110690000E-03,+889.222509345E-03,+2.552724532961E+00,+86.385363394E-03
+3.110695000E-03,+877.096253202E-03,+2.552724532961E+00,+86.055589524E-03
+3.110700000E-03,+867.198326135E-03,+2.552724532961E+00,+87.321921170E-03
+3.110705000E-03,+856.574896649E-03,+2.552724532961E+00,+87.168026699E-03
+3.110710000E-03,+846.106931940E-03,+2.552724532961E+00,+88.267272917E-03
+3.110715000E-03,+834.395248659E-03,+2.552724532961E+00,+88.399182468E-03
+3.110720000E-03,+823.616354257E-03,+2.552724532961E+00,+89.080715120E-03
+3.110725000E-03,+811.904670960E-03,+2.552724532961E+00,+89.401695022E-03
+3.110730000E-03,+798.793804312E-03,+2.552724532961E+00,+89.977700036E-03
+3.110735000E-03,+787.859445115E-03,+2.552724532961E+00,+90.386619629E-03
+3.110740000E-03,+776.147761841E-03,+2.552724532961E+00,+90.694408578E-03
+3.110745000E-03,+764.643364979E-03,+2.552724532961E+00,+91.200061828E-03
+3.110750000E-03,+752.050714372E-03,+2.552724532961E+00,+91.512247767E-03
+3.110755000E-03,+739.458063742E-03,+2.552724532961E+00,+91.864006542E-03
+3.110760000E-03,+727.435450762E-03,+2.552724532961E+00,+92.356468863E-03
+3.110765000E-03,+714.894621785E-03,+2.552724532961E+00,+92.475187441E-03
+3.110770000E-03,+702.923830445E-03,+2.552724532961E+00,+93.103956294E-03
+3.110775000E-03,+689.346569310E-03,+2.552724532961E+00,+92.998428643E-03
+3.110780000E-03,+676.598453868E-03,+2.552724532961E+00,+93.732725125E-03
+3.110785000E-03,+663.953981651E-03,+2.552724532961E+00,+93.504081910E-03
+3.110790000E-03,+650.376720504E-03,+2.552724532961E+00,+94.110865822E-03
+3.110795000E-03,+636.747637715E-03,+2.552724532961E+00,+94.071292960E-03
+3.110800000E-03,+624.984132776E-03,+2.552724532961E+00,+94.563755267E-03
+3.110805000E-03,+610.422261101E-03,+2.552724532961E+00,+94.480212557E-03
+3.110810000E-03,+597.415037620E-03,+2.552724532961E+00,+94.889132142E-03
+3.110815000E-03,+583.215917212E-03,+2.552724532961E+00,+94.889132153E-03
+3.110820000E-03,+570.415980126E-03,+2.552724532961E+00,+95.029835662E-03
+3.110825000E-03,+555.698643621E-03,+2.552724532961E+00,+95.271669833E-03
+3.110830000E-03,+542.121382457E-03,+2.552724532961E+00,+95.210112047E-03
+3.110835000E-03,+527.404045908E-03,+2.552724532961E+00,+95.478328121E-03
+3.110840000E-03,+513.360390314E-03,+2.552724532961E+00,+95.443152250E-03
+3.110845000E-03,+498.953983442E-03,+2.552724532961E+00,+95.531091942E-03
+3.110850000E-03,+484.547576553E-03,+2.552724532961E+00,+95.689383401E-03
+3.110855000E-03,+470.400277637E-03,+2.552724532961E+00,+95.539885909E-03
+3.110860000E-03,+456.149335625E-03,+2.552724532961E+00,+95.728956263E-03
+3.110865000E-03,+441.172891097E-03,+2.552724532961E+00,+95.473931137E-03
+3.110870000E-03,+426.196446496E-03,+2.552724532961E+00,+95.786117065E-03
+3.110875000E-03,+412.204612498E-03,+2.552724532961E+00,+95.368403506E-03
+3.110880000E-03,+396.554487046E-03,+2.552724532961E+00,+95.702574349E-03
+3.110885000E-03,+381.163469626E-03,+2.552724532961E+00,+95.267272852E-03
+3.110890000E-03,+365.876095462E-03,+2.552724532961E+00,+95.544282893E-03
+3.110895000E-03,+350.381434780E-03,+2.552724532961E+00,+95.056217583E-03
+3.110900000E-03,+335.145882186E-03,+2.552724532961E+00,+95.245287920E-03
+3.110905000E-03,+321.154048112E-03,+2.552724532961E+00,+94.849559294E-03
+3.110910000E-03,+305.711209105E-03,+2.552724532961E+00,+94.884735161E-03
+3.110915000E-03,+290.579299740E-03,+2.552724532961E+00,+94.528579390E-03
+3.110920000E-03,+274.877352657E-03,+2.552724532961E+00,+94.616519083E-03
+3.110925000E-03,+259.123583979E-03,+2.552724532961E+00,+94.044911059E-03
+3.110930000E-03,+244.820820331E-03,+2.552724532961E+00,+94.286745218E-03
+3.110935000E-03,+228.859765211E-03,+2.552724532961E+00,+93.490890958E-03
+3.110940000E-03,+213.209639762E-03,+2.552724532961E+00,+93.750313069E-03
+3.110945000E-03,+197.300406270E-03,+2.552724532961E+00,+92.910488962E-03
+3.110950000E-03,+182.479426535E-03,+2.552724532961E+00,+93.227071868E-03
+3.110955000E-03,+166.518371404E-03,+2.552724532961E+00,+92.294911078E-03
+3.110960000E-03,+151.075532364E-03,+2.552724532961E+00,+92.527951269E-03
+3.110965000E-03,+134.233509961E-03,+2.552724532961E+00,+91.586996519E-03
+3.110970000E-03,+118.376098059E-03,+2.552724532961E+00,+91.793654795E-03
+3.110975000E-03,+102.311399727E-03,+2.552724532961E+00,+91.037373403E-03
+3.110980000E-03,+87.127668707E-03,+2.552724532961E+00,+90.857097017E-03
+3.110985000E-03,+71.322078531E-03,+2.552724532961E+00,+90.303076929E-03
+3.110990000E-03,+55.931061078E-03,+2.552724532961E+00,+89.946921155E-03
+3.110995000E-03,+39.607254715E-03,+2.552724532961E+00,+89.542398535E-03
+3.111000000E-03,+24.786274927E-03,+2.552724532961E+00,+88.975187499E-03
+3.111005000E-03,+8.669755026E-03,+2.552724532961E+00,+88.592649804E-03
+3.111010000E-03,-6.721262392E-03,+2.552724532961E+00,+88.007850825E-03
+3.111015000E-03,-22.423209462E-03,+2.552724532961E+00,+87.528579463E-03
+3.111020000E-03,-36.570508309E-03,+2.552724532961E+00,+86.992147322E-03
+3.111025000E-03,-52.272455412E-03,+2.552724532961E+00,+86.455715153E-03
+3.111030000E-03,-68.492618516E-03,+2.552724532961E+00,+85.985237780E-03
+3.111035000E-03,-84.609138462E-03,+2.552724532961E+00,+85.215765421E-03
+3.111040000E-03,-99.533761370E-03,+2.552724532961E+00,+84.745288045E-03
+3.111045000E-03,-115.753924492E-03,+2.552724532961E+00,+84.054961417E-03
+3.111050000E-03,-133.114163059E-03,+2.552724532961E+00,+83.637247850E-03
+3.111055000E-03,-147.313283543E-03,+2.552724532961E+00,+82.863378515E-03
+3.111060000E-03,-162.600657745E-03,+2.552724532961E+00,+82.225815703E-03
+3.111065000E-03,-178.043496790E-03,+2.552724532961E+00,+81.663001646E-03
+3.111070000E-03,-193.279049367E-03,+2.552724532961E+00,+80.840765468E-03
+3.111075000E-03,-208.514601967E-03,+2.552724532961E+00,+80.343906184E-03
+3.111080000E-03,-224.268370625E-03,+2.552724532961E+00,+79.350187596E-03
+3.111085000E-03,-239.970317675E-03,+2.552724532961E+00,+78.906092129E-03
+3.111090000E-03,-256.397767247E-03,+2.552724532961E+00,+77.965137362E-03
+3.111095000E-03,-272.358822383E-03,+2.552724532961E+00,+77.397926317E-03
+3.111100000E-03,-287.127980519E-03,+2.552724532961E+00,+76.522926321E-03
+3.111105000E-03,-302.570819546E-03,+2.552724532961E+00,+75.793026832E-03
+3.111110000E-03,-318.013658550E-03,+2.552724532961E+00,+75.063127342E-03
+3.111115000E-03,-332.730995045E-03,+2.552724532961E+00,+74.034232887E-03
+3.111120000E-03,-348.536585413E-03,+2.552724532961E+00,+73.554961526E-03
+3.111125000E-03,-363.668494759E-03,+2.552724532961E+00,+72.297423867E-03
+3.111130000E-03,-379.474085072E-03,+2.552724532961E+00,+71.928077119E-03
+3.111135000E-03,-394.346886423E-03,+2.552724532961E+00,+70.613378658E-03
+3.111140000E-03,-409.012401317E-03,+2.552724532961E+00,+70.116519342E-03
+3.111145000E-03,-424.247953933E-03,+2.552724532961E+00,+68.929333453E-03
+3.111150000E-03,-439.690792899E-03,+2.552724532961E+00,+68.186242987E-03
+3.111155000E-03,-454.822702322E-03,+2.552724532961E+00,+67.267273169E-03
+3.111160000E-03,-470.110076490E-03,+2.552724532961E+00,+66.194408830E-03
+3.111165000E-03,-483.065478428E-03,+2.552724532961E+00,+65.526067154E-03
+3.111170000E-03,-498.041922946E-03,+2.552724532961E+00,+64.127825946E-03
+3.111175000E-03,-511.671005739E-03,+2.552724532961E+00,+63.565011900E-03
+3.111180000E-03,-526.491985501E-03,+2.552724532961E+00,+62.109609894E-03
+3.111185000E-03,-539.602852225E-03,+2.552724532961E+00,+61.621544580E-03
+3.111190000E-03,-553.698329393E-03,+2.552724532961E+00,+60.293655138E-03
+3.111195000E-03,-567.327412193E-03,+2.552724532961E+00,+59.541770728E-03
+3.111200000E-03,-582.096570329E-03,+2.552724532961E+00,+58.394157678E-03
+3.111205000E-03,-595.881117914E-03,+2.552724532961E+00,+57.426820999E-03
+3.111210000E-03,-609.872951925E-03,+2.552724532961E+00,+56.459484329E-03
+3.111215000E-03,-622.776532214E-03,+2.552724532961E+00,+55.188755698E-03
+3.111220000E-03,-636.975652680E-03,+2.552724532961E+00,+54.472047164E-03
+3.111225000E-03,-651.071129903E-03,+2.552724532961E+00,+53.060615021E-03
+3.111230000E-03,-663.922888535E-03,+2.552724532961E+00,+52.335112513E-03
+3.111235000E-03,-676.204609537E-03,+2.552724532961E+00,+50.875313536E-03
+3.111240000E-03,-689.367297822E-03,+2.552724532961E+00,+50.206971829E-03
+3.111245000E-03,-702.063591634E-03,+2.552724532961E+00,+48.729584916E-03
+3.111250000E-03,-715.589031169E-03,+2.552724532961E+00,+47.889760801E-03
+3.111255000E-03,-728.026217003E-03,+2.552724532961E+00,+46.579459312E-03
+3.111260000E-03,-740.774332438E-03,+2.552724532961E+00,+45.612122633E-03
+3.111265000E-03,-753.315161440E-03,+2.552724532961E+00,+44.380966871E-03
+3.111270000E-03,-764.923201523E-03,+2.552724532961E+00,+43.158605074E-03
+3.111275000E-03,-777.671316989E-03,+2.552724532961E+00,+42.054961874E-03
+3.111280000E-03,-789.953037966E-03,+2.552724532961E+00,+40.744660380E-03
+3.111285000E-03,-801.923829273E-03,+2.552724532961E+00,+39.755338780E-03
+3.111290000E-03,-812.495437265E-03,+2.552724532961E+00,+38.352700611E-03
+3.111295000E-03,-823.688904420E-03,+2.552724532961E+00,+37.301821216E-03
+3.111300000E-03,-835.607874160E-03,+2.552724532961E+00,+35.995916718E-03
+3.111305000E-03,-847.164092567E-03,+2.552724532961E+00,+34.883479535E-03
+3.111310000E-03,-857.476592497E-03,+2.552724532961E+00,+33.542399149E-03
+3.111315000E-03,-868.307308474E-03,+2.552724532961E+00,+32.320037354E-03
+3.111320000E-03,-879.500775737E-03,+2.552724532961E+00,+31.058102691E-03
+3.111325000E-03,-890.590599711E-03,+2.552724532961E+00,+29.796168040E-03
+3.111330000E-03,-901.421315688E-03,+2.552724532961E+00,+28.595791164E-03
+3.111335000E-03,-912.407496449E-03,+2.552724532961E+00,+27.404208264E-03
+3.111340000E-03,-924.430109370E-03,+2.552724532961E+00,+26.076318824E-03
+3.111345000E-03,-933.447069098E-03,+2.552724532961E+00,+24.972675628E-03
+3.111350000E-03,-943.241352890E-03,+2.552724532961E+00,+23.548052519E-03
+3.111355000E-03,-952.828350300E-03,+2.552724532961E+00,+22.492776159E-03
+3.111360000E-03,-963.140850218E-03,+2.552724532961E+00,+21.028580185E-03
+3.111365000E-03,-972.986955637E-03,+2.552724532961E+00,+19.920539999E-03
+3.111370000E-03,-982.003915317E-03,+2.552724532961E+00,+18.377198308E-03
+3.111375000E-03,-990.606302166E-03,+2.552724532961E+00,+17.308730985E-03
+3.111380000E-03,-1.000504229180E+00,+2.552724532961E+00,+15.906092811E-03
+3.111385000E-03,-1.009417545689E+00,+2.552724532961E+00,+14.657349105E-03
+3.111390000E-03,-1.018279040550E+00,+2.552724532961E+00,+13.364635549E-03
+3.111395000E-03,-1.026104103344E+00,+2.552724532961E+00,+12.058731040E-03
+3.111400000E-03,-1.035587457444E+00,+2.552724532961E+00,+10.788002412E-03
+3.111405000E-03,-1.042272444860E+00,+2.552724532961E+00,+9.389761226E-03
+3.111410000E-03,-1.050926653288E+00,+2.552724532961E+00,+8.233354190E-03
+3.111415000E-03,-1.058751716012E+00,+2.552724532961E+00,+6.870288885E-03
+3.111420000E-03,-1.066576778723E+00,+2.552724532961E+00,+5.538002461E-03
+3.111425000E-03,-1.073779982182E+00,+2.552724532961E+00,+4.271670824E-03
+3.111430000E-03,-1.081605044922E+00,+2.552724532961E+00,+2.891017565E-03
+3.111435000E-03,-1.089689215696E+00,+2.552724532961E+00,+1.774183414E-03
+3.111440000E-03,-1.095804165392E+00,+2.552724532961E+00,+270.414577E-06
+3.111445000E-03,-1.102748260753E+00,+2.552724532961E+00,-864.007509E-06
+3.111450000E-03,-1.108241351195E+00,+2.552724532961E+00,-2.402952226E-03
+3.111455000E-03,-1.114978160129E+00,+2.552724532961E+00,-3.396670804E-03
+3.111460000E-03,-1.121196753015E+00,+2.552724532961E+00,-4.983982350E-03
+3.111465000E-03,-1.128192670083E+00,+2.552724532961E+00,-5.938128060E-03
+3.111470000E-03,-1.133530295619E+00,+2.552724532961E+00,-7.696922019E-03
+3.111475000E-03,-1.138246061906E+00,+2.552724532961E+00,-8.602700895E-03
+3.111480000E-03,-1.143739152338E+00,+2.552724532961E+00,-10.299937063E-03
+3.111485000E-03,-1.149232242709E+00,+2.552724532961E+00,-11.315640566E-03
+3.111490000E-03,-1.154569868289E+00,+2.552724532961E+00,-12.911746081E-03
+3.111495000E-03,-1.160062958635E+00,+2.315836983950E+00,-13.980213406E-03
+3.111500000E-03,-1.163638649622E+00,+46.835752100E-03,-15.589509867E-03
+3.111505000E-03,-1.168043486232E+00,-174.505337195E-03,-16.398555090E-03
+3.111510000E-03,-1.172448322830E+00,-126.374058287E-03,-18.188127931E-03
+3.111515000E-03,-1.177423197223E+00,+212.978953807E-03,-19.133479686E-03
+3.111520000E-03,-1.181257996176E+00,-46.050562582E-03,-20.742776144E-03
+3.111525000E-03,-1.184781865489E+00,-69.448806044E-03,-21.661745993E-03
+3.111530000E-03,-1.187787518681E+00,-101.405463562E-03,-23.279836420E-03
+3.111535000E-03,-1.190948636766E+00,-29.718907560E-03,-24.458228373E-03
+3.111540000E-03,-1.194420684461E+00,-45.579458810E-03,-25.838881612E-03
+3.111545000E-03,-1.197322694484E+00,-50.683102566E-03,-26.973303724E-03
+3.111550000E-03,-1.199654666830E+00,-57.200062024E-03,-28.389132843E-03
+3.111555000E-03,-1.202245747214E+00,-53.195665432E-03,-29.703831329E-03
+3.111560000E-03,-1.204785005962E+00,-47.934986840E-03,-30.930590104E-03
+3.111565000E-03,-1.207116978292E+00,-52.567524563E-03,-32.179333818E-03
+3.111570000E-03,-1.209345307433E+00,-50.369032084E-03,-33.467650379E-03
+3.111575000E-03,-1.209604415451E+00,-52.331971801E-03,-34.808730775E-03
+3.111580000E-03,-1.211729101365E+00,-49.426821108E-03,-36.039886528E-03
+3.111585000E-03,-1.213594679254E+00,-49.112750715E-03,-37.249057382E-03
+3.111590000E-03,-1.214216538540E+00,-48.563127621E-03,-38.414258369E-03
+3.111595000E-03,-1.215201149076E+00,-49.269785855E-03,-39.715765897E-03
+3.111600000E-03,-1.215304792323E+00,-48.249057302E-03,-41.039258339E-03
+3.111605000E-03,-1.215667543576E+00,-46.835740764E-03,-42.200062352E-03
+3.111610000E-03,-1.215304792350E+00,-48.798680387E-03,-43.334484451E-03
+3.111615000E-03,-1.216185759621E+00,-49.897926547E-03,-44.627198004E-03
+3.111620000E-03,-1.215563900374E+00,-47.306846267E-03,-45.788002008E-03
+3.111625000E-03,-1.215408435519E+00,-48.249057292E-03,-47.019157776E-03
+3.111630000E-03,-1.215667543520E+00,-47.228328600E-03,-48.127197970E-03
+3.111635000E-03,-1.214579289802E+00,-47.620916536E-03,-49.340765794E-03
+3.111640000E-03,-1.213128284826E+00,-47.777951794E-03,-50.536745680E-03
+3.111645000E-03,-1.212247317508E+00,-46.600187998E-03,-51.723931594E-03
+3.111650000E-03,-1.211314528528E+00,-48.092022108E-03,-52.893529570E-03
+3.111655000E-03,-1.209967166746E+00,-49.662373805E-03,-54.111494381E-03
+3.111660000E-03,-1.207842480862E+00,-47.228328665E-03,-55.100815984E-03
+3.111665000E-03,-1.205821438131E+00,-47.856469297E-03,-56.305589835E-03
+3.111670000E-03,-1.203334001011E+00,-45.815012062E-03,-57.360866208E-03
+3.111675000E-03,-1.199551023704E+00,-48.720162715E-03,-58.477700367E-03
+3.111680000E-03,-1.198773699500E+00,-45.736494570E-03,-59.515388801E-03
+3.111685000E-03,-1.195819867909E+00,-46.443152834E-03,-60.715765666E-03
+3.111690000E-03,-1.193954290053E+00,-44.401695464E-03,-61.678705363E-03
+3.111695000E-03,-1.189808561444E+00,-46.757223147E-03,-62.958227955E-03
+3.111700000E-03,-1.186336513753E+00,-44.480213091E-03,-63.864006846E-03
+3.111705000E-03,-1.182138963570E+00,-46.443152714E-03,-65.042398785E-03
+3.111710000E-03,-1.179703347981E+00,-44.401695580E-03,-65.974559590E-03
+3.111715000E-03,-1.175091224909E+00,-46.757223047E-03,-67.082599773E-03
+3.111720000E-03,-1.172137393299E+00,-46.050564879E-03,-68.019157557E-03
+3.111725000E-03,-1.166851589335E+00,-43.616519664E-03,-69.131594722E-03
+3.111730000E-03,-1.162239466289E+00,-47.542399034E-03,-69.923052010E-03
+3.111735000E-03,-1.157834629643E+00,-45.108353783E-03,-71.097046964E-03
+3.111740000E-03,-1.153481614627E+00,-44.323177993E-03,-71.998428867E-03
+3.111745000E-03,-1.149594994093E+00,-45.579459275E-03,-72.996544431E-03
+3.111750000E-03,-1.143687330803E+00,-43.695037291E-03,-73.875941406E-03
+3.111755000E-03,-1.137883310741E+00,-44.087625120E-03,-74.847675068E-03
+3.111760000E-03,-1.132752971657E+00,-43.459484495E-03,-75.696293153E-03
+3.111765000E-03,-1.127363524448E+00,-45.343906550E-03,-76.742775548E-03
+3.111770000E-03,-1.121041288376E+00,-44.401695515E-03,-77.499056952E-03
+3.111775000E-03,-1.114978160263E+00,-45.343906514E-03,-78.448805684E-03
+3.111780000E-03,-1.107723135245E+00,-44.401695530E-03,-79.213881055E-03
+3.111785000E-03,-1.101141791041E+00,-44.009107518E-03,-80.247172503E-03
+3.111790000E-03,-1.094042230873E+00,-43.695037215E-03,-81.065011689E-03
+3.111795000E-03,-1.087201778661E+00,-44.244660284E-03,-81.896041829E-03
+3.111800000E-03,-1.080672256115E+00,-43.459484469E-03,-82.731468955E-03
+3.111805000E-03,-1.073313587865E+00,-44.166142758E-03,-83.531720201E-03
+3.111810000E-03,-1.066576778909E+00,-43.223931703E-03,-84.468277984E-03
+3.111815000E-03,-1.059321753827E+00,-42.438755873E-03,-85.061870938E-03
+3.111820000E-03,-1.051133939852E+00,-41.889132717E-03,-86.174308111E-03
+3.111825000E-03,-1.043516163545E+00,-42.988378901E-03,-86.429333239E-03
+3.111830000E-03,-1.034810133497E+00,-42.517273460E-03,-87.673679953E-03
+3.111835000E-03,-1.026207746645E+00,-43.695037231E-03,-87.831971421E-03
+3.111840000E-03,-1.017138965348E+00,-41.575062374E-03,-89.041142249E-03
+3.111845000E-03,-1.009417545864E+00,-41.810615197E-03,-89.340137237E-03
+3.111850000E-03,-999.001402756E-03,-41.732097528E-03,-90.355840730E-03
+3.111855000E-03,-989.932621422E-03,-42.674308552E-03,-90.751569372E-03
+3.111860000E-03,-981.382056201E-03,-42.674308537E-03,-91.652951266E-03
+3.111865000E-03,-971.380485939E-03,-42.281720709E-03,-92.057473894E-03
+3.111870000E-03,-961.689845387E-03,-41.496544802E-03,-92.796167339E-03
+3.111875000E-03,-953.139280155E-03,-44.166142681E-03,-93.345790452E-03
+3.111880000E-03,-941.531240086E-03,-43.145414126E-03,-93.882222608E-03
+3.111885000E-03,-931.426026647E-03,-41.653579961E-03,-94.502197471E-03
+3.111890000E-03,-920.958061884E-03,-43.459484418E-03,-94.959483911E-03
+3.111895000E-03,-910.904670028E-03,-41.967650346E-03,-95.575061779E-03
+3.111900000E-03,-899.763024436E-03,-41.418027215E-03,-96.115890931E-03
+3.111905000E-03,-888.569557192E-03,-41.339509613E-03,-96.524810513E-03
+3.111910000E-03,-877.583376443E-03,-42.517273445E-03,-97.219534142E-03
+3.111915000E-03,-867.063590116E-03,-41.967650263E-03,-97.448177337E-03
+3.111920000E-03,-856.647446981E-03,-43.302449295E-03,-98.200061764E-03
+3.111925000E-03,-845.505801506E-03,-41.810615140E-03,-98.384735118E-03
+3.111930000E-03,-834.312334214E-03,-41.653580029E-03,-99.061870795E-03
+3.111935000E-03,-823.015223727E-03,-41.496544688E-03,-99.303704959E-03
+3.111940000E-03,-810.215286750E-03,-40.083228261E-03,-99.791770291E-03
+3.111945000E-03,-799.021819475E-03,-41.732097480E-03,-100.174307964E-03
+3.111950000E-03,-785.807309566E-03,-40.004710663E-03,-100.539257715E-03
+3.111955000E-03,-773.525588630E-03,-42.752826139E-03,-100.913001426E-03
+3.111960000E-03,-762.073013352E-03,-41.575062442E-03,-101.181217507E-03
+3.111965000E-03,-748.443930570E-03,-42.046167923E-03,-101.651694882E-03
+3.111970000E-03,-736.732247285E-03,-40.475816149E-03,-101.770413480E-03
+3.111975000E-03,-724.398704690E-03,-41.653579951E-03,-102.249684825E-03
+3.111980000E-03,-711.287838041E-03,-41.103956857E-03,-102.381594374E-03
+3.111985000E-03,-698.436079371E-03,-41.732097506E-03,-102.654207443E-03
+3.111990000E-03,-684.392423795E-03,-42.203203024E-03,-102.896041614E-03
+3.111995000E-03,-672.680740462E-03,-42.752826175E-03,-103.041142112E-03
+3.112000000E-03,-659.621695400E-03,-39.690640373E-03,-103.445664719E-03
+3.112005000E-03,-645.733504538E-03,-40.240263388E-03,-103.454458689E-03
+3.112010000E-03,-631.741670556E-03,-40.868404106E-03,-103.656719990E-03
+3.112015000E-03,-617.646193313E-03,-39.926193040E-03,-103.700689847E-03
+3.112020000E-03,-603.654359313E-03,-40.632851297E-03,-103.836996376E-03
+3.112025000E-03,-590.388027786E-03,-40.789886519E-03,-104.039257683E-03
+3.112030000E-03,-576.396193755E-03,-41.653579956E-03,-104.070036567E-03
+3.112035000E-03,-562.922575798E-03,-41.182474444E-03,-104.285488838E-03
+3.112040000E-03,-549.811709098E-03,-41.182474433E-03,-104.074433558E-03
+3.112045000E-03,-534.938907767E-03,-40.632851339E-03,-104.509735061E-03
+3.112050000E-03,-520.947073746E-03,-41.496544766E-03,-104.140388329E-03
+3.112055000E-03,-506.281558845E-03,-41.260991983E-03,-104.575689830E-03
+3.112060000E-03,-491.046006252E-03,-40.946921704E-03,-104.263503908E-03
+3.112065000E-03,-476.795064225E-03,-41.810615146E-03,-104.421795364E-03
+3.112070000E-03,-461.714976387E-03,-40.868404085E-03,-104.342649642E-03
+3.112075000E-03,-446.479423857E-03,-41.025439217E-03,-104.157976266E-03
+3.112080000E-03,-432.228481700E-03,-39.455087565E-03,-104.347046629E-03
+3.112085000E-03,-416.630177851E-03,-40.554333737E-03,-103.920539082E-03
+3.112090000E-03,-401.498268511E-03,-41.575062337E-03,-104.250312956E-03
+3.112095000E-03,-386.936396811E-03,-40.632851286E-03,-103.581971250E-03
+3.112100000E-03,-370.768055332E-03,-40.711368969E-03,-104.153579286E-03
+3.112105000E-03,-355.739789081E-03,-40.789886476E-03,-103.129081818E-03
+3.112110000E-03,-340.970630962E-03,-39.141017222E-03,-103.762247630E-03
+3.112115000E-03,-325.268683897E-03,-40.083228246E-03,-102.838880819E-03
+3.112120000E-03,-309.203985612E-03,-39.847675431E-03,-103.282976276E-03
+3.112125000E-03,-293.761146543E-03,-41.575062385E-03,-102.575061724E-03
+3.112130000E-03,-277.955556246E-03,-40.632851297E-03,-102.680589352E-03
+3.112135000E-03,-263.652792591E-03,-39.926192992E-03,-102.223302933E-03
+3.112140000E-03,-246.758948544E-03,-40.554333688E-03,-102.192524026E-03
+3.112145000E-03,-231.108823136E-03,-41.653579956E-03,-101.669282839E-03
+3.112150000E-03,-215.614162445E-03,-40.318780927E-03,-101.510991379E-03
+3.112155000E-03,-201.000469191E-03,-40.711368954E-03,-101.128453695E-03
+3.112160000E-03,-185.609451736E-03,-40.318780922E-03,-100.855840635E-03
+3.112165000E-03,-169.596575034E-03,-40.946921677E-03,-100.376569278E-03
+3.112170000E-03,-154.412844027E-03,-39.769157860E-03,-100.156720041E-03
+3.112175000E-03,-137.829929653E-03,-41.182474374E-03,-99.620287880E-03
+3.112180000E-03,-122.853485037E-03,-40.632851302E-03,-99.470790398E-03
+3.112185000E-03,-106.063284286E-03,-40.475816214E-03,-98.723302965E-03
+3.112190000E-03,-90.413158733E-03,-40.632851351E-03,-98.657348194E-03
+3.112195000E-03,-74.918498120E-03,-42.752826013E-03,-97.857096946E-03
+3.112200000E-03,-59.734767174E-03,-40.868404112E-03,-97.584483885E-03
+3.112205000E-03,-44.654679328E-03,-41.732097543E-03,-97.017272837E-03
+3.112210000E-03,-28.900910688E-03,-40.397298508E-03,-96.454458772E-03
+3.112215000E-03,-12.991677229E-03,-41.575062385E-03,-96.076318072E-03
+3.112220000E-03,+3.383950739E-03,-39.926193083E-03,-95.306845714E-03
+3.112225000E-03,+19.448649106E-03,-40.632851302E-03,-95.043026622E-03
+3.112230000E-03,+34.269628847E-03,-38.669911803E-03,-94.168026633E-03
+3.112235000E-03,+51.733510526E-03,-41.967650304E-03,-94.027323118E-03
+3.112240000E-03,+66.502668688E-03,-40.083228306E-03,-93.051192480E-03
+3.112245000E-03,+82.567367026E-03,-39.769157876E-03,-92.804961320E-03
+3.112250000E-03,+98.994816552E-03,-40.318780959E-03,-91.877197517E-03
+3.112255000E-03,+114.385834025E-03,-40.946921705E-03,-91.485865859E-03
+3.112260000E-03,+131.331499662E-03,-40.475816117E-03,-90.566896024E-03
+3.112265000E-03,+146.929803490E-03,-41.025439205E-03,-90.070036729E-03
+3.112270000E-03,+163.512717846E-03,-39.926193056E-03,-89.296167395E-03
+3.112275000E-03,+178.851913708E-03,-41.496544629E-03,-88.742147298E-03
+3.112280000E-03,+194.605682365E-03,-40.397298535E-03,-88.091393531E-03
+3.112285000E-03,+209.685770147E-03,-41.025439292E-03,-87.269157367E-03
+3.112290000E-03,+225.543182073E-03,-40.711368927E-03,-86.583227716E-03
+3.112295000E-03,+240.778734685E-03,-40.789886454E-03,-85.831343319E-03
+3.112300000E-03,+255.858822430E-03,-40.004710725E-03,-84.943152358E-03
+3.112305000E-03,+272.286272010E-03,-40.397298518E-03,-84.257222738E-03
+3.112310000E-03,+287.884575892E-03,-42.124685517E-03,-83.439383525E-03
+3.112315000E-03,+304.312025425E-03,-39.847675403E-03,-82.678705162E-03
+3.112320000E-03,+319.392113207E-03,-41.025439325E-03,-81.799308172E-03
+3.112325000E-03,+334.316736141E-03,-39.926192979E-03,-81.007850903E-03
+3.112330000E-03,+349.604110399E-03,-40.554333693E-03,-80.128453923E-03
+3.112335000E-03,+364.425090067E-03,-40.632851340E-03,-79.218278060E-03
+3.112340000E-03,+379.194248273E-03,-39.533605126E-03,-78.580715241E-03
+3.112345000E-03,+393.237903905E-03,-41.732097543E-03,-77.331971546E-03
+3.112350000E-03,+409.406245444E-03,-40.868404046E-03,-76.861494156E-03
+3.112355000E-03,+424.693619583E-03,-42.203202944E-03,-75.401695179E-03
+3.112360000E-03,+439.203669730E-03,-39.847675486E-03,-74.913629858E-03
+3.112365000E-03,+453.765541429E-03,-41.810615169E-03,-73.489006764E-03
+3.112370000E-03,+467.912840229E-03,-39.847675464E-03,-73.014132384E-03
+3.112375000E-03,+480.920063751E-03,-42.046167797E-03,-71.664258047E-03
+3.112380000E-03,+496.777475634E-03,-40.161745934E-03,-71.057474113E-03
+3.112385000E-03,+509.629234338E-03,-41.182474417E-03,-69.936242982E-03
+3.112390000E-03,+525.434824606E-03,-39.455087528E-03,-68.999685199E-03
+3.112395000E-03,+539.167550575E-03,-41.732097504E-03,-68.107097267E-03
+3.112400000E-03,+552.641168496E-03,-41.418027289E-03,-66.840765629E-03
+3.112405000E-03,+567.617613095E-03,-40.711368922E-03,-66.185614874E-03
+3.112410000E-03,+580.106620503E-03,-41.260991993E-03,-64.717021933E-03
+3.112415000E-03,+594.564848984E-03,-40.632851307E-03,-63.987122438E-03
+3.112420000E-03,+608.090288541E-03,-40.554333725E-03,-62.553705380E-03
+3.112425000E-03,+621.823014536E-03,-41.418027183E-03,-61.793026983E-03
+3.112430000E-03,+635.037524496E-03,-39.926193029E-03,-60.500313445E-03
+3.112435000E-03,+648.148391094E-03,-40.946921577E-03,-59.572549615E-03
+3.112440000E-03,+660.948328168E-03,-40.475816166E-03,-58.477700395E-03
+3.112445000E-03,+672.815476282E-03,-40.789886509E-03,-57.321293364E-03
+3.112450000E-03,+686.185451021E-03,-40.083228236E-03,-56.380338607E-03
+3.112455000E-03,+698.778101625E-03,-40.083228203E-03,-55.048052189E-03
+3.112460000E-03,+711.681681889E-03,-41.732097554E-03,-54.032348679E-03
+3.112465000E-03,+723.548830003E-03,-41.182474361E-03,-52.757223072E-03
+3.112470000E-03,+736.400588733E-03,-40.240263439E-03,-51.631594936E-03
+3.112475000E-03,+749.096882518E-03,-42.360238144E-03,-50.505966812E-03
+3.112480000E-03,+761.585889908E-03,-40.240263439E-03,-49.186871341E-03
+3.112485000E-03,+775.111329498E-03,-42.752826091E-03,-48.245916580E-03
+3.112490000E-03,+786.719369504E-03,-40.240263315E-03,-46.768529660E-03
+3.112495000E-03,+797.394620709E-03,-41.339509579E-03,-45.893529677E-03
+3.112500000E-03,+809.728163291E-03,-41.418027195E-03,-44.310615111E-03
+3.112505000E-03,+821.439846586E-03,-40.711368944E-03,-43.431218143E-03
+3.112510000E-03,+832.892421870E-03,-42.046167942E-03,-41.967022181E-03
+3.112515000E-03,+843.567673012E-03,-41.889132700E-03,-40.964509624E-03
+3.112520000E-03,+854.035637679E-03,-42.203203043E-03,-39.557474465E-03
+3.112525000E-03,+866.006428978E-03,-42.360238228E-03,-38.497801102E-03
+3.112530000E-03,+876.785323361E-03,-39.455087562E-03,-37.161117708E-03
+3.112535000E-03,+887.512396081E-03,-40.946921615E-03,-35.828831291E-03
+3.112540000E-03,+899.016792957E-03,-41.339509641E-03,-34.646042354E-03
+3.112545000E-03,+908.551968760E-03,-41.260991975E-03,-33.291771013E-03
+3.112550000E-03,+919.019933472E-03,-42.360238296E-03,-32.166142885E-03
+3.112555000E-03,+927.881428304E-03,-43.773554808E-03,-30.741519793E-03
+3.112560000E-03,+938.504857909E-03,-40.711368877E-03,-29.510364013E-03
+3.112565000E-03,+946.485385484E-03,-42.674308560E-03,-28.274811275E-03
+3.112570000E-03,+956.072382775E-03,-41.025439305E-03,-26.797424347E-03
+3.112575000E-03,+965.503915390E-03,-41.967650276E-03,-25.768529899E-03
+3.112580000E-03,+974.469053515E-03,-41.103956926E-03,-24.102072613E-03
+3.112585000E-03,+982.553224271E-03,-42.909861315E-03,-23.055590229E-03
+3.112590000E-03,+992.762080878E-03,-40.240263360E-03,-21.547424402E-03
+3.112595000E-03,+1.000224392450E+00,-41.889132649E-03,-20.571293767E-03
+3.112600000E-03,+1.009137708915E+00,-41.103956880E-03,-18.957600311E-03
+3.112605000E-03,+1.016962771589E+00,-41.025439208E-03,-17.902323944E-03
+3.112610000E-03,+1.025461515257E+00,-40.711368894E-03,-16.385364162E-03
+3.112615000E-03,+1.032716540298E+00,-40.789886515E-03,-15.180590307E-03
+3.112620000E-03,+1.040334316628E+00,-42.595791007E-03,-13.923052624E-03
+3.112625000E-03,+1.047589341646E+00,-41.810615084E-03,-12.529208429E-03
+3.112630000E-03,+1.056036263689E+00,-42.674308645E-03,-11.306846629E-03
+3.112635000E-03,+1.062773072696E+00,-41.260992060E-03,-9.847047649E-03
+3.112640000E-03,+1.070183562498E+00,-40.868404125E-03,-8.686243634E-03
+3.112645000E-03,+1.077127657886E+00,-42.203203003E-03,-7.195665767E-03
+3.112650000E-03,+1.083553537240E+00,-41.653580036E-03,-6.048052713E-03
+3.112655000E-03,+1.090290346244E+00,-42.752826078E-03,-4.742148206E-03
+3.112660000E-03,+1.095472507011E+00,-41.967650379E-03,-3.374685906E-03
+3.112665000E-03,+1.102002029524E+00,-43.695037180E-03,-2.117148234E-03
+3.112670000E-03,+1.107287833533E+00,-41.967650310E-03,-767.273881E-06
+3.112675000E-03,+1.112832745511E+00,-43.302449227E-03,+411.118070E-06
+3.112680000E-03,+1.117289403785E+00,-39.533605173E-03,+1.853329110E-03
+3.112685000E-03,+1.123818926275E+00,+52.096413669E-03,+2.992148200E-03
+3.112690000E-03,+1.126876401170E+00,+2.378179919605E+00,+4.579459729E-03
+3.112695000E-03,+1.131488524270E+00,+2.552567497787E+00,+5.533605458E-03
+3.112700000E-03,+1.136774328161E+00,+2.552567497787E+00,+7.116520003E-03
+3.112705000E-03,+1.140557305530E+00,+2.552567497787E+00,+8.149811463E-03
+3.112710000E-03,+1.144288461277E+00,+2.552567497787E+00,+9.715138069E-03
+3.112715000E-03,+1.148123260277E+00,+2.552567497787E+00,+10.726444598E-03
+3.112720000E-03,+1.152372632052E+00,+2.552567497787E+00,+12.313756135E-03
+3.112725000E-03,+1.155844679769E+00,+2.552567497787E+00,+13.391017435E-03
+3.112730000E-03,+1.158850332980E+00,+2.552567497787E+00,+14.912374196E-03
+3.112735000E-03,+1.162892418387E+00,+2.552567497787E+00,+15.928077708E-03
+3.112740000E-03,+1.165898071610E+00,+2.552567497787E+00,+17.607725929E-03
+3.112745000E-03,+1.167815471086E+00,+2.552567497787E+00,+18.451947026E-03
+3.112750000E-03,+1.170302908269E+00,+2.552567497787E+00,+20.219534940E-03
+3.112755000E-03,+1.172945810266E+00,+2.552567497787E+00,+20.980213328E-03
+3.112760000E-03,+1.175174139399E+00,+2.552567497787E+00,+22.875313814E-03
+3.112765000E-03,+1.177402468494E+00,+2.552724532961E+00,+23.534861545E-03
+3.112770000E-03,+1.178801651919E+00,+2.552724532961E+00,+25.385992169E-03
+3.112775000E-03,+1.180667229727E+00,+2.552724532961E+00,+26.133479609E-03
+3.112780000E-03,+1.181600018716E+00,+2.552724532961E+00,+27.848303701E-03
+3.112785000E-03,+1.183621061392E+00,+2.552724532961E+00,+28.692524815E-03
+3.112790000E-03,+1.183413775028E+00,+2.552724532961E+00,+30.178705683E-03
+3.112795000E-03,+1.183569239823E+00,+2.552724532961E+00,+31.361494634E-03
+3.112800000E-03,+1.184450207124E+00,+2.552724532961E+00,+32.487122751E-03
+3.112805000E-03,+1.185434817670E+00,+2.552724532961E+00,+33.841394100E-03
+3.112810000E-03,+1.185382996062E+00,+2.552724532961E+00,+34.940640316E-03
+3.112815000E-03,+1.185227531217E+00,+2.552724532961E+00,+36.382851354E-03
+3.112820000E-03,+1.185642104108E+00,+2.552724532961E+00,+37.293027228E-03
+3.112825000E-03,+1.185123888002E+00,+2.552724532961E+00,+38.840765896E-03
+3.112830000E-03,+1.184398385574E+00,+2.552724532961E+00,+39.759735748E-03
+3.112835000E-03,+1.183880169472E+00,+2.552724532961E+00,+41.149182954E-03
+3.112840000E-03,+1.183569239828E+00,+2.552724532961E+00,+42.178077426E-03
+3.112845000E-03,+1.182325521260E+00,+2.552724532961E+00,+43.391645248E-03
+3.112850000E-03,+1.181340910659E+00,+2.552724532961E+00,+44.521670371E-03
+3.112855000E-03,+1.179164403199E+00,+2.552724532961E+00,+45.678077389E-03
+3.112860000E-03,+1.178542543839E+00,+2.552724532961E+00,+46.799308533E-03
+3.112865000E-03,+1.175381425818E+00,+2.552724532961E+00,+47.964509521E-03
+3.112870000E-03,+1.172997631873E+00,+2.552724532961E+00,+49.046167801E-03
+3.112875000E-03,+1.171080232373E+00,+2.552724532961E+00,+50.215765778E-03
+3.112880000E-03,+1.168126400766E+00,+2.552724532961E+00,+51.209484364E-03
+3.112885000E-03,+1.165276212401E+00,+2.552724532961E+00,+52.484609984E-03
+3.112890000E-03,+1.161804164692E+00,+2.552724532961E+00,+53.324434082E-03
+3.112895000E-03,+1.158383938598E+00,+2.552724532961E+00,+54.577574787E-03
+3.112900000E-03,+1.154860069261E+00,+2.552724532961E+00,+55.303077275E-03
+3.112905000E-03,+1.151491664818E+00,+2.552724532961E+00,+56.837625011E-03
+3.112910000E-03,+1.146413147261E+00,+2.552724532961E+00,+57.422423992E-03
+3.112915000E-03,+1.143303850784E+00,+2.552724532961E+00,+58.776695347E-03
+3.112920000E-03,+1.138588084562E+00,+2.552724532961E+00,+59.374685278E-03
+3.112925000E-03,+1.134131426267E+00,+2.552724532961E+00,+60.623428986E-03
+3.112930000E-03,+1.129726589659E+00,+2.552724532961E+00,+61.375313402E-03
+3.112935000E-03,+1.124492607283E+00,+2.552724532961E+00,+62.588881230E-03
+3.112940000E-03,+1.119776841018E+00,+2.552724532961E+00,+63.485866140E-03
+3.112945000E-03,+1.114542858654E+00,+2.552724532961E+00,+64.461996786E-03
+3.112950000E-03,+1.107961514531E+00,+2.552724532961E+00,+65.460112350E-03
+3.112955000E-03,+1.102623888917E+00,+2.552724532961E+00,+66.295539483E-03
+3.112960000E-03,+1.096353474462E+00,+2.552724532961E+00,+67.434358563E-03
+3.112965000E-03,+1.089513022250E+00,+2.552724532961E+00,+68.067524389E-03
+3.112970000E-03,+1.083449894226E+00,+2.552724532961E+00,+69.289886181E-03
+3.112975000E-03,+1.076920371651E+00,+2.552724532961E+00,+69.993403757E-03
+3.112980000E-03,+1.071064530053E+00,+2.552724532961E+00,+71.044283149E-03
+3.112985000E-03,+1.063498575340E+00,+2.552724532961E+00,+71.734609771E-03
+3.112990000E-03,+1.056295371856E+00,+2.552724532961E+00,+72.732725345E-03
+3.112995000E-03,+1.049299454854E+00,+2.552724532961E+00,+73.361494175E-03
+3.113000000E-03,+1.041837143408E+00,+2.552724532961E+00,+74.346418794E-03
+3.113005000E-03,+1.034219367107E+00,+2.552724532961E+00,+74.935614763E-03
+3.113010000E-03,+1.025616980289E+00,+2.552724532961E+00,+75.999685106E-03
+3.113015000E-03,+1.017947382385E+00,+2.552724532961E+00,+76.562499168E-03
+3.113020000E-03,+1.008671314661E+00,+2.552724532961E+00,+77.573805694E-03
+3.113025000E-03,+999.913463028E-03,+2.552724532961E+00,+78.079458947E-03
+3.113030000E-03,+992.606616293E-03,+2.552724532961E+00,+79.016016737E-03
+3.113035000E-03,+983.226905362E-03,+2.552724532961E+00,+79.468906166E-03
+3.113040000E-03,+973.795372832E-03,+2.552724532961E+00,+80.537373506E-03
+3.113045000E-03,+964.985699559E-03,+2.552724532961E+00,+80.757222749E-03
+3.113050000E-03,+955.709631768E-03,+2.552724532961E+00,+81.860865947E-03
+3.113055000E-03,+946.485385628E-03,+2.552724532961E+00,+82.080715192E-03
+3.113060000E-03,+936.380172212E-03,+2.552724532961E+00,+83.162373472E-03
+3.113065000E-03,+927.311390866E-03,+2.552724532961E+00,+83.360237798E-03
+3.113070000E-03,+916.480674986E-03,+2.552724532961E+00,+84.384735263E-03
+3.113075000E-03,+907.204607186E-03,+2.552724532961E+00,+84.622172453E-03
+3.113080000E-03,+896.943928888E-03,+2.552724532961E+00,+85.466393547E-03
+3.113085000E-03,+886.113212984E-03,+2.552724532961E+00,+85.822549329E-03
+3.113090000E-03,+875.127032145E-03,+2.552724532961E+00,+86.583227705E-03
+3.113095000E-03,+865.332748346E-03,+2.552724532961E+00,+86.952574442E-03
+3.113100000E-03,+853.983816339E-03,+2.552724532961E+00,+87.532976441E-03
+3.113105000E-03,+842.738527531E-03,+2.552724532961E+00,+88.183730208E-03
+3.113110000E-03,+832.477849217E-03,+2.552724532961E+00,+88.451946277E-03
+3.113115000E-03,+821.077095566E-03,+2.552724532961E+00,+89.159860851E-03
+3.113120000E-03,+808.899017823E-03,+2.552724532961E+00,+89.313755320E-03
+3.113125000E-03,+796.150902382E-03,+2.552724532961E+00,+90.140388470E-03
+3.113130000E-03,+784.698327128E-03,+2.552724532961E+00,+90.237122149E-03
+3.113135000E-03,+773.504859867E-03,+2.552724532961E+00,+90.962624644E-03
+3.113140000E-03,+761.534068586E-03,+2.552724532961E+00,+91.081343245E-03
+3.113145000E-03,+749.096882738E-03,+2.552724532961E+00,+91.877197497E-03
+3.113150000E-03,+735.986016129E-03,+2.552724532961E+00,+91.820036707E-03
+3.113155000E-03,+723.859759957E-03,+2.552724532961E+00,+92.466393481E-03
+3.113160000E-03,+712.562649481E-03,+2.552724532961E+00,+92.501569363E-03
+3.113165000E-03,+699.555425978E-03,+2.552724532961E+00,+93.125941205E-03
+3.113170000E-03,+686.237272947E-03,+2.552724532961E+00,+93.200689963E-03
+3.113175000E-03,+673.126406242E-03,+2.552724532961E+00,+93.605212559E-03
+3.113180000E-03,+660.533755619E-03,+2.552724532961E+00,+93.732725126E-03
+3.113185000E-03,+646.801029647E-03,+2.552724532961E+00,+94.014132155E-03
+3.113190000E-03,+633.690162942E-03,+2.552724532961E+00,+94.190011554E-03
+3.113195000E-03,+620.993869035E-03,+2.552724532961E+00,+94.326318083E-03
+3.113200000E-03,+607.623894348E-03,+2.552724532961E+00,+94.682473861E-03
+3.113205000E-03,+593.580238748E-03,+2.552724532961E+00,+94.704458791E-03
+3.113210000E-03,+579.536583096E-03,+2.552724532961E+00,+95.130966315E-03
+3.113215000E-03,+566.736646014E-03,+2.552724532961E+00,+94.928705007E-03
+3.113220000E-03,+552.174774356E-03,+2.552724532961E+00,+95.394785405E-03
+3.113225000E-03,+538.649334806E-03,+2.552724532961E+00,+95.166142198E-03
+3.113230000E-03,+523.413782247E-03,+2.552724532961E+00,+95.671795445E-03
+3.113235000E-03,+509.421948234E-03,+2.552724532961E+00,+95.359609539E-03
+3.113240000E-03,+495.119184548E-03,+2.552724532961E+00,+95.715765296E-03
+3.113245000E-03,+480.609134419E-03,+2.552724532961E+00,+95.473931148E-03
+3.113250000E-03,+467.135516449E-03,+2.552724532961E+00,+95.812498964E-03
+3.113255000E-03,+452.314536757E-03,+2.552724532961E+00,+95.561870843E-03
+3.113260000E-03,+438.219059501E-03,+2.552724532961E+00,+95.627825607E-03
+3.113265000E-03,+423.657187847E-03,+2.552724532961E+00,+95.632222596E-03
+3.113270000E-03,+409.717175339E-03,+2.552724532961E+00,+95.553076866E-03
+3.113275000E-03,+393.600655514E-03,+2.552724532961E+00,+95.504710033E-03
+3.113280000E-03,+378.520567732E-03,+2.552724532961E+00,+95.342021594E-03
+3.113285000E-03,+363.647766322E-03,+2.552724532961E+00,+95.337624607E-03
+3.113290000E-03,+349.189537846E-03,+2.552724532961E+00,+95.245287924E-03
+3.113295000E-03,+334.109449998E-03,+2.552724532961E+00,+95.139760282E-03
+3.113300000E-03,+318.355681393E-03,+2.552724532961E+00,+94.933102007E-03
+3.113305000E-03,+304.363847318E-03,+2.552724532961E+00,+94.783604512E-03
+3.113310000E-03,+289.180116403E-03,+2.552724532961E+00,+94.695664821E-03
+3.113315000E-03,+273.167239662E-03,+2.552724532961E+00,+94.304333155E-03
+3.113320000E-03,+257.465292643E-03,+2.552724532961E+00,+94.374684927E-03
+3.113325000E-03,+242.177918402E-03,+2.552724532961E+00,+93.851443714E-03
+3.113330000E-03,+226.061398470E-03,+2.552724532961E+00,+93.908604536E-03
+3.113335000E-03,+210.774024188E-03,+2.552724532961E+00,+93.288629653E-03
+3.113340000E-03,+196.004866146E-03,+2.552724532961E+00,+93.424936194E-03
+3.113345000E-03,+179.940167805E-03,+2.552724532961E+00,+92.725815595E-03
+3.113350000E-03,+164.600971952E-03,+2.552724532961E+00,+92.712624645E-03
+3.113355000E-03,+148.380808871E-03,+2.552724532961E+00,+92.110237711E-03
+3.113360000E-03,+132.057002522E-03,+2.552724532961E+00,+92.039885957E-03
+3.113365000E-03,+116.251412202E-03,+2.552724532961E+00,+91.402323140E-03
+3.113370000E-03,+99.927605827E-03,+2.552724532961E+00,+91.301192497E-03
+3.113375000E-03,+85.262090876E-03,+2.552724532961E+00,+90.619659836E-03
+3.113380000E-03,+70.233824768E-03,+2.552724532961E+00,+90.404207583E-03
+3.113385000E-03,+53.599088719E-03,+2.552724532961E+00,+89.775438743E-03
+3.113390000E-03,+38.156249705E-03,+2.552724532961E+00,+89.599559345E-03
+3.113395000E-03,+22.765232341E-03,+2.552724532961E+00,+88.847674937E-03
+3.113400000E-03,+6.648712350E-03,+2.552724532961E+00,+88.614634740E-03
+3.113405000E-03,-8.327732154E-03,+2.552724532961E+00,+87.897926205E-03
+3.113410000E-03,-24.340608921E-03,+2.552724532961E+00,+87.664886000E-03
+3.113415000E-03,-39.213410290E-03,+2.552724532961E+00,+86.847046821E-03
+3.113420000E-03,-54.345319647E-03,+2.552724532961E+00,+86.486494046E-03
+3.113425000E-03,-70.617304389E-03,+2.552724532961E+00,+85.800564416E-03
+3.113430000E-03,-85.956500171E-03,+2.552724532961E+00,+85.290514165E-03
+3.113435000E-03,-102.021198458E-03,+2.552724532961E+00,+84.652951371E-03
+3.113440000E-03,-117.619502390E-03,+2.552724532961E+00,+83.949433774E-03
+3.113445000E-03,-134.772454413E-03,+2.552724532961E+00,+83.518529272E-03
+3.113450000E-03,-150.059828701E-03,+2.552724532961E+00,+82.691896105E-03
+3.113455000E-03,-165.606310854E-03,+2.552724532961E+00,+82.278579531E-03
+3.113460000E-03,-181.619187575E-03,+2.552724532961E+00,+81.311242851E-03
+3.113465000E-03,-196.543810564E-03,+2.552724532961E+00,+81.003453918E-03
+3.113470000E-03,-211.209325529E-03,+2.552724532961E+00,+79.987750406E-03
+3.113475000E-03,-226.911272567E-03,+2.552724532961E+00,+79.570036846E-03
+3.113480000E-03,-243.597830098E-03,+2.552724532961E+00,+78.677448914E-03
+3.113485000E-03,-258.937025972E-03,+2.552724532961E+00,+78.141016754E-03
+3.113490000E-03,-274.898081006E-03,+2.552724532961E+00,+77.230840887E-03
+3.113495000E-03,-289.511774392E-03,+2.552724532961E+00,+76.518529336E-03
+3.113500000E-03,-304.954613427E-03,+2.552724532961E+00,+75.696293171E-03
+3.113505000E-03,-321.382062970E-03,+2.552724532961E+00,+74.816896200E-03
+3.113510000E-03,-336.721258840E-03,+2.552724532961E+00,+74.152951471E-03
+3.113515000E-03,-350.557628030E-03,+2.552724532961E+00,+73.190011800E-03
+3.113520000E-03,-366.674147950E-03,+2.552724532961E+00,+72.561242944E-03
+3.113525000E-03,-381.443306074E-03,+2.552724532961E+00,+71.483981671E-03
+3.113530000E-03,-396.212464224E-03,+2.552724532961E+00,+70.736494220E-03
+3.113535000E-03,-411.810768094E-03,+2.552724532961E+00,+69.738378672E-03
+3.113540000E-03,-427.357250251E-03,+2.552724532961E+00,+68.832599771E-03
+3.113545000E-03,-442.903732564E-03,+2.552724532961E+00,+67.992775671E-03
+3.113550000E-03,-458.087463506E-03,+2.552724532961E+00,+67.065011856E-03
+3.113555000E-03,-471.923832743E-03,+2.552724532961E+00,+66.102072168E-03
+3.113560000E-03,-487.211206985E-03,+2.552724532961E+00,+65.178705353E-03
+3.113565000E-03,-501.721257059E-03,+2.552724532961E+00,+64.154207859E-03
+3.113570000E-03,-516.542236813E-03,+2.552724532961E+00,+63.389132501E-03
+3.113575000E-03,-530.274962796E-03,+2.552724532961E+00,+62.100815920E-03
+3.113580000E-03,-543.800402362E-03,+2.552724532961E+00,+61.494032020E-03
+3.113585000E-03,-556.859447461E-03,+2.552724532961E+00,+60.262876243E-03
+3.113590000E-03,-572.043178420E-03,+2.552724532961E+00,+59.519785816E-03
+3.113595000E-03,-585.464974784E-03,+2.552724532961E+00,+58.095162705E-03
+3.113600000E-03,-599.508630430E-03,+2.552724532961E+00,+57.387248148E-03
+3.113605000E-03,-613.137713181E-03,+2.552724532961E+00,+56.112122523E-03
+3.113610000E-03,-627.077725531E-03,+2.552724532961E+00,+55.311871281E-03
+3.113615000E-03,-640.344057132E-03,+2.552724532961E+00,+54.085112495E-03
+3.113620000E-03,-654.024961487E-03,+2.552724532961E+00,+53.007851210E-03
+3.113625000E-03,-667.032184936E-03,+2.552724532961E+00,+52.146042168E-03
+3.113630000E-03,-679.210262682E-03,+2.552724532961E+00,+50.734610029E-03
+3.113635000E-03,-692.735702261E-03,+2.552724532961E+00,+50.083856255E-03
+3.113640000E-03,-705.172888027E-03,+2.552724532961E+00,+48.404208045E-03
+3.113645000E-03,-717.402787411E-03,+2.552724532961E+00,+47.867775880E-03
+3.113650000E-03,-730.565475776E-03,+2.552724532961E+00,+46.148554805E-03
+3.113655000E-03,-742.691731932E-03,+2.552724532961E+00,+45.651695494E-03
+3.113660000E-03,-755.595312209E-03,+2.552724532961E+00,+43.892901564E-03
+3.113665000E-03,-767.255173850E-03,+2.552724532961E+00,+43.220162865E-03
+3.113670000E-03,-779.381429946E-03,+2.552724532961E+00,+41.729584998E-03
+3.113675000E-03,-791.559507777E-03,+2.552724532961E+00,+40.801821181E-03
+3.113680000E-03,-805.395876984E-03,+2.552724532961E+00,+39.377198086E-03
+3.113685000E-03,-816.174771273E-03,+2.552724532961E+00,+38.308730767E-03
+3.113690000E-03,-826.435449636E-03,+2.552724532961E+00,+37.244660415E-03
+3.113695000E-03,-838.820813692E-03,+2.552724532961E+00,+35.859610188E-03
+3.113700000E-03,-849.392421731E-03,+2.552724532961E+00,+34.747173003E-03
+3.113705000E-03,-861.000461760E-03,+2.552724532961E+00,+33.428077559E-03
+3.113710000E-03,-871.779356151E-03,+2.552724532961E+00,+32.205715740E-03
+3.113715000E-03,-881.832747982E-03,+2.552724532961E+00,+30.948178088E-03
+3.113720000E-03,-894.062647413E-03,+2.552724532961E+00,+29.725816267E-03
+3.113725000E-03,-904.686076882E-03,+2.552724532961E+00,+28.433102745E-03
+3.113730000E-03,-915.050398388E-03,+2.552724532961E+00,+27.162374086E-03
+3.113735000E-03,-925.932935968E-03,+2.552724532961E+00,+25.988379147E-03
+3.113740000E-03,-936.867295079E-03,+2.552724532961E+00,+24.629710802E-03
+3.113745000E-03,-946.091541219E-03,+2.552724532961E+00,+23.508479670E-03
+3.113750000E-03,-955.263965818E-03,+2.552724532961E+00,+22.145414349E-03
+3.113755000E-03,-965.317357687E-03,+2.552724532961E+00,+21.006595267E-03
+3.113760000E-03,-974.956176684E-03,+2.552724532961E+00,+19.603957096E-03
+3.113765000E-03,-983.662206776E-03,+2.552724532961E+00,+18.364007358E-03
+3.113770000E-03,-992.420058393E-03,+2.552724532961E+00,+17.106469688E-03
+3.113775000E-03,-1.001851590964E+00,+2.552724532961E+00,+15.791771202E-03
+3.113780000E-03,-1.011283123535E+00,+2.552724532961E+00,+14.472675745E-03
+3.113785000E-03,-1.019937331915E+00,+2.552724532961E+00,+13.237122982E-03
+3.113790000E-03,-1.028436075617E+00,+2.552724532961E+00,+11.856469744E-03
+3.113795000E-03,-1.036986640843E+00,+2.552724532961E+00,+10.629710953E-03
+3.113800000E-03,-1.046107243765E+00,+2.552724532961E+00,+9.301821525E-03
+3.113805000E-03,-1.054087771330E+00,+2.552724532961E+00,+8.000314001E-03
+3.113810000E-03,-1.062690158173E+00,+2.552724532961E+00,+6.654836630E-03
+3.113815000E-03,-1.069789718329E+00,+2.552724532961E+00,+5.410489903E-03
+3.113820000E-03,-1.077200208286E+00,+2.552724532961E+00,+4.038630630E-03
+3.113825000E-03,-1.085439843867E+00,+2.552724532961E+00,+2.811871841E-03
+3.113830000E-03,-1.091762079950E+00,+2.552724532961E+00,+1.541143217E-03
+3.113835000E-03,-1.098757997048E+00,+2.552724532961E+00,+173.680921E-06
+3.113840000E-03,-1.105753913962E+00,+2.552724532961E+00,-1.083856756E-03
+3.113845000E-03,-1.112438901371E+00,+2.552724532961E+00,-2.473303974E-03
+3.113850000E-03,-1.118502029447E+00,+2.552724532961E+00,-3.664886881E-03
+3.113855000E-03,-1.124357871084E+00,+2.552724532961E+00,-4.966394403E-03
+3.113860000E-03,-1.130783750474E+00,+2.552724532961E+00,-6.325062729E-03
+3.113865000E-03,-1.135603159895E+00,+2.552724532961E+00,-7.565012465E-03
+3.113870000E-03,-1.141562644778E+00,+2.552724532961E+00,-9.086369229E-03
+3.113875000E-03,-1.147366664781E+00,+2.552724532961E+00,-10.084484804E-03
+3.113880000E-03,-1.151356928667E+00,+2.552724532961E+00,-11.786117950E-03
+3.113885000E-03,-1.158404667123E+00,+2.552724532961E+00,-12.683102864E-03
+3.113890000E-03,-1.162550395836E+00,+2.079577576926E+00,-14.459484753E-03
+3.113895000E-03,-1.166488837991E+00,-53.038619447E-03,-15.233354103E-03
+3.113900000E-03,-1.170997317812E+00,-176.311241597E-03,-17.000942004E-03
+3.113905000E-03,-1.175453976108E+00,-93.004085335E-03,-17.959484729E-03
+3.113910000E-03,-1.179288775066E+00,+209.053076011E-03,-19.612751014E-03
+3.113915000E-03,-1.184367292538E+00,-66.229582527E-03,-20.597675651E-03
+3.113920000E-03,-1.187062016167E+00,-69.919911398E-03,-22.039886668E-03
+3.113925000E-03,-1.191104101591E+00,-102.740262685E-03,-23.336997232E-03
+3.113930000E-03,-1.194576149279E+00,-20.689385077E-03,-24.704459508E-03
+3.113935000E-03,-1.197115408019E+00,-50.683101883E-03,-26.032348954E-03
+3.113940000E-03,-1.199032807527E+00,-47.856469511E-03,-27.188755964E-03
+3.113945000E-03,-1.201623887870E+00,-61.361494123E-03,-28.635364001E-03
+3.113950000E-03,-1.204111325065E+00,-51.546796165E-03,-29.739007205E-03
+3.113955000E-03,-1.205717794915E+00,-51.939383665E-03,-31.176821253E-03
+3.113960000E-03,-1.208257053633E+00,-51.939383920E-03,-32.359610191E-03
+3.113965000E-03,-1.210433561169E+00,-51.154207961E-03,-33.608353888E-03
+3.113970000E-03,-1.211625458119E+00,-50.761620127E-03,-34.927449366E-03
+3.113975000E-03,-1.213698322476E+00,-49.662373753E-03,-36.101444319E-03
+3.113980000E-03,-1.213076463186E+00,-47.228328714E-03,-37.539258378E-03
+3.113985000E-03,-1.214631111393E+00,-48.170539712E-03,-38.559358863E-03
+3.113990000E-03,-1.215408435510E+00,-47.777951756E-03,-40.063127696E-03
+3.113995000E-03,-1.215252970723E+00,-50.369032009E-03,-41.070037229E-03
+3.114000000E-03,-1.216807618925E+00,-48.563127648E-03,-42.393529679E-03
+3.114005000E-03,-1.216393046061E+00,-49.269785985E-03,-43.585112578E-03
+3.114010000E-03,-1.216963083757E+00,-48.641645221E-03,-44.688755780E-03
+3.114015000E-03,-1.215823008410E+00,-48.249057238E-03,-46.025439198E-03
+3.114020000E-03,-1.215045684293E+00,-48.092022139E-03,-46.979584897E-03
+3.114025000E-03,-1.215615721931E+00,-47.699434230E-03,-48.500941682E-03
+3.114030000E-03,-1.214216538600E+00,-45.815012052E-03,-49.331971808E-03
+3.114035000E-03,-1.212817355171E+00,-47.071293445E-03,-50.954459238E-03
+3.114040000E-03,-1.212402782303E+00,-46.364635243E-03,-51.622800939E-03
+3.114045000E-03,-1.211210885317E+00,-47.856469330E-03,-53.262876303E-03
+3.114050000E-03,-1.209448950671E+00,-47.228328721E-03,-53.966393881E-03
+3.114055000E-03,-1.207687016021E+00,-48.955715468E-03,-55.452574775E-03
+3.114060000E-03,-1.205199578898E+00,-45.500941676E-03,-56.397926519E-03
+3.114065000E-03,-1.203230357814E+00,-47.777951763E-03,-57.514760677E-03
+3.114070000E-03,-1.201416601498E+00,-45.972047274E-03,-58.737122472E-03
+3.114075000E-03,-1.198514591483E+00,-45.736494417E-03,-59.576946587E-03
+3.114080000E-03,-1.196338083960E+00,-46.443152851E-03,-61.045539523E-03
+3.114085000E-03,-1.193176965921E+00,-47.306846281E-03,-61.705087268E-03
+3.114090000E-03,-1.191000458425E+00,-46.521670383E-03,-63.244031962E-03
+3.114095000E-03,-1.186181048978E+00,-46.835740589E-03,-63.899182733E-03
+3.114100000E-03,-1.183486325339E+00,-45.265388976E-03,-65.319408824E-03
+3.114105000E-03,-1.179858812798E+00,-46.050564799E-03,-66.049308332E-03
+3.114110000E-03,-1.175557619417E+00,-44.401695491E-03,-67.320036947E-03
+3.114115000E-03,-1.172033750067E+00,-47.149810998E-03,-68.133479163E-03
+3.114120000E-03,-1.167680735093E+00,-43.852072490E-03,-69.193152509E-03
+3.114125000E-03,-1.162809503980E+00,-47.542398845E-03,-70.107725374E-03
+3.114130000E-03,-1.157938272863E+00,-44.794283433E-03,-71.101443949E-03
+3.114135000E-03,-1.153222506595E+00,-44.872801020E-03,-72.112750468E-03
+3.114140000E-03,-1.147833059412E+00,-43.852072415E-03,-73.014132373E-03
+3.114145000E-03,-1.144050082084E+00,-44.323177931E-03,-74.021041905E-03
+3.114150000E-03,-1.138660634838E+00,-44.715765770E-03,-75.005966523E-03
+3.114155000E-03,-1.132493863656E+00,-44.715765743E-03,-75.832599677E-03
+3.114160000E-03,-1.127778097289E+00,-43.852072443E-03,-76.799936356E-03
+3.114165000E-03,-1.121559504454E+00,-44.715765798E-03,-77.604584587E-03
+3.114170000E-03,-1.116066414011E+00,-44.401695408E-03,-78.699433815E-03
+3.114175000E-03,-1.108085886576E+00,-43.773554794E-03,-79.420539337E-03
+3.114180000E-03,-1.101400899206E+00,-43.459484549E-03,-80.414257922E-03
+3.114185000E-03,-1.094508625401E+00,-44.009107473E-03,-81.082599625E-03
+3.114190000E-03,-1.088186389229E+00,-43.773554842E-03,-82.067524230E-03
+3.114195000E-03,-1.080983185825E+00,-43.852072312E-03,-82.832599603E-03
+3.114200000E-03,-1.073831803883E+00,-43.380966962E-03,-83.676820703E-03
+3.114205000E-03,-1.066421314108E+00,-43.616519744E-03,-84.521041794E-03
+3.114210000E-03,-1.058492608218E+00,-43.302449223E-03,-85.180589535E-03
+3.114215000E-03,-1.051289404718E+00,-42.988378937E-03,-86.183102075E-03
+3.114220000E-03,-1.042583374679E+00,-43.302449244E-03,-86.649182482E-03
+3.114225000E-03,-1.034188274239E+00,-42.752826127E-03,-87.620916129E-03
+3.114230000E-03,-1.025015849751E+00,-42.909861349E-03,-88.157348295E-03
+3.114235000E-03,-1.016776214174E+00,-42.517273435E-03,-89.032348278E-03
+3.114240000E-03,-1.008536578497E+00,-42.831343735E-03,-89.617147282E-03
+3.114245000E-03,-998.586829911E-03,-44.872801013E-03,-90.360237703E-03
+3.114250000E-03,-990.502659134E-03,-42.909861370E-03,-90.923051787E-03
+3.114255000E-03,-980.656553776E-03,-44.401695400E-03,-91.626569354E-03
+3.114260000E-03,-970.914091596E-03,-42.046167891E-03,-92.268529157E-03
+3.114265000E-03,-962.311704639E-03,-43.223931705E-03,-92.765388445E-03
+3.114270000E-03,-952.413777669E-03,-42.831343769E-03,-93.530463817E-03
+3.114275000E-03,-941.790348153E-03,-41.496544851E-03,-93.948177374E-03
+3.114280000E-03,-932.306993960E-03,-41.575062404E-03,-94.651694955E-03
+3.114285000E-03,-920.906240305E-03,-42.674308665E-03,-95.144157264E-03
+3.114290000E-03,-909.453665027E-03,-41.260992069E-03,-95.671795448E-03
+3.114295000E-03,-897.171944127E-03,-42.046167982E-03,-96.177448716E-03
+3.114300000E-03,-886.341228135E-03,-42.046167898E-03,-96.687498948E-03
+3.114305000E-03,-874.992296082E-03,-43.773554849E-03,-97.232725088E-03
+3.114310000E-03,-866.182622782E-03,-42.438755813E-03,-97.646041658E-03
+3.114315000E-03,-854.367296312E-03,-42.595791106E-03,-98.230840650E-03
+3.114320000E-03,-842.811077880E-03,-42.595791001E-03,-98.543026570E-03
+3.114325000E-03,-832.705864351E-03,-42.124685506E-03,-99.039885874E-03
+3.114330000E-03,-820.061392107E-03,-42.438755778E-03,-99.400438617E-03
+3.114335000E-03,-807.883314417E-03,-40.475816128E-03,-99.910488874E-03
+3.114340000E-03,-796.430739112E-03,-42.046168024E-03,-100.191895896E-03
+3.114345000E-03,-784.356304586E-03,-41.103956762E-03,-100.684358228E-03
+3.114350000E-03,-770.882686668E-03,-42.674308728E-03,-100.895413484E-03
+3.114355000E-03,-759.274646559E-03,-41.575062341E-03,-101.392272788E-03
+3.114360000E-03,-746.371066379E-03,-41.496544768E-03,-101.528579302E-03
+3.114365000E-03,-734.089345377E-03,-41.339509636E-03,-102.021041619E-03
+3.114370000E-03,-722.118554057E-03,-39.926193019E-03,-102.021041614E-03
+3.114375000E-03,-708.748579312E-03,-41.339509593E-03,-102.570664727E-03
+3.114380000E-03,-695.896820652E-03,-41.418027152E-03,-102.605840605E-03
+3.114385000E-03,-682.941418799E-03,-42.988378958E-03,-102.887247640E-03
+3.114390000E-03,-670.815162634E-03,-39.455087531E-03,-103.085111952E-03
+3.114395000E-03,-657.237901435E-03,-41.732097494E-03,-103.221418491E-03
+3.114400000E-03,-642.624208152E-03,-40.397298562E-03,-103.590765218E-03
+3.114405000E-03,-628.580552561E-03,-41.182474321E-03,-103.573177276E-03
+3.114410000E-03,-614.899648209E-03,-40.946921778E-03,-103.867775263E-03
+3.114415000E-03,-601.115100580E-03,-42.203203023E-03,-103.845790346E-03
+3.114420000E-03,-586.812336933E-03,-40.868404148E-03,-104.184358179E-03
+3.114425000E-03,-573.494183810E-03,-41.967650325E-03,-103.986493863E-03
+3.114430000E-03,-559.191420079E-03,-40.318781018E-03,-104.338252646E-03
+3.114435000E-03,-545.614158941E-03,-41.103956867E-03,-104.034860705E-03
+3.114440000E-03,-531.311395345E-03,-38.983982051E-03,-104.461368219E-03
+3.114445000E-03,-517.008631675E-03,-40.397298541E-03,-104.237121995E-03
+3.114450000E-03,-503.068619256E-03,-41.025439259E-03,-104.426192347E-03
+3.114455000E-03,-489.076785236E-03,-41.418027209E-03,-104.215137077E-03
+3.114460000E-03,-473.582124546E-03,-40.711368904E-03,-104.377825510E-03
+3.114465000E-03,-459.072074432E-03,-41.732097465E-03,-104.175564218E-03
+3.114470000E-03,-443.991986644E-03,-38.826946877E-03,-104.259106921E-03
+3.114475000E-03,-428.497326114E-03,-39.926193004E-03,-104.166770240E-03
+3.114480000E-03,-413.520881485E-03,-40.083228249E-03,-104.083227534E-03
+3.114485000E-03,-399.062653016E-03,-39.533605040E-03,-103.977699891E-03
+3.114490000E-03,-384.241673289E-03,-39.298052428E-03,-103.845790352E-03
+3.114495000E-03,-368.643369366E-03,-41.103956697E-03,-103.749056687E-03
+3.114500000E-03,-351.490417359E-03,-40.397298633E-03,-103.524810451E-03
+3.114505000E-03,-337.135832024E-03,-40.004710605E-03,-103.524810441E-03
+3.114510000E-03,-322.107565854E-03,-40.161745837E-03,-103.159860712E-03
+3.114515000E-03,-306.146510763E-03,-40.789886441E-03,-103.120287845E-03
+3.114520000E-03,-289.822704490E-03,-41.496544832E-03,-102.623428557E-03
+3.114525000E-03,-275.468119174E-03,-41.967650247E-03,-102.772926032E-03
+3.114530000E-03,-259.558885653E-03,-39.926193054E-03,-102.051820525E-03
+3.114535000E-03,-244.478797846E-03,-41.575062376E-03,-102.254081821E-03
+3.114540000E-03,-227.222202672E-03,-40.397298598E-03,-101.480212488E-03
+3.114545000E-03,-212.608509267E-03,-41.182474440E-03,-101.704458706E-03
+3.114550000E-03,-195.818308427E-03,-39.926193061E-03,-100.825061742E-03
+3.114555000E-03,-180.479112730E-03,-41.182474340E-03,-101.036117010E-03
+3.114560000E-03,-164.725343984E-03,-38.983982002E-03,-100.152323063E-03
+3.114565000E-03,-149.645256158E-03,-41.496544832E-03,-100.213880830E-03
+3.114570000E-03,-133.269628326E-03,-40.240263395E-03,-99.470790410E-03
+3.114575000E-03,-117.101286748E-03,-41.496544775E-03,-99.343277828E-03
+3.114580000E-03,-101.451161169E-03,-41.025439238E-03,-98.793654735E-03
+3.114585000E-03,-85.749214186E-03,-40.240263388E-03,-98.345162265E-03
+3.114590000E-03,-71.342807268E-03,-39.219534749E-03,-98.002197451E-03
+3.114595000E-03,-55.278108957E-03,-40.240263374E-03,-97.329458755E-03
+3.114600000E-03,-40.871702014E-03,-39.690640264E-03,-97.109609524E-03
+3.114605000E-03,-25.532506256E-03,-40.240263381E-03,-96.199433655E-03
+3.114610000E-03,-9.726916006E-03,-41.496544659E-03,-96.212624602E-03
+3.114615000E-03,+6.752355203E-03,-39.926193011E-03,-95.095790455E-03
+3.114620000E-03,+23.438912808E-03,-41.182474433E-03,-95.122172347E-03
+3.114625000E-03,+38.726286983E-03,-40.083228221E-03,-94.075689962E-03
+3.114630000E-03,+54.220947630E-03,-39.847675453E-03,-94.000941204E-03
+3.114635000E-03,+69.974716344E-03,-41.339509478E-03,-92.857725161E-03
+3.114640000E-03,+87.024025177E-03,-40.789886671E-03,-92.681845733E-03
+3.114645000E-03,+102.829615494E-03,-41.025439165E-03,-91.740891004E-03
+3.114650000E-03,+118.220632879E-03,-41.653579934E-03,-91.266016603E-03
+3.114655000E-03,+134.078044817E-03,-41.103956861E-03,-90.544911117E-03
+3.114660000E-03,+150.660959178E-03,-40.397298642E-03,-89.986493998E-03
+3.114665000E-03,+166.000155066E-03,-41.339509550E-03,-89.366519168E-03
+3.114670000E-03,+181.494815660E-03,-41.575062369E-03,-88.553076939E-03
+3.114675000E-03,+197.818621970E-03,-42.046167797E-03,-88.091393549E-03
+3.114680000E-03,+212.795066577E-03,-40.318781004E-03,-87.005338269E-03
+3.114685000E-03,+228.445191989E-03,-41.025439288E-03,-86.763504116E-03
+3.114690000E-03,+242.955242157E-03,-41.575062354E-03,-85.475187540E-03
+3.114695000E-03,+258.760832406E-03,-40.789886563E-03,-85.246544320E-03
+3.114700000E-03,+274.825530693E-03,-39.533605170E-03,-84.015388560E-03
+3.114705000E-03,+291.771196388E-03,-42.831343711E-03,-83.602071973E-03
+3.114710000E-03,+306.695819344E-03,-39.298052379E-03,-82.406092103E-03
+3.114715000E-03,+321.413155961E-03,-41.418027151E-03,-81.834484052E-03
+3.114720000E-03,+337.322389329E-03,-39.533605184E-03,-80.735237850E-03
+3.114725000E-03,+351.521509871E-03,-41.182474360E-03,-80.159232814E-03
+3.114730000E-03,+367.430743230E-03,-40.554333700E-03,-79.024810731E-03
+3.114735000E-03,+381.681685408E-03,-41.103956817E-03,-78.316896151E-03
+3.114740000E-03,+397.383632452E-03,-39.219534778E-03,-77.301192663E-03
+3.114745000E-03,+411.893682519E-03,-41.653579963E-03,-76.540514258E-03
+3.114750000E-03,+426.870127092E-03,-41.732097485E-03,-75.392901218E-03
+3.114755000E-03,+442.312966079E-03,-41.889132651E-03,-74.693780618E-03
+3.114760000E-03,+455.372011208E-03,-40.868404114E-03,-73.497800738E-03
+3.114765000E-03,+470.866671851E-03,-40.868404165E-03,-72.829459021E-03
+3.114770000E-03,+485.428543578E-03,-40.161745955E-03,-71.598303268E-03
+3.114775000E-03,+499.783128784E-03,-39.769157873E-03,-71.004710304E-03
+3.114780000E-03,+513.774962834E-03,-40.318781056E-03,-69.628454048E-03
+3.114785000E-03,+527.455867297E-03,-41.103956802E-03,-68.999685197E-03
+3.114790000E-03,+541.862274139E-03,-42.360238218E-03,-67.768529441E-03
+3.114795000E-03,+555.595000064E-03,-41.103956832E-03,-66.985866131E-03
+3.114800000E-03,+570.364158265E-03,-40.868404144E-03,-65.750313384E-03
+3.114805000E-03,+584.355992311E-03,-40.161745845E-03,-64.796167657E-03
+3.114810000E-03,+597.363215707E-03,-40.711368889E-03,-63.595790799E-03
+3.114815000E-03,+610.214974358E-03,-41.732097477E-03,-62.646042060E-03
+3.114820000E-03,+625.605991791E-03,-39.926193054E-03,-61.573177739E-03
+3.114825000E-03,+638.613215313E-03,-40.632851309E-03,-60.478328517E-03
+3.114830000E-03,+651.464973970E-03,-40.240263410E-03,-59.418655155E-03
+3.114835000E-03,+664.005802995E-03,-41.260991969E-03,-58.345790857E-03
+3.114840000E-03,+676.961204803E-03,-40.711368948E-03,-57.206971763E-03
+3.114845000E-03,+689.450212232E-03,-41.810615123E-03,-56.411117505E-03
+3.114850000E-03,+702.457435759E-03,-38.826946916E-03,-54.784233096E-03
+3.114855000E-03,+714.842799919E-03,-42.046167869E-03,-54.071921550E-03
+3.114860000E-03,+726.969056104E-03,-41.182474500E-03,-52.489006993E-03
+3.114865000E-03,+740.339030791E-03,-41.182474448E-03,-51.732725590E-03
+3.114870000E-03,+752.620751770E-03,-41.260992013E-03,-50.026695462E-03
+3.114875000E-03,+765.057937557E-03,-42.595791031E-03,-49.375941691E-03
+3.114880000E-03,+776.717799256E-03,-40.868404092E-03,-47.691896498E-03
+3.114885000E-03,+788.481304189E-03,-41.889132732E-03,-46.948806040E-03
+3.114890000E-03,+799.674771406E-03,-40.161745838E-03,-45.423052304E-03
+3.114895000E-03,+810.609130565E-03,-42.046167891E-03,-44.495288472E-03
+3.114900000E-03,+823.098137994E-03,-40.789886654E-03,-43.167399058E-03
+3.114905000E-03,+833.410637873E-03,-41.732097543E-03,-41.975816145E-03
+3.114910000E-03,+844.604105041E-03,-41.967650260E-03,-40.740263411E-03
+3.114915000E-03,+855.901215561E-03,-41.889132658E-03,-39.429961900E-03
+3.114920000E-03,+866.524645071E-03,-41.889132665E-03,-38.357097603E-03
+3.114925000E-03,+877.925398698E-03,-38.983982099E-03,-36.923680528E-03
+3.114930000E-03,+889.740725244E-03,-42.281720705E-03,-35.846419227E-03
+3.114935000E-03,+899.794117071E-03,-40.946921620E-03,-34.456972025E-03
+3.114940000E-03,+910.002973736E-03,-42.438755827E-03,-33.265389104E-03
+3.114945000E-03,+920.211830445E-03,-42.831343658E-03,-31.941896661E-03
+3.114950000E-03,+929.332433342E-03,-40.711368911E-03,-30.684358980E-03
+3.114955000E-03,+938.763965944E-03,-41.496544707E-03,-29.387248459E-03
+3.114960000E-03,+948.869179335E-03,-40.083228251E-03,-28.054962031E-03
+3.114965000E-03,+958.145247089E-03,-43.773554740E-03,-26.832600230E-03
+3.114970000E-03,+966.695812344E-03,-41.103956801E-03,-25.504710795E-03
+3.114975000E-03,+975.194555996E-03,-44.166142743E-03,-24.172424383E-03
+3.114980000E-03,+984.833374973E-03,-42.124685523E-03,-22.875313846E-03
+3.114985000E-03,+992.658437664E-03,-41.260992058E-03,-21.529836465E-03
+3.114990000E-03,+1.001157181390E+00,-43.930589892E-03,-20.219534984E-03
+3.114995000E-03,+1.010070497769E+00,-41.653580031E-03,-18.904836496E-03
