x-axis,1,2,3
second,Volt,Volt,Volt
+3.105000000E-03,+885.387710323E-03,+2.552724532961E+00,+84.688127234E-03
+3.105005000E-03,+875.645248116E-03,+2.552724532961E+00,+85.475187527E-03
+3.105010000E-03,+866.421001984E-03,+2.552724532961E+00,+85.778579483E-03
+3.105015000E-03,+855.901215665E-03,+2.552724532961E+00,+86.679961383E-03
+3.105020000E-03,+846.210575065E-03,+2.552724532961E+00,+86.807473945E-03
+3.105025000E-03,+836.623577680E-03,+2.552724532961E+00,+87.722046799E-03
+3.105030000E-03,+826.051969753E-03,+2.552724532961E+00,+87.831971421E-03
+3.105035000E-03,+814.547572892E-03,+2.552724532961E+00,+88.759735230E-03
+3.105040000E-03,+804.286894610E-03,+2.552724532961E+00,+88.825690003E-03
+3.105045000E-03,+793.352535431E-03,+2.552724532961E+00,+89.731468888E-03
+3.105050000E-03,+782.521819466E-03,+2.552724532961E+00,+89.674308085E-03
+3.105055000E-03,+772.986643689E-03,+2.552724532961E+00,+90.602071894E-03
+3.105060000E-03,+761.274960398E-03,+2.552724532961E+00,+90.527323151E-03
+3.105065000E-03,+749.977849966E-03,+2.552724532961E+00,+91.314383444E-03
+3.105070000E-03,+737.955237029E-03,+2.552724532961E+00,+91.459483945E-03
+3.105075000E-03,+726.347196952E-03,+2.552724532961E+00,+92.075061828E-03
+3.105080000E-03,+715.309194558E-03,+2.552724532961E+00,+92.206971374E-03
+3.105085000E-03,+703.442046444E-03,+2.552724532961E+00,+92.673051771E-03
+3.105090000E-03,+691.678541545E-03,+2.552724532961E+00,+92.853328151E-03
+3.105095000E-03,+678.153101993E-03,+2.552724532961E+00,+93.301820609E-03
+3.105100000E-03,+666.026845840E-03,+2.552724532961E+00,+93.442524125E-03
+3.105105000E-03,+654.211519334E-03,+2.552724532961E+00,+93.706343217E-03
+3.105110000E-03,+641.307939070E-03,+2.552724532961E+00,+94.009735174E-03
+3.105115000E-03,+629.078039704E-03,+2.552724532961E+00,+94.233981403E-03
+3.105120000E-03,+616.433567477E-03,+2.552724532961E+00,+94.379081904E-03
+3.105125000E-03,+602.856306317E-03,+2.552724532961E+00,+94.598931148E-03
+3.105130000E-03,+590.730050166E-03,+2.552724532961E+00,+94.766016573E-03
+3.105135000E-03,+578.085577940E-03,+2.552724532961E+00,+94.933101998E-03
+3.105140000E-03,+564.352851956E-03,+2.552724532961E+00,+95.043026620E-03
+3.105145000E-03,+552.122952588E-03,+2.552724532961E+00,+95.108981393E-03
+3.105150000E-03,+539.323015540E-03,+2.552724532961E+00,+95.320036667E-03
+3.105155000E-03,+524.450214192E-03,+2.552724532961E+00,+95.320036667E-03
+3.105160000E-03,+509.940164097E-03,+2.552724532961E+00,+95.517900987E-03
+3.105165000E-03,+496.777475797E-03,+2.552724532961E+00,+95.491519078E-03
+3.105170000E-03,+483.303857852E-03,+2.552724532961E+00,+95.649810533E-03
+3.105175000E-03,+470.192991156E-03,+2.552724532961E+00,+95.610237669E-03
+3.105180000E-03,+455.890227490E-03,+2.552724532961E+00,+95.605840684E-03
+3.105185000E-03,+442.105679899E-03,+2.552724532961E+00,+95.649810534E-03
+3.105190000E-03,+428.580240344E-03,+2.552724532961E+00,+95.491519078E-03
+3.105195000E-03,+414.536584716E-03,+2.552724532961E+00,+95.702574352E-03
+3.105200000E-03,+400.026534624E-03,+2.552724532961E+00,+95.302448728E-03
+3.105205000E-03,+385.568306133E-03,+2.552724532961E+00,+95.570664806E-03
+3.105210000E-03,+371.576472113E-03,+2.552724532961E+00,+95.038629635E-03
+3.105215000E-03,+356.496384334E-03,+2.552724532961E+00,+95.535488927E-03
+3.105220000E-03,+341.830869415E-03,+2.552724532961E+00,+94.717649739E-03
+3.105225000E-03,+327.890857001E-03,+2.552724532961E+00,+95.152951242E-03
+3.105230000E-03,+313.069877264E-03,+2.552724532961E+00,+94.431845722E-03
+3.105235000E-03,+299.544437709E-03,+2.552724532961E+00,+94.761619588E-03
+3.105240000E-03,+285.034387612E-03,+2.552724532961E+00,+94.036117083E-03
+3.105245000E-03,+269.643370190E-03,+2.552724532961E+00,+94.207599493E-03
+3.105250000E-03,+255.496071345E-03,+2.552724532961E+00,+93.803076885E-03
+3.105255000E-03,+240.519626784E-03,+2.552724532961E+00,+93.763504021E-03
+3.105260000E-03,+225.232252577E-03,+2.552724532961E+00,+93.367775382E-03
+3.105265000E-03,+210.463094443E-03,+2.552724532961E+00,+93.068780410E-03
+3.105270000E-03,+195.745757914E-03,+2.552724532961E+00,+92.752197499E-03
+3.105275000E-03,+179.991989242E-03,+2.552724532961E+00,+92.466393483E-03
+3.105280000E-03,+164.652793425E-03,+2.552724532961E+00,+92.132222631E-03
+3.105285000E-03,+149.469062433E-03,+2.552724532961E+00,+91.696921129E-03
+3.105290000E-03,+134.078045010E-03,+2.552724532961E+00,+91.411117111E-03
+3.105295000E-03,+118.479741158E-03,+2.552724532961E+00,+91.094534200E-03
+3.105300000E-03,+103.606939810E-03,+2.552724532961E+00,+90.584483954E-03
+3.105305000E-03,+88.941424889E-03,+2.552724532961E+00,+90.215137225E-03
+3.105310000E-03,+74.016801933E-03,+2.552724532961E+00,+89.753453813E-03
+3.105315000E-03,+57.900282009E-03,+2.552724532961E+00,+89.441267887E-03
+3.105320000E-03,+42.975659051E-03,+2.552724532961E+00,+88.816896034E-03
+3.105325000E-03,+27.014603947E-03,+2.552724532961E+00,+88.333227698E-03
+3.105330000E-03,+13.126413141E-03,+2.552724532961E+00,+87.889132225E-03
+3.105335000E-03,-2.264604282E-03,+2.552724532961E+00,+87.326318160E-03
+3.105340000E-03,-17.085584026E-03,+2.552724532961E+00,+86.943780476E-03
+3.105345000E-03,-32.683887875E-03,+2.552724532961E+00,+86.073177471E-03
+3.105350000E-03,-47.142116364E-03,+2.552724532961E+00,+85.884107121E-03
+3.105355000E-03,-62.844063430E-03,+2.552724532961E+00,+84.864006629E-03
+3.105360000E-03,-77.665043173E-03,+2.552724532961E+00,+84.776066932E-03
+3.105365000E-03,-92.226914876E-03,+2.552724532961E+00,+83.628453878E-03
+3.105370000E-03,-107.773397122E-03,+2.552724532961E+00,+83.606468954E-03
+3.105375000E-03,-124.356311515E-03,+2.552724532961E+00,+82.401695098E-03
+3.105380000E-03,-139.488220902E-03,+2.552724532961E+00,+82.203830778E-03
+3.105385000E-03,-154.931059933E-03,+2.552724532961E+00,+81.170539332E-03
+3.105390000E-03,-170.995758252E-03,+2.552724532961E+00,+80.849559436E-03
+3.105395000E-03,-185.816737993E-03,+2.552724532961E+00,+79.860237839E-03
+3.105400000E-03,-200.534074520E-03,+2.552724532961E+00,+79.508479048E-03
+3.105405000E-03,-215.044124616E-03,+2.552724532961E+00,+78.519157451E-03
+3.105410000E-03,-231.316109364E-03,+2.552724532961E+00,+77.947549417E-03
+3.105415000E-03,-246.810770003E-03,+2.552724532961E+00,+77.032976562E-03
+3.105420000E-03,-262.253609032E-03,+2.552724532961E+00,+76.395413756E-03
+3.105425000E-03,-276.349086271E-03,+2.552724532961E+00,+75.502825825E-03
+3.105430000E-03,-291.740103691E-03,+2.552724532961E+00,+74.856469048E-03
+3.105435000E-03,-306.561083437E-03,+2.552724532961E+00,+73.845162526E-03
+3.105440000E-03,-322.263030499E-03,+2.552724532961E+00,+73.207599719E-03
+3.105445000E-03,-337.446761494E-03,+2.552724532961E+00,+72.130338424E-03
+3.105450000E-03,-351.024022659E-03,+2.552724532961E+00,+71.567524360E-03
+3.105455000E-03,-365.896824003E-03,+2.552724532961E+00,+70.459484170E-03
+3.105460000E-03,-381.546949460E-03,+2.552724532961E+00,+69.777951515E-03
+3.105465000E-03,-395.538783485E-03,+2.552724532961E+00,+68.656720371E-03
+3.105470000E-03,-410.826157690E-03,+2.552724532961E+00,+67.953202790E-03
+3.105475000E-03,-425.232564572E-03,+2.552724532961E+00,+66.761619889E-03
+3.105480000E-03,-439.328041811E-03,+2.552724532961E+00,+66.075690248E-03
+3.105485000E-03,-455.185453699E-03,+2.552724532961E+00,+64.976444028E-03
+3.105490000E-03,-468.399963609E-03,+2.552724532961E+00,+64.105841023E-03
+3.105495000E-03,-482.236332809E-03,+2.552724532961E+00,+62.997800834E-03
+3.105500000E-03,-497.160955765E-03,+2.552724532961E+00,+62.171167677E-03
+3.105505000E-03,-510.738216923E-03,+2.552724532961E+00,+61.036745578E-03
+3.105510000E-03,-524.730050945E-03,+2.552724532961E+00,+60.245288301E-03
+3.105515000E-03,-538.618241750E-03,+2.552724532961E+00,+59.027323489E-03
+3.105520000E-03,-552.091859699E-03,+2.552724532961E+00,+58.244660181E-03
+3.105525000E-03,-564.632688711E-03,+2.552724532961E+00,+56.903579793E-03
+3.105530000E-03,-579.142738804E-03,+2.552724532961E+00,+56.248429046E-03
+3.105535000E-03,-591.942675853E-03,+2.552724532961E+00,+54.788630068E-03
+3.105540000E-03,-605.312650584E-03,+2.552724532961E+00,+54.186243139E-03
+3.105545000E-03,-618.682625316E-03,+2.552724532961E+00,+52.708856221E-03
+3.105550000E-03,-631.275275938E-03,+2.552724532961E+00,+51.978956731E-03
+3.105555000E-03,-644.956180309E-03,+2.552724532961E+00,+50.637876343E-03
+3.105560000E-03,-658.274333432E-03,+2.552724532961E+00,+49.798052231E-03
+3.105565000E-03,-670.089659944E-03,+2.552724532961E+00,+48.536117572E-03
+3.105570000E-03,-682.267737702E-03,+2.552724532961E+00,+47.551192959E-03
+3.105575000E-03,-694.601280281E-03,+2.552724532961E+00,+46.328831163E-03
+3.105580000E-03,-707.401217331E-03,+2.552724532961E+00,+45.154836200E-03
+3.105585000E-03,-719.527473485E-03,+2.552724532961E+00,+44.152323649E-03
+3.105590000E-03,-731.446443206E-03,+2.552724532961E+00,+42.692524669E-03
+3.105595000E-03,-744.453666686E-03,+2.552724532961E+00,+41.804333724E-03
+3.105600000E-03,-756.476279614E-03,+2.552724532961E+00,+40.353328715E-03
+3.105605000E-03,-768.084319695E-03,+2.552724532961E+00,+39.434358875E-03
+3.105610000E-03,-779.018678880E-03,+2.552724532961E+00,+37.921796078E-03
+3.105615000E-03,-791.352221458E-03,+2.552724532961E+00,+37.108353874E-03
+3.105620000E-03,-802.597510282E-03,+2.552724532961E+00,+35.499057411E-03
+3.105625000E-03,-813.220939814E-03,+2.552724532961E+00,+34.637248373E-03
+3.105630000E-03,-824.569871854E-03,+2.552724532961E+00,+33.137876531E-03
+3.105635000E-03,-835.556052640E-03,+2.552724532961E+00,+32.095791114E-03
+3.105640000E-03,-845.246693240E-03,+2.552724532961E+00,+30.614007212E-03
+3.105645000E-03,-856.854733319E-03,+2.552724532961E+00,+29.651067522E-03
+3.105650000E-03,-867.426341245E-03,+2.552724532961E+00,+28.261620302E-03
+3.105655000E-03,-877.531554702E-03,+2.552724532961E+00,+27.153580112E-03
+3.105660000E-03,-887.274016912E-03,+2.552724532961E+00,+25.742147967E-03
+3.105665000E-03,-898.208376091E-03,+2.552724532961E+00,+24.673680641E-03
+3.105670000E-03,-908.935448839E-03,+2.552724532961E+00,+23.196293723E-03
+3.105675000E-03,-918.677911048E-03,+2.552724532961E+00,+22.127826397E-03
+3.105680000E-03,-927.539405928E-03,+2.552724532961E+00,+20.685615357E-03
+3.105685000E-03,-937.385511349E-03,+2.552724532961E+00,+19.608354063E-03
+3.105690000E-03,-946.920687127E-03,+2.552724532961E+00,+18.060615385E-03
+3.105695000E-03,-955.678538796E-03,+2.552724532961E+00,+17.058102834E-03
+3.105700000E-03,-965.006428141E-03,+2.552724532961E+00,+15.549937021E-03
+3.105705000E-03,-973.919744630E-03,+2.552724532961E+00,+14.424308892E-03
+3.105710000E-03,-981.848450576E-03,+2.552724532961E+00,+12.920540064E-03
+3.105715000E-03,-991.487269563E-03,+2.552724532961E+00,+11.742148117E-03
+3.105720000E-03,-999.312332295E-03,+2.552724532961E+00,+10.414258683E-03
+3.105725000E-03,-1.007189216639E+00,+2.552724532961E+00,+9.143530054E-03
+3.105730000E-03,-1.015273387402E+00,+2.552724532961E+00,+7.850816500E-03
+3.105735000E-03,-1.023616666209E+00,+2.552724532961E+00,+6.540515007E-03
+3.105740000E-03,-1.031338085720E+00,+2.552724532961E+00,+5.159861755E-03
+3.105745000E-03,-1.039214970062E+00,+2.552724532961E+00,+3.981469809E-03
+3.105750000E-03,-1.046262708678E+00,+2.552724532961E+00,+2.614007511E-03
+3.105755000E-03,-1.053310447303E+00,+2.552724532961E+00,+1.316896973E-03
+3.105760000E-03,-1.060876401991E+00,+2.552724532961E+00,-10.992461E-06
+3.105765000E-03,-1.066835886851E+00,+2.552724532961E+00,-1.250942196E-03
+3.105770000E-03,-1.073313587785E+00,+2.552724532961E+00,-2.662374342E-03
+3.105775000E-03,-1.081035007300E+00,+2.552724532961E+00,-3.770414531E-03
+3.105780000E-03,-1.086528097695E+00,+2.552724532961E+00,-5.313756224E-03
+3.105785000E-03,-1.093161263453E+00,+2.552724532961E+00,-6.461369275E-03
+3.105790000E-03,-1.098136137777E+00,+2.552724532961E+00,-7.925565240E-03
+3.105795000E-03,-1.104043801031E+00,+2.552724532961E+00,-9.121545127E-03
+3.105800000E-03,-1.109795999462E+00,+2.552724532961E+00,-10.546168228E-03
+3.105805000E-03,-1.114667230563E+00,+2.552724532961E+00,-11.790514947E-03
+3.105810000E-03,-1.121041288277E+00,+2.552724532961E+00,-13.118404381E-03
+3.105815000E-03,-1.125912519391E+00,+1.800133463531E+00,-14.419911904E-03
+3.105820000E-03,-1.129332745478E+00,-111.298679067E-03,-15.629082746E-03
+3.105825000E-03,-1.133944868548E+00,-179.373427690E-03,-16.987751072E-03
+3.105830000E-03,-1.138453348402E+00,-55.080087765E-03,-18.337625432E-03
+3.105835000E-03,-1.142547255388E+00,+189.973302181E-03,-19.573178180E-03
+3.105840000E-03,-1.146641162384E+00,-78.164257827E-03,-20.879082691E-03
+3.105845000E-03,-1.150061388473E+00,-72.825062013E-03,-22.290514833E-03
+3.105850000E-03,-1.153274328141E+00,-100.149182380E-03,-23.508479648E-03
+3.105855000E-03,-1.157575521560E+00,-18.098303865E-03,-24.950690685E-03
+3.105860000E-03,-1.160114780324E+00,-55.001569716E-03,-26.177449468E-03
+3.105865000E-03,-1.162291287848E+00,-48.092022107E-03,-27.478956989E-03
+3.105870000E-03,-1.165866978758E+00,-60.890388788E-03,-28.670539893E-03
+3.105875000E-03,-1.169028096814E+00,-49.191268339E-03,-30.073178067E-03
+3.105880000E-03,-1.171930106839E+00,-50.918655218E-03,-31.146042380E-03
+3.105885000E-03,-1.174054792741E+00,-50.211996966E-03,-32.658605175E-03
+3.105890000E-03,-1.174883938465E+00,-51.154207983E-03,-33.533605168E-03
+3.105895000E-03,-1.176645873119E+00,-49.505338677E-03,-35.248429268E-03
+3.105900000E-03,-1.177993234911E+00,-48.013504509E-03,-36.105841321E-03
+3.105905000E-03,-1.179029667068E+00,-46.757223124E-03,-37.759107633E-03
+3.105910000E-03,-1.180687958498E+00,-49.426821074E-03,-38.625313656E-03
+3.105915000E-03,-1.181413461009E+00,-46.757223112E-03,-40.256595043E-03
+3.105920000E-03,-1.181309817792E+00,-49.191268314E-03,-41.193152825E-03
+3.105925000E-03,-1.182968109230E+00,-49.034233145E-03,-42.556218135E-03
+3.105930000E-03,-1.183952719770E+00,-49.426821087E-03,-43.708228174E-03
+3.105935000E-03,-1.183589968523E+00,-47.463881403E-03,-44.851444242E-03
+3.105940000E-03,-1.182968109232E+00,-48.092022098E-03,-46.223303524E-03
+3.105945000E-03,-1.182864466025E+00,-46.364635183E-03,-47.181846226E-03
+3.105950000E-03,-1.181931677081E+00,-46.992775877E-03,-48.650439176E-03
+3.105955000E-03,-1.181620747439E+00,-45.108353787E-03,-49.521042183E-03
+3.105960000E-03,-1.180687958507E+00,-45.972047247E-03,-50.998429099E-03
+3.105965000E-03,-1.179547883140E+00,-48.249057265E-03,-51.904207987E-03
+3.105970000E-03,-1.178718737423E+00,-48.563127613E-03,-53.328831085E-03
+3.105975000E-03,-1.176645873118E+00,-46.443152775E-03,-54.291770775E-03
+3.105980000E-03,-1.174469365607E+00,-47.071293455E-03,-55.434986841E-03
+3.105985000E-03,-1.173070182211E+00,-45.736494483E-03,-56.644157684E-03
+3.105990000E-03,-1.171722820406E+00,-46.129082424E-03,-57.576318476E-03
+3.105995000E-03,-1.169960885756E+00,-44.166142752E-03,-58.996544593E-03
+3.106000000E-03,-1.167007054130E+00,-44.637248256E-03,-59.678077248E-03
+3.106005000E-03,-1.164519616968E+00,-45.893529663E-03,-61.111494319E-03
+3.106010000E-03,-1.162602217494E+00,-45.186871363E-03,-61.907348581E-03
+3.106015000E-03,-1.158508310506E+00,-44.951318612E-03,-63.191268165E-03
+3.106020000E-03,-1.155917230131E+00,-44.715765848E-03,-64.079459112E-03
+3.106025000E-03,-1.152445182427E+00,-46.129082417E-03,-65.315011861E-03
+3.106030000E-03,-1.148921313125E+00,-44.244660333E-03,-66.264760596E-03
+3.106035000E-03,-1.145345622206E+00,-43.695037217E-03,-67.284861087E-03
+3.106040000E-03,-1.141303536830E+00,-45.500941729E-03,-68.362122383E-03
+3.106045000E-03,-1.137676024299E+00,-44.558730677E-03,-69.289886191E-03
+3.106050000E-03,-1.132390220336E+00,-46.364635175E-03,-70.367147486E-03
+3.106055000E-03,-1.127778097269E+00,-42.438755824E-03,-71.171795719E-03
+3.106060000E-03,-1.123891476705E+00,-43.616519636E-03,-72.262247968E-03
+3.106065000E-03,-1.118242921498E+00,-43.380966885E-03,-73.154835899E-03
+3.106070000E-03,-1.112905295924E+00,-42.438755823E-03,-74.104584632E-03
+3.106075000E-03,-1.108241351253E+00,-43.616519629E-03,-75.155464018E-03
+3.106080000E-03,-1.102074579959E+00,-43.773554801E-03,-75.938127326E-03
+3.106085000E-03,-1.097462456887E+00,-44.009107567E-03,-77.063755455E-03
+3.106090000E-03,-1.091243863989E+00,-44.244660339E-03,-77.718906202E-03
+3.106095000E-03,-1.084973449489E+00,-43.695037225E-03,-78.906092118E-03
+3.106100000E-03,-1.079428537491E+00,-42.517273420E-03,-79.521670001E-03
+3.106105000E-03,-1.073676339059E+00,-43.695037222E-03,-80.607725265E-03
+3.106110000E-03,-1.067302281337E+00,-42.674308592E-03,-81.227700134E-03
+3.106115000E-03,-1.059425396998E+00,-42.752826174E-03,-82.203830776E-03
+3.106120000E-03,-1.052377658384E+00,-43.930589973E-03,-82.854584539E-03
+3.106125000E-03,-1.045848135836E+00,-44.087625161E-03,-83.817524227E-03
+3.106130000E-03,-1.037919429895E+00,-42.281720658E-03,-84.560614672E-03
+3.106135000E-03,-1.030612583241E+00,-42.438755826E-03,-85.365262904E-03
+3.106140000E-03,-1.022424769257E+00,-42.752826178E-03,-86.156720182E-03
+3.106145000E-03,-1.014858814565E+00,-43.066896533E-03,-86.934986505E-03
+3.106150000E-03,-1.007033751833E+00,-44.244660336E-03,-87.590137252E-03
+3.106155000E-03,-998.535008212E-03,-42.360238242E-03,-88.368403575E-03
+3.106160000E-03,-990.191729402E-03,-43.538002043E-03,-89.067524171E-03
+3.106165000E-03,-981.330234522E-03,-42.438755839E-03,-89.762247780E-03
+3.106170000E-03,-973.090598932E-03,-42.909861343E-03,-90.430589483E-03
+3.106175000E-03,-965.628287452E-03,-41.103956854E-03,-91.142901032E-03
+3.106180000E-03,-955.782182031E-03,-42.595790997E-03,-91.617775401E-03
+3.106185000E-03,-945.832433399E-03,-41.575062376E-03,-92.356468858E-03
+3.106190000E-03,-935.986327979E-03,-42.438755818E-03,-92.963252774E-03
+3.106195000E-03,-926.865725068E-03,-42.831343763E-03,-93.429333168E-03
+3.106200000E-03,-916.397760349E-03,-41.653579959E-03,-94.132850751E-03
+3.106205000E-03,-906.240725285E-03,-42.595790986E-03,-94.445036676E-03
+3.106210000E-03,-895.669117356E-03,-42.046167895E-03,-95.403579380E-03
+3.106215000E-03,-885.201152642E-03,-42.046167894E-03,-95.478328122E-03
+3.106220000E-03,-875.355047218E-03,-42.909861339E-03,-96.529207508E-03
+3.106225000E-03,-865.560763408E-03,-40.711368906E-03,-96.520413538E-03
+3.106230000E-03,-856.025587628E-03,-41.418027195E-03,-97.483353226E-03
+3.106235000E-03,-845.402158097E-03,-41.732097565E-03,-97.514132121E-03
+3.106240000E-03,-834.467798913E-03,-42.203203071E-03,-98.455086884E-03
+3.106245000E-03,-822.652472416E-03,-41.025439260E-03,-98.494659749E-03
+3.106250000E-03,-811.873578050E-03,-40.789886496E-03,-99.220162253E-03
+3.106255000E-03,-800.628289234E-03,-40.554333733E-03,-99.356468785E-03
+3.106260000E-03,-788.553854685E-03,-39.690640290E-03,-100.064383349E-03
+3.106265000E-03,-776.583063352E-03,-41.967650320E-03,-100.196292896E-03
+3.106270000E-03,-765.596882573E-03,-43.380966858E-03,-100.675564248E-03
+3.106275000E-03,-752.693302310E-03,-41.810615130E-03,-100.961368263E-03
+3.106280000E-03,-741.085262229E-03,-41.967650299E-03,-101.374684844E-03
+3.106285000E-03,-728.544433222E-03,-41.967650299E-03,-101.616519010E-03
+3.106290000E-03,-717.972825284E-03,-40.868404074E-03,-102.034232576E-03
+3.106295000E-03,-705.742925924E-03,-40.711368899E-03,-102.130966241E-03
+3.106300000E-03,-693.098453698E-03,-39.690640289E-03,-102.597046640E-03
+3.106305000E-03,-679.676657370E-03,-41.967650295E-03,-102.588252668E-03
+3.106310000E-03,-668.068617283E-03,-40.083228226E-03,-103.159860705E-03
+3.106315000E-03,-655.009572207E-03,-40.318780968E-03,-102.979584323E-03
+3.106320000E-03,-641.276846220E-03,-41.025439269E-03,-103.498428541E-03
+3.106325000E-03,-627.958693087E-03,-40.240263386E-03,-103.357725022E-03
+3.106330000E-03,-615.055112845E-03,-40.711368917E-03,-103.815011451E-03
+3.106335000E-03,-601.685138088E-03,-39.769157867E-03,-103.718277782E-03
+3.106340000E-03,-588.522449793E-03,-40.083228218E-03,-104.048051650E-03
+3.106345000E-03,-574.789723816E-03,-40.161745800E-03,-103.990890844E-03
+3.106350000E-03,-561.575213898E-03,-40.554333738E-03,-104.118403409E-03
+3.106355000E-03,-549.293492932E-03,-39.612122687E-03,-104.285488831E-03
+3.106360000E-03,-535.508945338E-03,-40.083228227E-03,-104.250312955E-03
+3.106365000E-03,-522.501721855E-03,-41.418027178E-03,-104.404207422E-03
+3.106370000E-03,-507.473455701E-03,-39.533605111E-03,-104.342649637E-03
+3.106375000E-03,-493.015227204E-03,-40.554333737E-03,-104.360237574E-03
+3.106380000E-03,-479.437966047E-03,-40.004710626E-03,-104.369031548E-03
+3.106385000E-03,-464.616986300E-03,-40.475816153E-03,-104.285488830E-03
+3.106390000E-03,-450.625152281E-03,-42.124685474E-03,-104.298679790E-03
+3.106395000E-03,-435.855994138E-03,-39.926193047E-03,-104.263503907E-03
+3.106400000E-03,-420.361333522E-03,-39.298052346E-03,-104.171167227E-03
+3.106405000E-03,-406.576785919E-03,-40.554333735E-03,-104.078830542E-03
+3.106410000E-03,-391.341233325E-03,-40.083228226E-03,-104.012875773E-03
+3.106415000E-03,-376.934826444E-03,-40.240263386E-03,-103.757850646E-03
+3.106420000E-03,-363.098457237E-03,-40.946921675E-03,-103.691895876E-03
+3.106425000E-03,-347.551974988E-03,-40.789886509E-03,-103.573177282E-03
+3.106430000E-03,-333.974713841E-03,-41.653579938E-03,-103.366518995E-03
+3.106435000E-03,-318.790982841E-03,-39.926193053E-03,-103.326946130E-03
+3.106440000E-03,-303.607251844E-03,-39.376569932E-03,-102.812498901E-03
+3.106445000E-03,-289.615417825E-03,-40.240263388E-03,-103.001569248E-03
+3.106450000E-03,-274.328043617E-03,-40.240263394E-03,-102.284860716E-03
+3.106455000E-03,-258.626096555E-03,-39.533605091E-03,-102.526694881E-03
+3.106460000E-03,-244.323332881E-03,-42.203203062E-03,-101.682473787E-03
+3.106465000E-03,-229.761461193E-03,-40.711368902E-03,-101.994659710E-03
+3.106470000E-03,-213.489476434E-03,-39.769157875E-03,-101.115262739E-03
+3.106475000E-03,-198.875783119E-03,-40.318780965E-03,-101.431845646E-03
+3.106480000E-03,-183.847516949E-03,-40.397298562E-03,-100.429333098E-03
+3.106485000E-03,-168.974715607E-03,-39.455087519E-03,-100.728328067E-03
+3.106490000E-03,-153.376411760E-03,-40.318780980E-03,-99.787373305E-03
+3.106495000E-03,-138.607253624E-03,-38.669911646E-03,-99.910488878E-03
+3.106500000E-03,-123.423522627E-03,-39.612122690E-03,-98.995916028E-03
+3.106505000E-03,-108.395256444E-03,-40.868404090E-03,-99.017900948E-03
+3.106510000E-03,-92.537844566E-03,-40.161745800E-03,-98.182473825E-03
+3.106515000E-03,-78.390545716E-03,-39.455087522E-03,-98.085740156E-03
+3.106520000E-03,-63.206814735E-03,-40.554333723E-03,-97.245916046E-03
+3.106525000E-03,-48.748586232E-03,-40.711368912E-03,-97.074433634E-03
+3.106530000E-03,-34.031249710E-03,-39.062499591E-03,-96.348931130E-03
+3.106535000E-03,-19.313913191E-03,-40.475816146E-03,-95.966393446E-03
+3.106540000E-03,-3.663787733E-03,-39.376569936E-03,-95.311242701E-03
+3.106545000E-03,+11.312656831E-03,-40.083228216E-03,-94.748428634E-03
+3.106550000E-03,+26.755495868E-03,-40.004710627E-03,-94.190011557E-03
+3.106555000E-03,+41.680118825E-03,-40.161745780E-03,-93.644785430E-03
+3.106560000E-03,+57.744817145E-03,-38.512876473E-03,-93.156720111E-03
+3.106565000E-03,+71.892115986E-03,-40.475816149E-03,-92.347674892E-03
+3.106570000E-03,+87.645884660E-03,-40.554333731E-03,-91.982725147E-03
+3.106575000E-03,+103.399653345E-03,-39.690640274E-03,-91.103328172E-03
+3.106580000E-03,+117.080557734E-03,-39.847675461E-03,-90.720790486E-03
+3.106585000E-03,+133.093434423E-03,-38.748429233E-03,-89.718277936E-03
+3.106590000E-03,+149.054489525E-03,-40.240263389E-03,-89.384107083E-03
+3.106595000E-03,+163.409074810E-03,-38.905464420E-03,-88.421167397E-03
+3.106600000E-03,+178.644627408E-03,-39.847675460E-03,-87.911117149E-03
+3.106605000E-03,+193.051034289E-03,-39.690640296E-03,-87.154835752E-03
+3.106610000E-03,+208.390230103E-03,-39.769157864E-03,-86.279835761E-03
+3.106615000E-03,+223.107566627E-03,-39.926193048E-03,-85.686242804E-03
+3.106620000E-03,+237.151222268E-03,-40.554333733E-03,-84.696921205E-03
+3.106625000E-03,+252.542239675E-03,-39.376569929E-03,-84.217649854E-03
+3.106630000E-03,+268.658759592E-03,-40.711368898E-03,-83.149182528E-03
+3.106635000E-03,+282.702415235E-03,-39.926193027E-03,-82.586368464E-03
+3.106640000E-03,+298.093432658E-03,-40.318780989E-03,-81.451946367E-03
+3.106645000E-03,+312.655304351E-03,-41.810615124E-03,-80.963881043E-03
+3.106650000E-03,+327.165354462E-03,-41.260992004E-03,-79.754710205E-03
+3.106655000E-03,+341.157188475E-03,-39.847675456E-03,-79.121544380E-03
+3.106660000E-03,+356.029989817E-03,-41.418027192E-03,-78.149810724E-03
+3.106665000E-03,+370.229110277E-03,-40.632851319E-03,-77.195665004E-03
+3.106670000E-03,+382.769939304E-03,-41.810615124E-03,-76.369031848E-03
+3.106675000E-03,+398.264599932E-03,-39.847675460E-03,-75.300564523E-03
+3.106680000E-03,+413.241044483E-03,-39.690640281E-03,-74.553077094E-03
+3.106685000E-03,+426.870127258E-03,-40.004710622E-03,-73.365891176E-03
+3.106690000E-03,+440.810139674E-03,-39.298052355E-03,-72.728328368E-03
+3.106695000E-03,+455.112903338E-03,-39.141017178E-03,-71.593906271E-03
+3.106700000E-03,+468.690164502E-03,-38.434358884E-03,-70.802448991E-03
+3.106705000E-03,+482.941106558E-03,-40.632851309E-03,-69.654835942E-03
+3.106710000E-03,+496.518367718E-03,-40.004710624E-03,-68.709484190E-03
+3.106715000E-03,+509.888342446E-03,-38.905464418E-03,-67.794911337E-03
+3.106720000E-03,+523.102852358E-03,-41.575062358E-03,-66.678077177E-03
+3.106725000E-03,+536.265540668E-03,-40.711368916E-03,-65.701946535E-03
+3.106730000E-03,+549.531872187E-03,-39.376569933E-03,-64.585112375E-03
+3.106735000E-03,+562.850025313E-03,-39.141017171E-03,-63.490263143E-03
+3.106740000E-03,+577.049145743E-03,-39.455087516E-03,-62.483353604E-03
+3.106745000E-03,+590.108190843E-03,-40.083228193E-03,-61.340137537E-03
+3.106750000E-03,+603.063592715E-03,-40.161745802E-03,-60.364006893E-03
+3.106755000E-03,+615.759886549E-03,-39.926193045E-03,-59.124057159E-03
+3.106760000E-03,+627.627034666E-03,-41.339509603E-03,-58.336996866E-03
+3.106765000E-03,+640.478793320E-03,-40.318780977E-03,-56.978328539E-03
+3.106770000E-03,+652.397763044E-03,-40.789886503E-03,-56.160489351E-03
+3.106775000E-03,+665.767737769E-03,-39.847675451E-03,-54.713881328E-03
+3.106780000E-03,+676.442988929E-03,-40.397298576E-03,-53.816896411E-03
+3.106785000E-03,+687.688277738E-03,-40.711368916E-03,-52.458228085E-03
+3.106790000E-03,+700.280928355E-03,-40.946921671E-03,-51.336996941E-03
+3.106795000E-03,+712.096254862E-03,-41.810615119E-03,-50.132223084E-03
+3.106800000E-03,+723.445186903E-03,-40.789886490E-03,-48.909861288E-03
+3.106805000E-03,+734.586832500E-03,-40.946921664E-03,-47.885363813E-03
+3.106810000E-03,+746.194872585E-03,-40.318780979E-03,-46.473931666E-03
+3.106815000E-03,+757.129231777E-03,-40.397298553E-03,-45.656092477E-03
+3.106820000E-03,+770.551028099E-03,-40.161745808E-03,-44.046796015E-03
+3.106825000E-03,+780.086203892E-03,-40.397298579E-03,-43.211368886E-03
+3.106830000E-03,+790.554168598E-03,-42.124685466E-03,-41.641645287E-03
+3.106835000E-03,+801.643992589E-03,-40.711368905E-03,-40.740263384E-03
+3.106840000E-03,+811.230989982E-03,-41.810615119E-03,-39.205715665E-03
+3.106845000E-03,+821.750776295E-03,-41.025439249E-03,-38.150439290E-03
+3.106850000E-03,+832.736957085E-03,-39.219534756E-03,-36.760992073E-03
+3.106855000E-03,+842.479419306E-03,-41.653579950E-03,-35.573806152E-03
+3.106860000E-03,+852.429167921E-03,-40.475816141E-03,-34.263504664E-03
+3.106865000E-03,+861.601592458E-03,-42.203203081E-03,-32.970791106E-03
+3.106870000E-03,+872.225021987E-03,-43.773554795E-03,-31.862750920E-03
+3.106875000E-03,+882.382057064E-03,-39.847675474E-03,-30.574434347E-03
+3.106880000E-03,+893.627345898E-03,-40.004710637E-03,-29.220163008E-03
+3.106885000E-03,+901.504230219E-03,-40.475816144E-03,-27.949434378E-03
+3.106890000E-03,+910.521189928E-03,-40.240263415E-03,-26.533605249E-03
+3.106895000E-03,+919.434506419E-03,-41.025439249E-03,-25.421168071E-03
+3.106900000E-03,+928.658752550E-03,-41.732097540E-03,-23.829459550E-03
+3.106905000E-03,+937.416604207E-03,-42.281720663E-03,-22.765389205E-03
+3.106910000E-03,+945.500774981E-03,-41.339509594E-03,-21.200062593E-03
+3.106915000E-03,+952.237583953E-03,-41.496544776E-03,-20.179962097E-03
+3.106920000E-03,+960.943614001E-03,-42.124685470E-03,-18.605841515E-03
+3.106925000E-03,+968.924141576E-03,-42.595790992E-03,-17.524183231E-03
+3.106930000E-03,+976.645561092E-03,-41.732097550E-03,-16.090766165E-03
+3.106935000E-03,+983.693299710E-03,-40.632851313E-03,-14.771670697E-03
+3.106940000E-03,+992.088400108E-03,-40.711368925E-03,-13.483354133E-03
+3.106945000E-03,+999.239781943E-03,-41.889132717E-03,-12.212625499E-03
+3.106950000E-03,+1.006235698961E+00,-41.889132722E-03,-10.871545115E-03
+3.106955000E-03,+1.013024329529E+00,-41.182474427E-03,-9.578831557E-03
+3.106960000E-03,+1.019916603323E+00,-41.496544800E-03,-8.176193385E-03
+3.106965000E-03,+1.025668801771E+00,-42.124685487E-03,-7.054962240E-03
+3.106970000E-03,+1.031731929848E+00,-40.711368902E-03,-5.599560244E-03
+3.106975000E-03,+1.036965912189E+00,-41.339509604E-03,-4.605841661E-03
+3.106980000E-03,+1.044946439756E+00,-41.967650307E-03,-2.877826606E-03
+3.106985000E-03,+1.049506741217E+00,-42.438755837E-03,-2.051193450E-03
+3.106990000E-03,+1.055207118039E+00,-42.595790992E-03,-235.238693E-06
+3.106995000E-03,+1.060648386805E+00,-42.046167870E-03,+463.881902E-06
+3.107000000E-03,+1.066918801328E+00,-40.475816159E-03,+2.504082882E-03
+3.107005000E-03,+1.073292859048E+00,+542.046156364E-03,+3.040515042E-03
+3.107010000E-03,+1.076764906742E+00,+2.548170512141E+00,+5.089509991E-03
+3.107015000E-03,+1.081014278570E+00,+2.552724532961E+00,+5.727072799E-03
+3.107020000E-03,+1.085263650383E+00,+2.552724532961E+00,+7.850816493E-03
+3.107025000E-03,+1.090549454348E+00,+2.552724532961E+00,+8.268530058E-03
+3.107030000E-03,+1.094850647754E+00,+2.552724532961E+00,+10.299937072E-03
+3.107035000E-03,+1.098167230647E+00,+2.552724532961E+00,+10.814384304E-03
+3.107040000E-03,+1.102572067275E+00,+2.552724532961E+00,+12.863379256E-03
+3.107045000E-03,+1.106251401406E+00,+2.552724532961E+00,+13.624057640E-03
+3.107050000E-03,+1.109101589815E+00,+2.552724532961E+00,+15.466394302E-03
+3.107055000E-03,+1.112573637526E+00,+2.552724532961E+00,+16.218278717E-03
+3.107060000E-03,+1.115579290770E+00,+2.552724532961E+00,+17.946293774E-03
+3.107065000E-03,+1.118792230423E+00,+2.552724532961E+00,+18.772926930E-03
+3.107070000E-03,+1.120916916340E+00,+2.552724532961E+00,+20.615263594E-03
+3.107075000E-03,+1.123404353507E+00,+2.552724532961E+00,+21.367148007E-03
+3.107080000E-03,+1.125891790669E+00,+2.552724532961E+00,+23.095163066E-03
+3.107085000E-03,+1.127809190121E+00,+2.552724532961E+00,+23.869032404E-03
+3.107090000E-03,+1.129260195148E+00,+2.552724532961E+00,+25.614635401E-03
+3.107095000E-03,+1.130607556938E+00,+2.552724532961E+00,+26.348931876E-03
+3.107100000E-03,+1.131747632303E+00,+2.552724532961E+00,+28.112122810E-03
+3.107105000E-03,+1.133613210173E+00,+2.552724532961E+00,+28.881595166E-03
+3.107110000E-03,+1.134649642315E+00,+2.552724532961E+00,+30.609610219E-03
+3.107115000E-03,+1.135478788053E+00,+2.552724532961E+00,+31.445037351E-03
+3.107120000E-03,+1.138018046800E+00,+2.552724532961E+00,+33.054333812E-03
+3.107125000E-03,+1.138225333241E+00,+2.552724532961E+00,+33.946921746E-03
+3.107130000E-03,+1.138069868422E+00,+2.552724532961E+00,+35.437499614E-03
+3.107135000E-03,+1.138639906093E+00,+2.552724532961E+00,+36.444409155E-03
+3.107140000E-03,+1.138173511635E+00,+2.552724532961E+00,+37.833856374E-03
+3.107145000E-03,+1.138328976443E+00,+2.552724532961E+00,+38.889132747E-03
+3.107150000E-03,+1.138328976463E+00,+2.552724532961E+00,+40.190640269E-03
+3.107155000E-03,+1.137603473959E+00,+2.552724532961E+00,+41.272298549E-03
+3.107160000E-03,+1.136411576984E+00,+2.552724532961E+00,+42.565012103E-03
+3.107165000E-03,+1.135945182520E+00,+2.552724532961E+00,+43.620288474E-03
+3.107170000E-03,+1.133561388579E+00,+2.552724532961E+00,+44.899811073E-03
+3.107175000E-03,+1.133043172507E+00,+2.552724532961E+00,+46.016645233E-03
+3.107180000E-03,+1.131281237841E+00,+2.552724532961E+00,+47.058730649E-03
+3.107185000E-03,+1.129933876047E+00,+2.552724532961E+00,+48.232725610E-03
+3.107190000E-03,+1.127757368552E+00,+2.552724532961E+00,+49.292398966E-03
+3.107195000E-03,+1.124855358514E+00,+2.552724532961E+00,+50.505966792E-03
+3.107200000E-03,+1.123559818325E+00,+2.552724532961E+00,+51.416142662E-03
+3.107205000E-03,+1.121227845999E+00,+2.552724532961E+00,+52.774810988E-03
+3.107210000E-03,+1.118429479197E+00,+2.552724532961E+00,+53.495916511E-03
+3.107215000E-03,+1.115682933989E+00,+2.552724532961E+00,+54.902951668E-03
+3.107220000E-03,+1.112262707902E+00,+2.552724532961E+00,+55.562499403E-03
+3.107225000E-03,+1.108168800914E+00,+2.552724532961E+00,+57.009107426E-03
+3.107230000E-03,+1.106614152689E+00,+2.552724532961E+00,+57.659861190E-03
+3.107235000E-03,+1.102105672834E+00,+2.552724532961E+00,+59.018529514E-03
+3.107240000E-03,+1.098270873887E+00,+2.552724532961E+00,+59.660489310E-03
+3.107245000E-03,+1.093244177966E+00,+2.552724532961E+00,+60.913629996E-03
+3.107250000E-03,+1.089409378999E+00,+2.552724532961E+00,+61.705087276E-03
+3.107255000E-03,+1.084071753454E+00,+2.552724532961E+00,+62.821921434E-03
+3.107260000E-03,+1.079252343944E+00,+2.552724532961E+00,+63.626569668E-03
+3.107265000E-03,+1.075054793724E+00,+2.552724532961E+00,+64.681846038E-03
+3.107270000E-03,+1.070287205844E+00,+2.552724532961E+00,+65.609609847E-03
+3.107275000E-03,+1.063239467221E+00,+2.552724532961E+00,+66.664886217E-03
+3.107280000E-03,+1.058368236143E+00,+2.552724532961E+00,+67.504710329E-03
+3.107285000E-03,+1.053704291444E+00,+2.552724532961E+00,+68.498428911E-03
+3.107290000E-03,+1.047174768925E+00,+2.552724532961E+00,+69.267901266E-03
+3.107295000E-03,+1.041163462447E+00,+2.552724532961E+00,+70.349559547E-03
+3.107300000E-03,+1.035411264018E+00,+2.552724532961E+00,+71.031092200E-03
+3.107305000E-03,+1.027793487711E+00,+2.552724532961E+00,+72.099559528E-03
+3.107310000E-03,+1.021212143561E+00,+2.552724532961E+00,+72.614006758E-03
+3.107315000E-03,+1.014578977812E+00,+2.552724532961E+00,+73.814383630E-03
+3.107320000E-03,+1.007583060800E+00,+2.552724532961E+00,+74.324433874E-03
+3.107325000E-03,+1.001312646296E+00,+2.552724532961E+00,+75.450062002E-03
+3.107330000E-03,+992.554794633E-03,+2.552724532961E+00,+75.942524311E-03
+3.107335000E-03,+985.299769582E-03,+2.552724532961E+00,+76.914257968E-03
+3.107340000E-03,+977.267420421E-03,+2.552724532961E+00,+77.538629822E-03
+3.107345000E-03,+970.530611442E-03,+2.552724532961E+00,+78.404835842E-03
+3.107350000E-03,+963.379229610E-03,+2.552724532961E+00,+79.103956438E-03
+3.107355000E-03,+953.895875454E-03,+2.552724532961E+00,+79.745916229E-03
+3.107360000E-03,+946.070812702E-03,+2.552724532961E+00,+80.497800643E-03
+3.107365000E-03,+937.572069088E-03,+2.552724532961E+00,+81.056217725E-03
+3.107370000E-03,+928.710574220E-03,+2.552724532961E+00,+81.790514197E-03
+3.107375000E-03,+920.108187376E-03,+2.552724532961E+00,+82.428077008E-03
+3.107380000E-03,+910.883941248E-03,+2.552724532961E+00,+83.122800612E-03
+3.107385000E-03,+902.385197622E-03,+2.552724532961E+00,+83.720790562E-03
+3.107390000E-03,+893.109129870E-03,+2.552724532961E+00,+84.204458894E-03
+3.107395000E-03,+882.744808377E-03,+2.552724532961E+00,+85.048679993E-03
+3.107400000E-03,+873.105989373E-03,+2.552724532961E+00,+85.352071947E-03
+3.107405000E-03,+863.156240756E-03,+2.552724532961E+00,+86.231468925E-03
+3.107410000E-03,+853.724708178E-03,+2.552724532961E+00,+86.446921181E-03
+3.107415000E-03,+843.723137941E-03,+2.552724532961E+00,+87.291142280E-03
+3.107420000E-03,+834.447070196E-03,+2.552724532961E+00,+87.563755340E-03
+3.107425000E-03,+823.823640660E-03,+2.552724532961E+00,+88.254081968E-03
+3.107430000E-03,+812.319243799E-03,+2.552724532961E+00,+88.592649802E-03
+3.107435000E-03,+800.400274078E-03,+2.552724532961E+00,+89.115891003E-03
+3.107440000E-03,+789.984130978E-03,+2.552724532961E+00,+89.599559338E-03
+3.107445000E-03,+780.345311975E-03,+2.552724532961E+00,+89.858981446E-03
+3.107450000E-03,+768.996379938E-03,+2.552724532961E+00,+90.619659831E-03
+3.107455000E-03,+757.595626310E-03,+2.552724532961E+00,+90.711996516E-03
+3.107460000E-03,+746.194872653E-03,+2.552724532961E+00,+91.450689973E-03
+3.107465000E-03,+734.897762234E-03,+2.552724532961E+00,+91.353956309E-03
+3.107470000E-03,+723.652473385E-03,+2.552724532961E+00,+92.228956294E-03
+3.107475000E-03,+712.251719752E-03,+2.552724532961E+00,+92.083855799E-03
+3.107480000E-03,+700.280928414E-03,+2.552724532961E+00,+92.782976391E-03
+3.107485000E-03,+688.154672269E-03,+2.552724532961E+00,+92.769785438E-03
+3.107490000E-03,+675.354735224E-03,+2.552724532961E+00,+93.411745228E-03
+3.107495000E-03,+663.124835855E-03,+2.552724532961E+00,+93.424936185E-03
+3.107500000E-03,+650.376720415E-03,+2.552724532961E+00,+93.842649748E-03
+3.107505000E-03,+638.302285894E-03,+2.552724532961E+00,+93.961368340E-03
+3.107510000E-03,+626.590602590E-03,+2.552724532961E+00,+94.339509039E-03
+3.107515000E-03,+614.153416795E-03,+2.552724532961E+00,+94.418654767E-03
+3.107520000E-03,+600.472512436E-03,+2.552724532961E+00,+94.735237679E-03
+3.107525000E-03,+588.501721074E-03,+2.552724532961E+00,+94.686870845E-03
+3.107530000E-03,+575.546319204E-03,+2.552724532961E+00,+95.069408529E-03
+3.107535000E-03,+562.279987703E-03,+2.552724532961E+00,+94.968277875E-03
+3.107540000E-03,+548.391796898E-03,+2.552724532961E+00,+95.342021591E-03
+3.107545000E-03,+535.332751828E-03,+2.552724532961E+00,+95.249684907E-03
+3.107550000E-03,+521.133631361E-03,+2.552724532961E+00,+95.500313047E-03
+3.107555000E-03,+508.178229493E-03,+2.552724532961E+00,+95.381594456E-03
+3.107560000E-03,+495.171005998E-03,+2.552724532961E+00,+95.579458775E-03
+3.107565000E-03,+480.090918245E-03,+2.552724532961E+00,+95.601443698E-03
+3.107570000E-03,+467.187337975E-03,+2.552724532961E+00,+95.539885912E-03
+3.107575000E-03,+454.542865744E-03,+2.552724532961E+00,+95.684986411E-03
+3.107580000E-03,+439.514599562E-03,+2.552724532961E+00,+95.403579382E-03
+3.107585000E-03,+426.092803219E-03,+2.552724532961E+00,+95.654207516E-03
+3.107590000E-03,+411.841861171E-03,+2.552724532961E+00,+95.359609535E-03
+3.107595000E-03,+396.036270890E-03,+2.552724532961E+00,+95.575061786E-03
+3.107600000E-03,+381.888972051E-03,+2.552724532961E+00,+95.227699990E-03
+3.107605000E-03,+368.208067653E-03,+2.552724532961E+00,+95.293654754E-03
+3.107610000E-03,+352.868871859E-03,+2.552724532961E+00,+95.161745216E-03
+3.107615000E-03,+338.566108209E-03,+2.552724532961E+00,+94.915514055E-03
+3.107620000E-03,+323.952414883E-03,+2.552724532961E+00,+94.911117078E-03
+3.107625000E-03,+309.597829606E-03,+2.552724532961E+00,+94.418654764E-03
+3.107630000E-03,+294.984136301E-03,+2.552724532961E+00,+94.686870848E-03
+3.107635000E-03,+281.147767094E-03,+2.552724532961E+00,+94.022926127E-03
+3.107640000E-03,+264.564852708E-03,+2.552724532961E+00,+94.203202513E-03
+3.107645000E-03,+250.158445842E-03,+2.552724532961E+00,+93.561242714E-03
+3.107650000E-03,+235.907503772E-03,+2.552724532961E+00,+93.745916084E-03
+3.107655000E-03,+220.879237601E-03,+2.552724532961E+00,+93.222674882E-03
+3.107660000E-03,+206.628295527E-03,+2.552724532961E+00,+93.029207546E-03
+3.107665000E-03,+190.459954011E-03,+2.552724532961E+00,+92.725815591E-03
+3.107670000E-03,+175.587152644E-03,+2.552724532961E+00,+92.198177408E-03
+3.107675000E-03,+159.626097545E-03,+2.552724532961E+00,+92.110237708E-03
+3.107680000E-03,+144.494188197E-03,+2.552724532961E+00,+91.415514100E-03
+3.107685000E-03,+129.310457183E-03,+2.552724532961E+00,+91.534232689E-03
+3.107690000E-03,+113.297580451E-03,+2.552724532961E+00,+90.637247778E-03
+3.107695000E-03,+98.683887146E-03,+2.552724532961E+00,+90.795539226E-03
+3.107700000E-03,+83.500156159E-03,+2.552724532961E+00,+89.836996530E-03
+3.107705000E-03,+68.109138730E-03,+2.552724532961E+00,+89.894157326E-03
+3.107710000E-03,+52.821764512E-03,+2.552724532961E+00,+89.076318148E-03
+3.107715000E-03,+37.845319952E-03,+2.552724532961E+00,+88.852071909E-03
+3.107720000E-03,+22.661588957E-03,+2.552724532961E+00,+88.144157356E-03
+3.107725000E-03,+8.462468501E-03,+2.552724532961E+00,+87.818780464E-03
+3.107730000E-03,-6.876727297E-03,+2.552724532961E+00,+87.264760379E-03
+3.107735000E-03,-21.490420620E-03,+2.552724532961E+00,+86.706343291E-03
+3.107740000E-03,-36.725973212E-03,+2.552724532961E+00,+86.108353355E-03
+3.107745000E-03,-50.665985646E-03,+2.552724532961E+00,+85.598303102E-03
+3.107750000E-03,-66.678862323E-03,+2.552724532961E+00,+84.956343319E-03
+3.107755000E-03,-81.966236555E-03,+2.552724532961E+00,+84.477071958E-03
+3.107760000E-03,-98.704615749E-03,+2.552724532961E+00,+83.703202629E-03
+3.107765000E-03,-113.732881910E-03,+2.552724532961E+00,+83.250313178E-03
+3.107770000E-03,-129.123899347E-03,+2.552724532961E+00,+82.454458922E-03
+3.107775000E-03,-143.841235874E-03,+2.552724532961E+00,+81.935614699E-03
+3.107780000E-03,-159.076788469E-03,+2.552724532961E+00,+81.144157430E-03
+3.107785000E-03,-174.001411430E-03,+2.552724532961E+00,+80.554961448E-03
+3.107790000E-03,-188.770569580E-03,+2.552724532961E+00,+79.842649905E-03
+3.107795000E-03,-204.006122172E-03,+2.552724532961E+00,+79.029207697E-03
+3.107800000E-03,-218.308885838E-03,+2.552724532961E+00,+78.426820776E-03
+3.107805000E-03,-234.218119330E-03,+2.552724532961E+00,+77.494659974E-03
+3.107810000E-03,-249.764601564E-03,+2.552724532961E+00,+76.997800689E-03
+3.107815000E-03,-264.637402933E-03,+2.552724532961E+00,+76.078830843E-03
+3.107820000E-03,-280.650279631E-03,+2.552724532961E+00,+75.441268041E-03
+3.107825000E-03,-294.901221692E-03,+2.552724532961E+00,+74.491519307E-03
+3.107830000E-03,-310.136774288E-03,+2.552724532961E+00,+73.708855999E-03
+3.107835000E-03,-325.372326910E-03,+2.552724532961E+00,+72.921795705E-03
+3.107840000E-03,-340.296949866E-03,+2.552724532961E+00,+71.989634910E-03
+3.107845000E-03,-355.273394403E-03,+2.552724532961E+00,+71.268529391E-03
+3.107850000E-03,-369.420693275E-03,+2.552724532961E+00,+70.151695233E-03
+3.107855000E-03,-385.070818721E-03,+2.552724532961E+00,+69.681217850E-03
+3.107860000E-03,-398.751723104E-03,+2.552724532961E+00,+68.239006811E-03
+3.107865000E-03,-414.246383716E-03,+2.552724532961E+00,+67.830087217E-03
+3.107870000E-03,-428.963720275E-03,+2.552724532961E+00,+66.313127436E-03
+3.107875000E-03,-444.199272874E-03,+2.552724532961E+00,+65.926192765E-03
+3.107880000E-03,-458.294750099E-03,+2.552724532961E+00,+64.440011880E-03
+3.107885000E-03,-472.182940912E-03,+2.552724532961E+00,+63.925564642E-03
+3.107890000E-03,-486.537526153E-03,+2.552724532961E+00,+62.694408882E-03
+3.107895000E-03,-500.373895376E-03,+2.552724532961E+00,+62.004082253E-03
+3.107900000E-03,-514.262086189E-03,+2.552724532961E+00,+60.834484278E-03
+3.107905000E-03,-528.513028239E-03,+2.552724532961E+00,+59.897926497E-03
+3.107910000E-03,-541.053857285E-03,+2.552724532961E+00,+58.899810933E-03
+3.107915000E-03,-554.993869686E-03,+2.552724532961E+00,+57.809358680E-03
+3.107920000E-03,-568.467487598E-03,+2.552724532961E+00,+56.842022007E-03
+3.107925000E-03,-581.630175925E-03,+2.552724532961E+00,+55.799936593E-03
+3.107930000E-03,-595.673831557E-03,+2.552724532961E+00,+54.797424039E-03
+3.107935000E-03,-608.370125372E-03,+2.552724532961E+00,+53.720162744E-03
+3.107940000E-03,-621.636456892E-03,+2.552724532961E+00,+52.603328588E-03
+3.107945000E-03,-634.021821097E-03,+2.552724532961E+00,+51.627197942E-03
+3.107950000E-03,-647.495439014E-03,+2.552724532961E+00,+50.492775847E-03
+3.107955000E-03,-660.139911261E-03,+2.552724532961E+00,+49.437499474E-03
+3.107960000E-03,-672.473453829E-03,+2.552724532961E+00,+48.329459286E-03
+3.107965000E-03,-683.355991439E-03,+2.552724532961E+00,+47.120288441E-03
+3.107970000E-03,-696.725966137E-03,+2.552724532961E+00,+46.091393985E-03
+3.107975000E-03,-708.541292668E-03,+2.552724532961E+00,+44.785489472E-03
+3.107980000E-03,-721.444872915E-03,+2.552724532961E+00,+43.914886471E-03
+3.107985000E-03,-733.778415492E-03,+2.552724532961E+00,+42.415514625E-03
+3.107990000E-03,-745.801028427E-03,+2.552724532961E+00,+41.575690517E-03
+3.107995000E-03,-757.564533332E-03,+2.552724532961E+00,+40.005966914E-03
+3.108000000E-03,-769.068930189E-03,+2.552724532961E+00,+39.302449332E-03
+3.108005000E-03,-780.884256706E-03,+2.552724532961E+00,+37.565640307E-03
+3.108010000E-03,-792.440475174E-03,+2.552724532961E+00,+36.721419210E-03
+3.108015000E-03,-803.944872052E-03,+2.552724532961E+00,+35.178077520E-03
+3.108020000E-03,-815.293804078E-03,+2.552724532961E+00,+34.311871496E-03
+3.108025000E-03,-826.590914497E-03,+2.552724532961E+00,+32.838881564E-03
+3.108030000E-03,-837.110700839E-03,+2.552724532961E+00,+31.761620267E-03
+3.108035000E-03,-848.096881612E-03,+2.552724532961E+00,+30.438127820E-03
+3.108040000E-03,-858.202095090E-03,+2.552724532961E+00,+29.149811253E-03
+3.108045000E-03,-867.892735673E-03,+2.552724532961E+00,+27.918655484E-03
+3.108050000E-03,-878.412521997E-03,+2.552724532961E+00,+26.643529875E-03
+3.108055000E-03,-888.465913857E-03,+2.552724532961E+00,+25.531092693E-03
+3.108060000E-03,-899.452094619E-03,+2.552724532961E+00,+24.207600251E-03
+3.108065000E-03,-909.039092053E-03,+2.552724532961E+00,+22.870916841E-03
+3.108070000E-03,-919.714343170E-03,+2.552724532961E+00,+21.846419374E-03
+3.108075000E-03,-929.094054123E-03,+2.552724532961E+00,+20.272298778E-03
+3.108080000E-03,-940.132056516E-03,+2.552724532961E+00,+19.353328949E-03
+3.108085000E-03,-948.527156910E-03,+2.552724532961E+00,+17.528580217E-03
+3.108090000E-03,-957.595938235E-03,+2.552724532961E+00,+16.811871688E-03
+3.108095000E-03,-966.405611506E-03,+2.552724532961E+00,+14.969535022E-03
+3.108100000E-03,-974.956176751E-03,+2.552724532961E+00,+14.266017442E-03
+3.108105000E-03,-983.195812342E-03,+2.552724532961E+00,+12.357726003E-03
+3.108110000E-03,-992.057307224E-03,+2.552724532961E+00,+11.597047622E-03
+3.108115000E-03,-999.364153887E-03,+2.552724532961E+00,+9.847047638E-03
+3.108120000E-03,-1.009365724108E+00,+2.552724532961E+00,+8.945665740E-03
+3.108125000E-03,-1.017035322025E+00,+2.552724532961E+00,+7.314384348E-03
+3.108130000E-03,-1.024601276715E+00,+2.552724532961E+00,+6.307474815E-03
+3.108135000E-03,-1.031908123397E+00,+2.552724532961E+00,+4.803705984E-03
+3.108140000E-03,-1.039577721289E+00,+2.552724532961E+00,+3.730841677E-03
+3.108145000E-03,-1.047402784027E+00,+2.552724532961E+00,+2.112751239E-03
+3.108150000E-03,-1.054605987447E+00,+2.552724532961E+00,+1.158605523E-03
+3.108155000E-03,-1.061342796442E+00,+2.552724532961E+00,-534.233658E-06
+3.108160000E-03,-1.068649643089E+00,+2.552724532961E+00,-1.352072844E-03
+3.108165000E-03,-1.075697381701E+00,+2.552724532961E+00,-3.181218553E-03
+3.108170000E-03,-1.081294115325E+00,+2.552724532961E+00,-4.025439650E-03
+3.108175000E-03,-1.087253600161E+00,+2.552724532961E+00,-5.762248677E-03
+3.108180000E-03,-1.094094052341E+00,+2.552724532961E+00,-6.575690879E-03
+3.108185000E-03,-1.099690785979E+00,+2.552724532961E+00,-8.426821508E-03
+3.108190000E-03,-1.104510195489E+00,+2.552724532961E+00,-9.271042608E-03
+3.108195000E-03,-1.109485069790E+00,+2.552724532961E+00,-10.924308921E-03
+3.108200000E-03,-1.115496376268E+00,+2.552724532961E+00,-11.966394339E-03
+3.108205000E-03,-1.121663147562E+00,+2.552724532961E+00,-13.637248590E-03
+3.108210000E-03,-1.124357871148E+00,+1.024301196735E+00,-14.688127977E-03
+3.108215000E-03,-1.129591853496E+00,-162.021040408E-03,-16.007223441E-03
+3.108220000E-03,-1.133893046932E+00,-180.315638765E-03,-17.326318901E-03
+3.108225000E-03,-1.138246061944E+00,+58.770411832E-03,-18.522298797E-03
+3.108230000E-03,-1.142858185033E+00,+109.649811969E-03,-19.977700781E-03
+3.108235000E-03,-1.144723762893E+00,-84.681217657E-03,-21.208856556E-03
+3.108240000E-03,-1.149646815596E+00,-82.325689841E-03,-22.541142961E-03
+3.108245000E-03,-1.153118863335E+00,-80.519786003E-03,-23.908605272E-03
+3.108250000E-03,-1.157057305432E+00,-20.846419277E-03,-25.007851479E-03
+3.108255000E-03,-1.159389277811E+00,-55.943780791E-03,-26.625941927E-03
+3.108260000E-03,-1.162705860680E+00,-50.133479303E-03,-27.624057482E-03
+3.108265000E-03,-1.165711513928E+00,-61.597047123E-03,-29.268529836E-03
+3.108270000E-03,-1.168458059116E+00,-46.992775896E-03,-30.055590119E-03
+3.108275000E-03,-1.170323636987E+00,-52.803077344E-03,-31.897926791E-03
+3.108280000E-03,-1.172759252545E+00,-49.112750696E-03,-32.693781048E-03
+3.108285000E-03,-1.174469365597E+00,-51.703831107E-03,-34.307474499E-03
+3.108290000E-03,-1.175920370628E+00,-50.526067283E-03,-35.288002126E-03
+3.108295000E-03,-1.177993234893E+00,-48.249057252E-03,-36.673052370E-03
+3.108300000E-03,-1.179185131880E+00,-46.521670363E-03,-37.974559887E-03
+3.108305000E-03,-1.179806991157E+00,-49.112750743E-03,-38.946293551E-03
+3.108310000E-03,-1.181672569071E+00,-47.542398996E-03,-40.533605084E-03
+3.108315000E-03,-1.181828033863E+00,-47.934986939E-03,-41.465765886E-03
+3.108320000E-03,-1.182087141908E+00,-48.013504478E-03,-43.004710585E-03
+3.108325000E-03,-1.181879855484E+00,-49.426821086E-03,-43.866519630E-03
+3.108330000E-03,-1.182449893150E+00,-49.034233151E-03,-45.361494476E-03
+3.108335000E-03,-1.182657179597E+00,-48.563127628E-03,-46.337625132E-03
+3.108340000E-03,-1.181724390653E+00,-47.934986916E-03,-47.630338675E-03
+3.108345000E-03,-1.181206174584E+00,-46.207600028E-03,-48.764760785E-03
+3.108350000E-03,-1.181102531344E+00,-46.600187938E-03,-49.802449206E-03
+3.108355000E-03,-1.179236953511E+00,-46.757223105E-03,-51.433730600E-03
+3.108360000E-03,-1.178200521336E+00,-46.835740679E-03,-52.062499434E-03
+3.108365000E-03,-1.177008624397E+00,-49.191268300E-03,-53.733353693E-03
+3.108370000E-03,-1.174832116861E+00,-46.286117620E-03,-54.318152679E-03
+3.108375000E-03,-1.173899327935E+00,-47.620916555E-03,-56.063755676E-03
+3.108380000E-03,-1.171722820409E+00,-46.835740720E-03,-56.613378787E-03
+3.108385000E-03,-1.170064528979E+00,-47.385363806E-03,-58.196293340E-03
+3.108390000E-03,-1.166955232542E+00,-45.657976918E-03,-58.934986806E-03
+3.108395000E-03,-1.165296941096E+00,-46.521670320E-03,-60.416770699E-03
+3.108400000E-03,-1.162861325547E+00,-45.500941724E-03,-61.146670196E-03
+3.108405000E-03,-1.160270245172E+00,-45.265388968E-03,-62.430589779E-03
+3.108410000E-03,-1.157730986393E+00,-46.678705515E-03,-63.340765649E-03
+3.108415000E-03,-1.154207117091E+00,-44.323177974E-03,-64.576318397E-03
+3.108420000E-03,-1.151926966355E+00,-44.715765860E-03,-65.446921407E-03
+3.108425000E-03,-1.148143989013E+00,-46.286117618E-03,-66.748428929E-03
+3.108430000E-03,-1.144775584556E+00,-44.951318565E-03,-67.491519374E-03
+3.108435000E-03,-1.140318926295E+00,-45.500941747E-03,-68.823805792E-03
+3.108440000E-03,-1.136691413764E+00,-45.265388934E-03,-69.404207797E-03
+3.108445000E-03,-1.132079290710E+00,-46.050564852E-03,-70.868403758E-03
+3.108450000E-03,-1.128348134968E+00,-43.223931685E-03,-71.303705263E-03
+3.108455000E-03,-1.122958687791E+00,-42.752826157E-03,-72.785489165E-03
+3.108460000E-03,-1.117621062225E+00,-43.380966890E-03,-73.207599717E-03
+3.108465000E-03,-1.112387079866E+00,-44.087625166E-03,-74.742147430E-03
+3.108470000E-03,-1.107826778411E+00,-45.657976903E-03,-75.151067035E-03
+3.108475000E-03,-1.101660007127E+00,-42.674308593E-03,-76.421795657E-03
+3.108480000E-03,-1.095804165479E+00,-44.401695478E-03,-77.028579577E-03
+3.108485000E-03,-1.089689215791E+00,-42.988378921E-03,-78.193780560E-03
+3.108490000E-03,-1.085128914303E+00,-44.401695504E-03,-78.862122271E-03
+3.108495000E-03,-1.078392105354E+00,-42.438755835E-03,-79.860237830E-03
+3.108500000E-03,-1.072639906932E+00,-43.302449285E-03,-80.620916222E-03
+3.108505000E-03,-1.065125773850E+00,-43.930589971E-03,-81.575061933E-03
+3.108510000E-03,-1.060047256303E+00,-43.852072355E-03,-82.335740321E-03
+3.108515000E-03,-1.051237583050E+00,-44.087625169E-03,-83.245916189E-03
+3.108520000E-03,-1.044708060496E+00,-43.459484443E-03,-83.861494074E-03
+3.108525000E-03,-1.036934819373E+00,-44.401695478E-03,-85.044283003E-03
+3.108530000E-03,-1.028073324490E+00,-43.380966869E-03,-85.404835764E-03
+3.108535000E-03,-1.020766477878E+00,-41.810615135E-03,-86.583227712E-03
+3.108540000E-03,-1.012526842264E+00,-42.674308604E-03,-86.891016653E-03
+3.108545000E-03,-1.004753601148E+00,-42.831343768E-03,-88.152951314E-03
+3.108550000E-03,-996.513965553E-03,-43.459484465E-03,-88.188127194E-03
+3.108555000E-03,-988.170686739E-03,-40.789886519E-03,-89.617147275E-03
+3.108560000E-03,-979.671943106E-03,-40.789886498E-03,-89.590765371E-03
+3.108565000E-03,-971.276842692E-03,-42.124685481E-03,-90.861493997E-03
+3.108570000E-03,-962.259883000E-03,-41.182474441E-03,-90.945036713E-03
+3.108575000E-03,-953.191101706E-03,-41.496544768E-03,-92.048679914E-03
+3.108580000E-03,-944.433250018E-03,-41.339509613E-03,-92.316895994E-03
+3.108585000E-03,-933.861642104E-03,-42.203203033E-03,-93.174308043E-03
+3.108590000E-03,-923.963715083E-03,-42.360238261E-03,-93.521669850E-03
+3.108595000E-03,-914.273074473E-03,-40.083228263E-03,-94.365890946E-03
+3.108600000E-03,-903.649644938E-03,-40.632851345E-03,-94.642900993E-03
+3.108605000E-03,-893.078037026E-03,-41.025439273E-03,-95.517900985E-03
+3.108610000E-03,-882.558250683E-03,-42.752826132E-03,-95.667398468E-03
+3.108615000E-03,-872.763966901E-03,-41.260992031E-03,-96.577574341E-03
+3.108620000E-03,-864.006115214E-03,-42.281720642E-03,-96.652323084E-03
+3.108625000E-03,-853.227220864E-03,-40.083228236E-03,-97.703202469E-03
+3.108630000E-03,-843.018364199E-03,-42.831343727E-03,-97.610865787E-03
+3.108635000E-03,-831.669432165E-03,-40.946921688E-03,-98.639760248E-03
+3.108640000E-03,-821.771505118E-03,-40.946921661E-03,-98.516644672E-03
+3.108645000E-03,-809.282497732E-03,-41.025439234E-03,-99.510363251E-03
+3.108650000E-03,-798.296316929E-03,-42.124685440E-03,-99.448805468E-03
+3.108655000E-03,-786.480990439E-03,-41.418027173E-03,-100.293026559E-03
+3.108660000E-03,-774.769307132E-03,-41.575062363E-03,-100.235865762E-03
+3.108665000E-03,-763.057623845E-03,-42.674308591E-03,-100.838252684E-03
+3.108670000E-03,-751.553226970E-03,-41.103956871E-03,-101.062498918E-03
+3.108675000E-03,-738.649646708E-03,-40.868404090E-03,-101.445036599E-03
+3.108680000E-03,-728.181682013E-03,-42.517273403E-03,-101.774810465E-03
+3.108685000E-03,-715.899961011E-03,-40.789886487E-03,-102.025438603E-03
+3.108690000E-03,-704.084634521E-03,-41.889132737E-03,-102.333227543E-03
+3.108695000E-03,-690.714659823E-03,-41.653579959E-03,-102.487122016E-03
+3.108700000E-03,-678.173830773E-03,-40.475816141E-03,-102.706971261E-03
+3.108705000E-03,-666.358504280E-03,-42.046167917E-03,-103.010363221E-03
+3.108710000E-03,-653.662210457E-03,-40.554333776E-03,-103.107096883E-03
+3.108715000E-03,-639.774019644E-03,-41.025439270E-03,-103.555589344E-03
+3.108720000E-03,-626.248580103E-03,-41.182474416E-03,-103.401694869E-03
+3.108725000E-03,-612.049459632E-03,-41.182474433E-03,-103.894157180E-03
+3.108730000E-03,-599.923203490E-03,-40.475816124E-03,-103.639132055E-03
+3.108735000E-03,-586.553228749E-03,-41.418027178E-03,-104.144785316E-03
+3.108740000E-03,-572.924145988E-03,-41.575062352E-03,-103.889760193E-03
+3.108745000E-03,-559.916922497E-03,-41.575062383E-03,-104.347046620E-03
+3.108750000E-03,-546.132374898E-03,-42.360238220E-03,-104.065639588E-03
+3.108755000E-03,-532.555113743E-03,-38.512876480E-03,-104.452574258E-03
+3.108760000E-03,-519.236960619E-03,-40.475816183E-03,-104.175564210E-03
+3.108765000E-03,-504.467802503E-03,-39.141017143E-03,-104.492147121E-03
+3.108770000E-03,-489.128606734E-03,-42.203203026E-03,-104.355840589E-03
+3.108775000E-03,-475.965918394E-03,-40.083228228E-03,-104.364634561E-03
+3.108780000E-03,-461.559511517E-03,-41.182474425E-03,-104.215137074E-03
+3.108785000E-03,-446.945818189E-03,-40.240263391E-03,-104.298679788E-03
+3.108790000E-03,-433.524021847E-03,-39.769157863E-03,-104.105212455E-03
+3.108795000E-03,-418.392112467E-03,-40.161745790E-03,-104.245915968E-03
+3.108800000E-03,-404.192992033E-03,-40.868404056E-03,-103.929333057E-03
+3.108805000E-03,-389.682941941E-03,-41.025439259E-03,-104.017272756E-03
+3.108810000E-03,-375.224713447E-03,-41.025439242E-03,-103.740262709E-03
+3.108815000E-03,-359.574587981E-03,-40.711368945E-03,-103.753453662E-03
+3.108820000E-03,-345.064537885E-03,-40.475816201E-03,-103.441267739E-03
+3.108825000E-03,-329.828985277E-03,-40.397298591E-03,-103.397297886E-03
+3.108830000E-03,-315.215291962E-03,-40.083228185E-03,-103.093905936E-03
+3.108835000E-03,-300.757063487E-03,-40.475816144E-03,-102.891644625E-03
+3.108840000E-03,-286.557943021E-03,-39.769157863E-03,-102.742147146E-03
+3.108845000E-03,-271.322390442E-03,-40.240263403E-03,-102.267272769E-03
+3.108850000E-03,-255.361335317E-03,-40.711368887E-03,-102.359609459E-03
+3.108855000E-03,-240.954928438E-03,-40.397298568E-03,-101.673679813E-03
+3.108860000E-03,-225.615732654E-03,-40.554333728E-03,-101.963880820E-03
+3.108865000E-03,-210.069250410E-03,-40.240263406E-03,-101.000941130E-03
+3.108870000E-03,-195.870129930E-03,-40.240263350E-03,-101.299936107E-03
+3.108875000E-03,-181.100971805E-03,-40.161745827E-03,-100.345790383E-03
+3.108880000E-03,-166.383635266E-03,-38.983981997E-03,-100.548051689E-03
+3.108885000E-03,-151.148082686E-03,-40.318780990E-03,-99.703830591E-03
+3.108890000E-03,-135.808886879E-03,-40.554333713E-03,-99.734609486E-03
+3.108895000E-03,-120.521512653E-03,-40.161745792E-03,-98.947549194E-03
+3.108900000E-03,-104.767743968E-03,-41.339509584E-03,-98.776066783E-03
+3.108905000E-03,-90.205872261E-03,-38.826946832E-03,-98.142900960E-03
+3.108910000E-03,-75.747643786E-03,-40.632851315E-03,-97.857096946E-03
+3.108915000E-03,-60.771199214E-03,-39.376569912E-03,-97.228328104E-03
+3.108920000E-03,-46.261149104E-03,-39.847675444E-03,-96.815011532E-03
+3.108925000E-03,-31.284704572E-03,-40.554333745E-03,-96.133478869E-03
+3.108930000E-03,-16.463724845E-03,-39.926193040E-03,-95.865262799E-03
+3.108935000E-03,-1.020885805E-03,-40.004710624E-03,-94.972674863E-03
+3.108940000E-03,+15.043812515E-03,-40.789886513E-03,-94.871544214E-03
+3.108945000E-03,+28.828360126E-03,-38.983982018E-03,-93.833855778E-03
+3.108950000E-03,+43.960269486E-03,-40.946921681E-03,-93.671167347E-03
+3.108955000E-03,+59.817681396E-03,-40.475816129E-03,-92.607097002E-03
+3.108960000E-03,+74.897769188E-03,-40.475816158E-03,-92.453202533E-03
+3.108965000E-03,+90.496073056E-03,-42.203203084E-03,-91.441896010E-03
+3.108970000E-03,+105.576160825E-03,-40.318780981E-03,-91.138504052E-03
+3.108975000E-03,+120.293497331E-03,-40.397298541E-03,-90.197549291E-03
+3.108980000E-03,+135.995444369E-03,-40.083228211E-03,-89.797423664E-03
+3.108985000E-03,+150.764602512E-03,-41.103956831E-03,-88.935614630E-03
+3.108990000E-03,+166.051976756E-03,-39.612122685E-03,-88.324433732E-03
+3.108995000E-03,+180.562026828E-03,-40.318780966E-03,-87.686870919E-03
+3.109000000E-03,+196.523081907E-03,-40.240263406E-03,-86.864634758E-03
+3.109005000E-03,+210.774024009E-03,-41.339509635E-03,-86.235865911E-03
+3.109010000E-03,+226.061398211E-03,-41.732097552E-03,-85.435614674E-03
+3.109015000E-03,+240.675091502E-03,-39.690640284E-03,-84.613378487E-03
+3.109020000E-03,+255.133320014E-03,-40.789886468E-03,-83.971418711E-03
+3.109025000E-03,+270.472515796E-03,-39.690640300E-03,-82.858981522E-03
+3.109030000E-03,+285.138030712E-03,-40.004710612E-03,-82.458855911E-03
+3.109035000E-03,+300.010832054E-03,-40.397298578E-03,-81.113378526E-03
+3.109040000E-03,+315.350027883E-03,-41.810615118E-03,-80.858353417E-03
+3.109045000E-03,+328.460894615E-03,-40.554333727E-03,-79.336996639E-03
+3.109050000E-03,+343.748268781E-03,-40.475816137E-03,-79.191896144E-03
+3.109055000E-03,+357.791924442E-03,-39.690640278E-03,-77.565011735E-03
+3.109060000E-03,+372.094688097E-03,-41.103956868E-03,-77.261619783E-03
+3.109065000E-03,+385.671949256E-03,-40.397298556E-03,-75.938127331E-03
+3.109070000E-03,+399.871069713E-03,-41.339509626E-03,-75.186242922E-03
+3.109075000E-03,+416.039411243E-03,-40.475816131E-03,-74.254082123E-03
+3.109080000E-03,+429.927602052E-03,-41.025439259E-03,-73.216393693E-03
+3.109085000E-03,+444.023079288E-03,-40.475816137E-03,-72.468906264E-03
+3.109090000E-03,+457.963091712E-03,-40.161745804E-03,-71.184986683E-03
+3.109095000E-03,+471.488531265E-03,-39.062499572E-03,-70.613378645E-03
+3.109100000E-03,+485.117614042E-03,-40.789886513E-03,-69.210740475E-03
+3.109105000E-03,+499.990415356E-03,-41.496544772E-03,-68.740263081E-03
+3.109110000E-03,+512.686709202E-03,-41.496544763E-03,-67.214509341E-03
+3.109115000E-03,+525.227538229E-03,-41.339509604E-03,-66.620916370E-03
+3.109120000E-03,+539.323015445E-03,-41.810615127E-03,-65.253454088E-03
+3.109125000E-03,+552.122952500E-03,-41.418027179E-03,-64.352072177E-03
+3.109130000E-03,+565.700213657E-03,-41.889132702E-03,-63.279207877E-03
+3.109135000E-03,+577.826469824E-03,-40.240263388E-03,-62.179961647E-03
+3.109140000E-03,+591.144622964E-03,-40.161745773E-03,-61.181846088E-03
+3.109145000E-03,+604.877348909E-03,-41.653579950E-03,-59.906720468E-03
+3.109150000E-03,+616.381745808E-03,-41.653579947E-03,-59.115263192E-03
+3.109155000E-03,+630.218114989E-03,-40.397298590E-03,-57.782976773E-03
+3.109160000E-03,+642.240727926E-03,-41.418027173E-03,-56.850815979E-03
+3.109165000E-03,+654.677913724E-03,-40.475816187E-03,-55.580087353E-03
+3.109170000E-03,+666.596883436E-03,-41.418027176E-03,-54.603956709E-03
+3.109175000E-03,+677.531242629E-03,-40.083228214E-03,-53.368403959E-03
+3.109180000E-03,+690.279358068E-03,-40.397298581E-03,-52.211996935E-03
+3.109185000E-03,+701.006430832E-03,-41.810615124E-03,-50.985238152E-03
+3.109190000E-03,+712.925400564E-03,-41.732097511E-03,-49.842022088E-03
+3.109195000E-03,+724.740727040E-03,-40.004710621E-03,-48.518529639E-03
+3.109200000E-03,+736.659696761E-03,-40.161745814E-03,-47.564383922E-03
+3.109205000E-03,+747.956807199E-03,-39.690640288E-03,-46.161745741E-03
+3.109210000E-03,+759.150274435E-03,-40.711368917E-03,-45.304333695E-03
+3.109215000E-03,+770.602849668E-03,-40.475816159E-03,-43.620288487E-03
+3.109220000E-03,+782.366354546E-03,-40.083228252E-03,-43.097047281E-03
+3.109225000E-03,+792.367924845E-03,-41.496544804E-03,-41.171167908E-03
+3.109230000E-03,+802.835889523E-03,-40.318780988E-03,-40.599559870E-03
+3.109235000E-03,+812.681994966E-03,-41.103956818E-03,-38.629710654E-03
+3.109240000E-03,+823.201781277E-03,-40.475816159E-03,-38.036117682E-03
+3.109245000E-03,+833.358816321E-03,-40.318780966E-03,-36.176193097E-03
+3.109250000E-03,+843.256743395E-03,-40.554333762E-03,-35.389132788E-03
+3.109255000E-03,+853.517421660E-03,-41.653579873E-03,-33.828203171E-03
+3.109260000E-03,+864.399959217E-03,-42.281720637E-03,-32.768529801E-03
+3.109265000E-03,+873.572383772E-03,-42.203203098E-03,-31.449434348E-03
+3.109270000E-03,+883.677597238E-03,-41.496544795E-03,-30.108353952E-03
+3.109275000E-03,+891.969054450E-03,-42.517273375E-03,-28.881595181E-03
+3.109280000E-03,+902.333375909E-03,-40.711368898E-03,-27.456972073E-03
+3.109285000E-03,+910.676654742E-03,-40.868404098E-03,-26.309359025E-03
+3.109290000E-03,+919.797257631E-03,-41.025439256E-03,-24.928705769E-03
+3.109295000E-03,+928.296001291E-03,-40.161745807E-03,-23.622801260E-03
+3.109300000E-03,+937.157496158E-03,-41.418027178E-03,-22.453203284E-03
+3.109305000E-03,+945.397131735E-03,-39.690640285E-03,-20.870288730E-03
+3.109310000E-03,+953.481302496E-03,-41.653579959E-03,-19.982097781E-03
+3.109315000E-03,+960.788149150E-03,-41.103956830E-03,-18.073806352E-03
+3.109320000E-03,+968.302282250E-03,-40.946921639E-03,-17.396670674E-03
+3.109325000E-03,+976.852847500E-03,-42.281720666E-03,-15.360866683E-03
+3.109330000E-03,+984.366980559E-03,-40.946921623E-03,-14.872801351E-03
+3.109335000E-03,+992.036578471E-03,-40.397298566E-03,-12.815012440E-03
+3.109340000E-03,+998.669744247E-03,-41.732097566E-03,-12.260992333E-03
+3.109345000E-03,+1.007013023056E+00,-40.946921665E-03,-10.242776288E-03
+3.109350000E-03,+1.012972507902E+00,-42.203203056E-03,-9.600816478E-03
+3.109355000E-03,+1.019450208848E+00,-40.318780965E-03,-7.710112998E-03
+3.109360000E-03,+1.026653412273E+00,-41.810615127E-03,-6.870288874E-03
+3.109365000E-03,+1.031887394647E+00,-41.103956830E-03,-5.181846696E-03
+3.109370000E-03,+1.038365095595E+00,-42.281720649E-03,-4.254082871E-03
+3.109375000E-03,+1.044480045281E+00,-41.103956849E-03,-2.565640691E-03
+3.109380000E-03,+1.050646816541E+00,-40.868404082E-03,-1.690640688E-03
+3.109385000E-03,+1.056606301437E+00,-41.810615137E-03,+2.198484E-06
+3.109390000E-03,+1.061632997360E+00,-41.810615090E-03,+938.756267E-06
+3.109395000E-03,+1.068369806318E+00,-35.215137910E-03,+2.662374332E-03
+3.109400000E-03,+1.073137394215E+00,+1.328713847276E+00,+3.510992416E-03
+3.109405000E-03,+1.076868549948E+00,+2.552724532961E+00,+5.291771290E-03
+3.109410000E-03,+1.082050710701E+00,+2.552724532961E+00,+6.127198420E-03
+3.109415000E-03,+1.087647444283E+00,+2.552724532961E+00,+8.110238597E-03
+3.109420000E-03,+1.091015848800E+00,+2.552724532961E+00,+8.699434571E-03
+3.109425000E-03,+1.095576150256E+00,+2.552724532961E+00,+10.554962193E-03
+3.109430000E-03,+1.099410949221E+00,+2.552724532961E+00,+11.148555147E-03
+3.109435000E-03,+1.102261137633E+00,+2.552724532961E+00,+13.140389299E-03
+3.109440000E-03,+1.106976903907E+00,+2.552724532961E+00,+14.046168185E-03
+3.109445000E-03,+1.110086200348E+00,+2.552724532961E+00,+15.725816404E-03
+3.109450000E-03,+1.113040031972E+00,+2.552724532961E+00,+16.622801323E-03
+3.109455000E-03,+1.116149328401E+00,+2.552724532961E+00,+18.214509848E-03
+3.109460000E-03,+1.118999516837E+00,+2.552724532961E+00,+19.221419385E-03
+3.109465000E-03,+1.120191413814E+00,+2.552724532961E+00,+20.725188216E-03
+3.109470000E-03,+1.122575207771E+00,+2.552724532961E+00,+21.776067597E-03
+3.109475000E-03,+1.124959001722E+00,+2.552724532961E+00,+23.222675627E-03
+3.109480000E-03,+1.128379227768E+00,+2.552724532961E+00,+24.282348977E-03
+3.109485000E-03,+1.128482871054E+00,+2.552724532961E+00,+25.970791175E-03
+3.109490000E-03,+1.130918486530E+00,+2.552724532961E+00,+26.841394177E-03
+3.109495000E-03,+1.132265848385E+00,+2.552724532961E+00,+28.529836367E-03
+3.109500000E-03,+1.132835886051E+00,+2.552724532961E+00,+29.171796162E-03
+3.109505000E-03,+1.134960571947E+00,+2.552724532961E+00,+31.106469506E-03
+3.109510000E-03,+1.136100647341E+00,+2.552724532961E+00,+31.682474530E-03
+3.109515000E-03,+1.136359755365E+00,+2.552724532961E+00,+33.520414204E-03
+3.109520000E-03,+1.137240722701E+00,+2.552724532961E+00,+34.166770986E-03
+3.109525000E-03,+1.137292544281E+00,+2.552724532961E+00,+35.938755884E-03
+3.109530000E-03,+1.138173511579E+00,+2.552724532961E+00,+36.633479499E-03
+3.109535000E-03,+1.137655295561E+00,+2.552724532961E+00,+38.304333751E-03
+3.109540000E-03,+1.137085257867E+00,+2.552724532961E+00,+39.047424200E-03
+3.109545000E-03,+1.138380798077E+00,+2.552724532961E+00,+40.639132720E-03
+3.109550000E-03,+1.136204290562E+00,+2.552724532961E+00,+41.465765884E-03
+3.109555000E-03,+1.136100647314E+00,+2.552724532961E+00,+42.947549784E-03
+3.109560000E-03,+1.134649642333E+00,+2.552724532961E+00,+43.862122639E-03
+3.109565000E-03,+1.134805107156E+00,+2.552724532961E+00,+45.379082417E-03
+3.109570000E-03,+1.132887707670E+00,+2.552724532961E+00,+46.056218096E-03
+3.109575000E-03,+1.130970308184E+00,+2.552724532961E+00,+47.586368829E-03
+3.109580000E-03,+1.129830232828E+00,+2.552724532961E+00,+48.333856258E-03
+3.109585000E-03,+1.128068298178E+00,+2.552724532961E+00,+49.802449207E-03
+3.109590000E-03,+1.124440785661E+00,+2.552724532961E+00,+50.470790910E-03
+3.109595000E-03,+1.122264278188E+00,+2.552724532961E+00,+52.009735613E-03
+3.109600000E-03,+1.120605986732E+00,+2.552724532961E+00,+52.695665261E-03
+3.109605000E-03,+1.117237582232E+00,+2.552724532961E+00,+54.027951671E-03
+3.109610000E-03,+1.114128285772E+00,+2.552724532961E+00,+54.885363733E-03
+3.109615000E-03,+1.112262707909E+00,+2.552724532961E+00,+56.107725517E-03
+3.109620000E-03,+1.107598763242E+00,+2.552724532961E+00,+57.048680289E-03
+3.109625000E-03,+1.104126715486E+00,+2.552724532961E+00,+58.077574746E-03
+3.109630000E-03,+1.099825522129E+00,+2.552724532961E+00,+59.154836048E-03
+3.109635000E-03,+1.095576150317E+00,+2.552724532961E+00,+59.959484276E-03
+3.109640000E-03,+1.092052281008E+00,+2.552724532961E+00,+61.093906375E-03
+3.109645000E-03,+1.087854730779E+00,+2.552724532961E+00,+62.030464152E-03
+3.109650000E-03,+1.082568926820E+00,+2.552724532961E+00,+63.046167660E-03
+3.109655000E-03,+1.077075836438E+00,+2.552724532961E+00,+64.066268151E-03
+3.109660000E-03,+1.072152783750E+00,+2.552724532961E+00,+64.892901311E-03
+3.109665000E-03,+1.067385195846E+00,+2.552724532961E+00,+66.058102298E-03
+3.109670000E-03,+1.061373889368E+00,+2.552724532961E+00,+66.642901294E-03
+3.109675000E-03,+1.055880799021E+00,+2.552724532961E+00,+68.010363587E-03
+3.109680000E-03,+1.051113211128E+00,+2.552724532961E+00,+68.498428914E-03
+3.109685000E-03,+1.045205547830E+00,+2.552724532961E+00,+69.830715321E-03
+3.109690000E-03,+1.038313274072E+00,+2.552724532961E+00,+70.292398744E-03
+3.109695000E-03,+1.033079291721E+00,+2.552724532961E+00,+71.571921331E-03
+3.109700000E-03,+1.025254228967E+00,+2.552724532961E+00,+72.055589682E-03
+3.109705000E-03,+1.019346565712E+00,+2.552724532961E+00,+73.137247946E-03
+3.109710000E-03,+1.012609756708E+00,+2.552724532961E+00,+73.897926344E-03
+3.109715000E-03,+1.004059191544E+00,+2.552724532961E+00,+74.654207730E-03
+3.109720000E-03,+998.306993103E-03,+2.552724532961E+00,+75.625941402E-03
+3.109725000E-03,+990.844681590E-03,+2.552724532961E+00,+76.052448924E-03
+3.109730000E-03,+983.382370145E-03,+2.552724532961E+00,+77.252825807E-03
+3.109735000E-03,+975.090912946E-03,+2.552724532961E+00,+77.613378555E-03
+3.109740000E-03,+967.058563788E-03,+2.552724532961E+00,+78.739006694E-03
+3.109745000E-03,+961.306365312E-03,+2.552724532961E+00,+79.095162462E-03
+3.109750000E-03,+952.082119229E-03,+2.552724532961E+00,+80.097675018E-03
+3.109755000E-03,+944.308878083E-03,+2.552724532961E+00,+80.541770486E-03
+3.109760000E-03,+935.032810341E-03,+2.552724532961E+00,+81.289257921E-03
+3.109765000E-03,+926.637709936E-03,+2.552724532961E+00,+82.014760423E-03
+3.109770000E-03,+918.242609518E-03,+2.552724532961E+00,+82.555589562E-03
+3.109775000E-03,+909.588401078E-03,+2.552724532961E+00,+83.373428748E-03
+3.109780000E-03,+899.327722812E-03,+2.552724532961E+00,+83.711996594E-03
+3.109785000E-03,+890.466227904E-03,+2.552724532961E+00,+84.573805620E-03
+3.109790000E-03,+881.086516987E-03,+2.552724532961E+00,+84.973931249E-03
+3.109795000E-03,+872.173200455E-03,+2.552724532961E+00,+85.703830733E-03
+3.109800000E-03,+862.171630227E-03,+2.552724532961E+00,+86.266644805E-03
+3.109805000E-03,+852.584632821E-03,+2.552724532961E+00,+86.781092028E-03
+3.109810000E-03,+842.686705812E-03,+2.552724532961E+00,+87.330715144E-03
+3.109815000E-03,+832.996065227E-03,+2.552724532961E+00,+87.708855837E-03
+3.109820000E-03,+821.284381959E-03,+2.552724532961E+00,+88.315639757E-03
+3.109825000E-03,+809.054482598E-03,+2.552724532961E+00,+88.671795532E-03
+3.109830000E-03,+799.001090724E-03,+2.552724532961E+00,+89.278579443E-03
+3.109835000E-03,+788.222196370E-03,+2.552724532961E+00,+89.705086977E-03
+3.109840000E-03,+777.806053232E-03,+2.552724532961E+00,+90.083227675E-03
+3.109845000E-03,+766.094370003E-03,+2.552724532961E+00,+90.703202541E-03
+3.109850000E-03,+754.952724391E-03,+2.552724532961E+00,+90.839509077E-03
+3.109855000E-03,+743.500149115E-03,+2.552724532961E+00,+91.604584441E-03
+3.109860000E-03,+733.135827599E-03,+2.552724532961E+00,+91.543026656E-03
+3.109865000E-03,+720.802285018E-03,+2.552724532961E+00,+92.343277900E-03
+3.109870000E-03,+709.142423396E-03,+2.552724532961E+00,+92.202574393E-03
+3.109875000E-03,+697.948956153E-03,+2.552724532961E+00,+92.980840704E-03
+3.109880000E-03,+686.392737684E-03,+2.552724532961E+00,+92.848931173E-03
+3.109885000E-03,+674.059195049E-03,+2.552724532961E+00,+93.473303006E-03
+3.109890000E-03,+661.414722876E-03,+2.552724532961E+00,+93.539257800E-03
+3.109895000E-03,+650.013969154E-03,+2.552724532961E+00,+93.926192453E-03
+3.109900000E-03,+636.333064851E-03,+2.552724532961E+00,+94.080086942E-03
+3.109905000E-03,+624.154987095E-03,+2.552724532961E+00,+94.299936166E-03
+3.109910000E-03,+611.147763575E-03,+2.552724532961E+00,+94.559358288E-03
+3.109915000E-03,+598.140540162E-03,+2.552724532961E+00,+94.691267825E-03
+3.109920000E-03,+586.791608067E-03,+2.552724532961E+00,+94.845162302E-03
+3.109925000E-03,+573.266168550E-03,+2.552724532961E+00,+95.056217569E-03
+3.109930000E-03,+560.673517906E-03,+2.552724532961E+00,+94.977071847E-03
+3.109935000E-03,+546.578040688E-03,+2.552724532961E+00,+95.443152242E-03
+3.109940000E-03,+532.845314672E-03,+2.552724532961E+00,+95.069408530E-03
+3.109945000E-03,+518.957123891E-03,+2.552724532961E+00,+95.693780384E-03
+3.109950000E-03,+505.017111450E-03,+2.552724532961E+00,+95.073805517E-03
+3.109955000E-03,+492.787212116E-03,+2.552724532961E+00,+95.900438669E-03
+3.109960000E-03,+478.018053975E-03,+2.552724532961E+00,+95.144157274E-03
+3.109965000E-03,+464.959008902E-03,+2.552724532961E+00,+95.975187411E-03
+3.109970000E-03,+450.863531673E-03,+2.552724532961E+00,+95.122172351E-03
+3.109975000E-03,+436.819876003E-03,+2.552724532961E+00,+95.966393440E-03
+3.109980000E-03,+423.657187702E-03,+2.552724532961E+00,+95.117775368E-03
+3.109985000E-03,+408.577099938E-03,+2.552724532961E+00,+95.777323090E-03
+3.109990000E-03,+394.637087535E-03,+2.552724532961E+00,+95.108981397E-03
+3.109995000E-03,+379.608821364E-03,+2.552724532961E+00,+95.504710028E-03
+3.110000000E-03,+365.202414478E-03,+2.552724532961E+00,+95.069408529E-03
+3.110005000E-03,+350.899650837E-03,+2.552724532961E+00,+95.210112048E-03
+3.110010000E-03,+336.078671042E-03,+2.552724532961E+00,+94.814383404E-03
+3.110015000E-03,+320.532188866E-03,+2.552724532961E+00,+94.937498985E-03
+3.110020000E-03,+306.954927673E-03,+2.552724532961E+00,+94.440639690E-03
+3.110025000E-03,+292.030304720E-03,+2.552724532961E+00,+94.603328139E-03
+3.110030000E-03,+277.157503377E-03,+2.552724532961E+00,+94.058102007E-03
+3.110035000E-03,+263.217490948E-03,+2.552724532961E+00,+94.194408544E-03
+3.110040000E-03,+247.722830318E-03,+2.552724532961E+00,+93.592021612E-03
+3.110045000E-03,+232.487277720E-03,+2.552724532961E+00,+93.644785431E-03
+3.110050000E-03,+216.111649787E-03,+2.552724532961E+00,+93.046795490E-03
+3.110055000E-03,+202.845318256E-03,+2.552724532961E+00,+93.108353275E-03
+3.110060000E-03,+187.661587268E-03,+2.552724532961E+00,+92.602700016E-03
+3.110065000E-03,+172.477856272E-03,+2.552724532961E+00,+92.277323137E-03
+3.110070000E-03,+157.242303657E-03,+2.552724532961E+00,+91.965137210E-03
+3.110075000E-03,+142.369502321E-03,+2.552724532961E+00,+91.503453791E-03
+3.110080000E-03,+126.408447206E-03,+2.552724532961E+00,+91.397926161E-03
+3.110085000E-03,+111.328359415E-03,+2.552724532961E+00,+90.571293003E-03
+3.110090000E-03,+95.470947540E-03,+2.552724532961E+00,+90.632850793E-03
+3.110095000E-03,+80.339038147E-03,+2.552724532961E+00,+89.705086985E-03
+3.110100000E-03,+65.310772024E-03,+2.552724532961E+00,+89.845790495E-03
+3.110105000E-03,+49.867932956E-03,+2.552724532961E+00,+88.878453827E-03
+3.110110000E-03,+34.943309988E-03,+2.552724532961E+00,+88.860865883E-03
+3.110115000E-03,+20.536903102E-03,+2.552724532961E+00,+88.016644793E-03
+3.110120000E-03,+5.042242492E-03,+2.552724532961E+00,+87.774810614E-03
+3.110125000E-03,-10.089666909E-03,+2.552724532961E+00,+87.084484001E-03
+3.110130000E-03,-24.807003455E-03,+2.552724532961E+00,+86.592021686E-03
+3.110135000E-03,-39.990734443E-03,+2.552724532961E+00,+86.051192550E-03
+3.110140000E-03,-54.604427726E-03,+2.552724532961E+00,+85.422423708E-03
+3.110145000E-03,-70.513661229E-03,+2.552724532961E+00,+84.938755380E-03
+3.110150000E-03,-84.868246505E-03,+2.552724532961E+00,+84.204458894E-03
+3.110155000E-03,-100.673836805E-03,+2.552724532961E+00,+83.738378508E-03
+3.110160000E-03,-116.634891900E-03,+2.552724532961E+00,+82.938127254E-03
+3.110165000E-03,-132.906876651E-03,+2.552724532961E+00,+82.463252891E-03
+3.110170000E-03,-148.194250843E-03,+2.552724532961E+00,+81.575061945E-03
+3.110175000E-03,-162.393371328E-03,+2.552724532961E+00,+81.148554413E-03
+3.110180000E-03,-178.095318395E-03,+2.552724532961E+00,+80.295539345E-03
+3.110185000E-03,-192.449903669E-03,+2.552724532961E+00,+79.719534331E-03
+3.110190000E-03,-208.151850708E-03,+2.552724532961E+00,+78.857725291E-03
+3.110195000E-03,-222.610079228E-03,+2.552724532961E+00,+78.312499170E-03
+3.110200000E-03,-237.949275020E-03,+2.552724532961E+00,+77.358353445E-03
+3.110205000E-03,-253.703043693E-03,+2.552724532961E+00,+76.839509234E-03
+3.110210000E-03,-268.316737019E-03,+2.552724532961E+00,+75.788629844E-03
+3.110215000E-03,-284.070505684E-03,+2.552724532961E+00,+75.304961512E-03
+3.110220000E-03,-298.476912575E-03,+2.552724532961E+00,+74.104584640E-03
+3.110225000E-03,-314.334324460E-03,+2.552724532961E+00,+73.647298208E-03
+3.110230000E-03,-328.377980115E-03,+2.552724532961E+00,+72.486494208E-03
+3.110235000E-03,-342.836208574E-03,+2.552724532961E+00,+71.967649986E-03
+3.110240000E-03,-357.190793887E-03,+2.552724532961E+00,+70.916770608E-03
+3.110245000E-03,-372.529989619E-03,+2.552724532961E+00,+70.107725379E-03
+3.110250000E-03,-387.765542261E-03,+2.552724532961E+00,+69.157976660E-03
+3.110255000E-03,-401.187338628E-03,+2.552724532961E+00,+68.230212836E-03
+3.110260000E-03,-416.578356041E-03,+2.552724532961E+00,+67.456343510E-03
+3.110265000E-03,-432.332124711E-03,+2.552724532961E+00,+66.282348541E-03
+3.110270000E-03,-446.893996388E-03,+2.552724532961E+00,+65.627197798E-03
+3.110275000E-03,-460.782187244E-03,+2.552724532961E+00,+64.382851075E-03
+3.110280000E-03,-474.618556432E-03,+2.552724532961E+00,+63.648554605E-03
+3.110285000E-03,-489.076784896E-03,+2.552724532961E+00,+62.470162652E-03
+3.110290000E-03,-503.535013372E-03,+2.552724532961E+00,+61.621544574E-03
+3.110295000E-03,-517.889598679E-03,+2.552724532961E+00,+60.610238054E-03
+3.110300000E-03,-530.430427688E-03,+2.552724532961E+00,+59.603328518E-03
+3.110305000E-03,-544.214975237E-03,+2.552724532961E+00,+58.688755656E-03
+3.110310000E-03,-558.776846958E-03,+2.552724532961E+00,+57.457599896E-03
+3.110315000E-03,-571.887713691E-03,+2.552724532961E+00,+56.591393873E-03
+3.110320000E-03,-585.102223595E-03,+2.552724532961E+00,+55.439383838E-03
+3.110325000E-03,-597.902160633E-03,+2.552724532961E+00,+54.538001932E-03
+3.110330000E-03,-611.842173049E-03,+2.552724532961E+00,+53.372800947E-03
+3.110335000E-03,-623.968429208E-03,+2.552724532961E+00,+52.374685371E-03
+3.110340000E-03,-636.975652690E-03,+2.552724532961E+00,+51.350187903E-03
+3.110345000E-03,-649.931054537E-03,+2.552724532961E+00,+50.044283387E-03
+3.110350000E-03,-663.715602120E-03,+2.552724532961E+00,+49.244032153E-03
+3.110355000E-03,-675.634571874E-03,+2.552724532961E+00,+47.757851253E-03
+3.110360000E-03,-687.449898388E-03,+2.552724532961E+00,+47.124685441E-03
+3.110365000E-03,-699.887084137E-03,+2.552724532961E+00,+45.423052282E-03
+3.110370000E-03,-711.598767455E-03,+2.552724532961E+00,+44.939383949E-03
+3.110375000E-03,-724.243239660E-03,+2.552724532961E+00,+43.110238242E-03
+3.110380000E-03,-737.405927961E-03,+2.552724532961E+00,+42.499057344E-03
+3.110385000E-03,-748.495751968E-03,+2.552724532961E+00,+40.863378971E-03
+3.110390000E-03,-761.140224197E-03,+2.552724532961E+00,+40.045539778E-03
+3.110395000E-03,-772.437334639E-03,+2.552724532961E+00,+38.594534773E-03
+3.110400000E-03,-783.527158644E-03,+2.552724532961E+00,+37.486494584E-03
+3.110405000E-03,-795.549771599E-03,+2.552724532961E+00,+36.369660425E-03
+3.110410000E-03,-807.054168426E-03,+2.552724532961E+00,+34.984610189E-03
+3.110415000E-03,-817.729419592E-03,+2.552724532961E+00,+33.964509694E-03
+3.110420000E-03,-828.715600389E-03,+2.552724532961E+00,+32.566268503E-03
+3.110425000E-03,-839.287208311E-03,+2.552724532961E+00,+31.519786107E-03
+3.110430000E-03,-849.599708232E-03,+2.552724532961E+00,+30.086369038E-03
+3.110435000E-03,-860.793175414E-03,+2.552724532961E+00,+28.947549949E-03
+3.110440000E-03,-871.623891397E-03,+2.552724532961E+00,+27.694409263E-03
+3.110445000E-03,-880.899959110E-03,+2.552724532961E+00,+26.397298723E-03
+3.110450000E-03,-891.678853489E-03,+2.552724532961E+00,+25.135364064E-03
+3.110455000E-03,-903.856931207E-03,+2.552724532961E+00,+23.772298754E-03
+3.110460000E-03,-912.770247735E-03,+2.552724532961E+00,+22.624685692E-03
+3.110465000E-03,-922.098137096E-03,+2.552724532961E+00,+21.314384212E-03
+3.110470000E-03,-932.721566576E-03,+2.552724532961E+00,+20.096419386E-03
+3.110475000E-03,-941.479418276E-03,+2.552724532961E+00,+18.808102835E-03
+3.110480000E-03,-951.636453332E-03,+2.552724532961E+00,+17.352700823E-03
+3.110485000E-03,-960.290661793E-03,+2.552724532961E+00,+16.380967176E-03
+3.110490000E-03,-969.411264697E-03,+2.552724532961E+00,+14.758479741E-03
+3.110495000E-03,-978.946440504E-03,+2.552724532961E+00,+13.883479762E-03
+3.110500000E-03,-987.082432860E-03,+2.552724532961E+00,+12.054334051E-03
+3.110505000E-03,-995.943927740E-03,+2.552724532961E+00,+11.284861702E-03
+3.110510000E-03,-1.003665347296E+00,+2.552724532961E+00,+9.552449658E-03
+3.110515000E-03,-1.012215912509E+00,+2.552724532961E+00,+8.699434588E-03
+3.110520000E-03,-1.020921942539E+00,+2.552724532961E+00,+7.050565264E-03
+3.110525000E-03,-1.028591540474E+00,+2.552724532961E+00,+5.902952207E-03
+3.110530000E-03,-1.036105673584E+00,+2.552724532961E+00,+4.557474840E-03
+3.110535000E-03,-1.044241665918E+00,+2.552724532961E+00,+3.185615552E-03
+3.110540000E-03,-1.051341226182E+00,+2.552724532961E+00,+2.055590443E-03
+3.110545000E-03,-1.058596251227E+00,+2.552724532961E+00,+529.836685E-06
+3.110550000E-03,-1.065229416961E+00,+2.552724532961E+00,-406.721093E-06
+3.110555000E-03,-1.072069869179E+00,+2.552724532961E+00,-2.117148209E-03
+3.110560000E-03,-1.079013964568E+00,+2.552724532961E+00,-3.022927094E-03
+3.110565000E-03,-1.085180735851E+00,+2.552724532961E+00,-4.693781344E-03
+3.110570000E-03,-1.090932934240E+00,+2.552724532961E+00,-5.757851686E-03
+3.110575000E-03,-1.097255170397E+00,+2.552724532961E+00,-7.204459708E-03
+3.110580000E-03,-1.103318298479E+00,+2.552724532961E+00,-8.527952161E-03
+3.110585000E-03,-1.107878599951E+00,+2.552724532961E+00,-9.785489828E-03
+3.110590000E-03,-1.113112582304E+00,+2.552724532961E+00,-11.170540075E-03
+3.110595000E-03,-1.118139278230E+00,+2.552724532961E+00,-12.366519956E-03
+3.110600000E-03,-1.124461514338E+00,+2.534586971313E+00,-13.887876728E-03
+3.110605000E-03,-1.127933562045E+00,+380.142915253E-03,-14.995916915E-03
+3.110610000E-03,-1.131975647437E+00,-172.856467859E-03,-16.398555092E-03
+3.110615000E-03,-1.135188587098E+00,-163.355840706E-03,-17.757223411E-03
+3.110620000E-03,-1.140111639823E+00,+168.773550387E-03,-18.724560094E-03
+3.110625000E-03,-1.143739152314E+00,+16.370919733E-03,-20.593278660E-03
+3.110630000E-03,-1.147677594516E+00,-77.143529629E-03,-21.195665597E-03
+3.110635000E-03,-1.150994177373E+00,-94.495915663E-03,-23.332600235E-03
+3.110640000E-03,-1.154414403503E+00,-52.017902313E-03,-23.886620342E-03
+3.110645000E-03,-1.157938272812E+00,-31.995916285E-03,-25.922424326E-03
+3.110650000E-03,-1.160995747637E+00,-54.294911636E-03,-26.516017303E-03
+3.110655000E-03,-1.164364152146E+00,-54.059358518E-03,-28.375941885E-03
+3.110660000E-03,-1.167058875716E+00,-58.456343752E-03,-29.281720791E-03
+3.110665000E-03,-1.169390848044E+00,-47.071293440E-03,-30.820665481E-03
+3.110670000E-03,-1.170582745005E+00,-51.939383904E-03,-31.893529807E-03
+3.110675000E-03,-1.172655609330E+00,-50.133479371E-03,-33.133479530E-03
+3.110680000E-03,-1.175298511292E+00,-52.960112481E-03,-34.522926759E-03
+3.110685000E-03,-1.176645873109E+00,-50.840137634E-03,-35.705715687E-03
+3.110690000E-03,-1.177734126860E+00,-48.563127655E-03,-37.081971953E-03
+3.110695000E-03,-1.179444239904E+00,-46.835740670E-03,-38.150439283E-03
+3.110700000E-03,-1.179910634391E+00,-46.678705500E-03,-39.421167908E-03
+3.110705000E-03,-1.180947066510E+00,-48.641645191E-03,-40.810615135E-03
+3.110710000E-03,-1.181568925865E+00,-48.013504481E-03,-41.830715622E-03
+3.110715000E-03,-1.182346249921E+00,-48.327574842E-03,-43.374057317E-03
+3.110720000E-03,-1.181206174604E+00,-48.641645199E-03,-44.024811072E-03
+3.110725000E-03,-1.182398071537E+00,-49.191268347E-03,-45.937499499E-03
+3.110730000E-03,-1.181828033837E+00,-46.678705599E-03,-46.394785928E-03
+3.110735000E-03,-1.181361639418E+00,-46.521670360E-03,-48.250313544E-03
+3.110740000E-03,-1.179962455976E+00,-46.678705509E-03,-48.729584897E-03
+3.110745000E-03,-1.180325207271E+00,-46.678705543E-03,-50.703831094E-03
+3.110750000E-03,-1.179236953503E+00,-46.521670296E-03,-51.156720551E-03
+3.110755000E-03,-1.177889591702E+00,-47.385363810E-03,-52.946293386E-03
+3.110760000E-03,-1.176386765063E+00,-48.249057259E-03,-53.579459224E-03
+3.110765000E-03,-1.175143046514E+00,-46.129082442E-03,-55.052449145E-03
+3.110770000E-03,-1.173173825436E+00,-47.856469337E-03,-56.002197888E-03
+3.110775000E-03,-1.172033750042E+00,-45.422424137E-03,-57.193780780E-03
+3.110780000E-03,-1.170116350585E+00,-45.579459359E-03,-58.301820978E-03
+3.110785000E-03,-1.166696124523E+00,-43.930590025E-03,-59.458227990E-03
+3.110790000E-03,-1.164986011462E+00,-46.443152782E-03,-60.359609902E-03
+3.110795000E-03,-1.162757682334E+00,-44.480213096E-03,-61.621544557E-03
+3.110800000E-03,-1.159855672303E+00,-45.579459328E-03,-62.580087258E-03
+3.110805000E-03,-1.156798197482E+00,-44.794283466E-03,-63.881594782E-03
+3.110810000E-03,-1.153533436202E+00,-45.422424089E-03,-64.514760606E-03
+3.110815000E-03,-1.150061388520E+00,-44.872801023E-03,-65.961368627E-03
+3.110820000E-03,-1.146278411177E+00,-43.302449368E-03,-66.603328427E-03
+3.110825000E-03,-1.143117293109E+00,-45.422424141E-03,-68.115891218E-03
+3.110830000E-03,-1.138401526859E+00,-44.872801023E-03,-68.599559559E-03
+3.110835000E-03,-1.133893046994E+00,-45.657976889E-03,-70.090137423E-03
+3.110840000E-03,-1.130576464071E+00,-45.029836227E-03,-70.595790699E-03
+3.110845000E-03,-1.125446124936E+00,-43.302449303E-03,-71.914886152E-03
+3.110850000E-03,-1.120160321034E+00,-43.145414120E-03,-72.605212790E-03
+3.110855000E-03,-1.115859127566E+00,-42.360238249E-03,-73.788001715E-03
+3.110860000E-03,-1.110158750780E+00,-43.380966850E-03,-74.632222812E-03
+3.110865000E-03,-1.106272130190E+00,-44.166142769E-03,-75.559986620E-03
+3.110870000E-03,-1.100053537318E+00,-45.029836210E-03,-76.496544399E-03
+3.110875000E-03,-1.095234127790E+00,-44.558730670E-03,-77.397926302E-03
+3.110880000E-03,-1.088652783695E+00,-43.616519625E-03,-78.294911212E-03
+3.110885000E-03,-1.082796942023E+00,-44.323177917E-03,-79.191896133E-03
+3.110890000E-03,-1.077148386807E+00,-42.360238262E-03,-80.036117220E-03
+3.110895000E-03,-1.070826150697E+00,-44.244660361E-03,-80.950690086E-03
+3.110900000E-03,-1.064918487414E+00,-44.009107538E-03,-81.680589566E-03
+3.110905000E-03,-1.057456175980E+00,-44.715765831E-03,-82.722674987E-03
+3.110910000E-03,-1.050926653405E+00,-45.186871384E-03,-83.347046836E-03
+3.110915000E-03,-1.043567985133E+00,-43.695037185E-03,-84.331971452E-03
+3.110920000E-03,-1.034654668690E+00,-43.302449267E-03,-84.973931243E-03
+3.110925000E-03,-1.028539718977E+00,-43.538002042E-03,-85.844534251E-03
+3.110930000E-03,-1.020300083408E+00,-45.186871317E-03,-86.574433740E-03
+3.110935000E-03,-1.011904983001E+00,-42.595791010E-03,-87.146041772E-03
+3.110940000E-03,-1.003302596153E+00,-43.930589995E-03,-88.196921156E-03
+3.110945000E-03,-995.788463064E-03,-42.046167905E-03,-88.583855821E-03
+3.110950000E-03,-987.807935485E-03,-42.438755831E-03,-89.647926169E-03
+3.110955000E-03,-978.117294886E-03,-41.967650286E-03,-89.845790488E-03
+3.110960000E-03,-969.722194520E-03,-43.066896483E-03,-91.028579417E-03
+3.110965000E-03,-960.705234836E-03,-41.418027213E-03,-91.147298015E-03
+3.110970000E-03,-951.584631930E-03,-42.595790970E-03,-92.312499005E-03
+3.110975000E-03,-942.153099332E-03,-41.260991980E-03,-92.404835690E-03
+3.110980000E-03,-932.825209973E-03,-42.831343767E-03,-93.477699998E-03
+3.110985000E-03,-921.320813147E-03,-43.695037247E-03,-93.723931151E-03
+3.110990000E-03,-911.319242882E-03,-42.595791010E-03,-94.471418581E-03
+3.110995000E-03,-900.540348552E-03,-42.674308566E-03,-94.897926111E-03
+3.111000000E-03,-891.005172742E-03,-42.124685429E-03,-95.557473848E-03
+3.111005000E-03,-880.381743252E-03,-42.595790983E-03,-95.922423587E-03
+3.111010000E-03,-871.312961924E-03,-41.732097525E-03,-96.520413545E-03
+3.111015000E-03,-861.052283642E-03,-42.674308593E-03,-96.920539155E-03
+3.111020000E-03,-851.102534964E-03,-41.418027190E-03,-97.602071818E-03
+3.111025000E-03,-840.427283878E-03,-42.674308570E-03,-97.892272810E-03
+3.111030000E-03,-829.907497538E-03,-41.889132676E-03,-98.586996433E-03
+3.111035000E-03,-817.677598142E-03,-41.732097552E-03,-98.762875821E-03
+3.111040000E-03,-806.898703806E-03,-40.789886439E-03,-99.400438633E-03
+3.111045000E-03,-795.238842161E-03,-40.318781080E-03,-99.589508983E-03
+3.111050000E-03,-782.387083526E-03,-41.260992020E-03,-100.315011487E-03
+3.111055000E-03,-771.297259485E-03,-40.083228255E-03,-100.336996411E-03
+3.111060000E-03,-759.119181720E-03,-43.616519592E-03,-100.952574293E-03
+3.111065000E-03,-747.355676833E-03,-40.711368865E-03,-101.080086856E-03
+3.111070000E-03,-735.177599047E-03,-42.909861295E-03,-101.493403435E-03
+3.111075000E-03,-722.947699726E-03,-40.240263393E-03,-101.836368250E-03
+3.111080000E-03,-711.028729971E-03,-40.868404089E-03,-101.968277804E-03
+3.111085000E-03,-697.917863298E-03,-41.339509585E-03,-102.460740101E-03
+3.111090000E-03,-686.206179980E-03,-40.318781007E-03,-102.478328057E-03
+3.111095000E-03,-673.406242943E-03,-40.475816053E-03,-102.874056676E-03
+3.111100000E-03,-661.124521936E-03,-40.318780989E-03,-103.063127044E-03
+3.111105000E-03,-647.391795980E-03,-42.046167873E-03,-103.243403404E-03
+3.111110000E-03,-634.177286095E-03,-38.983981967E-03,-103.476443628E-03
+3.111115000E-03,-620.496381686E-03,-39.769157866E-03,-103.445664707E-03
+3.111120000E-03,-607.230050200E-03,-40.632851328E-03,-103.933730056E-03
+3.111125000E-03,-594.274648314E-03,-41.732097483E-03,-103.652322996E-03
+3.111130000E-03,-581.422889630E-03,-41.732097538E-03,-104.289885829E-03
+3.111135000E-03,-567.586520502E-03,-42.124685478E-03,-103.753453653E-03
+3.111140000E-03,-554.527475388E-03,-41.025439291E-03,-104.615262704E-03
+3.111145000E-03,-541.520251870E-03,-42.438755790E-03,-103.920539079E-03
+3.111150000E-03,-527.010201847E-03,-40.004710664E-03,-104.566895871E-03
+3.111155000E-03,-514.313907937E-03,-40.004710618E-03,-104.105212447E-03
+3.111160000E-03,-500.062965922E-03,-40.240263374E-03,-104.593277775E-03
+3.111165000E-03,-485.967488747E-03,-41.653579933E-03,-104.193152148E-03
+3.111170000E-03,-471.612903394E-03,-40.083228219E-03,-104.421795367E-03
+3.111175000E-03,-457.828355803E-03,-40.868404052E-03,-104.303076770E-03
+3.111180000E-03,-443.473770551E-03,-41.575062387E-03,-104.391016474E-03
+3.111185000E-03,-428.186396310E-03,-39.847675494E-03,-104.188755164E-03
+3.111190000E-03,-413.935454306E-03,-40.004710627E-03,-104.092021506E-03
+3.111195000E-03,-399.425404201E-03,-41.103956837E-03,-104.039257678E-03
+3.111200000E-03,-385.537213356E-03,-41.025439236E-03,-103.889760201E-03
+3.111205000E-03,-370.975341643E-03,-41.418027246E-03,-103.771041599E-03
+3.111210000E-03,-354.910643372E-03,-40.789886484E-03,-103.718277791E-03
+3.111215000E-03,-340.711522930E-03,-40.004710627E-03,-103.348931046E-03
+3.111220000E-03,-325.579613548E-03,-40.946921663E-03,-103.423679803E-03
+3.111225000E-03,-310.965920265E-03,-40.789886479E-03,-102.918026531E-03
+3.111230000E-03,-296.455870117E-03,-41.575062364E-03,-103.058730059E-03
+3.111235000E-03,-281.583068766E-03,-40.554333755E-03,-102.460740110E-03
+3.111240000E-03,-266.347516171E-03,-40.868404076E-03,-102.469534085E-03
+3.111245000E-03,-251.008320374E-03,-41.575062359E-03,-102.113378303E-03
+3.111250000E-03,-236.187340609E-03,-40.083228205E-03,-101.871544138E-03
+3.111255000E-03,-220.537215145E-03,-39.769157837E-03,-101.550564243E-03
+3.111260000E-03,-205.923521813E-03,-40.632851314E-03,-101.181217516E-03
+3.111265000E-03,-190.843434100E-03,-39.769157866E-03,-101.005338111E-03
+3.111270000E-03,-176.644313587E-03,-40.004710669E-03,-100.394157228E-03
+3.111275000E-03,-160.631436896E-03,-38.905464370E-03,-100.363378319E-03
+3.111280000E-03,-146.017743573E-03,-40.711368892E-03,-99.624684874E-03
+3.111285000E-03,-130.108510091E-03,-41.339509579E-03,-99.549936110E-03
+3.111290000E-03,-115.080243920E-03,-40.711368892E-03,-98.868403475E-03
+3.111295000E-03,-100.103799335E-03,-40.318780999E-03,-98.600187384E-03
+3.111300000E-03,-85.386462837E-03,-39.455087484E-03,-98.138503988E-03
+3.111305000E-03,-70.513661464E-03,-41.339509631E-03,-97.492147195E-03
+3.111310000E-03,-55.796324982E-03,-39.769157847E-03,-97.228328118E-03
+3.111315000E-03,-40.923523603E-03,-39.219534865E-03,-96.516016559E-03
+3.111320000E-03,-27.190797601E-03,-40.632851300E-03,-96.410488921E-03
+3.111325000E-03,-12.058888221E-03,-40.475816168E-03,-95.495916067E-03
+3.111330000E-03,+4.057631688E-03,-41.103956818E-03,-95.324433652E-03
+3.111335000E-03,+19.811400319E-03,-40.397298524E-03,-94.339509050E-03
+3.111340000E-03,+34.787844898E-03,-39.376569916E-03,-94.005338184E-03
+3.111345000E-03,+49.246073408E-03,-40.632851352E-03,-93.284232686E-03
+3.111350000E-03,+64.896198872E-03,-40.632851371E-03,-92.637875892E-03
+3.111355000E-03,+80.442681117E-03,-38.669911684E-03,-92.180589483E-03
+3.111360000E-03,+95.419125668E-03,-41.732097548E-03,-91.244031689E-03
+3.111365000E-03,+109.980997409E-03,-40.789886517E-03,-91.054961348E-03
+3.111370000E-03,+125.372014841E-03,-39.612122725E-03,-89.977700045E-03
+3.111375000E-03,+140.763032229E-03,-39.298052357E-03,-89.779835730E-03
+3.111380000E-03,+155.584011973E-03,-41.025439293E-03,-88.641016647E-03
+3.111385000E-03,+170.767742979E-03,-41.260992020E-03,-88.342021671E-03
+3.111390000E-03,+185.899652345E-03,-41.103956827E-03,-87.264760381E-03
+3.111395000E-03,+201.964350644E-03,-39.769157899E-03,-86.882222695E-03
+3.111400000E-03,+215.593433425E-03,-41.025439235E-03,-85.928076980E-03
+3.111405000E-03,+231.088094075E-03,-41.339509574E-03,-85.198177482E-03
+3.111410000E-03,+245.857252237E-03,-40.946921619E-03,-84.481468951E-03
+3.111415000E-03,+260.367302314E-03,-40.554333732E-03,-83.632850870E-03
+3.111420000E-03,+275.084638859E-03,-40.004710675E-03,-82.819408672E-03
+3.111425000E-03,+291.097515511E-03,-41.025439264E-03,-81.979584557E-03
+3.111430000E-03,+306.022138473E-03,-40.004710641E-03,-81.086996637E-03
+3.111435000E-03,+319.910329317E-03,-40.868404075E-03,-80.348303168E-03
+3.111440000E-03,+333.694876924E-03,-40.397298572E-03,-79.332599660E-03
+3.111445000E-03,+348.464035035E-03,-40.004710607E-03,-78.756594642E-03
+3.111450000E-03,+362.404047458E-03,-39.376569940E-03,-77.446293153E-03
+3.111455000E-03,+377.225027160E-03,-39.847675477E-03,-76.989006716E-03
+3.111460000E-03,+391.061396371E-03,-39.376569969E-03,-75.661117293E-03
+3.111465000E-03,+404.794122409E-03,-40.004710564E-03,-75.159861006E-03
+3.111470000E-03,+420.496069413E-03,-40.240263344E-03,-73.867147468E-03
+3.111475000E-03,+432.725968895E-03,-38.983982009E-03,-73.097675101E-03
+3.111480000E-03,+447.495126906E-03,-40.632851256E-03,-72.007222857E-03
+3.111485000E-03,+461.642425775E-03,-38.983982019E-03,-71.145413812E-03
+3.111490000E-03,+475.530616594E-03,-40.711368916E-03,-70.279207801E-03
+3.111495000E-03,+488.641483239E-03,-38.277323706E-03,-69.070036954E-03
+3.111500000E-03,+501.804171573E-03,-41.339509568E-03,-68.480840986E-03
+3.111505000E-03,+515.485075978E-03,-39.926193103E-03,-66.933102315E-03
+3.111510000E-03,+528.958693924E-03,-41.967650270E-03,-66.471418894E-03
+3.111515000E-03,+541.603166166E-03,-39.847675453E-03,-64.892901330E-03
+3.111520000E-03,+555.543178541E-03,-40.083228233E-03,-64.277323437E-03
+3.111525000E-03,+569.172261283E-03,-40.397298582E-03,-62.751569697E-03
+3.111530000E-03,+580.365728568E-03,-40.475816164E-03,-62.070037027E-03
+3.111535000E-03,+594.979421798E-03,-40.161745737E-03,-60.746544590E-03
+3.111540000E-03,+607.002034799E-03,-39.926193064E-03,-59.853956650E-03
+3.111545000E-03,+620.527474346E-03,-40.397298602E-03,-58.657976771E-03
+3.111550000E-03,+633.275589787E-03,-40.711368955E-03,-57.607097381E-03
+3.111555000E-03,+645.920062023E-03,-40.711368876E-03,-56.543027043E-03
+3.111560000E-03,+658.253604595E-03,-38.983982019E-03,-55.333856204E-03
+3.111565000E-03,+669.032499010E-03,-40.397298548E-03,-54.269785859E-03
+3.111570000E-03,+682.247008861E-03,-40.318780975E-03,-53.148554723E-03
+3.111575000E-03,+693.699584079E-03,-40.711368930E-03,-51.798680357E-03
+3.111580000E-03,+705.359445760E-03,-41.653579936E-03,-50.848931625E-03
+3.111585000E-03,+717.330237125E-03,-41.182474379E-03,-49.406720584E-03
+3.111590000E-03,+729.041920439E-03,-39.926193064E-03,-48.518529642E-03
+3.111595000E-03,+740.753603730E-03,-40.318780946E-03,-46.948806039E-03
+3.111600000E-03,+752.050714198E-03,-40.632851319E-03,-46.135363843E-03
+3.111605000E-03,+763.762397467E-03,-41.496544777E-03,-44.578831189E-03
+3.111610000E-03,+776.095940025E-03,-40.397298557E-03,-43.730213107E-03
+3.111615000E-03,+786.408439895E-03,-40.475816179E-03,-42.301193029E-03
+3.111620000E-03,+795.736329321E-03,-41.418027229E-03,-41.149182988E-03
+3.111625000E-03,+807.240726124E-03,-40.083228249E-03,-39.909233255E-03
+3.111630000E-03,+816.879545099E-03,-41.025439304E-03,-38.607725727E-03
+3.111635000E-03,+827.606617891E-03,-40.161745791E-03,-37.420539813E-03
+3.111640000E-03,+837.608188139E-03,-40.711368816E-03,-36.070665454E-03
+3.111645000E-03,+847.402471911E-03,-40.789886538E-03,-34.980213203E-03
+3.111650000E-03,+856.834004477E-03,-41.418027160E-03,-33.551193120E-03
+3.111655000E-03,+866.265537121E-03,-40.475816139E-03,-32.421168002E-03
+3.111660000E-03,+876.785323358E-03,-41.418027315E-03,-31.106469531E-03
+3.111665000E-03,+887.097823317E-03,-39.926193095E-03,-29.853328837E-03
+3.111670000E-03,+896.632999015E-03,-40.946921697E-03,-28.538630362E-03
+3.111675000E-03,+905.183564267E-03,-40.318781010E-03,-27.188756001E-03
+3.111680000E-03,+913.682307917E-03,-40.789886483E-03,-25.966394206E-03
+3.111685000E-03,+922.388337955E-03,-40.632851288E-03,-24.528580156E-03
+3.111690000E-03,+931.560762493E-03,-41.732097533E-03,-23.411745994E-03
+3.111695000E-03,+939.282182038E-03,-40.632851319E-03,-21.907977168E-03
+3.111700000E-03,+947.677282444E-03,-40.789886453E-03,-20.755967123E-03
+3.111705000E-03,+955.916918067E-03,-42.281720663E-03,-19.287374184E-03
+3.111710000E-03,+963.068299834E-03,-42.438755782E-03,-18.100188253E-03
+3.111715000E-03,+971.100649037E-03,-41.260992036E-03,-16.825062648E-03
+3.111720000E-03,+978.977533348E-03,-40.554333807E-03,-15.382851604E-03
+3.111725000E-03,+986.025272009E-03,-41.967650269E-03,-14.235238550E-03
+3.111730000E-03,+994.213085925E-03,-41.575062298E-03,-12.762248621E-03
+3.111735000E-03,+1.001209002966E+00,-41.103956831E-03,-11.605841590E-03
+3.111740000E-03,+1.007893990341E+00,-39.926192999E-03,-10.185615486E-03
+3.111745000E-03,+1.013905296859E+00,-41.260992071E-03,-8.985238606E-03
+3.111750000E-03,+1.021004857072E+00,-40.397298547E-03,-7.600188376E-03
+3.111755000E-03,+1.026601590660E+00,-40.004710667E-03,-6.298680844E-03
+3.111760000E-03,+1.033390221257E+00,-40.161745796E-03,-4.944409515E-03
+3.111765000E-03,+1.039194241289E+00,-39.690640309E-03,-3.638504997E-03
+3.111770000E-03,+1.045827407030E+00,-40.632851303E-03,-2.482097981E-03
+3.111775000E-03,+1.051890535089E+00,-41.025439224E-03,-1.092650745E-03
+3.111780000E-03,+1.056088085342E+00,-40.946921774E-03,+147.298978E-06
+3.111785000E-03,+1.062462143046E+00,-41.889132676E-03,+1.431218565E-03
+3.111790000E-03,+1.069095308777E+00,-20.924937853E-03,+3.014133112E-03
+3.111795000E-03,+1.072930107798E+00,+2.076593859409E+00,+4.078203461E-03
+3.111800000E-03,+1.078423198175E+00,+2.552724532961E+00,+5.533605452E-03
+3.111805000E-03,+1.082309818713E+00,+2.552724532961E+00,+6.588881825E-03
+3.111810000E-03,+1.087958373939E+00,+2.552724532961E+00,+8.127826540E-03
+3.111815000E-03,+1.092674140233E+00,+2.552724532961E+00,+9.249057676E-03
+3.111820000E-03,+1.096768047191E+00,+2.552724532961E+00,+10.792399370E-03
+3.111825000E-03,+1.101224705475E+00,+2.552724532961E+00,+11.786117948E-03
+3.111830000E-03,+1.103453034597E+00,+2.552724532961E+00,+13.408605367E-03
+3.111835000E-03,+1.107754227961E+00,+2.552724532961E+00,+14.411117924E-03
+3.111840000E-03,+1.111226275652E+00,+2.552724532961E+00,+16.002826447E-03
+3.111845000E-03,+1.114128285685E+00,+2.552724532961E+00,+17.053705833E-03
+3.111850000E-03,+1.117030295741E+00,+2.552724532961E+00,+18.509107821E-03
+3.111855000E-03,+1.119776840921E+00,+2.552724532961E+00,+19.581972143E-03
+3.111860000E-03,+1.122212456462E+00,+2.552724532961E+00,+21.015389208E-03
+3.111865000E-03,+1.124181677618E+00,+2.552724532961E+00,+22.228957038E-03
+3.111870000E-03,+1.125684504242E+00,+2.552724532961E+00,+23.684359026E-03
+3.111875000E-03,+1.128223763002E+00,+2.552724532961E+00,+24.757223339E-03
+3.111880000E-03,+1.130711200130E+00,+2.552724532961E+00,+26.234610261E-03
+3.111885000E-03,+1.131177594591E+00,+2.552724532961E+00,+27.201946929E-03
+3.111890000E-03,+1.133872318225E+00,+2.552724532961E+00,+28.767273555E-03
+3.111895000E-03,+1.134805107129E+00,+2.552724532961E+00,+29.567524792E-03
+3.111900000E-03,+1.135375144811E+00,+2.552724532961E+00,+31.308730808E-03
+3.111905000E-03,+1.136359755353E+00,+2.552724532961E+00,+31.937499648E-03
+3.111910000E-03,+1.137603473922E+00,+2.552724532961E+00,+33.880966960E-03
+3.111915000E-03,+1.138639906055E+00,+2.552724532961E+00,+34.369032288E-03
+3.111920000E-03,+1.138691727704E+00,+2.552724532961E+00,+36.259735772E-03
+3.111925000E-03,+1.138018046823E+00,+2.552724532961E+00,+36.923680500E-03
+3.111930000E-03,+1.138743549311E+00,+2.552724532961E+00,+38.598931726E-03
+3.111935000E-03,+1.138173511615E+00,+2.552724532961E+00,+39.469534747E-03
+3.111940000E-03,+1.138018046796E+00,+2.552724532961E+00,+40.749057336E-03
+3.111945000E-03,+1.137188901114E+00,+2.552724532961E+00,+41.989007081E-03
+3.111950000E-03,+1.136411576957E+00,+2.552724532961E+00,+42.951946761E-03
+3.111955000E-03,+1.136515220210E+00,+2.552724532961E+00,+44.438127654E-03
+3.111960000E-03,+1.134131426283E+00,+2.552724532961E+00,+45.247172873E-03
+3.111965000E-03,+1.132524956413E+00,+2.552724532961E+00,+46.746544713E-03
+3.111970000E-03,+1.130866665039E+00,+2.552724532961E+00,+47.485238185E-03
+3.111975000E-03,+1.129933876028E+00,+2.552724532961E+00,+48.901067296E-03
+3.111980000E-03,+1.126876401225E+00,+2.552724532961E+00,+49.855213029E-03
+3.111985000E-03,+1.124855358536E+00,+2.552724532961E+00,+50.954459237E-03
+3.111990000E-03,+1.123093423878E+00,+2.552724532961E+00,+52.150439138E-03
+3.111995000E-03,+1.119362268205E+00,+2.552724532961E+00,+53.003454190E-03
+3.112000000E-03,+1.116926652605E+00,+2.552724532961E+00,+54.370916495E-03
+3.112005000E-03,+1.114231928998E+00,+2.552724532961E+00,+55.004082316E-03
+3.112010000E-03,+1.110915346175E+00,+2.552724532961E+00,+56.516645115E-03
+3.112015000E-03,+1.107857871274E+00,+2.552724532961E+00,+57.163001891E-03
+3.112020000E-03,+1.102934818570E+00,+2.552724532961E+00,+58.495288308E-03
+3.112025000E-03,+1.099773700548E+00,+2.552724532961E+00,+59.207599864E-03
+3.112030000E-03,+1.095368863909E+00,+2.552724532961E+00,+60.465137527E-03
+3.112035000E-03,+1.092570497052E+00,+2.552724532961E+00,+61.291770691E-03
+3.112040000E-03,+1.086714655480E+00,+2.552724532961E+00,+62.281092284E-03
+3.112045000E-03,+1.082724391682E+00,+2.552724532961E+00,+63.309986756E-03
+3.112050000E-03,+1.077542230927E+00,+2.552724532961E+00,+64.233353574E-03
+3.112055000E-03,+1.072774642989E+00,+2.552724532961E+00,+65.310614867E-03
+3.112060000E-03,+1.067022444632E+00,+2.552724532961E+00,+66.194408835E-03
+3.112065000E-03,+1.062773072752E+00,+2.552724532961E+00,+67.047423897E-03
+3.112070000E-03,+1.056554479895E+00,+2.552724532961E+00,+68.142273132E-03
+3.112075000E-03,+1.050854103097E+00,+2.552724532961E+00,+68.713881166E-03
+3.112080000E-03,+1.044635510184E+00,+2.552724532961E+00,+70.081343461E-03
+3.112085000E-03,+1.039194241385E+00,+2.552724532961E+00,+70.411117332E-03
+3.112090000E-03,+1.031887394726E+00,+2.552724532961E+00,+71.914886150E-03
+3.112095000E-03,+1.025979731483E+00,+2.552724532961E+00,+72.038001741E-03
+3.112100000E-03,+1.018154668746E+00,+2.552724532961E+00,+73.660489145E-03
+3.112105000E-03,+1.012609756801E+00,+2.552724532961E+00,+73.752825841E-03
+3.112110000E-03,+1.005302910086E+00,+2.552724532961E+00,+75.199433849E-03
+3.112115000E-03,+997.374204141E-03,+2.552724532961E+00,+75.463252970E-03
+3.112120000E-03,+990.015535941E-03,+2.552724532961E+00,+76.602072025E-03
+3.112125000E-03,+982.345938048E-03,+2.552724532961E+00,+77.213252941E-03
+3.112130000E-03,+974.261767248E-03,+2.552724532961E+00,+78.022298138E-03
+3.112135000E-03,+966.281239678E-03,+2.552724532961E+00,+78.813755438E-03
+3.112140000E-03,+958.145247313E-03,+2.552724532961E+00,+79.266644862E-03
+3.112145000E-03,+950.786579019E-03,+2.552724532961E+00,+80.335112198E-03
+3.112150000E-03,+942.650586697E-03,+2.552724532961E+00,+80.598931289E-03
+3.112155000E-03,+934.462772689E-03,+2.552724532961E+00,+81.619031787E-03
+3.112160000E-03,+925.549456205E-03,+2.552724532961E+00,+82.005966452E-03
+3.112165000E-03,+916.273388451E-03,+2.552724532961E+00,+82.942524229E-03
+3.112170000E-03,+908.292860927E-03,+2.552724532961E+00,+83.351443825E-03
+3.112175000E-03,+898.291290658E-03,+2.552724532961E+00,+84.098931255E-03
+3.112180000E-03,+888.911579753E-03,+2.552724532961E+00,+84.674936274E-03
+3.112185000E-03,+879.169117574E-03,+2.552724532961E+00,+85.215765418E-03
+3.112190000E-03,+869.167547283E-03,+2.552724532961E+00,+85.844534247E-03
+3.112195000E-03,+859.787836321E-03,+2.552724532961E+00,+86.323805609E-03
+3.112200000E-03,+850.149017308E-03,+2.552724532961E+00,+86.970162373E-03
+3.112205000E-03,+839.681052664E-03,+2.552724532961E+00,+87.396669923E-03
+3.112210000E-03,+830.145876822E-03,+2.552724532961E+00,+87.941896029E-03
+3.112215000E-03,+819.522447306E-03,+2.552724532961E+00,+88.407976444E-03
+3.112220000E-03,+807.137083145E-03,+2.552724532961E+00,+88.918026674E-03
+3.112225000E-03,+796.461832004E-03,+2.552724532961E+00,+89.428076931E-03
+3.112230000E-03,+785.579294421E-03,+2.552724532961E+00,+89.696293003E-03
+3.112235000E-03,+774.800400089E-03,+2.552724532961E+00,+90.294282953E-03
+3.112240000E-03,+764.384256988E-03,+2.552724532961E+00,+90.584483952E-03
+3.112245000E-03,+752.206179222E-03,+2.552724532961E+00,+91.076946257E-03
+3.112250000E-03,+740.960890430E-03,+2.552724532961E+00,+91.503453791E-03
+3.112255000E-03,+729.456493483E-03,+2.552724532961E+00,+91.784860815E-03
+3.112260000E-03,+718.263026352E-03,+2.552724532961E+00,+92.286117102E-03
+3.112265000E-03,+706.706807847E-03,+2.552724532961E+00,+92.286117097E-03
+3.112270000E-03,+693.958692420E-03,+2.552724532961E+00,+92.976443727E-03
+3.112275000E-03,+682.920689994E-03,+2.552724532961E+00,+92.853328150E-03
+3.112280000E-03,+669.965288169E-03,+2.552724532961E+00,+93.635991453E-03
+3.112285000E-03,+657.735388778E-03,+2.552724532961E+00,+93.464509049E-03
+3.112290000E-03,+646.179170294E-03,+2.552724532961E+00,+94.088880893E-03
+3.112295000E-03,+633.690162919E-03,+2.552724532961E+00,+93.934986433E-03
+3.112300000E-03,+620.216544955E-03,+2.552724532961E+00,+94.431845717E-03
+3.112305000E-03,+607.364786342E-03,+2.552724532961E+00,+94.484609545E-03
+3.112310000E-03,+595.134886950E-03,+2.552724532961E+00,+94.779207523E-03
+3.112315000E-03,+582.334949876E-03,+2.552724532961E+00,+94.911117075E-03
+3.112320000E-03,+568.602223925E-03,+2.552724532961E+00,+95.082599484E-03
+3.112325000E-03,+556.372324512E-03,+2.552724532961E+00,+95.091393450E-03
+3.112330000E-03,+543.209636240E-03,+2.552724532961E+00,+95.280463806E-03
+3.112335000E-03,+529.269623841E-03,+2.552724532961E+00,+95.350815558E-03
+3.112340000E-03,+515.329611395E-03,+2.552724532961E+00,+95.526694959E-03
+3.112345000E-03,+502.011458278E-03,+2.552724532961E+00,+95.434358266E-03
+3.112350000E-03,+488.848769970E-03,+2.552724532961E+00,+95.764132146E-03
+3.112355000E-03,+475.012400844E-03,+2.552724532961E+00,+95.302448727E-03
+3.112360000E-03,+461.849712565E-03,+2.552724532961E+00,+95.865262790E-03
+3.112365000E-03,+447.443305626E-03,+2.552724532961E+00,+95.245287928E-03
+3.112370000E-03,+433.244185131E-03,+2.552724532961E+00,+95.808101991E-03
+3.112375000E-03,+420.288783282E-03,+2.552724532961E+00,+95.276066819E-03
+3.112380000E-03,+405.260517141E-03,+2.552724532961E+00,+95.667398472E-03
+3.112385000E-03,+389.869499725E-03,+2.552724532961E+00,+95.201318077E-03
+3.112390000E-03,+376.344060098E-03,+2.552724532961E+00,+95.509107012E-03
+3.112395000E-03,+360.486648300E-03,+2.552724532961E+00,+95.078202506E-03
+3.112400000E-03,+346.183884685E-03,+2.552724532961E+00,+95.130966316E-03
+3.112405000E-03,+331.103796771E-03,+2.552724532961E+00,+94.880338182E-03
+3.112410000E-03,+316.956497957E-03,+2.552724532961E+00,+94.708855768E-03
+3.112415000E-03,+302.290983065E-03,+2.552724532961E+00,+94.537373367E-03
+3.112420000E-03,+288.972829923E-03,+2.552724532961E+00,+94.396669841E-03
+3.112425000E-03,+273.426347655E-03,+2.552724532961E+00,+94.119659803E-03
+3.112430000E-03,+258.709011185E-03,+2.552724532961E+00,+93.974559295E-03
+3.112435000E-03,+243.110707317E-03,+2.552724532961E+00,+93.508478906E-03
+3.112440000E-03,+228.600657225E-03,+2.552724532961E+00,+93.543654772E-03
+3.112445000E-03,+213.727855862E-03,+2.552724532961E+00,+92.950061829E-03
+3.112450000E-03,+198.906876129E-03,+2.552724532961E+00,+92.976443726E-03
+3.112455000E-03,+184.137717966E-03,+2.552724532961E+00,+92.418026655E-03
+3.112460000E-03,+168.435770917E-03,+2.552724532961E+00,+92.321292979E-03
+3.112465000E-03,+153.614791161E-03,+2.552724532961E+00,+91.740890991E-03
+3.112470000E-03,+137.498271285E-03,+2.552724532961E+00,+91.556217612E-03
+3.112475000E-03,+121.848145758E-03,+2.552724532961E+00,+91.072549287E-03
+3.112480000E-03,+106.042555524E-03,+2.552724532961E+00,+90.769157316E-03
+3.112485000E-03,+91.687970213E-03,+2.552724532961E+00,+90.307473910E-03
+3.112490000E-03,+76.607882483E-03,+2.552724532961E+00,+89.766644771E-03
+3.112495000E-03,+61.216865071E-03,+2.552724532961E+00,+89.555589498E-03
+3.112500000E-03,+45.981312430E-03,+2.552724532961E+00,+88.777323178E-03
+3.112505000E-03,+30.383008603E-03,+2.552724532961E+00,+88.526695031E-03
+3.112510000E-03,+15.665672048E-03,+2.552724532961E+00,+87.849559376E-03
+3.112515000E-03,+1.311086789E-03,+2.552724532961E+00,+87.506594537E-03
+3.112520000E-03,-14.339038660E-03,+2.552724532961E+00,+86.882222703E-03
+3.112525000E-03,-29.160018490E-03,+2.552724532961E+00,+86.407348318E-03
+3.112530000E-03,-44.188284560E-03,+2.552724532961E+00,+85.870916180E-03
+3.112535000E-03,-59.320193960E-03,+2.552724532961E+00,+85.246544313E-03
+3.112540000E-03,-75.125784273E-03,+2.552724532961E+00,+84.696921217E-03
+3.112545000E-03,-88.858510275E-03,+2.552724532961E+00,+84.024182520E-03
+3.112550000E-03,-105.078673355E-03,+2.552724532961E+00,+83.492147360E-03
+3.112555000E-03,-121.350658123E-03,+2.552724532961E+00,+82.850187562E-03
+3.112560000E-03,-136.430745860E-03,+2.552724532961E+00,+82.173051885E-03
+3.112565000E-03,-150.888974457E-03,+2.552724532961E+00,+81.671795622E-03
+3.112570000E-03,-167.368245536E-03,+2.552724532961E+00,+80.691267988E-03
+3.112575000E-03,-182.551976574E-03,+2.552724532961E+00,+80.467021758E-03
+3.112580000E-03,-196.699275406E-03,+2.552724532961E+00,+79.130338352E-03
+3.112585000E-03,-211.002039061E-03,+2.552724532961E+00,+79.152323277E-03
+3.112590000E-03,-226.289413235E-03,+2.552724532961E+00,+77.538629836E-03
+3.112595000E-03,-242.198646819E-03,+2.552724532961E+00,+77.674936358E-03
+3.112600000E-03,-257.330556235E-03,+2.552724532961E+00,+76.056845935E-03
+3.112605000E-03,-272.721573587E-03,+2.552724532961E+00,+76.100815771E-03
+3.112610000E-03,-287.387088448E-03,+2.552724532961E+00,+74.610237910E-03
+3.112615000E-03,-302.104425045E-03,+2.552724532961E+00,+74.390388653E-03
+3.112620000E-03,-317.754550468E-03,+2.552724532961E+00,+73.075690190E-03
+3.112625000E-03,-333.145567869E-03,+2.552724532961E+00,+72.627197718E-03
+3.112630000E-03,-346.463721056E-03,+2.552724532961E+00,+71.514760559E-03
+3.112635000E-03,-361.802916887E-03,+2.552724532961E+00,+70.820036936E-03
+3.112640000E-03,-377.090291084E-03,+2.552724532961E+00,+69.883479166E-03
+3.112645000E-03,-391.600341172E-03,+2.552724532961E+00,+69.030464091E-03
+3.112650000E-03,-406.058569660E-03,+2.552724532961E+00,+67.988378685E-03
+3.112655000E-03,-421.138657427E-03,+2.552724532961E+00,+67.218906327E-03
+3.112660000E-03,-435.700529115E-03,+2.552724532961E+00,+66.040514380E-03
+3.112665000E-03,-449.692363162E-03,+2.552724532961E+00,+65.398554584E-03
+3.112670000E-03,-464.824272578E-03,+2.552724532961E+00,+64.066268168E-03
+3.112675000E-03,-478.608820173E-03,+2.552724532961E+00,+63.529836011E-03
+3.112680000E-03,-493.896194332E-03,+2.552724532961E+00,+62.083227992E-03
+3.112685000E-03,-506.851596237E-03,+2.552724532961E+00,+61.590765678E-03
+3.112690000E-03,-520.687965443E-03,+2.552724532961E+00,+60.065011941E-03
+3.112695000E-03,-535.353480300E-03,+2.552724532961E+00,+59.559358667E-03
+3.112700000E-03,-546.857877265E-03,+2.552724532961E+00,+58.156720506E-03
+3.112705000E-03,-560.746068006E-03,+2.552724532961E+00,+57.347675268E-03
+3.112710000E-03,-575.670690985E-03,+2.552724532961E+00,+56.301192883E-03
+3.112715000E-03,-587.745125502E-03,+2.552724532961E+00,+55.149182835E-03
+3.112720000E-03,-601.736959530E-03,+2.552724532961E+00,+54.318152699E-03
+3.112725000E-03,-615.210577465E-03,+2.552724532961E+00,+53.012248184E-03
+3.112730000E-03,-629.098768286E-03,+2.552724532961E+00,+52.260363772E-03
+3.112735000E-03,-642.209634995E-03,+2.552724532961E+00,+50.857725604E-03
+3.112740000E-03,-654.802285591E-03,+2.552724532961E+00,+50.013504492E-03
+3.112745000E-03,-666.513968959E-03,+2.552724532961E+00,+48.782348742E-03
+3.112750000E-03,-680.039408421E-03,+2.552724532961E+00,+47.687499496E-03
+3.112755000E-03,-690.714659586E-03,+2.552724532961E+00,+46.649811081E-03
+3.112760000E-03,-703.670061534E-03,+2.552724532961E+00,+45.260363842E-03
+3.112765000E-03,-716.884571338E-03,+2.552724532961E+00,+44.552449294E-03
+3.112770000E-03,-729.788151564E-03,+2.552724532961E+00,+42.824434225E-03
+3.112775000E-03,-742.069872607E-03,+2.552724532961E+00,+42.349559859E-03
+3.112780000E-03,-753.470626292E-03,+2.552724532961E+00,+40.353328725E-03
+3.112785000E-03,-765.752347270E-03,+2.552724532961E+00,+39.966394058E-03
+3.112790000E-03,-776.790349660E-03,+2.552724532961E+00,+38.088881512E-03
+3.112795000E-03,-788.812962601E-03,+2.552724532961E+00,+37.438127747E-03
+3.112800000E-03,-800.369181035E-03,+2.552724532961E+00,+35.732097630E-03
+3.112805000E-03,-811.821756305E-03,+2.552724532961E+00,+34.879082549E-03
+3.112810000E-03,-822.963401921E-03,+2.552724532961E+00,+33.436871524E-03
+3.112815000E-03,-832.757685721E-03,+2.552724532961E+00,+32.289258456E-03
+3.112820000E-03,-843.692044900E-03,+2.552724532961E+00,+31.115263504E-03
+3.112825000E-03,-854.730047387E-03,+2.552724532961E+00,+29.598303718E-03
+3.112830000E-03,-865.146190449E-03,+2.552724532961E+00,+28.714509758E-03
+3.112835000E-03,-875.717798380E-03,+2.552724532961E+00,+27.070037423E-03
+3.112840000E-03,-885.719368617E-03,+2.552724532961E+00,+26.265389175E-03
+3.112845000E-03,-897.275586997E-03,+2.552724532961E+00,+24.704459553E-03
+3.112850000E-03,-907.018049235E-03,+2.552724532961E+00,+23.609610311E-03
+3.112855000E-03,-917.071441083E-03,+2.552724532961E+00,+22.286117871E-03
+3.112860000E-03,-927.332119380E-03,+2.552724532961E+00,+20.980213351E-03
+3.112865000E-03,-936.452722329E-03,+2.552724532961E+00,+19.854585230E-03
+3.112870000E-03,-945.573325262E-03,+2.552724532961E+00,+18.390389265E-03
+3.112875000E-03,-955.523073875E-03,+2.552724532961E+00,+17.225188270E-03
+3.112880000E-03,-964.954606473E-03,+2.552724532961E+00,+15.813756128E-03
+3.112885000E-03,-972.572382738E-03,+2.552724532961E+00,+14.586997339E-03
+3.112890000E-03,-981.433877622E-03,+2.552724532961E+00,+13.272298871E-03
+3.112895000E-03,-989.984442896E-03,+2.552724532961E+00,+11.922424506E-03
+3.112900000E-03,-998.431364810E-03,+2.552724532961E+00,+10.783605433E-03
+3.112905000E-03,-1.006567357291E+00,+2.552724532961E+00,+9.161118007E-03
+3.112910000E-03,-1.014858814446E+00,+2.552724532961E+00,+8.316896911E-03
+3.112915000E-03,-1.023098450051E+00,+2.552724532961E+00,+6.492148185E-03
+3.112920000E-03,-1.030508939918E+00,+2.552724532961E+00,+5.744660751E-03
+3.112925000E-03,-1.038437645875E+00,+2.552724532961E+00,+3.893530127E-03
+3.112930000E-03,-1.045122633272E+00,+2.552724532961E+00,+3.071293949E-03
+3.112935000E-03,-1.052325836657E+00,+2.552724532961E+00,+1.488379397E-03
+3.112940000E-03,-1.058337143192E+00,+2.552724532961E+00,+349.560303E-06
+3.112945000E-03,-1.066006741060E+00,+2.552724532961E+00,-1.061871830E-03
+3.112950000E-03,-1.071707117876E+00,+2.552724532961E+00,-2.266645693E-03
+3.112955000E-03,-1.078029353969E+00,+2.552724532961E+00,-3.537374316E-03
+3.112960000E-03,-1.084247946899E+00,+2.552724532961E+00,-5.023555200E-03
+3.112965000E-03,-1.089637394109E+00,+2.552724532961E+00,-6.135992385E-03
+3.112970000E-03,-1.096374203058E+00,+2.552724532961E+00,-7.696922004E-03
+3.112975000E-03,-1.102126401513E+00,+2.552724532961E+00,-8.787374273E-03
+3.112980000E-03,-1.107256740638E+00,+2.552724532961E+00,-10.185615443E-03
+3.112985000E-03,-1.111661577298E+00,+2.552724532961E+00,-11.583856654E-03
+3.112990000E-03,-1.118450207823E+00,+2.552724532961E+00,-12.771042549E-03
+3.112995000E-03,-1.123425082173E+00,+2.265899803137E+00,-14.301193317E-03
+3.113000000E-03,-1.127778097202E+00,+19.511633307E-03,-15.184987248E-03
+3.113005000E-03,-1.131301966495E+00,-173.406090946E-03,-16.882223431E-03
+3.113010000E-03,-1.136328662465E+00,-120.799310069E-03,-17.963881691E-03
+3.113015000E-03,-1.140370747868E+00,+214.313752941E-03,-19.406092748E-03
+3.113020000E-03,-1.142495433751E+00,-50.761617564E-03,-20.544911815E-03
+3.113025000E-03,-1.148040345740E+00,-70.548052213E-03,-21.965137943E-03
+3.113030000E-03,-1.150735069338E+00,-102.583227340E-03,-23.218278631E-03
+3.113035000E-03,-1.154310760270E+00,-26.892274533E-03,-24.642901729E-03
+3.113040000E-03,-1.158249202427E+00,-45.893528996E-03,-25.874057487E-03
+3.113045000E-03,-1.161254855697E+00,-48.170539884E-03,-27.052449453E-03
+3.113050000E-03,-1.164053222517E+00,-59.084484141E-03,-28.455087621E-03
+3.113055000E-03,-1.166851589273E+00,-51.703831352E-03,-29.629082588E-03
+3.113060000E-03,-1.170064528945E+00,-49.269785802E-03,-30.974559944E-03
+3.113065000E-03,-1.171411890772E+00,-52.017901513E-03,-32.293655425E-03
+3.113070000E-03,-1.173381111772E+00,-48.955715550E-03,-33.397298621E-03
+3.113075000E-03,-1.175246689682E+00,-49.426821115E-03,-34.945037303E-03
+3.113080000E-03,-1.176075835434E+00,-47.934986894E-03,-35.907976985E-03
+3.113085000E-03,-1.178096878122E+00,-46.992775945E-03,-37.504082501E-03
+3.113090000E-03,-1.178822380614E+00,-48.406092392E-03,-38.335112633E-03
+3.113095000E-03,-1.179858812780E+00,-47.071293478E-03,-40.036745790E-03
+3.113100000E-03,-1.180377028807E+00,-49.819409045E-03,-40.880966884E-03
+3.113105000E-03,-1.181154352983E+00,-48.013504584E-03,-42.446293495E-03
+3.113110000E-03,-1.181879855412E+00,-48.563127584E-03,-43.312499525E-03
+3.113115000E-03,-1.181050709780E+00,-47.856469318E-03,-44.754710559E-03
+3.113120000E-03,-1.181309817822E+00,-48.327574896E-03,-45.814383916E-03
+3.113125000E-03,-1.181154353048E+00,-46.835740662E-03,-47.041142698E-03
+3.113130000E-03,-1.181154352987E+00,-47.856469257E-03,-48.298680366E-03
+3.113135000E-03,-1.180273385644E+00,-45.500941705E-03,-49.384735643E-03
+3.113140000E-03,-1.179444239904E+00,-47.385363875E-03,-50.655464265E-03
+3.113145000E-03,-1.178874202266E+00,-46.600188010E-03,-51.715137631E-03
+3.113150000E-03,-1.177734126901E+00,-46.678705555E-03,-53.007851171E-03
+3.113155000E-03,-1.176127657089E+00,-46.835740772E-03,-54.041142637E-03
+3.113160000E-03,-1.174624830456E+00,-48.720162727E-03,-55.171167723E-03
+3.113165000E-03,-1.173692041429E+00,-47.228328658E-03,-56.389132567E-03
+3.113170000E-03,-1.171049139556E+00,-45.815012072E-03,-57.369660167E-03
+3.113175000E-03,-1.169494491295E+00,-46.364635176E-03,-58.675564694E-03
+3.113180000E-03,-1.166126086821E+00,-44.872801058E-03,-59.467021952E-03
+3.113185000E-03,-1.164882368257E+00,-46.678705524E-03,-60.891645072E-03
+3.113190000E-03,-1.162550395880E+00,-45.265388950E-03,-61.617147569E-03
+3.113195000E-03,-1.158404667358E+00,-48.170539593E-03,-63.178077203E-03
+3.113200000E-03,-1.156020873353E+00,-46.129082322E-03,-63.754082212E-03
+3.113205000E-03,-1.153222506585E+00,-46.914258199E-03,-65.218278185E-03
+3.113210000E-03,-1.149491350863E+00,-44.951318676E-03,-65.934986721E-03
+3.113215000E-03,-1.145812016715E+00,-43.773554888E-03,-67.227700272E-03
+3.113220000E-03,-1.141769931343E+00,-45.579459280E-03,-67.979584690E-03
+3.113225000E-03,-1.137676024381E+00,-45.736494491E-03,-69.197549502E-03
+3.113230000E-03,-1.133685760568E+00,-45.736494448E-03,-69.927448991E-03
+3.113235000E-03,-1.129229102324E+00,-44.244660349E-03,-71.141016816E-03
+3.113240000E-03,-1.124616979237E+00,-45.108353726E-03,-71.928077105E-03
+3.113245000E-03,-1.119279353683E+00,-44.794283409E-03,-73.163629863E-03
+3.113250000E-03,-1.114667230572E+00,-44.087625199E-03,-73.682474068E-03
+3.113255000E-03,-1.109070497012E+00,-42.360238196E-03,-75.085112259E-03
+3.113260000E-03,-1.102851904159E+00,-43.538002114E-03,-75.489634852E-03
+3.113265000E-03,-1.096996062497E+00,-43.538001978E-03,-77.054961480E-03
+3.113270000E-03,-1.092383939451E+00,-45.108353739E-03,-77.309986594E-03
+3.113275000E-03,-1.086217168132E+00,-43.695037233E-03,-78.853328295E-03
+3.113280000E-03,-1.080620434532E+00,-43.852072457E-03,-79.033604671E-03
+3.113285000E-03,-1.074298198378E+00,-43.773554789E-03,-80.576946370E-03
+3.113290000E-03,-1.067924140665E+00,-42.831343725E-03,-80.902323243E-03
+3.113295000E-03,-1.061135510122E+00,-42.438755821E-03,-82.168654893E-03
+3.113300000E-03,-1.053517733776E+00,-43.145414173E-03,-82.603956390E-03
+3.113305000E-03,-1.046573638410E+00,-44.244660343E-03,-83.711996585E-03
+3.113310000E-03,-1.039474078230E+00,-43.616519633E-03,-84.384735261E-03
+3.113315000E-03,-1.032633626026E+00,-43.145414067E-03,-85.171795574E-03
+3.113320000E-03,-1.023772131104E+00,-42.752826157E-03,-86.033604582E-03
+3.113325000E-03,-1.015687960390E+00,-42.831343756E-03,-86.759107113E-03
+3.113330000E-03,-1.007241038337E+00,-41.967650279E-03,-87.462624676E-03
+3.113335000E-03,-998.690473127E-03,-41.653579993E-03,-88.223303078E-03
+3.113340000E-03,-990.295372735E-03,-42.124685410E-03,-88.808102044E-03
+3.113345000E-03,-982.677596394E-03,-42.674308551E-03,-89.762247784E-03
+3.113350000E-03,-972.831490980E-03,-42.046167954E-03,-89.999684948E-03
+3.113355000E-03,-963.918174521E-03,-41.967650311E-03,-91.288001535E-03
+3.113360000E-03,-955.885825349E-03,-42.360238196E-03,-91.169282932E-03
+3.113365000E-03,-946.817044031E-03,-42.595791045E-03,-92.629081914E-03
+3.113370000E-03,-937.230046609E-03,-41.653579912E-03,-92.268529155E-03
+3.113375000E-03,-926.399330690E-03,-41.496544807E-03,-93.833855770E-03
+3.113380000E-03,-917.434192595E-03,-43.380966853E-03,-93.446921117E-03
+3.113385000E-03,-907.380800731E-03,-41.103956871E-03,-95.025438668E-03
+3.113390000E-03,-896.912835981E-03,-42.203203097E-03,-94.620916080E-03
+3.113395000E-03,-887.170373782E-03,-41.732097587E-03,-96.045539154E-03
+3.113400000E-03,-877.116981980E-03,-42.046167898E-03,-95.838880890E-03
+3.113405000E-03,-867.478162984E-03,-41.732097568E-03,-97.048051700E-03
+3.113410000E-03,-856.906555090E-03,-42.438755770E-03,-96.898554237E-03
+3.113415000E-03,-847.164092821E-03,-40.711368904E-03,-97.848302965E-03
+3.113420000E-03,-836.229733658E-03,-42.752826194E-03,-97.931845684E-03
+3.113425000E-03,-824.569872057E-03,-41.339509620E-03,-98.899182345E-03
+3.113430000E-03,-814.050085659E-03,-40.397298588E-03,-98.688127086E-03
+3.113435000E-03,-802.493867290E-03,-40.711368923E-03,-99.818152192E-03
+3.113440000E-03,-792.181367304E-03,-39.455087504E-03,-99.396041645E-03
+3.113445000E-03,-778.863214243E-03,-41.103956859E-03,-100.622800431E-03
+3.113450000E-03,-766.892422873E-03,-41.653579861E-03,-100.086368273E-03
+3.113455000E-03,-755.232561176E-03,-41.339509677E-03,-101.449433587E-03
+3.113460000E-03,-744.350023575E-03,-40.475816137E-03,-100.750312989E-03
+3.113465000E-03,-731.861016280E-03,-41.889132660E-03,-102.126569251E-03
+3.113470000E-03,-719.527473652E-03,-40.554333775E-03,-101.365890875E-03
+3.113475000E-03,-707.919433551E-03,-41.339509639E-03,-102.676192355E-03
+3.113480000E-03,-695.274961320E-03,-41.575062318E-03,-102.047423533E-03
+3.113485000E-03,-682.993240359E-03,-41.575062369E-03,-103.014760195E-03
+3.113490000E-03,-671.022449005E-03,-41.418027163E-03,-102.658604432E-03
+3.113495000E-03,-657.030615089E-03,-40.868404110E-03,-103.322549143E-03
+3.113500000E-03,-645.059823667E-03,-40.397298613E-03,-103.129081808E-03
+3.113505000E-03,-632.208065007E-03,-41.339509627E-03,-103.559986337E-03
+3.113510000E-03,-617.853479826E-03,-40.004710620E-03,-103.559986312E-03
+3.113515000E-03,-604.431683458E-03,-39.690640393E-03,-103.898554171E-03
+3.113520000E-03,-591.839032801E-03,-39.376569943E-03,-103.762247621E-03
+3.113525000E-03,-579.039095748E-03,-40.083228284E-03,-104.219534074E-03
+3.113530000E-03,-564.995440179E-03,-40.083228259E-03,-103.850187320E-03
+3.113535000E-03,-552.402789493E-03,-40.161745801E-03,-104.448177284E-03
+3.113540000E-03,-538.721885146E-03,-41.182474446E-03,-103.995287821E-03
+3.113545000E-03,-524.626407872E-03,-41.182474382E-03,-104.676820497E-03
+3.113550000E-03,-511.671006010E-03,-40.554333743E-03,-103.968905922E-03
+3.113555000E-03,-497.420063994E-03,-40.554333685E-03,-104.650438575E-03
+3.113560000E-03,-483.169121952E-03,-41.182474465E-03,-104.083227531E-03
+3.113565000E-03,-469.436395867E-03,-41.260991943E-03,-104.588880785E-03
+3.113570000E-03,-453.838092078E-03,-41.418027150E-03,-104.065639599E-03
+3.113575000E-03,-440.105366132E-03,-39.926193033E-03,-104.364634547E-03
+3.113580000E-03,-425.906245648E-03,-40.554333717E-03,-104.135991360E-03
+3.113585000E-03,-411.033444333E-03,-39.141017214E-03,-104.048051648E-03
+3.113590000E-03,-397.352539868E-03,-39.533605014E-03,-104.065639595E-03
+3.113595000E-03,-381.598771244E-03,-39.847675478E-03,-103.705086825E-03
+3.113600000E-03,-367.866045299E-03,-40.318781033E-03,-103.907348136E-03
+3.113605000E-03,-352.215919834E-03,-40.868404162E-03,-103.467649647E-03
+3.113610000E-03,-337.446761650E-03,-40.632851220E-03,-103.568780300E-03
+3.113615000E-03,-322.988533230E-03,-39.690640285E-03,-103.164257694E-03
+3.113620000E-03,-307.701158987E-03,-39.612122685E-03,-103.019157185E-03
+3.113625000E-03,-292.206498345E-03,-41.339509640E-03,-102.852071768E-03
+3.113630000E-03,-277.748269861E-03,-41.103956879E-03,-102.416770258E-03
+3.113635000E-03,-262.875468487E-03,-40.083228188E-03,-102.491519011E-03
+3.113640000E-03,-247.847202377E-03,-41.889132691E-03,-101.726443634E-03
+3.113645000E-03,-232.145255249E-03,-41.260991982E-03,-102.012247659E-03
+3.113650000E-03,-216.339665013E-03,-41.103956885E-03,-101.115262740E-03
+3.113655000E-03,-202.658760611E-03,-39.690640246E-03,-101.383478815E-03
+3.113660000E-03,-187.423208007E-03,-39.690640278E-03,-100.543654708E-03
+3.113665000E-03,-172.239477022E-03,-40.161745782E-03,-100.706343146E-03
+3.113670000E-03,-157.833070090E-03,-39.533605124E-03,-99.875313009E-03
+3.113675000E-03,-141.716550205E-03,-40.083228272E-03,-99.840137123E-03
+3.113680000E-03,-126.999213692E-03,-40.397298634E-03,-99.119031611E-03
+3.113685000E-03,-112.230055563E-03,-40.240263414E-03,-98.991519041E-03
+3.113690000E-03,-96.528108504E-03,-39.533605104E-03,-98.305589402E-03
+3.113695000E-03,-81.758950401E-03,-39.298052330E-03,-98.068152222E-03
+3.113700000E-03,-67.456186731E-03,-39.847675453E-03,-97.399810518E-03
+3.113705000E-03,-52.168812450E-03,-39.062499647E-03,-97.083227610E-03
+3.113710000E-03,-38.021513606E-03,-38.120288530E-03,-96.384107011E-03
+3.113715000E-03,-23.615106773E-03,-40.632851382E-03,-96.190639686E-03
+3.113720000E-03,-7.705873266E-03,-39.219534789E-03,-95.218906021E-03
+3.113725000E-03,+8.358825058E-03,-40.475816149E-03,-95.174936172E-03
+3.113730000E-03,+23.594377628E-03,-39.533605111E-03,-94.110865833E-03
+3.113735000E-03,+38.363535800E-03,-40.004710614E-03,-93.970162314E-03
+3.113740000E-03,+53.910018037E-03,-38.669911640E-03,-93.002825654E-03
+3.113745000E-03,+68.886462579E-03,-40.868404085E-03,-92.699433681E-03
+3.113750000E-03,+85.002982481E-03,-39.847675518E-03,-91.912373400E-03
+3.113755000E-03,+99.720319093E-03,-40.868404118E-03,-91.345162338E-03
+3.113760000E-03,+114.800406797E-03,-40.240263414E-03,-90.751569397E-03
+3.113765000E-03,+129.362278531E-03,-40.240263421E-03,-89.964509087E-03
+3.113770000E-03,+144.908760750E-03,-41.182474368E-03,-89.551192524E-03
+3.113775000E-03,+161.439853525E-03,-40.240263368E-03,-88.425564383E-03
+3.113780000E-03,+175.224401181E-03,-40.161745775E-03,-88.223303086E-03
+3.113785000E-03,+190.045380969E-03,-40.475816097E-03,-87.014132243E-03
+3.113790000E-03,+204.503609349E-03,-39.847675426E-03,-86.706343305E-03
+3.113795000E-03,+220.568307661E-03,-39.612122658E-03,-85.611494066E-03
+3.113800000E-03,+235.026536188E-03,-40.318780982E-03,-85.215765430E-03
+3.113805000E-03,+249.018370257E-03,-39.298052383E-03,-84.112122229E-03
+3.113810000E-03,+264.461209296E-03,-40.397298536E-03,-83.505338310E-03
+3.113815000E-03,+280.163156320E-03,-38.512876492E-03,-82.524810685E-03
+3.113820000E-03,+294.621384900E-03,-40.946921685E-03,-81.808102154E-03
+3.113825000E-03,+309.338721343E-03,-39.376569851E-03,-80.889132306E-03
+3.113830000E-03,+324.211522722E-03,-40.711368858E-03,-80.080087098E-03
+3.113835000E-03,+338.203356703E-03,-40.240263448E-03,-79.187499156E-03
+3.113840000E-03,+352.713406795E-03,-40.240263348E-03,-78.418026815E-03
+3.113845000E-03,+366.083381561E-03,-40.318780969E-03,-77.424308215E-03
+3.113850000E-03,+380.282501994E-03,-39.847675433E-03,-76.610866038E-03
+3.113855000E-03,+395.155303347E-03,-41.103956859E-03,-75.564383615E-03
+3.113860000E-03,+409.820818252E-03,-39.533605144E-03,-74.759735407E-03
+3.113865000E-03,+424.900906004E-03,-41.575062375E-03,-73.726443925E-03
+3.113870000E-03,+437.856307892E-03,-39.926192973E-03,-72.847046985E-03
+3.113875000E-03,+452.107249986E-03,-41.025439306E-03,-71.769785664E-03
+3.113880000E-03,+465.788154349E-03,-39.376569950E-03,-70.837624896E-03
+3.113885000E-03,+479.261772299E-03,-40.711368917E-03,-70.024182669E-03
+3.113890000E-03,+493.979108794E-03,-40.554333703E-03,-68.863378690E-03
+3.113895000E-03,+506.519937814E-03,-40.318780989E-03,-68.058730431E-03
+3.113900000E-03,+519.060766883E-03,-41.103956853E-03,-66.827574687E-03
+3.113905000E-03,+533.415352107E-03,-41.260992014E-03,-66.014132455E-03
+3.113910000E-03,+546.422575608E-03,-41.418027148E-03,-64.708227974E-03
+3.113915000E-03,+559.274334172E-03,-40.397298616E-03,-63.824433991E-03
+3.113920000E-03,+572.437022588E-03,-39.847675499E-03,-62.615263172E-03
+3.113925000E-03,+585.444245965E-03,-40.632851297E-03,-61.669911397E-03
+3.113930000E-03,+598.451469523E-03,-41.103956833E-03,-60.702574744E-03
+3.113935000E-03,+611.562336194E-03,-40.789886458E-03,-59.431846101E-03
+3.113940000E-03,+624.465916480E-03,-40.789886538E-03,-58.609609951E-03
+3.113945000E-03,+635.555740455E-03,-39.926193180E-03,-57.141016982E-03
+3.113950000E-03,+648.303855963E-03,-41.418027201E-03,-56.437499416E-03
+3.113955000E-03,+661.311079389E-03,-38.748429294E-03,-54.832599925E-03
+3.113960000E-03,+671.727222506E-03,-40.554333851E-03,-54.208228073E-03
+3.113965000E-03,+684.423516309E-03,-40.318781036E-03,-52.497800967E-03
+3.113970000E-03,+696.601594108E-03,-40.946921692E-03,-51.803077349E-03
+3.113975000E-03,+707.225023678E-03,-40.475816183E-03,-50.180589937E-03
+3.113980000E-03,+719.403101397E-03,-41.103956880E-03,-49.411117572E-03
+3.113985000E-03,+730.752033423E-03,-41.967650277E-03,-47.946921616E-03
+3.113990000E-03,+742.152787083E-03,-40.475816109E-03,-46.931218097E-03
+3.113995000E-03,+753.294432719E-03,-41.418027222E-03,-45.686871390E-03
+3.114000000E-03,+765.576153733E-03,-41.260992014E-03,-44.473303558E-03
+3.114005000E-03,+776.925085683E-03,-41.260992088E-03,-43.312499549E-03
+3.114010000E-03,+788.844055395E-03,-41.339509513E-03,-42.041770925E-03
+3.114015000E-03,+798.741982519E-03,-40.475816170E-03,-40.850188012E-03
+3.114020000E-03,+808.795374388E-03,-40.240263361E-03,-39.570665423E-03
+3.114025000E-03,+819.574268719E-03,-40.397298589E-03,-38.313127742E-03
+3.114030000E-03,+830.042233355E-03,-38.748429254E-03,-37.051193096E-03
+3.114035000E-03,+840.821127743E-03,-41.732097435E-03,-35.736494602E-03
+3.114040000E-03,+850.097195505E-03,-40.632851283E-03,-34.615263470E-03
+3.114045000E-03,+859.373263195E-03,-42.124685472E-03,-33.159861461E-03
+3.114050000E-03,+870.722195293E-03,-42.281720578E-03,-32.117776055E-03
+3.114055000E-03,+881.034695133E-03,-40.397298583E-03,-30.662374060E-03
+3.114060000E-03,+890.725335764E-03,-41.810615191E-03,-29.585112763E-03
+3.114065000E-03,+899.379544268E-03,-39.690640299E-03,-28.217650465E-03
+3.114070000E-03,+908.396503894E-03,-40.711368951E-03,-26.955715807E-03
+3.114075000E-03,+916.843425977E-03,-41.810615144E-03,-25.645414313E-03
+3.114080000E-03,+924.875775123E-03,-40.946921652E-03,-24.225188203E-03
+3.114085000E-03,+934.100021211E-03,-41.260991986E-03,-23.007223383E-03
+3.114090000E-03,+941.769619222E-03,-41.653579976E-03,-21.565012357E-03
+3.114095000E-03,+949.387395459E-03,-41.418027222E-03,-20.448178180E-03
+3.114100000E-03,+957.678852666E-03,-41.103956914E-03,-19.054333998E-03
+3.114105000E-03,+964.726591333E-03,-40.397298583E-03,-17.638504849E-03
+3.114110000E-03,+972.655297229E-03,-42.517273305E-03,-16.521670707E-03
+3.114115000E-03,+979.806679116E-03,-40.397298576E-03,-14.890389293E-03
+3.114120000E-03,+988.305422698E-03,-40.789886477E-03,-14.024183292E-03
+3.114125000E-03,+994.938588447E-03,-41.967650325E-03,-12.089509933E-03
+3.114130000E-03,+1.002349078349E+00,-41.418027181E-03,-11.601444622E-03
+3.114135000E-03,+1.009085887322E+00,-40.789886498E-03,-9.358982331E-03
+3.114140000E-03,+1.015200836960E+00,-41.889132642E-03,-9.081972278E-03
+3.114145000E-03,+1.022455862040E+00,-42.124685499E-03,-6.808731095E-03
+3.114150000E-03,+1.028778098126E+00,-40.946921658E-03,-6.421796428E-03
+3.114155000E-03,+1.035618550318E+00,-41.732097433E-03,-4.210113050E-03
+3.114160000E-03,+1.041474392014E+00,-41.260992027E-03,-3.629711030E-03
+3.114165000E-03,+1.047952092918E+00,-41.889132758E-03,-1.752198503E-03
+3.114170000E-03,+1.052564215970E+00,-41.732097426E-03,-1.119032656E-03
+3.114175000E-03,+1.058109128007E+00,-41.732097543E-03,+758.479869E-06
+3.114180000E-03,+1.064638650510E+00,-40.318781113E-03,+1.659861780E-03
+3.114185000E-03,+1.070287205757E+00,+140.899798453E-03,+3.365891903E-03
+3.114190000E-03,+1.074692042394E+00,+2.462743363811E+00,+4.342022554E-03
+3.114195000E-03,+1.079355987090E+00,+2.552724532961E+00,+5.845791379E-03
+3.114200000E-03,+1.084538147843E+00,+2.552724532961E+00,+7.032977292E-03
+3.114205000E-03,+1.089720308587E+00,+2.552724532961E+00,+8.299308946E-03
+3.114210000E-03,+1.094176966799E+00,+2.552724532961E+00,+9.556846609E-03
+3.114215000E-03,+1.097130798407E+00,+2.552724532961E+00,+11.043027511E-03
+3.114220000E-03,+1.101380170235E+00,+2.552724532961E+00,+12.089509897E-03
+3.114225000E-03,+1.105577720459E+00,+2.552724532961E+00,+13.821921943E-03
+3.114230000E-03,+1.108116979244E+00,+2.552724532961E+00,+14.613379217E-03
+3.114235000E-03,+1.110552594855E+00,+2.552724532961E+00,+16.460112871E-03
+3.114240000E-03,+1.113402783235E+00,+2.552724532961E+00,+17.119660611E-03
+3.114245000E-03,+1.116356614889E+00,+2.552724532961E+00,+19.054333948E-03
+3.114250000E-03,+1.119103160044E+00,+2.552724532961E+00,+19.647926914E-03
+3.114255000E-03,+1.121953348465E+00,+2.552724532961E+00,+21.547424374E-03
+3.114260000E-03,+1.124440785583E+00,+2.552724532961E+00,+22.321293728E-03
+3.114265000E-03,+1.126669114769E+00,+2.552724532961E+00,+24.084484637E-03
+3.114270000E-03,+1.128431049419E+00,+2.552724532961E+00,+24.955087669E-03
+3.114275000E-03,+1.130607556920E+00,+2.552724532961E+00,+26.524811243E-03
+3.114280000E-03,+1.131643989097E+00,+2.552724532961E+00,+27.584484624E-03
+3.114285000E-03,+1.133302280541E+00,+2.552724532961E+00,+28.965137858E-03
+3.114290000E-03,+1.134442355832E+00,+2.552724532961E+00,+30.121544897E-03
+3.114295000E-03,+1.135426966434E+00,+2.552724532961E+00,+31.497801149E-03
+3.114300000E-03,+1.135737896093E+00,+2.552724532961E+00,+32.434358940E-03
+3.114305000E-03,+1.136618863429E+00,+2.552724532961E+00,+34.034861426E-03
+3.114310000E-03,+1.137862582028E+00,+2.552724532961E+00,+34.839509662E-03
+3.114315000E-03,+1.137966225201E+00,+2.552724532961E+00,+36.541142802E-03
+3.114320000E-03,+1.138225333234E+00,+2.552724532961E+00,+37.103956884E-03
+3.114325000E-03,+1.137603473953E+00,+2.552724532961E+00,+38.946293529E-03
+3.114330000E-03,+1.137966225178E+00,+2.552724532961E+00,+39.438755852E-03
+3.114335000E-03,+1.137292544318E+00,+2.552724532961E+00,+41.448177926E-03
+3.114340000E-03,+1.137499830724E+00,+2.552724532961E+00,+41.909861357E-03
+3.114345000E-03,+1.136204290565E+00,+2.552724532961E+00,+43.796167846E-03
+3.114350000E-03,+1.135426966476E+00,+2.552724532961E+00,+44.319409062E-03
+3.114355000E-03,+1.133405923770E+00,+2.552724532961E+00,+45.924308527E-03
+3.114360000E-03,+1.132680421251E+00,+2.552724532961E+00,+46.645414069E-03
+3.114365000E-03,+1.130141162512E+00,+2.552724532961E+00,+48.048052231E-03
+3.114370000E-03,+1.129260195130E+00,+2.552724532961E+00,+48.980213026E-03
+3.114375000E-03,+1.126980044442E+00,+2.552724532961E+00,+50.264132613E-03
+3.114380000E-03,+1.124492607287E+00,+2.552724532961E+00,+51.161117525E-03
+3.114385000E-03,+1.121176024469E+00,+2.552724532961E+00,+52.458228070E-03
+3.114390000E-03,+1.119154981647E+00,+2.552724532961E+00,+53.346419004E-03
+3.114395000E-03,+1.115423826061E+00,+2.552724532961E+00,+54.643529558E-03
+3.114400000E-03,+1.112884567215E+00,+2.552724532961E+00,+55.338253154E-03
+3.114405000E-03,+1.109412519532E+00,+2.552724532961E+00,+56.837625013E-03
+3.114410000E-03,+1.106355044710E+00,+2.552724532961E+00,+57.343278256E-03
+3.114415000E-03,+1.101328348802E+00,+2.552724532961E+00,+58.899810921E-03
+3.114420000E-03,+1.097752657830E+00,+2.552724532961E+00,+59.308730505E-03
+3.114425000E-03,+1.093295999591E+00,+2.552724532961E+00,+60.935614919E-03
+3.114430000E-03,+1.089461200683E+00,+2.552724532961E+00,+61.256594808E-03
+3.114435000E-03,+1.084797255968E+00,+2.552724532961E+00,+62.839509359E-03
+3.114440000E-03,+1.080340597696E+00,+2.552724532961E+00,+63.283604846E-03
+3.114445000E-03,+1.074588399312E+00,+2.552724532961E+00,+64.699433963E-03
+3.114450000E-03,+1.069302595335E+00,+2.552724532961E+00,+65.363378685E-03
+3.114455000E-03,+1.063654040156E+00,+2.552724532961E+00,+66.541770625E-03
+3.114460000E-03,+1.058471879478E+00,+2.552724532961E+00,+67.364006805E-03
+3.114465000E-03,+1.053237897047E+00,+2.552724532961E+00,+68.304961568E-03
+3.114470000E-03,+1.047122947387E+00,+2.552724532961E+00,+69.184358548E-03
+3.114475000E-03,+1.041370748928E+00,+2.552724532961E+00,+70.010991697E-03
+3.114480000E-03,+1.034789404815E+00,+2.552724532961E+00,+70.991519323E-03
+3.114485000E-03,+1.028363525417E+00,+2.552724532961E+00,+71.862122335E-03
+3.114490000E-03,+1.021004857238E+00,+2.552724532961E+00,+72.556845944E-03
+3.114495000E-03,+1.014786264317E+00,+2.552724532961E+00,+73.554961516E-03
+3.114500000E-03,+1.007997633731E+00,+2.552724532961E+00,+74.174936380E-03
+3.114505000E-03,+999.498890151E-03,+2.552724532961E+00,+75.269785613E-03
+3.114510000E-03,+991.984757033E-03,+2.552724532961E+00,+75.757850938E-03
+3.114515000E-03,+984.107872719E-03,+2.552724532961E+00,+76.742775547E-03
+3.114520000E-03,+977.630171722E-03,+2.552724532961E+00,+77.375941373E-03
+3.114525000E-03,+969.649644160E-03,+2.552724532961E+00,+78.277323265E-03
+3.114530000E-03,+962.550083958E-03,+2.552724532961E+00,+78.888504171E-03
+3.114535000E-03,+955.295058915E-03,+2.552724532961E+00,+79.679961438E-03
+3.114540000E-03,+945.863526319E-03,+2.552724532961E+00,+80.326318224E-03
+3.114545000E-03,+937.623890824E-03,+2.552724532961E+00,+80.946293095E-03
+3.114550000E-03,+929.591541626E-03,+2.552724532961E+00,+81.790514191E-03
+3.114555000E-03,+920.937333190E-03,+2.552724532961E+00,+82.331343329E-03
+3.114560000E-03,+911.194870992E-03,+2.552724532961E+00,+83.048051864E-03
+3.114565000E-03,+902.333376103E-03,+2.552724532961E+00,+83.624056880E-03
+3.114570000E-03,+894.145562064E-03,+2.552724532961E+00,+84.120916178E-03
+3.114575000E-03,+883.003916592E-03,+2.552724532961E+00,+84.864006620E-03
+3.114580000E-03,+873.935135178E-03,+2.552724532961E+00,+85.158604614E-03
+3.114585000E-03,+864.296316242E-03,+2.552724532961E+00,+86.112750323E-03
+3.114590000E-03,+854.242924310E-03,+2.552724532961E+00,+86.156720186E-03
+3.114595000E-03,+844.189532519E-03,+2.552724532961E+00,+87.299936236E-03
+3.114600000E-03,+834.861643234E-03,+2.552724532961E+00,+87.185614651E-03
+3.114605000E-03,+823.875462423E-03,+2.552724532961E+00,+88.214509093E-03
+3.114610000E-03,+812.837459958E-03,+2.552724532961E+00,+88.262875948E-03
+3.114615000E-03,+801.747636018E-03,+2.552724532961E+00,+89.247800534E-03
+3.114620000E-03,+790.502347174E-03,+2.552724532961E+00,+89.269785491E-03
+3.114625000E-03,+780.915349728E-03,+2.552724532961E+00,+90.052448763E-03
+3.114630000E-03,+769.618239334E-03,+2.552724532961E+00,+90.289885975E-03
+3.114635000E-03,+758.580236983E-03,+2.552724532961E+00,+90.874684932E-03
+3.114640000E-03,+746.350337607E-03,+2.552724532961E+00,+91.208855818E-03
+3.114645000E-03,+734.431367847E-03,+2.552724532961E+00,+91.534232673E-03
+3.114650000E-03,+723.859760016E-03,+2.552724532961E+00,+91.951946251E-03
+3.114655000E-03,+713.080865587E-03,+2.552724532961E+00,+92.237750262E-03
+3.114660000E-03,+700.954609489E-03,+2.552724532961E+00,+92.585112070E-03
+3.114665000E-03,+689.139282953E-03,+2.552724532961E+00,+92.848931168E-03
+3.114670000E-03,+676.805740343E-03,+2.552724532961E+00,+93.139132165E-03
+3.114675000E-03,+664.005803438E-03,+2.552724532961E+00,+93.486493969E-03
+3.114680000E-03,+651.464974345E-03,+2.552724532961E+00,+93.570036687E-03
+3.114685000E-03,+639.131431711E-03,+2.552724532961E+00,+94.141644706E-03
+3.114690000E-03,+627.005175522E-03,+2.552724532961E+00,+94.040514074E-03
+3.114695000E-03,+614.878919476E-03,+2.552724532961E+00,+94.572549219E-03
+3.114700000E-03,+601.612587902E-03,+2.552724532961E+00,+94.568152251E-03
+3.114705000E-03,+588.657186055E-03,+2.552724532961E+00,+94.831971334E-03
+3.114710000E-03,+575.805427379E-03,+2.552724532961E+00,+94.906720097E-03
+3.114715000E-03,+563.523706405E-03,+2.552724532961E+00,+95.025438671E-03
+3.114720000E-03,+549.946445278E-03,+2.552724532961E+00,+95.183730148E-03
+3.114725000E-03,+537.094686593E-03,+2.552724532961E+00,+95.223302984E-03
+3.114730000E-03,+523.258317375E-03,+2.552724532961E+00,+95.368403513E-03
+3.114735000E-03,+509.007375394E-03,+2.552724532961E+00,+95.443152236E-03
+3.114740000E-03,+495.637400605E-03,+2.552724532961E+00,+95.399182403E-03
+3.114745000E-03,+482.008317817E-03,+2.552724532961E+00,+95.575061783E-03
+3.114750000E-03,+469.156559219E-03,+2.552724532961E+00,+95.364006525E-03
+3.114755000E-03,+455.061081944E-03,+2.552724532961E+00,+95.746544196E-03
+3.114760000E-03,+441.846572026E-03,+2.552724532961E+00,+95.298051760E-03
+3.114765000E-03,+427.595629973E-03,+2.552724532961E+00,+95.746544192E-03
+3.114770000E-03,+413.396509531E-03,+2.552724532961E+00,+95.113378393E-03
+3.114775000E-03,+399.301032339E-03,+2.552724532961E+00,+95.772926095E-03
+3.114780000E-03,+384.998268668E-03,+2.552724532961E+00,+95.021041716E-03
+3.114785000E-03,+371.161899431E-03,+2.552724532961E+00,+95.460740173E-03
+3.114790000E-03,+355.874525281E-03,+2.552724532961E+00,+94.889132174E-03
+3.114795000E-03,+340.224399782E-03,+2.552724532961E+00,+95.113378363E-03
+3.114800000E-03,+326.128922551E-03,+2.552724532961E+00,+94.840765331E-03
+3.114805000E-03,+312.655304610E-03,+2.552724532961E+00,+94.607725097E-03
+3.114810000E-03,+297.782503262E-03,+2.552724532961E+00,+94.612122119E-03
+3.114815000E-03,+283.479739533E-03,+2.552724532961E+00,+94.163629633E-03
+3.114820000E-03,+268.296008632E-03,+2.552724532961E+00,+94.269157295E-03
+3.114825000E-03,+253.578672087E-03,+2.552724532961E+00,+93.618403520E-03
+3.114830000E-03,+238.654049136E-03,+2.552724532961E+00,+93.816267844E-03
+3.114835000E-03,+223.833069323E-03,+2.552724532961E+00,+93.156720119E-03
+3.114840000E-03,+208.545695236E-03,+2.552724532961E+00,+93.240262819E-03
+3.114845000E-03,+193.880180162E-03,+2.552724532961E+00,+92.651066857E-03
+3.114850000E-03,+179.318308537E-03,+2.552724532961E+00,+92.448805540E-03
+3.114855000E-03,+163.305431810E-03,+2.552724532961E+00,+92.180589476E-03
+3.114860000E-03,+147.344376802E-03,+2.552724532961E+00,+91.626569372E-03
+3.114865000E-03,+132.627040227E-03,+2.552724532961E+00,+91.582599524E-03
+3.114870000E-03,+116.458698736E-03,+2.552724532961E+00,+90.804333210E-03
+3.114875000E-03,+101.948648601E-03,+2.552724532961E+00,+90.839509075E-03
+3.114880000E-03,+86.816739191E-03,+2.552724532961E+00,+90.004081968E-03
+3.114885000E-03,+72.254867478E-03,+2.552724532961E+00,+90.012875912E-03
+3.114890000E-03,+57.122958093E-03,+2.552724532961E+00,+89.137875948E-03
+3.114895000E-03,+41.161902968E-03,+2.552724532961E+00,+88.983981452E-03
+3.114900000E-03,+25.667242354E-03,+2.552724532961E+00,+88.245288020E-03
+3.114905000E-03,+11.157192288E-03,+2.552724532961E+00,+87.911117154E-03
+3.114910000E-03,-4.907506086E-03,+2.552724532961E+00,+87.348303093E-03
+3.114915000E-03,-19.469377755E-03,+2.552724532961E+00,+86.811870933E-03
+3.114920000E-03,-34.083071032E-03,+2.552724532961E+00,+86.262247832E-03
+3.114925000E-03,-49.111337266E-03,+2.552724532961E+00,+85.739006623E-03
+3.114930000E-03,-63.984138604E-03,+2.552724532961E+00,+85.013504119E-03
+3.114935000E-03,-79.375155988E-03,+2.552724532961E+00,+84.604584534E-03
+3.114940000E-03,-94.092492583E-03,+2.552724532961E+00,+83.826318207E-03
+3.114945000E-03,-109.898082787E-03,+2.552724532961E+00,+83.448177508E-03
+3.114950000E-03,-125.600029909E-03,+2.552724532961E+00,+82.445664956E-03
+3.114955000E-03,-141.561084950E-03,+2.552724532961E+00,+82.278579526E-03
+3.114960000E-03,-156.019313483E-03,+2.552724532961E+00,+81.170539347E-03
+3.114965000E-03,-171.151222868E-03,+2.552724532961E+00,+80.933102144E-03
+3.114970000E-03,-187.164099537E-03,+2.552724532961E+00,+79.855840873E-03
+3.114975000E-03,-201.259576812E-03,+2.552724532961E+00,+79.389760449E-03
+3.114980000E-03,-215.458697307E-03,+2.552724532961E+00,+78.435614767E-03
+3.114985000E-03,-231.989790021E-03,+2.552724532961E+00,+77.745288104E-03
+3.114990000E-03,-247.536272301E-03,+2.552724532961E+00,+77.248428844E-03
+3.114995000E-03,-261.890857594E-03,+2.552724532961E+00,+76.030464011E-03
