x-axis,1,2,3
second,Volt,Volt,Volt
+4.03361E-03,,,
+4.03461E-03,+800.50439E-03,+3.17493652E+00,-230.55009E-03
+4.03561E-03,-1.03834861E+00,+3.17258728E+00,+255.28031E-03
+4.03661E-03,-1.20858981E+00,+3.17172044E+00,-255.27245E-03
+4.03761E-03,+833.62122E-03,+3.17305838E+00,+255.28031E-03
+4.03861E-03,-1.20858981E+00,+3.17150059E+00,-230.46152E-03
+4.03961E-03,+833.62122E-03,+3.17373049E+00,+6.03722E-03
+4.04061E-03,-1.20858981E+00,+3.17278200E+00,+212.55166E-03
+4.04161E-03,-257.06219E-03,+3.17305838E+00,-255.27245E-03
+4.04261E-03,+750.04333E-03,+3.17300185E+00,+255.28031E-03
+4.04361E-03,-1.20858981E+00,+3.17192145E+00,-255.27245E-03
+4.04461E-03,+833.62122E-03,+3.17291391E+00,+234.33684E-03
+4.04561E-03,-1.20858981E+00,+3.17347924E+00,-37.46781E-03
+4.04661E-03,+831.72172E-03,+3.17374306E+00,-205.83464E-03
+4.04761E-03,-1.10170162E+00,+3.17221667E+00,+255.28031E-03
+4.04861E-03,-1.20858981E+00,+3.17245537E+00,-255.27245E-03
+4.04961E-03,+833.62122E-03,+3.17305838E+00,+255.28031E-03
+4.05061E-03,-1.20858981E+00,+3.17154456E+00,-243.18137E-03
+4.05161E-03,+833.62122E-03,+3.17311492E+00,+47.64651E-03
+4.05261E-03,-1.20858981E+00,+3.17193401E+00,+181.37798E-03
+4.05361E-03,+157.15263E-03,+3.17266265E+00,-255.27245E-03
+4.05461E-03,+505.22424E-03,+3.17341014E+00,+255.28031E-03
+4.05561E-03,-1.20858981E+00,+3.17266894E+00,-255.27245E-03
+4.05661E-03,+833.62122E-03,+3.17297673E+00,+244.98037E-03
+4.05761E-03,-1.20858981E+00,+3.17314632E+00,-78.72158E-03
+4.05861E-03,+833.62122E-03,+3.17401944E+00,-173.18389E-03
+4.05961E-03,-1.15942524E+00,+3.17332220E+00,+255.28031E-03
+4.06061E-03,-1.20858981E+00,+3.17261240E+00,-255.27245E-03
+4.06161E-03,+833.62122E-03,+3.17306466E+00,+255.28031E-03
+4.06261E-03,-1.20858981E+00,+3.17197798E+00,-248.63646E-03
+4.06361E-03,+833.62122E-03,+3.17366768E+00,+88.81266E-03
+4.06461E-03,-1.20858981E+00,+3.17185863E+00,+146.01303E-03
+4.06561E-03,+480.53957E-03,+3.17317773E+00,-255.27245E-03
+4.06661E-03,+101.20917E-03,+3.17283853E+00,+255.28031E-03
+4.06761E-03,-1.20858981E+00,+3.17172044E+00,-255.27245E-03
+4.06861E-03,+833.62122E-03,+3.17303954E+00,+249.59029E-03
+4.06961E-03,-1.20858981E+00,+3.17191517E+00,-119.28910E-03
+4.07061E-03,+833.62122E-03,+3.17421416E+00,-137.25707E-03
+4.07161E-03,-1.19385363E+00,+3.17259356E+00,+255.28031E-03
+4.07261E-03,-1.20637876E+00,+3.17182095E+00,-255.27245E-03
+4.07361E-03,+833.62122E-03,+3.17380587E+00,+255.28031E-03
+4.07461E-03,-1.20858981E+00,+3.17270662E+00,-251.97377E-03
+4.07561E-03,+833.62122E-03,+3.17349180E+00,+129.12861E-03
+4.07661E-03,-1.20858981E+00,+3.17293904E+00,+108.38112E-03
+4.07761E-03,+659.38127E-03,+3.17315889E+00,-255.27245E-03
+4.07861E-03,-353.52073E-03,+3.17255587E+00,+255.28031E-03
+4.07961E-03,-1.20858981E+00,+3.17197798E+00,-255.27245E-03
+4.08061E-03,+833.62122E-03,+3.17305838E+00,+252.62044E-03
+4.08161E-03,-1.20858981E+00,+3.17244909E+00,-158.50330E-03
+4.08261E-03,+833.62122E-03,+3.17383728E+00,-99.00361E-03
+4.08361E-03,-1.20849182E+00,+3.17306466E+00,+253.35254E-03
+4.08461E-03,-1.11193906E+00,+3.17227321E+00,-255.27245E-03
+4.08561E-03,+833.62122E-03,+3.17351064E+00,+255.28031E-03
+4.08661E-03,-1.20858981E+00,+3.17207220E+00,-254.12201E-03
+4.08761E-03,+833.62122E-03,+3.17297673E+00,+167.91913E-03
+4.08861E-03,-1.20858981E+00,+3.17244909E+00,+68.88741E-03
+4.08961E-03,+721.30966E-03,+3.17435863E+00,-251.93514E-03
+4.09061E-03,-728.17399E-03,+3.17053326E+00,+255.28031E-03
+4.09161E-03,-1.20858981E+00,+3.17243024E+00,-255.27245E-03
+4.09261E-03,+833.62122E-03,+3.17327195E+00,+254.48131E-03
+4.09361E-03,-1.20858981E+00,+3.17270662E+00,-193.45619E-03
+4.09461E-03,+833.62122E-03,+3.17303326E+00,-59.05732E-03
+4.09561E-03,-1.20858981E+00,+3.17244909E+00,+244.07993E-03
+4.09661E-03,-924.24811E-03,+3.17276944E+00,-255.27245E-03
+4.09761E-03,+833.62122E-03,+3.17299557E+00,+255.28031E-03
+4.09861E-03,-1.20858981E+00,+3.17225436E+00,-255.15562E-03
+4.09961E-03,+833.62122E-03,+3.17325311E+00,+200.68483E-03
+4.10061E-03,-1.20858981E+00,+3.17209733E+00,+27.82553E-03
+4.10161E-03,+776.07474E-03,+3.17383100E+00,-240.69331E-03
+4.10261E-03,-966.66771E-03,+3.17202823E+00,+255.28031E-03
+4.10361E-03,-1.20858981E+00,+3.17243024E+00,-255.27245E-03
+4.10461E-03,+833.62122E-03,+3.17376818E+00,+255.23791E-03
+4.10561E-03,-1.20858981E+00,+3.17205964E+00,-219.48194E-03
+4.10661E-03,+833.62122E-03,+3.17341014E+00,-17.70179E-03
+4.10761E-03,-1.20858981E+00,+3.17246793E+00,+226.48822E-03
+4.10861E-03,-514.92650E-03,+3.17315889E+00,-255.27245E-03
+4.10961E-03,+822.40011E-03,+3.17335361E+00,+255.28031E-03
+4.11061E-03,-1.20858981E+00,+3.17266894E+00,-255.27245E-03
+4.11161E-03,+833.62122E-03,+3.17329080E+00,+224.53031E-03
+4.11261E-03,-1.20858981E+00,+3.17256843E+00,-13.74764E-03
+4.11361E-03,+816.96293E-03,+3.17400688E+00,-221.05637E-03
+4.11461E-03,-1.06665137E+00,+3.17182095E+00,+255.28031E-03
+4.11561E-03,-1.20858981E+00,+3.17172044E+00,-255.27245E-03
+4.11661E-03,+833.62122E-03,+3.17317145E+00,+255.28031E-03
+4.11761E-03,-1.20858981E+00,+3.17221039E+00,-236.91410E-03
+4.11861E-03,+833.62122E-03,+3.17384356E+00,+23.94080E-03
+4.11961E-03,-1.20858981E+00,+3.17232346E+00,+200.16975E-03
+4.12061E-03,-65.15515E-03,+3.17286366E+00,-255.27245E-03
+4.12161E-03,+657.15137E-03,+3.17280085E+00,+255.28031E-03
+4.12261E-03,-1.20858981E+00,+3.17219155E+00,-255.27245E-03
+4.12361E-03,+833.62122E-03,+3.17337245E+00,+239.87453E-03
+4.12461E-03,-1.20858981E+00,+3.17243024E+00,-55.23131E-03
+4.12561E-03,+833.61745E-03,+3.17437748E+00,-192.48539E-03
+4.12661E-03,-1.12869785E+00,+3.17257471E+00,+255.28031E-03
+4.12761E-03,-1.20858981E+00,+3.17247421E+00,-255.27245E-03
+4.12861E-03,+833.62122E-03,+3.17329080E+00,+255.28031E-03
+4.12961E-03,-1.20858981E+00,+3.17249306E+00,-246.16473E-03
+4.13061E-03,+833.62122E-03,+3.17394406E+00,+65.35349E-03
+4.13161E-03,-1.20858981E+00,+3.17229205E+00,+166.51397E-03
+4.13261E-03,+302.97424E-03,+3.17337245E+00,-255.27245E-03
+4.13361E-03,+349.62123E-03,+3.17329708E+00,+255.28031E-03
+4.13461E-03,-1.20858981E+00,+3.17298301E+00,-255.27245E-03
+4.13561E-03,+833.62122E-03,+3.17280085E+00,+247.29632E-03
+4.13661E-03,-1.20858981E+00,+3.17235487E+00,-96.28062E-03
+4.13761E-03,+833.62122E-03,+3.17348552E+00,-158.05355E-03
+4.13861E-03,-1.17660363E+00,+3.17342270E+00,+255.28031E-03
+4.13961E-03,-1.20858981E+00,+3.17292647E+00,-255.27245E-03
+4.14061E-03,+833.62122E-03,+3.17314004E+00,+255.28031E-03
+4.14161E-03,-1.20858981E+00,+3.17199683E+00,-250.21938E-03
+4.14261E-03,+833.62122E-03,+3.17315889E+00,+106.20901E-03
+4.14361E-03,-1.20858981E+00,+3.17175813E+00,+130.21152E-03
+4.14461E-03,+590.06469E-03,+3.17329708E+00,-255.27245E-03
+4.14561E-03,-95.71294E-03,+3.17214758E+00,+255.28031E-03
+4.14661E-03,-1.20858981E+00,+3.17199683E+00,-255.27245E-03
+4.14761E-03,+833.62122E-03,+3.17285738E+00,+251.03376E-03
+4.14861E-03,-1.20858981E+00,+3.17256843E+00,-136.29381E-03
+4.14961E-03,+833.62122E-03,+3.17409482E+00,-121.07428E-03
+4.15061E-03,-1.20350187E+00,+3.17239255E+00,+255.10757E-03
+4.15161E-03,-1.18053705E+00,+3.17263125E+00,-255.27245E-03
+4.15261E-03,+833.62122E-03,+3.17333477E+00,+255.28031E-03
+4.15361E-03,-1.20858981E+00,+3.17195914E+00,-253.03847E-03
+4.15461E-03,+833.62122E-03,+3.17299557E+00,+145.98571E-03
+4.15561E-03,-1.20858981E+00,+3.17250562E+00,+91.68766E-03
+4.15661E-03,+685.90137E-03,+3.17441517E+00,-254.77497E-03
+4.15761E-03,-538.07475E-03,+3.17240512E+00,+255.28031E-03
+4.15861E-03,-1.20858981E+00,+3.17229205E+00,-255.27245E-03
+4.15961E-03,+833.62122E-03,+3.17404456E+00,+253.55417E-03
+4.16061E-03,-1.20858981E+00,+3.17211617E+00,-174.56956E-03
+4.16161E-03,+833.62122E-03,+3.17346667E+00,-82.05700E-03
+4.16261E-03,-1.20858981E+00,+3.17274431E+00,+250.36762E-03
+4.16361E-03,-1.04386620E+00,+3.17280713E+00,-255.27245E-03
+4.16461E-03,+833.62122E-03,+3.17303326E+00,+255.28031E-03
+4.16561E-03,-1.20858981E+00,+3.17308351E+00,-254.69770E-03
+4.16661E-03,+833.62122E-03,+3.17329080E+00,+183.08370E-03
+4.16761E-03,-1.20858981E+00,+3.17180210E+00,+51.45367E-03
+4.16861E-03,+747.30715E-03,+3.17418276E+00,-248.10725E-03
+4.16961E-03,-842.86746E-03,+3.17173301E+00,+255.28031E-03
+4.17061E-03,-1.20858981E+00,+3.17187748E+00,-255.27245E-03
+4.17161E-03,+833.62122E-03,+3.17349180E+00,+254.93357E-03
+4.17261E-03,-1.20858981E+00,+3.17243024E+00,-205.69645E-03
+4.17361E-03,+833.62122E-03,+3.17330964E+00,-41.42572E-03
+4.17461E-03,-1.20858981E+00,+3.17317773E+00,+237.60568E-03
+4.17561E-03,-772.76318E-03,+3.17315889E+00,-255.27245E-03
+4.17661E-03,+833.62122E-03,+3.17384356E+00,+255.28031E-03
+4.17761E-03,-1.20858981E+00,+3.17278828E+00,-255.27151E-03
+4.17861E-03,+833.62122E-03,+3.17351064E+00,+211.97534E-03
+4.17961E-03,-1.20858981E+00,+3.17195914E+00,+9.99262E-03
+4.18061E-03,+794.99811E-03,+3.17337245E+00,-233.31391E-03
+4.18161E-03,-1.02615765E+00,+3.17258728E+00,+255.28031E-03
+4.18261E-03,-1.20858981E+00,+3.17243024E+00,-255.27245E-03
+4.18361E-03,+833.62122E-03,+3.17347296E+00,+255.27936E-03
+4.18461E-03,-1.20858981E+00,+3.17180210E+00,-227.99513E-03
+4.18561E-03,+833.62122E-03,+3.17341014E+00,+84.96E-06
+4.18661E-03,-1.20858981E+00,+3.17224808E+00,+216.35191E-03
+4.18761E-03,-320.93404E-03,+3.17217270E+00,-255.27245E-03
+4.18861E-03,+773.23177E-03,+3.17319657E+00,+255.28031E-03
+4.18961E-03,-1.20858981E+00,+3.17205336E+00,-255.27245E-03
+4.19061E-03,+833.62122E-03,+3.17242396E+00,+232.14337E-03
+4.19161E-03,-1.20858981E+00,+3.17146291E+00,-31.58810E-03
+4.19261E-03,+829.44157E-03,+3.17376190E+00,-209.86291E-03
+4.19361E-03,-1.09371544E+00,+3.17243024E+00,+255.28031E-03
+4.19461E-03,-1.20858981E+00,+3.17211617E+00,-255.27245E-03
+4.19561E-03,+833.62122E-03,+3.17422044E+00,+255.28031E-03
+4.19661E-03,-1.20858981E+00,+3.17233602E+00,-241.84595E-03
+4.19761E-03,+833.62122E-03,+3.17394406E+00,+41.67823E-03
+4.19861E-03,-1.20858981E+00,+3.17183351E+00,+186.22880E-03
+4.19961E-03,+105.41520E-03,+3.17293904E+00,-255.27245E-03
+4.20061E-03,+545.88002E-03,+3.17378703E+00,+255.28031E-03
+4.20161E-03,-1.20858981E+00,+3.17172044E+00,-255.27245E-03
+4.20261E-03,+833.62122E-03,+3.17370537E+00,+243.93891E-03
+4.20361E-03,-1.20858981E+00,+3.17140637E+00,-72.93169E-03
+4.20461E-03,+833.62122E-03,+3.17347296E+00,-178.04570E-03
+4.20561E-03,-1.15307851E+00,+3.17231718E+00,+255.28031E-03
+4.20661E-03,-1.20858981E+00,+3.17221667E+00,-255.27245E-03
+4.20761E-03,+833.62122E-03,+3.17357346E+00,+255.28031E-03
+4.20861E-03,-1.20858981E+00,+3.17268778E+00,-248.06925E-03
+4.20961E-03,+833.62122E-03,+3.17406341E+00,+82.92855E-03
+4.21061E-03,-1.20858981E+00,+3.17244909E+00,+151.28596E-03
+4.21161E-03,+438.42148E-03,+3.17315889E+00,-255.27245E-03
+4.21261E-03,+162.42776E-03,+3.17252446E+00,+255.28031E-03
+4.21361E-03,-1.20858981E+00,+3.17161994E+00,-255.27245E-03
+4.21461E-03,+833.62122E-03,+3.17266265E+00,+249.05606E-03
+4.21561E-03,-1.20858981E+00,+3.17229205E+00,-113.61636E-03
+4.21661E-03,+833.62122E-03,+3.17409482E+00,-142.50832E-03
+4.21761E-03,-1.19013755E+00,+3.17298929E+00,+255.28031E-03
+4.21861E-03,-1.20847926E+00,+3.17278828E+00,-255.27245E-03
+4.21961E-03,+833.62122E-03,+3.17260612E+00,+255.28031E-03
+4.22061E-03,-1.20858981E+00,+3.17270662E+00,-251.57616E-03
+4.22161E-03,+833.62122E-03,+3.17309607E+00,+123.44551E-03
+4.22261E-03,-1.20858981E+00,+3.17246793E+00,+113.88238E-03
+4.22361E-03,+649.78203E-03,+3.17383100E+00,-255.27245E-03
+4.22461E-03,-293.32977E-03,+3.17212874E+00,+255.28031E-03
+4.22561E-03,-1.20858981E+00,+3.17246793E+00,-255.27245E-03
+4.22661E-03,+833.62122E-03,+3.17325311E+00,+252.25863E-03
+4.22761E-03,-1.20858981E+00,+3.17211617E+00,-152.98822E-03
+4.22861E-03,+833.62122E-03,+3.17405713E+00,-104.59563E-03
+4.22961E-03,-1.20805087E+00,+3.17344155E+00,+254.02277E-03
+4.23061E-03,-1.13147926E+00,+3.17217270E+00,-255.27245E-03
+4.23161E-03,+833.62122E-03,+3.17273803E+00,+255.28031E-03
+4.23261E-03,-1.20858981E+00,+3.17246793E+00,-253.88929E-03
+4.23361E-03,+833.62122E-03,+3.17384356E+00,+162.58338E-03
+4.23461E-03,-1.20858981E+00,+3.17219155E+00,+74.64588E-03
+4.23561E-03,+712.96167E-03,+3.17486115E+00,-252.86793E-03
+4.23661E-03,-688.24937E-03,+3.17101064E+00,+255.28031E-03
+4.23761E-03,-1.20858981E+00,+3.17180210E+00,-255.27245E-03
+4.23861E-03,+833.62122E-03,+3.17368652E+00,+254.28439E-03
+4.23961E-03,-1.20858981E+00,+3.17213502E+00,-188.99010E-03
+4.24061E-03,+833.62122E-03,+3.17356718E+00,-64.85788E-03
+4.24161E-03,-1.20858981E+00,+3.17201567E+00,+245.92478E-03
+4.24261E-03,-959.54208E-03,+3.17187748E+00,-255.27245E-03
+4.24361E-03,+833.62122E-03,+3.17337245E+00,+255.28031E-03
+4.24461E-03,-1.20858981E+00,+3.17190260E+00,-255.07270E-03
+4.24561E-03,+833.62122E-03,+3.17390009E+00,+196.61825E-03
+4.24661E-03,-1.20858981E+00,+3.17265009E+00,+33.70210E-03
+4.24761E-03,+769.52449E-03,+3.17380587E+00,-242.77308E-03
+4.24861E-03,-940.98806E-03,+3.17211617E+00,+255.28031E-03
+4.24961E-03,-1.20858981E+00,+3.17225436E+00,-255.27245E-03
+4.25061E-03,+833.62122E-03,+3.17364884E+00,+255.19362E-03
+4.25161E-03,-1.20858981E+00,+3.17229205E+00,-216.31171E-03
+4.25261E-03,+833.62122E-03,+3.17351064E+00,-23.66002E-03
+4.25361E-03,-1.20858981E+00,+3.17297673E+00,+229.58370E-03
+4.25461E-03,-579.90389E-03,+3.17306466E+00,-255.27245E-03
+4.25561E-03,+829.58604E-03,+3.17323426E+00,+255.28031E-03
+4.25661E-03,-1.20858981E+00,+3.17275059E+00,-255.27245E-03
+4.25761E-03,+833.62122E-03,+3.17325311E+00,+221.70116E-03
+4.25861E-03,-1.20858981E+00,+3.17258728E+00,-7.80072E-03
+4.25961E-03,+811.98805E-03,+3.17329080E+00,-224.35914E-03
+4.26061E-03,-1.05825816E+00,+3.17250562E+00,+255.28031E-03
+4.26161E-03,-1.20858981E+00,+3.17203451E+00,-255.27245E-03
+4.26261E-03,+833.62122E-03,+3.17356718E+00,+255.28031E-03
+4.26361E-03,-1.20858981E+00,+3.17253075E+00,-234.90405E-03
+4.26461E-03,+833.62122E-03,+3.17400059E+00,+17.94802E-03
+4.26561E-03,-1.20858981E+00,+3.17229205E+00,+204.48131E-03
+4.26661E-03,-125.89510E-03,+3.17305838E+00,-255.27245E-03
+4.26761E-03,+688.54836E-03,+3.17382471E+00,+255.28031E-03
+4.26861E-03,-1.20858981E+00,+3.17185863E+00,-255.27245E-03
+4.26961E-03,+833.62122E-03,+3.17262497E+00,+238.21027E-03
+4.27061E-03,-1.20858981E+00,+3.17185863E+00,-49.35317E-03
+4.27161E-03,+833.57599E-03,+3.17378075E+00,-197.07333E-03
+4.27261E-03,-1.12035740E+00,+3.17298301E+00,+255.28031E-03
+4.27361E-03,-1.20858981E+00,+3.17204080E+00,-255.27245E-03
+4.27461E-03,+833.62122E-03,+3.17384984E+00,+255.28031E-03
+4.27561E-03,-1.20858981E+00,+3.17194029E+00,-245.34061E-03
+4.27661E-03,+833.62122E-03,+3.17364884E+00,+59.47629E-03
+4.27761E-03,-1.20858981E+00,+3.17197798E+00,+171.55794E-03
+4.27861E-03,+256.08228E-03,+3.17278828E+00,-255.27245E-03
+4.27961E-03,+403.26695E-03,+3.17252446E+00,+255.28031E-03
+4.28061E-03,-1.20858981E+00,+3.17199683E+00,-255.27245E-03
+4.28161E-03,+833.62122E-03,+3.17381215E+00,+246.61636E-03
+4.28261E-03,-1.20858981E+00,+3.17189632E+00,-90.48288E-03
+4.28361E-03,+833.62122E-03,+3.17393778E+00,-163.15531E-03
+4.28461E-03,-1.17176821E+00,+3.17254959E+00,+255.28031E-03
+4.28561E-03,-1.20858981E+00,+3.17253075E+00,-255.27245E-03
+4.28661E-03,+833.62122E-03,+3.17260612E+00,+255.28031E-03
+4.28761E-03,-1.20858981E+00,+3.17241140E+00,-249.71906E-03
+4.28861E-03,+833.62122E-03,+3.17275688E+00,+100.46875E-03
+4.28961E-03,-1.20858981E+00,+3.17215386E+00,+135.51178E-03
+4.29061E-03,+558.35740E-03,+3.17265009E+00,-255.27245E-03
+4.29161E-03,-34.05214E-03,+3.17193401E+00,+255.28031E-03
+4.29261E-03,-1.20858981E+00,+3.17258728E+00,-255.27245E-03
+4.29361E-03,+833.62122E-03,+3.17342899E+00,+250.58338E-03
+4.29461E-03,-1.20858981E+00,+3.17190260E+00,-130.64306E-03
+4.29561E-03,+833.62122E-03,+3.17307095E+00,-126.51586E-03
+4.29661E-03,-1.20098052E+00,+3.17261240E+00,+255.21121E-03
+4.29761E-03,-1.19203454E+00,+3.17233602E+00,-255.27245E-03
+4.29861E-03,+833.62122E-03,+3.17317773E+00,+255.28031E-03
+4.29961E-03,-1.20858981E+00,+3.17234858E+00,-252.70681E-03
+4.30061E-03,+833.62122E-03,+3.17305838E+00,+140.42541E-03
+4.30161E-03,-1.20858981E+00,+3.17254959E+00,+97.27968E-03
+4.30261E-03,+677.40263E-03,+3.17416391E+00,-255.09971E-03
+4.30361E-03,-482.44912E-03,+3.17187120E+00,+255.28031E-03
+4.30461E-03,-1.20858981E+00,+3.17251190E+00,-255.27245E-03
+4.30561E-03,+833.62122E-03,+3.17297673E+00,+253.26868E-03
+4.30661E-03,-1.20858981E+00,+3.17168276E+00,-169.34500E-03
+4.30761E-03,+833.62122E-03,+3.17291391E+00,-87.76429E-03
+4.30861E-03,-1.20858981E+00,+3.17211617E+00,+251.53533E-03
+4.30961E-03,-1.06716519E+00,+3.17227321E+00,-255.27245E-03
+4.31061E-03,+833.62122E-03,+3.17281969E+00,+255.28031E-03
+4.31161E-03,-1.20858981E+00,+3.17193401E+00,-254.52528E-03
+4.31261E-03,+833.62122E-03,+3.17345411E+00,+178.26335E-03
+4.31361E-03,-1.20858981E+00,+3.17134356E+00,+57.26555E-03
+4.31461E-03,+739.32097E-03,+3.17359230E+00,-249.56517E-03
+4.31561E-03,-808.42148E-03,+3.17181466E+00,+255.28031E-03
+4.31661E-03,-1.20858981E+00,+3.17187748E+00,-255.27245E-03
+4.31761E-03,+833.62122E-03,+3.17364884E+00,+254.80543E-03
+4.31861E-03,-1.20858981E+00,+3.17237371E+00,-201.80512E-03
+4.31961E-03,+833.62122E-03,+3.17328451E+00,-47.29758E-03
+4.32061E-03,-1.20858981E+00,+3.17248678E+00,+239.94111E-03
+4.32161E-03,-830.05715E-03,+3.17260612E+00,-255.27245E-03
+4.32261E-03,+833.62122E-03,+3.17311492E+00,+255.28031E-03
+4.32361E-03,-1.20858981E+00,+3.17225436E+00,-255.25644E-03
+4.32461E-03,+833.62122E-03,+3.17341014E+00,+208.44833E-03
+4.32561E-03,-1.20858981E+00,+3.17213502E+00,+15.93232E-03
+4.32661E-03,+788.82474E-03,+3.17374934E+00,-235.96027E-03
+4.32761E-03,-1.01074685E+00,+3.17108602E+00,+255.28031E-03
+4.32861E-03,-1.20858981E+00,+3.17189632E+00,-255.27245E-03
+4.32961E-03,+833.62122E-03,+3.17366768E+00,+255.27465E-03
+4.33061E-03,-1.20858981E+00,+3.17302069E+00,-225.32773E-03
+4.33161E-03,+833.62122E-03,+3.17289507E+00,-5.82805E-03
+4.33261E-03,-1.20858981E+00,+3.17203451E+00,+219.86887E-03
+4.33361E-03,-385.19284E-03,+3.17259356E+00,-255.27245E-03
+4.33461E-03,+793.35238E-03,+3.17280085E+00,+255.28031E-03
+4.33561E-03,-1.20858981E+00,+3.17209733E+00,-255.27245E-03
+4.33661E-03,+833.62122E-03,+3.17299557E+00,+229.79632E-03
+4.33761E-03,-1.20858981E+00,+3.17189632E+00,-25.62453E-03
+4.33861E-03,+825.97424E-03,+3.17401944E+00,-213.77371E-03
+4.33961E-03,-1.08496042E+00,+3.17253075E+00,+255.28031E-03
+4.34061E-03,-1.20858981E+00,+3.17241140E+00,-255.27245E-03
+4.34161E-03,+833.62122E-03,+3.17354833E+00,+255.28031E-03
+4.34261E-03,-1.20858981E+00,+3.17239255E+00,-240.37861E-03
+4.34361E-03,+833.62122E-03,+3.17427698E+00,+35.82302E-03
+4.34461E-03,-1.20858981E+00,+3.17213502E+00,+190.93326E-03
+4.34561E-03,+51.79585E-03,+3.17293904E+00,-255.27245E-03
+4.34661E-03,+583.88253E-03,+3.17258100E+00,+255.28031E-03
+4.34761E-03,-1.20858981E+00,+3.17268778E+00,-255.27245E-03
+4.34861E-03,+833.62122E-03,+3.17339130E+00,+242.74324E-03
+4.34961E-03,-1.20858981E+00,+3.17195286E+00,-66.98445E-03
+4.35061E-03,+833.62122E-03,+3.17400059E+00,-182.89274E-03
+4.35161E-03,-1.14577449E+00,+3.17278828E+00,+255.28031E-03
+4.35261E-03,-1.20858981E+00,+3.17251190E+00,-255.27245E-03
+4.35361E-03,+833.62122E-03,+3.17315260E+00,+255.28031E-03
+4.35461E-03,-1.20858981E+00,+3.17183979E+00,-247.46718E-03
+4.35561E-03,+833.62122E-03,+3.17323426E+00,+77.15845E-03
+4.35661E-03,-1.20858981E+00,+3.17228577E+00,+156.39808E-03
+4.35761E-03,+395.03580E-03,+3.17290135E+00,-255.27245E-03
+4.35861E-03,+225.33228E-03,+3.17187120E+00,+255.28031E-03
+4.35961E-03,-1.20858981E+00,+3.17217899E+00,-255.27245E-03
+4.36061E-03,+833.62122E-03,+3.17302069E+00,+248.50581E-03
+4.36161E-03,-1.20858981E+00,+3.17243652E+00,-107.86385E-03
+4.36261E-03,+833.62122E-03,+3.17410110E+00,-147.73602E-03
+4.36361E-03,-1.18615011E+00,+3.17216014E+00,+255.28031E-03
+4.36461E-03,-1.20858981E+00,+3.17168276E+00,-255.27245E-03
+4.36561E-03,+833.62122E-03,+3.17293904E+00,+255.28031E-03
+4.36661E-03,-1.20858981E+00,+3.17114884E+00,-251.14745E-03
+4.36761E-03,+833.62122E-03,+3.17295160E+00,+117.71624E-03
+4.36861E-03,-1.20858981E+00,+3.17276316E+00,+119.36071E-03
+4.36961E-03,+636.54208E-03,+3.17337245E+00,-255.27245E-03
+4.37061E-03,-229.06721E-03,+3.17112371E+00,+255.28031E-03
+4.37161E-03,-1.20858981E+00,+3.17298301E+00,-255.27245E-03
+4.37261E-03,+833.62122E-03,+3.17323426E+00,+251.88081E-03
+4.37361E-03,-1.20858981E+00,+3.17163879E+00,-147.51743E-03
+4.37461E-03,+833.62122E-03,+3.17411366E+00,-110.12044E-03
+4.37561E-03,-1.20710866E+00,+3.17285110E+00,+254.52716E-03
+4.37661E-03,-1.14988630E+00,+3.17271291E+00,-255.27245E-03
+4.37761E-03,+833.62122E-03,+3.17307723E+00,+255.28031E-03
+4.37861E-03,-1.20858981E+00,+3.17233602E+00,-253.62641E-03
+4.37961E-03,+833.62122E-03,+3.17293904E+00,+157.08684E-03
+4.38061E-03,-1.20858981E+00,+3.17161994E+00,+80.35631E-03
+4.38161E-03,+703.94660E-03,+3.17367396E+00,-253.64871E-03
+4.38261E-03,-643.71168E-03,+3.17141894E+00,+255.28031E-03
+4.38361E-03,-1.20858981E+00,+3.17221667E+00,-255.27245E-03
+4.38461E-03,+833.62122E-03,+3.17358602E+00,+254.06580E-03
+4.38561E-03,-1.20858981E+00,+3.17195914E+00,-184.35034E-03
+4.38661E-03,+833.62122E-03,+3.17356718E+00,-70.61668E-03
+4.38761E-03,-1.20858981E+00,+3.17183979E+00,+247.54161E-03
+4.38861E-03,-989.99936E-03,+3.17203451E+00,-255.27245E-03
+4.38961E-03,+833.62122E-03,+3.17293904E+00,+255.28031E-03
+4.39061E-03,-1.20858981E+00,+3.17197798E+00,-254.96812E-03
+4.39161E-03,+833.62122E-03,+3.17286366E+00,+192.28502E-03
+4.39261E-03,-1.20858981E+00,+3.17251190E+00,+39.67290E-03
+4.39361E-03,+762.76695E-03,+3.17422673E+00,-244.73539E-03
+4.39461E-03,-912.33856E-03,+3.17167647E+00,+255.28031E-03
+4.39561E-03,-1.20858981E+00,+3.17232974E+00,-255.27245E-03
+4.39661E-03,+833.62122E-03,+3.17349180E+00,+255.12672E-03
+4.39761E-03,-1.20858981E+00,+3.17189632E+00,-212.97974E-03
+4.39861E-03,+833.62122E-03,+3.17330964E+00,-29.57962E-03
+4.39961E-03,-1.20858981E+00,+3.17210989E+00,+232.43043E-03
+4.40061E-03,-645.37876E-03,+3.17310235E+00,-255.27245E-03
+4.40161E-03,+832.81971E-03,+3.17283853E+00,+255.28031E-03
+4.40261E-03,-1.20858981E+00,+3.17270662E+00,-255.27245E-03
+4.40361E-03,+833.62122E-03,+3.17356718E+00,+218.66347E-03
+4.40461E-03,-1.20858981E+00,+3.17254959E+00,-1.89463E-03
+4.40561E-03,+806.51946E-03,+3.17493024E+00,-227.55135E-03
+4.40661E-03,-1.04956092E+00,+3.17266894E+00,+255.28031E-03
+4.40761E-03,-1.20858981E+00,+3.17294532E+00,-255.27245E-03
+4.40861E-03,+833.62122E-03,+3.17305838E+00,+255.28031E-03
+4.40961E-03,-1.20858981E+00,+3.17164507E+00,-232.79161E-03
+4.41061E-03,+833.62122E-03,+3.17359230E+00,+12.03659E-03
+4.41161E-03,-1.20858981E+00,+3.17262497E+00,+208.59249E-03
+4.41261E-03,-188.90641E-03,+3.17302069E+00,-255.27245E-03
+4.41361E-03,+718.95037E-03,+3.17297673E+00,+255.28031E-03
+4.41461E-03,-1.20858981E+00,+3.17211617E+00,-255.27245E-03
+4.41561E-03,+833.62122E-03,+3.17321542E+00,+236.33747E-03
+4.41661E-03,-1.20858981E+00,+3.17215386E+00,-43.41693E-03
+4.41761E-03,+833.18780E-03,+3.17410110E+00,-201.53690E-03
+4.41861E-03,-1.11167022E+00,+3.17283225E+00,+255.28031E-03
+4.41961E-03,-1.20858981E+00,+3.17209733E+00,-255.27245E-03
+4.42061E-03,+833.62122E-03,+3.17356718E+00,+255.28031E-03
+4.42161E-03,-1.20858981E+00,+3.17207848E+00,-244.34909E-03
+4.42261E-03,+833.62122E-03,+3.17364884E+00,+53.53627E-03
+4.42361E-03,-1.20858981E+00,+3.17262497E+00,+176.48382E-03
+4.42461E-03,+208.72424E-03,+3.17256843E+00,-255.27245E-03
+4.42561E-03,+454.39761E-03,+3.17335361E+00,+255.28031E-03
+4.42661E-03,-1.20858981E+00,+3.17221667E+00,-255.27245E-03
+4.42761E-03,+833.62122E-03,+3.17327195E+00,+245.86824E-03
+4.42861E-03,-1.20858981E+00,+3.17249306E+00,-84.67132E-03
+4.42961E-03,+833.62122E-03,+3.17317145E+00,-168.11573E-03
+4.43061E-03,-1.16623554E+00,+3.17298929E+00,+255.28031E-03
+4.43161E-03,-1.20858981E+00,+3.17276316E+00,-255.27245E-03
+4.43261E-03,+833.62122E-03,+3.17330964E+00,+255.28031E-03
+4.43361E-03,-1.20858981E+00,+3.17182095E+00,-249.19613E-03
+4.43461E-03,+833.62122E-03,+3.17360487E+00,+94.65593E-03
+4.43561E-03,-1.20858981E+00,+3.17179582E+00,+140.77874E-03
+4.43661E-03,+522.09233E-03,+3.17347296E+00,-255.27245E-03
+4.43761E-03,+30.23429E-03,+3.17242396E+00,+255.28031E-03
+4.43861E-03,-1.20858981E+00,+3.17209733E+00,-255.27245E-03
+4.43961E-03,+833.62122E-03,+3.17347296E+00,+250.09438E-03
+4.44061E-03,-1.20858981E+00,+3.17290135E+00,-125.02748E-03
+4.44161E-03,+833.62122E-03,+3.17442773E+00,-131.84406E-03
+4.44261E-03,-1.19785614E+00,+3.17257471E+00,+255.27340E-03
+4.44361E-03,-1.20068529E+00,+3.17241140E+00,-255.27245E-03
+4.44461E-03,+833.62122E-03,+3.17327195E+00,+255.28031E-03
+4.44561E-03,-1.20858981E+00,+3.17265009E+00,-252.36102E-03
+4.44661E-03,+833.62122E-03,+3.17292019E+00,+134.80418E-03
+4.44761E-03,-1.20858981E+00,+3.17180210E+00,+102.86165E-03
+4.44861E-03,+668.48429E-03,+3.17386868E+00,-255.25172E-03
+4.44961E-03,-422.88756E-03,+3.17141894E+00,+255.28031E-03
+4.45061E-03,-1.20858981E+00,+3.17292647E+00,-255.27245E-03
+4.45161E-03,+833.62122E-03,+3.17290135E+00,+252.95399E-03
+4.45261E-03,-1.20858981E+00,+3.17253075E+00,-163.95336E-03
+4.45361E-03,+833.62122E-03,+3.17368024E+00,-93.39117E-03
+4.45461E-03,-1.20858981E+00,+3.17304582E+00,+252.52340E-03
+4.45561E-03,-1.08935866E+00,+3.17246793E+00,-255.27245E-03
+4.45661E-03,+833.62122E-03,+3.17325311E+00,+255.28031E-03
+4.45761E-03,-1.20858981E+00,+3.17172044E+00,-254.34155E-03
+4.45861E-03,+833.62122E-03,+3.17392522E+00,+173.19299E-03
+4.45961E-03,-1.20858981E+00,+3.17253075E+00,+63.07428E-03
+4.46061E-03,+730.57725E-03,+3.17388753E+00,-250.78816E-03
+4.46161E-03,-771.81218E-03,+3.17155713E+00,+255.28031E-03
+4.46261E-03,-1.20858981E+00,+3.17296416E+00,-255.27245E-03
+4.46361E-03,+833.62122E-03,+3.17342899E+00,+254.65279E-03
+4.46461E-03,-1.20858981E+00,+3.17142522E+00,-197.70995E-03
+4.46561E-03,+833.62122E-03,+3.17346667E+00,-53.21153E-03
+4.46661E-03,-1.20858981E+00,+3.17262497E+00,+242.13144E-03
+4.46761E-03,-881.98931E-03,+3.17290135E+00,-255.27245E-03
+4.46861E-03,+833.62122E-03,+3.17277572E+00,+255.28031E-03
+4.46961E-03,-1.20858981E+00,+3.17254959E+00,-255.21686E-03
+4.47061E-03,+833.62122E-03,+3.17307723E+00,+204.69080E-03
+4.47161E-03,-1.20858981E+00,+3.17253075E+00,+21.83810E-03
+4.47261E-03,+782.80966E-03,+3.17481718E+00,-238.37170E-03
+4.47361E-03,-991.47424E-03,+3.17203451E+00,+255.28031E-03
+4.47461E-03,-1.20858981E+00,+3.17254959E+00,-255.27245E-03
+4.47561E-03,+833.62122E-03,+3.17364884E+00,+255.26240E-03
+4.47661E-03,-1.20858981E+00,+3.17199683E+00,-222.50675E-03
+4.47761E-03,+833.62122E-03,+3.17356718E+00,-11.75141E-03
+4.47861E-03,-1.20858981E+00,+3.17217270E+00,+223.30983E-03
+4.47961E-03,-449.14761E-03,+3.17243024E+00,-255.27245E-03
+4.48061E-03,+810.04584E-03,+3.17376818E+00,+255.28031E-03
+4.48161E-03,-1.20858981E+00,+3.17254959E+00,-255.27245E-03
+4.48261E-03,+833.62122E-03,+3.17315260E+00,+227.29444E-03
+4.48361E-03,-1.20858981E+00,+3.17239255E+00,-19.71435E-03
+4.48461E-03,+821.84735E-03,+3.17435863E+00,-217.42886E-03
+4.48561E-03,-1.07620162E+00,+3.17148175E+00,+255.28031E-03
+4.48661E-03,-1.20858981E+00,+3.17180210E+00,-255.27245E-03
+4.48761E-03,+833.62122E-03,+3.17396291E+00,+255.28031E-03
+4.48861E-03,-1.20858981E+00,+3.17189632E+00,-238.69676E-03
+4.48961E-03,+833.62122E-03,+3.17330964E+00,+29.86919E-03
+4.49061E-03,-1.20858981E+00,+3.17258728E+00,+195.66881E-03
+4.49161E-03,-4.65641E-03,+3.17273803E+00,-255.27245E-03
+4.49261E-03,+620.17147E-03,+3.17258728E+00,+255.28031E-03
+4.49361E-03,-1.20858981E+00,+3.17158225E+00,-255.27245E-03
+4.49461E-03,+833.62122E-03,+3.17362999E+00,+241.40876E-03
+4.49561E-03,-1.20858981E+00,+3.17217899E+00,-61.18985E-03
+4.49661E-03,+833.62122E-03,+3.17392522E+00,-187.72409E-03
+4.49761E-03,-1.13792399E+00,+3.17219783E+00,+255.28031E-03
+4.49861E-03,-1.20858981E+00,+3.17199683E+00,-255.27245E-03
+4.49961E-03,+833.62122E-03,+3.17347296E+00,+255.28031E-03
+4.50061E-03,-1.20858981E+00,+3.17213502E+00,-246.83778E-03
+4.50161E-03,+833.62122E-03,+3.17323426E+00,+71.30700E-03
+4.50261E-03,-1.20858981E+00,+3.17236743E+00,+161.45681E-03
+4.50361E-03,+350.30716E-03,+3.17243024E+00,-255.27245E-03
+4.50461E-03,+287.40766E-03,+3.17261868E+00,+255.28031E-03
+4.50561E-03,-1.20858981E+00,+3.17265009E+00,-255.27245E-03
+4.50661E-03,+833.62122E-03,+3.17274431E+00,+247.92446E-03
+4.50761E-03,-1.20858981E+00,+3.17211617E+00,-102.08621E-03
+4.50861E-03,+833.62122E-03,+3.17380587E+00,-152.88992E-03
+4.50961E-03,-1.18168027E+00,+3.17286994E+00,+255.28031E-03
+4.51061E-03,-1.20858981E+00,+3.17205336E+00,-255.27245E-03
+4.51161E-03,+833.62122E-03,+3.17371165E+00,+255.28031E-03
+4.51261E-03,-1.20858981E+00,+3.17221667E+00,-250.69896E-03
+4.51361E-03,+833.62122E-03,+3.17293904E+00,+112.09124E-03
+4.51461E-03,-1.20858981E+00,+3.17260612E+00,+124.75926E-03
+4.51561E-03,+618.38127E-03,+3.17266894E+00,-255.27245E-03
+4.51661E-03,-162.73555E-03,+3.17167647E+00,+255.28031E-03
+4.51761E-03,-1.20858981E+00,+3.17213502E+00,-255.27245E-03
+4.51861E-03,+833.62122E-03,+3.17325311E+00,+251.47471E-03
+4.51961E-03,-1.20858981E+00,+3.17268778E+00,-141.92509E-03
+4.52061E-03,+833.62122E-03,+3.17403828E+00,-115.62610E-03
+4.52161E-03,-1.20565388E+00,+3.17336617E+00,+254.90028E-03
+4.52261E-03,-1.16608228E+00,+3.17233602E+00,-255.27245E-03
+4.52361E-03,+833.62122E-03,+3.17319657E+00,+255.28031E-03
+4.52461E-03,-1.20858981E+00,+3.17233602E+00,-253.34281E-03
+4.52561E-03,+833.62122E-03,+3.17301441E+00,+151.59281E-03
+4.52661E-03,-1.20858981E+00,+3.17286366E+00,+85.98068E-03
+4.52761E-03,+695.42147E-03,+3.17404456E+00,-254.29821E-03
+4.52861E-03,-594.18530E-03,+3.17169532E+00,+255.28031E-03
+4.52961E-03,-1.20858981E+00,+3.17246793E+00,-255.27245E-03
+4.53061E-03,+833.62122E-03,+3.17386868E+00,+253.82930E-03
+4.53161E-03,-1.20858981E+00,+3.17237371E+00,-179.54758E-03
+4.53261E-03,+833.62122E-03,+3.17370537E+00,-76.37987E-03
+4.53361E-03,-1.20858981E+00,+3.17278828E+00,+249.04098E-03
+4.53461E-03,-1.01730590E+00,+3.17278828E+00,-255.27245E-03
+4.53561E-03,+833.62122E-03,+3.17347296E+00,+255.28031E-03
+4.53661E-03,-1.20858981E+00,+3.17303954E+00,-254.84375E-03
+4.53761E-03,+833.62122E-03,+3.17292019E+00,+187.82490E-03
+4.53861E-03,-1.20858981E+00,+3.17248678E+00,+45.52214E-03
+4.53961E-03,+755.02951E-03,+3.17381215E+00,-246.48351E-03
+4.54061E-03,-878.33731E-03,+3.17157597E+00,+255.28031E-03
+4.54161E-03,-1.20858981E+00,+3.17235487E+00,-255.27245E-03
+4.54261E-03,+833.62122E-03,+3.17335361E+00,+255.04381E-03
+4.54361E-03,-1.20858981E+00,+3.17182095E+00,-209.42101E-03
+4.54461E-03,+833.62122E-03,+3.17358602E+00,-35.50393E-03
+4.54561E-03,-1.20858981E+00,+3.17290135E+00,+235.11134E-03
+4.54661E-03,-710.82600E-03,+3.17317773E+00,-255.27245E-03
+4.54761E-03,+833.53831E-03,+3.17320914E+00,+255.28031E-03
+4.54861E-03,-1.20858981E+00,+3.17284482E+00,-255.27245E-03
+4.54961E-03,+833.62122E-03,+3.17355461E+00,+215.44551E-03
+4.55061E-03,-1.20858981E+00,+3.17305838E+00,+4.03785E-03
+4.55161E-03,+800.82474E-03,+3.17513125E+00,-230.52936E-03
+4.55261E-03,-1.03905087E+00,+3.17201567E+00,+255.28031E-03
+4.55361E-03,-1.20858981E+00,+3.17280713E+00,-255.27245E-03
+4.55461E-03,+833.62122E-03,+3.17346667E+00,+255.28031E-03
+4.55561E-03,-1.20858981E+00,+3.17199683E+00,-230.47534E-03
+4.55661E-03,+833.62122E-03,+3.17363627E+00,+6.12484E-03
+4.55761E-03,-1.20858981E+00,+3.17317773E+00,+212.52402E-03
+4.55861E-03,-256.64761E-03,+3.17239255E+00,-255.27245E-03
+4.55961E-03,+748.10866E-03,+3.17321542E+00,+255.28031E-03
+4.56061E-03,-1.20858981E+00,+3.17272547E+00,-255.27245E-03
+4.56161E-03,+833.62122E-03,+3.17325311E+00,+234.34312E-03
+4.56261E-03,-1.20858981E+00,+3.17261240E+00,-37.48131E-03
+4.56361E-03,+831.88378E-03,+3.17422044E+00,-205.76554E-03
+4.56461E-03,-1.10260615E+00,+3.17253075E+00,+255.28031E-03
+4.56561E-03,-1.20858981E+00,+3.17219155E+00,-255.27245E-03
+4.56661E-03,+833.62122E-03,+3.17293904E+00,+255.28031E-03
+4.56761E-03,-1.20858981E+00,+3.17300185E+00,-243.18828E-03
+4.56861E-03,+833.62122E-03,+3.17362999E+00,+47.69143E-03
+4.56961E-03,-1.20858981E+00,+3.17241140E+00,+181.34438E-03
+4.57061E-03,+158.61746E-03,+3.17335361E+00,-255.27245E-03
+4.57161E-03,+502.32223E-03,+3.17268150E+00,+255.28031E-03
+4.57261E-03,-1.20858981E+00,+3.17217899E+00,-255.27245E-03
+4.57361E-03,+833.62122E-03,+3.17325311E+00,+244.97597E-03
+4.57461E-03,-1.20858981E+00,+3.17145034E+00,-78.75707E-03
+4.57561E-03,+833.62122E-03,+3.17408225E+00,-173.10694E-03
+4.57661E-03,-1.15998303E+00,+3.17236115E+00,+255.28031E-03
+4.57761E-03,-1.20858981E+00,+3.17261240E+00,-255.27245E-03
+4.57861E-03,+833.62122E-03,+3.17364884E+00,+255.28031E-03
+4.57961E-03,-1.20858981E+00,+3.17235487E+00,-248.64211E-03
+4.58061E-03,+833.62122E-03,+3.17358602E+00,+88.84783E-03
+4.58161E-03,-1.20858981E+00,+3.17221039E+00,+146.04161E-03
+4.58261E-03,+480.93530E-03,+3.17393150E+00,-255.27245E-03
+4.58361E-03,+97.33982E-03,+3.17181466E+00,+255.28031E-03
+4.58461E-03,-1.20858981E+00,+3.17164507E+00,-255.27245E-03
+4.58561E-03,+833.62122E-03,+3.17300185E+00,+249.59500E-03
+4.58661E-03,-1.20858981E+00,+3.17202195E+00,-119.33244E-03
+4.58761E-03,+833.62122E-03,+3.17260612E+00,-137.19708E-03
+4.58861E-03,-1.19409107E+00,+3.17330336E+00,+255.28031E-03
+4.58961E-03,-1.20615765E+00,+3.17263125E+00,-255.27245E-03
+4.59061E-03,+833.62122E-03,+3.17293904E+00,+255.28031E-03
+4.59161E-03,-1.20858981E+00,+3.17197798E+00,-251.97471E-03
+4.59261E-03,+833.62122E-03,+3.17342899E+00,+129.19268E-03
+4.59361E-03,-1.20858981E+00,+3.17263125E+00,+108.36636E-03
+4.59461E-03,+659.69409E-03,+3.17321542E+00,-255.27245E-03
+4.59561E-03,-358.77198E-03,+3.17165135E+00,+255.28031E-03
+4.59661E-03,-1.20858981E+00,+3.17180210E+00,-255.27245E-03
+4.59761E-03,+833.62122E-03,+3.17290135E+00,+252.62610E-03
+4.59861E-03,-1.20858981E+00,+3.17244909E+00,-158.53596E-03
+4.59961E-03,+833.62122E-03,+3.17358602E+00,-98.96121E-03
+4.60061E-03,-1.20850313E+00,+3.17276944E+00,+253.33872E-03
+4.60161E-03,-1.11130338E+00,+3.17294532E+00,-255.27245E-03
+4.60261E-03,+833.62122E-03,+3.17359230E+00,+255.28031E-03
+4.60361E-03,-1.20858981E+00,+3.17237371E+00,-254.12107E-03
+4.60461E-03,+833.62122E-03,+3.17396291E+00,+168.00141E-03
+4.60561E-03,-1.20858981E+00,+3.17280713E+00,+68.88050E-03
+4.60661E-03,+721.66770E-03,+3.17417019E+00,-251.91441E-03
+4.60761E-03,-731.54836E-03,+3.17136240E+00,+255.28031E-03
+4.60861E-03,-1.20858981E+00,+3.17217899E+00,-255.27245E-03
+4.60961E-03,+833.62122E-03,+3.17398175E+00,+254.48225E-03
+4.61061E-03,-1.20858981E+00,+3.17260612E+00,-193.51335E-03
+4.61161E-03,+833.62122E-03,+3.17370537E+00,-58.99827E-03
+4.61261E-03,-1.20858981E+00,+3.17190260E+00,+244.07993E-03
+4.61361E-03,-923.39132E-03,+3.17243024E+00,-255.27245E-03
+4.61461E-03,+833.62122E-03,+3.17374934E+00,+255.28031E-03
+4.61561E-03,-1.20858981E+00,+3.17239255E+00,-255.15468E-03
+4.61661E-03,+833.62122E-03,+3.17283853E+00,+200.71184E-03
+4.61761E-03,-1.20858981E+00,+3.17205336E+00,+27.80323E-03
+4.61861E-03,+776.43655E-03,+3.17373049E+00,-240.66567E-03
+4.61961E-03,-967.93404E-03,+3.17170160E+00,+255.28031E-03
+4.62061E-03,-1.20858981E+00,+3.17201567E+00,-255.27245E-03
+4.62161E-03,+833.62122E-03,+3.17253075E+00,+255.23791E-03
+4.62261E-03,-1.20858981E+00,+3.17166391E+00,-219.51806E-03
+4.62361E-03,+833.62122E-03,+3.17352949E+00,-17.63615E-03
+4.62461E-03,-1.20858981E+00,+3.17168276E+00,+226.47440E-03
+4.62561E-03,-515.70037E-03,+3.17280713E+00,-255.27245E-03
+4.62661E-03,+822.42775E-03,+3.17272547E+00,+255.28031E-03
+4.62761E-03,-1.20858981E+00,+3.17209733E+00,-255.27245E-03
+4.62861E-03,+833.62122E-03,+3.17307723E+00,+224.56674E-03
+4.62961E-03,-1.20858981E+00,+3.17223552E+00,-13.75047E-03
+4.63061E-03,+817.07976E-03,+3.17438376E+00,-221.00801E-03
+4.63161E-03,-1.06694157E+00,+3.17241140E+00,+255.28031E-03
+4.63261E-03,-1.20858981E+00,+3.17266894E+00,-255.27245E-03
+4.63361E-03,+833.62122E-03,+3.17313376E+00,+255.28031E-03
+4.63461E-03,-1.20858981E+00,+3.17148803E+00,-236.91693E-03
+4.63561E-03,+833.62122E-03,+3.17341014E+00,+23.94048E-03
+4.63661E-03,-1.20858981E+00,+3.17210989E+00,+200.14211E-03
+4.63761E-03,-64.77199E-03,+3.17237371E+00,-255.27245E-03
+4.63861E-03,+656.93027E-03,+3.17225436E+00,+255.28031E-03
+4.63961E-03,-1.20858981E+00,+3.17204080E+00,-255.27245E-03
+4.64061E-03,+833.62122E-03,+3.17305838E+00,+239.88615E-03
+4.64161E-03,-1.20858981E+00,+3.17236743E+00,-55.28942E-03
+4.64261E-03,+833.61745E-03,+3.17384984E+00,-192.43703E-03
+4.64361E-03,-1.12895414E+00,+3.17281341E+00,+255.28031E-03
+4.64461E-03,-1.20858981E+00,+3.17156341E+00,-255.27245E-03
+4.64561E-03,+833.62122E-03,+3.17256215E+00,+255.28031E-03
+4.64661E-03,-1.20858981E+00,+3.17261240E+00,-246.16944E-03
+4.64761E-03,+833.62122E-03,+3.17352949E+00,+65.42604E-03
+4.64861E-03,-1.20858981E+00,+3.17211617E+00,+166.54852E-03
+4.64961E-03,+303.54082E-03,+3.17286366E+00,-255.27245E-03
+4.65061E-03,+348.59861E-03,+3.17252446E+00,+255.28031E-03
+4.65161E-03,-1.20858981E+00,+3.17268778E+00,-255.27245E-03
+4.65261E-03,+833.62122E-03,+3.17283853E+00,+247.31265E-03
+4.65361E-03,-1.20858981E+00,+3.17195914E+00,-96.31328E-03
+4.65461E-03,+833.62122E-03,+3.17317145E+00,-157.95493E-03
+4.65561E-03,-1.17684107E+00,+3.17316517E+00,+255.28031E-03
+4.65661E-03,-1.20858981E+00,+3.17215386E+00,-255.27245E-03
+4.65761E-03,+833.62122E-03,+3.17268150E+00,+255.28031E-03
+4.65861E-03,-1.20858981E+00,+3.17249306E+00,-250.22503E-03
+4.65961E-03,+833.62122E-03,+3.17366768E+00,+106.22754E-03
+4.66061E-03,-1.20858981E+00,+3.17231090E+00,+130.13678E-03
+4.66161E-03,+590.34359E-03,+3.17378703E+00,-255.27245E-03
+4.66261E-03,-97.26068E-03,+3.17252446E+00,+255.28031E-03
+4.66361E-03,-1.20858981E+00,+3.17256843E+00,-255.27245E-03
+4.66461E-03,+833.62122E-03,+3.17354833E+00,+251.03847E-03
+4.66561E-03,-1.20858981E+00,+3.17219783E+00,-136.35286E-03
+4.66661E-03,+833.62122E-03,+3.17395662E+00,-121.04789E-03
+4.66761E-03,-1.20356594E+00,+3.17326567E+00,+255.12139E-03
+4.66861E-03,-1.18037122E+00,+3.17275059E+00,-255.27245E-03
+4.66961E-03,+833.62122E-03,+3.17345411E+00,+255.28031E-03
+4.67061E-03,-1.20858981E+00,+3.17168276E+00,-253.04130E-03
+4.67161E-03,+833.62122E-03,+3.17351064E+00,+146.05355E-03
+4.67261E-03,-1.20858981E+00,+3.17194029E+00,+91.67698E-03
+4.67361E-03,+686.05590E-03,+3.17390637E+00,-254.76806E-03
+4.67461E-03,-539.70917E-03,+3.17266265E+00,+255.28031E-03
+4.67561E-03,-1.20858981E+00,+3.17181466E+00,-255.27245E-03
+4.67661E-03,+833.62122E-03,+3.17321542E+00,+253.55889E-03
+4.67761E-03,-1.20858981E+00,+3.17260612E+00,-174.54444E-03
+4.67861E-03,+833.62122E-03,+3.17311492E+00,-82.02685E-03
+4.67961E-03,-1.20858981E+00,+3.17296416E+00,+250.37453E-03
+4.68061E-03,-1.04281595E+00,+3.17310235E+00,-255.27245E-03
+4.68161E-03,+833.62122E-03,+3.17295788E+00,+255.28031E-03
+4.68261E-03,-1.20858981E+00,+3.17272547E+00,-254.69676E-03
+4.68361E-03,+833.62122E-03,+3.17323426E+00,+183.12264E-03
+4.68461E-03,-1.20858981E+00,+3.17207848E+00,+51.39431E-03
+4.68561E-03,+747.23554E-03,+3.17424557E+00,-248.10725E-03
+4.68661E-03,-843.31972E-03,+3.17203451E+00,+255.28031E-03
+4.68761E-03,-1.20858981E+00,+3.17249306E+00,-255.27245E-03
+4.68861E-03,+833.62122E-03,+3.17353577E+00,+254.93451E-03
+4.68961E-03,-1.20858981E+00,+3.17253075E+00,-205.69802E-03
+4.69061E-03,+833.62122E-03,+3.17336617E+00,-41.37296E-03
+4.69161E-03,-1.20858981E+00,+3.17236743E+00,+237.62641E-03
+4.69261E-03,-774.06218E-03,+3.17328451E+00,-255.27245E-03
+4.69361E-03,+833.62122E-03,+3.17232974E+00,+255.28031E-03
+4.69461E-03,-1.20858981E+00,+3.17231090E+00,-255.27057E-03
+4.69561E-03,+833.62122E-03,+3.17330964E+00,+212.02528E-03
+4.69661E-03,-1.20858981E+00,+3.17154456E+00,+9.94802E-03
+4.69761E-03,+794.76444E-03,+3.17432095E+00,-233.27936E-03
+4.69861E-03,-1.02602449E+00,+3.17213502E+00,+255.28031E-03
+4.69961E-03,-1.20858981E+00,+3.17178326E+00,-255.27245E-03
+4.70061E-03,+833.62122E-03,+3.17296416E+00,+255.27936E-03
+4.70161E-03,-1.20858981E+00,+3.17266894E+00,-227.98791E-03
+4.70261E-03,+833.62122E-03,+3.17330964E+00,+169.44E-06
+4.70361E-03,-1.20858981E+00,+3.17294532E+00,+216.30355E-03
+4.70461E-03,-321.12751E-03,+3.17298301E+00,-255.27245E-03
+4.70561E-03,+774.55841E-03,+3.17337245E+00,+255.28031E-03
+4.70661E-03,-1.20858981E+00,+3.17284482E+00,-255.27245E-03
+4.70761E-03,+833.62122E-03,+3.17386240E+00,+232.18860E-03
+4.70861E-03,-1.20858981E+00,+3.17166391E+00,-31.61385E-03
+4.70961E-03,+829.31720E-03,+3.17411994E+00,-209.84909E-03
+4.71061E-03,-1.09337248E+00,+3.17204080E+00,+255.28031E-03
+4.71161E-03,-1.20858981E+00,+3.17215386E+00,-255.27245E-03
+4.71261E-03,+833.62122E-03,+3.17324054E+00,+255.28031E-03
+4.71361E-03,-1.20858981E+00,+3.17188376E+00,-241.85568E-03
+4.71461E-03,+833.62122E-03,+3.17323426E+00,+41.72943E-03
+4.71561E-03,-1.20858981E+00,+3.17199683E+00,+186.22974E-03
+4.71661E-03,+106.24309E-03,+3.17286366E+00,-255.27245E-03
+4.71761E-03,+546.76444E-03,+3.17270034E+00,+255.28031E-03
+4.71861E-03,-1.20858981E+00,+3.17284482E+00,-255.27245E-03
+4.71961E-03,+833.62122E-03,+3.17307723E+00,+243.93577E-03
+4.72061E-03,-1.20858981E+00,+3.17237371E+00,-72.94739E-03
+4.72161E-03,+833.62122E-03,+3.17407597E+00,-178.00424E-03
+4.72261E-03,-1.15292398E+00,+3.17180838E+00,+255.28031E-03
+4.72361E-03,-1.20858981E+00,+3.17170160E+00,-255.27245E-03
+4.72461E-03,+833.62122E-03,+3.17293904E+00,+255.28031E-03
+4.72561E-03,-1.20858981E+00,+3.17156341E+00,-248.07113E-03
+4.72661E-03,+833.62122E-03,+3.17261868E+00,+83.05166E-03
+4.72761E-03,-1.20858981E+00,+3.17227321E+00,+151.22283E-03
+4.72861E-03,+438.60364E-03,+3.17296416E+00,-255.27245E-03
+4.72961E-03,+166.54585E-03,+3.17224808E+00,+255.28031E-03
+4.73061E-03,-1.20858981E+00,+3.17205964E+00,-255.27245E-03
+4.73161E-03,+833.62122E-03,+3.17297673E+00,+249.06171E-03
+4.73261E-03,-1.20858981E+00,+3.17219783E+00,-113.63081E-03
+4.73361E-03,+833.62122E-03,+3.17324683E+00,-142.51146E-03
+4.73461E-03,-1.18998303E+00,+3.17210361E+00,+255.28031E-03
+4.73561E-03,-1.20839635E+00,+3.17237371E+00,-255.27245E-03
+4.73661E-03,+833.62122E-03,+3.17307723E+00,+255.28031E-03
+4.73761E-03,-1.20858981E+00,+3.17150059E+00,-251.57710E-03
+4.73861E-03,+833.62122E-03,+3.17374934E+00,+123.51931E-03
+4.73961E-03,-1.20858981E+00,+3.17254959E+00,+113.85568E-03
+4.74061E-03,+649.70791E-03,+3.17365512E+00,-255.27245E-03
+4.74161E-03,-290.75942E-03,+3.17219155E+00,+255.28031E-03
+4.74261E-03,-1.20858981E+00,+3.17223552E+00,-255.27245E-03
+4.74361E-03,+833.62122E-03,+3.17302069E+00,+252.26806E-03
+4.74461E-03,-1.20858981E+00,+3.17233602E+00,-153.00361E-03
+4.74561E-03,+833.62122E-03,+3.17401944E+00,-104.53784E-03
+4.74661E-03,-1.20806218E+00,+3.17280713E+00,+254.00895E-03
+4.74761E-03,-1.13142398E+00,+3.17253075E+00,-255.27245E-03
+4.74861E-03,+833.62122E-03,+3.17256215E+00,+255.28031E-03
+4.74961E-03,-1.20858981E+00,+3.17179582E+00,-253.88363E-03
+4.75061E-03,+833.62122E-03,+3.17317773E+00,+162.62673E-03
+4.75161E-03,-1.20858981E+00,+3.17112999E+00,+74.57365E-03
+4.75261E-03,+712.51318E-03,+3.17310235E+00,-252.86102E-03
+4.75361E-03,-686.37876E-03,+3.17167647E+00,+255.28031E-03
+4.75461E-03,-1.20858981E+00,+3.17214130E+00,-255.27245E-03
+4.75561E-03,+833.62122E-03,+3.17205336E+00,+254.28910E-03
+4.75661E-03,-1.20858981E+00,+3.17322170E+00,-188.97691E-03
+4.75761E-03,+833.62122E-03,+3.17311492E+00,-64.81988E-03
+4.75861E-03,-1.20858981E+00,+3.17270662E+00,+245.94551E-03
+4.75961E-03,-959.79082E-03,+3.17245537E+00,-255.27245E-03
+4.76061E-03,+833.62122E-03,+3.17339130E+00,+255.28031E-03
+4.76161E-03,-1.20858981E+00,+3.17243024E+00,-255.07270E-03
+4.76261E-03,+833.62122E-03,+3.17333477E+00,+196.63772E-03
+4.76361E-03,-1.20858981E+00,+3.17221667E+00,+33.66661E-03
+4.76461E-03,+769.47926E-03,+3.17457848E+00,-242.75235E-03
+4.76561E-03,-939.61494E-03,+3.17155713E+00,+255.28031E-03
+4.76661E-03,-1.20858981E+00,+3.17158225E+00,-255.27245E-03
+4.76761E-03,+833.62122E-03,+3.17312120E+00,+255.19362E-03
+4.76861E-03,-1.20858981E+00,+3.17217899E+00,-216.31171E-03
+4.76961E-03,+833.62122E-03,+3.17380587E+00,-23.58464E-03
+4.77061E-03,-1.20858981E+00,+3.17258728E+00,+229.55606E-03
+4.77161E-03,-582.77826E-03,+3.17219783E+00,-255.27245E-03
+4.77261E-03,+829.83479E-03,+3.17352949E+00,+255.28031E-03
+4.77361E-03,-1.20858981E+00,+3.17201567E+00,-255.27245E-03
+4.77461E-03,+833.62122E-03,+3.17321542E+00,+221.76209E-03
+4.77561E-03,-1.20858981E+00,+3.17187748E+00,-7.88552E-03
+4.77661E-03,+811.83353E-03,+3.17440260E+00,-224.33150E-03
+4.77761E-03,-1.05774183E+00,+3.17173929E+00,+255.28031E-03
+4.77861E-03,-1.20858981E+00,+3.17223552E+00,-255.27245E-03
+4.77961E-03,+833.62122E-03,+3.17212874E+00,+255.28031E-03
+4.78061E-03,-1.20858981E+00,+3.17183979E+00,-234.93357E-03
+4.78161E-03,+833.62122E-03,+3.17321542E+00,+18.01806E-03
+4.78261E-03,-1.20858981E+00,+3.17159482E+00,+204.42603E-03
+4.78361E-03,-126.44786E-03,+3.17266894E+00,-255.27245E-03
+4.78461E-03,+690.98052E-03,+3.17349180E+00,+255.28031E-03
+4.78561E-03,-1.20858981E+00,+3.17226064E+00,-255.27245E-03
+4.78661E-03,+833.62122E-03,+3.17347296E+00,+238.21561E-03
+4.78761E-03,-1.20858981E+00,+3.17205964E+00,-49.32962E-03
+4.78861E-03,+833.56469E-03,+3.17415763E+00,-197.06642E-03
+4.78961E-03,-1.11981846E+00,+3.17265009E+00,+255.28031E-03
+4.79061E-03,-1.20858981E+00,+3.17207848E+00,-255.27245E-03
+4.79161E-03,+833.62122E-03,+3.17362999E+00,+255.28031E-03
+4.79261E-03,-1.20858981E+00,+3.17176441E+00,-245.34752E-03
+4.79361E-03,+833.62122E-03,+3.17303326E+00,+59.54915E-03
+4.79461E-03,-1.20858981E+00,+3.17217270E+00,+171.54224E-03
+4.79561E-03,+255.75816E-03,+3.17256843E+00,-255.27245E-03
+4.79661E-03,+407.49560E-03,+3.17231090E+00,+255.28031E-03
+4.79761E-03,-1.20858981E+00,+3.17195914E+00,-255.27245E-03
+4.79861E-03,+833.62122E-03,+3.17374934E+00,+246.63175E-03
+4.79961E-03,-1.20858981E+00,+3.17200311E+00,-90.45399E-03
+4.80061E-03,+833.62122E-03,+3.17317145E+00,-163.10600E-03
+4.80161E-03,-1.17142524E+00,+3.17298929E+00,+255.28031E-03
+4.80261E-03,-1.20858981E+00,+3.17170160E+00,-255.27245E-03
+4.80361E-03,+833.62122E-03,+3.17271919E+00,+255.28031E-03
+4.80461E-03,-1.20858981E+00,+3.17265009E+00,-249.72000E-03
+4.80561E-03,+833.62122E-03,+3.17274431E+00,+100.50675E-03
+4.80661E-03,-1.20858981E+00,+3.17144406E+00,+135.45367E-03
+4.80761E-03,+556.91143E-03,+3.17353577E+00,-255.27245E-03
+4.80861E-03,-27.94410E-03,+3.17221039E+00,+255.28031E-03
+4.80961E-03,-1.20858981E+00,+3.17197798E+00,-255.27245E-03
+4.81061E-03,+833.62122E-03,+3.17305838E+00,+250.58904E-03
+4.81161E-03,-1.20858981E+00,+3.17290763E+00,-130.69017E-03
+4.81261E-03,+833.62122E-03,+3.17388753E+00,-126.50424E-03
+4.81361E-03,-1.20070539E+00,+3.17330336E+00,+255.21812E-03
+4.81461E-03,-1.19222800E+00,+3.17261240E+00,-255.27245E-03
+4.81561E-03,+833.62122E-03,+3.17324054E+00,+255.28031E-03
+4.81661E-03,-1.20858981E+00,+3.17134984E+00,-252.70964E-03
+4.81761E-03,+833.62122E-03,+3.17333477E+00,+140.46341E-03
+4.81861E-03,-1.20858981E+00,+3.17172044E+00,+97.24042E-03
+4.81961E-03,+677.12374E-03,+3.17394406E+00,-255.09971E-03
+4.82061E-03,-478.85992E-03,+3.17207220E+00,+255.28031E-03
+4.82161E-03,-1.20858981E+00,+3.17270662E+00,-255.27245E-03
+4.82261E-03,+833.62122E-03,+3.17370537E+00,+253.27340E-03
+4.82361E-03,-1.20858981E+00,+3.17223552E+00,-169.35568E-03
+4.82461E-03,+833.62122E-03,+3.17329708E+00,-87.71310E-03
+4.82561E-03,-1.20858981E+00,+3.17263125E+00,+251.51460E-03
+4.82661E-03,-1.06716519E+00,+3.17233602E+00,-255.27245E-03
+4.82761E-03,+833.62122E-03,+3.17248678E+00,+255.28031E-03
+4.82861E-03,-1.20858981E+00,+3.17176441E+00,-254.52716E-03
+4.82961E-03,+833.62122E-03,+3.17264381E+00,+178.29727E-03
+4.83061E-03,-1.20858981E+00,+3.17168276E+00,+57.22849E-03
+4.83161E-03,+738.94786E-03,+3.17466014E+00,-249.53753E-03
+4.83261E-03,-805.23429E-03,+3.17187748E+00,+255.28031E-03
+4.83361E-03,-1.20858981E+00,+3.17298301E+00,-255.27245E-03
+4.83461E-03,+833.62122E-03,+3.17312120E+00,+254.80732E-03
+4.83561E-03,-1.20858981E+00,+3.17207848E+00,-201.84657E-03
+4.83661E-03,+833.62122E-03,+3.17342899E+00,-47.25141E-03
+4.83761E-03,-1.20858981E+00,+3.17229205E+00,+239.91347E-03
+4.83861E-03,-832.24057E-03,+3.17263125E+00,-255.27245E-03
+4.83961E-03,+833.62122E-03,+3.17351064E+00,+255.28031E-03
+4.84061E-03,-1.20858981E+00,+3.17192145E+00,-255.25549E-03
+4.84161E-03,+833.62122E-03,+3.17317773E+00,+208.43797E-03
+4.84261E-03,-1.20858981E+00,+3.17204080E+00,+15.92761E-03
+4.84361E-03,+788.72675E-03,+3.17455964E+00,-235.95336E-03
+4.84461E-03,-1.00894660E+00,+3.17187748E+00,+255.28031E-03
+4.84561E-03,-1.20858981E+00,+3.17176441E+00,-255.27245E-03
+4.84661E-03,+833.62122E-03,+3.17422673E+00,+255.27465E-03
+4.84761E-03,-1.20858981E+00,+3.17166391E+00,-225.36291E-03
+4.84861E-03,+833.62122E-03,+3.17349180E+00,-5.74733E-03
+4.84961E-03,-1.20858981E+00,+3.17193401E+00,+219.86196E-03
+4.85061E-03,-387.09987E-03,+3.17280713E+00,-255.27245E-03
+4.85161E-03,+795.75690E-03,+3.17337245E+00,+255.28031E-03
+4.85261E-03,-1.20858981E+00,+3.17239255E+00,-255.27245E-03
+4.85361E-03,+833.62122E-03,+3.17319657E+00,+229.80009E-03
+4.85461E-03,-1.20858981E+00,+3.17262497E+00,-25.69237E-03
+4.85561E-03,+825.91770E-03,+3.17431466E+00,-213.76680E-03
+4.85661E-03,-1.08407474E+00,+3.17266894E+00,+255.28031E-03
+4.85761E-03,-1.20858981E+00,+3.17194029E+00,-255.27245E-03
+4.85861E-03,+833.62122E-03,+3.17351693E+00,+255.28031E-03
+4.85961E-03,-1.20858981E+00,+3.17217899E+00,-240.36887E-03
+4.86061E-03,+833.62122E-03,+3.17285738E+00,+35.81768E-03
+4.86161E-03,-1.20858981E+00,+3.17203451E+00,+190.93232E-03
+4.86261E-03,+50.26193E-03,+3.17244909E+00,-255.27245E-03
+4.86361E-03,+587.17147E-03,+3.17337245E+00,+255.28031E-03
+4.86461E-03,-1.20858981E+00,+3.17182095E+00,-255.27245E-03
+4.86561E-03,+833.62122E-03,+3.17317773E+00,+242.75863E-03
+4.86661E-03,-1.20858981E+00,+3.17126818E+00,-67.06643E-03
+4.86761E-03,+833.62122E-03,+3.17370537E+00,-182.87798E-03
+4.86861E-03,-1.14503579E+00,+3.17186492E+00,+255.28031E-03
+4.86961E-03,-1.20858981E+00,+3.17194029E+00,-255.27245E-03
+4.87061E-03,+833.62122E-03,+3.17384984E+00,+255.28031E-03
+4.87161E-03,-1.20858981E+00,+3.17143150E+00,-247.47000E-03
+4.87261E-03,+833.62122E-03,+3.17359230E+00,+77.20053E-03
+4.87361E-03,-1.20858981E+00,+3.17223552E+00,+156.36165E-03
+4.87461E-03,+393.38253E-03,+3.17288250E+00,-255.27245E-03
+4.87561E-03,+232.93278E-03,+3.17313376E+00,+255.28031E-03
+4.87661E-03,-1.20858981E+00,+3.17205336E+00,-255.27245E-03
+4.87761E-03,+833.62122E-03,+3.17370537E+00,+248.50769E-03
+4.87861E-03,-1.20858981E+00,+3.17241140E+00,-107.92855E-03
+4.87961E-03,+833.62122E-03,+3.17356718E+00,-147.64714E-03
+4.88061E-03,-1.18558856E+00,+3.17216014E+00,+255.28031E-03
+4.88161E-03,-1.20858981E+00,+3.17235487E+00,-255.27245E-03
+4.88261E-03,+833.62122E-03,+3.17307723E+00,+255.28031E-03
+4.88361E-03,-1.20858981E+00,+3.17146291E+00,-251.15122E-03
+4.88461E-03,+833.62122E-03,+3.17359230E+00,+117.79381E-03
+4.88561E-03,-1.20858981E+00,+3.17274431E+00,+119.32333E-03
+4.88661E-03,+636.69032E-03,+3.17310235E+00,-255.27245E-03
+4.88761E-03,-223.53957E-03,+3.17207220E+00,+255.28031E-03
+4.88861E-03,-1.20858981E+00,+3.17213502E+00,-255.27245E-03
+4.88961E-03,+833.62122E-03,+3.17349180E+00,+251.87987E-03
+4.89061E-03,-1.20858981E+00,+3.17152572E+00,-147.52528E-03
+4.89161E-03,+833.62122E-03,+3.17327195E+00,-110.02497E-03
+4.89261E-03,-1.20701444E+00,+3.17229833E+00,+254.53407E-03
+4.89361E-03,-1.15007976E+00,+3.17253075E+00,-255.27245E-03
+4.89461E-03,+833.62122E-03,+3.17309607E+00,+255.28031E-03
+4.89561E-03,-1.20858981E+00,+3.17136240E+00,-253.63206E-03
+4.89661E-03,+833.62122E-03,+3.17319657E+00,+157.14086E-03
+4.89761E-03,-1.20858981E+00,+3.17213502E+00,+80.35349E-03
+4.89861E-03,+703.61494E-03,+3.17424557E+00,-253.65562E-03
+4.89961E-03,-638.39635E-03,+3.17157597E+00,+255.28031E-03
+4.90061E-03,-1.20858981E+00,+3.17288250E+00,-255.27245E-03
+4.90161E-03,+833.62122E-03,+3.17432095E+00,+254.06862E-03
+4.90261E-03,-1.20858981E+00,+3.17245537E+00,-184.41316E-03
+4.90361E-03,+833.62122E-03,+3.17270034E+00,-70.53690E-03
+4.90461E-03,-1.20858981E+00,+3.17211617E+00,+247.55543E-03
+4.90561E-03,-991.35363E-03,+3.17280713E+00,-255.27245E-03
+4.90661E-03,+833.62122E-03,+3.17324054E+00,+255.28031E-03
+4.90761E-03,-1.20858981E+00,+3.17227321E+00,-254.97095E-03
+4.90861E-03,+833.62122E-03,+3.17266265E+00,+192.30260E-03
+4.90961E-03,-1.20858981E+00,+3.17258728E+00,+39.61071E-03
+4.91061E-03,+762.40514E-03,+3.17455964E+00,-244.69394E-03
+4.91161E-03,-908.19032E-03,+3.17224808E+00,+255.28031E-03
+4.91261E-03,-1.20858981E+00,+3.17235487E+00,-255.27245E-03
+4.91361E-03,+833.62122E-03,+3.17280085E+00,+255.12861E-03
+4.91461E-03,-1.20858981E+00,+3.17312120E+00,-213.00110E-03
+4.91561E-03,+833.62122E-03,+3.17374306E+00,-29.47849E-03
+4.91661E-03,-1.20858981E+00,+3.17319657E+00,+232.40279E-03
+4.91761E-03,-647.86620E-03,+3.17357346E+00,-255.27245E-03
+4.91861E-03,+833.04082E-03,+3.17290135E+00,+255.28031E-03
+4.91961E-03,-1.20858981E+00,+3.17195914E+00,-255.27245E-03
+4.92061E-03,+833.62122E-03,+3.17378703E+00,+218.66536E-03
+4.92161E-03,-1.20858981E+00,+3.17246793E+00,-1.94677E-03
+4.92261E-03,+805.95790E-03,+3.17432095E+00,-227.53062E-03
+4.92361E-03,-1.04824308E+00,+3.17132472E+00,+255.28031E-03
+4.92461E-03,-1.20858981E+00,+3.17209733E+00,-255.27245E-03
+4.92561E-03,+833.62122E-03,+3.17324054E+00,+255.28031E-03
+4.92661E-03,-1.20858981E+00,+3.17208477E+00,-232.79224E-03
+4.92761E-03,+833.62122E-03,+3.17285738E+00,+12.08558E-03
+4.92861E-03,-1.20858981E+00,+3.17311492E+00,+208.58558E-03
+4.92961E-03,-192.85867E-03,+3.17211617E+00,-255.27245E-03
+4.93061E-03,+724.33981E-03,+3.17311492E+00,+255.28031E-03
+4.93161E-03,-1.20858981E+00,+3.17145034E+00,-255.27245E-03
+4.93261E-03,+833.62122E-03,+3.17339130E+00,+236.36102E-03
+4.93361E-03,-1.20858981E+00,+3.17239255E+00,-43.49670E-03
+4.93461E-03,+833.13881E-03,+3.17332848E+00,-201.47472E-03
+4.93561E-03,-1.11022675E+00,+3.17237371E+00,+255.28031E-03
+4.93661E-03,-1.20858981E+00,+3.17162622E+00,-255.27245E-03
+4.93761E-03,+833.62122E-03,+3.17390637E+00,+255.28031E-03
+4.93861E-03,-1.20858981E+00,+3.17180210E+00,-244.35757E-03
+4.93961E-03,+833.62122E-03,+3.17323426E+00,+53.61856E-03
+4.94061E-03,-1.20858981E+00,+3.17278200E+00,+176.47597E-03
+4.94161E-03,+205.19786E-03,+3.17290135E+00,-255.27245E-03
+4.94261E-03,+460.50565E-03,+3.17268778E+00,+255.28031E-03
+4.94361E-03,-1.20858981E+00,+3.17258728E+00,-255.27245E-03
+4.94461E-03,+833.62122E-03,+3.17311492E+00,+245.86699E-03
+4.94561E-03,-1.20858981E+00,+3.17263125E+00,-84.68200E-03
+4.94661E-03,+833.62122E-03,+3.17395662E+00,-168.08119E-03
+4.94761E-03,-1.16540263E+00,+3.17277572E+00,+255.28031E-03
+4.94861E-03,-1.20858981E+00,+3.17239255E+00,-255.27245E-03
+4.94961E-03,+833.62122E-03,+3.17378703E+00,+255.28031E-03
+4.95061E-03,-1.20858981E+00,+3.17214130E+00,-249.19896E-03
+4.95161E-03,+833.62122E-03,+3.17295788E+00,+94.70996E-03
+4.95261E-03,-1.20858981E+00,+3.17246793E+00,+140.78282E-03
+4.95361E-03,+519.10615E-03,+3.17385612E+00,-255.27245E-03
+4.95461E-03,+40.87500E-03,+3.17246793E+00,+255.28031E-03
+4.95561E-03,-1.20858981E+00,+3.17367396E+00,-255.27245E-03
+4.95661E-03,+833.62122E-03,+3.17337245E+00,+250.10380E-03
+4.95761E-03,-1.20858981E+00,+3.17274431E+00,-125.03816E-03
+4.95861E-03,+833.62122E-03,+3.17346667E+00,-131.83433E-03
+4.95961E-03,-1.19736996E+00,+3.17259356E+00,+255.26649E-03
+4.96061E-03,-1.20096167E+00,+3.17244909E+00,-255.27245E-03
+4.96161E-03,+833.62122E-03,+3.17366768E+00,+255.28031E-03
+4.96261E-03,-1.20858981E+00,+3.17207848E+00,-252.36291E-03
+4.96361E-03,+833.62122E-03,+3.17349180E+00,+134.91065E-03
+4.96461E-03,-1.20858981E+00,+3.17221667E+00,+102.81517E-03
+4.96561E-03,+667.88881E-03,+3.17331592E+00,-255.25172E-03
+4.96661E-03,-412.45540E-03,+3.17128075E+00,+255.28031E-03
+4.96761E-03,-1.20858981E+00,+3.17223552E+00,-255.27245E-03
+4.96861E-03,+833.62122E-03,+3.17293904E+00,+252.96058E-03
+4.96961E-03,-1.20858981E+00,+3.17180210E+00,-164.01429E-03
+4.97061E-03,+833.62122E-03,+3.17285738E+00,-93.30292E-03
+4.97161E-03,-1.20858981E+00,+3.17215386E+00,+252.50958E-03
+4.97261E-03,-1.09024308E+00,+3.17261240E+00,-255.27245E-03
+4.97361E-03,+833.62122E-03,+3.17374934E+00,+255.28031E-03
+4.97461E-03,-1.20858981E+00,+3.17227321E+00,-254.33872E-03
+4.97561E-03,+833.62122E-03,+3.17392522E+00,+173.29255E-03
+4.97661E-03,-1.20858981E+00,+3.17205964E+00,+63.03062E-03
+4.97761E-03,+729.96293E-03,+3.17400688E+00,-250.78125E-03
+4.97861E-03,-766.35113E-03,+3.17204708E+00,+255.28031E-03
+4.97961E-03,-1.20858981E+00,+3.17156341E+00,-255.27245E-03
+4.98061E-03,+833.62122E-03,+3.17361115E+00,+254.65468E-03
+4.98161E-03,-1.20858981E+00,+3.17134984E+00,-197.74733E-03
+4.98261E-03,+833.62122E-03,+3.17305838E+00,-53.14746E-03
+4.98361E-03,-1.20858981E+00,+3.17215386E+00,+242.10380E-03
+4.98461E-03,-881.63002E-03,+3.17324054E+00,-255.27245E-03
+4.98561E-03,+833.62122E-03,+3.17293904E+00,+255.28031E-03
+4.98661E-03,-1.20858981E+00,+3.17243024E+00,-255.21686E-03
+4.98761E-03,+833.62122E-03,+3.17433979E+00,+204.70336E-03
+4.98861E-03,-1.20858981E+00,+3.17194029E+00,+21.82710E-03
+4.98961E-03,+782.26695E-03,+3.17424557E+00,-238.35097E-03
+4.99061E-03,-988.04585E-03,+3.17217270E+00,+255.28031E-03
+4.99161E-03,-1.20858981E+00,+3.17260612E+00,-255.27245E-03
+4.99261E-03,+833.62122E-03,+3.17341642E+00,+255.26240E-03
+4.99361E-03,-1.20858981E+00,+3.17251190E+00,-222.48602E-03
+4.99461E-03,+833.62122E-03,+3.17297673E+00,-11.72189E-03
+4.99561E-03,-1.20858981E+00,+3.17230461E+00,+223.26837E-03
+4.99661E-03,-454.42650E-03,+3.17379331E+00,-255.27245E-03
+4.99761E-03,+812.50564E-03,+3.17292019E+00,+255.28031E-03
+4.99861E-03,-1.20858981E+00,+3.17253075E+00,-255.27245E-03
+4.99961E-03,+833.62122E-03,+3.17295788E+00,+227.30417E-03
+5.00061E-03,-1.20858981E+00,+3.17190260E+00,-19.77151E-03
+5.00161E-03,+821.67022E-03,+3.17424557E+00,-217.42195E-03
+5.00261E-03,-1.07463002E+00,+3.17286994E+00,+255.28031E-03
+5.00361E-03,-1.20858981E+00,+3.17286366E+00,-255.27245E-03
+5.00461E-03,+833.62122E-03,+3.17355461E+00,+255.28031E-03
+5.00561E-03,-1.20858981E+00,+3.17166391E+00,-238.71843E-03
+5.00661E-03,+833.62122E-03,+3.17335361E+00,+29.95964E-03
+5.00761E-03,-1.20858981E+00,+3.17179582E+00,+195.60568E-03
+5.00861E-03,-8.79083E-03,+3.17254959E+00,-255.27245E-03
+5.00961E-03,+625.72675E-03,+3.17285738E+00,+255.28031E-03
+5.01061E-03,-1.20858981E+00,+3.17111115E+00,-255.27245E-03
+5.01161E-03,+833.62122E-03,+3.17307723E+00,+241.40876E-03
+5.01261E-03,-1.20858981E+00,+3.17263125E+00,-61.20022E-03
+5.01361E-03,+833.62122E-03,+3.17352949E+00,-187.69645E-03
+5.01461E-03,-1.13623177E+00,+3.17248049E+00,+255.28031E-03
+5.01561E-03,-1.20858981E+00,+3.17195914E+00,-255.27245E-03
+5.01661E-03,+833.62122E-03,+3.17248678E+00,+255.28031E-03
+5.01761E-03,-1.20858981E+00,+3.17217270E+00,-246.84532E-03
+5.01861E-03,+833.62122E-03,+3.17345411E+00,+71.36982E-03
+5.01961E-03,-1.20858981E+00,+3.17209105E+00,+161.44205E-03
+5.02061E-03,+346.46922E-03,+3.17359230E+00,-255.27245E-03
+5.02161E-03,+299.54082E-03,+3.17295788E+00,+255.28031E-03
+5.02261E-03,-1.20858981E+00,+3.17237371E+00,-255.27245E-03
+5.02361E-03,+833.62122E-03,+3.17423929E+00,+247.93200E-03
+5.02461E-03,-1.20858981E+00,+3.17245537E+00,-102.12421E-03
+5.02561E-03,+833.62122E-03,+3.17376190E+00,-152.87233E-03
+5.02661E-03,-1.18094157E+00,+3.17279456E+00,+255.28031E-03
+5.02761E-03,-1.20858981E+00,+3.17217270E+00,-255.27245E-03
+5.02861E-03,+833.62122E-03,+3.17246793E+00,+255.28031E-03
+5.02961E-03,-1.20858981E+00,+3.17239255E+00,-250.70085E-03
+5.03061E-03,+833.62122E-03,+3.17351064E+00,+112.06360E-03
+5.03161E-03,-1.20858981E+00,+3.17160110E+00,+124.71310E-03
+5.03261E-03,+614.81720E-03,+3.17327823E+00,-255.27245E-03
+5.03361E-03,-137.75063E-03,+2.02267523E+00,+255.28031E-03
+5.03461E-03,-1.20858981E+00,-96.04962E-03,+255.28031E-03
+5.03561E-03,-1.20858981E+00,-101.53957E-03,+255.28031E-03
+5.03661E-03,-1.20858981E+00,-103.30465E-03,+255.28031E-03
+5.03761E-03,-1.20858981E+00,-103.95163E-03,+255.28031E-03
+5.03861E-03,-1.20856217E+00,-105.05088E-03,+255.28031E-03
+5.03961E-03,-1.20858981E+00,-104.52324E-03,+255.28031E-03
+5.04061E-03,-1.20858981E+00,-105.24560E-03,+255.28031E-03
+5.04161E-03,-1.20858981E+00,-105.64133E-03,+255.28031E-03
+5.04261E-03,-1.20858981E+00,-105.79837E-03,+255.28031E-03
+5.04361E-03,-1.20848177E+00,-105.95540E-03,+255.28031E-03
+5.04461E-03,-1.20858981E+00,-105.99309E-03,+255.28031E-03
+5.04561E-03,-1.20856217E+00,-106.18781E-03,+255.28031E-03
+5.04661E-03,-1.20858981E+00,-106.46419E-03,+255.28031E-03
+5.04761E-03,-1.20858981E+00,-106.16897E-03,+255.28031E-03
+5.04861E-03,-1.20857851E+00,-106.42651E-03,+255.28031E-03
+5.04961E-03,-1.20858981E+00,-106.84108E-03,+255.28031E-03
+5.05061E-03,-1.18667524E+00,-107.29334E-03,+255.28031E-03
+5.05161E-03,-1.20858981E+00,-106.08731E-03,+255.28031E-03
+5.05261E-03,-1.20858981E+00,-107.23053E-03,+255.28031E-03
+5.05361E-03,-1.20858981E+00,-106.67776E-03,+255.28031E-03
+5.05461E-03,-1.20858981E+00,-107.07349E-03,+255.28031E-03
+5.05561E-03,-1.18418027E+00,-107.38756E-03,+255.28031E-03
+5.05661E-03,-1.20858981E+00,-106.53957E-03,+255.28031E-03
+5.05761E-03,-1.18909484E+00,-106.97299E-03,+255.28031E-03
+5.05861E-03,-1.20858981E+00,-107.38756E-03,+255.28031E-03
+5.05961E-03,-1.20858981E+00,-107.66394E-03,+255.28031E-03
+5.06061E-03,-1.20424810E+00,-107.26821E-03,+255.28031E-03
+5.06161E-03,-1.20858981E+00,-107.50691E-03,+255.28031E-03
+5.06261E-03,-1.12904082E+00,-107.01068E-03,+255.28031E-03
+5.06361E-03,-1.20858981E+00,-107.02952E-03,+255.28031E-03
+5.06461E-03,-1.20762248E+00,-107.82098E-03,+255.28031E-03
+5.06561E-03,-1.20834609E+00,-107.46294E-03,+255.28031E-03
+5.06661E-03,-1.20858981E+00,-107.32475E-03,+255.28031E-03
+5.06761E-03,-1.13504584E+00,-107.60113E-03,+255.28031E-03
+5.06861E-03,-1.20858981E+00,-107.44409E-03,+255.28031E-03
+5.06961E-03,-1.12451821E+00,-107.11118E-03,+255.28031E-03
+5.07061E-03,-1.20808730E+00,-107.24937E-03,+255.28031E-03
+5.07161E-03,-1.20858981E+00,-107.52575E-03,+255.28031E-03
+5.07261E-03,-1.16690514E+00,-107.50063E-03,+255.28031E-03
+5.07361E-03,-1.20858981E+00,-107.54460E-03,+255.28031E-03
+5.07461E-03,-1.07203956E+00,-106.75314E-03,+255.28031E-03
+5.07561E-03,-1.20757097E+00,-107.75816E-03,+255.28031E-03
+5.07661E-03,-1.16486871E+00,-107.28706E-03,+255.28031E-03
+5.07761E-03,-1.17830715E+00,-107.28706E-03,+255.28031E-03
+5.07861E-03,-1.20858981E+00,-107.61997E-03,+255.28031E-03
+5.07961E-03,-1.08691519E+00,-107.22424E-03,+255.28031E-03
+5.08061E-03,-1.20835489E+00,-107.50063E-03,+255.28031E-03
+5.08161E-03,-1.05853077E+00,-107.32475E-03,+255.28031E-03
+5.08261E-03,-1.16869157E+00,-107.83982E-03,+255.28031E-03
+5.08361E-03,-1.20336620E+00,-107.95917E-03,+255.28031E-03
+5.08461E-03,-1.11801695E+00,-107.85867E-03,+255.28031E-03
+5.08561E-03,-1.20858981E+00,-107.73932E-03,+255.28031E-03
+5.08661E-03,-1.01874183E+00,-107.75816E-03,+255.28031E-03
+5.08761E-03,-1.17260740E+00,-107.42525E-03,+255.28031E-03
+5.08861E-03,-1.09523680E+00,-107.16771E-03,+255.28031E-03
+5.08961E-03,-1.12531594E+00,-107.68279E-03,+255.28031E-03
+5.09061E-03,-1.20856217E+00,-107.18656E-03,+255.28031E-03
+5.09161E-03,-1.03865012E+00,-107.60113E-03,+255.28031E-03
+5.09261E-03,-1.19771670E+00,-106.73430E-03,+255.28031E-03
+5.09361E-03,-996.19157E-03,-107.14887E-03,+255.28031E-03
+5.09461E-03,-1.11681469E+00,-107.83982E-03,+255.28031E-03
+5.09561E-03,-1.15247549E+00,-107.34359E-03,+255.28031E-03
+5.09661E-03,-1.06862499E+00,-107.56344E-03,+255.28031E-03
+5.09761E-03,-1.20763630E+00,-107.11118E-03,+255.28031E-03
+5.09861E-03,-967.26570E-03,-107.23053E-03,+255.28031E-03
+5.09961E-03,-1.12505213E+00,-107.23053E-03,+255.28031E-03
+5.10061E-03,-1.02824308E+00,-107.23053E-03,+255.28031E-03
+5.10161E-03,-1.07217147E+00,-107.18656E-03,+255.28031E-03
+5.10261E-03,-1.18652449E+00,-107.68279E-03,+255.28031E-03
+5.10361E-03,-991.28580E-03,-107.42525E-03,+255.28031E-03
+5.10461E-03,-1.15672926E+00,-107.58857E-03,+255.28031E-03
+5.10561E-03,-938.00941E-03,-107.15515E-03,+255.28031E-03
+5.10661E-03,-1.06572801E+00,-107.83982E-03,+255.28031E-03
+5.10761E-03,-1.08451946E+00,-107.32475E-03,+255.28031E-03
+5.10861E-03,-1.01883605E+00,-107.09234E-03,+255.28031E-03
+5.10961E-03,-1.17268278E+00,-107.68279E-03,+255.28031E-03
+5.11061E-03,-917.50941E-03,-107.52575E-03,+255.28031E-03
+5.11161E-03,-1.07903077E+00,-107.08605E-03,+255.28031E-03
+5.11261E-03,-963.06343E-03,-107.24937E-03,+255.28031E-03
+5.11361E-03,-1.02129836E+00,-106.95414E-03,+255.28031E-03
+5.11461E-03,-1.12609107E+00,-107.09234E-03,+255.28031E-03
+5.11561E-03,-946.84610E-03,-107.11118E-03,+255.28031E-03
+5.11661E-03,-1.11257097E+00,-107.20540E-03,+255.28031E-03
+5.11761E-03,-882.10112E-03,-106.36369E-03,+255.28031E-03
+5.11861E-03,-1.01904082E+00,-106.97299E-03,+255.28031E-03
+5.11961E-03,-1.01809610E+00,-106.97299E-03,+255.28031E-03
+5.12061E-03,-971.00816E-03,-106.99183E-03,+255.28031E-03
+5.12161E-03,-1.11990012E+00,-107.33103E-03,+255.28031E-03
+5.12261E-03,-872.00816E-03,-107.40641E-03,+255.28031E-03
+5.12361E-03,-1.03715012E+00,-107.32475E-03,+255.28031E-03
+5.12461E-03,-899.16268E-03,-107.31218E-03,+255.28031E-03
+5.12561E-03,-972.34610E-03,-106.89761E-03,+255.28031E-03
+5.12661E-03,-1.06495414E+00,-107.14887E-03,+255.28031E-03
+5.12761E-03,-902.67650E-03,-107.19284E-03,+255.28031E-03
+5.12861E-03,-1.06847298E+00,-107.30590E-03,+255.28031E-03
+5.12961E-03,-828.99057E-03,-106.91646E-03,+255.28031E-03
+5.13061E-03,-972.94283E-03,-106.64007E-03,+255.28031E-03
+5.13161E-03,-952.49811E-03,-106.74058E-03,+255.28031E-03
+5.13261E-03,-925.25941E-03,-106.89761E-03,+255.28031E-03
+5.13361E-03,-1.06981092E+00,-107.48806E-03,+255.28031E-03
+5.13461E-03,-826.38253E-03,-106.32600E-03,+255.28031E-03
+5.13561E-03,-995.70414E-03,-107.03580E-03,+255.28031E-03
+5.13661E-03,-839.32977E-03,-106.45791E-03,+255.28031E-03
+5.13761E-03,-927.81595E-03,-106.93530E-03,+255.28031E-03
+5.13861E-03,-1.00322926E+00,-106.36369E-03,+255.28031E-03
+5.13961E-03,-858.77323E-03,-106.64007E-03,+255.28031E-03
+5.14061E-03,-1.02575690E+00,-107.21168E-03,+255.28031E-03
+5.14161E-03,-779.42901E-03,-106.65892E-03,+255.28031E-03
+5.14261E-03,-929.68906E-03,-106.69661E-03,+255.28031E-03
+5.14361E-03,-889.40137E-03,-106.22550E-03,+255.28031E-03
+5.14461E-03,-882.07349E-03,-106.04962E-03,+255.28031E-03
+5.14561E-03,-1.01870288E+00,-106.91646E-03,+255.28031E-03
+5.14661E-03,-785.10741E-03,-105.99309E-03,+255.28031E-03
+5.14761E-03,-956.13755E-03,-106.22550E-03,+255.28031E-03
+5.14861E-03,-781.47550E-03,-106.60239E-03,+255.28031E-03
+5.14961E-03,-880.98555E-03,-105.71671E-03,+255.28031E-03
+5.15061E-03,-945.36117E-03,-106.36369E-03,+255.28031E-03
+5.15161E-03,-819.00062E-03,-106.36369E-03,+255.28031E-03
+5.15261E-03,-982.55087E-03,-106.44535E-03,+255.28031E-03
+5.15361E-03,-732.24183E-03,-106.06847E-03,+255.28031E-03
+5.15461E-03,-886.02826E-03,-106.06847E-03,+255.28031E-03
+5.15561E-03,-827.36369E-03,-106.42651E-03,+255.28031E-03
+5.15661E-03,-836.15389E-03,-106.26947E-03,+255.28031E-03
+5.15761E-03,-968.37499E-03,-106.08731E-03,+255.28031E-03
+5.15861E-03,-744.40640E-03,-106.60239E-03,+255.28031E-03
+5.15961E-03,-916.18529E-03,-105.77324E-03,+255.28031E-03
+5.16061E-03,-724.58479E-03,-106.16897E-03,+255.28031E-03
+5.16161E-03,-837.08605E-03,-106.20666E-03,+255.28031E-03
+5.16261E-03,-884.90389E-03,-106.52701E-03,+255.28031E-03
+5.16361E-03,-779.79962E-03,-105.69786E-03,+255.28031E-03
+5.16461E-03,-941.44283E-03,-106.03078E-03,+255.28031E-03
+5.16561E-03,-686.68781E-03,-105.85490E-03,+255.28031E-03
+5.16661E-03,-847.48680E-03,-106.04962E-03,+255.28031E-03
+5.16761E-03,-767.25690E-03,-106.20666E-03,+255.28031E-03
+5.16861E-03,-796.04836E-03,-105.75440E-03,+255.28031E-03
+5.16961E-03,-915.88127E-03,-106.01193E-03,+255.28031E-03
+5.17061E-03,-706.25816E-03,-106.01193E-03,+255.28031E-03
+5.17161E-03,-877.81343E-03,-106.18781E-03,+255.28031E-03
+5.17261E-03,-674.45414E-03,-106.03078E-03,+255.28031E-03
+5.17361E-03,-796.85238E-03,-106.01193E-03,+255.28031E-03
+5.17461E-03,-828.00690E-03,-105.77952E-03,+255.28031E-03
+5.17561E-03,-740.65138E-03,-105.71671E-03,+255.28031E-03
+5.17661E-03,-897.58228E-03,-105.63505E-03,+255.28031E-03
+5.17761E-03,-643.11369E-03,-105.69786E-03,+255.28031E-03
+5.17861E-03,-807.85866E-03,-105.81721E-03,+255.28031E-03
+5.17961E-03,-710.52198E-03,-105.44033E-03,+255.28031E-03
+5.18061E-03,-756.89509E-03,-105.87374E-03,+255.28031E-03
+5.18161E-03,-864.98052E-03,-105.83605E-03,+255.28031E-03
+5.18261E-03,-669.05339E-03,-105.14510E-03,+255.28031E-03
+5.18361E-03,-840.63253E-03,-105.89259E-03,+255.28031E-03
+5.18461E-03,-624.04459E-03,-105.74183E-03,+255.28031E-03
+5.18561E-03,-755.86620E-03,-105.83605E-03,+255.28031E-03
+5.18661E-03,-771.72424E-03,-105.33982E-03,+255.28031E-03
+5.18761E-03,-703.48178E-03,-105.10741E-03,+255.28031E-03
+5.18861E-03,-856.29208E-03,-105.52198E-03,+255.28031E-03
+5.18961E-03,-605.01067E-03,-106.13128E-03,+255.28031E-03
+5.19061E-03,-770.96670E-03,-105.73555E-03,+255.28031E-03
+5.19161E-03,-656.05841E-03,-105.52198E-03,+255.28031E-03
+5.19261E-03,-715.52700E-03,-105.54083E-03,+255.28031E-03
+5.19361E-03,-815.85112E-03,-105.32726E-03,+255.28031E-03
+5.19461E-03,-637.50816E-03,-105.26445E-03,+255.28031E-03
+5.19561E-03,-804.12248E-03,-106.05590E-03,+255.28031E-03
+5.19661E-03,-577.44912E-03,-105.28329E-03,+255.28031E-03
+5.19761E-03,-717.07600E-03,-105.38379E-03,+255.28031E-03
+5.19861E-03,-714.49308E-03,-105.44033E-03,+255.28031E-03
+5.19961E-03,-668.13253E-03,-104.81218E-03,+255.28031E-03
+5.20061E-03,-816.86494E-03,-105.97424E-03,+255.28031E-03
+5.20161E-03,-568.64258E-03,-104.98806E-03,+255.28031E-03
+5.20261E-03,-735.74183E-03,-105.46545E-03,+255.28031E-03
+5.20361E-03,-601.03706E-03,-105.38379E-03,+255.28031E-03
+5.20461E-03,-677.35238E-03,-105.06344E-03,+255.28031E-03
+5.20561E-03,-766.24308E-03,-105.69786E-03,+255.28031E-03
+5.20661E-03,-603.84359E-03,-105.34610E-03,+255.28031E-03
+5.20761E-03,-769.22424E-03,-105.38379E-03,+255.28031E-03
+5.20861E-03,-535.36620E-03,-105.05088E-03,+255.28031E-03
+5.20961E-03,-680.15138E-03,-105.40264E-03,+255.28031E-03
+5.21061E-03,-660.00188E-03,-105.08857E-03,+255.28031E-03
+5.21161E-03,-636.39886E-03,-105.10741E-03,+255.28031E-03
+5.21261E-03,-774.42650E-03,-104.69284E-03,+255.28031E-03
+5.21361E-03,-536.04962E-03,-104.65515E-03,+255.28031E-03
+5.21461E-03,-701.90891E-03,-105.06972E-03,+255.28031E-03
+5.21561E-03,-550.31344E-03,-105.54711E-03,+255.28031E-03
+5.21661E-03,-641.61369E-03,-105.34610E-03,+255.28031E-03
+5.21761E-03,-716.71670E-03,-105.62249E-03,+255.28031E-03
+5.21861E-03,-575.36746E-03,-105.24560E-03,+255.28031E-03
+5.21961E-03,-734.77449E-03,-105.28329E-03,+255.28031E-03
+5.22061E-03,-494.96294E-03,-105.22676E-03,+255.28031E-03
+5.22161E-03,-642.87751E-03,-104.89384E-03,+255.28031E-03
+5.22261E-03,-606.45917E-03,-104.61746E-03,+255.28031E-03
+5.22361E-03,-602.53957E-03,-105.66646E-03,+255.28031E-03
+5.22461E-03,-734.00313E-03,-104.75565E-03,+255.28031E-03
+5.22561E-03,-505.28203E-03,-105.17022E-03,+255.28031E-03
+5.22661E-03,-670.57349E-03,-105.05088E-03,+255.28031E-03
+5.22761E-03,-503.56470E-03,-105.17022E-03,+255.28031E-03
+5.22861E-03,-605.62248E-03,-104.69284E-03,+255.28031E-03
+5.22961E-03,-665.10866E-03,-104.69284E-03,+255.28031E-03
+5.23061E-03,-546.57600E-03,-104.77450E-03,+255.28031E-03
+5.23161E-03,-702.36243E-03,-104.56093E-03,+255.28031E-03
+5.23261E-03,-457.32851E-03,-104.91269E-03,+255.28031E-03
+5.23361E-03,-609.97675E-03,-104.46043E-03,+255.28031E-03
+5.23461E-03,-553.24057E-03,-104.69912E-03,+255.28031E-03
+5.23561E-03,-570.46294E-03,-104.51696E-03,+255.28031E-03
+5.23661E-03,-694.55464E-03,-104.73681E-03,+255.28031E-03
+5.23761E-03,-476.56846E-03,-104.61746E-03,+255.28031E-03
+5.23861E-03,-641.28957E-03,-104.89384E-03,+255.28031E-03
+5.23961E-03,-454.48304E-03,-104.39761E-03,+255.28031E-03
+5.24061E-03,-570.86620E-03,-104.44158E-03,+255.28031E-03
+5.24161E-03,-614.79082E-03,-104.47927E-03,+255.28031E-03
+5.24261E-03,-518.95163E-03,-104.89384E-03,+255.28031E-03
+5.24361E-03,-670.40389E-03,-105.32726E-03,+255.28031E-03
+5.24461E-03,-421.32977E-03,-104.85615E-03,+255.28031E-03
+5.24561E-03,-581.58605E-03,-104.32223E-03,+255.28031E-03
+5.24661E-03,-503.33982E-03,-104.71796E-03,+255.28031E-03
+5.24761E-03,-537.44660E-03,-104.37877E-03,+255.28031E-03
+5.24861E-03,-653.09610E-03,-104.53580E-03,+255.28031E-03
+5.24961E-03,-449.99058E-03,-103.95163E-03,+255.28031E-03
+5.25061E-03,-614.45288E-03,-104.73681E-03,+255.28031E-03
+5.25161E-03,-412.05465E-03,-104.28455E-03,+255.28031E-03
+5.25261E-03,-537.47299E-03,-103.82600E-03,+255.28031E-03
+5.25361E-03,-567.48932E-03,-104.87500E-03,+255.28031E-03
+5.25461E-03,-488.82726E-03,-104.56093E-03,+255.28031E-03
+5.25561E-03,-639.77324E-03,-104.57977E-03,+255.28031E-03
+5.25661E-03,-391.00439E-03,-104.61746E-03,+255.28031E-03
+5.25761E-03,-551.65640E-03,-104.46043E-03,+255.28031E-03
+5.25861E-03,-452.29836E-03,-104.16520E-03,+255.28031E-03
+5.25961E-03,-504.27701E-03,-104.57977E-03,+255.28031E-03
+5.26061E-03,-611.13253E-03,-103.81344E-03,+255.28031E-03
+5.26161E-03,-424.43027E-03,-104.57977E-03,+255.28031E-03
+5.26261E-03,-587.06218E-03,-104.73681E-03,+255.28031E-03
+5.26361E-03,-373.36369E-03,-104.26570E-03,+255.28031E-03
+5.26461E-03,-506.59610E-03,-104.52324E-03,+255.28031E-03
+5.26561E-03,-518.44032E-03,-103.82600E-03,+255.28031E-03
+5.26661E-03,-460.77324E-03,-104.00816E-03,+255.28031E-03
+5.26761E-03,-608.59736E-03,-104.89384E-03,+255.28031E-03
+5.26861E-03,-363.20414E-03,-104.10867E-03,+255.28031E-03
+5.26961E-03,-523.21796E-03,-104.34108E-03,+255.28031E-03
+5.27061E-03,-407.04334E-03,-103.63756E-03,+255.28031E-03
+5.27161E-03,-472.68153E-03,-103.97048E-03,+255.28031E-03
+5.27261E-03,-570.90766E-03,-103.61244E-03,+255.28031E-03
+5.27361E-03,-401.56093E-03,-103.59359E-03,+255.28031E-03
+5.27461E-03,-562.69032E-03,-104.10867E-03,+255.28031E-03
+5.27561E-03,-336.86118E-03,-104.64259E-03,+255.28031E-03
+5.27661E-03,-474.20163E-03,-104.28455E-03,+255.28031E-03
+5.27761E-03,-469.90138E-03,-104.34108E-03,+255.28031E-03
+5.27861E-03,-433.36243E-03,-104.34736E-03,+255.28031E-03
+5.27961E-03,-577.18907E-03,-104.56093E-03,+255.28031E-03
+5.28061E-03,-337.52450E-03,-104.34736E-03,+255.28031E-03
+5.28161E-03,-499.43153E-03,-103.73178E-03,+255.28031E-03
+5.28261E-03,-362.32349E-03,-103.97048E-03,+255.28031E-03
+5.28361E-03,-440.34359E-03,-104.12751E-03,+255.28031E-03
+5.28461E-03,-526.95917E-03,-104.44158E-03,+255.28031E-03
+5.28561E-03,-377.30842E-03,-103.55590E-03,+255.28031E-03
+5.28661E-03,-538.38002E-03,-104.54208E-03,+255.28031E-03
+5.28761E-03,-305.29711E-03,-104.34736E-03,+255.28031E-03
+5.28861E-03,-446.37625E-03,-103.97048E-03,+255.28031E-03
+5.28961E-03,-422.95791E-03,-103.79460E-03,+255.28031E-03
+5.29061E-03,-405.04711E-03,-104.05213E-03,+255.28031E-03
+5.29161E-03,-544.08354E-03,-104.30339E-03,+255.28031E-03
+5.29261E-03,-314.79460E-03,-104.22801E-03,+255.28031E-03
+5.29361E-03,-475.79836E-03,-104.12751E-03,+255.28031E-03
+5.29461E-03,-321.24686E-03,-104.18404E-03,+255.28031E-03
+5.29561E-03,-409.61620E-03,-103.73178E-03,+255.28031E-03
+5.29661E-03,-483.96168E-03,-103.71294E-03,+255.28031E-03
+5.29761E-03,-353.34485E-03,-103.49937E-03,+255.28031E-03
+5.29861E-03,-515.45289E-03,-104.12751E-03,+255.28031E-03
+5.29961E-03,-276.36495E-03,-103.98932E-03,+255.28031E-03
+5.30061E-03,-421.06218E-03,-103.51821E-03,+255.28031E-03
+5.30161E-03,-376.89133E-03,-103.85113E-03,+255.28031E-03
+5.30261E-03,-376.99686E-03,-103.69409E-03,+255.28031E-03
+5.30361E-03,-510.21042E-03,-103.75063E-03,+255.28031E-03
+5.30461E-03,-291.01947E-03,-104.08982E-03,+255.28031E-03
+5.30561E-03,-454.49560E-03,-104.10867E-03,+255.28031E-03
+5.30661E-03,-283.29711E-03,-103.79460E-03,+255.28031E-03
+5.30761E-03,-383.08605E-03,-103.89510E-03,+255.28031E-03
+5.30861E-03,-442.03203E-03,-103.93279E-03,+255.28031E-03
+5.30961E-03,-331.17776E-03,-103.93279E-03,+255.28031E-03
+5.31061E-03,-489.26570E-03,-103.34234E-03,+255.28031E-03
+5.31161E-03,-248.46545E-03,-104.50440E-03,+255.28031E-03
+5.31261E-03,-396.31847E-03,-103.22299E-03,+255.28031E-03
+5.31361E-03,-333.47299E-03,-103.67525E-03,+255.28031E-03
+5.31461E-03,-350.00063E-03,-103.83229E-03,+255.28031E-03
+5.31561E-03,-476.80716E-03,-104.12751E-03,+255.28031E-03
+5.31661E-03,-270.07098E-03,-103.75691E-03,+255.28031E-03
+5.31761E-03,-432.62751E-03,-103.71294E-03,+255.28031E-03
+5.31861E-03,-249.58857E-03,-103.86997E-03,+255.28031E-03
+5.31961E-03,-357.36118E-03,-103.63756E-03,+255.28031E-03
+5.32061E-03,-399.38505E-03,-103.45540E-03,+255.28031E-03
+5.32161E-03,-307.44033E-03,-103.73806E-03,+255.28031E-03
+5.32261E-03,-462.07098E-03,-104.08982E-03,+255.28031E-03
+5.32361E-03,-223.63002E-03,-103.63756E-03,+255.28031E-03
+5.32461E-03,-374.13002E-03,-103.02826E-03,+255.28031E-03
+5.32561E-03,-293.23806E-03,-103.40515E-03,+255.28031E-03
+5.32661E-03,-325.88756E-03,-103.81344E-03,+255.28031E-03
+5.32761E-03,-440.82349E-03,-103.10992E-03,+255.28031E-03
+5.32861E-03,-252.11621E-03,-103.75691E-03,+255.28031E-03
+5.32961E-03,-412.94284E-03,-103.91394E-03,+255.28031E-03
+5.33061E-03,-217.84862E-03,-103.55590E-03,+255.28031E-03
+5.33161E-03,-332.30716E-03,-103.53706E-03,+255.28031E-03
+5.33261E-03,-356.27450E-03,-103.73806E-03,+255.28031E-03
+5.33361E-03,-284.49811E-03,-103.81344E-03,+255.28031E-03
+5.33461E-03,-436.44032E-03,-103.31721E-03,+255.28031E-03
+5.33561E-03,-201.97550E-03,-102.67022E-03,+255.28031E-03
+5.33661E-03,-355.08605E-03,-103.49937E-03,+255.28031E-03
+5.33761E-03,-252.92148E-03,-103.38002E-03,+255.28031E-03
+5.33861E-03,-303.12751E-03,-103.32349E-03,+255.28031E-03
+5.33961E-03,-403.38630E-03,-103.30465E-03,+255.28031E-03
+5.34061E-03,-231.10239E-03,-103.39887E-03,+255.28031E-03
+5.34161E-03,-392.55590E-03,-103.43656E-03,+255.28031E-03
+5.34261E-03,-186.05088E-03,-103.36118E-03,+255.28031E-03
+5.34361E-03,-309.50565E-03,-104.00816E-03,+255.28031E-03
+5.34461E-03,-317.54208E-03,-103.26068E-03,+255.28031E-03
+5.34561E-03,-264.20917E-03,-103.39887E-03,+255.28031E-03
+5.34661E-03,-410.41771E-03,-103.81344E-03,+255.28031E-03
+5.34761E-03,-180.78832E-03,-103.32349E-03,+255.28031E-03
+5.34861E-03,-335.76696E-03,-103.18530E-03,+255.28031E-03
+5.34961E-03,-217.67399E-03,-103.95163E-03,+255.28031E-03
+5.35061E-03,-279.41269E-03,-102.96545E-03,+255.28031E-03
+5.35161E-03,-369.91646E-03,-103.38002E-03,+255.28031E-03
+5.35261E-03,-211.23178E-03,-103.65641E-03,+255.28031E-03
+5.35361E-03,-372.76193E-03,-103.22299E-03,+255.28031E-03
+5.35461E-03,-158.88505E-03,-103.48053E-03,+255.28031E-03
+5.35561E-03,-290.25440E-03,-103.89510E-03,+255.28031E-03
+5.35661E-03,-277.56847E-03,-103.63756E-03,+255.28031E-03
+5.35761E-03,-243.25314E-03,-102.49435E-03,+255.28031E-03
+5.35861E-03,-382.96922E-03,-103.22299E-03,+255.28031E-03
+5.35961E-03,-159.63882E-03,-103.44284E-03,+255.28031E-03
+5.36061E-03,-317.52324E-03,-103.22299E-03,+255.28031E-03
+5.36161E-03,-183.41394E-03,-103.71922E-03,+255.28031E-03
+5.36261E-03,-257.29711E-03,-102.90892E-03,+255.28031E-03
+5.36361E-03,-333.22424E-03,-102.75188E-03,+255.28031E-03
+5.36461E-03,-194.86369E-03,-103.46168E-03,+255.28031E-03
+5.36561E-03,-352.00440E-03,-103.49937E-03,+255.28031E-03
+5.36661E-03,-133.78078E-03,-102.63254E-03,+255.28031E-03
+5.36761E-03,-269.81972E-03,-103.14133E-03,+255.28031E-03
+5.36861E-03,-238.97927E-03,-103.02826E-03,+255.28031E-03
+5.36961E-03,-224.31219E-03,-102.19912E-03,+255.28031E-03
+5.37061E-03,-355.35741E-03,-103.26696E-03,+255.28031E-03
+5.37161E-03,-142.22425E-03,-103.06595E-03,+255.28031E-03
+5.37261E-03,-300.48304E-03,-102.89007E-03,+255.28031E-03
+5.37361E-03,-150.60490E-03,-103.70038E-03,+255.28031E-03
+5.37461E-03,-236.23806E-03,-102.90892E-03,+255.28031E-03
+5.37561E-03,-300.18907E-03,-102.35615E-03,+255.28031E-03
+5.37661E-03,-178.25063E-03,-103.10992E-03,+255.28031E-03
+5.37761E-03,-332.65389E-03,-102.82726E-03,+255.28031E-03
+5.37861E-03,-109.76194E-03,-103.06595E-03,+255.28031E-03
+5.37961E-03,-252.12626E-03,-103.70038E-03,+255.28031E-03
+5.38061E-03,-203.64384E-03,-102.87123E-03,+255.28031E-03
+5.38161E-03,-206.20540E-03,-103.02826E-03,+255.28031E-03
+5.38261E-03,-328.06093E-03,-102.59485E-03,+255.28031E-03
+5.38361E-03,-124.20666E-03,-102.90892E-03,+255.28031E-03
+5.38461E-03,-284.54962E-03,-102.85239E-03,+255.28031E-03
+5.38561E-03,-118.26696E-03,-103.30465E-03,+255.28031E-03
+5.38661E-03,-217.22801E-03,-103.31093E-03,+255.28031E-03
+5.38761E-03,-264.75063E-03,-102.85239E-03,+255.28031E-03
+5.38861E-03,-162.49686E-03,-103.14761E-03,+255.28031E-03
+5.38961E-03,-312.78203E-03,-102.53203E-03,+255.28031E-03
+5.39061E-03,-86.65264E-03,-102.87123E-03,+255.28031E-03
+5.39161E-03,-234.99686E-03,-102.61369E-03,+255.28031E-03
+5.39261E-03,-168.83354E-03,-102.78957E-03,+255.28031E-03
+5.39361E-03,-187.64510E-03,-102.65138E-03,+255.28031E-03
+5.39461E-03,-300.49058E-03,-102.84610E-03,+255.28031E-03
+5.39561E-03,-108.53078E-03,-103.30465E-03,+255.28031E-03
+5.39661E-03,-268.42525E-03,-103.32349E-03,+255.28031E-03
+5.39761E-03,-90.46545E-03,-103.26696E-03,+255.28031E-03
+5.39861E-03,-199.47550E-03,-102.98430E-03,+255.28031E-03
+5.39961E-03,-232.14761E-03,-103.73806E-03,+255.28031E-03
+5.40061E-03,-145.68405E-03,-102.99058E-03,+255.28031E-03
+5.40161E-03,-295.15641E-03,-103.00942E-03,+255.28031E-03
+5.40261E-03,-65.38756E-03,-103.85741E-03,+255.28031E-03
+5.40361E-03,-218.06219E-03,-102.49435E-03,+255.28031E-03
+5.40461E-03,-135.40138E-03,-103.18530E-03,+255.28031E-03
+5.40561E-03,-170.16646E-03,-102.85239E-03,+255.28031E-03
+5.40661E-03,-272.01570E-03,-103.42399E-03,+255.28031E-03
+5.40761E-03,-94.10490E-03,-103.00942E-03,+255.28031E-03
+5.40861E-03,-252.33354E-03,-102.55716E-03,+255.28031E-03
+5.40961E-03,-62.13380E-03,-103.81972E-03,+255.28031E-03
+5.41061E-03,-181.31093E-03,-102.47550E-03,+255.28031E-03
+5.41161E-03,-199.70415E-03,-103.12249E-03,+255.28031E-03
+5.41261E-03,-131.66646E-03,-103.17902E-03,+255.28031E-03
+5.41361E-03,-273.27073E-03,-102.87123E-03,+255.28031E-03
+5.41461E-03,-48.04460E-03,-103.02826E-03,+255.28031E-03
+5.41561E-03,-202.30842E-03,-102.71419E-03,+255.28031E-03
+5.41661E-03,-103.61998E-03,-102.73304E-03,+255.28031E-03
+5.41761E-03,-153.88631E-03,-102.77073E-03,+255.28031E-03
+5.41861E-03,-245.75565E-03,-103.12877E-03,+255.28031E-03
+5.41961E-03,-82.74812E-03,-103.24183E-03,+255.28031E-03
+5.42061E-03,-238.46294E-03,-103.14761E-03,+255.28031E-03
+5.42161E-03,-37.22550E-03,-102.51319E-03,+255.28031E-03
+5.42261E-03,-162.85616E-03,-102.53832E-03,+255.28031E-03
+5.42361E-03,-163.40766E-03,-102.57600E-03,+255.28031E-03
+5.42461E-03,-117.57224E-03,-102.47550E-03,+255.28031E-03
+5.42561E-03,-253.14510E-03,-102.85239E-03,+255.28031E-03
+5.42661E-03,-32.47425E-03,-103.10992E-03,+255.28031E-03
+5.42761E-03,-188.45289E-03,-102.89007E-03,+255.28031E-03
+5.42861E-03,-70.08983E-03,-102.29962E-03,+255.28031E-03
+5.42961E-03,-135.63254E-03,-102.71419E-03,+255.28031E-03
+5.43061E-03,-218.74435E-03,-102.89007E-03,+255.28031E-03
+5.43161E-03,-69.49812E-03,-102.69535E-03,+255.28031E-03
+5.43261E-03,-222.31595E-03,-102.67651E-03,+255.28031E-03
+5.43361E-03,-13.58731E-03,-102.24309E-03,+255.28031E-03
+5.43461E-03,-147.81470E-03,-102.29962E-03,+255.28031E-03
+5.43561E-03,-132.70289E-03,-102.75188E-03,+255.28031E-03
+5.43661E-03,-105.53078E-03,-102.57600E-03,+255.28031E-03
+5.43761E-03,-231.97173E-03,-103.14761E-03,+255.28031E-03
+5.43861E-03,-19.19158E-03,-103.64384E-03,+255.28031E-03
+5.43961E-03,-174.16897E-03,-102.90892E-03,+255.28031E-03
+5.44061E-03,-40.52576E-03,-102.87123E-03,+255.28031E-03
+5.44161E-03,-120.40390E-03,-102.85239E-03,+255.28031E-03
+5.44261E-03,-190.95791E-03,-102.28078E-03,+255.28031E-03
+5.44361E-03,-58.12375E-03,-102.43781E-03,+255.28031E-03
+5.44461E-03,-208.43781E-03,-103.12877E-03,+255.28031E-03
+5.44561E-03,+7.35992E-03,-102.75188E-03,+255.28031E-03
+5.44661E-03,-131.63128E-03,-102.75188E-03,+255.28031E-03
+5.44761E-03,-99.26319E-03,-103.09108E-03,+255.28031E-03
+5.44861E-03,-91.02701E-03,-102.79585E-03,+255.28031E-03
+5.44961E-03,-214.13128E-03,-102.47550E-03,+255.28031E-03
+5.45061E-03,-6.95164E-03,-103.06595E-03,+255.28031E-03
+5.45161E-03,-160.53832E-03,-102.67651E-03,+255.28031E-03
+5.45261E-03,-11.78581E-03,-102.75188E-03,+255.28031E-03
+5.45361E-03,-104.36244E-03,-102.99058E-03,+255.28031E-03
+5.45461E-03,-160.89887E-03,-102.75188E-03,+255.28031E-03
+5.45561E-03,-48.55088E-03,-102.67651E-03,+255.28031E-03
+5.45661E-03,-193.91771E-03,-103.28580E-03,+255.28031E-03
+5.45761E-03,+23.77701E-03,-102.18028E-03,+255.28031E-03
+5.45861E-03,-117.30465E-03,-102.31847E-03,+255.28031E-03
+5.45961E-03,-67.50314E-03,-102.28078E-03,+255.28031E-03
+5.46061E-03,-76.11746E-03,-102.79585E-03,+255.28031E-03
+5.46161E-03,-192.66394E-03,-102.94661E-03,+255.28031E-03
+5.46261E-03,+4.15138E-03,-102.79585E-03,+255.28031E-03
+5.46361E-03,-149.44033E-03,-103.28580E-03,+255.28031E-03
+5.46461E-03,+14.18279E-03,-102.53832E-03,+255.28031E-03
+5.46561E-03,-87.21797E-03,-102.94661E-03,+255.28031E-03
+5.46661E-03,-130.78204E-03,-102.67651E-03,+255.28031E-03
+5.46761E-03,-37.65515E-03,-103.42399E-03,+255.28031E-03
+5.46861E-03,-181.53957E-03,-102.57600E-03,+255.28031E-03
+5.46961E-03,+40.85741E-03,-102.34359E-03,+255.28031E-03
+5.47061E-03,-105.33731E-03,-102.73304E-03,+255.28031E-03
+5.47161E-03,-35.17274E-03,-103.10992E-03,+255.28031E-03
+5.47261E-03,-63.89008E-03,-102.43781E-03,+255.28031E-03
+5.47361E-03,-170.68656E-03,-101.98555E-03,+255.28031E-03
+5.47461E-03,+12.37751E-03,-102.16143E-03,+255.28031E-03
+5.47561E-03,-140.35490E-03,-102.31847E-03,+255.28031E-03
+5.47661E-03,+38.31470E-03,-102.59485E-03,+255.28031E-03
+5.47761E-03,-71.28581E-03,-103.21043E-03,+255.28031E-03
+5.47861E-03,-101.42525E-03,-102.65766E-03,+255.28031E-03
+5.47961E-03,-25.53957E-03,-102.59485E-03,+255.28031E-03
+5.48061E-03,-167.78580E-03,-102.57600E-03,+255.28031E-03
+5.48161E-03,+53.69535E-03,-102.89007E-03,+255.28031E-03
+5.48261E-03,-91.86495E-03,-102.99058E-03,+255.28031E-03
+5.48361E-03,-5.26319E-03,-102.24309E-03,+255.28031E-03
+5.48461E-03,-47.10867E-03,-102.47550E-03,+255.28031E-03
+5.48561E-03,-147.38631E-03,-102.14259E-03,+255.28031E-03
+5.48661E-03,+22.97801E-03,-102.41897E-03,+255.28031E-03
+5.48761E-03,-130.50189E-03,-102.71419E-03,+255.28031E-03
+5.48861E-03,+57.17399E-03,-102.78957E-03,+255.28031E-03
+5.48961E-03,-56.31973E-03,-103.18530E-03,+255.28031E-03
+5.49061E-03,-72.63631E-03,-102.31847E-03,+255.28031E-03
+5.49161E-03,-14.64636E-03,-103.14133E-03,+255.28031E-03
+5.49261E-03,-154.05716E-03,-102.91520E-03,+255.28031E-03
+5.49361E-03,+65.20414E-03,-102.53832E-03,+255.28031E-03
+5.49461E-03,-82.46420E-03,-102.46294E-03,+255.28031E-03
+5.49561E-03,+21.36369E-03,-102.65138E-03,+255.28031E-03
+5.49661E-03,-33.08480E-03,-103.04711E-03,+255.28031E-03
+5.49761E-03,-122.76696E-03,-102.38128E-03,+255.28031E-03
+5.49861E-03,+30.63379E-03,-102.61997E-03,+255.28031E-03
+5.49961E-03,-120.51194E-03,-102.87123E-03,+255.28031E-03
+5.50061E-03,+76.44661E-03,-102.51947E-03,+255.28031E-03
+5.50161E-03,-43.64510E-03,-102.73304E-03,+255.28031E-03
+5.50261E-03,-41.72676E-03,-103.30465E-03,+255.28031E-03
+5.50361E-03,-4.70038E-03,-102.73304E-03,+255.28031E-03
+5.50461E-03,-137.26696E-03,-102.85239E-03,+255.28031E-03
+5.50561E-03,+74.58103E-03,-102.14259E-03,+255.28031E-03
+5.50661E-03,-71.97550E-03,-102.47550E-03,+255.28031E-03
+5.50761E-03,+46.69284E-03,-102.99058E-03,+255.28031E-03
+5.50861E-03,-19.35239E-03,-103.04711E-03,+255.28031E-03
+5.50961E-03,-99.73681E-03,-102.41897E-03,+255.28031E-03
+5.51061E-03,+38.50314E-03,-102.67651E-03,+255.28031E-03
+5.51161E-03,-112.62123E-03,-102.59485E-03,+255.28031E-03
+5.51261E-03,+93.14761E-03,-102.12374E-03,+255.28031E-03
+5.51361E-03,-32.82224E-03,-102.41897E-03,+255.28031E-03
+5.51461E-03,-11.90892E-03,-103.12877E-03,+255.28031E-03
+5.51561E-03,+8.05716E-03,-102.83354E-03,+255.28031E-03
+5.51661E-03,-121.45792E-03,-102.50063E-03,+255.28031E-03
+5.51761E-03,+83.18153E-03,-102.63882E-03,+255.28031E-03
+5.51861E-03,-64.56093E-03,-102.95289E-03,+255.28031E-03
+5.51961E-03,+71.99309E-03,-102.97173E-03,+255.28031E-03
+5.52061E-03,-6.12877E-03,-102.14259E-03,+255.28031E-03
+5.52161E-03,-72.38380E-03,-102.90892E-03,+255.28031E-03
+5.52261E-03,+45.45917E-03,-103.00942E-03,+255.28031E-03
+5.52361E-03,-102.26947E-03,-102.38128E-03,+255.28031E-03
+5.52461E-03,+108.30841E-03,-103.09108E-03,+255.28031E-03
+5.52561E-03,-23.24184E-03,-102.69535E-03,+255.28031E-03
+5.52661E-03,+17.54334E-03,-102.51947E-03,+255.28031E-03
+5.52761E-03,+17.32977E-03,-102.92776E-03,+255.28031E-03
+5.52861E-03,-102.99812E-03,-102.24309E-03,+255.28031E-03
+5.52961E-03,+91.54711E-03,-102.85239E-03,+255.28031E-03
+5.53061E-03,-59.22802E-03,-102.45666E-03,+255.28031E-03
+5.53161E-03,+94.30213E-03,-103.66269E-03,+255.28031E-03
+5.53261E-03,+4.19661E-03,-102.77701E-03,+255.28031E-03
+5.53361E-03,-46.70666E-03,-102.65766E-03,+255.28031E-03
+5.53461E-03,+53.91897E-03,-102.59485E-03,+255.28031E-03
+5.53561E-03,-90.51068E-03,-102.85239E-03,+255.28031E-03
+5.53661E-03,+120.56846E-03,-103.21043E-03,+255.28031E-03
+5.53761E-03,-15.34862E-03,-102.43781E-03,+255.28031E-03
+5.53861E-03,+43.65012E-03,-102.29962E-03,+255.28031E-03
+5.53961E-03,+29.39259E-03,-102.40012E-03,+255.28031E-03
+5.54061E-03,-83.34736E-03,-102.53832E-03,+255.28031E-03
+5.54161E-03,+98.20540E-03,-103.12877E-03,+255.28031E-03
+5.54261E-03,-51.98053E-03,-102.51947E-03,+255.28031E-03
+5.54361E-03,+111.60238E-03,-102.71419E-03,+255.28031E-03
+5.54461E-03,+15.90264E-03,-102.65138E-03,+255.28031E-03
+5.54561E-03,-19.07349E-03,-102.61369E-03,+255.28031E-03
+5.54661E-03,+62.68027E-03,-103.44284E-03,+255.28031E-03
+5.54761E-03,-79.21922E-03,-102.59485E-03,+255.28031E-03
+5.54861E-03,+131.12374E-03,-102.45666E-03,+255.28031E-03
+5.54961E-03,-6.60239E-03,-102.63882E-03,+255.28031E-03
+5.55061E-03,+68.41771E-03,-102.14259E-03,+255.28031E-03
+5.55161E-03,+39.64259E-03,-102.48178E-03,+255.28031E-03
+5.55261E-03,-62.51822E-03,-102.48178E-03,+255.28031E-03
+5.55361E-03,+105.13128E-03,-101.96671E-03,+255.28031E-03
+5.55461E-03,-44.40013E-03,-102.51319E-03,+255.28031E-03
+5.55561E-03,+130.61369E-03,-102.32475E-03,+255.28031E-03
+5.55661E-03,+26.01570E-03,-102.57600E-03,+255.28031E-03
+5.55761E-03,+5.01319E-03,-102.55716E-03,+255.28031E-03
+5.55861E-03,+70.87374E-03,-102.40012E-03,+255.28031E-03
+5.55961E-03,-68.20792E-03,-102.61997E-03,+255.28031E-03
+5.56061E-03,+141.59861E-03,-102.33731E-03,+255.28031E-03
+5.56161E-03,-1.58731E-03,-102.69535E-03,+255.28031E-03
+5.56261E-03,+90.88128E-03,-101.86620E-03,+255.28031E-03
+5.56361E-03,+49.50565E-03,-102.69535E-03,+255.28031E-03
+5.56461E-03,-41.73932E-03,-102.71419E-03,+255.28031E-03
+5.56561E-03,+113.18655E-03,-102.29962E-03,+255.28031E-03
+5.56661E-03,-36.92274E-03,-102.47550E-03,+255.28031E-03
+5.56761E-03,+146.73052E-03,-101.63379E-03,+255.28031E-03
+5.56861E-03,+33.94409E-03,-102.75816E-03,+255.28031E-03
+5.56961E-03,+29.78706E-03,-102.33731E-03,+255.28031E-03
+5.57061E-03,+79.54711E-03,-102.63882E-03,+255.28031E-03
+5.57161E-03,-54.47299E-03,-103.07223E-03,+255.28031E-03
+5.57261E-03,+150.62248E-03,-101.94786E-03,+255.28031E-03
+5.57361E-03,+6.38756E-03,-102.67651E-03,+255.28031E-03
+5.57461E-03,+112.66269E-03,-102.53832E-03,+255.28031E-03
+5.57561E-03,+58.84233E-03,-102.45666E-03,+255.28031E-03
+5.57661E-03,-22.27450E-03,-102.87123E-03,+255.28031E-03
+5.57761E-03,+118.48681E-03,-102.65766E-03,+255.28031E-03
+5.57861E-03,-31.30465E-03,-102.87123E-03,+255.28031E-03
+5.57961E-03,+161.29962E-03,-102.51947E-03,+255.28031E-03
+5.58061E-03,+40.81218E-03,-102.00440E-03,+255.28031E-03
+5.58161E-03,+53.87751E-03,-102.71419E-03,+255.28031E-03
+5.58261E-03,+86.89635E-03,-102.69535E-03,+255.28031E-03
+5.58361E-03,-41.91897E-03,-102.43781E-03,+255.28031E-03
+5.58461E-03,+158.87500E-03,-102.10490E-03,+255.28031E-03
+5.58561E-03,+11.97048E-03,-102.16143E-03,+255.28031E-03
+5.58661E-03,+134.21042E-03,-102.41897E-03,+255.28031E-03
+5.58761E-03,+67.42148E-03,-102.43781E-03,+255.28031E-03
+5.58861E-03,-1.49686E-03,-102.21796E-03,+255.28031E-03
+5.58961E-03,+124.58731E-03,-102.95289E-03,+255.28031E-03
+5.59061E-03,-22.66269E-03,-103.06595E-03,+255.28031E-03
+5.59161E-03,+175.74560E-03,-102.77701E-03,+255.28031E-03
+5.59261E-03,+48.07223E-03,-102.83354E-03,+255.28031E-03
+5.59361E-03,+79.22299E-03,-102.71419E-03,+255.28031E-03
+5.59461E-03,+94.38756E-03,-102.12374E-03,+255.28031E-03
+5.59561E-03,-26.38882E-03,-102.41897E-03,+255.28031E-03
+5.59661E-03,+165.35992E-03,-102.53832E-03,+255.28031E-03
+5.59761E-03,+16.24309E-03,-102.18028E-03,+255.28031E-03
+5.59861E-03,+152.30590E-03,-101.82852E-03,+255.28031E-03
+5.59961E-03,+74.20414E-03,-102.73304E-03,+255.28031E-03
+5.60061E-03,+20.91520E-03,-102.04208E-03,+255.28031E-03
+5.60161E-03,+130.52952E-03,-102.79585E-03,+255.28031E-03
+5.60261E-03,-13.00189E-03,-102.71419E-03,+255.28031E-03
+5.60361E-03,+186.02701E-03,-102.49435E-03,+255.28031E-03
+5.60461E-03,+54.78706E-03,-102.53203E-03,+255.28031E-03
+5.60561E-03,+100.94409E-03,-102.10490E-03,+255.28031E-03
+5.60661E-03,+100.14761E-03,-101.96671E-03,+255.28031E-03
+5.60761E-03,-10.79837E-03,-102.94661E-03,+255.28031E-03
+5.60861E-03,+171.81218E-03,-103.24811E-03,+255.28031E-03
+5.60961E-03,+21.01570E-03,-102.53203E-03,+255.28031E-03
+5.61061E-03,+171.49434E-03,-102.85239E-03,+255.28031E-03
+5.61161E-03,+82.68781E-03,-102.81470E-03,+255.28031E-03
+5.61261E-03,+41.81846E-03,-102.41897E-03,+255.28031E-03
+5.61361E-03,+135.51696E-03,-102.87123E-03,+255.28031E-03
+5.61461E-03,-6.05842E-03,-102.63882E-03,+255.28031E-03
+5.61561E-03,+196.31469E-03,-102.31847E-03,+255.28031E-03
+5.61661E-03,+59.39635E-03,-102.06721E-03,+255.28031E-03
+5.61761E-03,+122.54334E-03,-101.69033E-03,+255.28031E-03
+5.61861E-03,+106.69786E-03,-103.09108E-03,+255.28031E-03
+5.61961E-03,+4.08480E-03,-102.65766E-03,+255.28031E-03
+5.62061E-03,+177.13002E-03,-102.31847E-03,+255.28031E-03
+5.62161E-03,+27.18279E-03,-102.61997E-03,+255.28031E-03
+5.62261E-03,+188.91520E-03,-103.00942E-03,+255.28031E-03
+5.62361E-03,+88.34736E-03,-102.87123E-03,+255.28031E-03
+5.62461E-03,+60.81595E-03,-102.30590E-03,+255.28031E-03
+5.62561E-03,+140.19409E-03,-102.83354E-03,+255.28031E-03
+5.62661E-03,+4.24811E-03,-102.33731E-03,+255.28031E-03
+5.62761E-03,+207.34233E-03,-102.79585E-03,+255.28031E-03
+5.62861E-03,+66.84987E-03,-102.75816E-03,+255.28031E-03
+5.62961E-03,+142.75314E-03,-102.29962E-03,+255.28031E-03
+5.63061E-03,+112.68279E-03,-102.28706E-03,+255.28031E-03
+5.63161E-03,+19.49309E-03,-102.94661E-03,+255.28031E-03
+5.63261E-03,+179.53706E-03,-102.81470E-03,+255.28031E-03
+5.63361E-03,+33.42274E-03,-102.59485E-03,+255.28031E-03
+5.63461E-03,+203.52072E-03,-102.40012E-03,+255.28031E-03
+5.63561E-03,+95.85992E-03,-102.33731E-03,+255.28031E-03
+5.63661E-03,+83.14887E-03,-102.37500E-03,+255.28031E-03
+5.63761E-03,+141.86369E-03,-102.85239E-03,+255.28031E-03
+5.63861E-03,+13.32852E-03,-102.59485E-03,+255.28031E-03
+5.63961E-03,+212.42399E-03,-102.43781E-03,+255.28031E-03
+5.64061E-03,+71.17022E-03,-102.24309E-03,+255.28031E-03
+5.64161E-03,+164.03203E-03,-102.24309E-03,+255.28031E-03
+5.64261E-03,+118.21294E-03,-102.40012E-03,+255.28031E-03
+5.64361E-03,+35.61997E-03,-102.18656E-03,+255.28031E-03
+5.64461E-03,+182.84610E-03,-102.91520E-03,+255.28031E-03
+5.64561E-03,+41.05590E-03,-102.55716E-03,+255.28031E-03
+5.64661E-03,+216.35238E-03,-101.90389E-03,+255.28031E-03
+5.64761E-03,+102.25942E-03,-101.74686E-03,+255.28031E-03
+5.64861E-03,+104.62877E-03,-102.30590E-03,+255.28031E-03
+5.64961E-03,+144.81218E-03,-102.38128E-03,+255.28031E-03
+5.65061E-03,+21.91520E-03,-102.71419E-03,+255.28031E-03
+5.65161E-03,+218.66771E-03,-102.95289E-03,+255.28031E-03
+5.65261E-03,+75.78454E-03,-102.69535E-03,+255.28031E-03
+5.65361E-03,+184.55213E-03,-103.12877E-03,+255.28031E-03
+5.65461E-03,+122.02324E-03,-101.70917E-03,+255.28031E-03
+5.65561E-03,+52.90389E-03,-102.85239E-03,+255.28031E-03
+5.65661E-03,+184.62625E-03,-102.79585E-03,+255.28031E-03
+5.65761E-03,+43.62500E-03,-102.60113E-03,+255.28031E-03
+5.65861E-03,+230.94660E-03,-102.93404E-03,+255.28031E-03
+5.65961E-03,+109.00062E-03,-101.98555E-03,+255.28031E-03
+5.66061E-03,+126.53454E-03,-103.10992E-03,+255.28031E-03
+5.66161E-03,+149.00691E-03,-102.20540E-03,+255.28031E-03
+5.66261E-03,+31.63505E-03,-101.71545E-03,+255.28031E-03
+5.66361E-03,+223.02072E-03,-102.48178E-03,+255.28031E-03
+5.66461E-03,+79.54836E-03,-102.28078E-03,+255.28031E-03
+5.66561E-03,+204.68278E-03,-102.30590E-03,+255.28031E-03
+5.66661E-03,+129.59233E-03,-101.79083E-03,+255.28031E-03
+5.66761E-03,+71.07223E-03,-101.80967E-03,+255.28031E-03
+5.66861E-03,+185.03329E-03,-101.43279E-03,+255.28031E-03
+5.66961E-03,+47.70666E-03,-101.92902E-03,+255.28031E-03
+5.67061E-03,+241.17273E-03,-102.38128E-03,+255.28031E-03
+5.67161E-03,+114.34610E-03,-101.55213E-03,+255.28031E-03
+5.67261E-03,+147.75565E-03,-102.50063E-03,+255.28031E-03
+5.67361E-03,+153.97173E-03,-101.49560E-03,+255.28031E-03
+5.67461E-03,+41.53831E-03,-102.89636E-03,+255.28031E-03
+5.67561E-03,+226.74560E-03,-102.46294E-03,+255.28031E-03
+5.67661E-03,+82.87123E-03,-102.69535E-03,+255.28031E-03
+5.67761E-03,+220.78077E-03,-102.16771E-03,+255.28031E-03
+5.67861E-03,+137.21545E-03,-102.51947E-03,+255.28031E-03
+5.67961E-03,+89.12500E-03,-102.16771E-03,+255.28031E-03
+5.68061E-03,+188.73304E-03,-102.63882E-03,+255.28031E-03
+5.68161E-03,+51.11118E-03,-102.79585E-03,+255.28031E-03
+5.68261E-03,+248.31344E-03,-102.10490E-03,+255.28031E-03
+5.68361E-03,+119.14133E-03,-102.36244E-03,+255.28031E-03
+5.68461E-03,+166.74937E-03,-101.91017E-03,+255.28031E-03
+5.68561E-03,+158.97047E-03,-102.14259E-03,+255.28031E-03
+5.68661E-03,+52.99811E-03,-102.85239E-03,+255.28031E-03
+5.68761E-03,+228.55213E-03,-102.61997E-03,+255.28031E-03
+5.68861E-03,+87.19409E-03,-102.06721E-03,+255.28031E-03
+5.68961E-03,+236.80590E-03,-102.38128E-03,+255.28031E-03
+5.69061E-03,+143.94032E-03,-101.91017E-03,+255.28031E-03
+5.69161E-03,+107.06470E-03,-102.40012E-03,+255.28031E-03
+5.69261E-03,+189.69660E-03,-102.02324E-03,+255.28031E-03
+5.69361E-03,+57.18781E-03,-101.71545E-03,+255.28031E-03
+5.69461E-03,+255.82977E-03,-102.40012E-03,+255.28031E-03
+5.69561E-03,+122.19535E-03,-101.69033E-03,+255.28031E-03
+5.69661E-03,+189.24183E-03,-102.29962E-03,+255.28031E-03
+5.69761E-03,+163.05339E-03,-102.83354E-03,+255.28031E-03
+5.69861E-03,+67.58228E-03,-102.53832E-03,+255.28031E-03
+5.69961E-03,+229.30339E-03,-102.41897E-03,+255.28031E-03
+5.70061E-03,+88.28454E-03,-102.77701E-03,+255.28031E-03
+5.70161E-03,+249.60113E-03,-102.97801E-03,+255.28031E-03
+5.70261E-03,+148.99309E-03,-101.47676E-03,+255.28031E-03
+5.70361E-03,+128.28329E-03,-103.00942E-03,+255.28031E-03
+5.70461E-03,+191.54585E-03,-102.04837E-03,+255.28031E-03
+5.70561E-03,+62.63882E-03,-102.16143E-03,+255.28031E-03
+5.70661E-03,+259.29711E-03,-102.34359E-03,+255.28031E-03
+5.70761E-03,+125.79711E-03,-101.86620E-03,+255.28031E-03
+5.70861E-03,+207.11118E-03,-101.79083E-03,+255.28031E-03
+5.70961E-03,+168.55841E-03,-102.58229E-03,+255.28031E-03
+5.71061E-03,+82.01193E-03,-101.92902E-03,+255.28031E-03
+5.71161E-03,+229.46922E-03,-102.24309E-03,+255.28031E-03
+5.71261E-03,+89.89133E-03,-102.71419E-03,+255.28031E-03
+5.71361E-03,+260.28203E-03,-102.20540E-03,+255.28031E-03
+5.71461E-03,+154.87248E-03,-102.04208E-03,+255.28031E-03
+5.71561E-03,+147.23052E-03,-101.98555E-03,+255.28031E-03
+5.71661E-03,+195.19158E-03,-102.65766E-03,+255.28031E-03
+5.71761E-03,+69.64259E-03,-102.40012E-03,+255.28031E-03
+5.71861E-03,+262.67399E-03,-101.78455E-03,+255.28031E-03
+5.71961E-03,+126.03957E-03,-102.61369E-03,+255.28031E-03
+5.72061E-03,+226.87248E-03,-102.51947E-03,+255.28031E-03
+5.72161E-03,+174.52449E-03,-102.20540E-03,+255.28031E-03
+5.72261E-03,+97.44409E-03,-101.94786E-03,+255.28031E-03
+5.72361E-03,+229.21796E-03,-102.87123E-03,+255.28031E-03
+5.72461E-03,+90.60490E-03,-102.65766E-03,+255.28031E-03
+5.72561E-03,+271.41017E-03,-101.98555E-03,+255.28031E-03
+5.72661E-03,+158.51193E-03,-102.24309E-03,+255.28031E-03
+5.72761E-03,+167.97927E-03,-102.14259E-03,+255.28031E-03
+5.72861E-03,+197.25439E-03,-102.46294E-03,+255.28031E-03
+5.72961E-03,+76.49434E-03,-101.75314E-03,+255.28031E-03
+5.73061E-03,+266.21042E-03,-102.06721E-03,+255.28031E-03
+5.73161E-03,+128.44284E-03,-101.98555E-03,+255.28031E-03
+5.73261E-03,+242.55213E-03,-102.65766E-03,+255.28031E-03
+5.73361E-03,+178.43404E-03,-102.20540E-03,+255.28031E-03
+5.73461E-03,+113.63379E-03,-102.58229E-03,+255.28031E-03
+5.73561E-03,+231.94283E-03,-102.43781E-03,+255.28031E-03
+5.73661E-03,+93.89007E-03,-102.08605E-03,+255.28031E-03
+5.73761E-03,+279.08354E-03,-102.29962E-03,+255.28031E-03
+5.73861E-03,+161.00942E-03,-102.20540E-03,+255.28031E-03
+5.73961E-03,+185.34359E-03,-101.85364E-03,+255.28031E-03
+5.74061E-03,+201.98178E-03,-102.41897E-03,+255.28031E-03
+5.74161E-03,+85.34987E-03,-102.04837E-03,+255.28031E-03
+5.74261E-03,+265.36118E-03,-101.86620E-03,+255.28031E-03
+5.74361E-03,+128.35490E-03,-102.12374E-03,+255.28031E-03
+5.74461E-03,+256.04585E-03,-101.80967E-03,+255.28031E-03
+5.74561E-03,+184.55213E-03,-102.83354E-03,+255.28031E-03
+5.74661E-03,+129.00565E-03,-101.65264E-03,+255.28031E-03
+5.74761E-03,+231.08982E-03,-101.13756E-03,+255.28031E-03
+5.74861E-03,+96.46419E-03,-102.58229E-03,+255.28031E-03
+5.74961E-03,+284.17525E-03,-103.05339E-03,+255.28031E-03
+5.75061E-03,+164.67525E-03,-102.40012E-03,+255.28031E-03
+5.75161E-03,+204.23680E-03,-102.48178E-03,+255.28031E-03
+5.75261E-03,+204.30088E-03,-102.81470E-03,+255.28031E-03
+5.75361E-03,+96.58982E-03,-102.20540E-03,+255.28031E-03
+5.75461E-03,+268.60615E-03,-102.26193E-03,+255.28031E-03
+5.75561E-03,+128.33856E-03,-102.55716E-03,+255.28031E-03
+5.75661E-03,+270.59736E-03,-103.07223E-03,+255.28031E-03
+5.75761E-03,+188.16520E-03,-102.60113E-03,+255.28031E-03
+5.75861E-03,+147.58480E-03,-102.42525E-03,+255.28031E-03
+5.75961E-03,+232.25942E-03,-102.21796E-03,+255.28031E-03
+5.76061E-03,+100.72299E-03,-102.10490E-03,+255.28031E-03
+5.76161E-03,+288.93278E-03,-102.28078E-03,+255.28031E-03
+5.76261E-03,+164.87751E-03,-101.69033E-03,+255.28031E-03
+5.76361E-03,+224.42902E-03,-101.75314E-03,+255.28031E-03
+5.76461E-03,+206.71670E-03,-101.55213E-03,+255.28031E-03
+5.76561E-03,+107.80088E-03,-101.65264E-03,+255.28031E-03
+5.76661E-03,+269.01444E-03,-102.73932E-03,+255.28031E-03
+5.76761E-03,+128.92650E-03,-101.98555E-03,+255.28031E-03
+5.76861E-03,+282.26067E-03,-102.48178E-03,+255.28031E-03
+5.76961E-03,+190.25942E-03,-102.59485E-03,+255.28031E-03
+5.77061E-03,+164.93655E-03,-102.42525E-03,+255.28031E-03
+5.77161E-03,+235.05841E-03,-102.16143E-03,+255.28031E-03
+5.77261E-03,+105.35992E-03,-102.20540E-03,+255.28031E-03
+5.77361E-03,+292.92650E-03,-101.82852E-03,+255.28031E-03
+5.77461E-03,+165.47173E-03,-101.43279E-03,+255.28031E-03
+5.77561E-03,+238.87374E-03,-102.14259E-03,+255.28031E-03
+5.77661E-03,+211.34484E-03,-101.88505E-03,+255.28031E-03
+5.77761E-03,+120.95666E-03,-102.10490E-03,+255.28031E-03
+5.77861E-03,+269.60741E-03,-101.96671E-03,+255.28031E-03
+5.77961E-03,+128.77952E-03,-102.43781E-03,+255.28031E-03
+5.78061E-03,+291.43404E-03,-102.85867E-03,+255.28031E-03
+5.78161E-03,+191.45163E-03,-102.06721E-03,+255.28031E-03
+5.78261E-03,+180.29585E-03,-102.00440E-03,+255.28031E-03
+5.78361E-03,+235.69786E-03,-101.77198E-03,+255.28031E-03
+5.78461E-03,+111.55590E-03,-101.89133E-03,+255.28031E-03
+5.78561E-03,+297.83982E-03,-102.28078E-03,+255.28031E-03
+5.78661E-03,+164.45414E-03,-103.10992E-03,+255.28031E-03
+5.78761E-03,+253.70665E-03,-102.24309E-03,+255.28031E-03
+5.78861E-03,+213.38128E-03,-102.02324E-03,+255.28031E-03
+5.78961E-03,+134.44158E-03,-102.85867E-03,+255.28031E-03
+5.79061E-03,+268.78957E-03,-103.16646E-03,+255.28031E-03
+5.79161E-03,+131.51821E-03,-101.69033E-03,+255.28031E-03
+5.79261E-03,+298.07097E-03,-102.06721E-03,+255.28031E-03
+5.79361E-03,+194.06846E-03,-102.41897E-03,+255.28031E-03
+5.79461E-03,+198.53580E-03,-101.96671E-03,+255.28031E-03
+5.79561E-03,+236.96168E-03,-102.51947E-03,+255.28031E-03
+5.79661E-03,+116.94535E-03,-102.24309E-03,+255.28031E-03
+5.79761E-03,+298.69158E-03,-102.38128E-03,+255.28031E-03
+5.79861E-03,+165.23429E-03,-101.67148E-03,+255.28031E-03
+5.79961E-03,+268.77952E-03,-102.04837E-03,+255.28031E-03
+5.80061E-03,+216.51570E-03,-102.34359E-03,+255.28031E-03
+5.80161E-03,+148.42776E-03,-101.91017E-03,+255.28031E-03
+5.80261E-03,+268.64258E-03,-102.45666E-03,+255.28031E-03
+5.80361E-03,+133.17525E-03,-102.12374E-03,+255.28031E-03
+5.80461E-03,+306.48932E-03,-102.22424E-03,+255.28031E-03
+5.80561E-03,+194.46796E-03,-102.51947E-03,+255.28031E-03
+5.80661E-03,+213.87374E-03,-102.56344E-03,+255.28031E-03
+5.80761E-03,+238.35992E-03,-102.29962E-03,+255.28031E-03
+5.80861E-03,+125.30716E-03,-102.61997E-03,+255.28031E-03
+5.80961E-03,+301.13128E-03,-102.34359E-03,+255.28031E-03
+5.81061E-03,+164.85992E-03,-102.35615E-03,+255.28031E-03
+5.81161E-03,+281.93907E-03,-102.24309E-03,+255.28031E-03
+5.81261E-03,+217.56093E-03,-102.93404E-03,+255.28031E-03
+5.81361E-03,+162.59108E-03,-101.99183E-03,+255.28031E-03
+5.81461E-03,+268.81595E-03,-102.51947E-03,+255.28031E-03
+5.81561E-03,+133.59736E-03,-101.51445E-03,+255.28031E-03
+5.81661E-03,+312.24937E-03,-102.53832E-03,+255.28031E-03
+5.81761E-03,+195.76193E-03,-102.16771E-03,+255.28031E-03
+5.81861E-03,+231.48304E-03,-101.79083E-03,+255.28031E-03
+5.81961E-03,+240.21922E-03,-102.71419E-03,+255.28031E-03
+5.82061E-03,+135.08228E-03,-102.28078E-03,+255.28031E-03
+5.82161E-03,+302.47298E-03,-102.26193E-03,+255.28031E-03
+5.82261E-03,+164.58856E-03,-101.94786E-03,+255.28031E-03
+5.82361E-03,+294.20540E-03,-102.24309E-03,+255.28031E-03
+5.82461E-03,+218.20665E-03,-103.17274E-03,+255.28031E-03
+5.82561E-03,+175.98932E-03,-101.35741E-03,+255.28031E-03
+5.82661E-03,+268.82851E-03,-101.57098E-03,+255.28031E-03
+5.82761E-03,+136.50565E-03,-102.22424E-03,+255.28031E-03
+5.82861E-03,+319.08228E-03,-102.10490E-03,+255.28031E-03
+5.82961E-03,+195.71922E-03,-102.14887E-03,+255.28031E-03
+5.83061E-03,+245.25565E-03,-101.25691E-03,+255.28031E-03
+5.83161E-03,+239.65012E-03,-102.01068E-03,+255.28031E-03
+5.83261E-03,+143.71545E-03,-102.26193E-03,+255.28031E-03
+5.83361E-03,+303.45665E-03,-102.73932E-03,+255.28031E-03
+5.83461E-03,+163.90012E-03,-102.60113E-03,+255.28031E-03
+5.83561E-03,+304.36243E-03,-102.24309E-03,+255.28031E-03
+5.83661E-03,+217.92273E-03,-102.32475E-03,+255.28031E-03
+5.83761E-03,+190.27826E-03,-102.36244E-03,+255.28031E-03
+5.83861E-03,+269.95163E-03,-101.98555E-03,+255.28031E-03
+5.83961E-03,+141.80213E-03,-102.38128E-03,+255.28031E-03
+5.84061E-03,+322.83102E-03,-101.73430E-03,+255.28031E-03
+5.84161E-03,+196.98304E-03,-102.71419E-03,+255.28031E-03
+5.84261E-03,+260.69660E-03,-102.89636E-03,+255.28031E-03
+5.84361E-03,+242.10364E-03,-102.24309E-03,+255.28031E-03
+5.84461E-03,+151.90138E-03,-102.06721E-03,+255.28031E-03
+5.84561E-03,+301.63630E-03,-102.43781E-03,+255.28031E-03
+5.84661E-03,+164.29334E-03,-102.04837E-03,+255.28031E-03
+5.84761E-03,+313.28077E-03,-102.36244E-03,+255.28031E-03
+5.84861E-03,+221.16771E-03,-102.59485E-03,+255.28031E-03
+5.84961E-03,+204.22047E-03,-101.96671E-03,+255.28031E-03
+5.85061E-03,+267.92525E-03,-102.36244E-03,+255.28031E-03
+5.85161E-03,+146.00062E-03,-102.16143E-03,+255.28031E-03
+5.85261E-03,+325.23680E-03,-102.29962E-03,+255.28031E-03
+5.85361E-03,+196.50062E-03,-102.48178E-03,+255.28031E-03
+5.85461E-03,+274.33354E-03,-102.53832E-03,+255.28031E-03
+5.85561E-03,+240.81972E-03,-102.41897E-03,+255.28031E-03
+5.85661E-03,+163.21294E-03,-102.10490E-03,+255.28031E-03
+5.85761E-03,+302.19786E-03,-102.95289E-03,+255.28031E-03
+5.85861E-03,+166.73052E-03,-101.77198E-03,+255.28031E-03
+5.85961E-03,+322.57349E-03,-102.10490E-03,+255.28031E-03
+5.86061E-03,+221.38128E-03,-102.47550E-03,+255.28031E-03
+5.86161E-03,+220.46545E-03,-102.46294E-03,+255.28031E-03
+5.86261E-03,+265.01821E-03,-102.02952E-03,+255.28031E-03
+5.86361E-03,+150.17776E-03,-102.38128E-03,+255.28031E-03
+5.86461E-03,+328.03705E-03,-101.39510E-03,+255.28031E-03
+5.86561E-03,+196.08605E-03,-101.67148E-03,+255.28031E-03
+5.86661E-03,+288.15515E-03,-101.69033E-03,+255.28031E-03
+5.86761E-03,+240.60615E-03,-102.69535E-03,+255.28031E-03
+5.86861E-03,+173.34108E-03,-102.34359E-03,+255.28031E-03
+5.86961E-03,+299.27952E-03,-102.12374E-03,+255.28031E-03
+5.87061E-03,+164.97927E-03,-102.02952E-03,+255.28031E-03
+5.87161E-03,+330.85238E-03,-101.53329E-03,+255.28031E-03
+5.87261E-03,+222.21922E-03,-103.01570E-03,+255.28031E-03
+5.87361E-03,+234.92273E-03,-102.97173E-03,+255.28031E-03
+5.87461E-03,+265.14886E-03,-102.43781E-03,+255.28031E-03
+5.87561E-03,+156.46545E-03,-102.20540E-03,+255.28031E-03
+5.87661E-03,+329.46796E-03,-102.41897E-03,+255.28031E-03
+5.87761E-03,+195.68530E-03,-102.06721E-03,+255.28031E-03
+5.87861E-03,+302.03580E-03,-102.38128E-03,+255.28031E-03
+5.87961E-03,+241.68278E-03,-102.38128E-03,+255.28031E-03
+5.88061E-03,+183.66143E-03,-101.37625E-03,+255.28031E-03
+5.88161E-03,+296.38379E-03,-101.61495E-03,+255.28031E-03
+5.88261E-03,+166.09485E-03,-101.77198E-03,+255.28031E-03
+5.88361E-03,+336.58605E-03,-101.92902E-03,+255.28031E-03
+5.88461E-03,+224.35113E-03,-102.12374E-03,+255.28031E-03
+5.88561E-03,+248.84610E-03,-102.34359E-03,+255.28031E-03
+5.88661E-03,+265.29836E-03,-101.84736E-03,+255.28031E-03
+5.88761E-03,+159.42148E-03,-101.69033E-03,+255.28031E-03
+5.88861E-03,+328.19535E-03,-102.04208E-03,+255.28031E-03
+5.88961E-03,+195.61871E-03,-102.93404E-03,+255.28031E-03
+5.89061E-03,+313.58354E-03,-101.84736E-03,+255.28031E-03
+5.89161E-03,+245.08605E-03,-102.56344E-03,+255.28031E-03
+5.89261E-03,+195.95917E-03,-102.55716E-03,+255.28031E-03
+5.89361E-03,+294.80716E-03,-102.22424E-03,+255.28031E-03
+5.89461E-03,+166.63128E-03,-101.73430E-03,+255.28031E-03
+5.89561E-03,+342.09233E-03,-101.91017E-03,+255.28031E-03
+5.89661E-03,+225.75565E-03,-101.91017E-03,+255.28031E-03
+5.89761E-03,+262.56469E-03,-102.11118E-03,+255.28031E-03
+5.89861E-03,+264.65012E-03,-102.34359E-03,+255.28031E-03
+5.89961E-03,+166.31469E-03,-102.46294E-03,+255.28031E-03
+5.90061E-03,+325.12751E-03,-101.61495E-03,+255.28031E-03
+5.90161E-03,+195.99057E-03,-102.34359E-03,+255.28031E-03
+5.90261E-03,+324.12625E-03,-102.01068E-03,+255.28031E-03
+5.90361E-03,+245.31595E-03,-102.08605E-03,+255.28031E-03
+5.90461E-03,+209.52826E-03,-102.30590E-03,+255.28031E-03
+5.90561E-03,+290.86871E-03,-102.91520E-03,+255.28031E-03
+5.90661E-03,+168.87374E-03,-102.61369E-03,+255.28031E-03
+5.90761E-03,+345.07726E-03,-101.58982E-03,+255.28031E-03
+5.90861E-03,+224.50691E-03,-102.26193E-03,+255.28031E-03
+5.90961E-03,+278.95288E-03,-102.10490E-03,+255.28031E-03
+5.91061E-03,+263.06595E-03,-102.31847E-03,+255.28031E-03
+5.91161E-03,+173.18530E-03,-101.58982E-03,+255.28031E-03
+5.91261E-03,+324.81595E-03,-102.50063E-03,+255.28031E-03
+5.91361E-03,+194.69912E-03,-101.84736E-03,+255.28031E-03
+5.91461E-03,+334.82851E-03,-102.53832E-03,+255.28031E-03
+5.91561E-03,+245.29459E-03,-102.26193E-03,+255.28031E-03
+5.91661E-03,+223.56218E-03,-101.67148E-03,+255.28031E-03
+5.91761E-03,+289.35741E-03,-102.26821E-03,+255.28031E-03
+5.91861E-03,+170.02449E-03,-102.14887E-03,+255.28031E-03
+5.91961E-03,+345.67022E-03,-102.10490E-03,+255.28031E-03
+5.92061E-03,+223.40263E-03,-102.71419E-03,+255.28031E-03
+5.92161E-03,+293.01821E-03,-102.47550E-03,+255.28031E-03
+5.92261E-03,+262.90640E-03,-102.22424E-03,+255.28031E-03
+5.92361E-03,+182.50188E-03,-101.70917E-03,+255.28031E-03
+5.92461E-03,+321.86369E-03,-101.79083E-03,+255.28031E-03
+5.92561E-03,+190.19660E-03,-102.41897E-03,+255.28031E-03
+5.92661E-03,+343.11494E-03,-102.50063E-03,+255.28031E-03
+5.92761E-03,+247.26821E-03,-102.22424E-03,+255.28031E-03
+5.92861E-03,+236.05590E-03,-101.72801E-03,+255.28031E-03
+5.92961E-03,+288.31846E-03,-102.10490E-03,+255.28031E-03
+5.93061E-03,+171.48429E-03,-102.38128E-03,+255.28031E-03
+5.93161E-03,+348.55967E-03,-102.40012E-03,+255.28031E-03
+5.93261E-03,+223.56721E-03,-102.18656E-03,+255.28031E-03
+5.93361E-03,+306.14258E-03,-101.79083E-03,+255.28031E-03
+5.93461E-03,+265.23429E-03,-102.48178E-03,+255.28031E-03
+5.93561E-03,+192.25188E-03,-102.00440E-03,+255.28031E-03
+5.93661E-03,+317.43153E-03,-102.34359E-03,+255.28031E-03
+5.93761E-03,+189.27449E-03,-101.82852E-03,+255.28031E-03
+5.93861E-03,+348.72550E-03,-102.04837E-03,+255.28031E-03
+5.93961E-03,+246.87248E-03,-102.41897E-03,+255.28031E-03
+5.94061E-03,+250.95037E-03,-102.14259E-03,+255.28031E-03
+5.94161E-03,+286.09484E-03,-102.16143E-03,+255.28031E-03
+5.94261E-03,+173.90766E-03,-101.65264E-03,+255.28031E-03
+5.94361E-03,+346.18153E-03,-102.06721E-03,+255.28031E-03
+5.94461E-03,+220.50942E-03,-102.28078E-03,+255.28031E-03
+5.94561E-03,+318.40263E-03,-102.16771E-03,+255.28031E-03
+5.94661E-03,+266.72675E-03,-102.32475E-03,+255.28031E-03
+5.94761E-03,+201.74811E-03,-102.28078E-03,+255.28031E-03
+5.94861E-03,+314.50690E-03,-101.96671E-03,+255.28031E-03
+5.94961E-03,+188.94660E-03,-102.53832E-03,+255.28031E-03
+5.95061E-03,+353.27826E-03,-102.32475E-03,+255.28031E-03
+5.95161E-03,+247.71545E-03,-102.20540E-03,+255.28031E-03
+5.95261E-03,+266.25062E-03,-101.91017E-03,+255.28031E-03
+5.95361E-03,+286.97047E-03,-102.30590E-03,+255.28031E-03
+5.95461E-03,+177.94032E-03,-101.80967E-03,+255.28031E-03
+5.95561E-03,+345.98932E-03,-102.26821E-03,+255.28031E-03
+5.95661E-03,+216.59736E-03,-102.47550E-03,+255.28031E-03
+5.95761E-03,+328.09610E-03,-101.84736E-03,+255.28031E-03
+5.95861E-03,+266.78706E-03,-101.65264E-03,+255.28031E-03
+5.95961E-03,+212.73052E-03,-102.31847E-03,+255.28031E-03
+5.96061E-03,+313.78831E-03,-101.45791E-03,+255.28031E-03
+5.96161E-03,+187.05339E-03,-101.98555E-03,+255.28031E-03
+5.96261E-03,+357.57223E-03,-102.73932E-03,+255.28031E-03
+5.96361E-03,+247.32474E-03,-102.12374E-03,+255.28031E-03
+5.96461E-03,+279.77952E-03,-101.98555E-03,+255.28031E-03
+5.96561E-03,+285.28831E-03,-102.32475E-03,+255.28031E-03
+5.96661E-03,+184.60615E-03,-102.40012E-03,+255.28031E-03
+5.96761E-03,+342.73429E-03,-102.02324E-03,+255.28031E-03
+5.96861E-03,+215.01444E-03,-102.41897E-03,+255.28031E-03
+5.96961E-03,+337.59484E-03,-101.43907E-03,+255.28031E-03
+5.97061E-03,+267.87374E-03,-102.69535E-03,+255.28031E-03
+5.97161E-03,+225.93907E-03,-102.36244E-03,+255.28031E-03
+5.97261E-03,+310.03705E-03,-101.92902E-03,+255.28031E-03
+5.97361E-03,+187.56469E-03,-102.23681E-03,+255.28031E-03
+5.97461E-03,+357.91896E-03,-101.96671E-03,+255.28031E-03
+5.97561E-03,+245.44158E-03,-102.55716E-03,+255.28031E-03
+5.97661E-03,+292.40515E-03,-102.34359E-03,+255.28031E-03
+5.97761E-03,+284.68153E-03,-102.69535E-03,+255.28031E-03
+5.97861E-03,+191.29083E-03,-102.40012E-03,+255.28031E-03
+5.97961E-03,+340.28454E-03,-102.12374E-03,+255.28031E-03
+5.98061E-03,+212.35490E-03,-102.65138E-03,+255.28031E-03
+5.98161E-03,+345.80087E-03,-102.28078E-03,+255.28031E-03
+5.98261E-03,+267.39761E-03,-101.69033E-03,+255.28031E-03
+5.98361E-03,+238.36243E-03,-102.38128E-03,+255.28031E-03
+5.98461E-03,+308.89258E-03,-102.20540E-03,+255.28031E-03
+5.98561E-03,+188.32726E-03,-103.09108E-03,+255.28031E-03
+5.98661E-03,+358.91896E-03,-102.83354E-03,+255.28031E-03
+5.98761E-03,+243.42022E-03,-102.32475E-03,+255.28031E-03
+5.98861E-03,+304.40891E-03,-102.40012E-03,+255.28031E-03
+5.98961E-03,+284.82349E-03,-102.41897E-03,+255.28031E-03
+5.99061E-03,+200.34987E-03,-103.09108E-03,+255.28031E-03
+5.99161E-03,+336.67273E-03,-102.43781E-03,+255.28031E-03
+5.99261E-03,+209.91771E-03,-102.06721E-03,+255.28031E-03
+5.99361E-03,+352.95163E-03,-101.65264E-03,+255.28031E-03
+5.99461E-03,+265.75188E-03,-102.04837E-03,+255.28031E-03
+5.99561E-03,+253.27072E-03,-102.40012E-03,+255.28031E-03
+5.99661E-03,+305.91896E-03,-102.34359E-03,+255.28031E-03
+5.99761E-03,+190.65892E-03,-102.30590E-03,+255.28031E-03
+5.99861E-03,+359.24183E-03,-102.67651E-03,+255.28031E-03
+5.99961E-03,+238.09484E-03,-102.57600E-03,+255.28031E-03
+6.00061E-03,+317.75188E-03,-102.12374E-03,+255.28031E-03
+6.00161E-03,+283.06218E-03,-102.24309E-03,+255.28031E-03
+6.00261E-03,+210.81721E-03,-102.60113E-03,+255.28031E-03
+6.00361E-03,+335.10992E-03,-101.79083E-03,+255.28031E-03
+6.00461E-03,+206.68278E-03,-102.12374E-03,+255.28031E-03
+6.00561E-03,+356.74434E-03,-102.48178E-03,+255.28031E-03
+6.00661E-03,+264.81721E-03,-102.14259E-03,+255.28031E-03
+6.00761E-03,+266.18027E-03,-102.16771E-03,+255.28031E-03
+6.00861E-03,+306.47173E-03,-102.26193E-03,+255.28031E-03
+6.00961E-03,+194.95414E-03,-102.47550E-03,+255.28031E-03
+6.01061E-03,+360.10489E-03,-102.69535E-03,+255.28031E-03
+6.01161E-03,+235.61369E-03,-101.77198E-03,+255.28031E-03
+6.01261E-03,+326.78580E-03,-102.26821E-03,+255.28031E-03
+6.01361E-03,+283.32474E-03,-102.67651E-03,+255.28031E-03
+6.01461E-03,+219.38630E-03,-102.18656E-03,+255.28031E-03
+6.01561E-03,+333.14509E-03,-102.63882E-03,+255.28031E-03
+6.01661E-03,+205.62248E-03,-102.40012E-03,+255.28031E-03
+6.01761E-03,+362.47047E-03,-102.08605E-03,+255.28031E-03
+6.01861E-03,+262.03454E-03,-102.77701E-03,+255.28031E-03
+6.01961E-03,+276.97173E-03,-103.02826E-03,+255.28031E-03
+6.02061E-03,+303.95414E-03,-102.08605E-03,+255.28031E-03
+6.02161E-03,+197.26821E-03,-101.41394E-03,+255.28031E-03
+6.02261E-03,+358.60615E-03,-101.77198E-03,+255.28031E-03
+6.02361E-03,+231.96796E-03,-102.26193E-03,+255.28031E-03
+6.02461E-03,+335.49183E-03,-102.02324E-03,+255.28031E-03
+6.02561E-03,+283.16771E-03,-102.50063E-03,+255.28031E-03
+6.02661E-03,+229.14510E-03,-102.97173E-03,+255.28031E-03
+6.02761E-03,+330.92776E-03,-101.67148E-03,+255.28031E-03
+6.02861E-03,+206.06595E-03,-102.75816E-03,+255.28031E-03
+6.02961E-03,+366.36746E-03,-101.97299E-03,+255.28031E-03
+6.03061E-03,+261.01193E-03,-102.14259E-03,+255.28031E-03
+6.03161E-03,+288.58479E-03,-102.99058E-03,+255.28031E-03
+6.03261E-03,+302.42901E-03,-101.92274E-03,+255.28031E-03
