x-axis,1,2,3
second,Volt,Volt,Volt
+5.02361000E-03,,,
+5.02362000E-03,,,
+5.02363000E-03,+833.62122022E-03,+3.17633727777E+00,+255.28030505E-03
+5.02364000E-03,+833.62122022E-03,+3.17429582051E+00,+255.28030505E-03
+5.02365000E-03,+833.62122022E-03,+3.17005587081E+00,+255.28030505E-03
+5.02366000E-03,+833.62122022E-03,+3.16094783070E+00,+255.28030505E-03
+5.02367000E-03,+833.62122022E-03,+3.16738627284E+00,+255.28030505E-03
+5.02368000E-03,+833.62122022E-03,+3.17272546876E+00,+255.28030505E-03
+5.02369000E-03,+833.62122022E-03,+3.17084104668E+00,+255.28030505E-03
+5.02370000E-03,+833.62122022E-03,+3.16016265483E+00,+255.28030505E-03
+5.02371000E-03,+833.62122022E-03,+3.16864255423E+00,+255.28030505E-03
+5.02372000E-03,+833.62122022E-03,+3.16675813214E+00,+255.28030505E-03
+5.02373000E-03,+833.62122022E-03,+3.17068401150E+00,+255.28030505E-03
+5.02374000E-03,+833.62122022E-03,+3.16503074523E+00,+255.28030505E-03
+5.02375000E-03,+833.62122022E-03,+3.17146918737E+00,+255.28030505E-03
+5.02376000E-03,+833.62122022E-03,+3.17036994115E+00,+255.28030505E-03
+5.02377000E-03,+833.62122022E-03,+3.17382471499E+00,+255.28030505E-03
+5.02378000E-03,+833.62122022E-03,+3.16503074523E+00,+255.28030505E-03
+5.02379000E-03,+833.62122022E-03,+3.17460989085E+00,+255.28030505E-03
+5.02380000E-03,+833.62122022E-03,+3.16974180045E+00,+255.28030505E-03
+5.02381000E-03,+833.62122022E-03,+3.17068401150E+00,+255.28030505E-03
+5.02382000E-03,+833.62122022E-03,+3.16471667488E+00,+255.28030505E-03
+5.02383000E-03,+833.62122022E-03,+3.17209732806E+00,+255.28030505E-03
+5.02384000E-03,+833.62122022E-03,+3.16785737836E+00,+255.28030505E-03
+5.02385000E-03,+833.62122022E-03,+3.17413878533E+00,+255.28030505E-03
+5.02386000E-03,+833.62122022E-03,+3.16722923767E+00,+255.28030505E-03
+5.02387000E-03,+833.62122022E-03,+3.16942773010E+00,+255.28030505E-03
+5.02388000E-03,+833.62122022E-03,+3.17335360946E+00,+255.28030505E-03
+5.02389000E-03,+833.62122022E-03,+3.17822169986E+00,+255.28030505E-03
+5.02390000E-03,+833.62122022E-03,+3.16550185075E+00,+255.28030505E-03
+5.02391000E-03,+833.62122022E-03,+3.17005587080E+00,+255.28030505E-03
+5.02392000E-03,+833.62122022E-03,+3.17398175015E+00,+255.28030505E-03
+5.02393000E-03,+833.62122022E-03,+3.17351064464E+00,+255.28030505E-03
+5.02394000E-03,+833.62122022E-03,+3.16660109696E+00,+255.28030505E-03
+5.02395000E-03,+833.62122022E-03,+3.16958476527E+00,+255.28030505E-03
+5.02396000E-03,+833.62122022E-03,+3.16989883562E+00,+255.28030505E-03
+5.02397000E-03,+833.62122022E-03,+3.16832848389E+00,+255.28030505E-03
+5.02398000E-03,+833.62122022E-03,+3.16220411209E+00,+255.28030505E-03
+5.02399000E-03,+833.62122022E-03,+3.16958476527E+00,+255.28030505E-03
+5.02400000E-03,+832.77323028E-03,+3.16942773011E+00,+255.28030505E-03
+5.02401000E-03,+613.04961462E-03,+3.17319657430E+00,+255.28030505E-03
+5.02402000E-03,+303.31343704E-03,+3.16597295627E+00,+255.28030505E-03
+5.02403000E-03,+8.65263617E-03,+3.17256843358E+00,+255.28030505E-03
+5.02404000E-03,-229.34987387E-03,+3.17335360945E+00,+255.28030505E-03
+5.02405000E-03,-382.05087728E-03,+3.17225436325E+00,+255.28030505E-03
+5.02406000E-03,-472.22047429E-03,+3.16707220249E+00,+255.28030505E-03
+5.02407000E-03,-766.34735551E-03,+3.16707220250E+00,+255.28030505E-03
+5.02408000E-03,-1.04379710129E+00,+3.16503074522E+00,+255.28030505E-03
+5.02409000E-03,-1.20858981318E+00,+3.16691516732E+00,+255.28030505E-03
+5.02410000E-03,-1.20858981318E+00,+3.16110486588E+00,+255.28030505E-03
+5.02411000E-03,-1.20858981318E+00,+3.16864255423E+00,+255.28030505E-03
+5.02412000E-03,-1.20858981318E+00,+3.16612999143E+00,+255.28030505E-03
+5.02413000E-03,-1.20858981318E+00,+3.16895662459E+00,+255.28030505E-03
+5.02414000E-03,-1.20858981318E+00,+3.16361742867E+00,+255.28030505E-03
+5.02415000E-03,-1.20858981318E+00,+3.17413878533E+00,+255.28030505E-03
+5.02416000E-03,-1.20858981318E+00,+3.16895662457E+00,+255.28030505E-03
+5.02417000E-03,-1.20858981318E+00,+3.17052697633E+00,+255.28030505E-03
+5.02418000E-03,-1.20858981318E+00,+3.16063376035E+00,+255.28030505E-03
+5.02419000E-03,-1.20858981318E+00,+3.17084104667E+00,+255.28030505E-03
+5.02420000E-03,-1.20858981318E+00,+3.16801441354E+00,+255.28030505E-03
+5.02421000E-03,-1.20858981318E+00,+3.17586617225E+00,+255.28030505E-03
+5.02422000E-03,-1.20858981318E+00,+3.16722923767E+00,+255.28030505E-03
+5.02423000E-03,-1.20858981318E+00,+3.17366767980E+00,+255.28030505E-03
+5.02424000E-03,-1.20858981318E+00,+3.16864255422E+00,+255.28030505E-03
+5.02425000E-03,-1.20858981318E+00,+3.17398175015E+00,+255.28030505E-03
+5.02426000E-03,-1.20858981318E+00,+3.16832848387E+00,+255.28030505E-03
+5.02427000E-03,-1.20858981318E+00,+3.17398175015E+00,+255.28030505E-03
+5.02428000E-03,-1.20858981318E+00,+3.17068401150E+00,+255.28030505E-03
+5.02429000E-03,-1.20858981318E+00,+3.17178325773E+00,+255.28030505E-03
+5.02430000E-03,-1.20858981318E+00,+3.16267521761E+00,+255.28030505E-03
+5.02431000E-03,-1.20858981318E+00,+3.17272546875E+00,+255.28030505E-03
+5.02432000E-03,-1.20858981318E+00,+3.17162622254E+00,+254.74638546E-03
+5.02433000E-03,-1.20858981318E+00,+3.17288250395E+00,+246.50203882E-03
+5.02434000E-03,-1.20858981318E+00,+3.16126190105E+00,+236.14556908E-03
+5.02435000E-03,-1.20858981318E+00,+3.17209732806E+00,+225.05103403E-03
+5.02436000E-03,-1.20858981318E+00,+3.16848551905E+00,+213.83087083E-03
+5.02437000E-03,-1.20858981318E+00,+3.17398175016E+00,+202.64211467E-03
+5.02438000E-03,-1.20858981318E+00,+3.16141893622E+00,+191.27276806E-03
+5.02439000E-03,-1.20858981318E+00,+3.16848551905E+00,+179.18891140E-03
+5.02440000E-03,-1.20858981318E+00,+3.17146918737E+00,+167.43482862E-03
+5.02441000E-03,-1.20858981318E+00,+3.17445285570E+00,+155.64148703E-03
+5.02442000E-03,-1.20858981318E+00,+3.16126190103E+00,+143.52622334E-03
+5.02443000E-03,-1.20858981318E+00,+3.16989883561E+00,+130.96340941E-03
+5.02444000E-03,-1.20858981318E+00,+3.16927069491E+00,+118.38489195E-03
+5.02445000E-03,-1.20858981318E+00,+3.17131215221E+00,+105.72785691E-03
+5.02446000E-03,-1.20858981318E+00,+3.16141893622E+00,+93.07082187E-03
+5.02447000E-03,-1.20858981318E+00,+3.16895662457E+00,+80.02119890E-03
+5.02448000E-03,-1.20858981318E+00,+3.16612999145E+00,+67.25423924E-03
+5.02449000E-03,-1.20858981318E+00,+3.16895662461E+00,+54.38520671E-03
+5.02450000E-03,-1.20858981318E+00,+3.16440260452E+00,+41.57898826E-03
+5.02451000E-03,-1.20858981318E+00,+3.17084104665E+00,+28.38803362E-03
+5.02452000E-03,-1.20858981318E+00,+3.16817144868E+00,+15.40122472E-03
+5.02453000E-03,-1.20858981318E+00,+3.17052697633E+00,+2.66567209E-03
+5.02454000E-03,-1.20858981318E+00,+3.16503074524E+00,-10.33684033E-03
+5.02455000E-03,-1.20858981318E+00,+3.17021290598E+00,-23.52779497E-03
+5.02456000E-03,-1.20858981318E+00,+3.16691516729E+00,-36.45964156E-03
+5.02457000E-03,-1.20858981318E+00,+3.17021290596E+00,-49.43074695E-03
+5.02458000E-03,-1.20858981318E+00,+3.16377446382E+00,-62.21341013E-03
+5.02459000E-03,-1.20858981318E+00,+3.16911365975E+00,-75.02748034E-03
+5.02460000E-03,-1.20858981318E+00,+3.16628702661E+00,-87.88080935E-03
+5.02461000E-03,-1.20858981318E+00,+3.17162622255E+00,-100.49858560E-03
+5.02462000E-03,-1.20858981318E+00,+3.16440260451E+00,-112.95932667E-03
+5.02463000E-03,-1.20858981318E+00,+3.17335360945E+00,-126.13457779E-03
+5.02464000E-03,-1.20858981318E+00,+3.16770034319E+00,-138.46969072E-03
+5.02465000E-03,-1.20858981318E+00,+3.17303953911E+00,-150.72628607E-03
+5.02466000E-03,-1.20858981318E+00,+3.16204707692E+00,-162.68451458E-03
+5.02467000E-03,-1.20858981318E+00,+3.17005587080E+00,-175.22377324E-03
+5.02468000E-03,-1.20858981318E+00,+3.16879958941E+00,-186.88363493E-03
+5.02469000E-03,-1.20858981318E+00,+3.16895662460E+00,-198.41786847E-03
+5.02470000E-03,-1.20858981318E+00,+3.16424556935E+00,-209.49670001E-03
+5.02471000E-03,-1.20858981318E+00,+3.17225436323E+00,-220.70901145E-03
+5.02472000E-03,-1.20858981318E+00,+3.17084104664E+00,-231.61510430E-03
+5.02473000E-03,-1.20858981318E+00,+3.17084104667E+00,-242.08149866E-03
+5.02474000E-03,-1.20858981318E+00,+3.15906340861E+00,-252.30448850E-03
+5.02475000E-03,-1.20858981318E+00,+3.17084104667E+00,-255.27245330E-03
+5.02476000E-03,-1.20858981318E+00,+3.17272546875E+00,-255.27245330E-03
+5.02477000E-03,-1.20858981318E+00,+3.16989883565E+00,-255.27245330E-03
+5.02478000E-03,-1.20858981318E+00,+3.16471667489E+00,-255.27245330E-03
+5.02479000E-03,-1.20858981318E+00,+3.16927069494E+00,-255.27245330E-03
+5.02480000E-03,-1.20858981318E+00,+3.16707220247E+00,-255.27245330E-03
+5.02481000E-03,-1.20858981318E+00,+3.17413878533E+00,-255.27245330E-03
+5.02482000E-03,-1.20858981318E+00,+3.16518778040E+00,-255.27245330E-03
+5.02483000E-03,-1.20858981318E+00,+3.17068401148E+00,-255.27245330E-03
+5.02484000E-03,-1.20858981318E+00,+3.17288250392E+00,-255.27245330E-03
+5.02485000E-03,-1.20858981318E+00,+3.17429582053E+00,-255.27245330E-03
+5.02486000E-03,-1.20858981318E+00,+3.16581592108E+00,-255.27245330E-03
+5.02487000E-03,-1.20858981318E+00,+3.16801441352E+00,-255.27245330E-03
+5.02488000E-03,-1.20858981318E+00,+3.16722923763E+00,-255.27245330E-03
+5.02489000E-03,-1.20858981318E+00,+3.17005587080E+00,-255.27245330E-03
+5.02490000E-03,-1.20858981318E+00,+3.16487371004E+00,-255.27245330E-03
+5.02491000E-03,-1.20858981318E+00,+3.17413878531E+00,-255.27245330E-03
+5.02492000E-03,-1.20858981318E+00,+3.17162622252E+00,-255.27245330E-03
+5.02493000E-03,-1.20858981318E+00,+3.17366767981E+00,-255.27245330E-03
+5.02494000E-03,-1.20858981318E+00,+3.16565888592E+00,-255.27245330E-03
+5.02495000E-03,-1.20858981318E+00,+3.16927069494E+00,-255.27245330E-03
+5.02496000E-03,-1.20858981318E+00,+3.16503074520E+00,-255.27245330E-03
+5.02497000E-03,-1.20858981318E+00,+3.16801441355E+00,-255.27245330E-03
+5.02498000E-03,-1.20858981318E+00,+3.16189004174E+00,-255.27245330E-03
+5.02499000E-03,-1.20858981318E+00,+3.16958476524E+00,-255.27245330E-03
+5.02500000E-03,-1.20858981318E+00,+3.16848551906E+00,-255.27245330E-03
+5.02501000E-03,-1.20858981318E+00,+3.17413878534E+00,-255.27245330E-03
+5.02502000E-03,-1.20858981318E+00,+3.16534481555E+00,-255.27245330E-03
+5.02503000E-03,-1.20858981318E+00,+3.17178325769E+00,-255.27245330E-03
+5.02504000E-03,-1.20858981318E+00,+3.17303953909E+00,-255.27245330E-03
+5.02505000E-03,-1.20858981318E+00,+3.17194029291E+00,-255.27245330E-03
+5.02506000E-03,-1.20858981318E+00,+3.17021290596E+00,-255.27245330E-03
+5.02507000E-03,-1.20858981318E+00,+3.17115511701E+00,-255.27245330E-03
+5.02508000E-03,-1.20858981318E+00,+3.16895662459E+00,-255.27245330E-03
+5.02509000E-03,-1.20858981318E+00,+3.17194029292E+00,-255.27245330E-03
+5.02510000E-03,-1.20858981318E+00,+3.16471667483E+00,-255.27245330E-03
+5.02511000E-03,-1.20858981318E+00,+3.16958476523E+00,-255.27245330E-03
+5.02512000E-03,-1.20858981318E+00,+3.17005587077E+00,-255.27245330E-03
+5.02513000E-03,-1.20858981318E+00,+3.17335360946E+00,-255.27245330E-03
+5.02514000E-03,-1.20858981318E+00,+3.16110486588E+00,-255.27245330E-03
+5.02515000E-03,-1.20858981318E+00,+3.16707220246E+00,-255.27245330E-03
+5.02516000E-03,-1.20858981318E+00,+3.16581592107E+00,-255.27245330E-03
+5.02517000E-03,-1.20858981318E+00,+3.17005587080E+00,-255.27245330E-03
+5.02518000E-03,-1.20858981318E+00,+3.16157597139E+00,-255.27245330E-03
+5.02519000E-03,-1.20858981318E+00,+3.17115511700E+00,-255.27245330E-03
+5.02520000E-03,-1.20858981318E+00,+3.16958476526E+00,-255.27245330E-03
+5.02521000E-03,-1.20858981318E+00,+3.17398175018E+00,-255.27245330E-03
+5.02522000E-03,-1.20858981318E+00,+3.17146918736E+00,-255.27245330E-03
+5.02523000E-03,-1.20858981318E+00,+3.17366767980E+00,-255.27245330E-03
+5.02524000E-03,-1.20858981318E+00,+3.17241139837E+00,-255.27245330E-03
+5.02525000E-03,-1.20858981318E+00,+3.17303953910E+00,-255.27245330E-03
+5.02526000E-03,-1.20858981318E+00,+3.16675813213E+00,-255.27245330E-03
+5.02527000E-03,-1.20858981318E+00,+3.16770034318E+00,-255.27245330E-03
+5.02528000E-03,-1.20858981318E+00,+3.16958476527E+00,-255.27245330E-03
+5.02529000E-03,-1.20858981318E+00,+3.17021290600E+00,-255.27245330E-03
+5.02530000E-03,-1.20858981318E+00,+3.16503074525E+00,-255.27245330E-03
+5.02531000E-03,-1.05469534275E+00,+3.17162622254E+00,-255.27245330E-03
+5.02532000E-03,-822.62876226E-03,+3.16550185071E+00,-255.27245330E-03
+5.02533000E-03,-643.29459327E-03,+3.17241139838E+00,-255.27245330E-03
+5.02534000E-03,-513.70916748E-03,+3.16989883561E+00,-255.27245330E-03
+5.02535000E-03,-418.23178154E-03,+3.17115511702E+00,-255.27245330E-03
+5.02536000E-03,-342.35238537E-03,+3.17005587077E+00,-255.27245330E-03
+5.02537000E-03,-165.87625678E-03,+3.17099808188E+00,-255.27245330E-03
+5.02538000E-03,+203.37625158E-03,+3.15812119755E+00,-255.27245330E-03
+5.02539000E-03,+742.10112014E-03,+3.16879958937E+00,-255.27245330E-03
+5.02540000E-03,+833.62122022E-03,+3.17021290594E+00,-255.27245330E-03
+5.02541000E-03,+833.62122022E-03,+3.17288250396E+00,-255.27245330E-03
+5.02542000E-03,+833.62122022E-03,+3.16691516731E+00,-255.27245330E-03
+5.02543000E-03,+833.62122022E-03,+3.17084104665E+00,-255.27245330E-03
+5.02544000E-03,+833.62122022E-03,+3.17272546876E+00,-255.27245330E-03
+5.02545000E-03,+833.62122022E-03,+3.17303953916E+00,-255.27245330E-03
+5.02546000E-03,+833.62122022E-03,+3.16518778041E+00,-255.27245330E-03
+5.02547000E-03,+833.62122022E-03,+3.17460989083E+00,-255.27245330E-03
+5.02548000E-03,+833.62122022E-03,+3.16817144871E+00,-255.27245330E-03
+5.02549000E-03,+833.62122022E-03,+3.16942773012E+00,-255.27245330E-03
+5.02550000E-03,+833.62122022E-03,+3.16754330801E+00,-255.27245330E-03
+5.02551000E-03,+833.62122022E-03,+3.17131215219E+00,-255.27245330E-03
+5.02552000E-03,+833.62122022E-03,+3.17115511696E+00,-255.27245330E-03
+5.02553000E-03,+833.62122022E-03,+3.17476692604E+00,-251.37012923E-03
+5.02554000E-03,+833.62122022E-03,+3.16346039345E+00,-240.91943839E-03
+5.02555000E-03,+833.62122022E-03,+3.17194029287E+00,-230.75141085E-03
+5.02556000E-03,+833.62122022E-03,+3.17382471497E+00,-220.01020494E-03
+5.02557000E-03,+833.62122022E-03,+3.17303953915E+00,-208.56234074E-03
+5.02558000E-03,+833.62122022E-03,+3.16173300655E+00,-196.73759213E-03
+5.02559000E-03,+833.62122022E-03,+3.17068401147E+00,-185.16409979E-03
+5.02560000E-03,+833.62122022E-03,+3.17319657424E+00,-173.73193912E-03
+5.02561000E-03,+833.62122022E-03,+3.17476692606E+00,-164.09783118E-03
+5.02562000E-03,+833.62122022E-03,+3.16644406177E+00,-151.41724085E-03
+5.02563000E-03,+833.62122022E-03,+3.17508099631E+00,-136.93859779E-03
+5.02564000E-03,+833.62122022E-03,+3.16974180040E+00,-124.21874869E-03
+5.02565000E-03,+833.62122022E-03,+3.17445285570E+00,-112.05637445E-03
+5.02566000E-03,+833.62122022E-03,+3.16832848387E+00,-99.46215347E-03
+5.02567000E-03,+833.62122022E-03,+3.17366767976E+00,-86.64808326E-03
+5.02568000E-03,+833.62122022E-03,+3.16644406175E+00,-73.65342259E-03
+5.02569000E-03,+833.62122022E-03,+3.17036994114E+00,-60.87861117E-03
+5.02570000E-03,+833.62122022E-03,+3.16251818244E+00,-47.96246810E-03
+5.02571000E-03,+833.62122022E-03,+3.17225436321E+00,-34.99136271E-03
+5.02572000E-03,+833.62122022E-03,+3.17146918736E+00,-21.83181511E-03
+5.02573000E-03,+833.62122022E-03,+3.17272546880E+00,-9.15907655E-03
+5.02574000E-03,+833.62122022E-03,+3.16173300659E+00,+3.75706653E-03
+5.02575000E-03,+833.62122022E-03,+3.17162622250E+00,+16.64180257E-03
+5.02576000E-03,+833.62122022E-03,+3.16754330796E+00,+29.97408886E-03
+5.02577000E-03,+833.62122022E-03,+3.17052697631E+00,+43.25926460E-03
+5.02578000E-03,+833.62122022E-03,+3.16314632317E+00,+56.06548305E-03
+5.02579000E-03,+833.62122022E-03,+3.17115511701E+00,+68.91881206E-03
+5.02580000E-03,+833.62122022E-03,+3.17351064462E+00,+81.77214107E-03
+5.02581000E-03,+833.62122022E-03,+3.17319657431E+00,+94.64902535E-03
+5.02582000E-03,+833.62122022E-03,+3.16597295627E+00,+107.16472873E-03
+5.02583000E-03,+833.62122022E-03,+3.17303953909E+00,+119.53910046E-03
+5.02584000E-03,+833.62122022E-03,+3.16770034314E+00,+132.21969078E-03
+5.02585000E-03,+833.62122022E-03,+3.16989883564E+00,+144.73539416E-03
+5.02586000E-03,+833.62122022E-03,+3.16927069492E+00,+157.23539403E-03
+5.02587000E-03,+833.62122022E-03,+3.17209732805E+00,+168.86384868E-03
+5.02588000E-03,+833.62122022E-03,+3.16581592109E+00,+180.97126061E-03
+5.02589000E-03,+833.62122022E-03,+3.17413878537E+00,+192.63897405E-03
+5.02590000E-03,+833.62122022E-03,+3.16738627285E+00,+204.07113473E-03
+5.02591000E-03,+833.62122022E-03,+3.17508099636E+00,+215.36196376E-03
+5.02592000E-03,+833.62122022E-03,+3.17225436316E+00,+226.26805661E-03
+5.02593000E-03,+833.62122022E-03,+3.17539506670E+00,+237.06422483E-03
+5.02594000E-03,+833.62122022E-03,+3.16550185076E+00,+247.42854633E-03
+5.02595000E-03,+833.62122022E-03,+3.17225436321E+00,+255.12326988E-03
+5.02596000E-03,+833.62122022E-03,+3.16754330799E+00,+255.28030505E-03
+5.02597000E-03,+833.62122022E-03,+3.17099808187E+00,+255.28030505E-03
+5.02598000E-03,+833.62122022E-03,+3.15812119755E+00,+255.28030505E-03
+5.02599000E-03,+833.62122022E-03,+3.16864255420E+00,+255.28030505E-03
+5.02600000E-03,+833.62122022E-03,+3.16864255421E+00,+255.28030505E-03
+5.02601000E-03,+833.62122022E-03,+3.17052697635E+00,+255.28030505E-03
+5.02602000E-03,+833.62122022E-03,+3.16393149898E+00,+255.28030505E-03
+5.02603000E-03,+833.62122022E-03,+3.17319657426E+00,+255.28030505E-03
+5.02604000E-03,+833.62122022E-03,+3.17194029289E+00,+255.28030505E-03
+5.02605000E-03,+833.62122022E-03,+3.17256843364E+00,+255.28030505E-03
+5.02606000E-03,+833.62122022E-03,+3.16785737836E+00,+255.28030505E-03
+5.02607000E-03,+833.62122022E-03,+3.16911365972E+00,+255.28030505E-03
+5.02608000E-03,+833.62122022E-03,+3.16660109696E+00,+255.28030505E-03
+5.02609000E-03,+833.62122022E-03,+3.17194029292E+00,+255.28030505E-03
+5.02610000E-03,+833.62122022E-03,+3.16251818241E+00,+255.28030505E-03
+5.02611000E-03,+833.62122022E-03,+3.17068401147E+00,+255.28030505E-03
+5.02612000E-03,+833.62122022E-03,+3.17068401146E+00,+255.28030505E-03
+5.02613000E-03,+833.62122022E-03,+3.17398175017E+00,+255.28030505E-03
+5.02614000E-03,+833.62122022E-03,+3.16770034321E+00,+255.28030505E-03
+5.02615000E-03,+833.62122022E-03,+3.17225436322E+00,+255.28030505E-03
+5.02616000E-03,+833.62122022E-03,+3.16911365974E+00,+255.28030505E-03
+5.02617000E-03,+833.62122022E-03,+3.17194029293E+00,+255.28030505E-03
+5.02618000E-03,+833.62122022E-03,+3.16236114723E+00,+255.28030505E-03
+5.02619000E-03,+833.62122022E-03,+3.17146918732E+00,+255.28030505E-03
+5.02620000E-03,+833.62122022E-03,+3.17319657426E+00,+255.28030505E-03
+5.02621000E-03,+833.62122022E-03,+3.17241139843E+00,+255.28030505E-03
+5.02622000E-03,+833.62122022E-03,+3.16487371004E+00,+255.28030505E-03
+5.02623000E-03,+833.62122022E-03,+3.17099808184E+00,+255.28030505E-03
+5.02624000E-03,+833.62122022E-03,+3.16738627280E+00,+255.28030505E-03
+5.02625000E-03,+833.62122022E-03,+3.17225436324E+00,+255.28030505E-03
+5.02626000E-03,+833.62122022E-03,+3.16581592110E+00,+255.28030505E-03
+5.02627000E-03,+833.62122022E-03,+3.17052697633E+00,+255.28030505E-03
+5.02628000E-03,+833.62122022E-03,+3.16738627281E+00,+255.28030505E-03
+5.02629000E-03,+833.62122022E-03,+3.17272546880E+00,+255.28030505E-03
+5.02630000E-03,+833.62122022E-03,+3.16550185073E+00,+255.28030505E-03
+5.02631000E-03,+833.62122022E-03,+3.17225436322E+00,+255.28030505E-03
+5.02632000E-03,+833.62122022E-03,+3.17084104665E+00,+255.28030505E-03
+5.02633000E-03,+833.62122022E-03,+3.17319657430E+00,+255.28030505E-03
+5.02634000E-03,+833.62122022E-03,+3.16612999143E+00,+255.28030505E-03
+5.02635000E-03,+833.62122022E-03,+3.17288250390E+00,+255.28030505E-03
+5.02636000E-03,+833.62122022E-03,+3.17099808178E+00,+255.28030505E-03
+5.02637000E-03,+833.62122022E-03,+3.17272546878E+00,+255.28030505E-03
+5.02638000E-03,+833.62122022E-03,+3.16204707693E+00,+255.28030505E-03
+5.02639000E-03,+833.62122022E-03,+3.16942773007E+00,+255.28030505E-03
+5.02640000E-03,+712.86117175E-03,+3.17021290593E+00,+255.28030505E-03
+5.02641000E-03,+408.02449165E-03,+3.17178325773E+00,+255.28030505E-03
+5.02642000E-03,+105.22926872E-03,+3.16157597139E+00,+255.28030505E-03
+5.02643000E-03,-158.93530141E-03,+3.17021290594E+00,+255.28030505E-03
+5.02644000E-03,-338.36369160E-03,+3.17036994109E+00,+255.28030505E-03
+5.02645000E-03,-435.31720828E-03,+3.17351064465E+00,+255.28030505E-03
+5.02646000E-03,-658.33856227E-03,+3.16141893619E+00,+255.28030505E-03
+5.02647000E-03,-951.61745367E-03,+3.16612999141E+00,+255.28030505E-03
+5.02648000E-03,-1.20190011447E+00,+3.17036994114E+00,+255.28030505E-03
+5.02649000E-03,-1.20858981318E+00,+3.17068401156E+00,+255.28030505E-03
+5.02650000E-03,-1.20858981318E+00,+3.16220411207E+00,+255.28030505E-03
+5.02651000E-03,-1.20858981318E+00,+3.17115511696E+00,+255.28030505E-03
+5.02652000E-03,-1.20858981318E+00,+3.16832848380E+00,+255.28030505E-03
+5.02653000E-03,-1.20858981318E+00,+3.17288250393E+00,+255.28030505E-03
+5.02654000E-03,-1.20858981318E+00,+3.16408853418E+00,+255.28030505E-03
+5.02655000E-03,-1.20858981318E+00,+3.17021290595E+00,+255.28030505E-03
+5.02656000E-03,-1.20858981318E+00,+3.16848551903E+00,+255.28030505E-03
+5.02657000E-03,-1.20858981318E+00,+3.17131215222E+00,+255.28030505E-03
+5.02658000E-03,-1.20858981318E+00,+3.16455963967E+00,+255.28030505E-03
+5.02659000E-03,-1.20858981318E+00,+3.17115511701E+00,+255.28030505E-03
+5.02660000E-03,-1.20858981318E+00,+3.16879958938E+00,+255.28030505E-03
+5.02661000E-03,-1.20858981318E+00,+3.17241139838E+00,+255.28030505E-03
+5.02662000E-03,-1.20858981318E+00,+3.16770034319E+00,+255.28030505E-03
+5.02663000E-03,-1.20858981318E+00,+3.17021290598E+00,+255.28030505E-03
+5.02664000E-03,-1.20858981318E+00,+3.16989883561E+00,+255.28030505E-03
+5.02665000E-03,-1.20858981318E+00,+3.17413878535E+00,+255.28030505E-03
+5.02666000E-03,-1.20858981318E+00,+3.16471667489E+00,+255.28030505E-03
+5.02667000E-03,-1.20858981318E+00,+3.17162622250E+00,+255.28030505E-03
+5.02668000E-03,-1.20858981318E+00,+3.16471667486E+00,+255.28030505E-03
+5.02669000E-03,-1.20858981318E+00,+3.17021290600E+00,+255.28030505E-03
+5.02670000E-03,-1.20858981318E+00,+3.16047672518E+00,+255.28030505E-03
+5.02671000E-03,-1.20858981318E+00,+3.17256843357E+00,+255.24889802E-03
+5.02672000E-03,-1.20858981318E+00,+3.17099808179E+00,+249.60348353E-03
+5.02673000E-03,-1.20858981318E+00,+3.17319657431E+00,+239.62389821E-03
+5.02674000E-03,-1.20858981318E+00,+3.16079079549E+00,+229.06328274E-03
+5.02675000E-03,-1.20858981318E+00,+3.16707220244E+00,+217.70178789E-03
+5.02676000E-03,-1.20858981318E+00,+3.17099808179E+00,+206.77999153E-03
+5.02677000E-03,-1.20858981318E+00,+3.17225436329E+00,+195.55982833E-03
+5.02678000E-03,-1.20858981318E+00,+3.16236114728E+00,+183.89211489E-03
+5.02679000E-03,-1.20858981318E+00,+3.17052697632E+00,+171.94173813E-03
+5.02680000E-03,-1.20858981318E+00,+3.16832848386E+00,+159.64588399E-03
+5.02681000E-03,-1.20858981318E+00,+3.17272546881E+00,+147.68765547E-03
+5.02682000E-03,-1.20858981318E+00,+3.16031968994E+00,+135.13269330E-03
+5.02683000E-03,-1.20858981318E+00,+3.16817144859E+00,+122.67980399E-03
+5.02684000E-03,-1.20858981318E+00,+3.16879958937E+00,+110.12484181E-03
+5.02685000E-03,-1.20858981318E+00,+3.17492396122E+00,+97.39714094E-03
+5.02686000E-03,-1.20858981318E+00,+3.16361742869E+00,+84.97565866E-03
+5.02687000E-03,-1.20858981318E+00,+3.17131215216E+00,+72.02810855E-03
+5.02688000E-03,-1.20858981318E+00,+3.17178325770E+00,+59.03344788E-03
+5.02689000E-03,-1.20858981318E+00,+3.17068401156E+00,+45.82678973E-03
+5.02690000E-03,-1.20858981318E+00,+3.16094783071E+00,+32.78501852E-03
+5.02691000E-03,-1.20858981318E+00,+3.16911365969E+00,+19.72754378E-03
+5.02692000E-03,-1.20858981318E+00,+3.16754330791E+00,+6.91347357E-03
+5.02693000E-03,-1.20858981318E+00,+3.17084104668E+00,-5.80637554E-03
+5.02694000E-03,-1.20858981318E+00,+3.16440260459E+00,-18.70681509E-03
+5.02695000E-03,-1.20858981318E+00,+3.17021290596E+00,-31.65436521E-03
+5.02696000E-03,-1.20858981318E+00,+3.16236114718E+00,-44.54695302E-03
+5.02697000E-03,-1.20858981318E+00,+3.16895662457E+00,-57.70650062E-03
+5.02698000E-03,-1.20858981318E+00,+3.16189004174E+00,-70.48916379E-03
+5.02699000E-03,-1.20858981318E+00,+3.16785737837E+00,-83.86070887E-03
+5.02700000E-03,-1.20858981318E+00,+3.16911365972E+00,-96.69048261E-03
+5.02701000E-03,-1.20858981318E+00,+3.17382471501E+00,-108.96278147E-03
+5.02702000E-03,-1.20858981318E+00,+3.16487371004E+00,-121.35285671E-03
+5.02703000E-03,-1.20858981318E+00,+3.17445285564E+00,-133.97848472E-03
+5.02704000E-03,-1.20858981318E+00,+3.16722923761E+00,-146.04663786E-03
+5.02705000E-03,-1.20858981318E+00,+3.17476692600E+00,-158.30323321E-03
+5.02706000E-03,-1.20858981318E+00,+3.16346039353E+00,-170.46560745E-03
+5.02707000E-03,-1.20858981318E+00,+3.16974180043E+00,-182.71435104E-03
+5.02708000E-03,-1.20858981318E+00,+3.16864255421E+00,-194.51554438E-03
+5.02709000E-03,-1.20858981318E+00,+3.17303953910E+00,-205.93985330E-03
+5.02710000E-03,-1.20858981318E+00,+3.16314632304E+00,-216.74387328E-03
+5.02711000E-03,-1.20858981318E+00,+3.16911365972E+00,-227.74418723E-03
+5.02712000E-03,-1.20858981318E+00,+3.17005587071E+00,-238.40687556E-03
+5.02713000E-03,-1.20858981318E+00,+3.17131215225E+00,-248.77119706E-03
+5.02714000E-03,-1.20858981318E+00,+3.16612999142E+00,-255.27245330E-03
+5.02715000E-03,-1.20858981318E+00,+3.17241139838E+00,-255.27245330E-03
+5.02716000E-03,-1.20858981318E+00,+3.16832848385E+00,-255.27245330E-03
+5.02717000E-03,-1.20858981318E+00,+3.16911365983E+00,-255.27245330E-03
+5.02718000E-03,-1.20858981318E+00,+3.16565888590E+00,-255.27245330E-03
+5.02719000E-03,-1.20858981318E+00,+3.16628702658E+00,-255.27245330E-03
+5.02720000E-03,-1.20858981318E+00,+3.16785737832E+00,-255.27245330E-03
+5.02721000E-03,-1.20858981318E+00,+3.17194029292E+00,-255.27245330E-03
+5.02722000E-03,-1.20858981318E+00,+3.16691516725E+00,-255.27245330E-03
+5.02723000E-03,-1.20858981318E+00,+3.17209732798E+00,-255.27245330E-03
+5.02724000E-03,-1.20858981318E+00,+3.16644406181E+00,-255.27245330E-03
+5.02725000E-03,-1.20858981318E+00,+3.17131215222E+00,-255.27245330E-03
+5.02726000E-03,-1.20858981318E+00,+3.16314632306E+00,-255.27245330E-03
+5.02727000E-03,-1.20858981318E+00,+3.16487371000E+00,-255.27245330E-03
+5.02728000E-03,-1.20858981318E+00,+3.16691516729E+00,-255.27245330E-03
+5.02729000E-03,-1.20858981318E+00,+3.17131215222E+00,-255.27245330E-03
+5.02730000E-03,-1.20858981318E+00,+3.16565888593E+00,-255.27245330E-03
+5.02731000E-03,-1.20858981318E+00,+3.17523803152E+00,-255.27245330E-03
+5.02732000E-03,-1.20858981318E+00,+3.16377446377E+00,-255.27245330E-03
+5.02733000E-03,-1.20858981318E+00,+3.17288250393E+00,-255.27245330E-03
+5.02734000E-03,-1.20858981318E+00,+3.16565888590E+00,-255.27245330E-03
+5.02735000E-03,-1.20858981318E+00,+3.17036994108E+00,-255.27245330E-03
+5.02736000E-03,-1.20858981318E+00,+3.16722923757E+00,-255.27245330E-03
+5.02737000E-03,-1.20858981318E+00,+3.16989883568E+00,-255.27245330E-03
+5.02738000E-03,-1.20858981318E+00,+3.16408853418E+00,-255.27245330E-03
+5.02739000E-03,-1.20858981318E+00,+3.16707220252E+00,-255.27245330E-03
+5.02740000E-03,-1.20858981318E+00,+3.16487370990E+00,-255.27245330E-03
+5.02741000E-03,-1.20858981318E+00,+3.16895662457E+00,-255.27245330E-03
+5.02742000E-03,-1.20858981318E+00,+3.16927069491E+00,-255.27245330E-03
+5.02743000E-03,-1.20858981318E+00,+3.17209732805E+00,-255.27245330E-03
+5.02744000E-03,-1.20858981318E+00,+3.16628702654E+00,-255.27245330E-03
+5.02745000E-03,-1.20858981318E+00,+3.16848551906E+00,-255.27245330E-03
+5.02746000E-03,-1.20858981318E+00,+3.16518778039E+00,-255.27245330E-03
+5.02747000E-03,-1.20858981318E+00,+3.17005587078E+00,-255.27245330E-03
+5.02748000E-03,-1.20858981318E+00,+3.16785737829E+00,-255.27245330E-03
+5.02749000E-03,-1.20858981318E+00,+3.17099808186E+00,-255.27245330E-03
+5.02750000E-03,-1.20858981318E+00,+3.16361742867E+00,-255.27245330E-03
+5.02751000E-03,-1.20858981318E+00,+3.16848551904E+00,-255.27245330E-03
+5.02752000E-03,-1.20858981318E+00,+3.17366767974E+00,-255.27245330E-03
+5.02753000E-03,-1.20858981318E+00,+3.17366767988E+00,-255.27245330E-03
+5.02754000E-03,-1.20858981318E+00,+3.16612999145E+00,-255.27245330E-03
+5.02755000E-03,-1.20858981318E+00,+3.17052697628E+00,-255.27245330E-03
+5.02756000E-03,-1.20858981318E+00,+3.16911365970E+00,-255.27245330E-03
+5.02757000E-03,-1.20858981318E+00,+3.17131215222E+00,-255.27245330E-03
+5.02758000E-03,-1.20858981318E+00,+3.16314632316E+00,-255.27245330E-03
+5.02759000E-03,-1.20858981318E+00,+3.16974180037E+00,-255.27245330E-03
+5.02760000E-03,-1.20858981318E+00,+3.16832848384E+00,-255.27245330E-03
+5.02761000E-03,-1.20858981318E+00,+3.17288250401E+00,-255.27245330E-03
+5.02762000E-03,-1.20858981318E+00,+3.15969154929E+00,-255.27245330E-03
+5.02763000E-03,-1.20858981318E+00,+3.17021290593E+00,-255.27245330E-03
+5.02764000E-03,-1.20858981318E+00,+3.16864255418E+00,-255.27245330E-03
+5.02765000E-03,-1.20858981318E+00,+3.17319657429E+00,-255.27245330E-03
+5.02766000E-03,-1.20858981318E+00,+3.16424556924E+00,-255.27245330E-03
+5.02767000E-03,-1.20858981318E+00,+3.17036994109E+00,-255.27245330E-03
+5.02768000E-03,-1.20858981318E+00,+3.16879958937E+00,-255.27245330E-03
+5.02769000E-03,-1.20858981318E+00,+3.17665134818E+00,-255.27245330E-03
+5.02770000E-03,-1.14847674912E+00,+3.16518778039E+00,-255.27245330E-03
+5.02771000E-03,-897.62876180E-03,+3.17476692597E+00,-255.27245330E-03
+5.02772000E-03,-699.70162810E-03,+3.17021290589E+00,-255.27245330E-03
+5.02773000E-03,-554.06720744E-03,+3.17492396119E+00,-255.27245330E-03
+5.02774000E-03,-448.31972106E-03,+3.16628702667E+00,-255.27245330E-03
+5.02775000E-03,-369.39384245E-03,+3.17131215215E+00,-255.27245330E-03
+5.02776000E-03,-245.93278881E-03,+3.16267521760E+00,-255.27245330E-03
+5.02777000E-03,+51.42901656E-03,+3.17303953910E+00,-255.27245330E-03
+5.02778000E-03,+556.39132227E-03,+3.16503074524E+00,-255.27245330E-03
+5.02779000E-03,+833.62122022E-03,+3.17225436323E+00,-255.27245330E-03
+5.02780000E-03,+833.62122022E-03,+3.16754330791E+00,-255.27245330E-03
+5.02781000E-03,+833.62122022E-03,+3.17115511705E+00,-255.27245330E-03
+5.02782000E-03,+833.62122022E-03,+3.16251818244E+00,-255.27245330E-03
+5.02783000E-03,+833.62122022E-03,+3.17162622255E+00,-255.27245330E-03
+5.02784000E-03,+833.62122022E-03,+3.17476692599E+00,-255.27245330E-03
+5.02785000E-03,+833.62122022E-03,+3.17413878538E+00,-255.27245330E-03
+5.02786000E-03,+833.62122022E-03,+3.16440260452E+00,-255.27245330E-03
+5.02787000E-03,+833.62122022E-03,+3.17084104654E+00,-255.27245330E-03
+5.02788000E-03,+833.62122022E-03,+3.17052697625E+00,-255.27245330E-03
+5.02789000E-03,+833.62122022E-03,+3.17194029295E+00,-255.27245330E-03
+5.02790000E-03,+833.62122022E-03,+3.16565888593E+00,-255.27245330E-03
+5.02791000E-03,+833.62122022E-03,+3.17005587074E+00,-255.27245330E-03
+5.02792000E-03,+833.62122022E-03,+3.16927069485E+00,-254.80919954E-03
+5.02793000E-03,+833.62122022E-03,+3.17665134812E+00,-244.86102127E-03
+5.02794000E-03,+833.62122022E-03,+3.16942773011E+00,-234.37107163E-03
+5.02795000E-03,+833.62122022E-03,+3.17413878526E+00,-223.73193858E-03
+5.02796000E-03,+833.62122022E-03,+3.17194029286E+00,-212.55103418E-03
+5.02797000E-03,+833.62122022E-03,+3.17241139847E+00,-201.01680064E-03
+5.02798000E-03,+833.62122022E-03,+3.16675813214E+00,-189.79663744E-03
+5.02799000E-03,+833.62122022E-03,+3.17398175002E+00,-179.55794407E-03
+5.02800000E-03,+833.62122022E-03,+3.16377446368E+00,-167.48193916E-03
+5.02801000E-03,+833.62122022E-03,+3.17036994113E+00,-152.25737903E-03
+5.02802000E-03,+833.62122022E-03,+3.16408853418E+00,-139.54538171E-03
+5.02803000E-03,+833.62122022E-03,+3.17194029289E+00,-129.33024363E-03
+5.02804000E-03,+833.62122022E-03,+3.17178325767E+00,-116.90090958E-03
+5.02805000E-03,+833.62122022E-03,+3.17492396124E+00,-104.26742982E-03
+5.02806000E-03,+833.62122022E-03,+3.16141893617E+00,-91.13928926E-03
+5.02807000E-03,+833.62122022E-03,+3.16644406173E+00,-78.55292004E-03
+5.02808000E-03,+833.62122022E-03,+3.16817144862E+00,-65.72314631E-03
+5.02809000E-03,+833.62122022E-03,+3.16974180053E+00,-52.73633741E-03
+5.02810000E-03,+833.62122022E-03,+3.16346039345E+00,-39.21560891E-03
+5.02811000E-03,+833.62122022E-03,+3.17036994112E+00,-26.44079749E-03
+5.02812000E-03,+833.62122022E-03,+3.17099808183E+00,-13.61887551E-03
+5.02813000E-03,+833.62122022E-03,+3.17429582055E+00,-600.65957E-06
+5.02814000E-03,+833.62122022E-03,+3.16440260457E+00,+12.55103626E-03
+5.02815000E-03,+833.62122022E-03,+3.17084104664E+00,+25.49073462E-03
+5.02816000E-03,+833.62122022E-03,+3.16597295610E+00,+38.42258121E-03
+5.02817000E-03,+833.62122022E-03,+3.16989883560E+00,+51.34657605E-03
+5.02818000E-03,+833.62122022E-03,+3.16565888596E+00,+64.30982968E-03
+5.02819000E-03,+833.62122022E-03,+3.16942773007E+00,+76.81768131E-03
+5.02820000E-03,+833.62122022E-03,+3.17052697625E+00,+89.80449021E-03
+5.02821000E-03,+833.62122022E-03,+3.17131215226E+00,+102.83055791E-03
+5.02822000E-03,+833.62122022E-03,+3.16675813218E+00,+115.66818340E-03
+5.02823000E-03,+833.62122022E-03,+3.17194029284E+00,+128.08181392E-03
+5.02824000E-03,+833.62122022E-03,+3.16911365969E+00,+140.48759268E-03
+5.02825000E-03,+833.62122022E-03,+3.17476692605E+00,+152.76774330E-03
+5.02826000E-03,+833.62122022E-03,+3.16738627281E+00,+164.89871051E-03
+5.02827000E-03,+833.62122022E-03,+3.17460989089E+00,+176.55072044E-03
+5.02828000E-03,+833.62122022E-03,+3.16722923765E+00,+188.48539368E-03
+5.02829000E-03,+833.62122022E-03,+3.17068401157E+00,+200.02747898E-03
+5.02830000E-03,+833.62122022E-03,+3.16503074513E+00,+211.88363464E-03
+5.02831000E-03,+833.62122022E-03,+3.17209732796E+00,+222.78972749E-03
+5.02832000E-03,+833.62122022E-03,+3.17225436319E+00,+233.78218968E-03
+5.02833000E-03,+833.62122022E-03,+3.17366767987E+00,+244.05229007E-03
+5.02834000E-03,+833.62122022E-03,+3.16377446382E+00,+253.43514174E-03
+5.02835000E-03,+833.62122022E-03,+3.16785737836E+00,+255.28030505E-03
+5.02836000E-03,+833.62122022E-03,+3.16644406170E+00,+255.28030505E-03
+5.02837000E-03,+833.62122022E-03,+3.17036994117E+00,+255.28030505E-03
+5.02838000E-03,+833.62122022E-03,+3.16581592105E+00,+255.28030505E-03
+5.02839000E-03,+833.62122022E-03,+3.16989883560E+00,+255.28030505E-03
+5.02840000E-03,+833.62122022E-03,+3.17005587075E+00,+255.28030505E-03
+5.02841000E-03,+833.62122022E-03,+3.17319657434E+00,+255.28030505E-03
+5.02842000E-03,+833.62122022E-03,+3.16770034319E+00,+255.28030505E-03
+5.02843000E-03,+833.62122022E-03,+3.17382471491E+00,+255.28030505E-03
+5.02844000E-03,+833.62122022E-03,+3.17272546870E+00,+255.28030505E-03
+5.02845000E-03,+833.62122022E-03,+3.17602320747E+00,+255.28030505E-03
+5.02846000E-03,+833.62122022E-03,+3.16660109698E+00,+255.28030505E-03
+5.02847000E-03,+833.62122022E-03,+3.17068401144E+00,+255.28030505E-03
+5.02848000E-03,+833.62122022E-03,+3.16691516726E+00,+255.28030505E-03
+5.02849000E-03,+833.62122022E-03,+3.17052697640E+00,+255.28030505E-03
+5.02850000E-03,+833.62122022E-03,+3.16817144872E+00,+255.28030505E-03
+5.02851000E-03,+833.62122022E-03,+3.17146918732E+00,+255.28030505E-03
+5.02852000E-03,+833.62122022E-03,+3.17413878524E+00,+255.28030505E-03
+5.02853000E-03,+833.62122022E-03,+3.17351064473E+00,+255.28030505E-03
+5.02854000E-03,+833.62122022E-03,+3.16628702659E+00,+255.28030505E-03
+5.02855000E-03,+833.62122022E-03,+3.16958476519E+00,+255.28030505E-03
+5.02856000E-03,+833.62122022E-03,+3.17036994108E+00,+255.28030505E-03
+5.02857000E-03,+833.62122022E-03,+3.17068401159E+00,+255.28030505E-03
+5.02858000E-03,+833.62122022E-03,+3.16377446385E+00,+255.28030505E-03
+5.02859000E-03,+833.62122022E-03,+3.17084104666E+00,+255.28030505E-03
+5.02860000E-03,+833.62122022E-03,+3.17131215205E+00,+255.28030505E-03
+5.02861000E-03,+833.62122022E-03,+3.17146918742E+00,+255.28030505E-03
+5.02862000E-03,+833.62122022E-03,+3.16879958943E+00,+255.28030505E-03
+5.02863000E-03,+833.62122022E-03,+3.17225436325E+00,+255.28030505E-03
+5.02864000E-03,+833.62122022E-03,+3.17068401141E+00,+255.28030505E-03
+5.02865000E-03,+833.62122022E-03,+3.17194029294E+00,+255.28030505E-03
+5.02866000E-03,+833.62122022E-03,+3.16251818241E+00,+255.28030505E-03
+5.02867000E-03,+833.62122022E-03,+3.16864255418E+00,+255.28030505E-03
+5.02868000E-03,+833.62122022E-03,+3.16754330791E+00,+255.28030505E-03
+5.02869000E-03,+833.62122022E-03,+3.16879958940E+00,+255.28030505E-03
+5.02870000E-03,+833.62122022E-03,+3.16534481565E+00,+255.28030505E-03
+5.02871000E-03,+833.62122022E-03,+3.17413878522E+00,+255.28030505E-03
+5.02872000E-03,+833.62122022E-03,+3.17303953905E+00,+255.28030505E-03
+5.02873000E-03,+833.62122022E-03,+3.17303953918E+00,+255.28030505E-03
+5.02874000E-03,+833.62122022E-03,+3.16550185066E+00,+255.28030505E-03
+5.02875000E-03,+833.62122022E-03,+3.17445285553E+00,+255.28030505E-03
+5.02876000E-03,+833.62122022E-03,+3.16864255411E+00,+255.28030505E-03
+5.02877000E-03,+833.62122022E-03,+3.17099808187E+00,+255.28030505E-03
+5.02878000E-03,+833.62122022E-03,+3.16440260454E+00,+255.28030505E-03
+5.02879000E-03,+805.88880889E-03,+3.17303953902E+00,+255.28030505E-03
+5.02880000E-03,+519.80212907E-03,+3.17099808179E+00,+255.28030505E-03
+5.02881000E-03,+211.03956953E-03,+3.17256843367E+00,+255.28030505E-03
+5.02882000E-03,-72.84861849E-03,+3.16691516732E+00,+255.28030505E-03
+5.02883000E-03,-284.62625471E-03,+3.17084104663E+00,+255.28030505E-03
+5.02884000E-03,-411.82474606E-03,+3.17084104659E+00,+255.28030505E-03
+5.02885000E-03,-550.17273389E-03,+3.16958476536E+00,+255.28030505E-03
+5.02886000E-03,-857.93026830E-03,+3.16110486583E+00,+255.28030505E-03
+5.02887000E-03,-1.12467021527E+00,+3.16817144857E+00,+255.28030505E-03
+5.02888000E-03,-1.20858981318E+00,+3.16534481554E+00,+255.28030505E-03
+5.02889000E-03,-1.20858981318E+00,+3.16974180053E+00,+255.28030505E-03
+5.02890000E-03,-1.20858981318E+00,+3.15984858438E+00,+255.28030505E-03
+5.02891000E-03,-1.20858981318E+00,+3.16848551895E+00,+255.28030505E-03
+5.02892000E-03,-1.20858981318E+00,+3.16424556935E+00,+255.28030505E-03
+5.02893000E-03,-1.20858981318E+00,+3.17178325777E+00,+255.28030505E-03
+5.02894000E-03,-1.20858981318E+00,+3.16440260459E+00,+255.28030505E-03
+5.02895000E-03,-1.20858981318E+00,+3.16895662457E+00,+255.28030505E-03
+5.02896000E-03,-1.20858981318E+00,+3.17052697624E+00,+255.28030505E-03
+5.02897000E-03,-1.20858981318E+00,+3.16911365990E+00,+255.28030505E-03
+5.02898000E-03,-1.20858981318E+00,+3.15890637343E+00,+255.28030505E-03
+5.02899000E-03,-1.20858981318E+00,+3.16942773001E+00,+255.28030505E-03
+5.02900000E-03,-1.20858981318E+00,+3.17036994112E+00,+255.28030505E-03
+5.02901000E-03,-1.20858981318E+00,+3.17084104679E+00,+255.28030505E-03
+5.02902000E-03,-1.20858981318E+00,+3.16440260451E+00,+255.28030505E-03
+5.02903000E-03,-1.20858981318E+00,+3.17366767968E+00,+255.28030505E-03
+5.02904000E-03,-1.20858981318E+00,+3.16785737827E+00,+255.28030505E-03
+5.02905000E-03,-1.20858981318E+00,+3.17398175008E+00,+255.28030505E-03
+5.02906000E-03,-1.20858981318E+00,+3.16094783063E+00,+255.28030505E-03
+5.02907000E-03,-1.20858981318E+00,+3.16832848387E+00,+255.28030505E-03
+5.02908000E-03,-1.20858981318E+00,+3.17036994111E+00,+255.28030505E-03
+5.02909000E-03,-1.20858981318E+00,+3.17115511708E+00,+255.28030505E-03
+5.02910000E-03,-1.20858981318E+00,+3.16346039356E+00,+255.28030505E-03
+5.02911000E-03,-1.20858981318E+00,+3.16974180039E+00,+252.96403626E-03
+5.02912000E-03,-1.20858981318E+00,+3.16487370988E+00,+243.32992833E-03
+5.02913000E-03,-1.20858981318E+00,+3.17162622255E+00,+233.02056915E-03
+5.02914000E-03,-1.20858981318E+00,+3.16550185068E+00,+222.09877278E-03
+5.02915000E-03,-1.20858981318E+00,+3.16958476524E+00,+210.76868497E-03
+5.02916000E-03,-1.20858981318E+00,+3.16895662451E+00,+199.31296901E-03
+5.02917000E-03,-1.20858981318E+00,+3.17068401158E+00,+187.80229074E-03
+5.02918000E-03,-1.20858981318E+00,+3.16471667484E+00,+175.74198937E-03
+5.02919000E-03,-1.20858981318E+00,+3.17005587077E+00,+163.70524327E-03
+5.02920000E-03,-1.20858981318E+00,+3.16801441342E+00,+151.76271827E-03
+5.02921000E-03,-1.20858981318E+00,+3.17225436322E+00,+139.73382392E-03
+5.02922000E-03,-1.20858981318E+00,+3.16440260453E+00,+127.49293210E-03
+5.02923000E-03,-1.20858981318E+00,+3.17429582045E+00,+114.83589706E-03
+5.02924000E-03,-1.20858981318E+00,+3.17021290589E+00,+102.17886201E-03
+5.02925000E-03,-1.20858981318E+00,+3.17036994123E+00,+89.56108576E-03
+5.02926000E-03,-1.20858981318E+00,+3.16738627288E+00,+76.70775675E-03
+5.02927000E-03,-1.20858981318E+00,+3.16879958944E+00,+63.41472927E-03
+5.02928000E-03,-1.20858981318E+00,+3.16581592108E+00,+50.42006860E-03
+5.02929000E-03,-1.20858981318E+00,+3.17036994119E+00,+37.41755618E-03
+5.02930000E-03,-1.20858981318E+00,+3.16298928791E+00,+24.62704124E-03
+5.02931000E-03,-1.20858981318E+00,+3.17225436314E+00,+11.65593585E-03
+5.02932000E-03,-1.20858981318E+00,+3.16942772997E+00,-1.07961678E-03
+5.02933000E-03,-1.20858981318E+00,+3.17460989094E+00,-13.98005634E-03
+5.02934000E-03,-1.20858981318E+00,+3.16534481564E+00,-26.83338534E-03
+5.02935000E-03,-1.20858981318E+00,+3.17241139839E+00,-40.25204098E-03
+5.02936000E-03,-1.20858981318E+00,+3.16738627277E+00,-53.34092275E-03
+5.02937000E-03,-1.20858981318E+00,+3.16895662454E+00,-66.17854824E-03
+5.02938000E-03,-1.20858981318E+00,+3.16236114726E+00,-78.92195262E-03
+5.02939000E-03,-1.20858981318E+00,+3.17068401144E+00,-91.62609821E-03
+5.02940000E-03,-1.20858981318E+00,+3.16644406168E+00,-104.25172622E-03
+5.02941000E-03,-1.20858981318E+00,+3.16989883561E+00,-116.68891203E-03
+5.02942000E-03,-1.20858981318E+00,+3.16346039351E+00,-129.27528124E-03
+5.02943000E-03,-1.20858981318E+00,+3.17146918726E+00,-141.75172583E-03
+5.02944000E-03,-1.20858981318E+00,+3.16895662447E+00,-154.34594680E-03
+5.02945000E-03,-1.20858981318E+00,+3.17146918743E+00,-166.52402456E-03
+5.02946000E-03,-1.20858981318E+00,+3.16440260451E+00,-178.68639880E-03
+5.02947000E-03,-1.20858981318E+00,+3.17146918730E+00,-190.29914993E-03
+5.02948000E-03,-1.20858981318E+00,+3.16879958935E+00,-201.91190106E-03
+5.02949000E-03,-1.20858981318E+00,+3.17131215220E+00,-212.74732808E-03
+5.02950000E-03,-1.20858981318E+00,+3.16675813212E+00,-223.58275510E-03
+5.02951000E-03,-1.20858981318E+00,+3.17225436307E+00,-234.39462684E-03
+5.02952000E-03,-1.20858981318E+00,+3.16801441337E+00,-245.16723980E-03
+5.02953000E-03,-1.20858981318E+00,+3.17178325782E+00,-254.76994072E-03
+5.02954000E-03,-1.20858981318E+00,+3.16817144877E+00,-255.27245330E-03
+5.02955000E-03,-1.20858981318E+00,+3.17319657429E+00,-255.27245330E-03
+5.02956000E-03,-1.20858981318E+00,+3.17209732798E+00,-255.27245330E-03
+5.02957000E-03,-1.20858981318E+00,+3.16958476538E+00,-255.27245330E-03
+5.02958000E-03,-1.20858981318E+00,+3.16173300655E+00,-255.27245330E-03
+5.02959000E-03,-1.20858981318E+00,+3.16707220243E+00,-255.27245330E-03
+5.02960000E-03,-1.20858981318E+00,+3.17084104657E+00,-255.27245330E-03
+5.02961000E-03,-1.20858981318E+00,+3.17476692599E+00,-255.27245330E-03
+5.02962000E-03,-1.20858981318E+00,+3.16173300656E+00,-255.27245330E-03
+5.02963000E-03,-1.20858981318E+00,+3.16895662448E+00,-255.27245330E-03
+5.02964000E-03,-1.20858981318E+00,+3.17162622248E+00,-255.27245330E-03
+5.02965000E-03,-1.20858981318E+00,+3.17162622266E+00,-255.27245330E-03
+5.02966000E-03,-1.20858981318E+00,+3.16581592095E+00,-255.27245330E-03
+5.02967000E-03,-1.20858981318E+00,+3.16707220240E+00,-255.27245330E-03
+5.02968000E-03,-1.20858981318E+00,+3.16770034316E+00,-255.27245330E-03
+5.02969000E-03,-1.20858981318E+00,+3.17115511710E+00,-255.27245330E-03
+5.02970000E-03,-1.20858981318E+00,+3.16471667476E+00,-255.27245330E-03
+5.02971000E-03,-1.20858981318E+00,+3.17398174998E+00,-255.27245330E-03
+5.02972000E-03,-1.20858981318E+00,+3.16989883551E+00,-255.27245330E-03
+5.02973000E-03,-1.20858981318E+00,+3.17068401156E+00,-255.27245330E-03
+5.02974000E-03,-1.20858981318E+00,+3.16911365979E+00,-255.27245330E-03
+5.02975000E-03,-1.20858981318E+00,+3.17319657418E+00,-255.27245330E-03
+5.02976000E-03,-1.20858981318E+00,+3.16754330790E+00,-255.27245330E-03
+5.02977000E-03,-1.20858981318E+00,+3.17036994121E+00,-255.27245330E-03
+5.02978000E-03,-1.20858981318E+00,+3.16471667497E+00,-255.27245330E-03
+5.02979000E-03,-1.20858981318E+00,+3.17052697636E+00,-255.27245330E-03
+5.02980000E-03,-1.20858981318E+00,+3.16754330780E+00,-255.27245330E-03
+5.02981000E-03,-1.20858981318E+00,+3.17099808177E+00,-255.27245330E-03
+5.02982000E-03,-1.20858981318E+00,+3.16911365971E+00,-255.27245330E-03
+5.02983000E-03,-1.20858981318E+00,+3.17288250385E+00,-255.27245330E-03
+5.02984000E-03,-1.20858981318E+00,+3.16832848378E+00,-255.27245330E-03
+5.02985000E-03,-1.20858981318E+00,+3.16942773009E+00,-255.27245330E-03
+5.02986000E-03,-1.20858981318E+00,+3.16864255423E+00,-255.27245330E-03
+5.02987000E-03,-1.20858981318E+00,+3.17021290594E+00,-255.27245330E-03
+5.02988000E-03,-1.20858981318E+00,+3.16848551897E+00,-255.27245330E-03
+5.02989000E-03,-1.20858981318E+00,+3.16989883570E+00,-255.27245330E-03
+5.02990000E-03,-1.20858981318E+00,+3.16644406176E+00,-255.27245330E-03
+5.02991000E-03,-1.20858981318E+00,+3.17115511695E+00,-255.27245330E-03
+5.02992000E-03,-1.20858981318E+00,+3.16785737817E+00,-255.27245330E-03
+5.02993000E-03,-1.20858981318E+00,+3.17256843363E+00,-255.27245330E-03
+5.02994000E-03,-1.20858981318E+00,+3.16346039350E+00,-255.27245330E-03
+5.02995000E-03,-1.20858981318E+00,+3.16974180039E+00,-255.27245330E-03
+5.02996000E-03,-1.20858981318E+00,+3.16832848381E+00,-255.27245330E-03
+5.02997000E-03,-1.20858981318E+00,+3.17052697638E+00,-255.27245330E-03
+5.02998000E-03,-1.20858981318E+00,+3.16518778043E+00,-255.27245330E-03
+5.02999000E-03,-1.20858981318E+00,+3.17084104663E+00,-255.27245330E-03
+5.03000000E-03,-1.20858981318E+00,+3.16707220245E+00,-255.27245330E-03
+5.03001000E-03,-1.20858981318E+00,+3.16989883563E+00,-255.27245330E-03
+5.03002000E-03,-1.20858981318E+00,+3.16440260446E+00,-255.27245330E-03
+5.03003000E-03,-1.20858981318E+00,+3.17335360938E+00,-255.27245330E-03
+5.03004000E-03,-1.20858981318E+00,+3.17146918729E+00,-255.27245330E-03
+5.03005000E-03,-1.20858981318E+00,+3.17131215228E+00,-255.27245330E-03
+5.03006000E-03,-1.20858981318E+00,+3.16707220237E+00,-255.27245330E-03
+5.03007000E-03,-1.20858981318E+00,+3.17068401140E+00,-255.27245330E-03
+5.03008000E-03,-1.20858981318E+00,+3.17272546868E+00,-255.27245330E-03
+5.03009000E-03,-1.20657976302E+00,+3.17460989102E+00,-255.27245330E-03
+5.03010000E-03,-978.84735429E-03,+3.16283225266E+00,-255.27245330E-03
+5.03011000E-03,-762.54710514E-03,+3.16864255407E+00,-255.27245330E-03
+5.03012000E-03,-599.32474485E-03,+3.16785737821E+00,-255.27245330E-03
+5.03013000E-03,-481.89384147E-03,+3.17194029290E+00,-255.27245330E-03
+5.03014000E-03,-394.70791265E-03,+3.16440260455E+00,-255.27245330E-03
+5.03015000E-03,-307.83605449E-03,+3.17256843352E+00,-255.27245330E-03
+5.03016000E-03,-76.30339439E-03,+3.16628702646E+00,-255.27245330E-03
+5.03017000E-03,+359.68906241E-03,+3.17052697634E+00,-255.27245330E-03
+5.03018000E-03,+826.74307901E-03,+3.16204707692E+00,-255.27245330E-03
+5.03019000E-03,+833.62122022E-03,+3.17256843349E+00,-255.27245330E-03
+5.03020000E-03,+833.62122022E-03,+3.16895662448E+00,-255.27245330E-03
+5.03021000E-03,+833.62122022E-03,+3.17351064466E+00,-255.27245330E-03
+5.03022000E-03,+833.62122022E-03,+3.16738627272E+00,-255.27245330E-03
+5.03023000E-03,+833.62122022E-03,+3.17162622254E+00,-255.27245330E-03
+5.03024000E-03,+833.62122022E-03,+3.17052697624E+00,-255.27245330E-03
+5.03025000E-03,+833.62122022E-03,+3.17476692607E+00,-255.27245330E-03
+5.03026000E-03,+833.62122022E-03,+3.17036994115E+00,-255.27245330E-03
+5.03027000E-03,+833.62122022E-03,+3.17225436319E+00,-255.27245330E-03
+5.03028000E-03,+833.62122022E-03,+3.16879958923E+00,-255.27245330E-03
+5.03029000E-03,+833.62122022E-03,+3.17382471496E+00,-255.27245330E-03
+5.03030000E-03,+833.62122022E-03,+3.16534481555E+00,-255.27245330E-03
+5.03031000E-03,+833.62122022E-03,+3.17194029286E+00,-255.27245330E-03
+5.03032000E-03,+833.62122022E-03,+3.17146918720E+00,-248.40216447E-03
+5.03033000E-03,+833.62122022E-03,+3.17131215226E+00,-237.95932539E-03
+5.03034000E-03,+833.62122022E-03,+3.16440260450E+00,-227.26523002E-03
+5.03035000E-03,+833.62122022E-03,+3.17084104657E+00,-216.54757938E-03
+5.03036000E-03,+833.62122022E-03,+3.16958476519E+00,-205.21749156E-03
+5.03037000E-03,+833.62122022E-03,+3.17256843370E+00,-193.91095902E-03
+5.03038000E-03,+833.62122022E-03,+3.16550185076E+00,-181.70147421E-03
+5.03039000E-03,+833.62122022E-03,+3.17272546865E+00,-167.92163770E-03
+5.03040000E-03,+833.62122022E-03,+3.16644406167E+00,-155.92415045E-03
+5.03041000E-03,+833.62122022E-03,+3.17319657434E+00,-146.28219073E-03
+5.03042000E-03,+833.62122022E-03,+3.16581592090E+00,-133.97063303E-03
+5.03043000E-03,+833.62122022E-03,+3.17225436313E+00,-120.78753015E-03
+5.03044000E-03,+833.62122022E-03,+3.17068401146E+00,-108.53878657E-03
+5.03045000E-03,+833.62122022E-03,+3.17492396128E+00,-95.99167616E-03
+5.03046000E-03,+833.62122022E-03,+3.16063376026E+00,-82.91064614E-03
+5.03047000E-03,+833.62122022E-03,+3.16770034305E+00,-70.33212868E-03
+5.03048000E-03,+833.62122022E-03,+3.16848551896E+00,-57.14117405E-03
+5.03049000E-03,+833.62122022E-03,+3.17241139843E+00,-44.13866164E-03
+5.03050000E-03,+833.62122022E-03,+3.16408853415E+00,-31.02622459E-03
+5.03051000E-03,+833.62122022E-03,+3.17555210174E+00,-18.10222975E-03
+5.03052000E-03,+833.62122022E-03,+3.17194029274E+00,-5.30386306E-03
+5.03053000E-03,+833.62122022E-03,+3.17319657438E+00,+7.37672725E-03
+5.03054000E-03,+833.62122022E-03,+3.16754330805E+00,+20.55983014E-03
+5.03055000E-03,+833.62122022E-03,+3.17209732798E+00,+33.35819683E-03
+5.03056000E-03,+833.62122022E-03,+3.16754330777E+00,+46.34500574E-03
+5.03057000E-03,+833.62122022E-03,+3.17178325769E+00,+59.55951564E-03
+5.03058000E-03,+833.62122022E-03,+3.16817144878E+00,+72.55417632E-03
+5.03059000E-03,+833.62122022E-03,+3.17209732807E+00,+85.38395004E-03
+5.03060000E-03,+833.62122022E-03,+3.16393149890E+00,+98.20587201E-03
+5.03061000E-03,+833.62122022E-03,+3.17225436325E+00,+111.07490453E-03
+5.03062000E-03,+833.62122022E-03,+3.16801441359E+00,+123.61416319E-03
+5.03063000E-03,+833.62122022E-03,+3.17351064451E+00,+136.03564548E-03
+5.03064000E-03,+833.62122022E-03,+3.16958476518E+00,+148.40216545E-03
+5.03065000E-03,+833.62122022E-03,+3.17084104666E+00,+160.59594672E-03
+5.03066000E-03,+833.62122022E-03,+3.16424556924E+00,+172.67195162E-03
+5.03067000E-03,+833.62122022E-03,+3.17052697625E+00,+184.60662487E-03
+5.03068000E-03,+833.62122022E-03,+3.16660109686E+00,+196.05448906E-03
+5.03069000E-03,+833.62122022E-03,+3.17146918734E+00,+207.68294371E-03
+5.03070000E-03,+833.62122022E-03,+3.16283225277E+00,+219.08369736E-03
+5.03071000E-03,+833.62122022E-03,+3.16958476512E+00,+229.80919976E-03
+5.03072000E-03,+833.62122022E-03,+3.17005587066E+00,+239.99293080E-03
+5.03073000E-03,+833.62122022E-03,+3.17256843362E+00,+250.27088295E-03
+5.03074000E-03,+833.62122022E-03,+3.16094783084E+00,+255.27245330E-03
+5.03075000E-03,+833.62122022E-03,+3.17131215206E+00,+255.28030505E-03
+5.03076000E-03,+833.62122022E-03,+3.16534481552E+00,+255.28030505E-03
+5.03077000E-03,+833.62122022E-03,+3.17068401158E+00,+255.28030505E-03
+5.03078000E-03,+833.62122022E-03,+3.16079079546E+00,+255.28030505E-03
+5.03079000E-03,+833.62122022E-03,+3.16895662451E+00,+255.28030505E-03
+5.03080000E-03,+833.62122022E-03,+3.17288250387E+00,+255.28030505E-03
+5.03081000E-03,+833.62122022E-03,+3.17413878546E+00,+255.28030505E-03
+5.03082000E-03,+833.62122022E-03,+3.16471667487E+00,+255.28030505E-03
+5.03083000E-03,+833.62122022E-03,+3.17351064453E+00,+255.28030505E-03
+5.03084000E-03,+833.62122022E-03,+3.17005587053E+00,+255.28030505E-03
+5.03085000E-03,+833.62122022E-03,+3.17131215217E+00,+255.28030505E-03
+5.03086000E-03,+833.62122022E-03,+3.16550185068E+00,+255.28030505E-03
+5.03087000E-03,+833.62122022E-03,+3.17084104659E+00,+255.28030505E-03
+5.03088000E-03,+833.62122022E-03,+3.16785737833E+00,+255.28030505E-03
+5.03089000E-03,+833.62122022E-03,+3.17241139856E+00,+255.28030505E-03
+5.03090000E-03,+833.62122022E-03,+3.16691516740E+00,+255.28030505E-03
+5.03091000E-03,+833.62122022E-03,+3.16785737832E+00,+255.28030505E-03
+5.03092000E-03,+833.62122022E-03,+3.16864255400E+00,+255.28030505E-03
+5.03093000E-03,+833.62122022E-03,+3.17209732808E+00,+255.28030505E-03
+5.03094000E-03,+833.62122022E-03,+3.16895662461E+00,+255.28030505E-03
+5.03095000E-03,+833.62122022E-03,+3.17366767976E+00,+255.28030505E-03
+5.03096000E-03,+833.62122022E-03,+3.17225436309E+00,+255.28030505E-03
+5.03097000E-03,+833.62122022E-03,+3.17209732819E+00,+255.28030505E-03
+5.03098000E-03,+833.62122022E-03,+3.16298928800E+00,+255.28030505E-03
+5.03099000E-03,+833.62122022E-03,+3.16832848387E+00,+255.28030505E-03
+5.03100000E-03,+833.62122022E-03,+3.16581592085E+00,+255.28030505E-03
+5.03101000E-03,+833.62122022E-03,+3.17303953905E+00,+255.28030505E-03
+5.03102000E-03,+833.62122022E-03,+3.16738627285E+00,+255.28030505E-03
+5.03103000E-03,+833.62122022E-03,+3.17131215219E+00,+255.28030505E-03
+5.03104000E-03,+833.62122022E-03,+3.16989883556E+00,+255.28030505E-03
+5.03105000E-03,+833.62122022E-03,+3.17146918752E+00,+255.28030505E-03
+5.03106000E-03,+833.62122022E-03,+3.16864255426E+00,+255.28030505E-03
+5.03107000E-03,+833.62122022E-03,+3.17146918730E+00,+255.28030505E-03
+5.03108000E-03,+833.62122022E-03,+3.17178325757E+00,+255.28030505E-03
+5.03109000E-03,+833.62122022E-03,+3.17429582047E+00,+255.28030505E-03
+5.03110000E-03,+833.62122022E-03,+3.16377446377E+00,+255.28030505E-03
+5.03111000E-03,+833.62122022E-03,+3.17194029280E+00,+255.28030505E-03
+5.03112000E-03,+833.62122022E-03,+3.17178325759E+00,+255.28030505E-03
+5.03113000E-03,+833.62122022E-03,+3.17115511707E+00,+255.28030505E-03
+5.03114000E-03,+833.62122022E-03,+3.16722923751E+00,+255.28030505E-03
+5.03115000E-03,+833.62122022E-03,+3.16974180028E+00,+255.28030505E-03
+5.03116000E-03,+833.62122022E-03,+3.16974180042E+00,+255.28030505E-03
+5.03117000E-03,+833.62122022E-03,+3.17131215234E+00,+255.28030505E-03
+5.03118000E-03,+832.45915995E-03,+3.16016265466E+00,+255.28030505E-03
+5.03119000E-03,+627.87373634E-03,+3.17036994104E+00,+255.28030505E-03
+5.03120000E-03,+317.69786032E-03,+3.17162622249E+00,+255.28030505E-03
+5.03121000E-03,+21.52952167E-03,+3.17335360957E+00,+255.28030505E-03
+5.03122000E-03,-221.21545098E-03,+3.16487371000E+00,+255.28030505E-03
+5.03123000E-03,-378.65891699E-03,+3.17146918725E+00,+255.28030505E-03
+5.03124000E-03,-468.07474513E-03,+3.16942772998E+00,+255.28030505E-03
+5.03125000E-03,-752.11996737E-03,+3.17068401157E+00,+255.28030505E-03
+5.03126000E-03,-1.03066895957E+00,+3.16283225278E+00,+255.28030505E-03
+5.03127000E-03,-1.20858981318E+00,+3.16707220240E+00,+255.28030505E-03
+5.03128000E-03,-1.20858981318E+00,+3.16550185056E+00,+255.28030505E-03
+5.03129000E-03,-1.20858981318E+00,+3.16911365974E+00,+255.28030505E-03
+5.03130000E-03,-1.20858981318E+00,+3.16346039342E+00,+255.28030505E-03
+5.03131000E-03,-1.20858981318E+00,+3.16770034314E+00,+255.28030505E-03
+5.03132000E-03,-1.20858981318E+00,+3.17225436310E+00,+255.28030505E-03
+5.03133000E-03,-1.20858981318E+00,+3.17335360951E+00,+255.28030505E-03
+5.03134000E-03,-1.20858981318E+00,+3.15765009200E+00,+255.28030505E-03
+5.03135000E-03,-1.20858981318E+00,+3.16848551883E+00,+255.28030505E-03
+5.03136000E-03,-1.20858981318E+00,+3.17335360942E+00,+255.28030505E-03
+5.03137000E-03,-1.20858981318E+00,+3.17115511723E+00,+255.28030505E-03
+5.03138000E-03,-1.20858981318E+00,+3.16283225279E+00,+255.28030505E-03
+5.03139000E-03,-1.20858981318E+00,+3.17052697630E+00,+255.28030505E-03
+5.03140000E-03,-1.20858981318E+00,+3.16864255412E+00,+255.28030505E-03
+5.03141000E-03,-1.20858981318E+00,+3.17398175019E+00,+255.28030505E-03
+5.03142000E-03,-1.20858981318E+00,+3.16628702654E+00,+255.28030505E-03
+5.03143000E-03,-1.20858981318E+00,+3.17209732800E+00,+255.28030505E-03
+5.03144000E-03,-1.20858981318E+00,+3.16864255404E+00,+255.28030505E-03
+5.03145000E-03,-1.20858981318E+00,+3.17194029290E+00,+255.28030505E-03
+5.03146000E-03,-1.20858981318E+00,+3.16738627281E+00,+255.28030505E-03
+5.03147000E-03,-1.20858981318E+00,+3.16879958934E+00,+255.28030505E-03
+5.03148000E-03,-1.20858981318E+00,+3.17052697623E+00,+255.28030505E-03
+5.03149000E-03,-1.20858981318E+00,+3.17366767988E+00,+255.28030505E-03
+5.03150000E-03,-1.20858981318E+00,+3.16157597138E+00,+254.95053120E-03
+5.03151000E-03,-1.20858981318E+00,+3.17241139822E+00,+246.87892328E-03
+5.03152000E-03,-1.20858981318E+00,+3.17005587065E+00,+236.49889827E-03
+5.03153000E-03,-1.20858981318E+00,+3.17225436321E+00,+225.69487828E-03
+5.03154000E-03,-1.20858981318E+00,+3.16236114730E+00,+214.52182564E-03
+5.03155000E-03,-1.20858981318E+00,+3.17068401135E+00,+203.30951421E-03
+5.03156000E-03,-1.20858981318E+00,+3.16550185064E+00,+191.73602188E-03
+5.03157000E-03,-1.20858981318E+00,+3.17288250399E+00,+179.98979084E-03
+5.03158000E-03,-1.20858981318E+00,+3.16173300668E+00,+168.37703971E-03
+5.03159000E-03,-1.20858981318E+00,+3.17209732798E+00,+156.03407502E-03
+5.03160000E-03,-1.20858981318E+00,+3.16879958918E+00,+143.98947716E-03
+5.03161000E-03,-1.20858981318E+00,+3.17099808185E+00,+131.66221598E-03
+5.03162000E-03,-1.20858981318E+00,+3.16424556925E+00,+119.20932667E-03
+5.03163000E-03,-1.20858981318E+00,+3.17319657422E+00,+106.20681425E-03
+5.03164000E-03,-1.20858981318E+00,+3.16801441348E+00,+93.54977921E-03
+5.03165000E-03,-1.20858981318E+00,+3.17146918746E+00,+80.85348537E-03
+5.03166000E-03,-1.20858981318E+00,+3.16471667487E+00,+68.29067145E-03
+5.03167000E-03,-1.20858981318E+00,+3.16942773011E+00,+55.11542033E-03
+5.03168000E-03,-1.20858981318E+00,+3.16989883560E+00,+42.24638780E-03
+5.03169000E-03,-1.20858981318E+00,+3.17178325774E+00,+29.30668944E-03
+5.03170000E-03,-1.20858981318E+00,+3.16126190096E+00,+16.56328506E-03
+5.03171000E-03,-1.20858981318E+00,+3.16722923752E+00,+3.30951636E-03
+5.03172000E-03,-1.20858981318E+00,+3.16989883549E+00,-9.66944079E-03
+5.03173000E-03,-1.20858981318E+00,+3.17429582049E+00,-22.62484266E-03
+5.03174000E-03,-1.20858981318E+00,+3.16361742869E+00,-35.61165156E-03
+5.03175000E-03,-1.20858981318E+00,+3.17241139826E+00,-48.65342277E-03
+5.03176000E-03,-1.20858981318E+00,+3.16707220243E+00,-61.62452817E-03
+5.03177000E-03,-1.20858981318E+00,+3.17099808186E+00,-74.34437729E-03
+5.03178000E-03,-1.20858981318E+00,+3.16801441346E+00,-87.17415102E-03
+5.03179000E-03,-1.20858981318E+00,+3.16927069491E+00,-99.98822123E-03
+5.03180000E-03,-1.20858981318E+00,+3.16801441342E+00,-112.58244221E-03
+5.03181000E-03,-1.20858981318E+00,+3.17005587095E+00,-125.45147473E-03
+5.03182000E-03,-1.20858981318E+00,+3.16346039345E+00,-137.69236655E-03
+5.03183000E-03,-1.20858981318E+00,+3.17021290587E+00,-150.14525586E-03
+5.03184000E-03,-1.20858981318E+00,+3.16958476514E+00,-162.06422559E-03
+5.03185000E-03,-1.20858981318E+00,+3.17021290601E+00,-174.25015512E-03
+5.03186000E-03,-1.20858981318E+00,+3.16141893618E+00,-185.76083338E-03
+5.03187000E-03,-1.20858981318E+00,+3.16691516724E+00,-197.42854682E-03
+5.03188000E-03,-1.20858981318E+00,+3.16298928791E+00,-208.79789344E-03
+5.03189000E-03,-1.20858981318E+00,+3.17272546880E+00,-219.75894861E-03
+5.03190000E-03,-1.20858981318E+00,+3.16267521748E+00,-230.64148618E-03
+5.03191000E-03,-1.20858981318E+00,+3.17036994092E+00,-241.53187550E-03
+5.03192000E-03,-1.20858981318E+00,+3.17021290586E+00,-251.95901107E-03
+5.03193000E-03,-1.20858981318E+00,+3.17586617235E+00,-255.27245330E-03
+5.03194000E-03,-1.20858981318E+00,+3.16879958941E+00,-255.27245330E-03
+5.03195000E-03,-1.20858981318E+00,+3.17476692594E+00,-255.27245330E-03
+5.03196000E-03,-1.20858981318E+00,+3.16770034303E+00,-255.27245330E-03
+5.03197000E-03,-1.20858981318E+00,+3.16722923775E+00,-255.27245330E-03
+5.03198000E-03,-1.20858981318E+00,+3.16251818239E+00,-255.27245330E-03
+5.03199000E-03,-1.20858981318E+00,+3.17099808175E+00,-255.27245330E-03
+5.03200000E-03,-1.20858981318E+00,+3.16770034308E+00,-255.27245330E-03
+5.03201000E-03,-1.20858981318E+00,+3.16738627290E+00,-255.27245330E-03
+5.03202000E-03,-1.20858981318E+00,+3.16565888596E+00,-255.27245330E-03
+5.03203000E-03,-1.20858981318E+00,+3.17241139832E+00,-255.27245330E-03
+5.03204000E-03,-1.20858981318E+00,+3.16927069475E+00,-255.27245330E-03
+5.03205000E-03,-1.20858981318E+00,+3.16942773011E+00,-255.27245330E-03
+5.03206000E-03,-1.20858981318E+00,+3.16267521749E+00,-255.27245330E-03
+5.03207000E-03,-1.20858981318E+00,+3.16785737824E+00,-255.27245330E-03
+5.03208000E-03,-1.20858981318E+00,+3.16785737833E+00,-255.27245330E-03
+5.03209000E-03,-1.20858981318E+00,+3.17068401156E+00,-255.27245330E-03
+5.03210000E-03,-1.20858981318E+00,+3.16204707702E+00,-255.27245330E-03
+5.03211000E-03,-1.20858981318E+00,+3.17146918729E+00,-255.27245330E-03
+5.03212000E-03,-1.20858981318E+00,+3.16832848373E+00,-255.27245330E-03
+5.03213000E-03,-1.20858981318E+00,+3.16942773021E+00,-255.27245330E-03
+5.03214000E-03,-1.20858981318E+00,+3.16503074513E+00,-255.27245330E-03
+5.03215000E-03,-1.20858981318E+00,+3.17209732793E+00,-255.27245330E-03
+5.03216000E-03,-1.20858981318E+00,+3.16848551891E+00,-255.27245330E-03
+5.03217000E-03,-1.20858981318E+00,+3.16942773011E+00,-255.27245330E-03
+5.03218000E-03,-1.20858981318E+00,+3.16298928803E+00,-255.27245330E-03
+5.03219000E-03,-1.20858981318E+00,+3.16974180039E+00,-255.27245330E-03
+5.03220000E-03,-1.20858981318E+00,+3.16581592085E+00,-255.27245330E-03
+5.03221000E-03,-1.20858981318E+00,+3.17068401140E+00,-255.27245330E-03
+5.03222000E-03,-1.20858981318E+00,+3.16628702660E+00,-255.27245330E-03
+5.03223000E-03,-1.20858981318E+00,+3.16974180035E+00,-255.27245330E-03
+5.03224000E-03,-1.20858981318E+00,+3.16770034305E+00,-255.27245330E-03
+5.03225000E-03,-1.20858981318E+00,+3.17241139842E+00,-255.27245330E-03
+5.03226000E-03,-1.20858981318E+00,+3.17052697631E+00,-255.27245330E-03
+5.03227000E-03,-1.20858981318E+00,+3.17272546872E+00,-255.27245330E-03
+5.03228000E-03,-1.20858981318E+00,+3.16628702643E+00,-255.27245330E-03
+5.03229000E-03,-1.20858981318E+00,+3.16785737843E+00,-255.27245330E-03
+5.03230000E-03,-1.20858981318E+00,+3.16534481549E+00,-255.27245330E-03
+5.03231000E-03,-1.20858981318E+00,+3.17146918723E+00,-255.27245330E-03
+5.03232000E-03,-1.20858981318E+00,+3.17209732800E+00,-255.27245330E-03
+5.03233000E-03,-1.20858981318E+00,+3.17131215235E+00,-255.27245330E-03
+5.03234000E-03,-1.20858981318E+00,+3.16487370997E+00,-255.27245330E-03
+5.03235000E-03,-1.20858981318E+00,+3.16942772998E+00,-255.27245330E-03
+5.03236000E-03,-1.20858981318E+00,+3.17068401131E+00,-255.27245330E-03
+5.03237000E-03,-1.20858981318E+00,+3.17194029304E+00,-255.27245330E-03
+5.03238000E-03,-1.20858981318E+00,+3.15890637342E+00,-255.27245330E-03
+5.03239000E-03,-1.20858981318E+00,+3.17068401138E+00,-255.27245330E-03
+5.03240000E-03,-1.20858981318E+00,+3.17115511696E+00,-255.27245330E-03
+5.03241000E-03,-1.20858981318E+00,+3.17413878548E+00,-255.27245330E-03
+5.03242000E-03,-1.20858981318E+00,+3.16503074504E+00,-255.27245330E-03
+5.03243000E-03,-1.20858981318E+00,+3.16927069482E+00,-255.27245330E-03
+5.03244000E-03,-1.20858981318E+00,+3.16864255408E+00,-255.27245330E-03
+5.03245000E-03,-1.20858981318E+00,+3.16927069507E+00,-255.27245330E-03
+5.03246000E-03,-1.20858981318E+00,+3.16471667479E+00,-255.27245330E-03
+5.03247000E-03,-1.20858981318E+00,+3.17036994108E+00,-255.27245330E-03
+5.03248000E-03,-1.20858981318E+00,+3.16864255419E+00,-255.27245330E-03
+5.03249000E-03,-1.07130966531E+00,+3.17602320756E+00,-255.27245330E-03
+5.03250000E-03,-835.25439119E-03,+3.16393149882E+00,-255.27245330E-03
+5.03251000E-03,-651.80590040E-03,+3.17036994078E+00,-255.27245330E-03
+5.03252000E-03,-520.49308747E-03,+3.17162622248E+00,-255.27245330E-03
+5.03253000E-03,-423.47675672E-03,+3.17445285586E+00,-255.27245330E-03
+5.03254000E-03,-347.62876753E-03,+3.16927069499E+00,-255.27245330E-03
+5.03255000E-03,-182.86746364E-03,+3.17272546864E+00,-255.27245330E-03
+5.03256000E-03,+170.93278267E-03,+3.16503074516E+00,-255.27245330E-03
+5.03257000E-03,+710.63126883E-03,+3.17162622261E+00,-255.27245330E-03
+5.03258000E-03,+833.62122022E-03,+3.16503074518E+00,-255.27245330E-03
+5.03259000E-03,+833.62122022E-03,+3.17115511680E+00,-255.27245330E-03
+5.03260000E-03,+833.62122022E-03,+3.17084104647E+00,-255.27245330E-03
+5.03261000E-03,+833.62122022E-03,+3.17146918741E+00,-255.27245330E-03
+5.03262000E-03,+833.62122022E-03,+3.16895662462E+00,-255.27245330E-03
+5.03263000E-03,+833.62122022E-03,+3.17539506669E+00,-255.27245330E-03
+5.03264000E-03,+833.62122022E-03,+3.17021290570E+00,-255.27245330E-03
+5.03265000E-03,+833.62122022E-03,+3.17602320734E+00,-255.27245330E-03
+5.03266000E-03,+833.62122022E-03,+3.16801441356E+00,-255.27245330E-03
+5.03267000E-03,+833.62122022E-03,+3.17303953914E+00,-255.27245330E-03
+5.03268000E-03,+833.62122022E-03,+3.16565888584E+00,-255.27245330E-03
+5.03269000E-03,+833.62122022E-03,+3.17413878533E+00,-255.27245330E-03
+5.03270000E-03,+833.62122022E-03,+3.16770034326E+00,-255.27245330E-03
+5.03271000E-03,+833.62122022E-03,+3.17382471489E+00,-251.94330766E-03
+5.03272000E-03,+833.62122022E-03,+3.17162622237E+00,-241.83024244E-03
+5.03273000E-03,+833.62122022E-03,+3.17445285570E+00,-231.30888577E-03
+5.03274000E-03,+833.62122022E-03,+3.16660109703E+00,-220.43419995E-03
+5.03275000E-03,+833.62122022E-03,+3.17680838320E+00,-209.30825785E-03
+5.03276000E-03,+833.62122022E-03,+3.17303953904E+00,-197.92320773E-03
+5.03277000E-03,+833.62122022E-03,+3.16989883572E+00,-185.91786869E-03
+5.03278000E-03,+833.62122022E-03,+3.16330335825E+00,-174.98036883E-03
+5.03279000E-03,+833.62122022E-03,+3.17021290586E+00,-165.43263020E-03
+5.03280000E-03,+833.62122022E-03,+3.16974180021E+00,-151.88049461E-03
+5.03281000E-03,+833.62122022E-03,+3.17131215223E+00,-136.93859782E-03
+5.03282000E-03,+833.62122022E-03,+3.16267521753E+00,-124.50141207E-03
+5.03283000E-03,+833.62122022E-03,+3.17225436310E+00,-112.87295740E-03
+5.03284000E-03,+833.62122022E-03,+3.17319657416E+00,-100.31014347E-03
+5.03285000E-03,+833.62122022E-03,+3.17413878544E+00,-87.20555820E-03
+5.03286000E-03,+833.62122022E-03,+3.15953451389E+00,-74.18734225E-03
+5.03287000E-03,+833.62122022E-03,+3.16879958920E+00,-61.59312127E-03
+5.03288000E-03,+833.62122022E-03,+3.16848551889E+00,-48.75549578E-03
+5.03289000E-03,+833.62122022E-03,+3.17115511717E+00,-35.59594819E-03
+5.03290000E-03,+833.62122022E-03,+3.16455963959E+00,-22.32647596E-03
+5.03291000E-03,+833.62122022E-03,+3.16958476517E+00,-10.14839819E-03
+5.03292000E-03,+833.62122022E-03,+3.17256843360E+00,+2.68922730E-03
+5.03293000E-03,+833.62122022E-03,+3.17272546903E+00,+15.93514423E-03
+5.03294000E-03,+833.62122022E-03,+3.16471667480E+00,+29.08684008E-03
+5.03295000E-03,+833.62122022E-03,+3.17115511678E+00,+41.95587260E-03
+5.03296000E-03,+833.62122022E-03,+3.17178325759E+00,+54.83275689E-03
+5.03297000E-03,+833.62122022E-03,+3.17335360967E+00,+67.96874920E-03
+5.03298000E-03,+833.62122022E-03,+3.16487371006E+00,+80.77496765E-03
+5.03299000E-03,+833.62122022E-03,+3.17162622248E+00,+93.45555797E-03
+5.03300000E-03,+833.62122022E-03,+3.16565888564E+00,+106.26177643E-03
+5.03301000E-03,+833.62122022E-03,+3.17272546886E+00,+118.84029389E-03
+5.03302000E-03,+833.62122022E-03,+3.16785737833E+00,+131.90562037E-03
+5.03303000E-03,+833.62122022E-03,+3.17335360928E+00,+144.24858508E-03
+5.03304000E-03,+833.62122022E-03,+3.17398174997E+00,+156.66221559E-03
+5.03305000E-03,+833.62122022E-03,+3.17460989094E+00,+168.52622300E-03
+5.03306000E-03,+833.62122022E-03,+3.16487371006E+00,+180.68859724E-03
+5.03307000E-03,+833.62122022E-03,+3.17131215213E+00,+192.23853431E-03
+5.03308000E-03,+833.62122022E-03,+3.17036994113E+00,+203.45869751E-03
+5.03309000E-03,+833.62122022E-03,+3.17194029309E+00,+214.87515468E-03
+5.03310000E-03,+833.62122022E-03,+3.16267521758E+00,+226.09531788E-03
+5.03311000E-03,+833.62122022E-03,+3.17256843350E+00,+236.56956400E-03
+5.03312000E-03,+833.62122022E-03,+3.16879958932E+00,+246.73759153E-03
+5.03313000E-03,+833.62122022E-03,+3.17476692610E+00,+254.85631006E-03
+5.03314000E-03,+833.62122022E-03,+3.16534481557E+00,+255.28030505E-03
+5.03315000E-03,+833.62122022E-03,+3.16927069484E+00,+255.28030505E-03
+5.03316000E-03,+833.62122022E-03,+3.16675813203E+00,+255.28030505E-03
+5.03317000E-03,+833.62122022E-03,+3.16785737836E+00,+255.28030505E-03
+5.03318000E-03,+833.62122022E-03,+3.16000561962E+00,+255.28030505E-03
+5.03319000E-03,+833.62122022E-03,+3.16911365971E+00,+255.28030505E-03
+5.03320000E-03,+833.62122022E-03,+3.16785737819E+00,+255.28030505E-03
+5.03321000E-03,+833.62122022E-03,+3.17602320751E+00,+255.28030505E-03
+5.03322000E-03,+833.62122022E-03,+3.16738627283E+00,+255.28030505E-03
+5.03323000E-03,+833.62122022E-03,+3.17398175009E+00,+255.28030505E-03
+5.03324000E-03,+833.62122022E-03,+3.17303953906E+00,+255.28030505E-03
+5.03325000E-03,+833.62122022E-03,+3.16942773019E+00,+255.28030505E-03
+5.03326000E-03,+833.62122022E-03,+3.16189004156E+00,+255.28030505E-03
+5.03327000E-03,+833.62122022E-03,+3.16911365957E+00,+255.28030505E-03
+5.03328000E-03,+833.62122022E-03,+3.16864255421E+00,+255.28030505E-03
+5.03329000E-03,+833.62122022E-03,+3.16911366001E+00,+255.28030505E-03
+5.03330000E-03,+833.62122022E-03,+3.16141893622E+00,+255.28030505E-03
+5.03331000E-03,+833.62122022E-03,+3.17052697619E+00,+255.28030505E-03
+5.03332000E-03,+833.62122022E-03,+3.16864255397E+00,+255.28030505E-03
+5.03333000E-03,+833.62122022E-03,+3.17476692600E+00,+255.28030505E-03
+5.03334000E-03,+833.62122022E-03,+3.16644406183E+00,+255.28030505E-03
+5.03335000E-03,+833.62122022E-03,+3.17178325775E+00,+255.28030505E-03
+5.03336000E-03,+833.62122022E-03,+3.16770034297E+00,+255.28030505E-03
+5.03337000E-03,+833.62122022E-03,+3.17068401156E+00,+255.28030505E-03
+5.03338000E-03,+833.62122022E-03,+3.16455963978E+00,+255.28030505E-03
+5.03339000E-03,+833.62122022E-03,+3.17052697630E+00,+255.28030505E-03
+5.03340000E-03,+833.62122022E-03,+3.17335360920E+00,+255.28030505E-03
+5.03341000E-03,+833.62122022E-03,+3.17523803154E+00,+255.28030505E-03
+5.03342000E-03,+833.62122022E-03,+3.16251818245E+00,+255.28030505E-03
+5.03343000E-03,+833.62122022E-03,+3.17194029273E+00,+255.28030505E-03
+5.03344000E-03,+833.62122022E-03,+3.17036994086E+00,+255.28030505E-03
+5.03345000E-03,+833.62122022E-03,+3.17146918739E+00,+255.28030505E-03
+5.03346000E-03,+833.62122022E-03,+3.16440260452E+00,+255.28030505E-03
+5.03347000E-03,+833.62122022E-03,+3.17005587072E+00,+255.28030505E-03
+5.03348000E-03,+833.62122022E-03,+3.16754330793E+00,+255.28030505E-03
+5.03349000E-03,+833.62122022E-03,+3.17209732813E+00,+255.28030505E-03
+5.03350000E-03,+833.62122022E-03,+3.16346039349E+00,+255.28030505E-03
+5.03351000E-03,+833.62122022E-03,+3.17115511702E+00,+255.28030505E-03
+5.03352000E-03,+833.62122022E-03,+3.17241139847E+00,+255.28030505E-03
+5.03353000E-03,+833.62122022E-03,+3.17084104693E+00,+255.28030505E-03
+5.03354000E-03,+833.62122022E-03,+3.16770034329E+00,+255.28030505E-03
+5.03355000E-03,+833.62122022E-03,+3.17241139837E+00,+255.28030505E-03
+5.03356000E-03,+833.62122022E-03,+3.17712245360E+00,+255.28030505E-03
+5.03357000E-03,+833.62122022E-03,+3.17288250401E+00,+255.28030505E-03
+5.03358000E-03,+733.62122296E-03,+3.16691516736E+00,+255.28030505E-03
+5.03359000E-03,+429.94660328E-03,+3.17099808182E+00,+255.28030505E-03
+5.03360000E-03,+125.01570193E-03,+3.17335360937E+00,+255.28030505E-03
+5.03361000E-03,-143.01193373E-03,+3.17460989095E+00,+255.28030505E-03
+5.03362000E-03,-329.22424382E-03,+3.16864255427E+00,+255.28030505E-03
+5.03363000E-03,-430.48052465E-03,+3.17068401149E+00,+255.28030505E-03
+5.03364000E-03,-615.37373749E-03,+1.55243658090E+00,+255.28030505E-03
+5.03365000E-03,-876.83730281E-03,-225.82977074E-03,+255.28030505E-03
+5.03366000E-03,-1.10130338091E+00,+106.45665981E-03,+255.28030505E-03
+5.03367000E-03,-1.20805589358E+00,-125.48429463E-03,+255.28030505E-03
+5.03368000E-03,-1.20858981318E+00,-68.48052690E-03,+255.28030505E-03
+5.03369000E-03,-1.20858981318E+00,-100.35866703E-03,+255.28030505E-03
+5.03370000E-03,-1.20858981318E+00,-100.98680799E-03,+255.28030505E-03
+5.03371000E-03,-1.20858981318E+00,-96.58982311E-03,+255.28030505E-03
+5.03372000E-03,-1.20858981318E+00,-98.63128031E-03,+255.28030505E-03
+5.03373000E-03,-1.20858981318E+00,-99.57349116E-03,+255.28030505E-03
+5.03374000E-03,-1.20858981318E+00,-106.01193328E-03,+255.28030505E-03
+5.03375000E-03,-1.20858981318E+00,-102.55715947E-03,+255.28030505E-03
+5.03376000E-03,-1.20858981318E+00,-102.24308909E-03,+255.28030505E-03
+5.03377000E-03,-1.20858981318E+00,-100.04459667E-03,+255.28030505E-03
+5.03378000E-03,-1.20858981318E+00,-103.49937053E-03,+255.28030505E-03
+5.03379000E-03,-1.20858981318E+00,-100.67273742E-03,+255.28030505E-03
+5.03380000E-03,-1.20858981318E+00,-99.88756156E-03,+255.28030505E-03
+5.03381000E-03,-1.20858981318E+00,-99.73052625E-03,+255.28030505E-03
+5.03382000E-03,-1.20858981318E+00,-97.21796369E-03,+255.28030505E-03
+5.03383000E-03,-1.20858981318E+00,-98.47424506E-03,+255.28030505E-03
+5.03384000E-03,-1.20858981318E+00,-99.41645601E-03,+255.28030505E-03
+5.03385000E-03,-1.20858981318E+00,-99.57349113E-03,+255.28030505E-03
+5.03386000E-03,-1.20858981318E+00,-99.73052634E-03,+255.28030505E-03
+5.03387000E-03,-1.20858981318E+00,-98.16017468E-03,+255.28030505E-03
+5.03388000E-03,-1.20858981318E+00,-99.57349112E-03,+255.28030505E-03
+5.03389000E-03,-1.20858981318E+00,-97.37499874E-03,+255.28030505E-03
+5.03390000E-03,-1.20858981318E+00,-100.82977253E-03,+255.28030505E-03
+5.03391000E-03,-1.20858981318E+00,-96.90389326E-03,+255.28030505E-03
+5.03392000E-03,-1.20858981318E+00,-95.49057663E-03,+255.28030505E-03
+5.03393000E-03,-1.20858981318E+00,-93.13504911E-03,+255.28030505E-03
+5.03394000E-03,-1.20858981318E+00,-99.73052629E-03,+255.28030505E-03
+5.03395000E-03,-1.20858981318E+00,-97.37499884E-03,+255.28030505E-03
+5.03396000E-03,-1.20858981318E+00,-97.84610418E-03,+255.28030505E-03
+5.03397000E-03,-1.20858981318E+00,-96.27575245E-03,+255.28030505E-03
+5.03398000E-03,-1.20858981318E+00,-97.84610423E-03,+255.28030505E-03
+5.03399000E-03,-1.20858981318E+00,-95.96168221E-03,+255.28030505E-03
+5.03400000E-03,-1.20858981318E+00,-95.33354142E-03,+255.28030505E-03
+5.03401000E-03,-1.20858981318E+00,-95.96168206E-03,+255.28030505E-03
+5.03402000E-03,-1.20858981318E+00,-93.92022513E-03,+255.28030505E-03
+5.03403000E-03,-1.20858981318E+00,-91.40766216E-03,+255.28030505E-03
+5.03404000E-03,-1.20858981318E+00,-90.46545114E-03,+255.28030505E-03
+5.03405000E-03,-1.20858981318E+00,-92.66394356E-03,+255.28030505E-03
+5.03406000E-03,-1.20858981318E+00,-97.37499874E-03,+255.28030505E-03
+5.03407000E-03,-1.20858981318E+00,-96.27575247E-03,+255.28030505E-03
+5.03408000E-03,-1.20858981318E+00,-96.74685802E-03,+255.28030505E-03
+5.03409000E-03,-1.20858981318E+00,-97.06092840E-03,+255.28030505E-03
+5.03410000E-03,-1.20858981318E+00,-99.41645591E-03,+255.28030505E-03
+5.03411000E-03,-1.20858981318E+00,-91.72173251E-03,+255.28030505E-03
+5.03412000E-03,-1.20858981318E+00,-90.62248642E-03,+255.28030505E-03
+5.03413000E-03,-1.20858981318E+00,-91.56469733E-03,+255.28030505E-03
+5.03414000E-03,-1.20858981318E+00,-96.58982284E-03,+255.28030505E-03
+5.03415000E-03,-1.20858981318E+00,-95.96168233E-03,+255.28030505E-03
+5.03416000E-03,-1.20858981318E+00,-93.92022492E-03,+255.28030505E-03
+5.03417000E-03,-1.20858981318E+00,-98.47424482E-03,+255.28030505E-03
+5.03418000E-03,-1.20858981318E+00,-96.90389318E-03,+255.28030505E-03
+5.03419000E-03,-1.20858981318E+00,-92.82097879E-03,+255.28030505E-03
+5.03420000E-03,-1.20858981318E+00,-95.96168217E-03,+255.28030505E-03
+5.03421000E-03,-1.20858981318E+00,-93.29208422E-03,+255.28030505E-03
+5.03422000E-03,-1.20858981318E+00,-92.97801387E-03,+255.28030505E-03
+5.03423000E-03,-1.20858981318E+00,-89.68027539E-03,+255.28030505E-03
+5.03424000E-03,-1.20858981318E+00,-93.92022488E-03,+255.28030505E-03
+5.03425000E-03,-1.20858981318E+00,-93.29208412E-03,+255.28030505E-03
+5.03426000E-03,-1.20858981318E+00,-99.25942076E-03,+255.28030505E-03
+5.03427000E-03,-1.20858981318E+00,-96.27575249E-03,+255.28030505E-03
+5.03428000E-03,-1.20858981318E+00,-91.56469731E-03,+255.28030505E-03
+5.03429000E-03,-1.20858981318E+00,-94.39133032E-03,+255.28030505E-03
+5.03430000E-03,-1.20858981318E+00,-96.74685805E-03,+255.28030505E-03
+5.03431000E-03,-1.20858981318E+00,-95.17650622E-03,+255.28030505E-03
+5.03432000E-03,-1.20858981318E+00,-93.13504913E-03,+255.28030505E-03
+5.03433000E-03,-1.20858981318E+00,-92.97801374E-03,+255.28030505E-03
+5.03434000E-03,-1.20858981318E+00,-95.80464713E-03,+255.28030505E-03
+5.03435000E-03,-1.20858981318E+00,-91.25062710E-03,+255.28030505E-03
+5.03436000E-03,-1.20858981318E+00,-92.19283810E-03,+255.28030505E-03
+5.03437000E-03,-1.20858981318E+00,-95.64761171E-03,+255.28030505E-03
+5.03438000E-03,-1.20858981318E+00,-99.41645592E-03,+255.28030505E-03
+5.03439000E-03,-1.20858981318E+00,-93.13504922E-03,+255.28030505E-03
+5.03440000E-03,-1.20858981318E+00,-97.37499878E-03,+255.28030505E-03
+5.03441000E-03,-1.20858981318E+00,-94.54836556E-03,+255.28030505E-03
+5.03442000E-03,-1.20858981318E+00,-93.92022505E-03,+255.28030505E-03
+5.03443000E-03,-1.20858981318E+00,-92.50690845E-03,+255.28030505E-03
+5.03444000E-03,-1.20858981318E+00,-93.92022496E-03,+255.28030505E-03
+5.03445000E-03,-1.20858981318E+00,-97.37499875E-03,+255.28030505E-03
+5.03446000E-03,-1.20858981318E+00,-98.16017465E-03,+255.28030505E-03
+5.03447000E-03,-1.20858981318E+00,-97.53203396E-03,+255.28030505E-03
+5.03448000E-03,-1.20858981318E+00,-98.00313930E-03,+255.28030505E-03
+5.03449000E-03,-1.20858981318E+00,-95.17650630E-03,+255.28030505E-03
+5.03450000E-03,-1.20858981318E+00,-92.34987330E-03,+255.28030505E-03
+5.03451000E-03,-1.20858981318E+00,-91.56469739E-03,+255.28030505E-03
+5.03452000E-03,-1.20858981318E+00,-91.87876761E-03,+255.28030505E-03
+5.03453000E-03,-1.20858981318E+00,-91.87876762E-03,+255.28030505E-03
+5.03454000E-03,-1.20858981318E+00,-95.17650630E-03,+255.28030505E-03
+5.03455000E-03,-1.20858981318E+00,-92.34987331E-03,+255.28030505E-03
+5.03456000E-03,-1.20858981318E+00,-94.23429526E-03,+255.28030505E-03
+5.03457000E-03,-1.20858981318E+00,-97.53203373E-03,+255.28030505E-03
+5.03458000E-03,-1.20858981318E+00,-99.41645596E-03,+255.28030505E-03
+5.03459000E-03,-1.20858981318E+00,-94.70540076E-03,+255.28030505E-03
+5.03460000E-03,-1.20858981318E+00,-95.96168210E-03,+255.28030505E-03
+5.03461000E-03,-1.20858981318E+00,-97.06092823E-03,+255.28030505E-03
+5.03462000E-03,-1.20858981318E+00,-96.90389332E-03,+255.28030505E-03
+5.03463000E-03,-1.20858981318E+00,-97.21796353E-03,+255.28030505E-03
+5.03464000E-03,-1.20858981318E+00,-96.74685812E-03,+255.28030505E-03
+5.03465000E-03,-1.20858981318E+00,-96.90389323E-03,+255.28030505E-03
+5.03466000E-03,-1.20858981318E+00,-98.16017464E-03,+255.28030505E-03
+5.03467000E-03,-1.20858981318E+00,-96.43278784E-03,+255.28030505E-03
+5.03468000E-03,-1.20858981318E+00,-97.21796356E-03,+255.28030505E-03
+5.03469000E-03,-1.20858981318E+00,-95.49057652E-03,+255.28030505E-03
+5.03470000E-03,-1.20858981318E+00,-97.37499880E-03,+255.28030505E-03
+5.03471000E-03,-1.20858981318E+00,-95.01947123E-03,+255.28030505E-03
+5.03472000E-03,-1.20858981318E+00,-94.23429533E-03,+255.28030505E-03
+5.03473000E-03,-1.20858981318E+00,-92.03580283E-03,+255.28030505E-03
+5.03474000E-03,-1.20858981318E+00,-100.20163183E-03,+255.28030505E-03
+5.03475000E-03,-1.20858981318E+00,-95.49057671E-03,+255.28030505E-03
+5.03476000E-03,-1.20858981318E+00,-98.00313952E-03,+255.28030505E-03
+5.03477000E-03,-1.20858981318E+00,-99.73052619E-03,+255.28030505E-03
+5.03478000E-03,-1.20858981318E+00,-101.77198353E-03,+255.28030505E-03
+5.03479000E-03,-1.20858981318E+00,-96.90389335E-03,+255.28030505E-03
+5.03480000E-03,-1.20858981318E+00,-98.94535051E-03,+255.28030505E-03
+5.03481000E-03,-1.20858981318E+00,-99.25942068E-03,+255.28030505E-03
+5.03482000E-03,-1.20858981318E+00,-94.70540099E-03,+255.28030505E-03
+5.03483000E-03,-1.20858981318E+00,-91.72173259E-03,+255.28030505E-03
+5.03484000E-03,-1.20858981318E+00,-95.17650640E-03,+255.28030505E-03
+5.03485000E-03,-1.20858981318E+00,-95.80464697E-03,+255.28030505E-03
+5.03486000E-03,-1.20858981318E+00,-101.14384293E-03,+255.28030505E-03
+5.03487000E-03,-1.20858981318E+00,-98.63128008E-03,+255.28030505E-03
+5.03488000E-03,-1.20858981318E+00,-100.98680765E-03,+255.28030505E-03
+5.03489000E-03,-1.20858981318E+00,-95.64761176E-03,+255.28030505E-03
+5.03490000E-03,-1.20858981318E+00,-100.98680765E-03,+255.28030505E-03
+5.03491000E-03,-1.20858981318E+00,-99.57349110E-03,+255.28030505E-03
+5.03492000E-03,-1.20858981318E+00,-94.39133061E-03,+255.28030505E-03
+5.03493000E-03,-1.20858981318E+00,-94.39133053E-03,+255.28030505E-03
+5.03494000E-03,-1.20858981318E+00,-98.00313941E-03,+255.28030505E-03
+5.03495000E-03,-1.20858981318E+00,-96.11871749E-03,+255.28030505E-03
+5.03496000E-03,-1.20858981318E+00,-100.67273737E-03,+255.28030505E-03
+5.03497000E-03,-1.20858981318E+00,-100.82977239E-03,+255.28030505E-03
+5.03498000E-03,-1.20858981318E+00,-101.14384293E-03,+255.28030505E-03
+5.03499000E-03,-1.20858981318E+00,-95.64761194E-03,+255.28030505E-03
+5.03500000E-03,-1.20858981318E+00,-98.78831535E-03,+255.28030505E-03
+5.03501000E-03,-1.20858981318E+00,-100.98680757E-03,+255.28030505E-03
+5.03502000E-03,-1.20858981318E+00,-97.84610432E-03,+255.28030505E-03
+5.03503000E-03,-1.20858981318E+00,-97.84610444E-03,+255.28030505E-03
+5.03504000E-03,-1.20858981318E+00,-100.51570217E-03,+255.28030505E-03
+5.03505000E-03,-1.20858981318E+00,-101.30087798E-03,+255.28030505E-03
+5.03506000E-03,-1.20858981318E+00,-102.87122975E-03,+255.28030505E-03
+5.03507000E-03,-1.20858981318E+00,-102.24308908E-03,+255.28030505E-03
+5.03508000E-03,-1.20858981318E+00,-100.51570217E-03,+255.28030505E-03
+5.03509000E-03,-1.20858981318E+00,-99.25942081E-03,+255.28030505E-03
+5.03510000E-03,-1.20858981318E+00,-100.20163189E-03,+255.28030505E-03
+5.03511000E-03,-1.20858981318E+00,-101.77198358E-03,+255.28030505E-03
+5.03512000E-03,-1.20858981318E+00,-97.68906917E-03,+255.28030505E-03
+5.03513000E-03,-1.20858981318E+00,-98.31720973E-03,+255.28030505E-03
+5.03514000E-03,-1.20858981318E+00,-98.94535052E-03,+255.28030505E-03
+5.03515000E-03,-1.20858981318E+00,-98.16017469E-03,+255.28030505E-03
+5.03516000E-03,-1.20858981318E+00,-101.77198359E-03,+255.28030505E-03
+5.03517000E-03,-1.20858981318E+00,-102.40012414E-03,+255.28030505E-03
+5.03518000E-03,-1.20858981318E+00,-102.40012439E-03,+255.28030505E-03
+5.03519000E-03,-1.20858981318E+00,-100.98680774E-03,+255.28030505E-03
+5.03520000E-03,-1.20858981318E+00,-101.77198355E-03,+255.28030505E-03
+5.03521000E-03,-1.20858981318E+00,-99.73052633E-03,+255.28030505E-03
+5.03522000E-03,-1.20858981318E+00,-99.57349115E-03,+255.28030505E-03
+5.03523000E-03,-1.20858981318E+00,-98.78831533E-03,+255.28030505E-03
+5.03524000E-03,-1.20858981318E+00,-99.57349115E-03,+255.28030505E-03
+5.03525000E-03,-1.20858981318E+00,-99.10238563E-03,+255.28030505E-03
+5.03526000E-03,-1.20858981318E+00,-101.92901878E-03,+255.28030505E-03
+5.03527000E-03,-1.20858981318E+00,-100.67273740E-03,+255.28030505E-03
+5.03528000E-03,-1.20858981318E+00,-101.77198358E-03,+255.28030505E-03
+5.03529000E-03,-1.20858981318E+00,-98.63128018E-03,+255.28030505E-03
+5.03530000E-03,-1.20858981318E+00,-100.20163193E-03,+255.28030505E-03
+5.03531000E-03,-1.20858981318E+00,-97.84610444E-03,+255.28030505E-03
+5.03532000E-03,-1.20858981318E+00,-97.21796372E-03,+255.28030505E-03
+5.03533000E-03,-1.20858981318E+00,-98.63128013E-03,+255.28030505E-03
+5.03534000E-03,-1.20858981318E+00,-100.98680783E-03,+255.28030505E-03
+5.03535000E-03,-1.20858981318E+00,-97.37499893E-03,+255.28030505E-03
+5.03536000E-03,-1.20858981318E+00,-100.98680777E-03,+255.28030505E-03
+5.03537000E-03,-1.20858981318E+00,-101.14384280E-03,+255.28030505E-03
+5.03538000E-03,-1.20858981318E+00,-103.65640564E-03,+255.28030505E-03
+5.03539000E-03,-1.20858981318E+00,-98.78831538E-03,+255.28030505E-03
+5.03540000E-03,-1.20858981318E+00,-99.88756153E-03,+255.28030505E-03
+5.03541000E-03,-1.20858981318E+00,-102.71419454E-03,+255.28030505E-03
+5.03542000E-03,-1.20858981318E+00,-100.04459680E-03,+255.28030505E-03
+5.03543000E-03,-1.20858981318E+00,-97.37499897E-03,+255.28030505E-03
+5.03544000E-03,-1.20858981318E+00,-101.92901871E-03,+255.28030505E-03
+5.03545000E-03,-1.20858981318E+00,-101.61494838E-03,+255.28030505E-03
+5.03546000E-03,-1.20858981318E+00,-99.88756161E-03,+255.28030505E-03
+5.03547000E-03,-1.20858981318E+00,-99.10238575E-03,+255.28030505E-03
+5.03548000E-03,-1.20858981318E+00,-99.88756162E-03,+255.28030505E-03
+5.03549000E-03,-1.20858981318E+00,-100.04459664E-03,+255.28030505E-03
+5.03550000E-03,-1.20858981318E+00,-101.92901871E-03,+255.28030505E-03
+5.03551000E-03,-1.20858981318E+00,-102.87122985E-03,+255.28030505E-03
+5.03552000E-03,-1.20858981318E+00,-98.78831539E-03,+255.28030505E-03
+5.03553000E-03,-1.20858981318E+00,-99.41645598E-03,+255.28030505E-03
+5.03554000E-03,-1.20858981318E+00,-101.14384295E-03,+255.28030505E-03
+5.03555000E-03,-1.20858981318E+00,-99.88756170E-03,+255.28030505E-03
+5.03556000E-03,-1.20858981318E+00,-101.30087819E-03,+255.28030505E-03
+5.03557000E-03,-1.20858981318E+00,-104.59861658E-03,+255.28030505E-03
+5.03558000E-03,-1.20858981318E+00,-105.54082767E-03,+255.28030505E-03
+5.03559000E-03,-1.20858981318E+00,-102.55715949E-03,+255.28030505E-03
+5.03560000E-03,-1.20858981318E+00,-102.71419466E-03,+255.28030505E-03
+5.03561000E-03,-1.20858981318E+00,-102.55715942E-03,+255.28030505E-03
+5.03562000E-03,-1.20858981318E+00,-97.68906925E-03,+255.28030505E-03
+5.03563000E-03,-1.20858981318E+00,-97.68906925E-03,+255.28030505E-03
+5.03564000E-03,-1.20858981318E+00,-102.08605383E-03,+255.28030505E-03
+5.03565000E-03,-1.20858981318E+00,-99.88756158E-03,+255.28030505E-03
+5.03566000E-03,-1.20858981318E+00,-100.98680791E-03,+255.28030505E-03
+5.03567000E-03,-1.20858981318E+00,-103.81344090E-03,+255.28030505E-03
+5.03568000E-03,-1.20858981318E+00,-102.87122974E-03,+255.28030505E-03
+5.03569000E-03,-1.20858981318E+00,-102.24308906E-03,+255.28030505E-03
+5.03570000E-03,-1.20858981318E+00,-104.28454632E-03,+255.28030505E-03
+5.03571000E-03,-1.20858981318E+00,-100.35866714E-03,+255.28030505E-03
+5.03572000E-03,-1.20858981318E+00,-99.25942092E-03,+255.28030505E-03
+5.03573000E-03,-1.20858981318E+00,-100.67273732E-03,+255.28030505E-03
+5.03574000E-03,-1.20858981318E+00,-103.02826507E-03,+255.28030505E-03
+5.03575000E-03,-1.20858981318E+00,-101.30087822E-03,+255.28030505E-03
+5.03576000E-03,-1.20858981318E+00,-103.97047607E-03,+255.28030505E-03
+5.03577000E-03,-1.20858981318E+00,-104.12751110E-03,+255.28030505E-03
+5.03578000E-03,-1.20858981318E+00,-105.54082776E-03,+255.28030505E-03
+5.03579000E-03,-1.20858981318E+00,-99.73052646E-03,+255.28030505E-03
+5.03580000E-03,-1.20858981318E+00,-101.61494859E-03,+255.28030505E-03
+5.03581000E-03,-1.20858981318E+00,-104.12751112E-03,+255.28030505E-03
+5.03582000E-03,-1.20858981318E+00,-101.45791323E-03,+255.28030505E-03
+5.03583000E-03,-1.20858981318E+00,-101.61494851E-03,+255.28030505E-03
+5.03584000E-03,-1.20858981318E+00,-101.30087807E-03,+255.28030505E-03
+5.03585000E-03,-1.20858981318E+00,-101.14384284E-03,+255.28030505E-03
+5.03586000E-03,-1.20858981318E+00,-106.01193319E-03,+255.28030505E-03
+5.03587000E-03,-1.20858981318E+00,-103.65640566E-03,+255.28030505E-03
+5.03588000E-03,-1.20858981318E+00,-104.28454636E-03,+255.28030505E-03
+5.03589000E-03,-1.20858981318E+00,-101.92901875E-03,+255.28030505E-03
+5.03590000E-03,-1.20858981318E+00,-105.54082776E-03,+255.28030505E-03
+5.03591000E-03,-1.20858981318E+00,-104.59861680E-03,+255.28030505E-03
+5.03592000E-03,-1.20858981318E+00,-100.67273749E-03,+255.28030505E-03
+5.03593000E-03,-1.20858981318E+00,-99.57349121E-03,+255.28030505E-03
+5.03594000E-03,-1.20858981318E+00,-101.14384300E-03,+255.28030505E-03
+5.03595000E-03,-1.20858981318E+00,-96.74685814E-03,+255.28030505E-03
+5.03596000E-03,-1.20858981318E+00,-100.20163195E-03,+255.28030505E-03
+5.03597000E-03,-1.20858981318E+00,-100.67273730E-03,+255.28030505E-03
+5.03598000E-03,-1.20858981318E+00,-104.75565182E-03,+255.28030505E-03
+5.03599000E-03,-1.20858981318E+00,-100.82977254E-03,+255.28030505E-03
+5.03600000E-03,-1.20858981318E+00,-102.40012433E-03,+255.28030505E-03
+5.03601000E-03,-1.20858981318E+00,-101.77198358E-03,+255.28030505E-03
+5.03602000E-03,-1.20858981318E+00,-101.77198358E-03,+255.28030505E-03
+5.03603000E-03,-1.20858981318E+00,-100.82977255E-03,+255.28030505E-03
+5.03604000E-03,-1.20858981318E+00,-102.24308912E-03,+255.28030505E-03
+5.03605000E-03,-1.20858981318E+00,-102.87122971E-03,+255.28030505E-03
+5.03606000E-03,-1.20858981318E+00,-102.55715965E-03,+255.28030505E-03
+5.03607000E-03,-1.20858981318E+00,-104.12751117E-03,+255.28030505E-03
+5.03608000E-03,-1.20858981318E+00,-104.91268708E-03,+255.28030505E-03
+5.03609000E-03,-1.20858981318E+00,-103.02826504E-03,+255.28030505E-03
+5.03610000E-03,-1.20858981318E+00,-102.71419485E-03,+255.28030505E-03
+5.03611000E-03,-1.20858981318E+00,-100.04459679E-03,+255.28030505E-03
+5.03612000E-03,-1.20858981318E+00,-99.88756164E-03,+255.28030505E-03
+5.03613000E-03,-1.20858981318E+00,-100.82977249E-03,+255.28030505E-03
+5.03614000E-03,-1.20858981318E+00,-104.12751122E-03,+255.28030505E-03
+5.03615000E-03,-1.20858981318E+00,-102.55715963E-03,+255.28030505E-03
+5.03616000E-03,-1.20858981318E+00,-103.49937056E-03,+255.28030505E-03
+5.03617000E-03,-1.20858981318E+00,-103.49937036E-03,+255.28030505E-03
+5.03618000E-03,-1.20858981318E+00,-103.34233530E-03,+255.28030505E-03
+5.03619000E-03,-1.20858981318E+00,-100.82977261E-03,+255.28030505E-03
+5.03620000E-03,-1.20858981318E+00,-102.55715952E-03,+255.28030505E-03
+5.03621000E-03,-1.20858981318E+00,-101.77198356E-03,+255.28030505E-03
+5.03622000E-03,-1.20858981318E+00,-103.18530025E-03,+255.28030505E-03
+5.03623000E-03,-1.20858981318E+00,-99.73052645E-03,+255.28030505E-03
+5.03624000E-03,-1.20858981318E+00,-102.55715954E-03,+255.28030505E-03
+5.03625000E-03,-1.20858981318E+00,-102.24308921E-03,+255.28030505E-03
+5.03626000E-03,-1.20858981318E+00,-103.34233541E-03,+255.28030505E-03
+5.03627000E-03,-1.20858981318E+00,-103.02826495E-03,+255.28030505E-03
+5.03628000E-03,-1.20858981318E+00,-103.97047613E-03,+255.28030505E-03
+5.03629000E-03,-1.20858981318E+00,-104.12751111E-03,+255.28030505E-03
+5.03630000E-03,-1.20858981318E+00,-105.22675737E-03,+255.28030505E-03
+5.03631000E-03,-1.20858981318E+00,-103.18530022E-03,+255.28030505E-03
+5.03632000E-03,-1.20858981318E+00,-100.51570227E-03,+255.28030505E-03
+5.03633000E-03,-1.20858981318E+00,-100.67273749E-03,+255.28030505E-03
+5.03634000E-03,-1.20858981318E+00,-102.71419463E-03,+255.28030505E-03
+5.03635000E-03,-1.20858981318E+00,-101.92901890E-03,+255.28030505E-03
+5.03636000E-03,-1.20858981318E+00,-101.77198369E-03,+255.28030505E-03
+5.03637000E-03,-1.20858981318E+00,-104.44158138E-03,+255.28030505E-03
+5.03638000E-03,-1.20858981318E+00,-105.22675744E-03,+255.28030505E-03
+5.03639000E-03,-1.20858981318E+00,-101.77198383E-03,+255.28030505E-03
+5.03640000E-03,-1.20858981318E+00,-103.02826508E-03,+255.28030505E-03
+5.03641000E-03,-1.20858981318E+00,-103.18530007E-03,+255.28030505E-03
+5.03642000E-03,-1.20858981318E+00,-99.88756169E-03,+255.28030505E-03
+5.03643000E-03,-1.20858981318E+00,-101.45791330E-03,+255.28030505E-03
+5.03644000E-03,-1.20858981318E+00,-101.61494849E-03,+255.28030505E-03
+5.03645000E-03,-1.20858981318E+00,-99.41645610E-03,+255.28030505E-03
+5.03646000E-03,-1.20858981318E+00,-103.34233543E-03,+255.28030505E-03
+5.03647000E-03,-1.20858981318E+00,-103.81344085E-03,+255.28030505E-03
+5.03648000E-03,-1.20858981318E+00,-103.18530022E-03,+255.28030505E-03
+5.03649000E-03,-1.20858981318E+00,-103.34233526E-03,+255.28030505E-03
+5.03650000E-03,-1.20858981318E+00,-106.01193329E-03,+255.28030505E-03
+5.03651000E-03,-1.20858981318E+00,-101.45791337E-03,+255.28030505E-03
+5.03652000E-03,-1.20858981318E+00,-99.73052656E-03,+255.28030505E-03
+5.03653000E-03,-1.20858981318E+00,-98.78831528E-03,+255.28030505E-03
+5.03654000E-03,-1.20858981318E+00,-103.18530024E-03,+255.28030505E-03
+5.03655000E-03,-1.20858981318E+00,-99.88756174E-03,+255.28030505E-03
+5.03656000E-03,-1.20858981318E+00,-103.65640555E-03,+255.28030505E-03
+5.03657000E-03,-1.20858981318E+00,-106.01193314E-03,+255.28030505E-03
+5.03658000E-03,-1.20858981318E+00,-103.49937062E-03,+255.28030505E-03
+5.03659000E-03,-1.20858981318E+00,-101.30087813E-03,+255.28030505E-03
+5.03660000E-03,-1.20858981318E+00,-102.87122987E-03,+255.28030505E-03
+5.03661000E-03,-1.20858981318E+00,-100.67273740E-03,+255.28030505E-03
+5.03662000E-03,-1.20858981318E+00,-102.40012433E-03,+255.28030505E-03
+5.03663000E-03,-1.20858981318E+00,-101.77198363E-03,+255.28030505E-03
+5.03664000E-03,-1.20858981318E+00,-103.65640565E-03,+255.28030505E-03
+5.03665000E-03,-1.20858981318E+00,-103.02826501E-03,+255.28030505E-03
+5.03666000E-03,-1.20858981318E+00,-107.42524993E-03,+255.28030505E-03
+5.03667000E-03,-1.20858981318E+00,-103.65640566E-03,+255.28030505E-03
+5.03668000E-03,-1.20858981318E+00,-103.34233543E-03,+255.28030505E-03
+5.03669000E-03,-1.20858981318E+00,-102.08605386E-03,+255.28030505E-03
+5.03670000E-03,-1.20858981318E+00,-104.59861674E-03,+255.28030505E-03
+5.03671000E-03,-1.20858981318E+00,-102.71419473E-03,+255.28030505E-03
+5.03672000E-03,-1.20858981318E+00,-103.18530016E-03,+255.28030505E-03
+5.03673000E-03,-1.20858981318E+00,-102.40012431E-03,+255.28030505E-03
+5.03674000E-03,-1.20858981318E+00,-102.71419479E-03,+255.28030505E-03
+5.03675000E-03,-1.20858981318E+00,-102.24308922E-03,+255.28030505E-03
+5.03676000E-03,-1.20858981318E+00,-102.87122991E-03,+255.28030505E-03
+5.03677000E-03,-1.20858981318E+00,-104.44158146E-03,+255.28030505E-03
+5.03678000E-03,-1.20858981318E+00,-105.38379257E-03,+255.28030505E-03
+5.03679000E-03,-1.20858981318E+00,-104.44158154E-03,+255.28030505E-03
+5.03680000E-03,-1.20858981318E+00,-106.01193325E-03,+255.28030505E-03
+5.03681000E-03,-1.20858981318E+00,-104.91268693E-03,+255.28030505E-03
+5.03682000E-03,-1.20858981318E+00,-102.87122992E-03,+255.28030505E-03
+5.03683000E-03,-1.20858981318E+00,-102.87122981E-03,+255.28030505E-03
+5.03684000E-03,-1.20858981318E+00,-102.87122994E-03,+255.28030505E-03
+5.03685000E-03,-1.20858981318E+00,-102.87122981E-03,+255.28030505E-03
+5.03686000E-03,-1.20858981318E+00,-106.01193324E-03,+255.28030505E-03
+5.03687000E-03,-1.20858981318E+00,-104.91268709E-03,+255.28030505E-03
+5.03688000E-03,-1.20858981318E+00,-106.01193327E-03,+255.28030505E-03
+5.03689000E-03,-1.20858981318E+00,-103.02826497E-03,+255.28030505E-03
+5.03690000E-03,-1.20858981318E+00,-103.49937072E-03,+255.28030505E-03
+5.03691000E-03,-1.20858981318E+00,-100.51570236E-03,+255.28030505E-03
+5.03692000E-03,-1.20858981318E+00,-99.57349131E-03,+255.28030505E-03
+5.03693000E-03,-1.20858981318E+00,-100.20163189E-03,+255.28030505E-03
+5.03694000E-03,-1.20858981318E+00,-103.34233543E-03,+255.28030505E-03
+5.03695000E-03,-1.20858981318E+00,-103.49937058E-03,+255.28030505E-03
+5.03696000E-03,-1.20858981318E+00,-102.87122986E-03,+255.28030505E-03
+5.03697000E-03,-1.20858981318E+00,-105.69786287E-03,+255.28030505E-03
+5.03698000E-03,-1.20858981318E+00,-105.85489808E-03,+255.28030505E-03
+5.03699000E-03,-1.20858981318E+00,-102.24308911E-03,+255.28030505E-03
+5.03700000E-03,-1.20858981318E+00,-105.06972224E-03,+255.28030505E-03
+5.03701000E-03,-1.20858981318E+00,-104.91268708E-03,+255.28030505E-03
+5.03702000E-03,-1.20858981318E+00,-105.38379262E-03,+255.28030505E-03
+5.03703000E-03,-1.20858981318E+00,-103.18530023E-03,+255.28030505E-03
+5.03704000E-03,-1.20858981318E+00,-103.81344086E-03,+255.28030505E-03
+5.03705000E-03,-1.20858981318E+00,-102.08605396E-03,+255.28030505E-03
+5.03706000E-03,-1.20858981318E+00,-103.97047617E-03,+255.28030505E-03
+5.03707000E-03,-1.20858981318E+00,-103.81344092E-03,+255.28030505E-03
+5.03708000E-03,-1.20858981318E+00,-104.59861669E-03,+255.28030505E-03
+5.03709000E-03,-1.20858981318E+00,-104.12751123E-03,+255.28030505E-03
+5.03710000E-03,-1.20858981318E+00,-106.64007407E-03,+255.28030505E-03
+5.03711000E-03,-1.20858981318E+00,-104.44158159E-03,+255.28030505E-03
+5.03712000E-03,-1.20858981318E+00,-98.78831532E-03,+255.28030505E-03
+5.03713000E-03,-1.20858981318E+00,-101.77198359E-03,+255.28030505E-03
+5.03714000E-03,-1.20858981318E+00,-106.32600362E-03,+255.28030505E-03
+5.03715000E-03,-1.20858981318E+00,-101.14384303E-03,+255.28030505E-03
+5.03716000E-03,-1.20858981318E+00,-103.49937053E-03,+255.28030505E-03
+5.03717000E-03,-1.20858981318E+00,-107.58228479E-03,+255.28030505E-03
+5.03718000E-03,-1.20858981318E+00,-107.73932016E-03,+255.28030505E-03
+5.03719000E-03,-1.20858981318E+00,-104.12751119E-03,+255.28030505E-03
+5.03720000E-03,-1.20858981318E+00,-104.44158152E-03,+255.28030505E-03
+5.03721000E-03,-1.20858981318E+00,-103.49937054E-03,+255.28030505E-03
+5.03722000E-03,-1.20858981318E+00,-100.98680796E-03,+255.28030505E-03
+5.03723000E-03,-1.20858981318E+00,-101.92901887E-03,+255.28030505E-03
+5.03724000E-03,-1.20858981318E+00,-103.49937055E-03,+255.28030505E-03
+5.03725000E-03,-1.20858981318E+00,-103.81344086E-03,+255.28030505E-03
+5.03726000E-03,-1.20858981318E+00,-105.22675751E-03,+255.28030505E-03
+5.03727000E-03,-1.20858981318E+00,-104.44158159E-03,+255.28030505E-03
+5.03728000E-03,-1.20858981318E+00,-106.16896838E-03,+255.28030505E-03
+5.03729000E-03,-1.20858981318E+00,-102.24308908E-03,+255.28030505E-03
+5.03730000E-03,-1.20858981318E+00,-104.44158152E-03,+255.28030505E-03
+5.03731000E-03,-1.20858981318E+00,-103.97047626E-03,+255.28030505E-03
+5.03732000E-03,-1.20858981318E+00,-100.20163192E-03,+255.28030505E-03
+5.03733000E-03,-1.20858981318E+00,-102.87122984E-03,+255.28030505E-03
+5.03734000E-03,-1.20858981318E+00,-103.65640585E-03,+255.28030505E-03
+5.03735000E-03,-1.20858981318E+00,-102.55715953E-03,+255.28030505E-03
+5.03736000E-03,-1.20858981318E+00,-101.61494846E-03,+255.28030505E-03
+5.03737000E-03,-1.20858981318E+00,-102.71419456E-03,+255.28030505E-03
+5.03738000E-03,-1.20858981318E+00,-103.18530029E-03,+255.28030505E-03
+5.03739000E-03,-1.20858981318E+00,-102.87122980E-03,+255.28030505E-03
+5.03740000E-03,-1.20858981318E+00,-101.14384307E-03,+255.28030505E-03
+5.03741000E-03,-1.20858981318E+00,-100.67273737E-03,+255.28030505E-03
+5.03742000E-03,-1.20858981318E+00,-100.98680775E-03,+255.28030505E-03
+5.03743000E-03,-1.20858981318E+00,-102.87122989E-03,+255.28030505E-03
+5.03744000E-03,-1.20858981318E+00,-104.75565205E-03,+255.28030505E-03
+5.03745000E-03,-1.20858981318E+00,-103.49937053E-03,+255.28030505E-03
+5.03746000E-03,-1.20858981318E+00,-104.12751132E-03,+255.28030505E-03
+5.03747000E-03,-1.20858981318E+00,-105.22675740E-03,+255.28030505E-03
+5.03748000E-03,-1.20858981318E+00,-105.06972223E-03,+255.28030505E-03
+5.03749000E-03,-1.20858981318E+00,-104.59861667E-03,+255.28030505E-03
+5.03750000E-03,-1.20858981318E+00,-106.64007393E-03,+255.28030505E-03
+5.03751000E-03,-1.20858981318E+00,-100.67273752E-03,+255.28030505E-03
+5.03752000E-03,-1.20858981318E+00,-99.57349120E-03,+255.28030505E-03
+5.03753000E-03,-1.20858981318E+00,-102.87122965E-03,+255.28030505E-03
+5.03754000E-03,-1.20858981318E+00,-103.34233541E-03,+255.28030505E-03
+5.03755000E-03,-1.20858981318E+00,-101.14384312E-03,+255.28030505E-03
+5.03756000E-03,-1.20858981318E+00,-101.45791319E-03,+255.28030505E-03
+5.03757000E-03,-1.20858981318E+00,-104.59861663E-03,+255.28030505E-03
+5.03758000E-03,-1.20858981318E+00,-106.48303879E-03,+255.28030505E-03
+5.03759000E-03,-1.20858981318E+00,-103.02826509E-03,+255.28030505E-03
+5.03760000E-03,-1.20858981318E+00,-105.06972223E-03,+255.28030505E-03
+5.03761000E-03,-1.20858981318E+00,-104.44158155E-03,+255.28030505E-03
+5.03762000E-03,-1.20858981318E+00,-104.44158149E-03,+255.28030505E-03
+5.03763000E-03,-1.20858981318E+00,-104.44158177E-03,+255.28030505E-03
+5.03764000E-03,-1.20858981318E+00,-103.34233536E-03,+255.28030505E-03
+5.03765000E-03,-1.20858981318E+00,-103.81344082E-03,+255.28030505E-03
+5.03766000E-03,-1.20858981318E+00,-105.38379268E-03,+255.28030505E-03
+5.03767000E-03,-1.20858981318E+00,-105.22675739E-03,+255.28030505E-03
+5.03768000E-03,-1.20858981318E+00,-106.16896841E-03,+255.28030505E-03
+5.03769000E-03,-1.20858981318E+00,-105.06972225E-03,+255.28030505E-03
+5.03770000E-03,-1.20858981318E+00,-104.91268713E-03,+255.28030505E-03
+5.03771000E-03,-1.20858981318E+00,-101.92901891E-03,+255.28030505E-03
+5.03772000E-03,-1.20858981318E+00,-99.25942107E-03,+255.28030505E-03
+5.03773000E-03,-1.20858981318E+00,-99.25942091E-03,+255.28030505E-03
+5.03774000E-03,-1.20858981318E+00,-106.79710920E-03,+255.28030505E-03
+5.03775000E-03,-1.20858981318E+00,-105.69786305E-03,+255.28030505E-03
+5.03776000E-03,-1.20858981318E+00,-104.28454642E-03,+255.28030505E-03
+5.03777000E-03,-1.20858981318E+00,-104.12751118E-03,+255.28030505E-03
+5.03778000E-03,-1.20858981318E+00,-105.69786292E-03,+255.28030505E-03
+5.03779000E-03,-1.20858981318E+00,-104.91268714E-03,+255.28030505E-03
+5.03780000E-03,-1.20858981318E+00,-104.75565195E-03,+255.28030505E-03
+5.03781000E-03,-1.20858981318E+00,-103.81344081E-03,+255.28030505E-03
+5.03782000E-03,-1.20858981318E+00,-103.81344085E-03,+255.28030505E-03
+5.03783000E-03,-1.20858981318E+00,-99.73052642E-03,+255.28030505E-03
+5.03784000E-03,-1.20858981318E+00,-104.91268708E-03,+255.28030505E-03
+5.03785000E-03,-1.20858981318E+00,-105.54082780E-03,+255.28030505E-03
+5.03786000E-03,-1.20858981318E+00,-106.01193329E-03,+255.28030505E-03
+5.03787000E-03,-1.20858981318E+00,-102.55715948E-03,+255.28030505E-03
+5.03788000E-03,-1.20858981318E+00,-104.91268699E-03,+255.28030505E-03
+5.03789000E-03,-1.20858981318E+00,-104.75565177E-03,+255.28030505E-03
+5.03790000E-03,-1.20858981318E+00,-103.02826508E-03,+255.28030505E-03
+5.03791000E-03,-1.20858981318E+00,-103.18530028E-03,+255.28030505E-03
+5.03792000E-03,-1.20858981318E+00,-100.51570232E-03,+255.28030505E-03
+5.03793000E-03,-1.20858981318E+00,-100.98680780E-03,+255.28030505E-03
+5.03794000E-03,-1.20858981318E+00,-106.01193324E-03,+255.28030505E-03
+5.03795000E-03,-1.20858981318E+00,-103.65640572E-03,+255.28030505E-03
+5.03796000E-03,-1.20858981318E+00,-102.87122996E-03,+255.28030505E-03
+5.03797000E-03,-1.20858981318E+00,-104.28454631E-03,+255.28030505E-03
+5.03798000E-03,-1.20858981318E+00,-106.01193329E-03,+255.28030505E-03
+5.03799000E-03,-1.20858981318E+00,-103.34233551E-03,+255.28030505E-03
+5.03800000E-03,-1.20858981318E+00,-103.18530027E-03,+255.28030505E-03
+5.03801000E-03,-1.20858981318E+00,-104.28454616E-03,+255.28030505E-03
+5.03802000E-03,-1.20858981318E+00,-104.28454643E-03,+255.28030505E-03
+5.03803000E-03,-1.20858981318E+00,-100.04459690E-03,+255.28030505E-03
+5.03804000E-03,-1.20858981318E+00,-103.18530021E-03,+255.28030505E-03
+5.03805000E-03,-1.20858981318E+00,-104.59861667E-03,+255.28030505E-03
+5.03806000E-03,-1.20858981318E+00,-106.64007396E-03,+255.28030505E-03
+5.03807000E-03,-1.20858981318E+00,-104.91268703E-03,+255.28030505E-03
+5.03808000E-03,-1.20858981318E+00,-104.91268707E-03,+255.28030505E-03
+5.03809000E-03,-1.20858981318E+00,-103.34233527E-03,+255.28030505E-03
+5.03810000E-03,-1.20858981318E+00,-106.16896838E-03,+255.28030505E-03
+5.03811000E-03,-1.20858981318E+00,-102.40012447E-03,+255.28030505E-03
+5.03812000E-03,-1.20858981318E+00,-101.61494846E-03,+255.28030505E-03
+5.03813000E-03,-1.20858981318E+00,-103.02826508E-03,+255.28030505E-03
+5.03814000E-03,-1.20858981318E+00,-103.49937058E-03,+255.28030505E-03
+5.03815000E-03,-1.20858981318E+00,-103.81344094E-03,+255.28030505E-03
+5.03816000E-03,-1.20858981318E+00,-103.97047611E-03,+255.28030505E-03
+5.03817000E-03,-1.20858981318E+00,-103.65640558E-03,+255.28030505E-03
+5.03818000E-03,-1.20858981318E+00,-105.06972228E-03,+255.28030505E-03
+5.03819000E-03,-1.20858981318E+00,-103.97047603E-03,+255.28030505E-03
+5.03820000E-03,-1.20858981318E+00,-104.59861676E-03,+255.28030505E-03
+5.03821000E-03,-1.20858981318E+00,-105.69786295E-03,+255.28030505E-03
+5.03822000E-03,-1.20858981318E+00,-102.40012453E-03,+255.28030505E-03
+5.03823000E-03,-1.20858981318E+00,-100.98680783E-03,+255.28030505E-03
+5.03824000E-03,-1.20858981318E+00,-105.38379259E-03,+255.28030505E-03
+5.03825000E-03,-1.20858981318E+00,-104.59861677E-03,+255.28030505E-03
+5.03826000E-03,-1.20858981318E+00,-107.58228505E-03,+255.28030505E-03
+5.03827000E-03,-1.20858981318E+00,-104.91268711E-03,+255.28030505E-03
+5.03828000E-03,-1.20858981318E+00,-105.85489813E-03,+255.28030505E-03
+5.03829000E-03,-1.20858981318E+00,-104.75565183E-03,+255.28030505E-03
+5.03830000E-03,-1.20858981318E+00,-104.12751127E-03,+255.28030505E-03
+5.03831000E-03,-1.20858981318E+00,-103.65640579E-03,+255.28030505E-03
+5.03832000E-03,-1.20858981318E+00,-102.71419479E-03,+255.28030505E-03
+5.03833000E-03,-1.20858981318E+00,-101.14384293E-03,+255.28030505E-03
+5.03834000E-03,-1.20858981318E+00,-104.75565193E-03,+255.28030505E-03
+5.03835000E-03,-1.20858981318E+00,-103.18530011E-03,+255.28030505E-03
+5.03836000E-03,-1.20858981318E+00,-104.44158172E-03,+255.28030505E-03
+5.03837000E-03,-1.20858981318E+00,-105.85489800E-03,+255.28030505E-03
+5.03838000E-03,-1.20858981318E+00,-104.59861669E-03,+255.28030505E-03
+5.03839000E-03,-1.20858981318E+00,-104.75565183E-03,+255.28030505E-03
+5.03840000E-03,-1.20858981318E+00,-107.58228500E-03,+255.28030505E-03
+5.03841000E-03,-1.20858981318E+00,-106.64007390E-03,+255.28030505E-03
+5.03842000E-03,-1.20858981318E+00,-104.44158164E-03,+255.28030505E-03
+5.03843000E-03,-1.20858981318E+00,-103.02826503E-03,+255.28030505E-03
+5.03844000E-03,-1.20858981318E+00,-103.81344102E-03,+255.28030505E-03
+5.03845000E-03,-1.20858981318E+00,-102.08605402E-03,+255.28030505E-03
+5.03846000E-03,-1.20858981318E+00,-106.16896843E-03,+255.28030505E-03
+5.03847000E-03,-1.20858981318E+00,-107.26821457E-03,+255.28030505E-03
+5.03848000E-03,-1.20858981318E+00,-104.59861683E-03,+255.28030505E-03
+5.03849000E-03,-1.20858981318E+00,-105.06972220E-03,+255.28030505E-03
+5.03850000E-03,-1.20858981318E+00,-104.44158161E-03,+255.28030505E-03
+5.03851000E-03,-1.20858981318E+00,-104.91268722E-03,+255.28030505E-03
+5.03852000E-03,-1.20858981318E+00,-102.55715962E-03,+255.28030505E-03
+5.03853000E-03,-1.20858981318E+00,-100.98680794E-03,+255.28030505E-03
+5.03854000E-03,-1.20858981318E+00,-104.12751119E-03,+255.28030505E-03
+5.03855000E-03,-1.20858981318E+00,-104.44158162E-03,+255.28030505E-03
+5.03856000E-03,-1.20858981318E+00,-105.06972222E-03,+255.28030505E-03
+5.03857000E-03,-1.20858981318E+00,-105.54082767E-03,+255.28030505E-03
+5.03858000E-03,-1.20858981318E+00,-107.26821462E-03,+255.28030505E-03
+5.03859000E-03,-1.20858981318E+00,-102.24308925E-03,+255.28030505E-03
+5.03860000E-03,-1.20858981318E+00,-102.87122989E-03,+255.28030505E-03
+5.03861000E-03,-1.20858981318E+00,-105.06972217E-03,+255.28030505E-03
+5.03862000E-03,-1.20858981318E+00,-103.02826515E-03,+255.28030505E-03
+5.03863000E-03,-1.20858981318E+00,-102.55715961E-03,+255.28030505E-03
+5.03864000E-03,-1.20858981318E+00,-103.02826514E-03,+255.28030505E-03
+5.03865000E-03,-1.20858981318E+00,-98.47424516E-03,+255.28030505E-03
+5.03866000E-03,-1.20858981318E+00,-106.48303879E-03,+255.28030505E-03
+5.03867000E-03,-1.20858981318E+00,-105.38379261E-03,+255.28030505E-03
+5.03868000E-03,-1.20858981318E+00,-104.28454642E-03,+255.28030505E-03
+5.03869000E-03,-1.20858981318E+00,-105.69786276E-03,+255.28030505E-03
+5.03870000E-03,-1.20858981318E+00,-108.83856637E-03,+255.28030505E-03
+5.03871000E-03,-1.20858981318E+00,-105.38379264E-03,+255.28030505E-03
+5.03872000E-03,-1.20858981318E+00,-102.71419478E-03,+255.28030505E-03
+5.03873000E-03,-1.20858981318E+00,-102.08605390E-03,+255.28030505E-03
+5.03874000E-03,-1.20858981318E+00,-103.49937064E-03,+255.28030505E-03
+5.03875000E-03,-1.20858981318E+00,-103.81344087E-03,+255.28030505E-03
+5.03876000E-03,-1.20858981318E+00,-103.18530019E-03,+255.28030505E-03
+5.03877000E-03,-1.20858981318E+00,-106.48303870E-03,+255.28030505E-03
+5.03878000E-03,-1.20858981318E+00,-107.58228490E-03,+255.28030505E-03
+5.03879000E-03,-1.20858981318E+00,-103.18530027E-03,+255.28030505E-03
+5.03880000E-03,-1.20852699911E+00,-103.97047626E-03,+255.28030505E-03
+5.03881000E-03,-1.20846418505E+00,-105.22675727E-03,+255.28030505E-03
+5.03882000E-03,-1.20849559208E+00,-103.65640574E-03,+255.28030505E-03
+5.03883000E-03,-1.20855840615E+00,-103.65640565E-03,+255.28030505E-03
+5.03884000E-03,-1.20858981318E+00,-103.34233544E-03,+255.28030505E-03
+5.03885000E-03,-1.20858981318E+00,-104.12751119E-03,+255.28030505E-03
+5.03886000E-03,-1.20858981318E+00,-105.06972228E-03,+255.28030505E-03
+5.03887000E-03,-1.20858981318E+00,-104.12751124E-03,+255.28030505E-03
+5.03888000E-03,-1.20858981318E+00,-106.32600360E-03,+255.28030505E-03
+5.03889000E-03,-1.20858981318E+00,-102.55715939E-03,+255.28030505E-03
+5.03890000E-03,-1.20858981318E+00,-106.95414416E-03,+255.28030505E-03
+5.03891000E-03,-1.20858981318E+00,-103.81344090E-03,+255.28030505E-03
+5.03892000E-03,-1.20858981318E+00,-102.87122986E-03,+255.28030505E-03
+5.03893000E-03,-1.20858981318E+00,-103.02826500E-03,+255.28030505E-03
+5.03894000E-03,-1.20858981318E+00,-104.59861679E-03,+255.28030505E-03
+5.03895000E-03,-1.20858981318E+00,-103.65640585E-03,+255.28030505E-03
+5.03896000E-03,-1.20858981318E+00,-106.01193337E-03,+255.28030505E-03
+5.03897000E-03,-1.20858981318E+00,-106.48303870E-03,+255.28030505E-03
+5.03898000E-03,-1.20858981318E+00,-105.85489802E-03,+255.28030505E-03
+5.03899000E-03,-1.20858981318E+00,-103.65640576E-03,+255.28030505E-03
+5.03900000E-03,-1.20858981318E+00,-103.97047609E-03,+255.28030505E-03
+5.03901000E-03,-1.20858981318E+00,-103.34233527E-03,+255.28030505E-03
+5.03902000E-03,-1.20858981318E+00,-103.97047625E-03,+255.28030505E-03
+5.03903000E-03,-1.20858981318E+00,-103.02826512E-03,+255.28030505E-03
+5.03904000E-03,-1.20858981318E+00,-105.85489806E-03,+255.28030505E-03
+5.03905000E-03,-1.20858981318E+00,-105.69786286E-03,+255.28030505E-03
+5.03906000E-03,-1.20858981318E+00,-106.32600358E-03,+255.28030505E-03
+5.03907000E-03,-1.20858981318E+00,-105.38379262E-03,+255.28030505E-03
+5.03908000E-03,-1.20858981318E+00,-103.81344092E-03,+255.28030505E-03
+5.03909000E-03,-1.20858981318E+00,-103.49937054E-03,+255.28030505E-03
+5.03910000E-03,-1.20858981318E+00,-106.16896832E-03,+255.28030505E-03
+5.03911000E-03,-1.20858981318E+00,-103.65640583E-03,+255.28030505E-03
+5.03912000E-03,-1.20858981318E+00,-103.34233541E-03,+255.28030505E-03
+5.03913000E-03,-1.20858981318E+00,-102.55715952E-03,+255.28030505E-03
+5.03914000E-03,-1.20858981318E+00,-105.38379271E-03,+255.28030505E-03
+5.03915000E-03,-1.20858981318E+00,-104.12751130E-03,+255.28030505E-03
+5.03916000E-03,-1.20858981318E+00,-104.44158171E-03,+255.28030505E-03
+5.03917000E-03,-1.20858981318E+00,-105.85489791E-03,+255.28030505E-03
+5.03918000E-03,-1.20858981318E+00,-108.68153124E-03,+255.28030505E-03
+5.03919000E-03,-1.20858981318E+00,-104.28454659E-03,+255.28030505E-03
+5.03920000E-03,-1.20858981318E+00,-104.28454652E-03,+255.28030505E-03
+5.03921000E-03,-1.20858981318E+00,-103.02826496E-03,+255.28030505E-03
+5.03922000E-03,-1.20858981318E+00,-99.88756170E-03,+255.28030505E-03
+5.03923000E-03,-1.20858981318E+00,-100.67273757E-03,+255.28030505E-03
+5.03924000E-03,-1.20858981318E+00,-103.65640587E-03,+255.28030505E-03
+5.03925000E-03,-1.20858981318E+00,-103.97047597E-03,+255.28030505E-03
+5.03926000E-03,-1.20858981318E+00,-106.01193331E-03,+255.28030505E-03
+5.03927000E-03,-1.20858981318E+00,-105.54082785E-03,+255.28030505E-03
+5.03928000E-03,-1.20858981318E+00,-106.32600354E-03,+255.28030505E-03
+5.03929000E-03,-1.20858981318E+00,-104.59861667E-03,+255.28030505E-03
+5.03930000E-03,-1.20858981318E+00,-105.38379261E-03,+255.28030505E-03
+5.03931000E-03,-1.20858981318E+00,-102.71419485E-03,+255.28030505E-03
+5.03932000E-03,-1.20858981318E+00,-104.12751131E-03,+255.28030505E-03
+5.03933000E-03,-1.20858981318E+00,-103.65640567E-03,+255.28030505E-03
+5.03934000E-03,-1.20858981318E+00,-104.12751125E-03,+255.28030505E-03
+5.03935000E-03,-1.20858981318E+00,-104.59861673E-03,+255.28030505E-03
+5.03936000E-03,-1.20858981318E+00,-104.75565194E-03,+255.28030505E-03
+5.03937000E-03,-1.20858981318E+00,-105.85489793E-03,+255.28030505E-03
+5.03938000E-03,-1.20858981318E+00,-107.89635516E-03,+255.28030505E-03
+5.03939000E-03,-1.20858981318E+00,-103.97047605E-03,+255.28030505E-03
+5.03940000E-03,-1.20858981318E+00,-106.16896857E-03,+255.28030505E-03
+5.03941000E-03,-1.20858981318E+00,-102.24308912E-03,+255.28030505E-03
+5.03942000E-03,-1.20858981318E+00,-103.65640567E-03,+255.28030505E-03
+5.03943000E-03,-1.20858981318E+00,-100.35866721E-03,+255.28030505E-03
+5.03944000E-03,-1.20858981318E+00,-103.65640574E-03,+255.28030505E-03
+5.03945000E-03,-1.20858981318E+00,-104.12751117E-03,+255.28030505E-03
+5.03946000E-03,-1.20858981318E+00,-105.85489818E-03,+255.28030505E-03
+5.03947000E-03,-1.20858981318E+00,-106.79710918E-03,+255.28030505E-03
+5.03948000E-03,-1.20858981318E+00,-106.48303870E-03,+255.28030505E-03
+5.03949000E-03,-1.20858981318E+00,-105.69786296E-03,+255.28030505E-03
+5.03950000E-03,-1.20858981318E+00,-108.21042562E-03,+255.28030505E-03
+5.03951000E-03,-1.20858981318E+00,-103.65640584E-03,+255.28030505E-03
+5.03952000E-03,-1.20858981318E+00,-104.44158169E-03,+255.28030505E-03
+5.03953000E-03,-1.20858981318E+00,-101.30087811E-03,+255.28030505E-03
+5.03954000E-03,-1.20858981318E+00,-105.85489798E-03,+255.28030505E-03
+5.03955000E-03,-1.20858981318E+00,-104.12751125E-03,+255.28030505E-03
+5.03956000E-03,-1.20858981318E+00,-104.28454650E-03,+255.28030505E-03
+5.03957000E-03,-1.20858981318E+00,-107.73931992E-03,+255.28030505E-03
+5.03958000E-03,-1.20858981318E+00,-107.11117939E-03,+255.28030505E-03
+5.03959000E-03,-1.20858981318E+00,-104.44158166E-03,+255.28030505E-03
+5.03960000E-03,-1.20858981318E+00,-105.38379263E-03,+255.28030505E-03
+5.03961000E-03,-1.20858981318E+00,-104.59861671E-03,+255.28030505E-03
+5.03962000E-03,-1.20858981318E+00,-102.87122993E-03,+255.28030505E-03
+5.03963000E-03,-1.20858981318E+00,-100.20163206E-03,+255.28030505E-03
+5.03964000E-03,-1.20858981318E+00,-103.34233536E-03,+255.28030505E-03
+5.03965000E-03,-1.20858981318E+00,-103.81344094E-03,+255.28030505E-03
+5.03966000E-03,-1.20858981318E+00,-106.01193339E-03,+255.28030505E-03
+5.03967000E-03,-1.20858981318E+00,-105.69786296E-03,+255.28030505E-03
+5.03968000E-03,-1.20858981318E+00,-105.54082777E-03,+255.28030505E-03
+5.03969000E-03,-1.20858981318E+00,-103.34233525E-03,+255.28030505E-03
+5.03970000E-03,-1.20858981318E+00,-108.05339058E-03,+255.28030505E-03
+5.03971000E-03,-1.20858981318E+00,-103.81344099E-03,+255.28030505E-03
+5.03972000E-03,-1.20858981318E+00,-101.14384309E-03,+255.28030505E-03
+5.03973000E-03,-1.20858981318E+00,-104.59861677E-03,+255.28030505E-03
+5.03974000E-03,-1.20858981318E+00,-104.75565204E-03,+255.28030505E-03
+5.03975000E-03,-1.20858981318E+00,-102.08605400E-03,+255.28030505E-03
+5.03976000E-03,-1.20858981318E+00,-105.69786303E-03,+255.28030505E-03
+5.03977000E-03,-1.20858981318E+00,-107.11117928E-03,+255.28030505E-03
+5.03978000E-03,-1.20858981318E+00,-105.06972215E-03,+255.28030505E-03
+5.03979000E-03,-1.20858981318E+00,-102.24308945E-03,+255.28030505E-03
+5.03980000E-03,-1.20858981318E+00,-104.44158158E-03,+255.28030505E-03
+5.03981000E-03,-1.20858981318E+00,-102.71419465E-03,+255.28030505E-03
+5.03982000E-03,-1.20858981318E+00,-103.18530032E-03,+255.28030505E-03
+5.03983000E-03,-1.20858981318E+00,-103.49937071E-03,+255.28030505E-03
+5.03984000E-03,-1.20858981318E+00,-105.22675743E-03,+255.28030505E-03
+5.03985000E-03,-1.20858981318E+00,-104.12751124E-03,+255.28030505E-03
+5.03986000E-03,-1.20858981318E+00,-106.48303882E-03,+255.28030505E-03
+5.03987000E-03,-1.20858981318E+00,-105.06972220E-03,+255.28030505E-03
+5.03988000E-03,-1.20858981318E+00,-106.01193322E-03,+255.28030505E-03
+5.03989000E-03,-1.20858981318E+00,-105.22675728E-03,+255.28030505E-03
+5.03990000E-03,-1.20858981318E+00,-103.34233551E-03,+255.28030505E-03
+5.03991000E-03,-1.20858981318E+00,-104.59861686E-03,+255.28030505E-03
+5.03992000E-03,-1.20858981318E+00,-101.45791340E-03,+255.28030505E-03
+5.03993000E-03,-1.20858981318E+00,-101.77198361E-03,+255.28030505E-03
+5.03994000E-03,-1.20858981318E+00,-103.18530038E-03,+255.28030505E-03
+5.03995000E-03,-1.20858981318E+00,-102.71419477E-03,+255.28030505E-03
+5.03996000E-03,-1.20858981318E+00,-105.06972239E-03,+255.28030505E-03
+5.03997000E-03,-1.20858981318E+00,-106.32600349E-03,+255.28030505E-03
+5.03998000E-03,-1.20858981318E+00,-104.28454645E-03,+255.28030505E-03
+5.03999000E-03,-1.20858981318E+00,-105.69786294E-03,+255.28030505E-03
+5.04000000E-03,-1.20858981318E+00,-105.38379261E-03,+255.28030505E-03
+5.04001000E-03,-1.20858981318E+00,-103.97047605E-03,+255.28030505E-03
+5.04002000E-03,-1.20858981318E+00,-104.12751135E-03,+255.28030505E-03
+5.04003000E-03,-1.20858981318E+00,-101.61494854E-03,+255.28030505E-03
+5.04004000E-03,-1.20858981318E+00,-104.59861677E-03,+255.28030505E-03
+5.04005000E-03,-1.20858981318E+00,-103.49937070E-03,+255.28030505E-03
+5.04006000E-03,-1.20858981318E+00,-105.85489822E-03,+255.28030505E-03
+5.04007000E-03,-1.20858981318E+00,-105.69786285E-03,+255.28030505E-03
+5.04008000E-03,-1.20858981318E+00,-105.22675751E-03,+255.28030505E-03
+5.04009000E-03,-1.20858981318E+00,-103.65640574E-03,+255.28030505E-03
+5.04010000E-03,-1.20858981318E+00,-104.12751124E-03,+255.28030505E-03
+5.04011000E-03,-1.20858981318E+00,-104.12751130E-03,+255.28030505E-03
+5.04012000E-03,-1.20858981318E+00,-102.71419467E-03,+255.28030505E-03
+5.04013000E-03,-1.20858981318E+00,-103.81344064E-03,+255.28030505E-03
+5.04014000E-03,-1.20858981318E+00,-109.30967185E-03,+255.28030505E-03
+5.04015000E-03,-1.20858981318E+00,-106.16896855E-03,+255.28030505E-03
+5.04016000E-03,-1.20858981318E+00,-105.54082786E-03,+255.28030505E-03
+5.04017000E-03,-1.20858981318E+00,-106.48303864E-03,+255.28030505E-03
+5.04018000E-03,-1.20858981318E+00,-106.48303883E-03,+255.28030505E-03
+5.04019000E-03,-1.20858981318E+00,-104.44158165E-03,+255.28030505E-03
+5.04020000E-03,-1.20858981318E+00,-105.38379275E-03,+255.28030505E-03
+5.04021000E-03,-1.20858981318E+00,-103.65640569E-03,+255.28030505E-03
+5.04022000E-03,-1.20858981318E+00,-101.30087824E-03,+255.28030505E-03
+5.04023000E-03,-1.20858981318E+00,-102.55715947E-03,+255.28030505E-03
+5.04024000E-03,-1.20858981318E+00,-106.32600364E-03,+255.28030505E-03
+5.04025000E-03,-1.20858981318E+00,-103.65640574E-03,+255.28030505E-03
+5.04026000E-03,-1.20858981318E+00,-106.48303903E-03,+255.28030505E-03
+5.04027000E-03,-1.20858981318E+00,-105.22675740E-03,+255.28030505E-03
+5.04028000E-03,-1.20858981318E+00,-106.48303894E-03,+255.28030505E-03
+5.04029000E-03,-1.20858981318E+00,-107.11117935E-03,+255.28030505E-03
+5.04030000E-03,-1.20858981318E+00,-105.38379260E-03,+255.28030505E-03
+5.04031000E-03,-1.20858981318E+00,-104.59861675E-03,+255.28030505E-03
+5.04032000E-03,-1.20858981318E+00,-103.65640588E-03,+255.28030505E-03
+5.04033000E-03,-1.20858981318E+00,-101.77198359E-03,+255.28030505E-03
+5.04034000E-03,-1.20858981318E+00,-105.22675750E-03,+255.28030505E-03
+5.04035000E-03,-1.20858981318E+00,-102.71419477E-03,+255.28030505E-03
+5.04036000E-03,-1.20858981318E+00,-105.38379260E-03,+255.28030505E-03
+5.04037000E-03,-1.20858981318E+00,-104.91268701E-03,+255.28030505E-03
+5.04038000E-03,-1.20858981318E+00,-104.75565200E-03,+255.28030505E-03
+5.04039000E-03,-1.20858981318E+00,-103.65640564E-03,+255.28030505E-03
+5.04040000E-03,-1.20858981318E+00,-104.91268709E-03,+255.28030505E-03
+5.04041000E-03,-1.20858981318E+00,-104.91268711E-03,+255.28030505E-03
+5.04042000E-03,-1.20858981318E+00,-101.14384307E-03,+255.28030505E-03
+5.04043000E-03,-1.20858981318E+00,-101.77198383E-03,+255.28030505E-03
+5.04044000E-03,-1.20858981318E+00,-105.22675745E-03,+255.28030505E-03
+5.04045000E-03,-1.20858981318E+00,-104.91268707E-03,+255.28030505E-03
+5.04046000E-03,-1.20858981318E+00,-106.48303880E-03,+255.28030505E-03
+5.04047000E-03,-1.20858981318E+00,-104.91268701E-03,+255.28030505E-03
+5.04048000E-03,-1.20858981318E+00,-106.79710918E-03,+255.28030505E-03
+5.04049000E-03,-1.20858981318E+00,-104.91268710E-03,+255.28030505E-03
+5.04050000E-03,-1.20858981318E+00,-106.95414431E-03,+255.28030505E-03
+5.04051000E-03,-1.20858981318E+00,-104.12751128E-03,+255.28030505E-03
+5.04052000E-03,-1.20858981318E+00,-102.40012437E-03,+255.28030505E-03
+5.04053000E-03,-1.20858981318E+00,-100.04459676E-03,+255.28030505E-03
+5.04054000E-03,-1.20858981318E+00,-104.28454644E-03,+255.28030505E-03
+5.04055000E-03,-1.20858981318E+00,-103.97047614E-03,+255.28030505E-03
+5.04056000E-03,-1.20858981318E+00,-105.06972237E-03,+255.28030505E-03
+5.04057000E-03,-1.20858981318E+00,-107.26821455E-03,+255.28030505E-03
+5.04058000E-03,-1.20858981318E+00,-106.01193342E-03,+255.28030505E-03
+5.04059000E-03,-1.20858981318E+00,-103.02826521E-03,+255.28030505E-03
+5.04060000E-03,-1.20858981318E+00,-105.22675746E-03,+255.28030505E-03
+5.04061000E-03,-1.20858981318E+00,-105.54082762E-03,+255.28030505E-03
+5.04062000E-03,-1.20858981318E+00,-105.06972227E-03,+255.28030505E-03
+5.04063000E-03,-1.20858981318E+00,-103.49937068E-03,+255.28030505E-03
+5.04064000E-03,-1.20858981318E+00,-103.02826506E-03,+255.28030505E-03
+5.04065000E-03,-1.20858981318E+00,-103.34233539E-03,+255.28030505E-03
+5.04066000E-03,-1.20858981318E+00,-106.64007403E-03,+255.28030505E-03
+5.04067000E-03,-1.20858981318E+00,-106.48303870E-03,+255.28030505E-03
+5.04068000E-03,-1.20858981318E+00,-104.28454636E-03,+255.28030505E-03
+5.04069000E-03,-1.20858981318E+00,-103.49937036E-03,+255.28030505E-03
+5.04070000E-03,-1.20858981318E+00,-107.26821480E-03,+255.28030505E-03
+5.04071000E-03,-1.20858981318E+00,-105.22675746E-03,+255.28030505E-03
+5.04072000E-03,-1.20858981318E+00,-104.75565189E-03,+255.28030505E-03
+5.04073000E-03,-1.20858981318E+00,-102.24308910E-03,+255.28030505E-03
+5.04074000E-03,-1.20858981318E+00,-103.65640581E-03,+255.28030505E-03
+5.04075000E-03,-1.20858981318E+00,-104.28454648E-03,+255.28030505E-03
+5.04076000E-03,-1.20858981318E+00,-106.16896856E-03,+255.28030505E-03
+5.04077000E-03,-1.20858981318E+00,-105.85489808E-03,+255.28030505E-03
+5.04078000E-03,-1.20858981318E+00,-108.36746074E-03,+255.28030505E-03
+5.04079000E-03,-1.20858981318E+00,-106.64007396E-03,+255.28030505E-03
+5.04080000E-03,-1.20858981318E+00,-106.32600374E-03,+255.28030505E-03
+5.04081000E-03,-1.20858981318E+00,-104.75565196E-03,+255.28030505E-03
+5.04082000E-03,-1.20858981318E+00,-105.22675754E-03,+255.28030505E-03
+5.04083000E-03,-1.20858981318E+00,-102.40012434E-03,+255.28030505E-03
+5.04084000E-03,-1.20858981318E+00,-102.87122995E-03,+255.28030505E-03
+5.04085000E-03,-1.20858981318E+00,-104.59861689E-03,+255.28030505E-03
+5.04086000E-03,-1.20858981318E+00,-107.42524982E-03,+255.28030505E-03
+5.04087000E-03,-1.20858981318E+00,-105.85489812E-03,+255.28030505E-03
+5.04088000E-03,-1.20858981318E+00,-107.11117942E-03,+255.28030505E-03
+5.04089000E-03,-1.20858981318E+00,-105.85489807E-03,+255.28030505E-03
+5.04090000E-03,-1.20858981318E+00,-106.64007404E-03,+255.28030505E-03
+5.04091000E-03,-1.20858981318E+00,-102.55715971E-03,+255.28030505E-03
+5.04092000E-03,-1.20858981318E+00,-100.98680796E-03,+255.28030505E-03
+5.04093000E-03,-1.20858981318E+00,-100.51570235E-03,+255.28030505E-03
+5.04094000E-03,-1.20858981318E+00,-104.12751129E-03,+255.28030505E-03
+5.04095000E-03,-1.20858981318E+00,-102.71419495E-03,+255.28030505E-03
+5.04096000E-03,-1.20858981318E+00,-105.85489820E-03,+255.28030505E-03
+5.04097000E-03,-1.20858981318E+00,-107.89635525E-03,+255.28030505E-03
+5.04098000E-03,-1.20858981318E+00,-108.36746078E-03,+255.28030505E-03
+5.04099000E-03,-1.20858981318E+00,-103.65640585E-03,+255.28030505E-03
+5.04100000E-03,-1.20858981318E+00,-104.59861678E-03,+255.28030505E-03
+5.04101000E-03,-1.20858981318E+00,-105.22675733E-03,+255.28030505E-03
+5.04102000E-03,-1.20858981318E+00,-104.91268723E-03,+255.28030505E-03
+5.04103000E-03,-1.20858981318E+00,-103.81344109E-03,+255.28030505E-03
+5.04104000E-03,-1.20858981318E+00,-102.08605415E-03,+255.28030505E-03
+5.04105000E-03,-1.20858981318E+00,-105.54082776E-03,+255.28030505E-03
+5.04106000E-03,-1.20858981318E+00,-106.32600378E-03,+255.28030505E-03
+5.04107000E-03,-1.20858981318E+00,-106.32600356E-03,+255.28030505E-03
+5.04108000E-03,-1.20858981318E+00,-106.64007396E-03,+255.28030505E-03
+5.04109000E-03,-1.20858981318E+00,-105.22675736E-03,+255.28030505E-03
+5.04110000E-03,-1.20858981318E+00,-104.91268716E-03,+255.28030505E-03
+5.04111000E-03,-1.20858981318E+00,-105.85489822E-03,+255.28030505E-03
+5.04112000E-03,-1.20858981318E+00,-103.02826513E-03,+255.28030505E-03
+5.04113000E-03,-1.20858981318E+00,-100.82977267E-03,+255.28030505E-03
+5.04114000E-03,-1.20858981318E+00,-104.59861675E-03,+255.28030505E-03
+5.04115000E-03,-1.20858981318E+00,-102.55715962E-03,+255.28030505E-03
+5.04116000E-03,-1.20858981318E+00,-105.22675742E-03,+255.28030505E-03
+5.04117000E-03,-1.20858981318E+00,-107.26821448E-03,+255.28030505E-03
+5.04118000E-03,-1.20858981318E+00,-108.68153124E-03,+255.28030505E-03
+5.04119000E-03,-1.20858981318E+00,-103.97047620E-03,+255.28030505E-03
+5.04120000E-03,-1.20858981318E+00,-106.95414439E-03,+255.28030505E-03
+5.04121000E-03,-1.20858981318E+00,-103.81344075E-03,+255.28030505E-03
+5.04122000E-03,-1.20858981318E+00,-103.34233553E-03,+255.28030505E-03
+5.04123000E-03,-1.20858981318E+00,-102.40012436E-03,+255.28030505E-03
+5.04124000E-03,-1.20858981318E+00,-101.77198376E-03,+255.28030505E-03
+5.04125000E-03,-1.20858981318E+00,-100.98680776E-03,+255.28030505E-03
+5.04126000E-03,-1.20858981318E+00,-107.11117947E-03,+255.28030505E-03
+5.04127000E-03,-1.20858981318E+00,-106.16896851E-03,+255.28030505E-03
+5.04128000E-03,-1.20858981318E+00,-106.64007402E-03,+255.28030505E-03
+5.04129000E-03,-1.20858981318E+00,-105.69786278E-03,+255.28030505E-03
+5.04130000E-03,-1.20858981318E+00,-107.42524990E-03,+255.28030505E-03
+5.04131000E-03,-1.20858981318E+00,-104.44158162E-03,+255.28030505E-03
+5.04132000E-03,-1.20858981318E+00,-103.02826522E-03,+255.28030505E-03
+5.04133000E-03,-1.20858981318E+00,-102.24308912E-03,+255.28030505E-03
+5.04134000E-03,-1.20858981318E+00,-106.95414447E-03,+255.28030505E-03
+5.04135000E-03,-1.20858981318E+00,-104.59861682E-03,+255.28030505E-03
+5.04136000E-03,-1.20858981318E+00,-105.69786293E-03,+255.28030505E-03
+5.04137000E-03,-1.20858981318E+00,-106.95414414E-03,+255.28030505E-03
+5.04138000E-03,-1.20858981318E+00,-105.85489825E-03,+255.28030505E-03
+5.04139000E-03,-1.20858981318E+00,-104.75565212E-03,+255.28030505E-03
+5.04140000E-03,-1.20858981318E+00,-104.44158154E-03,+255.28030505E-03
+5.04141000E-03,-1.20858981318E+00,-104.59861674E-03,+255.28030505E-03
+5.04142000E-03,-1.20858981318E+00,-106.32600355E-03,+255.28030505E-03
+5.04143000E-03,-1.20858981318E+00,-99.57349130E-03,+255.28030505E-03
+5.04144000E-03,-1.20858981318E+00,-104.75565192E-03,+255.28030505E-03
+5.04145000E-03,-1.20858981318E+00,-104.75565187E-03,+255.28030505E-03
+5.04146000E-03,-1.20858981318E+00,-105.38379278E-03,+255.28030505E-03
+5.04147000E-03,-1.20858981318E+00,-106.64007396E-03,+255.28030505E-03
+5.04148000E-03,-1.20858981318E+00,-104.28454643E-03,+255.28030505E-03
+5.04149000E-03,-1.20858981318E+00,-106.16896843E-03,+255.28030505E-03
+5.04150000E-03,-1.20858981318E+00,-106.79710934E-03,+255.28030505E-03
+5.04151000E-03,-1.20858981318E+00,-105.54082790E-03,+255.28030505E-03
+5.04152000E-03,-1.20858981318E+00,-100.82977276E-03,+255.28030505E-03
+5.04153000E-03,-1.20858981318E+00,-104.59861671E-03,+255.28030505E-03
+5.04154000E-03,-1.20858981318E+00,-103.81344096E-03,+255.28030505E-03
+5.04155000E-03,-1.20858981318E+00,-101.45791345E-03,+255.28030505E-03
+5.04156000E-03,-1.20858981318E+00,-105.69786294E-03,+255.28030505E-03
+5.04157000E-03,-1.20858981318E+00,-106.32600356E-03,+255.28030505E-03
+5.04158000E-03,-1.20858981318E+00,-107.11117952E-03,+255.28030505E-03
+5.04159000E-03,-1.20858981318E+00,-105.54082781E-03,+255.28030505E-03
+5.04160000E-03,-1.20858981318E+00,-105.54082774E-03,+255.28030505E-03
+5.04161000E-03,-1.20858981318E+00,-105.85489804E-03,+255.28030505E-03
+5.04162000E-03,-1.20858981318E+00,-105.38379276E-03,+255.28030505E-03
+5.04163000E-03,-1.20858981318E+00,-103.97047612E-03,+255.28030505E-03
+5.04164000E-03,-1.20858981318E+00,-104.44158160E-03,+255.28030505E-03
+5.04165000E-03,-1.20858981318E+00,-104.59861690E-03,+255.28030505E-03
+5.04166000E-03,-1.20858981318E+00,-106.64007403E-03,+255.28030505E-03
+5.04167000E-03,-1.20858981318E+00,-106.01193340E-03,+255.28030505E-03
+5.04168000E-03,-1.20858981318E+00,-107.26821466E-03,+255.28030505E-03
+5.04169000E-03,-1.20858981318E+00,-106.01193318E-03,+255.28030505E-03
+5.04170000E-03,-1.20858981318E+00,-107.58228510E-03,+255.28030505E-03
+5.04171000E-03,-1.20858981318E+00,-103.97047620E-03,+255.28030505E-03
+5.04172000E-03,-1.20858981318E+00,-103.65640572E-03,+255.28030505E-03
+5.04173000E-03,-1.20858981318E+00,-104.59861674E-03,+255.28030505E-03
+5.04174000E-03,-1.20858981318E+00,-106.01193333E-03,+255.28030505E-03
+5.04175000E-03,-1.20858981318E+00,-104.91268725E-03,+255.28030505E-03
+5.04176000E-03,-1.20858981318E+00,-106.01193332E-03,+255.28030505E-03
+5.04177000E-03,-1.20858981318E+00,-107.89635518E-03,+255.28030505E-03
+5.04178000E-03,-1.20858981318E+00,-108.05339052E-03,+255.28030505E-03
+5.04179000E-03,-1.20858981318E+00,-104.28454635E-03,+255.28030505E-03
+5.04180000E-03,-1.20858981318E+00,-104.44158159E-03,+255.28030505E-03
+5.04181000E-03,-1.20858981318E+00,-103.65640564E-03,+255.28030505E-03
+5.04182000E-03,-1.20858981318E+00,-102.71419485E-03,+255.28030505E-03
+5.04183000E-03,-1.20858981318E+00,-102.71419491E-03,+255.28030505E-03
+5.04184000E-03,-1.20858981318E+00,-104.75565193E-03,+255.28030505E-03
+5.04185000E-03,-1.20858981318E+00,-103.97047611E-03,+255.28030505E-03
+5.04186000E-03,-1.20858981318E+00,-108.68153123E-03,+255.28030505E-03
+5.04187000E-03,-1.20858981318E+00,-103.65640557E-03,+255.28030505E-03
+5.04188000E-03,-1.20858981318E+00,-107.26821471E-03,+255.28030505E-03
+5.04189000E-03,-1.20858981318E+00,-105.85489808E-03,+255.28030505E-03
+5.04190000E-03,-1.20858981318E+00,-106.95414435E-03,+255.28030505E-03
+5.04191000E-03,-1.20858981318E+00,-105.54082777E-03,+255.28030505E-03
+5.04192000E-03,-1.20858981318E+00,-103.18530027E-03,+255.28030505E-03
+5.04193000E-03,-1.20858981318E+00,-102.24308910E-03,+255.28030505E-03
+5.04194000E-03,-1.20858981318E+00,-105.38379268E-03,+255.28030505E-03
+5.04195000E-03,-1.20858981318E+00,-105.06972231E-03,+255.28030505E-03
+5.04196000E-03,-1.20858981318E+00,-105.38379269E-03,+255.28030505E-03
+5.04197000E-03,-1.20858981318E+00,-106.32600360E-03,+255.28030505E-03
+5.04198000E-03,-1.20858981318E+00,-108.68153124E-03,+255.28030505E-03
+5.04199000E-03,-1.20858981318E+00,-104.91268715E-03,+255.28030505E-03
+5.04200000E-03,-1.20858981318E+00,-103.65640573E-03,+255.28030505E-03
+5.04201000E-03,-1.20858981318E+00,-105.85489802E-03,+255.28030505E-03
+5.04202000E-03,-1.20858981318E+00,-104.91268717E-03,+255.28030505E-03
+5.04203000E-03,-1.20858981318E+00,-102.71419473E-03,+255.28030505E-03
+5.04204000E-03,-1.20858981318E+00,-104.91268692E-03,+255.28030505E-03
+5.04205000E-03,-1.20858981318E+00,-106.16896831E-03,+255.28030505E-03
+5.04206000E-03,-1.20858981318E+00,-106.64007418E-03,+255.28030505E-03
+5.04207000E-03,-1.20858981318E+00,-106.48303876E-03,+255.28030505E-03
+5.04208000E-03,-1.20858981318E+00,-107.89635537E-03,+255.28030505E-03
+5.04209000E-03,-1.20858981318E+00,-108.05339042E-03,+255.28030505E-03
+5.04210000E-03,-1.20858981318E+00,-109.78077736E-03,+255.28030505E-03
+5.04211000E-03,-1.20858981318E+00,-107.42524990E-03,+255.28030505E-03
+5.04212000E-03,-1.20858981318E+00,-104.44158177E-03,+255.28030505E-03
+5.04213000E-03,-1.20858981318E+00,-104.75565175E-03,+255.28030505E-03
+5.04214000E-03,-1.20858981318E+00,-107.26821468E-03,+255.28030505E-03
+5.04215000E-03,-1.20858981318E+00,-106.32600379E-03,+255.28030505E-03
+5.04216000E-03,-1.20858981318E+00,-105.54082794E-03,+255.28030505E-03
+5.04217000E-03,-1.20858981318E+00,-105.06972213E-03,+255.28030505E-03
+5.04218000E-03,-1.20858981318E+00,-105.85489814E-03,+255.28030505E-03
+5.04219000E-03,-1.20858981318E+00,-102.40012458E-03,+255.28030505E-03
+5.04220000E-03,-1.20858981318E+00,-105.69786297E-03,+255.28030505E-03
+5.04221000E-03,-1.20858981318E+00,-105.38379262E-03,+255.28030505E-03
+5.04222000E-03,-1.20858981318E+00,-103.97047628E-03,+255.28030505E-03
+5.04223000E-03,-1.20858981318E+00,-103.97047618E-03,+255.28030505E-03
+5.04224000E-03,-1.20858981318E+00,-106.64007393E-03,+255.28030505E-03
+5.04225000E-03,-1.20858981318E+00,-106.95414431E-03,+255.28030505E-03
+5.04226000E-03,-1.20858981318E+00,-107.11117936E-03,+255.28030505E-03
+5.04227000E-03,-1.20858981318E+00,-105.69786298E-03,+255.28030505E-03
+5.04228000E-03,-1.20858981318E+00,-105.54082781E-03,+255.28030505E-03
+5.04229000E-03,-1.20858981318E+00,-104.91268702E-03,+255.28030505E-03
+5.04230000E-03,-1.20858981318E+00,-107.26821473E-03,+255.28030505E-03
+5.04231000E-03,-1.20858981318E+00,-107.26821478E-03,+255.28030505E-03
+5.04232000E-03,-1.20858981318E+00,-105.69786305E-03,+255.28030505E-03
+5.04233000E-03,-1.20858981318E+00,-106.32600365E-03,+255.28030505E-03
+5.04234000E-03,-1.20858981318E+00,-107.26821487E-03,+255.28030505E-03
+5.04235000E-03,-1.20858981318E+00,-105.38379257E-03,+255.28030505E-03
+5.04236000E-03,-1.20858981318E+00,-103.65640571E-03,+255.28030505E-03
+5.04237000E-03,-1.20858981318E+00,-107.58228496E-03,+255.28030505E-03
+5.04238000E-03,-1.20858981318E+00,-106.64007409E-03,+255.28030505E-03
+5.04239000E-03,-1.20858981318E+00,-104.44158155E-03,+255.28030505E-03
+5.04240000E-03,-1.20858981318E+00,-106.64007397E-03,+255.28030505E-03
+5.04241000E-03,-1.20858981318E+00,-106.16896849E-03,+255.28030505E-03
+5.04242000E-03,-1.20858981318E+00,-106.32600355E-03,+255.28030505E-03
+5.04243000E-03,-1.20858981318E+00,-101.14384307E-03,+255.28030505E-03
+5.04244000E-03,-1.20858981318E+00,-103.81344091E-03,+255.28030505E-03
+5.04245000E-03,-1.20858981318E+00,-105.54082777E-03,+255.28030505E-03
+5.04246000E-03,-1.20858981318E+00,-108.21042573E-03,+255.28030505E-03
+5.04247000E-03,-1.20858981318E+00,-106.01193332E-03,+255.28030505E-03
+5.04248000E-03,-1.20858981318E+00,-106.01193332E-03,+255.28030505E-03
+5.04249000E-03,-1.20858981318E+00,-104.75565184E-03,+255.28030505E-03
+5.04250000E-03,-1.20858981318E+00,-104.91268711E-03,+255.28030505E-03
+5.04251000E-03,-1.20858981318E+00,-105.69786310E-03,+255.28030505E-03
+5.04252000E-03,-1.20858981318E+00,-103.81344101E-03,+255.28030505E-03
+5.04253000E-03,-1.20858981318E+00,-104.28454646E-03,+255.28030505E-03
+5.04254000E-03,-1.20858981318E+00,-106.32600367E-03,+255.28030505E-03
+5.04255000E-03,-1.20858981318E+00,-106.48303897E-03,+255.28030505E-03
+5.04256000E-03,-1.20858981318E+00,-105.85489819E-03,+255.28030505E-03
+5.04257000E-03,-1.20858981318E+00,-106.64007377E-03,+255.28030505E-03
+5.04258000E-03,-1.20858981318E+00,-107.11117948E-03,+255.28030505E-03
+5.04259000E-03,-1.20858981318E+00,-106.48303893E-03,+255.28030505E-03
+5.04260000E-03,-1.20858981318E+00,-105.54082781E-03,+255.28030505E-03
+5.04261000E-03,-1.20858981318E+00,-103.34233524E-03,+255.28030505E-03
+5.04262000E-03,-1.20858981318E+00,-105.54082777E-03,+255.28030505E-03
+5.04263000E-03,-1.20858981318E+00,-103.49937065E-03,+255.28030505E-03
+5.04264000E-03,-1.20858981318E+00,-105.06972223E-03,+255.28030505E-03
+5.04265000E-03,-1.20858981318E+00,-105.06972225E-03,+255.28030505E-03
+5.04266000E-03,-1.20858981318E+00,-105.85489807E-03,+255.28030505E-03
+5.04267000E-03,-1.20858981318E+00,-104.12751130E-03,+255.28030505E-03
+5.04268000E-03,-1.20858981318E+00,-105.22675745E-03,+255.28030505E-03
+5.04269000E-03,-1.20858981318E+00,-104.75565190E-03,+255.28030505E-03
+5.04270000E-03,-1.20858981318E+00,-106.95414431E-03,+255.28030505E-03
+5.04271000E-03,-1.20858981318E+00,-104.28454640E-03,+255.28030505E-03
+5.04272000E-03,-1.20858981318E+00,-103.65640591E-03,+255.28030505E-03
+5.04273000E-03,-1.20858981318E+00,-105.85489809E-03,+255.28030505E-03
+5.04274000E-03,-1.20858981318E+00,-107.42524973E-03,+255.28030505E-03
+5.04275000E-03,-1.20858981318E+00,-103.02826522E-03,+255.28030505E-03
+5.04276000E-03,-1.20858981318E+00,-104.44158172E-03,+255.28030505E-03
+5.04277000E-03,-1.20858981318E+00,-106.95414418E-03,+255.28030505E-03
+5.04278000E-03,-1.20858981318E+00,-108.05339060E-03,+255.28030505E-03
+5.04279000E-03,-1.20858981318E+00,-103.34233549E-03,+255.28030505E-03
+5.04280000E-03,-1.20858981318E+00,-105.38379258E-03,+255.28030505E-03
+5.04281000E-03,-1.20858981318E+00,-105.06972222E-03,+255.28030505E-03
+5.04282000E-03,-1.20858981318E+00,-105.69786314E-03,+255.28030505E-03
+5.04283000E-03,-1.20858981318E+00,-101.77198396E-03,+255.28030505E-03
+5.04284000E-03,-1.20858981318E+00,-103.49937078E-03,+255.28030505E-03
+5.04285000E-03,-1.20858981318E+00,-106.01193319E-03,+255.28030505E-03
+5.04286000E-03,-1.20858981318E+00,-106.48303877E-03,+255.28030505E-03
+5.04287000E-03,-1.20858981318E+00,-107.42524983E-03,+255.28030505E-03
+5.04288000E-03,-1.20858981318E+00,-105.69786314E-03,+255.28030505E-03
+5.04289000E-03,-1.20858981318E+00,-104.28454646E-03,+255.28030505E-03
+5.04290000E-03,-1.20858981318E+00,-107.11117951E-03,+255.28030505E-03
+5.04291000E-03,-1.20858981318E+00,-104.59861680E-03,+255.28030505E-03
+5.04292000E-03,-1.20858981318E+00,-103.81344103E-03,+255.28030505E-03
+5.04293000E-03,-1.20858981318E+00,-103.81344081E-03,+255.28030505E-03
+5.04294000E-03,-1.20858981318E+00,-106.95414439E-03,+255.28030505E-03
+5.04295000E-03,-1.20858981318E+00,-105.69786294E-03,+255.28030505E-03
+5.04296000E-03,-1.20858981318E+00,-104.91268701E-03,+255.28030505E-03
+5.04297000E-03,-1.20858981318E+00,-106.01193313E-03,+255.28030505E-03
+5.04298000E-03,-1.20858981318E+00,-107.26821468E-03,+255.28030505E-03
+5.04299000E-03,-1.20858981318E+00,-103.49937069E-03,+255.28030505E-03
+5.04300000E-03,-1.20858981318E+00,-105.06972229E-03,+255.28030505E-03
+5.04301000E-03,-1.20858981318E+00,-104.75565201E-03,+255.28030505E-03
+5.04302000E-03,-1.20858981318E+00,-106.95414435E-03,+255.28030505E-03
+5.04303000E-03,-1.20858981318E+00,-106.16896848E-03,+255.28030505E-03
+5.04304000E-03,-1.20858981318E+00,-106.01193336E-03,+255.28030505E-03
+5.04305000E-03,-1.20858981318E+00,-106.48303880E-03,+255.28030505E-03
+5.04306000E-03,-1.20858981318E+00,-109.78077741E-03,+255.28030505E-03
+5.04307000E-03,-1.20858981318E+00,-107.26821474E-03,+255.28030505E-03
+5.04308000E-03,-1.20858981318E+00,-106.16896838E-03,+255.28030505E-03
+5.04309000E-03,-1.20858981318E+00,-104.44158136E-03,+255.28030505E-03
+5.04310000E-03,-1.20858981318E+00,-106.32600380E-03,+255.28030505E-03
+5.04311000E-03,-1.20858981318E+00,-104.91268706E-03,+255.28030505E-03
+5.04312000E-03,-1.20858981318E+00,-104.28454643E-03,+255.28030505E-03
+5.04313000E-03,-1.20858981318E+00,-103.97047611E-03,+255.28030505E-03
+5.04314000E-03,-1.20858981318E+00,-103.34233539E-03,+255.28030505E-03
+5.04315000E-03,-1.20858981318E+00,-103.81344095E-03,+255.28030505E-03
+5.04316000E-03,-1.20858981318E+00,-104.44158158E-03,+255.28030505E-03
+5.04317000E-03,-1.20858981318E+00,-104.59861669E-03,+255.28030505E-03
+5.04318000E-03,-1.20858981318E+00,-106.64007400E-03,+255.28030505E-03
+5.04319000E-03,-1.20858981318E+00,-104.59861684E-03,+255.28030505E-03
+5.04320000E-03,-1.20858981318E+00,-105.85489822E-03,+255.28030505E-03
+5.04321000E-03,-1.20858981318E+00,-104.59861668E-03,+255.28030505E-03
+5.04322000E-03,-1.20858981318E+00,-104.91268710E-03,+255.28030505E-03
+5.04323000E-03,-1.20858981318E+00,-102.87122998E-03,+255.28030505E-03
+5.04324000E-03,-1.20858981318E+00,-106.16896863E-03,+255.28030505E-03
+5.04325000E-03,-1.20858981318E+00,-106.48303867E-03,+255.28030505E-03
+5.04326000E-03,-1.20858981318E+00,-108.05339050E-03,+255.28030505E-03
+5.04327000E-03,-1.20858981318E+00,-107.58228503E-03,+255.28030505E-03
+5.04328000E-03,-1.20858981318E+00,-105.22675758E-03,+255.28030505E-03
+5.04329000E-03,-1.20858981318E+00,-105.85489810E-03,+255.28030505E-03
+5.04330000E-03,-1.20858981318E+00,-105.69786300E-03,+255.28030505E-03
+5.04331000E-03,-1.20858981318E+00,-102.55715961E-03,+255.28030505E-03
+5.04332000E-03,-1.20858981318E+00,-99.41645615E-03,+255.28030505E-03
+5.04333000E-03,-1.20858981318E+00,-104.12751105E-03,+255.28030505E-03
+5.04334000E-03,-1.20858981318E+00,-107.42524986E-03,+255.28030505E-03
+5.04335000E-03,-1.20858981318E+00,-107.26821485E-03,+255.28030505E-03
+5.04336000E-03,-1.20858981318E+00,-106.32600373E-03,+255.28030505E-03
+5.04337000E-03,-1.20858981318E+00,-106.64007400E-03,+255.28030505E-03
+5.04338000E-03,-1.20858981318E+00,-108.05339030E-03,+255.28030505E-03
+5.04339000E-03,-1.20858981318E+00,-104.44158159E-03,+255.28030505E-03
+5.04340000E-03,-1.20858981318E+00,-105.85489819E-03,+255.28030505E-03
+5.04341000E-03,-1.20858981318E+00,-104.75565182E-03,+255.28030505E-03
+5.04342000E-03,-1.20858981318E+00,-105.85489821E-03,+255.28030505E-03
+5.04343000E-03,-1.20858981318E+00,-103.97047614E-03,+255.28030505E-03
+5.04344000E-03,-1.20858981318E+00,-104.75565205E-03,+255.28030505E-03
+5.04345000E-03,-1.20858981318E+00,-106.16896835E-03,+255.28030505E-03
+5.04346000E-03,-1.20858981318E+00,-106.64007409E-03,+255.28030505E-03
+5.04347000E-03,-1.20858981318E+00,-105.69786306E-03,+255.28030505E-03
+5.04348000E-03,-1.20858981318E+00,-106.16896854E-03,+255.28030505E-03
+5.04349000E-03,-1.20858981318E+00,-104.59861684E-03,+255.28030505E-03
+5.04350000E-03,-1.20858981318E+00,-104.91268723E-03,+255.28030505E-03
+5.04351000E-03,-1.20858981318E+00,-103.97047606E-03,+255.28030505E-03
+5.04352000E-03,-1.20858981318E+00,-103.34233555E-03,+255.28030505E-03
+5.04353000E-03,-1.20858981318E+00,-101.61494858E-03,+255.28030505E-03
+5.04354000E-03,-1.20858981318E+00,-107.73932033E-03,+255.28030505E-03
+5.04355000E-03,-1.20858981318E+00,-104.91268726E-03,+255.28030505E-03
+5.04356000E-03,-1.20858981318E+00,-103.97047612E-03,+255.28030505E-03
+5.04357000E-03,-1.20858981318E+00,-106.32600341E-03,+255.28030505E-03
+5.04358000E-03,-1.20858981318E+00,-107.42524981E-03,+255.28030505E-03
+5.04359000E-03,-1.20858981318E+00,-105.22675758E-03,+255.28030505E-03
+5.04360000E-03,-1.20858981318E+00,-107.73932024E-03,+255.28030505E-03
